Cosmopolitan;Continent;Species;Realm;ReferenceYear;Reference;AcceptedSpecies
0;Asia;Chilo infuscatellus;Saharo-Arabian;2024;Li, A., et al. (2024). Sugarcane borers: species, distribution, damage and management options. Journal of Pest Science. 97(3): 1171-1201;Chilo infuscatellus
0;Asia;Actias selene;Saharo-Arabian;2007;Choldumrongkul, S., et al. (2007). Geographical distribution and status of Actias Moths in Thailand. Walailak Journal of Science and Technology (WJST). 4(2): 203-213;Actias selene
0;Asia;Caloptilia roscipennella;Saharo-Arabian;2024;de Prins, J., de Prins, W. (2024). Global Taxonomic Database of Gracillariidae (Lepidoptera). Avaliable at: http://www.gracillariidae.net;Caloptilia roscipennella
0;Asia;Elophila nymphaeata;Saharo-Arabian;1984;Speidel, W. (1984). Revision der Acentropinae des palaearktischen Faunengebietes (Lepidoptera: Crambidae). Neue Entomologische Nachrichten. 12: 1-157;Elophila nymphaeata
0;Asia;Papilio demoleus;Saharo-Arabian;2020;Riaz, S., et al. (2020). Morphology, life cycle and management of two invasive subspecies of Papilio demoleus (Lepidoptera: Papilionidae): A review. Journal of Applied Entomology. 144: 845-856;Papilio demoleus
0;Asia;Garella musculana;Saharo-Arabian;2018;Yildiz, Y., et al. (2018). Erschoviella musculana Erschoff 1874, a new record and a new walnut pest in Turkey. Journal of Bartin Faculty of Forestry. 20(2): 296-302;Garella musculana
0;Asia;Tyta luctuosa;Saharo-Arabian;1988;Rosenthal, S., et al. (1988). Biology of Tyta luctuosa [Lep.: Noctuidae] and its potential value as a biological control agent for the weed Convolvulus arvensis. Entomophaga. 33: 185-192;Tyta luctuosa
0;Asia;Scirpophaga incertulas;Saharo-Arabian;2006;Chen, F., et al. (2006). A review of the genus Scirpophaga Treitschke, 1832 in China (Lepidoptera: Pyralidae). Zootaxa. 1236(1): 1-22;Scirpophaga incertulas
0;Asia;Daphnis nerii;Saharo-Arabian;2024;Pittaway, A. (2024). Sphingidae of the Western Palaearctic (including Europe, North Africa, the Middle East, western Siberia and western Central Asia). Available at: https://tpittaway.tripod.com/sphinx/list.htm;Daphnis nerii
0;Asia;Lampides boeticus;Saharo-Arabian;2021;Edge, D., Westrip, J. (2021). Lampides boeticus. The IUCN Red List of Threatened Species 2021: e.T174427A161341394;Lampides boeticus
0;Asia;Chilo partellus;Saharo-Arabian;1990;Harris, K. (1990). Keynote address: bioecology of Chilo species. International Journal of Tropical Insect Science. 11(4): 467-477;Chilo partellus
0;Asia;Ascalenia acaciella;Saharo-Arabian;2006;Koster, S., Sammut, P. (2006). Faunistic notes on Momphidae, Batrachedridae, Stathmopodidae and Cosmopterigidae from the Maltese Islands. Nota lepidopterologica. 29(1): 49-63;Ascalenia acaciella
0;Asia;Danaus chrysippus;Saharo-Arabian;2021;Westrip, J. (2021). Danaus chrysippus (errata version published in 2022). The IUCN Red List of Threatened Species. 2021: e.T174455A222994680;Danaus chrysippus
0;Asia;Garella musculana;Saharo-Arabian;2023;Scaccini, D., et al. (2023). First report of Garella musculana (Erschov, 1874) (Lepidoptera: Nolidae) in Italy with insights into its identity. Journal of Applied Entomology. 147: 239-243;Garella musculana
0;Asia;Parapoynx diminutalis;Saharo-Arabian;1996;Buckingham, G., Bennett, C. (1996). Laboratory biology of an immigrant Asian moth, Parapoynx diminutalis (Lepidoptera: Pyralidae), on Hydrilla verticillata (Hydrocharitaceae). Florida Entomologist. 79(3): 353-353;Parapoynx diminutalis
0;Asia;Acleris variegana;Saharo-Arabian;2009;Alipanah, H. (2009). A brief study on the tribes Tortricini and Archipini (Lepidoptera: Tortricinae) from Iran. Entomofauna. 10: 137-152;Acleris variegana
0;Asia;Earias vittella;Saharo-Arabian;2003;Nash, S. (2003). Earias vittella (Fabricius) (Lep.: Noctuidae) the first occurrence of wild-caught moths in Europe. Entomologists Record and Journal of Variation. 115: 187-188;Earias vittella
0;Asia;Lymantria dispar;Saharo-Arabian;2007;Pogue, M. (2007). A Review of Selected Species of Lymantria Hubner (1819) (Lepidoptera: Noctuidae: Lymantriinae) from Subtropical and Temperate Regions of Asia, Including the Descriptions of Three New Species, Some Potentially Invasive to North America. U.S. Department of Agriculture, Forest Health Technology Enterprise Team. 223 pp;Lymantria dispar
0;Asia;Elophila difflualis;Saharo-Arabian;2010;Chen, F., et al. (2010). A review of the genus Elophila Hubner, 1822 in China (Lepidoptera: Crambidae: Acentropinae). Aquatic Insects. 32(1): 35-60;Elophila difflualis
0;Asia;Caradrina clavipalpis;Saharo-Arabian;2024;de Prins, J., de Prins, W. (2024). Afromoths, online database of Afrotropical moth species (Lepidoptera). Available at: http://www.afromoths.net;Caradrina clavipalpis
0;Africa;Bactra philocherda;Afrotropical;1964;Diakonoff, A. (1964). Further records and descriptions of the species of Bactra Stephens (Lepidoptera, Tortricidae). Zoologische Verhandelingen. 70(1): 1-81;Bactra philocherda
0;Africa;Sesamia calamistis;Afrotropical;1953;Tams, W., Bowden, J. (1953). A revision of the African species of Sesamia Guenee and related genera (Agrotidae-Lepidoptera). Bulletin of Entomological Research. 43(4): 645-678;Sesamia calamistis
0;Africa;Chrysodeixis chalcites;Afrotropical;2024;CAB International (CABI) (2024). CABI Invasive Species Compendium. Available at: https://www.cabidigitallibrary.org/product/QI;Chrysodeixis chalcites
0;Africa;Euchromia lethe;Afrotropical;2024;de Prins, J., de Prins, W. (2024). Afromoths, online database of Afrotropical moth species (Lepidoptera). Available at: http://www.afromoths.net;Euchromia lethe
0;Africa;Hypolimnas misippus;Afrotropical;2021;Coetzer, A., Westrip, J. (2021). Hypolimnas misippus. The IUCN Red List of Threatened Species 2021: e.T62148588A161331411;Hypolimnas misippus
0;Africa;Papilio demodocus;Afrotropical;2024;CAB International (CABI) (2024). CABI Invasive Species Compendium. Available at: https://www.cabidigitallibrary.org/product/QI;Papilio demodocus
0;Africa;Euclasta varii;Afrotropical;1973;Popescu-Gorj, A., Constantinescu, A. (1973). New African species of Euclasta (Lepidoptera, Pyraustinae). Revue roumaine de Biologie - Serie de Zoologie. 18(6): 393-402;Euclasta varii
0;Africa;Nyctemera apicalis;Afrotropical;2024;de Prins, J., de Prins, W. (2024). Afromoths, online database of Afrotropical moth species (Lepidoptera). Available at: http://www.afromoths.net;Nyctemera apicalis
0;Africa;Hypena commixtalis;Afrotropical;2024;de Prins, J., de Prins, W. (2024). Afromoths, online database of Afrotropical moth species (Lepidoptera). Available at: http://www.afromoths.net;Hypena commixtalis
0;Africa;Lampides boeticus;Afrotropical;2021;Edge, D., Westrip, J. (2021). Lampides boeticus. The IUCN Red List of Threatened Species 2021: e.T174427A161341394;Lampides boeticus
0;Africa;Hypena jussalis;Afrotropical;2024;de Prins, J., de Prins, W. (2024). Afromoths, online database of Afrotropical moth species (Lepidoptera). Available at: http://www.afromoths.net;Hypena jussalis
0;Africa;Thaumatotibia leucotreta;Afrotropical;2024;CAB International (CABI) (2024). CABI Invasive Species Compendium. Available at: https://www.cabidigitallibrary.org/product/QI;Thaumatotibia leucotreta
0;Africa;Danaus chrysippus;Afrotropical;2021;Westrip, J. (2021). Danaus chrysippus (errata version published in 2022). The IUCN Red List of Threatened Species. 2021: e.T174455A222994680;Danaus chrysippus
0;Europe;Acalyptris platani;Palearctic;2003;Sefrova, H. (2003). Invasions of Lithocolletinae species in Europe - Causes, kinds, limits and ecological impact (Lepidoptera, Gracillariidae). Ekologia (Bratislava). 22(2): 132-142;Acalyptris platani
0;Europe;Apamea remissa;Palearctic;2007;Khramov, P. (Ed.) (2007). Insecta.pro: international entomological community. Available online at: https://insecta.pro;Apamea remissa
0;Europe;Chrysodeixis chalcites;Palearctic;2024;CAB International (CABI) (2024). CABI Invasive Species Compendium. Available at: https://www.cabidigitallibrary.org/product/QI;Chrysodeixis chalcites
0;Europe;Deilephila elpenor;Palearctic;2007;Khramov, P. (Ed.) (2007). Insecta.pro: international entomological community. Available online at: https://insecta.pro;Deilephila elpenor
0;Europe;Elophila nymphaeata;Palearctic;1984;Speidel, W. (1984). Revision der Acentropinae des palaearktischen Faunengebietes (Lepidoptera: Crambidae). Neue Entomologische Nachrichten. 12: 1-157;Elophila nymphaeata
0;Europe;Hipparchia statilinus;Palearctic;2011;Tennent, W. (2011). Hipparchia statilinus. The IUCN Red List of Threatened Species. 2011: e.T160360A5364211;Hipparchia statilinus
0;Europe;Iphiclides podalirius;Palearctic;2014;van Swaay, C., et al. (2014). Iphiclides podalirius (Mediterranean assessment). The IUCN Red List of Threatened Species. 2014: e.T174405A53719929;Iphiclides podalirius
0;Europe;Iphiclides podalirius;Palearctic;2010;van Swaay, C., et al. (2010). Iphiclides podalirius (Europe assessment). The IUCN Red List of Threatened Species. 2010: e.T174405A7066031;Iphiclides podalirius
0;Europe;Leucoptera malifoliella;Palearctic;2024;CAB International (CABI) (2024). CABI Invasive Species Compendium. Available at: https://www.cabidigitallibrary.org/product/QI;Leucoptera malifoliella
0;Europe;Neurothaumasia ankerella;Palearctic;2007;Khramov, P. (Ed.) (2007). Insecta.pro: international entomological community. Available online at: https://insecta.pro;Neurothaumasia ankerella
0;Europe;Thaumetopoea pityocampa;Palearctic;2024;CAB International (CABI) (2024). CABI Invasive Species Compendium. Available at: https://www.cabidigitallibrary.org/product/QI;Thaumetopoea pityocampa
0;Europe;Pieris rapae;Palearctic;2010;van Swaay, C., et al. (2010). Pieris rapae (Europe assessment). The IUCN Red List of Threatened Species. 2010: e.T174353A7056010;Pieris rapae
0;Europe;Pieris rapae;Palearctic;2014;van Swaay, C., et al. (2014). Pieris rapae (Mediterranean assessment). The IUCN Red List of Threatened Species. 2014: e.T174353A53720063;Pieris rapae
0;Europe;Archips xylosteana;Palearctic;2024;CAB International (CABI) (2024). CABI Invasive Species Compendium. Available at: https://www.cabidigitallibrary.org/product/QI;Archips xylosteana
0;Europe;Agonopterix alstromeriana;Palearctic;2007;Khramov, P. (Ed.) (2007). Insecta.pro: international entomological community. Available online at: https://insecta.pro;Agonopterix alstromeriana
0;Europe;Pararge aegeria;Palearctic;2010;van Swaay, C., et al. (2010). Pararge aegeria (Europe assessment). The IUCN Red List of Threatened Species. 2010: e.T174214A7029860;Pararge aegeria
0;Europe;Pararge aegeria;Palearctic;2014;van Swaay, C., et al. (2014). Pararge aegeria (Mediterranean assessment). The IUCN Red List of Threatened Species. 2014: e.T174214A53719848;Pararge aegeria
0;Europe;Eucosma cana;Palearctic;2007;Khramov, P. (Ed.) (2007). Insecta.pro: international entomological community. Available online at: https://insecta.pro;Eucosma cana
0;Europe;Anthophila nemorana;Palearctic;2014;de Prins, W., et al. (2014). Choreutis nemorana (Lepidoptera: Choreutidae) well established in Belgium. Phegea. 42(2): 29-32;Anthophila nemorana
0;Europe;Aglossa caprealis;Palearctic;2007;Khramov, P. (Ed.) (2007). Insecta.pro: international entomological community. Available online at: https://insecta.pro;Aglossa caprealis
0;Europe;Autographa gamma;Palearctic;2007;Sullivan, M., Molet, T. (2007). CPHST Pest Datasheet for Autographa gamma (Revised January 2014). USDA-APHIS-PPQ-CPHST.;Autographa gamma
0;Europe;Aglossa pinguinalis;Palearctic;2007;Khramov, P. (Ed.) (2007). Insecta.pro: international entomological community. Available online at: https://insecta.pro;Aglossa pinguinalis
0;Europe;Lampides boeticus;Palearctic;2021;Edge, D., Westrip, J. (2021). Lampides boeticus. The IUCN Red List of Threatened Species 2021: e.T174427A161341394;Lampides boeticus
0;Europe;Vanessa cardui;Palearctic;2020;Walker, A., Coetzer, A. (2020). Vanessa cardui. The IUCN Red List of Threatened Species. 2020: e.T174379A161326679;Vanessa cardui
0;Europe;Vanessa atalanta;Palearctic;2020;Walker, A. (2020). Vanessa atalanta. The IUCN Red List of Threatened Species. 2020: e.T174225A172421220;Vanessa atalanta
0;Europe;Danaus chrysippus;Palearctic;2021;Westrip, J. (2021). Danaus chrysippus (errata version published in 2022). The IUCN Red List of Threatened Species. 2021: e.T174455A222994680;Danaus chrysippus
0;Europe;Agapeta zoegana;Palearctic;2007;Khramov, P. (Ed.) (2007). Insecta.pro: international entomological community. Available online at: https://insecta.pro;Agapeta zoegana
0;Europe;Agonopterix nervosa;Palearctic;2007;Khramov, P. (Ed.) (2007). Insecta.pro: international entomological community. Available online at: https://insecta.pro;Agonopterix nervosa
0;Europe;Amphipyra tragopoginis;Palearctic;2007;Khramov, P. (Ed.) (2007). Insecta.pro: international entomological community. Available online at: https://insecta.pro;Amphipyra tragopoginis
0;Europe;Anarsia lineatella;Palearctic;2007;Khramov, P. (Ed.) (2007). Insecta.pro: international entomological community. Available online at: https://insecta.pro;Anarsia lineatella
0;Europe;Archips podana;Palearctic;2007;Khramov, P. (Ed.) (2007). Insecta.pro: international entomological community. Available online at: https://insecta.pro;Archips podana
0;Europe;Archips rosana;Palearctic;2007;Khramov, P. (Ed.) (2007). Insecta.pro: international entomological community. Available online at: https://insecta.pro;Archips rosana
0;Europe;Argyresthia pruniella;Palearctic;2024;CAB International (CABI) (2024). CABI Invasive Species Compendium. Available at: https://www.cabidigitallibrary.org/product/QI;Argyresthia pruniella
0;Europe;Calophasia lunula;Palearctic;2007;Khramov, P. (Ed.) (2007). Insecta.pro: international entomological community. Available online at: https://insecta.pro;Calophasia lunula
0;Europe;Carcina quercana;Palearctic;2007;Khramov, P. (Ed.) (2007). Insecta.pro: international entomological community. Available online at: https://insecta.pro;Carcina quercana
0;Europe;Cerapteryx graminis;Palearctic;2007;Khramov, P. (Ed.) (2007). Insecta.pro: international entomological community. Available online at: https://insecta.pro;Cerapteryx graminis
0;Europe;Chrysoesthia sexguttella;Palearctic;2007;Khramov, P. (Ed.) (2007). Insecta.pro: international entomological community. Available online at: https://insecta.pro;Chrysoesthia sexguttella
0;Europe;Clepsis consimilana;Palearctic;2007;Khramov, P. (Ed.) (2007). Insecta.pro: international entomological community. Available online at: https://insecta.pro;Clepsis consimilana
0;Europe;Cnephasia asseclana;Palearctic;2007;Khramov, P. (Ed.) (2007). Insecta.pro: international entomological community. Available online at: https://insecta.pro;Cnephasia asseclana
0;Europe;Cnephasia stephensiana;Palearctic;2007;Khramov, P. (Ed.) (2007). Insecta.pro: international entomological community. Available online at: https://insecta.pro;Cnephasia stephensiana
0;Europe;Depressaria depressana;Palearctic;2007;Khramov, P. (Ed.) (2007). Insecta.pro: international entomological community. Available online at: https://insecta.pro;Depressaria depressana
0;Europe;Enarmonia formosana;Palearctic;2024;CAB International (CABI) (2024). CABI Invasive Species Compendium. Available at: https://www.cabidigitallibrary.org/product/QI;Enarmonia formosana
0;Europe;Epinotia abbreviana;Palearctic;2007;Khramov, P. (Ed.) (2007). Insecta.pro: international entomological community. Available online at: https://insecta.pro;Epinotia abbreviana
0;Europe;Anania hortulata;Palearctic;2007;Khramov, P. (Ed.) (2007). Insecta.pro: international entomological community. Available online at: https://insecta.pro;Anania hortulata
0;Europe;Gypsonoma aceriana;Palearctic;2024;CAB International (CABI) (2024). CABI Invasive Species Compendium. Available at: https://www.cabidigitallibrary.org/product/QI;Gypsonoma aceriana
0;Europe;Hedya nubiferana;Palearctic;2007;Khramov, P. (Ed.) (2007). Insecta.pro: international entomological community. Available online at: https://insecta.pro;Hedya nubiferana
0;Europe;Hedya salicella;Palearctic;2017;Maharramova, S., Ayberk, H. (2017). New records of leafrollers reared in Azerbaijan (Lepidoptera: Tortricidae). Linzer Biologische Beitrage. 49(1): 677-686;Hedya salicella
0;Europe;Leucoma salicis;Palearctic;2007;Khramov, P. (Ed.) (2007). Insecta.pro: international entomological community. Available online at: https://insecta.pro;Leucoma salicis
0;Europe;Metzneria paucipunctella;Palearctic;2007;Khramov, P. (Ed.) (2007). Insecta.pro: international entomological community. Available online at: https://insecta.pro;Metzneria paucipunctella
0;Europe;Pandemis cerasana;Palearctic;2007;Khramov, P. (Ed.) (2007). Insecta.pro: international entomological community. Available online at: https://insecta.pro;Pandemis cerasana
0;Europe;Cameraria ohridella;Palearctic;2024;CAB International (CABI) (2024). CABI Invasive Species Compendium. Available at: https://www.cabidigitallibrary.org/product/QI;Cameraria ohridella
0;Europe;Caradrina clavipalpis;Palearctic;2007;Khramov, P. (Ed.) (2007). Insecta.pro: international entomological community. Available online at: https://insecta.pro;Caradrina clavipalpis
0;Europe;Apamea crenata;Palearctic;2007;Khramov, P. (Ed.) (2007). Insecta.pro: international entomological community. Available online at: https://insecta.pro;Apamea crenata
0;Europe;Eupithecia carpophagata;Palearctic;2007;Khramov, P. (Ed.) (2007). Insecta.pro: international entomological community. Available online at: https://insecta.pro;Eupithecia carpophagata
0;Europe;Lateroligia ophiogramma;Palearctic;2007;Khramov, P. (Ed.) (2007). Insecta.pro: international entomological community. Available online at: https://insecta.pro;Lateroligia ophiogramma
0;Europe;Cochylis atricapitana;Palearctic;2007;Khramov, P. (Ed.) (2007). Insecta.pro: international entomological community. Available online at: https://insecta.pro;Cochylis atricapitana
0;Europe;Agrochola lota;Palearctic;2007;Khramov, P. (Ed.) (2007). Insecta.pro: international entomological community. Available online at: https://insecta.pro;Agrochola lota
0;Europe;Ennomos alniaria;Palearctic;2007;Khramov, P. (Ed.) (2007). Insecta.pro: international entomological community. Available online at: https://insecta.pro;Ennomos alniaria
0;Europe;Erannis defoliaria;Palearctic;2007;Khramov, P. (Ed.) (2007). Insecta.pro: international entomological community. Available online at: https://insecta.pro;Erannis defoliaria
0;Europe;Dendrolimus pini;Palearctic;2024;CAB International (CABI) (2024). CABI Invasive Species Compendium. Available at: https://www.cabidigitallibrary.org/product/QI;Dendrolimus pini
0;Asia;Hypolimnas misippus;Saharo-Arabian;2021;Coetzer, A., Westrip, J. (2021). Hypolimnas misippus. The IUCN Red List of Threatened Species 2021: e.T62148588A161331411;Hypolimnas misippus
0;Asia;Hypena commixtalis;Saharo-Arabian;2024;de Prins, J., de Prins, W. (2024). Afromoths, online database of Afrotropical moth species (Lepidoptera). Available at: http://www.afromoths.net;Hypena commixtalis
0;Asia;Araeopteron ecphaea;Saharo-Arabian;2001;Fibiger, M., Agassiz, D. (2001). Araeopteron ecphaea, a small noctuid moth in the West Palaearctic (Noctuidae: Acontiinae). Nota Lepidopterologica. 24(1): 29-35;Araeopteron ecphaea
0;South America;Cactoblastis doddi;Neotropical;1985;McFadyen, R. (1985). Larval characteristics of Cactoblaslis spp. (Lepidoptera: Pyralidae) and the selection of species for biological control of prickly pears ( Opuntia spp.). Bulletin of Entomological Research. 75(1): 159-168;Cactoblastis doddi
0;South America;Neoleucinodes elegantalis;Neotropical;2017;da Silva, R., et al. (2017). Spatio-temporal dynamic climate model for Neoleucinodes elegantalis using CLIMEX. International Journal of Biometeorology. 61: 785-795;Neoleucinodes elegantalis
0;South America;Thecla megarus;Neotropical;2014;Gilligan, T., Passoa, S. (2014). LepIntercept - An identification resource for intercepted Lepidoptera larvae. Available at: https://idtools.org/id/lepintercept/strymon.html;Thecla megarus
0;South America;Stenoma catenifer;Neotropical;2008;Hoddle, M., Hoddle, C. (2008). Bioecology of Stenoma catenifer (Lepidoptera: Elachistidae) and associated larval parasitoids reared from Hass avocados in Guatemala. Journal of Economic Entomology. 101(3): 692-698;Stenoma catenifer
0;South America;Spodoptera ornithogalli;Neotropical;2019;Brito, R., et al. (2019). Spodoptera marima: a new synonym of Spodoptera ornithogalli (Lepidoptera: Noctuidae), with notes on adult morphology, host plant use and genetic variation along its geographic range. Neotropical Entomology. 48: 433-448;Spodoptera ornithogalli
0;South America;Niphograpta albiguttalis;Neotropical;1999;Stanley, J., et al. (1999). Post release monitoring of Xubida infusella (Lep.: Pyralidae): an example of using pheromones for the early detection of establishing populations of biological control agents. Proceedings of the 10th International Symposium on Biological Control of Weeds. 753-759;Niphograpta albiguttalis
0;South America;Mythimna unipuncta;Neotropical;2024;CAB International (CABI) (2024). CABI Invasive Species Compendium. Available at: https://www.cabidigitallibrary.org/product/QI;Mythimna unipuncta
0;South America;Neogalea sunia;Neotropical;2010;Reinert, J., et al. (2010). Resistance among lantana cultivars to the lantana stick caterpillar, Neogalea sunia (Lepidoptera: Noctuidae). Southwestern Entomologist. 35(1): 51-58;Neogalea sunia
0;South America;Vanessa carye;Neotropical;2023;Escobar-Suarez, S., et al. (2023). A geometric morphometrics and genetics characterization of Vanessa carye in an extreme elevational gradient in the Chilean Altiplano. Zoologischer Anzeiger. 304: 105-112;Vanessa carye
0;South America;Spodoptera eridania;Neotropical;2023;Zhang, Y., et al. (2023). Global potential geographical distribution of the southern armyworm (Spodoptera eridania) under climate change. Biology. 12(7): 1040;Spodoptera eridania
0;South America;Azeta repugnalis;Neotropical;2002;Becker, V., Miller, S. (2002). Large moths of Guana Island, British Virgin Islands: a survey of efficient colonizers (Lepidoptera: Sphingidae, Notodontidae, Noctuidae, Arctiidae, Geometridae, Hyblaeidae, Cossidae). Journal of the Lepidopterists Society. 56(1): 9-44;Azeta repugnalis
0;South America;Tinea murariella;Neotropical;2020;Roy, D., et al. (2020). DAISIE - Delivering Alien Invasive Species Inventories for Europe. Available at: http://www.europe-aliens.org/;Tinea murariella
0;South America;Tinea pallescentella;Neotropical;2020;Roy, D., et al. (2020). DAISIE - Delivering Alien Invasive Species Inventories for Europe. Available at: http://www.europe-aliens.org/;Tinea pallescentella
0;South America;Pareuchaetes aurata;Neotropical;2024;de Prins, J., de Prins, W. (2024). Afromoths, online database of Afrotropical moth species (Lepidoptera). Available at: http://www.afromoths.net;Pareuchaetes aurata
0;South America;Heliconius erato;Neotropical;1996;Jiggins, C., et al. (1996). What can hybrid zones tell us about speciation? The case of Heliconius erato and H. himera (Lepidoptera: Nymphalidae). Biological Journal of the Linnean Society. 59(3): 221-242;Heliconius erato
0;South America;Dione vanillae;Neotropical;2006;da Silva, D., et al. (2006). External morphology of the immature stages of neotropical heliconians: V. Agraulis vanillae maculosa (Lepidoptera, Nymphalidae, Heliconiinae). Iheringia, Serie Zoologica. 96(2);Dione vanillae
0;South America;Hypsipyla grandella;Neotropical;2024;CAB International (CABI) (2024). CABI Invasive Species Compendium. Available at: https://www.cabidigitallibrary.org/product/QI;Hypsipyla grandella
0;South America;Macrorrhinia endonephele;Neotropical;2020;Hayden, J., Landry, J. (2020). Arcola malloi (Pastrana), the alligatorweed stemborer, a new synonym of Macrorrhinia endonephele (Hampson)(Lepidoptera: Pyralidae: Phycitinae). Insecta Mundi. 768: 1-25;Macrorrhinia endonephele
0;South America;Cactoblastis cactorum;Neotropical;2024;CAB International (CABI) (2024). CABI Invasive Species Compendium. Available at: https://www.cabidigitallibrary.org/product/QI;Cactoblastis cactorum
0;South America;Ascalapha odorata;Neotropical;2014;Ekrem, T., et al. (2014). The most northerly Black Witch (Ascalapha odorata): a tropical moth in the Canadian Arctic. The Canadian Field-Naturalist. 128(1): 77-79;Ascalapha odorata
0;South America;Episimus unguiculus;Neotropical;2019;Cuda, J., et al. (2019). Risk assessment of Episimus unguiculus (Lepidoptera: Tortricidae), a biological control agent of Schinus terebinthifolia (Sapindales: Anacardiaceae) in Hawaii, USA. Biocontrol Science and Technology. 29(4): 365-387;Episimus unguiculus
0;South America;Paysandisia archon;Neotropical;2024;CAB International (CABI) (2024). CABI Invasive Species Compendium. Available at: https://www.cabidigitallibrary.org/product/QI;Paysandisia archon
0;South America;Crocidosema aporema;Neotropical;2024;CAB International (CABI) (2024). CABI Invasive Species Compendium. Available at: https://www.cabidigitallibrary.org/product/QI;Crocidosema aporema
0;South America;Chloridea virescens;Neotropical;1958;Zimmerman, E. (1958). Insects of Hawaii. Volume 7, Macrolepidoptera. Hawaii: University of Hawaii Press, Honolulu, Hawaii, United States of America.;Chloridea virescens
0;Asia;Scrobipalpa ocellatella;Palearctic;2019;Bidzilya, O., et al. (2019). An annotated checklist of Gelechiidae (Lepidoptera) of Israel with description of two new species. Zootaxa. 4677(1): 1-68;Scrobipalpa ocellatella
0;Asia;Anthophila nemorana;Palearctic;2014;de Prins, W., et al. (2014). Choreutis nemorana (Lepidoptera: Choreutidae) well established in Belgium. Phegea. 42(2): 29-32;Anthophila nemorana
0;Asia;Lampides boeticus;Palearctic;2021;Edge, D., Westrip, J. (2021). Lampides boeticus. The IUCN Red List of Threatened Species 2021: e.T174427A161341394;Lampides boeticus
0;Asia;Vanessa atalanta;Palearctic;2020;Walker, A. (2020). Vanessa atalanta. The IUCN Red List of Threatened Species. 2020: e.T174225A172421220;Vanessa atalanta
0;Asia;Danaus chrysippus;Palearctic;2021;Westrip, J. (2021). Danaus chrysippus (errata version published in 2022). The IUCN Red List of Threatened Species. 2021: e.T174455A222994680;Danaus chrysippus
0;Asia;Acleris rhombana;Palearctic;2009;Alipanah, H. (2009). A brief study on the tribes Tortricini and Archipini (Lepidoptera: Tortricinae) from Iran. Entomofauna. 10: 137-152;Acleris rhombana
0;Asia;Hedya salicella;Palearctic;2017;Maharramova, S., Ayberk, H. (2017). New records of leafrollers reared in Azerbaijan (Lepidoptera: Tortricidae). Linzer Biologische Beitrage. 49(1): 677-686;Hedya salicella
0;Asia;Caradrina clavipalpis;Palearctic;2024;de Prins, J., de Prins, W. (2024). Afromoths, online database of Afrotropical moth species (Lepidoptera). Available at: http://www.afromoths.net;Caradrina clavipalpis
0;North America;Ancylostomia stercorea;Panamanian;1972;Barrow, R. (1972). The bionomics of Ancyclostomia stercorea (zeller): a pod-borer on pigeon pea in Trinidad. [PhD Thesis, McGill University, Quebec].;Ancylostomia stercorea
0;North America;Spodoptera ornithogalli;Panamanian;2019;Brito, R., et al. (2019). Spodoptera marima: a new synonym of Spodoptera ornithogalli (Lepidoptera: Noctuidae), with notes on adult morphology, host plant use and genetic variation along its geographic range. Neotropical Entomology. 48: 433-448;Spodoptera ornithogalli
0;North America;Spodoptera eridania;Panamanian;2023;Zhang, Y., et al. (2023). Global potential geographical distribution of the southern armyworm (Spodoptera eridania) under climate change. Biology. 12(7): 1040;Spodoptera eridania
0;North America;Hypsipyla grandella;Panamanian;2024;CAB International (CABI) (2024). CABI Invasive Species Compendium. Available at: https://www.cabidigitallibrary.org/product/QI;Hypsipyla grandella
0;Australia;Achyra affinitalis;Australian;2022;Grain Research and Development Corporation (2022). Weed Web Moth Fact Sheet. Available at: https://grdc.com.au/resources-and-publications/all-publications/factsheets/2022/weed-web-moth-fact-sheet;Achyra affinitalis
0;Australia;Parectopa alysidota;Australian;1980;van den Berg, M. (1980). Natural enemies of Acacia cyclops A. Cunn ex G. Don and Acacia saligna (Labill.) Wendl. in Western Australia. I. Lepidoptera. Phytophylactica. 12(3): 165-167;Parectopa alysidota
0;Australia;Acrocercops laciniella;Australian;2001;Hoare, R. (2001). Adventive species of Lepidoptera recorded for the first time in New Zealand since 1988. New Zealand Entomologist. 24: 23-47;Acrocercops laciniella
0;Australia;Aristaea thalassias;Australian;2011;Gordon, A. (2011). Biological control endeavours against Australian myrtle, Leptospermum laevigatum (Gaertn.) F. Muell.(Myrtaceae), in South Africa. African Entomology. 19(1): 349-355;Aristaea thalassias
0;Australia;Artigisa melanephele;Australian;2001;Hoare, R. (2001). Adventive species of Lepidoptera recorded for the first time in New Zealand since 1988. New Zealand Entomologist. 24: 23-47;Artigisa melanephele
0;Australia;Athetis tenuis;Australian;1979;Roberts, L. (1979). Insects from the Cavalli Islands. Tane. 25: 125-131;Athetis tenuis
0;Australia;Balanomis encyclia;Australian;1887;Meyrick, E. (1887). On Pyralidina from Australia and the South Pacific. The Transactions of the Entomological Society of London for the Year of 1887. 185-268;Balanomis encyclia
0;Australia;Barea confusella;Australian;2001;Withers, T. (2001). Colonization of eucalypts in New Zealand by Australian insects. Austral Ecology. 26(5): 467-476;Barea confusella
0;Australia;Barea consignatella;Australian;2001;Withers, T. (2001). Colonization of eucalypts in New Zealand by Australian insects. Austral Ecology. 26(5): 467-476;Barea consignatella
0;Australia;Bleszynskia malacelloides;Australian;2001;Hoare, R. (2001). Adventive species of Lepidoptera recorded for the first time in New Zealand since 1988. New Zealand Entomologist. 24: 23-47;Bleszynskia malacelloides
0;Australia;Borbo cinnara;Australian;2024;Inayoshi, Y. (2024). A Check List of Butterflies in Indo-China - Chiefly from Thailand, Laos and Vietnam. Available at: https://yutaka.it-n.jp/index.html;Borbo cinnara
0;Australia;Capua intractana;Australian;2022;Mally, R., et al. (2022), Moths and butterflies on alien shores - global biogeography of non-native Lepidoptera. Dryad, Dataset. Available at: https://doi.org/10.5061/dryad.31zcrjdnw;Capua intractana
0;Australia;Carposina neurophorella;Australian;2022;Mally, R., et al. (2022), Moths and butterflies on alien shores - global biogeography of non-native Lepidoptera. Dryad, Dataset. Available at: https://doi.org/10.5061/dryad.31zcrjdnw;Carposina neurophorella
0;Australia;Cebysa leucotelus;Australian;2022;Mally, R., et al. (2022), Moths and butterflies on alien shores - global biogeography of non-native Lepidoptera. Dryad, Dataset. Available at: https://doi.org/10.5061/dryad.31zcrjdnw;Cebysa leucotelus
0;Australia;Cizara ardeniae;Australian;2001;Hoare, R. (2001). Adventive species of Lepidoptera recorded for the first time in New Zealand since 1988. New Zealand Entomologist. 24: 23-47;Cizara ardeniae
0;Australia;Zomariana doxasticana;Australian;2001;Hoare, R. (2001). Adventive species of Lepidoptera recorded for the first time in New Zealand since 1988. New Zealand Entomologist. 24: 23-47;Zomariana doxasticana
0;Australia;Zizula hylax;Australian;2013;Fric, Z., Hula, V. (2013).  Zizula hylax (Fabricius, 1775) new butterfly species for Socotra (Lepidoptera: Lycaenidae). SHILAP Revista de Lepidopterologia. 41(164): 571-575;Zizula hylax
0;Australia;Tiracola plagiata;Australian;1980;Mandal, D., Shukla, J. (1980). Redescription of the Genus and Species Tiracola plagiata (Walker)[Lepidoptera: Noctuidae]. Records of the Zoological Survey of India. 76: 87-92;Tiracola plagiata
0;Australia;Thyas coronata;Australian;2008;Kawazu, K., et al. (2008). Lepidoptera captured on the East China Sea in 2005 and predicted migration sources. Entomological Science. 11(3): 315-322;Thyas coronata
0;Australia;Tachystola hemisema;Australian;2024;Austin, K., Rubinoff, D. (2024). New records of introduced Lepidoptera in the Hawaiian Islands for the year 2023. Bishop Museum Occasional Papers. 156: 111-121;Tachystola hemisema
0;Australia;Strepsicrates semicanella;Australian;2005;Wakamura, S., et al. (2005). Sex pheromone components of an olethreutid moth, Strepsicrates semicanella (Walker)(Lepidoptera: Tortricidae), a pest of guava and eucalyptus in Okinawa. Applied Entomology and Zoology. 40(4): 637-642;Strepsicrates semicanella
0;Australia;Strepsicrates macropetana;Australian;2000;Mauchline, N. (2000). Important biological and ecological aspects of Strepsicrates macropetana Meyrick (Lepidoptera: Tortricidae): a thesis presented in partial fulfilment of the requirements for the degree of Master of Science in Plant Protection at Massey University [MsC Thesis, Massey University].;Strepsicrates macropetana
0;Australia;Strepsicrates infensa;Australian;2001;Withers, T. (2001). Colonization of eucalypts in New Zealand by Australian insects. Austral Ecology. 26(5): 467-476;Strepsicrates infensa
0;Australia;Stegommata sulfuratella;Australian;1999;Withers, T., Kay, M. (1999). Establishment of forestry and tree pests in New Zealand. Proceedings of the New Zealand Plant Protection Conference. 52: 278-278;Stegommata sulfuratella
0;Australia;Stegommata leptomitella;Australian;2001;Hoare, R. (2001). Adventive species of Lepidoptera recorded for the first time in New Zealand since 1988. New Zealand Entomologist. 24: 23-47;Stegommata leptomitella
0;Australia;Stathmopoda melanochra;Australian;1944;Ramchandra R., Cherian, M. (1944). The Fluted Scale, Icerya purchasi Mask., as a Pest of Wattle in South India, and its Control by the biological method. The Madras Agricultural Journal. 32(3-4): 92-102;Stathmopoda melanochra
0;Australia;Stathmopoda auriferella;Australian;2018;Park, K., et al. (2018). Genus Stathmopoda Herrich-Shaffer (Lepidoptera, Stathmopodidae) from the Korean Peninsula with two new species. Journal of Asia-Pacific Biodiversity. 11(2): 259-266;Stathmopoda auriferella
0;Australia;Stathmopoda cephalaea;Australian;2001;Hoare, R. (2001). Adventive species of Lepidoptera recorded for the first time in New Zealand since 1988. New Zealand Entomologist. 24: 23-47;Stathmopoda cephalaea
0;Australia;Sphyrelata amotella;Australian;2001;Hoare, R. (2001). Adventive species of Lepidoptera recorded for the first time in New Zealand since 1988. New Zealand Entomologist. 24: 23-47;Sphyrelata amotella
0;Australia;Chloroclystis filata;Australian;1982;Holloway, J. (1982). Further notes on the Lepidoptera of Norfolk Island, with particular reference to migrant species. Journal of Natural History. 16(3): 351-365;Chloroclystis filata
0;Australia;Chloroclystis insigillata;Australian;2019;Emmerson, A., Hoare, R. (2019). Lepidoptera from Redvale, Albany, north of Auckland, New Zealand, 2004-2016: an annotated list. The Weta. 53: 43-70;Chloroclystis insigillata
0;Australia;Sarisophora leucoscia;Australian;2001;Hoare, R. (2001). Adventive species of Lepidoptera recorded for the first time in New Zealand since 1988. New Zealand Entomologist. 24: 23-47;Sarisophora leucoscia
0;Australia;Proteuxoa sanguinipuncta;Australian;2017;Hoare, R. (2017). Noctuinae (Insecta: Lepidoptera: Noctuidae) part 1: Austramathes, Cosmodes, Proteuxoa, Physetica. Lincoln, N.Z. : Landcare Research;Proteuxoa sanguinipuncta
0;Australia;Culladia cuneiferellus;Australian;2001;Hoare, R. (2001). Adventive species of Lepidoptera recorded for the first time in New Zealand since 1988. New Zealand Entomologist. 24: 23-47;Culladia cuneiferellus
0;Australia;Prays nephelomima;Australian;2001;Hoare, R. (2001). Adventive species of Lepidoptera recorded for the first time in New Zealand since 1988. New Zealand Entomologist. 24: 23-47;Prays nephelomima
0;Australia;Porphyrosela hardenbergiella;Australian;2001;Hoare, R. (2001). Adventive species of Lepidoptera recorded for the first time in New Zealand since 1988. New Zealand Entomologist. 24: 23-47;Porphyrosela hardenbergiella
0;Australia;Cryptoblabes adoceta;Australian;2023;Austin, K., Rubinoff, D. (2023). New records of introduced Lepidoptera in the Hawaiian Islands for the year 2022. Bishop Museum Occasional Papers. 148: 175-184;Cryptoblabes adoceta
0;Australia;Coscinoptycha improbana;Australian;2012;Mille, C., et al. (2012). First record of the Australian guava moth Coscinoptycha improbana Meyrick (Lepidoptera: Carposinidae) in New Caledonia: Implication for quarantine and biosecurity surveys in insular territories. Journal of Asia-Pacific Entomology. 15(2): 283-285;Coscinoptycha improbana
0;Australia;Cosmodes elegans;Australian;2017;Hoare, R. (2017). Noctuinae (Insecta: Lepidoptera: Noctuidae) part 1: Austramathes, Cosmodes, Proteuxoa, Physetica. Lincoln, N.Z. : Landcare Research;Cosmodes elegans
0;Australia;Dasypodia cymatodes;Australian;2001;Hoare, R. (2001). Adventive species of Lepidoptera recorded for the first time in New Zealand since 1988. New Zealand Entomologist. 24: 23-47;Dasypodia cymatodes
0;Australia;Dasypodia selenophora;Australian;2001;Hoare, R. (2001). Adventive species of Lepidoptera recorded for the first time in New Zealand since 1988. New Zealand Entomologist. 24: 23-47;Dasypodia selenophora
0;Australia;Ephestiopsis oenobarella;Australian;2011;Hoare, R. (2011). Lepidoptera of gumland heaths - a threatened and rare ecosystem of northern New Zealand. New Zealand Entomologist. 34(1): 67-76;Ephestiopsis oenobarella
0;Australia;Cyclophora obstataria;Australian;1997;Holloway, J. (1997). The Moths of Borneo, Part 10 Geometridae, Subfamilies: Sterrhinae and Larentiinae. Southdene Sdn Bhd. Available online at: https://www.mothsofborneo.com/part-10/index.htm;Cyclophora obstataria
0;Australia;Parapoynx stagnalis;Australian;1993;Waterhouse, D. (1993). The major arthropod pests and weeds of agriculture in Southeast Asia: distribution, importance and origin. Australian Centre for International Agricultural Research - ACIAR. Camberra, Australia;Parapoynx stagnalis
0;Australia;Helicoverpa assulta;Australian;1992;Cork, A., et al. (1992). Female sex pheromone of oriental tobacco budworm, Helicoverpa assulta (Guenee)(Lepidoptera: Noctuidae): Identification and field testing. Journal of Chemical Ecology. 18: 403-418;Helicoverpa assulta
0;Australia;Heteroteucha dichroella;Australian;2001;Hoare, R. (2001). Adventive species of Lepidoptera recorded for the first time in New Zealand since 1988. New Zealand Entomologist. 24: 23-47;Heteroteucha dichroella
0;Australia;Lecithocera micromela;Australian;2001;Hoare, R. (2001). Adventive species of Lepidoptera recorded for the first time in New Zealand since 1988. New Zealand Entomologist. 24: 23-47;Lecithocera micromela
0;Australia;Lepidoscia heliochares;Australian;2010;Patrick, B. (2010). Southern spread of moths in New Zealand. The Weta. 40: 32-38;Lepidoscia heliochares
0;Australia;Lepidoscia protorna;Australian;2024;Turner, R., et al. (2024). International Non-native Insect Establishment Data (0.2.1) [Data set]. Zenodo.;Lepidoscia protorna
0;Australia;Leptocneria reducta;Australian;1977;Richardson, C. (1977). Notes on some insects intercepted entering New Zealand in 1975. New Zealand Entomologist. 6(3): 309-311;Leptocneria reducta
0;Australia;Leptocroca sanguinolenta;Australian;2001;Hoare, R. (2001). Adventive species of Lepidoptera recorded for the first time in New Zealand since 1988. New Zealand Entomologist. 24: 23-47;Leptocroca sanguinolenta
0;Australia;Macarostola ida;Australian;2019;Hoare, R., et al. (2019). A new leaf-mining moth from New Zealand, Sabulopteryxbotanica sp. nov.(Lepidoptera, Gracillariidae, Gracillariinae), feeding on the rare endemic shrub Teucriumparvifolium (Lamiaceae), with a revised checklist of New Zealand Gracillariidae. ZooKeys. 865: 39;Macarostola ida
0;Australia;Merophyas divulsana;Australian;1991;Whittle, C., et al. (1991). Sex pheromone of lucerne leafroller, Merophyas divulsana (Walker)(Lepidoptera: Tortricidae): evidence for two distinct populations. Journal of Chemical Ecology. 17: 1883-1895;Merophyas divulsana
0;Australia;Monopis argillacea;Australian;2001;Hoare, R. (2001). Adventive species of Lepidoptera recorded for the first time in New Zealand since 1988. New Zealand Entomologist. 24: 23-47;Monopis argillacea
0;Australia;Monopis ethelella;Australian;2024;Turner, R., et al. (2024). International Non-native Insect Establishment Data (0.2.1) [Data set]. Zenodo.;Monopis ethelella
0;Australia;Morosaphycita oculiferella;Australian;2001;Hoare, R. (2001). Adventive species of Lepidoptera recorded for the first time in New Zealand since 1988. New Zealand Entomologist. 24: 23-47;Morosaphycita oculiferella
0;Australia;Musotima ochropteralis;Australian;2024;Turner, R., et al. (2024). International Non-native Insect Establishment Data (0.2.1) [Data set]. Zenodo.;Musotima ochropteralis
0;Australia;Opogona comptella;Australian;2001;Withers, T. (2001). Colonization of eucalypts in New Zealand by Australian insects. Austral Ecology. 26(5): 467-476;Opogona comptella
0;Australia;Opsitycha squalidella;Australian;2024;Turner, R., et al. (2024). International Non-native Insect Establishment Data (0.2.1) [Data set]. Zenodo.;Opsitycha squalidella
0;Australia;Phalaenoides glycinae;Australian;2025;PaDIL (2025). The Pest and Disease Image Library (PaDIL). Available at: https://www.padil.gov.au/;Phalaenoides glycinae
0;Australia;Philobota chionoptera;Australian;2024;Turner, R., et al. (2024). International Non-native Insect Establishment Data (0.2.1) [Data set]. Zenodo.;Philobota chionoptera
0;Australia;Phrissogonus laticostata;Australian;2024;Turner, R., et al. (2024). International Non-native Insect Establishment Data (0.2.1) [Data set]. Zenodo.;Phrissogonus laticostata
0;Australia;Polysoma eumetalla;Australian;2024;Turner, R., et al. (2024). International Non-native Insect Establishment Data (0.2.1) [Data set]. Zenodo.;Polysoma eumetalla
0;Australia;Praeacedes atomosella;Oceanina;2020;Roy, D., et al. (2020). DAISIE - Delivering Alien Invasive Species Inventories for Europe. Available at: http://www.europe-aliens.org/;Praeacedes atomosella
0;Australia;Glyphodes onychinalis;Australian;2008;Solis, M. (2008). New sightings of Glyphodes onychinalis (Guenee)(Pyraloidea: Crambidae: Spilomelinae), a recent arrival to the United States with a description of the larva reared on oleander (Nerium sp.) in California. News of the Lepidopterists Society. 50(3): 79-80;Glyphodes onychinalis
0;Australia;Cryptophlebia ombrodelta;Australian;1975;Sinclair, E. (1975). A life system study of Cryptophlebia ombrodelta (Lower)(Lepidoptera: Tortricidae) in southeast Queensland. [Doctoral Dissertation, University of Queensland].;Cryptophlebia ombrodelta
0;Australia;Eublemma anachoresis;Australian;1946;Swezey, O. (1946). Lepidoptera, Geometridae, Arctiidae, Agrotidae, and Pyralidae of Guam. Bishop Museum Bulletin. 189: 163-185;Eublemma anachoresis
0;Australia;Monopis meliorella;Australian;1978;Zimmerman, E. (1978). Insects of Hawaii. Vol. 9 Microlepidoptera. Part I. The University Press of Hawaii, Honolulu, Hawaii, United States of America.;Monopis meliorella
0;Australia;Elophila responsalis;Australian;2020;Whitaker, T., et al. (2020). Pyralids of Borneo - An Illustrated Guide (5th Edition). Southdene Sdn Bhd. Available Online at: http://www.pyralidsofborneo.org/index.php?index#;Elophila responsalis
0;Australia;Simplicia cornicalis;Australian;2010;Dickel, T., et al. (2010) New North American Records Of The Asian Species, Simplicia cornicalis, in Florida and Louisiana. Lepidoptera Novae. 3(1): 53-56;Simplicia cornicalis
0;Australia;Anatrachyntis rileyi;Australian;2024;CAB International (CABI) (2024). CABI Invasive Species Compendium. Available at: https://www.cabidigitallibrary.org/product/QI;Anatrachyntis rileyi
0;Australia;Anomis privata;Australian;1998;Kononenko, V., et al. (1998). Illustrated catalogue of Noctuidae in Korea (Lepidoptera). Insect of Korea. Series 3. Korea Research Institute of Bioscience and Biotechnology : Center for Insect Systematics;Anomis privata
0;Australia;Acontia crocata;Australian;1852;Guenee, A. (1852). Noctuelites II. in Boisduval and Guenee: Histoire naturelle des insectes. Species general des lepidopteres 6: 1-444. Paris (Roret).;Acontia crocata
0;Australia;Catopsilia pyranthe;Australian;2000;Braby, M. (2000). Butterflies of Australia: their identification, biology and distribution. CSIRO publishing. Collingwood, Australia.;Catopsilia pyranthe
0;Australia;Crocidolomia pavonana;Australian;1946;Swezey, O. (1946). Lepidoptera, Geometridae, Arctiidae, Agrotidae, and Pyralidae of Guam. Bishop Museum Bulletin. 189: 163-185;Crocidolomia pavonana
0;Australia;Danaus genutia;Australian;2010;Atluri, J., et al. (2010). Life History and Larval Performance of the Common Tiger Butterfly, Danaus genuita Cramer (Lepidoptera, Rhopalocera, Danaidae). The Bioscan. 5(3): 511-515;Danaus genutia
0;Australia;Hypolimnas misippus;Australian;2021;Coetzer, A., Westrip, J. (2021). Hypolimnas misippus. The IUCN Red List of Threatened Species 2021: e.T62148588A161331411;Hypolimnas misippus
0;Australia;Papilio demoleus;Australian;2020;Riaz, S., et al. (2020). Morphology, life cycle and management of two invasive subspecies of Papilio demoleus (Lepidoptera: Papilionidae): A review. Journal of Applied Entomology. 144: 845-856;Papilio demoleus
0;Australia;Ostrinia furnacalis;Australian;1991;Nafus, D., Schreiner, I. (1991). Review of the biology and control of the Asian corn borer, Ostrinia furnacalis (Lep: Pyralidae). International Journal of Pest Management. 37(1): 41-56;Ostrinia furnacalis
0;Australia;Pygospila tyres;Australian;2022;Kalawate, A., et al. (2022). First Indian DNA barcode record for the moth species Pygospila tyres (Cramer, 1780) (Lepidoptera: Crambidae: Spilomelinae) distributed in Asia and Australia. Journal of Threatened Taxa. 14(2): 20637-20642;Pygospila tyres
0;Australia;Sameodes cancellalis;Australian;2018;Poltavsky, A., et al. (2018). The Pyraloidea (Lepidoptera) fauna of the woody savannah belt in Mali, West Africa. Zootaxa. 4457(1): 39-69;Sameodes cancellalis
0;Australia;Achaea janata;Australian;1978;Edwards, E. (1978). A review of the genus Archaea in Australia (Lepidoptera: Noctuidae). Journal of the Australian Entomological Society. 17: 329-340;Achaea janata
0;Australia;Achroia grisella;Australian;1986;Clarke, J. (1986): Pyralidae and Microlepidoptera of the Marquesas Archipelago. Smithsonian Contributions to Zoology. 416;Achroia grisella
0;Australia;Spodoptera exempta;Australian;1986;Haggis, M. (1986). Distribution of the African armyworm, Spodoptera exempta (Walker)(Lepidoptera: Noctuidae), and the frequency of larval outbreaks in Africa and Arabia. Bulletin of Entomological Research. 76(1): 151-170;Spodoptera exempta
0;Australia;Spodoptera litura;Australian;2019;Jung, J., et al. (2019). Effect of climate change on the potential distribution of the common cutworm (Spodoptera litura) in South Korea. Entomological Research. 49(12): 519-528;Spodoptera litura
0;Australia;Aproaerema simplexella;Australian;2012;Buthelezi, N., et al. (2012). The groundnut leaf miner collected from South Africa is identified by mtDNA CO1 gene analysis as the Australian soybean moth (Aproaerema simplixella)(Walker)(Lepidoptera: Gelechiidae). African Journal of Agricultural Research. 7(38): 5285-5292;Aproaerema simplexella
0;Australia;Hypena commixtalis;Australian;2013;Kononenko, V., Pinratana, A. (2013). Moths of Thailand. Noctuoidea. An illustrated Catalogue of Erebidae, Nolidae, Euteliidae and Noctuidae (Insecta, Lepidoptera) in Thailand. Brothers of St. Gabriel in Thailand. Bangkok.;Hypena commixtalis
0;Australia;Hypena commixtalis;Australian;2024;de Prins, J., de Prins, W. (2024). Afromoths, online database of Afrotropical moth species (Lepidoptera). Available at: http://www.afromoths.net;Hypena commixtalis
0;Australia;Theretra latreillii;Australian;2014;Rafi, M., et al. (2014). The Hawkmoth Fauna of Pakistan (Lepidoptera: Sphingidae). Zootaxa. 3794(3): 393-418;Theretra latreillii
0;Australia;Aproaerema simplexella;Australian;2016;Buthelezi, N., et al. (2016). Molecular and behavioural evidence suggesting a re-examination of the taxonomy of Aproaerema simplexella (Walker), Aproaerema modicella (Deventer) and Stomopteryx subsecivella Zeller (Lepidoptera: Gelechiidae). African Entomology. 24(1): 16-23;Aproaerema simplexella
0;Australia;Agrotis ipsilon;Australian;1997;Showers, W. (1997). Migratory Ecology of the Black Cutworm. Annual Review of Entomology. 42: 393-425;Agrotis ipsilon
0;Australia;Doloessa viridis;Australian;2002;Lim, G. (2002). Observations of Prasinoxena monospila and Doloessa viridis (Lepidoptera: Pyralidae) on the bark of Khaya ivorensis in Malaysia. Journal of Tropical Forest Science. 14(1): 158-161;Doloessa viridis
0;Australia;Conopomorpha litchiella;Australian;2024;de Prins, J., de Prins, W. (2024). Global Taxonomic Database of Gracillariidae (Lepidoptera). Avaliable at: http://www.gracillariidae.net;Conopomorpha litchiella
0;Australia;Leucinodes orbonalis;Australian;2015;Mally, R., et al. (2015). Discovery of an unknown diversity of Leucinodes species damaging Solanaceae fruits in sub-Saharan Africa and moving in trade (Insecta, Lepidoptera, Pyraloidea). ZooKeys. 472: 117-162;Leucinodes orbonalis
0;Australia;Pericyma cruegeri;Australian;2020;Ekka, R., et al. (2020). Outbreak of Poinciana looper moth, Pericyma cruegeri (Butler)(Lepidoptera: Erebidae) in the Korba district of Chhattisgarh. Journal of Pharmacognosy and Phytochemistry. 9(4S): 704-709;Pericyma cruegeri
0;Australia;Barea codrella;Australian;2001;Hoare, R. (2001). Adventive species of Lepidoptera recorded for the first time in New Zealand since 1988. New Zealand Entomologist. 24: 23-47;Barea codrella
0;Australia;Blastobasis tarda;Australian;2023;Pinzari, M., Pinzari, M. (2023). Blastobasis tarda Meyrick, 1902 an alien species from Australia new to Italy (Lepidoptera: Blastobasidae). SHILAP Revista de lepidopterologia. 51(201): 51-54;Blastobasis tarda
0;Australia;Epiphyas postvittana;Australian;2024;CAB International (CABI) (2024). CABI Invasive Species Compendium. Available at: https://www.cabidigitallibrary.org/product/QI;Epiphyas postvittana
0;Australia;Herpetogramma licarsisalis;Australian;1976;Tashiro, H. (1976). Biology of the grass webworm, Herpetogramma licarsisalis (Lepidoptera: Pyraustidae) in Hawaii. Annals of the Entomological Society of America. 69(5): 797-803;Herpetogramma licarsisalis
0;Australia;Lampides boeticus;Australian;2021;Edge, D., Westrip, J. (2021). Lampides boeticus. The IUCN Red List of Threatened Species 2021: e.T174427A161341394;Lampides boeticus
0;Australia;Opogona omoscopa;Australian;2004;Fogliani, R., Strickland, G. (2004). Biological Control of Dock: Enhanced Distribution of the Dock Moth. Meat and Livestock Australia. Sidney, Australia.;Opogona omoscopa
0;Australia;Tachystola acroxantha;Australian;2010;Patrick, B. (2010). Southern spread of moths in New Zealand. The Weta. 40: 32-38;Tachystola acroxantha
0;Australia;Uraba lugens;Australian;2024;CAB International (CABI) (2024). CABI Invasive Species Compendium. Available at: https://www.cabidigitallibrary.org/product/QI;Uraba lugens
0;Australia;Carposina autologa;Australian;2017;Gordon, A., Lyons, C. (2017). Current status of Carposina autologa (Lepidoptera: Carposinidae), a biological control agent of silky hakea, Hakea sericea (Proteaceae) and rock hakea, Hakea gibbosa (Proteaceae) in the Western Cape, South Africa. African Entomology. 25(1): 250-253;Carposina autologa
0;Australia;Amyna natalis;Australian;2009;Holloway, J. (2009). Moths of Borneo 13. Family Noctuidae, subfamilies Pantheinae (part), Bagisarinae, Acontiinae, Aediinae, Eustrotiinae, Bryophilinae, Araeopteroinae, Aventiinae, Eublemminae and further miscellaneous genera. Malayan Nature Journal. 62 (1) : 1-240 Available online at: https://www.mothsofborneo.com/part-13/;Amyna natalis
0;Australia;Ategumia adipalis;Australian;2024;Commonwealth Scientific and Industrial Research Organization (CSIRO) (2024). Australian Moths Online - Australian National Insect Collection. Available at: https://moths.csiro.au/;Ategumia adipalis
0;Australia;Bactra venosana;Australian;2015;Sohn, J., et al. (2015). Seven species of Olethreutinae (Lepidoptera: Tortricidae) new to Korea. Journal of Asia-Pacific Biodiversity. 8(2): 133-138;Bactra venosana
0;Australia;Callopistria maillardi;Australian;2024;de Prins, J., de Prins, W. (2024). Afromoths, online database of Afrotropical moth species (Lepidoptera). Available at: http://www.afromoths.net;Callopistria maillardi
0;Australia;Rhynchopalpus brunella;Australian;2019;Joshi, R., et al. (2019). An updated checklist of subfamily Nolinae (Lepidoptera, Nolidae) from India. Records of the Zoological Survey of India. 119(3): 263-281;Rhynchopalpus brunella
0;Australia;Cacyreus marshalli;Australian;2008;Quacchia, A., et al. (2008). Can the Geranium Bronze, Cacyreus marshalli, become a threat for European biodiversity? Biodiversity and Conservation. 17: 1429-1437;Cacyreus marshalli
0;Australia;Danaus chrysippus;Australian;2021;Westrip, J. (2021). Danaus chrysippus (errata version published in 2022). The IUCN Red List of Threatened Species. 2021: e.T174455A222994680;Danaus chrysippus
0;Australia;Diplopseustis perieresalis;Australian;2006;Speidel, W., et al. (2006). The exotic pyraloid moth Diplopseustis perieresalis (Walker) expanding in the West Palaearctic Region (Crambidae: Spilomelinae). Nota Lepiderologica. 29(3): 185-192;Diplopseustis perieresalis
0;Australia;Danaus plexippus;Australian;2022;Walker, A., et al. (2022). Danaus plexippus (errata version published in 2022). The IUCN Red List of Threatened Species. 2022: e.T159971A219149911;Danaus plexippus
0;Australia;Chrysodeixis eriosoma;Australian;2024;de Prins, J., de Prins, W. (2024). Afromoths, online database of Afrotropical moth species (Lepidoptera). Available at: http://www.afromoths.net;Chrysodeixis eriosoma
0;Australia;Parapoynx crisonalis;Australian;2017;Chen, Q., et al. (2017). Age-stage, two-sex life table of Parapoynx crisonalis (Lepidoptera: Pyralidae) at different temperatures. PloS one. 12(3): e0173380;Parapoynx crisonalis
0;Australia;Parapoynx diminutalis;Australian;1996;Buckingham, G., Bennett, C. (1996). Laboratory biology of an immigrant Asian moth, Parapoynx diminutalis (Lepidoptera: Pyralidae), on Hydrilla verticillata (Hydrocharitaceae). Florida Entomologist. 79(3): 353-353;Parapoynx diminutalis
0;Australia;Parapoynx polydectalis;Australian;2019;Purcell, M., et al. (2019). Exploration for candidate biological control agents of the submerged aquatic weed Hydrilla verticillata, in Asia and Australia 1996-2013. BioControl. 64: 233-247;Parapoynx polydectalis
0;Australia;Earias vittella;Australian;2003;Nash, S. (2003). Earias vittella (Fabricius) (Lep.: Noctuidae) the first occurrence of wild-caught moths in Europe. Entomologists Record and Journal of Variation. 115: 187-188;Earias vittella
0;Australia;Neomusotima conspurcatalis;Australian;2018;McCulloch, G., et al. (2018). Assessment of genetic structuring in the Lygodium fern moths Austromusotima camptozonale and Neomusotima conspurcatalis in their native range: implications for biological control. Biological Control. 121: 8-13;Neomusotima conspurcatalis
0;Australia;Neomusotima conspurcatalis;Australian;2004;Solis, M., et al. (2004). Species of Lygomusotima new genus and Neomusotima Yoshiyasu (Lepidoptera: Crambidae) from Australia and southeastern Asia feeding on Lygodium microphyllum (Schizaeaceae). Annals of the Entomological Society of America. 97(1): 64-76;Neomusotima conspurcatalis
0;Australia;Helicoverpa armigera;Australian;2017;Tay, W., et al. (2017). Mitochondrial DNA and trade data support multiple origins of Helicoverpa armigera (Lepidoptera, Noctuidae) in Brazil. Scientific Reports. 7: 45302;Helicoverpa armigera
0;Australia;Rhyacionia buoliana;Australian;2020;Fuentes, N., et al. (2020). Multi-taxa inventory of naturalized species in Chile (including native Chilean species introduced in other areas of the national territory outside of their original range). NeoBiota. 60: 25-41;Rhyacionia buoliana
0;Australia;Elophila difflualis;Australian;2010;Chen, F., et al. (2010). A review of the genus Elophila Hubner, 1822 in China (Lepidoptera: Crambidae: Acentropinae). Aquatic Insects. 32(1): 35-60;Elophila difflualis
0;Australia;Arcte coerula;Australian;2022;Au, M., Wright, M. (2022). Ramie Moth, Arcte coerula (Lepidoptera: Noctuidae): A New Invasive Pest in Hawaii on Endemic Plants. Proceedings of the Hawaiian Entomological Society. 54: 63-76;Arcte coerula
0;Australia;Teia anartoides;Australian;2024;CAB International (CABI) (2024). CABI Invasive Species Compendium. Available at: https://www.cabidigitallibrary.org/product/QI;Teia anartoides
0;Australia;Assara seminivale;Australian;2024;Austin, K., Rubinoff, D. (2024). New records of introduced Lepidoptera in the Hawaiian Islands for the year 2023. Bishop Museum Occasional Papers. 156: 111-121;Assara seminivale
0;Australia;Ophiusa disjungens;Australian;2005;Holloway, J. (2005). The Moths of Borneo, Parts 15 & 16 Noctuidae: Catocalinae. Southdene Sdn Bhd. Available online at: https://www.mothsofborneo.com/part-15-16/index.htm;Ophiusa disjungens
0;Australia;Barea asbolaea;Australian;2000;Common, I. (2000). Oecophorine genera of Australia III: the Barea group and unplaced genera (Lepidoptera: Oecophoridae) (Vol. 8). Csiro Publishing.;Barea asbolaea
0;Australia;Uresiphita ornithopteralis;Australian;1978;Bashford, R. (1978). The biology of the Tree Lucerne MothUresiphita ornithopteralis(Guenee)(Lepidoptera: Pyralidae) in southern Tasmania. The Australian Entomologist. 5(4): 71-76;Uresiphita ornithopteralis
0;Oceania;Anisoplaca cosmia;Australian;1956;Bradley, J. (1956). Records and descriptions of microlepidoptera from Lord Howe Island and Norfolk Island collected by the British Museum (Natural History) Rennell Island Expedition, 1953. Bulletin of the British Museum (Natural History) - Entomology Series. 4(4): 143-164;Anisoplaca cosmia
0;Oceania;Achaea janata;Australian;1978;Edwards, E. (1978). A review of the genus Archaea in Australia (Lepidoptera: Noctuidae). Journal of the Australian Entomological Society. 17: 329-340;Achaea janata
0;Oceania;Ophiusa disjungens;Oceanina;2005;Holloway, J. (2005). The Moths of Borneo, Parts 15 & 16 Noctuidae: Catocalinae. Southdene Sdn Bhd. Available online at: https://www.mothsofborneo.com/part-15-16/index.htm;Ophiusa disjungens
0;Asia;Achaea janata;Oriental;1978;Edwards, E. (1978). A review of the genus Archaea in Australia (Lepidoptera: Noctuidae). Journal of the Australian Entomological Society. 17: 329-340;Achaea janata
0;Europe;Notocelia rosaecolana;Palearctic;2007;Khramov, P. (Ed.) (2007). Insecta.pro: international entomological community. Available online at: https://insecta.pro;Notocelia rosaecolana
0;Europe;Argyresthia laevigatella;Palearctic;2007;Khramov, P. (Ed.) (2007). Insecta.pro: international entomological community. Available online at: https://insecta.pro;Argyresthia laevigatella
0;Europe;Caloptilia roscipennella;Palearctic;2007;Khramov, P. (Ed.) (2007). Insecta.pro: international entomological community. Available online at: https://insecta.pro;Caloptilia roscipennella
0;Europe;Coleophora spiraeella;Palearctic;2010;Lopez-Vaamonde, C., et al. (2010). Lepidoptera. Chapter 11. BioRisk. 4: 603-668;Coleophora spiraeella
0;Europe;Cydia grunertiana;Palearctic;2020;Roy, D., et al. (2020). DAISIE - Delivering Alien Invasive Species Inventories for Europe. Available at: http://www.europe-aliens.org/;Cydia grunertiana
0;Europe;Heringocrania unimaculella;Palearctic;2007;Khramov, P. (Ed.) (2007). Insecta.pro: international entomological community. Available online at: https://insecta.pro;Heringocrania unimaculella
0;Europe;Scrobipalpa ocellatella;Palearctic;2019;Bidzilya, O., et al. (2019). An annotated checklist of Gelechiidae (Lepidoptera) of Israel with description of two new species. Zootaxa. 4677(1): 1-68;Scrobipalpa ocellatella
0;Europe;Adoxophyes orana;Palearctic;2007;Khramov, P. (Ed.) (2007). Insecta.pro: international entomological community. Available online at: https://insecta.pro;Adoxophyes orana
0;Europe;Lymantria monacha;Palearctic;2024;CAB International (CABI) (2024). CABI Invasive Species Compendium. Available at: https://www.cabidigitallibrary.org/product/QI;Lymantria monacha
0;Europe;Euplexia lucipara;Palearctic;2018;Amer, A., et al. (2018). Review of subfamily: Xyleninae of Egypt (Lepidoptera, Noctuidae). Egyptian Academic Journal of Biological Sciences. 11(5): 103-125;Euplexia lucipara
0;Europe;Gracillaria syringella;Palearctic;2024;de Prins, J., de Prins, W. (2024). Global Taxonomic Database of Gracillariidae (Lepidoptera). Avaliable at: http://www.gracillariidae.net;Gracillaria syringella
0;Europe;Coleophora coracipennella;Palearctic;2007;Khramov, P. (Ed.) (2007). Insecta.pro: international entomological community. Available online at: https://insecta.pro;Coleophora coracipennella
0;Europe;Coleophora frischella;Palearctic;2007;Khramov, P. (Ed.) (2007). Insecta.pro: international entomological community. Available online at: https://insecta.pro;Coleophora frischella
0;Europe;Chrysoclista linneela;Palearctic;2007;Khramov, P. (Ed.) (2007). Insecta.pro: international entomological community. Available online at: https://insecta.pro;Chrysoclista linneela
0;Europe;Daphnis nerii;Palearctic;2024;Pittaway, A. (2024). Sphingidae of the Western Palaearctic (including Europe, North Africa, the Middle East, western Siberia and western Central Asia). Available at: https://tpittaway.tripod.com/sphinx/list.htm;Daphnis nerii
0;Europe;Coleophora striatipennella;Palearctic;2007;Khramov, P. (Ed.) (2007). Insecta.pro: international entomological community. Available online at: https://insecta.pro;Coleophora striatipennella
0;Europe;Depressaria radiella;Palearctic;2007;Khramov, P. (Ed.) (2007). Insecta.pro: international entomological community. Available online at: https://insecta.pro;Depressaria radiella
0;Europe;Blastobasis glandulella;Palearctic;2007;Khramov, P. (Ed.) (2007). Insecta.pro: international entomological community. Available online at: https://insecta.pro;Blastobasis glandulella
0;Europe;Phyllonorycter leucographella;Palearctic;2007;Triberti, P. (2007). The Phyllonorycter species from Palaearctic Region feeding on Rosaceae (Lepidoptera, Gracillariidae). Bollettino del Museo Civico di Storia Naturale di Verona. 31: 147-221;Phyllonorycter leucographella
0;Europe;Anacampsis populella;Palearctic;2009;Holloway, J. (2009). Moths of Borneo 13. Family Noctuidae, subfamilies Pantheinae (part), Bagisarinae, Acontiinae, Aediinae, Eustrotiinae, Bryophilinae, Araeopteroinae, Aventiinae, Eublemminae and further miscellaneous genera. Malayan Nature Journal. 62 (1) : 1-240 Available online at: https://www.mothsofborneo.com/part-13/;Anacampsis populella
0;Europe;Apamea unanimis;Palearctic;2007;Khramov, P. (Ed.) (2007). Insecta.pro: international entomological community. Available online at: https://insecta.pro;Apamea unanimis
0;Europe;Apterona helicoidella;Palearctic;2007;Khramov, P. (Ed.) (2007). Insecta.pro: international entomological community. Available online at: https://insecta.pro;Apterona helicoidella
0;Europe;Archips oporana;Palearctic;2007;Khramov, P. (Ed.) (2007). Insecta.pro: international entomological community. Available online at: https://insecta.pro;Archips oporana
0;Europe;Athrips rancidella;Palearctic;2007;Khramov, P. (Ed.) (2007). Insecta.pro: international entomological community. Available online at: https://insecta.pro;Athrips rancidella
0;Europe;Batia lunaris;Palearctic;2007;Khramov, P. (Ed.) (2007). Insecta.pro: international entomological community. Available online at: https://insecta.pro;Batia lunaris
0;Europe;Gracillaria syringella;Palearctic;2007;Khramov, P. (Ed.) (2007). Insecta.pro: international entomological community. Available online at: https://insecta.pro;Gracillaria syringella
0;Europe;Caradrina morpheus;Palearctic;2007;Khramov, P. (Ed.) (2007). Insecta.pro: international entomological community. Available online at: https://insecta.pro;Caradrina morpheus
0;Europe;Choreutis pariana;Palearctic;2007;Khramov, P. (Ed.) (2007). Insecta.pro: international entomological community. Available online at: https://insecta.pro;Choreutis pariana
0;Europe;Clepsis spectrana;Palearctic;2007;Khramov, P. (Ed.) (2007). Insecta.pro: international entomological community. Available online at: https://insecta.pro;Clepsis spectrana
0;Europe;Coleophora colutella;Palearctic;2007;Khramov, P. (Ed.) (2007). Insecta.pro: international entomological community. Available online at: https://insecta.pro;Coleophora colutella
0;Europe;Cydia coniferana;Palearctic;2007;Khramov, P. (Ed.) (2007). Insecta.pro: international entomological community. Available online at: https://insecta.pro;Cydia coniferana
0;Europe;Cymolomia hartigiana;Palearctic;2007;Khramov, P. (Ed.) (2007). Insecta.pro: international entomological community. Available online at: https://insecta.pro;Cymolomia hartigiana
0;Europe;Dichelia histrionana;Palearctic;2007;Khramov, P. (Ed.) (2007). Insecta.pro: international entomological community. Available online at: https://insecta.pro;Dichelia histrionana
0;Europe;Grapholita delineana;Palearctic;2007;Khramov, P. (Ed.) (2007). Insecta.pro: international entomological community. Available online at: https://insecta.pro;Grapholita delineana
0;Europe;Hyles euphorbiae;Palearctic;1993;Meerman, J. (1993). Relationships within the Hyles euphorbiae-complex: a numerical taxonomy approach (Lepidoptera: Sphingidae). Entomologists Gazette. 44: 205-205;Hyles euphorbiae
0;Europe;Lobesiodes euphorbiana;Palearctic;2007;Khramov, P. (Ed.) (2007). Insecta.pro: international entomological community. Available online at: https://insecta.pro;Lobesiodes euphorbiana
0;Europe;Metzneria paucipunctella;Palearctic;2018;Government of British Columbia (2018). Metzneria paucipunctella Zell. Available at: https://www2.gov.bc.ca/assets/gov/farming-natural-resources-and-industry/forestry/agents/metzneria_paucipunctella.pdf;Metzneria paucipunctella
0;Europe;Leucoptera sinuella;Palearctic;2007;Khramov, P. (Ed.) (2007). Insecta.pro: international entomological community. Available online at: https://insecta.pro;Leucoptera sinuella
0;Europe;Argyresthia trifasciata;Palearctic;2014;Konecna, H., Sefrova, H. (2014). Morphology, biology and control possibilities of two Argyresthia species-A. thuiella and A. trifasciata (Lepidoptera: Argyresthiidae). Acta Universitatis Agriculturae et Silviculturae Mendelianae Brunensis. 62(3): 529-538;Argyresthia trifasciata
0;Asia;Elophila nymphaeata;Palearctic;1984;Speidel, W. (1984). Revision der Acentropinae des palaearktischen Faunengebietes (Lepidoptera: Crambidae). Neue Entomologische Nachrichten. 12: 1-157;Elophila nymphaeata
0;Asia;Archips xylosteana;Palearctic;2024;CAB International (CABI) (2024). CABI Invasive Species Compendium. Available at: https://www.cabidigitallibrary.org/product/QI;Archips xylosteana
0;Asia;Euplexia lucipara;Palearctic;2018;Amer, A., et al. (2018). Review of subfamily: Xyleninae of Egypt (Lepidoptera, Noctuidae). Egyptian Academic Journal of Biological Sciences. 11(5): 103-125;Euplexia lucipara
0;Asia;Autographa gamma;Palearctic;2007;Sullivan, M., Molet, T. (2007). CPHST Pest Datasheet for Autographa gamma (Revised January 2014). USDA-APHIS-PPQ-CPHST.;Autographa gamma
0;Asia;Bradyrrhoa gilveolella;Palearctic;2000;Littlefield, J., et al. (2000). A petition for the introduction and field release of the Chondrilla root moth, Bradyrrhoa gilveolella (Treitschke), for the biological control of rush skeletonweed in North America. USDA-APHIS Biological Control of Weeds Petition.;Bradyrrhoa gilveolella
0;Africa;Earias biplaga;Afrotropical;2016;de Prins, W., Mazzei, P. (2016). Some faunistic notes on selected moth species (Lepidoptera) from the Seychelles. Phelsuma. 24: 21-34;Earias biplaga
0;Europe;Clavigesta sylvestrana;Palearctic;1997;Vieira, V. (1997). Lepidoptera of the Azores Islands. Boletim do Museu Municipal do Funchal. 49(273): 5-76;Clavigesta sylvestrana
0;Europe;Danaus plexippus;Palearctic;2022;Walker, A., et al. (2022). Danaus plexippus (errata version published in 2022). The IUCN Red List of Threatened Species. 2022: e.T159971A219149911;Danaus plexippus
0;Europe;Cnephasia longana;Palearctic;2007;Khramov, P. (Ed.) (2007). Insecta.pro: international entomological community. Available online at: https://insecta.pro;Cnephasia longana
0;Europe;Lymantria dispar;Palearctic;2007;Pogue, M. (2007). A Review of Selected Species of Lymantria Hubner (1819) (Lepidoptera: Noctuidae: Lymantriinae) from Subtropical and Temperate Regions of Asia, Including the Descriptions of Three New Species, Some Potentially Invasive to North America. U.S. Department of Agriculture, Forest Health Technology Enterprise Team. 223 pp;Lymantria dispar
0;Africa;Mussidia nigrivenella;Afrotropical;1999;Setamou, M., et al. (1999). Bionomics of Mussidia nigrivenella (Lepidoptera: Pyralidae) on three host plants. Bulletin of Entomological Research. 89(5): 465-471;Mussidia nigrivenella
0;Africa;Vanessa cardui;Afrotropical;2020;Walker, A., Coetzer, A. (2020). Vanessa cardui. The IUCN Red List of Threatened Species. 2020: e.T174379A161326679;Vanessa cardui
0;Africa;Helicoverpa armigera;Afrotropical;2017;Tay, W., et al. (2017). Mitochondrial DNA and trade data support multiple origins of Helicoverpa armigera (Lepidoptera, Noctuidae) in Brazil. Scientific Reports. 7: 45302;Helicoverpa armigera
0;Asia;Chilo infuscatellus;Oriental;2024;Li, A., et al. (2024). Sugarcane borers: species, distribution, damage and management options. Journal of Pest Science. 97(3): 1171-1201;Chilo infuscatellus
0;Asia;Parapoynx stagnalis;Oriental;1993;Waterhouse, D. (1993). The major arthropod pests and weeds of agriculture in Southeast Asia: distribution, importance and origin. Australian Centre for International Agricultural Research - ACIAR. Camberra, Australia;Parapoynx stagnalis
0;Asia;Actias selene;Oriental;2007;Choldumrongkul, S., et al. (2007). Geographical distribution and status of Actias Moths in Thailand. Walailak Journal of Science and Technology (WJST). 4(2): 203-213;Actias selene
0;Asia;Antheraea paphia;Oriental;2016;Peigler, R., Naumann, S. (2016) What exactly is Antheraea paphia (Linnaeus, 1758)? (Lepidoptera, Saturnidae). Atalanta. 47(3): 500-520;Antheraea paphia
0;Asia;Euploea core;Oriental;2011;Muller, C., Tennent, W. (2011). Euploea core. The IUCN Red List of Threatened Species 2011: e.T160339A5362889;Euploea core
0;Asia;Lymantria mathura;Oriental;2024;CAB International (CABI) (2024). CABI Invasive Species Compendium. Available at: https://www.cabidigitallibrary.org/product/QI;Lymantria mathura
0;Asia;Papilio demoleus;Oriental;2020;Riaz, S., et al. (2020). Morphology, life cycle and management of two invasive subspecies of Papilio demoleus (Lepidoptera: Papilionidae): A review. Journal of Applied Entomology. 144: 845-856;Papilio demoleus
0;Asia;Earias cupreoviridis;Oriental;2016;Mazed, M., et al. (2016). Identification of okra shoot and fruit borer infesting okra and their distribution in Bangladesh. Bangladesh Journal of Agricultural Research. 41(4): 657-665;Earias cupreoviridis
0;Asia;Aproaerema modicella;Oriental;1993;Shanower, T., et al. (1993). Biology and control of the groundnut leafminer, Aproaerema modicella (Deventer)(Lepidoptera: Gelechiidae). Crop Protection. 12(1): 3-10;Aproaerema modicella
0;Asia;Scirpophaga incertulas;Oriental;2006;Chen, F., et al. (2006). A review of the genus Scirpophaga Treitschke, 1832 in China (Lepidoptera: Pyralidae). Zootaxa. 1236(1): 1-22;Scirpophaga incertulas
0;Asia;Appias lyncida;Oriental;2017;Al Haidar, I., et al. (2017). Species diversity and habitat preference of butterflies (Insecta: Lepidoptera) in Inani Reserve Forest of Cox s Bazar, Bangladesh. Journal of Insect Biodiversity and Systematics. 3(1): 47-67;Appias lyncida
0;Asia;Leucinodes orbonalis;Oriental;2015;Mally, R., et al. (2015). Discovery of an unknown diversity of Leucinodes species damaging Solanaceae fruits in sub-Saharan Africa and moving in trade (Insecta, Lepidoptera, Pyraloidea). ZooKeys. 472: 117-162;Leucinodes orbonalis
0;Asia;Lampides boeticus;Oriental;2021;Edge, D., Westrip, J. (2021). Lampides boeticus. The IUCN Red List of Threatened Species 2021: e.T174427A161341394;Lampides boeticus
0;Asia;Chilo partellus;Oriental;1990;Harris, K. (1990). Keynote address: bioecology of Chilo species. International Journal of Tropical Insect Science. 11(4): 467-477;Chilo partellus
0;Asia;Chilo suppressalis;Oriental;2024;CAB International (CABI) (2024). CABI Invasive Species Compendium. Available at: https://www.cabidigitallibrary.org/product/QI;Chilo suppressalis
0;Asia;Hypena strigatus;Oriental;2013;Kononenko, V., Pinratana, A. (2013). Moths of Thailand. Noctuoidea. An illustrated Catalogue of Erebidae, Nolidae, Euteliidae and Noctuidae (Insecta, Lepidoptera) in Thailand. Brothers of St. Gabriel in Thailand. Bangkok.;Hypena strigatus
0;Asia;Danaus chrysippus;Oriental;2021;Westrip, J. (2021). Danaus chrysippus (errata version published in 2022). The IUCN Red List of Threatened Species. 2021: e.T174455A222994680;Danaus chrysippus
0;Europe;Acalyptris platani;Palearctic;2007;van Nieukerken, E. (2007). Acalyptris Meyrick: revision of the platani and staticis groups in Europe and the Mediterranean (Lepidoptera: Nepticulidae). Zootaxa. 1436: 1-48;Acalyptris platani
0;Europe;Bradyrrhoa gilveolella;Palearctic;2000;Littlefield, J., et al. (2000). A petition for the introduction and field release of the Chondrilla root moth, Bradyrrhoa gilveolella (Treitschke), for the biological control of rush skeletonweed in North America. USDA-APHIS Biological Control of Weeds Petition.;Bradyrrhoa gilveolella
0;Europe;Bactra venosana;Palearctic;2007;Khramov, P. (Ed.) (2007). Insecta.pro: international entomological community. Available online at: https://insecta.pro;Bactra venosana
0;Europe;Dialectica scalariella;Palearctic;2023;Langdon, W. (2023). Dialectica scalariella (Zeller, 1850)(Lep.: Gracillariidae) at Dungeness, Kent: The first British Breeding Record. Entomologists Record and Journal of Variation. 135: 6-18;Dialectica scalariella
0;Europe;Archips xylosteana;Palearctic;2008;Hoebeke, E.,et al. (2008). Archips xylosteana (L.)(Lepidoptera: Tortricidae), a palearctic leafroller new to North America. Proceedings of the Entomological Society of Washington. 110(3): 789-795;Archips xylosteana
0;North America;Stylopalpia luniferella;Panamanian;1901;Hampson, G. (1901). Lepidoptera - Phalaenae of the Bahamas. Annals of Natural History. 7: 246-261;Stylopalpia luniferella
0;North America;Lipographis subosseella;Panamanian;1992;Frank, J., McCoy, E. (1992). Introduction to the Behavioral Ecology of Immigration. The Immigration of Insects to Florida, with a Tabulation of Records Published Since 1970. The Florida Entomologist.75(1): 1-28;Lipographis subosseella
0;North America;Mythimna unipuncta;Panamanian;2024;CAB International (CABI) (2024). CABI Invasive Species Compendium. Available at: https://www.cabidigitallibrary.org/product/QI;Mythimna unipuncta
0;North America;Anomis erosa;Panamanian;1883;Grote, A. (1883). Introduction to a Study of the North American Noctuidae. Proceedings of the American Philosophical Society. 21(114): 134-176;Anomis erosa
0;North America;Callopistria floridensis;Panamanian;1913;Chittenden, F. (1913). The Florida fern caterpillar (No. 125). US Department of Agriculture, Bureau of Entomology.;Callopistria floridensis
0;North America;Pareuchaetes insulata;Panamanian;1993;Kluge, R., Caldwell, P. (1993). Host Specificity of Parachaetes insulata (Lepidoptera: Arctiidae), a Biological Control Agent for Chromolaena odorata (Compositae). Entomophaga. 38(4): 451-457;Pareuchaetes insulata
0;North America;Ategumia ebulealis;Panamanian;2022;Brou Jr, V., Brou, C. (2022). Abita Entomological Study Site. Southern Lepidopterists News. 44(5): 409-460;Ategumia ebulealis
0;North America;Bema neuricella;Panamanian;1992;Frank, J., McCoy, E. (1992). Introduction to the Behavioral Ecology of Immigration. The Immigration of Insects to Florida, with a Tabulation of Records Published Since 1970. The Florida Entomologist.75(1): 1-28;Bema neuricella
0;North America;Empyreuma affinis;Panamanian;1992;Frank, J., McCoy, E. (1992). Introduction to the Behavioral Ecology of Immigration. The Immigration of Insects to Florida, with a Tabulation of Records Published Since 1970. The Florida Entomologist.75(1): 1-28;Empyreuma affinis
0;North America;Cyclargus ammon;Panamanian;2006;Matthews, D., Duncan, M. (2006). Additional records of Cyclargus ammon (Lycaenidae: Lycaeninae) in the Florida Keys. Journal of the Lepidopterists Society. 60(2): 97-99;Cyclargus ammon
0;North America;Thecla limenia;Panamanian;1986;Scott, J. (1986). Distribution of Caribbean Butterflies. Papilio. 3: 1-26;Thecla limenia
0;Europe;Stigmella suberivora;Palearctic;2003;van Nieukerken, E., Johansson, R. (2003). The Quercus feeding Stigmella species of the West Palaearctic: new species, key and distribution (Lepidoptera: Nepticulidae). Tijdschrift voor Entomologie. 146: 307-370;Stigmella suberivora
0;Europe;Phyllonorycter messaniella;Palearctic;2007;Triberti, P. (2007). The Phyllonorycter species from Palaearctic Region feeding on Rosaceae (Lepidoptera, Gracillariidae). Bollettino del Museo Civico di Storia Naturale di Verona. 31: 147-221;Phyllonorycter messaniella
0;Europe;Caradrina clavipalpis;Palearctic;2024;de Prins, J., de Prins, W. (2024). Afromoths, online database of Afrotropical moth species (Lepidoptera). Available at: http://www.afromoths.net;Caradrina clavipalpis
0;North America;Stenoma catenifer;Panamanian;2008;Hoddle, M., Hoddle, C. (2008). Bioecology of Stenoma catenifer (Lepidoptera: Elachistidae) and associated larval parasitoids reared from Hass avocados in Guatemala. Journal of Economic Entomology. 101(3): 692-698;Stenoma catenifer
0;North America;Vanessa virginiensis;Panamanian;2020;Walker, A. (2020). Vanessa virginiensis. The IUCN Red List of Threatened Species. 2020: e.T161254A882795;Vanessa virginiensis
0;North America;Anartia fatima;Panamanian;2022;Pfeiler, E., et al. (2022). Phenotypic diversity, population genetics and interspecific relationships of the Neotropical banded peacock butterfly Anartia fatima (Nymphalidae: Nymphalinae). Biological Journal of the Linnean Society. 136(1): 135-144;Anartia fatima
0;North America;Leuciris fimbriaria;Panamanian;2002;Pitkin, L. (2002). Neotropical ennomine moths: a review of the genera (Lepidoptera: Geometridae). Zoological Journal of the Linnean Society. 135(2): 121-401;Leuciris fimbriaria
0;North America;Brephidium exilis;Panamanian;2022;Calhoun, J., Smith, R. (2022). Brephidium exilis (Lycaenidae) Colonizes the Tampa Bay Area as a New Florida State Record. Southern Lepidopterists News. 44(4): 487-493;Brephidium exilis
0;North America;Danaus plexippus;Panamanian;2022;Walker, A., et al. (2022). Danaus plexippus (errata version published in 2022). The IUCN Red List of Threatened Species. 2022: e.T159971A219149911;Danaus plexippus
0;North America;Chloridea virescens;Panamanian;2013;Pogue, M. (2013). Revised status of Chloridea Duncan and (Westwood), 1841, for the Heliothis virescens species group (Lepidoptera: Noctuidae: Heliothinae) based on morphology and three genes. Systematic Entomology. 38(3): 523-542;Chloridea virescens
0;North America;Thessalia theona;Panamanian;2016;Erenler, H., et al. (2016). Butterfly Diversity at Lost Canyon Nature Reserve, Nicaragua, including a new country record. Revista Nicaraguense de Entomologia. 106;Thessalia theona
0;South America;Symmetrischema tangolias;Neotropical;2016;Sporleder, M., et al. (2016). Andean potato tuber moth, Symmetrischema tangolias (Gyen 1913). In: Kroschel, J., et al. (2016). Pest distribution and risk atlas for Africa. Potential global and regional distribution and abundance of agricultural and horticultural pests and associated biocontrol agents under current and future climates. International Potato Center (CIP), Lima, Peru.;Symmetrischema tangolias
0;South America;Vanessa virginiensis;Neotropical;2020;Walker, A. (2020). Vanessa virginiensis. The IUCN Red List of Threatened Species. 2020: e.T161254A882795;Vanessa virginiensis
0;South America;Palpita persimilis;Neotropical;2012;Hayden, J., Buss, L. (2012). Olive shootworm (Palpita persimilis) in Florida. Florida Department of Agriculture and Consumer Services - Division of Plant Industry - Entomology Circular. 426;Palpita persimilis
0;South America;Antichloris eriphia;Neotropical;2016;Gernaat, H. (2016). Notes on the early stages of Antichloris eriphia (Erebidae: Arctiinae) in Suriname. The Journal of the Lepidopterists Society. 70(4): 311-314;Antichloris eriphia
0;South America;Antichloris steinbachi;Neotropical;1975;Field, W. (1975). Ctenuchid moths of Ceramidia Butler, Ceramidiodes Hampson, and the caca species group of Antichloris Hubner. Smithsonian Contributions to Zoology. 198: 45pp;Antichloris steinbachi
0;South America;Phthorimaea operculella;Neotropical;2013;Kroschel, J., Zegarra, O. (2013). Attract-and-kill as a new strategy for the management of the potato tuber moths Phthorimaea operculella (Zeller) and Symmetrischema tangolias (Gyen) in potato: evaluation of its efficacy under potato field and storage conditions. Pest Management Science. 69(11): 1205-1215;Phthorimaea operculella
0;South America;Diatraea rufescens;Neotropical;2016;Solis, M., Metz, M. (2016). An illustrated guide to the identification of the known species of Diatraea Guilding (Lepidoptera, Crambidae, Crambinae) based on genitalia. ZooKeys. 565: 73-121;Diatraea rufescens
0;South America;Herpetogramma bipunctalis;Neotropical;2013;Diez-Rodriguez, G., et al. (2013). Herpetogramma bipunctalis (Lepidoptera: Crambidae) biology and techniques for rearing on leaves of the blackberry (Rubus spp., Rosaceae). Brazilian Journal of Biology. 73: 179-184;Herpetogramma bipunctalis
0;South America;Chloridea virescens;Neotropical;2013;Pogue, M. (2013). Revised status of Chloridea Duncan and (Westwood), 1841, for the Heliothis virescens species group (Lepidoptera: Noctuidae: Heliothinae) based on morphology and three genes. Systematic Entomology. 38(3): 523-542;Chloridea virescens
0;South America;Ancylostomia stercorea;Neotropical;1972;Barrow, R. (1972). The bionomics of Ancyclostomia stercorea (zeller): a pod-borer on pigeon pea in Trinidad. [PhD Thesis, McGill University, Quebec].;Ancylostomia stercorea
0;South America;Bactra philocherda;Neotropical;2008;Razowski, J., et al. (2008). The Tortricidae (Lepidoptera) of the Galapagos Islands, Ecuador. Revue Suisse de Zoologie. 115(1): 185;Bactra philocherda
0;South America;Epidromia pannosa;Neotropical;1986;Solis, M. (1986). A new species of Epidromia (Noctuidae) from Florida. Journal of the Lepidopterists Society. 40(1): 8-19;Epidromia pannosa
0;South America;Callopistria floridensis;Neotropical;1913;Chittenden, F. (1913). The Florida fern caterpillar (No. 125). US Department of Agriculture, Bureau of Entomology.;Callopistria floridensis
0;South America;Caphys biliniata;Neotropical;2023;Rodriguez, A., et al. (2023). Capiitulo XIII Insectos asociados a los cultivares hibridos interespecificos OxG. In: Romero, H. Los hibridos interespecificos OxG de palma de aceite. Cenipalma. Bogota D.C., Colombia.;Caphys biliniata
0;South America;Erinnyis ello;Neotropical;1920;Moda, E. (1920). Sphingidae Of Para, Brazil. Novitates Zoologicae. 27: 333-424;Erinnyis ello
0;South America;Salbia haemorrhoidalis;Neotropical;2016;Landry, B. (2016). Taxonomic revision of the Spilomelinae (Lepidoptera, Pyralidae sl) of the Galapagos Islands, Ecuador. Revue Suisse de Zoologie. 123(2): 315-399;Salbia haemorrhoidalis
0;South America;Salbia haemorrhoidalis;Neotropical;2024;de Prins, J., de Prins, W. (2024). Afromoths, online database of Afrotropical moth species (Lepidoptera). Available at: http://www.afromoths.net;Salbia haemorrhoidalis
0;South America;Azeta repugnalis;Neotropical;2002;Barnes, M. (2002). A preliminary illustrated catalogue of the larger moths of Jamaica. Available at: http://www.mbarnes.force9.co.uk/jamaicamoths/jamaicahome.htm;Azeta repugnalis
0;South America;Spodoptera frugiperda;Neotropical;2023;Tay, W., et al. (2023). Spodoptera frugiperda: ecology, evolution, and management options of an invasive species. Annual Review of Entomology. 68(1): 299-317;Spodoptera frugiperda
0;South America;Heliconius erato;Neotropical;1994;Brower, A. (1994). Rapid morphological radiation and convergence among races of the butterfly Heliconius erato inferred from patterns of mitochondrial DNA evolution. PNAS. 91(14): 6491-6495;Heliconius erato
0;South America;Castnia licus;Neotropical;2003;Gonzales, J. (2003). Castniinae (Lepidoptera: Castniidae) from Venezuela. V: Castnia Fabricius and Telchin Hubner. Boletin del Centro de Investigaciones Biologicas. 37(3): 191-201;Castnia licus
0;South America;Leuciris fimbriaria;Neotropical;2002;Pitkin, L. (2002). Neotropical ennomine moths: a review of the genera (Lepidoptera: Geometridae). Zoological Journal of the Linnean Society. 135(2): 121-401;Leuciris fimbriaria
0;South America;Amyna axis;Neotropical;2010;Pogue, M. (2010). The Acontiinae and Eustrotiinae (Lepidoptera: Noctuidae) of Great Smoky Mountains National Park. Zootaxa. 2499: 1-20;Amyna axis
0;South America;Crasimorpha infuscata;Neotropical;1964;Hodges, R. (1964). A new species of Crasimorpha reared from Schinus. Proceedings of the Entomological Society of Washington.  65: 303-305;Crasimorpha infuscata
0;South America;Mompha trithalama;Neotropical;2007;Koster, S., et al. (2007). Two species of the Mompha trithalama-complex as possible biological control of Kosters curse and Velvet tree. XV European Congress of Lepidopterology - Berlin.;Mompha trithalama
0;South America;Strymon bazochii;Neotropical;2014;Silva, N., et al. (2014). Larval biology of anthophagous Eumaeini (Lepidoptera: Lycaenidae, Theclinae) in the Cerrado of central Brazil. Journal of Insect Science. 14(184): 1-17;Strymon bazochii
0;South America;Danaus plexippus;Neotropical;2022;Walker, A., et al. (2022). Danaus plexippus (errata version published in 2022). The IUCN Red List of Threatened Species. 2022: e.T159971A219149911;Danaus plexippus
0;South America;Lantanophaga pusillidactylus;Neotropical;2006;Gielis, C. (2006). Review of the Neotropical species of the family Pterophoridae, part I: Ochyroticinae, Deuterocopinae, Pterophorinae (Platyptiliini, Exelastini, Oxyptilini) (Lepidoptera). Zoologische Mededelingen. 80: 1-290;Lantanophaga pusillidactylus
0;South America;Anypsipyla univitella;Neotropical;1956;Heinrich, C. (1956). Checklist of American Phycitinae. Bulletin of the United States National Museum. 207: 316-329;Anypsipyla univitella
0;North America;Erinnyis ello;Panamanian;1920;Moda, E. (1920). Sphingidae Of Para, Brazil. Novitates Zoologicae. 27: 333-424;Erinnyis ello
0;Asia;Borbo cinnara;Oriental;2024;Inayoshi, Y. (2024). A Check List of Butterflies in Indo-China - Chiefly from Thailand, Laos and Vietnam. Available at: https://yutaka.it-n.jp/index.html;Borbo cinnara
0;Asia;Conopomorpha cramerella;Oriental;2024;de Prins, J., de Prins, W. (2024). Global Taxonomic Database of Gracillariidae (Lepidoptera). Avaliable at: http://www.gracillariidae.net;Conopomorpha cramerella
0;Asia;Actias selene;Oriental;2016;Chutia, B., et al. (2016). Conservation strategies of Actias selene Hubner: A wild silk moth in Nagaland, India. Environment Conservation Journal. 17(1): 41-45;Actias selene
0;Asia;Ostrinia furnacalis;Oriental;1991;Nafus, D., Schreiner, I. (1991). Review of the biology and control of the Asian corn borer, Ostrinia furnacalis (Lep: Pyralidae). International Journal of Pest Management. 37(1): 41-56;Ostrinia furnacalis
0;Asia;Trilocha varians;Oriental;2021;Ramzan, M., et al. (2021). Distribution, biology and management strategies about a less studied insect pest (Trilocha varians) of Ficus: a review. Pakistan Journal of Agricultural Research. 34(3): 638-642;Trilocha varians
0;Asia;Pericyma cruegeri;Oriental;2020;Ekka, R., et al. (2020). Outbreak of Poinciana looper moth, Pericyma cruegeri (Butler)(Lepidoptera: Erebidae) in the Korba district of Chhattisgarh. Journal of Pharmacognosy and Phytochemistry. 9(4S): 704-709;Pericyma cruegeri
0;Asia;Adoxophyes privatana;Oriental;2012;Lok, A., et al. (2012). The Native Fauna of the Native Garden at Hortpark: Birds, Fishes, Amphibians, Reptiles, Butterflies, Moths, Damselflies and Dragonflies. Raffles Museum of Biodiversity Research, National University of Singapore and Centre for Urban Greenery and Ecology, National Parks Board. Singapore.;Adoxophyes privatana
0;Asia;Clethrogyna turbata;Oriental;2015;Ong, S., Farid, A. (2015). Defoliators Of Sesenduii Endospermum Diadenum. FRIM Technical Information. 75: 1-3;Clethrogyna turbata
0;Asia;Cupha erymanthis;Oriental;1900;Moore, F., Swinhoe, C. (1900). Lepidoptera Indica - Volume IV - Rhopalocera. Lovell Reeve and Co. Limited. United Kingdom, London.;Cupha erymanthis
0;Asia;Herpetogramma licarsisalis;Oriental;1976;Tashiro, H. (1976). Biology of the grass webworm, Herpetogramma licarsisalis (Lepidoptera: Pyraustidae) in Hawaii. Annals of the Entomological Society of America. 69(5): 797-803;Herpetogramma licarsisalis
0;Asia;Herpetogramma licarsisalis;Oriental;2020;Roy, D., et al. (2020). DAISIE - Delivering Alien Invasive Species Inventories for Europe. Available at: http://www.europe-aliens.org/;Herpetogramma licarsisalis
0;Asia;Callopistria maillardi;Oriental;2024;de Prins, J., de Prins, W. (2024). Afromoths, online database of Afrotropical moth species (Lepidoptera). Available at: http://www.afromoths.net;Callopistria maillardi
0;Asia;Earias vittella;Oriental;2003;Nash, S. (2003). Earias vittella (Fabricius) (Lep.: Noctuidae) the first occurrence of wild-caught moths in Europe. Entomologists Record and Journal of Variation. 115: 187-188;Earias vittella
0;Asia;Arcte coerula;Oriental;2022;Au, M., Wright, M. (2022). Ramie Moth, Arcte coerula (Lepidoptera: Noctuidae): A New Invasive Pest in Hawaii on Endemic Plants. Proceedings of the Hawaiian Entomological Society. 54: 63-76;Arcte coerula
0;Asia;Athetis nonagrica;Oriental;2024;Holloway, J. (2024). Moths of Borneo 12. Family Notuidae, Trifine. Subfamilies: Noctuinae, Heliothinae, Hadeninae, Acronictinae, Amphipyrinae, Agaristinae. Southdene Sdn. Available at: https://www.mothsofborneo.com/part-12/index.htm;Athetis nonagrica
0;Asia;Acherontia lachesis;Oriental;2024;Pittaway, A., Kitching, I. (2024). Sphingidae of the Eastern Palaearctic (including Siberia, the Russian Far East, Mongolia, China, Taiwan, the Korean Peninsula and Japan). Available at: https://tpittaway.tripod.com/china/china.htm;Acherontia lachesis
0;Asia;Deilephila elpenor;Sino-Japanese;2013;Hanif, H., et al. (2013). First record of Deilephila elpenor L. moth from Chakwal Punjab Pakistan. International Journal of Fauna and Biological Studies. 3(2): 10-13;Deilephila elpenor
0;Asia;Deilephila elpenor;Oriental;2013;Hanif, H., et al. (2013). First record of Deilephila elpenor L. moth from Chakwal Punjab Pakistan. International Journal of Fauna and Biological Studies. 3(2): 10-13;Deilephila elpenor
0;Asia;Papilio demoleus;Sino-Japanese;2020;Riaz, S., et al. (2020). Morphology, life cycle and management of two invasive subspecies of Papilio demoleus (Lepidoptera: Papilionidae): A review. Journal of Applied Entomology. 144: 845-856;Papilio demoleus
0;Asia;Cupha erymanthis;Sino-Japanese;1900;Moore, F., Swinhoe, C. (1900). Lepidoptera Indica - Volume IV - Rhopalocera. Lovell Reeve and Co. Limited. United Kingdom, London.;Cupha erymanthis
0;Asia;Lampides boeticus;Sino-Japanese;2021;Edge, D., Westrip, J. (2021). Lampides boeticus. The IUCN Red List of Threatened Species 2021: e.T174427A161341394;Lampides boeticus
0;Asia;Danaus chrysippus;Sino-Japanese;2021;Westrip, J. (2021). Danaus chrysippus (errata version published in 2022). The IUCN Red List of Threatened Species. 2021: e.T174455A222994680;Danaus chrysippus
0;Asia;Danaus plexippus;Sino-Japanese;2022;Walker, A., et al. (2022). Danaus plexippus (errata version published in 2022). The IUCN Red List of Threatened Species. 2022: e.T159971A219149911;Danaus plexippus
0;Asia;Danaus plexippus;Oriental;2022;Walker, A., et al. (2022). Danaus plexippus (errata version published in 2022). The IUCN Red List of Threatened Species. 2022: e.T159971A219149911;Danaus plexippus
0;Asia;Paralipsa gularis;Sino-Japanese;1956;Smith, K. (1956). The occurrence and distribution of Aphomia gularis (Zell.)(Lep., Galleriidae), a pest of stored products. Bulletin of Entomological Research. 47(4): 655-667;Paralipsa gularis
0;Asia;Paralipsa gularis;Oriental;1956;Smith, K. (1956). The occurrence and distribution of Aphomia gularis (Zell.)(Lep., Galleriidae), a pest of stored products. Bulletin of Entomological Research. 47(4): 655-667;Paralipsa gularis
0;Asia;Monema flavescens;Sino-Japanese;2024;EFSA Panel on Plant Health (EFSA PLH Panel), et al. (2024). Pest categorisation of Monema flavescens. EFSA Journal. 22(7): e8831;Monema flavescens
0;Asia;Monema flavescens;Oriental;2024;EFSA Panel on Plant Health (EFSA PLH Panel), et al. (2024). Pest categorisation of Monema flavescens. EFSA Journal. 22(7): e8831;Monema flavescens
0;Africa;Earias cupreoviridis;Afrotropical;2024;de Prins, J., de Prins, W. (2024). Afromoths, online database of Afrotropical moth species (Lepidoptera). Available at: http://www.afromoths.net;Earias cupreoviridis
0;Africa;Cacyreus marshalli;Afrotropical;2008;Quacchia, A., et al. (2008). Can the Geranium Bronze, Cacyreus marshalli, become a threat for European biodiversity? Biodiversity and Conservation. 17: 1429-1437;Cacyreus marshalli
0;North America;Acleris nivisellana;Nearctic;2012;Gilligan, T., Epstein, M. (2012). TortAI, Tortricids of Agricultural Importance to the United States (Lepidoptera: Tortricidae). Identification Technology Program (ITP), USDA/APHIS/PPQ/CPHST, Fort Collins, CO. Available at: https://idtools.org/id/tortai/index.html;Acleris nivisellana
0;North America;Acleris robinsoniana;Nearctic;2012;Gilligan, T., Epstein, M. (2012). TortAI, Tortricids of Agricultural Importance to the United States (Lepidoptera: Tortricidae). Identification Technology Program (ITP), USDA/APHIS/PPQ/CPHST, Fort Collins, CO. Available at: https://idtools.org/id/tortai/index.html;Acleris robinsoniana
0;North America;Acleris senescens;Nearctic;2025;Department for Environment, Food and Rural Affairs (2025). UK Plant Health Risk Register - UK Risk Register Details for Acleris senescens. Avilable at: https://planthealthportal.defra.gov.uk/pests-and-diseases/uk-plant-health-risk-register/viewPestRisks.cfm?cslref=29507;Acleris senescens
0;North America;Acleris variana;Nearctic;1997;Otvos, I., Fajrajsl, A. (1997). An annotated bibliography of Acleris variana and Acleris gloverana (371). Pacific Forest Centre, Canadian Forest Service, National Resources Canada;Acleris variana
0;North America;Zophodia convolutella;Nearctic;1980;Allyson, S. (1980). Last-instar larva of the gooseberry fruitworm, Zophodia convolutella (Lepidoptera: Pyralidae: Phycitinae). The Canadian Entomologist. 112(1): 43-45;Zophodia convolutella
0;North America;Spodoptera praefica;Nearctic;2024;CAB International (CABI) (2024). CABI Invasive Species Compendium. Available at: https://www.cabidigitallibrary.org/product/QI;Spodoptera praefica
0;North America;Spodoptera ornithogalli;Nearctic;2019;Brito, R., et al. (2019). Spodoptera marima: a new synonym of Spodoptera ornithogalli (Lepidoptera: Noctuidae), with notes on adult morphology, host plant use and genetic variation along its geographic range. Neotropical Entomology. 48: 433-448;Spodoptera ornithogalli
0;North America;Choristoneura conflictana;Nearctic;2019;EFSA Panel on Plant Health (EFSA PLH Panel), et al. (2019). Pest categorisation of non-EU Choristoneura spp. EFSA Journal. 17(5): e05671;Choristoneura conflictana
0;North America;Choristoneura fumiferana;Nearctic;2011;Anderson, D., Sturtevant, B. (2011). Pattern analysis of eastern spruce budworm Choristoneura fumiferana dispersal. Ecography. 34(3): 488-497;Choristoneura fumiferana
0;North America;Choristoneura lambertiana;Nearctic;2019;EFSA Panel on Plant Health (EFSA PLH Panel), et al. (2019). Pest categorisation of non-EU Choristoneura spp. EFSA Journal. 17(5): e05671;Choristoneura lambertiana
0;North America;Choristoneura orae;Nearctic;2019;EFSA Panel on Plant Health (EFSA PLH Panel), et al. (2019). Pest categorisation of non-EU Choristoneura spp. EFSA Journal. 17(5): e05671;Choristoneura orae
0;North America;Choristoneura parallela;Nearctic;1992;Dang, P. (1992). Morphological study of male genitalia with phylogenetic inference of Choristoneura Lederer (Lepidoptera: Tortricidae). The Canadian Entomologist. 124(1): 7-48;Choristoneura parallela
0;North America;Choristoneura pinus;Nearctic;1992;Dang, P. (1992). Morphological study of male genitalia with phylogenetic inference of Choristoneura Lederer (Lepidoptera: Tortricidae). The Canadian Entomologist. 124(1): 7-48;Choristoneura pinus
0;North America;Vanessa virginiensis;Nearctic;2020;Walker, A. (2020). Vanessa virginiensis. The IUCN Red List of Threatened Species. 2020: e.T161254A882795;Vanessa virginiensis
0;North America;Mythimna unipuncta;Nearctic;2024;CAB International (CABI) (2024). CABI Invasive Species Compendium. Available at: https://www.cabidigitallibrary.org/product/QI;Mythimna unipuncta
0;North America;Anomis erosa;Nearctic;1883;Grote, A. (1883). Introduction to a Study of the North American Noctuidae. Proceedings of the American Philosophical Society. 21(114): 134-176;Anomis erosa
0;North America;Antheraea polyphemus;Nearctic;2020;Walker, A. (2020). Antheraea polyphemus. The IUCN Red List of Threatened Species. 2020: e.T173004714A173004732;Antheraea polyphemus
0;North America;Bucculatrix ainsliella;Nearctic;2012;van Nieukerken, E., et al. (2012). Bucculatrix ainsliella Murtfeldt, a new North American invader already widespread on northern red oaks (Quercus rubra) in Western Europe (Bucculatricidae). Nota Lepidopterologica. 35(2): 135-159;Bucculatrix ainsliella
0;North America;Cameraria gaultheriella;Nearctic;1908;Braun, A. (1908). Revision of the North American species of the genus Lithocolletis Hubner. Biological Laboratory of the University of Cincinnati. Cincinnati, United States of America.;Cameraria gaultheriella
0;North America;Choristoneura freemani;Nearctic;2014;Gilligan, T., Brown, J. (2014). A new name for the western spruce budworm (Lepidoptera: Tortricidae)?. The Canadian Entomologist. 146(6): 583-589;Choristoneura freemani
0;North America;Erinnyis ello;Nearctic;1976;Winder, J. (1976). Ecology and control of Erinnyis ello and E. alope, important insect pests in the New World. PNAS. 22(4): 449-466;Erinnyis ello
0;North America;Leucoptera laburnella;Nearctic;2015;Pohl, G., et al. (2015). Checklist of the Lepidoptera of British Columbia, Canada. Entomological Society of British Columbia Occasional Paper. 3: 1-237;Leucoptera laburnella
0;North America;Manduca quinquemaculatus;Nearctic;1997;Borkent, C., Greenway, L. (1997). Sphinx Moths (Family Sphingidae) In British Columbia: Biological Notes and Field Key, Based on Specimens in the Collection at the Royal British Columbia Museum. Royal British Columbia Museum, forest renewal BC Report.;Manduca quinquemaculatus
0;North America;Pyrrharctia isabella;Nearctic;2009;Powell, J., Opler, P. (2009). Moths of western North America. University of California Press. Berkeley, California, United States of America. 516pp;Pyrrharctia isabella
0;North America;Acharia stimulea;Nearctic;2022;Cooley, T., Reardon, R. (2022). Field Guide to the Slug Moths (Lepidoptera: Limacodidae) of West Virginia. Forest Service U.S. Department of Agriculture. 84pp;Acharia stimulea
0;North America;Chrysaster ostensackenella;Nearctic;2019;Koo, J., et al. (2019). Chrysaster ostensackenella (Fitch, 1859) (Lepidoptera: Gracillariidae) new to Korea. Korean Journal of Applied Entomology. 58 (3): 225-228;Chrysaster ostensackenella
0;North America;Pennisetia marginatum;Nearctic;1991;Taft, W., et al. (1991). A guide to the clearwing borers (Sesiidae) of the north central United States. North Central Regional Publication. 394: 1-30;Pennisetia marginatum
0;North America;Parapediasia teterellus;Nearctic;2020;Jie, L., et al. (2020). Potential distribution analysis of an invasive alien species Parapediasia teterrella (Lepidoptera, Crambidae) in East Asia. Journal of Asia-Pacific Entomology. 23(1): 219-223;Parapediasia teterellus
0;North America;Herpetogramma bipunctalis;Nearctic;2021;Handfield, L., Handfield, D. (2021). A revision of the Canadian species of the Genus Herpetogramma Lederer, 1863 (Lepidoptera: Crambidae: Spilomelinae: Herpetogrammatini), with descriptions of three new species. Bonn Zoological Bulletin. 70(1): 173-199;Herpetogramma bipunctalis
0;North America;Agrotis ipsilon;Nearctic;1997;Showers, W. (1997). Migratory Ecology of the Black Cutworm. Annual Review of Entomology. 42: 393-425;Agrotis ipsilon
0;North America;Hyphantria cunea;Nearctic;1967;Warren, L., Tadic, M. (1967). The Fall Webworm, Hyphantria cunea, Its Distribution and Natural Enemies: A World List (Lepidoptera: Arctiidae). Journal of the Kansas Entomological Society. 40(2): 194-202;Hyphantria cunea
0;North America;Acleris comariana;Nearctic;2012;Gilligan, T., Epstein, M. (2012). TortAI, Tortricids of Agricultural Importance to the United States (Lepidoptera: Tortricidae). Identification Technology Program (ITP), USDA/APHIS/PPQ/CPHST, Fort Collins, CO. Available at: https://idtools.org/id/tortai/index.html;Acleris comariana
0;North America;Vanessa cardui;Nearctic;2020;Walker, A., Coetzer, A. (2020). Vanessa cardui. The IUCN Red List of Threatened Species. 2020: e.T174379A161326679;Vanessa cardui
0;North America;Agrius cingulata;Nearctic;2006;Marabuto, E. (2006). The occurrence of a neotropical hawkmoth in southern Portugal: Agrius cingulatus (Fabricius, 1775) (Lepidoptera: Sphingidae). Boletin de la Sociedad Entomologica Aragonesa. 38: 163-166;Agrius cingulata
0;North America;Anstenoptilia marmarodactyla;Nearctic;2011;Matthews, D., Watkins, R. (2011). Extralimital records of the sage plume moth, Anstenoptilia marmarodactyla (Lepidoptera: Pterophoridae). Southern Lepidopterists News. 33(4): 175-177;Anstenoptilia marmarodactyla
0;North America;Ascalapha odorata;Nearctic;2014;Ekrem, T., et al. (2014). The most northerly Black Witch (Ascalapha odorata): a tropical moth in the Canadian Arctic. The Canadian Field-Naturalist. 128(1): 77-79;Ascalapha odorata
0;North America;Vanessa atalanta;Nearctic;2020;Walker, A. (2020). Vanessa atalanta. The IUCN Red List of Threatened Species. 2020: e.T174225A172421220;Vanessa atalanta
0;North America;Argyresthia cupressella;Nearctic;2004;Agassiz, D. (2004). Cypress trees and their moths. British wildlife. 15(4): 265-268;Argyresthia cupressella
0;North America;Argyresthia thuiella;Nearctic;2014;Konecna, H., Sefrova, H. (2014). Morphology, biology and control possibilities of two Argyresthia species-A. thuiella and A. trifasciata (Lepidoptera: Argyresthiidae). Acta Universitatis Agriculturae et Silviculturae Mendelianae Brunensis. 62(3): 529-538;Argyresthia thuiella
0;North America;Blastobasis glandulella;Nearctic;2022;Adamski, D., Brown, R. L. (2022). Larval, pupal, and adult morphology of the acorn moth, Blastobasis glandulella (Riley, 1871)(Lepidoptera: Gelechioidea: Blastobasidae). The Journal of the Lepidopterists Society. 76(1): 10-20;Blastobasis glandulella
0;North America;Clepsis peritana;Nearctic;2018;Pinzari, M., et al. (2018). Is the alien species Clepsis peritana (Lepidoptera: Tortricidae) settling in Italy? Journal of Entomological and Arachnological Research. 50: 7551;Clepsis peritana
0;North America;Coleotechnites piceaella;Nearctic;2015;Pohl, G., et al. (2015). Checklist of the Lepidoptera of British Columbia, Canada. Entomological Society of British Columbia Occasional Paper. 3: 1-237;Coleotechnites piceaella
0;North America;Coleotechnites piceaella;Nearctic;1966;McLeod, J. (1966). Notes on the Biology of a Spruce Needle-miner, Pulicalvaria piceaella (Kearfott)(Lepidoptera: Gelechiidae) 1. The Canadian Entomologist. 98(3): 225-236;Coleotechnites piceaella
0;North America;Eustixia pupula;Nearctic;1975;Munroe, E. (1975). Biogeography of North American Odontiinae (Lepidoptera: Pyralidae). The Canadian Entomologist. 107(2): 129-154;Eustixia pupula
0;North America;Parectopa robiniella;Nearctic;2014;Baugnee, J. (2014). Parectopa robiniella (Lepidoptera: Gracillariidae), a leafminer of black locust Robinia pseudoacacia, new to the Belgian fauna. Phegea. 42(3): 55-57;Parectopa robiniella
0;North America;Macrosaccus robiniella;Nearctic;2011;Davis, D., de Prins, J. (2011). Systematics and biology of the new genus Macrosaccus with descriptions of two new species (Lepidoptera, Gracillariidae). ZooKeys. 98: 29-82;Macrosaccus robiniella
0;North America;Danaus plexippus;Nearctic;2022;Walker, A., et al. (2022). Danaus plexippus (errata version published in 2022). The IUCN Red List of Threatened Species. 2022: e.T159971A219149911;Danaus plexippus
0;North America;Antispila oinophylla;Nearctic;2020;van Nieukerken, E., Eiseman, C. (2020). Splitting the leafmining shield-bearer moth genus Antispila Hubner (Lepidoptera, Heliozelidae): North American species with reduced venation placed in Aspilanta new genus, with a review of heliozelid morphology. ZooKeys. 957: 105.;Antispila oinophylla
0;North America;Synclita obliteralis;Nearctic;2009;Habeck, D., Cuda, J. (2009). Waterlily Leafcutter, Synclita obliteralis (Walker)(Insecta: Lepidoptera: Crambidae: Acentropinae). Univerity of Florida, IFAS Extension, EENY. 424: 1-4;Synclita obliteralis
0;North America;Cnephasia asseclana;Nearctic;2021;Goglia, L. (2021). Faunistic Notes on Lepidoptera Tortricidae from Calabria (South Italy) - Contribution to the knowledge of the Lepidoptera Tortricidae fauna of Mediterranean ecosystems. [PhD Thesis, Universita degli Studi della Tuscia and Universita degli Studi del Molise].;Cnephasia asseclana
0;North America;Chloridea virescens;Nearctic;1958;Zimmerman, E. (1958). Insects of Hawaii. Volume 7, Macrolepidoptera. Hawaii: University of Hawaii Press, Honolulu, Hawaii, United States of America.;Chloridea virescens
0;North America;Anarta edwardsii;Nearctic;2016;Peterson, M., Edwards, P. (2016). Beach moth (Anarta edwardsii) recovery strategy: chapter 2. in Recovery Plan for Edwards  Beach Moth (Anarta edwardsii) in British Columbia. B.C. Ministry of Environment, Victoria, BC. 23 pp.;Anarta edwardsii
0;North America;Argyrogramma verruca;Nearctic;2021;Shaw, T., et al. (2021). Seasonal flight patterns of Chrysodeixis includens (Lepidoptera: Noctuidae) in the Florida panhandle and inventory of plusiine species cross-attracted to synthetic pheromone. Journal of Economic Entomology. 114(6): 2315-2325;Argyrogramma verruca
0;North America;Helicoverpa zea;Nearctic;2020;Zhao, H., et al. (2020). Climate Change Increases the Expansion Risk of Helicoverpa zea in China According to Potential Geographical Distribution Estimation. Insects. 13: 79;Helicoverpa zea
0;Europe;Coleophora deauratella;Palearctic;2024;CAB International (CABI) (2024). CABI Invasive Species Compendium. Available at: https://www.cabidigitallibrary.org/product/QI;Coleophora deauratella
0;Europe;Coleophora laricella;Palearctic;2020;Roy, D., et al. (2020). DAISIE - Delivering Alien Invasive Species Inventories for Europe. Available at: http://www.europe-aliens.org/;Coleophora laricella
0;South America;Achaea janata;Neotropical;1978;Edwards, E. (1978). A review of the genus Archaea in Australia (Lepidoptera: Noctuidae). Journal of the Australian Entomological Society. 17: 329-340;Achaea janata
0;South America;Neogalea sunia;Neotropical;2000;Koch, C., Waterhouse, D. (2000). The distribution and importance of arthropods associated with agriculture and forestry in Chile. Australian Centre for International Agricultural Research (ACIR). ACIR Monographs. Australia, Canberra. 234pp.;Neogalea sunia
0;South America;Strepsicrates smithiana;Neotropical;2012;Vargas, H. (2012). Strepsicrates smithiana Walsingham (Lepidoptera, Tortricidae): first record from Chile and a newly documented host plant. Revista Brasileira de Entomologia. 56: 381-382;Strepsicrates smithiana
0;South America;Crocidosema plebejana;Neotropical;2024;CAB International (CABI) (2024). CABI Invasive Species Compendium. Available at: https://www.cabidigitallibrary.org/product/QI;Crocidosema plebejana
0;Asia;Acrobasis pirivorella;Oriental;2018;EFSA Panel on Plant Health (EFSA PLH Panel), et al. (2018). Pest categorisation of Acrobasis pirivorella. EFSA Journal, 16(10), e05440.;Acrobasis pirivorella
0;Asia;Aloa lactinea;Oriental;2011;Cerny, K. (2011). A Review of the subfamily Arctiinae (Lepidoptera: Arctiidae) from the Philippines. Entomofauna. 32(3): 29-92;Aloa lactinea
0;Asia;Pieris canidia;Oriental;2024;Inayoshi, Y. (2024). A Check List of Butterflies in Indo-China - Chiefly from Thailand, Laos and Vietnam. Available at: https://yutaka.it-n.jp/index.html;Pieris canidia
0;Asia;Asota ficus;Oriental;2011;Hirai, N., et al. (2011). Effects of photoperiod and temperature on development and diapause in a noctuid moth, Asota ficus (Fabricius)(Lepidoptera: Noctuidae), of the Osaka population. Lepidoptera Science. 62(4): 166-174;Asota ficus
0;Asia;Tongeia filicaudis;Oriental;2006;Huang, H., Chen, Z. (2006). A new species of Tongeia Tutt, [1908] from Northeast Yunnan, China. Atalanta. 37(1) : 184-190;Tongeia filicaudis
0;Asia;Curetis acuta;Oriental;2019;Liu, X., et al. (2019). Bright silver brilliancy from irregular microstructures in butterfly Curetis acuta moore. Advanced Optical Materials. 7(18): 1900687;Curetis acuta
0;Asia;Tiracola plagiata;Oriental;1980;Mandal, D., Shukla, J. (1980). Redescription of the Genus and Species Tiracola plagiata (Walker)[Lepidoptera: Noctuidae]. Records of the Zoological Survey of India. 76: 87-92;Tiracola plagiata
0;Asia;Scopula personata;Oriental;2005;Sihvonen, P. (2005). Check-list of Chinese Scopula Schrank species and an analysis of species diversity (Lepidoptera: Geometridae: Sterrhinae). Journal of Asia-Pacific Entomology. 8(1): 29-36;Scopula personata
0;Asia;Sciota adelphella;Oriental;2014;Qi, M., et al. (2014). Taxonomic Review on the Genus Sciota (Lepidoptera, Pyralidae, Phycitinae) in Northeast China. Animal Systematics, Evolution and Diversity. 30(2): 59-64;Sciota adelphella
0;Asia;Acleris issikii;Palearctic;2025;Department for Environment, Food and Rural Affairs (2025). UK Plant Health Risk Register - UK Risk Register Details for Acleris issikii. Avilable at: https://planthealthportal.defra.gov.uk/pests-and-diseases/uk-plant-health-risk-register/viewPestRisks.cfm?cslref=29503;Acleris issikii
0;Asia;Acrobasis pirivorella;Palearctic;2018;EFSA Panel on Plant Health (EFSA PLH Panel), et al. (2018). Pest categorisation of Acrobasis pirivorella. EFSA Journal, 16(10), e05440.;Acrobasis pirivorella
0;Asia;Aloa lactinea;Palearctic;2011;Cerny, K. (2011). A Review of the subfamily Arctiinae (Lepidoptera: Arctiidae) from the Philippines. Entomofauna. 32(3): 29-92;Aloa lactinea
0;Asia;Pieris canidia;Palearctic;2024;Inayoshi, Y. (2024). A Check List of Butterflies in Indo-China - Chiefly from Thailand, Laos and Vietnam. Available at: https://yutaka.it-n.jp/index.html;Pieris canidia
0;Asia;Tongeia filicaudis;Palearctic;2006;Huang, H., Chen, Z. (2006). A new species of Tongeia Tutt, [1908] from Northeast Yunnan, China. Atalanta. 37(1) : 184-190;Tongeia filicaudis
0;Asia;Curetis acuta;Palearctic;2019;Liu, X., et al. (2019). Bright silver brilliancy from irregular microstructures in butterfly Curetis acuta moore. Advanced Optical Materials. 7(18): 1900687;Curetis acuta
0;Asia;Scopula personata;Palearctic;2005;Sihvonen, P. (2005). Check-list of Chinese Scopula Schrank species and an analysis of species diversity (Lepidoptera: Geometridae: Sterrhinae). Journal of Asia-Pacific Entomology. 8(1): 29-36;Scopula personata
0;Asia;Sciota adelphella;Palearctic;2014;Qi, M., et al. (2014). Taxonomic Review on the Genus Sciota (Lepidoptera, Pyralidae, Phycitinae) in Northeast China. Animal Systematics, Evolution and Diversity. 30(2): 59-64;Sciota adelphella
0;Asia;Chilo infuscatellus;Palearctic;2024;Li, A., et al. (2024). Sugarcane borers: species, distribution, damage and management options. Journal of Pest Science. 97(3): 1171-1201;Chilo infuscatellus
0;Asia;Conopomorpha cramerella;Palearctic;2024;de Prins, J., de Prins, W. (2024). Global Taxonomic Database of Gracillariidae (Lepidoptera). Avaliable at: http://www.gracillariidae.net;Conopomorpha cramerella
0;Asia;Acleris issikii;Sino-Japanese;2025;Department for Environment, Food and Rural Affairs (2025). UK Plant Health Risk Register - UK Risk Register Details for Acleris issikii. Avilable at: https://planthealthportal.defra.gov.uk/pests-and-diseases/uk-plant-health-risk-register/viewPestRisks.cfm?cslref=29503;Acleris issikii
0;Asia;Acrobasis pirivorella;Sino-Japanese;2018;EFSA Panel on Plant Health (EFSA PLH Panel), et al. (2018). Pest categorisation of Acrobasis pirivorella. EFSA Journal, 16(10), e05440.;Acrobasis pirivorella
0;Asia;Aloa lactinea;Sino-Japanese;2011;Cerny, K. (2011). A Review of the subfamily Arctiinae (Lepidoptera: Arctiidae) from the Philippines. Entomofauna. 32(3): 29-92;Aloa lactinea
0;Asia;Pieris canidia;Sino-Japanese;2024;Inayoshi, Y. (2024). A Check List of Butterflies in Indo-China - Chiefly from Thailand, Laos and Vietnam. Available at: https://yutaka.it-n.jp/index.html;Pieris canidia
0;Asia;Asota ficus;Sino-Japanese;2011;Hirai, N., et al. (2011). Effects of photoperiod and temperature on development and diapause in a noctuid moth, Asota ficus (Fabricius)(Lepidoptera: Noctuidae), of the Osaka population. Lepidoptera Science. 62(4): 166-174;Asota ficus
0;Asia;Tongeia filicaudis;Sino-Japanese;2006;Huang, H., Chen, Z. (2006). A new species of Tongeia Tutt, [1908] from Northeast Yunnan, China. Atalanta. 37(1) : 184-190;Tongeia filicaudis
0;Asia;Curetis acuta;Sino-Japanese;2019;Liu, X., et al. (2019). Bright silver brilliancy from irregular microstructures in butterfly Curetis acuta moore. Advanced Optical Materials. 7(18): 1900687;Curetis acuta
0;Asia;Thyas coronata;Sino-Japanese;2008;Kawazu, K., et al. (2008). Lepidoptera captured on the East China Sea in 2005 and predicted migration sources. Entomological Science. 11(3): 315-322;Thyas coronata
0;Asia;Scopula personata;Sino-Japanese;2005;Sihvonen, P. (2005). Check-list of Chinese Scopula Schrank species and an analysis of species diversity (Lepidoptera: Geometridae: Sterrhinae). Journal of Asia-Pacific Entomology. 8(1): 29-36;Scopula personata
0;Asia;Chilo infuscatellus;Sino-Japanese;2024;Li, A., et al. (2024). Sugarcane borers: species, distribution, damage and management options. Journal of Pest Science. 97(3): 1171-1201;Chilo infuscatellus
0;Asia;Parapoynx stagnalis;Sino-Japanese;1993;Waterhouse, D. (1993). The major arthropod pests and weeds of agriculture in Southeast Asia: distribution, importance and origin. Australian Centre for International Agricultural Research - ACIAR. Camberra, Australia;Parapoynx stagnalis
0;;Stathmopoda auriferella;Oriental;2018;Park, K., et al. (2018). Genus Stathmopoda Herrich-Shaffer (Lepidoptera, Stathmopodidae) from the Korean Peninsula with two new species. Journal of Asia-Pacific Biodiversity. 11(2): 259-266;Stathmopoda auriferella
0;;Stathmopoda auriferella;Palearctic;2018;Park, K., et al. (2018). Genus Stathmopoda Herrich-Shaffer (Lepidoptera, Stathmopodidae) from the Korean Peninsula with two new species. Journal of Asia-Pacific Biodiversity. 11(2): 259-266;Stathmopoda auriferella
0;;Stathmopoda auriferella;Sino-Japanese;2018;Park, K., et al. (2018). Genus Stathmopoda Herrich-Shaffer (Lepidoptera, Stathmopodidae) from the Korean Peninsula with two new species. Journal of Asia-Pacific Biodiversity. 11(2): 259-266;Stathmopoda auriferella
0;Asia;Zeiraphera griseana;Oriental;2005;Zhang, A., Li, H. (2005). Catalogue of Eucosmini from China (Lepidoptera: Tortricidae) SHILAP Revista de Lepidopterologia. 33(131): 265-298;Zeiraphera griseana
0;Asia;Zeiraphera griseana;Sino-Japanese;2005;Zhang, A., Li, H. (2005). Catalogue of Eucosmini from China (Lepidoptera: Tortricidae) SHILAP Revista de Lepidopterologia. 33(131): 265-298;Zeiraphera griseana
0;Asia;Zeiraphera griseana;Palearctic;2005;Zhang, A., Li, H. (2005). Catalogue of Eucosmini from China (Lepidoptera: Tortricidae) SHILAP Revista de Lepidopterologia. 33(131): 265-298;Zeiraphera griseana
0;Asia;Acherontia lachesis;Sino-Japanese;2024;Pittaway, A., Kitching, I. (2024). Sphingidae of the Eastern Palaearctic (including Siberia, the Russian Far East, Mongolia, China, Taiwan, the Korean Peninsula and Japan). Available at: https://tpittaway.tripod.com/china/china.htm;Acherontia lachesis
0;Asia;Acherontia lachesis;Palearctic;2024;Pittaway, A., Kitching, I. (2024). Sphingidae of the Eastern Palaearctic (including Siberia, the Russian Far East, Mongolia, China, Taiwan, the Korean Peninsula and Japan). Available at: https://tpittaway.tripod.com/china/china.htm;Acherontia lachesis
0;Asia;Psychoides filicivora;Oriental;2020;Roy, D., et al. (2020). DAISIE - Delivering Alien Invasive Species Inventories for Europe. Available at: http://www.europe-aliens.org/;Psychoides filicivora
0;Asia;Psychoides filicivora;Sino-Japanese;2020;Roy, D., et al. (2020). DAISIE - Delivering Alien Invasive Species Inventories for Europe. Available at: http://www.europe-aliens.org/;Psychoides filicivora
0;Asia;Psychoides filicivora;Palearctic;2020;Roy, D., et al. (2020). DAISIE - Delivering Alien Invasive Species Inventories for Europe. Available at: http://www.europe-aliens.org/;Psychoides filicivora
0;Asia;Oraesia excavata;Palearctic;2011;Haines, W., et al. (2011). A New Record of the Fruit Piercing Moth Oraesia excavata (Butler)(Erebidae: Calpinae: Calpini) for Hawaii and the United States. The Journal of the Lepidopterists Society. 65(1): 53-57;Oraesia excavata
0;Asia;Oraesia excavata;Oriental;2011;Haines, W., et al. (2011). A New Record of the Fruit Piercing Moth Oraesia excavata (Butler)(Erebidae: Calpinae: Calpini) for Hawaii and the United States. The Journal of the Lepidopterists Society. 65(1): 53-57;Oraesia excavata
0;Asia;Oraesia excavata;Sino-Japanese;2011;Haines, W., et al. (2011). A New Record of the Fruit Piercing Moth Oraesia excavata (Butler)(Erebidae: Calpinae: Calpini) for Hawaii and the United States. The Journal of the Lepidopterists Society. 65(1): 53-57;Oraesia excavata
0;Asia;Psilogramma increta;Palearctic;2024;Pittaway, A., Kitching, I. (2024). Sphingidae of the Eastern Palaearctic (including Siberia, the Russian Far East, Mongolia, China, Taiwan, the Korean Peninsula and Japan). Available at: https://tpittaway.tripod.com/china/china.htm;Psilogramma increta
0;Asia;Psilogramma increta;Oriental;2024;Pittaway, A., Kitching, I. (2024). Sphingidae of the Eastern Palaearctic (including Siberia, the Russian Far East, Mongolia, China, Taiwan, the Korean Peninsula and Japan). Available at: https://tpittaway.tripod.com/china/china.htm;Psilogramma increta
0;Asia;Psilogramma increta;Sino-Japanese;2024;Pittaway, A., Kitching, I. (2024). Sphingidae of the Eastern Palaearctic (including Siberia, the Russian Far East, Mongolia, China, Taiwan, the Korean Peninsula and Japan). Available at: https://tpittaway.tripod.com/china/china.htm;Psilogramma increta
0;Asia;Dichomeris picrocarpa;Palearctic;1991;Park, K. (1991). Gelechiidae (Lepidoptera) from North Korea with description of two new species. Annales historico-naturales Musei Natinonalis Hungarici. 83: 117-123;Dichomeris picrocarpa
0;Asia;Dichomeris picrocarpa;Oriental;1991;Park, K. (1991). Gelechiidae (Lepidoptera) from North Korea with description of two new species. Annales historico-naturales Musei Natinonalis Hungarici. 83: 117-123;Dichomeris picrocarpa
0;Asia;Dichomeris picrocarpa;Sino-Japanese;1991;Park, K. (1991). Gelechiidae (Lepidoptera) from North Korea with description of two new species. Annales historico-naturales Musei Natinonalis Hungarici. 83: 117-123;Dichomeris picrocarpa
0;Asia;Rhopobota naevana;Sino-Japanese;2005;Zhang, A., Li, H. (2005). Catalogue of Eucosmini from China (Lepidoptera: Tortricidae) SHILAP Revista de Lepidopterologia. 33(131): 265-298;Rhopobota naevana
0;Asia;Scirpophaga incertulas;Sino-Japanese;2006;Chen, F., et al. (2006). A review of the genus Scirpophaga Treitschke, 1832 in China (Lepidoptera: Pyralidae). Zootaxa. 1236(1): 1-22;Scirpophaga incertulas
0;Asia;Samia cynthia;Sino-Japanese;2003;Peigler, R., Naumann, S. (2003). A revision of the silkmoth genus Samia.  University of the Incarnate Word, San Antonio. Texas, United States of America.;Samia cynthia
0;Asia;Stigmella multispicata;Sino-Japanese;2018;van Nieukerken, E., et al. (2018). Stigmella multispicata Rociene and Stonis, an Asian leafminer on Siberian elm, now widespread in eastern North America (Lepidoptera, Nepticulidae). ZooKeys. 784: 95-125;Stigmella multispicata
0;Asia;Lymantria dispar;Sino-Japanese;2007;Pogue, M. (2007). A Review of Selected Species of Lymantria Hubner (1819) (Lepidoptera: Noctuidae: Lymantriinae) from Subtropical and Temperate Regions of Asia, Including the Descriptions of Three New Species, Some Potentially Invasive to North America. U.S. Department of Agriculture, Forest Health Technology Enterprise Team. 223 pp;Lymantria dispar
0;Asia;Theretra latreillii;Sino-Japanese;2014;Rafi, M., et al. (2014). The Hawkmoth Fauna of Pakistan (Lepidoptera: Sphingidae). Zootaxa. 3794(3): 393-418;Theretra latreillii
0;Asia;Nymphula manilensis;Sino-Japanese;2010;Chen, F., et al. (2010). A review of the genus Elophila Hubner, 1822 in China (Lepidoptera: Crambidae: Acentropinae). Aquatic Insects. 32(1): 35-60;Nymphula manilensis
0;Asia;Rhopobota naevana;Palearctic;2005;Zhang, A., Li, H. (2005). Catalogue of Eucosmini from China (Lepidoptera: Tortricidae) SHILAP Revista de Lepidopterologia. 33(131): 265-298;Rhopobota naevana
0;Asia;Scrobipalpa obsoletella;Palearctic;2010;Bidzilya, O., Li, H. (2010). The genus Scrobipalpa Janse (Lepidoptera, Gelechiidae) in China, with descriptions of 13 new species. Zootaxa. 2513(1): 1-26;Scrobipalpa obsoletella
0;Asia;Papilio xuthus;Sino-Japanese;2024;Inayoshi, Y. (2024). A Check List of Butterflies in Indo-China - Chiefly from Thailand, Laos and Vietnam. Available at: https://yutaka.it-n.jp/index.html;Papilio xuthus
0;Asia;Acrolepiopsis sapporensis;Palearctic;2007;Landry, J. (2007). Taxonomic review of the leek moth genus Acrolepiopsis (Lepidoptera: Acrolepiidae) in North America. The Canadian Entomologist. 139: 319-353;Acrolepiopsis sapporensis
0;Asia;Samia cynthia;Palearctic;2003;Peigler, R., Naumann, S. (2003). A revision of the silkmoth genus Samia.  University of the Incarnate Word, San Antonio. Texas, United States of America.;Samia cynthia
0;Asia;Lymantria dispar;Palearctic;2007;Pogue, M. (2007). A Review of Selected Species of Lymantria Hubner (1819) (Lepidoptera: Noctuidae: Lymantriinae) from Subtropical and Temperate Regions of Asia, Including the Descriptions of Three New Species, Some Potentially Invasive to North America. U.S. Department of Agriculture, Forest Health Technology Enterprise Team. 223 pp;Lymantria dispar
0;Asia;Scrobipalpa obsoletella;Palearctic;2019;Bidzilya, O., et al. (2019). An annotated checklist of Gelechiidae (Lepidoptera) of Israel with description of two new species. Zootaxa. 4677(1): 1-68;Scrobipalpa obsoletella
0;Asia;Parapoynx diminutalis;Sino-Japanese;1996;Buckingham, G., Bennett, C. (1996). Laboratory biology of an immigrant Asian moth, Parapoynx diminutalis (Lepidoptera: Pyralidae), on Hydrilla verticillata (Hydrocharitaceae). Florida Entomologist. 79(3): 353-353;Parapoynx diminutalis
0;Asia;Hypena commixtalis;Oriental;2013;Kononenko, V., Pinratana, A. (2013). Moths of Thailand. Noctuoidea. An illustrated Catalogue of Erebidae, Nolidae, Euteliidae and Noctuidae (Insecta, Lepidoptera) in Thailand. Brothers of St. Gabriel in Thailand. Bangkok.;Hypena commixtalis
0;Asia;Papilio polytes;Oriental;2013;"Halloran, K., Wason, E. (2013). ""Papilio polytes"" (On-line), Animal Diversity Web. University of Michigan. Michigan, United States of America. Available at: https://animaldiversity.org/accounts/Papilio_polytes/";Papilio polytes
0;Asia;Theretra latreillii;Oriental;2014;Rafi, M., et al. (2014). The Hawkmoth Fauna of Pakistan (Lepidoptera: Sphingidae). Zootaxa. 3794(3): 393-418;Theretra latreillii
0;Asia;Parasa lepida;Oriental;2007;Yamazaki, K., et al. (2007). An analysis of spatial distribution in the exotic slug caterpillar Parasa lepida (Cramer)(Lepidoptera: Limacodidae) at an urban coastal site in central Japan. The Pan-Pacific Entomologist. 83(3): 193-199;Parasa lepida
0;Asia;Neomusotima conspurcatalis;Oriental;2012;Boughton, A., Pemberton, R. (2012). Biology and reproductive parameters of the brown lygodium moth, Neomusotima conspurcatalis-A new biological control agent of Old World climbing fern in Florida. Environmental Entomology. 41(2): 308-316;Neomusotima conspurcatalis
0;Asia;Rhopobota naevana;Oriental;2005;Zhang, A., Li, H. (2005). Catalogue of Eucosmini from China (Lepidoptera: Tortricidae) SHILAP Revista de Lepidopterologia. 33(131): 265-298;Rhopobota naevana
0;Asia;Scrobipalpa obsoletella;Sino-Japanese;2010;Bidzilya, O., Li, H. (2010). The genus Scrobipalpa Janse (Lepidoptera, Gelechiidae) in China, with descriptions of 13 new species. Zootaxa. 2513(1): 1-26;Scrobipalpa obsoletella
0;Asia;Pelochrista medullana;Sino-Japanese;2005;Zhang, A., Li, H. (2005). Catalogue of Eucosmini from China (Lepidoptera: Tortricidae) SHILAP Revista de Lepidopterologia. 33(131): 265-298;Pelochrista medullana
0;Asia;Nymphula manilensis;Oriental;2010;Chen, F., et al. (2010). A review of the genus Elophila Hubner, 1822 in China (Lepidoptera: Crambidae: Acentropinae). Aquatic Insects. 32(1): 35-60;Nymphula manilensis
0;Asia;Anomis privata;Sino-Japanese;1998;Kononenko, V., et al. (1998). Illustrated catalogue of Noctuidae in Korea (Lepidoptera). Insect of Korea. Series 3. Korea Research Institute of Bioscience and Biotechnology : Center for Insect Systematics;Anomis privata
0;Asia;Dendrolimus sibiricus;Sino-Japanese;2018;Jeong, J., et al. (2018). DNA data and morphology suggest an occurrence of Dendrolimus sibiricus Tschetverikov, 1908 (Lepidoptera: Lasiocampidae) instead of D. superans Butler, 1877, in South Korea. Entomological Research. 48(2): 108-121;Dendrolimus sibiricus
0;Asia;Dendrolimus sibiricus;Sino-Japanese;2020;Flo, D., et al. (2020). The Siberian moth (Dendrolimus sibiricus), a pest risk assessment for Norway. Forest Ecosystems. 7: 1-11;Dendrolimus sibiricus
0;Asia;Actias selene;Sino-Japanese;2007;Choldumrongkul, S., et al. (2007). Geographical distribution and status of Actias Moths in Thailand. Walailak Journal of Science and Technology (WJST). 4(2): 203-213;Actias selene
0;Asia;Actias selene;Sino-Japanese;2016;Chutia, B., et al. (2016). Conservation strategies of Actias selene Hubner: A wild silk moth in Nagaland, India. Environment Conservation Journal. 17(1): 41-45;Actias selene
0;Asia;Adoxophyes privatana;Sino-Japanese;2012;Lok, A., et al. (2012). The Native Fauna of the Native Garden at Hortpark: Birds, Fishes, Amphibians, Reptiles, Butterflies, Moths, Damselflies and Dragonflies. Raffles Museum of Biodiversity Research, National University of Singapore and Centre for Urban Greenery and Ecology, National Parks Board. Singapore.;Adoxophyes privatana
0;Asia;Autosticha modicella;Sino-Japanese;2017;Park, K., Kim, S. (2017). Faunistic data of micromoths (Lepidoptera) in North Korea. Journal of Asia-Pacific Biodiversity. 10(1): 73-80;Autosticha modicella
0;Asia;Catopsilia pyranthe;Sino-Japanese;2000;Braby, M. (2000). Butterflies of Australia: their identification, biology and distribution. CSIRO publishing. Collingwood, Australia.;Catopsilia pyranthe
0;Asia;Elophila nymphaeata;Sino-Japanese;1984;Speidel, W. (1984). Revision der Acentropinae des palaearktischen Faunengebietes (Lepidoptera: Crambidae). Neue Entomologische Nachrichten. 12: 1-157;Elophila nymphaeata
0;Asia;Euploea core;Sino-Japanese;2011;Muller, C., Tennent, W. (2011). Euploea core. The IUCN Red List of Threatened Species 2011: e.T160339A5362889;Euploea core
0;Asia;Hadena compta;Sino-Japanese;2007;Kravchenko, V., et al. (2007). The Hadeninae of Israel (Lepidoptera: Noctuidae). SHILAP Revista de Lepidopterologia. 35(140): 441-454;Hadena compta
0;Asia;Hypolimnas misippus;Sino-Japanese;2021;Coetzer, A., Westrip, J. (2021). Hypolimnas misippus. The IUCN Red List of Threatened Species 2021: e.T62148588A161331411;Hypolimnas misippus
0;Asia;Leucoptera malifoliella;Sino-Japanese;2024;CAB International (CABI) (2024). CABI Invasive Species Compendium. Available at: https://www.cabidigitallibrary.org/product/QI;Leucoptera malifoliella
0;Asia;Lymantria mathura;Sino-Japanese;2024;CAB International (CABI) (2024). CABI Invasive Species Compendium. Available at: https://www.cabidigitallibrary.org/product/QI;Lymantria mathura
0;Asia;Ostrinia furnacalis;Sino-Japanese;1991;Nafus, D., Schreiner, I. (1991). Review of the biology and control of the Asian corn borer, Ostrinia furnacalis (Lep: Pyralidae). International Journal of Pest Management. 37(1): 41-56;Ostrinia furnacalis
0;Asia;Pygospila tyres;Sino-Japanese;2022;Kalawate, A., et al. (2022). First Indian DNA barcode record for the moth species Pygospila tyres (Cramer, 1780) (Lepidoptera: Crambidae: Spilomelinae) distributed in Asia and Australia. Journal of Threatened Taxa. 14(2): 20637-20642;Pygospila tyres
0;Asia;Earias cupreoviridis;Sino-Japanese;1965;Gentry, J. (1965). Crop insects of northeast Africa-southwest Asia (No. 273). Agricultural Research Service, US Department of Agriculture.;Earias cupreoviridis
0;Asia;Earias cupreoviridis;Sino-Japanese;2024;de Prins, J., de Prins, W. (2024). Afromoths, online database of Afrotropical moth species (Lepidoptera). Available at: http://www.afromoths.net;Earias cupreoviridis
0;Asia;Lymantria monacha;Sino-Japanese;2024;CAB International (CABI) (2024). CABI Invasive Species Compendium. Available at: https://www.cabidigitallibrary.org/product/QI;Lymantria monacha
0;Asia;Archips xylosteana;Sino-Japanese;2024;CAB International (CABI) (2024). CABI Invasive Species Compendium. Available at: https://www.cabidigitallibrary.org/product/QI;Archips xylosteana
0;Asia;Orgyia thyellina;Sino-Japanese;2003;Hosking, G., et al. (2003) Tussock moth eradication - a success story from New Zealand, International Journal of Pest Management. 49(1): 17-24;Orgyia thyellina
0;Asia;Spodoptera litura;Sino-Japanese;2019;Jung, J., et al. (2019). Effect of climate change on the potential distribution of the common cutworm (Spodoptera litura) in South Korea. Entomological Research. 49(12): 519-528;Spodoptera litura
0;Asia;Eucosma cana;Sino-Japanese;2005;Zhang, A., Li, H. (2005). Catalogue of Eucosmini from China (Lepidoptera: Tortricidae) SHILAP Revista de Lepidopterologia. 33(131): 265-298;Eucosma cana
0;Asia;Trilocha varians;Sino-Japanese;2021;Ramzan, M., et al. (2021). Distribution, biology and management strategies about a less studied insect pest (Trilocha varians) of Ficus: a review. Pakistan Journal of Agricultural Research. 34(3): 638-642;Trilocha varians
0;Asia;Aproaerema modicella;Sino-Japanese;1993;Shanower, T., et al. (1993). Biology and control of the groundnut leafminer, Aproaerema modicella (Deventer)(Lepidoptera: Gelechiidae). Crop Protection. 12(1): 3-10;Aproaerema modicella
0;Asia;Hypena commixtalis;Sino-Japanese;2024;de Prins, J., de Prins, W. (2024). Afromoths, online database of Afrotropical moth species (Lepidoptera). Available at: http://www.afromoths.net;Hypena commixtalis
0;Asia;Oxyplax pallivitta;Sino-Japanese;2024;CAB International (CABI) (2024). CABI Invasive Species Compendium. Available at: https://www.cabidigitallibrary.org/product/QI;Oxyplax pallivitta
0;Asia;Anthophila nemorana;Sino-Japanese;2014;de Prins, W., et al. (2014). Choreutis nemorana (Lepidoptera: Choreutidae) well established in Belgium. Phegea. 42(2): 29-32;Anthophila nemorana
0;Asia;Clethrogyna turbata;Sino-Japanese;2015;Ong, S., Farid, A. (2015). Defoliators Of Sesenduii Endospermum Diadenum. FRIM Technical Information. 75: 1-3;Clethrogyna turbata
0;Asia;Sinica sinica;Sino-Japanese;2006;Schultz, P., et al. (2006). Biology and Distribution of Pryeria sinica, a New Pest of Euonymus Found in Virginia and Maryland. Plant Health Progress. 7(1): 49;Sinica sinica
0;Asia;Autographa gamma;Sino-Japanese;2007;Sullivan, M., Molet, T. (2007). CPHST Pest Datasheet for Autographa gamma (Revised January 2014). USDA-APHIS-PPQ-CPHST.;Autographa gamma
0;Asia;Doloessa viridis;Sino-Japanese;2002;Lim, G. (2002). Observations of Prasinoxena monospila and Doloessa viridis (Lepidoptera: Pyralidae) on the bark of Khaya ivorensis in Malaysia. Journal of Tropical Forest Science. 14(1): 158-161;Doloessa viridis
0;Asia;Sericinus montela;Sino-Japanese;2017;Hashimoto, K., Ohgushi, T. (2017). How do two specialist butterflies determine growth and biomass of a shared host plant?. Population Ecology. 59: 17-27;Sericinus montela
0;Asia;Chlumetia brevisigna;Sino-Japanese;1993;Yoshimatsu, S., et al. (1993). Occurrence of Chlumetia brevisigna HOLLOWAY (Lepidoptera: Noctuidae) on Mango in Japan. Applied Entomology and Zoology. 28(3): 401-403;Chlumetia brevisigna
0;Asia;Conopomorpha litchiella;Sino-Japanese;2024;de Prins, J., de Prins, W. (2024). Global Taxonomic Database of Gracillariidae (Lepidoptera). Avaliable at: http://www.gracillariidae.net;Conopomorpha litchiella
0;Asia;Conopomorpha sinensis;Sino-Japanese;1986;Bradley, J. (1986). Identity of the South-East Asian cocoa moth, Conopomorpha cramerella (Snellen)(Lepidoptera: Gracillariidae), with descriptions of three allied new species. Bulletin of Entomological Research. 76(1): 41-51;Conopomorpha sinensis
0;Asia;Leptosia nina;Sino-Japanese;2024;Inayoshi, Y. (2024). A Check List of Butterflies in Indo-China - Chiefly from Thailand, Laos and Vietnam. Available at: https://yutaka.it-n.jp/index.html;Leptosia nina
0;Asia;Leucinodes orbonalis;Sino-Japanese;2015;Mally, R., et al. (2015). Discovery of an unknown diversity of Leucinodes species damaging Solanaceae fruits in sub-Saharan Africa and moving in trade (Insecta, Lepidoptera, Pyraloidea). ZooKeys. 472: 117-162;Leucinodes orbonalis
0;Asia;Acleris comariana;Sino-Japanese;2012;Gilligan, T., Epstein, M. (2012). TortAI, Tortricids of Agricultural Importance to the United States (Lepidoptera: Tortricidae). Identification Technology Program (ITP), USDA/APHIS/PPQ/CPHST, Fort Collins, CO. Available at: https://idtools.org/id/tortai/index.html;Acleris comariana
0;Asia;Artona martini;Sino-Japanese;2020;Marianelli, L., et al. (2020). First record of the pest Artona (Fuscartona) martini Efetov, 1997 (Lepidoptera Zygaenidae Procridinae Artonini) in European territory. Redia: Journal of Zoology/Giornale di Zoologia. 103: 3-7;Artona martini
0;Asia;Herpetogramma licarsisalis;Sino-Japanese;1976;Tashiro, H. (1976). Biology of the grass webworm, Herpetogramma licarsisalis (Lepidoptera: Pyraustidae) in Hawaii. Annals of the Entomological Society of America. 69(5): 797-803;Herpetogramma licarsisalis
0;Asia;Vanessa cardui;Sino-Japanese;2020;Walker, A., Coetzer, A. (2020). Vanessa cardui. The IUCN Red List of Threatened Species. 2020: e.T174379A161326679;Vanessa cardui
0;Asia;Ategumia adipalis;Sino-Japanese;2018;Wei, X., et al. (2018). Fauna of Spilomelinae from Wuzhi Mountain Nature Reserve, Hainan Island, China (Lepidoptera: Pyraloidea, Crambidae). SHILAP Revista de Lepidopterologia. 46(181): 19-26;Ategumia adipalis
0;Asia;Ategumia adipalis;Sino-Japanese;2005;Kendrick, R. (2005). Kadoorie Farm and Botanic Garden 2005 Fauna Checklist. RIB International Ltd., Kowloon Bay, Hong Kong;Ategumia adipalis
0;Asia;Chilo suppressalis;Sino-Japanese;2024;CAB International (CABI) (2024). CABI Invasive Species Compendium. Available at: https://www.cabidigitallibrary.org/product/QI;Chilo suppressalis
0;Asia;Bactra venosana;Sino-Japanese;2015;Sohn, J., et al. (2015). Seven species of Olethreutinae (Lepidoptera: Tortricidae) new to Korea. Journal of Asia-Pacific Biodiversity. 8(2): 133-138;Bactra venosana
0;Asia;Callopistria maillardi;Sino-Japanese;2024;de Prins, J., de Prins, W. (2024). Afromoths, online database of Afrotropical moth species (Lepidoptera). Available at: http://www.afromoths.net;Callopistria maillardi
0;Asia;Hypena strigatus;Sino-Japanese;2013;Kononenko, V., Pinratana, A. (2013). Moths of Thailand. Noctuoidea. An illustrated Catalogue of Erebidae, Nolidae, Euteliidae and Noctuidae (Insecta, Lepidoptera) in Thailand. Brothers of St. Gabriel in Thailand. Bangkok.;Hypena strigatus
0;Asia;Cochylis atricapitana;Sino-Japanese;2013;Sun, Y., Li, H. (2013). Cochylis Treitschke in China: one new species and five new records (Lepidoptera, Tortricidae, Cochylini). ZooKeys. 258: 85-96;Cochylis atricapitana
0;Asia;Antheraea pernyi;Sino-Japanese;2017;Li, W., et al. (2017). Antheraea pernyi (Lepidoptera: Saturniidae) and its importance in sericulture, food consumption, and traditional Chinese medicine. Journal of Economic Entomology. 110(4): 1404-141;Antheraea pernyi
0;Asia;Antheraea yamamai;Sino-Japanese;2015;Nahirnic, A., Stoyan, B. (2015). The first report of Japanese oak silkmoth Antheraea yamamai (Guerin-Meneville, 1861)(Lepidoptera: Saturniidae) in Montenegro. ZooNotes. 82: 1-4;Antheraea yamamai
0;Asia;Cydalima perspectalis;Sino-Japanese;2024;CAB International (CABI) (2024). CABI Invasive Species Compendium. Available at: https://www.cabidigitallibrary.org/product/QI;Cydalima perspectalis
0;Asia;Diplopseustis perieresalis;Sino-Japanese;2006;Speidel, W., et al. (2006). The exotic pyraloid moth Diplopseustis perieresalis (Walker) expanding in the West Palaearctic Region (Crambidae: Spilomelinae). Nota Lepiderologica. 29(3): 185-192;Diplopseustis perieresalis
0;Asia;Garella musculana;Sino-Japanese;2023;Scaccini, D., et al. (2023). First report of Garella musculana (Erschov, 1874) (Lepidoptera: Nolidae) in Italy with insights into its identity. Journal of Applied Entomology. 147: 239-243;Garella musculana
0;Asia;Haplochrois theae;Sino-Japanese;2020;Roy, D., et al. (2020). DAISIE - Delivering Alien Invasive Species Inventories for Europe. Available at: http://www.europe-aliens.org/;Haplochrois theae
0;Asia;Acleris variegana;Sino-Japanese;2009;Alipanah, H. (2009). A brief study on the tribes Tortricini and Archipini (Lepidoptera: Tortricinae) from Iran. Entomofauna. 10: 137-152;Acleris variegana
0;Asia;Diaphania indica;Sino-Japanese;2018;Dai, L., et al. (2018). Mitochondrial genome of Diaphania indica (saunders)(Lepidoptera: Pyraloidea) and implications for its phylogeny. International Journal of Biological Macromolecules. 108: 981-989;Diaphania indica
0;Asia;Archips oporana;Sino-Japanese;2007;Khramov, P. (Ed.) (2007). Insecta.pro: international entomological community. Available online at: https://insecta.pro;Archips oporana
0;Asia;Archips xylosteana;Sino-Japanese;2008;Hoebeke, E.,et al. (2008). Archips xylosteana (L.)(Lepidoptera: Tortricidae), a palearctic leafroller new to North America. Proceedings of the Entomological Society of Washington. 110(3): 789-795;Archips xylosteana
0;Asia;Earias vittella;Sino-Japanese;2003;Nash, S. (2003). Earias vittella (Fabricius) (Lep.: Noctuidae) the first occurrence of wild-caught moths in Europe. Entomologists Record and Journal of Variation. 115: 187-188;Earias vittella
0;Asia;Cnephasia stephensiana;Sino-Japanese;2021;Goglia, L. (2021). Faunistic Notes on Lepidoptera Tortricidae from Calabria (South Italy) - Contribution to the knowledge of the Lepidoptera Tortricidae fauna of Mediterranean ecosystems. [PhD Thesis, Universita degli Studi della Tuscia and Universita degli Studi del Molise].;Cnephasia stephensiana
0;Asia;Monema flavescens;Sino-Japanese;2013;Shibasaki, H., et al. (2013). Identification of the sex pheromone secreted by a nettle moth, Monema flavescens, using gas chromatography/Fourier transform infrared spectroscopy. Journal of Chemical Ecology. 39: 350-357;Monema flavescens
0;Asia;Coleophora parthenica;Sino-Japanese;2023;Tabell, J., et al. (2023). New and little known Coleophora Hubner, 1822 species from Morocco. Part I.(Lepidoptera, Coleophoridae). Zootaxa. 5374(2): 151-195;Coleophora parthenica
0;Asia;Cydia coniferana;Sino-Japanese;2007;Powell, N. (2007). First report of the Palearctic species Cydia coniferana (Tortricidae) in the western United States. Journal of the Lepidopterists Society. 61(3): 172-175;Cydia coniferana
0;Asia;Cymolomia hartigiana;Sino-Japanese;2004;Bong-Kyu, B., et al. (2004). Cymolomia hartigiana (Saxesen, 1840)(Lepidoptera: Tortricidae) attacking to Abies nephrolepis max. new to Daxinganling, Heilongjiang, China. Journal of Forestry Research. 15(1): 67-68;Cymolomia hartigiana
0;Asia;Depressaria depressana;Sino-Japanese;2013;Landry, J., et al. (2013). Shared but overlooked: 30 species of Holarctic Microlepidoptera revealed by DNA barcodes and morphology. Zootaxa. 3749(1): 1-93;Depressaria depressana
0;Asia;Anania hortulata;Sino-Japanese;2019;Yang, Z., Landry, J. (2019). Allopatric separation represents an overlooked cryptic species in the Anania hortulata species complex (Lepidoptera: Crambidae: Pyraustinae): congruence between genetic and morphological evidence. The Canadian Entomologist. 151(2): 163-186;Anania hortulata
0;Asia;Grapholita delineana;Sino-Japanese;2012;Byun, B., et al. (2012). A review of the genus Grapholita (Lepidoptera, Tortricidae) in North Korea. Animal Systematics, Evolution and Diversity. 28(4): 291-296;Grapholita delineana
0;Asia;Homadaula anisocentra;Sino-Japanese;2022;Mey, W. (2022). Taxonomic notes on Palearctic taxa of Galacticidae, a little-known family of Lepidoptera (Galacticoidea). Nota Lepidopterologica. 45: 169-190;Homadaula anisocentra
0;Asia;Leucoma salicis;Sino-Japanese;1956;Kumata, T. (1956). A revision of the Japanese species of the genus Leucoma Stephens (Lepidoptera, Lymantriidae). Insecta Matsumurana. 20(3): 107-113;Leucoma salicis
0;Asia;Notocelia rosaecolana;Sino-Japanese;2013;Byun, B., et al. (2013). Two unrecorded species of Tortricidae (Lepidoptera) from North Korea, with notes on collection localities of North Korean Tortricids deposited at the Hungarian Natural History Museum. Korean Journal of Applied Entomology. 52(1): 53-59;Notocelia rosaecolana
0;Asia;Pandemis cerasana;Sino-Japanese;1980;Mutuura, A. (1980). Two Pandemis species introduced into British Columbia, with a comparison of native North American species (Lepidoptera: Tortricidae). The Canadian Entomologist. 112(6): 549-554;Pandemis cerasana
0;Asia;Helicoverpa armigera;Sino-Japanese;2017;Tay, W., et al. (2017). Mitochondrial DNA and trade data support multiple origins of Helicoverpa armigera (Lepidoptera, Noctuidae) in Brazil. Scientific Reports. 7: 45302;Helicoverpa armigera
0;Asia;Sclerocona acutella;Sino-Japanese;2003;Wagner, D., et al. (2003). Sclerocona acutella (Eversmann)(Crambidae: Pyraustinae), naturalized along the eastern seaboard. Journal of the Lepidopterists Society. 57(4): 270-273;Sclerocona acutella
0;Asia;Lobesia botrana;Sino-Japanese;2011;Gilligan, T., et al. (2011). Discovery of Lobesia botrana (Denis and Schiffermuller) in California: An invasive species new to North America (Lepidoptera: Tortricidae). Proceedings of the Entomological Society of Washington. 1113(1): 14-30;Lobesia botrana
0;Asia;Elophila difflualis;Sino-Japanese;2010;Chen, F., et al. (2010). A review of the genus Elophila Hubner, 1822 in China (Lepidoptera: Crambidae: Acentropinae). Aquatic Insects. 32(1): 35-60;Elophila difflualis
0;Asia;Dendrolimus pini;Sino-Japanese;2024;CAB International (CABI) (2024). CABI Invasive Species Compendium. Available at: https://www.cabidigitallibrary.org/product/QI;Dendrolimus pini
0;Asia;Edales pandava;Sino-Japanese;2009;Wu, L., et al. (2009). Tracing the origin of Chilades pandava (Lepidoptera, Lycaenidae) found at Kinmen Island using mitochondrial COI and COII Genes. BioFormosa. 44(2): 61-68;Edales pandava
0;Asia;Crocidophora butleri;Sino-Japanese;2019;Lee, T., et al. (2019). Two species of Pyraustine moths new to Korea (Lepidoptera: Crambidae). Journal of Asia-Pacific Biodiversity. 12(1): 79-82;Crocidophora butleri
0;Asia;Caloptilia triadicae;Sino-Japanese;2024;University of Florida (2024). Featured Creatures - Caloptilia triadicae (Davis) (Insecta: Lepidoptera: Gracillariidae). Available at: https://entnemdept.ufl.edu/creatures/;Caloptilia triadicae
0;Asia;Caloptilia triadicae;Oriental;2024;University of Florida (2024). Featured Creatures - Caloptilia triadicae (Davis) (Insecta: Lepidoptera: Gracillariidae). Available at: https://entnemdept.ufl.edu/creatures/;Caloptilia triadicae
0;Asia;Mimudea puralis;Sino-Japanese;2010;Solis, M., et al. (2010). First Report of Ecpyrrhorrhoe puralis (South)(Pyraloidea: Crambidae: Pyraustinae) in North America: A Naturalized Exotic Pyraustine from Asia Feeding on Paulownia (Siebold and Zucc). The Journal of the Lepidopterists Society. 64(1): 33-35;Mimudea puralis
0;Asia;Lamprosema chagosalis;Oriental;2015;Hayden, J., Troubridge, J. (2015). Nacoleia charesalis (Walker) spreading in Florida. News of the Lepidopterists Society. 57(1): 8-10;Lamprosema chagosalis
0;Asia;Plesiomorpha flaviceps;Oriental;2018;Seliger, R., A. Hemmersbach (2018). Zwei adventive Schmetterlingsarten neu fur Deutschland: Plesiomorpha flaviceps (Butler, 1881) und Prays citri (Milliere, 1873) (Lep., Geometridae et Praydidae). Melanargia. 30(2): 49-52;Plesiomorpha flaviceps
0;Asia;Plesiomorpha flaviceps;Sino-Japanese;2018;Seliger, R., A. Hemmersbach (2018). Zwei adventive Schmetterlingsarten neu fur Deutschland: Plesiomorpha flaviceps (Butler, 1881) und Prays citri (Milliere, 1873) (Lep., Geometridae et Praydidae). Melanargia. 30(2): 49-52;Plesiomorpha flaviceps
0;Asia;Plesiomorpha flaviceps;Palearctic;2018;Seliger, R., A. Hemmersbach (2018). Zwei adventive Schmetterlingsarten neu fur Deutschland: Plesiomorpha flaviceps (Butler, 1881) und Prays citri (Milliere, 1873) (Lep., Geometridae et Praydidae). Melanargia. 30(2): 49-52;Plesiomorpha flaviceps
0;Asia;Statherotis discana;Oriental;1993;Nasu, Y., et al. (1993). Statherotis discana (Felder et Rogenhofer)(Lepidoptera: Tortricidae) injurious to litchi from Japan. Applied Entomology and Zoology. 28(1): 97-101;Statherotis discana
0;Asia;Elophila responsalis;Sino-Japanese;2020;Whitaker, T., et al. (2020). Pyralids of Borneo - An Illustrated Guide (5th Edition). Southdene Sdn Bhd. Available Online at: http://www.pyralidsofborneo.org/index.php?index#;Elophila responsalis
0;Asia;Hypolimnas misippus;Oriental;2021;Coetzer, A., Westrip, J. (2021). Hypolimnas misippus. The IUCN Red List of Threatened Species 2021: e.T62148588A161331411;Hypolimnas misippus
0;Africa;Leucinodes laisalis;Afrotropical;2015;Mally, R., et al. (2015). Discovery of an unknown diversity of Leucinodes species damaging Solanaceae fruits in sub-Saharan Africa and moving in trade (Insecta, Lepidoptera, Pyraloidea). ZooKeys. 472: 117-162;Leucinodes laisalis
0;Africa;Mesophleps palpigera;Afrotropical;2012;Li, H., Sattler, K. (2012). A taxonomic revision of the genus Mesophleps Hubner, 1825 (Lepidoptera: Gelechiidae). Zootaxa. 3373: 1-82;Mesophleps palpigera
0;Africa;Sceliodes laisalis;Afrotropical;2015;Mally, R., et al. (2015). Discovery of an unknown diversity of Leucinodes species damaging Solanaceae fruits in sub-Saharan Africa and moving in trade (Insecta, Lepidoptera, Pyraloidea). ZooKeys. 472: 117-162;Sceliodes laisalis
0;Africa;Sameodes cancellalis;Afrotropical;2018;Poltavsky, A., et al. (2018). The Pyraloidea (Lepidoptera) fauna of the woody savannah belt in Mali, West Africa. Zootaxa. 4457(1): 39-69;Sameodes cancellalis
0;Africa;Callopistria maillardi;Afrotropical;2024;de Prins, J., de Prins, W. (2024). Afromoths, online database of Afrotropical moth species (Lepidoptera). Available at: http://www.afromoths.net;Callopistria maillardi
0;Africa;Araeopteron ecphaea;Afrotropical;2001;Fibiger, M., Agassiz, D. (2001). Araeopteron ecphaea, a small noctuid moth in the West Palaearctic (Noctuidae: Acontiinae). Nota Lepidopterologica. 24(1): 29-35;Araeopteron ecphaea
0;South America;Sacadodes pyralis;Neotropical;1927;Withycombe, C. (1927). The South American Boll-worm of Cotton (Sacadodes pyralis, Dyar). Bulletin of Entomological Research. 17(3): 265-271;Sacadodes pyralis
0;South America;Ancylostomia stercorea;Panamanian;1972;Barrow, R. (1972). The bionomics of Ancyclostomia stercorea (zeller): a pod-borer on pigeon pea in Trinidad. [PhD Thesis, McGill University, Quebec].;Ancylostomia stercorea
0;South America;Vanessa virginiensis;Panamanian;2020;Walker, A. (2020). Vanessa virginiensis. The IUCN Red List of Threatened Species. 2020: e.T161254A882795;Vanessa virginiensis
0;South America;Mythimna unipuncta;Panamanian;2024;CAB International (CABI) (2024). CABI Invasive Species Compendium. Available at: https://www.cabidigitallibrary.org/product/QI;Mythimna unipuncta
0;South America;Anartia fatima;Panamanian;2022;Pfeiler, E., et al. (2022). Phenotypic diversity, population genetics and interspecific relationships of the Neotropical banded peacock butterfly Anartia fatima (Nymphalidae: Nymphalinae). Biological Journal of the Linnean Society. 136(1): 135-144;Anartia fatima
0;South America;Antichloris eriphia;Panamanian;2016;Gernaat, H. (2016). Notes on the early stages of Antichloris eriphia (Erebidae: Arctiinae) in Suriname. The Journal of the Lepidopterists Society. 70(4): 311-314;Antichloris eriphia
0;South America;Caphys biliniata;Panamanian;2023;Rodriguez, A., et al. (2023). Capiitulo XIII Insectos asociados a los cultivares hibridos interespecificos OxG. In: Romero, H. Los hibridos interespecificos OxG de palma de aceite. Cenipalma. Bogota D.C., Colombia.;Caphys biliniata
0;South America;Heliconius erato;Panamanian;1994;Brower, A. (1994). Rapid morphological radiation and convergence among races of the butterfly Heliconius erato inferred from patterns of mitochondrial DNA evolution. PNAS. 91(14): 6491-6495;Heliconius erato
0;South America;Castnia licus;Panamanian;2003;Gonzales, J. (2003). Castniinae (Lepidoptera: Castniidae) from Venezuela. V: Castnia Fabricius and Telchin Hubner. Boletin del Centro de Investigaciones Biologicas. 37(3): 191-201;Castnia licus
0;South America;Leuciris fimbriaria;Panamanian;2002;Pitkin, L. (2002). Neotropical ennomine moths: a review of the genera (Lepidoptera: Geometridae). Zoological Journal of the Linnean Society. 135(2): 121-401;Leuciris fimbriaria
0;South America;Hypsipyla grandella;Panamanian;2024;CAB International (CABI) (2024). CABI Invasive Species Compendium. Available at: https://www.cabidigitallibrary.org/product/QI;Hypsipyla grandella
0;South America;Danaus plexippus;Panamanian;2022;Walker, A., et al. (2022). Danaus plexippus (errata version published in 2022). The IUCN Red List of Threatened Species. 2022: e.T159971A219149911;Danaus plexippus
0;South America;Diastema tigris;Panamanian;1852;Guenee, A. (1852). Noctuelites II. in Boisduval and Guenee: Histoire naturelle des insectes. Species general des lepidopteres 6: 1-444. Paris (Roret).;Diastema tigris
0;South America;Crocidosema aporema;Panamanian;2024;CAB International (CABI) (2024). CABI Invasive Species Compendium. Available at: https://www.cabidigitallibrary.org/product/QI;Crocidosema aporema
0;South America;Chloridea virescens;Panamanian;2013;Pogue, M. (2013). Revised status of Chloridea Duncan and (Westwood), 1841, for the Heliothis virescens species group (Lepidoptera: Noctuidae: Heliothinae) based on morphology and three genes. Systematic Entomology. 38(3): 523-542;Chloridea virescens
0;South America;Sibine apicalis;Neotropical;2023;Pardey, A. (2023). 29. El gusano monturita, Acharia apicalis (Dyar, 1900), en palma de aceite. In: Centro de Investigacion en Palma de Aceite, C. (2023). Manejo de plagas para una palmicultura sostenible en Colombia Elaeis guineensis e hibrido OxG. Centro de Investigacion en Palma de Aceite, Cenipalma. 9789588360867;Sibine apicalis
0;South America;Sibine apicalis;Panamanian;2023;Pardey, A. (2023). 29. El gusano monturita, Acharia apicalis (Dyar, 1900), en palma de aceite. In: Centro de Investigacion en Palma de Aceite, C. (2023). Manejo de plagas para una palmicultura sostenible en Colombia Elaeis guineensis e hibrido OxG. Centro de Investigacion en Palma de Aceite, Cenipalma. 9789588360867;Sibine apicalis
0;South America;Anartia fatima;Neotropical;2022;Pfeiler, E., et al. (2022). Phenotypic diversity, population genetics and interspecific relationships of the Neotropical banded peacock butterfly Anartia fatima (Nymphalidae: Nymphalinae). Biological Journal of the Linnean Society. 136(1): 135-144;Anartia fatima
0;South America;Spodoptera eridania;Panamanian;2023;Zhang, Y., et al. (2023). Global potential geographical distribution of the southern armyworm (Spodoptera eridania) under climate change. Biology. 12(7): 1040;Spodoptera eridania
0;South America;Achroia grisella;Neotropical;1986;Clarke, J. (1986): Pyralidae and Microlepidoptera of the Marquesas Archipelago. Smithsonian Contributions to Zoology. 416;Achroia grisella
0;South America;Achroia grisella;Panamanian;1986;Clarke, J. (1986): Pyralidae and Microlepidoptera of the Marquesas Archipelago. Smithsonian Contributions to Zoology. 416;Achroia grisella
0;South America;Pareuchaetes insulata;Neotropical;1993;Kluge, R., Caldwell, P. (1993). Host Specificity of Parachaetes insulata (Lepidoptera: Arctiidae), a Biological Control Agent for Chromolaena odorata (Compositae). Entomophaga. 38(4): 451-457;Pareuchaetes insulata
0;South America;Pareuchaetes insulata;Panamanian;1993;Kluge, R., Caldwell, P. (1993). Host Specificity of Parachaetes insulata (Lepidoptera: Arctiidae), a Biological Control Agent for Chromolaena odorata (Compositae). Entomophaga. 38(4): 451-457;Pareuchaetes insulata
0;South America;Diastema tigris;Neotropical;1852;Guenee, A. (1852). Noctuelites II. in Boisduval and Guenee: Histoire naturelle des insectes. Species general des lepidopteres 6: 1-444. Paris (Roret).;Diastema tigris
0;South America;Pyrausta perelegans;Neotropical;2008;Ramadan, M., et al. (2008). Field biology of Pyrausta perelegans (Lepidoptera: Crambidae): a flower bud-feeder on Passiflora mollissima, an invasive vine in Hawaiian forests. Tropical Lepidoptera Research. 18(2): 113-121;Pyrausta perelegans
0;South America;Pyrausta perelegans;Panamanian;2008;Ramadan, M., et al. (2008). Field biology of Pyrausta perelegans (Lepidoptera: Crambidae): a flower bud-feeder on Passiflora mollissima, an invasive vine in Hawaiian forests. Tropical Lepidoptera Research. 18(2): 113-121;Pyrausta perelegans
0;Africa;Sesamia calamistis;Madagascan;1953;Tams, W., Bowden, J. (1953). A revision of the African species of Sesamia Guenee and related genera (Agrotidae-Lepidoptera). Bulletin of Entomological Research. 43(4): 645-678;Sesamia calamistis
0;Africa;Stictoptera poecilosoma;Madagascan;2016;de Prins, W., Mazzei, P. (2016). Some faunistic notes on selected moth species (Lepidoptera) from the Seychelles. Phelsuma. 24: 21-34;Stictoptera poecilosoma
0;Africa;Hypolimnas misippus;Madagascan;2021;Coetzer, A., Westrip, J. (2021). Hypolimnas misippus. The IUCN Red List of Threatened Species 2021: e.T62148588A161331411;Hypolimnas misippus
0;Africa;Mussidia nigrivenella;Madagascan;2019;Leraut, G. (2019). Contribution a la connaissance des Pyralidae Phycitinae de Madagascar, des Comores et des Mascareignes (III) - Revision et inventaire des especes presentes a Madagascar et dans les Mascareignes. Revue Francaise dEntomologie Generale. 1(2): 38-198;Mussidia nigrivenella
0;Africa;Sameodes cancellalis;Madagascan;2018;Poltavsky, A., et al. (2018). The Pyraloidea (Lepidoptera) fauna of the woody savannah belt in Mali, West Africa. Zootaxa. 4457(1): 39-69;Sameodes cancellalis
0;Africa;Earias biplaga;Madagascan;2016;de Prins, W., Mazzei, P. (2016). Some faunistic notes on selected moth species (Lepidoptera) from the Seychelles. Phelsuma. 24: 21-34;Earias biplaga
0;Africa;Papilio demodocus;Madagascan;2024;CAB International (CABI) (2024). CABI Invasive Species Compendium. Available at: https://www.cabidigitallibrary.org/product/QI;Papilio demodocus
0;Africa;Callopistria maillardi;Madagascan;2024;de Prins, J., de Prins, W. (2024). Afromoths, online database of Afrotropical moth species (Lepidoptera). Available at: http://www.afromoths.net;Callopistria maillardi
0;Africa;Galtara extensa;Madagascan;2024;de Prins, J., de Prins, W. (2024). Afromoths, online database of Afrotropical moth species (Lepidoptera). Available at: http://www.afromoths.net;Galtara extensa
0;Africa;Spodoptera mauritia;Madagascan;1956;Fletcher, D. (1956). Spodoptera mauritia (Boisduval) and S. triturata (Walker), two distinct species. Bulletin of Entomological Research. 47(2): 215-217;Spodoptera mauritia
0;Africa;Danaus chrysippus;Madagascan;2021;Westrip, J. (2021). Danaus chrysippus (errata version published in 2022). The IUCN Red List of Threatened Species. 2021: e.T174455A222994680;Danaus chrysippus
0;Africa;Pardasena virgulana;Afrotropical;2024;de Prins, J., de Prins, W. (2024). Afromoths, online database of Afrotropical moth species (Lepidoptera). Available at: http://www.afromoths.net;Pardasena virgulana
0;Africa;Opogona sacchari;Afrotropical;2024;CAB International (CABI) (2024). CABI Invasive Species Compendium. Available at: https://www.cabidigitallibrary.org/product/QI;Opogona sacchari
0;Africa;Daphnis nerii;Afrotropical;2024;Pittaway, A. (2024). Sphingidae of the Western Palaearctic (including Europe, North Africa, the Middle East, western Siberia and western Central Asia). Available at: https://tpittaway.tripod.com/sphinx/list.htm;Daphnis nerii
0;Africa;Caradrina clavipalpis;Afrotropical;2024;de Prins, J., de Prins, W. (2024). Afromoths, online database of Afrotropical moth species (Lepidoptera). Available at: http://www.afromoths.net;Caradrina clavipalpis
0;South America;Acleris nishidai;Neotropical;2008;Brown, J., Nishida, K. (2008). A new species of Acleris Hubner, [1825] from high elevations of Costa Rica (Lepidoptera: Tortricidae, Tortricini). SHILAP Revista de Lepidopterologia. 36(143): 341-348;Acleris nishidai
0;South America;Sacadodes pyralis;Panamanian;1927;Withycombe, C. (1927). The South American Boll-worm of Cotton (Sacadodes pyralis, Dyar). Bulletin of Entomological Research. 17(3): 265-271;Sacadodes pyralis
0;North America;Palpita persimilis;Panamanian;2012;Hayden, J., Buss, L. (2012). Olive shootworm (Palpita persimilis) in Florida. Florida Department of Agriculture and Consumer Services - Division of Plant Industry - Entomology Circular. 426;Palpita persimilis
0;South America;Callopistria floridensis;Panamanian;1913;Chittenden, F. (1913). The Florida fern caterpillar (No. 125). US Department of Agriculture, Bureau of Entomology.;Callopistria floridensis
0;South America;Neurostrota gunniella;Panamanian;2019;Prins, J., et al. (2019). An illustrated catalogue of the Neotropical Gracillariidae (Lepidoptera) with new data on primary types. Zootaxa. 4575: 1-110;Neurostrota gunniella
0;South America;Erinnyis ello;Panamanian;1974;Seifert, R. (1974). The Sphingidae of Turrialba, Costa Rica. Journal of the New York Entomological Society. 82: 45-56;Erinnyis ello
0;South America;Platynota rostrana;Panamanian;2017;der Gaag, D., der Straten, M. (2017). Short Pest Risk Analysis for Platynota rostrana and Platynota stultana. Netherlands Food and Consumer Product Safety Authority Ministry of Economic Affairs. November, 2017.;Platynota rostrana
0;South America;Auratonota dispersa;Panamanian;1990;Brown, J. (1990). New species and first US record of Auratonota (Lepidoptera: Tortricidae). Florida Entomologist. 73(1): 153-157;Auratonota dispersa
0;South America;Ascalapha odorata;Panamanian;2014;Ekrem, T., et al. (2014). The most northerly Black Witch (Ascalapha odorata): a tropical moth in the Canadian Arctic. The Canadian Field-Naturalist. 128(1): 77-79;Ascalapha odorata
0;South America;Brephidium exilis;Panamanian;2022;Calhoun, J., Smith, R. (2022). Brephidium exilis (Lycaenidae) Colonizes the Tampa Bay Area as a New Florida State Record. Southern Lepidopterists News. 44(4): 487-493;Brephidium exilis
0;South America;Crocidosema lantana;Panamanian;2011;Brown, J., et al. (2011). Tortricid moths reared from the invasive weed Mexican palo verde, Parkinsonia aculeata, with comments on their host specificity, biology, geographic distribution, and systematics. Journal of Insect Science. 11: 7;Crocidosema lantana
0;North America;Bactra philocherda;Panamanian;2008;Razowski, J., et al. (2008). The Tortricidae (Lepidoptera) of the Galapagos Islands, Ecuador. Revue Suisse de Zoologie. 115(1): 185;Bactra philocherda
0;North America;Neoleucinodes elegantalis;Panamanian;2017;da Silva, R., et al. (2017). Spatio-temporal dynamic climate model for Neoleucinodes elegantalis using CLIMEX. International Journal of Biometeorology. 61: 785-795;Neoleucinodes elegantalis
0;North America;Eulepidotis striaepuncta;Panamanian;1992;Frank, J., McCoy, E. (1992). Introduction to the Behavioral Ecology of Immigration. The Immigration of Insects to Florida, with a Tabulation of Records Published Since 1970. The Florida Entomologist.75(1): 1-28;Eulepidotis striaepuncta
0;North America;Macristis geminipunctalis;Panamanian;1992;Frank, J., McCoy, E. (1992). Introduction to the Behavioral Ecology of Immigration. The Immigration of Insects to Florida, with a Tabulation of Records Published Since 1970. The Florida Entomologist.75(1): 1-28;Macristis geminipunctalis
0;North America;Zophodia lucidalis;Panamanian;1990;Habeck, D., Bennett, F. (1990). Cactoblastis cactorum Berg (Lepidoptera: Pyralidae), a phycitine new to Florida. Entomology Circular. 333;Zophodia lucidalis
0;North America;Elachista saccharella;Panamanian;2007;White, W., et al. (2007). Elachista saccharella (Lepidoptera: Elachistidae), a leafminer infesting sugarcane in Louisiana. Florida Entomologist. 90(4): 792-794;Elachista saccharella
0;North America;Caphys biliniata;Panamanian;2004;Aguila, R. (2004). Lepidoptera (Insecta) de Topes de Collantes, Sancti Spiritus, Cuba. Boletin de la SEA Sociedad Entomologica Aragonisa. 34: 151-159;Caphys biliniata
0;North America;Neurostrota gunniella;Panamanian;2019;Prins, J., et al. (2019). An illustrated catalogue of the Neotropical Gracillariidae (Lepidoptera) with new data on primary types. Zootaxa. 4575: 1-110;Neurostrota gunniella
0;North America;Abaeis nicippe;Panamanian;2024;Lotts, K., Naberhaus, T. (coords.) (2024). Butterflies and Moths of North America (Version 07082024). Available at: http://www.butterfliesandmoths.org/ ;Abaeis nicippe
0;North America;Clepsis peritana;Panamanian;2018;Pinzari, M., et al. (2018). Is the alien species Clepsis peritana (Lepidoptera: Tortricidae) settling in Italy? Journal of Entomological and Arachnological Research. 50: 7551;Clepsis peritana
0;North America;Callopistria jamaicensis;Panamanian;2002;Barnes, M. (2002). A preliminary illustrated catalogue of the larger moths of Jamaica. Available at: http://www.mbarnes.force9.co.uk/jamaicamoths/jamaicahome.htm;Callopistria jamaicensis
0;North America;Empyreuma affinis;Panamanian;1912;Rothschild, W. (1912). New Syntomidae. Novitates Zoologicae - A Journal of Zoology in Connection with the Tring Museum. 19: 151-186;Empyreuma affinis
0;North America;Aphrissa orbis;Panamanian;2011;Warren, A., Calhoun, J. (2011). Notes on the historical occurrence of Aphrissa neleis in southern Florida, USA (Lepidoptera: Pieridae: Coliadinae). News of the Lepidopterists Society. 53(1): 3-7;Aphrissa orbis
0;North America;Anartia lytraea;Nearctic;1864;Weidemeyer, J. (1864). Catalogue of North American Butterflies. Proceedings of the Entomological Society. 2(1): 143-154;Anartia lytraea
0;North America;Anypsipyla univitella;Panamanian;1956;Heinrich, C. (1956). Checklist of American Phycitinae. Bulletin of the United States National Museum. 207: 316-329;Anypsipyla univitella
0;North America;Bleptina araealis;Panamanian;1991;Dickel, T. (1991). New Records of Noctuid Moths from Florida. Tropical Lepidoptera. 2(1): 53-58;Bleptina araealis
0;Asia;Acalyptris platani;Saharo-Arabian;2007;van Nieukerken, E. (2007). Acalyptris Meyrick: revision of the platani and staticis groups in Europe and the Mediterranean (Lepidoptera: Nepticulidae). Zootaxa. 1436: 1-48;Acalyptris platani
0;Asia;Caloptilia roscipennella;Saharo-Arabian;2007;Khramov, P. (Ed.) (2007). Insecta.pro: international entomological community. Available online at: https://insecta.pro;Caloptilia roscipennella
0;Asia;Chrysodeixis chalcites;Saharo-Arabian;2024;CAB International (CABI) (2024). CABI Invasive Species Compendium. Available at: https://www.cabidigitallibrary.org/product/QI;Chrysodeixis chalcites
0;Asia;Neurothaumasia ankerella;Saharo-Arabian;2007;Khramov, P. (Ed.) (2007). Insecta.pro: international entomological community. Available online at: https://insecta.pro;Neurothaumasia ankerella
0;Asia;Pieris rapae;Saharo-Arabian;2010;van Swaay, C., et al. (2010). Pieris rapae (Europe assessment). The IUCN Red List of Threatened Species. 2010: e.T174353A7056010;Pieris rapae
0;Asia;Pieris rapae;Saharo-Arabian;2014;van Swaay, C., et al. (2014). Pieris rapae (Mediterranean assessment). The IUCN Red List of Threatened Species. 2014: e.T174353A53720063;Pieris rapae
0;Asia;Euplexia lucipara;Saharo-Arabian;2018;Amer, A., et al. (2018). Review of subfamily: Xyleninae of Egypt (Lepidoptera, Noctuidae). Egyptian Academic Journal of Biological Sciences. 11(5): 103-125;Euplexia lucipara
0;Asia;Pararge aegeria;Saharo-Arabian;2010;van Swaay, C., et al. (2010). Pararge aegeria (Europe assessment). The IUCN Red List of Threatened Species. 2010: e.T174214A7029860;Pararge aegeria
0;Asia;Pararge aegeria;Saharo-Arabian;2014;van Swaay, C., et al. (2014). Pararge aegeria (Mediterranean assessment). The IUCN Red List of Threatened Species. 2014: e.T174214A53719848;Pararge aegeria
0;Asia;Anthophila nemorana;Saharo-Arabian;2014;de Prins, W., et al. (2014). Choreutis nemorana (Lepidoptera: Choreutidae) well established in Belgium. Phegea. 42(2): 29-32;Anthophila nemorana
0;Asia;Autographa gamma;Saharo-Arabian;2007;Sullivan, M., Molet, T. (2007). CPHST Pest Datasheet for Autographa gamma (Revised January 2014). USDA-APHIS-PPQ-CPHST.;Autographa gamma
0;Asia;Cryptoblabes gnidiella;Saharo-Arabian;2024;CAB International (CABI) (2024). CABI Invasive Species Compendium. Available at: https://www.cabidigitallibrary.org/product/QI;Cryptoblabes gnidiella
0;Asia;Bactra venosana;Saharo-Arabian;2007;Khramov, P. (Ed.) (2007). Insecta.pro: international entomological community. Available online at: https://insecta.pro;Bactra venosana
0;Asia;Vanessa atalanta;Saharo-Arabian;2020;Walker, A. (2020). Vanessa atalanta. The IUCN Red List of Threatened Species. 2020: e.T174225A172421220;Vanessa atalanta
0;Asia;Amphipyra tragopoginis;Saharo-Arabian;2007;Khramov, P. (Ed.) (2007). Insecta.pro: international entomological community. Available online at: https://insecta.pro;Amphipyra tragopoginis
0;Asia;Anarsia lineatella;Saharo-Arabian;2007;Khramov, P. (Ed.) (2007). Insecta.pro: international entomological community. Available online at: https://insecta.pro;Anarsia lineatella
0;Asia;Carcina quercana;Saharo-Arabian;2007;Khramov, P. (Ed.) (2007). Insecta.pro: international entomological community. Available online at: https://insecta.pro;Carcina quercana
0;Asia;Clepsis consimilana;Saharo-Arabian;2007;Khramov, P. (Ed.) (2007). Insecta.pro: international entomological community. Available online at: https://insecta.pro;Clepsis consimilana
0;Asia;Depressaria depressana;Saharo-Arabian;2007;Khramov, P. (Ed.) (2007). Insecta.pro: international entomological community. Available online at: https://insecta.pro;Depressaria depressana
0;Asia;Ectoedemia heringella;Saharo-Arabian;2010;van Nieukerken, E., et al. (2010). Western Palaearctic Ectoedemia (Zimmermannia) Hering and Ectoedemia Busck s. str. (Lepidoptera: Nepticulidae): five new species and new data on distribution, hostplants and recognition. ZooKeys. 32: 1-82;Ectoedemia heringella
0;Asia;Caradrina clavipalpis;Saharo-Arabian;2007;Khramov, P. (Ed.) (2007). Insecta.pro: international entomological community. Available online at: https://insecta.pro;Caradrina clavipalpis
0;Europe;Neurothaumasia ankerella;Palearctic;2015;Gaedike, R. (2015). Tineidae I: (Dryadaulinae, Hapsiferinae, Euplocaminae, Scardiinae, Nemapogoninae and Meessiinae). Brill. Leiden, Netherlands.;Neurothaumasia ankerella
0;Europe;Hydraecia micacea;Palearctic;2020;Weihrauch, F. (2020). Rosy rustic moth as a hop pest in the Hallertau: History and current situation. Mitteilungen der Deutschen Gesellschaft fur Allgemeine und Angewandte Entomologie. 22: 125-128;Hydraecia micacea
0;Europe;Sciota adelphella;Palearctic;2014;Qi, M., et al. (2014). Taxonomic Review on the Genus Sciota (Lepidoptera, Pyralidae, Phycitinae) in Northeast China. Animal Systematics, Evolution and Diversity. 30(2): 59-64;Sciota adelphella
0;Europe;Palpita vitrealis;Palearctic;2012;Yilmaz, C., Genc, H. (2012). Determination of the life cycle of the Olive Fruit Leaf Moth, Palpita unionalis (Lepidoptera: Pyralidae) in the laboratory. Florida Entomologist. 95: 162-170;Palpita vitrealis
0;Europe;Selania leplastriana;Palearctic;1997;Farrugia, C. (1997). Insect Pests on Cauliflower (Brassica oleracea Var. Botrytis) in Gozo (Maltese Islands, Central Mediterranean). The Central Mediterranean Naturalist. 2(4): 152-165;Selania leplastriana
0;Europe;Achroia grisella;Palearctic;1986;Clarke, J. (1986): Pyralidae and Microlepidoptera of the Marquesas Archipelago. Smithsonian Contributions to Zoology. 416;Achroia grisella
0;Europe;Anchoscelis lunosa;Palearctic;2017;Ronkay, L., et al. (2017). Xyleninae I. A Taxonomic Atlas of the Eurasian and North African Noctuoidea. Heterocera Press Ltd. Budapest, Hungary.;Anchoscelis lunosa
0;Africa;Danaus chrysippus;Saharo-Arabian;2021;Westrip, J. (2021). Danaus chrysippus (errata version published in 2022). The IUCN Red List of Threatened Species. 2021: e.T174455A222994680;Danaus chrysippus
0;North America;Auratonota dominica;Panamanian;1999;Razowski, J., Becker, V. (1999). A review of the New World Chlidanotini (Lepidoptera, Tortricidae). Revista Brasileira de Zoologia. 16: 1149-1182;Auratonota dominica
0;North America;Lantanophaga pusillidactylus;Panamanian;2006;Gielis, C. (2006). Review of the Neotropical species of the family Pterophoridae, part I: Ochyroticinae, Deuterocopinae, Pterophorinae (Platyptiliini, Exelastini, Oxyptilini) (Lepidoptera). Zoologische Mededelingen. 80: 1-290;Lantanophaga pusillidactylus
0;Europe;Ostrinia nubilalis;Palearctic;1970;Mutuura, A., Munroe, E. (1970). Taxonomy and distribution of the European corn borer and allied species: genus Ostrinia (Lepidoptera: Pyralidae). The Memoirs of the Entomological Society of Canada. 102(S71): 1-112;Ostrinia nubilalis
0;Europe;Sclerocona acutella;Palearctic;2003;Wagner, D., et al. (2003). Sclerocona acutella (Eversmann)(Crambidae: Pyraustinae), naturalized along the eastern seaboard. Journal of the Lepidopterists Society. 57(4): 270-273;Sclerocona acutella
0;Europe;Lobesia botrana;Palearctic;2011;Gilligan, T., et al. (2011). Discovery of Lobesia botrana (Denis and Schiffermuller) in California: An invasive species new to North America (Lepidoptera: Tortricidae). Proceedings of the Entomological Society of Washington. 1113(1): 14-30;Lobesia botrana
0;North America;Autographa gamma;Palearctic;2007;Sullivan, M., Molet, T. (2007). CPHST Pest Datasheet for Autographa gamma (Revised January 2014). USDA-APHIS-PPQ-CPHST.;Autographa gamma
0;North America;Salbia haemorrhoidalis;Panamanian;2024;de Prins, J., de Prins, W. (2024). Afromoths, online database of Afrotropical moth species (Lepidoptera). Available at: http://www.afromoths.net;Salbia haemorrhoidalis
0;North America;Spodoptera frugiperda;Panamanian;2017;Cock, M., et al. (2017). Molecular methods to detect Spodoptera frugiperda in Ghana, and implications for monitoring the spread of invasive species in developing countries. Scientific Reports. 7(1): 4103;Spodoptera frugiperda
0;North America;Asciodes gordialis;Panamanian;2016;Landry, B. (2016). Taxonomic revision of the Spilomelinae (Lepidoptera, Pyralidae sl) of the Galapagos Islands, Ecuador. Revue Suisse de Zoologie. 123(2): 315-399;Asciodes gordialis
0;Africa;Chiasmia aestimaria;Saharo-Arabian;2024;de Prins, J., de Prins, W. (2024). Afromoths, online database of Afrotropical moth species (Lepidoptera). Available at: http://www.afromoths.net;Chiasmia aestimaria
0;Africa;Chrysodeixis chalcites;Saharo-Arabian;2024;CAB International (CABI) (2024). CABI Invasive Species Compendium. Available at: https://www.cabidigitallibrary.org/product/QI;Chrysodeixis chalcites
0;Africa;Elophila nymphaeata;Saharo-Arabian;1984;Speidel, W. (1984). Revision der Acentropinae des palaearktischen Faunengebietes (Lepidoptera: Crambidae). Neue Entomologische Nachrichten. 12: 1-157;Elophila nymphaeata
0;Africa;Hadena compta;Saharo-Arabian;2007;Kravchenko, V., et al. (2007). The Hadeninae of Israel (Lepidoptera: Noctuidae). SHILAP Revista de Lepidopterologia. 35(140): 441-454;Hadena compta
0;Africa;Hipparchia statilinus;Saharo-Arabian;2011;Tennent, W. (2011). Hipparchia statilinus. The IUCN Red List of Threatened Species. 2011: e.T160360A5364211;Hipparchia statilinus
0;Africa;Iphiclides podalirius;Saharo-Arabian;2014;van Swaay, C., et al. (2014). Iphiclides podalirius (Mediterranean assessment). The IUCN Red List of Threatened Species. 2014: e.T174405A53719929;Iphiclides podalirius
0;Africa;Neurothaumasia ankerella;Saharo-Arabian;2015;Gaedike, R. (2015). Tineidae I: (Dryadaulinae, Hapsiferinae, Euplocaminae, Scardiinae, Nemapogoninae and Meessiinae). Brill. Leiden, Netherlands.;Neurothaumasia ankerella
0;Africa;Stigmella suberivora;Saharo-Arabian;2003;van Nieukerken, E., Johansson, R. (2003). The Quercus feeding Stigmella species of the West Palaearctic: new species, key and distribution (Lepidoptera: Nepticulidae). Tijdschrift voor Entomologie. 146: 307-370;Stigmella suberivora
0;Africa;Pieris rapae;Saharo-Arabian;2014;van Swaay, C., et al. (2014). Pieris rapae (Mediterranean assessment). The IUCN Red List of Threatened Species. 2014: e.T174353A53720063;Pieris rapae
0;Africa;Arenipses sabella;Saharo-Arabian;2008;Aldryhim, Y. (2008). Greater Date Moth, Arenipses sabella Hmps. (Lepidoptera: Pyralidae). In: Capinera, J.L. (eds) Encyclopedia of Entomology. Springer, Dordrecht. pp 1716-1717;Arenipses sabella
0;Africa;Archips xylosteana;Saharo-Arabian;2024;CAB International (CABI) (2024). CABI Invasive Species Compendium. Available at: https://www.cabidigitallibrary.org/product/QI;Archips xylosteana
0;Africa;Euclasta varii;Saharo-Arabian;1973;Popescu-Gorj, A., Constantinescu, A. (1973). New African species of Euclasta (Lepidoptera, Pyraustinae). Revue roumaine de Biologie - Serie de Zoologie. 18(6): 393-402;Euclasta varii
0;Africa;Tyta luctuosa;Saharo-Arabian;1988;Rosenthal, S., et al. (1988). Biology of Tyta luctuosa [Lep.: Noctuidae] and its potential value as a biological control agent for the weed Convolvulus arvensis. Entomophaga. 33: 185-192;Tyta luctuosa
0;Africa;Pararge aegeria;Saharo-Arabian;2014;van Swaay, C., et al. (2014). Pararge aegeria (Mediterranean assessment). The IUCN Red List of Threatened Species. 2014: e.T174214A53719848;Pararge aegeria
0;Africa;Tinea flavescentella;Saharo-Arabian;2019;Gaedike, R. (2019). Tineidae II: (Myrmecozelinae, Perissomasticinae, Tineinae, Hieroxestinae, Teichobiinae and Stathmopolitinae). Brill. Leiden, Netherlands.;Tinea flavescentella
0;Africa;Syndemis cedricola;Saharo-Arabian;2023;Assaad, M. (2023). Ecology and impacts of insect communities on Lebanese cedar Cedrus libani A. Rich. [MSc Thesis, Universita degli Studi di Padova].;Syndemis cedricola
0;Africa;Autographa gamma;Saharo-Arabian;2007;Sullivan, M., Molet, T. (2007). CPHST Pest Datasheet for Autographa gamma (Revised January 2014). USDA-APHIS-PPQ-CPHST.;Autographa gamma
0;Africa;Cryptoblabes gnidiella;Saharo-Arabian;2024;CAB International (CABI) (2024). CABI Invasive Species Compendium. Available at: https://www.cabidigitallibrary.org/product/QI;Cryptoblabes gnidiella
0;Africa;Lampides boeticus;Saharo-Arabian;2021;Edge, D., Westrip, J. (2021). Lampides boeticus. The IUCN Red List of Threatened Species 2021: e.T174427A161341394;Lampides boeticus
0;Africa;Vanessa cardui;Saharo-Arabian;2020;Walker, A., Coetzer, A. (2020). Vanessa cardui. The IUCN Red List of Threatened Species. 2020: e.T174379A161326679;Vanessa cardui
0;Africa;Caloptilia coruscans;Saharo-Arabian;2024;de Prins, J., de Prins, W. (2024). Global Taxonomic Database of Gracillariidae (Lepidoptera). Avaliable at: http://www.gracillariidae.net;Caloptilia coruscans
0;Africa;Vanessa atalanta;Saharo-Arabian;2020;Walker, A. (2020). Vanessa atalanta. The IUCN Red List of Threatened Species. 2020: e.T174225A172421220;Vanessa atalanta
0;Africa;Ascalenia acaciella;Saharo-Arabian;2006;Koster, S., Sammut, P. (2006). Faunistic notes on Momphidae, Batrachedridae, Stathmopodidae and Cosmopterigidae from the Maltese Islands. Nota lepidopterologica. 29(1): 49-63;Ascalenia acaciella
0;Africa;Epinotia cedricida;Saharo-Arabian;1999;Fabre, J., et al. (1999). Le point sur certains ravageurs du cedre de l Atlas en Afrique du nord, en France et en Europe. Foret Mediterraneenne. 20(4): 203-218;Epinotia cedricida
0;Africa;Epinotia algeriensis;Saharo-Arabian;1990;Chambon, J., et al. (1990). Trois nouvelles Tordeuses dAlgerie, nuisibles aux Coniferes: Epinotia algeriensis n. sp.(Olethrentinae, Eucosmini), Lozotaenia cedrivora n. sp. et Dichela numidicola n. sp.(Tortricinae, Archipini)[Lep. Tortricidae]. Bulletin de la Societe entomologique de France. 95(3): 131-138;Epinotia algeriensis
0;Africa;Epinotia algeriensis;Saharo-Arabian;2021;Pullaiah, T., Ielmini, M.R. (Eds.) (2021). Invasive Alien Species: Observations and Issues from Around the World. Volume 1: Issues and Invasions in Africa. Wiley. 380pp.;Epinotia algeriensis
0;Africa;Lozotaenia cedrivora;Saharo-Arabian;1990;Chambon, J., et al. (1990). Trois nouvelles Tordeuses dAlgerie, nuisibles aux Coniferes: Epinotia algeriensis n. sp.(Olethrentinae, Eucosmini), Lozotaenia cedrivora n. sp. et Dichela numidicola n. sp.(Tortricinae, Archipini)[Lep. Tortricidae]. Bulletin de la Societe entomologique de France. 95(3): 131-138;Lozotaenia cedrivora
0;Africa;Dialectica scalariella;Saharo-Arabian;2023;Langdon, W. (2023). Dialectica scalariella (Zeller, 1850)(Lep.: Gracillariidae) at Dungeness, Kent: The first British Breeding Record. Entomologists Record and Journal of Variation. 135: 6-18;Dialectica scalariella
0;Africa;Archips xylosteana;Saharo-Arabian;2008;Hoebeke, E.,et al. (2008). Archips xylosteana (L.)(Lepidoptera: Tortricidae), a palearctic leafroller new to North America. Proceedings of the Entomological Society of Washington. 110(3): 789-795;Archips xylosteana
0;Africa;Duponchelia fovealis;Saharo-Arabian;2024;CAB International (CABI) (2024). CABI Invasive Species Compendium. Available at: https://www.cabidigitallibrary.org/product/QI;Duponchelia fovealis
0;Africa;Enarmonia formosana;Saharo-Arabian;2024;CAB International (CABI) (2024). CABI Invasive Species Compendium. Available at: https://www.cabidigitallibrary.org/product/QI;Enarmonia formosana
0;Africa;Caradrina clavipalpis;Saharo-Arabian;2024;de Prins, J., de Prins, W. (2024). Afromoths, online database of Afrotropical moth species (Lepidoptera). Available at: http://www.afromoths.net;Caradrina clavipalpis
0;Africa;Anchoscelis lunosa;Saharo-Arabian;2017;Ronkay, L., et al. (2017). Xyleninae I. A Taxonomic Atlas of the Eurasian and North African Noctuoidea. Heterocera Press Ltd. Budapest, Hungary.;Anchoscelis lunosa
0;Africa;Aethes rubiginana;Saharo-Arabian;2003;Trematerra, P., Jel, J. (2003). Aethes rubiginana (Walsingham, 1903) in Francia ed Epibactra sareptana (Herrich-Schaffer, 1861) in Italia (Lepidoptera Tortricidae ). Bollettino di Zoologia Agraria e di Bachicoltura. 35(2): 107-110;Aethes rubiginana
0;South America;Spodoptera frugiperda;Neotropical;2017;Cock, M., et al. (2017). Molecular methods to detect Spodoptera frugiperda in Ghana, and implications for monitoring the spread of invasive species in developing countries. Scientific Reports. 7(1): 4103;Spodoptera frugiperda
0;South America;Asciodes gordialis;Neotropical;2016;Landry, B. (2016). Taxonomic revision of the Spilomelinae (Lepidoptera, Pyralidae sl) of the Galapagos Islands, Ecuador. Revue Suisse de Zoologie. 123(2): 315-399;Asciodes gordialis
0;South America;Agrius cingulata;Neotropical;2006;Marabuto, E. (2006). The occurrence of a neotropical hawkmoth in southern Portugal: Agrius cingulatus (Fabricius, 1775) (Lepidoptera: Sphingidae). Boletin de la Sociedad Entomologica Aragonesa. 38: 163-166;Agrius cingulata
0;Africa;Chilo agamemnon;Saharo-Arabian;1970;Bleszynski, S. (1970). A revision of the world species of Chilo Zincken (Lepidoptera: Pyralidae). Bulletin of the British Museum (Natural History) B, Entomology. 25(4): 101-195;Chilo agamemnon
0;Africa;Apopestes spectrum;Saharo-Arabian;2013;Amer, A. (2013). Catocalinae Of Egypt (Lepidoptera, Noctuidae). Al-Azhar Bulletin Of Science. 24(1-C): 1-16;Apopestes spectrum
0;Africa;Cadra calidella;Saharo-Arabian;1968;Prevett, P. (1968). Some laboratory observations on the life-cycle of Cadra calidella (Guen.)(Lepidoptera: Phycitidae). Journal of Stored Products Research. 4(3): 233-238;Cadra calidella
0;Africa;Hypolimnas misippus;Saharo-Arabian;2021;Coetzer, A., Westrip, J. (2021). Hypolimnas misippus. The IUCN Red List of Threatened Species 2021: e.T62148588A161331411;Hypolimnas misippus
0;Africa;Deudorix livia;Saharo-Arabian;2005;Gong, C. (2005) The first record of the Eremic Lycaenid Deudorix livia (Klug, 1834) in Europe. Atalanta. 36(1): 109-112;Deudorix livia
0;Africa;Deudorix livia;Afrotropical;2005;Gong, C. (2005) The first record of the Eremic Lycaenid Deudorix livia (Klug, 1834) in Europe. Atalanta. 36(1): 109-112;Deudorix livia
0;Africa;Pieris rapae;Afrotropical;2014;van Swaay, C., et al. (2014). Pieris rapae (Mediterranean assessment). The IUCN Red List of Threatened Species. 2014: e.T174353A53720063;Pieris rapae
0;Africa;Euplexia lucipara;Saharo-Arabian;2018;Amer, A., et al. (2018). Review of subfamily: Xyleninae of Egypt (Lepidoptera, Noctuidae). Egyptian Academic Journal of Biological Sciences. 11(5): 103-125;Euplexia lucipara
0;Africa;Batrachedra amydraula;Saharo-Arabian;1978;Carpenter, J., et al. (1978). Pests and diseases of the date palms. Agriculture Handbook. 524:1-40;Batrachedra amydraula
0;Africa;Ascalenia acaciella;Saharo-Arabian;1960;Gozmany L. (1960). The results of the zoological collecting trip to Egypt in 1957, of the Natural History Museum, Budapest. 8. Egyptian Microlepidoptera II.;Ascalenia acaciella
0;Africa;Bifascioides leucomelanella;Saharo-Arabian;2006;Koster, S., Sammut, P. (2006). Faunistic notes on Momphidae, Batrachedridae, Stathmopodidae and Cosmopterigidae from the Maltese Islands. Nota lepidopterologica. 29(1): 49-63;Bifascioides leucomelanella
0;Africa;Coleophora parthenica;Saharo-Arabian;1990;Muller, H., Goeden, R. (1990). Parasitoids acquired by Coleophora parthenica [Lepidoptera: Coleophoridae] ten years after its introduction into southern California for the biological control of Russian thistle. Entomophaga. 35: 257-268;Coleophora parthenica
0;Africa;Hedya salicella;Saharo-Arabian;2017;Maharramova, S., Ayberk, H. (2017). New records of leafrollers reared in Azerbaijan (Lepidoptera: Tortricidae). Linzer Biologische Beitrage. 49(1): 677-686;Hedya salicella
0;Africa;Synanthedon myopaeformis;Saharo-Arabian;2010;Lopez-Vaamonde, C., et al. (2010). Lepidoptera. Chapter 11. BioRisk. 4: 603-668;Synanthedon myopaeformis
0;Africa;Synanthedon myopaeformis;Afrotropical;2010;Lopez-Vaamonde, C., et al. (2010). Lepidoptera. Chapter 11. BioRisk. 4: 603-668;Synanthedon myopaeformis
0;Africa;Chiasmia aestimaria;Afrotropical;2024;de Prins, J., de Prins, W. (2024). Afromoths, online database of Afrotropical moth species (Lepidoptera). Available at: http://www.afromoths.net;Chiasmia aestimaria
0;Europe;Agonopterix ulicetella;Palearctic;1995;Hill, R., et al. (1995). Suitability of Agonopterix ulicetella (Lepidoptera: Oecophoridae) as a Control for Ulex europaeus. Biocontrol Science and Technology. 5: 3-10;Agonopterix ulicetella
0;Europe;Blastobasis marmorosella;Palearctic;2004;Karsholt, O., Sinev, S. (2004). Contribution to the Lepidoptera fauna of the Madeira Islands Part 4. Blastobasidae. Beitrage zur Entomologie. 54(2): 387-463;Blastobasis marmorosella
0;Europe;Chiasmia aestimaria;Palearctic;2024;de Prins, J., de Prins, W. (2024). Afromoths, online database of Afrotropical moth species (Lepidoptera). Available at: http://www.afromoths.net;Chiasmia aestimaria
0;Europe;Eupithecia phoeniceata;Palearctic;2007;de Prins, W. (2007). Interessante waarnemingen van Lepidoptera in Belgie in 2006 (Lepidoptera). Phegea. 35(1): 1-20;Eupithecia phoeniceata
0;Europe;Hypolimnas misippus;Palearctic;2021;Coetzer, A., Westrip, J. (2021). Hypolimnas misippus. The IUCN Red List of Threatened Species 2021: e.T62148588A161331411;Hypolimnas misippus
0;Europe;Eurranthis plummistaria;Palearctic;2007;Khramov, P. (Ed.) (2007). Insecta.pro: international entomological community. Available online at: https://insecta.pro;Eurranthis plummistaria
0;Europe;Eupithecia carpophagata;Palearctic;2022;Glerean, P., et al. (2022). Lepidoptera of the Prealpi Giulie Natural Park (Friuli Venezia Giulia, North-East Italy). GORTANIA - Botanica, Zoologia. 44: 29-72;Eupithecia carpophagata
0;Europe;Stigmella atricapitella;Palearctic;2003;van Nieukerken, E., Johansson, R. (2003). The Quercus feeding Stigmella species of the West Palaearctic: new species, key and distribution (Lepidoptera: Nepticulidae). Tijdschrift voor Entomologie. 146: 307-370;Stigmella atricapitella
0;Europe;Graellsia isabellae;Palearctic;1996;World Conservation Monitoring Centre (1996). Graellsia isabelae. The IUCN Red List of Threatened Species. 1996: e.T9427A12986143;Graellsia isabellae
0;Europe;Cydia interscindana;Palearctic;2022;Takacs, A., et al. (2022). Bionomics and host plants of the invasive Cydia interscindana (Moschler, 1866) (Lepidoptera, Tortricidae), an emerging pest in the Carpathian Lowlands. Nota Lepidopterologica. 45: 53-64;Cydia interscindana
0;Europe;Homoeosoma stenotea;Palearctic;2022;Falck, P., et al. (2022). New data on Pyraloidea from the Canary Islands, Spain 2 (Lepidoptera: Pyralidae, Crambidae. SHILAP Revista de Lepidopterologia. 50(199): 469-488;Homoeosoma stenotea
0;Europe;Anatrachyntis rileyi;Palearctic;2024;CAB International (CABI) (2024). CABI Invasive Species Compendium. Available at: https://www.cabidigitallibrary.org/product/QI;Anatrachyntis rileyi
0;Europe;Cryptoblabes gnidiella;Palearctic;2024;CAB International (CABI) (2024). CABI Invasive Species Compendium. Available at: https://www.cabidigitallibrary.org/product/QI;Cryptoblabes gnidiella
0;Europe;Bactra venosana;Palearctic;2015;Sohn, J., et al. (2015). Seven species of Olethreutinae (Lepidoptera: Tortricidae) new to Korea. Journal of Asia-Pacific Biodiversity. 8(2): 133-138;Bactra venosana
0;Europe;Caloptilia coruscans;Palearctic;2024;de Prins, J., de Prins, W. (2024). Global Taxonomic Database of Gracillariidae (Lepidoptera). Avaliable at: http://www.gracillariidae.net;Caloptilia coruscans
0;Europe;Cochylis atricapitana;Palearctic;1992;McLaren, D. (1992). Observations on the life cycle and establishment of Cochylis atricapitana (Lep: Cochylidae), a moth used for biological control of Senecio jacobaea in Australia. Entomophaga. 37: 641-648;Cochylis atricapitana
0;Europe;Araeopteron ecphaea;Palearctic;2001;Fibiger, M., Agassiz, D. (2001). Araeopteron ecphaea, a small noctuid moth in the West Palaearctic (Noctuidae: Acontiinae). Nota Lepidopterologica. 24(1): 29-35;Araeopteron ecphaea
0;Europe;Ascalenia acaciella;Palearctic;2006;Koster, S., Sammut, P. (2006). Faunistic notes on Momphidae, Batrachedridae, Stathmopodidae and Cosmopterigidae from the Maltese Islands. Nota lepidopterologica. 29(1): 49-63;Ascalenia acaciella
0;Europe;Blastobasis maroccanella;Palearctic;2004;Karsholt, O., Sinev, S. (2004). Contribution to the Lepidoptera fauna of the Madeira Islands Part 4. Blastobasidae. Beitrage zur Entomologie. 54(2): 387-463;Blastobasis maroccanella
0;Europe;Bucculatrix chrysanthemella;Palearctic;2010;Lopez-Vaamonde, C., et al. (2010). Lepidoptera. Chapter 11. BioRisk. 4: 603-668;Bucculatrix chrysanthemella
0;Europe;Phycita diaphana;Palearctic;2015;Zilli, A., Pavesi, F. (2015). new or little known Pyraloids from Italy (Lepidoptera: Pyraloidea). Phegea. 43(3): 81-96;Phycita diaphana
0;Europe;Dialectica scalariella;Palearctic;1997;Kumata, T., Horak, M. (1997). The native Dialectica aemula (Meyrick) and the introduced Dialectica scalariella (Zeller)(Lepidoptera: Gracillariidae) in Australia: characterisation of two closely related species on Boraginaceae. Australian Journal of Entomology. 36(1): 25-35;Dialectica scalariella
0;Europe;Cnephasia asseclana;Palearctic;2021;Goglia, L. (2021). Faunistic Notes on Lepidoptera Tortricidae from Calabria (South Italy) - Contribution to the knowledge of the Lepidoptera Tortricidae fauna of Mediterranean ecosystems. [PhD Thesis, Universita degli Studi della Tuscia and Universita degli Studi del Molise].;Cnephasia asseclana
0;Europe;Cnephasia stephensiana;Palearctic;2021;Goglia, L. (2021). Faunistic Notes on Lepidoptera Tortricidae from Calabria (South Italy) - Contribution to the knowledge of the Lepidoptera Tortricidae fauna of Mediterranean ecosystems. [PhD Thesis, Universita degli Studi della Tuscia and Universita degli Studi del Molise].;Cnephasia stephensiana
0;Europe;Pterolonche inspersa;Palearctic;1986;Vives Moreno, A. (1986). La familia Pterolonchidae Meyrick, 1918, de Espana y Portugal (Insecta, Lepidoptera). Eos: Revista Espanola de Entomologia. 62(1): 319-337;Pterolonche inspersa
0;Africa;Blastobasis marmorosella;Saharo-Arabian;2004;Karsholt, O., Sinev, S. (2004). Contribution to the Lepidoptera fauna of the Madeira Islands Part 4. Blastobasidae. Beitrage zur Entomologie. 54(2): 387-463;Blastobasis marmorosella
0;Africa;Erechthias minuscula;Palearctic;1978;Zimmerman, E. (1978). Insects of Hawaii. Vol. 9 Microlepidoptera. Part I. The University Press of Hawaii, Honolulu, Hawaii, United States of America.;Erechthias minuscula
0;Africa;Eupithecia phoeniceata;Palearctic;2007;de Prins, W. (2007). Interessante waarnemingen van Lepidoptera in Belgie in 2006 (Lepidoptera). Phegea. 35(1): 1-20;Eupithecia phoeniceata
0;Africa;Pieris rapae;Palearctic;2014;van Swaay, C., et al. (2014). Pieris rapae (Mediterranean assessment). The IUCN Red List of Threatened Species. 2014: e.T174353A53720063;Pieris rapae
0;Africa;Anthophila nemorana;Palearctic;2014;de Prins, W., et al. (2014). Choreutis nemorana (Lepidoptera: Choreutidae) well established in Belgium. Phegea. 42(2): 29-32;Anthophila nemorana
0;Africa;Aglossa caprealis;Palearctic;2007;Khramov, P. (Ed.) (2007). Insecta.pro: international entomological community. Available online at: https://insecta.pro;Aglossa caprealis
0;Africa;Autographa gamma;Palearctic;2007;Sullivan, M., Molet, T. (2007). CPHST Pest Datasheet for Autographa gamma (Revised January 2014). USDA-APHIS-PPQ-CPHST.;Autographa gamma
0;Africa;Cochylis atricapitana;Palearctic;2007;Khramov, P. (Ed.) (2007). Insecta.pro: international entomological community. Available online at: https://insecta.pro;Cochylis atricapitana
0;Africa;Neomariania rebeli;Palearctic;2010;Lopez-Vaamonde, C., et al. (2010). Lepidoptera. Chapter 11. BioRisk. 4: 603-668;Neomariania rebeli
0;Africa;Phycita diaphana;Palearctic;2015;Zilli, A., Pavesi, F. (2015). new or little known Pyraloids from Italy (Lepidoptera: Pyraloidea). Phegea. 43(3): 81-96;Phycita diaphana
0;Africa;Cnephasia asseclana;Palearctic;2007;Khramov, P. (Ed.) (2007). Insecta.pro: international entomological community. Available online at: https://insecta.pro;Cnephasia asseclana
0;Africa;Cnephasia longana;Palearctic;2007;Khramov, P. (Ed.) (2007). Insecta.pro: international entomological community. Available online at: https://insecta.pro;Cnephasia longana
0;Africa;Cydia coniferana;Palearctic;2007;Khramov, P. (Ed.) (2007). Insecta.pro: international entomological community. Available online at: https://insecta.pro;Cydia coniferana
0;Europe;Cnephasia longana;Palearctic;1968;Poonyathawon, P. (1968). Insect parasites of the omnivorous leaf tier, Cnephasia longana (Haworth) in Oregon. [MSc Thesis, Oregon State University].;Cnephasia longana
0;Europe;Cydia coniferana;Palearctic;2021;Goglia, L. (2021). Faunistic Notes on Lepidoptera Tortricidae from Calabria (South Italy) - Contribution to the knowledge of the Lepidoptera Tortricidae fauna of Mediterranean ecosystems. [PhD Thesis, Universita degli Studi della Tuscia and Universita degli Studi del Molise].;Cydia coniferana
0;Europe;Tinea pellionella;Palearctic;2024;de Prins, J., de Prins, W. (2024). Afromoths, online database of Afrotropical moth species (Lepidoptera). Available at: http://www.afromoths.net;Tinea pellionella
0;Africa;Parapoynx diminutalis;Afrotropical;1996;Buckingham, G., Bennett, C. (1996). Laboratory biology of an immigrant Asian moth, Parapoynx diminutalis (Lepidoptera: Pyralidae), on Hydrilla verticillata (Hydrocharitaceae). Florida Entomologist. 79(3): 353-353;Parapoynx diminutalis
0;Africa;Anomis sabulifera;Afrotropical;2004;Kravchenko, V., et al. (2004). The Catocalinae (Lepidoptera: Noctuidae) of Israel. Russian Entomological Journal. 13(3): 175-186;Anomis sabulifera
0;Europe;Depressaria depressana;Palearctic;2013;Landry, J., et al. (2013). Shared but overlooked: 30 species of Holarctic Microlepidoptera revealed by DNA barcodes and morphology. Zootaxa. 3749(1): 1-93;Depressaria depressana
0;Oceania;Trichophaga mormopis;Oceanina;1978;Zimmerman, E. (1978). Insects of Hawaii. Vol. 9 Microlepidoptera. Part I. The University Press of Hawaii, Honolulu, Hawaii, United States of America.;Trichophaga mormopis
0;Oceania;Eublemma anachoresis;Oceanina;1946;Swezey, O. (1946). Lepidoptera, Geometridae, Arctiidae, Agrotidae, and Pyralidae of Guam. Bishop Museum Bulletin. 189: 163-185;Eublemma anachoresis
0;Oceania;Hypena commixtalis;Oceanina;2024;de Prins, J., de Prins, W. (2024). Afromoths, online database of Afrotropical moth species (Lepidoptera). Available at: http://www.afromoths.net;Hypena commixtalis
0;Oceania;Doloessa viridis;Oceanina;2002;Lim, G. (2002). Observations of Prasinoxena monospila and Doloessa viridis (Lepidoptera: Pyralidae) on the bark of Khaya ivorensis in Malaysia. Journal of Tropical Forest Science. 14(1): 158-161;Doloessa viridis
0;Oceania;Herpetogramma licarsisalis;Oceanina;1976;Tashiro, H. (1976). Biology of the grass webworm, Herpetogramma licarsisalis (Lepidoptera: Pyraustidae) in Hawaii. Annals of the Entomological Society of America. 69(5): 797-803;Herpetogramma licarsisalis
0;Oceania;Lampides boeticus;Oceanina;2021;Edge, D., Westrip, J. (2021). Lampides boeticus. The IUCN Red List of Threatened Species 2021: e.T174427A161341394;Lampides boeticus
0;Oceania;Agonoxena argaula;Oceanina;1978;Zimmerman, E. (1978). Insects of Hawaii. Vol. 9 Microlepidoptera. Part II. The University Press of Hawaii, Honolulu, Hawaii, United States of America.;Agonoxena argaula
0;Oceania;Bactra venosana;Oceanina;2015;Sohn, J., et al. (2015). Seven species of Olethreutinae (Lepidoptera: Tortricidae) new to Korea. Journal of Asia-Pacific Biodiversity. 8(2): 133-138;Bactra venosana
0;Oceania;Danaus chrysippus;Oceanina;2021;Westrip, J. (2021). Danaus chrysippus (errata version published in 2022). The IUCN Red List of Threatened Species. 2021: e.T174455A222994680;Danaus chrysippus
0;Oceania;Diplopseustis perieresalis;Oceanina;2006;Speidel, W., et al. (2006). The exotic pyraloid moth Diplopseustis perieresalis (Walker) expanding in the West Palaearctic Region (Crambidae: Spilomelinae). Nota Lepiderologica. 29(3): 185-192;Diplopseustis perieresalis
0;Oceania;Earias vittella;Oceanina;2003;Nash, S. (2003). Earias vittella (Fabricius) (Lep.: Noctuidae) the first occurrence of wild-caught moths in Europe. Entomologists Record and Journal of Variation. 115: 187-188;Earias vittella
0;Oceania;Arcte coerula;Oceanina;2022;Au, M., Wright, M. (2022). Ramie Moth, Arcte coerula (Lepidoptera: Noctuidae): A New Invasive Pest in Hawaii on Endemic Plants. Proceedings of the Hawaiian Entomological Society. 54: 63-76;Arcte coerula
0;Oceania;Bocana manifestalis;Oceanina;1958;Zimmerman, E. (1958). Insects of Hawaii. Volume 7, Macrolepidoptera. Hawaii: University of Hawaii Press, Honolulu, Hawaii, United States of America.;Bocana manifestalis
0;Oceania;Opogona aurisquamosa;Oceanina;1978;Zimmerman, E. (1978). Insects of Hawaii. Vol. 9 Microlepidoptera. Part I. The University Press of Hawaii, Honolulu, Hawaii, United States of America.;Opogona aurisquamosa
0;Europe;Haplotinea ditella;Palearctic;2020;Roy, D., et al. (2020). DAISIE - Delivering Alien Invasive Species Inventories for Europe. Available at: http://www.europe-aliens.org/;Haplotinea ditella
0;Europe;Agonoxena argaula;Palearctic;1978;Zimmerman, E. (1978). Insects of Hawaii. Vol. 9 Microlepidoptera. Part II. The University Press of Hawaii, Honolulu, Hawaii, United States of America.;Agonoxena argaula
0;Europe;Ategumia ebulealis;Palearctic;2022;Brou Jr, V., Brou, C. (2022). Abita Entomological Study Site. Southern Lepidopterists News. 44(5): 409-460;Ategumia ebulealis
0;Europe;Ennomos alniaria;Palearctic;1986;Covell Jr., C., et al. (1986). Ennomos alniaria (Lepidoptera: Geometridae), a European Moth Recently Discovered in British Columbia. The Canadian Entomologist. 118(5): 499-501;Ennomos alniaria
0;Europe;Helicoverpa armigera;Palearctic;2017;Tay, W., et al. (2017). Mitochondrial DNA and trade data support multiple origins of Helicoverpa armigera (Lepidoptera, Noctuidae) in Brazil. Scientific Reports. 7: 45302;Helicoverpa armigera
0;Europe;Ectoedemia heringella;Palearctic;2010;van Nieukerken, E., et al. (2010). Western Palaearctic Ectoedemia (Zimmermannia) Hering and Ectoedemia Busck s. str. (Lepidoptera: Nepticulidae): five new species and new data on distribution, hostplants and recognition. ZooKeys. 32: 1-82;Ectoedemia heringella
0;Europe;Aethes rubiginana;Palearctic;2003;Trematerra, P., Jel, J. (2003). Aethes rubiginana (Walsingham, 1903) in Francia ed Epibactra sareptana (Herrich-Schaffer, 1861) in Italia (Lepidoptera Tortricidae ). Bollettino di Zoologia Agraria e di Bachicoltura. 35(2): 107-110;Aethes rubiginana
0;Africa;Hypolimnas misippus;Oceanina;2021;Coetzer, A., Westrip, J. (2021). Hypolimnas misippus. The IUCN Red List of Threatened Species 2021: e.T62148588A161331411;Hypolimnas misippus
0;Africa;Pardasena virgulana;Oceanina;2024;de Prins, J., de Prins, W. (2024). Afromoths, online database of Afrotropical moth species (Lepidoptera). Available at: http://www.afromoths.net;Pardasena virgulana
0;Africa;Sameodes cancellalis;Oceanina;2018;Poltavsky, A., et al. (2018). The Pyraloidea (Lepidoptera) fauna of the woody savannah belt in Mali, West Africa. Zootaxa. 4457(1): 39-69;Sameodes cancellalis
0;Africa;Herpetogramma basalis;Oceanina;2018;Poltavsky, A., et al. (2018). The Pyraloidea (Lepidoptera) fauna of the woody savannah belt in Mali, West Africa. Zootaxa. 4457(1): 39-69;Herpetogramma basalis
0;Africa;Hypena commixtalis;Oceanina;2024;de Prins, J., de Prins, W. (2024). Afromoths, online database of Afrotropical moth species (Lepidoptera). Available at: http://www.afromoths.net;Hypena commixtalis
0;Africa;Leucoptera coffeella;Oceanina;1984;Green, D. (1984). A Proposed Origin of the Coffee Leaf-miner, Leucoptera coffeella (Guerin-Meneville) (Lepidoptera: Lyonetiidae). Bulletin of the Entomological Society of America. 30(1): 30-31;Leucoptera coffeella
0;Africa;Lampides boeticus;Oceanina;2021;Edge, D., Westrip, J. (2021). Lampides boeticus. The IUCN Red List of Threatened Species 2021: e.T174427A161341394;Lampides boeticus
0;Africa;Phycita diaphana;Oceanina;2015;Zilli, A., Pavesi, F. (2015). new or little known Pyraloids from Italy (Lepidoptera: Pyraloidea). Phegea. 43(3): 81-96;Phycita diaphana
0;North America;Spodoptera frugiperda;Panamanian;2023;Tay, W., et al. (2023). Spodoptera frugiperda: ecology, evolution, and management options of an invasive species. Annual Review of Entomology. 68(1): 299-317;Spodoptera frugiperda
0;Oceania;Badamia exclamationis;Oceanina;2017;Buden, D., Tennent, W. (2017). New records of butterflies (Lepidoptera) from the Federated States of Micronesia with remarks on geographic variation in Hypolimnas bolina (Linnaeus). Pacific Science. 71(1): 83-90;Badamia exclamationis
0;Oceania;Tiracola plagiata;Oceanina;1980;Mandal, D., Shukla, J. (1980). Redescription of the Genus and Species Tiracola plagiata (Walker)[Lepidoptera: Noctuidae]. Records of the Zoological Survey of India. 76: 87-92;Tiracola plagiata
0;Oceania;Erechthias pelotricha;Oceanina;1971;Clarke, J, (1971). The Lepidoptera of Rapa Island. Smithsonian Contributions to Zoology. 56;Erechthias pelotricha
0;Oceania;Ctenoplusia albostriata;Oceanina;1985;Holloway, J. (1985). Moths of Borneo 14. Family Noctuidae. Subfamily: Euteliinae, Stictopterinae, Plusinae, Pantheinae. Malayan Nature Journal. Available at: https://www.mothsofborneo.com/part-14/index.htm;Ctenoplusia albostriata
0;Oceania;Achroia grisella;Oceanina;1986;Clarke, J. (1986): Pyralidae and Microlepidoptera of the Marquesas Archipelago. Smithsonian Contributions to Zoology. 416;Achroia grisella
0;Oceania;Hypsipyla grandella;Oceanina;2024;CAB International (CABI) (2024). CABI Invasive Species Compendium. Available at: https://www.cabidigitallibrary.org/product/QI;Hypsipyla grandella
0;Oceania;Amyna axis;Oceanina;1999;Barnett, L., et al. (1999). The moths of the Chagos Archipelago with notes on their biogeography. Journal of Natural History. 33(7): 1021-1038;Amyna axis
0;Oceania;Amyna natalis;Oceanina;2009;Holloway, J. (2009). Moths of Borneo 13. Family Noctuidae, subfamilies Pantheinae (part), Bagisarinae, Acontiinae, Aediinae, Eustrotiinae, Bryophilinae, Araeopteroinae, Aventiinae, Eublemminae and further miscellaneous genera. Malayan Nature Journal. 62 (1) : 1-240 Available online at: https://www.mothsofborneo.com/part-13/;Amyna natalis
0;Oceania;Chrysodeixis eriosoma;Oceanina;1979;Roberts, L. (1979). Biology of Chrysodeixis eriosoma (Lepidoptera: Noctuidae) in New Zealand. New Zealand Entomologist. 7(1): 52-58;Chrysodeixis eriosoma
0;Oceania;Assara seminivale;Oceanina;2024;Austin, K., Rubinoff, D. (2024). New records of introduced Lepidoptera in the Hawaiian Islands for the year 2023. Bishop Museum Occasional Papers. 156: 111-121;Assara seminivale
0;Oceania;Autosticha pelodes;Oceanina;1978;Zimmerman, E. (1978). Insects of Hawaii. Vol. 9 Microlepidoptera. Part II. The University Press of Hawaii, Honolulu, Hawaii, United States of America.;Autosticha pelodes
0;Oceania;Tiracola plagiata;Oceanina;2024;Holloway, J. (2024). Moths of Borneo 12. Family Notuidae, Trifine. Subfamilies: Noctuinae, Heliothinae, Hadeninae, Acronictinae, Amphipyrinae, Agaristinae. Southdene Sdn. Available at: https://www.mothsofborneo.com/part-12/index.htm;Tiracola plagiata
0;Oceania;Anomis privata;Oceanina;1998;Kononenko, V., et al. (1998). Illustrated catalogue of Noctuidae in Korea (Lepidoptera). Insect of Korea. Series 3. Korea Research Institute of Bioscience and Biotechnology : Center for Insect Systematics;Anomis privata
0;Europe;Etainia sericopeza;Palearctic;2012;Davis, T. (2012). A Review of the Status of Microlepidoptera in Britain. Butterfly Conservation Report No. S12-02. Butterfly Conservation, Wareham.;Etainia sericopeza
0;Europe;Argyresthia laevigatella;Palearctic;1969;Moriuti, S. (1969). Argyresthiidae (Lepidoptera) of Japan. Bulletin of the University of Osaka Prefecture. 1-50;Argyresthia laevigatella
0;Europe;Deilephila elpenor;Palearctic;2013;Hanif, H., et al. (2013). First record of Deilephila elpenor L. moth from Chakwal Punjab Pakistan. International Journal of Fauna and Biological Studies. 3(2): 10-13;Deilephila elpenor
0;Europe;Phyllonorycter geniculella;Palearctic;2012;Davis, T. (2012). A Review of the Status of Microlepidoptera in Britain. Butterfly Conservation Report No. S12-02. Butterfly Conservation, Wareham.;Phyllonorycter geniculella
0;Europe;Phyllonorycter strigulatella;Palearctic;2012;Davis, T. (2012). A Review of the Status of Microlepidoptera in Britain. Butterfly Conservation Report No. S12-02. Butterfly Conservation, Wareham.;Phyllonorycter strigulatella
0;Europe;Thera britannica;Palearctic;2023;Boyes, D., et al. (2023). The genome sequence of the spruce carpet moth, Thera britannica (Turner, 1925). Wellcome Open Research. 8: 114;Thera britannica
0;Europe;Stigmella pyri;Palearctic;2012;Davis, T. (2012). A Review of the Status of Microlepidoptera in Britain. Butterfly Conservation Report No. S12-02. Butterfly Conservation, Wareham.;Stigmella pyri
0;Europe;Stigmella speciosa;Palearctic;2012;Davis, T. (2012). A Review of the Status of Microlepidoptera in Britain. Butterfly Conservation Report No. S12-02. Butterfly Conservation, Wareham.;Stigmella speciosa
0;Europe;Lateroligia ophiogramma;Palearctic;2011;Neil, K. (2011). Lateroligia ophiogramma (Esper)(Lepidoptera: Erebidae) in Nova Scotia, Canada. Journal of the Acadian Entomological Society. 7: 102-104;Lateroligia ophiogramma
0;Europe;Aglossa dimidiatus;Palearctic;2007;Khramov, P. (Ed.) (2007). Insecta.pro: international entomological community. Available online at: https://insecta.pro;Aglossa dimidiatus
0;Europe;Yponomeuta cagnagellus;Palearctic;1987;Hoebeke, E. (1987). Yponomeuta cagnagella (Lepidoptera: Yponomeutidae): A palearctic ermine moth in the United States, with notes on its recognition, seasonal history, and habits. Annals of the Entomological Society of America. 80(4): 462-467;Yponomeuta cagnagellus
0;Europe;Coleophora striatipennella;Palearctic;2001;Hoare, R. (2001). Adventive species of Lepidoptera recorded for the first time in New Zealand since 1988. New Zealand Entomologist. 24: 23-47;Coleophora striatipennella
0;Europe;Carcina quercana;Palearctic;1895;Meyrick, E. (1895). A Handbook of British Lepidoptera. Macmillan and Co. United Kingdom, London. 843pp;Carcina quercana
0;Europe;Cerapteryx graminis;Palearctic;1979;Morris, R. (1979). A review of the life history, population levels, and spread of the Antler moth, Cerapteryx graminis (Lepidoptera: Noctuidae), in Newfoundland. The Canadian Entomologist. 111(8): 933-938;Cerapteryx graminis
0;Europe;Clepsis consimilana;Palearctic;1971;Powell, J., Burns, J. (1971). Colonization of the northeastern United States by two Palearctic moths (Lepidoptera: Tortricidae). Psyche: A Journal of Entomology. 78(1): 38-48;Clepsis consimilana
0;Europe;Clepsis spectrana;Palearctic;1996;Dang, P., et al. (1996). Occurrence of two palaearctic species of Clepsis Guenee, C. spectrana Treitshcke and C. consimilana (Huebner)(Tortricidae), in British Columbia, Canada. Journal of The Lepidopterist Society. 50: 321-328;Clepsis spectrana
0;Europe;Hydraecia micacea;Palearctic;1984;Carter, D. (1984). Pest Lepidoptera of Europe: with special reference to the British Isles (Vol. 31). Springer Science and Business Media. Berlin, Germany.;Hydraecia micacea
0;Asia;Sameodes cancellalis;Oceanina;2018;Poltavsky, A., et al. (2018). The Pyraloidea (Lepidoptera) fauna of the woody savannah belt in Mali, West Africa. Zootaxa. 4457(1): 39-69;Sameodes cancellalis
0;Asia;Neurothaumasia ankerella;Palearctic;2015;Gaedike, R. (2015). Tineidae I: (Dryadaulinae, Hapsiferinae, Euplocaminae, Scardiinae, Nemapogoninae and Meessiinae). Brill. Leiden, Netherlands.;Neurothaumasia ankerella
0;Asia;Dendrolimus pini;Palearctic;2024;CAB International (CABI) (2024). CABI Invasive Species Compendium. Available at: https://www.cabidigitallibrary.org/product/QI;Dendrolimus pini
0;Africa;Spodoptera exempta;Afrotropical;1986;Haggis, M. (1986). Distribution of the African armyworm, Spodoptera exempta (Walker)(Lepidoptera: Noctuidae), and the frequency of larval outbreaks in Africa and Arabia. Bulletin of Entomological Research. 76(1): 151-170;Spodoptera exempta
0;Europe;Apopestes spectrum;Palearctic;2014;Baron, T. (2014). Collection records of Noctuoidea and Bombycoidea (Lepidoptera) from a location near Marmaris in South-Western Anatolia, Turkey. Esperiana Band. 19: 263-296;Apopestes spectrum
0;Europe;Coleophora klimeschiella;Palearctic;2018;Richter, I. (2018). New findings of the case-bearing moths (genus Coleophora Hubner, 1822) from the Balkan Peninsula with description of two new species (Lepidoptera, Coleophoridae). Microlepidoptera.hu. 13(1): 43-52;Coleophora klimeschiella
0;Europe;Duponchelia fovealis;Palearctic;2024;CAB International (CABI) (2024). CABI Invasive Species Compendium. Available at: https://www.cabidigitallibrary.org/product/QI;Duponchelia fovealis
0;North America;Ancylostomia stercorea;Neotropical;1972;Barrow, R. (1972). The bionomics of Ancyclostomia stercorea (zeller): a pod-borer on pigeon pea in Trinidad. [PhD Thesis, McGill University, Quebec].;Ancylostomia stercorea
0;North America;Spodoptera eridania;Neotropical;2023;Zhang, Y., et al. (2023). Global potential geographical distribution of the southern armyworm (Spodoptera eridania) under climate change. Biology. 12(7): 1040;Spodoptera eridania
0;North America;Copaxa lavendera;Panamanian;2013;Sarmiento-Cordero, M., Contreras-Ramos, A. (2013). Phenology of Copaxa lavendera (Westwood)(Lepidoptera, Saturniidae) from Sierra de Las Navajas, Hidalgo, Mexico. The Pan-Pacific Entomologist. 88(4): 399-406;Copaxa lavendera
0;North America;Copaxa lavendera;Panamanian;2017;Barrios-Diaz, B., et al. (2017). Identificacion de lepidopteros asociados al follaje de encino (Quercus spp.), en el municipio de Tetela de Ocampo, Puebla. Folia Entomologica Mexicana. 4: 537-543;Copaxa lavendera
0;North America;Auratonota dispersa;Panamanian;1990;Brown, J. (1990). New species and first US record of Auratonota (Lepidoptera: Tortricidae). Florida Entomologist. 73(1): 153-157;Auratonota dispersa
0;North America;Tmolus echion;Panamanian;1934;Carter, W. (1934). Notes on two Pests of Pineapple not known in Hawaii. Proceedings of the Hawaiian Entomological Society. 8(3): 395-397;Tmolus echion
0;North America;Vanessa atalanta;Panamanian;2020;Walker, A. (2020). Vanessa atalanta. The IUCN Red List of Threatened Species. 2020: e.T174225A172421220;Vanessa atalanta
0;North America;Tecia solanivora;Panamanian;2024;CAB International (CABI) (2024). CABI Invasive Species Compendium. Available at: https://www.cabidigitallibrary.org/product/QI;Tecia solanivora
0;North America;Crocidosema aporema;Panamanian;2024;CAB International (CABI) (2024). CABI Invasive Species Compendium. Available at: https://www.cabidigitallibrary.org/product/QI;Crocidosema aporema
0;Oceania;Perixera illepidaria;Oceanina;2014;Kumar, V., et al. (2014). Outbreak of the looper, Perixera illepidaria (Lepidoptera: Geometridae) on litchi, Litchi chinensis (Sapindales: Sapindaceae)-a new pest record from India. Florida Entomologist. 97(1): 22-29;Perixera illepidaria
0;Oceania;Cryptophlebia ombrodelta;Oceanina;1975;Sinclair, E. (1975). A life system study of Cryptophlebia ombrodelta (Lower)(Lepidoptera: Tortricidae) in southeast Queensland. [Doctoral Dissertation, University of Queensland].;Cryptophlebia ombrodelta
0;Oceania;Crocidolomia pavonana;Oceanina;1946;Swezey, O. (1946). Lepidoptera, Geometridae, Arctiidae, Agrotidae, and Pyralidae of Guam. Bishop Museum Bulletin. 189: 163-185;Crocidolomia pavonana
0;Oceania;Papilio xuthus;Oceanina;2024;Inayoshi, Y. (2024). A Check List of Butterflies in Indo-China - Chiefly from Thailand, Laos and Vietnam. Available at: https://yutaka.it-n.jp/index.html;Papilio xuthus
0;South America;Ategumia ebulealis;Neotropical;2022;Brou Jr, V., Brou, C. (2022). Abita Entomological Study Site. Southern Lepidopterists News. 44(5): 409-460;Ategumia ebulealis
0;North America;Caphys biliniata;Panamanian;2012;Miller, J, et al. (2012). An annotated list of the Lepidoptera of Honduras. Insecta Mundi. 205: 1-72;Caphys biliniata
0;North America;Heliconius erato;Panamanian;1994;Brower, A. (1994). Rapid morphological radiation and convergence among races of the butterfly Heliconius erato inferred from patterns of mitochondrial DNA evolution. PNAS. 91(14): 6491-6495;Heliconius erato
0;North America;Carmenta mimosa;Panamanian;1983;Passoa, S. (1983). A new clear wing moth (Sesiidae) from Central America: a stem borer in Mimosa pigra. The Journal of the Lepidopterists Society. 37: 193-206;Carmenta mimosa
0;Europe;Aproaerema polychromella;Palearctic;2023;Karsholt, O., et al. (2023). Overview of the Gelechiidae moths (Lepidoptera) of Krk Island, Croatia: diversity, distribution and ecological insights. Gortania, Botanica, Zoologia. 45: 95-124;Aproaerema polychromella
0;North America;Litoprosopus haitiensis;Panamanian;1992;Frank, J., McCoy, E. (1992). Introduction to the Behavioral Ecology of Immigration. The Immigration of Insects to Florida, with a Tabulation of Records Published Since 1970. The Florida Entomologist.75(1): 1-28;Litoprosopus haitiensis
0;North America;Notioplusia illustrata;Panamanian;1978;Eichlin, T., Cunningham, H. (1978). The Plusiinae (Lepidoptera: Noctuidae) of America north of Mexico, emphasizing genitalic and larval morphology (No. 1567). Department of Agriculture, Agricultural Research Service. Washington D.C., United States of America.;Notioplusia illustrata
0;Europe;Spatalia argentina;Palearctic;2023;de Juana, F., Macia, R. (2023). Sobre Spatalia argentina (Denis & Schiffermuller, 1775) en la Peninsula Iberica: distribucion, seleccion de habitat y fenologia (Lepidoptera: Notodontidae). SHILAP Revista de Lepidopterologia. 51(203): 525-538;Spatalia argentina
0;Europe;Hedya nubiferana;Palearctic;2014;Josvai, J., et al. (2014). Performance of traps baited with female-targeted lure vs. pheromone traps for monitoring of the green budworm moth Hedya nubiferana Haw. in Hungary. Acta Phytopathologica et Entomologica Hungarica. 49(2): 223-233;Hedya nubiferana
0;Asia;Conopomorpha cramerella;Oceanina;2024;de Prins, J., de Prins, W. (2024). Global Taxonomic Database of Gracillariidae (Lepidoptera). Avaliable at: http://www.gracillariidae.net;Conopomorpha cramerella
0;Asia;Thysanoplusia orichalcea;Oriental;2008;Stringer, L., et al. (2008). Floral attractants for the female soybean looper, Thysanoplusia orichalcea (Lepidoptera: Noctuidae). Pest Management Science. 64(12): 1218-1221;Thysanoplusia orichalcea
0;Asia;Eurema blanda;Oriental;2020;Payra, A. (2020). A note on the defence by Eurema blanda Boisduval (Lepidoptera: Pieridae) pupae in response to oviposition behaviour of the chalcid wasp Brachymeria sp.(Hymenoptera: Chalcididae). Revista Chilena de Entomologia, 46(3): 485-487;Eurema blanda
0;Asia;Glyphodes onychinalis;Oriental;2008;Solis, M. (2008). New sightings of Glyphodes onychinalis (Guenee)(Pyraloidea: Crambidae: Spilomelinae), a recent arrival to the United States with a description of the larva reared on oleander (Nerium sp.) in California. News of the Lepidopterists Society. 50(3): 79-80;Glyphodes onychinalis
0;Asia;Cryptophlebia ombrodelta;Oriental;1975;Sinclair, E. (1975). A life system study of Cryptophlebia ombrodelta (Lower)(Lepidoptera: Tortricidae) in southeast Queensland. [Doctoral Dissertation, University of Queensland].;Cryptophlebia ombrodelta
0;Asia;Eublemma anachoresis;Oriental;1946;Swezey, O. (1946). Lepidoptera, Geometridae, Arctiidae, Agrotidae, and Pyralidae of Guam. Bishop Museum Bulletin. 189: 163-185;Eublemma anachoresis
0;Asia;Elophila responsalis;Oriental;2020;Whitaker, T., et al. (2020). Pyralids of Borneo - An Illustrated Guide (5th Edition). Southdene Sdn Bhd. Available Online at: http://www.pyralidsofborneo.org/index.php?index#;Elophila responsalis
0;Asia;Pygospila tyres;Oriental;2022;Kalawate, A., et al. (2022). First Indian DNA barcode record for the moth species Pygospila tyres (Cramer, 1780) (Lepidoptera: Crambidae: Spilomelinae) distributed in Asia and Australia. Journal of Threatened Taxa. 14(2): 20637-20642;Pygospila tyres
0;Asia;Crocidolomia pavonana;Oriental;1946;Swezey, O. (1946). Lepidoptera, Geometridae, Arctiidae, Agrotidae, and Pyralidae of Guam. Bishop Museum Bulletin. 189: 163-185;Crocidolomia pavonana
0;Asia;Macaldenia palumba;Oriental;2013;Kirti, J., Singh, H. (2013). An inventory of subfamily Catocalinae (Noctuidae: Lepidoptera) from North-East India. Journal of Applied Biosciences. 39(1): 1-22;Macaldenia palumba
0;Asia;Sameodes cancellalis;Oriental;2018;Poltavsky, A., et al. (2018). The Pyraloidea (Lepidoptera) fauna of the woody savannah belt in Mali, West Africa. Zootaxa. 4457(1): 39-69;Sameodes cancellalis
0;Asia;Omphisa anastomosalis;Oriental;1958;Zimmerman, E. (1958). Insects of Hawaii. Volume 8, Lepidoptera: Pyraloidea. Hawaii: University of Hawaii Press, Honolulu, Hawaii, United States of America.;Omphisa anastomosalis
0;Asia;Penicillaria jocosatrix;Oriental;2010;Sivasankaran, K., et al. (2010). A survey of Euteliinae (Lepidoptera: Noctuidae) of Nilgiris, Tamil Nadu, India. Entomon. 35(3): 175-182;Penicillaria jocosatrix
0;Asia;Catopsilia pyranthe;Oriental;2000;Braby, M. (2000). Butterflies of Australia: their identification, biology and distribution. CSIRO publishing. Collingwood, Australia.;Catopsilia pyranthe
0;Asia;Hasora badra;Oriental;2023;Husain, A., Hasan, W. (2023). Skipper butterflies (Hesperiidae: Lepidoptera) common to Sulawesi (Indonesia) and India, with their host plants. International Journal of Agricultural and Applied Sciences. 4(2): 113-119;Hasora badra
0;Asia;Earias cupreoviridis;Oriental;2014;Kravchenko, V.,et al. (2014). Seven invasive owlet moths (Lepidoptera: Noctuidae) in Israel and their potential parasitoids (Hymenoptera: Chalcidoidea). Phytoparasitica. 42: 333-339;Earias cupreoviridis
0;Asia;Earias cupreoviridis;Oriental;2024;de Prins, J., de Prins, W. (2024). Afromoths, online database of Afrotropical moth species (Lepidoptera). Available at: http://www.afromoths.net;Earias cupreoviridis
0;Asia;Hypena commixtalis;Oriental;2024;de Prins, J., de Prins, W. (2024). Afromoths, online database of Afrotropical moth species (Lepidoptera). Available at: http://www.afromoths.net;Hypena commixtalis
0;Asia;Oxyplax pallivitta;Oriental;2024;CAB International (CABI) (2024). CABI Invasive Species Compendium. Available at: https://www.cabidigitallibrary.org/product/QI;Oxyplax pallivitta
0;Asia;Doloessa viridis;Oriental;2002;Lim, G. (2002). Observations of Prasinoxena monospila and Doloessa viridis (Lepidoptera: Pyralidae) on the bark of Khaya ivorensis in Malaysia. Journal of Tropical Forest Science. 14(1): 158-161;Doloessa viridis
0;Asia;Chlumetia brevisigna;Oriental;1993;Yoshimatsu, S., et al. (1993). Occurrence of Chlumetia brevisigna HOLLOWAY (Lepidoptera: Noctuidae) on Mango in Japan. Applied Entomology and Zoology. 28(3): 401-403;Chlumetia brevisigna
0;Asia;Chilo sacchariphagus;Oriental;2006;Goebel, R. (2006). The effect of temperature on development and reproduction of the sugarcane stalk borer, Chilo sacchariphagus (Bojer 1856)(Lepidoptera: Crambidae). African Entomology. 14(1): 103-111;Chilo sacchariphagus
0;Asia;Vanessa cardui;Oriental;2020;Walker, A., Coetzer, A. (2020). Vanessa cardui. The IUCN Red List of Threatened Species. 2020: e.T174379A161326679;Vanessa cardui
0;Asia;Amyna natalis;Oriental;2009;Holloway, J. (2009). Moths of Borneo 13. Family Noctuidae, subfamilies Pantheinae (part), Bagisarinae, Acontiinae, Aediinae, Eustrotiinae, Bryophilinae, Araeopteroinae, Aventiinae, Eublemminae and further miscellaneous genera. Malayan Nature Journal. 62 (1) : 1-240 Available online at: https://www.mothsofborneo.com/part-13/;Amyna natalis
0;Asia;Erionota thrax;Oriental;2015;Cock, M. (2015). A critical review of the literature on the pest Erionota spp.(Lepidoptera, Hesperiidae): taxonomy, distribution, food plants, early stages, natural enemies and biological control. CABI Reviews. 10(007): 1-30;Erionota thrax
0;Asia;Rhynchopalpus brunella;Oriental;2019;Joshi, R., et al. (2019). An updated checklist of subfamily Nolinae (Lepidoptera, Nolidae) from India. Records of the Zoological Survey of India. 119(3): 263-281;Rhynchopalpus brunella
0;Asia;Chrysodeixis eriosoma;Oriental;2024;de Prins, J., de Prins, W. (2024). Afromoths, online database of Afrotropical moth species (Lepidoptera). Available at: http://www.afromoths.net;Chrysodeixis eriosoma
0;Asia;Chrysodeixis eriosoma;Oriental;1979;Roberts, L. (1979). Biology of Chrysodeixis eriosoma (Lepidoptera: Noctuidae) in New Zealand. New Zealand Entomologist. 7(1): 52-58;Chrysodeixis eriosoma
0;Asia;Parapoynx crisonalis;Oriental;2017;Chen, Q., et al. (2017). Age-stage, two-sex life table of Parapoynx crisonalis (Lepidoptera: Pyralidae) at different temperatures. PloS one. 12(3): e0173380;Parapoynx crisonalis
0;Asia;Parapoynx diminutalis;Oriental;1989;Buckingham, G., Bennett, C. (1989). Laboratory host range of Parapoynx diminutalis (Lepidoptera: Pyralidae), an Asian aquatic moth adventive in Florida and Panama on Hydrilla verticillata (Hydrocharitaceae). Environmental Entomology. 18(3): 526-530;Parapoynx diminutalis
0;Asia;Parapoynx polydectalis;Oriental;2019;Purcell, M., et al. (2019). Exploration for candidate biological control agents of the submerged aquatic weed Hydrilla verticillata, in Asia and Australia 1996-2013. BioControl. 64: 233-247;Parapoynx polydectalis
0;Asia;Neomusotima conspurcatalis;Oriental;2004;Solis, M., et al. (2004). Species of Lygomusotima new genus and Neomusotima Yoshiyasu (Lepidoptera: Crambidae) from Australia and southeastern Asia feeding on Lygodium microphyllum (Schizaeaceae). Annals of the Entomological Society of America. 97(1): 64-76;Neomusotima conspurcatalis
0;Asia;Elophila difflualis;Oriental;2010;Chen, F., et al. (2010). A review of the genus Elophila Hubner, 1822 in China (Lepidoptera: Crambidae: Acentropinae). Aquatic Insects. 32(1): 35-60;Elophila difflualis
0;Asia;Zizina otis;Oriental;2008;Yago, M., et al. (2008). Molecular systematics and biogeography of the genus Zizina (Lepidoptera: Lycaenidae). Zootaxa. 1746(1): 15-38;Zizina otis
0;Asia;Edales pandava;Oriental;2009;Wu, L., et al. (2009). Tracing the origin of Chilades pandava (Lepidoptera, Lycaenidae) found at Kinmen Island using mitochondrial COI and COII Genes. BioFormosa. 44(2): 61-68;Edales pandava
0;Asia;Autosticha pelodes;Oriental;1978;Zimmerman, E. (1978). Insects of Hawaii. Vol. 9 Microlepidoptera. Part II. The University Press of Hawaii, Honolulu, Hawaii, United States of America.;Autosticha pelodes
0;Asia;Ophiusa disjungens;Oriental;2005;Holloway, J. (2005). The Moths of Borneo, Parts 15 & 16 Noctuidae: Catocalinae. Southdene Sdn Bhd. Available online at: https://www.mothsofborneo.com/part-15-16/index.htm;Ophiusa disjungens
0;Asia;Acraea terpsicore;Oriental;2014;Braby, M., et al. (2014). Spatial distribution and range expansion of the Tawny Coster butterfly, Acraea terpsicore (Linnaeus, 1758) (Lepidoptera: Nymphalidae), in South-East Asia and Australia. Insect Conservation Diversity. 7: 132-143;Acraea terpsicore
0;Asia;Antigastra catalaunalis;Oriental;2020;Sarazu-Pillado, R., et al. (2020). Primer Reporte del Gusano Telaranero en Ajonjoli en el Norte de Sinaloa, Mexico. Southwestern Entomologist. 45(2): 575-578;Antigastra catalaunalis
0;Asia;Thyas coronata;Oriental;2008;Kawazu, K., et al. (2008). Lepidoptera captured on the East China Sea in 2005 and predicted migration sources. Entomological Science. 11(3): 315-322;Thyas coronata
0;Asia;Achroia grisella;Oriental;1986;Clarke, J. (1986): Pyralidae and Microlepidoptera of the Marquesas Archipelago. Smithsonian Contributions to Zoology. 416;Achroia grisella
0;Asia;Anomis privata;Oriental;1998;Kononenko, V., et al. (1998). Illustrated catalogue of Noctuidae in Korea (Lepidoptera). Insect of Korea. Series 3. Korea Research Institute of Bioscience and Biotechnology : Center for Insect Systematics;Anomis privata
0;Asia;Acontia crocata;Oriental;1852;Guenee, A. (1852). Noctuelites II. in Boisduval and Guenee: Histoire naturelle des insectes. Species general des lepidopteres 6: 1-444. Paris (Roret).;Acontia crocata
0;Asia;Eudocima tyrannus;Oriental;2019;Singh, N., et al. (2019). New distributional records of Eudocima Billberg, 1820 (Lepidoptera: Erebidae: Calpinae) from Gangetic Plains (India). Records of the Zoological Survey of India. 119(3): 238-245;Eudocima tyrannus
0;Asia;Aphnaeus schistacea;Oriental;1911;Moore, F., Swinhoe, C. (1911). Lepidoptera Indica - Volume IX - Rhopalocera. Lovell Reeve and Co. Limited. United Kingdom, London.;Aphnaeus schistacea
0;Asia;Danaus genutia;Oriental;2010;Atluri, J., et al. (2010). Life History and Larval Performance of the Common Tiger Butterfly, Danaus genuita Cramer (Lepidoptera, Rhopalocera, Danaidae). The Bioscan. 5(3): 511-515;Danaus genutia
0;Asia;Euproctis fraterna;Oriental;2016;Nizamani, I., et al. (2016).  Screening Of Jujube Varieties Against Euproctis Fraterna Moore. Science International-Lahore. 28(1): 447-453;Euproctis fraterna
0;Asia;Junonia atlites;Oriental;2018;Mehra, D., et al. (2018). A taxonomic study of six species of the genus Junonia Hubner,[1819](Insecta: Lepidoptera: Nymphalidae) from the northwestern Himalayan region in India. Journal of Threatened Taxa. 10(7): 11934-11947;Junonia atlites
0;Asia;Pectinophora gossypiella;Oriental;2023;Matheson, P., et al. (2023). Genome-wide analysis reveals distinct global populations of pink bollworm (Pectinophora gossypiella). Scientific Reports. 13(1): 11762;Pectinophora gossypiella
0;Asia;Earias cupreoviridis;Oriental;1965;Gentry, J. (1965). Crop insects of northeast Africa-southwest Asia (No. 273). Agricultural Research Service, US Department of Agriculture.;Earias cupreoviridis
0;Asia;Opisina arenosella;Oriental;2023;Lu, H., et al. (2023). Ecology, invasion history and biodiversity-driven management of the coconut black-headed caterpillar Opisina arenosella in Asia. Frontiers in Plant Science. 14: 1116221;Opisina arenosella
0;Asia;Arenipses sabella;Oriental;2008;Aldryhim, Y. (2008). Greater Date Moth, Arenipses sabella Hmps. (Lepidoptera: Pyralidae). In: Capinera, J.L. (eds) Encyclopedia of Entomology. Springer, Dordrecht. pp 1716-1717;Arenipses sabella
0;Asia;Garella musculana;Oriental;2018;Yildiz, Y., et al. (2018). Erschoviella musculana Erschoff 1874, a new record and a new walnut pest in Turkey. Journal of Bartin Faculty of Forestry. 20(2): 296-302;Garella musculana
0;Asia;Tyta luctuosa;Oriental;1988;Rosenthal, S., et al. (1988). Biology of Tyta luctuosa [Lep.: Noctuidae] and its potential value as a biological control agent for the weed Convolvulus arvensis. Entomophaga. 33: 185-192;Tyta luctuosa
0;Asia;Spodoptera litura;Oriental;2019;Jung, J., et al. (2019). Effect of climate change on the potential distribution of the common cutworm (Spodoptera litura) in South Korea. Entomological Research. 49(12): 519-528;Spodoptera litura
0;Asia;Batrachedra amydraula;Oriental;1978;Carpenter, J., et al. (1978). Pests and diseases of the date palms. Agriculture Handbook. 524:1-40;Batrachedra amydraula
0;Asia;Aproaerema polychromella;Oriental;2023;Karsholt, O., et al. (2023). Overview of the Gelechiidae moths (Lepidoptera) of Krk Island, Croatia: diversity, distribution and ecological insights. Gortania, Botanica, Zoologia. 45: 95-124;Aproaerema polychromella
0;Asia;Spoladea recurvalis;Oriental;2010;Lopez-Vaamonde, C., et al. (2010). Lepidoptera. Chapter 11. BioRisk. 4: 603-668;Spoladea recurvalis
0;Asia;Autographa gamma;Oriental;2007;Sullivan, M., Molet, T. (2007). CPHST Pest Datasheet for Autographa gamma (Revised January 2014). USDA-APHIS-PPQ-CPHST.;Autographa gamma
0;Asia;Appias lyncida;Oriental;2015;Varshney, R., Smetacek, P. (Eds.). (2015). A synoptic catalogue of the butterflies of India. Butterfly Research Centre, Bhimtal and Indinov Publishing. New Delhi, India;Appias lyncida
0;Asia;Conopomorpha litchiella;Oriental;2024;de Prins, J., de Prins, W. (2024). Global Taxonomic Database of Gracillariidae (Lepidoptera). Avaliable at: http://www.gracillariidae.net;Conopomorpha litchiella
0;Asia;Conopomorpha sinensis;Oriental;1986;Bradley, J. (1986). Identity of the South-East Asian cocoa moth, Conopomorpha cramerella (Snellen)(Lepidoptera: Gracillariidae), with descriptions of three allied new species. Bulletin of Entomological Research. 76(1): 41-51;Conopomorpha sinensis
0;Asia;Leptosia nina;Oriental;2024;Inayoshi, Y. (2024). A Check List of Butterflies in Indo-China - Chiefly from Thailand, Laos and Vietnam. Available at: https://yutaka.it-n.jp/index.html;Leptosia nina
0;Asia;Amyna natalis;Oriental;1958;Zimmerman, E. (1958). Insects of Hawaii. Volume 7, Macrolepidoptera. Hawaii: University of Hawaii Press, Honolulu, Hawaii, United States of America.;Amyna natalis
0;Asia;Ategumia adipalis;Oriental;2021;Chettri, P., Yonle, R. (2021). Partial checklist of moths (Lepidoptera) of Darjeeling hills, West Bengal, India. International Journal of Entomology Research. 6(3): 89-99;Ategumia adipalis
0;Asia;Bactra venosana;Oriental;2015;Sohn, J., et al. (2015). Seven species of Olethreutinae (Lepidoptera: Tortricidae) new to Korea. Journal of Asia-Pacific Biodiversity. 8(2): 133-138;Bactra venosana
0;Asia;Blastobasis inana;Oriental;1978;Zimmerman, E. (1978). Insects of Hawaii. Vol. 9 Microlepidoptera. Part II. The University Press of Hawaii, Honolulu, Hawaii, United States of America.;Blastobasis inana
0;Asia;Ethmia nigroapicella;Oriental;2000;Kurr, A., Szasorv, C. (2000). Survey Of The Taiwanese Ethmiinae (Leprdoprera, Oecophoridae) With Descriptions Of Three New Species. Acta Zoologica Academiae Scientiaruh Hungaricae. 46(1):  53-78;Ethmia nigroapicella
0;Asia;Spodoptera mauritia;Oriental;1956;Fletcher, D. (1956). Spodoptera mauritia (Boisduval) and S. triturata (Walker), two distinct species. Bulletin of Entomological Research. 47(2): 215-217;Spodoptera mauritia
0;Asia;Diplopseustis perieresalis;Oriental;2006;Speidel, W., et al. (2006). The exotic pyraloid moth Diplopseustis perieresalis (Walker) expanding in the West Palaearctic Region (Crambidae: Spilomelinae). Nota Lepiderologica. 29(3): 185-192;Diplopseustis perieresalis
0;Asia;Agassiziella angulipennis;Oriental;2020;Roy, D., et al. (2020). DAISIE - Delivering Alien Invasive Species Inventories for Europe. Available at: http://www.europe-aliens.org/;Agassiziella angulipennis
0;Asia;Parapoynx bilinealis;Oriental;2020;Roy, D., et al. (2020). DAISIE - Delivering Alien Invasive Species Inventories for Europe. Available at: http://www.europe-aliens.org/;Parapoynx bilinealis
0;Asia;Diaphania indica;Oriental;2018;Dai, L., et al. (2018). Mitochondrial genome of Diaphania indica (saunders)(Lepidoptera: Pyraloidea) and implications for its phylogeny. International Journal of Biological Macromolecules. 108: 981-989;Diaphania indica
0;Asia;Earias vittella;Oriental;2014;Kravchenko, V.,et al. (2014). Seven invasive owlet moths (Lepidoptera: Noctuidae) in Israel and their potential parasitoids (Hymenoptera: Chalcidoidea). Phytoparasitica. 42: 333-339;Earias vittella
0;Asia;Grapholita delineana;Oriental;2012;Byun, B., et al. (2012). A review of the genus Grapholita (Lepidoptera, Tortricidae) in North Korea. Animal Systematics, Evolution and Diversity. 28(4): 291-296;Grapholita delineana
0;Asia;Hyblaea puera;Oriental;1996;Nair, K., Mohanadas, K. (1996). Early events in the outbreak of the teak caterpillar, Hyblaea puera. International Journal of Ecolological Environmental Sciences. 22: 271-279;Hyblaea puera
0;Asia;Lymantria dispar;Oriental;2007;Pogue, M. (2007). A Review of Selected Species of Lymantria Hubner (1819) (Lepidoptera: Noctuidae: Lymantriinae) from Subtropical and Temperate Regions of Asia, Including the Descriptions of Three New Species, Some Potentially Invasive to North America. U.S. Department of Agriculture, Forest Health Technology Enterprise Team. 223 pp;Lymantria dispar
0;Asia;Galleria mellonella;Oriental;2024;CAB International (CABI) (2024). CABI Invasive Species Compendium. Available at: https://www.cabidigitallibrary.org/product/QI;Galleria mellonella
0;Asia;Pandemis cerasana;Oriental;1980;Mutuura, A. (1980). Two Pandemis species introduced into British Columbia, with a comparison of native North American species (Lepidoptera: Tortricidae). The Canadian Entomologist. 112(6): 549-554;Pandemis cerasana
0;Asia;Helicoverpa armigera;Oriental;2017;Tay, W., et al. (2017). Mitochondrial DNA and trade data support multiple origins of Helicoverpa armigera (Lepidoptera, Noctuidae) in Brazil. Scientific Reports. 7: 45302;Helicoverpa armigera
0;Asia;Caradrina clavipalpis;Oriental;2024;de Prins, J., de Prins, W. (2024). Afromoths, online database of Afrotropical moth species (Lepidoptera). Available at: http://www.afromoths.net;Caradrina clavipalpis
0;Asia;Garella musculana;Oriental;2023;Scaccini, D., et al. (2023). First report of Garella musculana (Erschov, 1874) (Lepidoptera: Nolidae) in Italy with insights into its identity. Journal of Applied Entomology. 147: 239-243;Garella musculana
0;Asia;Bocana manifestalis;Oriental;1958;Zimmerman, E. (1958). Insects of Hawaii. Volume 7, Macrolepidoptera. Hawaii: University of Hawaii Press, Honolulu, Hawaii, United States of America.;Bocana manifestalis
0;Asia;Bocana manifestalis;Sino-Japanese;1958;Zimmerman, E. (1958). Insects of Hawaii. Volume 7, Macrolepidoptera. Hawaii: University of Hawaii Press, Honolulu, Hawaii, United States of America.;Bocana manifestalis
0;Asia;Citripestis eutraphera;Oriental;2019;Choudhary, J., et al. (2019). Predicting the invasion potential of indigenous restricted mango fruit borer, Citripestis eutraphera (Lepidoptera: Pyralidae) in India based on MaxEnt modelling. Current Science. 116(4): 636-642;Citripestis eutraphera
0;Asia;Ategumia adipalis;Oriental;2020;Rao, B., Sivaperuman, C. (2020). Annotated checklist of Pyraloid moths (Lepidoptera, Pyraloidea) of Andaman and Nicobar Islands. Journal of the Andaman Science Association. 25(1): 15-26;Ategumia adipalis
0;Europe;Rhopobota naevana;Palearctic;2005;Zhang, A., Li, H. (2005). Catalogue of Eucosmini from China (Lepidoptera: Tortricidae) SHILAP Revista de Lepidopterologia. 33(131): 265-298;Rhopobota naevana
0;Europe;Eupithecia lariciata;Palearctic;2014;Mironov, V., Galsworthy, A. (2014). A survey of Eupithecia Curtis, 1825 (Lepidoptera, Geometridae, Larentiinae) in Mongolia with descriptions of two new species. Zootaxa. 3774(2): 101-130;Eupithecia lariciata
0;Europe;Leucoptera laburnella;Palearctic;2006;Seven, S. (2006). Lyonetiidae of Turkey with notes on their distribution and zoogeography (Lepidoptera). Zootaxa. 1245(1): 53-58;Leucoptera laburnella
0;Europe;Tinea dubiella;Palearctic;1984;Carter, D. (1984). Pest Lepidoptera of Europe: with special reference to the British Isles (Vol. 31). Springer Science and Business Media. Berlin, Germany.;Tinea dubiella
0;Europe;Tinea flavescentella;Palearctic;2019;Gaedike, R. (2019). Tineidae II: (Myrmecozelinae, Perissomasticinae, Tineinae, Hieroxestinae, Teichobiinae and Stathmopolitinae). Brill. Leiden, Netherlands.;Tinea flavescentella
0;Europe;Operophtera brumata;Palearctic;2017;Andersen, J., et al. (2017). Postglacial recolonization shaped the genetic diversity of the winter moth (Operophtera brumata) in Europe. Ecology and Evolution. 7: 3312-3323;Operophtera brumata
0;Europe;Yponomeuta padella;Palearctic;2022;Beljaev, E., et al. (2022). Fauna of the geometrid moths (Lepidoptera, Geometridae) of the eastern Sikhote-Alin in the Botchinsky Reserve II. Subfamilies Larentiinae and Sterrhinae, and zoogeographical analysis. Amurian Zoological Journal. 14(4): 676-707;Yponomeuta padella
0;Asia;Acalyptris platani;Palearctic;2007;van Nieukerken, E. (2007). Acalyptris Meyrick: revision of the platani and staticis groups in Europe and the Mediterranean (Lepidoptera: Nepticulidae). Zootaxa. 1436: 1-48;Acalyptris platani
0;Asia;Apopestes spectrum;Palearctic;2013;Amer, A. (2013). Catocalinae Of Egypt (Lepidoptera, Noctuidae). Al-Azhar Bulletin Of Science. 24(1-C): 1-16;Apopestes spectrum
0;Asia;Apopestes spectrum;Saharo-Arabian;2013;Amer, A. (2013). Catocalinae Of Egypt (Lepidoptera, Noctuidae). Al-Azhar Bulletin Of Science. 24(1-C): 1-16;Apopestes spectrum
0;Asia;Caloptilia roscipennella;Palearctic;2024;de Prins, J., de Prins, W. (2024). Global Taxonomic Database of Gracillariidae (Lepidoptera). Avaliable at: http://www.gracillariidae.net;Caloptilia roscipennella
0;Asia;Chrysodeixis chalcites;Palearctic;2024;CAB International (CABI) (2024). CABI Invasive Species Compendium. Available at: https://www.cabidigitallibrary.org/product/QI;Chrysodeixis chalcites
0;Asia;Evergestis aenealis;Palearctic;2018;Alipanah, H., et al. (2018). Taxonomic study of the genus Evergestis Hubner, 1825 (Lepidoptera: Crambidae: Glaphyriinae) in Iran with description of a new species. Zootaxa. 4420(1): 1-33;Evergestis aenealis
0;Asia;Evergestis aenealis;Saharo-Arabian;2018;Alipanah, H., et al. (2018). Taxonomic study of the genus Evergestis Hubner, 1825 (Lepidoptera: Crambidae: Glaphyriinae) in Iran with description of a new species. Zootaxa. 4420(1): 1-33;Evergestis aenealis
0;Asia;Hadena compta;Palearctic;2007;Kravchenko, V., et al. (2007). The Hadeninae of Israel (Lepidoptera: Noctuidae). SHILAP Revista de Lepidopterologia. 35(140): 441-454;Hadena compta
0;Asia;Hadena compta;Saharo-Arabian;2007;Kravchenko, V., et al. (2007). The Hadeninae of Israel (Lepidoptera: Noctuidae). SHILAP Revista de Lepidopterologia. 35(140): 441-454;Hadena compta
0;Asia;Leucoptera malifoliella;Palearctic;2024;CAB International (CABI) (2024). CABI Invasive Species Compendium. Available at: https://www.cabidigitallibrary.org/product/QI;Leucoptera malifoliella
0;Asia;Leucoptera malifoliella;Saharo-Arabian;2024;CAB International (CABI) (2024). CABI Invasive Species Compendium. Available at: https://www.cabidigitallibrary.org/product/QI;Leucoptera malifoliella
0;Asia;Neurothaumasia ankerella;Saharo-Arabian;2015;Gaedike, R. (2015). Tineidae I: (Dryadaulinae, Hapsiferinae, Euplocaminae, Scardiinae, Nemapogoninae and Meessiinae). Brill. Leiden, Netherlands.;Neurothaumasia ankerella
0;Asia;Papilio demoleus;Palearctic;2020;Riaz, S., et al. (2020). Morphology, life cycle and management of two invasive subspecies of Papilio demoleus (Lepidoptera: Papilionidae): A review. Journal of Applied Entomology. 144: 845-856;Papilio demoleus
0;Asia;Arenipses sabella;Palearctic;2008;Aldryhim, Y. (2008). Greater Date Moth, Arenipses sabella Hmps. (Lepidoptera: Pyralidae). In: Capinera, J.L. (eds) Encyclopedia of Entomology. Springer, Dordrecht. pp 1716-1717;Arenipses sabella
0;Asia;Arenipses sabella;Saharo-Arabian;2008;Aldryhim, Y. (2008). Greater Date Moth, Arenipses sabella Hmps. (Lepidoptera: Pyralidae). In: Capinera, J.L. (eds) Encyclopedia of Entomology. Springer, Dordrecht. pp 1716-1717;Arenipses sabella
0;Asia;Ectomyelois ceratoniae;Palearctic;2024;CAB International (CABI) (2024). CABI Invasive Species Compendium. Available at: https://www.cabidigitallibrary.org/product/QI;Ectomyelois ceratoniae
0;Asia;Ectomyelois ceratoniae;Saharo-Arabian;2024;CAB International (CABI) (2024). CABI Invasive Species Compendium. Available at: https://www.cabidigitallibrary.org/product/QI;Ectomyelois ceratoniae
0;Asia;Archips xylosteana;Saharo-Arabian;2024;CAB International (CABI) (2024). CABI Invasive Species Compendium. Available at: https://www.cabidigitallibrary.org/product/QI;Archips xylosteana
0;Asia;Garella musculana;Palearctic;2018;Yildiz, Y., et al. (2018). Erschoviella musculana Erschoff 1874, a new record and a new walnut pest in Turkey. Journal of Bartin Faculty of Forestry. 20(2): 296-302;Garella musculana
0;Asia;Pelochrista medullana;Palearctic;2005;Zhang, A., Li, H. (2005). Catalogue of Eucosmini from China (Lepidoptera: Tortricidae) SHILAP Revista de Lepidopterologia. 33(131): 265-298;Pelochrista medullana
0;Asia;Pelochrista medullana;Saharo-Arabian;2005;Zhang, A., Li, H. (2005). Catalogue of Eucosmini from China (Lepidoptera: Tortricidae) SHILAP Revista de Lepidopterologia. 33(131): 265-298;Pelochrista medullana
0;Asia;Batrachedra amydraula;Palearctic;1978;Carpenter, J., et al. (1978). Pests and diseases of the date palms. Agriculture Handbook. 524:1-40;Batrachedra amydraula
0;Asia;Batrachedra amydraula;Saharo-Arabian;1978;Carpenter, J., et al. (1978). Pests and diseases of the date palms. Agriculture Handbook. 524:1-40;Batrachedra amydraula
0;Asia;Bradyrrhoa gilveolella;Saharo-Arabian;2000;Littlefield, J., et al. (2000). A petition for the introduction and field release of the Chondrilla root moth, Bradyrrhoa gilveolella (Treitschke), for the biological control of rush skeletonweed in North America. USDA-APHIS Biological Control of Weeds Petition.;Bradyrrhoa gilveolella
0;Asia;Ascalenia acaciella;Palearctic;2006;Koster, S., Sammut, P. (2006). Faunistic notes on Momphidae, Batrachedridae, Stathmopodidae and Cosmopterigidae from the Maltese Islands. Nota lepidopterologica. 29(1): 49-63;Ascalenia acaciella
0;Asia;Garella musculana;Palearctic;2023;Scaccini, D., et al. (2023). First report of Garella musculana (Erschov, 1874) (Lepidoptera: Nolidae) in Italy with insights into its identity. Journal of Applied Entomology. 147: 239-243;Garella musculana
0;Asia;Acleris variegana;Palearctic;2009;Alipanah, H. (2009). A brief study on the tribes Tortricini and Archipini (Lepidoptera: Tortricinae) from Iran. Entomofauna. 10: 137-152;Acleris variegana
0;Asia;Archips xylosteana;Palearctic;2008;Hoebeke, E.,et al. (2008). Archips xylosteana (L.)(Lepidoptera: Tortricidae), a palearctic leafroller new to North America. Proceedings of the Entomological Society of Washington. 110(3): 789-795;Archips xylosteana
0;Asia;Archips xylosteana;Saharo-Arabian;2008;Hoebeke, E.,et al. (2008). Archips xylosteana (L.)(Lepidoptera: Tortricidae), a palearctic leafroller new to North America. Proceedings of the Entomological Society of Washington. 110(3): 789-795;Archips xylosteana
0;Asia;Athrips rancidella;Palearctic;2005;Bidzilya, O. (2005). A review of the genus Athrips (Lepidoptera, Gelechiidae) in the Palaearctic region. Deutsche Entomologische Zeitschrift. 52(1): 3-72;Athrips rancidella
0;Asia;Athrips rancidella;Saharo-Arabian;2005;Bidzilya, O. (2005). A review of the genus Athrips (Lepidoptera, Gelechiidae) in the Palaearctic region. Deutsche Entomologische Zeitschrift. 52(1): 3-72;Athrips rancidella
0;Asia;Grapholita delineana;Palearctic;2012;Byun, B., et al. (2012). A review of the genus Grapholita (Lepidoptera, Tortricidae) in North Korea. Animal Systematics, Evolution and Diversity. 28(4): 291-296;Grapholita delineana
0;Asia;Grapholita delineana;Saharo-Arabian;2012;Byun, B., et al. (2012). A review of the genus Grapholita (Lepidoptera, Tortricidae) in North Korea. Animal Systematics, Evolution and Diversity. 28(4): 291-296;Grapholita delineana
0;Asia;Hedya salicella;Saharo-Arabian;2017;Maharramova, S., Ayberk, H. (2017). New records of leafrollers reared in Azerbaijan (Lepidoptera: Tortricidae). Linzer Biologische Beitrage. 49(1): 677-686;Hedya salicella
0;Asia;Notocelia cynosbatella;Palearctic;2012;Trematerra, P. (2012). Notes on some Lepidoptera Tortricidae from Central Asia. Journal of Entomological and Acarological Research. 44: e1;Notocelia cynosbatella
0;Asia;Notocelia cynosbatella;Saharo-Arabian;2012;Trematerra, P. (2012). Notes on some Lepidoptera Tortricidae from Central Asia. Journal of Entomological and Acarological Research. 44: e1;Notocelia cynosbatella
0;Asia;Chiasmia aestimaria;Saharo-Arabian;2024;de Prins, J., de Prins, W. (2024). Afromoths, online database of Afrotropical moth species (Lepidoptera). Available at: http://www.afromoths.net;Chiasmia aestimaria
0;Asia;Iphiclides podalirius;Saharo-Arabian;2014;van Swaay, C., et al. (2014). Iphiclides podalirius (Mediterranean assessment). The IUCN Red List of Threatened Species. 2014: e.T174405A53719929;Iphiclides podalirius
0;Asia;Thaumetopoea pityocampa;Saharo-Arabian;2024;CAB International (CABI) (2024). CABI Invasive Species Compendium. Available at: https://www.cabidigitallibrary.org/product/QI;Thaumetopoea pityocampa
0;Asia;Deudorix livia;Saharo-Arabian;2005;Gong, C. (2005) The first record of the Eremic Lycaenid Deudorix livia (Klug, 1834) in Europe. Atalanta. 36(1): 109-112;Deudorix livia
0;Asia;Vanessa cardui;Saharo-Arabian;2020;Walker, A., Coetzer, A. (2020). Vanessa cardui. The IUCN Red List of Threatened Species. 2020: e.T174379A161326679;Vanessa cardui
0;Asia;Argyresthia pruniella;Saharo-Arabian;2024;CAB International (CABI) (2024). CABI Invasive Species Compendium. Available at: https://www.cabidigitallibrary.org/product/QI;Argyresthia pruniella
0;Asia;Helicoverpa armigera;Saharo-Arabian;2017;Tay, W., et al. (2017). Mitochondrial DNA and trade data support multiple origins of Helicoverpa armigera (Lepidoptera, Noctuidae) in Brazil. Scientific Reports. 7: 45302;Helicoverpa armigera
0;Europe;Zygaena orana;Palearctic;2010;Dapporto, L., Dennis, R. (2010). Skipper impoverishment on large West Mediterranean islands (Lepidoptera Hesperioidea): deterministic, historical and stochastic factors. Biodiversity and conservation. 19: 2637-2649;Zygaena orana
0;North America;Azeta repugnalis;Panamanian;2002;Barnes, M. (2002). A preliminary illustrated catalogue of the larger moths of Jamaica. Available at: http://www.mbarnes.force9.co.uk/jamaicamoths/jamaicahome.htm;Azeta repugnalis
0;North America;Achroia grisella;Panamanian;1986;Clarke, J. (1986): Pyralidae and Microlepidoptera of the Marquesas Archipelago. Smithsonian Contributions to Zoology. 416;Achroia grisella
0;North America;Aglaonice hirtipalpis;Panamanian;2002;Barnes, M. (2002). A preliminary illustrated catalogue of the larger moths of Jamaica. Available at: http://www.mbarnes.force9.co.uk/jamaicamoths/jamaicahome.htm;Aglaonice hirtipalpis
0;North America;Callopistria jamaicensis;Panamanian;1992;Frank, J., McCoy, E. (1992). Introduction to the Behavioral Ecology of Immigration. The Immigration of Insects to Florida, with a Tabulation of Records Published Since 1970. The Florida Entomologist.75(1): 1-28;Callopistria jamaicensis
0;Asia;Susumia exigua;Oriental;1988;Khan, Z., et al. (1988). A bibliography of rice leaffolders (Lepidoptera: Pyralidae). International Journal of Tropical Insect Science. 9(2): 129-174;Susumia exigua
0;Asia;Strepsicrates semicanella;Oriental;2005;Wakamura, S., et al. (2005). Sex pheromone components of an olethreutid moth, Strepsicrates semicanella (Walker)(Lepidoptera: Tortricidae), a pest of guava and eucalyptus in Okinawa. Applied Entomology and Zoology. 40(4): 637-642;Strepsicrates semicanella
0;Asia;Susumia exigua;Sino-Japanese;1988;Khan, Z., et al. (1988). A bibliography of rice leaffolders (Lepidoptera: Pyralidae). International Journal of Tropical Insect Science. 9(2): 129-174;Susumia exigua
0;Asia;Tiracola plagiata;Sino-Japanese;2024;Holloway, J. (2024). Moths of Borneo 12. Family Notuidae, Trifine. Subfamilies: Noctuinae, Heliothinae, Hadeninae, Acronictinae, Amphipyrinae, Agaristinae. Southdene Sdn. Available at: https://www.mothsofborneo.com/part-12/index.htm;Tiracola plagiata
0;Asia;Strepsicrates semicanella;Sino-Japanese;2005;Wakamura, S., et al. (2005). Sex pheromone components of an olethreutid moth, Strepsicrates semicanella (Walker)(Lepidoptera: Tortricidae), a pest of guava and eucalyptus in Okinawa. Applied Entomology and Zoology. 40(4): 637-642;Strepsicrates semicanella
0;Asia;Stathmopoda auriferella;Oriental;2018;Park, K., et al. (2018). Genus Stathmopoda Herrich-Shaffer (Lepidoptera, Stathmopodidae) from the Korean Peninsula with two new species. Journal of Asia-Pacific Biodiversity. 11(2): 259-266;Stathmopoda auriferella
0;Asia;Stathmopoda auriferella;Sino-Japanese;2018;Park, K., et al. (2018). Genus Stathmopoda Herrich-Shaffer (Lepidoptera, Stathmopodidae) from the Korean Peninsula with two new species. Journal of Asia-Pacific Biodiversity. 11(2): 259-266;Stathmopoda auriferella
0;Asia;Leucania striata;Oriental;1987;Yoshimatsu, S. (1987). Taxonomic study on Leucania striata Leech and its close relatives, with a description of a new species (Lepidoptera, Noctuidae). Lepidoptera Science. 38(2): 57-67;Leucania striata
0;Asia;Leucania striata;Sino-Japanese;1987;Yoshimatsu, S. (1987). Taxonomic study on Leucania striata Leech and its close relatives, with a description of a new species (Lepidoptera, Noctuidae). Lepidoptera Science. 38(2): 57-67;Leucania striata
0;Asia;Promalactis suzukiella;Oriental;2009;Adamski, D., et al. (2009). Redescription and immature stages of Promalactis suzukiella (Matsumura)(Gelechioidea: Oecophoridae), a new introduction into the United States. Proceedings of the Entomological Society of Washington. 111(1): 204-214;Promalactis suzukiella
0;Asia;Promalactis suzukiella;Sino-Japanese;2009;Adamski, D., et al. (2009). Redescription and immature stages of Promalactis suzukiella (Matsumura)(Gelechioidea: Oecophoridae), a new introduction into the United States. Proceedings of the Entomological Society of Washington. 111(1): 204-214;Promalactis suzukiella
0;Asia;Scardia amurensis;Sino-Japanese;2016;Osada, Y., et al. (2016). A review of the Japanese species of the genus Scardia Treitschke (Lepidoptera, Tineidae), with description of a new species. Zootaxa. 4079(3): 363-371;Scardia amurensis
0;Asia;Stenolechia bathrodyas;Sino-Japanese;1994;Park, K. (1994). Notes on Chorivalva and Stenolechia species in Korea, with new synonyms (Lepidoptera, Gelechiidae). Nota Lepiderologica. 16(3): 281-289;Stenolechia bathrodyas
0;Asia;Leucoptera sinuella;Oriental;1964;Kuroko, H. (1964). Revisional studies on the family Lyonetiidae of Japan (Lepidoptera). ESAKIA. 4: 1-61;Leucoptera sinuella
0;Asia;Rhynchopalpus brunella;Palearctic;2019;Joshi, R., et al. (2019). An updated checklist of subfamily Nolinae (Lepidoptera, Nolidae) from India. Records of the Zoological Survey of India. 119(3): 263-281;Rhynchopalpus brunella
0;Asia;Archips fuscocupreanus;Sino-Japanese;2024;CAB International (CABI) (2024). CABI Invasive Species Compendium. Available at: https://www.cabidigitallibrary.org/product/QI;Archips fuscocupreanus
0;Asia;Apamea remissa;Sino-Japanese;1994;Donald, J. (1994). Apamea unamis (Hubner) (Noctuidae: Amphipyrinae). Journal of the Lepidopterists Society. 48(2): 121-127;Apamea remissa
0;Asia;Argyresthia laevigatella;Sino-Japanese;1969;Moriuti, S. (1969). Argyresthiidae (Lepidoptera) of Japan. Bulletin of the University of Osaka Prefecture. 1-50;Argyresthia laevigatella
0;Asia;Dendrolimus superans;Sino-Japanese;2018;Jeong, J., et al. (2018). DNA data and morphology suggest an occurrence of Dendrolimus sibiricus Tschetverikov, 1908 (Lepidoptera: Lasiocampidae) instead of D. superans Butler, 1877, in South Korea. Entomological Research. 48(2): 108-121;Dendrolimus superans
0;Asia;Eupithecia lariciata;Sino-Japanese;2014;Mironov, V., Galsworthy, A. (2014). A survey of Eupithecia Curtis, 1825 (Lepidoptera, Geometridae, Larentiinae) in Mongolia with descriptions of two new species. Zootaxa. 3774(2): 101-130;Eupithecia lariciata
0;Asia;Palpita vitrealis;Sino-Japanese;2012;Yilmaz, C., Genc, H. (2012). Determination of the life cycle of the Olive Fruit Leaf Moth, Palpita unionalis (Lepidoptera: Pyralidae) in the laboratory. Florida Entomologist. 95: 162-170;Palpita vitrealis
0;Asia;Carposina sasakii;Sino-Japanese;2024;CAB International (CABI) (2024). CABI Invasive Species Compendium. Available at: https://www.cabidigitallibrary.org/product/QI;Carposina sasakii
0;Asia;Elophila melagynalis;Sino-Japanese;1985;Yoshiyasu, Y. (1985). A Systematic Study of the Nymphulinae and the Musotiminae of Japan (Lepidoptera: Pyralidae). Scientific Reports of the Kyoto Prefectural University: Agriculture. 37: 1-162;Elophila melagynalis
0;Asia;Lateroligia ophiogramma;Sino-Japanese;2011;Neil, K. (2011). Lateroligia ophiogramma (Esper)(Lepidoptera: Erebidae) in Nova Scotia, Canada. Journal of the Acadian Entomological Society. 7: 102-104;Lateroligia ophiogramma
0;Asia;Achroia grisella;Sino-Japanese;1986;Clarke, J. (1986): Pyralidae and Microlepidoptera of the Marquesas Archipelago. Smithsonian Contributions to Zoology. 416;Achroia grisella
0;Asia;Papilio polytes;Sino-Japanese;2013;"Halloran, K., Wason, E. (2013). ""Papilio polytes"" (On-line), Animal Diversity Web. University of Michigan. Michigan, United States of America. Available at: https://animaldiversity.org/accounts/Papilio_polytes/";Papilio polytes
0;Asia;Chrysaster hagicola;Sino-Japanese;1961;Kumata, T. (1961). Descriptions of a new genus and a new species of Gracillariidae from Japan (Lepidoptera). Insecta Matsumurana. 24(1): 52-56;Chrysaster hagicola
0;Asia;Caloptilia azaleella;Sino-Japanese;2011;Sugiura, S. (2011). Structure and dynamics of the parasitoid community shared by two herbivore species on different host plants. Arthropod-Plant Interactions. 5: 29-38;Caloptilia azaleella
0;Asia;Acrolepiopsis sapporensis;Sino-Japanese;2007;Landry, J. (2007). Taxonomic review of the leek moth genus Acrolepiopsis (Lepidoptera: Acrolepiidae) in North America. The Canadian Entomologist. 139: 319-353;Acrolepiopsis sapporensis
0;Asia;Rhynchopalpus brunella;Sino-Japanese;2019;Joshi, R., et al. (2019). An updated checklist of subfamily Nolinae (Lepidoptera, Nolidae) from India. Records of the Zoological Survey of India. 119(3): 263-281;Rhynchopalpus brunella
0;Asia;Antheraea yamamai;Sino-Japanese;2012;Kundu, S., et al. (2012), Nonmulberry silk biopolymers. Biopolymers. 97: 455-467;Antheraea yamamai
0;Asia;Phyllonorycter issikii;Sino-Japanese;2024;CAB International (CABI) (2024). CABI Invasive Species Compendium. Available at: https://www.cabidigitallibrary.org/product/QI;Phyllonorycter issikii
0;Asia;Parapoynx crisonalis;Sino-Japanese;2017;Chen, Q., et al. (2017). Age-stage, two-sex life table of Parapoynx crisonalis (Lepidoptera: Pyralidae) at different temperatures. PloS one. 12(3): e0173380;Parapoynx crisonalis
0;Asia;Autosticha kyotensis;Sino-Japanese;2023;Kim, S., et al. (2023). One Newly Recorded Species, Autosticha kyotensis (Lepidoptera: Autostichidae) from Korea with a World Checklist of the Genus. Korean Journal of Applied Entomology. 62(2): 61-67;Autosticha kyotensis
0;Asia;Cnephasia asseclana;Sino-Japanese;2021;Goglia, L. (2021). Faunistic Notes on Lepidoptera Tortricidae from Calabria (South Italy) - Contribution to the knowledge of the Lepidoptera Tortricidae fauna of Mediterranean ecosystems. [PhD Thesis, Universita degli Studi della Tuscia and Universita degli Studi del Molise].;Cnephasia asseclana
0;Asia;Hydraecia micacea;Sino-Japanese;2020;Weihrauch, F. (2020). Rosy rustic moth as a hop pest in the Hallertau: History and current situation. Mitteilungen der Deutschen Gesellschaft fur Allgemeine und Angewandte Entomologie. 22: 125-128;Hydraecia micacea
0;Asia;Pandemis heparana;Sino-Japanese;1982;Gillespie, D., Gillespie, B. (1982). A list of plant-feeding Lepidoptera introduced into British Columbia. Journal of the Entomological Society of British Columbia.  79: 37-54;Pandemis heparana
0;Asia;Arcte coerula;Sino-Japanese;2022;Au, M., Wright, M. (2022). Ramie Moth, Arcte coerula (Lepidoptera: Noctuidae): A New Invasive Pest in Hawaii on Endemic Plants. Proceedings of the Hawaiian Entomological Society. 54: 63-76;Arcte coerula
0;Asia;Zizina otis;Sino-Japanese;2017;Mengal, F., et al. (2017). Faunistics of Butterflies (Lepidoptera: Rephalocera) with some new records from Quetta, Bolochistan, Pakistan. University of Sindh Journal of Animal Sciences. 3(1): 26-35;Zizina otis
0;Asia;Zizina otis;Sino-Japanese;2008;Yago, M., et al. (2008). Molecular systematics and biogeography of the genus Zizina (Lepidoptera: Lycaenidae). Zootaxa. 1746(1): 15-38;Zizina otis
0;Asia;Lamprosema chagosalis;Sino-Japanese;2015;Hayden, J., Troubridge, J. (2015). Nacoleia charesalis (Walker) spreading in Florida. News of the Lepidopterists Society. 57(1): 8-10;Lamprosema chagosalis
0;Asia;Dendrolimus sibiricus;Palearctic;2020;Flo, D., et al. (2020). The Siberian moth (Dendrolimus sibiricus), a pest risk assessment for Norway. Forest Ecosystems. 7: 1-11;Dendrolimus sibiricus
0;Asia;Dendrolimus sibiricus;Palearctic;2018;Jeong, J., et al. (2018). DNA data and morphology suggest an occurrence of Dendrolimus sibiricus Tschetverikov, 1908 (Lepidoptera: Lasiocampidae) instead of D. superans Butler, 1877, in South Korea. Entomological Research. 48(2): 108-121;Dendrolimus sibiricus
0;Asia;Lymantria monacha;Palearctic;2024;CAB International (CABI) (2024). CABI Invasive Species Compendium. Available at: https://www.cabidigitallibrary.org/product/QI;Lymantria monacha
0;Asia;Eucosma cana;Palearctic;2005;Zhang, A., Li, H. (2005). Catalogue of Eucosmini from China (Lepidoptera: Tortricidae) SHILAP Revista de Lepidopterologia. 33(131): 265-298;Eucosma cana
0;Asia;Danaus plexippus;Palearctic;2022;Walker, A., et al. (2022). Danaus plexippus (errata version published in 2022). The IUCN Red List of Threatened Species. 2022: e.T159971A219149911;Danaus plexippus
0;Asia;Clepsis spectrana;Palearctic;1996;Dang, P., et al. (1996). Occurrence of two palaearctic species of Clepsis Guenee, C. spectrana Treitshcke and C. consimilana (Huebner)(Tortricidae), in British Columbia, Canada. Journal of The Lepidopterist Society. 50: 321-328;Clepsis spectrana
0;Asia;Cnephasia stephensiana;Palearctic;2021;Goglia, L. (2021). Faunistic Notes on Lepidoptera Tortricidae from Calabria (South Italy) - Contribution to the knowledge of the Lepidoptera Tortricidae fauna of Mediterranean ecosystems. [PhD Thesis, Universita degli Studi della Tuscia and Universita degli Studi del Molise].;Cnephasia stephensiana
0;Asia;Enarmonia formosana;Palearctic;2024;CAB International (CABI) (2024). CABI Invasive Species Compendium. Available at: https://www.cabidigitallibrary.org/product/QI;Enarmonia formosana
0;Asia;Anania hortulata;Palearctic;2019;Yang, Z., Landry, J. (2019). Allopatric separation represents an overlooked cryptic species in the Anania hortulata species complex (Lepidoptera: Crambidae: Pyraustinae): congruence between genetic and morphological evidence. The Canadian Entomologist. 151(2): 163-186;Anania hortulata
0;Asia;Phyllonorycter blancardella;Palearctic;2007;Triberti, P. (2007). The Phyllonorycter species from Palaearctic Region feeding on Rosaceae (Lepidoptera, Gracillariidae). Bollettino del Museo Civico di Storia Naturale di Verona. 31: 147-221;Phyllonorycter blancardella
0;Africa;Earias ansorgei;Afrotropical;1969;Howarth, T. (1969). Some African Nymphalidae (Lepidoptera). Proceedings of the Royal Entomological Society of London, Series B, Taxonomy. 38(11): 141-156;Earias ansorgei
0;Africa;Herpetogramma basalis;Afrotropical;2018;Poltavsky, A., et al. (2018). The Pyraloidea (Lepidoptera) fauna of the woody savannah belt in Mali, West Africa. Zootaxa. 4457(1): 39-69;Herpetogramma basalis
0;Africa;Epichoristodes acerbella;Afrotropical;2006;Glavendekic, M. (2006). Epichoristodes acerbella (Walker)(Lepidoptera: Tortricidae): a new species in the fauna of Serbia. Acta Entomologica Serbica. 11(1): 77-81;Epichoristodes acerbella
0;Africa;Melittia oedipus;Afrotropical;1995;Eichlin, T. (1995). New Data and a Redescription for Melittia oedipus, na African Vine Borer (Lepidoptera: Sesiidae). Tropical Lepidoptera. 6(1): 47-51;Melittia oedipus
0;Asia;Cnaphalocrocis medinalis;Palearctic;2023;Gao, L., et al. (2023). Use of food attractant to monitor and forecast population dynamics of Cnaphalocrocis medinalis (Lepidoptera: Pyralidae), a long-distance migratory pest. Agronomy. 13(8): 2141;Cnaphalocrocis medinalis
0;Asia;Eumeta variegatus;Palearctic;2018;Jeong, J., et al. (2018). Complete mitochondrial genome of the female-wingless bagworm moth, Eumeta variegata Snellen, 1879 (Lepidoptera: Psychidae). Mitochondrial DNA, Part B. 3(2): 1037-1039;Eumeta variegatus
0;Asia;Stathmopoda auriferella;Palearctic;2018;Park, K., et al. (2018). Genus Stathmopoda Herrich-Shaffer (Lepidoptera, Stathmopodidae) from the Korean Peninsula with two new species. Journal of Asia-Pacific Biodiversity. 11(2): 259-266;Stathmopoda auriferella
0;Asia;Promalactis suzukiella;Palearctic;2009;Adamski, D., et al. (2009). Redescription and immature stages of Promalactis suzukiella (Matsumura)(Gelechioidea: Oecophoridae), a new introduction into the United States. Proceedings of the Entomological Society of Washington. 111(1): 204-214;Promalactis suzukiella
0;Asia;Stenolechia bathrodyas;Palearctic;1994;Park, K. (1994). Notes on Chorivalva and Stenolechia species in Korea, with new synonyms (Lepidoptera, Gelechiidae). Nota Lepiderologica. 16(3): 281-289;Stenolechia bathrodyas
0;Asia;Anomis privata;Palearctic;1998;Kononenko, V., et al. (1998). Illustrated catalogue of Noctuidae in Korea (Lepidoptera). Insect of Korea. Series 3. Korea Research Institute of Bioscience and Biotechnology : Center for Insect Systematics;Anomis privata
0;Asia;Archips fuscocupreanus;Palearctic;2024;CAB International (CABI) (2024). CABI Invasive Species Compendium. Available at: https://www.cabidigitallibrary.org/product/QI;Archips fuscocupreanus
0;Asia;Actias selene;Palearctic;2007;Choldumrongkul, S., et al. (2007). Geographical distribution and status of Actias Moths in Thailand. Walailak Journal of Science and Technology (WJST). 4(2): 203-213;Actias selene
0;Asia;Deilephila elpenor;Palearctic;2013;Hanif, H., et al. (2013). First record of Deilephila elpenor L. moth from Chakwal Punjab Pakistan. International Journal of Fauna and Biological Studies. 3(2): 10-13;Deilephila elpenor
0;Asia;Hypolimnas misippus;Palearctic;2021;Coetzer, A., Westrip, J. (2021). Hypolimnas misippus. The IUCN Red List of Threatened Species 2021: e.T62148588A161331411;Hypolimnas misippus
0;Asia;Lymantria mathura;Palearctic;2024;CAB International (CABI) (2024). CABI Invasive Species Compendium. Available at: https://www.cabidigitallibrary.org/product/QI;Lymantria mathura
0;Asia;Ostrinia furnacalis;Palearctic;1991;Nafus, D., Schreiner, I. (1991). Review of the biology and control of the Asian corn borer, Ostrinia furnacalis (Lep: Pyralidae). International Journal of Pest Management. 37(1): 41-56;Ostrinia furnacalis
0;Asia;Orgyia thyellina;Palearctic;2003;Hosking, G., et al. (2003) Tussock moth eradication - a success story from New Zealand, International Journal of Pest Management. 49(1): 17-24;Orgyia thyellina
0;Asia;Spodoptera litura;Palearctic;2019;Jung, J., et al. (2019). Effect of climate change on the potential distribution of the common cutworm (Spodoptera litura) in South Korea. Entomological Research. 49(12): 519-528;Spodoptera litura
0;Asia;Sinica sinica;Palearctic;2006;Schultz, P., et al. (2006). Biology and Distribution of Pryeria sinica, a New Pest of Euonymus Found in Virginia and Maryland. Plant Health Progress. 7(1): 49;Sinica sinica
0;Asia;Sericinus montela;Palearctic;2017;Hashimoto, K., Ohgushi, T. (2017). How do two specialist butterflies determine growth and biomass of a shared host plant?. Population Ecology. 59: 17-27;Sericinus montela
0;Asia;Papilio xuthus;Palearctic;2024;Inayoshi, Y. (2024). A Check List of Butterflies in Indo-China - Chiefly from Thailand, Laos and Vietnam. Available at: https://yutaka.it-n.jp/index.html;Papilio xuthus
0;Asia;Vanessa cardui;Palearctic;2020;Walker, A., Coetzer, A. (2020). Vanessa cardui. The IUCN Red List of Threatened Species. 2020: e.T174379A161326679;Vanessa cardui
0;Asia;Chilo suppressalis;Palearctic;2024;CAB International (CABI) (2024). CABI Invasive Species Compendium. Available at: https://www.cabidigitallibrary.org/product/QI;Chilo suppressalis
0;Asia;Bactra venosana;Palearctic;2015;Sohn, J., et al. (2015). Seven species of Olethreutinae (Lepidoptera: Tortricidae) new to Korea. Journal of Asia-Pacific Biodiversity. 8(2): 133-138;Bactra venosana
0;Asia;Hypena strigatus;Palearctic;2013;Kononenko, V., Pinratana, A. (2013). Moths of Thailand. Noctuoidea. An illustrated Catalogue of Erebidae, Nolidae, Euteliidae and Noctuidae (Insecta, Lepidoptera) in Thailand. Brothers of St. Gabriel in Thailand. Bangkok.;Hypena strigatus
0;Asia;Antheraea yamamai;Palearctic;2015;Nahirnic, A., Stoyan, B. (2015). The first report of Japanese oak silkmoth Antheraea yamamai (Guerin-Meneville, 1861)(Lepidoptera: Saturniidae) in Montenegro. ZooNotes. 82: 1-4;Antheraea yamamai
0;Asia;Cydalima perspectalis;Palearctic;2024;CAB International (CABI) (2024). CABI Invasive Species Compendium. Available at: https://www.cabidigitallibrary.org/product/QI;Cydalima perspectalis
0;Asia;Phyllonorycter issikii;Palearctic;2024;CAB International (CABI) (2024). CABI Invasive Species Compendium. Available at: https://www.cabidigitallibrary.org/product/QI;Phyllonorycter issikii
0;Asia;Archips oporana;Palearctic;2007;Khramov, P. (Ed.) (2007). Insecta.pro: international entomological community. Available online at: https://insecta.pro;Archips oporana
0;Asia;Autosticha kyotensis;Palearctic;2023;Kim, S., et al. (2023). One Newly Recorded Species, Autosticha kyotensis (Lepidoptera: Autostichidae) from Korea with a World Checklist of the Genus. Korean Journal of Applied Entomology. 62(2): 61-67;Autosticha kyotensis
0;Asia;Monema flavescens;Palearctic;2024;EFSA Panel on Plant Health (EFSA PLH Panel), et al. (2024). Pest categorisation of Monema flavescens. EFSA Journal. 22(7): e8831;Monema flavescens
0;Asia;Monema flavescens;Palearctic;2013;Shibasaki, H., et al. (2013). Identification of the sex pheromone secreted by a nettle moth, Monema flavescens, using gas chromatography/Fourier transform infrared spectroscopy. Journal of Chemical Ecology. 39: 350-357;Monema flavescens
0;Asia;Cymolomia hartigiana;Palearctic;2004;Bong-Kyu, B., et al. (2004). Cymolomia hartigiana (Saxesen, 1840)(Lepidoptera: Tortricidae) attacking to Abies nephrolepis max. new to Daxinganling, Heilongjiang, China. Journal of Forestry Research. 15(1): 67-68;Cymolomia hartigiana
0;Asia;Leucoma salicis;Palearctic;1956;Kumata, T. (1956). A revision of the Japanese species of the genus Leucoma Stephens (Lepidoptera, Lymantriidae). Insecta Matsumurana. 20(3): 107-113;Leucoma salicis
0;Asia;Notocelia rosaecolana;Palearctic;2013;Byun, B., et al. (2013). Two unrecorded species of Tortricidae (Lepidoptera) from North Korea, with notes on collection localities of North Korean Tortricids deposited at the Hungarian Natural History Museum. Korean Journal of Applied Entomology. 52(1): 53-59;Notocelia rosaecolana
0;Asia;Pandemis heparana;Palearctic;1982;Gillespie, D., Gillespie, B. (1982). A list of plant-feeding Lepidoptera introduced into British Columbia. Journal of the Entomological Society of British Columbia.  79: 37-54;Pandemis heparana
0;Asia;Crocidophora butleri;Palearctic;2019;Lee, T., et al. (2019). Two species of Pyraustine moths new to Korea (Lepidoptera: Crambidae). Journal of Asia-Pacific Biodiversity. 12(1): 79-82;Crocidophora butleri
0;Asia;Syndemis cedricola;Saharo-Arabian;2007;Seven, S., Ozdemir, M. (2007). The genus Dichelia Guenee, 1845 (Lepidoptera: Tortricidae) in Turkey. Acta Entomologica Slovenica. 15(2): 185-190;Syndemis cedricola
0;Asia;Epinotia cedricida;Saharo-Arabian;1999;Fabre, J., et al. (1999). Le point sur certains ravageurs du cedre de l Atlas en Afrique du nord, en France et en Europe. Foret Mediterraneenne. 20(4): 203-218;Epinotia cedricida
0;Africa;Batrachedra amydraula;Afrotropical;1978;Carpenter, J., et al. (1978). Pests and diseases of the date palms. Agriculture Handbook. 524:1-40;Batrachedra amydraula
0;Africa;Autographa gamma;Afrotropical;2007;Sullivan, M., Molet, T. (2007). CPHST Pest Datasheet for Autographa gamma (Revised January 2014). USDA-APHIS-PPQ-CPHST.;Autographa gamma
0;Africa;Caloptilia coruscans;Afrotropical;2024;de Prins, J., de Prins, W. (2024). Global Taxonomic Database of Gracillariidae (Lepidoptera). Avaliable at: http://www.gracillariidae.net;Caloptilia coruscans
0;Africa;Ascalenia acaciella;Afrotropical;2006;Koster, S., Sammut, P. (2006). Faunistic notes on Momphidae, Batrachedridae, Stathmopodidae and Cosmopterigidae from the Maltese Islands. Nota lepidopterologica. 29(1): 49-63;Ascalenia acaciella
0;Africa;Bifascioides leucomelanella;Afrotropical;2006;Koster, S., Sammut, P. (2006). Faunistic notes on Momphidae, Batrachedridae, Stathmopodidae and Cosmopterigidae from the Maltese Islands. Nota lepidopterologica. 29(1): 49-63;Bifascioides leucomelanella
0;North America;Hypsipyla grandella;Neotropical;2024;CAB International (CABI) (2024). CABI Invasive Species Compendium. Available at: https://www.cabidigitallibrary.org/product/QI;Hypsipyla grandella
0;North America;Callopistria floridensis;Neotropical;1913;Chittenden, F. (1913). The Florida fern caterpillar (No. 125). US Department of Agriculture, Bureau of Entomology.;Callopistria floridensis
0;Asia;Hasora badra;Oriental;2012;Ministery of Environment - Sri Lanka (2012). The National Red List 2012 of Sri Lanka;Hasora badra
0;Asia;Elophila melagynalis;Oriental;1985;Yoshiyasu, Y. (1985). A Systematic Study of the Nymphulinae and the Musotiminae of Japan (Lepidoptera: Pyralidae). Scientific Reports of the Kyoto Prefectural University: Agriculture. 37: 1-162;Elophila melagynalis
0;Asia;Herpetogramma basalis;Oriental;2018;Poltavsky, A., et al. (2018). The Pyraloidea (Lepidoptera) fauna of the woody savannah belt in Mali, West Africa. Zootaxa. 4457(1): 39-69;Herpetogramma basalis
0;Asia;Daphnis nerii;Oriental;2024;Pittaway, A. (2024). Sphingidae of the Western Palaearctic (including Europe, North Africa, the Middle East, western Siberia and western Central Asia). Available at: https://tpittaway.tripod.com/sphinx/list.htm;Daphnis nerii
0;Africa;Homoeosoma stenotea;Afrotropical;2022;Falck, P., et al. (2022). New data on Pyraloidea from the Canary Islands, Spain 2 (Lepidoptera: Pyralidae, Crambidae. SHILAP Revista de Lepidopterologia. 50(199): 469-488;Homoeosoma stenotea
0;Africa;Aplocera efformata;Saharo-Arabian;2022;Boyes, D., et al. (2022). The genome sequence of the lesser treble-bar moth, Aplocera efformata (Guenee, 1857). Wellcome Open Research. 7: 303;Aplocera efformata
0;Africa;Leucinodes laisalis;Saharo-Arabian;2015;Mally, R., et al. (2015). Discovery of an unknown diversity of Leucinodes species damaging Solanaceae fruits in sub-Saharan Africa and moving in trade (Insecta, Lepidoptera, Pyraloidea). ZooKeys. 472: 117-162;Leucinodes laisalis
0;Africa;Homoeosoma stenotea;Saharo-Arabian;2022;Falck, P., et al. (2022). New data on Pyraloidea from the Canary Islands, Spain 2 (Lepidoptera: Pyralidae, Crambidae. SHILAP Revista de Lepidopterologia. 50(199): 469-488;Homoeosoma stenotea
0;Africa;Blastobasis maroccanella;Saharo-Arabian;2004;Karsholt, O., Sinev, S. (2004). Contribution to the Lepidoptera fauna of the Madeira Islands Part 4. Blastobasidae. Beitrage zur Entomologie. 54(2): 387-463;Blastobasis maroccanella
0;Africa;Sceliodes laisalis;Saharo-Arabian;2015;Mally, R., et al. (2015). Discovery of an unknown diversity of Leucinodes species damaging Solanaceae fruits in sub-Saharan Africa and moving in trade (Insecta, Lepidoptera, Pyraloidea). ZooKeys. 472: 117-162;Sceliodes laisalis
0;Africa;Cnephasia asseclana;Saharo-Arabian;2021;Goglia, L. (2021). Faunistic Notes on Lepidoptera Tortricidae from Calabria (South Italy) - Contribution to the knowledge of the Lepidoptera Tortricidae fauna of Mediterranean ecosystems. [PhD Thesis, Universita degli Studi della Tuscia and Universita degli Studi del Molise].;Cnephasia asseclana
0;Africa;Coleophora parthenica;Saharo-Arabian;2023;Tabell, J., et al. (2023). New and little known Coleophora Hubner, 1822 species from Morocco. Part I.(Lepidoptera, Coleophoridae). Zootaxa. 5374(2): 151-195;Coleophora parthenica
0;Africa;Lymantria dispar;Saharo-Arabian;2007;Pogue, M. (2007). A Review of Selected Species of Lymantria Hubner (1819) (Lepidoptera: Noctuidae: Lymantriinae) from Subtropical and Temperate Regions of Asia, Including the Descriptions of Three New Species, Some Potentially Invasive to North America. U.S. Department of Agriculture, Forest Health Technology Enterprise Team. 223 pp;Lymantria dispar
0;Africa;Pterolonche inspersa;Saharo-Arabian;1986;Vives Moreno, A. (1986). La familia Pterolonchidae Meyrick, 1918, de Espana y Portugal (Insecta, Lepidoptera). Eos: Revista Espanola de Entomologia. 62(1): 319-337;Pterolonche inspersa
0;Africa;Helicoverpa armigera;Saharo-Arabian;2017;Tay, W., et al. (2017). Mitochondrial DNA and trade data support multiple origins of Helicoverpa armigera (Lepidoptera, Noctuidae) in Brazil. Scientific Reports. 7: 45302;Helicoverpa armigera
0;Africa;Dendrolimus pini;Saharo-Arabian;2024;CAB International (CABI) (2024). CABI Invasive Species Compendium. Available at: https://www.cabidigitallibrary.org/product/QI;Dendrolimus pini
0;Africa;Mesophleps palpigera;Madagascan;2012;Li, H., Sattler, K. (2012). A taxonomic revision of the genus Mesophleps Hubner, 1825 (Lepidoptera: Gelechiidae). Zootaxa. 3373: 1-82;Mesophleps palpigera
0;Africa;Chrysodeixis chalcites;Madagascan;2024;CAB International (CABI) (2024). CABI Invasive Species Compendium. Available at: https://www.cabidigitallibrary.org/product/QI;Chrysodeixis chalcites
0;Africa;Euchromia lethe;Madagascan;2024;de Prins, J., de Prins, W. (2024). Afromoths, online database of Afrotropical moth species (Lepidoptera). Available at: http://www.afromoths.net;Euchromia lethe
0;Africa;Pardasena virgulana;Madagascan;2024;de Prins, J., de Prins, W. (2024). Afromoths, online database of Afrotropical moth species (Lepidoptera). Available at: http://www.afromoths.net;Pardasena virgulana
0;Africa;Achroia grisella;Madagascan;1986;Clarke, J. (1986): Pyralidae and Microlepidoptera of the Marquesas Archipelago. Smithsonian Contributions to Zoology. 416;Achroia grisella
0;Africa;Hypena commixtalis;Madagascan;2024;de Prins, J., de Prins, W. (2024). Afromoths, online database of Afrotropical moth species (Lepidoptera). Available at: http://www.afromoths.net;Hypena commixtalis
0;Africa;Homoeosoma stenotea;Madagascan;2022;Falck, P., et al. (2022). New data on Pyraloidea from the Canary Islands, Spain 2 (Lepidoptera: Pyralidae, Crambidae. SHILAP Revista de Lepidopterologia. 50(199): 469-488;Homoeosoma stenotea
0;Africa;Opogona sacchari;Madagascan;2024;CAB International (CABI) (2024). CABI Invasive Species Compendium. Available at: https://www.cabidigitallibrary.org/product/QI;Opogona sacchari
0;Africa;Daphnis nerii;Madagascan;2024;Pittaway, A. (2024). Sphingidae of the Western Palaearctic (including Europe, North Africa, the Middle East, western Siberia and western Central Asia). Available at: https://tpittaway.tripod.com/sphinx/list.htm;Daphnis nerii
0;Africa;Lampides boeticus;Madagascan;2021;Edge, D., Westrip, J. (2021). Lampides boeticus. The IUCN Red List of Threatened Species 2021: e.T174427A161341394;Lampides boeticus
0;Africa;Vanessa cardui;Madagascan;2020;Walker, A., Coetzer, A. (2020). Vanessa cardui. The IUCN Red List of Threatened Species. 2020: e.T174379A161326679;Vanessa cardui
0;Africa;Ethmia nigroapicella;Madagascan;2000;Kurr, A., Szasorv, C. (2000). Survey Of The Taiwanese Ethmiinae (Leprdoprera, Oecophoridae) With Descriptions Of Three New Species. Acta Zoologica Academiae Scientiaruh Hungaricae. 46(1):  53-78;Ethmia nigroapicella
0;Africa;Hypena jussalis;Madagascan;2024;de Prins, J., de Prins, W. (2024). Afromoths, online database of Afrotropical moth species (Lepidoptera). Available at: http://www.afromoths.net;Hypena jussalis
0;Africa;Galtara extensa;Madagascan;2008;Reimer, N. (2008). Field Release of Secusio extensa (Butler)(Lepidoptera: Arctiidae), for Biological Control of Fireweed, Senecio madagascariensis Poiret (Asterales: Asteraceae), in Hawaii. Draft Environmental Assessment. Attachment 4.;Galtara extensa
0;Africa;Thaumatotibia leucotreta;Madagascan;2024;CAB International (CABI) (2024). CABI Invasive Species Compendium. Available at: https://www.cabidigitallibrary.org/product/QI;Thaumatotibia leucotreta
0;Africa;Epichoristodes acerbella;Madagascan;2006;Glavendekic, M. (2006). Epichoristodes acerbella (Walker)(Lepidoptera: Tortricidae): a new species in the fauna of Serbia. Acta Entomologica Serbica. 11(1): 77-81;Epichoristodes acerbella
0;Africa;Phycita diaphana;Madagascan;2015;Zilli, A., Pavesi, F. (2015). new or little known Pyraloids from Italy (Lepidoptera: Pyraloidea). Phegea. 43(3): 81-96;Phycita diaphana
0;Africa;Helicoverpa armigera;Madagascan;2017;Tay, W., et al. (2017). Mitochondrial DNA and trade data support multiple origins of Helicoverpa armigera (Lepidoptera, Noctuidae) in Brazil. Scientific Reports. 7: 45302;Helicoverpa armigera
0;Asia;Hypena jussalis;Oriental;2024;de Prins, J., de Prins, W. (2024). Afromoths, online database of Afrotropical moth species (Lepidoptera). Available at: http://www.afromoths.net;Hypena jussalis
0;North America;Ancylostomia stercorea;Nearctic;1972;Barrow, R. (1972). The bionomics of Ancyclostomia stercorea (zeller): a pod-borer on pigeon pea in Trinidad. [PhD Thesis, McGill University, Quebec].;Ancylostomia stercorea
0;North America;Bucculatrix parthenica;Nearctic;1990;McClay, A., et al. (1990). Biology of Bucculatrix parthenica Bradley sp. n.(Lepidoptera: Bucculatricidae) and its establishment in Australia as a biological control agent for Parthenium hysterophorus (Asteraceae). Bulletin of Entomological Research, 80(4): 427-432;Bucculatrix parthenica
0;North America;Neoleucinodes elegantalis;Nearctic;2017;da Silva, R., et al. (2017). Spatio-temporal dynamic climate model for Neoleucinodes elegantalis using CLIMEX. International Journal of Biometeorology. 61: 785-795;Neoleucinodes elegantalis
0;North America;Thecla megarus;Nearctic;2014;Gilligan, T., Passoa, S. (2014). LepIntercept - An identification resource for intercepted Lepidoptera larvae. Available at: https://idtools.org/id/lepintercept/strymon.html;Thecla megarus
0;North America;Stenoma catenifer;Nearctic;2008;Hoddle, M., Hoddle, C. (2008). Bioecology of Stenoma catenifer (Lepidoptera: Elachistidae) and associated larval parasitoids reared from Hass avocados in Guatemala. Journal of Economic Entomology. 101(3): 692-698;Stenoma catenifer
0;North America;Pyrausta inornatalis;Nearctic;2022;Osada, Y. (2022). Description of immature stages of the southern pink moth, Pyrausta inornatalis (Fernald, 1885)(Lepidoptera: Crambidae). Journal of Asia-Pacific Biodiversity. 15(4): 568-573;Pyrausta inornatalis
0;North America;Trichoplusia ni;Nearctic;2015;Holtz, A., et al. (2015). Pragas das brassicas. Instituto Federal de Ensino, Ciencia e Tecnologia do Espirito Santo (IFES).;Trichoplusia ni
0;North America;Usingeriessa onyxalis;Nearctic;1995;Munroe, E. (1995). Usingeriessa onyxalis (Dyar) (Lepidoptera: Crambidae: Nymphulinae), a Moth With Presumably Aquatic Larvae, Newly Recorded From Hawaii, With a Synopsis of Hawaiian Nymphulinae. Bishop Museum Occasional Papers. 42: 39-42;Usingeriessa onyxalis
0;North America;Epidromia pannosa;Nearctic;1986;Solis, M. (1986). A new species of Epidromia (Noctuidae) from Florida. Journal of the Lepidopterists Society. 40(1): 8-19;Epidromia pannosa
0;North America;Moodna bisinuella;Nearctic;1985;Neunzig, H. (1985). Notes on the larva and biology of Moodna bisinuella Hampson(Pyralidae: Phycitinae). Journal of the Lepidopterists Society. 39(1): 9-12;Moodna bisinuella
0;North America;Ptichodis immunis;Nearctic;2005;Becker, V., Miller, S. (2005). Moths: Lepidoptera. In: Lazell, J. (2005). Island: Fact and theory in nature (pp: 303-309). University of California Press.;Ptichodis immunis
0;North America;Eoreuma loftini;Nearctic;1984;Johnson, K. (1984). Identification of Eoreuma loftini (Dyar)(Lepidoptera: Pyralidae) in Texas, 1980: Forerunner for other sugarcane boring pest immigrants from Mexico?. Bulletin of the ESA. 30(3): 47-52;Eoreuma loftini
0;North America;Anartia fatima;Nearctic;2022;Pfeiler, E., et al. (2022). Phenotypic diversity, population genetics and interspecific relationships of the Neotropical banded peacock butterfly Anartia fatima (Nymphalidae: Nymphalinae). Biological Journal of the Linnean Society. 136(1): 135-144;Anartia fatima
0;North America;Callopistria floridensis;Nearctic;1913;Chittenden, F. (1913). The Florida fern caterpillar (No. 125). US Department of Agriculture, Bureau of Entomology.;Callopistria floridensis
0;North America;Neurostrota gunniella;Nearctic;2019;Prins, J., et al. (2019). An illustrated catalogue of the Neotropical Gracillariidae (Lepidoptera) with new data on primary types. Zootaxa. 4575: 1-110;Neurostrota gunniella
0;North America;Comotia torsicornis;Nearctic;1914;Dyar, H. (1914). Description of new species of lepidoptera from Mexico. Proceedings of th United States National Museum. 47: 365-409;Comotia torsicornis
0;North America;Copaxa lavendera;Nearctic;2013;Sarmiento-Cordero, M., Contreras-Ramos, A. (2013). Phenology of Copaxa lavendera (Westwood)(Lepidoptera, Saturniidae) from Sierra de Las Navajas, Hidalgo, Mexico. The Pan-Pacific Entomologist. 88(4): 399-406;Copaxa lavendera
0;North America;Copaxa lavendera;Nearctic;2017;Barrios-Diaz, B., et al. (2017). Identificacion de lepidopteros asociados al follaje de encino (Quercus spp.), en el municipio de Tetela de Ocampo, Puebla. Folia Entomologica Mexicana. 4: 537-543;Copaxa lavendera
0;North America;Spodoptera eridania;Nearctic;2023;Zhang, Y., et al. (2023). Global potential geographical distribution of the southern armyworm (Spodoptera eridania) under climate change. Biology. 12(7): 1040;Spodoptera eridania
0;North America;Syntomeida epilais;Nearctic;2016;McAuslane, H. (2016). Oleander caterpillar, Syntomeida epilais Walker (Insecta: Lepidoptera: Arctiidae). U.S. Department of Agriculture. University of Florida. Florida, United States of America.;Syntomeida epilais
0;North America;Spodoptera frugiperda;Nearctic;2023;Tay, W., et al. (2023). Spodoptera frugiperda: ecology, evolution, and management options of an invasive species. Annual Review of Entomology. 68(1): 299-317;Spodoptera frugiperda
0;North America;Spodoptera frugiperda;Nearctic;2017;Cock, M., et al. (2017). Molecular methods to detect Spodoptera frugiperda in Ghana, and implications for monitoring the spread of invasive species in developing countries. Scientific Reports. 7(1): 4103;Spodoptera frugiperda
0;North America;Heliconius erato;Nearctic;1996;Jiggins, C., et al. (1996). What can hybrid zones tell us about speciation? The case of Heliconius erato and H. himera (Lepidoptera: Nymphalidae). Biological Journal of the Linnean Society. 59(3): 221-242;Heliconius erato
0;North America;Cydia saltitans;Nearctic;2012;West, D., et al. (2012). Locomotion of Mexican jumping beans. Bioinspiration and Biomimetics. 7(3): 036014;Cydia saltitans
0;North America;Leuciris fimbriaria;Nearctic;2009;Heard, T., Paynter, Q. (2009). Mimosa pigra (Leguminosae). In: Biological control of tropical weeds using arthropods. Cambridge University Press, Cambridge, UK. 256-273.;Leuciris fimbriaria
0;North America;Digrammia pallidata;Nearctic;2010;Heard, T., et al. (2010). Biology, host specificity, release and establishment of Macaria pallidata and Leuciris fimbriaria (Lepidoptera: Geometridae), biological control agents of the weed Mimosa pigra. Biological Control. 55: 248-255;Digrammia pallidata
0;North America;Hypsipyla grandella;Nearctic;2024;CAB International (CABI) (2024). CABI Invasive Species Compendium. Available at: https://www.cabidigitallibrary.org/product/QI;Hypsipyla grandella
0;North America;Notioplusia illustrata;Nearctic;1978;Eichlin, T., Cunningham, H. (1978). The Plusiinae (Lepidoptera: Noctuidae) of America north of Mexico, emphasizing genitalic and larval morphology (No. 1567). Department of Agriculture, Agricultural Research Service. Washington D.C., United States of America.;Notioplusia illustrata
0;North America;Carmenta mimosa;Nearctic;1983;Passoa, S. (1983). A new clear wing moth (Sesiidae) from Central America: a stem borer in Mimosa pigra. The Journal of the Lepidopterists Society. 37: 193-206;Carmenta mimosa
0;North America;Pareuchaetes insulata;Nearctic;1993;Kluge, R., Caldwell, P. (1993). Host Specificity of Parachaetes insulata (Lepidoptera: Arctiidae), a Biological Control Agent for Chromolaena odorata (Compositae). Entomophaga. 38(4): 451-457;Pareuchaetes insulata
0;North America;Amyelois transitella;Nearctic;2021;EFSA Panel on Plant Health (EFSA PLH Panel), et al. (2021). Pest categorisation of Amyelois transitella. EFSA Journal. 19(6): 6666;Amyelois transitella
0;North America;Abaeis nicippe;Nearctic;2024;Lotts, K., Naberhaus, T. (coords.) (2024). Butterflies and Moths of North America (Version 07082024). Available at: http://www.butterfliesandmoths.org/ ;Abaeis nicippe
0;North America;Amorbia emigratella;Nearctic;1978;Zimmerman, E. (1978). Insects of Hawaii. Vol. 9 Microlepidoptera. Part I. The University Press of Hawaii, Honolulu, Hawaii, United States of America.;Amorbia emigratella
0;North America;Amyna axis;Nearctic;2010;Pogue, M. (2010). The Acontiinae and Eustrotiinae (Lepidoptera: Noctuidae) of Great Smoky Mountains National Park. Zootaxa. 2499: 1-20;Amyna axis
0;North America;Brephidium exilis;Nearctic;2022;Calhoun, J., Smith, R. (2022). Brephidium exilis (Lycaenidae) Colonizes the Tampa Bay Area as a New Florida State Record. Southern Lepidopterists News. 44(4): 487-493;Brephidium exilis
0;North America;Bucculatrix thurberiella;Nearctic;1956;Haidari, H. (1956). The biology and control of the cotton leaf perforator. [Master of Sciences Thesis, The University of Arizona].;Bucculatrix thurberiella
0;North America;Cremastobombycia lantanella;Nearctic;1995;Palmer, W., Pullen, K. (1995). The phytophagous arthropods associated with Lantana camara, L. hirsuta, L. urticifolia, and L. urticoides (Verbenaceae) in North America. Biological Control. 5(1): 54-72;Cremastobombycia lantanella
0;North America;Acleris zimmermani;Nearctic;1978;Zimmerman, E. (1978). Insects of Hawaii. Vol. 9 Microlepidoptera. Part I. The University Press of Hawaii, Honolulu, Hawaii, United States of America.;Acleris zimmermani
0;North America;Dichomeris aenigmatica;Nearctic;1966;Krauss, N. (1966). Biological control investigations on some Hawaiian weeds. Proceedings, Hawaiian Entomological Society. 19(2): 223-231;Dichomeris aenigmatica
0;North America;Hellinsia beneficus;Nearctic;1983;Yano, K., Heppner, J. (1983). Description of Hamakua pamakani plume moth from Hawaii (Lepidoptera: Pterophoridae). Proceedings of the Hawaiian Entomological Society. 24(2): 335-341;Hellinsia beneficus
0;North America;Strymon bazochii;Nearctic;2014;Silva, N., et al. (2014). Larval biology of anthophagous Eumaeini (Lepidoptera: Lycaenidae, Theclinae) in the Cerrado of central Brazil. Journal of Insect Science. 14(184): 1-17;Strymon bazochii
0;North America;Tmolus echion;Nearctic;1934;Carter, W. (1934). Notes on two Pests of Pineapple not known in Hawaii. Proceedings of the Hawaiian Entomological Society. 8(3): 395-397;Tmolus echion
0;North America;Crocidosema lantana;Nearctic;2011;Brown, J., et al. (2011). Tortricid moths reared from the invasive weed Mexican palo verde, Parkinsonia aculeata, with comments on their host specificity, biology, geographic distribution, and systematics. Journal of Insect Science. 11: 7;Crocidosema lantana
0;North America;Batrachedra knabi;Nearctic;1966;Hodges, R. (1966). Review of New World Species of Batrachedra, with Description of Three New Genera (Lepidoptera: Gelechioidea). Transactions of the American Entomological Society. 92(4): 585-651;Batrachedra knabi
0;North America;Crocidosema aporema;Nearctic;2024;CAB International (CABI) (2024). CABI Invasive Species Compendium. Available at: https://www.cabidigitallibrary.org/product/QI;Crocidosema aporema
0;North America;Lantanophaga pusillidactylus;Nearctic;2006;Gielis, C. (2006). Review of the Neotropical species of the family Pterophoridae, part I: Ochyroticinae, Deuterocopinae, Pterophorinae (Platyptiliini, Exelastini, Oxyptilini) (Lepidoptera). Zoologische Mededelingen. 80: 1-290;Lantanophaga pusillidactylus
0;North America;Pseudopyrausta santatalis;Nearctic;2007;Zalucki, M., et al. (2007). Will biological control of Lantana camara ever succeed? Patterns, processes and prospects. Biological Control. 42: 251-261;Pseudopyrausta santatalis
0;North America;Pseudopyrausta santatalis;Nearctic;1995;Palmer, W., Pullen, K. (1995). The phytophagous arthropods associated with Lantana camara, L. hirsuta, L. urticifolia, and L. urticoides (Verbenaceae) in North America. Biological Control. 5(1): 54-72;Pseudopyrausta santatalis
0;North America;Chloridea virescens;Nearctic;2013;Pogue, M. (2013). Revised status of Chloridea Duncan and (Westwood), 1841, for the Heliothis virescens species group (Lepidoptera: Noctuidae: Heliothinae) based on morphology and three genes. Systematic Entomology. 38(3): 523-542;Chloridea virescens
0;North America;Thessalia theona;Nearctic;2016;Erenler, H., et al. (2016). Butterfly Diversity at Lost Canyon Nature Reserve, Nicaragua, including a new country record. Revista Nicaraguense de Entomologia. 106;Thessalia theona
0;North America;Erinnyis ello;Nearctic;1951;Cary, M. (1951). Distribution of Sphingidae (Lepidoptera: Heterocera) in the Antillean-Caribbean Region. Transactions of the American Entomological Society. 77(2): 63-129;Erinnyis ello
0;North America;Epinotia lantana;Nearctic;2000;Day, M., Neser, S. (2000). Factors influencing the biological control of Lantana camara in Australia and South Africa. Proceedings of the X Symposium on Biological Control of Weeds. 897-908;Epinotia lantana
0;North America;Anypsipyla univitella;Nearctic;1956;Heinrich, C. (1956). Checklist of American Phycitinae. Bulletin of the United States National Museum. 207: 316-329;Anypsipyla univitella
0;North America;Platynota stultana;Nearctic;2017;European and Mediterranean Plant Protection Organization (EPPO) (2017). Mini data sheet on Platynota stultana. EPPO Reporting Service. 1998/180, 2017/149;Platynota stultana
0;North America;Eoreuma loftini;Nearctic;2010;Hummel, N., et al. (2010). Monitoring and first discovery of the Mexican rice borer Eoreuma loftini (Lepidoptera: Crambidae) in Louisiana. Florida Entomologist. 93(1): 123-124;Eoreuma loftini
0;Europe;Coleophora striatipennella;Palearctic;2018;Richter, I. (2018). New findings of the case-bearing moths (genus Coleophora Hubner, 1822) from the Balkan Peninsula with description of two new species (Lepidoptera, Coleophoridae). Microlepidoptera.hu. 13(1): 43-52;Coleophora striatipennella
0;Europe;Chrysodeixis chalcites;Saharo-Arabian;2024;CAB International (CABI) (2024). CABI Invasive Species Compendium. Available at: https://www.cabidigitallibrary.org/product/QI;Chrysodeixis chalcites
0;Europe;Eupithecia phoeniceata;Saharo-Arabian;2007;de Prins, W. (2007). Interessante waarnemingen van Lepidoptera in Belgie in 2006 (Lepidoptera). Phegea. 35(1): 1-20;Eupithecia phoeniceata
0;Europe;Selania leplastriana;Saharo-Arabian;1997;Farrugia, C. (1997). Insect Pests on Cauliflower (Brassica oleracea Var. Botrytis) in Gozo (Maltese Islands, Central Mediterranean). The Central Mediterranean Naturalist. 2(4): 152-165;Selania leplastriana
0;Europe;Pieris rapae;Saharo-Arabian;2010;van Swaay, C., et al. (2010). Pieris rapae (Europe assessment). The IUCN Red List of Threatened Species. 2010: e.T174353A7056010;Pieris rapae
0;Europe;Pieris rapae;Saharo-Arabian;2014;van Swaay, C., et al. (2014). Pieris rapae (Mediterranean assessment). The IUCN Red List of Threatened Species. 2014: e.T174353A53720063;Pieris rapae
0;Europe;Euplexia lucipara;Saharo-Arabian;2018;Amer, A., et al. (2018). Review of subfamily: Xyleninae of Egypt (Lepidoptera, Noctuidae). Egyptian Academic Journal of Biological Sciences. 11(5): 103-125;Euplexia lucipara
0;Europe;Pararge aegeria;Saharo-Arabian;2010;van Swaay, C., et al. (2010). Pararge aegeria (Europe assessment). The IUCN Red List of Threatened Species. 2010: e.T174214A7029860;Pararge aegeria
0;Europe;Pararge aegeria;Saharo-Arabian;2014;van Swaay, C., et al. (2014). Pararge aegeria (Mediterranean assessment). The IUCN Red List of Threatened Species. 2014: e.T174214A53719848;Pararge aegeria
0;Europe;Eucosma cana;Saharo-Arabian;2007;Khramov, P. (Ed.) (2007). Insecta.pro: international entomological community. Available online at: https://insecta.pro;Eucosma cana
0;Europe;Anthophila nemorana;Saharo-Arabian;2014;de Prins, W., et al. (2014). Choreutis nemorana (Lepidoptera: Choreutidae) well established in Belgium. Phegea. 42(2): 29-32;Anthophila nemorana
0;Europe;Aglossa caprealis;Saharo-Arabian;2007;Khramov, P. (Ed.) (2007). Insecta.pro: international entomological community. Available online at: https://insecta.pro;Aglossa caprealis
0;Europe;Autographa gamma;Saharo-Arabian;2007;Sullivan, M., Molet, T. (2007). CPHST Pest Datasheet for Autographa gamma (Revised January 2014). USDA-APHIS-PPQ-CPHST.;Autographa gamma
0;Europe;Cryptoblabes gnidiella;Saharo-Arabian;2024;CAB International (CABI) (2024). CABI Invasive Species Compendium. Available at: https://www.cabidigitallibrary.org/product/QI;Cryptoblabes gnidiella
0;Europe;Aglossa pinguinalis;Saharo-Arabian;2007;Khramov, P. (Ed.) (2007). Insecta.pro: international entomological community. Available online at: https://insecta.pro;Aglossa pinguinalis
0;Europe;Lampides boeticus;Saharo-Arabian;2021;Edge, D., Westrip, J. (2021). Lampides boeticus. The IUCN Red List of Threatened Species 2021: e.T174427A161341394;Lampides boeticus
0;Europe;Vanessa cardui;Saharo-Arabian;2020;Walker, A., Coetzer, A. (2020). Vanessa cardui. The IUCN Red List of Threatened Species. 2020: e.T174379A161326679;Vanessa cardui
0;Europe;Bactra venosana;Saharo-Arabian;2007;Khramov, P. (Ed.) (2007). Insecta.pro: international entomological community. Available online at: https://insecta.pro;Bactra venosana
0;Europe;Vanessa atalanta;Saharo-Arabian;2020;Walker, A. (2020). Vanessa atalanta. The IUCN Red List of Threatened Species. 2020: e.T174225A172421220;Vanessa atalanta
0;Europe;Danaus chrysippus;Saharo-Arabian;2021;Westrip, J. (2021). Danaus chrysippus (errata version published in 2022). The IUCN Red List of Threatened Species. 2021: e.T174455A222994680;Danaus chrysippus
0;Europe;Phycita diaphana;Saharo-Arabian;2015;Zilli, A., Pavesi, F. (2015). new or little known Pyraloids from Italy (Lepidoptera: Pyraloidea). Phegea. 43(3): 81-96;Phycita diaphana
0;Europe;Amphipyra tragopoginis;Saharo-Arabian;2007;Khramov, P. (Ed.) (2007). Insecta.pro: international entomological community. Available online at: https://insecta.pro;Amphipyra tragopoginis
0;Europe;Anarsia lineatella;Saharo-Arabian;2007;Khramov, P. (Ed.) (2007). Insecta.pro: international entomological community. Available online at: https://insecta.pro;Anarsia lineatella
0;Europe;Archips rosana;Saharo-Arabian;2007;Khramov, P. (Ed.) (2007). Insecta.pro: international entomological community. Available online at: https://insecta.pro;Archips rosana
0;Europe;Batia lunaris;Saharo-Arabian;2007;Khramov, P. (Ed.) (2007). Insecta.pro: international entomological community. Available online at: https://insecta.pro;Batia lunaris
0;Europe;Clepsis consimilana;Saharo-Arabian;2007;Khramov, P. (Ed.) (2007). Insecta.pro: international entomological community. Available online at: https://insecta.pro;Clepsis consimilana
0;Europe;Clepsis spectrana;Saharo-Arabian;2007;Khramov, P. (Ed.) (2007). Insecta.pro: international entomological community. Available online at: https://insecta.pro;Clepsis spectrana
0;Europe;Cnephasia longana;Saharo-Arabian;2007;Khramov, P. (Ed.) (2007). Insecta.pro: international entomological community. Available online at: https://insecta.pro;Cnephasia longana
0;Europe;Depressaria depressana;Saharo-Arabian;2007;Khramov, P. (Ed.) (2007). Insecta.pro: international entomological community. Available online at: https://insecta.pro;Depressaria depressana
0;Europe;Duponchelia fovealis;Saharo-Arabian;2024;CAB International (CABI) (2024). CABI Invasive Species Compendium. Available at: https://www.cabidigitallibrary.org/product/QI;Duponchelia fovealis
0;Europe;Enarmonia formosana;Saharo-Arabian;2024;CAB International (CABI) (2024). CABI Invasive Species Compendium. Available at: https://www.cabidigitallibrary.org/product/QI;Enarmonia formosana
0;Europe;Anania hortulata;Saharo-Arabian;2007;Khramov, P. (Ed.) (2007). Insecta.pro: international entomological community. Available online at: https://insecta.pro;Anania hortulata
0;Europe;Caradrina clavipalpis;Saharo-Arabian;2007;Khramov, P. (Ed.) (2007). Insecta.pro: international entomological community. Available online at: https://insecta.pro;Caradrina clavipalpis
0;Asia;Erionota torus;Oriental;2024;CAB International (CABI) (2024). CABI Invasive Species Compendium. Available at: https://www.cabidigitallibrary.org/product/QI;Erionota torus
0;Asia;Papilio xuthus;Oriental;2024;Inayoshi, Y. (2024). A Check List of Butterflies in Indo-China - Chiefly from Thailand, Laos and Vietnam. Available at: https://yutaka.it-n.jp/index.html;Papilio xuthus
0;Asia;Tyta luctuosa;Palearctic;1988;Rosenthal, S., et al. (1988). Biology of Tyta luctuosa [Lep.: Noctuidae] and its potential value as a biological control agent for the weed Convolvulus arvensis. Entomophaga. 33: 185-192;Tyta luctuosa
0;Asia;Eupithecia lariciata;Palearctic;2014;Mironov, V., Galsworthy, A. (2014). A survey of Eupithecia Curtis, 1825 (Lepidoptera, Geometridae, Larentiinae) in Mongolia with descriptions of two new species. Zootaxa. 3774(2): 101-130;Eupithecia lariciata
0;Asia;Aproaerema polychromella;Palearctic;2010;Junnilainen, J., et al. (2010). The gelechiid fauna of the southern Ural Mountains, part II: list of recorded species with taxonomic notes (Lepidoptera: Gelechiidae). Zootaxa. 2367(1): 1-68;Aproaerema polychromella
0;Asia;Cydia coniferana;Palearctic;2007;Powell, N. (2007). First report of the Palearctic species Cydia coniferana (Tortricidae) in the western United States. Journal of the Lepidopterists Society. 61(3): 172-175;Cydia coniferana
0;Asia;Cydia coniferana;Palearctic;2021;Goglia, L. (2021). Faunistic Notes on Lepidoptera Tortricidae from Calabria (South Italy) - Contribution to the knowledge of the Lepidoptera Tortricidae fauna of Mediterranean ecosystems. [PhD Thesis, Universita degli Studi della Tuscia and Universita degli Studi del Molise].;Cydia coniferana
0;Africa;Sesamia calamistis;Oceanina;1953;Tams, W., Bowden, J. (1953). A revision of the African species of Sesamia Guenee and related genera (Agrotidae-Lepidoptera). Bulletin of Entomological Research. 43(4): 645-678;Sesamia calamistis
0;Africa;Earias biplaga;Oceanina;2016;de Prins, W., Mazzei, P. (2016). Some faunistic notes on selected moth species (Lepidoptera) from the Seychelles. Phelsuma. 24: 21-34;Earias biplaga
0;Africa;Opogona sacchari;Oceanina;2024;CAB International (CABI) (2024). CABI Invasive Species Compendium. Available at: https://www.cabidigitallibrary.org/product/QI;Opogona sacchari
0;Africa;Callopistria maillardi;Oceanina;2024;de Prins, J., de Prins, W. (2024). Afromoths, online database of Afrotropical moth species (Lepidoptera). Available at: http://www.afromoths.net;Callopistria maillardi
0;Africa;Spodoptera mauritia;Oceanina;1956;Fletcher, D. (1956). Spodoptera mauritia (Boisduval) and S. triturata (Walker), two distinct species. Bulletin of Entomological Research. 47(2): 215-217;Spodoptera mauritia
0;Africa;Thaumatotibia leucotreta;Oceanina;2024;CAB International (CABI) (2024). CABI Invasive Species Compendium. Available at: https://www.cabidigitallibrary.org/product/QI;Thaumatotibia leucotreta
0;Africa;Danaus chrysippus;Oceanina;2021;Westrip, J. (2021). Danaus chrysippus (errata version published in 2022). The IUCN Red List of Threatened Species. 2021: e.T174455A222994680;Danaus chrysippus
0;Asia;Tiracola plagiata;Oriental;2012;Edwards, E. (2012). Report on the moths and butterflies (lepidoptera) of Upland Savaii. In: Atherton, J., Jefferies, B. (Eds.). (2012). Rapid Biodiversity Assessment of Upland savaii, Samoa.;Tiracola plagiata
0;Asia;Brachycyttarus griseus;Oriental;1994;Waterhouse, D. (1994). Biological Control of Weeds: Southeast Asian Prospects. Australian Centre for International Agricultural Research - ACIAR. Camberra, Australia;Brachycyttarus griseus
0;North America;Antichloris viridis;Panamanian;2024;Savela, M. (2024). Lepidoptera and some other life forms. Available at: https://ftp.funet.fi/index/Tree_of_life/intro.html;Antichloris viridis
0;Oceania;Tiracola plagiata;Oceanina;2012;Edwards, E. (2012). Report on the moths and butterflies (lepidoptera) of Upland Savaii. In: Atherton, J., Jefferies, B. (Eds.). (2012). Rapid Biodiversity Assessment of Upland savaii, Samoa.;Tiracola plagiata
0;Europe;Lithophane leautieri;Palearctic;1999;de Vos, R. (1999). Trekvlinders in 1998 (negenenvijftigste jaarverslag) (Lepidoptera). Entomologische berichten. 59: 173-185;Lithophane leautieri
0;Europe;Thaumetopoea processionea;Palearctic;2012;Groenen, F., Meurisse, N. (2012). Historical distribution of the oak processionary moth Thaumetopoea processionea in Europe suggests recolonization instead of expansion. Agricultural and Forest Entomology. 14(2): 147-155;Thaumetopoea processionea
0;South America;Anomis erosa;Neotropical;1883;Grote, A. (1883). Introduction to a Study of the North American Noctuidae. Proceedings of the American Philosophical Society. 21(114): 134-176;Anomis erosa
0;Asia;Antheraea paphia;Sino-Japanese;2016;Peigler, R., Naumann, S. (2016) What exactly is Antheraea paphia (Linnaeus, 1758)? (Lepidoptera, Saturnidae). Atalanta. 47(3): 500-520;Antheraea paphia
0;Asia;Hasora badra;Sino-Japanese;2022;Sajan, K., Sapkota, A. (2022). Additional distribution records of butterflies (Lepidoptera: Rhopalocera) with seven species new to Nepal. Biodiversitas. 23(5): 2711-2738;Hasora badra
0;Asia;Erionota torus;Sino-Japanese;2024;CAB International (CABI) (2024). CABI Invasive Species Compendium. Available at: https://www.cabidigitallibrary.org/product/QI;Erionota torus
0;Asia;Chilo partellus;Sino-Japanese;1990;Harris, K. (1990). Keynote address: bioecology of Chilo species. International Journal of Tropical Insect Science. 11(4): 467-477;Chilo partellus
0;Australia;Dryadaula pactolia;Australian;2006;Yeates, G., Williams, P. (2006). Export of plant and animal species from an insular biota. In: Allen, R., Lee, W. (eds) (2006). Biological Invasions in New Zealand. Springer, Berlin, Germany. 85-100;Dryadaula pactolia
0;Oceania;Praeacedes atomosella;Oceanina;2020;Roy, D., et al. (2020). DAISIE - Delivering Alien Invasive Species Inventories for Europe. Available at: http://www.europe-aliens.org/;Praeacedes atomosella
0;Oceania;Ctenoplusia albostriata;Australian;1985;Holloway, J. (1985). Moths of Borneo 14. Family Noctuidae. Subfamily: Euteliinae, Stictopterinae, Plusinae, Pantheinae. Malayan Nature Journal. Available at: https://www.mothsofborneo.com/part-14/index.htm;Ctenoplusia albostriata
0;Oceania;Glyphodes onychinalis;Australian;2008;Solis, M. (2008). New sightings of Glyphodes onychinalis (Guenee)(Pyraloidea: Crambidae: Spilomelinae), a recent arrival to the United States with a description of the larva reared on oleander (Nerium sp.) in California. News of the Lepidopterists Society. 50(3): 79-80;Glyphodes onychinalis
0;Oceania;Monopis meliorella;Australian;1978;Zimmerman, E. (1978). Insects of Hawaii. Vol. 9 Microlepidoptera. Part I. The University Press of Hawaii, Honolulu, Hawaii, United States of America.;Monopis meliorella
0;Oceania;Spodoptera litura;Australian;2019;Jung, J., et al. (2019). Effect of climate change on the potential distribution of the common cutworm (Spodoptera litura) in South Korea. Entomological Research. 49(12): 519-528;Spodoptera litura
0;Oceania;Agrotis ipsilon;Australian;1997;Showers, W. (1997). Migratory Ecology of the Black Cutworm. Annual Review of Entomology. 42: 393-425;Agrotis ipsilon
0;Oceania;Lampides boeticus;Australian;2021;Edge, D., Westrip, J. (2021). Lampides boeticus. The IUCN Red List of Threatened Species 2021: e.T174427A161341394;Lampides boeticus
0;Oceania;Diplopseustis perieresalis;Australian;2006;Speidel, W., et al. (2006). The exotic pyraloid moth Diplopseustis perieresalis (Walker) expanding in the West Palaearctic Region (Crambidae: Spilomelinae). Nota Lepiderologica. 29(3): 185-192;Diplopseustis perieresalis
0;Oceania;Danaus plexippus;Australian;2022;Walker, A., et al. (2022). Danaus plexippus (errata version published in 2022). The IUCN Red List of Threatened Species. 2022: e.T159971A219149911;Danaus plexippus
0;Oceania;Pseudocoremia suavis;Australian;2004;Berndt, L., et al. (2004). Biology and rearing of Pseudocoremia suavis, an endemic looper (Lepidoptera: Geometridae) with a history of outbreaks on exotic conifers. New Zealand Entomologist. 27(1): 73-82;Pseudocoremia suavis
0;Oceania;Chrysodeixis eriosoma;Australian;1979;Roberts, L. (1979). Biology of Chrysodeixis eriosoma (Lepidoptera: Noctuidae) in New Zealand. New Zealand Entomologist. 7(1): 52-58;Chrysodeixis eriosoma
0;Oceania;Chrysodeixis eriosoma;Australian;2024;de Prins, J., de Prins, W. (2024). Afromoths, online database of Afrotropical moth species (Lepidoptera). Available at: http://www.afromoths.net;Chrysodeixis eriosoma
0;Oceania;Helicoverpa armigera;Australian;2017;Tay, W., et al. (2017). Mitochondrial DNA and trade data support multiple origins of Helicoverpa armigera (Lepidoptera, Noctuidae) in Brazil. Scientific Reports. 7: 45302;Helicoverpa armigera
0;Oceania;Cnaphalocrocis poeyalis;Oceanina;2025;PaDIL (2025). The Pest and Disease Image Library (PaDIL). Available at: https://www.padil.gov.au/;Cnaphalocrocis poeyalis
0;Asia;Papilio demodocus;Saharo-Arabian;2024;CAB International (CABI) (2024). CABI Invasive Species Compendium. Available at: https://www.cabidigitallibrary.org/product/QI;Papilio demodocus
0;Oceania;Chilo infuscatellus;Oriental;2024;Li, A., et al. (2024). Sugarcane borers: species, distribution, damage and management options. Journal of Pest Science. 97(3): 1171-1201;Chilo infuscatellus
0;Asia;Apamea remissa;Saharo-Arabian;2011;Gyulai, P., et al. (2011) New Noctuidae species from China and the Himalayas (Lepidoptera, Noctuoidea). Esperiana. 16: 166-197;Apamea remissa
0;Asia;Apamea remissa;Oriental;2011;Gyulai, P., et al. (2011) New Noctuidae species from China and the Himalayas (Lepidoptera, Noctuoidea). Esperiana. 16: 166-197;Apamea remissa
0;Asia;Deilephila elpenor;Saharo-Arabian;2013;Hanif, H., et al. (2013). First record of Deilephila elpenor L. moth from Chakwal Punjab Pakistan. International Journal of Fauna and Biological Studies. 3(2): 10-13;Deilephila elpenor
0;Asia;Euproctis fraterna;Saharo-Arabian;2016;Nizamani, I., et al. (2016).  Screening Of Jujube Varieties Against Euproctis Fraterna Moore. Science International-Lahore. 28(1): 447-453;Euproctis fraterna
0;Asia;Pygospila tyres;Saharo-Arabian;2022;Kalawate, A., et al. (2022). First Indian DNA barcode record for the moth species Pygospila tyres (Cramer, 1780) (Lepidoptera: Crambidae: Spilomelinae) distributed in Asia and Australia. Journal of Threatened Taxa. 14(2): 20637-20642;Pygospila tyres
0;Asia;Earias cupreoviridis;Saharo-Arabian;1965;Gentry, J. (1965). Crop insects of northeast Africa-southwest Asia (No. 273). Agricultural Research Service, US Department of Agriculture.;Earias cupreoviridis
0;Asia;Spodoptera litura;Saharo-Arabian;2019;Jung, J., et al. (2019). Effect of climate change on the potential distribution of the common cutworm (Spodoptera litura) in South Korea. Entomological Research. 49(12): 519-528;Spodoptera litura
0;Asia;Papilio polytes;Saharo-Arabian;2013;"Halloran, K., Wason, E. (2013). ""Papilio polytes"" (On-line), Animal Diversity Web. University of Michigan. Michigan, United States of America. Available at: https://animaldiversity.org/accounts/Papilio_polytes/";Papilio polytes
0;Asia;Tinea translucens;Saharo-Arabian;2010;Lopez-Vaamonde, C., et al. (2010). Lepidoptera. Chapter 11. BioRisk. 4: 603-668;Tinea translucens
0;Asia;Tinea translucens;Oriental;2010;Lopez-Vaamonde, C., et al. (2010). Lepidoptera. Chapter 11. BioRisk. 4: 603-668;Tinea translucens
0;Asia;Trilocha varians;Saharo-Arabian;2021;Ramzan, M., et al. (2021). Distribution, biology and management strategies about a less studied insect pest (Trilocha varians) of Ficus: a review. Pakistan Journal of Agricultural Research. 34(3): 638-642;Trilocha varians
0;Asia;Aproaerema modicella;Saharo-Arabian;1993;Shanower, T., et al. (1993). Biology and control of the groundnut leafminer, Aproaerema modicella (Deventer)(Lepidoptera: Gelechiidae). Crop Protection. 12(1): 3-10;Aproaerema modicella
0;Asia;Theretra latreillii;Saharo-Arabian;2014;Rafi, M., et al. (2014). The Hawkmoth Fauna of Pakistan (Lepidoptera: Sphingidae). Zootaxa. 3794(3): 393-418;Theretra latreillii
0;Asia;Leucinodes orbonalis;Saharo-Arabian;2015;Mally, R., et al. (2015). Discovery of an unknown diversity of Leucinodes species damaging Solanaceae fruits in sub-Saharan Africa and moving in trade (Insecta, Lepidoptera, Pyraloidea). ZooKeys. 472: 117-162;Leucinodes orbonalis
0;Asia;Cryptoblabes gnidiella;Oriental;2024;CAB International (CABI) (2024). CABI Invasive Species Compendium. Available at: https://www.cabidigitallibrary.org/product/QI;Cryptoblabes gnidiella
0;Asia;Chilo suppressalis;Saharo-Arabian;2024;CAB International (CABI) (2024). CABI Invasive Species Compendium. Available at: https://www.cabidigitallibrary.org/product/QI;Chilo suppressalis
0;Asia;Callopistria maillardi;Saharo-Arabian;2024;de Prins, J., de Prins, W. (2024). Afromoths, online database of Afrotropical moth species (Lepidoptera). Available at: http://www.afromoths.net;Callopistria maillardi
0;Asia;Ascalenia acaciella;Oriental;2006;Koster, S., Sammut, P. (2006). Faunistic notes on Momphidae, Batrachedridae, Stathmopodidae and Cosmopterigidae from the Maltese Islands. Nota lepidopterologica. 29(1): 49-63;Ascalenia acaciella
0;Asia;Parapoynx diminutalis;Saharo-Arabian;1989;Buckingham, G., Bennett, C. (1989). Laboratory host range of Parapoynx diminutalis (Lepidoptera: Pyralidae), an Asian aquatic moth adventive in Florida and Panama on Hydrilla verticillata (Hydrocharitaceae). Environmental Entomology. 18(3): 526-530;Parapoynx diminutalis
0;Asia;Diaphania indica;Saharo-Arabian;2018;Dai, L., et al. (2018). Mitochondrial genome of Diaphania indica (saunders)(Lepidoptera: Pyraloidea) and implications for its phylogeny. International Journal of Biological Macromolecules. 108: 981-989;Diaphania indica
0;Asia;Earias vittella;Saharo-Arabian;2014;Kravchenko, V.,et al. (2014). Seven invasive owlet moths (Lepidoptera: Noctuidae) in Israel and their potential parasitoids (Hymenoptera: Chalcidoidea). Phytoparasitica. 42: 333-339;Earias vittella
0;Asia;Coleophora klimeschiella;Saharo-Arabian;1976;Khan, A., Baloch, G. (1976). Coleophora klimeschiella [Lep.: Coleophoridae] a promising biocontrol agent for russian thistles, Salsola spp. Entomophaga. 21(4): 425-428;Coleophora klimeschiella
0;Asia;Coleophora klimeschiella;Oriental;1976;Khan, A., Baloch, G. (1976). Coleophora klimeschiella [Lep.: Coleophoridae] a promising biocontrol agent for russian thistles, Salsola spp. Entomophaga. 21(4): 425-428;Coleophora klimeschiella
0;Asia;Zizina otis;Saharo-Arabian;2017;Mengal, F., et al. (2017). Faunistics of Butterflies (Lepidoptera: Rephalocera) with some new records from Quetta, Bolochistan, Pakistan. University of Sindh Journal of Animal Sciences. 3(1): 26-35;Zizina otis
0;Asia;Zizina otis;Oriental;2017;Mengal, F., et al. (2017). Faunistics of Butterflies (Lepidoptera: Rephalocera) with some new records from Quetta, Bolochistan, Pakistan. University of Sindh Journal of Animal Sciences. 3(1): 26-35;Zizina otis
0;Asia;Coleophora parthenica;Oriental;1990;Muller, H., Goeden, R. (1990). Parasitoids acquired by Coleophora parthenica [Lepidoptera: Coleophoridae] ten years after its introduction into southern California for the biological control of Russian thistle. Entomophaga. 35: 257-268;Coleophora parthenica
0;Asia;Coleophora parthenica;Oriental;1990;Muller, H., et al. (1990). Natural enemies and host-plant asynchrony contributing to the failure of the introduced moth, Coleophora parthenica Meyrick (Lepidoptera: Coleophoridae), to control Russian thistle. Agriculture, Ecosystems and Environment. 32(1): 133-142;Coleophora parthenica
0;Asia;Coleophora parthenica;Saharo-Arabian;1990;Muller, H., Goeden, R. (1990). Parasitoids acquired by Coleophora parthenica [Lepidoptera: Coleophoridae] ten years after its introduction into southern California for the biological control of Russian thistle. Entomophaga. 35: 257-268;Coleophora parthenica
0;Asia;Coleophora parthenica;Saharo-Arabian;1990;Muller, H., et al. (1990). Natural enemies and host-plant asynchrony contributing to the failure of the introduced moth, Coleophora parthenica Meyrick (Lepidoptera: Coleophoridae), to control Russian thistle. Agriculture, Ecosystems and Environment. 32(1): 133-142;Coleophora parthenica
0;North America;Thecla megarus;Panamanian;2014;Gilligan, T., Passoa, S. (2014). LepIntercept - An identification resource for intercepted Lepidoptera larvae. Available at: https://idtools.org/id/lepintercept/strymon.html;Thecla megarus
0;North America;Sibine apicalis;Panamanian;2023;Pardey, A. (2023). 29. El gusano monturita, Acharia apicalis (Dyar, 1900), en palma de aceite. In: Centro de Investigacion en Palma de Aceite, C. (2023). Manejo de plagas para una palmicultura sostenible en Colombia Elaeis guineensis e hibrido OxG. Centro de Investigacion en Palma de Aceite, Cenipalma. 9789588360867;Sibine apicalis
0;North America;Comotia torsicornis;Panamanian;1914;Dyar, H. (1914). Description of new species of lepidoptera from Mexico. Proceedings of th United States National Museum. 47: 365-409;Comotia torsicornis
0;South America;Acrolepia jaspidata;Neotropical;2016;Gaedike, R. (2016). New and poorly known Acrolepiinae from the Palaearctic, Afrotropical, Neotropical and Oriental regions (Lepidoptera: Glyphipterigidae). Contributions to Entomology. 66(2): 257-264;Acrolepia jaspidata
0;South America;Helicoverpa titicacae;Neotropical;2020;Santander, F., et al. (2020). Primer registro de Helicoperva titicacae (Hardwick)(Lepidoptera: Noctuidae) en Chile. Revista Chilena de Entomologia. 46(1): 121-124;Helicoverpa titicacae
0;South America;Homoeographa lanceolella;Neotropical;2016;Vargas, H. (2016). Primer registro de Homoeographa lanceolella Ragonot (Lepidoptera: Pyralidae: Phycitinae) en Chile. Gayana (Concepcion). 80(2): 201-203;Homoeographa lanceolella
0;South America;Phthorimaea absoluta;Neotropical;2018;Biondi, A., et al. (2018). Ecology, worldwide spread, and management of the invasive South American tomato pinworm, Tuta absoluta: past, present, and future. Annual review of entomology. 63(1): 239-258;Phthorimaea absoluta
0;South America;Bucculatrix thurberiella;Neotropical;1956;Haidari, H. (1956). The biology and control of the cotton leaf perforator. [Master of Sciences Thesis, The University of Arizona].;Bucculatrix thurberiella
0;Asia;Hasora badra;Oriental;1993;de Jong, R., Treadaway, C. (1993). The Hesperiidae (lepidoptera) of the Philippines. Zoologische Verhandelingen. 288(1): 1-125;Hasora badra
0;Asia;Appias lyncida;Oriental;2017;Hardy, P., Lawrence, J. (2017). Field guide to butterflies of the Philippines. Siri Scientific Press.;Appias lyncida
0;Asia;Parapoynx diminutalis;Oriental;1996;Buckingham, G., Bennett, C. (1996). Laboratory biology of an immigrant Asian moth, Parapoynx diminutalis (Lepidoptera: Pyralidae), on Hydrilla verticillata (Hydrocharitaceae). Florida Entomologist. 79(3): 353-353;Parapoynx diminutalis
0;Asia;Bocchoris fatualis;Oriental;2003;Melastome, A., et al. (2003). Melastoma candidum. Pacific Island Ecosystems at Risk (PIER) Report. 6pp;Bocchoris fatualis
0;Oceania;Chilo infuscatellus;Oceanina;2024;Li, A., et al. (2024). Sugarcane borers: species, distribution, damage and management options. Journal of Pest Science. 97(3): 1171-1201;Chilo infuscatellus
0;Oceania;Conopomorpha cramerella;Oceanina;2024;de Prins, J., de Prins, W. (2024). Global Taxonomic Database of Gracillariidae (Lepidoptera). Avaliable at: http://www.gracillariidae.net;Conopomorpha cramerella
0;Oceania;Borbo cinnara;Oceanina;2024;Inayoshi, Y. (2024). A Check List of Butterflies in Indo-China - Chiefly from Thailand, Laos and Vietnam. Available at: https://yutaka.it-n.jp/index.html;Borbo cinnara
0;Oceania;Zizula hylax;Oceanina;2013;Fric, Z., Hula, V. (2013).  Zizula hylax (Fabricius, 1775) new butterfly species for Socotra (Lepidoptera: Lycaenidae). SHILAP Revista de Lepidopterologia. 41(164): 571-575;Zizula hylax
0;Oceania;Pectinophora fusculella;Oceanina;1900;Pagenstecher, A. (1900). Die Lepidopterenfauna des Bismarckarchipels. Mit Berucksichtigung der thiergeographischen und biologischen Verhaltnisse systematisch dargestellt.  Zoologica. 12(29);Pectinophora fusculella
0;Oceania;Acherontia lachesis;Oceanina;2024;Pittaway, A., Kitching, I. (2024). Sphingidae of the Eastern Palaearctic (including Siberia, the Russian Far East, Mongolia, China, Taiwan, the Korean Peninsula and Japan). Available at: https://tpittaway.tripod.com/china/china.htm;Acherontia lachesis
0;Oceania;Hypolimnas misippus;Oceanina;2021;Coetzer, A., Westrip, J. (2021). Hypolimnas misippus. The IUCN Red List of Threatened Species 2021: e.T62148588A161331411;Hypolimnas misippus
0;Oceania;Papilio demoleus;Oceanina;2020;Riaz, S., et al. (2020). Morphology, life cycle and management of two invasive subspecies of Papilio demoleus (Lepidoptera: Papilionidae): A review. Journal of Applied Entomology. 144: 845-856;Papilio demoleus
0;Oceania;Ostrinia furnacalis;Oceanina;1991;Nafus, D., Schreiner, I. (1991). Review of the biology and control of the Asian corn borer, Ostrinia furnacalis (Lep: Pyralidae). International Journal of Pest Management. 37(1): 41-56;Ostrinia furnacalis
0;Oceania;Pygospila tyres;Oceanina;2022;Kalawate, A., et al. (2022). First Indian DNA barcode record for the moth species Pygospila tyres (Cramer, 1780) (Lepidoptera: Crambidae: Spilomelinae) distributed in Asia and Australia. Journal of Threatened Taxa. 14(2): 20637-20642;Pygospila tyres
0;Oceania;Omphisa anastomosalis;Oceanina;1958;Zimmerman, E. (1958). Insects of Hawaii. Volume 8, Lepidoptera: Pyraloidea. Hawaii: University of Hawaii Press, Honolulu, Hawaii, United States of America.;Omphisa anastomosalis
0;Oceania;Pericyma cruegeri;Oceanina;2020;Ekka, R., et al. (2020). Outbreak of Poinciana looper moth, Pericyma cruegeri (Butler)(Lepidoptera: Erebidae) in the Korba district of Chhattisgarh. Journal of Pharmacognosy and Phytochemistry. 9(4S): 704-709;Pericyma cruegeri
0;Oceania;Blastobasis inana;Oceanina;1978;Zimmerman, E. (1978). Insects of Hawaii. Vol. 9 Microlepidoptera. Part II. The University Press of Hawaii, Honolulu, Hawaii, United States of America.;Blastobasis inana
0;Oceania;Rhynchopalpus brunella;Oceanina;2019;Joshi, R., et al. (2019). An updated checklist of subfamily Nolinae (Lepidoptera, Nolidae) from India. Records of the Zoological Survey of India. 119(3): 263-281;Rhynchopalpus brunella
0;Oceania;Agonoxena pyrogramma;Oceanina;1984;Clarke, B., Gates-Clarke, J. (1984). Insects of Micronesia, Microlepidoptera: Gelechioidea. Insects of Micronesia. 9(2): 145-155;Agonoxena pyrogramma
0;Oceania;Theretra latreillii;Oceanina;2014;Rafi, M., et al. (2014). The Hawkmoth Fauna of Pakistan (Lepidoptera: Sphingidae). Zootaxa. 3794(3): 393-418;Theretra latreillii
0;Oceania;Callopistria maillardi;Oceanina;2024;de Prins, J., de Prins, W. (2024). Afromoths, online database of Afrotropical moth species (Lepidoptera). Available at: http://www.afromoths.net;Callopistria maillardi
0;Oceania;Chrysodeixis eriosoma;Oceanina;2024;de Prins, J., de Prins, W. (2024). Afromoths, online database of Afrotropical moth species (Lepidoptera). Available at: http://www.afromoths.net;Chrysodeixis eriosoma
0;Oceania;Grapholita delineana;Oceanina;2012;Byun, B., et al. (2012). A review of the genus Grapholita (Lepidoptera, Tortricidae) in North Korea. Animal Systematics, Evolution and Diversity. 28(4): 291-296;Grapholita delineana
0;Oceania;Athetis nonagrica;Oceanina;2024;Holloway, J. (2024). Moths of Borneo 12. Family Notuidae, Trifine. Subfamilies: Noctuinae, Heliothinae, Hadeninae, Acronictinae, Amphipyrinae, Agaristinae. Southdene Sdn. Available at: https://www.mothsofborneo.com/part-12/index.htm;Athetis nonagrica
0;Oceania;Lamprosema chagosalis;Oceanina;2015;Hayden, J., Troubridge, J. (2015). Nacoleia charesalis (Walker) spreading in Florida. News of the Lepidopterists Society. 57(1): 8-10;Lamprosema chagosalis
0;Europe;Cochylis atricapitana;Palearctic;2013;Turner, S., Cesselli, S. (2013). Operational field guide to the establishment of tansy ragwort biocontrol agents in British Columbia. Victoria, British Columbia, Canada.;Cochylis atricapitana
0;Asia;Tiracola plagiata;Palearctic;2024;Holloway, J. (2024). Moths of Borneo 12. Family Notuidae, Trifine. Subfamilies: Noctuinae, Heliothinae, Hadeninae, Acronictinae, Amphipyrinae, Agaristinae. Southdene Sdn. Available at: https://www.mothsofborneo.com/part-12/index.htm;Tiracola plagiata
0;Europe;Mythimna unipuncta;Palearctic;2024;CAB International (CABI) (2024). CABI Invasive Species Compendium. Available at: https://www.cabidigitallibrary.org/product/QI;Mythimna unipuncta
0;Europe;Blastobasis vittata;Palearctic;2004;Karsholt, O., Sinev, S. (2004). Contribution to the Lepidoptera fauna of the Madeira Islands Part 4. Blastobasidae. Beitrage zur Entomologie. 54(2): 387-463;Blastobasis vittata
0;Europe;Cadra calidella;Palearctic;1968;Prevett, P. (1968). Some laboratory observations on the life-cycle of Cadra calidella (Guen.)(Lepidoptera: Phycitidae). Journal of Stored Products Research. 4(3): 233-238;Cadra calidella
0;Europe;Clavigesta sylvestrana;Palearctic;2020;Corley, M., et al. (2020). New and interesting Portuguese Lepidoptera records from 2019 (Insecta: Lepidoptera). SHILAP Revista de Lepidopterologia. 48(192): 609-641;Clavigesta sylvestrana
0;Europe;Pempelia genistella;Palearctic;1996;Yoshioka, E., Conant, P. (1996). Biological control of gorse in Hawaii. Proceedings of the IX International Symposium on Biological Control of Weeds. 371-375;Pempelia genistella
0;Europe;Blastobasis adustella;Palearctic;2009;de Prins, W., et al. (2009). Blastobasis adustella (Lepidoptera: Coleophoridae, Blastobasinae), new to the Belgian list. Phegea. 37(3): 111-118;Blastobasis adustella
0;Europe;Blastobasis decolorella;Palearctic;2004;Karsholt, O., Sinev, S. (2004). Contribution to the Lepidoptera fauna of the Madeira Islands Part 4. Blastobasidae. Beitrage zur Entomologie. 54(2): 387-463;Blastobasis decolorella
0;Europe;Blastobasis lacticolella;Palearctic;2004;Karsholt, O., Sinev, S. (2004). Contribution to the Lepidoptera fauna of the Madeira Islands Part 4. Blastobasidae. Beitrage zur Entomologie. 54(2): 387-463;Blastobasis lacticolella
0;Europe;Blastobasis rebeli;Palearctic;2004;Karsholt, O., Sinev, S. (2004). Contribution to the Lepidoptera fauna of the Madeira Islands Part 4. Blastobasidae. Beitrage zur Entomologie. 54(2): 387-463;Blastobasis rebeli
0;Europe;Coleophora colutella;Palearctic;2006;Corley, M., et al. (2006). Miscellaneous additions to the Lepidoptera of Portugal (Insecta: Lepidoptera). SHILAP Revista de Lepidopterologia. 34(136): 407-427;Coleophora colutella
0;Africa;Blastobasis marmorosella;Palearctic;2004;Karsholt, O., Sinev, S. (2004). Contribution to the Lepidoptera fauna of the Madeira Islands Part 4. Blastobasidae. Beitrage zur Entomologie. 54(2): 387-463;Blastobasis marmorosella
0;Africa;Bactra venosana;Palearctic;2007;Khramov, P. (Ed.) (2007). Insecta.pro: international entomological community. Available online at: https://insecta.pro;Bactra venosana
0;Africa;Caloptilia coruscans;Palearctic;2024;de Prins, J., de Prins, W. (2024). Global Taxonomic Database of Gracillariidae (Lepidoptera). Avaliable at: http://www.gracillariidae.net;Caloptilia coruscans
0;Africa;Blastobasis maroccanella;Palearctic;2004;Karsholt, O., Sinev, S. (2004). Contribution to the Lepidoptera fauna of the Madeira Islands Part 4. Blastobasidae. Beitrage zur Entomologie. 54(2): 387-463;Blastobasis maroccanella
0;Africa;Amphipyra tragopoginis;Palearctic;2007;Khramov, P. (Ed.) (2007). Insecta.pro: international entomological community. Available online at: https://insecta.pro;Amphipyra tragopoginis
0;Africa;Chrysoesthia sexguttella;Palearctic;2007;Khramov, P. (Ed.) (2007). Insecta.pro: international entomological community. Available online at: https://insecta.pro;Chrysoesthia sexguttella
0;Africa;Caradrina clavipalpis;Palearctic;2007;Khramov, P. (Ed.) (2007). Insecta.pro: international entomological community. Available online at: https://insecta.pro;Caradrina clavipalpis
0;South America;Erinnyis ello;Neotropical;2022;Smith, P., et al. (2022). An annotated catalogue of the Paraguayan Sphingidae (Lepidoptera). Journal of Insect Biodiversity. 31(2): 36-81;Erinnyis ello
0;Asia;Caloptilia coruscans;Saharo-Arabian;2024;de Prins, J., de Prins, W. (2024). Global Taxonomic Database of Gracillariidae (Lepidoptera). Avaliable at: http://www.gracillariidae.net;Caloptilia coruscans
0;Europe;Zeiraphera griseana;Palearctic;2005;Zhang, A., Li, H. (2005). Catalogue of Eucosmini from China (Lepidoptera: Tortricidae) SHILAP Revista de Lepidopterologia. 33(131): 265-298;Zeiraphera griseana
0;Europe;Acleris forsskaleana;Palearctic;1971;Powell, J., Burns, J. (1971). Colonization of the northeastern United States by two Palearctic moths (Lepidoptera: Tortricidae). Psyche: A Journal of Entomology. 78(1): 38-48;Acleris forsskaleana
0;Europe;Acleris rhombana;Palearctic;2009;Alipanah, H. (2009). A brief study on the tribes Tortricini and Archipini (Lepidoptera: Tortricinae) from Iran. Entomofauna. 10: 137-152;Acleris rhombana
0;Europe;Anomis privata;Palearctic;1998;Kononenko, V., et al. (1998). Illustrated catalogue of Noctuidae in Korea (Lepidoptera). Insect of Korea. Series 3. Korea Research Institute of Bioscience and Biotechnology : Center for Insect Systematics;Anomis privata
0;Europe;Archips fuscocupreanus;Palearctic;2024;CAB International (CABI) (2024). CABI Invasive Species Compendium. Available at: https://www.cabidigitallibrary.org/product/QI;Archips fuscocupreanus
0;Europe;Dendrolimus sibiricus;Palearctic;2020;Flo, D., et al. (2020). The Siberian moth (Dendrolimus sibiricus), a pest risk assessment for Norway. Forest Ecosystems. 7: 1-11;Dendrolimus sibiricus
0;Europe;Eudocima tyrannus;Palearctic;2019;Singh, N., et al. (2019). New distributional records of Eudocima Billberg, 1820 (Lepidoptera: Erebidae: Calpinae) from Gangetic Plains (India). Records of the Zoological Survey of India. 119(3): 238-245;Eudocima tyrannus
0;Europe;Autosticha modicella;Palearctic;2017;Park, K., Kim, S. (2017). Faunistic data of micromoths (Lepidoptera) in North Korea. Journal of Asia-Pacific Biodiversity. 10(1): 73-80;Autosticha modicella
0;Europe;Chiasmia aestimaria;Palearctic;2007;Khramov, P. (Ed.) (2007). Insecta.pro: international entomological community. Available online at: https://insecta.pro;Chiasmia aestimaria
0;Europe;Hadena compta;Palearctic;2007;Kravchenko, V., et al. (2007). The Hadeninae of Israel (Lepidoptera: Noctuidae). SHILAP Revista de Lepidopterologia. 35(140): 441-454;Hadena compta
0;Europe;Phyllonorycter medicaginella;Palearctic;2012;Mishchenko, A., Yefremova, Z. (2012). Phyllonorycter medicaginella (Lepidoptera, Gracillariidae) and its parasitoids (Hymenoptera, Eulophidae) in the Middle Volga River basin. Entomological Review. 92(8): 845-850;Phyllonorycter medicaginella
0;Europe;Earias vernana;Palearctic;2020;Roy, D., et al. (2020). DAISIE - Delivering Alien Invasive Species Inventories for Europe. Available at: http://www.europe-aliens.org/;Earias vernana
0;Europe;Eucosma cana;Palearctic;2005;Zhang, A., Li, H. (2005). Catalogue of Eucosmini from China (Lepidoptera: Tortricidae) SHILAP Revista de Lepidopterologia. 33(131): 265-298;Eucosma cana
0;Europe;Autographa gamma;Palearctic;2007;Khramov, P. (Ed.) (2007). Insecta.pro: international entomological community. Available online at: https://insecta.pro;Autographa gamma
0;Europe;Phyllonorycter issikii;Palearctic;2024;CAB International (CABI) (2024). CABI Invasive Species Compendium. Available at: https://www.cabidigitallibrary.org/product/QI;Phyllonorycter issikii
0;Europe;Coleophora colutella;Palearctic;2001;Anikin, V., Shchurov, V. (2001). Casebearers from Caucasus (Lepidoptera: Coleophoridae). Zoosystematica Rossica. 10: 171-179;Coleophora colutella
0;Europe;Coleophora klimeschiella;Palearctic;1976;Khan, A., Baloch, G. (1976). Coleophora klimeschiella [Lep.: Coleophoridae] a promising biocontrol agent for russian thistles, Salsola spp. Entomophaga. 21(4): 425-428;Coleophora klimeschiella
0;Europe;Coleophora parthenica;Palearctic;1990;Muller, H., et al. (1990). Natural enemies and host-plant asynchrony contributing to the failure of the introduced moth, Coleophora parthenica Meyrick (Lepidoptera: Coleophoridae), to control Russian thistle. Agriculture, Ecosystems and Environment. 32(1): 133-142;Coleophora parthenica
0;Europe;Cydia coniferana;Palearctic;2007;Powell, N. (2007). First report of the Palearctic species Cydia coniferana (Tortricidae) in the western United States. Journal of the Lepidopterists Society. 61(3): 172-175;Cydia coniferana
0;Europe;Anania hortulata;Palearctic;2019;Yang, Z., Landry, J. (2019). Allopatric separation represents an overlooked cryptic species in the Anania hortulata species complex (Lepidoptera: Crambidae: Pyraustinae): congruence between genetic and morphological evidence. The Canadian Entomologist. 151(2): 163-186;Anania hortulata
0;Europe;Evergestis pallidata;Palearctic;2022;Goater, B., et al. (2022). Pyraloidea I: (Acentropinae, Evergestinae, Heliothelinae, Schoenobiinae, Scopariinae) (Vol. 4). Brill. Leiden, Netherlands.;Evergestis pallidata
0;Europe;Aproaerema polychromella;Palearctic;2010;Junnilainen, J., et al. (2010). The gelechiid fauna of the southern Ural Mountains, part II: list of recorded species with taxonomic notes (Lepidoptera: Gelechiidae). Zootaxa. 2367(1): 1-68;Aproaerema polychromella
0;Europe;Notocelia cynosbatella;Palearctic;2012;Trematerra, P. (2012). Notes on some Lepidoptera Tortricidae from Central Asia. Journal of Entomological and Acarological Research. 44: e1;Notocelia cynosbatella
0;Asia;Scardia amurensis;Palearctic;2016;Osada, Y., et al. (2016). A review of the Japanese species of the genus Scardia Treitschke (Lepidoptera, Tineidae), with description of a new species. Zootaxa. 4079(3): 363-371;Scardia amurensis
0;Asia;Agonopterix alstromeriana;Palearctic;2007;Khramov, P. (Ed.) (2007). Insecta.pro: international entomological community. Available online at: https://insecta.pro;Agonopterix alstromeriana
0;Asia;Aglossa dimidiatus;Palearctic;2007;Khramov, P. (Ed.) (2007). Insecta.pro: international entomological community. Available online at: https://insecta.pro;Aglossa dimidiatus
0;Asia;Aglossa pinguinalis;Palearctic;2007;Khramov, P. (Ed.) (2007). Insecta.pro: international entomological community. Available online at: https://insecta.pro;Aglossa pinguinalis
0;Asia;Adoxophyes orana;Palearctic;2007;Khramov, P. (Ed.) (2007). Insecta.pro: international entomological community. Available online at: https://insecta.pro;Adoxophyes orana
0;Asia;Notocelia rosaecolana;Palearctic;2007;Khramov, P. (Ed.) (2007). Insecta.pro: international entomological community. Available online at: https://insecta.pro;Notocelia rosaecolana
0;Asia;Pandemis cerasana;Palearctic;2007;Khramov, P. (Ed.) (2007). Insecta.pro: international entomological community. Available online at: https://insecta.pro;Pandemis cerasana
0;Asia;Stigmella multispicata;Palearctic;2018;van Nieukerken, E., et al. (2018). Stigmella multispicata Rociene and Stonis, an Asian leafminer on Siberian elm, now widespread in eastern North America (Lepidoptera, Nepticulidae). ZooKeys. 784: 95-125;Stigmella multispicata
0;Asia;Yponomeuta cagnagellus;Palearctic;1987;Hoebeke, E. (1987). Yponomeuta cagnagella (Lepidoptera: Yponomeutidae): A palearctic ermine moth in the United States, with notes on its recognition, seasonal history, and habits. Annals of the Entomological Society of America. 80(4): 462-467;Yponomeuta cagnagellus
0;Asia;Pandemis cerasana;Palearctic;1980;Mutuura, A. (1980). Two Pandemis species introduced into British Columbia, with a comparison of native North American species (Lepidoptera: Tortricidae). The Canadian Entomologist. 112(6): 549-554;Pandemis cerasana
0;Asia;Sclerocona acutella;Palearctic;2003;Wagner, D., et al. (2003). Sclerocona acutella (Eversmann)(Crambidae: Pyraustinae), naturalized along the eastern seaboard. Journal of the Lepidopterists Society. 57(4): 270-273;Sclerocona acutella
0;Asia;Apamea crenata;Palearctic;2007;Khramov, P. (Ed.) (2007). Insecta.pro: international entomological community. Available online at: https://insecta.pro;Apamea crenata
0;Asia;Apamea remissa;Palearctic;2007;Khramov, P. (Ed.) (2007). Insecta.pro: international entomological community. Available online at: https://insecta.pro;Apamea remissa
0;Asia;Argyresthia laevigatella;Palearctic;2007;Khramov, P. (Ed.) (2007). Insecta.pro: international entomological community. Available online at: https://insecta.pro;Argyresthia laevigatella
0;Asia;Autosticha modicella;Palearctic;2017;Park, K., Kim, S. (2017). Faunistic data of micromoths (Lepidoptera) in North Korea. Journal of Asia-Pacific Biodiversity. 10(1): 73-80;Autosticha modicella
0;Asia;Caloptilia roscipennella;Palearctic;2007;Khramov, P. (Ed.) (2007). Insecta.pro: international entomological community. Available online at: https://insecta.pro;Caloptilia roscipennella
0;Asia;Chiasmia aestimaria;Palearctic;2007;Khramov, P. (Ed.) (2007). Insecta.pro: international entomological community. Available online at: https://insecta.pro;Chiasmia aestimaria
0;Asia;Dendrolimus superans;Palearctic;2018;Jeong, J., et al. (2018). DNA data and morphology suggest an occurrence of Dendrolimus sibiricus Tschetverikov, 1908 (Lepidoptera: Lasiocampidae) instead of D. superans Butler, 1877, in South Korea. Entomological Research. 48(2): 108-121;Dendrolimus superans
0;Asia;Deilephila elpenor;Palearctic;2007;Khramov, P. (Ed.) (2007). Insecta.pro: international entomological community. Available online at: https://insecta.pro;Deilephila elpenor
0;Asia;Heringocrania unimaculella;Palearctic;2007;Khramov, P. (Ed.) (2007). Insecta.pro: international entomological community. Available online at: https://insecta.pro;Heringocrania unimaculella
0;Asia;Iphiclides podalirius;Palearctic;2010;van Swaay, C., et al. (2010). Iphiclides podalirius (Europe assessment). The IUCN Red List of Threatened Species. 2010: e.T174405A7066031;Iphiclides podalirius
0;Asia;Gracillaria syringella;Palearctic;2024;de Prins, J., de Prins, W. (2024). Global Taxonomic Database of Gracillariidae (Lepidoptera). Avaliable at: http://www.gracillariidae.net;Gracillaria syringella
0;Asia;Lateroligia ophiogramma;Palearctic;2007;Khramov, P. (Ed.) (2007). Insecta.pro: international entomological community. Available online at: https://insecta.pro;Lateroligia ophiogramma
0;Asia;Coleophora frischella;Palearctic;2007;Khramov, P. (Ed.) (2007). Insecta.pro: international entomological community. Available online at: https://insecta.pro;Coleophora frischella
0;Asia;Chrysoclista linneela;Palearctic;2007;Khramov, P. (Ed.) (2007). Insecta.pro: international entomological community. Available online at: https://insecta.pro;Chrysoclista linneela
0;Asia;Autographa gamma;Palearctic;2007;Khramov, P. (Ed.) (2007). Insecta.pro: international entomological community. Available online at: https://insecta.pro;Autographa gamma
0;Asia;Coleophora striatipennella;Palearctic;2007;Khramov, P. (Ed.) (2007). Insecta.pro: international entomological community. Available online at: https://insecta.pro;Coleophora striatipennella
0;Asia;Depressaria radiella;Palearctic;2007;Khramov, P. (Ed.) (2007). Insecta.pro: international entomological community. Available online at: https://insecta.pro;Depressaria radiella
0;Asia;Cochylis atricapitana;Palearctic;2007;Khramov, P. (Ed.) (2007). Insecta.pro: international entomological community. Available online at: https://insecta.pro;Cochylis atricapitana
0;Asia;Cochylis atricapitana;Palearctic;2013;Turner, S., Cesselli, S. (2013). Operational field guide to the establishment of tansy ragwort biocontrol agents in British Columbia. Victoria, British Columbia, Canada.;Cochylis atricapitana
0;Asia;Agonopterix nervosa;Palearctic;2007;Khramov, P. (Ed.) (2007). Insecta.pro: international entomological community. Available online at: https://insecta.pro;Agonopterix nervosa
0;Asia;Agrochola lota;Palearctic;2007;Khramov, P. (Ed.) (2007). Insecta.pro: international entomological community. Available online at: https://insecta.pro;Agrochola lota
0;Asia;Amphipyra tragopoginis;Palearctic;2007;Khramov, P. (Ed.) (2007). Insecta.pro: international entomological community. Available online at: https://insecta.pro;Amphipyra tragopoginis
0;Asia;Anacampsis populella;Palearctic;2009;Holloway, J. (2009). Moths of Borneo 13. Family Noctuidae, subfamilies Pantheinae (part), Bagisarinae, Acontiinae, Aediinae, Eustrotiinae, Bryophilinae, Araeopteroinae, Aventiinae, Eublemminae and further miscellaneous genera. Malayan Nature Journal. 62 (1) : 1-240 Available online at: https://www.mothsofborneo.com/part-13/;Anacampsis populella
0;Asia;Anarsia lineatella;Palearctic;2007;Khramov, P. (Ed.) (2007). Insecta.pro: international entomological community. Available online at: https://insecta.pro;Anarsia lineatella
0;Asia;Apamea unanimis;Palearctic;2007;Khramov, P. (Ed.) (2007). Insecta.pro: international entomological community. Available online at: https://insecta.pro;Apamea unanimis
0;Asia;Archips podana;Palearctic;2007;Khramov, P. (Ed.) (2007). Insecta.pro: international entomological community. Available online at: https://insecta.pro;Archips podana
0;Asia;Archips rosana;Palearctic;2007;Khramov, P. (Ed.) (2007). Insecta.pro: international entomological community. Available online at: https://insecta.pro;Archips rosana
0;Asia;Argyresthia pruniella;Palearctic;2024;CAB International (CABI) (2024). CABI Invasive Species Compendium. Available at: https://www.cabidigitallibrary.org/product/QI;Argyresthia pruniella
0;Asia;Athrips rancidella;Palearctic;2007;Khramov, P. (Ed.) (2007). Insecta.pro: international entomological community. Available online at: https://insecta.pro;Athrips rancidella
0;Asia;Calophasia lunula;Palearctic;2007;Khramov, P. (Ed.) (2007). Insecta.pro: international entomological community. Available online at: https://insecta.pro;Calophasia lunula
0;Asia;Gracillaria syringella;Palearctic;2007;Khramov, P. (Ed.) (2007). Insecta.pro: international entomological community. Available online at: https://insecta.pro;Gracillaria syringella
0;Asia;Cerapteryx graminis;Palearctic;2007;Khramov, P. (Ed.) (2007). Insecta.pro: international entomological community. Available online at: https://insecta.pro;Cerapteryx graminis
0;Asia;Choreutis pariana;Palearctic;2007;Khramov, P. (Ed.) (2007). Insecta.pro: international entomological community. Available online at: https://insecta.pro;Choreutis pariana
0;Asia;Chrysoesthia sexguttella;Palearctic;2007;Khramov, P. (Ed.) (2007). Insecta.pro: international entomological community. Available online at: https://insecta.pro;Chrysoesthia sexguttella
0;Asia;Clepsis consimilana;Palearctic;1971;Powell, J., Burns, J. (1971). Colonization of the northeastern United States by two Palearctic moths (Lepidoptera: Tortricidae). Psyche: A Journal of Entomology. 78(1): 38-48;Clepsis consimilana
0;Asia;Cnephasia asseclana;Palearctic;2021;Goglia, L. (2021). Faunistic Notes on Lepidoptera Tortricidae from Calabria (South Italy) - Contribution to the knowledge of the Lepidoptera Tortricidae fauna of Mediterranean ecosystems. [PhD Thesis, Universita degli Studi della Tuscia and Universita degli Studi del Molise].;Cnephasia asseclana
0;Asia;Cnephasia asseclana;Palearctic;2007;Khramov, P. (Ed.) (2007). Insecta.pro: international entomological community. Available online at: https://insecta.pro;Cnephasia asseclana
0;Asia;Cnephasia longana;Palearctic;2007;Khramov, P. (Ed.) (2007). Insecta.pro: international entomological community. Available online at: https://insecta.pro;Cnephasia longana
0;Asia;Cnephasia stephensiana;Palearctic;2007;Khramov, P. (Ed.) (2007). Insecta.pro: international entomological community. Available online at: https://insecta.pro;Cnephasia stephensiana
0;Asia;Coleophora klimeschiella;Palearctic;2018;Richter, I. (2018). New findings of the case-bearing moths (genus Coleophora Hubner, 1822) from the Balkan Peninsula with description of two new species (Lepidoptera, Coleophoridae). Microlepidoptera.hu. 13(1): 43-52;Coleophora klimeschiella
0;Asia;Cydia coniferana;Palearctic;2007;Khramov, P. (Ed.) (2007). Insecta.pro: international entomological community. Available online at: https://insecta.pro;Cydia coniferana
0;Asia;Depressaria depressana;Palearctic;2007;Khramov, P. (Ed.) (2007). Insecta.pro: international entomological community. Available online at: https://insecta.pro;Depressaria depressana
0;Asia;Depressaria depressana;Palearctic;2013;Landry, J., et al. (2013). Shared but overlooked: 30 species of Holarctic Microlepidoptera revealed by DNA barcodes and morphology. Zootaxa. 3749(1): 1-93;Depressaria depressana
0;Asia;Dichelia histrionana;Palearctic;2007;Khramov, P. (Ed.) (2007). Insecta.pro: international entomological community. Available online at: https://insecta.pro;Dichelia histrionana
0;Asia;Ennomos alniaria;Palearctic;2007;Khramov, P. (Ed.) (2007). Insecta.pro: international entomological community. Available online at: https://insecta.pro;Ennomos alniaria
0;Asia;Epinotia abbreviana;Palearctic;2007;Khramov, P. (Ed.) (2007). Insecta.pro: international entomological community. Available online at: https://insecta.pro;Epinotia abbreviana
0;Asia;Erannis defoliaria;Palearctic;2007;Khramov, P. (Ed.) (2007). Insecta.pro: international entomological community. Available online at: https://insecta.pro;Erannis defoliaria
0;Asia;Anania hortulata;Palearctic;2007;Khramov, P. (Ed.) (2007). Insecta.pro: international entomological community. Available online at: https://insecta.pro;Anania hortulata
0;Asia;Evergestis pallidata;Palearctic;2022;Goater, B., et al. (2022). Pyraloidea I: (Acentropinae, Evergestinae, Heliothelinae, Schoenobiinae, Scopariinae) (Vol. 4). Brill. Leiden, Netherlands.;Evergestis pallidata
0;Asia;Grapholita delineana;Palearctic;2007;Khramov, P. (Ed.) (2007). Insecta.pro: international entomological community. Available online at: https://insecta.pro;Grapholita delineana
0;Asia;Leucoma salicis;Palearctic;2007;Khramov, P. (Ed.) (2007). Insecta.pro: international entomological community. Available online at: https://insecta.pro;Leucoma salicis
0;Asia;Caradrina clavipalpis;Palearctic;2007;Khramov, P. (Ed.) (2007). Insecta.pro: international entomological community. Available online at: https://insecta.pro;Caradrina clavipalpis
0;Asia;Pieris rapae;Palearctic;2010;van Swaay, C., et al. (2010). Pieris rapae (Europe assessment). The IUCN Red List of Threatened Species. 2010: e.T174353A7056010;Pieris rapae
0;Asia;Pararge aegeria;Palearctic;2010;van Swaay, C., et al. (2010). Pararge aegeria (Europe assessment). The IUCN Red List of Threatened Species. 2010: e.T174214A7029860;Pararge aegeria
0;Asia;Pardasena virgulana;Saharo-Arabian;2024;de Prins, J., de Prins, W. (2024). Afromoths, online database of Afrotropical moth species (Lepidoptera). Available at: http://www.afromoths.net;Pardasena virgulana
0;Asia;Earias biplaga;Saharo-Arabian;2016;de Prins, W., Mazzei, P. (2016). Some faunistic notes on selected moth species (Lepidoptera) from the Seychelles. Phelsuma. 24: 21-34;Earias biplaga
0;Asia;Earias cupreoviridis;Saharo-Arabian;2024;de Prins, J., de Prins, W. (2024). Afromoths, online database of Afrotropical moth species (Lepidoptera). Available at: http://www.afromoths.net;Earias cupreoviridis
0;Asia;Bactra venosana;Saharo-Arabian;2015;Sohn, J., et al. (2015). Seven species of Olethreutinae (Lepidoptera: Tortricidae) new to Korea. Journal of Asia-Pacific Biodiversity. 8(2): 133-138;Bactra venosana
0;Africa;Chilo agamemnon;Afrotropical;1970;Bleszynski, S. (1970). A revision of the world species of Chilo Zincken (Lepidoptera: Pyralidae). Bulletin of the British Museum (Natural History) B, Entomology. 25(4): 101-195;Chilo agamemnon
0;Africa;Earias vittella;Afrotropical;2003;Nash, S. (2003). Earias vittella (Fabricius) (Lep.: Noctuidae) the first occurrence of wild-caught moths in Europe. Entomologists Record and Journal of Variation. 115: 187-188;Earias vittella
0;Oceania;Catopsilia pyranthe;Oceanina;2000;Braby, M. (2000). Butterflies of Australia: their identification, biology and distribution. CSIRO publishing. Collingwood, Australia.;Catopsilia pyranthe
0;Oceania;Statherotis discana;Oceanina;1993;Nasu, Y., et al. (1993). Statherotis discana (Felder et Rogenhofer)(Lepidoptera: Tortricidae) injurious to litchi from Japan. Applied Entomology and Zoology. 28(1): 97-101;Statherotis discana
0;South America;Antiblemma acclinalis;Neotropical;2024;Savela, M. (2024). Lepidoptera and some other life forms. Available at: https://ftp.funet.fi/index/Tree_of_life/intro.html;Antiblemma acclinalis
0;Africa;Earias vittella;Madagascan;2003;Nash, S. (2003). Earias vittella (Fabricius) (Lep.: Noctuidae) the first occurrence of wild-caught moths in Europe. Entomologists Record and Journal of Variation. 115: 187-188;Earias vittella
0;Africa;Herpetogramma basalis;Madagascan;2018;Poltavsky, A., et al. (2018). The Pyraloidea (Lepidoptera) fauna of the woody savannah belt in Mali, West Africa. Zootaxa. 4457(1): 39-69;Herpetogramma basalis
0;Africa;Hypena strigatus;Madagascan;2013;Kononenko, V., Pinratana, A. (2013). Moths of Thailand. Noctuoidea. An illustrated Catalogue of Erebidae, Nolidae, Euteliidae and Noctuidae (Insecta, Lepidoptera) in Thailand. Brothers of St. Gabriel in Thailand. Bangkok.;Hypena strigatus
0;Africa;Lamprosema chagosalis;Oceanina;2015;Hayden, J., Troubridge, J. (2015). Nacoleia charesalis (Walker) spreading in Florida. News of the Lepidopterists Society. 57(1): 8-10;Lamprosema chagosalis
0;Asia;Clepsis consimilana;Saharo-Arabian;1971;Powell, J., Burns, J. (1971). Colonization of the northeastern United States by two Palearctic moths (Lepidoptera: Tortricidae). Psyche: A Journal of Entomology. 78(1): 38-48;Clepsis consimilana
0;Asia;Duponchelia fovealis;Saharo-Arabian;2024;CAB International (CABI) (2024). CABI Invasive Species Compendium. Available at: https://www.cabidigitallibrary.org/product/QI;Duponchelia fovealis
0;Asia;Daphnis nerii;Palearctic;2024;Pittaway, A. (2024). Sphingidae of the Western Palaearctic (including Europe, North Africa, the Middle East, western Siberia and western Central Asia). Available at: https://tpittaway.tripod.com/sphinx/list.htm;Daphnis nerii
0;Asia;Dialectica scalariella;Palearctic;2023;Langdon, W. (2023). Dialectica scalariella (Zeller, 1850)(Lep.: Gracillariidae) at Dungeness, Kent: The first British Breeding Record. Entomologists Record and Journal of Variation. 135: 6-18;Dialectica scalariella
0;Oceania;Opogona purpuriella;Oceanina;2001;Mariau, D. (2001). The fauna of oil palm and coconut: insect and mites pests and their natural enemies. Editions Quae.;Opogona purpuriella
0;Oceania;Earias biplaga;Oceanina;2016;de Prins, W., Mazzei, P. (2016). Some faunistic notes on selected moth species (Lepidoptera) from the Seychelles. Phelsuma. 24: 21-34;Earias biplaga
0;South America;Caphys biliniata;Neotropical;2017;Cock, M. (2017) A preliminary catalogue of the moths (Lepidoptera except Papilionoidea) of Tobago, West Indies. Insecta Mundi. 585: 1-58;Caphys biliniata
0;South America;Pareuchaetes pseudoinsulata;Neotropical;1982;Cock, M., Holloway, J. (1982). The history of, and prospects for, the biological control of Chromolaena odorata (Compositae) by Pareuchaetes pseudoinsulata Rego Barros and allies (Lepidoptera: Arctiidae). Bulletin of Entomological Research. 72(2): 193-205;Pareuchaetes pseudoinsulata
0;South America;Castnia licus;Neotropical;2004;Gonzalez, J., Cock, M. (2004). A synopsis of the Castniidae (Lepidoptera) of Trinidad and Tobago. Zootaxa. 762(1): 1-19;Castnia licus
0;South America;Opogona sacchari;Neotropical;2024;CAB International (CABI) (2024). CABI Invasive Species Compendium. Available at: https://www.cabidigitallibrary.org/product/QI;Opogona sacchari
0;South America;Antiblemma acclinalis;Neotropical;2012;Morais, E., et al. (2012). Lepidopterans as potential agents for the biological control of the invasive plant, Miconia calvescens. Journal of Insect Science. 12(1): 63;Antiblemma acclinalis
0;South America;Mompha trithalama;Neotropical;2017;Cock, M. (2017) A preliminary catalogue of the moths (Lepidoptera except Papilionoidea) of Tobago, West Indies. Insecta Mundi. 585: 1-58;Mompha trithalama
0;South America;Thaumatotibia leucotreta;Neotropical;2024;CAB International (CABI) (2024). CABI Invasive Species Compendium. Available at: https://www.cabidigitallibrary.org/product/QI;Thaumatotibia leucotreta
0;South America;Diastema tigris;Neotropical;2012;Misra, S., et al. (2012). Biocontrol strategy for major invasive weeds of neotropical origin in India. Bioherald: International Journal of Biodiversity and Environment. 2(2): 134-142;Diastema tigris
0;Africa;Ectoedemia heringella;Saharo-Arabian;2010;van Nieukerken, E., et al. (2010). Western Palaearctic Ectoedemia (Zimmermannia) Hering and Ectoedemia Busck s. str. (Lepidoptera: Nepticulidae): five new species and new data on distribution, hostplants and recognition. ZooKeys. 32: 1-82;Ectoedemia heringella
0;Asia;Apopestes spectrum;Palearctic;2014;Baron, T. (2014). Collection records of Noctuoidea and Bombycoidea (Lepidoptera) from a location near Marmaris in South-Western Anatolia, Turkey. Esperiana Band. 19: 263-296;Apopestes spectrum
0;Asia;Chiasmia aestimaria;Palearctic;2024;de Prins, J., de Prins, W. (2024). Afromoths, online database of Afrotropical moth species (Lepidoptera). Available at: http://www.afromoths.net;Chiasmia aestimaria
0;Asia;Idaea inquinata;Palearctic;2020;Roy, D., et al. (2020). DAISIE - Delivering Alien Invasive Species Inventories for Europe. Available at: http://www.europe-aliens.org/;Idaea inquinata
0;Asia;Hipparchia statilinus;Palearctic;2011;Tennent, W. (2011). Hipparchia statilinus. The IUCN Red List of Threatened Species. 2011: e.T160360A5364211;Hipparchia statilinus
0;Asia;Iphiclides podalirius;Palearctic;2014;van Swaay, C., et al. (2014). Iphiclides podalirius (Mediterranean assessment). The IUCN Red List of Threatened Species. 2014: e.T174405A53719929;Iphiclides podalirius
0;Asia;Leucoptera laburnella;Palearctic;2006;Seven, S. (2006). Lyonetiidae of Turkey with notes on their distribution and zoogeography (Lepidoptera). Zootaxa. 1245(1): 53-58;Leucoptera laburnella
0;Asia;Thaumetopoea pityocampa;Palearctic;2024;CAB International (CABI) (2024). CABI Invasive Species Compendium. Available at: https://www.cabidigitallibrary.org/product/QI;Thaumetopoea pityocampa
0;Asia;Pieris rapae;Palearctic;2014;van Swaay, C., et al. (2014). Pieris rapae (Mediterranean assessment). The IUCN Red List of Threatened Species. 2014: e.T174353A53720063;Pieris rapae
0;Asia;Zelleria oleastrella;Palearctic;2011;Kacar, G., Ulusoy, M. (2011). Zelleria oleastrella (Milliere) (Lepidoptera: Yponomeutidae), a new record for the fauna of Turkey. Turkish Journal of Zoology. 35(6): 15;Zelleria oleastrella
0;Asia;Pararge aegeria;Palearctic;2014;van Swaay, C., et al. (2014). Pararge aegeria (Mediterranean assessment). The IUCN Red List of Threatened Species. 2014: e.T174214A53719848;Pararge aegeria
0;Asia;Schiffermuelleria amasiella;Palearctic;2020;Roy, D., et al. (2020). DAISIE - Delivering Alien Invasive Species Inventories for Europe. Available at: http://www.europe-aliens.org/;Schiffermuelleria amasiella
0;Asia;Schiffermuelleria amasiella;Palearctic;2016;Spill, F. (2016). Eratophyes amasiella (Herrich-Schaffer, 1854), une espece doecophoride nouvelle pour la France (Lep. Oecophoridae). oreina. 35: 12-13;Schiffermuelleria amasiella
0;Asia;Aglossa caprealis;Palearctic;2007;Khramov, P. (Ed.) (2007). Insecta.pro: international entomological community. Available online at: https://insecta.pro;Aglossa caprealis
0;Asia;Cryptoblabes gnidiella;Palearctic;2024;CAB International (CABI) (2024). CABI Invasive Species Compendium. Available at: https://www.cabidigitallibrary.org/product/QI;Cryptoblabes gnidiella
0;Asia;Caloptilia coruscans;Palearctic;2024;de Prins, J., de Prins, W. (2024). Global Taxonomic Database of Gracillariidae (Lepidoptera). Avaliable at: http://www.gracillariidae.net;Caloptilia coruscans
0;Asia;Araeopteron ecphaea;Palearctic;2001;Fibiger, M., Agassiz, D. (2001). Araeopteron ecphaea, a small noctuid moth in the West Palaearctic (Noctuidae: Acontiinae). Nota Lepidopterologica. 24(1): 29-35;Araeopteron ecphaea
0;Asia;Epinotia cedricida;Palearctic;2020;Roy, D., et al. (2020). DAISIE - Delivering Alien Invasive Species Inventories for Europe. Available at: http://www.europe-aliens.org/;Epinotia cedricida
0;Asia;Epinotia cedricida;Palearctic;1999;Fabre, J., et al. (1999). Le point sur certains ravageurs du cedre de l Atlas en Afrique du nord, en France et en Europe. Foret Mediterraneenne. 20(4): 203-218;Epinotia cedricida
0;Asia;Schiffermuelleria amasiella;Palearctic;2010;Lopez-Vaamonde, C., et al. (2010). Lepidoptera. Chapter 11. BioRisk. 4: 603-668;Schiffermuelleria amasiella
0;Asia;Schiffermuelleria amasiella;Palearctic;1987;Diakonoff, A., van Nieukerken, E. (1987). Eratophyes amasiella (Herrich-Schaffer) comb, nov., a senior synonym of E. aleatrix Diakonoff (Lepidoptera: Oecophoridae). Entomologische berichten. 47(7): 103-104;Schiffermuelleria amasiella
0;Asia;Caradrina morpheus;Palearctic;2021;Kocak, O., Cerci, B. (2021). Lepidoptera fauna of Karaman with two new records for Turkey. Munis Entomology and Zoology. 16(2): 1171-1234;Caradrina morpheus
0;Asia;Carcina quercana;Palearctic;2007;Khramov, P. (Ed.) (2007). Insecta.pro: international entomological community. Available online at: https://insecta.pro;Carcina quercana
0;Asia;Clepsis spectrana;Palearctic;2007;Khramov, P. (Ed.) (2007). Insecta.pro: international entomological community. Available online at: https://insecta.pro;Clepsis spectrana
0;Asia;Coleophora klimeschiella;Palearctic;1976;Khan, A., Baloch, G. (1976). Coleophora klimeschiella [Lep.: Coleophoridae] a promising biocontrol agent for russian thistles, Salsola spp. Entomophaga. 21(4): 425-428;Coleophora klimeschiella
0;Asia;Coleophora parthenica;Palearctic;1990;Muller, H., Goeden, R. (1990). Parasitoids acquired by Coleophora parthenica [Lepidoptera: Coleophoridae] ten years after its introduction into southern California for the biological control of Russian thistle. Entomophaga. 35: 257-268;Coleophora parthenica
0;Asia;Dichelia histrionana;Palearctic;2007;Seven, S., Ozdemir, M. (2007). The genus Dichelia Guenee, 1845 (Lepidoptera: Tortricidae) in Turkey. Acta Entomologica Slovenica. 15(2): 185-190;Dichelia histrionana
0;Asia;Pterolonche inspersa;Palearctic;1986;Vives Moreno, A. (1986). La familia Pterolonchidae Meyrick, 1918, de Espana y Portugal (Insecta, Lepidoptera). Eos: Revista Espanola de Entomologia. 62(1): 319-337;Pterolonche inspersa
0;Asia;Helicoverpa armigera;Palearctic;2017;Tay, W., et al. (2017). Mitochondrial DNA and trade data support multiple origins of Helicoverpa armigera (Lepidoptera, Noctuidae) in Brazil. Scientific Reports. 7: 45302;Helicoverpa armigera
0;Asia;Syndemis cedricola;Palearctic;2007;Seven, S., Ozdemir, M. (2007). The genus Dichelia Guenee, 1845 (Lepidoptera: Tortricidae) in Turkey. Acta Entomologica Slovenica. 15(2): 185-190;Syndemis cedricola
0;Asia;Tiracola plagiata;Oriental;2024;Holloway, J. (2024). Moths of Borneo 12. Family Notuidae, Trifine. Subfamilies: Noctuinae, Heliothinae, Hadeninae, Acronictinae, Amphipyrinae, Agaristinae. Southdene Sdn. Available at: https://www.mothsofborneo.com/part-12/index.htm;Tiracola plagiata
0;Asia;Eudocima tyrannus;Oriental;2020;Wu, S., et al. (2020). An annotated checklist of macro moths in mid-to high-mountain ranges of Taiwan (Lepidoptera: Macroheterocera). Formosan Entomologist. 40: 10-83;Eudocima tyrannus
0;Asia;Autosticha modicella;Oriental;2017;Park, K., Kim, S. (2017). Faunistic data of micromoths (Lepidoptera) in North Korea. Journal of Asia-Pacific Biodiversity. 10(1): 73-80;Autosticha modicella
0;Asia;Orgyia thyellina;Oriental;2003;Hosking, G., et al. (2003) Tussock moth eradication - a success story from New Zealand, International Journal of Pest Management. 49(1): 17-24;Orgyia thyellina
0;Asia;Sinica sinica;Oriental;2006;Schultz, P., et al. (2006). Biology and Distribution of Pryeria sinica, a New Pest of Euonymus Found in Virginia and Maryland. Plant Health Progress. 7(1): 49;Sinica sinica
0;Asia;Dendrolimus punctata;Oriental;2024;CAB International (CABI) (2024). CABI Invasive Species Compendium. Available at: https://www.cabidigitallibrary.org/product/QI;Dendrolimus punctata
0;Asia;Artona martini;Oriental;2020;Marianelli, L., et al. (2020). First record of the pest Artona (Fuscartona) martini Efetov, 1997 (Lepidoptera Zygaenidae Procridinae Artonini) in European territory. Redia: Journal of Zoology/Giornale di Zoologia. 103: 3-7;Artona martini
0;Asia;Antheraea yamamai;Oriental;2015;Nahirnic, A., Stoyan, B. (2015). The first report of Japanese oak silkmoth Antheraea yamamai (Guerin-Meneville, 1861)(Lepidoptera: Saturniidae) in Montenegro. ZooNotes. 82: 1-4;Antheraea yamamai
0;Africa;Spodoptera mauritia;Afrotropical;1956;Fletcher, D. (1956). Spodoptera mauritia (Boisduval) and S. triturata (Walker), two distinct species. Bulletin of Entomological Research. 47(2): 215-217;Spodoptera mauritia
0;Africa;Dasyses incrustata;Afrotropical;1930;Meyrick, E. (1930). Exotic Microlepidoptera - Vol. III. Taylor & Francis. United Kingdom;Dasyses incrustata
0;Africa;Chaliopsis junodi;Afrotropical;1971;Austara, O., Jones, T. (1971). Host list and distribution of lepidopterous defoliators of exotic softwoods in East Africa. East African Agricultural and Forestry Journal. 36(4): 401-413;Chaliopsis junodi
0;Africa;Anatrachyntis rileyi;Afrotropical;2024;CAB International (CABI) (2024). CABI Invasive Species Compendium. Available at: https://www.cabidigitallibrary.org/product/QI;Anatrachyntis rileyi
0;Europe;Scythris buszkoi;Palearctic;2003;Baran, T. (2003). Scythris buszkoi sp. n., a new species of Scythrididae from Europe (Gelechioidea). Nota Lepidopterologica. 26(3): 89-98;Scythris buszkoi
0;Europe;Garella musculana;Palearctic;2018;Yildiz, Y., et al. (2018). Erschoviella musculana Erschoff 1874, a new record and a new walnut pest in Turkey. Journal of Bartin Faculty of Forestry. 20(2): 296-302;Garella musculana
0;Europe;Hypena opulenta;Palearctic;2020;Karn, R., et al. (2020). Hypena opulenta: a biological weed control agent for controlling an invasive weed species, swallow-wort: a review. Environment Contaminants Review. 3(1): 1-3;Hypena opulenta
0;Europe;Phyllonorycter blancardella;Palearctic;2007;Triberti, P. (2007). The Phyllonorycter species from Palaearctic Region feeding on Rosaceae (Lepidoptera, Gracillariidae). Bollettino del Museo Civico di Storia Naturale di Verona. 31: 147-221;Phyllonorycter blancardella
0;North America;Acleris minuta;Nearctic;1982;Weatherby, J. (1982). The life system of the yellow-headed fireworm, Acleris minuta (Robinson) (Lepidoptera: Tortricidae). [Doctoral thesis, Iowa State University].;Acleris minuta
0;North America;Acleris semipurpurana;Nearctic;2025;Department for Environment, Food and Rural Affairs (2025). UK Plant Health Risk Register - UK Risk Register Details for Acleris semipurpurana. Avilable at: https://planthealthportal.defra.gov.uk/pests-and-diseases/uk-plant-health-risk-register/viewPestRisks.cfm?cslref=29506;Acleris semipurpurana
0;North America;Anstenoptilia marmorodactyla;Nearctic;2006;Gielis, C. (2006). Review of the Neotropical species of the family Pterophoridae, part I: Ochyroticinae, Deuterocopinae, Pterophorinae (Platyptiliini, Exelastini, Oxyptilini) (Lepidoptera). Zoologische Mededelingen. 80: 1-290;Anstenoptilia marmorodactyla
0;North America;Aristotelia ivae;Nearctic;1988;Diatloff, G., Palmer, W. (1988). The host specificity and biology of Aristotella ivae Busck (Gelechiidae) and Lorita baccharivora Pogue (Tortricidae), two microlepidoptera selected as biological control agents for Baccharis halimifolia (Asteraceae) in Australia. Proceedings of the Entomological Society of Washington. 90(4): 458-461;Aristotelia ivae
0;North America;Bactra philocherda;Nearctic;2008;Razowski, J., et al. (2008). The Tortricidae (Lepidoptera) of the Galapagos Islands, Ecuador. Revue Suisse de Zoologie. 115(1): 185;Bactra philocherda
0;North America;Bucculatrix ivella;Nearctic;1987;Diatloff, G. (1987). Host Specificity and Biology of Buccalatrix ivella Busck, a Potential Biological Control Agent for Baccharis halimifolia L. in Australia. Journal of the Lepidopterists Society. 41(1): 23-28;Bucculatrix ivella
0;North America;Spodoptera praefica;Nearctic;1980;Todd, E., Poole, R. (1980). Keys and illustrations for the armyworm moths of the noctuid genus Spodoptera Guenee from the Western Hemisphere. Annals of the Entomological Society of America. 73(6): 722-738;Spodoptera praefica
0;North America;Choristoneura carnana;Nearctic;2019;EFSA Panel on Plant Health (EFSA PLH Panel), et al. (2019). Pest categorisation of non-EU Choristoneura spp. EFSA Journal. 17(5): e05671;Choristoneura carnana
0;North America;Choristoneura retiniana;Nearctic;1992;Dang, P. (1992). Morphological study of male genitalia with phylogenetic inference of Choristoneura Lederer (Lepidoptera: Tortricidae). The Canadian Entomologist. 124(1): 7-48;Choristoneura retiniana
0;North America;Diaphania hyalinata;Nearctic;2005;Capinera, J. (2005). Melonworm, Diaphania hyalinata Linnaeus (Insecta: Lepidoptera: Pyralidae). Florida Cooperation Extension Service, Institute of Food and Agricultural Sciences, University of Florida, Gainesville, Florida: EENY163;Diaphania hyalinata
0;North America;Iridopsis fragilaria;Nearctic;2020;VanDyk, J., et al. (2020). BugGuide - Identification, Images, and Information For Insects, Spiders and Their Kin For the United States and Canada. Version 1.5. United States Geological Survey. Available at: https://bugguide.net/;Iridopsis fragilaria
0;North America;Euacidalia brownsvillea;Nearctic;2024;Integrated Taxonomic Information System (ITIS) (2024). Integrated Taxonomic Information System (ITIS) on-line database.  Available at: https://www.itis.gov;Euacidalia brownsvillea
0;North America;Anarta decepta;Nearctic;1958;Zimmerman, E. (1958). Insects of Hawaii. Volume 7, Macrolepidoptera. Hawaii: University of Hawaii Press, Honolulu, Hawaii, United States of America.;Anarta decepta
0;North America;Ithome lassula;Nearctic;1989;Bullock, R. (1989). Native Ithome lassula (Lepidoptera: Cosmopterigidae) attacks Leucaena in Florida. The Florida Entomologist. 72(3): 548-550;Ithome lassula
0;North America;Periploca orichalcella;Nearctic;1969;Hodges, R. (1969). Nearctic Walshiidae: notes and new taxa (Lepidoptera: Gelechioidea). Smithsonian Contributions To Zoology. 18: 1-30;Periploca orichalcella
0;North America;Melitara prodenialis;Nearctic;2014;Paraiso, O., et al. (2014). Rearing a Native Cactus Moth, Melitara prodenialis (Lepidoptera: Pyralidae), on Artificial Diet and Opuntia Cladodes: Preliminary Comparisons. Florida Entomologist. 97(3): 1232-1236;Melitara prodenialis
0;North America;Neogalea sunia;Nearctic;2010;Reinert, J., et al. (2010). Resistance among lantana cultivars to the lantana stick caterpillar, Neogalea sunia (Lepidoptera: Noctuidae). Southwestern Entomologist. 35(1): 51-58;Neogalea sunia
0;North America;Coleophora texanella;Nearctic;2013;Landry, J., et al. (2013). Shared but overlooked: 30 species of Holarctic Microlepidoptera revealed by DNA barcodes and morphology. Zootaxa. 3749(1): 1-93;Coleophora texanella
0;North America;Comotia torsicornis;Nearctic;2019;Martinez, J., et al. (2019). Lepidoptera pests of sapodilla (Manilkara zapota (L.) van Royen) in south Florida, with some comments on life history and natural control. Insecta Mundi. 0739: 1-26;Comotia torsicornis
0;North America;Platynota rostrana;Nearctic;2017;der Gaag, D., der Straten, M. (2017). Short Pest Risk Analysis for Platynota rostrana and Platynota stultana. Netherlands Food and Consumer Product Safety Authority Ministry of Economic Affairs. November, 2017.;Platynota rostrana
0;North America;Salbia haemorrhoidalis;Nearctic;2016;Landry, B. (2016). Taxonomic revision of the Spilomelinae (Lepidoptera, Pyralidae sl) of the Galapagos Islands, Ecuador. Revue Suisse de Zoologie. 123(2): 315-399;Salbia haemorrhoidalis
0;North America;Utetheisa ornatrix;Nearctic;2010;Filho, J., et al. (2010). The three phases of the ensemble forecasting of niche models: geographic range and shifts in climatically suitable areas of Utetheisa ornatrix (Lepidoptera, Arctiidae). Revista Brasileira de Entomologia. 54(3): 339-349;Utetheisa ornatrix
0;North America;Anatrachyntis badia;Nearctic;2017;Dawidowicz, L., Rozwalka, R. (2017). Anatrachyntis badia (Hodges, 1962) (Lepidoptera: Cosmopterigidae): the first report from Turkey and a case of importation to Poland. Turkish Journal of Zoology. 41: 60-63;Anatrachyntis badia
0;North America;Anatrachyntis badia;Nearctic;2018;Hua, C., et al. (2018). A first record of Anatrachyntis badia (Hodges 1962)(Lepidoptera: Cosmopterigidae) on Zamia integrifolia (Zamiaceae). Florida Entomologist. 335-338;Anatrachyntis badia
0;North America;Azeta repugnalis;Nearctic;2002;Becker, V., Miller, S. (2002). Large moths of Guana Island, British Virgin Islands: a survey of efficient colonizers (Lepidoptera: Sphingidae, Notodontidae, Noctuidae, Arctiidae, Geometridae, Hyblaeidae, Cossidae). Journal of the Lepidopterists Society. 56(1): 9-44;Azeta repugnalis
0;North America;Agonoxena pyrogramma;Nearctic;1984;Clarke, B., Gates-Clarke, J. (1984). Insects of Micronesia, Microlepidoptera: Gelechioidea. Insects of Micronesia. 9(2): 145-155;Agonoxena pyrogramma
0;North America;Coptodisca lucifluella;Nearctic;2022;Chireceanu, C., et al. (2022). The walnut shield bearer Coptodisca lucifluella (Clemens, 1860)(Lepidoptera: Heliozelidae)-the first record in Romania. Romanian Journal for Plant Protection. 15: 15-23;Coptodisca lucifluella
0;North America;Dione vanillae;Nearctic;2006;da Silva, D., et al. (2006). External morphology of the immature stages of neotropical heliconians: V. Agraulis vanillae maculosa (Lepidoptera, Nymphalidae, Heliconiinae). Iheringia, Serie Zoologica. 96(2);Dione vanillae
0;North America;Strepsicrates smithiana;Nearctic;2012;Vargas, H. (2012). Strepsicrates smithiana Walsingham (Lepidoptera, Tortricidae): first record from Chile and a newly documented host plant. Revista Brasileira de Entomologia. 56: 381-382;Strepsicrates smithiana
0;North America;Macrorrhinia endonephele;Nearctic;2020;Hayden, J., Landry, J. (2020). Arcola malloi (Pastrana), the alligatorweed stemborer, a new synonym of Macrorrhinia endonephele (Hampson)(Lepidoptera: Pyralidae: Phycitinae). Insecta Mundi. 768: 1-25;Macrorrhinia endonephele
0;North America;Herpetogramma licarsisalis;Nearctic;1976;Tashiro, H. (1976). Biology of the grass webworm, Herpetogramma licarsisalis (Lepidoptera: Pyraustidae) in Hawaii. Annals of the Entomological Society of America. 69(5): 797-803;Herpetogramma licarsisalis
0;North America;Lampides boeticus;Nearctic;2021;Edge, D., Westrip, J. (2021). Lampides boeticus. The IUCN Red List of Threatened Species 2021: e.T174427A161341394;Lampides boeticus
0;North America;Agonoxena argaula;Nearctic;1978;Zimmerman, E. (1978). Insects of Hawaii. Vol. 9 Microlepidoptera. Part II. The University Press of Hawaii, Honolulu, Hawaii, United States of America.;Agonoxena argaula
0;North America;Ategumia ebulealis;Nearctic;2022;Brou Jr, V., Brou, C. (2022). Abita Entomological Study Site. Southern Lepidopterists News. 44(5): 409-460;Ategumia ebulealis
0;North America;Bactra venosana;Nearctic;2015;Sohn, J., et al. (2015). Seven species of Olethreutinae (Lepidoptera: Tortricidae) new to Korea. Journal of Asia-Pacific Biodiversity. 8(2): 133-138;Bactra venosana
0;North America;Calephelis virginiensis;Nearctic;2017;Cong, Q., et al. (2017). The first complete genomes of Metalmarks and the classification of butterfly families. Genomics. 109(5): 485-493;Calephelis virginiensis
0;North America;Elophila obliteralis;Nearctic;2012;Agassiz, D. (2012). The Acentropinae (Lepidoptera: Pyraloidea: Crambidae) of Africa. Zootaxa. 3494(1): 1-73;Elophila obliteralis
0;North America;Parapoynx obscuralis;Nearctic;2020;Roy, D., et al. (2020). DAISIE - Delivering Alien Invasive Species Inventories for Europe. Available at: http://www.europe-aliens.org/;Parapoynx obscuralis
0;North America;Earias vittella;Nearctic;2003;Nash, S. (2003). Earias vittella (Fabricius) (Lep.: Noctuidae) the first occurrence of wild-caught moths in Europe. Entomologists Record and Journal of Variation. 115: 187-188;Earias vittella
0;North America;Thessalia theona;Nearctic;2016;Pohl, G., et al. (Unpublished). Annotated taxonomic checklist of the Lepidoptera of North America, North of Mexico. Working paper published online by the authors at ResearchGate.net. 766 pp.;Thessalia theona
0;North America;Elaphria nucicolora;Nearctic;1958;Zimmerman, E. (1958). Insects of Hawaii. Volume 7, Macrolepidoptera. Hawaii: University of Hawaii Press, Honolulu, Hawaii, United States of America.;Elaphria nucicolora
0;North America;Cryptographis nitidalis;Nearctic;2005;Capinera, J. (2005). Melonworm, Diaphania hyalinata Linnaeus (Insecta: Lepidoptera: Pyralidae). Florida Cooperation Extension Service, Institute of Food and Agricultural Sciences, University of Florida, Gainesville, Florida: EENY163;Cryptographis nitidalis
0;North America;Melitara prodenialis;Nearctic;2009;Baker, A., Stiling, P. (2009). Comparing the effects of the exotic cactus-feeding moth, Cactoblastis cactorum (Berg) (Lepidoptera: Pyralidae) and the native cactus-feeding moth, Melitara prodenialis (Walker) (Lepidoptera: Pyralidae) on two species of Florida Opuntia. Biological Invasions. 11: 619-624;Melitara prodenialis
0;North America;Choristoneura fumiferana;Nearctic;1995;Shepherd, R., et al. (1995). Geographical distribution of Choristoneura species (Lepidoptera: Tortricidae) feeding on Abies, Picea, and Pseudotsuga in western Canada and Alaska. The Canadian Entomologist. 127(6): 813-830;Choristoneura fumiferana
0;Oceania;Praeacedes atomosella;Nearctic;2020;Roy, D., et al. (2020). DAISIE - Delivering Alien Invasive Species Inventories for Europe. Available at: http://www.europe-aliens.org/;Praeacedes atomosella
0;Oceania;Dryadaula terpsichorella;Nearctic;2014;Lee, G., et al. (2014). External egg morphology of the Hawaiian dancing moth, Dryadaula terpsichorella (Lepidoptera: Tineidae). Journal of Natural History. 48(15-16): 969-974;Dryadaula terpsichorella
0;Oceania;Simplicia cornicalis;Nearctic;2010;Dickel, T., et al. (2010) New North American Records Of The Asian Species, Simplicia cornicalis, in Florida and Louisiana. Lepidoptera Novae. 3(1): 53-56;Simplicia cornicalis
0;Oceania;Achaea janata;Nearctic;1978;Edwards, E. (1978). A review of the genus Archaea in Australia (Lepidoptera: Noctuidae). Journal of the Australian Entomological Society. 17: 329-340;Achaea janata
0;Oceania;Agrotis ipsilon;Nearctic;1997;Showers, W. (1997). Migratory Ecology of the Black Cutworm. Annual Review of Entomology. 42: 393-425;Agrotis ipsilon
0;Oceania;Papilio xuthus;Nearctic;2024;Inayoshi, Y. (2024). A Check List of Butterflies in Indo-China - Chiefly from Thailand, Laos and Vietnam. Available at: https://yutaka.it-n.jp/index.html;Papilio xuthus
0;Oceania;Agrius cingulata;Nearctic;2006;Marabuto, E. (2006). The occurrence of a neotropical hawkmoth in southern Portugal: Agrius cingulatus (Fabricius, 1775) (Lepidoptera: Sphingidae). Boletin de la Sociedad Entomologica Aragonesa. 38: 163-166;Agrius cingulata
0;Oceania;Antheraea polyphemus;Nearctic;2020;Walker, A. (2020). Antheraea polyphemus. The IUCN Red List of Threatened Species. 2020: e.T173004714A173004732;Antheraea polyphemus
0;Oceania;Lampides boeticus;Nearctic;2021;Edge, D., Westrip, J. (2021). Lampides boeticus. The IUCN Red List of Threatened Species 2021: e.T174427A161341394;Lampides boeticus
0;Oceania;Bedellia orchilella;Nearctic;1978;Zimmerman, E. (1978). Insects of Hawaii. Vol. 9 Microlepidoptera. Part I. The University Press of Hawaii, Honolulu, Hawaii, United States of America.;Bedellia orchilella
0;Oceania;Ethmia nigroapicella;Nearctic;2000;Kurr, A., Szasorv, C. (2000). Survey Of The Taiwanese Ethmiinae (Leprdoprera, Oecophoridae) With Descriptions Of Three New Species. Acta Zoologica Academiae Scientiaruh Hungaricae. 46(1):  53-78;Ethmia nigroapicella
0;Oceania;Danaus plexippus;Nearctic;2022;Walker, A., et al. (2022). Danaus plexippus (errata version published in 2022). The IUCN Red List of Threatened Species. 2022: e.T159971A219149911;Danaus plexippus
0;Oceania;Cryptophlebia illepida;Nearctic;1956;Namba, R. (1956). Cryptophlebia illepida (Butler)(Lepidoptera: Eucosmidae) and other insect pests of the macadamia nut in Hawaii. Proceedings of the Hawaiian Entomological Society. 16(2): 284-297;Cryptophlebia illepida
0;Oceania;Eurema blanda;Oceanina;2020;Payra, A. (2020). A note on the defence by Eurema blanda Boisduval (Lepidoptera: Pieridae) pupae in response to oviposition behaviour of the chalcid wasp Brachymeria sp.(Hymenoptera: Chalcididae). Revista Chilena de Entomologia, 46(3): 485-487;Eurema blanda
0;North America;Azeta repugnalis;Panamanian;1946;Ramos, J. (1946). The insects of Mona Island (West Indies). The Journal of Agriculture of the University of Puerto Rico. 30(1): 1-73;Azeta repugnalis
0;North America;Lantanophaga pusillidactylus;Panamanian;2020;Demetriou, J., et al. (2020). A new tropical invader in Greece: The lantana plume moth Lantanophaga pusillidactylus (Lepidoptera: Pterophoridae). Entomologia Hellenica. 29(1): 1-7;Lantanophaga pusillidactylus
0;Oceania;Adoxophyes melia;Oceanina;1983;Diakonoff, A. (1983). Tortricidae from Atjeh, Northern Sumatra (Lepidoptera). Zoologische Verhandelingen. 204(1): 1-129;Adoxophyes melia
0;North America;Strepsicrates smithiana;Neotropical;2012;Vargas, H. (2012). Strepsicrates smithiana Walsingham (Lepidoptera, Tortricidae): first record from Chile and a newly documented host plant. Revista Brasileira de Entomologia. 56: 381-382;Strepsicrates smithiana
0;South America;Hellula phidilealis;Neotropical;2015;Holtz, A., et al. (2015). Pragas das brassicas. Instituto Federal de Ensino, Ciencia e Tecnologia do Espirito Santo (IFES).;Hellula phidilealis
0;South America;Antichloris viridis;Neotropical;2024;Savela, M. (2024). Lepidoptera and some other life forms. Available at: https://ftp.funet.fi/index/Tree_of_life/intro.html;Antichloris viridis
0;South America;Diatraea saccharalis;Neotropical;2019;Francischini, F., et al. (2019). Diatraea saccharalis history of colonization in the Americas. The case for human-mediated dispersal. PLoS One. 14(7): e0220031;Diatraea saccharalis
0;South America;Brephidium exilis;Neotropical;2022;Calhoun, J., Smith, R. (2022). Brephidium exilis (Lycaenidae) Colonizes the Tampa Bay Area as a New Florida State Record. Southern Lepidopterists News. 44(4): 487-493;Brephidium exilis
0;South America;Aglaonice hirtipalpis;Neotropical;2002;Barnes, M. (2002). A preliminary illustrated catalogue of the larger moths of Jamaica. Available at: http://www.mbarnes.force9.co.uk/jamaicamoths/jamaicahome.htm;Aglaonice hirtipalpis
0;South America;Diastema tigris;Neotropical;1856;Walker, F. (1856). List of the Specimens of Lepidopterous Insects in the Collection of the British Museum - Part 10 Noctuidae. E. Newman, Devonshire Street, Bishopsgate. London, United Kingdom. 982pp.;Diastema tigris
0;Asia;Lymantria monacha;Oriental;2024;CAB International (CABI) (2024). CABI Invasive Species Compendium. Available at: https://www.cabidigitallibrary.org/product/QI;Lymantria monacha
0;Oceania;Ethmia nigroapicella;Oceanina;2000;Kurr, A., Szasorv, C. (2000). Survey Of The Taiwanese Ethmiinae (Leprdoprera, Oecophoridae) With Descriptions Of Three New Species. Acta Zoologica Academiae Scientiaruh Hungaricae. 46(1):  53-78;Ethmia nigroapicella
0;Asia;Sameodes cancellalis;Saharo-Arabian;2018;Poltavsky, A., et al. (2018). The Pyraloidea (Lepidoptera) fauna of the woody savannah belt in Mali, West Africa. Zootaxa. 4457(1): 39-69;Sameodes cancellalis
0;Asia;Euclasta varii;Saharo-Arabian;1973;Popescu-Gorj, A., Constantinescu, A. (1973). New African species of Euclasta (Lepidoptera, Pyraustinae). Revue roumaine de Biologie - Serie de Zoologie. 18(6): 393-402;Euclasta varii
0;Asia;Hypena jussalis;Saharo-Arabian;2024;de Prins, J., de Prins, W. (2024). Afromoths, online database of Afrotropical moth species (Lepidoptera). Available at: http://www.afromoths.net;Hypena jussalis
0;Africa;Acontia margaritata;Afrotropical;2024;Savela, M. (2024). Lepidoptera and some other life forms. Available at: https://ftp.funet.fi/index/Tree_of_life/intro.html;Acontia margaritata
0;Africa;Parapoynx stagnalis;Afrotropical;1993;Waterhouse, D. (1993). The major arthropod pests and weeds of agriculture in Southeast Asia: distribution, importance and origin. Australian Centre for International Agricultural Research - ACIAR. Camberra, Australia;Parapoynx stagnalis
0;Africa;Eublemma anachoresis;Afrotropical;1946;Swezey, O. (1946). Lepidoptera, Geometridae, Arctiidae, Agrotidae, and Pyralidae of Guam. Bishop Museum Bulletin. 189: 163-185;Eublemma anachoresis
0;Africa;Aproaerema polychromella;Afrotropical;2010;Junnilainen, J., et al. (2010). The gelechiid fauna of the southern Ural Mountains, part II: list of recorded species with taxonomic notes (Lepidoptera: Gelechiidae). Zootaxa. 2367(1): 1-68;Aproaerema polychromella
0;Africa;Hypena strigatus;Afrotropical;2013;Kononenko, V., Pinratana, A. (2013). Moths of Thailand. Noctuoidea. An illustrated Catalogue of Erebidae, Nolidae, Euteliidae and Noctuidae (Insecta, Lepidoptera) in Thailand. Brothers of St. Gabriel in Thailand. Bangkok.;Hypena strigatus
0;Africa;Crocidolomia pavonana;Afrotropical;1946;Swezey, O. (1946). Lepidoptera, Geometridae, Arctiidae, Agrotidae, and Pyralidae of Guam. Bishop Museum Bulletin. 189: 163-185;Crocidolomia pavonana
0;Africa;Tineola bisselliella;Afrotropical;2011;Plarre, R., Kruger-Carstensen, B. (2011). An attempt to reconstruct the natural and cultural history of the webbing clothes moth Tineola bisselliella Hummel (Lepidoptera: Tineidae). Journal of Entomological and Acarological Research. 43(2): 83-93;Tineola bisselliella
0;Africa;Chaliopsis junodi;Afrotropical;1971;Bosman, T., Brand, J. (1971). Biological studies of the sex pheromone of Kotochalia junodi Heyl.(Lepidoptera: Psychidae) and its partial purification. Journal of the Entomological Society of Southern Africa. 34(1): 73-78;Chaliopsis junodi
0;Africa;Scrobipalpa obsoletella;Afrotropical;2010;Bidzilya, O., Li, H. (2010). The genus Scrobipalpa Janse (Lepidoptera, Gelechiidae) in China, with descriptions of 13 new species. Zootaxa. 2513(1): 1-26;Scrobipalpa obsoletella
0;Africa;Scrobipalpa obsoletella;Afrotropical;2019;Bidzilya, O., et al. (2019). An annotated checklist of Gelechiidae (Lepidoptera) of Israel with description of two new species. Zootaxa. 4677(1): 1-68;Scrobipalpa obsoletella
0;Africa;Phycita diaphana;Afrotropical;2015;Zilli, A., Pavesi, F. (2015). new or little known Pyraloids from Italy (Lepidoptera: Pyraloidea). Phegea. 43(3): 81-96;Phycita diaphana
0;North America;Melitara dentata;Nearctic;2009;Simonsen, T., et al. (2009). Melitara Walker (Pyralidae) in western Canada: The documentation of M. subumbrella (Dyar) in the Prairie Provinces demonstrates the value of regional collections and species lists. Journal of the Lepidopteris Society. 63: 31-36;Melitara dentata
0;Europe;Parascotia fuliginaria;Palearctic;1991;Mikkola, K., et al. (1991). Zoogeography of the Holarctic species of the Noctuidae (Lepidoptera): impoftance of the Beringian refuge. Entomologica Fennica. 2(3): 157-173;Parascotia fuliginaria
0;Europe;Paraswammerdamia lutarea;Palearctic;1964;Zwolfer, H. (1964). Notes on the parasites of Swammerdamia lutarea Hw. and S. caesiella Hb.(Lep. Hyponomeutidae) in central Europe. Commonwealth Institute of Biological Control Technical Bulletin. 4: 121-146;Paraswammerdamia lutarea
0;Europe;Rhopobota naevana;Palearctic;2020;Roy, D., et al. (2020). DAISIE - Delivering Alien Invasive Species Inventories for Europe. Available at: http://www.europe-aliens.org/;Rhopobota naevana
0;Asia;Chiasmia hebesata;Palearctic;2015;Yamanaka, T., et al. (2015). Comparison of insect invasions in North America, Japan and their Islands. Biological Invasions. 17(10): 3049-3061;Chiasmia hebesata
0;Africa;Lamprosema chagosalis;Madagascan;2015;Hayden, J., Troubridge, J. (2015). Nacoleia charesalis (Walker) spreading in Florida. News of the Lepidopterists Society. 57(1): 8-10;Lamprosema chagosalis
0;Asia;Plutella porrectella;Palearctic;2010;Lopez-Vaamonde, C., et al. (2010). Lepidoptera. Chapter 11. BioRisk. 4: 603-668;Plutella porrectella
0;Europe;Plutella porrectella;Palearctic;2022;Abram, P., et al. (2022). Natural History of Plutella armoraciae Busck, 1912, A Sympatric Congener of the Diamondback Moth, Plutella xylostella (L., 1758), in Southwestern Canada. The Journal of the Lepidopterists Society. 76(1): 25-39;Plutella porrectella
0;Africa;Acalyptris platani;Saharo-Arabian;2003;Sefrova, H. (2003). Invasions of Lithocolletinae species in Europe - Causes, kinds, limits and ecological impact (Lepidoptera, Gracillariidae). Ekologia (Bratislava). 22(2): 132-142;Acalyptris platani
0;Asia;Acalyptris platani;Sino-Japanese;2003;Sefrova, H. (2003). Invasions of Lithocolletinae species in Europe - Causes, kinds, limits and ecological impact (Lepidoptera, Gracillariidae). Ekologia (Bratislava). 22(2): 132-142;Acalyptris platani
0;Asia;Nacoleia octasema;Oriental;2008;EFSA Panel on Plant Health (EFSA PLH Panel), et al. (2008). Pest risk assessment made by France on Nacoleia octasema considered by France as harmful in French overseas departments of French Guiana, Guadeloupe, Martinique and Reunion-Scientific Opinion of the Panel on Plant Health. The EFSA Journal. 671: 1-15;Nacoleia octasema
0;Australia;Nacoleia octasema;Australian;2008;EFSA Panel on Plant Health (EFSA PLH Panel), et al. (2008). Pest risk assessment made by France on Nacoleia octasema considered by France as harmful in French overseas departments of French Guiana, Guadeloupe, Martinique and Reunion-Scientific Opinion of the Panel on Plant Health. The EFSA Journal. 671: 1-15;Nacoleia octasema
0;Oceania;Nacoleia octasema;Oceanina;2008;EFSA Panel on Plant Health (EFSA PLH Panel), et al. (2008). Pest risk assessment made by France on Nacoleia octasema considered by France as harmful in French overseas departments of French Guiana, Guadeloupe, Martinique and Reunion-Scientific Opinion of the Panel on Plant Health. The EFSA Journal. 671: 1-15;Nacoleia octasema
0;Africa;Mythimna languida;Afrotropical;2007;Kravchenko, V., et al. (2007). The Hadeninae of Israel (Lepidoptera: Noctuidae). SHILAP Revista de Lepidopterologia. 35(140): 441-454;Mythimna languida
0;Africa;Mythimna languida;Madagascan;2007;Kravchenko, V., et al. (2007). The Hadeninae of Israel (Lepidoptera: Noctuidae). SHILAP Revista de Lepidopterologia. 35(140): 441-454;Mythimna languida
0;Asia;Mythimna languida;Oriental;2007;Kravchenko, V., et al. (2007). The Hadeninae of Israel (Lepidoptera: Noctuidae). SHILAP Revista de Lepidopterologia. 35(140): 441-454;Mythimna languida
0;Asia;Mythimna languida;Saharo-Arabian;2007;Kravchenko, V., et al. (2007). The Hadeninae of Israel (Lepidoptera: Noctuidae). SHILAP Revista de Lepidopterologia. 35(140): 441-454;Mythimna languida
0;Europe;Argyresthia laevigatella;Palearctic;2020;Roy, D., et al. (2020). DAISIE - Delivering Alien Invasive Species Inventories for Europe. Available at: http://www.europe-aliens.org/;Argyresthia laevigatella
0;Europe;Caloptilia roscipennella;Palearctic;2010;Lopez-Vaamonde, C., et al. (2010). Lepidoptera. Chapter 11. BioRisk. 4: 603-668;Caloptilia roscipennella
0;Asia;Niditinea fuscella;Palearctic;2019;Gaedike, R. (2019). Tineidae II: (Myrmecozelinae, Perissomasticinae, Tineinae, Hieroxestinae, Teichobiinae and Stathmopolitinae). Brill. Leiden, Netherlands.;Niditinea fuscella
0;Europe;Niditinea fuscella;Palearctic;2019;Gaedike, R. (2019). Tineidae II: (Myrmecozelinae, Perissomasticinae, Tineinae, Hieroxestinae, Teichobiinae and Stathmopolitinae). Brill. Leiden, Netherlands.;Niditinea fuscella
0;North America;Niditinea fuscella;Nearctic;2019;Gaedike, R. (2019). Tineidae II: (Myrmecozelinae, Perissomasticinae, Tineinae, Hieroxestinae, Teichobiinae and Stathmopolitinae). Brill. Leiden, Netherlands.;Niditinea fuscella
0;North America;Comotia torsicornis;Panamanian;2019;Martinez, J., et al. (2019). Lepidoptera pests of sapodilla (Manilkara zapota (L.) van Royen) in south Florida, with some comments on life history and natural control. Insecta Mundi. 0739: 1-26;Comotia torsicornis
0;Asia;Cydia millenniana;Palearctic;2010;Lopez-Vaamonde, C., et al. (2010). Lepidoptera. Chapter 11. BioRisk. 4: 603-668;Cydia millenniana
0;Europe;Cydia millenniana;Palearctic;2010;Lopez-Vaamonde, C., et al. (2010). Lepidoptera. Chapter 11. BioRisk. 4: 603-668;Cydia millenniana
0;Europe;Cydia pactolana;Palearctic;2010;Lopez-Vaamonde, C., et al. (2010). Lepidoptera. Chapter 11. BioRisk. 4: 603-668;Cydia pactolana
0;Europe;Cydia splendana;Palearctic;2020;Roy, D., et al. (2020). DAISIE - Delivering Alien Invasive Species Inventories for Europe. Available at: http://www.europe-aliens.org/;Cydia splendana
0;Europe;Epinotia nigricana;Palearctic;2018;Trematerra, P., et al. (2018). Lepidoptera Tortricidae from Calabria (Southern Italy). Redia: Giornale di Zoologia. 101: 167-181;Epinotia nigricana
0;Africa;Euchromia lethe;Saharo-Arabian;1775;Fabricius J. (1775). Systema Entomologiae sistens insectorum classes, ordines, genera, species, adiectis synonymis, locis, descriptionibus, observationibus. Flensburgi et Lipsiae. 832pp;Euchromia lethe
0;North America;Eupithecia lariciata;Nearctic;2014;Mironov, V., Galsworthy, A. (2014). A survey of Eupithecia Curtis, 1825 (Lepidoptera, Geometridae, Larentiinae) in Mongolia with descriptions of two new species. Zootaxa. 3774(2): 101-130;Eupithecia lariciata
0;Africa;Eupithecia phoeniceata;Saharo-Arabian;2007;de Prins, W. (2007). Interessante waarnemingen van Lepidoptera in Belgie in 2006 (Lepidoptera). Phegea. 35(1): 1-20;Eupithecia phoeniceata
0;Europe;Eupithecia phoeniceata;Palearctic;2020;Roy, D., et al. (2020). DAISIE - Delivering Alien Invasive Species Inventories for Europe. Available at: http://www.europe-aliens.org/;Eupithecia phoeniceata
0;North America;Melitara junctolineella;Nearctic;2020;VanDyk, J., et al. (2020). BugGuide - Identification, Images, and Information For Insects, Spiders and Their Kin For the United States and Canada. Version 1.5. United States Geological Survey. Available at: https://bugguide.net/;Melitara junctolineella
0;Europe;Epermenia aequidentellus;Palearctic;2010;Lopez-Vaamonde, C., et al. (2010). Lepidoptera. Chapter 11. BioRisk. 4: 603-668;Epermenia aequidentellus
0;Europe;Epinotia fraternana;Palearctic;2018;Trematerra, P., et al. (2018). Lepidoptera Tortricidae from Calabria (Southern Italy). Redia: Giornale di Zoologia. 101: 167-181;Epinotia fraternana
0;Europe;Epinotia subsequana;Palearctic;2003;Camarero, J., et al. (2003). The impact of a needleminer (Epinotia subsequana) outbreak on radial growth of silver fir (Abies alba) in the Aragon Pyrenees: a dendrochronological assessment. Dendrochronologia. 21(1): 3-12;Epinotia subsequana
0;North America;Erinnyis ello;Panamanian;1976;Winder, J. (1976). Ecology and control of Erinnyis ello and E. alope, important insect pests in the New World. PNAS. 22(4): 449-466;Erinnyis ello
0;Asia;Eupithecia intricata;Palearctic;2014;Mironov, V., Galsworthy, A. (2014). A survey of Eupithecia Curtis, 1825 (Lepidoptera, Geometridae, Larentiinae) in Mongolia with descriptions of two new species. Zootaxa. 3774(2): 101-130;Eupithecia intricata
0;Europe;Eupithecia intricata;Palearctic;2014;Mironov, V., Galsworthy, A. (2014). A survey of Eupithecia Curtis, 1825 (Lepidoptera, Geometridae, Larentiinae) in Mongolia with descriptions of two new species. Zootaxa. 3774(2): 101-130;Eupithecia intricata
0;North America;Eupithecia intricata;Nearctic;2014;Mironov, V., Galsworthy, A. (2014). A survey of Eupithecia Curtis, 1825 (Lepidoptera, Geometridae, Larentiinae) in Mongolia with descriptions of two new species. Zootaxa. 3774(2): 101-130;Eupithecia intricata
0;Europe;Eupithecia pulchellata;Palearctic;2020;Roy, D., et al. (2020). DAISIE - Delivering Alien Invasive Species Inventories for Europe. Available at: http://www.europe-aliens.org/;Eupithecia pulchellata
0;Africa;Eutelia adulatrix;Afrotropical;2024;Joshi, R., et al. (2024). A Catalogue of Indian Euteliidae (Lepidoptera, Noctuoidea). Zootaxa. 5448(2): 151-182;Eutelia adulatrix
0;Asia;Eutelia adulatrix;Palearctic;2024;Joshi, R., et al. (2024). A Catalogue of Indian Euteliidae (Lepidoptera, Noctuoidea). Zootaxa. 5448(2): 151-182;Eutelia adulatrix
0;Asia;Eutelia adulatrix;Saharo-Arabian;2024;Joshi, R., et al. (2024). A Catalogue of Indian Euteliidae (Lepidoptera, Noctuoidea). Zootaxa. 5448(2): 151-182;Eutelia adulatrix
0;Europe;Eutelia adulatrix;Palearctic;2024;Joshi, R., et al. (2024). A Catalogue of Indian Euteliidae (Lepidoptera, Noctuoidea). Zootaxa. 5448(2): 151-182;Eutelia adulatrix
0;Africa;Euzophera osseatella;Saharo-Arabian;2019;Gumhalter, D. (2019). A revised checklist of pyraloid moths (Lepidoptera: Pyraloidea) in Croatia. Natura Croatica: Periodicum Musei Historiae Naturalis Croatici. 28(2): 271-288;Euzophera osseatella
0;Europe;Euzophera osseatella;Palearctic;2019;Gumhalter, D. (2019). A revised checklist of pyraloid moths (Lepidoptera: Pyraloidea) in Croatia. Natura Croatica: Periodicum Musei Historiae Naturalis Croatici. 28(2): 271-288;Euzophera osseatella
0;Asia;Euzophera pinguis;Palearctic;2022;Garre, M., et al. (2022). An annotated checklist of the Pyralidae of the region of Murcia (Spain) with new records, distribution and biological data (Lepidoptera, Pyraloidea, Pyralidae). Biodiversity Data Journal. 10: e79255;Euzophera pinguis
0;Europe;Euzophera pinguis;Palearctic;2022;Garre, M., et al. (2022). An annotated checklist of the Pyralidae of the region of Murcia (Spain) with new records, distribution and biological data (Lepidoptera, Pyraloidea, Pyralidae). Biodiversity Data Journal. 10: e79255;Euzophera pinguis
0;Europe;Evergestis aenealis;Palearctic;2018;Alipanah, H., et al. (2018). Taxonomic study of the genus Evergestis Hubner, 1825 (Lepidoptera: Crambidae: Glaphyriinae) in Iran with description of a new species. Zootaxa. 4420(1): 1-33;Evergestis aenealis
0;Europe;Gelechia sabinellus;Palearctic;2020;Roy, D., et al. (2020). DAISIE - Delivering Alien Invasive Species Inventories for Europe. Available at: http://www.europe-aliens.org/;Gelechia sabinellus
0;Africa;Idaea inquinata;Saharo-Arabian;2020;Roy, D., et al. (2020). DAISIE - Delivering Alien Invasive Species Inventories for Europe. Available at: http://www.europe-aliens.org/;Idaea inquinata
0;Europe;Idaea inquinata;Palearctic;2020;Roy, D., et al. (2020). DAISIE - Delivering Alien Invasive Species Inventories for Europe. Available at: http://www.europe-aliens.org/;Idaea inquinata
0;Africa;Lithophane leautieri;Saharo-Arabian;2010;Lopez-Vaamonde, C., et al. (2010). Lepidoptera. Chapter 11. BioRisk. 4: 603-668;Lithophane leautieri
0;Europe;Lithophane leautieri;Palearctic;2010;Lopez-Vaamonde, C., et al. (2010). Lepidoptera. Chapter 11. BioRisk. 4: 603-668;Lithophane leautieri
0;Africa;Haplotinea insectella;Saharo-Arabian;2010;Lopez-Vaamonde, C., et al. (2010). Lepidoptera. Chapter 11. BioRisk. 4: 603-668;Haplotinea insectella
0;Europe;Haplotinea insectella;Palearctic;2010;Lopez-Vaamonde, C., et al. (2010). Lepidoptera. Chapter 11. BioRisk. 4: 603-668;Haplotinea insectella
0;Africa;Ophiusa tirhaca;Afrotropical;2025;PaDIL (2025). The Pest and Disease Image Library (PaDIL). Available at: https://www.padil.gov.au/;Ophiusa tirhaca
0;Africa;Ophiusa tirhaca;Saharo-Arabian;2025;PaDIL (2025). The Pest and Disease Image Library (PaDIL). Available at: https://www.padil.gov.au/;Ophiusa tirhaca
0;Asia;Ophiusa tirhaca;Oriental;2025;PaDIL (2025). The Pest and Disease Image Library (PaDIL). Available at: https://www.padil.gov.au/;Ophiusa tirhaca
0;Asia;Ophiusa tirhaca;Palearctic;2025;PaDIL (2025). The Pest and Disease Image Library (PaDIL). Available at: https://www.padil.gov.au/;Ophiusa tirhaca
0;Asia;Ophiusa tirhaca;Sino-Japanese;2025;PaDIL (2025). The Pest and Disease Image Library (PaDIL). Available at: https://www.padil.gov.au/;Ophiusa tirhaca
0;Europe;Ophiusa tirhaca;Palearctic;2025;PaDIL (2025). The Pest and Disease Image Library (PaDIL). Available at: https://www.padil.gov.au/;Ophiusa tirhaca
0;Asia;Hypsopygia costalis;Palearctic;2005;Pohl, G., et al. (2005). New records of microlepidoptera in Alberta, Canada. Journal of the Lepidopterists Society. 59(2): 61;Hypsopygia costalis
0;Europe;Hypsopygia costalis;Palearctic;2005;Pohl, G., et al. (2005). New records of microlepidoptera in Alberta, Canada. Journal of the Lepidopterists Society. 59(2): 61;Hypsopygia costalis
0;Asia;Ophiusa trapezium;Oriental;2025;PaDIL (2025). The Pest and Disease Image Library (PaDIL). Available at: https://www.padil.gov.au/;Ophiusa trapezium
0;Oceania;Ophiusa trapezium;Oceanina;2025;PaDIL (2025). The Pest and Disease Image Library (PaDIL). Available at: https://www.padil.gov.au/;Ophiusa trapezium
0;Asia;Macaria liturata;Palearctic;2010;Lopez-Vaamonde, C., et al. (2010). Lepidoptera. Chapter 11. BioRisk. 4: 603-668;Macaria liturata
0;Asia;Macaria liturata;Sino-Japanese;2010;Lopez-Vaamonde, C., et al. (2010). Lepidoptera. Chapter 11. BioRisk. 4: 603-668;Macaria liturata
0;Europe;Macaria liturata;Palearctic;2020;Roy, D., et al. (2020). DAISIE - Delivering Alien Invasive Species Inventories for Europe. Available at: http://www.europe-aliens.org/;Macaria liturata
0;North America;Manduca quinquemaculatus;Panamanian;2013;Kawahara, A., et al. (2013). Evolution of Manduca sexta hornworms and relatives: biogeographical analysis reveals an ancestral diversification in Central America. Molecular Phylogenetics and Evolution. 68(3): 381-386;Manduca quinquemaculatus
0;South America;Manduca quinquemaculatus;Neotropical;2013;Kawahara, A., et al. (2013). Evolution of Manduca sexta hornworms and relatives: biogeographical analysis reveals an ancestral diversification in Central America. Molecular Phylogenetics and Evolution. 68(3): 381-386;Manduca quinquemaculatus
0;Africa;Mussidia nigrivenella;Afrotropical;2019;Leraut, G. (2019). Contribution a la connaissance des Pyralidae Phycitinae de Madagascar, des Comores et des Mascareignes (III) - Revision et inventaire des especes presentes a Madagascar et dans les Mascareignes. Revue Francaise dEntomologie Generale. 1(2): 38-198;Mussidia nigrivenella
0;Africa;Oraesia emarginata;Afrotropical;2005;Holloway, J. (2005). The Moths of Borneo, Parts 15 & 16 Noctuidae: Catocalinae. Southdene Sdn Bhd. Available online at: https://www.mothsofborneo.com/part-15-16/index.htm;Oraesia emarginata
0;Asia;Oraesia emarginata;Oriental;2005;Holloway, J. (2005). The Moths of Borneo, Parts 15 & 16 Noctuidae: Catocalinae. Southdene Sdn Bhd. Available online at: https://www.mothsofborneo.com/part-15-16/index.htm;Oraesia emarginata
0;Asia;Oligostigma polydectalis;Oriental;2022;Goater, B., et al. (2022). Pyraloidea I: (Acentropinae, Evergestinae, Heliothelinae, Schoenobiinae, Scopariinae) (Vol. 4). Brill. Leiden, Netherlands.;Oligostigma polydectalis
0;Australia;Oligostigma polydectalis;Australian;2022;Goater, B., et al. (2022). Pyraloidea I: (Acentropinae, Evergestinae, Heliothelinae, Schoenobiinae, Scopariinae) (Vol. 4). Brill. Leiden, Netherlands.;Oligostigma polydectalis
0;Asia;Phtheochroa pulvillana;Palearctic;2022;Fazekas I. (2022). A synopsis of the bionomics and geographical distribution of Phtheochroa species in Hungary (Lepidoptera: Tortricidae, Cochylini). Lepidopterologica Hungarica. 18(1): 23-43;Phtheochroa pulvillana
0;Europe;Phtheochroa pulvillana;Palearctic;2022;Fazekas I. (2022). A synopsis of the bionomics and geographical distribution of Phtheochroa species in Hungary (Lepidoptera: Tortricidae, Cochylini). Lepidopterologica Hungarica. 18(1): 23-43;Phtheochroa pulvillana
0;Europe;Phyllonorycter geniculella;Palearctic;2020;Roy, D., et al. (2020). DAISIE - Delivering Alien Invasive Species Inventories for Europe. Available at: http://www.europe-aliens.org/;Phyllonorycter geniculella
0;Africa;Palpita vitrealis;Saharo-Arabian;2012;Yilmaz, C., Genc, H. (2012). Determination of the life cycle of the Olive Fruit Leaf Moth, Palpita unionalis (Lepidoptera: Pyralidae) in the laboratory. Florida Entomologist. 95: 162-170;Palpita vitrealis
0;South America;Palpita vitrealis;Neotropical;2012;Yilmaz, C., Genc, H. (2012). Determination of the life cycle of the Olive Fruit Leaf Moth, Palpita unionalis (Lepidoptera: Pyralidae) in the laboratory. Florida Entomologist. 95: 162-170;Palpita vitrealis
0;Africa;Pardasena virgulana;Saharo-Arabian;2020;Roy, D., et al. (2020). DAISIE - Delivering Alien Invasive Species Inventories for Europe. Available at: http://www.europe-aliens.org/;Pardasena virgulana
0;Europe;Pardasena virgulana;Palearctic;2020;Roy, D., et al. (2020). DAISIE - Delivering Alien Invasive Species Inventories for Europe. Available at: http://www.europe-aliens.org/;Pardasena virgulana
0;North America;Phobetron hipparchia;Panamanian;1996;Gustafsson, B. (1996). Nigra fjiirilsarter importerade till Sverige med bananer. Entomologisk Tidskrift. 117(3): 123-124;Phobetron hipparchia
0;South America;Phobetron hipparchia;Neotropical;1996;Gustafsson, B. (1996). Nigra fjiirilsarter importerade till Sverige med bananer. Entomologisk Tidskrift. 117(3): 123-124;Phobetron hipparchia
0;Europe;Phyllonorycter strigulatella;Palearctic;2020;Roy, D., et al. (2020). DAISIE - Delivering Alien Invasive Species Inventories for Europe. Available at: http://www.europe-aliens.org/;Phyllonorycter strigulatella
0;North America;Platynota rostrana;Panamanian;2017;der Gaag, D., der Straten, M. (2017). Short Pest Risk Analysis for Platynota rostrana and Platynota stultana. Netherlands Food and Consumer Product Safety Authority Ministry of Economic Affairs. November, 2017.;Platynota rostrana
0;South America;Platynota rostrana;Neotropical;2017;der Gaag, D., der Straten, M. (2017). Short Pest Risk Analysis for Platynota rostrana and Platynota stultana. Netherlands Food and Consumer Product Safety Authority Ministry of Economic Affairs. November, 2017.;Platynota rostrana
0;Africa;Scrobipalpa ocellatella;Saharo-Arabian;2019;Bidzilya, O., et al. (2019). An annotated checklist of Gelechiidae (Lepidoptera) of Israel with description of two new species. Zootaxa. 4677(1): 1-68;Scrobipalpa ocellatella
0;Asia;Scrobipalpa ocellatella;Saharo-Arabian;2019;Bidzilya, O., et al. (2019). An annotated checklist of Gelechiidae (Lepidoptera) of Israel with description of two new species. Zootaxa. 4677(1): 1-68;Scrobipalpa ocellatella
0;Asia;Oxyodes scrobiculata;Oriental;2025;PaDIL (2025). The Pest and Disease Image Library (PaDIL). Available at: https://www.padil.gov.au/;Oxyodes scrobiculata
0;North America;Spodoptera dolichos;Nearctic;2015;Montezano, D., et al. (2015). Biotic potential and reproductive parameters of Spodoptera dolichos (Lepidoptera: Noctuidae) in the laboratory. Zoologia (Curitiba). 32(6): 485-491;Spodoptera dolichos
0;North America;Spodoptera dolichos;Panamanian;2015;Montezano, D., et al. (2015). Biotic potential and reproductive parameters of Spodoptera dolichos (Lepidoptera: Noctuidae) in the laboratory. Zoologia (Curitiba). 32(6): 485-491;Spodoptera dolichos
0;South America;Spodoptera dolichos;Neotropical;2015;Montezano, D., et al. (2015). Biotic potential and reproductive parameters of Spodoptera dolichos (Lepidoptera: Noctuidae) in the laboratory. Zoologia (Curitiba). 32(6): 485-491;Spodoptera dolichos
0;Africa;Spodoptera littoralis;Afrotropical;2023;ElShahed, S., et al. (2023). Modeling the potential global distribution of the Egyptian cotton leafworm, Spodoptera littoralis under climate change. Scientific Reports. 13: 17314;Spodoptera littoralis
0;Africa;Spodoptera littoralis;Saharo-Arabian;2023;ElShahed, S., et al. (2023). Modeling the potential global distribution of the Egyptian cotton leafworm, Spodoptera littoralis under climate change. Scientific Reports. 13: 17314;Spodoptera littoralis
0;Africa;Prays oleae;Saharo-Arabian;2010;Lopez-Vaamonde, C., et al. (2010). Lepidoptera. Chapter 11. BioRisk. 4: 603-668;Prays oleae
0;Europe;Prays oleae;Palearctic;2020;Roy, D., et al. (2020). DAISIE - Delivering Alien Invasive Species Inventories for Europe. Available at: http://www.europe-aliens.org/;Prays oleae
0;Africa;Pygospila tyres;Afrotropical;2022;Kalawate, A., et al. (2022). First Indian DNA barcode record for the moth species Pygospila tyres (Cramer, 1780) (Lepidoptera: Crambidae: Spilomelinae) distributed in Asia and Australia. Journal of Threatened Taxa. 14(2): 20637-20642;Pygospila tyres
0;Africa;Pygospila tyres;Saharo-Arabian;2022;Kalawate, A., et al. (2022). First Indian DNA barcode record for the moth species Pygospila tyres (Cramer, 1780) (Lepidoptera: Crambidae: Spilomelinae) distributed in Asia and Australia. Journal of Threatened Taxa. 14(2): 20637-20642;Pygospila tyres
0;North America;Rothschildia orizaba;Nearctic;1988;Gauld, I. (1988). The species of the Enicospilus americanus complex (Hymenoptera: Ichneumonidae) in eastern North America. Systernafic Entomology. 13: 31-53;Rothschildia orizaba
0;Europe;Saturnia pyri;Palearctic;2024;Huemer, P. (2024). Unexpected diversity of moths (Lepidoptera) in the Gardens of Trauttmansdorff Castle (Prov. Bolzano-South Tyrol, Italy). Gredleriana. 24;Saturnia pyri
0;Africa;Selania leplastriana;Saharo-Arabian;1997;Farrugia, C. (1997). Insect Pests on Cauliflower (Brassica oleracea Var. Botrytis) in Gozo (Maltese Islands, Central Mediterranean). The Central Mediterranean Naturalist. 2(4): 152-165;Selania leplastriana
0;Asia;Sphinx pinastri;Palearctic;2020;Tugulea, H., Tugulea, A. (2020). Contributions to knowledge of the fauna of hawk-moths (Lepidoptera, Sphingidae) from the Republic of Moldova. Oltenia-studii si Comunicari Stiintele Naturii. 36(2): 105-112;Sphinx pinastri
0;Asia;Sphinx pinastri;Sino-Japanese;2020;Tugulea, H., Tugulea, A. (2020). Contributions to knowledge of the fauna of hawk-moths (Lepidoptera, Sphingidae) from the Republic of Moldova. Oltenia-studii si Comunicari Stiintele Naturii. 36(2): 105-112;Sphinx pinastri
0;Europe;Sphinx pinastri;Palearctic;2020;Tugulea, H., Tugulea, A. (2020). Contributions to knowledge of the fauna of hawk-moths (Lepidoptera, Sphingidae) from the Republic of Moldova. Oltenia-studii si Comunicari Stiintele Naturii. 36(2): 105-112;Sphinx pinastri
0;Africa;Parapoynx stagnalis;Afrotropical;1993;Waterhouse, D. (1993). The major arthropod pests and weeds of agriculture in Southeast Asia: distribution, importance and origin. Australian Centre for International Agricultural Research - ACIAR. Camberra, Australia;Parapoynx stagnalis
0;Asia;Parapoynx stagnalis;Oriental;1993;Waterhouse, D. (1993). The major arthropod pests and weeds of agriculture in Southeast Asia: distribution, importance and origin. Australian Centre for International Agricultural Research - ACIAR. Camberra, Australia;Parapoynx stagnalis
0;Asia;Parapoynx stagnalis;Sino-Japanese;1993;Waterhouse, D. (1993). The major arthropod pests and weeds of agriculture in Southeast Asia: distribution, importance and origin. Australian Centre for International Agricultural Research - ACIAR. Camberra, Australia;Parapoynx stagnalis
0;Australia;Parapoynx stagnalis;Australian;1993;Waterhouse, D. (1993). The major arthropod pests and weeds of agriculture in Southeast Asia: distribution, importance and origin. Australian Centre for International Agricultural Research - ACIAR. Camberra, Australia;Parapoynx stagnalis
0;Asia;Theresimima ampellophaga;Palearctic;2020;Chireceanu, C., et al. (2020). Invasive Insect Species Detected on Grapevines in Romania during 2016-2019 and First Record of Erasmoneura vulnerata (Fitch, 1851) (Hemiptera: Cicadellidae). Acta Zoologica Bulgarica. 72(4): 649-659;Theresimima ampellophaga
0;Europe;Theresimima ampellophaga;Palearctic;2020;Chireceanu, C., et al. (2020). Invasive Insect Species Detected on Grapevines in Romania during 2016-2019 and First Record of Erasmoneura vulnerata (Fitch, 1851) (Hemiptera: Cicadellidae). Acta Zoologica Bulgarica. 72(4): 649-659;Theresimima ampellophaga
0;Europe;Stigmella aurella;Palearctic;2010;Lopez-Vaamonde, C., et al. (2010). Lepidoptera. Chapter 11. BioRisk. 4: 603-668;Stigmella aurella
0;Europe;Tebenna micalis;Palearctic;2020;Roy, D., et al. (2020). DAISIE - Delivering Alien Invasive Species Inventories for Europe. Available at: http://www.europe-aliens.org/;Tebenna micalis
0;North America;Utetheisa ornatrix;Panamanian;2010;Filho, J., et al. (2010). The three phases of the ensemble forecasting of niche models: geographic range and shifts in climatically suitable areas of Utetheisa ornatrix (Lepidoptera, Arctiidae). Revista Brasileira de Entomologia. 54(3): 339-349;Utetheisa ornatrix
0;South America;Utetheisa ornatrix;Neotropical;2010;Filho, J., et al. (2010). The three phases of the ensemble forecasting of niche models: geographic range and shifts in climatically suitable areas of Utetheisa ornatrix (Lepidoptera, Arctiidae). Revista Brasileira de Entomologia. 54(3): 339-349;Utetheisa ornatrix
0;Africa;Zebronia phenice;Afrotropical;1998;Kuhlmann, U., et al. (1998). Quantifying the impact of insect predators and parasitoids on populations of the apple ermine moth, Yponomeuta malinellus (Lepidoptera: Yponomeutidae), in Europe. Bulletin of Entomological Research. 88(2): 165-175;Zebronia phenice
0;Africa;Zebronia phenice;Saharo-Arabian;1998;Kuhlmann, U., et al. (1998). Quantifying the impact of insect predators and parasitoids on populations of the apple ermine moth, Yponomeuta malinellus (Lepidoptera: Yponomeutidae), in Europe. Bulletin of Entomological Research. 88(2): 165-175;Zebronia phenice
0;North America;Zeiraphera griseana;Nearctic;2005;Zhang, A., Li, H. (2005). Catalogue of Eucosmini from China (Lepidoptera: Tortricidae) SHILAP Revista de Lepidopterologia. 33(131): 265-298;Zeiraphera griseana
0;Asia;Perixera illepidaria;Oriental;2014;Kumar, V., et al. (2014). Outbreak of the looper, Perixera illepidaria (Lepidoptera: Geometridae) on litchi, Litchi chinensis (Sapindales: Sapindaceae)-a new pest record from India. Florida Entomologist. 97(1): 22-29;Perixera illepidaria
0;North America;Phthorimaea operculella;Panamanian;2012;Krsteska, V., Stojanoski, P. (2012) Phthorimaea operculella (Zeller, 1983), in the tobacco agro-ecosystem. In: International Conference on BioScience: Biotechnology and Biodiversity The Forth Joint UNS - PSU, Novi Sad.;Phthorimaea operculella
0;South America;Phthorimaea operculella;Neotropical;2013;Subchev, M., et al. (2013). Seasonal flight of the potato tuber moth, Phthorimaea operculella (Zeller)(Lepidoptera: Gelechiidae) in three regions in Bulgaria established by pheromone traps. Acta Phytopathologica et Entomologica Hungarica. 48(1): 75-86;Phthorimaea operculella
0;North America;Choristoneura rosaceana;Nearctic;2012;Gilligan, T., Epstein, M. (2012). TortAI, Tortricids of Agricultural Importance to the United States (Lepidoptera: Tortricidae). Identification Technology Program (ITP), USDA/APHIS/PPQ/CPHST, Fort Collins, CO. Available at: https://idtools.org/id/tortai/index.html;Choristoneura rosaceana
0;Asia;Phyllocnistis citrella;Oriental;2000;Urbaneja, A., et al. (2000). Indigenous Natural Enemies Associated with Phyllocnistis citrella (Lepidoptera: Gracillariidae) in Eastern Spain. Biological Control. 18: 199-207;Phyllocnistis citrella
0;Africa;Phyllonorycter messaniella;Saharo-Arabian;2007;Triberti, P. (2007). The Phyllonorycter species from Palaearctic Region feeding on Rosaceae (Lepidoptera, Gracillariidae). Bollettino del Museo Civico di Storia Naturale di Verona. 31: 147-221;Phyllonorycter messaniella
0;Europe;Phyllonorycter messaniella;Palearctic;2010;Lopez-Vaamonde, C., et al. (2010). Lepidoptera. Chapter 11. BioRisk. 4: 603-668;Phyllonorycter messaniella
0;Asia;Plutella xylostella;Palearctic;2020;Fuentes, N., et al. (2020). Multi-taxa inventory of naturalized species in Chile (including native Chilean species introduced in other areas of the national territory outside of their original range). NeoBiota. 60: 25-41;Plutella xylostella
0;Europe;Plutella xylostella;Palearctic;2020;Fuentes, N., et al. (2020). Multi-taxa inventory of naturalized species in Chile (including native Chilean species introduced in other areas of the national territory outside of their original range). NeoBiota. 60: 25-41;Plutella xylostella
0;Africa;Arenipses sabella;Saharo-Arabian;2019;Falck, P., et al. (2019). New data on Pyraloidea from the Canary Islands, Spain (Lepidoptera: Pyraloidea). SHILAP Revista de Lepidopterologia. 47(185): 33-48;Arenipses sabella
0;Asia;Arenipses sabella;Saharo-Arabian;2019;Falck, P., et al. (2019). New data on Pyraloidea from the Canary Islands, Spain (Lepidoptera: Pyraloidea). SHILAP Revista de Lepidopterologia. 47(185): 33-48;Arenipses sabella
0;Europe;Arenipses sabella;Palearctic;2019;Falck, P., et al. (2019). New data on Pyraloidea from the Canary Islands, Spain (Lepidoptera: Pyraloidea). SHILAP Revista de Lepidopterologia. 47(185): 33-48;Arenipses sabella
0;North America;Acharia stimulea;Panamanian;2022;Cooley, T., Reardon, R. (2022). Field Guide to the Slug Moths (Lepidoptera: Limacodidae) of West Virginia. Forest Service U.S. Department of Agriculture. 84pp;Acharia stimulea
0;Asia;Paranthrene tabaniformis;Palearctic;2023;Zheng, Y., et al. (2023). Antennal and proboscis sensilla characteristics of Paranthrene tabaniformis (Lepidoptera: Sesiidae). Microscopy Research and Technique. 86(4): 452-464;Paranthrene tabaniformis
0;Europe;Paranthrene tabaniformis;Palearctic;1956;Morris, R. (1956). Note on Paranthrene tabaniformis Rott., a moth new to North America (lepidoptera: Aegeriidae). The Canadian Entomologist. 88(11): 652;Paranthrene tabaniformis
0;Europe;Peribatodes perversaria;Palearctic;2020;Roy, D., et al. (2020). DAISIE - Delivering Alien Invasive Species Inventories for Europe. Available at: http://www.europe-aliens.org/;Peribatodes perversaria
0;North America;Syntomeida epilais;Panamanian;2016;McAuslane, H. (2016). Oleander caterpillar, Syntomeida epilais Walker (Insecta: Lepidoptera: Arctiidae). U.S. Department of Agriculture. University of Florida. Florida, United States of America.;Syntomeida epilais
0;South America;Syntomeida epilais;Neotropical;2016;McAuslane, H. (2016). Oleander caterpillar, Syntomeida epilais Walker (Insecta: Lepidoptera: Arctiidae). U.S. Department of Agriculture. University of Florida. Florida, United States of America.;Syntomeida epilais
0;Africa;Crambus leucoschalis;Afrotropical;1989;Hampson, G. (1898). On a collection of Heterocera made in the Transvaal. Annals and Magazine of Natural History. 7(2): 158-164;Crambus leucoschalis
0;Africa;Ethmia terminella;Saharo-Arabian;2010;Lopez-Vaamonde, C., et al. (2010). Lepidoptera. Chapter 11. BioRisk. 4: 603-668;Ethmia terminella
0;Asia;Ethmia terminella;Palearctic;2010;Lopez-Vaamonde, C., et al. (2010). Lepidoptera. Chapter 11. BioRisk. 4: 603-668;Ethmia terminella
0;Europe;Ethmia terminella;Palearctic;2020;Kovacs, Z., Kovacs, S. (2020). Contributions to the knowledge of the Depressariidae, Peleopodidae, Ethmiidae and Fuchsiini (Lepidoptera, Gelechioidea) of Romania, with an annotated checklist. Travaux du Museum National d Histoire Naturelle Grigore Antipa. 63(2): 203-254;Ethmia terminella
0;Asia;Eupithecia sinuosaria;Palearctic;1991;Slade, B., Agassiz, D. (1991). Eupithecia sinuosaria Eversmann (Lep.: Geometridae) New to the British Isles. The Entomologists Record and Journal of Variation. 104(11): 287-288;Eupithecia sinuosaria
0;Europe;Eupithecia sinuosaria;Palearctic;1991;Slade, B., Agassiz, D. (1991). Eupithecia sinuosaria Eversmann (Lep.: Geometridae) New to the British Isles. The Entomologists Record and Journal of Variation. 104(11): 287-288;Eupithecia sinuosaria
0;North America;Feltia subgothica;Nearctic;2025;NatureServe (2025). NatureServe Network Biodiversity Location Data accessed through NatureServe Explorer [web application] - Feltia subgothica. NatureServe, Arlington, Virginia. Available at: https://explorer.natureserve.org/Taxon/ELEMENT_GLOBAL.2.114431/Feltia_subgothica;Feltia subgothica
0;North America;Idaea bonifata;Nearctic;2022;Perez de-Gregorio, J., Romana, I. (2022). Distribucio d algunes especies interessants del genere Catocala Schrank, 1802 a Catalunya (Lepidoptera, Erebidae, Catocalinae)= Distribution de quelques especes interessantes du genre Catocala Schrank, 1802 en Catalogne (Lepidoptera, Erebidae, Catocalinae). Revue de l Association Roussillonnaise d Entomologie (RARE). 31(3): 191-202;Idaea bonifata
0;Africa;Kirinia roxelana;Saharo-Arabian;2009;Tolman, T., Lewington, R. (2009). Collins Butterfly Guide. HarperCollins Publishers;Kirinia roxelana
0;Asia;Kirinia roxelana;Palearctic;2009;Tolman, T., Lewington, R. (2009). Collins Butterfly Guide. HarperCollins Publishers;Kirinia roxelana
0;Europe;Kirinia roxelana;Palearctic;2009;Tolman, T., Lewington, R. (2009). Collins Butterfly Guide. HarperCollins Publishers;Kirinia roxelana
0;Asia;Nemapogon gerasimovi;Palearctic;2018;Lee, D., et al. (2018). Review of the stored product pest genus Nemapogon Schrank, 1802 (Lepidoptera, Tineidae) from Korea. Journal of Asia-Pacific Biodiversity. 11(4): 554-559;Nemapogon gerasimovi
0;Asia;Sciota marmorata;Palearctic;2011;Streltzov A. (2011). Sciota marmorata - a new species of phycitid moths (Lepidoptera: Pyraloidea, Phycitidae) in the fauna of the Far East of Russia. Amurian Zoological Journal. 3(1): 52;Sciota marmorata
0;Europe;Sciota marmorata;Palearctic;2011;Streltzov A. (2011). Sciota marmorata - a new species of phycitid moths (Lepidoptera: Pyraloidea, Phycitidae) in the fauna of the Far East of Russia. Amurian Zoological Journal. 3(1): 52;Sciota marmorata
0;Africa;Pyropteron doryliformis;Saharo-Arabian;2004;Morley, T., et al. (2004). Establishment and dispersal of dock moth Pyropteron doryliformis (Ochsenheimer)(Lepidoptera: Sesiidae) in Victoria. In: Fourteenth Australian Weeds Conference: 381-384;Pyropteron doryliformis
0;Europe;Pyropteron doryliformis;Palearctic;2004;Morley, T., et al. (2004). Establishment and dispersal of dock moth Pyropteron doryliformis (Ochsenheimer)(Lepidoptera: Sesiidae) in Victoria. In: Fourteenth Australian Weeds Conference: 381-384;Pyropteron doryliformis
0;Europe;Sedina buettneri;Palearctic;2001;Fox, R. (2001). Butterflies and moths. In: Hawksworth, D. (Ed.) (2001). The changing wildlife of Great Britain and Ireland. Taylor and Francis, Limited. Padstow, Cornwall, United Kingdom.;Sedina buettneri
0;Asia;Rapala manea;Oriental;2023;Banerjee, D., et al. (2023). New larval host plants for three butterfly (Lepidoptera, Papilionoidea) species from Rahr region of West Bengal, India. Journal of Insect Biodiversity and Systematics. 9(1): 67-79;Rapala manea
0;Africa;Eurranthis plummistaria;Saharo-Arabian;2020;Roy, D., et al. (2020). DAISIE - Delivering Alien Invasive Species Inventories for Europe. Available at: http://www.europe-aliens.org/;Eurranthis plummistaria
0;Europe;Eurranthis plummistaria;Palearctic;2020;Roy, D., et al. (2020). DAISIE - Delivering Alien Invasive Species Inventories for Europe. Available at: http://www.europe-aliens.org/;Eurranthis plummistaria
0;Europe;Synanthedon andrenaeformis;Palearctic;2010;Lopez-Vaamonde, C., et al. (2010). Lepidoptera. Chapter 11. BioRisk. 4: 603-668;Synanthedon andrenaeformis
0;Africa;Eupithecia carpophagata;Saharo-Arabian;2010;Lopez-Vaamonde, C., et al. (2010). Lepidoptera. Chapter 11. BioRisk. 4: 603-668;Eupithecia carpophagata
0;Europe;Phyllonorycter joannisi;Palearctic;2020;Roy, D., et al. (2020). DAISIE - Delivering Alien Invasive Species Inventories for Europe. Available at: http://www.europe-aliens.org/;Phyllonorycter joannisi
0;Africa;Spatalia argentina;Saharo-Arabian;2023;de Juana, F., Macia, R. (2023). Sobre Spatalia argentina (Denis & Schiffermuller, 1775) en la Peninsula Iberica: distribucion, seleccion de habitat y fenologia (Lepidoptera: Notodontidae). SHILAP Revista de Lepidopterologia. 51(203): 525-538;Spatalia argentina
0;Asia;Spatalia argentina;Saharo-Arabian;2023;de Juana, F., Macia, R. (2023). Sobre Spatalia argentina (Denis & Schiffermuller, 1775) en la Peninsula Iberica: distribucion, seleccion de habitat y fenologia (Lepidoptera: Notodontidae). SHILAP Revista de Lepidopterologia. 51(203): 525-538;Spatalia argentina
0;Africa;Haplotinea ditella;Saharo-Arabian;2020;Roy, D., et al. (2020). DAISIE - Delivering Alien Invasive Species Inventories for Europe. Available at: http://www.europe-aliens.org/;Haplotinea ditella
0;Europe;Stenoptilia millieridactylus;Palearctic;2010;Lopez-Vaamonde, C., et al. (2010). Lepidoptera. Chapter 11. BioRisk. 4: 603-668;Stenoptilia millieridactylus
0;Africa;Zelleria oleastrella;Saharo-Arabian;2011;Kacar, G., Ulusoy, M. (2011). Zelleria oleastrella (Milliere) (Lepidoptera: Yponomeutidae), a new record for the fauna of Turkey. Turkish Journal of Zoology. 35(6): 15;Zelleria oleastrella
0;Asia;Zelleria oleastrella;Saharo-Arabian;2011;Kacar, G., Ulusoy, M. (2011). Zelleria oleastrella (Milliere) (Lepidoptera: Yponomeutidae), a new record for the fauna of Turkey. Turkish Journal of Zoology. 35(6): 15;Zelleria oleastrella
0;Europe;Zelleria oleastrella;Palearctic;2011;Kacar, G., Ulusoy, M. (2011). Zelleria oleastrella (Milliere) (Lepidoptera: Yponomeutidae), a new record for the fauna of Turkey. Turkish Journal of Zoology. 35(6): 15;Zelleria oleastrella
0;North America;Samea multiplicalis;Nearctic;1976;Knopf, K., Habeck, D. (1976). Life history and biology of Samea multiplicalis. Environmental Entomology. 5(3): 539-542;Samea multiplicalis
0;North America;Samea multiplicalis;Panamanian;1976;Knopf, K., Habeck, D. (1976). Life history and biology of Samea multiplicalis. Environmental Entomology. 5(3): 539-542;Samea multiplicalis
0;South America;Samea multiplicalis;Neotropical;1976;Knopf, K., Habeck, D. (1976). Life history and biology of Samea multiplicalis. Environmental Entomology. 5(3): 539-542;Samea multiplicalis
0;Europe;Stigmella centifoliella;Palearctic;2010;Lopez-Vaamonde, C., et al. (2010). Lepidoptera. Chapter 11. BioRisk. 4: 603-668;Stigmella centifoliella
0;Africa;Stigmella atricapitella;Saharo-Arabian;2003;van Nieukerken, E., Johansson, R. (2003). The Quercus feeding Stigmella species of the West Palaearctic: new species, key and distribution (Lepidoptera: Nepticulidae). Tijdschrift voor Entomologie. 146: 307-370;Stigmella atricapitella
0;Europe;Stigmella atricapitella;Palearctic;2010;Lopez-Vaamonde, C., et al. (2010). Lepidoptera. Chapter 11. BioRisk. 4: 603-668;Stigmella atricapitella
0;Europe;Acrolepia assectella;Palearctic;2007;Landry, J. (2007). Taxonomic review of the leek moth genus Acrolepiopsis (Lepidoptera: Acrolepiidae) in North America. The Canadian Entomologist. 139: 319-353;Acrolepia assectella
0;South America;Argyrogramma verruca;Neotropical;1978;Eichlin, T., Cunningham, H. (1978). The Plusiinae (Lepidoptera: Noctuidae) of America north of Mexico, emphasizing genitalic and larval morphology (No. 1567). Department of Agriculture, Agricultural Research Service. Washington D.C., United States of America.;Argyrogramma verruca
0;Asia;Lateroligia ophiogramma;Palearctic;2020;Crabo, L., Holden, D. (2020). A Review of Established Accidentally-Introduced Noctuoidea in the Pacific Northwest Region of North America, with First Report of the Eurasian Cutworm Mesapamea secalis (L.)(Noctuidae, Noctuinae, Apameini) for North America. The Journal of the Lepidopterists Society. 74(2): 95-105;Lateroligia ophiogramma
0;Asia;Lateroligia ophiogramma;Sino-Japanese;2020;Crabo, L., Holden, D. (2020). A Review of Established Accidentally-Introduced Noctuoidea in the Pacific Northwest Region of North America, with First Report of the Eurasian Cutworm Mesapamea secalis (L.)(Noctuidae, Noctuinae, Apameini) for North America. The Journal of the Lepidopterists Society. 74(2): 95-105;Lateroligia ophiogramma
0;North America;Lioptilodes albistriolatus;Nearctic;2019;Matthews, D., et al. (2019). Additions to the plume moth fauna of The Bahamas (Lepidoptera: Pterophoridae) with description of four new species. Insecta Mundi. 0708: 1-35;Lioptilodes albistriolatus
0;South America;Lioptilodes albistriolatus;Neotropical;2019;Matthews, D., et al. (2019). Additions to the plume moth fauna of The Bahamas (Lepidoptera: Pterophoridae) with description of four new species. Insecta Mundi. 0708: 1-35;Lioptilodes albistriolatus
0;Asia;Psilogramma menephron;Oriental;1987;Holloway, J. (1987). Moths of Borneo 3. Superfamily Bombycoidea: Families Lasiocampidae, Eupterotidae, Bombycidae, Brahmaeidae, Saturnidae, Sphingidae. Southene Sdn Bhd. Available at: https://www.mothsofborneo.com/part-3/;Psilogramma menephron
0;Australia;Psilogramma menephron;Australian;1987;Holloway, J. (1987). Moths of Borneo 3. Superfamily Bombycoidea: Families Lasiocampidae, Eupterotidae, Bombycidae, Brahmaeidae, Saturnidae, Sphingidae. Southene Sdn Bhd. Available at: https://www.mothsofborneo.com/part-3/;Psilogramma menephron
0;Oceania;Psilogramma menephron;Oceanina;1987;Holloway, J. (1987). Moths of Borneo 3. Superfamily Bombycoidea: Families Lasiocampidae, Eupterotidae, Bombycidae, Brahmaeidae, Saturnidae, Sphingidae. Southene Sdn Bhd. Available at: https://www.mothsofborneo.com/part-3/;Psilogramma menephron
0;Asia;Serrodes mediopallens;Oriental;2025;PaDIL (2025). The Pest and Disease Image Library (PaDIL). Available at: https://www.padil.gov.au/;Serrodes mediopallens
0;Oceania;Serrodes mediopallens;Oceanina;2025;PaDIL (2025). The Pest and Disease Image Library (PaDIL). Available at: https://www.padil.gov.au/;Serrodes mediopallens
0;Asia;Tyta luctuosa;Sino-Japanese;1988;Rosenthal, S., et al. (1988). Biology of Tyta luctuosa [Lep.: Noctuidae] and its potential value as a biological control agent for the weed Convolvulus arvensis. Entomophaga. 33: 185-192;Tyta luctuosa
0;Europe;Tyta luctuosa;Palearctic;1988;Rosenthal, S., et al. (1988). Biology of Tyta luctuosa [Lep.: Noctuidae] and its potential value as a biological control agent for the weed Convolvulus arvensis. Entomophaga. 33: 185-192;Tyta luctuosa
0;North America;Sitotroga cerealella;Nearctic;2020;Roy, D., et al. (2020). DAISIE - Delivering Alien Invasive Species Inventories for Europe. Available at: http://www.europe-aliens.org/;Sitotroga cerealella
0;Asia;Aethes rutilana;Palearctic;2020;Gilligan, T., et al. (2020). Immigrant Tortricidae: Holarctic versus Introduced Species in North America. Insects. 11(9):594;Aethes rutilana
0;Europe;Aethes rutilana;Palearctic;2020;Gilligan, T., et al. (2020). Immigrant Tortricidae: Holarctic versus Introduced Species in North America. Insects. 11(9):594;Aethes rutilana
0;North America;Aethes rutilana;Nearctic;2020;Gilligan, T., et al. (2020). Immigrant Tortricidae: Holarctic versus Introduced Species in North America. Insects. 11(9):594;Aethes rutilana
0;Africa;Achroia grisella;Afrotropical;1986;Clarke, J. (1986): Pyralidae and Microlepidoptera of the Marquesas Archipelago. Smithsonian Contributions to Zoology. 416;Achroia grisella
0;Africa;Achroia grisella;Saharo-Arabian;1986;Clarke, J. (1986): Pyralidae and Microlepidoptera of the Marquesas Archipelago. Smithsonian Contributions to Zoology. 416;Achroia grisella
0;North America;Achroia grisella;Nearctic;1986;Clarke, J. (1986): Pyralidae and Microlepidoptera of the Marquesas Archipelago. Smithsonian Contributions to Zoology. 416;Achroia grisella
0;Africa;Spodoptera exempta;Saharo-Arabian;1986;Haggis, M. (1986). Distribution of the African armyworm, Spodoptera exempta (Walker)(Lepidoptera: Noctuidae), and the frequency of larval outbreaks in Africa and Arabia. Bulletin of Entomological Research. 76(1): 151-170;Spodoptera exempta
0;Asia;Spodoptera exempta;Oriental;1986;Haggis, M. (1986). Distribution of the African armyworm, Spodoptera exempta (Walker)(Lepidoptera: Noctuidae), and the frequency of larval outbreaks in Africa and Arabia. Bulletin of Entomological Research. 76(1): 151-170;Spodoptera exempta
0;Asia;Spodoptera exempta;Saharo-Arabian;1986;Haggis, M. (1986). Distribution of the African armyworm, Spodoptera exempta (Walker)(Lepidoptera: Noctuidae), and the frequency of larval outbreaks in Africa and Arabia. Bulletin of Entomological Research. 76(1): 151-170;Spodoptera exempta
0;Oceania;Spodoptera exempta;Oceanina;1986;Haggis, M. (1986). Distribution of the African armyworm, Spodoptera exempta (Walker)(Lepidoptera: Noctuidae), and the frequency of larval outbreaks in Africa and Arabia. Bulletin of Entomological Research. 76(1): 151-170;Spodoptera exempta
0;Asia;Spodoptera exigua;Oriental;2012;Farahani, S., et al. (2012). Life table of Spodoptera exigua (Lepidoptera: Noctuidae) on five soybean cultivars. Psyche: A Journal of Entomology. 2012(1): 513824.;Spodoptera exigua
0;Asia;Spodoptera exigua;Palearctic;2012;Farahani, S., et al. (2012). Life table of Spodoptera exigua (Lepidoptera: Noctuidae) on five soybean cultivars. Psyche: A Journal of Entomology. 2012(1): 513824.;Spodoptera exigua
0;Asia;Spodoptera exigua;Sino-Japanese;2012;Farahani, S., et al. (2012). Life table of Spodoptera exigua (Lepidoptera: Noctuidae) on five soybean cultivars. Psyche: A Journal of Entomology. 2012(1): 513824.;Spodoptera exigua
0;Asia;Ancylis comptana;Palearctic;2020;Gilligan, T., et al. (2020). Immigrant Tortricidae: Holarctic versus Introduced Species in North America. Insects. 11(9):594;Ancylis comptana
0;Europe;Ancylis comptana;Palearctic;2020;Gilligan, T., et al. (2020). Immigrant Tortricidae: Holarctic versus Introduced Species in North America. Insects. 11(9):594;Ancylis comptana
0;North America;Ancylis comptana;Nearctic;2020;Gilligan, T., et al. (2020). Immigrant Tortricidae: Holarctic versus Introduced Species in North America. Insects. 11(9):594;Ancylis comptana
0;Asia;Eucosmomorpha albersana;Palearctic;1993;Gibson, L. (1993). Additional North American Records of Ecosmomorpha albersana (Tortricidae: Enarmoniini). Journal of the Lepidopterists Society. 47(4): 322-323;Eucosmomorpha albersana
0;Europe;Eucosmomorpha albersana;Palearctic;1993;Gibson, L. (1993). Additional North American Records of Ecosmomorpha albersana (Tortricidae: Enarmoniini). Journal of the Lepidopterists Society. 47(4): 322-323;Eucosmomorpha albersana
0;Africa;Spodoptera litura;Saharo-Arabian;2019;Jung, J., et al. (2019). Effect of climate change on the potential distribution of the common cutworm (Spodoptera litura) in South Korea. Entomological Research. 49(12): 519-528;Spodoptera litura
0;Oceania;Spodoptera litura;Oceanina;2019;Jung, J., et al. (2019). Effect of climate change on the potential distribution of the common cutworm (Spodoptera litura) in South Korea. Entomological Research. 49(12): 519-528;Spodoptera litura
0;Asia;Sparganothis pilleriana;Palearctic;2025;Austin, K., et al. (2025). TortID - Tortricids of Agricultural Importance to the United States (Lepidoptera: Tortricidae). Identification Technology Program (ITP), USDA/APHIS/PPQ/CPHST, Fort Collins, CO. Available at: https://idtools.org/tortai;Sparganothis pilleriana
0;Europe;Sparganothis pilleriana;Palearctic;2025;Austin, K., et al. (2025). TortID - Tortricids of Agricultural Importance to the United States (Lepidoptera: Tortricidae). Identification Technology Program (ITP), USDA/APHIS/PPQ/CPHST, Fort Collins, CO. Available at: https://idtools.org/tortai;Sparganothis pilleriana
0;North America;Macaria abydata;Nearctic;1993;Holloway, J. (1993). Moths of Borneo 11. Family Geometridae. Subfamily: Ennominae. Southdene Sdn. Available at: https://www.mothsofborneo.com/part-11/index.htm;Macaria abydata
0;North America;Macaria abydata;Panamanian;1993;Holloway, J. (1993). Moths of Borneo 11. Family Geometridae. Subfamily: Ennominae. Southdene Sdn. Available at: https://www.mothsofborneo.com/part-11/index.htm;Macaria abydata
0;South America;Macaria abydata;Neotropical;1993;Holloway, J. (1993). Moths of Borneo 11. Family Geometridae. Subfamily: Ennominae. Southdene Sdn. Available at: https://www.mothsofborneo.com/part-11/index.htm;Macaria abydata
0;North America;Pseudopyrausta acutangulalis;Panamanian;2002;Barnes, M. (2002). A preliminary illustrated catalogue of the larger moths of Jamaica. Available at: http://www.mbarnes.force9.co.uk/jamaicamoths/jamaicahome.htm;Pseudopyrausta acutangulalis
0;South America;Pseudopyrausta acutangulalis;Neotropical;2002;Barnes, M. (2002). A preliminary illustrated catalogue of the larger moths of Jamaica. Available at: http://www.mbarnes.force9.co.uk/jamaicamoths/jamaicahome.htm;Pseudopyrausta acutangulalis
0;Europe;Coleophora anatipennella;Palearctic;1956;Martelli, M. (1956). Osservazioni sulletologia della Coleophora anatipennella Hb.(Lepidoptera Coleophoridae). Bollettino di Zoologia Agraria e Bachicoltura. 22: 247-255;Coleophora anatipennella
0;Europe;Synanthedon tipuliformis;Palearctic;1982;Hardy, R. (1982). The biology and behaviour of currant borer moth, Synanthedon tipuliformis (Clerck)(Lepidoptera: Aegeriidae) in Tasmania. Australian Journal of Entomology. 21(2): 103-109;Synanthedon tipuliformis
0;Europe;Cydia strobilella;Palearctic;2010;Lopez-Vaamonde, C., et al. (2010). Lepidoptera. Chapter 11. BioRisk. 4: 603-668;Cydia strobilella
0;Africa;Sesamia nonagrioides;Afrotropical;2010;Lopez-Vaamonde, C., et al. (2010). Lepidoptera. Chapter 11. BioRisk. 4: 603-668;Sesamia nonagrioides
0;Africa;Sesamia nonagrioides;Saharo-Arabian;2010;Lopez-Vaamonde, C., et al. (2010). Lepidoptera. Chapter 11. BioRisk. 4: 603-668;Sesamia nonagrioides
0;Europe;Sesamia nonagrioides;Palearctic;2020;Roy, D., et al. (2020). DAISIE - Delivering Alien Invasive Species Inventories for Europe. Available at: http://www.europe-aliens.org/;Sesamia nonagrioides
0;Asia;Tinea columbariella;Palearctic;1968;Strumpel, H. (1968). Tinea columbariella Wck. als Schadling an importierten Entenfedern. Anzeiger fur Schadlingskunde. 41: 84-88;Tinea columbariella
0;Europe;Tinea columbariella;Palearctic;1968;Strumpel, H. (1968). Tinea columbariella Wck. als Schadling an importierten Entenfedern. Anzeiger fur Schadlingskunde. 41: 84-88;Tinea columbariella
0;Asia;Eucosma cana;Saharo-Arabian;2005;Zhang, A., Li, H. (2005). Catalogue of Eucosmini from China (Lepidoptera: Tortricidae) SHILAP Revista de Lepidopterologia. 33(131): 265-298;Eucosma cana
0;Africa;Tinea dubiella;Saharo-Arabian;1984;Carter, D. (1984). Pest Lepidoptera of Europe: with special reference to the British Isles (Vol. 31). Springer Science and Business Media. Berlin, Germany.;Tinea dubiella
0;Asia;Tinea dubiella;Palearctic;2023;Kovacs, Z., Kovacs, S. (2023). An overview of the Romanian Meessiidae, Eriocottidae and Tineidae (Lepidoptera, Tineoidea) summarizing the current knowledge in an updated and annotated checklist. Entomologica Romanica. 27: 1-34;Tinea dubiella
0;Europe;Tinea dubiella;Palearctic;2023;Kovacs, Z., Kovacs, S. (2023). An overview of the Romanian Meessiidae, Eriocottidae and Tineidae (Lepidoptera, Tineoidea) summarizing the current knowledge in an updated and annotated checklist. Entomologica Romanica. 27: 1-34;Tinea dubiella
0;North America;Eulepidotis mabis;Panamanian;2024;Savela, M. (2024). Lepidoptera and some other life forms. Available at: https://ftp.funet.fi/index/Tree_of_life/intro.html;Eulepidotis mabis
0;South America;Eulepidotis mabis;Neotropical;2024;Savela, M. (2024). Lepidoptera and some other life forms. Available at: https://ftp.funet.fi/index/Tree_of_life/intro.html;Eulepidotis mabis
0;Africa;Cydia interscindana;Saharo-Arabian;2022;Takacs, A., et al. (2022). Bionomics and host plants of the invasive Cydia interscindana (Moschler, 1866) (Lepidoptera, Tortricidae), an emerging pest in the Carpathian Lowlands. Nota Lepidopterologica. 45: 53-64;Cydia interscindana
0;Asia;Badamia exclamationis;Oriental;2017;Buden, D., Tennent, W. (2017). New records of butterflies (Lepidoptera) from the Federated States of Micronesia with remarks on geographic variation in Hypolimnas bolina (Linnaeus). Pacific Science. 71(1): 83-90;Badamia exclamationis
0;Australia;Badamia exclamationis;Australian;2017;Buden, D., Tennent, W. (2017). New records of butterflies (Lepidoptera) from the Federated States of Micronesia with remarks on geographic variation in Hypolimnas bolina (Linnaeus). Pacific Science. 71(1): 83-90;Badamia exclamationis
0;Africa;Cryptophlebia peltastica;Afrotropical;2012;Gilligan, T., Epstein, M. (2012). TortAI, Tortricids of Agricultural Importance to the United States (Lepidoptera: Tortricidae). Identification Technology Program (ITP), USDA/APHIS/PPQ/CPHST, Fort Collins, CO. Available at: https://idtools.org/id/tortai/index.html;Cryptophlebia peltastica
0;Africa;Cryptophlebia peltastica;Madagascan;2012;Gilligan, T., Epstein, M. (2012). TortAI, Tortricids of Agricultural Importance to the United States (Lepidoptera: Tortricidae). Identification Technology Program (ITP), USDA/APHIS/PPQ/CPHST, Fort Collins, CO. Available at: https://idtools.org/id/tortai/index.html;Cryptophlebia peltastica
0;Asia;Euploea leucostictos;Oriental;2007;Lambkin, T., Knight, A. (2007). Confirmation of Euploea leucostictos (Gmelin) and E. netscherierana (Fruhstorfer)(Lepidoptera: Nymphalidae) in Torres Strait, Queensland, and the first record of E. tulliolus dvdgeonis (Grose-Smith) in Australia. The Australian Entomologist. 34(1): 15-26;Euploea leucostictos
0;Australia;Euploea leucostictos;Australian;2007;Lambkin, T., Knight, A. (2007). Confirmation of Euploea leucostictos (Gmelin) and E. netscherierana (Fruhstorfer)(Lepidoptera: Nymphalidae) in Torres Strait, Queensland, and the first record of E. tulliolus dvdgeonis (Grose-Smith) in Australia. The Australian Entomologist. 34(1): 15-26;Euploea leucostictos
0;Oceania;Euploea leucostictos;Oceanina;2007;Lambkin, T., Knight, A. (2007). Confirmation of Euploea leucostictos (Gmelin) and E. netscherierana (Fruhstorfer)(Lepidoptera: Nymphalidae) in Torres Strait, Queensland, and the first record of E. tulliolus dvdgeonis (Grose-Smith) in Australia. The Australian Entomologist. 34(1): 15-26;Euploea leucostictos
0;Africa;Hippotion celerio;Afrotropical;2018;Kaleka, A., et al. (2018). Studies on genus Hippotion Huebner (Sphingidae: Lepidoptera) from India. Journal of Entomological Research. 42(1): 129-134;Hippotion celerio
0;Africa;Hippotion celerio;Saharo-Arabian;2018;Kaleka, A., et al. (2018). Studies on genus Hippotion Huebner (Sphingidae: Lepidoptera) from India. Journal of Entomological Research. 42(1): 129-134;Hippotion celerio
0;Asia;Hippotion celerio;Oriental;2018;Kaleka, A., et al. (2018). Studies on genus Hippotion Huebner (Sphingidae: Lepidoptera) from India. Journal of Entomological Research. 42(1): 129-134;Hippotion celerio
0;Australia;Hippotion celerio;Australian;2018;Kaleka, A., et al. (2018). Studies on genus Hippotion Huebner (Sphingidae: Lepidoptera) from India. Journal of Entomological Research. 42(1): 129-134;Hippotion celerio
0;Europe;Hippotion celerio;Palearctic;2018;Kaleka, A., et al. (2018). Studies on genus Hippotion Huebner (Sphingidae: Lepidoptera) from India. Journal of Entomological Research. 42(1): 129-134;Hippotion celerio
0;Africa;Hypolimnas bolina;Madagascan;1975;Clarke, C., Sheppard, P. (1975). The genetics of the mimetic butterfly Hypolimnas bolina (L.). Philosophical Transactions of the Royal Society of London B, Biological Sciences. 272(917): 229-265;Hypolimnas bolina
0;Asia;Hypolimnas bolina;Oriental;1975;Clarke, C., Sheppard, P. (1975). The genetics of the mimetic butterfly Hypolimnas bolina (L.). Philosophical Transactions of the Royal Society of London B, Biological Sciences. 272(917): 229-265;Hypolimnas bolina
0;Asia;Hypolimnas bolina;Sino-Japanese;1975;Clarke, C., Sheppard, P. (1975). The genetics of the mimetic butterfly Hypolimnas bolina (L.). Philosophical Transactions of the Royal Society of London B, Biological Sciences. 272(917): 229-265;Hypolimnas bolina
0;Australia;Hypolimnas bolina;Australian;1975;Clarke, C., Sheppard, P. (1975). The genetics of the mimetic butterfly Hypolimnas bolina (L.). Philosophical Transactions of the Royal Society of London B, Biological Sciences. 272(917): 229-265;Hypolimnas bolina
0;Oceania;Hypolimnas bolina;Oceanina;1975;Clarke, C., Sheppard, P. (1975). The genetics of the mimetic butterfly Hypolimnas bolina (L.). Philosophical Transactions of the Royal Society of London B, Biological Sciences. 272(917): 229-265;Hypolimnas bolina
0;Africa;Melanitis leda;Afrotropical;2015;Mashhoor, K., et al. (2015). Mitochondrial DNA analysis revealed Gondwanan origin of the common evening brown butterfly, Melanitis leda (Lepidoptera: Nymphalidae). Journal of Agricultural Technology. 11(3): 649-656;Melanitis leda
0;Africa;Melanitis leda;Madagascan;2015;Mashhoor, K., et al. (2015). Mitochondrial DNA analysis revealed Gondwanan origin of the common evening brown butterfly, Melanitis leda (Lepidoptera: Nymphalidae). Journal of Agricultural Technology. 11(3): 649-656;Melanitis leda
0;Asia;Melanitis leda;Oriental;2015;Mashhoor, K., et al. (2015). Mitochondrial DNA analysis revealed Gondwanan origin of the common evening brown butterfly, Melanitis leda (Lepidoptera: Nymphalidae). Journal of Agricultural Technology. 11(3): 649-656;Melanitis leda
0;Asia;Melanitis leda;Sino-Japanese;2024;Inayoshi, Y. (2024). A Check List of Butterflies in Indo-China - Chiefly from Thailand, Laos and Vietnam. Available at: https://yutaka.it-n.jp/index.html;Melanitis leda
0;Australia;Melanitis leda;Australian;2015;Mashhoor, K., et al. (2015). Mitochondrial DNA analysis revealed Gondwanan origin of the common evening brown butterfly, Melanitis leda (Lepidoptera: Nymphalidae). Journal of Agricultural Technology. 11(3): 649-656;Melanitis leda
0;Africa;Sphenarches caffer;Afrotropical;1910;Fletcher, T. (1910). Lepidoptera exclusive of the Tortricidae and Tineidae, with some remarks on their distribution and means of dispersal among the islands of the Indian Ocean. (The Percy Sladen Trust Expedition to the Indian Ocean in 1905). Transactions of the Linnean Society of London - Zoology. 2(13): 265–324;Sphenarches caffer
0;Asia;Heterogenea asella;Palearctic;1964;Okano, M., Pak., S. (1964). A Revision of the Korean Species of the Family Heterogeneidae (Lepidoptera). [PhD Dissertation, Iwate University];Heterogenea asella
0;Europe;Heterogenea asella;Palearctic;1964;Okano, M., Pak., S. (1964). A Revision of the Korean Species of the Family Heterogeneidae (Lepidoptera). [PhD Dissertation, Iwate University];Heterogenea asella
0;Africa;Trichophaga tapetzella;Afrotropical;2020;Roy, D., et al. (2020). DAISIE - Delivering Alien Invasive Species Inventories for Europe. Available at: http://www.europe-aliens.org/;Trichophaga tapetzella
0;Africa;Trichophaga tapetzella;Saharo-Arabian;2020;Roy, D., et al. (2020). DAISIE - Delivering Alien Invasive Species Inventories for Europe. Available at: http://www.europe-aliens.org/;Trichophaga tapetzella
0;Asia;Trichophaga tapetzella;Oriental;2020;Roy, D., et al. (2020). DAISIE - Delivering Alien Invasive Species Inventories for Europe. Available at: http://www.europe-aliens.org/;Trichophaga tapetzella
0;Asia;Trichophaga tapetzella;Palearctic;2020;Roy, D., et al. (2020). DAISIE - Delivering Alien Invasive Species Inventories for Europe. Available at: http://www.europe-aliens.org/;Trichophaga tapetzella
0;South America;Tucumania tapiacola;Neotropical;1986;Hoffmann, J. (1986). Evidence that the two currently recognized nominal species of Tucumania Dyar (Lepidoptera: Phycitidae) are not distinct. Journal of the Entomological Society of Southern Africa. 49(2): 267-274;Tucumania tapiacola
0;Europe;Tyria jacobaeae;Palearctic;1996;Rudd, N., McEvoy, P. (1996). Local dispersal by the cinnabar moth Tyria jacobaeae. Ecological Applications. 6(1): 285-297;Tyria jacobaeae
0;Africa;Wheeleria spilodactylus;Saharo-Arabian;2000;Menendez, R., Thomas, C. (2000). Metapopulation structure depends on spatial scale in the host-specific moth Wheeleria spilodactylus (Lepidoptera: Pterophoridae). Journal of Animal Ecology. 69(6): 935-951;Wheeleria spilodactylus
0;Europe;Wheeleria spilodactylus;Palearctic;2000;Menendez, R., Thomas, C. (2000). Metapopulation structure depends on spatial scale in the host-specific moth Wheeleria spilodactylus (Lepidoptera: Pterophoridae). Journal of Animal Ecology. 69(6): 935-951;Wheeleria spilodactylus
0;North America;Xubida infusellus;Nearctic;2000;Julien, M. (2000). Biological control of water hyacinth with arthropods: a review to 2000. Aciar Proceedings, ACIAR. 1998: 8-20;Xubida infusellus
0;South America;Xubida infusellus;Neotropical;2000;Julien, M. (2000). Biological control of water hyacinth with arthropods: a review to 2000. Aciar Proceedings, ACIAR. 1998: 8-20;Xubida infusellus
0;North America;Agathodes designalis;Nearctic;2018;Perez, C. et al. (2018). Agathodes designalis (Guenee, 1854) from Gibraltar - an adventive species new to Europe (Lepidoptera: Crambidae, Spilomelinae). SHILAP Revista de Lepidopterologia. 46(184): 615-617;Agathodes designalis
0;South America;Agathodes designalis;Neotropical;2018;Perez, C. et al. (2018). Agathodes designalis (Guenee, 1854) from Gibraltar - an adventive species new to Europe (Lepidoptera: Crambidae, Spilomelinae). SHILAP Revista de Lepidopterologia. 46(184): 615-617;Agathodes designalis
0;South America;Agathodes designalis;Panamanian;2018;Perez, C. et al. (2018). Agathodes designalis (Guenee, 1854) from Gibraltar - an adventive species new to Europe (Lepidoptera: Crambidae, Spilomelinae). SHILAP Revista de Lepidopterologia. 46(184): 615-617;Agathodes designalis
0;Europe;Phyllonorycter trifasciella;Palearctic;2013;de Prins, J., et al. (2013). Taxonomic history and invasion biology of two Phyllonorycter leaf miners (Lepidoptera: Gracillariidae) with links to taxonomic and molecular datasets. Zootaxa. 3709 (4): 341-362;Phyllonorycter trifasciella
0;North America;Bagisara repanda;Nearctic;1997;Ferguson, D. (1997). Review of the New World Bagisarinae with description of two new species from the Southern United States (Noctuidae). Journal of the Lepidopterists Society. 51: 344-357;Bagisara repanda
0;North America;Bagisara repanda;Panamanian;1997;Ferguson, D. (1997). Review of the New World Bagisarinae with description of two new species from the Southern United States (Noctuidae). Journal of the Lepidopterists Society. 51: 344-357;Bagisara repanda
0;South America;Bagisara repanda;Neotropical;1997;Ferguson, D. (1997). Review of the New World Bagisarinae with description of two new species from the Southern United States (Noctuidae). Journal of the Lepidopterists Society. 51: 344-357;Bagisara repanda
0;South America;Stomphastis thraustica;Neotropical;2022;Taylor, D., Dhileepan, K. (2022). Application to release Stomphastis thraustica, an agent for the biological control of Jatropha gossypiifolia in Australia. Biosecurity Queensland, Department of Agriculture and Fisheries Australia.;Stomphastis thraustica
0;North America;Calpodes ethlius;Nearctic;1982;Young, A. (1982). Notes on the interaction of the skipper butterfly Calpodes ethlius (Lepidoptera: Hesperiidae) with its larval host plant Canna edulis (Cannaceae) in Mazatlan, State of Sinaloa, Mexico. Journal of the New York Entomological Society. 90(2): 99-114;Calpodes ethlius
0;North America;Calpodes ethlius;Panamanian;1982;Young, A. (1982). Notes on the interaction of the skipper butterfly Calpodes ethlius (Lepidoptera: Hesperiidae) with its larval host plant Canna edulis (Cannaceae) in Mazatlan, State of Sinaloa, Mexico. Journal of the New York Entomological Society. 90(2): 99-114;Calpodes ethlius
0;South America;Calpodes ethlius;Neotropical;1982;Young, A. (1982). Notes on the interaction of the skipper butterfly Calpodes ethlius (Lepidoptera: Hesperiidae) with its larval host plant Canna edulis (Cannaceae) in Mazatlan, State of Sinaloa, Mexico. Journal of the New York Entomological Society. 90(2): 99-114;Calpodes ethlius
0;Asia;Grammodes geometrica;Oriental;2005;Holloway, J. (2005). The Moths of Borneo, Parts 15 & 16 Noctuidae: Catocalinae. Southdene Sdn Bhd. Available online at: https://www.mothsofborneo.com/part-15-16/index.htm;Grammodes geometrica
0;Asia;Grammodes geometrica;Palearctic;2005;Holloway, J. (2005). The Moths of Borneo, Parts 15 & 16 Noctuidae: Catocalinae. Southdene Sdn Bhd. Available online at: https://www.mothsofborneo.com/part-15-16/index.htm;Grammodes geometrica
0;Asia;Grammodes geometrica;Sino-Japanese;2005;Holloway, J. (2005). The Moths of Borneo, Parts 15 & 16 Noctuidae: Catocalinae. Southdene Sdn Bhd. Available online at: https://www.mothsofborneo.com/part-15-16/index.htm;Grammodes geometrica
0;Australia;Grammodes geometrica;Australian;2005;Holloway, J. (2005). The Moths of Borneo, Parts 15 & 16 Noctuidae: Catocalinae. Southdene Sdn Bhd. Available online at: https://www.mothsofborneo.com/part-15-16/index.htm;Grammodes geometrica
0;Europe;Grammodes geometrica;Palearctic;2005;Holloway, J. (2005). The Moths of Borneo, Parts 15 & 16 Noctuidae: Catocalinae. Southdene Sdn Bhd. Available online at: https://www.mothsofborneo.com/part-15-16/index.htm;Grammodes geometrica
0;South America;Crocidosema synneurota;Neotropical;2008;Razowski, J., et al. (2008). The Tortricidae (Lepidoptera) of the Galapagos Islands, Ecuador. Revue Suisse de Zoologie. 115(1): 185;Crocidosema synneurota
0;Europe;Chloantha hyperici;Palearctic;2003;Burton, J. (2003). The apparent influence of climatic change on recent changes of range by European insects (Lepidoptera, Orthoptera). Proceedings of the 13th International colloquium European Invertebrate Survey. Leiden, September 2001: pp. 13-21;Chloantha hyperici
0;North America;Zale minerea;Nearctic;2022;Mally, R., et al. (2022), Moths and butterflies on alien shores - global biogeography of non-native Lepidoptera. Dryad, Dataset. Available at: https://doi.org/10.5061/dryad.31zcrjdnw;Zale minerea
0;Asia;Hypena commixtalis;Palearctic;2013;Kononenko, V., Pinratana, A. (2013). Moths of Thailand. Noctuoidea. An illustrated Catalogue of Erebidae, Nolidae, Euteliidae and Noctuidae (Insecta, Lepidoptera) in Thailand. Brothers of St. Gabriel in Thailand. Bangkok.;Hypena commixtalis
0;South America;Acontia exigua;Neotropical;2006;Roque-Albelo, L. (2006). Diversity and ecology of the Lepidoptera in the Galapagos Islands, Ecuador. [PhD Thesis, Cardiff University].;Acontia exigua
0;North America;Acontia margana;Nearctic;2006;Roque-Albelo, L. (2006). Diversity and ecology of the Lepidoptera in the Galapagos Islands, Ecuador. [PhD Thesis, Cardiff University].;Acontia margana
0;South America;Acontia margana;Neotropical;2006;Roque-Albelo, L. (2006). Diversity and ecology of the Lepidoptera in the Galapagos Islands, Ecuador. [PhD Thesis, Cardiff University].;Acontia margana
0;Asia;Ladoga camilla;Palearctic;2024;Turner, R., et al. (2024). International Non-native Insect Establishment Data (0.2.1) [Data set]. Zenodo.;Ladoga camilla
0;Europe;Ladoga camilla;Palearctic;2024;Turner, R., et al. (2024). International Non-native Insect Establishment Data (0.2.1) [Data set]. Zenodo.;Ladoga camilla
0;North America;Dione vanillae;Panamanian;2006;da Silva, D., et al. (2006). External morphology of the immature stages of neotropical heliconians: V. Agraulis vanillae maculosa (Lepidoptera, Nymphalidae, Heliconiinae). Iheringia, Serie Zoologica. 96(2);Dione vanillae
0;North America;Diaphania hyalinata;Panamanian;2005;Capinera, J. (2005). Melonworm, Diaphania hyalinata Linnaeus (Insecta: Lepidoptera: Pyralidae). Florida Cooperation Extension Service, Institute of Food and Agricultural Sciences, University of Florida, Gainesville, Florida: EENY163;Diaphania hyalinata
0;South America;Diaphania hyalinata;Neotropical;2005;Capinera, J. (2005). Melonworm, Diaphania hyalinata Linnaeus (Insecta: Lepidoptera: Pyralidae). Florida Cooperation Extension Service, Institute of Food and Agricultural Sciences, University of Florida, Gainesville, Florida: EENY163;Diaphania hyalinata
0;Europe;Chrysoclista linneela;Palearctic;2014;Caliskan, S. (2014). Review of the the genus Chrysoclista Stainton, 1854 (Lepidoptera: Agonoxenidae) in Turkey with a new species. Journal of the Entomological Research Society. 16(3): 67-73;Chrysoclista linneela
0;Asia;Depressaria apiella;Palearctic;2003;Mckenna, D., Berenbaum, M. (2003). A field investication of depressaria (elachistidae) iiost piants and ecolocy in the western united states. Journal of the Lepidopterists Society. 57(1): 36-42;Depressaria apiella
0;Europe;Depressaria apiella;Palearctic;2003;Mckenna, D., Berenbaum, M. (2003). A field investication of depressaria (elachistidae) iiost piants and ecolocy in the western united states. Journal of the Lepidopterists Society. 57(1): 36-42;Depressaria apiella
0;South America;Leucania lobrega;Neotropical;1992;Frank, J., McCoy, E. (1992). Introduction to the Behavioral Ecology of Immigration. The Immigration of Insects to Florida, with a Tabulation of Records Published Since 1970. The Florida Entomologist.75(1): 1-28;Leucania lobrega
0;Asia;Yponomeuta cagnagellus;Saharo-Arabian;1987;Hoebeke, E. (1987). Yponomeuta cagnagella (Lepidoptera: Yponomeutidae): A palearctic ermine moth in the United States, with notes on its recognition, seasonal history, and habits. Annals of the Entomological Society of America. 80(4): 462-467;Yponomeuta cagnagellus
0;Europe;Ypsolophus ustella;Palearctic;2015;Sohn, J. (2015). A Catalogue of the Type Specimens of Yponomeutoidea (Lepidoptera) in the Museum of Comparative Zoology with Revised Status of Pluteloptera ochrella. Breviora. 542(1): 1-19;Ypsolophus ustella
0;Asia;Eumeta variegatus;Oriental;2018;Jeong, J., et al. (2018). Complete mitochondrial genome of the female-wingless bagworm moth, Eumeta variegata Snellen, 1879 (Lepidoptera: Psychidae). Mitochondrial DNA, Part B. 3(2): 1037-1039;Eumeta variegatus
0;Asia;Eumeta variegatus;Sino-Japanese;2018;Jeong, J., et al. (2018). Complete mitochondrial genome of the female-wingless bagworm moth, Eumeta variegata Snellen, 1879 (Lepidoptera: Psychidae). Mitochondrial DNA, Part B. 3(2): 1037-1039;Eumeta variegatus
0;Australia;Eumeta variegatus;Australian;2018;Jeong, J., et al. (2018). Complete mitochondrial genome of the female-wingless bagworm moth, Eumeta variegata Snellen, 1879 (Lepidoptera: Psychidae). Mitochondrial DNA, Part B. 3(2): 1037-1039;Eumeta variegatus
0;Africa;Anthophila nemorana;Saharo-Arabian;2014;de Prins, W., et al. (2014). Choreutis nemorana (Lepidoptera: Choreutidae) well established in Belgium. Phegea. 42(2): 29-32;Anthophila nemorana
0;North America;Diatraea saccharalis;Nearctic;2014;Joyce, A., et al. (2014). Geographic population structure of the sugarcane borer, Diatraea saccharalis (F.)(Lepidoptera: Crambidae), in the southern United States. PLoS One. 9(10): e110036;Diatraea saccharalis
0;North America;Diatraea saccharalis;Panamanian;2014;Joyce, A., et al. (2014). Geographic population structure of the sugarcane borer, Diatraea saccharalis (F.)(Lepidoptera: Crambidae), in the southern United States. PLoS One. 9(10): e110036;Diatraea saccharalis
0;South America;Diatraea saccharalis;Panamanian;2014;Joyce, A., et al. (2014). Geographic population structure of the sugarcane borer, Diatraea saccharalis (F.)(Lepidoptera: Crambidae), in the southern United States. PLoS One. 9(10): e110036;Diatraea saccharalis
0;North America;Epinotia celtisana;Nearctic;2016;Pohl, G., et al. (Unpublished). Annotated taxonomic checklist of the Lepidoptera of North America, North of Mexico. Working paper published online by the authors at ResearchGate.net. 766 pp.;Epinotia celtisana
0;Europe;Oegoconia quadripuncta;Palearctic;2020;VanDyk, J., et al. (2020). BugGuide - Identification, Images, and Information For Insects, Spiders and Their Kin For the United States and Canada. Version 1.5. United States Geological Survey. Available at: https://bugguide.net/;Oegoconia quadripuncta
0;Africa;Leucoptera coffeella;Afrotropical;2021;Dantas, J., et al. (2021). A comprehensive review of the coffee leaf miner Leucoptera coffeella (Lepidoptera: Lyonetiidae) - A major pest for the coffee crop in Brazil and others Neotropical countries. Insects. 12(12): 1130;Leucoptera coffeella
0;Africa;Leucoptera coffeella;Madagascan;1984;Green, D. (1984). A Proposed Origin of the Coffee Leaf-miner, Leucoptera coffeella (Guerin-Meneville) (Lepidoptera: Lyonetiidae). Bulletin of the Entomological Society of America. 30(1): 30-31;Leucoptera coffeella
0;Africa;Leucoptera coffeella;Saharo-Arabian;2021;Dantas, J., et al. (2021). A comprehensive review of the coffee leaf miner Leucoptera coffeella (Lepidoptera: Lyonetiidae) - A major pest for the coffee crop in Brazil and others Neotropical countries. Insects. 12(12): 1130;Leucoptera coffeella
0;Africa;Aproaerema polychromella;Afrotropical;2023;Karsholt, O., et al. (2023). Overview of the Gelechiidae moths (Lepidoptera) of Krk Island, Croatia: diversity, distribution and ecological insights. Gortania, Botanica, Zoologia. 45: 95-124;Aproaerema polychromella
0;Africa;Aproaerema polychromella;Saharo-Arabian;2023;Karsholt, O., et al. (2023). Overview of the Gelechiidae moths (Lepidoptera) of Krk Island, Croatia: diversity, distribution and ecological insights. Gortania, Botanica, Zoologia. 45: 95-124;Aproaerema polychromella
0;Asia;Aproaerema polychromella;Palearctic;2023;Karsholt, O., et al. (2023). Overview of the Gelechiidae moths (Lepidoptera) of Krk Island, Croatia: diversity, distribution and ecological insights. Gortania, Botanica, Zoologia. 45: 95-124;Aproaerema polychromella
0;Asia;Aproaerema polychromella;Saharo-Arabian;2023;Karsholt, O., et al. (2023). Overview of the Gelechiidae moths (Lepidoptera) of Krk Island, Croatia: diversity, distribution and ecological insights. Gortania, Botanica, Zoologia. 45: 95-124;Aproaerema polychromella
0;Asia;Aproaerema polychromella;Sino-Japanese;2010;Junnilainen, J., et al. (2010). The gelechiid fauna of the southern Ural Mountains, part II: list of recorded species with taxonomic notes (Lepidoptera: Gelechiidae). Zootaxa. 2367(1): 1-68;Aproaerema polychromella
0;South America;Disclisioprocta stellata;Neotropical;2007;Arakelian, G. (2007). Bougainvillea Looper (Disclisioprocta stellata). Los Angeles County Department of Agricultural Commissioner/Weights and Measures. 1-2;Disclisioprocta stellata
0;Europe;Typhonia melana;Palearctic;2017;Bertaccini, E., Zilli, A. (2017). A new species of Typhonia from the Ligurian Alps (Lepidoptera: Psychidae). Fragmenta entomologica. 49(2): 137-144;Typhonia melana
0;North America;Castnia licus;Panamanian;2004;Gonzalez, J., Cock, M. (2004). A synopsis of the Castniidae (Lepidoptera) of Trinidad and Tobago. Zootaxa. 762(1): 1-19;Castnia licus
0;Europe;Zophodia convolutella;Palearctic;1980;Allyson, S. (1980). Last-instar larva of the gooseberry fruitworm, Zophodia convolutella (Lepidoptera: Pyralidae: Phycitinae). The Canadian Entomologist. 112(1): 43-45;Zophodia convolutella
0;Africa;Ancylis impatiens;Afrotropical;1921;Meyrick, E. (1921). Descriptions of South African Micro-Lepidoptera. Annals of the Transvaal Museum. 8(2): 54;Ancylis impatiens
0;North America;Episimus transferrana;Nearctic;2008;Razowski, J., Brown, J. (2008). New species, new combinations, and new synonymies in Neotropical Episimus WALSINGHAM, 1892 (Lepidoptera: Tortricidae: Olethreutinae). Acta Zoologica Cracoviensia-Series B: Invertebrata. 51(1): 83-144;Episimus transferrana
0;North America;Episimus transferrana;Panamanian;2008;Razowski, J., Brown, J. (2008). New species, new combinations, and new synonymies in Neotropical Episimus WALSINGHAM, 1892 (Lepidoptera: Tortricidae: Olethreutinae). Acta Zoologica Cracoviensia-Series B: Invertebrata. 51(1): 83-144;Episimus transferrana
0;South America;Episimus transferrana;Neotropical;2008;Razowski, J., Brown, J. (2008). New species, new combinations, and new synonymies in Neotropical Episimus WALSINGHAM, 1892 (Lepidoptera: Tortricidae: Olethreutinae). Acta Zoologica Cracoviensia-Series B: Invertebrata. 51(1): 83-144;Episimus transferrana
0;Asia;Incurvaria rubiella;Palearctic;2020;VanDyk, J., et al. (2020). BugGuide - Identification, Images, and Information For Insects, Spiders and Their Kin For the United States and Canada. Version 1.5. United States Geological Survey. Available at: https://bugguide.net/;Incurvaria rubiella
0;Europe;Incurvaria rubiella;Palearctic;2020;VanDyk, J., et al. (2020). BugGuide - Identification, Images, and Information For Insects, Spiders and Their Kin For the United States and Canada. Version 1.5. United States Geological Survey. Available at: https://bugguide.net/;Incurvaria rubiella
0;South America;Arcola malloi;Neotropical;2021;Wells, B., Minteer, C. (2021). Alligatorweed Stem Borer (suggested common name) Arcola malloi Pastrana (Insecta: Lepidoptera: Pyralidae: Phycitinae): EENY764/IN1300, 8/2020. EDIS. 2021(1): 4-4;Arcola malloi
0;Asia;Manoba brunellus;Oriental;1999;Holloway, J. (1999). The Moths of Borneo, Part 18 Nolidae, Subfamilies: Sterrhinae and Larentiinae. Southdene Sdn Bhd. Available online at: https://www.mothsofborneo.com/part-18/index.htm;Manoba brunellus
0;Australia;Manoba brunellus;Australian;1999;Holloway, J. (1999). The Moths of Borneo, Part 18 Nolidae, Subfamilies: Sterrhinae and Larentiinae. Southdene Sdn Bhd. Available online at: https://www.mothsofborneo.com/part-18/index.htm;Manoba brunellus
0;Africa;Erechthias minuscula;Afrotropical;2013;Davis, D., Mendel, H. (2013). The genus Erechthias Meyrick of Ascension Island, including discovery of a new brachypterous species (Lepidoptera, Tineidae). ZooKeys. 341: 1-20;Erechthias minuscula
0;Asia;Erechthias minuscula;Oriental;2013;Davis, D., Mendel, H. (2013). The genus Erechthias Meyrick of Ascension Island, including discovery of a new brachypterous species (Lepidoptera, Tineidae). ZooKeys. 341: 1-20;Erechthias minuscula
0;Asia;Erechthias minuscula;Sino-Japanese;2013;Davis, D., Mendel, H. (2013). The genus Erechthias Meyrick of Ascension Island, including discovery of a new brachypterous species (Lepidoptera, Tineidae). ZooKeys. 341: 1-20;Erechthias minuscula
0;Australia;Erechthias minuscula;Australian;2013;Davis, D., Mendel, H. (2013). The genus Erechthias Meyrick of Ascension Island, including discovery of a new brachypterous species (Lepidoptera, Tineidae). ZooKeys. 341: 1-20;Erechthias minuscula
0;North America;Erechthias minuscula;Nearctic;2013;Davis, D., Mendel, H. (2013). The genus Erechthias Meyrick of Ascension Island, including discovery of a new brachypterous species (Lepidoptera, Tineidae). ZooKeys. 341: 1-20;Erechthias minuscula
0;North America;Erechthias minuscula;Panamanian;2013;Davis, D., Mendel, H. (2013). The genus Erechthias Meyrick of Ascension Island, including discovery of a new brachypterous species (Lepidoptera, Tineidae). ZooKeys. 341: 1-20;Erechthias minuscula
0;South America;Erechthias minuscula;Neotropical;2013;Davis, D., Mendel, H. (2013). The genus Erechthias Meyrick of Ascension Island, including discovery of a new brachypterous species (Lepidoptera, Tineidae). ZooKeys. 341: 1-20;Erechthias minuscula
0;North America;Eublemma recta;Nearctic;2020;VanDyk, J., et al. (2020). BugGuide - Identification, Images, and Information For Insects, Spiders and Their Kin For the United States and Canada. Version 1.5. United States Geological Survey. Available at: https://bugguide.net/;Eublemma recta
0;North America;Eublemma recta;Panamanian;2020;VanDyk, J., et al. (2020). BugGuide - Identification, Images, and Information For Insects, Spiders and Their Kin For the United States and Canada. Version 1.5. United States Geological Survey. Available at: https://bugguide.net/;Eublemma recta
0;South America;Eublemma recta;Neotropical;2020;VanDyk, J., et al. (2020). BugGuide - Identification, Images, and Information For Insects, Spiders and Their Kin For the United States and Canada. Version 1.5. United States Geological Survey. Available at: https://bugguide.net/;Eublemma recta
0;Africa;Vittaplusia vittata;Afrotropical;2014;Kravchenko, V.,et al. (2014). Seven invasive owlet moths (Lepidoptera: Noctuidae) in Israel and their potential parasitoids (Hymenoptera: Chalcidoidea). Phytoparasitica. 42: 333-339;Vittaplusia vittata
0;Asia;Symbrenthia hypselis;Oriental;2022;Fric, Z., et al. (2022). Molecular phylogeny and biogeography of the genus Symbrenthia (Lepidoptera, Nymphalidae) correlates with the past geography of the Oriental region. Molecular Phylogenetics and Evolution. 177: 107605;Symbrenthia hypselis
0;North America;Exelastis montichristi;Nearctic;2019;Matthews, D., et al. (2019). Plume moths recorded from the United States naval base, Guantanamo Bay, Cuba. News of the Lepidopterists Society. 61(1): 14-19;Exelastis montichristi
0;North America;Exelastis montichristi;Panamanian;2019;Matthews, D., et al. (2019). Plume moths recorded from the United States naval base, Guantanamo Bay, Cuba. News of the Lepidopterists Society. 61(1): 14-19;Exelastis montichristi
0;South America;Exelastis montichristi;Neotropical;2019;Matthews, D., et al. (2019). Plume moths recorded from the United States naval base, Guantanamo Bay, Cuba. News of the Lepidopterists Society. 61(1): 14-19;Exelastis montichristi
0;North America;Leuciris fimbriaria;Panamanian;2009;Heard, T., Paynter, Q. (2009). Mimosa pigra (Leguminosae). In: Biological control of tropical weeds using arthropods. Cambridge University Press, Cambridge, UK. 256-273.;Leuciris fimbriaria
0;South America;Leuciris fimbriaria;Neotropical;2009;Heard, T., Paynter, Q. (2009). Mimosa pigra (Leguminosae). In: Biological control of tropical weeds using arthropods. Cambridge University Press, Cambridge, UK. 256-273.;Leuciris fimbriaria
0;North America;Digrammia pallidata;Panamanian;2010;Heard, T., et al. (2010). Biology, host specificity, release and establishment of Macaria pallidata and Leuciris fimbriaria (Lepidoptera: Geometridae), biological control agents of the weed Mimosa pigra. Biological Control. 55: 248-255;Digrammia pallidata
0;South America;Digrammia pallidata;Neotropical;2010;Heard, T., et al. (2010). Biology, host specificity, release and establishment of Macaria pallidata and Leuciris fimbriaria (Lepidoptera: Geometridae), biological control agents of the weed Mimosa pigra. Biological Control. 55: 248-255;Digrammia pallidata
0;Africa;Aglossa caprealis;Saharo-Arabian;2020;Roy, D., et al. (2020). DAISIE - Delivering Alien Invasive Species Inventories for Europe. Available at: http://www.europe-aliens.org/;Aglossa caprealis
0;Europe;Aglossa caprealis;Palearctic;2020;Roy, D., et al. (2020). DAISIE - Delivering Alien Invasive Species Inventories for Europe. Available at: http://www.europe-aliens.org/;Aglossa caprealis
0;North America;Exelastis pumilio;Nearctic;2019;Matthews, D., et al. (2019). Plume moths recorded from the United States naval base, Guantanamo Bay, Cuba. News of the Lepidopterists Society. 61(1): 14-19;Exelastis pumilio
0;North America;Exelastis pumilio;Panamanian;2019;Matthews, D., et al. (2019). Plume moths recorded from the United States naval base, Guantanamo Bay, Cuba. News of the Lepidopterists Society. 61(1): 14-19;Exelastis pumilio
0;South America;Exelastis pumilio;Neotropical;2019;Matthews, D., et al. (2019). Plume moths recorded from the United States naval base, Guantanamo Bay, Cuba. News of the Lepidopterists Society. 61(1): 14-19;Exelastis pumilio
0;South America;Fundella argentina;Neotropical;2006;Roque-Albelo, L. (2006). Diversity and ecology of the Lepidoptera in the Galapagos Islands, Ecuador. [PhD Thesis, Cardiff University].;Fundella argentina
0;North America;Hemiargus ceraunus;Nearctic;2009;Daniels, J. (2009). Ceraunus Blue Butterfly, Hemiargus ceraunus (Fabricius)(Insecta: Lepidoptera: Lycaenidae): EENY 425/IN802, 2/2009. EDIS. 2009(2);Hemiargus ceraunus
0;North America;Hemiargus ceraunus;Panamanian;2009;Daniels, J. (2009). Ceraunus Blue Butterfly, Hemiargus ceraunus (Fabricius)(Insecta: Lepidoptera: Lycaenidae): EENY 425/IN802, 2/2009. EDIS. 2009(2);Hemiargus ceraunus
0;South America;Hemiargus ceraunus;Neotropical;2009;Daniels, J. (2009). Ceraunus Blue Butterfly, Hemiargus ceraunus (Fabricius)(Insecta: Lepidoptera: Lycaenidae): EENY 425/IN802, 2/2009. EDIS. 2009(2);Hemiargus ceraunus
0;North America;Herpetogramma bipunctalis;Panamanian;2013;Diez-Rodriguez, G., et al. (2013). Herpetogramma bipunctalis (Lepidoptera: Crambidae) biology and techniques for rearing on leaves of the blackberry (Rubus spp., Rosaceae). Brazilian Journal of Biology. 73: 179-184;Herpetogramma bipunctalis
0;North America;Herpetogramma phaeopteralis;Nearctic;2020;VanDyk, J., et al. (2020). BugGuide - Identification, Images, and Information For Insects, Spiders and Their Kin For the United States and Canada. Version 1.5. United States Geological Survey. Available at: https://bugguide.net/;Herpetogramma phaeopteralis
0;North America;Herpetogramma phaeopteralis;Panamanian;2020;VanDyk, J., et al. (2020). BugGuide - Identification, Images, and Information For Insects, Spiders and Their Kin For the United States and Canada. Version 1.5. United States Geological Survey. Available at: https://bugguide.net/;Herpetogramma phaeopteralis
0;South America;Herpetogramma phaeopteralis;Neotropical;2020;VanDyk, J., et al. (2020). BugGuide - Identification, Images, and Information For Insects, Spiders and Their Kin For the United States and Canada. Version 1.5. United States Geological Survey. Available at: https://bugguide.net/;Herpetogramma phaeopteralis
0;North America;Lineodes integra;Nearctic;2013;Hayden, J., et al. (2013). Digital Identification of Microlepidoptera on Solanaceae. USDA-APHIS-PPQ Identification Technology Program (ITP). Fort Collins, CO. Available at: https://idtools.org/microlep_solan/;Lineodes integra
0;North America;Lineodes integra;Panamanian;2013;Hayden, J., et al. (2013). Digital Identification of Microlepidoptera on Solanaceae. USDA-APHIS-PPQ Identification Technology Program (ITP). Fort Collins, CO. Available at: https://idtools.org/microlep_solan/;Lineodes integra
0;South America;Lineodes integra;Neotropical;2013;Hayden, J., et al. (2013). Digital Identification of Microlepidoptera on Solanaceae. USDA-APHIS-PPQ Identification Technology Program (ITP). Fort Collins, CO. Available at: https://idtools.org/microlep_solan/;Lineodes integra
0;Africa;Cnaphalocrocis trapezalis;Afrotropical;2023;Kamtchou, Y., et al. (2023). Overall dominance of Spodoptera frugiperda Smith (Lepidoptera: Noctuidae) within the lepidopteran pests community infesting maize fields in the Littoral Region of Cameroon. International Journal of Tropical Insect Science. 43(1): 163-172;Cnaphalocrocis trapezalis
0;Australia;Cnaphalocrocis trapezalis;Australian;2023;Kamtchou, Y., et al. (2023). Overall dominance of Spodoptera frugiperda Smith (Lepidoptera: Noctuidae) within the lepidopteran pests community infesting maize fields in the Littoral Region of Cameroon. International Journal of Tropical Insect Science. 43(1): 163-172;Cnaphalocrocis trapezalis
0;North America;Cnaphalocrocis trapezalis;Nearctic;2023;Kamtchou, Y., et al. (2023). Overall dominance of Spodoptera frugiperda Smith (Lepidoptera: Noctuidae) within the lepidopteran pests community infesting maize fields in the Littoral Region of Cameroon. International Journal of Tropical Insect Science. 43(1): 163-172;Cnaphalocrocis trapezalis
0;North America;Cnaphalocrocis trapezalis;Panamanian;2023;Kamtchou, Y., et al. (2023). Overall dominance of Spodoptera frugiperda Smith (Lepidoptera: Noctuidae) within the lepidopteran pests community infesting maize fields in the Littoral Region of Cameroon. International Journal of Tropical Insect Science. 43(1): 163-172;Cnaphalocrocis trapezalis
0;Oceania;Cnaphalocrocis trapezalis;Oceanina;2023;Kamtchou, Y., et al. (2023). Overall dominance of Spodoptera frugiperda Smith (Lepidoptera: Noctuidae) within the lepidopteran pests community infesting maize fields in the Littoral Region of Cameroon. International Journal of Tropical Insect Science. 43(1): 163-172;Cnaphalocrocis trapezalis
0;South America;Cnaphalocrocis trapezalis;Neotropical;2023;Kamtchou, Y., et al. (2023). Overall dominance of Spodoptera frugiperda Smith (Lepidoptera: Noctuidae) within the lepidopteran pests community infesting maize fields in the Littoral Region of Cameroon. International Journal of Tropical Insect Science. 43(1): 163-172;Cnaphalocrocis trapezalis
0;Africa;Agrius convolvuli;Afrotropical;2004;Wen, L. (2004). Prospect on the parasitical enemies and its natural control effect of Agrius convolvuli. Chinese Journal of Biological Control. 20(4): 273;Agrius convolvuli
0;Africa;Agrius convolvuli;Saharo-Arabian;2004;Wen, L. (2004). Prospect on the parasitical enemies and its natural control effect of Agrius convolvuli. Chinese Journal of Biological Control. 20(4): 273;Agrius convolvuli
0;Asia;Agrius convolvuli;Oriental;2004;Wen, L. (2004). Prospect on the parasitical enemies and its natural control effect of Agrius convolvuli. Chinese Journal of Biological Control. 20(4): 273;Agrius convolvuli
0;Asia;Agrius convolvuli;Sino-Japanese;2004;Wen, L. (2004). Prospect on the parasitical enemies and its natural control effect of Agrius convolvuli. Chinese Journal of Biological Control. 20(4): 273;Agrius convolvuli
0;Europe;Agrius convolvuli;Palearctic;2004;Wen, L. (2004). Prospect on the parasitical enemies and its natural control effect of Agrius convolvuli. Chinese Journal of Biological Control. 20(4): 273;Agrius convolvuli
0;Oceania;Agrius convolvuli;Oceanina;2004;Wen, L. (2004). Prospect on the parasitical enemies and its natural control effect of Agrius convolvuli. Chinese Journal of Biological Control. 20(4): 273;Agrius convolvuli
0;Africa;Megalorhipida leucodactylus;Afrotropical;2003;Gielis, C. (2003). Review of the Pterophoridae (Lepidoptera) from the Philippines. Zoologische Mededelingen. 77: 409-424;Megalorhipida leucodactylus
0;Africa;Megalorhipida leucodactylus;Saharo-Arabian;2003;Gielis, C. (2003). Review of the Pterophoridae (Lepidoptera) from the Philippines. Zoologische Mededelingen. 77: 409-424;Megalorhipida leucodactylus
0;Asia;Megalorhipida leucodactylus;Oriental;2003;Gielis, C. (2003). Review of the Pterophoridae (Lepidoptera) from the Philippines. Zoologische Mededelingen. 77: 409-424;Megalorhipida leucodactylus
0;Asia;Megalorhipida leucodactylus;Saharo-Arabian;2003;Gielis, C. (2003). Review of the Pterophoridae (Lepidoptera) from the Philippines. Zoologische Mededelingen. 77: 409-424;Megalorhipida leucodactylus
0;Asia;Megalorhipida leucodactylus;Sino-Japanese;2003;Gielis, C. (2003). Review of the Pterophoridae (Lepidoptera) from the Philippines. Zoologische Mededelingen. 77: 409-424;Megalorhipida leucodactylus
0;North America;Megalorhipida leucodactylus;Nearctic;2003;Gielis, C. (2003). Review of the Pterophoridae (Lepidoptera) from the Philippines. Zoologische Mededelingen. 77: 409-424;Megalorhipida leucodactylus
0;North America;Megalorhipida leucodactylus;Panamanian;2003;Gielis, C. (2003). Review of the Pterophoridae (Lepidoptera) from the Philippines. Zoologische Mededelingen. 77: 409-424;Megalorhipida leucodactylus
0;South America;Megalorhipida leucodactylus;Neotropical;2003;Gielis, C. (2003). Review of the Pterophoridae (Lepidoptera) from the Philippines. Zoologische Mededelingen. 77: 409-424;Megalorhipida leucodactylus
0;Africa;Ocrasa nostralis;Madagascan;2024;Witts, H. (2024). Hypsopygia nostralis (Guenee, 1854),(Lep.: Pyralidae), the Southern Hayworm: New to Britain. Entomologists Record and Journal of Variation. 136: 258-260;Ocrasa nostralis
0;North America;Ocrasa nostralis;Nearctic;2024;Witts, H. (2024). Hypsopygia nostralis (Guenee, 1854),(Lep.: Pyralidae), the Southern Hayworm: New to Britain. Entomologists Record and Journal of Variation. 136: 258-260;Ocrasa nostralis
0;North America;Ocrasa nostralis;Panamanian;2024;Witts, H. (2024). Hypsopygia nostralis (Guenee, 1854),(Lep.: Pyralidae), the Southern Hayworm: New to Britain. Entomologists Record and Journal of Variation. 136: 258-260;Ocrasa nostralis
0;Africa;Omiodes indicata;Afrotropical;2016;Landry, B. (2016). Taxonomic revision of the Spilomelinae (Lepidoptera, Pyralidae sl) of the Galapagos Islands, Ecuador. Revue Suisse de Zoologie. 123(2): 315-399;Omiodes indicata
0;Africa;Omiodes indicata;Madagascan;2016;Landry, B. (2016). Taxonomic revision of the Spilomelinae (Lepidoptera, Pyralidae sl) of the Galapagos Islands, Ecuador. Revue Suisse de Zoologie. 123(2): 315-399;Omiodes indicata
0;Asia;Omiodes indicata;Oriental;2016;Landry, B. (2016). Taxonomic revision of the Spilomelinae (Lepidoptera, Pyralidae sl) of the Galapagos Islands, Ecuador. Revue Suisse de Zoologie. 123(2): 315-399;Omiodes indicata
0;North America;Omiodes indicata;Nearctic;2016;Landry, B. (2016). Taxonomic revision of the Spilomelinae (Lepidoptera, Pyralidae sl) of the Galapagos Islands, Ecuador. Revue Suisse de Zoologie. 123(2): 315-399;Omiodes indicata
0;North America;Omiodes indicata;Panamanian;2016;Landry, B. (2016). Taxonomic revision of the Spilomelinae (Lepidoptera, Pyralidae sl) of the Galapagos Islands, Ecuador. Revue Suisse de Zoologie. 123(2): 315-399;Omiodes indicata
0;South America;Omiodes indicata;Neotropical;2016;Landry, B. (2016). Taxonomic revision of the Spilomelinae (Lepidoptera, Pyralidae sl) of the Galapagos Islands, Ecuador. Revue Suisse de Zoologie. 123(2): 315-399;Omiodes indicata
0;North America;Paectes arcigera;Panamanian;2013;Pogue, M. (2013). A review of the Paectes arcigera species complex (Guenee) (Lepidoptera, Euteliidae). ZooKeys. 264: 125-163;Paectes arcigera
0;North America;Piletocera bufalis;Nearctic;2016;Landry, B. (2016). Taxonomic revision of the Spilomelinae (Lepidoptera, Pyralidae sl) of the Galapagos Islands, Ecuador. Revue Suisse de Zoologie. 123(2): 315-399;Piletocera bufalis
0;North America;Piletocera bufalis;Panamanian;2016;Landry, B. (2016). Taxonomic revision of the Spilomelinae (Lepidoptera, Pyralidae sl) of the Galapagos Islands, Ecuador. Revue Suisse de Zoologie. 123(2): 315-399;Piletocera bufalis
0;South America;Piletocera bufalis;Neotropical;2016;Landry, B. (2016). Taxonomic revision of the Spilomelinae (Lepidoptera, Pyralidae sl) of the Galapagos Islands, Ecuador. Revue Suisse de Zoologie. 123(2): 315-399;Piletocera bufalis
0;Africa;Phereoeca allutella;Afrotropical;1978;Zimmerman, E. (1978). Insects of Hawaii. Vol. 9 Microlepidoptera. Part I. The University Press of Hawaii, Honolulu, Hawaii, United States of America.;Phereoeca allutella
0;Africa;Phereoeca allutella;Madagascan;1978;Zimmerman, E. (1978). Insects of Hawaii. Vol. 9 Microlepidoptera. Part I. The University Press of Hawaii, Honolulu, Hawaii, United States of America.;Phereoeca allutella
0;Asia;Phereoeca allutella;Oriental;1978;Zimmerman, E. (1978). Insects of Hawaii. Vol. 9 Microlepidoptera. Part I. The University Press of Hawaii, Honolulu, Hawaii, United States of America.;Phereoeca allutella
0;Oceania;Phereoeca allutella;Oceanina;1978;Zimmerman, E. (1978). Insects of Hawaii. Vol. 9 Microlepidoptera. Part I. The University Press of Hawaii, Honolulu, Hawaii, United States of America.;Phereoeca allutella
0;North America;Pilocrocis ramentalis;Nearctic;2016;Landry, B. (2016). Taxonomic revision of the Spilomelinae (Lepidoptera, Pyralidae sl) of the Galapagos Islands, Ecuador. Revue Suisse de Zoologie. 123(2): 315-399;Pilocrocis ramentalis
0;North America;Pilocrocis ramentalis;Panamanian;2016;Landry, B. (2016). Taxonomic revision of the Spilomelinae (Lepidoptera, Pyralidae sl) of the Galapagos Islands, Ecuador. Revue Suisse de Zoologie. 123(2): 315-399;Pilocrocis ramentalis
0;South America;Pilocrocis ramentalis;Neotropical;2016;Landry, B. (2016). Taxonomic revision of the Spilomelinae (Lepidoptera, Pyralidae sl) of the Galapagos Islands, Ecuador. Revue Suisse de Zoologie. 123(2): 315-399;Pilocrocis ramentalis
0;Africa;Agrotis ipsilon;Saharo-Arabian;1997;Showers, W. (1997). Migratory Ecology of the Black Cutworm. Annual Review of Entomology. 42: 393-425;Agrotis ipsilon
0;Asia;Agrotis ipsilon;Oriental;1997;Showers, W. (1997). Migratory Ecology of the Black Cutworm. Annual Review of Entomology. 42: 393-425;Agrotis ipsilon
0;Asia;Agrotis ipsilon;Palearctic;1997;Showers, W. (1997). Migratory Ecology of the Black Cutworm. Annual Review of Entomology. 42: 393-425;Agrotis ipsilon
0;Asia;Agrotis ipsilon;Saharo-Arabian;1997;Showers, W. (1997). Migratory Ecology of the Black Cutworm. Annual Review of Entomology. 42: 393-425;Agrotis ipsilon
0;Asia;Agrotis ipsilon;Sino-Japanese;1997;Showers, W. (1997). Migratory Ecology of the Black Cutworm. Annual Review of Entomology. 42: 393-425;Agrotis ipsilon
0;Europe;Agrotis ipsilon;Palearctic;1997;Showers, W. (1997). Migratory Ecology of the Black Cutworm. Annual Review of Entomology. 42: 393-425;Agrotis ipsilon
0;North America;Agrotis ipsilon;Panamanian;1997;Showers, W. (1997). Migratory Ecology of the Black Cutworm. Annual Review of Entomology. 42: 393-425;Agrotis ipsilon
0;Oceania;Agrotis ipsilon;Oceanina;1997;Showers, W. (1997). Migratory Ecology of the Black Cutworm. Annual Review of Entomology. 42: 393-425;Agrotis ipsilon
0;South America;Agrotis ipsilon;Neotropical;1997;Showers, W. (1997). Migratory Ecology of the Black Cutworm. Annual Review of Entomology. 42: 393-425;Agrotis ipsilon
0;Africa;Praeacedes atomosella;Afrotropical;2020;Roy, D., et al. (2020). DAISIE - Delivering Alien Invasive Species Inventories for Europe. Available at: http://www.europe-aliens.org/;Praeacedes atomosella
0;Asia;Praeacedes atomosella;Oriental;2020;Roy, D., et al. (2020). DAISIE - Delivering Alien Invasive Species Inventories for Europe. Available at: http://www.europe-aliens.org/;Praeacedes atomosella
0;North America;Praeacedes atomosella;Nearctic;2020;Roy, D., et al. (2020). DAISIE - Delivering Alien Invasive Species Inventories for Europe. Available at: http://www.europe-aliens.org/;Praeacedes atomosella
0;North America;Praeacedes atomosella;Panamanian;2020;Roy, D., et al. (2020). DAISIE - Delivering Alien Invasive Species Inventories for Europe. Available at: http://www.europe-aliens.org/;Praeacedes atomosella
0;South America;Praeacedes atomosella;Neotropical;2020;Roy, D., et al. (2020). DAISIE - Delivering Alien Invasive Species Inventories for Europe. Available at: http://www.europe-aliens.org/;Praeacedes atomosella
0;Africa;Pyralis manihotalis;Afrotropical;1990;Robinson, G., Kirke, C. (1990). Lepidoptera of Ascension Island - a review. Journal of Natural History. 24(1): 119-135;Pyralis manihotalis
0;Asia;Pyralis manihotalis;Oriental;1990;Robinson, G., Kirke, C. (1990). Lepidoptera of Ascension Island - a review. Journal of Natural History. 24(1): 119-135;Pyralis manihotalis
0;Asia;Pyralis manihotalis;Sino-Japanese;1990;Robinson, G., Kirke, C. (1990). Lepidoptera of Ascension Island - a review. Journal of Natural History. 24(1): 119-135;Pyralis manihotalis
0;North America;Pyralis manihotalis;Panamanian;1990;Robinson, G., Kirke, C. (1990). Lepidoptera of Ascension Island - a review. Journal of Natural History. 24(1): 119-135;Pyralis manihotalis
0;Oceania;Pyralis manihotalis;Oceanina;1990;Robinson, G., Kirke, C. (1990). Lepidoptera of Ascension Island - a review. Journal of Natural History. 24(1): 119-135;Pyralis manihotalis
0;South America;Pyralis manihotalis;Neotropical;1990;Robinson, G., Kirke, C. (1990). Lepidoptera of Ascension Island - a review. Journal of Natural History. 24(1): 119-135;Pyralis manihotalis
0;North America;Pyrausta panopealis;Nearctic;2006;Roque-Albelo, L. (2006). Diversity and ecology of the Lepidoptera in the Galapagos Islands, Ecuador. [PhD Thesis, Cardiff University].;Pyrausta panopealis
0;North America;Pyrausta panopealis;Panamanian;2006;Roque-Albelo, L. (2006). Diversity and ecology of the Lepidoptera in the Galapagos Islands, Ecuador. [PhD Thesis, Cardiff University].;Pyrausta panopealis
0;South America;Pyrausta panopealis;Neotropical;2006;Roque-Albelo, L. (2006). Diversity and ecology of the Lepidoptera in the Galapagos Islands, Ecuador. [PhD Thesis, Cardiff University].;Pyrausta panopealis
0;North America;Rhectocraspeda periusalis;Nearctic;2006;Roque-Albelo, L. (2006). Diversity and ecology of the Lepidoptera in the Galapagos Islands, Ecuador. [PhD Thesis, Cardiff University].;Rhectocraspeda periusalis
0;North America;Rhectocraspeda periusalis;Panamanian;2006;Roque-Albelo, L. (2006). Diversity and ecology of the Lepidoptera in the Galapagos Islands, Ecuador. [PhD Thesis, Cardiff University].;Rhectocraspeda periusalis
0;South America;Rhectocraspeda periusalis;Neotropical;2006;Roque-Albelo, L. (2006). Diversity and ecology of the Lepidoptera in the Galapagos Islands, Ecuador. [PhD Thesis, Cardiff University].;Rhectocraspeda periusalis
0;North America;Samea ecclesialis;Nearctic;2016;Landry, B. (2016). Taxonomic revision of the Spilomelinae (Lepidoptera, Pyralidae sl) of the Galapagos Islands, Ecuador. Revue Suisse de Zoologie. 123(2): 315-399;Samea ecclesialis
0;North America;Samea ecclesialis;Panamanian;2016;Landry, B. (2016). Taxonomic revision of the Spilomelinae (Lepidoptera, Pyralidae sl) of the Galapagos Islands, Ecuador. Revue Suisse de Zoologie. 123(2): 315-399;Samea ecclesialis
0;South America;Samea ecclesialis;Neotropical;2016;Landry, B. (2016). Taxonomic revision of the Spilomelinae (Lepidoptera, Pyralidae sl) of the Galapagos Islands, Ecuador. Revue Suisse de Zoologie. 123(2): 315-399;Samea ecclesialis
0;North America;Sisyracera inabsconsalis;Nearctic;2016;Landry, B. (2016). Taxonomic revision of the Spilomelinae (Lepidoptera, Pyralidae sl) of the Galapagos Islands, Ecuador. Revue Suisse de Zoologie. 123(2): 315-399;Sisyracera inabsconsalis
0;North America;Sisyracera inabsconsalis;Panamanian;2016;Landry, B. (2016). Taxonomic revision of the Spilomelinae (Lepidoptera, Pyralidae sl) of the Galapagos Islands, Ecuador. Revue Suisse de Zoologie. 123(2): 315-399;Sisyracera inabsconsalis
0;South America;Sisyracera inabsconsalis;Neotropical;2016;Landry, B. (2016). Taxonomic revision of the Spilomelinae (Lepidoptera, Pyralidae sl) of the Galapagos Islands, Ecuador. Revue Suisse de Zoologie. 123(2): 315-399;Sisyracera inabsconsalis
0;North America;Sphacelodes vulneraria;Nearctic;2017;Ribeiro, L., et al. (2017). First record of Sphacelodes vulneraria (Lepidoptera: Geometridae) damaging Hovenia dulcis in Brazil. Pesquisa Florestal Brasileira. 37(91): 409-411;Sphacelodes vulneraria
0;North America;Sphacelodes vulneraria;Panamanian;2017;Ribeiro, L., et al. (2017). First record of Sphacelodes vulneraria (Lepidoptera: Geometridae) damaging Hovenia dulcis in Brazil. Pesquisa Florestal Brasileira. 37(91): 409-411;Sphacelodes vulneraria
0;South America;Sphacelodes vulneraria;Neotropical;2017;Ribeiro, L., et al. (2017). First record of Sphacelodes vulneraria (Lepidoptera: Geometridae) damaging Hovenia dulcis in Brazil. Pesquisa Florestal Brasileira. 37(91): 409-411;Sphacelodes vulneraria
0;Africa;Spoladea recurvalis;Afrotropical;2010;Lopez-Vaamonde, C., et al. (2010). Lepidoptera. Chapter 11. BioRisk. 4: 603-668;Spoladea recurvalis
0;Africa;Spoladea recurvalis;Saharo-Arabian;2010;Lopez-Vaamonde, C., et al. (2010). Lepidoptera. Chapter 11. BioRisk. 4: 603-668;Spoladea recurvalis
0;South America;Spoladea recurvalis;Neotropical;2010;Lopez-Vaamonde, C., et al. (2010). Lepidoptera. Chapter 11. BioRisk. 4: 603-668;Spoladea recurvalis
0;North America;Stenoptilodes brevipennis;Nearctic;2006;Gielis, C. (2006). Review of the Neotropical species of the family Pterophoridae, part I: Ochyroticinae, Deuterocopinae, Pterophorinae (Platyptiliini, Exelastini, Oxyptilini) (Lepidoptera). Zoologische Mededelingen. 80: 1-290;Stenoptilodes brevipennis
0;North America;Stenoptilodes brevipennis;Panamanian;2006;Gielis, C. (2006). Review of the Neotropical species of the family Pterophoridae, part I: Ochyroticinae, Deuterocopinae, Pterophorinae (Platyptiliini, Exelastini, Oxyptilini) (Lepidoptera). Zoologische Mededelingen. 80: 1-290;Stenoptilodes brevipennis
0;South America;Stenoptilodes brevipennis;Neotropical;2006;Gielis, C. (2006). Review of the Neotropical species of the family Pterophoridae, part I: Ochyroticinae, Deuterocopinae, Pterophorinae (Platyptiliini, Exelastini, Oxyptilini) (Lepidoptera). Zoologische Mededelingen. 80: 1-290;Stenoptilodes brevipennis
0;North America;Strepsicrates smithiana;Panamanian;2012;Vargas, H. (2012). Strepsicrates smithiana Walsingham (Lepidoptera, Tortricidae): first record from Chile and a newly documented host plant. Revista Brasileira de Entomologia. 56: 381-382;Strepsicrates smithiana
0;North America;Syngamia florella;Nearctic;2019;Hayden, J. (2019). Syngamia florella (Stoll), the orange-spotted flower moth (Lepidoptera: Crambidae: Spilomelinae). FDACS-P-02105, 440;Syngamia florella
0;North America;Syngamia florella;Panamanian;2019;Hayden, J. (2019). Syngamia florella (Stoll), the orange-spotted flower moth (Lepidoptera: Crambidae: Spilomelinae). FDACS-P-02105, 440;Syngamia florella
0;South America;Syngamia florella;Neotropical;2019;Hayden, J. (2019). Syngamia florella (Stoll), the orange-spotted flower moth (Lepidoptera: Crambidae: Spilomelinae). FDACS-P-02105, 440;Syngamia florella
1;Africa;Terastia meticulosalis;Afrotropical;1958;Zimmerman, E. (1958). Insects of Hawaii. Volume 8, Lepidoptera: Pyraloidea. Hawaii: University of Hawaii Press, Honolulu, Hawaii, United States of America.;Terastia meticulosalis
1;Asia;Terastia meticulosalis;Oriental;1958;Zimmerman, E. (1958). Insects of Hawaii. Volume 8, Lepidoptera: Pyraloidea. Hawaii: University of Hawaii Press, Honolulu, Hawaii, United States of America.;Terastia meticulosalis
1;Australia;Terastia meticulosalis;Australian;1958;Zimmerman, E. (1958). Insects of Hawaii. Volume 8, Lepidoptera: Pyraloidea. Hawaii: University of Hawaii Press, Honolulu, Hawaii, United States of America.;Terastia meticulosalis
1;South America;Terastia meticulosalis;Neotropical;1958;Zimmerman, E. (1958). Insects of Hawaii. Volume 8, Lepidoptera: Pyraloidea. Hawaii: University of Hawaii Press, Honolulu, Hawaii, United States of America.;Terastia meticulosalis
0;Africa;Trichophaga mormopis;Afrotropical;1978;Zimmerman, E. (1978). Insects of Hawaii. Vol. 9 Microlepidoptera. Part I. The University Press of Hawaii, Honolulu, Hawaii, United States of America.;Trichophaga mormopis
0;Asia;Trichophaga mormopis;Oriental;1978;Zimmerman, E. (1978). Insects of Hawaii. Vol. 9 Microlepidoptera. Part I. The University Press of Hawaii, Honolulu, Hawaii, United States of America.;Trichophaga mormopis
0;South America;Unadilla maturella;Neotropical;2022;Mally, R., et al. (2022), Moths and butterflies on alien shores - global biogeography of non-native Lepidoptera. Dryad, Dataset. Available at: https://doi.org/10.5061/dryad.31zcrjdnw;Unadilla maturella
0;North America;Xylesthia pruniramiella;Nearctic;1999;Heppner, J., Frank, J. (1999). Bromeliad Pod Borer, Epimorius testaceellus Ragonot (Insecta: Lepidoptera: Pyralidae). EENY-040/IN167, 5/1999. EDIS, 1999.;Xylesthia pruniramiella
0;North America;Xylesthia pruniramiella;Panamanian;1999;Heppner, J., Frank, J. (1999). Bromeliad Pod Borer, Epimorius testaceellus Ragonot (Insecta: Lepidoptera: Pyralidae). EENY-040/IN167, 5/1999. EDIS, 1999.;Xylesthia pruniramiella
0;South America;Xylesthia pruniramiella;Neotropical;1999;Heppner, J., Frank, J. (1999). Bromeliad Pod Borer, Epimorius testaceellus Ragonot (Insecta: Lepidoptera: Pyralidae). EENY-040/IN167, 5/1999. EDIS, 1999.;Xylesthia pruniramiella
0;Africa;Antigastra catalaunalis;Afrotropical;2024;Sarazu-Pillado, R., et al. (2024). Parasitoid wasps associated with Antigastra catalaunalis (Lepidoptera, Crambidae) in Northern Sinaloa, Mexico. Journal of Hymenoptera Research. 97: 741-754;Antigastra catalaunalis
0;Asia;Loxostege sticticalis;Palearctic;1938;Pepper, J. (1938). The effect of certain climatic factors on the distribution of the beet webworm (Loxostege sticticalis L.) in North America. Ecology. 19(4): 565-571;Loxostege sticticalis
0;Europe;Loxostege sticticalis;Palearctic;1938;Pepper, J. (1938). The effect of certain climatic factors on the distribution of the beet webworm (Loxostege sticticalis L.) in North America. Ecology. 19(4): 565-571;Loxostege sticticalis
0;Asia;Pieris brassicae;Palearctic;2020;Fuentes, N., et al. (2020). Multi-taxa inventory of naturalized species in Chile (including native Chilean species introduced in other areas of the national territory outside of their original range). NeoBiota. 60: 25-41;Pieris brassicae
0;Europe;Pieris brassicae;Palearctic;2020;Fuentes, N., et al. (2020). Multi-taxa inventory of naturalized species in Chile (including native Chilean species introduced in other areas of the national territory outside of their original range). NeoBiota. 60: 25-41;Pieris brassicae
0;Europe;Aplocera efformata;Palearctic;2022;Boyes, D., et al. (2022). The genome sequence of the lesser treble-bar moth, Aplocera efformata (Guenee, 1857). Wellcome Open Research. 7: 303;Aplocera efformata
0;Africa;Pontia daplidice;Saharo-Arabian;2011;Tennent, J. (2011). Pontia daplidice. The IUCN Red List of Threatened Species. 2011: e.T160251A5358607;Pontia daplidice
0;Asia;Pontia daplidice;Palearctic;2011;Tennent, J. (2011). Pontia daplidice. The IUCN Red List of Threatened Species. 2011: e.T160251A5358607;Pontia daplidice
0;Asia;Pontia daplidice;Saharo-Arabian;2011;Tennent, J. (2011). Pontia daplidice. The IUCN Red List of Threatened Species. 2011: e.T160251A5358607;Pontia daplidice
0;Europe;Pontia daplidice;Palearctic;2011;Tennent, J. (2011). Pontia daplidice. The IUCN Red List of Threatened Species. 2011: e.T160251A5358607;Pontia daplidice
0;Africa;Spodoptera cilium;Afrotropical;1975;Brown, E., Dewhurst, C. (1975). The genus Spodoptera (Lepidoptera, Noctuidae) in Africa and the near east. Bulletin of Entomological Research. 65(2): 221-262;Spodoptera cilium
0;Africa;Spodoptera cilium;Saharo-Arabian;1975;Brown, E., Dewhurst, C. (1975). The genus Spodoptera (Lepidoptera, Noctuidae) in Africa and the near east. Bulletin of Entomological Research. 65(2): 221-262;Spodoptera cilium
0;Asia;Spodoptera cilium;Oriental;1975;Brown, E., Dewhurst, C. (1975). The genus Spodoptera (Lepidoptera, Noctuidae) in Africa and the near east. Bulletin of Entomological Research. 65(2): 221-262;Spodoptera cilium
0;Asia;Spodoptera cilium;Palearctic;1975;Brown, E., Dewhurst, C. (1975). The genus Spodoptera (Lepidoptera, Noctuidae) in Africa and the near east. Bulletin of Entomological Research. 65(2): 221-262;Spodoptera cilium
0;Asia;Spodoptera cilium;Saharo-Arabian;1975;Brown, E., Dewhurst, C. (1975). The genus Spodoptera (Lepidoptera, Noctuidae) in Africa and the near east. Bulletin of Entomological Research. 65(2): 221-262;Spodoptera cilium
0;Europe;Spodoptera cilium;Palearctic;1975;Brown, E., Dewhurst, C. (1975). The genus Spodoptera (Lepidoptera, Noctuidae) in Africa and the near east. Bulletin of Entomological Research. 65(2): 221-262;Spodoptera cilium
0;Africa;Stenoptilia zophodactylus;Afrotropical;2010;Alipanah, H., Gielis, C. (2010). Notes on the tribes Platyptiliini and Exelastini from Iran (Lepidoptera: Pterophoridae). SHILAP Revista de Lepidopterologia. 38(149): 57-63;Stenoptilia zophodactylus
0;Asia;Stenoptilia zophodactylus;Oriental;2010;Alipanah, H., Gielis, C. (2010). Notes on the tribes Platyptiliini and Exelastini from Iran (Lepidoptera: Pterophoridae). SHILAP Revista de Lepidopterologia. 38(149): 57-63;Stenoptilia zophodactylus
0;Asia;Stenoptilia zophodactylus;Palearctic;2010;Alipanah, H., Gielis, C. (2010). Notes on the tribes Platyptiliini and Exelastini from Iran (Lepidoptera: Pterophoridae). SHILAP Revista de Lepidopterologia. 38(149): 57-63;Stenoptilia zophodactylus
0;Europe;Stenoptilia zophodactylus;Palearctic;2010;Alipanah, H., Gielis, C. (2010). Notes on the tribes Platyptiliini and Exelastini from Iran (Lepidoptera: Pterophoridae). SHILAP Revista de Lepidopterologia. 38(149): 57-63;Stenoptilia zophodactylus
0;Asia;Thymelicus lineola;Oriental;1966;Burns, J. (1966). Expanding distribution and evolutionary potential of Thymelicus lineola (Lepidoptera: Hesperiidae), an introduced skipper, with special reference to its appearance in British Columbia. The Canadian Entomologist. 98(8): 859-866;Thymelicus lineola
0;Asia;Thymelicus lineola;Palearctic;1966;Burns, J. (1966). Expanding distribution and evolutionary potential of Thymelicus lineola (Lepidoptera: Hesperiidae), an introduced skipper, with special reference to its appearance in British Columbia. The Canadian Entomologist. 98(8): 859-866;Thymelicus lineola
0;Asia;Thymelicus lineola;Saharo-Arabian;1966;Burns, J. (1966). Expanding distribution and evolutionary potential of Thymelicus lineola (Lepidoptera: Hesperiidae), an introduced skipper, with special reference to its appearance in British Columbia. The Canadian Entomologist. 98(8): 859-866;Thymelicus lineola
0;Asia;Thymelicus lineola;Sino-Japanese;1966;Burns, J. (1966). Expanding distribution and evolutionary potential of Thymelicus lineola (Lepidoptera: Hesperiidae), an introduced skipper, with special reference to its appearance in British Columbia. The Canadian Entomologist. 98(8): 859-866;Thymelicus lineola
0;Europe;Thymelicus lineola;Palearctic;1966;Burns, J. (1966). Expanding distribution and evolutionary potential of Thymelicus lineola (Lepidoptera: Hesperiidae), an introduced skipper, with special reference to its appearance in British Columbia. The Canadian Entomologist. 98(8): 859-866;Thymelicus lineola
0;Asia;Aplocera plagiata;Palearctic;2012;Hausmann, A., Viidalepp, J. (2012). The Geometrid Moths of Europe, Volume: 3 - Larentinae I. Apollo Books;Aplocera plagiata
0;Europe;Aplocera plagiata;Palearctic;2012;Hausmann, A., Viidalepp, J. (2012). The Geometrid Moths of Europe, Volume: 3 - Larentinae I. Apollo Books;Aplocera plagiata
0;North America;Aplocera plagiata;Nearctic;2012;Hausmann, A., Viidalepp, J. (2012). The Geometrid Moths of Europe, Volume: 3 - Larentinae I. Apollo Books;Aplocera plagiata
0;Asia;Ariadne ariadne;Oriental;1990;Leps, J., Spitzer, K. (1990). Ecological determinants of butterfly communities (Lepidoptera, Papilionoidea) in the Tam Dao mountains, Vietnam. Acta Entomologica Bohemoslovaca. 87(3): 182-194;Ariadne ariadne
0;Oceania;Conopomorpha litchiella;Oceanina;2024;CAB International (CABI) (2024). CABI Invasive Species Compendium. Available at: https://www.cabidigitallibrary.org/product/QI;Conopomorpha litchiella
0;Africa;Daphnis nerii;Saharo-Arabian;2024;Pittaway, A. (2024). Sphingidae of the Western Palaearctic (including Europe, North Africa, the Middle East, western Siberia and western Central Asia). Available at: https://tpittaway.tripod.com/sphinx/list.htm;Daphnis nerii
0;Asia;Euploea mulciber;Oriental;2013;Hao, J., et al. (2013). Complete mitogenomes of Euploea mulciber (Nymphalidae: Danainae) and Libythea celtis (Nymphalidae: Libytheinae) and their phylogenetic implications. International Scholarly Research Notices. 2013(1): 491636;Euploea mulciber
0;Asia;Macaldenia palumba;Oriental;2003;Holloway, J., Miller, S. (2003). The composition, generic placement and host-plant relationships of the joviana-group in the Parallelia generic complex (Lepidoptera: Noctuidae, Catocalinae). Invertebrate Systematics. 17(1): 111-128;Macaldenia palumba
0;Asia;Parantica aglea;Oriental;2022;Li, X., et al. (2020). A new record of complete mitochondrial genome of Parantica aglea (Lepidoptera: Danainae) and its phylogeny. Mitochondrial DNA Part B. 5(2): 1257-1258;Parantica aglea
0;Oceania;Parantica aglea;Oceanina;2022;Li, X., et al. (2020). A new record of complete mitochondrial genome of Parantica aglea (Lepidoptera: Danainae) and its phylogeny. Mitochondrial DNA Part B. 5(2): 1257-1258;Parantica aglea
0;Asia;Suastus gremius;Oriental;2022;Sunitha, T., Balagangatharan, P. (2022). Butterfly species diversity and abundance in Ramanathi Dam, Kadayam, Tenkasi Dist, Tamilnadu. Sciencia Acta Xaveriana - An International Science Journal. 13(1): 65-82;Suastus gremius
0;Africa;Zizula hylax;Afrotropical;2013;Fric, Z., Hula, V. (2013).  Zizula hylax (Fabricius, 1775) new butterfly species for Socotra (Lepidoptera: Lycaenidae). SHILAP Revista de Lepidopterologia. 41(164): 571-575;Zizula hylax
0;Africa;Zizula hylax;Saharo-Arabian;2013;Fric, Z., Hula, V. (2013).  Zizula hylax (Fabricius, 1775) new butterfly species for Socotra (Lepidoptera: Lycaenidae). SHILAP Revista de Lepidopterologia. 41(164): 571-575;Zizula hylax
0;Asia;Zizula hylax;Oriental;2013;Fric, Z., Hula, V. (2013).  Zizula hylax (Fabricius, 1775) new butterfly species for Socotra (Lepidoptera: Lycaenidae). SHILAP Revista de Lepidopterologia. 41(164): 571-575;Zizula hylax
0;Europe;Acleris comariana;Palearctic;2012;Gilligan, T., Epstein, M. (2012). TortAI, Tortricids of Agricultural Importance to the United States (Lepidoptera: Tortricidae). Identification Technology Program (ITP), USDA/APHIS/PPQ/CPHST, Fort Collins, CO. Available at: https://idtools.org/id/tortai/index.html;Acleris comariana
0;South America;Notioplusia illustrata;Neotropical;1978;Eichlin, T., Cunningham, H. (1978). The Plusiinae (Lepidoptera: Noctuidae) of America north of Mexico, emphasizing genitalic and larval morphology (No. 1567). Department of Agriculture, Agricultural Research Service. Washington D.C., United States of America.;Notioplusia illustrata
0;Asia;Bilobata subsecivella;Oriental;1993;Shanower, T., et al. (1993). Biology and control of the groundnut leafminer, Aproaerema modicella (Deventer)(Lepidoptera: Gelechiidae). Crop Protection. 12(1): 3-10;Bilobata subsecivella
0;Asia;Bilobata subsecivella;Saharo-Arabian;1993;Shanower, T., et al. (1993). Biology and control of the groundnut leafminer, Aproaerema modicella (Deventer)(Lepidoptera: Gelechiidae). Crop Protection. 12(1): 3-10;Bilobata subsecivella
0;Asia;Bilobata subsecivella;Sino-Japanese;1993;Shanower, T., et al. (1993). Biology and control of the groundnut leafminer, Aproaerema modicella (Deventer)(Lepidoptera: Gelechiidae). Crop Protection. 12(1): 3-10;Bilobata subsecivella
0;Australia;Bilobata subsecivella;Australian;2016;Buthelezi, N., et al. (2016). Molecular and behavioural evidence suggesting a re-examination of the taxonomy of Aproaerema simplexella (Walker), Aproaerema modicella (Deventer) and Stomopteryx subsecivella Zeller (Lepidoptera: Gelechiidae). African Entomology. 24(1): 16-23;Bilobata subsecivella
0;Asia;Chrysoesthia drurella;Palearctic;2006;ten Holt, H., Kuchlein, J. (2006). Additional data on the distribution and early stages of Chrysoesthia verrucosa (Lepidoptera: Gelechiidae). Phegea. 34(1): 13-16;Chrysoesthia drurella
0;Europe;Chrysoesthia drurella;Palearctic;2006;ten Holt, H., Kuchlein, J. (2006). Additional data on the distribution and early stages of Chrysoesthia verrucosa (Lepidoptera: Gelechiidae). Phegea. 34(1): 13-16;Chrysoesthia drurella
0;North America;Chrysoesthia drurella;Nearctic;2006;ten Holt, H., Kuchlein, J. (2006). Additional data on the distribution and early stages of Chrysoesthia verrucosa (Lepidoptera: Gelechiidae). Phegea. 34(1): 13-16;Chrysoesthia drurella
0;Africa;Coleophora mayrella;Saharo-Arabian;1993;Landry, J., Wright, B. (1993). Systematics of the Nearctic species of metallic-green Coleophora (Lepidoptera: Coleophoridae). The Canadian Entomologist. 125(3): 549-618;Coleophora mayrella
0;Asia;Coleophora mayrella;Palearctic;1993;Landry, J., Wright, B. (1993). Systematics of the Nearctic species of metallic-green Coleophora (Lepidoptera: Coleophoridae). The Canadian Entomologist. 125(3): 549-618;Coleophora mayrella
0;Europe;Coleophora mayrella;Palearctic;1993;Landry, J., Wright, B. (1993). Systematics of the Nearctic species of metallic-green Coleophora (Lepidoptera: Coleophoridae). The Canadian Entomologist. 125(3): 549-618;Coleophora mayrella
0;Asia;Coleophora striatipennella;Palearctic;2024;Anikin, V., Knyazev, S. (2024). Additions to the fauna of casebearer moths (Lepidoptera, Coleophoridae) of Omsk Region, Russia. Results of expeditions in 2021-2023. Ecologica Montenegrina. 75: 89-97;Coleophora striatipennella
0;Europe;Coleophora striatipennella;Palearctic;2024;Anikin, V., Knyazev, S. (2024). Additions to the fauna of casebearer moths (Lepidoptera, Coleophoridae) of Omsk Region, Russia. Results of expeditions in 2021-2023. Ecologica Montenegrina. 75: 89-97;Coleophora striatipennella
0;Asia;Coleophora versurella;Palearctic;2020;Fuentes, N., et al. (2020). Multi-taxa inventory of naturalized species in Chile (including native Chilean species introduced in other areas of the national territory outside of their original range). NeoBiota. 60: 25-41;Coleophora versurella
0;Europe;Coleophora versurella;Palearctic;2020;Fuentes, N., et al. (2020). Multi-taxa inventory of naturalized species in Chile (including native Chilean species introduced in other areas of the national territory outside of their original range). NeoBiota. 60: 25-41;Coleophora versurella
0;Asia;Ctenoplusia albostriata;Oriental;1985;Holloway, J. (1985). Moths of Borneo 14. Family Noctuidae. Subfamily: Euteliinae, Stictopterinae, Plusinae, Pantheinae. Malayan Nature Journal. Available at: https://www.mothsofborneo.com/part-14/index.htm;Ctenoplusia albostriata
0;Africa;Ctenoplusia limbirena;Afrotropical;2019;Emmerson, A., Hoare, R. (2019). Lepidoptera from Redvale, Albany, north of Auckland, New Zealand, 2004-2016: an annotated list. The Weta. 53: 43-70;Ctenoplusia limbirena
0;Africa;Ctenoplusia limbirena;Saharo-Arabian;2019;Emmerson, A., Hoare, R. (2019). Lepidoptera from Redvale, Albany, north of Auckland, New Zealand, 2004-2016: an annotated list. The Weta. 53: 43-70;Ctenoplusia limbirena
0;Asia;Ctenoplusia limbirena;Oriental;2019;Emmerson, A., Hoare, R. (2019). Lepidoptera from Redvale, Albany, north of Auckland, New Zealand, 2004-2016: an annotated list. The Weta. 53: 43-70;Ctenoplusia limbirena
0;Asia;Ctenoplusia limbirena;Palearctic;2019;Emmerson, A., Hoare, R. (2019). Lepidoptera from Redvale, Albany, north of Auckland, New Zealand, 2004-2016: an annotated list. The Weta. 53: 43-70;Ctenoplusia limbirena
0;Asia;Ctenoplusia limbirena;Sino-Japanese;2019;Emmerson, A., Hoare, R. (2019). Lepidoptera from Redvale, Albany, north of Auckland, New Zealand, 2004-2016: an annotated list. The Weta. 53: 43-70;Ctenoplusia limbirena
0;Europe;Ctenoplusia limbirena;Palearctic;2019;Emmerson, A., Hoare, R. (2019). Lepidoptera from Redvale, Albany, north of Auckland, New Zealand, 2004-2016: an annotated list. The Weta. 53: 43-70;Ctenoplusia limbirena
0;Oceania;Ctenoplusia limbirena;Oceanina;2019;Emmerson, A., Hoare, R. (2019). Lepidoptera from Redvale, Albany, north of Auckland, New Zealand, 2004-2016: an annotated list. The Weta. 53: 43-70;Ctenoplusia limbirena
0;Asia;Cyclophora obstataria;Oriental;1997;Holloway, J. (1997). The Moths of Borneo, Part 10 Geometridae, Subfamilies: Sterrhinae and Larentiinae. Southdene Sdn Bhd. Available online at: https://www.mothsofborneo.com/part-10/index.htm;Cyclophora obstataria
0;Europe;Cydia succedana;Palearctic;2002;Hill, R., Gourlay, A. (2002). Host-range testing, introduction, and establishment of Cydia succedana (Lepidoptera: Tortricidae) for biological control of gorse, Ulex europaeus L., in New Zealand. Biological Control. 25(2): 173-186;Cydia succedana
0;Australia;Erechthias capnitis;Australian;2020;Lee, D., et al. (2020). A review of the genus Erechthias Meyrick (Lepidoptera, Tineidae), with two newly recorded species from Korea. Journal of Asia-Pacific Biodiversity. 13(4): 625-630;Erechthias capnitis
0;Australia;Eutorna phaulocosma;Australian;1987;Charles, J., et al. (1987). Preliminary studies of Eutorna phaulocosma (Lepidoptera: Oecophoridae) in New Zealand. New Zealand Journal of Zoology. 14(4): 519-526;Eutorna phaulocosma
0;Australia;Gauna aegusalis;Australian;2001;Hoare, R. (2001). Adventive species of Lepidoptera recorded for the first time in New Zealand since 1988. New Zealand Entomologist. 24: 23-47;Gauna aegusalis
0;Europe;Glyphipterix simpliciella;Palearctic;2022;Mally, R., et al. (2022), Moths and butterflies on alien shores - global biogeography of non-native Lepidoptera. Dryad, Dataset. Available at: https://doi.org/10.5061/dryad.31zcrjdnw;Glyphipterix simpliciella
0;Africa;Glyphodes onychinalis;Saharo-Arabian;2008;Solis, M. (2008). New sightings of Glyphodes onychinalis (Guenee)(Pyraloidea: Crambidae: Spilomelinae), a recent arrival to the United States with a description of the larva reared on oleander (Nerium sp.) in California. News of the Lepidopterists Society. 50(3): 79-80;Glyphodes onychinalis
0;Asia;Glyphodes onychinalis;Saharo-Arabian;2008;Solis, M. (2008). New sightings of Glyphodes onychinalis (Guenee)(Pyraloidea: Crambidae: Spilomelinae), a recent arrival to the United States with a description of the larva reared on oleander (Nerium sp.) in California. News of the Lepidopterists Society. 50(3): 79-80;Glyphodes onychinalis
0;Australia;Heliozela catoptrias;Australian;2001;Hoare, R. (2001). Adventive species of Lepidoptera recorded for the first time in New Zealand since 1988. New Zealand Entomologist. 24: 23-47;Heliozela catoptrias
0;Asia;Herpetogramma licarsisalis;Palearctic;2020;Roy, D., et al. (2020). DAISIE - Delivering Alien Invasive Species Inventories for Europe. Available at: http://www.europe-aliens.org/;Herpetogramma licarsisalis
0;Asia;Herpetogramma licarsisalis;Sino-Japanese;2020;Roy, D., et al. (2020). DAISIE - Delivering Alien Invasive Species Inventories for Europe. Available at: http://www.europe-aliens.org/;Herpetogramma licarsisalis
0;Australia;Isotenes miserana;Australian;2022;Mally, R., et al. (2022), Moths and butterflies on alien shores - global biogeography of non-native Lepidoptera. Dryad, Dataset. Available at: https://doi.org/10.5061/dryad.31zcrjdnw;Isotenes miserana
0;Australia;Nyctemera amicus;Australian;2001;Hoare, R. (2001). Adventive species of Lepidoptera recorded for the first time in New Zealand since 1988. New Zealand Entomologist. 24: 23-47;Nyctemera amicus
0;Africa;Oegoconia caradjai;Saharo-Arabian;2005;de Prins, W. (2005). Oegoconia caradjai, a new species for the Belgian fauna (Lepidoptera: Autostichidae). Phegea. 33: 12;Oegoconia caradjai
0;Asia;Oegoconia caradjai;Palearctic;2005;de Prins, W. (2005). Oegoconia caradjai, a new species for the Belgian fauna (Lepidoptera: Autostichidae). Phegea. 33: 12;Oegoconia caradjai
0;Europe;Oegoconia caradjai;Palearctic;2005;de Prins, W. (2005). Oegoconia caradjai, a new species for the Belgian fauna (Lepidoptera: Autostichidae). Phegea. 33: 12;Oegoconia caradjai
0;Australia;Pantydia sparsa;Australian;2011;Hoare, R. (2011). Lepidoptera of gumland heaths - a threatened and rare ecosystem of northern New Zealand. New Zealand Entomologist. 34(1): 67-76;Pantydia sparsa
0;Australia;Parochmastis hilderi;Australian;1998;Smithers, C. (1998). A species list and bibliography of the insects recorded from Norfolk Island. Technical Reports of the Australian Museum. 13: 1-55;Parochmastis hilderi
0;Australia;Phalaenoides glycinae;Australian;2025;PaDIL (2025). The Pest and Disease Image Library (PaDIL). Available at: https://www.padil.gov.au/;Phalaenoides glycinae
0;Europe;Platyedra subcinerea;Palearctic;2010;Lopez-Vaamonde, C., et al. (2010). Lepidoptera. Chapter 11. BioRisk. 4: 603-668;Platyedra subcinerea
0;Europe;Scrobipalpa obsoletella;Palearctic;2019;Bidzilya, O., et al. (2019). An annotated checklist of Gelechiidae (Lepidoptera) of Israel with description of two new species. Zootaxa. 4677(1): 1-68;Scrobipalpa obsoletella
0;Australia;Stericta carbonalis;Australian;2022;Mally, R., et al. (2022), Moths and butterflies on alien shores - global biogeography of non-native Lepidoptera. Dryad, Dataset. Available at: https://doi.org/10.5061/dryad.31zcrjdnw;Stericta carbonalis
0;Asia;Stigmella microtheriella;Palearctic;1988;Dugdale, J. (1988). Lepidoptera - annotated catalogue, and keys to family-group taxa. In: Fauna of New Zealand vol. 14. Science Information Publishing Centre. DSIR. 264pp;Stigmella microtheriella
0;Europe;Stigmella microtheriella;Palearctic;1988;Dugdale, J. (1988). Lepidoptera - annotated catalogue, and keys to family-group taxa. In: Fauna of New Zealand vol. 14. Science Information Publishing Centre. DSIR. 264pp;Stigmella microtheriella
0;North America;Symmetrischema striatella;Nearctic;2024;Austin, K., Rubinoff, D. (2024). New records of introduced Lepidoptera in the Hawaiian Islands for the year 2023. Bishop Museum Occasional Papers. 156: 111-121;Symmetrischema striatella
0;Asia;Caloptilia azaleella;Palearctic;2011;Sugiura, S. (2011). Structure and dynamics of the parasitoid community shared by two herbivore species on different host plants. Arthropod-Plant Interactions. 5: 29-38;Caloptilia azaleella
0;Africa;Zizina otis;Saharo-Arabian;2008;Yago, M., et al. (2008). Molecular systematics and biogeography of the genus Zizina (Lepidoptera: Lycaenidae). Zootaxa. 1746(1): 15-38;Zizina otis
0;Asia;Zizina otis;Palearctic;2017;Mengal, F., et al. (2017). Faunistics of Butterflies (Lepidoptera: Rephalocera) with some new records from Quetta, Bolochistan, Pakistan. University of Sindh Journal of Animal Sciences. 3(1): 26-35;Zizina otis
0;Europe;Zizina otis;Palearctic;2017;Mengal, F., et al. (2017). Faunistics of Butterflies (Lepidoptera: Rephalocera) with some new records from Quetta, Bolochistan, Pakistan. University of Sindh Journal of Animal Sciences. 3(1): 26-35;Zizina otis
0;South America;Amyelois transitella;Neotropical;2021;EFSA Panel on Plant Health (EFSA PLH Panel), et al. (2021). Pest categorisation of Amyelois transitella. EFSA Journal. 19(6): 6666;Amyelois transitella
0;Asia;Prays citri;Oriental;2020;Roy, D., et al. (2020). DAISIE - Delivering Alien Invasive Species Inventories for Europe. Available at: http://www.europe-aliens.org/;Prays citri
0;Asia;Prays citri;Palearctic;2020;Roy, D., et al. (2020). DAISIE - Delivering Alien Invasive Species Inventories for Europe. Available at: http://www.europe-aliens.org/;Prays citri
0;Asia;Prays citri;Sino-Japanese;2020;Roy, D., et al. (2020). DAISIE - Delivering Alien Invasive Species Inventories for Europe. Available at: http://www.europe-aliens.org/;Prays citri
0;Africa;Chamaesphecia mysiniformis;Saharo-Arabian;1995;Sagliocco, J., Coupland, J. (1995). Biology and host specificity of Chamaesphecia mysiniformis (Lepidoptera: Sesiidae), a potential biological control agent of Marrubium vulgare (Lamiaceae) in Australia. Biocontrol Science and Technology. 5(4): 509-516;Chamaesphecia mysiniformis
0;Europe;Chamaesphecia mysiniformis;Palearctic;1995;Sagliocco, J., Coupland, J. (1995). Biology and host specificity of Chamaesphecia mysiniformis (Lepidoptera: Sesiidae), a potential biological control agent of Marrubium vulgare (Lamiaceae) in Australia. Biocontrol Science and Technology. 5(4): 509-516;Chamaesphecia mysiniformis
0;North America;Amorbia emigratella;Panamanian;1978;Zimmerman, E. (1978). Insects of Hawaii. Vol. 9 Microlepidoptera. Part I. The University Press of Hawaii, Honolulu, Hawaii, United States of America.;Amorbia emigratella
0;Africa;Amyna axis;Afrotropical;1999;Barnett, L., et al. (1999). The moths of the Chagos Archipelago with notes on their biogeography. Journal of Natural History. 33(7): 1021-1038;Amyna axis
0;Asia;Amyna axis;Oriental;1999;Barnett, L., et al. (1999). The moths of the Chagos Archipelago with notes on their biogeography. Journal of Natural History. 33(7): 1021-1038;Amyna axis
0;North America;Amyna axis;Panamanian;2010;Pogue, M. (2010). The Acontiinae and Eustrotiinae (Lepidoptera: Noctuidae) of Great Smoky Mountains National Park. Zootaxa. 2499: 1-20;Amyna axis
0;North America;Ascalapha odorata;Panamanian;2014;Ekrem, T., et al. (2014). The most northerly Black Witch (Ascalapha odorata): a tropical moth in the Canadian Arctic. The Canadian Field-Naturalist. 128(1): 77-79;Ascalapha odorata
0;Asia;Athetis thoracica;Oriental;2019;Irungbam, J., Irungbam, M. (2019). Contributions to the knowledge of moths of Bombycoidea Latreille, 1802 (Lepidoptera: Heterocera) of Bhutan with new records. Journal of Threatened Taxa. 11(8): 14022-14050;Athetis thoracica
0;Asia;Athetis thoracica;Sino-Japanese;2019;Irungbam, J., Irungbam, M. (2019). Contributions to the knowledge of moths of Bombycoidea Latreille, 1802 (Lepidoptera: Heterocera) of Bhutan with new records. Journal of Threatened Taxa. 11(8): 14022-14050;Athetis thoracica
0;Australia;Athetis thoracica;Australian;2019;Irungbam, J., Irungbam, M. (2019). Contributions to the knowledge of moths of Bombycoidea Latreille, 1802 (Lepidoptera: Heterocera) of Bhutan with new records. Journal of Threatened Taxa. 11(8): 14022-14050;Athetis thoracica
0;Oceania;Athetis thoracica;Oceanina;2019;Irungbam, J., Irungbam, M. (2019). Contributions to the knowledge of moths of Bombycoidea Latreille, 1802 (Lepidoptera: Heterocera) of Bhutan with new records. Journal of Threatened Taxa. 11(8): 14022-14050;Athetis thoracica
0;Africa;Bactra venosana;Saharo-Arabian;2015;Sohn, J., et al. (2015). Seven species of Olethreutinae (Lepidoptera: Tortricidae) new to Korea. Journal of Asia-Pacific Biodiversity. 8(2): 133-138;Bactra venosana
0;Africa;Callopistria maillardi;Saharo-Arabian;2010;Lopez-Vaamonde, C., et al. (2010). Lepidoptera. Chapter 11. BioRisk. 4: 603-668;Callopistria maillardi
0;North America;Cyclophora nanaria;Nearctic;2001;Vargas, H., et al. (2001). Notas sobre la polilla de la flor del olivo Cyclophora nanaria Walker (Lepidoptera: Geometridae, Sterrhinae). Idesia. 19: 25-33;Cyclophora nanaria
0;North America;Cyclophora nanaria;Panamanian;2001;Vargas, H., et al. (2001). Notas sobre la polilla de la flor del olivo Cyclophora nanaria Walker (Lepidoptera: Geometridae, Sterrhinae). Idesia. 19: 25-33;Cyclophora nanaria
0;South America;Cyclophora nanaria;Neotropical;2001;Vargas, H., et al. (2001). Notas sobre la polilla de la flor del olivo Cyclophora nanaria Walker (Lepidoptera: Geometridae, Sterrhinae). Idesia. 19: 25-33;Cyclophora nanaria
0;Oceania;Erechthias penicillata;Oceanina;1978;Zimmerman, E. (1978). Insects of Hawaii. Vol. 9 Microlepidoptera. Part I. The University Press of Hawaii, Honolulu, Hawaii, United States of America.;Erechthias penicillata
0;Africa;Cnaphalocrocis medinalis;Afrotropical;2023;Gao, L., et al. (2023). Use of food attractant to monitor and forecast population dynamics of Cnaphalocrocis medinalis (Lepidoptera: Pyralidae), a long-distance migratory pest. Agronomy. 13(8): 2141;Cnaphalocrocis medinalis
0;Asia;Cnaphalocrocis medinalis;Oriental;2023;Gao, L., et al. (2023). Use of food attractant to monitor and forecast population dynamics of Cnaphalocrocis medinalis (Lepidoptera: Pyralidae), a long-distance migratory pest. Agronomy. 13(8): 2141;Cnaphalocrocis medinalis
0;Asia;Cnaphalocrocis medinalis;Sino-Japanese;2023;Gao, L., et al. (2023). Use of food attractant to monitor and forecast population dynamics of Cnaphalocrocis medinalis (Lepidoptera: Pyralidae), a long-distance migratory pest. Agronomy. 13(8): 2141;Cnaphalocrocis medinalis
0;Oceania;Dryadaula terpsichorella;Oceanina;2014;Lee, G., et al. (2014). External egg morphology of the Hawaiian dancing moth, Dryadaula terpsichorella (Lepidoptera: Tineidae). Journal of Natural History. 48(15-16): 969-974;Dryadaula terpsichorella
0;South America;Elaphria nucicolora;Neotropical;1958;Zimmerman, E. (1958). Insects of Hawaii. Volume 7, Macrolepidoptera. Hawaii: University of Hawaii Press, Honolulu, Hawaii, United States of America.;Elaphria nucicolora
0;North America;Elasmopalpus lignosella;Nearctic;2023;EFSA Panel on Plant Health (EFSA PLH Panel), et al. (2023). Pest risk assessment of Elasmopalpus lignosellus for the European Union. EFSA Journal. 21(5): e08004;Elasmopalpus lignosella
0;North America;Elasmopalpus lignosella;Oceanina;2023;EFSA Panel on Plant Health (EFSA PLH Panel), et al. (2023). Pest risk assessment of Elasmopalpus lignosellus for the European Union. EFSA Journal. 21(5): e08004;Elasmopalpus lignosella
0;South America;Elasmopalpus lignosella;Panamanian;2023;EFSA Panel on Plant Health (EFSA PLH Panel), et al. (2023). Pest risk assessment of Elasmopalpus lignosellus for the European Union. EFSA Journal. 21(5): e08004;Elasmopalpus lignosella
0;North America;Ephestiodes gilvescentella;Nearctic;2020;VanDyk, J., et al. (2020). BugGuide - Identification, Images, and Information For Insects, Spiders and Their Kin For the United States and Canada. Version 1.5. United States Geological Survey. Available at: https://bugguide.net/;Ephestiodes gilvescentella
0;Australia;Erechthias simulans;Australian;1986;Clarke, J. (1986): Pyralidae and Microlepidoptera of the Marquesas Archipelago. Smithsonian Contributions to Zoology. 416;Erechthias simulans
0;Oceania;Erechthias simulans;Oceanina;1986;Clarke, J. (1986): Pyralidae and Microlepidoptera of the Marquesas Archipelago. Smithsonian Contributions to Zoology. 416;Erechthias simulans
0;Asia;Cnaphalocrocis poeyalis;Oriental;2025;PaDIL (2025). The Pest and Disease Image Library (PaDIL). Available at: https://www.padil.gov.au/;Cnaphalocrocis poeyalis
0;Oceania;Cnaphalocrocis poeyalis;Oceanina;2025;PaDIL (2025). The Pest and Disease Image Library (PaDIL). Available at: https://www.padil.gov.au/;Cnaphalocrocis poeyalis
0;Africa;Eublemma accedens;Afrotropical;2024;de Prins, J., de Prins, W. (2024). Afromoths, online database of Afrotropical moth species (Lepidoptera). Available at: http://www.afromoths.net;Eublemma accedens
0;Africa;Eublemma accedens;Madagascan;2024;de Prins, J., de Prins, W. (2024). Afromoths, online database of Afrotropical moth species (Lepidoptera). Available at: http://www.afromoths.net;Eublemma accedens
0;Asia;Eublemma accedens;Oriental;2024;de Prins, J., de Prins, W. (2024). Afromoths, online database of Afrotropical moth species (Lepidoptera). Available at: http://www.afromoths.net;Eublemma accedens
0;Australia;Eublemma accedens;Australian;2024;de Prins, J., de Prins, W. (2024). Afromoths, online database of Afrotropical moth species (Lepidoptera). Available at: http://www.afromoths.net;Eublemma accedens
0;Oceania;Eublemma accedens;Oceanina;2024;de Prins, J., de Prins, W. (2024). Afromoths, online database of Afrotropical moth species (Lepidoptera). Available at: http://www.afromoths.net;Eublemma accedens
0;North America;Feltia subterranea;Nearctic;2014;Prestes, A. (2014). A New Exotic Noctuid for the Hawaiian Archipelago: Feltia subterranea (Fabricius) (Lepidoptera: Noctuidae: Noctuinae). The Journal of the Lepidopterists Society. 68(3): 220-221;Feltia subterranea
0;North America;Feltia subterranea;Panamanian;2014;Prestes, A. (2014). A New Exotic Noctuid for the Hawaiian Archipelago: Feltia subterranea (Fabricius) (Lepidoptera: Noctuidae: Noctuinae). The Journal of the Lepidopterists Society. 68(3): 220-221;Feltia subterranea
0;South America;Feltia subterranea;Neotropical;2014;Prestes, A. (2014). A New Exotic Noctuid for the Hawaiian Archipelago: Feltia subterranea (Fabricius) (Lepidoptera: Noctuidae: Noctuinae). The Journal of the Lepidopterists Society. 68(3): 220-221;Feltia subterranea
0;Asia;Gymnoscelis rufifasciata;Palearctic;1991;Argaman, Q., Wysoki, M. (1991). The flower-eating Gymnoscelis (Lep. Geometridae) in Israel. Tropical Pest Management. 37(2): 185;Gymnoscelis rufifasciata
0;Europe;Gymnoscelis rufifasciata;Palearctic;1991;Argaman, Q., Wysoki, M. (1991). The flower-eating Gymnoscelis (Lep. Geometridae) in Israel. Tropical Pest Management. 37(2): 185;Gymnoscelis rufifasciata
0;South America;Helicoverpa zea;Neotropical;2020;Zhao, H., et al. (2020). Climate Change Increases the Expansion Risk of Helicoverpa zea in China According to Potential Geographical Distribution Estimation. Insects. 13: 79;Helicoverpa zea
0;South America;Helicoverpa zea;Panamanian;2020;Zhao, H., et al. (2020). Climate Change Increases the Expansion Risk of Helicoverpa zea in China According to Potential Geographical Distribution Estimation. Insects. 13: 79;Helicoverpa zea
0;Asia;Hippotion rosetta;Oriental;1987;Holloway, J. (1987). Moths of Borneo 3. Superfamily Bombycoidea: Families Lasiocampidae, Eupterotidae, Bombycidae, Brahmaeidae, Saturnidae, Sphingidae. Southene Sdn Bhd. Available at: https://www.mothsofborneo.com/part-3/;Hippotion rosetta
0;Asia;Hippotion rosetta;Sino-Japanese;1987;Holloway, J. (1987). Moths of Borneo 3. Superfamily Bombycoidea: Families Lasiocampidae, Eupterotidae, Bombycidae, Brahmaeidae, Saturnidae, Sphingidae. Southene Sdn Bhd. Available at: https://www.mothsofborneo.com/part-3/;Hippotion rosetta
0;Australia;Hippotion rosetta;Australian;1987;Holloway, J. (1987). Moths of Borneo 3. Superfamily Bombycoidea: Families Lasiocampidae, Eupterotidae, Bombycidae, Brahmaeidae, Saturnidae, Sphingidae. Southene Sdn Bhd. Available at: https://www.mothsofborneo.com/part-3/;Hippotion rosetta
0;Oceania;Hippotion rosetta;Oceanina;1987;Holloway, J. (1987). Moths of Borneo 3. Superfamily Bombycoidea: Families Lasiocampidae, Eupterotidae, Bombycidae, Brahmaeidae, Saturnidae, Sphingidae. Southene Sdn Bhd. Available at: https://www.mothsofborneo.com/part-3/;Hippotion rosetta
0;North America;Hylephila phyleus;Nearctic;2018;Griffith, T., Gillett-Kaufman, J. (2018). Fiery Skipper Hylephila phyleus (Drury)(Insecta: Lepidoptera: Hesperiidae): EENY-697/IN1194, 12/2017. EDIS. 2018(1): 1-4;Hylephila phyleus
0;North America;Hylephila phyleus;Panamanian;2018;Griffith, T., Gillett-Kaufman, J. (2018). Fiery Skipper Hylephila phyleus (Drury)(Insecta: Lepidoptera: Hesperiidae): EENY-697/IN1194, 12/2017. EDIS. 2018(1): 1-4;Hylephila phyleus
0;South America;Hylephila phyleus;Neotropical;2018;Griffith, T., Gillett-Kaufman, J. (2018). Fiery Skipper Hylephila phyleus (Drury)(Insecta: Lepidoptera: Hesperiidae): EENY-697/IN1194, 12/2017. EDIS. 2018(1): 1-4;Hylephila phyleus
0;Asia;Hypena strigatus;Saharo-Arabian;2013;Kononenko, V., Pinratana, A. (2013). Moths of Thailand. Noctuoidea. An illustrated Catalogue of Erebidae, Nolidae, Euteliidae and Noctuidae (Insecta, Lepidoptera) in Thailand. Brothers of St. Gabriel in Thailand. Bangkok.;Hypena strigatus
0;Africa;Hypsopygia mauritialis;Afrotropical;1958;Zimmerman, E. (1958). Insects of Hawaii. Volume 8, Lepidoptera: Pyraloidea. Hawaii: University of Hawaii Press, Honolulu, Hawaii, United States of America.;Hypsopygia mauritialis
0;Africa;Hypsopygia mauritialis;Madagascan;1958;Zimmerman, E. (1958). Insects of Hawaii. Volume 8, Lepidoptera: Pyraloidea. Hawaii: University of Hawaii Press, Honolulu, Hawaii, United States of America.;Hypsopygia mauritialis
0;Asia;Hypsopygia mauritialis;Oriental;1958;Zimmerman, E. (1958). Insects of Hawaii. Volume 8, Lepidoptera: Pyraloidea. Hawaii: University of Hawaii Press, Honolulu, Hawaii, United States of America.;Hypsopygia mauritialis
0;Asia;Hypsopygia mauritialis;Sino-Japanese;1958;Zimmerman, E. (1958). Insects of Hawaii. Volume 8, Lepidoptera: Pyraloidea. Hawaii: University of Hawaii Press, Honolulu, Hawaii, United States of America.;Hypsopygia mauritialis
0;Australia;Hypsopygia mauritialis;Australian;1958;Zimmerman, E. (1958). Insects of Hawaii. Volume 8, Lepidoptera: Pyraloidea. Hawaii: University of Hawaii Press, Honolulu, Hawaii, United States of America.;Hypsopygia mauritialis
0;Oceania;Hypsopygia mauritialis;Oceanina;1958;Zimmerman, E. (1958). Insects of Hawaii. Volume 8, Lepidoptera: Pyraloidea. Hawaii: University of Hawaii Press, Honolulu, Hawaii, United States of America.;Hypsopygia mauritialis
0;Asia;Imma mylias;Oriental;2022;Mally, R., et al. (2022), Moths and butterflies on alien shores - global biogeography of non-native Lepidoptera. Dryad, Dataset. Available at: https://doi.org/10.5061/dryad.31zcrjdnw;Imma mylias
0;South America;Keiferia lycopersicella;Neotropical;2020;Roy, D., et al. (2020). DAISIE - Delivering Alien Invasive Species Inventories for Europe. Available at: http://www.europe-aliens.org/;Keiferia lycopersicella
0;Australia;Leucania scottii;Australian;2024;Turner, R., et al. (2024). International Non-native Insect Establishment Data (0.2.1) [Data set]. Zenodo.;Leucania scottii
0;Africa;Cochylis atricapitana;Saharo-Arabian;2013;Turner, S., Cesselli, S. (2013). Operational field guide to the establishment of tansy ragwort biocontrol agents in British Columbia. Victoria, British Columbia, Canada.;Cochylis atricapitana
0;Europe;Cochylis atricapitana;Palearctic;2013;Sun, Y., Li, H. (2013). Cochylis Treitschke in China: one new species and five new records (Lepidoptera, Tortricidae, Cochylini). ZooKeys. 258: 85-96;Cochylis atricapitana
0;North America;Lioptilodes parvus;Nearctic;1991;Gielis, C. (1991). Review of the Pterophoridae (Lepidoptera) from Argentina and Chile. Zoologische Mededelingen. 269: 4-164;Lioptilodes parvus
0;South America;Lioptilodes parvus;Neotropical;1991;Gielis, C. (1991). Review of the Pterophoridae (Lepidoptera) from Argentina and Chile. Zoologische Mededelingen. 269: 4-164;Lioptilodes parvus
0;North America;Lorita scarificata;Nearctic;2020;VanDyk, J., et al. (2020). BugGuide - Identification, Images, and Information For Insects, Spiders and Their Kin For the United States and Canada. Version 1.5. United States Geological Survey. Available at: https://bugguide.net/;Lorita scarificata
0;North America;Lorita scarificata;Panamanian;2020;VanDyk, J., et al. (2020). BugGuide - Identification, Images, and Information For Insects, Spiders and Their Kin For the United States and Canada. Version 1.5. United States Geological Survey. Available at: https://bugguide.net/;Lorita scarificata
0;South America;Lorita scarificata;Neotropical;2020;VanDyk, J., et al. (2020). BugGuide - Identification, Images, and Information For Insects, Spiders and Their Kin For the United States and Canada. Version 1.5. United States Geological Survey. Available at: https://bugguide.net/;Lorita scarificata
0;Asia;Macroglossum pyrrhosticta;Oriental;2024;Pittaway, A., Kitching, I. (2024). Sphingidae of the Eastern Palaearctic (including Siberia, the Russian Far East, Mongolia, China, Taiwan, the Korean Peninsula and Japan). Available at: https://tpittaway.tripod.com/china/china.htm;Macroglossum pyrrhosticta
0;Asia;Macroglossum pyrrhosticta;Palearctic;2024;Pittaway, A., Kitching, I. (2024). Sphingidae of the Eastern Palaearctic (including Siberia, the Russian Far East, Mongolia, China, Taiwan, the Korean Peninsula and Japan). Available at: https://tpittaway.tripod.com/china/china.htm;Macroglossum pyrrhosticta
0;Asia;Macroglossum pyrrhosticta;Sino-Japanese;2024;Pittaway, A., Kitching, I. (2024). Sphingidae of the Eastern Palaearctic (including Siberia, the Russian Far East, Mongolia, China, Taiwan, the Korean Peninsula and Japan). Available at: https://tpittaway.tripod.com/china/china.htm;Macroglossum pyrrhosticta
0;North America;Megalographa biloba;Nearctic;2009;Lafontaine, J., Sullivan, J. (2009). A review of the genus Megalographa Lafontaine and Poole (Lepidoptera: Noctuidae: Plusiinae) with the description of a new species from Costa Rica. Insecta Mundi. 0077: 1-10;Megalographa biloba
0;North America;Megalographa biloba;Panamanian;2009;Lafontaine, J., Sullivan, J. (2009). A review of the genus Megalographa Lafontaine and Poole (Lepidoptera: Noctuidae: Plusiinae) with the description of a new species from Costa Rica. Insecta Mundi. 0077: 1-10;Megalographa biloba
0;South America;Megalographa biloba;Neotropical;2009;Lafontaine, J., Sullivan, J. (2009). A review of the genus Megalographa Lafontaine and Poole (Lepidoptera: Noctuidae: Plusiinae) with the description of a new species from Costa Rica. Insecta Mundi. 0077: 1-10;Megalographa biloba
0;Europe;Coleophora alcyonipennella;Palearctic;1993;Landry, J., Wright, B. (1993). Systematics of the Nearctic species of metallic-green Coleophora (Lepidoptera: Coleophoridae). The Canadian Entomologist. 125(3): 549-618;Coleophora alcyonipennella
0;Africa;Pandesma anysa;Afrotropical;2024;de Prins, J., de Prins, W. (2024). Afromoths, online database of Afrotropical moth species (Lepidoptera). Available at: http://www.afromoths.net;Pandesma anysa
0;Africa;Pandesma anysa;Saharo-Arabian;2024;de Prins, J., de Prins, W. (2024). Afromoths, online database of Afrotropical moth species (Lepidoptera). Available at: http://www.afromoths.net;Pandesma anysa
0;Asia;Pandesma anysa;Oriental;2024;de Prins, J., de Prins, W. (2024). Afromoths, online database of Afrotropical moth species (Lepidoptera). Available at: http://www.afromoths.net;Pandesma anysa
0;Africa;Parapoynx fluctuosalis;Afrotropical;2020;Roy, D., et al. (2020). DAISIE - Delivering Alien Invasive Species Inventories for Europe. Available at: http://www.europe-aliens.org/;Parapoynx fluctuosalis
0;Africa;Parapoynx fluctuosalis;Madagascan;2020;Roy, D., et al. (2020). DAISIE - Delivering Alien Invasive Species Inventories for Europe. Available at: http://www.europe-aliens.org/;Parapoynx fluctuosalis
0;Asia;Parapoynx fluctuosalis;Oriental;2020;Roy, D., et al. (2020). DAISIE - Delivering Alien Invasive Species Inventories for Europe. Available at: http://www.europe-aliens.org/;Parapoynx fluctuosalis
0;Asia;Parapoynx fluctuosalis;Palearctic;2020;Roy, D., et al. (2020). DAISIE - Delivering Alien Invasive Species Inventories for Europe. Available at: http://www.europe-aliens.org/;Parapoynx fluctuosalis
0;Asia;Parapoynx fluctuosalis;Sino-Japanese;2020;Roy, D., et al. (2020). DAISIE - Delivering Alien Invasive Species Inventories for Europe. Available at: http://www.europe-aliens.org/;Parapoynx fluctuosalis
0;Africa;Comostolopsis germana;Afrotropical;1989;Adair, R., Scott, J. (1989). The life-history and host specificity of Comostolopsis germana Prout (Lepidoptera: Geometridae), a biological control agent of Chrysanthemoides monilifera (Compositae). Bulletin of Entomological Research. 79(4): 649-657;Comostolopsis germana
0;North America;Phoebis agarithe;Nearctic;1986;Scott, J. (1986). Distribution of Caribbean Butterflies. Papilio. 3: 1-26;Phoebis agarithe
0;North America;Phoebis agarithe;Panamanian;1986;Scott, J. (1986). Distribution of Caribbean Butterflies. Papilio. 3: 1-26;Phoebis agarithe
0;South America;Phoebis agarithe;Neotropical;1986;Scott, J. (1986). Distribution of Caribbean Butterflies. Papilio. 3: 1-26;Phoebis agarithe
0;Asia;Polydesma boarmoides;Oriental;2005;Holloway, J. (2005). The Moths of Borneo, Parts 15 & 16 Noctuidae: Catocalinae. Southdene Sdn Bhd. Available online at: https://www.mothsofborneo.com/part-15-16/index.htm;Polydesma boarmoides
0;Australia;Polydesma boarmoides;Australian;2005;Holloway, J. (2005). The Moths of Borneo, Parts 15 & 16 Noctuidae: Catocalinae. Southdene Sdn Bhd. Available online at: https://www.mothsofborneo.com/part-15-16/index.htm;Polydesma boarmoides
0;Oceania;Polydesma boarmoides;Oceanina;2005;Holloway, J. (2005). The Moths of Borneo, Parts 15 & 16 Noctuidae: Catocalinae. Southdene Sdn Bhd. Available online at: https://www.mothsofborneo.com/part-15-16/index.htm;Polydesma boarmoides
0;Africa;Polydesma umbricola;Afrotropical;1965;Arthur, M. (1965). Ecological studies on Polydesma umbricola Boisd. in Hawaii (Lepidoptera: Noctuidae). University of Hawaii (Doctoral dissertation [Honolulu]).;Polydesma umbricola
0;Africa;Polydesma umbricola;Madagascan;1965;Arthur, M. (1965). Ecological studies on Polydesma umbricola Boisd. in Hawaii (Lepidoptera: Noctuidae). University of Hawaii (Doctoral dissertation [Honolulu]).;Polydesma umbricola
0;Asia;Polydesma umbricola;Oriental;1965;Arthur, M. (1965). Ecological studies on Polydesma umbricola Boisd. in Hawaii (Lepidoptera: Noctuidae). University of Hawaii (Doctoral dissertation [Honolulu]).;Polydesma umbricola
0;Asia;Polydesma umbricola;Sino-Japanese;1965;Arthur, M. (1965). Ecological studies on Polydesma umbricola Boisd. in Hawaii (Lepidoptera: Noctuidae). University of Hawaii (Doctoral dissertation [Honolulu]).;Polydesma umbricola
0;Oceania;Polydesma umbricola;Oceanina;1965;Arthur, M. (1965). Ecological studies on Polydesma umbricola Boisd. in Hawaii (Lepidoptera: Noctuidae). University of Hawaii (Doctoral dissertation [Honolulu]).;Polydesma umbricola
0;Asia;Schreckensteinia festaliella;Palearctic;2020;VanDyk, J., et al. (2020). BugGuide - Identification, Images, and Information For Insects, Spiders and Their Kin For the United States and Canada. Version 1.5. United States Geological Survey. Available at: https://bugguide.net/;Schreckensteinia festaliella
0;Europe;Schreckensteinia festaliella;Palearctic;2020;VanDyk, J., et al. (2020). BugGuide - Identification, Images, and Information For Insects, Spiders and Their Kin For the United States and Canada. Version 1.5. United States Geological Survey. Available at: https://bugguide.net/;Schreckensteinia festaliella
0;Oceania;Spodoptera mauritia;Oceanina;1956;Fletcher, D. (1956). Spodoptera mauritia (Boisduval) and S. triturata (Walker), two distinct species. Bulletin of Entomological Research. 47(2): 215-217;Spodoptera mauritia
0;Africa;Stenoptilodes taprobanes;Afrotropical;2009;Gielis, C., Karsholt, O. (2009). Additional records of Pterophoridae from the Cape Verde Islands, with description of a new species of Agdistis Hubner. Nota Lepidopterologica. 32(2): 139-144;Stenoptilodes taprobanes
0;Asia;Stictoptera cucullioides;Oriental;1985;Holloway, J. (1985). Moths of Borneo 14. Family Noctuidae. Subfamily: Euteliinae, Stictopterinae, Plusinae, Pantheinae. Malayan Nature Journal. Available at: https://www.mothsofborneo.com/part-14/index.htm;Stictoptera cucullioides
0;Australia;Stictoptera cucullioides;Australian;1985;Holloway, J. (1985). Moths of Borneo 14. Family Noctuidae. Subfamily: Euteliinae, Stictopterinae, Plusinae, Pantheinae. Malayan Nature Journal. Available at: https://www.mothsofborneo.com/part-14/index.htm;Stictoptera cucullioides
0;Oceania;Stictoptera cucullioides;Oceanina;1985;Holloway, J. (1985). Moths of Borneo 14. Family Noctuidae. Subfamily: Euteliinae, Stictopterinae, Plusinae, Pantheinae. Malayan Nature Journal. Available at: https://www.mothsofborneo.com/part-14/index.htm;Stictoptera cucullioides
0;Oceania;Stoeberhinus testaceus;Oceanina;1986;Clarke, J. (1986): Pyralidae and Microlepidoptera of the Marquesas Archipelago. Smithsonian Contributions to Zoology. 416;Stoeberhinus testaceus
0;North America;Strymon bazochii;Panamanian;2014;Silva, N., et al. (2014). Larval biology of anthophagous Eumaeini (Lepidoptera: Lycaenidae, Theclinae) in the Cerrado of central Brazil. Journal of Insect Science. 14(184): 1-17;Strymon bazochii
0;Asia;Targalla delatrix;Oriental;2014;Watabiki, D., Yoshimatsu, S. (2014). Taxonomic study of Targalla delatrix (Guenee) and its close relatives from East and Southeast Asia with description of a new species (Lepidoptera: Euteliidae). Lepidoptera Science. 65(4): 158-178;Targalla delatrix
0;Australia;Targalla delatrix;Australian;2014;Watabiki, D., Yoshimatsu, S. (2014). Taxonomic study of Targalla delatrix (Guenee) and its close relatives from East and Southeast Asia with description of a new species (Lepidoptera: Euteliidae). Lepidoptera Science. 65(4): 158-178;Targalla delatrix
0;Oceania;Targalla delatrix;Oceanina;2014;Watabiki, D., Yoshimatsu, S. (2014). Taxonomic study of Targalla delatrix (Guenee) and its close relatives from East and Southeast Asia with description of a new species (Lepidoptera: Euteliidae). Lepidoptera Science. 65(4): 158-178;Targalla delatrix
0;Asia;Trissodoris honorariella;Oriental;1978;Zimmerman, E. (1978). Insects of Hawaii. Vol. 9 Microlepidoptera. Part II. The University Press of Hawaii, Honolulu, Hawaii, United States of America.;Trissodoris honorariella
0;Oceania;Trissodoris honorariella;Oceanina;1978;Zimmerman, E. (1978). Insects of Hawaii. Vol. 9 Microlepidoptera. Part II. The University Press of Hawaii, Honolulu, Hawaii, United States of America.;Trissodoris honorariella
0;North America;Usingeriessa onyxalis;Panamanian;1995;Munroe, E. (1995). Usingeriessa onyxalis (Dyar) (Lepidoptera: Crambidae: Nymphulinae), a Moth With Presumably Aquatic Larvae, Newly Recorded From Hawaii, With a Synopsis of Hawaiian Nymphulinae. Bishop Museum Occasional Papers. 42: 39-42;Usingeriessa onyxalis
0;Africa;Crocidolomia pavonana;Afrotropical;2011;Ale, B., et al. (2011). Host plant selection by Crocidolomia pavonana F. (Lepidoptera: Crambidae): effect of herbivory and adult experience. The 6th International Workshop on Management of the Diamondback Moth and Other Crucifer Insect Pests. 70-75;Crocidolomia pavonana
0;Asia;Crocidolomia pavonana;Oriental;2011;Ale, B., et al. (2011). Host plant selection by Crocidolomia pavonana F. (Lepidoptera: Crambidae): effect of herbivory and adult experience. The 6th International Workshop on Management of the Diamondback Moth and Other Crucifer Insect Pests. 70-75;Crocidolomia pavonana
0;Asia;Acleris undulana;Oriental;2010;Lopez-Vaamonde, C., et al. (2010). Lepidoptera. Chapter 11. BioRisk. 4: 603-668;Acleris undulana
0;Asia;Acleris undulana;Palearctic;2010;Lopez-Vaamonde, C., et al. (2010). Lepidoptera. Chapter 11. BioRisk. 4: 603-668;Acleris undulana
0;Asia;Acleris undulana;Sino-Japanese;2010;Lopez-Vaamonde, C., et al. (2010). Lepidoptera. Chapter 11. BioRisk. 4: 603-668;Acleris undulana
0;North America;Acontia candefacta;Nearctic;2017;Stojanovic, D., et al. (2017). Expansion of the range of the introduced moth Acontia candefacta in southeastern Europe. Bulletin of Insectology. 70(1): 111-120;Acontia candefacta
0;Asia;Anatrachyntis simplex;Oriental;2020;Roy, D., et al. (2020). DAISIE - Delivering Alien Invasive Species Inventories for Europe. Available at: http://www.europe-aliens.org/;Anatrachyntis simplex
0;Asia;Anatrachyntis simplex;Palearctic;2020;Roy, D., et al. (2020). DAISIE - Delivering Alien Invasive Species Inventories for Europe. Available at: http://www.europe-aliens.org/;Anatrachyntis simplex
0;Asia;Anatrachyntis simplex;Sino-Japanese;2020;Roy, D., et al. (2020). DAISIE - Delivering Alien Invasive Species Inventories for Europe. Available at: http://www.europe-aliens.org/;Anatrachyntis simplex
0;Africa;Araeopteron ecphaea;Saharo-Arabian;2001;Fibiger, M., Agassiz, D. (2001). Araeopteron ecphaea, a small noctuid moth in the West Palaearctic (Noctuidae: Acontiinae). Nota Lepidopterologica. 24(1): 29-35;Araeopteron ecphaea
0;North America;Borkhausenia nefrax;Nearctic;2010;Lopez-Vaamonde, C., et al. (2010). Lepidoptera. Chapter 11. BioRisk. 4: 603-668;Borkhausenia nefrax
0;Australia;Cryptoblabes adoceta;Australian;2023;Austin, K., Rubinoff, D. (2023). New records of introduced Lepidoptera in the Hawaiian Islands for the year 2022. Bishop Museum Occasional Papers. 148: 175-184;Cryptoblabes adoceta
0;Asia;Diplopseustis perieresalis;Palearctic;2006;Speidel, W., et al. (2006). The exotic pyraloid moth Diplopseustis perieresalis (Walker) expanding in the West Palaearctic Region (Crambidae: Spilomelinae). Nota Lepiderologica. 29(3): 185-192;Diplopseustis perieresalis
0;Africa;Epinotia cedricida;Saharo-Arabian;2020;Roy, D., et al. (2020). DAISIE - Delivering Alien Invasive Species Inventories for Europe. Available at: http://www.europe-aliens.org/;Epinotia cedricida
0;North America;Eustixia pupula;Nearctic;2020;Roy, D., et al. (2020). DAISIE - Delivering Alien Invasive Species Inventories for Europe. Available at: http://www.europe-aliens.org/;Eustixia pupula
0;Asia;Haplochrois theae;Oriental;2020;Roy, D., et al. (2020). DAISIE - Delivering Alien Invasive Species Inventories for Europe. Available at: http://www.europe-aliens.org/;Haplochrois theae
0;Asia;Haplochrois theae;Palearctic;2020;Roy, D., et al. (2020). DAISIE - Delivering Alien Invasive Species Inventories for Europe. Available at: http://www.europe-aliens.org/;Haplochrois theae
0;Europe;Cydia pomonella;Palearctic;2024;Mahi, T., et al. (2024). Tracing the origin of the alien pest Cydia pomonella in Algeria through a worldwide comparison of the species  DNA barcodes. Agricultural and Forest Entomology. 27(2): 171–181;Cydia pomonella
0;Australia;Musotima nitidalis;Australian;2024;Sterling, M., et al. (2024). The genome sequence of the Golden-brown Fern moth, Musotima nitidalis (Walker,[1866]). Wellcome Open Research, 9: 132;Musotima nitidalis
0;Africa;Phycita diaphana;Saharo-Arabian;2015;Zilli, A., Pavesi, F. (2015). new or little known Pyraloids from Italy (Lepidoptera: Pyraloidea). Phegea. 43(3): 81-96;Phycita diaphana
0;Asia;Phycita diaphana;Palearctic;2015;Zilli, A., Pavesi, F. (2015). new or little known Pyraloids from Italy (Lepidoptera: Pyraloidea). Phegea. 43(3): 81-96;Phycita diaphana
0;Asia;Phycita diaphana;Saharo-Arabian;2015;Zilli, A., Pavesi, F. (2015). new or little known Pyraloids from Italy (Lepidoptera: Pyraloidea). Phegea. 43(3): 81-96;Phycita diaphana
0;Asia;Phycita diaphana;Sino-Japanese;2015;Zilli, A., Pavesi, F. (2015). new or little known Pyraloids from Italy (Lepidoptera: Pyraloidea). Phegea. 43(3): 81-96;Phycita diaphana
0;North America;Phyllocnistis vitegenella;Nearctic;2016;Ureche, C. (2016). First record of a new alien invasive species in Romania: Phyllocnistis vitegenella Clemens (Lepidoptera: Gracillariidae). Acta Oecologica Carpatica. 9: 133-138;Phyllocnistis vitegenella
0;Europe;Phyllonorycter platani;Palearctic;2018;Toth, V., Lakatos, F. (2018). Phylogeographic pattern of the plane leaf miner, Phyllonorycter platani (STAUDINGER, 1870)(Lepidoptera: Gracillariidae) in Europe. BMC Evolutionary Biology. 18: 1-12;Phyllonorycter platani
0;Asia;Prays peregrina;Oriental;2007;Agassiz, D. (2007). Prays peregrina sp. n. (Yponomeutidae) a presumed adventive species in Greater London. Nota Lepidopterologica. 30(2): 407-410;Prays peregrina
0;Asia;Scythris sinensis;Palearctic;2019;Tsvetanov, T., Zlatkov, B. (2019). Scythris sinensis (Felder & Rogenhofer, 1875), a new species for Bulgaria and the Balkan Peninsula (Insecta: Lepidoptera: Scythrididae). ZooNotes. 146: 1-2;Scythris sinensis
0;Europe;Scythris sinensis;Palearctic;2019;Tsvetanov, T., Zlatkov, B. (2019). Scythris sinensis (Felder & Rogenhofer, 1875), a new species for Bulgaria and the Balkan Peninsula (Insecta: Lepidoptera: Scythrididae). ZooNotes. 146: 1-2;Scythris sinensis
0;Asia;Agassiziella angulipennis;Palearctic;2020;Roy, D., et al. (2020). DAISIE - Delivering Alien Invasive Species Inventories for Europe. Available at: http://www.europe-aliens.org/;Agassiziella angulipennis
0;Asia;Agassiziella angulipennis;Sino-Japanese;2020;Roy, D., et al. (2020). DAISIE - Delivering Alien Invasive Species Inventories for Europe. Available at: http://www.europe-aliens.org/;Agassiziella angulipennis
0;Asia;Deanolis sublimbalis;Oriental;2009;Royer, J. (2009). Spread of red-banded mango caterpillar, Deanolis sublimbalis Snellen (Lepidoptera: Pyralidae), in Cape York Peninsula, Australia. The Australian Entomologist. 36(3): 119-130;Deanolis sublimbalis
0;Asia;Chrysodeixis eriosoma;Sino-Japanese;1979;Roberts, L. (1979). Biology of Chrysodeixis eriosoma (Lepidoptera: Noctuidae) in New Zealand. New Zealand Entomologist. 7(1): 52-58;Chrysodeixis eriosoma
0;North America;Coptodisca juglandiella;Nearctic;2020;Takacs, A., et al. (2020). Nearctic walnut leafminers invade Europe: first Coptodisca lucifluella (Clemens, 1860) and now Coptodisca juglandiella (Chambers, 1874)(Lepidoptera, Heliozelidae). Nota Lepidopterologica. 43: 77-93;Coptodisca juglandiella
0;Africa;Epinotia algeriensis;Afrotropical;2010;Lopez-Vaamonde, C., et al. (2010). Lepidoptera. Chapter 11. BioRisk. 4: 603-668;Epinotia algeriensis
0;Africa;Lozotaenia cedrivora;Afrotropical;2020;Roy, D., et al. (2020). DAISIE - Delivering Alien Invasive Species Inventories for Europe. Available at: http://www.europe-aliens.org/;Lozotaenia cedrivora
0;Africa;Lozotaenia cedrivora;Saharo-Arabian;2020;Roy, D., et al. (2020). DAISIE - Delivering Alien Invasive Species Inventories for Europe. Available at: http://www.europe-aliens.org/;Lozotaenia cedrivora
0;Asia;Diacrotricha fasciola;Oriental;2015;Anderson, S., et al. (2015). New distribution records of the Star Fruit Flower Moth (Diacrotricha fasciola)(Lepidoptera: Pterophoridae) in Australia and Timor-Leste. Northern Territory Naturalist. 26: 76-84;Diacrotricha fasciola
0;Africa;Parapoynx diminutalis;Afrotropical;2020;Roy, D., et al. (2020). DAISIE - Delivering Alien Invasive Species Inventories for Europe. Available at: http://www.europe-aliens.org/;Parapoynx diminutalis
0;Asia;Parapoynx diminutalis;Oriental;2020;Roy, D., et al. (2020). DAISIE - Delivering Alien Invasive Species Inventories for Europe. Available at: http://www.europe-aliens.org/;Parapoynx diminutalis
0;Asia;Parapoynx diminutalis;Palearctic;2020;Roy, D., et al. (2020). DAISIE - Delivering Alien Invasive Species Inventories for Europe. Available at: http://www.europe-aliens.org/;Parapoynx diminutalis
0;Asia;Parapoynx diminutalis;Sino-Japanese;2020;Roy, D., et al. (2020). DAISIE - Delivering Alien Invasive Species Inventories for Europe. Available at: http://www.europe-aliens.org/;Parapoynx diminutalis
0;Asia;Parapoynx polydectalis;Oriental;2020;Roy, D., et al. (2020). DAISIE - Delivering Alien Invasive Species Inventories for Europe. Available at: http://www.europe-aliens.org/;Parapoynx polydectalis
0;Australia;Parapoynx polydectalis;Australian;2020;Roy, D., et al. (2020). DAISIE - Delivering Alien Invasive Species Inventories for Europe. Available at: http://www.europe-aliens.org/;Parapoynx polydectalis
0;Oceania;Parapoynx polydectalis;Oceanina;2020;Roy, D., et al. (2020). DAISIE - Delivering Alien Invasive Species Inventories for Europe. Available at: http://www.europe-aliens.org/;Parapoynx polydectalis
0;North America;Vitula edmandsii;Nearctic;2010;Lopez-Vaamonde, C., et al. (2010). Lepidoptera. Chapter 11. BioRisk. 4: 603-668;Vitula edmandsii
0;Europe;Acentria ephemerella;Palearctic;2024;Kipp, R., et al. (2024). Acentria ephemerella Olivier, 1791: U.S. Geological Survey, Nonindigenous Aquatic Species Database, Gainesville, FL, and NOAA Great Lakes Aquatic Nonindigenous Species Information System, Ann Arbor, MI. Available at: https://nas.er.usgs.gov/queries/GreatLakes/FactSheet.aspx?Species_ID=2362;Acentria ephemerella
0;South America;Achaea ablunaris;Neotropical;1992;Frank, J., McCoy, E. (1992). Introduction to the Behavioral Ecology of Immigration. The Immigration of Insects to Florida, with a Tabulation of Records Published Since 1970. The Florida Entomologist.75(1): 1-28;Achaea ablunaris
0;South America;Achaea ablunaris;Panamanian;1992;Frank, J., McCoy, E. (1992). Introduction to the Behavioral Ecology of Immigration. The Immigration of Insects to Florida, with a Tabulation of Records Published Since 1970. The Florida Entomologist.75(1): 1-28;Achaea ablunaris
0;Europe;Acleris forsskaleana;Palearctic;2020;Gilligan, T., et al. (2020). Immigrant Tortricidae: Holarctic versus Introduced Species in North America. Insects. 11(9):594;Acleris forsskaleana
0;Asia;Acleris holmiana;Palearctic;2020;Gilligan, T., et al. (2020). Immigrant Tortricidae: Holarctic versus Introduced Species in North America. Insects. 11(9):594;Acleris holmiana
0;Europe;Acleris holmiana;Palearctic;2020;Gilligan, T., et al. (2020). Immigrant Tortricidae: Holarctic versus Introduced Species in North America. Insects. 11(9):594;Acleris holmiana
0;Africa;Acleris variegana;Saharo-Arabian;2009;Alipanah, H. (2009). A brief study on the tribes Tortricini and Archipini (Lepidoptera: Tortricinae) from Iran. Entomofauna. 10: 137-152;Acleris variegana
0;Europe;Acleris variegana;Palearctic;2009;Alipanah, H. (2009). A brief study on the tribes Tortricini and Archipini (Lepidoptera: Tortricinae) from Iran. Entomofauna. 10: 137-152;Acleris variegana
0;Europe;Acrobasis suavella;Palearctic;2021;Boyes, D., et al. (2021). The genome sequence of the sycamore, Acronicta aceris (Linnaeus, 1758). Wellcome Open Research. 6: 326;Acrobasis suavella
0;Asia;Agapeta zoegana;Palearctic;2007;Khramov, P. (Ed.) (2007). Insecta.pro: international entomological community. Available online at: https://insecta.pro;Agapeta zoegana
0;Asia;Diaphania indica;Oriental;2024;EFSA Panel on Plant Health (EFSA PLH Panel), et al. (2024). Pest categorisation of Diaphania indica. EFSA Journal. 22(5): e8806;Diaphania indica
0;Asia;Argyresthia conjugella;Palearctic;2022;Kambor, J. (2022). Apple moth-an occasional pest of Swiss apple orchards. Vignes et Vergers. 54(5): 12-13;Argyresthia conjugella
0;Europe;Argyresthia conjugella;Palearctic;2022;Kambor, J. (2022). Apple moth-an occasional pest of Swiss apple orchards. Vignes et Vergers. 54(5): 12-13;Argyresthia conjugella
0;North America;Anomis luridula;Nearctic;1992;Frank, J., McCoy, E. (1992). Introduction to the Behavioral Ecology of Immigration. The Immigration of Insects to Florida, with a Tabulation of Records Published Since 1970. The Florida Entomologist.75(1): 1-28;Anomis luridula
0;North America;Diastema tigris;Panamanian;2012;Misra, S., et al. (2012). Biocontrol strategy for major invasive weeds of neotropical origin in India. Bioherald: International Journal of Biodiversity and Environment. 2(2): 134-142;Diastema tigris
0;North America;Anticarsia gemmatalis;Nearctic;2024;University of Florida (2024). Featured Creatures - Anticarsia gemmatalis (Hubner) (Insecta: Lepidoptera: Noctuidae). Available at: https://entnemdept.ufl.edu/creatures/;Anticarsia gemmatalis
0;North America;Anticarsia gemmatalis;Panamanian;2024;University of Florida (2024). Featured Creatures - Anticarsia gemmatalis (Hubner) (Insecta: Lepidoptera: Noctuidae). Available at: https://entnemdept.ufl.edu/creatures/;Anticarsia gemmatalis
0;South America;Anticarsia gemmatalis;Neotropical;2024;University of Florida (2024). Featured Creatures - Anticarsia gemmatalis (Hubner) (Insecta: Lepidoptera: Noctuidae). Available at: https://entnemdept.ufl.edu/creatures/;Anticarsia gemmatalis
0;South America;Anticarsia gemmatalis;Panamanian;2024;University of Florida (2024). Featured Creatures - Anticarsia gemmatalis (Hubner) (Insecta: Lepidoptera: Noctuidae). Available at: https://entnemdept.ufl.edu/creatures/;Anticarsia gemmatalis
0;Asia;Apterona helicoidella;Palearctic;2007;Khramov, P. (Ed.) (2007). Insecta.pro: international entomological community. Available online at: https://insecta.pro;Apterona helicoidella
0;Africa;Earias vittella;Saharo-Arabian;2014;Kravchenko, V.,et al. (2014). Seven invasive owlet moths (Lepidoptera: Noctuidae) in Israel and their potential parasitoids (Hymenoptera: Chalcidoidea). Phytoparasitica. 42: 333-339;Earias vittella
0;Asia;Earias vittella;Oriental;2020;Roy, D., et al. (2020). DAISIE - Delivering Alien Invasive Species Inventories for Europe. Available at: http://www.europe-aliens.org/;Earias vittella
0;Asia;Batia lunaris;Palearctic;2017;Mustelin, T., et al. (2017). Survey of the Lepidoptera in the North-Central Olympic National Park, Washington, USA. The Journal of the Lepidopterists Society. 72(4): 284-295;Batia lunaris
0;Europe;Batia lunaris;Palearctic;2017;Mustelin, T., et al. (2017). Survey of the Lepidoptera in the North-Central Olympic National Park, Washington, USA. The Journal of the Lepidopterists Society. 72(4): 284-295;Batia lunaris
0;Africa;Cacoecimorpha pronubana;Saharo-Arabian;2020;Roy, D., et al. (2020). DAISIE - Delivering Alien Invasive Species Inventories for Europe. Available at: http://www.europe-aliens.org/;Cacoecimorpha pronubana
0;Europe;Cacoecimorpha pronubana;Palearctic;2020;Roy, D., et al. (2020). DAISIE - Delivering Alien Invasive Species Inventories for Europe. Available at: http://www.europe-aliens.org/;Cacoecimorpha pronubana
0;South America;Ectaga garcia;Neotropical;1994;Becker, V. (1994). A new Ectaga Walsingham (Lepidoptera, Oecophoridae) from southern South America. Revista Brasileira de Zoologia. 11: 391-394;Ectaga garcia
0;Europe;Caradrina morpheus;Palearctic;2020;Crabo, L., Holden, D. (2020). A Review of Established Accidentally-Introduced Noctuoidea in the Pacific Northwest Region of North America, with First Report of the Eurasian Cutworm Mesapamea secalis (L.)(Noctuidae, Noctuinae, Apameini) for North America. The Journal of the Lepidopterists Society. 74(2): 95-105;Caradrina morpheus
0;Asia;Dasystoma salicella;Palearctic;1988;Contant, H. (1988). Modification of microclimate by the blueberry leaf-tier, Cheimophila salicella (Hbn.)(Lepidoptera: Oecophoridae) [PhD Dissertation, University of British Columbia].;Dasystoma salicella
0;Europe;Dasystoma salicella;Palearctic;1988;Contant, H. (1988). Modification of microclimate by the blueberry leaf-tier, Cheimophila salicella (Hbn.)(Lepidoptera: Oecophoridae) [PhD Dissertation, University of British Columbia].;Dasystoma salicella
0;Europe;Chrysoesthia sexguttella;Palearctic;2020;Roy, D., et al. (2020). DAISIE - Delivering Alien Invasive Species Inventories for Europe. Available at: http://www.europe-aliens.org/;Chrysoesthia sexguttella
0;Africa;Clepsis consimilana;Saharo-Arabian;1971;Powell, J., Burns, J. (1971). Colonization of the northeastern United States by two Palearctic moths (Lepidoptera: Tortricidae). Psyche: A Journal of Entomology. 78(1): 38-48;Clepsis consimilana
0;Africa;Apomyelois ceratoniae;Saharo-Arabian;2020;Roy, D., et al. (2020). DAISIE - Delivering Alien Invasive Species Inventories for Europe. Available at: http://www.europe-aliens.org/;Apomyelois ceratoniae
0;Europe;Apomyelois ceratoniae;Palearctic;2020;Roy, D., et al. (2020). DAISIE - Delivering Alien Invasive Species Inventories for Europe. Available at: http://www.europe-aliens.org/;Apomyelois ceratoniae
0;Africa;Cnephasia longana;Saharo-Arabian;1968;Poonyathawon, P. (1968). Insect parasites of the omnivorous leaf tier, Cnephasia longana (Haworth) in Oregon. [MSc Thesis, Oregon State University].;Cnephasia longana
0;Asia;Cnephasia stephensiana;Saharo-Arabian;2021;Goglia, L. (2021). Faunistic Notes on Lepidoptera Tortricidae from Calabria (South Italy) - Contribution to the knowledge of the Lepidoptera Tortricidae fauna of Mediterranean ecosystems. [PhD Thesis, Universita degli Studi della Tuscia and Universita degli Studi del Molise].;Cnephasia stephensiana
0;Europe;Coleophora badiipennella;Palearctic;2009;Min-Younga, K., Park, K. (2009). A taxonomic review of the genus Coleophora Hubner (Lepidoptera: Coleophoridae) in Korea. Journal of Asia-Pacific Entomology. 12: 183-198;Coleophora badiipennella
0;Asia;Coleophora colutella;Palearctic;1993;Hoebeke, E., et al. (1993). Coleophora colutella (Lepidoptera: Coleophoridae): a Palearctic pest of crownvetch, Coronilla varia (Fabaceae), new to North America. Annals of the Entomological Society of America. 86(2): 134-141;Coleophora colutella
0;Europe;Coleophora serratella;Palearctic;1974;Coshan, P. (1974). The biology of Coleophora serratella (L.)(Lepidoptera: Coleophoridae). Transactions of the Royal Entomological Society of London. 126(2): 169-188;Coleophora serratella
0;Europe;Endrosis sarcitrella;Palearctic;1986;Cox, P. (1986). A survey of stored product Lepidoptera in New Zealand. New Zealand Journal of Experimental Agriculture. 14(1): 71-76;Endrosis sarcitrella
0;Europe;Coleophora limosipennella;Palearctic;2020;VanDyk, J., et al. (2020). BugGuide - Identification, Images, and Information For Insects, Spiders and Their Kin For the United States and Canada. Version 1.5. United States Geological Survey. Available at: https://bugguide.net/;Coleophora limosipennella
0;Europe;Cydia nigricana;Palearctic;2015;Thoming, G., Norli, H. (2015). Olfactory cues from different plant species in host selection by female pea moths. Journal of Agricultural and Food Chemistry. 63(8): 2127-2136;Cydia nigricana
0;Europe;Dichelia histrionana;Palearctic;2007;Seven, S., Ozdemir, M. (2007). The genus Dichelia Guenee, 1845 (Lepidoptera: Tortricidae) in Turkey. Acta Entomologica Slovenica. 15(2): 185-190;Dichelia histrionana
0;Europe;Dichomeris marginella;Palearctic;2020;VanDyk, J., et al. (2020). BugGuide - Identification, Images, and Information For Insects, Spiders and Their Kin For the United States and Canada. Version 1.5. United States Geological Survey. Available at: https://bugguide.net/;Dichomeris marginella
0;Europe;Dichrorampha acuminatana;Palearctic;2020;Gilligan, T., et al. (2020). Immigrant Tortricidae: Holarctic versus Introduced Species in North America. Insects. 11(9):594;Dichrorampha acuminatana
0;Europe;Dichrorampha aeratana;Palearctic;2020;Gilligan, T., et al. (2020). Immigrant Tortricidae: Holarctic versus Introduced Species in North America. Insects. 11(9):594;Dichrorampha aeratana
0;Europe;Dichrorampha montanana;Palearctic;2020;Gilligan, T., et al. (2020). Immigrant Tortricidae: Holarctic versus Introduced Species in North America. Insects. 11(9):594;Dichrorampha montanana
0;Europe;Dichrorampha petiverella;Palearctic;2020;Gilligan, T., et al. (2020). Immigrant Tortricidae: Holarctic versus Introduced Species in North America. Insects. 11(9):594;Dichrorampha petiverella
0;Africa;Ephestia kuehniella;Saharo-Arabian;2008;Ryne, C., Bensch, S. (2008). Do anthropogenic transports facilitate stored-product pest moth dispersal? A molecular approach. Naturwissenschaften. 95: 155-159;Ephestia kuehniella
0;Europe;Ephestia kuehniella;Palearctic;2008;Ryne, C., Bensch, S. (2008). Do anthropogenic transports facilitate stored-product pest moth dispersal? A molecular approach. Naturwissenschaften. 95: 155-159;Ephestia kuehniella
0;Europe;Ditula angustiorana;Palearctic;2020;VanDyk, J., et al. (2020). BugGuide - Identification, Images, and Information For Insects, Spiders and Their Kin For the United States and Canada. Version 1.5. United States Geological Survey. Available at: https://bugguide.net/;Ditula angustiorana
0;North America;Dypterygia punctirena;Panamanian;2002;Barnes, M. (2002). A preliminary illustrated catalogue of the larger moths of Jamaica. Available at: http://www.mbarnes.force9.co.uk/jamaicamoths/jamaicahome.htm;Dypterygia punctirena
0;North America;Epiblema strenuana;Nearctic;2014;Zhou, Z., et al. (2014). Control of the invasive weed Ambrosia artemisiifolia with Ophraella communa and Epiblema strenuana. Biocontrol Science and Technology. 24(8): 950-964;Epiblema strenuana
0;Europe;Endothenia quadrimaculana;Palearctic;2020;Gilligan, T., et al. (2020). Immigrant Tortricidae: Holarctic versus Introduced Species in North America. Insects. 11(9):594;Endothenia quadrimaculana
0;North America;Epimorius testaceellus;Panamanian;1992;Heppner, J. (1992). Biology and immature stages of the bromeliad pod borer, Epimorius testaceellus, in Florida (Lepidoptera: Pyralidae: Galleriinae). Tropical Lepidoptera Research. 3(1): 57-62;Epimorius testaceellus
0;South America;Epimorius testaceellus;Neotropical;1992;Heppner, J. (1992). Biology and immature stages of the bromeliad pod borer, Epimorius testaceellus, in Florida (Lepidoptera: Pyralidae: Galleriinae). Tropical Lepidoptera Research. 3(1): 57-62;Epimorius testaceellus
0;Europe;Epinotia abbreviana;Palearctic;2020;Gilligan, T., et al. (2020). Immigrant Tortricidae: Holarctic versus Introduced Species in North America. Insects. 11(9):594;Epinotia abbreviana
0;Europe;Epinotia nanana;Palearctic;1966;Daviault, L., Ducharme, R. (1966). Life history and habits of the green spruce leaf miner, Epinotia nanana (Treitschke)(Lepidoptera: Tortricidae). The Canadian Entomologist. 98(7): 693-699;Epinotia nanana
0;Asia;Erannis defoliaria;Palearctic;2016;Jurc, M., et al. (2016). Potentially Important Insect Pests of Celtis australis in Slovenia, Croatia and Hungary. Sumarski list. 11: 577-588;Erannis defoliaria
0;Asia;Erannis defoliaria;Saharo-Arabian;2016;Jurc, M., et al. (2016). Potentially Important Insect Pests of Celtis australis in Slovenia, Croatia and Hungary. Sumarski list. 11: 577-588;Erannis defoliaria
0;Europe;Erannis defoliaria;Palearctic;2016;Jurc, M., et al. (2016). Potentially Important Insect Pests of Celtis australis in Slovenia, Croatia and Hungary. Sumarski list. 11: 577-588;Erannis defoliaria
0;Europe;Esperia sulphurella;Palearctic;2023;Holland, P., et al. (2023). The genome sequence of the Sulphur Tubic, Esperia sulphurella (Fabricius, 1775). Wellcome Open Research. 8: 156;Esperia sulphurella
0;Africa;Ethmia bipunctella;Saharo-Arabian;2018;Vidal E., (2018). Lepidopteros de O Courel (Lugo, Galicia, Espana, N. O. Peninsula Iberica) XV: Ethmiinae. (Insecta: Lepidoptera, Depressariidae). Arquivos Entomoloxicos. 19: 3-10;Ethmia bipunctella
0;Europe;Ethmia bipunctella;Palearctic;2018;Vidal E., (2018). Lepidopteros de O Courel (Lugo, Galicia, Espana, N. O. Peninsula Iberica) XV: Ethmiinae. (Insecta: Lepidoptera, Depressariidae). Arquivos Entomoloxicos. 19: 3-10;Ethmia bipunctella
0;Asia;Eulithis mellinata;Palearctic;2020;VanDyk, J., et al. (2020). BugGuide - Identification, Images, and Information For Insects, Spiders and Their Kin For the United States and Canada. Version 1.5. United States Geological Survey. Available at: https://bugguide.net/;Eulithis mellinata
0;Europe;Eulithis mellinata;Palearctic;2020;VanDyk, J., et al. (2020). BugGuide - Identification, Images, and Information For Insects, Spiders and Their Kin For the United States and Canada. Version 1.5. United States Geological Survey. Available at: https://bugguide.net/;Eulithis mellinata
0;Europe;Euproctis chrysorrhoea;Palearctic;2023;Trajkovic, A., Zikic, V. (2023). Stuck in the caterpillars  web: A half-century of biocontrol research and application on gregarious Lepidopteran pests in Europe. Sustainability. 15(4): 2881;Euproctis chrysorrhoea
0;North America;Euscirrhopterus poeyi;Nearctic;1966;Todd, E. (1966). Notes and descriptions of some neotropical agaristine moths (Lepidoptera: Noctuidae). Proceedings of the United States National Museum. 120(3560): 1-15;Euscirrhopterus poeyi
0;North America;Euscirrhopterus poeyi;Panamanian;1966;Todd, E. (1966). Notes and descriptions of some neotropical agaristine moths (Lepidoptera: Noctuidae). Proceedings of the United States National Museum. 120(3560): 1-15;Euscirrhopterus poeyi
0;Africa;Evergestis pallidata;Saharo-Arabian;2022;Goater, B., et al. (2022). Pyraloidea I: (Acentropinae, Evergestinae, Heliothelinae, Schoenobiinae, Scopariinae) (Vol. 4). Brill. Leiden, Netherlands.;Evergestis pallidata
0;Europe;Exoteleia dodecella;Palearctic;1959;Martin, J. (1959). The Bionomics of the Pine Bud Moth, Exoteleia dodecella L.(Lepidoptera: Gelechiidae), in Ontario1. The Canadian Entomologist. 91(1): 5-14;Exoteleia dodecella
0;Africa;Garella nilotica;Afrotropical;2010;Muller, G., et al. (2010). The Nolidae of Jordan: Distribution, Phenology and Ecology. Entomofauna. 31(8): 69-84;Garella nilotica
0;Africa;Garella nilotica;Madagascan;2010;Muller, G., et al. (2010). The Nolidae of Jordan: Distribution, Phenology and Ecology. Entomofauna. 31(8): 69-84;Garella nilotica
0;Africa;Garella nilotica;Saharo-Arabian;2010;Muller, G., et al. (2010). The Nolidae of Jordan: Distribution, Phenology and Ecology. Entomofauna. 31(8): 69-84;Garella nilotica
0;Asia;Garella nilotica;Oriental;2010;Muller, G., et al. (2010). The Nolidae of Jordan: Distribution, Phenology and Ecology. Entomofauna. 31(8): 69-84;Garella nilotica
0;Asia;Garella nilotica;Saharo-Arabian;2010;Muller, G., et al. (2010). The Nolidae of Jordan: Distribution, Phenology and Ecology. Entomofauna. 31(8): 69-84;Garella nilotica
0;Asia;Garella nilotica;Sino-Japanese;2010;Muller, G., et al. (2010). The Nolidae of Jordan: Distribution, Phenology and Ecology. Entomofauna. 31(8): 69-84;Garella nilotica
0;Africa;Euclasta gigantalis;Afrotropical;2024;de Prins, J., de Prins, W. (2024). Afromoths, online database of Afrotropical moth species (Lepidoptera). Available at: http://www.afromoths.net;Euclasta gigantalis
0;Africa;Euclasta gigantalis;Madagascan;2024;de Prins, J., de Prins, W. (2024). Afromoths, online database of Afrotropical moth species (Lepidoptera). Available at: http://www.afromoths.net;Euclasta gigantalis
0;Europe;Grapholita delineana;Palearctic;2012;Byun, B., et al. (2012). A review of the genus Grapholita (Lepidoptera, Tortricidae) in North Korea. Animal Systematics, Evolution and Diversity. 28(4): 291-296;Grapholita delineana
0;Africa;Hecatera dysodea;Afrotropical;2010;Landolt, P., et al. (2010). First report of Hecatera dysodea (Denis and Schiffermuller)(Noctuidae) in the Pacific Northwest of the United States. The Journal of the Lepidopterists Society. 64(4): 192-196;Hecatera dysodea
0;Africa;Hecatera dysodea;Saharo-Arabian;2010;Landolt, P., et al. (2010). First report of Hecatera dysodea (Denis and Schiffermuller)(Noctuidae) in the Pacific Northwest of the United States. The Journal of the Lepidopterists Society. 64(4): 192-196;Hecatera dysodea
0;Asia;Hecatera dysodea;Oriental;2010;Landolt, P., et al. (2010). First report of Hecatera dysodea (Denis and Schiffermuller)(Noctuidae) in the Pacific Northwest of the United States. The Journal of the Lepidopterists Society. 64(4): 192-196;Hecatera dysodea
0;Asia;Hecatera dysodea;Palearctic;2010;Landolt, P., et al. (2010). First report of Hecatera dysodea (Denis and Schiffermuller)(Noctuidae) in the Pacific Northwest of the United States. The Journal of the Lepidopterists Society. 64(4): 192-196;Hecatera dysodea
0;Asia;Hecatera dysodea;Sino-Japanese;2010;Landolt, P., et al. (2010). First report of Hecatera dysodea (Denis and Schiffermuller)(Noctuidae) in the Pacific Northwest of the United States. The Journal of the Lepidopterists Society. 64(4): 192-196;Hecatera dysodea
0;Europe;Hecatera dysodea;Palearctic;2010;Landolt, P., et al. (2010). First report of Hecatera dysodea (Denis and Schiffermuller)(Noctuidae) in the Pacific Northwest of the United States. The Journal of the Lepidopterists Society. 64(4): 192-196;Hecatera dysodea
0;Europe;Hedya salicella;Palearctic;2020;Gilligan, T., et al. (2020). Immigrant Tortricidae: Holarctic versus Introduced Species in North America. Insects. 11(9):594;Hedya salicella
0;Asia;Hemithea aestivaria;Palearctic;1979;Doganlar, M., Beirne, B. (1979). Hemithea aestivaria, a geometrid new to North America, established in British Columbia (Lepidoptera: Geometridae: Geometrinae). The Canadian Entomologist. 111(10): 1121-1121;Hemithea aestivaria
0;Europe;Hemithea aestivaria;Palearctic;1979;Doganlar, M., Beirne, B. (1979). Hemithea aestivaria, a geometrid new to North America, established in British Columbia (Lepidoptera: Geometridae: Geometrinae). The Canadian Entomologist. 111(10): 1121-1121;Hemithea aestivaria
0;South America;Hileithia decostalis;Neotropical;1992;Mather, B. (1992). Hileithia decostalis (Crambidae: Pyraustinae), new to the United States. Journal of the Lepidopterists Society. 46(2): 159-160;Hileithia decostalis
0;Asia;Homadaula anisocentra;Oriental;1983;North, R., Hart, E. (1983). Oviposition preference of the mimosa webworm, Homadaula anisocentra (Lepidoptera: Plutellidae). Environmental Entomology. 12(2): 546-551;Homadaula anisocentra
0;Asia;Hyblaea puera;Oriental;2002;Peres-Filho, O., et al. (2002). Ocorrencia de Hyblaea puera (Cramer, 1777) (Lepidoptera: Hyblaeidae) em Teca no Brasil. Bragantia, Campinas. 61(1): 59-60;Hyblaea puera
0;Asia;Hyblaea puera;Sino-Japanese;2002;Peres-Filho, O., et al. (2002). Ocorrencia de Hyblaea puera (Cramer, 1777) (Lepidoptera: Hyblaeidae) em Teca no Brasil. Bragantia, Campinas. 61(1): 59-60;Hyblaea puera
0;Asia;Eudocima phalonia;Oriental;2021;Leroy, L., et al. (2021). The common fruit-piercing moth in the Pacific Region: a Survey of the current state of a significant Worldwide Economic Pest, Eudocima phalonia (Lepidoptera: Erebidae), with a focus on New Caledonia. Insects. 12(2): 117;Eudocima phalonia
0;Asia;Hydraecia micacea;Palearctic;2020;Weihrauch, F. (2020). Rosy rustic moth as a hop pest in the Hallertau: History and current situation. Mitteilungen der Deutschen Gesellschaft fur Allgemeine und Angewandte Entomologie. 22: 125-128;Hydraecia micacea
0;Africa;Thymelicus sylvestris;Saharo-Arabian;2019;Hinojosa, J., et al. (2019). A mirage of cryptic species: genomics uncover striking mitonuclear discordance in the butterfly Thymelicus sylvestris. Molecular Ecology. 28(17): 3857-3868;Thymelicus sylvestris
0;Europe;Thymelicus sylvestris;Palearctic;2019;Hinojosa, J., et al. (2019). A mirage of cryptic species: genomics uncover striking mitonuclear discordance in the butterfly Thymelicus sylvestris. Molecular Ecology. 28(17): 3857-3868;Thymelicus sylvestris
0;Asia;Hyles euphorbiae;Palearctic;1983;Batra, S. (1983). Establishment of Hyles Euphorbiae (L.)(Lepidoptera: Sphingidae) in the United States for control of the weedy spurges Euphorbia esula L. and E. cyparissias L. Journal of the New York Entomological Society. 304-311;Hyles euphorbiae
0;South America;Hypena subidalis;Neotropical;1992;Frank, J., McCoy, E. (1992). Introduction to the Behavioral Ecology of Immigration. The Immigration of Insects to Florida, with a Tabulation of Records Published Since 1970. The Florida Entomologist.75(1): 1-28;Hypena subidalis
0;North America;Leucania inconspicua;Nearctic;2002;Barnes, M. (2002). A preliminary illustrated catalogue of the larger moths of Jamaica. Available at: http://www.mbarnes.force9.co.uk/jamaicamoths/jamaicahome.htm;Leucania inconspicua
0;North America;Leucania inconspicua;Panamanian;2002;Barnes, M. (2002). A preliminary illustrated catalogue of the larger moths of Jamaica. Available at: http://www.mbarnes.force9.co.uk/jamaicamoths/jamaicahome.htm;Leucania inconspicua
0;South America;Leucania inconspicua;Neotropical;2002;Barnes, M. (2002). A preliminary illustrated catalogue of the larger moths of Jamaica. Available at: http://www.mbarnes.force9.co.uk/jamaicamoths/jamaicahome.htm;Leucania inconspicua
0;Australia;Eudocima jordani;Australian;2025;PaDIL (2025). The Pest and Disease Image Library (PaDIL). Available at: https://www.padil.gov.au/;Eudocima jordani
0;Oceania;Eudocima jordani;Oceanina;2025;PaDIL (2025). The Pest and Disease Image Library (PaDIL). Available at: https://www.padil.gov.au/;Eudocima jordani
0;Asia;Leucoma salicis;Sino-Japanese;1979;Wagner, T., Leonard, D. (1979). Aspects of Mating, Oviposition, and Flight in the Satin Moth, Leocoma salicis (Lepidoptera: Lymantriidae) 1. The Canadian Entomologist. 111(7): 833-840;Leucoma salicis
0;Europe;Lobesiodes euphorbiana;Palearctic;2020;Gilligan, T., et al. (2020). Immigrant Tortricidae: Holarctic versus Introduced Species in North America. Insects. 11(9):594;Lobesiodes euphorbiana
0;North America;Lycomorphodes sordida;Nearctic;1992;Adams, J. (1992). A new lichen moth record for the United States: Lycomorphodes sordida (Arctiidae: Lithosiinae) from south Texas. Journal of the Lepidopterists Society. 46(2): 160-161;Lycomorphodes sordida
0;North America;Lycomorphodes sordida;Panamanian;1992;Adams, J. (1992). A new lichen moth record for the United States: Lycomorphodes sordida (Arctiidae: Lithosiinae) from south Texas. Journal of the Lepidopterists Society. 46(2): 160-161;Lycomorphodes sordida
0;South America;Lycomorphodes sordida;Neotropical;1992;Adams, J. (1992). A new lichen moth record for the United States: Lycomorphodes sordida (Arctiidae: Lithosiinae) from south Texas. Journal of the Lepidopterists Society. 46(2): 160-161;Lycomorphodes sordida
0;Asia;Lymantria dispar;Palearctic;2020;Wu, Y., et al. (2020). Tracking invasions of a destructive defoliator, the gypsy moth (Erebidae: Lymantria dispar): Population structure, origin of intercepted specimens, and Asian introgression into North America. Evolutionary Applications. 13(8): 2056-2070;Lymantria dispar
0;Asia;Lymantria dispar;Sino-Japanese;2020;Wu, Y., et al. (2020). Tracking invasions of a destructive defoliator, the gypsy moth (Erebidae: Lymantria dispar): Population structure, origin of intercepted specimens, and Asian introgression into North America. Evolutionary Applications. 13(8): 2056-2070;Lymantria dispar
0;Europe;Lymantria dispar;Palearctic;2020;Wu, Y., et al. (2020). Tracking invasions of a destructive defoliator, the gypsy moth (Erebidae: Lymantria dispar): Population structure, origin of intercepted specimens, and Asian introgression into North America. Evolutionary Applications. 13(8): 2056-2070;Lymantria dispar
0;Asia;Metzneria lappella;Palearctic;2010;Junnilainen, J., et al. (2010). The gelechiid fauna of the southern Ural Mountains, part II: list of recorded species with taxonomic notes (Lepidoptera: Gelechiidae). Zootaxa. 2367(1): 1-68;Metzneria lappella
0;Europe;Metzneria lappella;Palearctic;2010;Junnilainen, J., et al. (2010). The gelechiid fauna of the southern Ural Mountains, part II: list of recorded species with taxonomic notes (Lepidoptera: Gelechiidae). Zootaxa. 2367(1): 1-68;Metzneria lappella
0;Africa;Mirificarma eburnella;Saharo-Arabian;2020;VanDyk, J., et al. (2020). BugGuide - Identification, Images, and Information For Insects, Spiders and Their Kin For the United States and Canada. Version 1.5. United States Geological Survey. Available at: https://bugguide.net/;Mirificarma eburnella
0;Asia;Mirificarma eburnella;Palearctic;2020;VanDyk, J., et al. (2020). BugGuide - Identification, Images, and Information For Insects, Spiders and Their Kin For the United States and Canada. Version 1.5. United States Geological Survey. Available at: https://bugguide.net/;Mirificarma eburnella
0;Europe;Mirificarma eburnella;Palearctic;2020;VanDyk, J., et al. (2020). BugGuide - Identification, Images, and Information For Insects, Spiders and Their Kin For the United States and Canada. Version 1.5. United States Geological Survey. Available at: https://bugguide.net/;Mirificarma eburnella
0;Asia;Eudocima salaminia;Oriental;2025;PaDIL (2025). The Pest and Disease Image Library (PaDIL). Available at: https://www.padil.gov.au/;Eudocima salaminia
0;Australia;Eudocima salaminia;Australian;2025;PaDIL (2025). The Pest and Disease Image Library (PaDIL). Available at: https://www.padil.gov.au/;Eudocima salaminia
0;Oceania;Eudocima salaminia;Oceanina;2025;PaDIL (2025). The Pest and Disease Image Library (PaDIL). Available at: https://www.padil.gov.au/;Eudocima salaminia
0;Africa;Mocis conveniens;Afrotropical;2016;de Prins, W., Mazzei, P. (2016). Some faunistic notes on selected moth species (Lepidoptera) from the Seychelles. Phelsuma. 24: 21-34;Mocis conveniens
0;Africa;Mocis conveniens;Madagascan;2016;de Prins, W., Mazzei, P. (2016). Some faunistic notes on selected moth species (Lepidoptera) from the Seychelles. Phelsuma. 24: 21-34;Mocis conveniens
0;Africa;Mocis conveniens;Saharo-Arabian;2016;de Prins, W., Mazzei, P. (2016). Some faunistic notes on selected moth species (Lepidoptera) from the Seychelles. Phelsuma. 24: 21-34;Mocis conveniens
0;Europe;Monopis obviella;Palearctic;2005;Beltran, E. (2005). Presencia en Espana de Ypsolopha horridella (Treitschke, 1835), Monopis obviella ([Denis and Schiffermuller], 1775) y Aethes kasyi Razowski, 1962 (Insecta: Lepidoptera). SHILAP Revista de Lepidopterologia. 33(132): 441-447;Monopis obviella
0;North America;Moodna bisinuella;Panamanian;1985;Neunzig, H. (1985). Notes on the larva and biology of Moodna bisinuella Hampson(Pyralidae: Phycitinae). Journal of the Lepidopterists Society. 39(1): 9-12;Moodna bisinuella
0;North America;Neoleucinodes torvis;Nearctic;1948;Capps, H. (1948). Status of the pyraustid moths of the genus Leucinodes in the New World, with descriptions of new genera and species. Proceedings of the United States National Museum. 98(3223): 69-83;Neoleucinodes torvis
0;North America;Neoleucinodes torvis;Panamanian;1948;Capps, H. (1948). Status of the pyraustid moths of the genus Leucinodes in the New World, with descriptions of new genera and species. Proceedings of the United States National Museum. 98(3223): 69-83;Neoleucinodes torvis
0;Asia;Neomusotima conspurcatalis;Oriental;2018;McCulloch, G., et al. (2018). Assessment of genetic structuring in the Lygodium fern moths Austromusotima camptozonale and Neomusotima conspurcatalis in their native range: implications for biological control. Biological Control. 121: 8-13;Neomusotima conspurcatalis
0;Asia;Niphonyx segregata;Oriental;2018;Roble, S. (2018). First Virginia Records of Four Exotic Noctuoid Moths, with Additional Records for Two Other Introduced Species (Lepidoptera). Banisteria. 51: 42-51;Niphonyx segregata
0;Asia;Niphonyx segregata;Palearctic;2018;Roble, S. (2018). First Virginia Records of Four Exotic Noctuoid Moths, with Additional Records for Two Other Introduced Species (Lepidoptera). Banisteria. 51: 42-51;Niphonyx segregata
0;Asia;Niphonyx segregata;Sino-Japanese;2018;Roble, S. (2018). First Virginia Records of Four Exotic Noctuoid Moths, with Additional Records for Two Other Introduced Species (Lepidoptera). Banisteria. 51: 42-51;Niphonyx segregata
0;Asia;Noctua comes;Palearctic;1984;Neil, K. (1984). Noctua comes, a noctuid new to North America (Lepidoptera: Noctuidae: Noctuinae). The Canadian Entomologist. 116(3): 479-480;Noctua comes
0;Europe;Noctua comes;Palearctic;1984;Neil, K. (1984). Noctua comes, a noctuid new to North America (Lepidoptera: Noctuidae: Noctuinae). The Canadian Entomologist. 116(3): 479-480;Noctua comes
0;Africa;Noctua pronuba;Saharo-Arabian;2020;Brou Jr, V., Brou, C. (2020). Noctua pronuba (Linnaeus)(Lepidoptera: Noctuidae in Louisiana. Southern Lepidoptera News. 42: 329-330;Noctua pronuba
0;Europe;Noctua pronuba;Palearctic;2020;Brou Jr, V., Brou, C. (2020). Noctua pronuba (Linnaeus)(Lepidoptera: Noctuidae in Louisiana. Southern Lepidoptera News. 42: 329-330;Noctua pronuba
0;Europe;Notocelia cynosbatella;Palearctic;2020;Gilligan, T., et al. (2020). Immigrant Tortricidae: Holarctic versus Introduced Species in North America. Insects. 11(9):594;Notocelia cynosbatella
0;Europe;Notocelia rosaecolana;Palearctic;2020;Gilligan, T., et al. (2020). Immigrant Tortricidae: Holarctic versus Introduced Species in North America. Insects. 11(9):594;Notocelia rosaecolana
0;Africa;Ochsenheimeria vacculella;Saharo-Arabian;1975;Davis, D. (1975). A Review of Ochsenheimeriidae and the Introduction of the Cereal Stem Moth, Ochsenheimeria vacculella into the United States (Lepidoptera: Tineodea). Smithsonian Contributions to Zooology. 192: 1-20;Ochsenheimeria vacculella
0;Europe;Ochsenheimeria vacculella;Palearctic;1975;Davis, D. (1975). A Review of Ochsenheimeriidae and the Introduction of the Cereal Stem Moth, Ochsenheimeria vacculella into the United States (Lepidoptera: Tineodea). Smithsonian Contributions to Zooology. 192: 1-20;Ochsenheimeria vacculella
0;Europe;Ocnerostoma piniariella;Palearctic;2020;Roy, D., et al. (2020). DAISIE - Delivering Alien Invasive Species Inventories for Europe. Available at: http://www.europe-aliens.org/;Ocnerostoma piniariella
0;Asia;Galleria mellonella;Palearctic;2020;Fuentes, N., et al. (2020). Multi-taxa inventory of naturalized species in Chile (including native Chilean species introduced in other areas of the national territory outside of their original range). NeoBiota. 60: 25-41;Galleria mellonella
0;Europe;Galleria mellonella;Palearctic;2020;Fuentes, N., et al. (2020). Multi-taxa inventory of naturalized species in Chile (including native Chilean species introduced in other areas of the national territory outside of their original range). NeoBiota. 60: 25-41;Galleria mellonella
0;Africa;Operophtera brumata;Saharo-Arabian;2017;Andersen, J., et al. (2017). Postglacial recolonization shaped the genetic diversity of the winter moth (Operophtera brumata) in Europe. Ecology and Evolution. 7: 3312-3323;Operophtera brumata
0;Asia;Operophtera brumata;Palearctic;2017;Andersen, J., et al. (2017). Postglacial recolonization shaped the genetic diversity of the winter moth (Operophtera brumata) in Europe. Ecology and Evolution. 7: 3312-3323;Operophtera brumata
0;Asia;Operophtera brumata;Sino-Japanese;2017;Andersen, J., et al. (2017). Postglacial recolonization shaped the genetic diversity of the winter moth (Operophtera brumata) in Europe. Ecology and Evolution. 7: 3312-3323;Operophtera brumata
0;Europe;Operophtera brumata;Palearctic;2020;Roy, D., et al. (2020). DAISIE - Delivering Alien Invasive Species Inventories for Europe. Available at: http://www.europe-aliens.org/;Operophtera brumata
0;Asia;Orgyia antiqua;Palearctic;2020;Fuentes, N., et al. (2020). Multi-taxa inventory of naturalized species in Chile (including native Chilean species introduced in other areas of the national territory outside of their original range). NeoBiota. 60: 25-41;Orgyia antiqua
0;Europe;Orgyia antiqua;Palearctic;2020;Fuentes, N., et al. (2020). Multi-taxa inventory of naturalized species in Chile (including native Chilean species introduced in other areas of the national territory outside of their original range). NeoBiota. 60: 25-41;Orgyia antiqua
0;Africa;Ornativalva erubescens;Afrotropical;2017;Lee, S., et al. (2017). Ornativalva erubescens (Walsingham) (Lepidoptera: Gelechiidae) Introduced in North America. The Journal of the Lepidopterists Society. 71(3): 141-145;Ornativalva erubescens
0;Africa;Ornativalva erubescens;Saharo-Arabian;2017;Lee, S., et al. (2017). Ornativalva erubescens (Walsingham) (Lepidoptera: Gelechiidae) Introduced in North America. The Journal of the Lepidopterists Society. 71(3): 141-145;Ornativalva erubescens
0;Asia;Ornativalva erubescens;Oriental;2017;Lee, S., et al. (2017). Ornativalva erubescens (Walsingham) (Lepidoptera: Gelechiidae) Introduced in North America. The Journal of the Lepidopterists Society. 71(3): 141-145;Ornativalva erubescens
0;Asia;Ornativalva erubescens;Saharo-Arabian;2017;Lee, S., et al. (2017). Ornativalva erubescens (Walsingham) (Lepidoptera: Gelechiidae) Introduced in North America. The Journal of the Lepidopterists Society. 71(3): 141-145;Ornativalva erubescens
0;Asia;Ostrinia nubilalis;Saharo-Arabian;1970;Mutuura, A., Munroe, E. (1970). Taxonomy and distribution of the European corn borer and allied species: genus Ostrinia (Lepidoptera: Pyralidae). The Memoirs of the Entomological Society of Canada. 102(S71): 1-112;Ostrinia nubilalis
0;Asia;Pandemis heparana;Saharo-Arabian;1982;Gillespie, D., Gillespie, B. (1982). A list of plant-feeding Lepidoptera introduced into British Columbia. Journal of the Entomological Society of British Columbia.  79: 37-54;Pandemis heparana
0;Europe;Pandemis heparana;Palearctic;1982;Gillespie, D., Gillespie, B. (1982). A list of plant-feeding Lepidoptera introduced into British Columbia. Journal of the Entomological Society of British Columbia.  79: 37-54;Pandemis heparana
0;Asia;Paracorsia repandalis;Palearctic;2016;Scalercio, S. (2016). Interessanti novita faunistiche sui Pyraloidea dell Italia meridionale, con particolare riferimento agli ambienti forestali (Lepidoptera: Pyralidae, Crambidae). SHILAP Revista de Lepidopterologia. 44(175): 433-442;Paracorsia repandalis
0;Europe;Paracorsia repandalis;Palearctic;2016;Scalercio, S. (2016). Interessanti novita faunistiche sui Pyraloidea dell Italia meridionale, con particolare riferimento agli ambienti forestali (Lepidoptera: Pyralidae, Crambidae). SHILAP Revista de Lepidopterologia. 44(175): 433-442;Paracorsia repandalis
0;Africa;Grammodes stolida;Afrotropical;2024;Turner, R., et al. (2024). International Non-native Insect Establishment Data (0.2.1) [Data set]. Zenodo.;Grammodes stolida
0;Asia;Pasiphila rectangulata;Palearctic;2005;Maier, C. (2005). Hosts, pattern of seasonal emergence and flight, and new distributional records of palearctic Pasiphila rectangulata (Lepidoptera: Geometridae) in the northeastern United States. Annals of the Entomological Society of America. 98(2): 214-218;Pasiphila rectangulata
0;Europe;Pasiphila rectangulata;Palearctic;2005;Maier, C. (2005). Hosts, pattern of seasonal emergence and flight, and new distributional records of palearctic Pasiphila rectangulata (Lepidoptera: Geometridae) in the northeastern United States. Annals of the Entomological Society of America. 98(2): 214-218;Pasiphila rectangulata
0;Europe;Perittia herrichiella;Palearctic;1995;Kaila, L. (1995). A Revision Of The North American Perittia (Onceroptila), With First Nearctic Records Of The Genus Mendesia (Elachistidae). Journal of the Lepidopterists Society. 49(3): 208-222;Perittia herrichiella
0;Asia;Perizoma alchemillata;Palearctic;1977;Morris, R., Bolte, K. (1977). The European Species Perizoma alchemillata (the Small Rivulet (BR.))(Lepidoptera: Geometridae) in Newfoundland). The Canadian Entomologist. 109(3): 385-387;Perizoma alchemillata
0;Europe;Perizoma alchemillata;Palearctic;1977;Morris, R., Bolte, K. (1977). The European Species Perizoma alchemillata (the Small Rivulet (BR.))(Lepidoptera: Geometridae) in Newfoundland). The Canadian Entomologist. 109(3): 385-387;Perizoma alchemillata
0;Asia;Grapholita molesta;Palearctic;2020;Fuentes, N., et al. (2020). Multi-taxa inventory of naturalized species in Chile (including native Chilean species introduced in other areas of the national territory outside of their original range). NeoBiota. 60: 25-41;Grapholita molesta
0;Europe;Grapholita molesta;Palearctic;2020;Fuentes, N., et al. (2020). Multi-taxa inventory of naturalized species in Chile (including native Chilean species introduced in other areas of the national territory outside of their original range). NeoBiota. 60: 25-41;Grapholita molesta
0;Africa;Phyllonorycter mespilella;Saharo-Arabian;2007;Triberti, P. (2007). The Phyllonorycter species from Palaearctic Region feeding on Rosaceae (Lepidoptera, Gracillariidae). Bollettino del Museo Civico di Storia Naturale di Verona. 31: 147-221;Phyllonorycter mespilella
0;Europe;Phyllonorycter mespilella;Palearctic;2007;Triberti, P. (2007). The Phyllonorycter species from Palaearctic Region feeding on Rosaceae (Lepidoptera, Gracillariidae). Bollettino del Museo Civico di Storia Naturale di Verona. 31: 147-221;Phyllonorycter mespilella
0;North America;Physula albipunctilla;Panamanian;2002;Barnes, M. (2002). A preliminary illustrated catalogue of the larger moths of Jamaica. Available at: http://www.mbarnes.force9.co.uk/jamaicamoths/jamaicahome.htm;Physula albipunctilla
0;South America;Porphyrosela minuta;Neotropical;2017;Eiseman, C., et al. (2017). First North American records of Porphyrosela minuta Clarke (Lepidoptera: Gracillariidae), with notes on its native congener, P. desmodiella (Clemens). Proceedings of the Entomological Society of Washington. 119(1): 18-23;Porphyrosela minuta
0;North America;Prepona laertes;Nearctic;2017;Hayden, J. (2017). A Shoemaker Butterfly Prepona laertes (Lepidoptera: Nymphalidae):Department of Entomology and Nematology, UF/IFAS - EDIS: EENY684;Prepona laertes
0;North America;Prepona laertes;Panamanian;2017;Hayden, J. (2017). A Shoemaker Butterfly Prepona laertes (Lepidoptera: Nymphalidae):Department of Entomology and Nematology, UF/IFAS - EDIS: EENY684;Prepona laertes
0;South America;Prepona laertes;Neotropical;2017;Hayden, J. (2017). A Shoemaker Butterfly Prepona laertes (Lepidoptera: Nymphalidae):Department of Entomology and Nematology, UF/IFAS - EDIS: EENY684;Prepona laertes
0;Africa;Psyche casta;Saharo-Arabian;2022;Niitsu, S., Maeda, D. (2022). Discovery of Psyche casta (Pallas, 1767)(Psychidae, Psychinae) in Japan. Lepidoptera Science. 73(1): 7-11;Psyche casta
0;Europe;Psyche casta;Palearctic;2022;Niitsu, S., Maeda, D. (2022). Discovery of Psyche casta (Pallas, 1767)(Psychidae, Psychinae) in Japan. Lepidoptera Science. 73(1): 7-11;Psyche casta
0;North America;Ptichodis immunis;Panamanian;2005;Becker, V., Miller, S. (2005). Moths: Lepidoptera. In: Lazell, J. (2005). Island: Fact and theory in nature (pp: 303-309). University of California Press.;Ptichodis immunis
0;South America;Ptichodis immunis;Neotropical;2005;Becker, V., Miller, S. (2005). Moths: Lepidoptera. In: Lazell, J. (2005). Island: Fact and theory in nature (pp: 303-309). University of California Press.;Ptichodis immunis
0;Oceania;Helicoverpa armigera;Oceanina;2017;Tay, W., et al. (2017). Mitochondrial DNA and trade data support multiple origins of Helicoverpa armigera (Lepidoptera, Noctuidae) in Brazil. Scientific Reports. 7: 45302;Helicoverpa armigera
0;Africa;Recurvaria nanella;Saharo-Arabian;2010;Junnilainen, J., et al. (2010). The gelechiid fauna of the southern Ural Mountains, part II: list of recorded species with taxonomic notes (Lepidoptera: Gelechiidae). Zootaxa. 2367(1): 1-68;Recurvaria nanella
0;Asia;Recurvaria nanella;Palearctic;2010;Junnilainen, J., et al. (2010). The gelechiid fauna of the southern Ural Mountains, part II: list of recorded species with taxonomic notes (Lepidoptera: Gelechiidae). Zootaxa. 2367(1): 1-68;Recurvaria nanella
0;Europe;Recurvaria nanella;Palearctic;2010;Junnilainen, J., et al. (2010). The gelechiid fauna of the southern Ural Mountains, part II: list of recorded species with taxonomic notes (Lepidoptera: Gelechiidae). Zootaxa. 2367(1): 1-68;Recurvaria nanella
0;Asia;Rhizedra lutosa;Palearctic;1991;McCabe, T., Schweitzer, D. (1991). Rhizedra lutosa (Lepidoptera: Noctuidae) newly introduced to North America. Entomological News. 102(3): 130-132;Rhizedra lutosa
0;Europe;Rhizedra lutosa;Palearctic;1991;McCabe, T., Schweitzer, D. (1991). Rhizedra lutosa (Lepidoptera: Noctuidae) newly introduced to North America. Entomological News. 102(3): 130-132;Rhizedra lutosa
0;Africa;Helicoverpa assulta;Afrotropical;1992;Cork, A., et al. (1992). Female sex pheromone of oriental tobacco budworm, Helicoverpa assulta (Guenee)(Lepidoptera: Noctuidae): Identification and field testing. Journal of Chemical Ecology. 18: 403-418;Helicoverpa assulta
0;Asia;Helicoverpa assulta;Oriental;1992;Cork, A., et al. (1992). Female sex pheromone of oriental tobacco budworm, Helicoverpa assulta (Guenee)(Lepidoptera: Noctuidae): Identification and field testing. Journal of Chemical Ecology. 18: 403-418;Helicoverpa assulta
0;Asia;Helicoverpa assulta;Palearctic;1992;Cork, A., et al. (1992). Female sex pheromone of oriental tobacco budworm, Helicoverpa assulta (Guenee)(Lepidoptera: Noctuidae): Identification and field testing. Journal of Chemical Ecology. 18: 403-418;Helicoverpa assulta
0;Asia;Helicoverpa assulta;Sino-Japanese;1992;Cork, A., et al. (1992). Female sex pheromone of oriental tobacco budworm, Helicoverpa assulta (Guenee)(Lepidoptera: Noctuidae): Identification and field testing. Journal of Chemical Ecology. 18: 403-418;Helicoverpa assulta
0;Asia;Sesamia inferens;Oriental;2018;Baladhiya, H., et al. (2018). A review on pink stem borer, Sesamia inferens Walker: a threat to cereals. Journal of Entomology and Zoology Studies. 6(3): 1235-1239;Sesamia inferens
0;Asia;Sesamia inferens;Palearctic;2018;Baladhiya, H., et al. (2018). A review on pink stem borer, Sesamia inferens Walker: a threat to cereals. Journal of Entomology and Zoology Studies. 6(3): 1235-1239;Sesamia inferens
0;Asia;Sesamia inferens;Sino-Japanese;2018;Baladhiya, H., et al. (2018). A review on pink stem borer, Sesamia inferens Walker: a threat to cereals. Journal of Entomology and Zoology Studies. 6(3): 1235-1239;Sesamia inferens
0;Asia;Sesia apiformis;Palearctic;2011;Martin-Garcia, J., et al. (2011). Patterns and monitoring of Sesia apiformis infestations in poplar plantations at different spatial scales. Journal of Applied Entomology. 135(5): 382-392;Sesia apiformis
0;Europe;Sesia apiformis;Palearctic;2011;Martin-Garcia, J., et al. (2011). Patterns and monitoring of Sesia apiformis infestations in poplar plantations at different spatial scales. Journal of Applied Entomology. 135(5): 382-392;Sesia apiformis
0;Asia;Simplicia cornicalis;Oriental;2010;Dickel, T., et al. (2010) New North American Records Of The Asian Species, Simplicia cornicalis, in Florida and Louisiana. Lepidoptera Novae. 3(1): 53-56;Simplicia cornicalis
0;Oceania;Simplicia cornicalis;Oceanina;2010;Dickel, T., et al. (2010) New North American Records Of The Asian Species, Simplicia cornicalis, in Florida and Louisiana. Lepidoptera Novae. 3(1): 53-56;Simplicia cornicalis
0;Africa;Sitochroa palealis;Saharo-Arabian;2008;Passoa, S., et al. (2008). Sitochroa palealis: a Palearctic pyraustine moth (Lepidoptera: Pyraloidea: Crambidae) newly introduced to North America. Proceedings of the Entomological Society of Washington. 110(2): 504-515;Sitochroa palealis
0;Asia;Sitochroa palealis;Palearctic;2008;Passoa, S., et al. (2008). Sitochroa palealis: a Palearctic pyraustine moth (Lepidoptera: Pyraloidea: Crambidae) newly introduced to North America. Proceedings of the Entomological Society of Washington. 110(2): 504-515;Sitochroa palealis
0;Asia;Sitochroa palealis;Sino-Japanese;2008;Passoa, S., et al. (2008). Sitochroa palealis: a Palearctic pyraustine moth (Lepidoptera: Pyraloidea: Crambidae) newly introduced to North America. Proceedings of the Entomological Society of Washington. 110(2): 504-515;Sitochroa palealis
0;Europe;Sitochroa palealis;Palearctic;2008;Passoa, S., et al. (2008). Sitochroa palealis: a Palearctic pyraustine moth (Lepidoptera: Pyraloidea: Crambidae) newly introduced to North America. Proceedings of the Entomological Society of Washington. 110(2): 504-515;Sitochroa palealis
0;Europe;Spilonota laricana;Palearctic;2020;Gilligan, T., et al. (2020). Immigrant Tortricidae: Holarctic versus Introduced Species in North America. Insects. 11(9):594;Spilonota laricana
0;Africa;Spilonota ocellana;Saharo-Arabian;2011;Byun, B. (2011). A review of the genus Spilonota Stephens (Lepidoptera: Tortricidae) in North Korea. Entomological Research. 41(6): 242-246;Spilonota ocellana
0;Asia;Spilonota ocellana;Palearctic;2011;Byun, B. (2011). A review of the genus Spilonota Stephens (Lepidoptera: Tortricidae) in North Korea. Entomological Research. 41(6): 242-246;Spilonota ocellana
0;Europe;Spilonota ocellana;Palearctic;1959;LeRoux, E., Reimer, C. (1959). Variation Between Samples of Immature Stages, and of Mortalities from Some Factors, of the Eye-Spotted Bud Moth, Spilonota ocellana (D. and S.)(Lepidoptera: Olethreutidae), and the Pistol Casebearer, Coleophora serratella (L.)(Lepidoptera: Coleophoridae), on Apple in Quebec. The Canadian Entomologist. 91(7): 428-449;Spilonota ocellana
0;North America;Hellinsia balanotes;Nearctic;2020;VanDyk, J., et al. (2020). BugGuide - Identification, Images, and Information For Insects, Spiders and Their Kin For the United States and Canada. Version 1.5. United States Geological Survey. Available at: https://bugguide.net/;Hellinsia balanotes
0;Asia;Paraswammerdamia lutarea;Palearctic;2019;Na, S., et al. (2019). Taxonomic review of the genus Swammerdamia Hubner (Lepidoptera: Yponomeutidae) from Korea. Journal of Asia-Pacific Biodiversity. 12(1): 74-78;Paraswammerdamia lutarea
0;Europe;Paraswammerdamia lutarea;Palearctic;2019;Na, S., et al. (2019). Taxonomic review of the genus Swammerdamia Hubner (Lepidoptera: Yponomeutidae) from Korea. Journal of Asia-Pacific Biodiversity. 12(1): 74-78;Paraswammerdamia lutarea
0;Asia;Swammerdamia pyrella;Palearctic;2019;Na, S., et al. (2019). Taxonomic review of the genus Swammerdamia Hubner (Lepidoptera: Yponomeutidae) from Korea. Journal of Asia-Pacific Biodiversity. 12(1): 74-78;Swammerdamia pyrella
0;Europe;Swammerdamia pyrella;Palearctic;2019;Na, S., et al. (2019). Taxonomic review of the genus Swammerdamia Hubner (Lepidoptera: Yponomeutidae) from Korea. Journal of Asia-Pacific Biodiversity. 12(1): 74-78;Swammerdamia pyrella
0;Asia;Synanthedon myopaeformis;Palearctic;2010;Lopez-Vaamonde, C., et al. (2010). Lepidoptera. Chapter 11. BioRisk. 4: 603-668;Synanthedon myopaeformis
0;Europe;Synanthedon myopaeformis;Palearctic;2010;Lopez-Vaamonde, C., et al. (2010). Lepidoptera. Chapter 11. BioRisk. 4: 603-668;Synanthedon myopaeformis
0;Africa;Hellula undalis;Afrotropical;2011;Ebenebe, A., et al. (2011). The cabbage webworm (Hellula undalis) on tickweed (Cleome viscosa) in Samoa. The South Pacific Journal of Natural and Applied Sciences. 29(1): 1-6;Hellula undalis
0;Africa;Hellula undalis;Saharo-Arabian;2011;Ebenebe, A., et al. (2011). The cabbage webworm (Hellula undalis) on tickweed (Cleome viscosa) in Samoa. The South Pacific Journal of Natural and Applied Sciences. 29(1): 1-6;Hellula undalis
0;Asia;Hellula undalis;Oriental;2011;Ebenebe, A., et al. (2011). The cabbage webworm (Hellula undalis) on tickweed (Cleome viscosa) in Samoa. The South Pacific Journal of Natural and Applied Sciences. 29(1): 1-6;Hellula undalis
0;Asia;Hellula undalis;Palearctic;2011;Ebenebe, A., et al. (2011). The cabbage webworm (Hellula undalis) on tickweed (Cleome viscosa) in Samoa. The South Pacific Journal of Natural and Applied Sciences. 29(1): 1-6;Hellula undalis
0;Asia;Hellula undalis;Sino-Japanese;2011;Ebenebe, A., et al. (2011). The cabbage webworm (Hellula undalis) on tickweed (Cleome viscosa) in Samoa. The South Pacific Journal of Natural and Applied Sciences. 29(1): 1-6;Hellula undalis
0;Europe;Hellula undalis;Palearctic;2011;Ebenebe, A., et al. (2011). The cabbage webworm (Hellula undalis) on tickweed (Cleome viscosa) in Samoa. The South Pacific Journal of Natural and Applied Sciences. 29(1): 1-6;Hellula undalis
0;Africa;Trachylepidia fructicassiella;Afrotropical;1917;Hampson, G. (1917). A classification of the Pyralidae, subfamily Gallerianae. Novitates Zoologicae. 24(1): 17-58;Trachylepidia fructicassiella
0;Africa;Trachylepidia fructicassiella;Saharo-Arabian;1917;Hampson, G. (1917). A classification of the Pyralidae, subfamily Gallerianae. Novitates Zoologicae. 24(1): 17-58;Trachylepidia fructicassiella
0;Asia;Trachylepidia fructicassiella;Oriental;1917;Hampson, G. (1917). A classification of the Pyralidae, subfamily Gallerianae. Novitates Zoologicae. 24(1): 17-58;Trachylepidia fructicassiella
0;Europe;Xestia xanthographa;Palearctic;2020;Crabo, L., Holden, D. (2020). A Review of Established Accidentally-Introduced Noctuoidea in the Pacific Northwest Region of North America, with First Report of the Eurasian Cutworm Mesapamea secalis (L.)(Noctuidae, Noctuinae, Apameini) for North America. The Journal of the Lepidopterists Society. 74(2): 95-105;Xestia xanthographa
0;Asia;Yponomeuta padella;Palearctic;2022;Beljaev, E., et al. (2022). Fauna of the geometrid moths (Lepidoptera, Geometridae) of the eastern Sikhote-Alin in the Botchinsky Reserve II. Subfamilies Larentiinae and Sterrhinae, and zoogeographical analysis. Amurian Zoological Journal. 14(4): 676-707;Yponomeuta padella
0;Asia;Ypsolopha dentella;Palearctic;2002;Gershenson, Z., et al. (2002). New records of Yponomeutoid moths (Lepidoptera, Yponomeutidae, Plutellidae) from Israel. Vestnik zoologii. 36(5): 77-80;Ypsolopha dentella
0;Europe;Ypsolopha dentella;Palearctic;2024;Wenninger, A. (2024). Defoliation of haskap shoots by the honeysuckle moth in Southcentral Alaska. AKES Newsletter. 16(1);Ypsolopha dentella
0;Africa;Hofmannophila pseudospretella;Saharo-Arabian;2010;Lopez-Vaamonde, C., et al. (2010). Lepidoptera. Chapter 11. BioRisk. 4: 603-668;Hofmannophila pseudospretella
0;Europe;Hofmannophila pseudospretella;Palearctic;2010;Lopez-Vaamonde, C., et al. (2010). Lepidoptera. Chapter 11. BioRisk. 4: 603-668;Hofmannophila pseudospretella
0;Africa;Zeuzera pyrina;Afrotropical;1909;Howard, L., Chittenden, F. (1909). The Leopard Moth:(Zeuzera Pyrina Fab.).  US Department of Agriculture Bureau of Entomology Circular. 109: July 6, 1909;Zeuzera pyrina
0;Africa;Zeuzera pyrina;Saharo-Arabian;1909;Howard, L., Chittenden, F. (1909). The Leopard Moth:(Zeuzera Pyrina Fab.).  US Department of Agriculture Bureau of Entomology Circular. 109: July 6, 1909;Zeuzera pyrina
0;Asia;Zeuzera pyrina;Palearctic;1909;Howard, L., Chittenden, F. (1909). The Leopard Moth:(Zeuzera Pyrina Fab.).  US Department of Agriculture Bureau of Entomology Circular. 109: July 6, 1909;Zeuzera pyrina
0;Europe;Zeuzera pyrina;Palearctic;1909;Howard, L., Chittenden, F. (1909). The Leopard Moth:(Zeuzera Pyrina Fab.).  US Department of Agriculture Bureau of Entomology Circular. 109: July 6, 1909;Zeuzera pyrina
0;Africa;Lobesia botrana;Saharo-Arabian;2011;Gilligan, T., et al. (2011). Discovery of Lobesia botrana (Denis and Schiffermuller) in California: An invasive species new to North America (Lepidoptera: Tortricidae). Proceedings of the Entomological Society of Washington. 1113(1): 14-30;Lobesia botrana
0;Asia;Lobesia botrana;Palearctic;2011;Gilligan, T., et al. (2011). Discovery of Lobesia botrana (Denis and Schiffermuller) in California: An invasive species new to North America (Lepidoptera: Tortricidae). Proceedings of the Entomological Society of Washington. 1113(1): 14-30;Lobesia botrana
0;Asia;Lobesia botrana;Saharo-Arabian;2011;Gilligan, T., et al. (2011). Discovery of Lobesia botrana (Denis and Schiffermuller) in California: An invasive species new to North America (Lepidoptera: Tortricidae). Proceedings of the Entomological Society of Washington. 1113(1): 14-30;Lobesia botrana
0;South America;Anacampsis humilis;Neotropical;2022;Mally, R., et al. (2022), Moths and butterflies on alien shores - global biogeography of non-native Lepidoptera. Dryad, Dataset. Available at: https://doi.org/10.5061/dryad.31zcrjdnw;Anacampsis humilis
0;Africa;Leucoptera sinuella;Saharo-Arabian;1964;Kuroko, H. (1964). Revisional studies on the family Lyonetiidae of Japan (Lepidoptera). ESAKIA. 4: 1-61;Leucoptera sinuella
0;Asia;Leucoptera sinuella;Palearctic;2024;Canete-Salinas, P., et al. (2024). Use of satellite images to monitor Leucoptera sinuella leaf damage in poplar plantations in central Chile. New Forests. 1-14;Leucoptera sinuella
0;Europe;Leucoptera sinuella;Palearctic;2024;Canete-Salinas, P., et al. (2024). Use of satellite images to monitor Leucoptera sinuella leaf damage in poplar plantations in central Chile. New Forests. 1-14;Leucoptera sinuella
0;North America;Hyles lineata;Nearctic;2005;Hundsdoerfer, A., et al. (2005). A molecular phylogeny of the hawkmoth genus Hyles (Lepidoptera: Sphingidae, Macroglossinae). Molecular Phylogenetics and Evolution. 35(2): 442-458;Hyles lineata
0;North America;Hyles lineata;Panamanian;2005;Hundsdoerfer, A., et al. (2005). A molecular phylogeny of the hawkmoth genus Hyles (Lepidoptera: Sphingidae, Macroglossinae). Molecular Phylogenetics and Evolution. 35(2): 442-458;Hyles lineata
0;South America;Hyles lineata;Neotropical;2005;Hundsdoerfer, A., et al. (2005). A molecular phylogeny of the hawkmoth genus Hyles (Lepidoptera: Sphingidae, Macroglossinae). Molecular Phylogenetics and Evolution. 35(2): 442-458;Hyles lineata
0;North America;Cryptographis nitidalis;Panamanian;2005;Capinera, J. (2005). Melonworm, Diaphania hyalinata Linnaeus (Insecta: Lepidoptera: Pyralidae). Florida Cooperation Extension Service, Institute of Food and Agricultural Sciences, University of Florida, Gainesville, Florida: EENY163;Cryptographis nitidalis
0;South America;Cryptographis nitidalis;Neotropical;2005;Capinera, J. (2005). Melonworm, Diaphania hyalinata Linnaeus (Insecta: Lepidoptera: Pyralidae). Florida Cooperation Extension Service, Institute of Food and Agricultural Sciences, University of Florida, Gainesville, Florida: EENY163;Cryptographis nitidalis
0;South America;Hemiargus ramon;Neotropical;1997;Roque Albelo, L., et al. (1997). Hemiargus ramon (Dognin, 1887) (Lycaenidae: Polyommatinae) A new resident butterfly of the Galapagos Islands. Noticias de Galapagos. 58: 29;Hemiargus ramon
0;Africa;Caradrina kadenii;Saharo-Arabian;1982;de-Gregorio, J. (1982). Las Platyperigea Smith, 1894 (insectivora. Lepidoptera) de Cataluna y Baleares. Bolletin de la Societat dHistoria Natural de les Balears. 26: 151-156;Caradrina kadenii
0;Asia;Caradrina kadenii;Palearctic;1982;de-Gregorio, J. (1982). Las Platyperigea Smith, 1894 (insectivora. Lepidoptera) de Cataluna y Baleares. Bolletin de la Societat dHistoria Natural de les Balears. 26: 151-156;Caradrina kadenii
0;Europe;Caradrina kadenii;Palearctic;1982;de-Gregorio, J. (1982). Las Platyperigea Smith, 1894 (insectivora. Lepidoptera) de Cataluna y Baleares. Bolletin de la Societat dHistoria Natural de les Balears. 26: 151-156;Caradrina kadenii
0;Asia;Catocala fraxini;Palearctic;2011;Ishizuka, K., et al. (2011). Molecular phylogeny of Japanese Catocala moths based on nucleotide sequences of the mitochondrial ND5 gene. Zoological Science. 28(12): 910-915;Catocala fraxini
0;Europe;Catocala fraxini;Palearctic;2011;Ishizuka, K., et al. (2011). Molecular phylogeny of Japanese Catocala moths based on nucleotide sequences of the mitochondrial ND5 gene. Zoological Science. 28(12): 910-915;Catocala fraxini
0;Europe;Conistra rubiginosa;Palearctic;2007;Khramov, P. (Ed.) (2007). Insecta.pro: international entomological community. Available online at: https://insecta.pro;Conistra rubiginosa
0;Africa;Cryphia algae;Saharo-Arabian;2015;Gomboc, S., Koren, T. (2015). The distribution of Cryphia ochsi Boursin, 1940 and Cryphia algae (Fabricius, 1775)(Lepidoptera: Noctuidae) in Slovenia and Croatia. Acta Entomologica Slovenica. 23(2): 117-34;Cryphia algae
0;Asia;Cryphia algae;Oriental;2020;Roy, D., et al. (2020). DAISIE - Delivering Alien Invasive Species Inventories for Europe. Available at: http://www.europe-aliens.org/;Cryphia algae
0;Asia;Cryphia algae;Palearctic;2020;Roy, D., et al. (2020). DAISIE - Delivering Alien Invasive Species Inventories for Europe. Available at: http://www.europe-aliens.org/;Cryphia algae
0;Asia;Cryphia algae;Sino-Japanese;2020;Roy, D., et al. (2020). DAISIE - Delivering Alien Invasive Species Inventories for Europe. Available at: http://www.europe-aliens.org/;Cryphia algae
0;Europe;Cryphia algae;Palearctic;2020;Roy, D., et al. (2020). DAISIE - Delivering Alien Invasive Species Inventories for Europe. Available at: http://www.europe-aliens.org/;Cryphia algae
0;Europe;Cydia illutana;Palearctic;2020;Roy, D., et al. (2020). DAISIE - Delivering Alien Invasive Species Inventories for Europe. Available at: http://www.europe-aliens.org/;Cydia illutana
0;Asia;Ischyja manlia;Oriental;2005;Sohn, J., et al. (2005). A new record of Ischyja manlia (Cramer)(Lepidoptera: Noctuidae: Catocalinae) from Korea. Entomological Research. 35(2): 107-110;Ischyja manlia
0;Europe;Cydia medicaginis;Palearctic;2007;Smith, R., et al. (2007). Recent non-native invertebrate plant pest establishments in Great Britain: origins, pathways, and trends. Agricultural and Forest Entomology. 9(4): 307-326;Cydia medicaginis
0;Africa;Ectoedemia heringella;Saharo-Arabian;2020;Roy, D., et al. (2020). DAISIE - Delivering Alien Invasive Species Inventories for Europe. Available at: http://www.europe-aliens.org/;Ectoedemia heringella
0;Europe;Ectoedemia heringella;Palearctic;2020;Roy, D., et al. (2020). DAISIE - Delivering Alien Invasive Species Inventories for Europe. Available at: http://www.europe-aliens.org/;Ectoedemia heringella
0;Africa;Gelechia senticetella;Saharo-Arabian;2020;Roy, D., et al. (2020). DAISIE - Delivering Alien Invasive Species Inventories for Europe. Available at: http://www.europe-aliens.org/;Gelechia senticetella
0;Europe;Gelechia senticetella;Palearctic;2023;Karsholt, O., et al. (2023). Overview of the Gelechiidae moths (Lepidoptera) of Krk Island, Croatia: diversity, distribution and ecological insights. Gortania, Botanica, Zoologia. 45: 95-124;Gelechia senticetella
0;South America;Lantanophaga pusillidactylus;Neotropical;2020;Demetriou, J., et al. (2020). A new tropical invader in Greece: The lantana plume moth Lantanophaga pusillidactylus (Lepidoptera: Pterophoridae). Entomologia Hellenica. 29(1): 1-7;Lantanophaga pusillidactylus
0;Europe;Noctua janthina;Palearctic;2024;Broad, G., et al. (2024). The genome sequence of Langmaids Yellow Underwing moth, Noctua janthina (Denis & Schiffermuller) 1775. Wellcome Open Research. 9: 592;Noctua janthina
0;Asia;Pennisetia hylaeiformis;Palearctic;2010;Lopez-Vaamonde, C., et al. (2010). Lepidoptera. Chapter 11. BioRisk. 4: 603-668;Pennisetia hylaeiformis
0;Europe;Pennisetia hylaeiformis;Palearctic;2010;Lopez-Vaamonde, C., et al. (2010). Lepidoptera. Chapter 11. BioRisk. 4: 603-668;Pennisetia hylaeiformis
0;Europe;Thera cupressata;Palearctic;2020;Vieira, V. (2020). First record of Thera cupressata (Geyer,[1831]) for the Azores islands (Portugal)(Lepidoptera: Geometridae). SHILAP Revista de Lepidopterologia. 48(189): 83-87;Thera cupressata
0;Europe;Vitula biviella;Palearctic;1999;Parsons, M., Clancy, S. (1999). Vitula biviella (Zeller)(Lepidoptera: Pyralidae), a newly recognised British species. Entomologists Gazette. 50(2): 77-82;Vitula biviella
0;Asia;Condica dolorosa;Oriental;2024;Holloway, J. (2024). Moths of Borneo 12. Family Notuidae, Trifine. Subfamilies: Noctuinae, Heliothinae, Hadeninae, Acronictinae, Amphipyrinae, Agaristinae. Southdene Sdn. Available at: https://www.mothsofborneo.com/part-12/index.htm;Condica dolorosa
0;Australia;Condica dolorosa;Australian;2024;Holloway, J. (2024). Moths of Borneo 12. Family Notuidae, Trifine. Subfamilies: Noctuinae, Heliothinae, Hadeninae, Acronictinae, Amphipyrinae, Agaristinae. Southdene Sdn. Available at: https://www.mothsofborneo.com/part-12/index.htm;Condica dolorosa
0;North America;Agrotis subterranea;Nearctic;2014;Prestes, A. (2014). A New Exotic Noctuid for the Hawaiian Archipelago: Feltia subterranea (Fabricius) (Lepidoptera: Noctuidae: Noctuinae). The Journal of the Lepidopterists Society. 68(3): 220-221;Agrotis subterranea
0;South America;Agrotis subterranea;Neotropical;2014;Prestes, A. (2014). A New Exotic Noctuid for the Hawaiian Archipelago: Feltia subterranea (Fabricius) (Lepidoptera: Noctuidae: Noctuinae). The Journal of the Lepidopterists Society. 68(3): 220-221;Agrotis subterranea
0;South America;Agrotis subterranea;Panamanian;2014;Prestes, A. (2014). A New Exotic Noctuid for the Hawaiian Archipelago: Feltia subterranea (Fabricius) (Lepidoptera: Noctuidae: Noctuinae). The Journal of the Lepidopterists Society. 68(3): 220-221;Agrotis subterranea
0;Asia;Leucania stenographa;Oriental;2025;PaDIL (2025). The Pest and Disease Image Library (PaDIL). Available at: https://www.padil.gov.au/;Leucania stenographa
0;Asia;Leucania stenographa;Palearctic;2025;PaDIL (2025). The Pest and Disease Image Library (PaDIL). Available at: https://www.padil.gov.au/;Leucania stenographa
0;Asia;Leucania stenographa;Sino-Japanese;2025;PaDIL (2025). The Pest and Disease Image Library (PaDIL). Available at: https://www.padil.gov.au/;Leucania stenographa
0;Europe;Leucania stenographa;Palearctic;2025;PaDIL (2025). The Pest and Disease Image Library (PaDIL). Available at: https://www.padil.gov.au/;Leucania stenographa
0;North America;Thessalia theona;Nearctic;2023;Wahlberg, E. (Ed.) (2023). The Nymphalidae Systematics Group - The butterflies. Available at: Nymphalidae.com;Thessalia theona
0;South America;Thessalia theona;Neotropical;2023;Wahlberg, E. (Ed.) (2023). The Nymphalidae Systematics Group - The butterflies. Available at: Nymphalidae.com;Thessalia theona
0;Europe;Leucoptera spartifoliella;Palearctic;1964;Frick, K. (1964). Leucoptera spartifoliella, an introduced enemy of Scotch broom in the western United States. Journal of Economic Entomology. 57(4): 589-591;Leucoptera spartifoliella
0;North America;Lorita baccharivora;Nearctic;1988;Diatloff, G., Palmer, W. (1988). The host specificity and biology of Aristotella ivae Busck (Gelechiidae) and Lorita baccharivora Pogue (Tortricidae), two microlepidoptera selected as biological control agents for Baccharis halimifolia (Asteraceae) in Australia. Proceedings of the Entomological Society of Washington. 90(4): 458-461;Lorita baccharivora
0;Asia;Papilio helenus;Oriental;2013;Goode, M., Burk, D. (2013). A new subspecies of Papilio helenus Linnaeus, 1758 (Lepidoptera: Papilionidae) from Simeulue Island, Indonesia. Butterflies (Teinopalpus). 63: 53-55;Papilio helenus
0;Asia;Papilio helenus;Sino-Japanese;2013;Goode, M., Burk, D. (2013). A new subspecies of Papilio helenus Linnaeus, 1758 (Lepidoptera: Papilionidae) from Simeulue Island, Indonesia. Butterflies (Teinopalpus). 63: 53-55;Papilio helenus
0;Europe;Agonopterix assimilella;Palearctic;2024;Turner, R., et al. (2024). International Non-native Insect Establishment Data (0.2.1) [Data set]. Zenodo.;Agonopterix assimilella
0;North America;Loxomorpha flavidissimalis;Nearctic;2019;Gonzalez-Hernandez, A., et al. (2019). First report of range expansion of the cactus webworm, Loxomorpha flavidissimalis (Grote)(Pyraloidea: Crambidae), to central Mexico and central Texas, USA. Florida Entomologist. 102(3): 638-641;Loxomorpha flavidissimalis
0;Asia;Depressaria discipunctella;Palearctic;2016;Harrison, T., et al. (2016). Depressaria depressana (Fabricius)(Depressariidae), new to the Midwestern USA. The Journal of the Lepidopterists Society. 70(2): 169-173;Depressaria discipunctella
0;Europe;Depressaria discipunctella;Palearctic;2016;Harrison, T., et al. (2016). Depressaria depressana (Fabricius)(Depressariidae), new to the Midwestern USA. The Journal of the Lepidopterists Society. 70(2): 169-173;Depressaria discipunctella
0;Asia;Platyptilia isodactylus;Palearctic;2008;Hao, S. (2008). New Recorded Species of Pterophoridae from China (Lepidoptera: Pterophoridae). Sichuan Journal of Zoology. 27(5): 815-817;Platyptilia isodactylus
0;Europe;Platyptilia isodactylus;Palearctic;2008;Hao, S. (2008). New Recorded Species of Pterophoridae from China (Lepidoptera: Pterophoridae). Sichuan Journal of Zoology. 27(5): 815-817;Platyptilia isodactylus
0;;Stathmopoda auriferella;Saharo-Arabian;2018;Park, K., et al. (2018). Genus Stathmopoda Herrich-Shaffer (Lepidoptera, Stathmopodidae) from the Korean Peninsula with two new species. Journal of Asia-Pacific Biodiversity. 11(2): 259-266;Stathmopoda auriferella
0;Africa;Stathmopoda auriferella;Afrotropical;2018;Park, K., et al. (2018). Genus Stathmopoda Herrich-Shaffer (Lepidoptera, Stathmopodidae) from the Korean Peninsula with two new species. Journal of Asia-Pacific Biodiversity. 11(2): 259-266;Stathmopoda auriferella
0;Asia;Cucullia umbratica;Palearctic;2010;Handfield, L., Handfield, D. (2010). Cucullia umbratica (Lepidoptera, Noctuidae), a new European noctuid in North America. ZooKeys. 39: 183-186;Cucullia umbratica
0;Europe;Cucullia umbratica;Palearctic;2010;Handfield, L., Handfield, D. (2010). Cucullia umbratica (Lepidoptera, Noctuidae), a new European noctuid in North America. ZooKeys. 39: 183-186;Cucullia umbratica
0;Asia;Dinumma deponens;Oriental;2013;Adams, J., et al. (2013). Dinumma deponens, Walker 1858 (Erebidae) is here to stay. News of the Lepidopterists Society. 55(4): 176-177;Dinumma deponens
0;Asia;Dinumma deponens;Palearctic;2013;Adams, J., et al. (2013). Dinumma deponens, Walker 1858 (Erebidae) is here to stay. News of the Lepidopterists Society. 55(4): 176-177;Dinumma deponens
0;Asia;Dinumma deponens;Sino-Japanese;2013;Adams, J., et al. (2013). Dinumma deponens, Walker 1858 (Erebidae) is here to stay. News of the Lepidopterists Society. 55(4): 176-177;Dinumma deponens
0;Asia;Maruca vitrata;Oriental;2014;Agunbiade, T., et al. (2014). Genetic differentiation among Maruca vitrata F.(Lepidoptera: Crambidae) populations on cultivated cowpea and wild host plants: implications for insect resistance management and biological control strategies. PLoS One. 9(3): e92072;Maruca vitrata
0;Asia;Maruca vitrata;Palearctic;2014;Agunbiade, T., et al. (2014). Genetic differentiation among Maruca vitrata F.(Lepidoptera: Crambidae) populations on cultivated cowpea and wild host plants: implications for insect resistance management and biological control strategies. PLoS One. 9(3): e92072;Maruca vitrata
0;Asia;Maruca vitrata;Sino-Japanese;2014;Agunbiade, T., et al. (2014). Genetic differentiation among Maruca vitrata F.(Lepidoptera: Crambidae) populations on cultivated cowpea and wild host plants: implications for insect resistance management and biological control strategies. PLoS One. 9(3): e92072;Maruca vitrata
0;North America;Empyreuma pugione;Panamanian;1997;McAuslane, H. (1997). Featured Creatures - Empyreuma pugione (Linnaeus) (Insecta: Lepidoptera: Erebidae: Arctiinae). Available at: https://entnemdept.ufl.edu/creatures/orn/spotted_oleander_caterpillar.htm;Empyreuma pugione
0;Europe;Mesapamea secalis;Palearctic;2020;Crabo, L., Holden, D. (2020). A Review of Established Accidentally-Introduced Noctuoidea in the Pacific Northwest Region of North America, with First Report of the Eurasian Cutworm Mesapamea secalis (L.)(Noctuidae, Noctuinae, Apameini) for North America. The Journal of the Lepidopterists Society. 74(2): 95-105;Mesapamea secalis
0;Europe;Nola cucullatella;Palearctic;1997;Moreno, A. (1997). Nola cucullatella (Linnaeus, 1758) un Complejo de Especies (Lepidoptera: Nolidae). Sesion Homenaje al Profesor Garcia de Viedma. Escuela Tecnica Superior de Ingenieros de Montes. 86-105;Nola cucullatella
0;Asia;Oligia latruncula;Palearctic;2010;Moyal, P., et al. (2010). Systematics and molecular phylogeny of two African stem borer genera, Sciomesa Tams and Bowden and Carelis Bowden (Lepidoptera: Noctuidae). Bulletin of Entomological Research. 100(6): 641-659;Oligia latruncula
0;Europe;Oligia latruncula;Palearctic;2010;Moyal, P., et al. (2010). Systematics and molecular phylogeny of two African stem borer genera, Sciomesa Tams and Bowden and Carelis Bowden (Lepidoptera: Noctuidae). Bulletin of Entomological Research. 100(6): 641-659;Oligia latruncula
0;Asia;Oligia strigilis;Palearctic;2024;Broad, G., et al. (2024). The genome sequence of the Marbled Minor moth, Oligia strigilis (Linnaeus, 1758). Wellcome Open Research. 9: 282;Oligia strigilis
0;Europe;Oligia strigilis;Palearctic;2024;Broad, G., et al. (2024). The genome sequence of the Marbled Minor moth, Oligia strigilis (Linnaeus, 1758). Wellcome Open Research. 9: 282;Oligia strigilis
0;Europe;Dryobotodes tenebrosa;Palearctic;2017;Perez, J., Perez, R.  (2017). Dryobotodes (Dichonioxa) tenebrosa (Esper,[1789])(Lepidoptera, Noctuidae, Hadeninae) en Orense (Galicia, NO Espana). Burbug 38;Dryobotodes tenebrosa
0;Asia;Eupithecia ultimaria;Palearctic;2022;Koren, T. (2022). The Diversity of Moths (Lepidoptera: Heterocera) of Significant Landscape Donji Kamenjak and Medulin Archipelago, Istria, Croatia. Annales: Series Historia Naturalis. 32(1): 237-260;Eupithecia ultimaria
0;Europe;Eupithecia ultimaria;Palearctic;2022;Koren, T. (2022). The Diversity of Moths (Lepidoptera: Heterocera) of Significant Landscape Donji Kamenjak and Medulin Archipelago, Istria, Croatia. Annales: Series Historia Naturalis. 32(1): 237-260;Eupithecia ultimaria
1;;Monopis monachella;;2011;Huang, G. et al. (2011). A revision of the Monopis monachella species complex (Lepidoptera: Tineidae) from China. Zoological Journal of the Linnean Society. 163(1): 1-14.;Monopis monachella
0;Europe;Earias insulana;Palearctic;2008;Dantart, J., Cervello, A. (2008). Revision de les especies del genere Earias Hubner,[1825], a Catalunya (Lepidoptera, Nolidae). Butlletin de la Societat Catalana de Lepidopterologia. (99): 17-46;Earias insulana
0;Africa;Earias insulana;Saharo-Arabian;2008;Dantart, J., Cervello, A. (2008). Revision de les especies del genere Earias Hubner,[1825], a Catalunya (Lepidoptera, Nolidae). Butlletin de la Societat Catalana de Lepidopterologia. (99): 17-46;Earias insulana
0;Africa;Earias insulana;Afrotropical;2008;Dantart, J., Cervello, A. (2008). Revision de les especies del genere Earias Hubner,[1825], a Catalunya (Lepidoptera, Nolidae). Butlletin de la Societat Catalana de Lepidopterologia. (99): 17-46;Earias insulana
0;Africa;Earias insulana;Madagascan;2008;Dantart, J., Cervello, A. (2008). Revision de les especies del genere Earias Hubner,[1825], a Catalunya (Lepidoptera, Nolidae). Butlletin de la Societat Catalana de Lepidopterologia. (99): 17-46;Earias insulana
0;Asia;Earias insulana;Oriental;2008;Dantart, J., Cervello, A. (2008). Revision de les especies del genere Earias Hubner,[1825], a Catalunya (Lepidoptera, Nolidae). Butlletin de la Societat Catalana de Lepidopterologia. (99): 17-46;Earias insulana
0;Africa;Chloroclystis latifasciata;Madagascan;2024;de Prins, J., de Prins, W. (2024). Afromoths, online database of Afrotropical moth species (Lepidoptera). Available at: http://www.afromoths.net;Chloroclystis latifasciata
0;Asia;Conogethes punctiferalis;Oriental;2024;Turner, R., et al. (2024). International Non-native Insect Establishment Data (0.2.1) [Data set]. Zenodo.;Conogethes punctiferalis
0;Australia;Conogethes punctiferalis;Australian;2024;Turner, R., et al. (2024). International Non-native Insect Establishment Data (0.2.1) [Data set]. Zenodo.;Conogethes punctiferalis
1;;Lindera tessellatella;;2001;Hoare, R. (2001). Adventive species of Lepidoptera recorded for the first time in New Zealand since 1988. New Zealand Entomologist. 24: 23-47;Lindera tessellatella
0;Australia;Sperchia intractana;Australian;1981;Benn, M., et al. (1981). A Sex Attractant for Sperchia intractana Walker (Lepidoptera: Tortricidae) in New Zealand. Zeitschrift fur Naturforschung C. 36(1-2): 178-179;Sperchia intractana
1;;Corcyra cephalonica;;1934;Ayyar, P. (1934). A very destructive Pest of Stored Products in South India, Corcyra Cephalonica, Staint. (Lep.). Bulletin of Entomological Research. 25(2): 155-169;Corcyra cephalonica
0;Europe;Oinophila v-flava;Palearctic;1978;Davis, D. (1978). The North American moths of the genera Phaeoses, Opogona, and Oinophila, with a discussion of their supergeneric affinities (Lepidoptera: Tineidae). Smithsonian Libraries. 282: 1-39;Oinophila v-flava
0;Africa;Oinophila v-flava;Afrotropical;1978;Davis, D. (1978). The North American moths of the genera Phaeoses, Opogona, and Oinophila, with a discussion of their supergeneric affinities (Lepidoptera: Tineidae). Smithsonian Libraries. 282: 1-39;Oinophila v-flava
0;Europe;Etiella zinckenella;Palearctic;2024;Turner, R., et al. (2024). International Non-native Insect Establishment Data (0.2.1) [Data set]. Zenodo.;Etiella zinckenella
1;;Nemapogon granella;;2015;Osada, Y., et al. (2015). A revision of the genus Nemapogon Schrank (Lepidoptera, Tineidae) including a stored grain pest, N. granella, from Japan. Applied Entomology and Zoology. 50(3): 297-309;Nemapogon granella
1;;Pyralis farinalis;;1954;Mallis, A. (1954). Handbook of Pest Control. The Behavior, Life History, and Control of Household Pests.  MacNair-Dorland Co.;Pyralis farinalis
0;North America;Stegasta basqueella;Nearctic;2024;Turner, R., et al. (2024). International Non-native Insect Establishment Data (0.2.1) [Data set]. Zenodo.;Stegasta basqueella
0;Europe;Cadra cautella;Palearctic;2025;Al-Khalidi, N., Al-Zurfi, S. (2025). First morphological and molecular identification of mealybug Cadra cautella (Lepidoptera: Pyralidae) in Karbala, Iraq. Journal of Kerbala for Agricultural Sciences. 12(1): 29-36;Cadra cautella
0;Europe;Ephestia elutella;Palearctic;2024;Turner, R., et al. (2024). International Non-native Insect Establishment Data (0.2.1) [Data set]. Zenodo.;Ephestia elutella
0;Africa;Haritalodes derogata;Afrotropical;2025;Dalsaniya, N., et al. (2025). Life cycle and morphometrics of leaf roller, Haritalodes derogata (Fabricius) on cotton in Surat, Gujarat, India. Entomon. 50(1): 97-102;Haritalodes derogata
0;Africa;Haritalodes derogata;Madagascan;2025;Dalsaniya, N., et al. (2025). Life cycle and morphometrics of leaf roller, Haritalodes derogata (Fabricius) on cotton in Surat, Gujarat, India. Entomon. 50(1): 97-102;Haritalodes derogata
0;Asia;Haritalodes derogata;Oriental;2025;Dalsaniya, N., et al. (2025). Life cycle and morphometrics of leaf roller, Haritalodes derogata (Fabricius) on cotton in Surat, Gujarat, India. Entomon. 50(1): 97-102;Haritalodes derogata
0;Asia;Haritalodes derogata;Palearctic;2025;Dalsaniya, N., et al. (2025). Life cycle and morphometrics of leaf roller, Haritalodes derogata (Fabricius) on cotton in Surat, Gujarat, India. Entomon. 50(1): 97-102;Haritalodes derogata
0;Australia;Haritalodes derogata;Australian;2025;Dalsaniya, N., et al. (2025). Life cycle and morphometrics of leaf roller, Haritalodes derogata (Fabricius) on cotton in Surat, Gujarat, India. Entomon. 50(1): 97-102;Haritalodes derogata
0;Oceania;Bactra straminea;Oceanina;2024;Turner, R., et al. (2024). International Non-native Insect Establishment Data (0.2.1) [Data set]. Zenodo.;Bactra straminea
0;Australia;Theretra nessus;Australian;2009;Leong, T., Lim, K. (2009). Final instar caterpillar and metamorphosis of the hawkmoth, Theretra nessus (Drury) in Singapore (Lepidoptera: Sphingidae: Macroglossinae). Nature in Singapore. 2: 503-510;Theretra nessus
0;Asia;Theretra nessus;Oriental;2009;Leong, T., Lim, K. (2009). Final instar caterpillar and metamorphosis of the hawkmoth, Theretra nessus (Drury) in Singapore (Lepidoptera: Sphingidae: Macroglossinae). Nature in Singapore. 2: 503-510;Theretra nessus
0;Oceania;Theretra nessus;Oceanina;2009;Leong, T., Lim, K. (2009). Final instar caterpillar and metamorphosis of the hawkmoth, Theretra nessus (Drury) in Singapore (Lepidoptera: Sphingidae: Macroglossinae). Nature in Singapore. 2: 503-510;Theretra nessus
0;Asia;Theretra nessus;Sino-Japanese;2009;Leong, T., Lim, K. (2009). Final instar caterpillar and metamorphosis of the hawkmoth, Theretra nessus (Drury) in Singapore (Lepidoptera: Sphingidae: Macroglossinae). Nature in Singapore. 2: 503-510;Theretra nessus
0;Asia;Haritalodes derogata;Sino-Japanese;2025;Dalsaniya, N., et al. (2025). Life cycle and morphometrics of leaf roller, Haritalodes derogata (Fabricius) on cotton in Surat, Gujarat, India. Entomon. 50(1): 97-102;Haritalodes derogata
0;South America;Oiketicus kirbyi;Neotropical;2024;Turner, R., et al. (2024). International Non-native Insect Establishment Data (0.2.1) [Data set]. Zenodo.;Oiketicus kirbyi
0;Europe;Leucania comma;Palearctic;2024;Turner, R., et al. (2024). International Non-native Insect Establishment Data (0.2.1) [Data set]. Zenodo.;Leucania comma
0;Africa;Eublemma scitula;Afrotropical;2024;Turner, R., et al. (2024). International Non-native Insect Establishment Data (0.2.1) [Data set]. Zenodo.;Eublemma scitula
0;Asia;Eublemma scitula;Oriental;2024;Turner, R., et al. (2024). International Non-native Insect Establishment Data (0.2.1) [Data set]. Zenodo.;Eublemma scitula
0;Asia;Bombyx mori;Palearctic;2024;Turner, R., et al. (2024). International Non-native Insect Establishment Data (0.2.1) [Data set]. Zenodo.;Bombyx mori
0;South America;Oecia oecophila;Neotropical;2024;Turner, R., et al. (2024). International Non-native Insect Establishment Data (0.2.1) [Data set]. Zenodo.;Oecia oecophila
0;Asia;Martyringa xeraula;Oriental;2024;Turner, R., et al. (2024). International Non-native Insect Establishment Data (0.2.1) [Data set]. Zenodo.;Martyringa xeraula
0;Asia;Martyringa xeraula;Palearctic;2024;Turner, R., et al. (2024). International Non-native Insect Establishment Data (0.2.1) [Data set]. Zenodo.;Martyringa xeraula
0;Europe;Martyringa xeraula;Palearctic;2024;Turner, R., et al. (2024). International Non-native Insect Establishment Data (0.2.1) [Data set]. Zenodo.;Martyringa xeraula
0;Europe;Agonopterix heracliana;Palearctic;2013;Ireson, J., et al. (2013). Host testing, establishment and biology of the gorse soft shoot moth, Agonopterix umbellana (Fabricius)(Lepidoptera: Oecophoridae), a potential biological control agent for gorse, Ulex europaeus L.(Fabaceae), in Australia. Biological Control. 67(3): 451-461;Agonopterix heracliana
1;;Plodia interpunctella;;2022;Camara, P., et al. (2022). First record of the Indian meal moth Plodia interpunctella (Lepidoptera: Pyralidae) at a research station in Antarctica. Antarctic Science. 34(5): 361-364;Plodia interpunctella
0;Asia;Leucania loreyi;Oriental;2020;Nam, H., et al. (2020). Development of a species diagnostic molecular tool for an invasive pest, Mythimna loreyi, using LAMP. Insects. 11(11): 817;Leucania loreyi
0;Asia;Leucania loreyi;Palearctic;2020;Nam, H., et al. (2020). Development of a species diagnostic molecular tool for an invasive pest, Mythimna loreyi, using LAMP. Insects. 11(11): 817;Leucania loreyi
0;Australia;Scrobipalpa aptatella;Australian;2019;Bidzilya, O., et al. (2019). An annotated checklist of Gelechiidae (Lepidoptera) of Israel with description of two new species. Zootaxa. 4677(1): 1-68;Scrobipalpa aptatella
0;Asia;Dichomeris acuminatus;Oriental;1978;Zimmerman, E. (1978). Insects of Hawaii. Vol. 9 Microlepidoptera. Part II. The University Press of Hawaii, Honolulu, Hawaii, United States of America.;Dichomeris acuminatus
0;Asia;Dichomeris acuminatus;Palearctic;1978;Zimmerman, E. (1978). Insects of Hawaii. Vol. 9 Microlepidoptera. Part II. The University Press of Hawaii, Honolulu, Hawaii, United States of America.;Dichomeris acuminatus
0;Africa;Dichomeris acuminatus;Afrotropical;1978;Zimmerman, E. (1978). Insects of Hawaii. Vol. 9 Microlepidoptera. Part II. The University Press of Hawaii, Honolulu, Hawaii, United States of America.;Dichomeris acuminatus
0;Africa;Dichomeris acuminatus;Saharo-Arabian;1978;Zimmerman, E. (1978). Insects of Hawaii. Vol. 9 Microlepidoptera. Part II. The University Press of Hawaii, Honolulu, Hawaii, United States of America.;Dichomeris acuminatus
0;Europe;Dichomeris acuminatus;Palearctic;1978;Zimmerman, E. (1978). Insects of Hawaii. Vol. 9 Microlepidoptera. Part II. The University Press of Hawaii, Honolulu, Hawaii, United States of America.;Dichomeris acuminatus
0;Australia;Dichomeris acuminatus;Australian;1978;Zimmerman, E. (1978). Insects of Hawaii. Vol. 9 Microlepidoptera. Part II. The University Press of Hawaii, Honolulu, Hawaii, United States of America.;Dichomeris acuminatus
0;Africa;Dichomeris acuminatus;Madagascan;1978;Zimmerman, E. (1978). Insects of Hawaii. Vol. 9 Microlepidoptera. Part II. The University Press of Hawaii, Honolulu, Hawaii, United States of America.;Dichomeris acuminatus
0;Asia;Dichomeris acuminatus;Saharo-Arabian;1978;Zimmerman, E. (1978). Insects of Hawaii. Vol. 9 Microlepidoptera. Part II. The University Press of Hawaii, Honolulu, Hawaii, United States of America.;Dichomeris acuminatus
0;Australia;Hypocala deflorata;Australian;1958;Zimmerman, E. (1958). Insects of Hawaii. Volume 7, Macrolepidoptera. Hawaii: University of Hawaii Press, Honolulu, Hawaii, United States of America.;Hypocala deflorata
0;Asia;Hypocala deflorata;Oriental;1958;Zimmerman, E. (1958). Insects of Hawaii. Volume 7, Macrolepidoptera. Hawaii: University of Hawaii Press, Honolulu, Hawaii, United States of America.;Hypocala deflorata
0;Africa;Hypocala deflorata;Afrotropical;1958;Zimmerman, E. (1958). Insects of Hawaii. Volume 7, Macrolepidoptera. Hawaii: University of Hawaii Press, Honolulu, Hawaii, United States of America.;Hypocala deflorata
0;Oceania;Hypocala deflorata;Oceanina;1958;Zimmerman, E. (1958). Insects of Hawaii. Volume 7, Macrolepidoptera. Hawaii: University of Hawaii Press, Honolulu, Hawaii, United States of America.;Hypocala deflorata
1;Africa;Anomis flava;Afrotropical;2014;Kravchenko, V.,et al. (2014). Seven invasive owlet moths (Lepidoptera: Noctuidae) in Israel and their potential parasitoids (Hymenoptera: Chalcidoidea). Phytoparasitica. 42: 333-339;Anomis flava
1;Asia;Anomis flava;Oriental;2014;Kravchenko, V.,et al. (2014). Seven invasive owlet moths (Lepidoptera: Noctuidae) in Israel and their potential parasitoids (Hymenoptera: Chalcidoidea). Phytoparasitica. 42: 333-339;Anomis flava
1;Africa;Anomis flava;Madagascan;2014;Kravchenko, V.,et al. (2014). Seven invasive owlet moths (Lepidoptera: Noctuidae) in Israel and their potential parasitoids (Hymenoptera: Chalcidoidea). Phytoparasitica. 42: 333-339;Anomis flava
1;Oceania;Anomis flava;Oceanina;2014;Kravchenko, V.,et al. (2014). Seven invasive owlet moths (Lepidoptera: Noctuidae) in Israel and their potential parasitoids (Hymenoptera: Chalcidoidea). Phytoparasitica. 42: 333-339;Anomis flava
0;North America;Heliothis virescens;Nearctic;2013;Pogue, M. (2013). Revised status of Chloridea Duncan and (Westwood), 1841, for the Heliothis virescens species group (Lepidoptera: Noctuidae: Heliothinae) based on morphology and three genes. Systematic Entomology. 38(3): 523-542;Heliothis virescens
0;North America;Heliothis virescens;Panamanian;2013;Pogue, M. (2013). Revised status of Chloridea Duncan and (Westwood), 1841, for the Heliothis virescens species group (Lepidoptera: Noctuidae: Heliothinae) based on morphology and three genes. Systematic Entomology. 38(3): 523-542;Heliothis virescens
0;South America;Heliothis virescens;Panamanian;2013;Pogue, M. (2013). Revised status of Chloridea Duncan and (Westwood), 1841, for the Heliothis virescens species group (Lepidoptera: Noctuidae: Heliothinae) based on morphology and three genes. Systematic Entomology. 38(3): 523-542;Heliothis virescens
0;South America;Heliothis virescens;Neotropical;2013;Pogue, M. (2013). Revised status of Chloridea Duncan and (Westwood), 1841, for the Heliothis virescens species group (Lepidoptera: Noctuidae: Heliothinae) based on morphology and three genes. Systematic Entomology. 38(3): 523-542;Heliothis virescens
1;;Euchromius ocellea;;2021;Garre, M., et al. (2021). An annotated checklist of the Crambidae of the region of Murcia (Spain) with new records, distribution and biological data (Lepidoptera: Pyraloidea, Crambidae). Biodiversity Data Journal. 9: e69388;Euchromius ocellea
0;Australia;Barea exarcha;Australian;2001;Withers, T. (2001). Colonization of eucalypts in New Zealand by Australian insects. Austral Ecology. 26(5): 467-476;Barea exarcha
0;Asia;Cosmopterix feminella;Palearctic;2019;Koster, S., et al. (2019). The Eastern Palaearctic Cosmopterix feminella Sinev, 1988, introduced in Italy: taxonomy, biology and a new synonymy (Lepidoptera, Cosmopterigidae). Nota Lepidopterologica. 42: 49-61;Cosmopterix feminella
0;Asia;Cosmopterix feminella;Sino-Japanese;2019;Koster, S., et al. (2019). The Eastern Palaearctic Cosmopterix feminella Sinev, 1988, introduced in Italy: taxonomy, biology and a new synonymy (Lepidoptera, Cosmopterigidae). Nota Lepidopterologica. 42: 49-61;Cosmopterix feminella
0;Asia;Mythimna separata;Oriental;2024;Holloway, J. (2024). Moths of Borneo 12. Family Notuidae, Trifine. Subfamilies: Noctuinae, Heliothinae, Hadeninae, Acronictinae, Amphipyrinae, Agaristinae. Southdene Sdn. Available at: https://www.mothsofborneo.com/part-12/index.htm;Mythimna separata
0;Australia;Mythimna separata;Australian;2024;Holloway, J. (2024). Moths of Borneo 12. Family Notuidae, Trifine. Subfamilies: Noctuinae, Heliothinae, Hadeninae, Acronictinae, Amphipyrinae, Agaristinae. Southdene Sdn. Available at: https://www.mothsofborneo.com/part-12/index.htm;Mythimna separata
0;North America;Sphenarches anisodactylus;Neotropical;2024;Turner, R., et al. (2024). International Non-native Insect Establishment Data (0.2.1) [Data set]. Zenodo.;Sphenarches anisodactylus
0;Africa;Sphenarches anisodactylus;Afrotropical;2024;Turner, R., et al. (2024). International Non-native Insect Establishment Data (0.2.1) [Data set]. Zenodo.;Sphenarches anisodactylus
0;Asia;Sphenarches anisodactylus;Oriental;2024;Turner, R., et al. (2024). International Non-native Insect Establishment Data (0.2.1) [Data set]. Zenodo.;Sphenarches anisodactylus
0;Asia;Luthrodes pandava;Oriental;2010;Wu, L., et al. (2010). Elucidating genetic signatures of native and introduced populations of the Cycad Blue, Chilades pandava to Taiwan: a threat both to Sago Palm and to native Cycas populations worldwide. Biological Invasions. 12(8): 2649-2669;Luthrodes pandava
0;Europe;Myrlaea marmorata;Palearctic;2007;Khramov, P. (Ed.) (2007). Insecta.pro: international entomological community. Available online at: https://insecta.pro;Myrlaea marmorata
0;Asia;Myrlaea marmorata;Palearctic;2007;Khramov, P. (Ed.) (2007). Insecta.pro: international entomological community. Available online at: https://insecta.pro;Myrlaea marmorata
0;Europe;Monochroa hornigi;Palearctic;2023;Karsholt, O., et al. (2023). Overview of the Gelechiidae moths (Lepidoptera) of Krk Island, Croatia: diversity, distribution and ecological insights. Gortania, Botanica, Zoologia. 45: 95-124;Monochroa hornigi
0;Asia;Monochroa hornigi;Palearctic;2024;Turner, R., et al. (2024). International Non-native Insect Establishment Data (0.2.1) [Data set]. Zenodo.;Monochroa hornigi
0;South America;Peridroma saucia;Neotropical;2024;Turner, R., et al. (2024). International Non-native Insect Establishment Data (0.2.1) [Data set]. Zenodo.;Peridroma saucia
0;Asia;Paraponyx diminulatis;Oriental;1996;Buckingham, G., Bennett, C. (1996). Laboratory biology of an immigrant Asian moth, Parapoynx diminutalis (Lepidoptera: Pyralidae), on Hydrilla verticillata (Hydrocharitaceae). Florida Entomologist. 79(3): 353-353;Paraponyx diminulatis
0;Asia;Paraponyx diminulatis;Saharo-Arabian;1996;Buckingham, G., Bennett, C. (1996). Laboratory biology of an immigrant Asian moth, Parapoynx diminutalis (Lepidoptera: Pyralidae), on Hydrilla verticillata (Hydrocharitaceae). Florida Entomologist. 79(3): 353-353;Paraponyx diminulatis
0;Asia;Paraponyx diminulatis;Palearctic;1996;Buckingham, G., Bennett, C. (1996). Laboratory biology of an immigrant Asian moth, Parapoynx diminutalis (Lepidoptera: Pyralidae), on Hydrilla verticillata (Hydrocharitaceae). Florida Entomologist. 79(3): 353-353;Paraponyx diminulatis
0;Africa;Sphenarches caffer;Madagascan;1910;Fletcher, T. (1910). Lepidoptera exclusive of the Tortricidae and Tineidae, with some remarks on their distribution and means of dispersal among the islands of the Indian Ocean. (The Percy Sladen Trust Expedition to the Indian Ocean in 1905). Transactions of the Linnean Society of London - Zoology. 2(13): 265–324;Sphenarches caffer
0;Asia;Sphenarches caffer;Oriental;1910;Fletcher, T. (1910). Lepidoptera exclusive of the Tortricidae and Tineidae, with some remarks on their distribution and means of dispersal among the islands of the Indian Ocean. (The Percy Sladen Trust Expedition to the Indian Ocean in 1905). Transactions of the Linnean Society of London - Zoology. 2(13): 265–324;Sphenarches caffer
0;Australia;Sphenarches caffer;Australian;1910;Fletcher, T. (1910). Lepidoptera exclusive of the Tortricidae and Tineidae, with some remarks on their distribution and means of dispersal among the islands of the Indian Ocean. (The Percy Sladen Trust Expedition to the Indian Ocean in 1905). Transactions of the Linnean Society of London - Zoology. 2(13): 265–324;Sphenarches caffer
