RecordID;SpeciesID;AreaID;RealmID;Cryptogenic;IntentionalRelease;Introduced;Dispersal;Established;Eradicated;Year;ReferenceID
REC1;SP1;USA.2_1;RLM9;;;1.0;;1.0;0.0;;REF697
REC2;SP1;USA.2_1;RLM9;;;1.0;;1.0;0.0;2013.0;REF1096
REC3;SP1;USA.2_1;RLM9;0.0;0.0;1.0;;1.0;0.0;2013.0;REF1007
REC4;SP1;USA.2_1;RLM9;;0.0;1.0;;1.0;;2013.0;REF959
REC5;SP1;USA.2_1;RLM9;0.0;0.0;;;1.0;;;REF47
REC6;SP2;SVN.1_1;RLM11;0.0;0.0;1.0;;1.0;0.0;;REF683
REC7;SP2;GBR.1_1;RLM11;;;1.0;;1.0;;2023.0;REF940
REC8;SP3;USA.1_1;RLM9;0.0;1.0;1.0;;1.0;0.0;1927.0;REF1007
REC9;SP3;USA.1_1;RLM9;0.0;;;;1.0;0.0;;REF1195
REC10;SP3;USA.1_1;RLM9;;1.0;1.0;;1.0;;1927.0;REF549
REC11;SP3;CAN.1_1;RLM9;0.0;0.0;1.0;;1.0;0.0;;REF1002
REC12;SP3;USA.1_1;RLM9;0.0;0.0;1.0;;1.0;0.0;;REF1002
REC13;SP4;USA.1_1;RLM9;0.0;0.0;;1.0;1.0;0.0;1989.0;REF358
REC14;SP4;USA.1_1;RLM9;0.0;0.0;1.0;;1.0;0.0;1984.0;REF1007
REC15;SP4;USA.1_1;RLM9;0.0;0.0;;;1.0;0.0;;REF1195
REC16;SP5;DNK.1_1;RLM11;;;;;1.0;0.0;;REF152
REC17;SP5;DNK.1_1;RLM11;;;1.0;;1.0;;;REF542
REC18;SP6;HUN.1_1;RLM11;0.0;0.0;1.0;0.0;1.0;0.0;2007.0;REF957
REC19;SP6;HUN.1_1;RLM11;;0.0;1.0;;0.0;;2007.0;REF327
REC20;SP7;USA.2_1;RLM9;;0.0;;;1.0;;;REF1045
REC21;SP7;USA.2_1;RLM9;;0.0;1.0;;1.0;;;REF539
REC22;SP8;USA.2_1;RLM9;;;1.0;;1.0;0.0;;REF697
REC23;SP8;USA.2_1;RLM9;;;1.0;;1.0;0.0;1888.0;REF1096
REC24;SP8;USA.2_1;RLM9;0.0;0.0;1.0;;1.0;0.0;;REF1007
REC25;SP8;USA.2_1;RLM9;0.0;0.0;1.0;;1.0;0.0;;REF1195
REC26;SP8;NZL.1_1;RLM2;;;1.0;;1.0;0.0;;REF697
REC27;SP8;ZAF.1_1;RLM3;;;1.0;;1.0;0.0;;REF697
REC28;SP8;NZL.1_1;RLM2;;;1.0;;1.0;0.0;1908.0;REF1096
REC29;SP8;ZAF.1_1;RLM3;;1.0;1.0;;1.0;0.0;;REF1096
REC30;SP8;ZAF.1_1;RLM3;;;1.0;;1.0;0.0;;REF542
REC31;SP8;IRL.1_1;RLM11;;;1.0;;1.0;0.0;;REF542
REC32;SP8;USA.1_1;RLM9;0.0;0.0;1.0;0.0;1.0;0.0;1565.0;REF1007
REC33;SP8;USA.1_1;RLM9;0.0;0.0;;;1.0;0.0;;REF1195
REC34;SP8;BGR.1_1;RLM11;0.0;0.0;1.0;;1.0;0.0;1900.0;REF1073
REC35;SP8;CAN.1_1;RLM9;0.0;0.0;1.0;;1.0;0.0;;REF1002
REC36;SP8;USA.1_1;RLM9;0.0;0.0;1.0;;1.0;0.0;;REF1002
REC37;SP9;NZL.1_1;RLM2;;;1.0;;1.0;0.0;;REF697
REC38;SP9;NZL.1_1;RLM2;;;1.0;;1.0;0.0;1973.0;REF1096
REC39;SP10;USA.1_2;RLM9;0.0;0.0;1.0;;0.0;0.0;;REF1002
REC40;SP10;NZL.1_1;RLM2;;;1.0;;1.0;0.0;;REF697
REC41;SP10;NZL.1_1;RLM2;;;1.0;;1.0;0.0;1970.0;REF1096
REC42;SP10;USA.1_1;RLM9;0.0;0.0;1.0;;1.0;0.0;1972.0;REF1007
REC43;SP10;USA.1_1;RLM9;0.0;0.0;;;1.0;0.0;;REF1195
REC44;SP10;USA.1_1;RLM9;;0.0;1.0;;1.0;;1972.0;REF394
REC45;SP10;CAN.1_1;RLM9;0.0;0.0;1.0;;0.0;0.0;;REF1002
REC46;SP10;USA.1_1;RLM9;0.0;0.0;1.0;;0.0;0.0;;REF1002
REC47;SP11;USA.1_1;RLM9;0.0;0.0;1.0;;1.0;0.0;1932.0;REF1007
REC48;SP11;USA.1_1;RLM9;;0.0;1.0;;1.0;;1932.0;REF394
REC49;SP11;CAN.1_1;RLM9;0.0;0.0;1.0;;1.0;0.0;1932.0;REF1002
REC50;SP11;USA.1_1;RLM9;0.0;0.0;1.0;;1.0;0.0;1934.0;REF1002
REC51;SP12;USA.1_1;RLM9;0.0;0.0;1.0;;1.0;0.0;1974.0;REF1007
REC52;SP12;USA.1_1;RLM9;0.0;0.0;;;1.0;0.0;;REF1195
REC53;SP12;USA.1_1;RLM9;;0.0;1.0;;1.0;;1977.0;REF394
REC54;SP12;CAN.1_1;RLM9;0.0;0.0;1.0;0.0;1.0;;1977.0;REF394
REC55;SP12;CAN.1_1;RLM9;0.0;0.0;1.0;;1.0;0.0;1977.0;REF1002
REC56;SP12;USA.1_1;RLM9;0.0;0.0;1.0;;1.0;0.0;;REF1002
REC57;SP13;USA.1_1;RLM9;0.0;0.0;1.0;;1.0;0.0;;REF1007
REC58;SP13;USA.1_1;RLM9;0.0;0.0;1.0;;1.0;0.0;2017.0;REF870
REC59;SP13;CAN.1_1;RLM9;0.0;0.0;1.0;;1.0;0.0;2006.0;REF870
REC60;SP13;CAN.1_1;RLM9;0.0;0.0;1.0;;1.0;0.0;;REF1002
REC61;SP13;USA.1_1;RLM9;0.0;0.0;1.0;;1.0;0.0;;REF1002
REC62;SP14;FRA.1_1;RLM11;;;1.0;;1.0;0.0;;REF542
REC63;SP14;FRA.1_1;RLM11;;;1.0;;1.0;0.0;;REF957
REC64;SP14;ESP.1_1;RLM11;;;1.0;;1.0;0.0;1998.0;REF957
REC65;SP14;FRA.1_1;RLM11;0.0;0.0;1.0;;1.0;0.0;;REF683
REC66;SP14;ESP.1_1;RLM11;0.0;0.0;1.0;;1.0;0.0;;REF683
REC67;SP14;MAR.1_1;RLM8;0.0;0.0;1.0;;1.0;0.0;;REF909
REC68;SP15;CAN.1_1;RLM9;;;;;1.0;0.0;;REF152
REC69;SP15;IRL.1_1;RLM11;;;1.0;;1.0;0.0;;REF542
REC70;SP15;PRT.1_1;RLM11;;;;;1.0;0.0;;REF152
REC71;SP15;CAN.1_1;RLM9;;;;;1.0;0.0;;REF152
REC72;SP15;USA.1_1;RLM9;;;1.0;;1.0;0.0;1920.0;REF152
REC73;SP15;USA.1_1;RLM9;0.0;0.0;1.0;;1.0;0.0;1920.0;REF1007
REC74;SP15;USA.1_1;RLM9;0.0;0.0;;;1.0;0.0;;REF1195
REC75;SP15;PRT.1_1;RLM11;0.0;0.0;1.0;;1.0;0.0;;REF683
REC76;SP15;CAN.1_1;RLM9;0.0;0.0;1.0;;1.0;0.0;1922.0;REF891
REC77;SP15;CAN.1_1;RLM9;0.0;0.0;1.0;;1.0;0.0;1920.0;REF1002
REC78;SP15;USA.1_1;RLM9;0.0;0.0;1.0;0.0;1.0;0.0;1917.0;REF1002
REC79;SP16;USA.2_1;RLM9;;;1.0;;1.0;0.0;;REF697
REC80;SP16;USA.2_1;RLM9;;1.0;1.0;;1.0;0.0;1963.0;REF1096
REC81;SP16;USA.2_1;RLM9;0.0;1.0;1.0;;1.0;0.0;1964.0;REF1007
REC82;SP16;USA.2_1;RLM9;0.0;1.0;;;1.0;0.0;;REF1195
REC83;SP16;USA.2_1;RLM9;0.0;1.0;;;1.0;;;REF47
REC84;SP17;RUS.1_2;RLM11;0.0;1.0;1.0;;0.0;0.0;1985.0;REF987
REC85;SP17;ROU.1_1;RLM11;;;1.0;;1.0;0.0;;REF542
REC86;SP17;RUS.1_1;RLM11;;;1.0;;1.0;0.0;1967.0;REF957
REC87;SP17;GBR.1_1;RLM11;;;1.0;;1.0;0.0;;REF957
REC88;SP17;RUS.1_2;RLM11;0.0;;1.0;;1.0;0.0;;REF683
REC89;SP17;GBR.1_1;RLM11;0.0;0.0;1.0;;1.0;0.0;;REF683
REC90;SP17;SRB.1_1;RLM11;0.0;0.0;1.0;1.0;1.0;0.0;2009.0;REF1037
REC91;SP17;ROU.1_1;RLM11;0.0;0.0;1.0;1.0;1.0;0.0;2008.0;REF1037
REC92;SP17;UKR.1_1;RLM11;0.0;0.0;1.0;0.0;1.0;0.0;2004.0;REF1037
REC93;SP17;RUS.1_1;RLM11;0.0;0.0;1.0;1.0;1.0;0.0;2005.0;REF1037
REC94;SP17;BGR.1_1;RLM11;0.0;0.0;1.0;1.0;1.0;0.0;2009.0;REF1037
REC95;SP18;FRA.1_1;RLM11;;;1.0;;1.0;0.0;;REF542
REC96;SP18;FRA.1_1;RLM11;;;;;1.0;0.0;;REF152
REC97;SP19;AUS.1_1;RLM2;;;1.0;;1.0;0.0;;REF697
REC98;SP20;AUS.1_1;RLM2;;;;;1.0;0.0;;REF152
REC99;SP20;AUS.1_1;RLM2;;;;;1.0;0.0;;REF152
REC100;SP20;AUS.1_1;RLM2;0.0;0.0;0.0;;1.0;0.0;2012.0;REF185
REC101;SP20;AUS.1_1;RLM2;0.0;0.0;0.0;;1.0;0.0;2012.0;REF119
REC102;SP20;AUS.1_1;RLM2;0.0;0.0;0.0;;1.0;0.0;2012.0;REF117
REC103;SP20;AUS.1_1;RLM2;0.0;0.0;0.0;;1.0;0.0;2016.0;REF185
REC104;SP20;AUS.1_1;RLM2;0.0;0.0;0.0;;1.0;0.0;2014.0;REF185
REC105;SP20;AUS.1_1;RLM2;0.0;0.0;0.0;;1.0;0.0;2016.0;REF185
REC106;SP20;AUS.1_1;RLM2;;;;;1.0;0.0;;REF152
REC107;SP21;USA.1_1;RLM9;0.0;0.0;1.0;;1.0;0.0;;REF1007
REC108;SP21;USA.1_1;RLM9;0.0;0.0;;;1.0;0.0;;REF1195
REC109;SP21;CAN.1_1;RLM9;0.0;0.0;1.0;0.0;1.0;0.0;;REF1002
REC110;SP22;NZL.1_1;RLM2;;;1.0;;1.0;0.0;;REF697
REC111;SP22;NZL.1_1;RLM2;;;1.0;;1.0;0.0;1999.0;REF1096
REC112;SP22;NZL.1_1;RLM2;0.0;0.0;;;1.0;0.0;1999.0;REF493
REC113;SP23;USA.2_1;RLM9;0.0;0.0;1.0;;1.0;0.0;1939.0;REF1007
REC114;SP24;USA.2_1;RLM9;;;;;1.0;0.0;;REF152
REC115;SP24;CAN.1_1;RLM9;;;;;1.0;0.0;;REF152
REC116;SP24;CAN.1_1;RLM9;;;;;1.0;0.0;;REF152
REC117;SP24;CAN.1_1;RLM9;;;1.0;;1.0;0.0;;REF152
REC118;SP24;CAN.1_1;RLM9;;;;;1.0;0.0;;REF152
REC119;SP24;CAN.1_1;RLM9;;;1.0;;1.0;0.0;;REF152
REC120;SP24;USA.1_1;RLM9;;;;;1.0;0.0;;REF152
REC121;SP24;USA.2_1;RLM9;;;1.0;;1.0;0.0;;REF697
REC122;SP24;USA.2_1;RLM9;;;1.0;;1.0;0.0;1939.0;REF1096
REC123;SP24;USA.2_1;RLM9;;;;;0.0;0.0;;REF330
REC124;SP24;USA.2_1;RLM9;0.0;0.0;1.0;;1.0;0.0;1939.0;REF1007
REC125;SP24;CAN.1_1;RLM9;;;;;1.0;0.0;;REF330
REC126;SP24;USA.1_1;RLM9;0.0;0.0;1.0;;1.0;0.0;2009.0;REF908
REC127;SP24;USA.1_1;RLM9;0.0;0.0;1.0;;1.0;0.0;2009.0;REF712
REC128;SP24;CAN.1_1;RLM9;;;;;1.0;0.0;;REF330
REC129;SP24;CAN.1_1;RLM9;0.0;0.0;1.0;;1.0;0.0;2007.0;REF652
REC130;SP24;CAN.1_1;RLM9;0.0;0.0;1.0;;1.0;0.0;1993.0;REF908
REC131;SP24;CAN.1_1;RLM9;0.0;0.0;1.0;;1.0;0.0;1993.0;REF449
REC132;SP24;CAN.1_1;RLM9;;;;;1.0;0.0;;REF330
REC133;SP24;CAN.1_1;RLM9;0.0;0.0;1.0;;1.0;0.0;2010.0;REF712
REC134;SP24;CAN.1_1;RLM9;;;;;1.0;0.0;;REF330
REC135;SP24;CAN.1_1;RLM9;0.0;0.0;1.0;;1.0;0.0;2007.0;REF652
REC136;SP24;USA.1_1;RLM9;;;;;1.0;0.0;;REF330
REC137;SP24;USA.1_1;RLM9;0.0;0.0;1.0;;1.0;0.0;2015.0;REF908
REC138;SP24;CAN.1_1;RLM9;;;;;1.0;0.0;;REF330
REC139;SP24;USA.1_1;RLM9;;;;;1.0;0.0;;REF330
REC140;SP24;CAN.1_1;RLM9;;;;;1.0;0.0;;REF152
REC141;SP24;USA.1_1;RLM9;;;;;1.0;0.0;;REF152
REC142;SP24;USA.1_1;RLM9;0.0;0.0;1.0;;1.0;0.0;1993.0;REF1007
REC143;SP24;USA.1_1;RLM9;0.0;0.0;;;1.0;0.0;;REF1195
REC144;SP24;CAN.1_1;RLM9;0.0;0.0;1.0;0.0;1.0;0.0;1993.0;REF1002
REC145;SP25;ECU.2_1;RLM1;;;1.0;;1.0;0.0;;REF697
REC146;SP25;ECU.2_1;RLM1;;;1.0;;1.0;0.0;;REF1096
REC147;SP26;USA.2_1;RLM9;;;1.0;;1.0;0.0;;REF697
REC148;SP26;USA.2_1;RLM9;;;1.0;;1.0;0.0;1944.0;REF1096
REC149;SP26;USA.2_1;RLM9;0.0;0.0;1.0;;1.0;0.0;;REF1007
REC150;SP26;USA.2_1;RLM9;0.0;0.0;;;1.0;0.0;;REF1195
REC151;SP27;CHE.1_1;RLM11;;;;;1.0;0.0;;REF152
REC152;SP28;SWE.1_1;RLM11;;;1.0;;1.0;0.0;;REF542
REC153;SP29;AUS.1_1;RLM2;;;1.0;;1.0;0.0;;REF697
REC154;SP30;DNK.1_1;RLM11;;;1.0;;1.0;0.0;;REF542
REC155;SP30;GBR.1_1;RLM11;0.0;0.0;1.0;0.0;1.0;0.0;;REF477
REC156;SP31;DNK.1_1;RLM11;;;1.0;;1.0;0.0;;REF542
REC157;SP32;CAN.1_1;RLM9;0.0;0.0;1.0;;1.0;0.0;1965.0;REF394
REC158;SP33;USA.1_1;RLM9;0.0;1.0;1.0;;1.0;0.0;1984.0;REF1007
REC159;SP33;USA.1_1;RLM9;0.0;;;;1.0;0.0;;REF1195
REC160;SP33;CAN.1_1;RLM9;0.0;1.0;1.0;0.0;1.0;0.0;;REF1002
REC161;SP33;USA.1_1;RLM9;0.0;1.0;1.0;0.0;1.0;0.0;1984.0;REF1002
REC162;SP34;NLD.1_1;RLM11;;;1.0;;1.0;0.0;;REF957
REC163;SP34;GBR.1_1;RLM11;;;1.0;;1.0;0.0;;REF957
REC164;SP34;GBR.1_1;RLM11;;;1.0;;1.0;0.0;1977.0;REF152
REC165;SP34;NLD.1_1;RLM11;0.0;0.0;1.0;;1.0;0.0;;REF683
REC166;SP34;GBR.1_1;RLM11;0.0;0.0;1.0;;1.0;0.0;;REF683
REC167;SP35;ECU.2_1;RLM1;;;1.0;;1.0;0.0;;REF697
REC168;SP35;ECU.2_1;RLM1;;;1.0;;1.0;0.0;1989.0;REF1096
REC169;SP35;GBR.1_2;RLM8;0.0;0.0;1.0;;1.0;0.0;2017.0;REF867
REC170;SP36;USA.1_1;RLM9;0.0;0.0;;1.0;;0.0;1984.0;REF358
REC171;SP36;USA.1_1;RLM9;0.0;0.0;1.0;;1.0;0.0;1984.0;REF1007
REC172;SP36;USA.1_1;RLM9;0.0;0.0;;;1.0;0.0;;REF1195
REC173;SP37;AUS.1_1;RLM2;;;1.0;;1.0;0.0;;REF697
REC174;SP37;NZL.1_1;RLM2;;;1.0;;1.0;0.0;;REF697
REC175;SP37;NZL.1_1;RLM2;;;1.0;;1.0;0.0;1935.0;REF1096
REC176;SP37;USA.1_1;RLM9;0.0;0.0;1.0;;1.0;0.0;1565.0;REF1007
REC177;SP37;USA.1_1;RLM9;0.0;0.0;1.0;;1.0;0.0;;REF1195
REC178;SP37;CAN.1_1;RLM9;0.0;0.0;1.0;;1.0;0.0;;REF1002
REC179;SP37;USA.1_1;RLM9;0.0;0.0;1.0;;1.0;0.0;;REF1002
REC180;SP38;JPN.1_1;RLM10;0.0;0.0;;;1.0;0.0;;REF1195
REC181;SP38;JPN.1_1;RLM10;;0.0;;;1.0;0.0;;REF811
REC182;SP38;JPN.1_1;RLM10;0.0;0.0;1.0;;1.0;0.0;;REF812
REC183;SP39;JPN.1_1;RLM10;;;1.0;;1.0;0.0;;REF697
REC184;SP39;KOR.1_1;RLM11;;;1.0;;1.0;0.0;;REF697
REC185;SP39;JPN.1_1;RLM10;;;1.0;;1.0;0.0;;REF1096
REC186;SP39;KOR.1_1;RLM11;;;1.0;;1.0;0.0;1930.0;REF1096
REC187;SP39;JPN.1_1;RLM10;;;1.0;;1.0;0.0;;REF542
REC188;SP40;NZL.1_1;RLM2;;;1.0;;1.0;0.0;;REF697
REC189;SP40;NZL.1_1;RLM2;;;1.0;;1.0;0.0;1955.0;REF1096
REC190;SP40;USA.1_1;RLM9;0.0;0.0;1.0;;1.0;0.0;1949.0;REF1007
REC191;SP40;USA.1_1;RLM9;0.0;0.0;;;1.0;0.0;;REF1195
REC192;SP40;CAN.1_1;RLM9;0.0;0.0;1.0;;1.0;0.0;;REF1002
REC193;SP40;USA.1_1;RLM9;0.0;0.0;1.0;;1.0;0.0;;REF1002
REC194;SP41;AUS.1_1;RLM2;;;1.0;;1.0;0.0;;REF697
REC195;SP41;NZL.1_1;RLM2;;;1.0;;1.0;0.0;;REF697
REC196;SP41;NZL.1_1;RLM2;;;1.0;;1.0;0.0;1986.0;REF1096
REC197;SP41;USA.1_1;RLM9;0.0;0.0;1.0;;1.0;0.0;1987.0;REF1007
REC198;SP41;USA.1_1;RLM9;0.0;0.0;;;1.0;0.0;;REF1195
REC199;SP41;CAN.1_1;RLM9;0.0;0.0;1.0;;1.0;0.0;;REF1002
REC200;SP41;USA.1_1;RLM9;0.0;0.0;1.0;;1.0;0.0;;REF1002
REC201;SP42;NZL.1_1;RLM2;0.0;0.0;1.0;0.0;1.0;0.0;1986.0;REF493
REC202;SP43;CAN.1_1;RLM9;0.0;0.0;1.0;0.0;1.0;0.0;;REF1002
REC203;SP44;NZL.1_1;RLM2;;1.0;1.0;;1.0;0.0;2008.0;REF1096
REC204;SP45;NZL.1_1;RLM2;;;1.0;;1.0;0.0;;REF697
REC205;SP46;CAN.1_1;RLM9;0.0;0.0;1.0;0.0;1.0;0.0;;REF1002
REC206;SP47;NZL.1_1;RLM2;;;1.0;;1.0;0.0;;REF697
REC207;SP47;NZL.1_1;RLM2;;1.0;1.0;;1.0;0.0;1990.0;REF1096
REC208;SP47;USA.2_1;RLM9;;1.0;1.0;0.0;1.0;0.0;;REF544
REC209;SP47;NZL.1_1;RLM2;;1.0;1.0;0.0;1.0;0.0;2006.0;REF544
REC210;SP47;CHL.1_1;RLM1;;1.0;1.0;0.0;1.0;0.0;;REF544
REC211;SP48;CAN.1_1;RLM9;0.0;0.0;1.0;0.0;1.0;0.0;1915.0;REF29
REC212;SP48;USA.1_1;RLM9;0.0;0.0;1.0;1.0;1.0;0.0;;REF29
REC213;SP48;USA.1_1;RLM9;0.0;0.0;1.0;1.0;1.0;0.0;;REF29
REC214;SP48;USA.1_1;RLM9;0.0;0.0;1.0;1.0;1.0;0.0;;REF29
REC215;SP48;USA.1_1;RLM9;0.0;0.0;1.0;1.0;1.0;0.0;;REF29
REC216;SP48;USA.1_1;RLM9;0.0;0.0;1.0;;1.0;0.0;1915.0;REF1007
REC217;SP48;USA.1_1;RLM9;0.0;0.0;;;1.0;0.0;;REF1195
REC218;SP48;CAN.1_1;RLM9;0.0;0.0;1.0;;1.0;0.0;;REF1002
REC219;SP48;USA.1_1;RLM9;0.0;0.0;1.0;;1.0;0.0;;REF1002
REC220;SP49;CHL.1_1;RLM1;;1.0;1.0;;1.0;0.0;1997.0;REF1096
REC221;SP50;USA.2_1;RLM9;;;1.0;;1.0;0.0;;REF697
REC222;SP50;USA.2_1;RLM9;;;1.0;;1.0;0.0;1949.0;REF1096
REC223;SP50;USA.2_1;RLM9;0.0;0.0;1.0;0.0;1.0;0.0;1949.0;REF1007
REC224;SP50;USA.2_1;RLM9;0.0;0.0;;;1.0;0.0;;REF1195
REC225;SP50;GUM.1_1;RLM5;0.0;0.0;1.0;;1.0;0.0;;REF1000
REC226;SP51;NZL.2_1;RLM5;0.0;0.0;1.0;;1.0;0.0;;REF1000
REC227;SP52;USA.2_1;RLM9;;;1.0;;1.0;0.0;;REF697
REC228;SP52;USA.2_1;RLM9;;;1.0;;1.0;0.0;1977.0;REF1096
REC229;SP52;USA.2_1;RLM9;0.0;0.0;1.0;;1.0;0.0;;REF1007
REC230;SP52;USA.2_1;RLM9;0.0;0.0;;;1.0;0.0;;REF1195
REC231;SP53;BRB.1_1;RLM7;;;1.0;;1.0;0.0;;REF542
REC232;SP53;IRL.1_1;RLM11;;;1.0;;1.0;0.0;;REF542
REC233;SP53;DMA.1_1;RLM7;;;1.0;;1.0;0.0;;REF542
REC234;SP53;PRT.1_1;RLM11;;0.0;1.0;;0.0;;;REF64
REC235;SP53;CPV.1_1;RLM3;;0.0;1.0;;1.0;;;REF64
REC236;SP54;CPV.1_1;RLM3;;;;;1.0;0.0;;REF152
REC237;SP54;BRB.1_1;RLM7;;;;;1.0;0.0;;REF152
REC238;SP54;DMA.1_1;RLM7;;;;;1.0;0.0;;REF152
REC239;SP54;PRT.1_1;RLM11;0.0;0.0;;;;0.0;2006.0;REF701
REC240;SP55;AUS.1_1;RLM2;;;1.0;;1.0;0.0;;REF697
REC241;SP55;VUT.1_1;RLM5;0.0;0.0;1.0;;1.0;0.0;;REF1000
REC242;SP56;USA.1_1;RLM9;0.0;0.0;1.0;;1.0;0.0;1976.0;REF1007
REC243;SP56;USA.1_1;RLM9;0.0;0.0;;;1.0;0.0;;REF1195
REC244;SP56;CAN.1_1;RLM9;0.0;0.0;1.0;0.0;1.0;0.0;;REF1002
REC245;SP57;USA.1_1;RLM9;0.0;0.0;1.0;0.0;1.0;0.0;2015.0;REF1002
REC246;SP58;ZAF.1_1;RLM3;0.0;;1.0;;1.0;0.0;;REF697
REC247;SP58;CHL.1_1;RLM1;0.0;;1.0;;1.0;0.0;1852.0;REF1096
REC248;SP58;ZAF.1_1;RLM3;0.0;;1.0;;1.0;0.0;;REF1096
REC249;SP58;ZAF.1_1;RLM3;0.0;;1.0;;1.0;0.0;;REF152
REC250;SP58;CHL.1_1;RLM1;0.0;;;;1.0;0.0;;REF152
REC251;SP59;ZAF.1_1;RLM3;1.0;;1.0;;1.0;0.0;;REF697
REC252;SP59;ZAF.1_1;RLM3;1.0;;1.0;;1.0;0.0;;REF1096
REC253;SP59;ZAF.1_1;RLM3;1.0;;;;1.0;0.0;;REF330
REC254;SP60;USA.1_1;RLM9;0.0;0.0;;;1.0;0.0;;REF1195
REC255;SP61;USA.2_1;RLM9;;;1.0;;1.0;0.0;;REF697
REC256;SP61;USA.2_1;RLM9;;;1.0;;1.0;0.0;1913.0;REF1096
REC257;SP61;USA.2_1;RLM9;1.0;0.0;;;1.0;0.0;;REF1007
REC258;SP61;USA.2_1;RLM9;1.0;0.0;;;1.0;0.0;;REF1195
REC259;SP61;USA.2_1;RLM9;1.0;0.0;;;1.0;;;REF50
REC260;SP62;USA.2_1;RLM9;;;1.0;;1.0;0.0;;REF697
REC261;SP62;USA.2_1;RLM9;;;1.0;;1.0;0.0;1911.0;REF1096
REC262;SP62;USA.2_1;RLM9;0.0;0.0;1.0;;1.0;0.0;;REF1007
REC263;SP62;USA.2_1;RLM9;0.0;0.0;;;1.0;0.0;;REF1195
REC264;SP63;USA.1_1;RLM9;0.0;0.0;1.0;;1.0;0.0;1859.0;REF1007
REC265;SP63;USA.1_1;RLM9;0.0;0.0;;;1.0;0.0;;REF1195
REC266;SP63;CAN.1_1;RLM9;0.0;0.0;;;1.0;0.0;;REF1002
REC267;SP63;USA.1_1;RLM9;0.0;0.0;;;1.0;0.0;;REF1002
REC268;SP64;USA.2_1;RLM9;0.0;0.0;1.0;;1.0;0.0;1948.0;REF1007
REC269;SP64;USA.2_1;RLM9;0.0;0.0;;;1.0;0.0;;REF1195
REC270;SP64;ZAF.1_1;RLM3;;;1.0;;1.0;0.0;;REF697
REC271;SP64;ZAF.1_1;RLM3;;;1.0;;1.0;0.0;;REF1096
REC272;SP64;AUT.1_1;RLM11;;;1.0;;1.0;0.0;;REF542
REC273;SP64;AUT.1_1;RLM11;;;1.0;;1.0;0.0;;REF957
REC274;SP64;ITA.1_1;RLM11;;;1.0;;1.0;0.0;;REF957
REC275;SP64;AUT.1_1;RLM11;0.0;0.0;1.0;;1.0;0.0;;REF683
REC276;SP64;ITA.1_1;RLM11;0.0;0.0;1.0;;1.0;0.0;;REF683
REC277;SP64;CAN.1_1;RLM9;0.0;0.0;1.0;;0.0;0.0;;REF291
REC278;SP65;USA.2_1;RLM9;;;1.0;;1.0;0.0;;REF697
REC279;SP65;USA.2_1;RLM9;;;1.0;;1.0;0.0;1974.0;REF1096
REC280;SP65;USA.2_1;RLM9;0.0;0.0;1.0;;1.0;0.0;;REF1007
REC281;SP65;USA.2_1;RLM9;0.0;0.0;;;1.0;0.0;;REF1195
REC282;SP65;USA.2_1;RLM9;0.0;;1.0;;0.0;0.0;;REF49
REC283;SP66;USA.2_1;RLM9;;;1.0;;1.0;0.0;;REF697
REC284;SP66;USA.2_1;RLM9;0.0;0.0;1.0;;1.0;0.0;;REF1007
REC285;SP66;USA.2_1;RLM9;0.0;0.0;;;1.0;0.0;;REF1195
REC286;SP66;USA.2_1;RLM9;0.0;;1.0;;1.0;0.0;;REF47
REC287;SP67;CHL.1_1;RLM1;;;1.0;;1.0;0.0;1965.0;REF1096
REC288;SP68;USA.1_1;RLM9;0.0;0.0;1.0;;1.0;0.0;1963.0;REF1007
REC289;SP68;USA.1_1;RLM9;0.0;0.0;;;1.0;0.0;;REF1195
REC290;SP68;CAN.1_1;RLM9;0.0;0.0;1.0;0.0;1.0;0.0;1963.0;REF1002
REC291;SP68;USA.1_1;RLM9;0.0;0.0;1.0;;1.0;0.0;;REF1002
REC292;SP69;USA.2_1;RLM9;;;1.0;;1.0;0.0;;REF697
REC293;SP69;USA.2_1;RLM9;;;1.0;;1.0;0.0;1946.0;REF1096
REC294;SP69;USA.2_1;RLM9;0.0;0.0;;;1.0;0.0;;REF1195
REC295;SP70;USA.1_1;RLM9;0.0;0.0;;;1.0;0.0;;REF1195
REC296;SP71;USA.1_1;RLM9;0.0;0.0;1.0;;1.0;0.0;1907.0;REF1007
REC297;SP71;CAN.1_1;RLM9;0.0;0.0;1.0;0.0;1.0;0.0;;REF1002
REC298;SP71;USA.1_1;RLM9;0.0;0.0;1.0;1.0;1.0;0.0;;REF1002
REC299;SP72;USA.1_1;RLM9;;;;;1.0;0.0;;REF330
REC300;SP72;CAN.1_1;RLM9;;;;;1.0;0.0;;REF330
REC301;SP72;USA.1_1;RLM9;;;;;1.0;0.0;;REF330
REC302;SP72;USA.1_1;RLM9;;;;;1.0;0.0;;REF330
REC303;SP72;USA.1_1;RLM9;;;;;1.0;0.0;;REF330
REC304;SP72;USA.1_1;RLM9;;;;;1.0;0.0;;REF330
REC305;SP72;CHN.1_1;RLM6;;;;;1.0;0.0;;REF330
REC306;SP72;USA.1_1;RLM9;;;;;1.0;0.0;;REF330
REC307;SP72;USA.1_1;RLM9;;;;;1.0;0.0;;REF330
REC308;SP72;USA.1_1;RLM9;;;;;1.0;0.0;;REF330
REC309;SP72;USA.1_1;RLM9;;;;;1.0;0.0;;REF330
REC310;SP72;USA.1_1;RLM9;;;;;1.0;0.0;;REF330
REC311;SP72;USA.1_1;RLM9;;;;;1.0;0.0;;REF330
REC312;SP72;USA.1_1;RLM9;;;;;1.0;0.0;;REF330
REC313;SP72;USA.1_1;RLM9;;;;;1.0;0.0;;REF330
REC314;SP72;USA.1_1;RLM9;;;;;1.0;0.0;;REF330
REC315;SP72;USA.1_1;RLM9;;;;;1.0;0.0;;REF330
REC316;SP72;USA.1_1;RLM9;;;;;1.0;0.0;;REF330
REC317;SP72;USA.1_1;RLM9;;;;;1.0;0.0;;REF330
REC318;SP72;USA.1_1;RLM9;;;;;1.0;0.0;;REF330
REC319;SP72;USA.1_1;RLM9;;;;;1.0;0.0;;REF330
REC320;SP72;USA.1_1;RLM9;;;;;1.0;0.0;;REF330
REC321;SP72;USA.1_1;RLM9;;;;;1.0;0.0;;REF330
REC322;SP72;CAN.1_1;RLM9;;;;;1.0;0.0;;REF330
REC323;SP72;USA.1_1;RLM9;;;;;1.0;0.0;;REF330
REC324;SP72;USA.1_1;RLM9;;;;;1.0;0.0;;REF330
REC325;SP72;USA.1_1;RLM9;;;;;1.0;0.0;;REF330
REC326;SP72;USA.1_1;RLM9;;;;;1.0;0.0;;REF330
REC327;SP72;USA.1_1;RLM9;;;;;1.0;0.0;;REF330
REC328;SP72;USA.1_1;RLM9;;;;;1.0;0.0;;REF330
REC329;SP72;CHN.1_1;RLM11;;;1.0;;1.0;0.0;;REF542
REC330;SP72;USA.1_1;RLM9;;;1.0;;1.0;0.0;;REF542
REC331;SP72;CAN.1_1;RLM9;;;;;1.0;0.0;;REF330
REC332;SP72;USA.1_1;RLM9;;;;;1.0;0.0;;REF330
REC333;SP72;CHN.1_1;RLM11;;;;;1.0;0.0;;REF330
REC334;SP72;USA.1_1;RLM9;0.0;0.0;1.0;;1.0;0.0;1625.0;REF1007
REC335;SP72;USA.1_1;RLM9;0.0;0.0;;;1.0;0.0;;REF1195
REC336;SP72;MDA.1_1;RLM11;0.0;0.0;1.0;;;0.0;1980.0;REF1073
REC337;SP72;CAN.1_1;RLM9;0.0;0.0;1.0;;1.0;0.0;;REF1002
REC338;SP72;MEX.1_1;RLM9;0.0;0.0;1.0;;1.0;0.0;;REF1002
REC339;SP72;USA.1_1;RLM9;0.0;0.0;1.0;;1.0;0.0;;REF1002
REC340;SP73;USA.2_1;RLM9;;;1.0;;1.0;0.0;;REF697
REC341;SP73;USA.2_1;RLM9;0.0;0.0;1.0;;1.0;0.0;;REF1007
REC342;SP73;USA.2_1;RLM9;0.0;0.0;;;0.0;;;REF47
REC343;SP73;USA.2_1;RLM9;0.0;0.0;;;0.0;;;REF47
REC344;SP74;USA.2_1;RLM9;;;1.0;;1.0;0.0;;REF697
REC345;SP74;USA.2_1;RLM9;0.0;0.0;1.0;;1.0;0.0;;REF1007
REC346;SP74;USA.2_1;RLM9;0.0;0.0;;;0.0;;;REF47
REC347;SP74;USA.2_1;RLM9;0.0;0.0;;;0.0;;;REF47
REC348;SP75;USA.2_1;RLM9;;;1.0;;1.0;0.0;;REF697
REC349;SP75;USA.2_1;RLM9;1.0;0.0;1.0;;1.0;0.0;;REF1007
REC350;SP75;USA.2_1;RLM9;1.0;0.0;;;1.0;0.0;;REF1195
REC351;SP75;USA.1_1;RLM9;1.0;0.0;1.0;;1.0;0.0;1872.0;REF1007
REC352;SP75;USA.2_1;RLM9;0.0;0.0;;;0.0;;;REF47
REC353;SP75;USA.2_1;RLM9;0.0;0.0;;;0.0;;;REF47
REC354;SP76;USA.1_1;RLM9;0.0;0.0;;1.0;;0.0;1972.0;REF358
REC355;SP76;USA.1_1;RLM9;0.0;0.0;;;1.0;0.0;;REF1195
REC356;SP77;DNK.1_1;RLM11;;;1.0;;1.0;0.0;;REF542
REC357;SP77;DNK.1_1;RLM11;;;;;1.0;0.0;;REF152
REC358;SP78;USA.1_1;RLM9;0.0;0.0;1.0;;1.0;0.0;1972.0;REF1007
REC359;SP79;USA.2_1;RLM9;;;1.0;;1.0;0.0;;REF697
REC360;SP79;USA.2_1;RLM9;;;1.0;;1.0;0.0;1964.0;REF1096
REC361;SP79;USA.2_1;RLM9;;;;;1.0;0.0;;REF330
REC362;SP79;USA.2_1;RLM9;0.0;0.0;1.0;;1.0;0.0;;REF1007
REC363;SP79;USA.2_1;RLM9;0.0;0.0;;;1.0;0.0;;REF1195
REC364;SP79;AUS.1_1;RLM2;;;1.0;;1.0;0.0;;REF697
REC365;SP79;POL.1_1;RLM11;;;1.0;;1.0;0.0;;REF542
REC366;SP79;ESP.1_1;RLM11;;;1.0;;1.0;0.0;;REF542
REC367;SP79;FRA.1_1;RLM11;;;;;1.0;0.0;;REF330
REC368;SP79;ITA.1_1;RLM11;;;;;1.0;0.0;;REF330
REC369;SP79;NLD.1_1;RLM11;;;;;1.0;0.0;;REF330
REC370;SP79;ESP.1_1;RLM11;;;;;1.0;0.0;;REF330
REC371;SP79;GBR.1_1;RLM11;;;;;1.0;0.0;;REF330
REC372;SP79;FRA.1_1;RLM11;0.0;0.0;1.0;;1.0;0.0;2000.0;REF240
REC373;SP79;GRC.1_1;RLM11;0.0;0.0;1.0;;1.0;0.0;;REF240
REC374;SP79;ITA.1_1;RLM11;0.0;0.0;1.0;;1.0;0.0;;REF240
REC375;SP79;NLD.1_1;RLM11;0.0;0.0;1.0;;1.0;0.0;;REF240
REC376;SP79;POL.1_1;RLM11;0.0;0.0;1.0;;1.0;0.0;2014.0;REF240
REC377;SP79;ESP.1_1;RLM11;0.0;0.0;1.0;;1.0;0.0;;REF240
REC378;SP79;TUR.1_1;RLM11;0.0;0.0;1.0;;1.0;0.0;2014.0;REF240
REC379;SP79;GBR.1_1;RLM11;0.0;0.0;1.0;;1.0;0.0;;REF240
REC380;SP79;USA.2_1;RLM9;0.0;0.0;;;1.0;;;REF47
REC381;SP80;USA.2_1;RLM9;;;1.0;;1.0;0.0;;REF697
REC382;SP80;USA.2_1;RLM9;;;1.0;;1.0;0.0;1907.0;REF1096
REC383;SP80;USA.2_1;RLM9;1.0;0.0;;;1.0;0.0;;REF1007
REC384;SP80;USA.2_1;RLM9;0.0;0.0;;;1.0;0.0;;REF1195
REC385;SP81;ECU.2_1;RLM1;;;1.0;;1.0;0.0;;REF697
REC386;SP81;ECU.2_1;RLM1;;;1.0;;1.0;0.0;2000.0;REF1096
REC387;SP81;USA.2_1;RLM9;;;1.0;;1.0;0.0;;REF697
REC388;SP81;USA.2_1;RLM9;;;1.0;;1.0;0.0;1892.0;REF1096
REC389;SP81;USA.2_1;RLM9;0.0;0.0;1.0;;1.0;0.0;1892.0;REF1007
REC390;SP81;JPN.1_1;RLM10;;;1.0;;1.0;0.0;;REF697
REC391;SP81;JPN.1_1;RLM10;;;1.0;;1.0;0.0;1996.0;REF1096
REC392;SP81;JPN.1_1;RLM10;;;1.0;;1.0;0.0;;REF542
REC393;SP81;JPN.1_1;RLM10;1.0;0.0;;;1.0;0.0;;REF1195
REC394;SP81;JPN.1_1;RLM10;0.0;0.0;1.0;;1.0;0.0;;REF811
REC395;SP81;JPN.1_1;RLM10;0.0;0.0;1.0;;1.0;0.0;;REF812
REC396;SP81;USA.2_1;RLM9;0.0;0.0;;;1.0;;;REF47
REC397;SP82;GBR.1_1;RLM11;;;1.0;;1.0;0.0;;REF542
REC398;SP82;CYP.1_1;RLM8;;;1.0;;1.0;0.0;;REF542
REC399;SP82;CYP.1_1;RLM8;;;1.0;;1.0;0.0;;REF957
REC400;SP82;PRT.1_1;RLM11;;;1.0;;1.0;0.0;;REF957
REC401;SP82;GBR.1_1;RLM11;;;1.0;;1.0;0.0;;REF957
REC402;SP82;ESP.1_1;RLM11;;;1.0;;1.0;0.0;2002.0;REF957
REC403;SP82;CYP.1_1;RLM8;0.0;0.0;1.0;;1.0;0.0;;REF683
REC404;SP82;PRT.1_1;RLM11;0.0;0.0;1.0;;1.0;0.0;;REF683
REC405;SP82;ESP.1_1;RLM11;0.0;0.0;1.0;;1.0;0.0;;REF683
REC406;SP82;GBR.1_1;RLM11;0.0;0.0;1.0;;1.0;0.0;;REF683
REC407;SP82;CYP.1_1;RLM8;0.0;0.0;1.0;;1.0;0.0;2010.0;REF261
REC408;SP82;USA.1_1;RLM9;0.0;0.0;;;1.0;0.0;;REF1002
REC409;SP83;USA.1_1;RLM9;0.0;0.0;1.0;;1.0;0.0;;REF142
REC410;SP83;USA.1_1;RLM9;0.0;0.0;;;1.0;0.0;;REF1195
REC411;SP84;ECU.2_1;RLM1;;;1.0;;1.0;0.0;;REF697
REC412;SP84;ECU.2_1;RLM1;;;1.0;;1.0;0.0;1989.0;REF1096
REC413;SP85;NZL.1_1;RLM2;;;1.0;;1.0;0.0;;REF697
REC414;SP86;NZL.1_1;RLM2;;;1.0;;1.0;0.0;;REF697
REC415;SP86;NZL.1_1;RLM2;;;1.0;;1.0;0.0;1975.0;REF1096
REC416;SP87;USA.1_1;RLM9;0.0;0.0;1.0;;0.0;1.0;;REF1007
REC417;SP88;FRA.1_1;RLM11;;;1.0;;1.0;0.0;;REF542
REC418;SP89;USA.2_1;RLM9;;;1.0;;1.0;0.0;;REF697
REC419;SP89;USA.2_1;RLM9;;;1.0;;1.0;0.0;1965.0;REF1096
REC420;SP89;USA.2_1;RLM9;0.0;0.0;1.0;;1.0;0.0;1964.0;REF1007
REC421;SP89;USA.2_1;RLM9;0.0;0.0;;;1.0;0.0;;REF1195
REC422;SP89;AUS.1_1;RLM2;;;;;1.0;0.0;;REF330
REC423;SP89;AUS.1_1;RLM2;;;;;1.0;0.0;;REF330
REC424;SP89;AUS.1_1;RLM2;;;;;1.0;0.0;;REF330
REC425;SP89;AUS.1_1;RLM2;;;;;1.0;0.0;;REF330
REC426;SP89;AUS.1_1;RLM2;;;;;1.0;0.0;;REF330
REC427;SP89;AUS.1_1;RLM2;;;1.0;;1.0;0.0;;REF697
REC428;SP89;ISR.1_1;RLM8;;;;;1.0;0.0;;REF330
REC429;SP89;AUS.1_1;RLM2;;;;;1.0;0.0;;REF330
REC430;SP89;PLW.1_1;RLM5;0.0;0.0;1.0;;1.0;0.0;;REF1000
REC431;SP89;ISR.1_1;RLM8;0.0;0.0;1.0;;1.0;0.0;2001.0;REF628
REC432;SP90;AUS.1_1;RLM2;;;1.0;;1.0;0.0;;REF697
REC433;SP91;USA.1_1;RLM9;0.0;0.0;1.0;1.0;1.0;0.0;1989.0;REF358
REC434;SP91;USA.1_1;RLM9;0.0;0.0;1.0;;1.0;0.0;1989.0;REF1007
REC435;SP91;USA.1_1;RLM9;0.0;0.0;;;1.0;0.0;;REF1195
REC436;SP92;USA.1_1;RLM9;0.0;0.0;1.0;;1.0;0.0;1954.0;REF1007
REC437;SP92;USA.1_1;RLM9;0.0;0.0;;;1.0;0.0;;REF1195
REC438;SP93;ISR.1_1;RLM8;0.0;0.0;1.0;;1.0;0.0;2001.0;REF628
REC439;SP94;USA.2_1;RLM9;;;1.0;;1.0;0.0;;REF697
REC440;SP94;USA.2_1;RLM9;;;1.0;;1.0;0.0;1907.0;REF1096
REC441;SP94;USA.2_1;RLM9;0.0;0.0;1.0;;1.0;0.0;;REF1007
REC442;SP95;DNK.1_1;RLM11;;;1.0;;1.0;0.0;;REF542
REC443;SP96;ESP.3_1;RLM11;0.0;0.0;1.0;;1.0;0.0;;REF683
REC444;SP96;FRA.1_1;RLM11;;;1.0;;1.0;0.0;;REF542
REC445;SP96;SVN.1_1;RLM11;;;1.0;;1.0;0.0;;REF542
REC446;SP96;HUN.1_1;RLM11;;;1.0;;1.0;0.0;;REF957
REC447;SP96;ESP.1_1;RLM11;;;1.0;;1.0;0.0;1900.0;REF957
REC448;SP96;ESP.3_1;RLM11;;;1.0;;1.0;0.0;;REF957
REC449;SP96;HUN.1_1;RLM11;0.0;0.0;1.0;;1.0;0.0;;REF683
REC450;SP96;ESP.1_1;RLM11;0.0;0.0;1.0;;1.0;0.0;;REF683
REC451;SP96;FRA.1_1;RLM11;0.0;0.0;1.0;;0.0;0.0;1855.0;REF878
REC452;SP96;JPN.1_1;RLM10;0.0;0.0;1.0;;1.0;0.0;1875.0;REF861
REC453;SP96;ROU.1_1;RLM11;0.0;0.0;1.0;;0.0;0.0;2010.0;REF861
REC454;SP96;KOR.1_1;RLM11;0.0;0.0;1.0;;1.0;0.0;1938.0;REF861
REC455;SP96;ESP.1_1;RLM11;0.0;0.0;1.0;;1.0;0.0;1850.0;REF861
REC456;SP96;UKR.1_1;RLM11;0.0;0.0;1.0;;0.0;1.0;1951.0;REF861
REC457;SP97;DNK.1_1;RLM11;;;1.0;;1.0;0.0;;REF542
REC458;SP98;SVN.1_1;RLM11;;;1.0;;1.0;0.0;;REF542
REC459;SP98;DEU.1_1;RLM11;;;1.0;;1.0;0.0;;REF542
REC460;SP98;HRV.1_1;RLM11;;;1.0;;1.0;0.0;;REF542
REC461;SP98;ITA.1_1;RLM11;;;1.0;;1.0;0.0;;REF542
REC462;SP98;AUT.1_1;RLM11;;;1.0;;1.0;0.0;;REF542
REC463;SP98;BIH.1_1;RLM11;;;1.0;;1.0;0.0;;REF957
REC464;SP98;MKD.1_1;RLM11;;;1.0;;1.0;0.0;;REF957
REC465;SP98;HUN.1_1;RLM11;;;1.0;;1.0;0.0;;REF957
REC466;SP98;ROU.1_1;RLM11;;;1.0;;1.0;0.0;2001.0;REF957
REC467;SP98;AUT.1_1;RLM11;;;1.0;;1.0;0.0;1900.0;REF957
REC468;SP98;HRV.1_1;RLM11;;;1.0;;1.0;0.0;;REF957
REC469;SP98;DEU.1_1;RLM11;;;1.0;;1.0;0.0;2001.0;REF957
REC470;SP98;ITA.1_1;RLM11;;;1.0;;1.0;0.0;;REF957
REC471;SP98;SVN.1_1;RLM11;;;1.0;;1.0;0.0;1866.0;REF957
REC472;SP98;AUT.1_1;RLM11;0.0;0.0;1.0;;1.0;0.0;;REF683
REC473;SP98;BIH.1_1;RLM11;0.0;0.0;1.0;;1.0;0.0;;REF683
REC474;SP98;HRV.1_1;RLM11;0.0;0.0;1.0;;1.0;0.0;;REF683
REC475;SP98;DEU.1_1;RLM11;0.0;0.0;1.0;;1.0;0.0;;REF683
REC476;SP98;HUN.1_1;RLM11;0.0;0.0;1.0;;1.0;0.0;;REF683
REC477;SP98;ITA.1_1;RLM11;0.0;0.0;1.0;;1.0;0.0;;REF683
REC478;SP98;MKD.1_1;RLM11;0.0;0.0;1.0;;1.0;0.0;;REF683
REC479;SP98;ROU.1_1;RLM11;0.0;0.0;1.0;;1.0;0.0;;REF683
REC480;SP98;SRB.1_1;RLM11;0.0;0.0;1.0;;1.0;0.0;;REF683
REC481;SP98;SVN.1_1;RLM11;0.0;0.0;1.0;;1.0;0.0;;REF683
REC482;SP98;SRB.1_1;RLM11;0.0;0.0;1.0;;1.0;0.0;;REF911
REC483;SP98;AUT.1_1;RLM11;0.0;0.0;1.0;;1.0;0.0;1986.0;REF861
REC484;SP99;CAN.1_1;RLM9;0.0;0.0;1.0;0.0;1.0;0.0;;REF1002
REC485;SP100;BEL.1_1;RLM11;0.0;0.0;1.0;;1.0;0.0;2009.0;REF253
REC486;SP100;DEU.1_1;RLM11;0.0;0.0;1.0;;1.0;0.0;2006.0;REF253
REC487;SP100;AUT.1_1;RLM11;0.0;0.0;1.0;;1.0;0.0;2006.0;REF253
REC488;SP100;CHE.1_1;RLM11;0.0;0.0;1.0;;1.0;0.0;2008.0;REF253
REC489;SP101;USA.2_1;RLM9;;;1.0;;1.0;0.0;;REF697
REC490;SP101;USA.2_1;RLM9;;1.0;1.0;;1.0;0.0;;REF1096
REC491;SP101;USA.2_1;RLM9;0.0;1.0;1.0;;1.0;0.0;;REF1007
REC492;SP102;USA.1_1;RLM9;0.0;0.0;1.0;;1.0;0.0;1903.0;REF1007
REC493;SP102;USA.1_1;RLM9;0.0;0.0;;;1.0;0.0;;REF1195
REC494;SP103;IRL.1_1;RLM11;;;1.0;;1.0;0.0;;REF542
REC495;SP104;IRL.1_1;RLM11;;;1.0;;1.0;0.0;;REF542
REC496;SP105;DNK.1_1;RLM11;;;1.0;;1.0;0.0;;REF542
REC497;SP105;DNK.1_1;RLM11;;;1.0;;1.0;0.0;1934.0;REF152
REC498;SP105;DNK.1_1;RLM11;;;;;1.0;0.0;;REF152
REC499;SP105;SWE.1_1;RLM11;;;1.0;;1.0;0.0;1950.0;REF152
REC500;SP106;AUS.1_1;RLM2;;;1.0;;1.0;0.0;;REF697
REC501;SP106;GRC.1_1;RLM11;;0.0;1.0;;1.0;;;REF975
REC502;SP106;ITA.1_1;RLM11;;0.0;1.0;;1.0;;;REF975
REC503;SP106;MLT.1_1;RLM11;;0.0;1.0;;1.0;;;REF975
REC504;SP106;MEX.1_1;RLM9;;0.0;1.0;;1.0;;2010.0;REF975
REC505;SP106;CYP.1_1;RLM11;;0.0;1.0;;1.0;;;REF975
REC506;SP106;ESP.1_1;RLM11;;0.0;1.0;;1.0;;;REF975
REC507;SP106;FRA.1_1;RLM11;;0.0;1.0;;1.0;;;REF975
REC508;SP106;USA.1_1;RLM9;0.0;0.0;1.0;;1.0;0.0;;REF1002
REC509;SP107;ITA.1_1;RLM11;;;;;1.0;0.0;;REF330
REC510;SP107;ITA.1_1;RLM11;;;;;1.0;0.0;2006.0;REF957
REC511;SP107;ITA.1_1;RLM11;;;;;1.0;0.0;;REF152
REC512;SP107;ITA.1_1;RLM11;0.0;0.0;1.0;;1.0;0.0;2006.0;REF1112
REC513;SP107;ITA.1_1;RLM11;0.0;0.0;1.0;;1.0;0.0;2006.0;REF1112
REC514;SP108;USA.1_1;RLM9;1.0;0.0;;1.0;1.0;0.0;1983.0;REF358
REC515;SP108;USA.1_1;RLM9;0.0;0.0;1.0;;1.0;0.0;1983.0;REF1007
REC516;SP108;USA.1_1;RLM9;0.0;0.0;;;1.0;0.0;;REF1195
REC517;SP109;ISL.1_1;RLM11;;;1.0;;1.0;0.0;;REF542
REC518;SP110;ISL.1_1;RLM11;;;1.0;;1.0;0.0;;REF542
REC519;SP110;ISL.1_1;RLM11;;;1.0;;1.0;0.0;2001.0;REF152
REC520;SP111;USA.1_1;RLM9;0.0;0.0;1.0;;1.0;0.0;1991.0;REF1007
REC521;SP111;USA.1_1;RLM9;0.0;0.0;;;1.0;0.0;;REF1195
REC522;SP111;CAN.1_1;RLM9;0.0;0.0;1.0;;1.0;0.0;;REF1002
REC523;SP111;USA.1_1;RLM9;0.0;0.0;1.0;;1.0;0.0;;REF1002
REC524;SP112;GBR.1_1;RLM11;;;1.0;;1.0;0.0;;REF542
REC525;SP113;ECU.2_1;RLM1;;;1.0;;1.0;0.0;;REF697
REC526;SP113;USA.2_1;RLM9;;;1.0;;1.0;0.0;;REF697
REC527;SP113;JPN.1_1;RLM6;;;1.0;;1.0;0.0;;REF697
REC528;SP113;AUS.1_1;RLM2;;;1.0;;1.0;0.0;;REF697
REC529;SP113;USA.2_1;RLM9;0.0;0.0;;;1.0;;;REF47
REC530;SP113;USA.1_1;RLM9;0.0;0.0;1.0;;1.0;0.0;;REF1002
REC531;SP114;USA.2_1;RLM9;;;1.0;;1.0;0.0;;REF697
REC532;SP114;AUS.1_1;RLM2;;;1.0;;1.0;0.0;;REF697
REC533;SP114;KOR.1_1;RLM11;;;1.0;;1.0;0.0;;REF697
REC534;SP114;CAN.1_1;RLM9;0.0;0.0;1.0;;1.0;0.0;;REF1002
REC535;SP114;USA.1_1;RLM9;0.0;0.0;1.0;;1.0;0.0;;REF1002
REC536;SP115;FRA.1_1;RLM11;;;1.0;;1.0;0.0;;REF542
REC537;SP116;USA.1_1;RLM9;1.0;0.0;1.0;;1.0;0.0;;REF1007
REC538;SP116;USA.1_1;RLM9;0.0;0.0;;;1.0;0.0;;REF1195
REC539;SP116;CAN.1_1;RLM9;0.0;0.0;;;1.0;0.0;;REF1002
REC540;SP116;USA.1_1;RLM9;0.0;0.0;;;1.0;0.0;;REF1002
REC541;SP117;USA.1_1;RLM9;0.0;0.0;1.0;;1.0;0.0;1973.0;REF1007
REC542;SP118;AUS.1_1;RLM2;;;1.0;;1.0;0.0;;REF697
REC543;SP119;AUS.1_1;RLM2;;;1.0;;1.0;0.0;;REF697
REC544;SP119;CAN.1_1;RLM9;0.0;1.0;1.0;0.0;1.0;0.0;;REF1002
REC545;SP119;USA.1_1;RLM9;0.0;1.0;1.0;0.0;1.0;0.0;;REF1002
REC546;SP120;USA.1_1;RLM9;;;1.0;;1.0;0.0;;REF152
REC547;SP120;USA.1_1;RLM9;;;;;1.0;0.0;;REF152
REC548;SP120;CHN.1_1;RLM6;;;1.0;;1.0;0.0;;REF152
REC549;SP120;CHN.1_1;RLM6;;;1.0;;1.0;0.0;;REF152
REC550;SP120;CHN.2_1;RLM6;;;1.0;;1.0;0.0;;REF152
REC551;SP120;USA.2_1;RLM9;;;1.0;;1.0;0.0;;REF152
REC552;SP120;CHN.1_1;RLM10;;;;;1.0;0.0;;REF152
REC553;SP120;RUS.1_1;RLM11;;;1.0;;1.0;0.0;;REF152
REC554;SP120;AUS.1_1;RLM2;;;;;1.0;0.0;;REF152
REC555;SP120;CHN.1_1;RLM6;;;1.0;;1.0;0.0;;REF152
REC556;SP120;USA.1_1;RLM9;0.0;0.0;1.0;;1.0;0.0;;REF102
REC557;SP120;GBR.1_1;RLM11;0.0;0.0;;;1.0;0.0;;REF869
REC558;SP120;USA.1_1;RLM9;0.0;0.0;1.0;;1.0;0.0;;REF102
REC559;SP120;USA.2_1;RLM9;;;1.0;;1.0;0.0;;REF697
REC560;SP120;USA.2_1;RLM9;;;1.0;;1.0;0.0;1915.0;REF1096
REC561;SP120;USA.2_1;RLM9;0.0;0.0;1.0;;1.0;0.0;;REF1007
REC562;SP120;USA.2_1;RLM9;0.0;0.0;;;1.0;0.0;;REF869
REC563;SP120;USA.2_1;RLM9;0.0;0.0;;;1.0;0.0;;REF1195
REC564;SP120;AUS.1_1;RLM2;;;1.0;;1.0;0.0;;REF697
REC565;SP120;ZAF.1_1;RLM3;;;1.0;;1.0;0.0;;REF697
REC566;SP120;CHL.1_1;RLM1;;;1.0;;1.0;0.0;1989.0;REF1096
REC567;SP120;ZAF.1_1;RLM3;;;1.0;;1.0;0.0;;REF1096
REC568;SP120;DNK.1_1;RLM11;;;1.0;;1.0;0.0;;REF542
REC569;SP120;DEU.1_1;RLM11;;;1.0;;1.0;0.0;;REF542
REC570;SP120;SWE.1_1;RLM11;;;1.0;;1.0;0.0;;REF542
REC571;SP120;AUT.1_1;RLM11;;;1.0;;1.0;0.0;;REF542
REC572;SP120;SVN.1_1;RLM11;;;1.0;;1.0;0.0;;REF542
REC573;SP120;DZA.1_1;RLM8;;;1.0;;1.0;0.0;;REF152
REC574;SP120;EGY.1_1;RLM8;;;1.0;;1.0;0.0;;REF152
REC575;SP120;MDG.1_1;RLM4;;;1.0;;1.0;0.0;;REF152
REC576;SP120;MAR.1_1;RLM8;;;1.0;;1.0;0.0;;REF152
REC577;SP120;ZAF.1_1;RLM3;;;1.0;;1.0;0.0;;REF152
REC578;SP120;TUN.1_1;RLM8;;;1.0;;1.0;0.0;;REF152
REC579;SP120;ZWE.1_1;RLM3;;;1.0;;1.0;0.0;;REF152
REC580;SP120;CHN.1_1;RLM11;;;;;1.0;0.0;;REF152
REC581;SP120;CHN.3_1;RLM10;;;1.0;;1.0;0.0;;REF152
REC582;SP120;IRQ.1_1;RLM8;;;1.0;;1.0;0.0;;REF152
REC583;SP120;ISR.1_1;RLM8;;;1.0;;1.0;0.0;;REF152
REC584;SP120;JPN.1_1;RLM10;;;1.0;;1.0;0.0;;REF152
REC585;SP120;LKA.1_1;RLM6;;;1.0;;1.0;0.0;;REF152
REC586;SP120;SYR.1_1;RLM8;;;1.0;;1.0;0.0;;REF152
REC587;SP120;TWN.1_1;RLM6;;;1.0;;1.0;0.0;;REF152
REC588;SP120;AUT.1_1;RLM11;;;1.0;;1.0;0.0;;REF152
REC589;SP120;CYP.1_1;RLM8;;;1.0;;1.0;0.0;;REF152
REC590;SP120;CZE.1_1;RLM11;;;1.0;;1.0;0.0;1900.0;REF152
REC591;SP120;FRA.1_1;RLM11;;;1.0;;1.0;0.0;;REF152
REC592;SP120;DEU.1_1;RLM11;;;;;1.0;0.0;;REF152
REC593;SP120;GRC.1_1;RLM11;;;1.0;;1.0;0.0;;REF152
REC594;SP120;ITA.1_1;RLM11;;;1.0;;1.0;0.0;;REF152
REC595;SP120;PRT.1_1;RLM11;;;1.0;;1.0;0.0;;REF152
REC596;SP120;RUS.1_2;RLM11;;;;;1.0;0.0;;REF152
REC597;SP120;ESP.1_1;RLM11;;;1.0;;1.0;0.0;;REF152
REC598;SP120;GBR.1_1;RLM11;;;1.0;;1.0;0.0;;REF152
REC599;SP120;CUB.1_1;RLM7;;;1.0;;1.0;0.0;;REF152
REC600;SP120;JAM.1_1;RLM7;;;1.0;;1.0;0.0;;REF152
REC601;SP120;GBR.6_1;RLM7;;;1.0;;1.0;0.0;;REF152
REC602;SP120;TTO.1_1;RLM1;;;1.0;;1.0;0.0;;REF152
REC603;SP120;USA.1_1;RLM9;;;;;1.0;0.0;;REF152
REC604;SP120;AUS.1_1;RLM2;;;1.0;;1.0;0.0;;REF152
REC605;SP120;GUM.1_1;RLM5;;;1.0;;1.0;0.0;;REF152
REC606;SP120;ARG.1_1;RLM1;;;1.0;;1.0;0.0;;REF152
REC607;SP120;CHL.1_1;RLM1;;;1.0;;1.0;0.0;;REF152
REC608;SP120;VEN.1_1;RLM1;;;1.0;;1.0;0.0;;REF152
REC609;SP120;DEU.1_1;RLM11;0.0;0.0;1.0;;0.0;0.0;1928.0;REF869
REC610;SP120;CAN.1_1;RLM9;0.0;0.0;1.0;;0.0;0.0;1926.0;REF869
REC611;SP120;DZA.1_1;RLM8;0.0;0.0;;;1.0;0.0;;REF869
REC612;SP120;ARG.1_1;RLM1;0.0;0.0;;;1.0;0.0;;REF869
REC613;SP120;AUS.1_1;RLM2;0.0;0.0;;;1.0;0.0;;REF869
REC614;SP120;AUT.1_1;RLM11;0.0;0.0;;;1.0;0.0;;REF869
REC615;SP120;BEL.1_1;RLM11;0.0;0.0;;;1.0;0.0;;REF869
REC616;SP120;CZE.1_1;RLM11;0.0;0.0;;;1.0;0.0;;REF869
REC617;SP120;CHL.1_1;RLM1;0.0;0.0;;;1.0;0.0;;REF869
REC618;SP120;CYP.1_1;RLM8;0.0;0.0;;;1.0;0.0;;REF869
REC619;SP120;EGY.1_1;RLM8;0.0;0.0;;;1.0;0.0;;REF869
REC620;SP120;FRA.1_1;RLM11;0.0;0.0;;;1.0;0.0;;REF869
REC621;SP120;GRC.1_1;RLM11;0.0;0.0;;;1.0;0.0;;REF869
REC622;SP120;HUN.1_1;RLM11;0.0;0.0;;;1.0;0.0;;REF869
REC623;SP120;IRQ.1_1;RLM8;0.0;0.0;;;1.0;0.0;;REF869
REC624;SP120;ISR.1_1;RLM8;0.0;0.0;;;1.0;0.0;;REF869
REC625;SP120;ITA.1_1;RLM11;0.0;0.0;;;1.0;0.0;;REF869
REC626;SP120;JAM.1_1;RLM7;0.0;0.0;;;1.0;0.0;;REF869
REC627;SP120;JPN.1_1;RLM10;0.0;0.0;;;1.0;0.0;;REF869
REC628;SP120;MDG.1_1;RLM4;0.0;0.0;;;1.0;0.0;;REF869
REC629;SP120;MAR.1_1;RLM8;0.0;0.0;;;1.0;0.0;;REF869
REC630;SP120;NLD.1_1;RLM11;0.0;0.0;;;1.0;0.0;;REF869
REC631;SP120;POL.1_1;RLM11;0.0;0.0;;;1.0;0.0;;REF869
REC632;SP120;PRT.1_1;RLM11;0.0;0.0;;;1.0;0.0;;REF869
REC633;SP120;ROU.1_1;RLM11;0.0;0.0;;;1.0;0.0;;REF869
REC634;SP120;RUS.1_2;RLM11;0.0;0.0;;;1.0;0.0;;REF869
REC635;SP120;ZAF.1_1;RLM3;0.0;0.0;;;1.0;0.0;;REF869
REC636;SP120;ESP.1_1;RLM11;0.0;0.0;;;1.0;0.0;;REF869
REC637;SP120;CHE.1_1;RLM11;0.0;0.0;;;1.0;0.0;;REF869
REC638;SP120;SYR.1_1;RLM8;0.0;0.0;;;1.0;0.0;;REF869
REC639;SP120;TWN.1_1;RLM6;0.0;0.0;;;1.0;0.0;;REF869
REC640;SP120;TTO.1_1;RLM1;0.0;0.0;;;1.0;0.0;;REF869
REC641;SP120;TUN.1_1;RLM8;0.0;0.0;;;1.0;0.0;;REF869
REC642;SP120;USA.1_1;RLM9;0.0;0.0;;;1.0;0.0;;REF869
REC643;SP120;USA.1_1;RLM9;0.0;0.0;;;1.0;0.0;;REF1195
REC644;SP120;AUT.1_1;RLM11;0.0;0.0;1.0;;1.0;0.0;;REF683
REC645;SP120;BEL.1_1;RLM11;0.0;0.0;1.0;;1.0;0.0;;REF683
REC646;SP120;CZE.1_1;RLM11;0.0;0.0;1.0;;1.0;0.0;;REF683
REC647;SP120;DNK.1_1;RLM11;0.0;0.0;1.0;;1.0;0.0;;REF683
REC648;SP120;DEU.1_1;RLM11;0.0;0.0;1.0;;1.0;0.0;;REF683
REC649;SP120;HUN.1_1;RLM11;0.0;0.0;1.0;;1.0;0.0;;REF683
REC650;SP120;NLD.1_1;RLM11;0.0;0.0;1.0;;1.0;0.0;;REF683
REC651;SP120;NOR.1_1;RLM11;0.0;0.0;1.0;;1.0;0.0;;REF683
REC652;SP120;POL.1_1;RLM11;0.0;0.0;1.0;;1.0;0.0;;REF683
REC653;SP120;ROU.1_1;RLM11;0.0;0.0;1.0;;1.0;0.0;;REF683
REC654;SP120;RUS.1_2;RLM11;0.0;0.0;1.0;;1.0;0.0;;REF683
REC655;SP120;SWE.1_1;RLM11;0.0;0.0;1.0;;1.0;0.0;;REF683
REC656;SP120;CHE.1_1;RLM11;0.0;0.0;1.0;;1.0;0.0;;REF683
REC657;SP120;GBR.1_1;RLM11;0.0;0.0;1.0;;1.0;0.0;;REF683
REC658;SP120;GBR.1_1;RLM11;0.0;0.0;1.0;;1.0;0.0;;REF683
REC659;SP120;AUS.1_1;RLM2;0.0;0.0;1.0;;1.0;0.0;;REF102
REC660;SP120;ZAF.1_1;RLM3;0.0;0.0;1.0;;1.0;0.0;;REF102
REC661;SP120;ISR.1_1;RLM8;0.0;0.0;1.0;;1.0;0.0;;REF102
REC662;SP120;ISR.1_1;RLM8;0.0;0.0;1.0;;1.0;0.0;;REF102
REC663;SP120;DZA.1_1;RLM8;0.0;0.0;1.0;;1.0;0.0;;REF102
REC664;SP120;MAR.1_1;RLM8;0.0;0.0;1.0;;1.0;0.0;;REF102
REC665;SP120;ISR.1_1;RLM8;0.0;0.0;1.0;;1.0;0.0;;REF102
REC666;SP120;ROU.1_1;RLM11;0.0;0.0;1.0;;1.0;0.0;2000.0;REF1073
REC667;SP121;DNK.1_1;RLM11;;;1.0;;1.0;0.0;;REF542
REC668;SP121;DNK.1_1;RLM11;;;;;1.0;0.0;;REF152
REC669;SP122;JPN.1_1;RLM6;;;1.0;;1.0;0.0;;REF697
REC670;SP122;JPN.1_1;RLM6;;;1.0;;1.0;0.0;1984.0;REF1096
REC671;SP122;JPN.1_1;RLM10;;;1.0;;1.0;0.0;;REF542
REC672;SP122;JPN.1_1;RLM10;0.0;0.0;1.0;;1.0;0.0;;REF812
REC673;SP122;JPN.1_1;RLM6;0.0;0.0;;;1.0;0.0;;REF1195
REC674;SP123;ZAF.1_1;RLM3;0.0;0.0;1.0;;1.0;0.0;2002.0;REF279
REC675;SP123;UGA.1_1;RLM3;0.0;0.0;1.0;;1.0;0.0;1998.0;REF279
REC676;SP123;MOZ.1_1;RLM3;0.0;0.0;1.0;;1.0;0.0;1999.0;REF279
REC677;SP123;MWI.1_1;RLM3;0.0;0.0;1.0;;1.0;0.0;2000.0;REF279
REC678;SP124;KEN.1_1;RLM3;0.0;0.0;1.0;;1.0;0.0;;REF596
REC679;SP124;UGA.1_1;RLM3;0.0;0.0;1.0;0.0;1.0;0.0;;REF596
REC680;SP124;MWI.1_1;RLM3;0.0;0.0;1.0;1.0;1.0;0.0;;REF596
REC681;SP124;MOZ.1_1;RLM3;0.0;0.0;1.0;1.0;1.0;0.0;;REF596
REC682;SP124;COD.1_1;RLM3;0.0;0.0;1.0;1.0;1.0;0.0;;REF596
REC683;SP124;ZAF.1_1;RLM3;0.0;0.0;1.0;1.0;1.0;0.0;;REF596
REC684;SP125;USA.1_1;RLM9;0.0;0.0;1.0;;1.0;0.0;1940.0;REF1007
REC685;SP125;USA.1_1;RLM9;0.0;0.0;;;1.0;0.0;;REF1195
REC686;SP126;USA.1_1;RLM9;0.0;0.0;1.0;;1.0;0.0;1940.0;REF1007
REC687;SP126;USA.1_1;RLM9;0.0;0.0;;;1.0;0.0;;REF1195
REC688;SP126;CAN.1_1;RLM9;0.0;0.0;1.0;;1.0;0.0;;REF1002
REC689;SP126;USA.1_1;RLM9;0.0;0.0;1.0;;1.0;0.0;;REF1002
REC690;SP127;USA.1_1;RLM9;0.0;0.0;1.0;;1.0;0.0;1940.0;REF1007
REC691;SP127;USA.1_1;RLM9;0.0;0.0;;;1.0;0.0;;REF1195
REC692;SP128;FRA.2_1;RLM11;0.0;0.0;1.0;;1.0;0.0;;REF683
REC693;SP128;FRA.1_1;RLM11;;;1.0;;1.0;0.0;;REF542
REC694;SP128;FRA.1_1;RLM11;;;1.0;;1.0;0.0;;REF957
REC695;SP128;FRA.2_1;RLM11;;;1.0;;1.0;0.0;;REF957
REC696;SP128;FRA.1_1;RLM11;0.0;0.0;1.0;;1.0;0.0;;REF683
REC697;SP129;USA.1_1;RLM9;;;1.0;;1.0;0.0;1982.0;REF152
REC698;SP129;USA.1_1;RLM9;;;1.0;;1.0;0.0;;REF152
REC699;SP129;USA.1_1;RLM9;;;1.0;;1.0;0.0;;REF152
REC700;SP129;USA.1_1;RLM9;;;1.0;;1.0;0.0;;REF152
REC701;SP129;USA.1_1;RLM9;;;1.0;;1.0;0.0;;REF152
REC702;SP129;USA.1_1;RLM9;;;1.0;;1.0;0.0;;REF152
REC703;SP129;USA.1_1;RLM9;;;1.0;;1.0;0.0;1982.0;REF152
REC704;SP129;USA.1_1;RLM9;0.0;0.0;1.0;;1.0;0.0;1982.0;REF1007
REC705;SP129;USA.1_1;RLM9;0.0;0.0;;;1.0;0.0;;REF1195
REC706;SP129;USA.1_1;RLM9;0.0;0.0;1.0;;1.0;0.0;1982.0;REF1002
REC707;SP130;USA.1_1;RLM9;0.0;0.0;1.0;;1.0;0.0;;REF1007
REC708;SP130;USA.1_1;RLM9;0.0;0.0;;;1.0;0.0;;REF1195
REC709;SP130;CAN.1_1;RLM9;0.0;0.0;1.0;;0.0;;1937.0;REF1002
REC710;SP131;USA.1_1;RLM9;;;;;1.0;0.0;;REF330
REC711;SP131;USA.1_1;RLM9;0.0;0.0;1.0;;1.0;0.0;1937.0;REF1007
REC712;SP131;USA.1_1;RLM9;0.0;0.0;;;1.0;0.0;;REF1195
REC713;SP131;CAN.1_1;RLM9;0.0;0.0;1.0;0.0;1.0;0.0;1988.0;REF1002
REC714;SP131;USA.1_1;RLM9;0.0;0.0;1.0;;1.0;0.0;2000.0;REF1002
REC715;SP132;USA.1_2;RLM9;0.0;0.0;1.0;;1.0;0.0;;REF1002
REC716;SP132;USA.1_2;RLM9;0.0;0.0;1.0;;1.0;0.0;1889.0;REF1007
REC717;SP132;USA.1_1;RLM9;0.0;0.0;1.0;;1.0;0.0;;REF1007
REC718;SP132;USA.1_1;RLM9;0.0;0.0;;;1.0;0.0;;REF1195
REC719;SP132;USA.1_2;RLM9;;0.0;1.0;;1.0;;;REF394
REC720;SP132;CAN.1_1;RLM9;0.0;0.0;1.0;;1.0;0.0;;REF1002
REC721;SP132;USA.1_1;RLM9;0.0;0.0;1.0;;1.0;0.0;1889.0;REF1002
REC722;SP133;CAN.1_1;RLM9;0.0;0.0;1.0;;1.0;0.0;2005.0;REF394
REC723;SP133;CAN.1_1;RLM9;0.0;0.0;1.0;0.0;1.0;0.0;2005.0;REF1002
REC724;SP134;CAN.1_1;RLM9;;;1.0;;1.0;0.0;2005.0;REF152
REC725;SP134;CAN.1_1;RLM9;;;1.0;;1.0;0.0;2005.0;REF152
REC726;SP135;NZL.1_1;RLM2;0.0;1.0;1.0;0.0;1.0;0.0;1984.0;REF1166
REC727;SP135;USA.1_1;RLM9;0.0;1.0;1.0;0.0;1.0;0.0;1972.0;REF1166
REC728;SP135;AUS.1_1;RLM2;0.0;1.0;1.0;0.0;1.0;0.0;1997.0;REF1166
REC729;SP136;USA.2_1;RLM9;;;1.0;;1.0;0.0;2018.0;REF1096
REC730;SP136;USA.2_1;RLM9;0.0;0.0;1.0;;1.0;0.0;2018.0;REF1007
REC731;SP137;ESP.1_1;RLM11;;;1.0;;1.0;0.0;1999.0;REF957
REC732;SP137;FRA.1_1;RLM11;;;1.0;;1.0;0.0;;REF957
REC733;SP137;FRA.1_1;RLM11;0.0;0.0;1.0;;1.0;0.0;;REF683
REC734;SP137;ESP.1_1;RLM11;0.0;0.0;1.0;;1.0;0.0;;REF683
REC735;SP138;CAN.1_1;RLM9;0.0;0.0;1.0;;1.0;0.0;1897.0;REF1002
REC736;SP138;USA.1_1;RLM9;0.0;0.0;1.0;;1.0;0.0;1896.0;REF1007
REC737;SP138;USA.1_1;RLM9;0.0;0.0;;;1.0;0.0;;REF1195
REC738;SP138;USA.1_1;RLM9;0.0;0.0;1.0;;1.0;0.0;;REF1002
REC739;SP139;GBR.1_1;RLM11;;;1.0;;1.0;0.0;1997.0;REF1096
REC740;SP139;GBR.1_1;RLM11;;;1.0;;1.0;0.0;;REF542
REC741;SP139;GBR.1_1;RLM11;;;1.0;;1.0;0.0;;REF957
REC742;SP139;GBR.1_1;RLM11;0.0;0.0;1.0;;1.0;0.0;;REF683
REC743;SP140;LTU.1_1;RLM11;0.0;0.0;1.0;;1.0;0.0;;REF683
REC744;SP141;CAN.1_1;RLM9;0.0;0.0;1.0;0.0;1.0;0.0;2009.0;REF1002
REC745;SP141;CAN.1_1;RLM9;;;1.0;;1.0;0.0;2007.0;REF152
REC746;SP141;CAN.1_1;RLM9;;;1.0;;1.0;0.0;;REF152
REC747;SP141;USA.1_1;RLM9;;;1.0;;1.0;0.0;2011.0;REF152
REC748;SP141;CAN.1_1;RLM9;;;1.0;;1.0;0.0;2007.0;REF152
REC749;SP141;USA.1_1;RLM9;;;1.0;;1.0;0.0;2011.0;REF152
REC750;SP141;USA.1_1;RLM9;0.0;0.0;1.0;;1.0;0.0;2012.0;REF1007
REC751;SP141;USA.1_1;RLM9;0.0;0.0;;;1.0;0.0;;REF1195
REC752;SP141;USA.1_1;RLM9;0.0;0.0;1.0;1.0;1.0;0.0;2011.0;REF1002
REC753;SP142;AUT.1_1;RLM11;;;1.0;;1.0;0.0;;REF542
REC754;SP142;HRV.1_1;RLM11;;;1.0;;1.0;0.0;;REF542
REC755;SP142;CZE.1_1;RLM11;;;1.0;;1.0;0.0;;REF542
REC756;SP142;SVN.1_1;RLM11;;;1.0;;1.0;0.0;;REF542
REC757;SP142;NLD.1_1;RLM11;;;1.0;;1.0;0.0;;REF542
REC758;SP142;ROU.1_1;RLM11;;;1.0;;1.0;0.0;;REF542
REC759;SP142;POL.1_1;RLM11;;;1.0;;1.0;0.0;;REF542
REC760;SP142;BEL.1_1;RLM11;;;1.0;;1.0;0.0;;REF957
REC761;SP142;CZE.1_1;RLM11;;;1.0;;1.0;0.0;;REF957
REC762;SP142;HUN.1_1;RLM11;;;1.0;;1.0;0.0;;REF957
REC763;SP142;POL.1_1;RLM11;;;1.0;;1.0;0.0;;REF957
REC764;SP142;SVN.1_1;RLM11;;;1.0;;1.0;0.0;;REF957
REC765;SP142;AUT.1_1;RLM11;;;1.0;;1.0;0.0;;REF957
REC766;SP142;BGR.1_1;RLM11;;;1.0;;1.0;0.0;;REF957
REC767;SP142;DEU.1_1;RLM11;;;1.0;;1.0;0.0;;REF957
REC768;SP142;NLD.1_1;RLM11;;;1.0;;1.0;0.0;;REF957
REC769;SP142;SVK.1_1;RLM11;;;1.0;;1.0;0.0;;REF957
REC770;SP142;CHE.1_1;RLM11;;;1.0;;1.0;0.0;1993.0;REF957
REC771;SP142;AUT.1_1;RLM11;0.0;0.0;1.0;;1.0;0.0;;REF683
REC772;SP142;BEL.1_1;RLM11;0.0;0.0;1.0;;1.0;0.0;;REF683
REC773;SP142;BGR.1_1;RLM11;0.0;0.0;1.0;;1.0;0.0;;REF683
REC774;SP142;CZE.1_1;RLM11;0.0;0.0;1.0;;1.0;0.0;;REF683
REC775;SP142;DEU.1_1;RLM11;0.0;0.0;1.0;;1.0;0.0;;REF683
REC776;SP142;HUN.1_1;RLM11;0.0;0.0;1.0;;1.0;0.0;;REF683
REC777;SP142;NLD.1_1;RLM11;0.0;0.0;1.0;;1.0;0.0;;REF683
REC778;SP142;POL.1_1;RLM11;0.0;0.0;1.0;;1.0;0.0;;REF683
REC779;SP142;SVK.1_1;RLM11;0.0;0.0;1.0;;1.0;0.0;;REF683
REC780;SP142;SVN.1_1;RLM11;0.0;0.0;1.0;;1.0;0.0;;REF683
REC781;SP142;CHE.1_1;RLM11;0.0;0.0;1.0;;1.0;0.0;;REF683
REC782;SP142;ROU.1_1;RLM11;0.0;0.0;1.0;;;0.0;2000.0;REF1073
REC783;SP143;GBR.1_1;RLM11;;;1.0;;1.0;0.0;1982.0;REF1096
REC784;SP143;POL.1_1;RLM11;;;1.0;;1.0;0.0;;REF542
REC785;SP143;NOR.1_1;RLM11;;;1.0;;1.0;0.0;;REF542
REC786;SP143;GBR.1_1;RLM11;;;1.0;;1.0;0.0;;REF542
REC787;SP143;NLD.1_1;RLM11;;;1.0;;1.0;0.0;;REF542
REC788;SP143;SVN.1_1;RLM11;;;1.0;;1.0;0.0;;REF542
REC789;SP143;BEL.1_1;RLM11;;;;;1.0;0.0;;REF152
REC790;SP143;CZE.1_1;RLM11;;;1.0;;1.0;0.0;1995.0;REF152
REC791;SP143;DNK.1_1;RLM11;;;;;1.0;0.0;;REF152
REC792;SP143;DEU.1_1;RLM11;;;1.0;;1.0;0.0;1985.0;REF152
REC793;SP143;HUN.1_1;RLM11;;;;;1.0;0.0;;REF152
REC794;SP143;NLD.1_1;RLM11;;;;;1.0;0.0;;REF152
REC795;SP143;NOR.1_1;RLM11;;;1.0;;1.0;0.0;1848.0;REF152
REC796;SP143;SVK.1_1;RLM11;;;;;1.0;0.0;;REF152
REC797;SP143;SVN.1_1;RLM11;;;;;1.0;0.0;;REF152
REC798;SP143;SWE.1_1;RLM11;;;;;1.0;0.0;;REF152
REC799;SP143;GBR.1_1;RLM11;;;1.0;;1.0;0.0;1982.0;REF152
REC800;SP143;BEL.1_1;RLM11;0.0;0.0;1.0;;1.0;0.0;;REF683
REC801;SP143;CZE.1_1;RLM11;0.0;0.0;1.0;;1.0;0.0;;REF683
REC802;SP143;DNK.1_1;RLM11;0.0;0.0;1.0;;1.0;0.0;;REF683
REC803;SP143;DEU.1_1;RLM11;0.0;0.0;1.0;;1.0;0.0;;REF683
REC804;SP143;HUN.1_1;RLM11;0.0;0.0;1.0;;1.0;0.0;;REF683
REC805;SP143;LVA.1_1;RLM11;0.0;0.0;1.0;;1.0;0.0;;REF683
REC806;SP143;NLD.1_1;RLM11;0.0;0.0;1.0;;1.0;0.0;;REF683
REC807;SP143;POL.1_1;RLM11;0.0;0.0;1.0;;1.0;0.0;;REF683
REC808;SP143;SVK.1_1;RLM11;0.0;0.0;1.0;;1.0;0.0;;REF683
REC809;SP143;SVN.1_1;RLM11;0.0;0.0;1.0;;1.0;0.0;;REF683
REC810;SP143;SWE.1_1;RLM11;0.0;0.0;1.0;;1.0;0.0;;REF683
REC811;SP143;GBR.1_1;RLM11;0.0;0.0;1.0;;1.0;0.0;;REF683
REC812;SP143;ROU.1_1;RLM11;0.0;0.0;1.0;;;0.0;2000.0;REF1073
REC813;SP143;NOR.1_1;RLM11;0.0;0.0;1.0;1.0;;0.0;2005.0;REF973
REC814;SP144;USA.1_1;RLM9;0.0;0.0;;;1.0;0.0;;REF1002
REC815;SP145;USA.1_1;RLM9;0.0;0.0;1.0;;1.0;0.0;1970.0;REF1002
REC816;SP146;USA.2_1;RLM9;0.0;0.0;1.0;;1.0;0.0;1999.0;REF1007
REC817;SP146;USA.2_1;RLM9;0.0;0.0;;;1.0;;;REF47
REC818;SP147;JPN.1_1;RLM6;;;1.0;;1.0;0.0;;REF697
REC819;SP147;JPN.1_1;RLM6;;;1.0;;1.0;0.0;1983.0;REF1096
REC820;SP147;JPN.1_1;RLM6;0.0;0.0;;;1.0;0.0;;REF1195
REC821;SP148;ZAF.1_1;RLM3;;;1.0;;1.0;0.0;;REF697
REC822;SP148;ZAF.1_1;RLM3;;1.0;1.0;;1.0;0.0;;REF1096
REC823;SP149;AUS.1_1;RLM2;;;1.0;;1.0;0.0;;REF697
REC824;SP149;AUS.1_1;RLM2;0.0;1.0;1.0;0.0;1.0;0.0;1969.0;REF270
REC825;SP150;NZL.1_1;RLM2;;;1.0;;1.0;0.0;;REF697
REC826;SP150;NZL.1_1;RLM2;;;1.0;;1.0;0.0;1974.0;REF1096
REC827;SP151;NZL.1_1;RLM2;;;1.0;;1.0;0.0;;REF697
REC828;SP151;NZL.1_1;RLM2;;;1.0;;1.0;0.0;1926.0;REF1096
REC829;SP152;NZL.1_1;RLM2;;;1.0;;1.0;0.0;;REF697
REC830;SP152;NZL.1_1;RLM2;;;1.0;;1.0;0.0;1996.0;REF1096
REC831;SP152;NZL.1_1;RLM2;0.0;0.0;1.0;0.0;1.0;0.0;1996.0;REF493
REC832;SP153;USA.2_1;RLM9;;;1.0;;1.0;0.0;;REF697
REC833;SP153;USA.2_1;RLM9;;;1.0;;1.0;0.0;1928.0;REF1096
REC834;SP153;USA.2_1;RLM9;0.0;0.0;1.0;;1.0;0.0;;REF1007
REC835;SP153;USA.2_1;RLM9;0.0;0.0;;;1.0;0.0;;REF1195
REC836;SP153;DNK.1_1;RLM11;;;1.0;;1.0;0.0;;REF542
REC837;SP153;FRA.1_1;RLM11;;;1.0;;1.0;0.0;;REF542
REC838;SP153;DNK.1_1;RLM11;;;;;1.0;0.0;;REF152
REC839;SP154;MLT.1_1;RLM8;;;1.0;;1.0;0.0;;REF957
REC840;SP154;MLT.1_1;RLM8;;;1.0;;1.0;0.0;2001.0;REF152
REC841;SP154;MNE.1_1;RLM11;0.0;0.0;1.0;;1.0;0.0;;REF683
REC842;SP155;ECU.2_1;RLM1;;;1.0;;1.0;0.0;;REF697
REC843;SP155;ECU.2_1;RLM1;;;1.0;;1.0;0.0;;REF1096
REC844;SP156;ECU.2_1;RLM1;;;1.0;;1.0;0.0;;REF697
REC845;SP156;ECU.2_1;RLM1;;;1.0;;1.0;0.0;1906.0;REF1096
REC846;SP156;USA.2_1;RLM9;0.0;0.0;1.0;;1.0;0.0;2017.0;REF1007
REC847;SP156;USA.2_1;RLM9;0.0;0.0;;;1.0;;;REF47
REC848;SP157;JPN.1_1;RLM6;0.0;0.0;;;1.0;0.0;;REF1195
REC849;SP157;JPN.1_1;RLM10;;;1.0;;1.0;0.0;;REF697
REC850;SP157;JPN.1_1;RLM10;;;1.0;;1.0;0.0;1999.0;REF1096
REC851;SP157;JPN.1_1;RLM6;0.0;0.0;1.0;0.0;1.0;;1964.0;REF490
REC852;SP157;JPN.1_1;RLM10;0.0;0.0;1.0;0.0;1.0;;1962.0;REF490
REC853;SP158;USA.2_1;RLM9;;;1.0;;1.0;0.0;;REF697
REC854;SP158;USA.2_1;RLM9;;;1.0;;1.0;0.0;1982.0;REF1096
REC855;SP158;USA.2_1;RLM9;0.0;0.0;1.0;;1.0;0.0;;REF1007
REC856;SP158;USA.2_1;RLM9;0.0;0.0;1.0;;1.0;0.0;;REF1195
REC857;SP158;USA.2_1;RLM9;0.0;;1.0;;1.0;0.0;;REF49
REC858;SP159;USA.2_1;RLM9;;;1.0;;1.0;0.0;;REF697
REC859;SP159;USA.2_1;RLM9;;1.0;1.0;;1.0;0.0;1965.0;REF1096
REC860;SP159;USA.2_1;RLM9;0.0;1.0;1.0;;1.0;0.0;;REF1007
REC861;SP159;USA.2_1;RLM9;0.0;1.0;;;1.0;0.0;;REF1195
REC862;SP159;USA.2_1;RLM9;0.0;1.0;;;0.0;;;REF47
REC863;SP160;USA.2_1;RLM9;;;1.0;;1.0;0.0;;REF697
REC864;SP160;USA.2_1;RLM9;;1.0;1.0;;1.0;0.0;1969.0;REF1096
REC865;SP160;USA.2_1;RLM9;0.0;1.0;1.0;;1.0;0.0;;REF1007
REC866;SP160;USA.2_1;RLM9;0.0;1.0;;;1.0;0.0;;REF1195
REC867;SP160;USA.2_1;RLM9;;;;;0.0;1.0;;REF47
REC868;SP161;NZL.1_1;RLM2;;;1.0;;1.0;0.0;;REF697
REC869;SP161;NZL.1_1;RLM2;;;1.0;;1.0;0.0;1973.0;REF1096
REC870;SP161;NZL.1_1;RLM2;0.0;0.0;0.0;1.0;1.0;0.0;;REF948
REC871;SP162;USA.2_1;RLM9;;;1.0;;1.0;0.0;;REF697
REC872;SP162;USA.2_1;RLM9;;;1.0;;1.0;0.0;1906.0;REF1096
REC873;SP162;USA.2_1;RLM9;0.0;0.0;1.0;;1.0;0.0;;REF1007
REC874;SP162;USA.2_1;RLM9;0.0;0.0;;;1.0;0.0;;REF1195
REC875;SP163;CAN.1_1;RLM9;0.0;0.0;;;1.0;0.0;;REF1002
REC876;SP163;USA.1_1;RLM9;0.0;0.0;;;1.0;0.0;;REF1002
REC877;SP164;CAN.1_1;RLM9;0.0;0.0;1.0;0.0;1.0;0.0;;REF1002
REC878;SP165;CAN.1_1;RLM9;0.0;0.0;1.0;;1.0;0.0;;REF1002
REC879;SP165;USA.1_1;RLM9;;;;;1.0;0.0;;REF152
REC880;SP165;USA.1_1;RLM9;;;;;1.0;0.0;;REF152
REC881;SP165;USA.1_1;RLM9;;;;;1.0;0.0;;REF152
REC882;SP165;USA.1_1;RLM9;;;1.0;;1.0;0.0;1929.0;REF152
REC883;SP165;USA.1_1;RLM9;0.0;0.0;1.0;;1.0;0.0;1987.0;REF1007
REC884;SP165;USA.1_1;RLM9;0.0;0.0;;;1.0;0.0;;REF1195
REC885;SP165;USA.1_1;RLM9;0.0;0.0;1.0;;1.0;0.0;;REF1002
REC886;SP166;USA.1_1;RLM9;0.0;0.0;1.0;;0.0;0.0;;REF394
REC887;SP166;USA.1_1;RLM9;0.0;0.0;;;1.0;0.0;;REF1195
REC888;SP167;AUS.1_1;RLM2;;;1.0;;1.0;0.0;;REF697
REC889;SP167;ZAF.1_1;RLM3;0.0;1.0;1.0;;0.0;0.0;;REF55
REC890;SP168;USA.1_1;RLM9;0.0;0.0;1.0;;1.0;0.0;1975.0;REF1007
REC891;SP168;USA.1_1;RLM9;0.0;0.0;;;1.0;0.0;;REF1195
REC892;SP168;USA.1_1;RLM9;0.0;0.0;1.0;;1.0;0.0;;REF1002
REC893;SP169;FRA.1_1;RLM11;;;1.0;;1.0;0.0;;REF542
REC894;SP170;USA.2_1;RLM9;;;1.0;;1.0;0.0;;REF697
REC895;SP170;USA.2_1;RLM9;;;1.0;;1.0;0.0;1877.0;REF1096
REC896;SP170;USA.2_1;RLM9;0.0;0.0;1.0;;1.0;0.0;;REF1007
REC897;SP170;USA.2_1;RLM9;1.0;0.0;;;1.0;0.0;;REF1195
REC898;SP171;LCA.1_1;RLM1;;;1.0;;1.0;0.0;2001.0;REF152
REC899;SP172;USA.2_1;RLM9;0.0;;1.0;;1.0;0.0;;REF50
REC900;SP173;ECU.2_1;RLM1;;;1.0;;1.0;0.0;;REF697
REC901;SP173;ECU.2_1;RLM1;;;1.0;;1.0;0.0;1989.0;REF1096
REC902;SP173;ECU.2_1;RLM1;0.0;0.0;1.0;0.0;1.0;0.0;;REF929
REC903;SP174;USA.2_1;RLM9;;;1.0;;1.0;0.0;;REF697
REC904;SP174;USA.2_1;RLM9;;;1.0;;1.0;0.0;1885.0;REF1096
REC905;SP174;USA.2_1;RLM9;0.0;0.0;1.0;;1.0;0.0;;REF1007
REC906;SP174;USA.2_1;RLM9;0.0;0.0;1.0;;1.0;0.0;;REF1195
REC907;SP175;USA.2_1;RLM9;;;1.0;;1.0;0.0;;REF697
REC908;SP175;USA.2_1;RLM9;;1.0;1.0;;1.0;0.0;1922.0;REF1096
REC909;SP175;USA.2_1;RLM9;0.0;1.0;1.0;;1.0;0.0;1922.0;REF1007
REC910;SP175;USA.2_1;RLM9;0.0;1.0;;;1.0;0.0;;REF1195
REC911;SP176;ECU.2_1;RLM1;;;1.0;;1.0;0.0;;REF697
REC912;SP176;ECU.2_1;RLM1;;;1.0;;1.0;0.0;1970.0;REF1096
REC913;SP177;NZL.1_1;RLM2;;;1.0;;1.0;0.0;;REF697
REC914;SP177;NZL.1_1;RLM2;;;1.0;;1.0;0.0;1984.0;REF1096
REC915;SP178;GBR.1_1;RLM11;;;1.0;;1.0;0.0;2004.0;REF1096
REC916;SP178;GBR.1_1;RLM11;0.0;0.0;1.0;0.0;1.0;0.0;2004.0;REF478
REC917;SP179;NZL.1_1;RLM2;;;1.0;;1.0;0.0;;REF697
REC918;SP179;NZL.1_1;RLM2;;;1.0;;1.0;0.0;1979.0;REF1096
REC919;SP179;NZL.1_1;RLM2;0.0;0.0;1.0;0.0;1.0;0.0;1979.0;REF493
REC920;SP180;NZL.1_1;RLM2;;;1.0;;1.0;0.0;;REF697
REC921;SP180;NZL.1_1;RLM2;;;1.0;;1.0;0.0;;REF697
REC922;SP180;NZL.1_1;RLM2;;;1.0;;1.0;0.0;1908.0;REF1096
REC923;SP181;NZL.1_1;RLM2;;;1.0;;1.0;0.0;;REF697
REC924;SP181;NZL.1_1;RLM2;;;1.0;;1.0;0.0;1909.0;REF1096
REC925;SP181;NZL.1_1;RLM2;0.0;0.0;1.0;0.0;1.0;0.0;;REF1179
REC926;SP182;NZL.1_1;RLM2;;;1.0;;1.0;0.0;;REF697
REC927;SP182;NZL.1_1;RLM2;;;1.0;;1.0;0.0;1928.0;REF1096
REC928;SP182;NZL.1_1;RLM2;0.0;0.0;1.0;0.0;1.0;0.0;;REF1179
REC929;SP183;CAN.1_1;RLM9;0.0;0.0;1.0;;1.0;0.0;;REF1002
REC930;SP183;USA.1_1;RLM9;0.0;0.0;1.0;;1.0;0.0;1931.0;REF1007
REC931;SP183;USA.1_1;RLM9;0.0;0.0;;;1.0;0.0;;REF1195
REC932;SP183;USA.1_1;RLM9;0.0;0.0;1.0;;1.0;0.0;;REF1002
REC933;SP184;ISR.1_1;RLM8;0.0;0.0;1.0;;1.0;0.0;;REF102
REC934;SP185;FRA.1_1;RLM11;;;1.0;;1.0;0.0;;REF542
REC935;SP186;USA.2_1;RLM9;;;1.0;;1.0;0.0;;REF697
REC936;SP186;USA.2_1;RLM9;;;1.0;;1.0;0.0;1915.0;REF1096
REC937;SP186;USA.2_1;RLM9;1.0;0.0;;;1.0;0.0;;REF1195
REC938;SP187;CAN.1_1;RLM9;0.0;0.0;1.0;;1.0;0.0;;REF1002
REC939;SP187;USA.1_1;RLM9;0.0;0.0;1.0;;1.0;0.0;;REF1002
REC940;SP188;USA.1_1;RLM9;0.0;0.0;1.0;;1.0;0.0;;REF1007
REC941;SP188;USA.1_1;RLM9;0.0;0.0;;;1.0;0.0;;REF1195
REC942;SP189;CAN.1_1;RLM9;0.0;0.0;;;1.0;0.0;;REF1002
REC943;SP189;BRA.1_1;RLM1;0.0;0.0;1.0;;1.0;0.0;2022.0;REF153
REC944;SP189;BRA.1_1;RLM1;0.0;0.0;1.0;;1.0;0.0;2018.0;REF278
REC945;SP189;AUS.1_1;RLM2;;;1.0;;1.0;0.0;;REF697
REC946;SP189;IRL.1_1;RLM11;;;1.0;;1.0;0.0;;REF542
REC947;SP189;USA.1_1;RLM9;0.0;0.0;1.0;;1.0;0.0;1865.0;REF1007
REC948;SP189;USA.1_1;RLM9;0.0;0.0;;;1.0;0.0;;REF1195
REC949;SP189;USA.1_1;RLM9;0.0;0.0;;;1.0;0.0;;REF1002
REC950;SP190;USA.1_1;RLM9;0.0;0.0;;1.0;;0.0;1984.0;REF358
REC951;SP190;USA.1_1;RLM9;0.0;0.0;1.0;;1.0;0.0;1984.0;REF1007
REC952;SP190;USA.1_1;RLM9;0.0;0.0;;;1.0;0.0;;REF1195
REC953;SP190;USA.1_1;RLM9;0.0;0.0;1.0;;1.0;0.0;1987.0;REF1002
REC954;SP191;USA.2_1;RLM9;;;1.0;;1.0;0.0;1945.0;REF1096
REC955;SP191;USA.2_1;RLM9;0.0;0.0;1.0;;1.0;0.0;1945.0;REF1007
REC956;SP192;MLT.1_1;RLM8;;;1.0;;1.0;0.0;;REF957
REC957;SP192;MLT.1_1;RLM8;;;;;1.0;0.0;;REF152
REC958;SP192;MNE.1_1;RLM11;0.0;0.0;1.0;;1.0;0.0;;REF683
REC959;SP193;NZL.1_1;RLM2;;;1.0;;1.0;0.0;;REF697
REC960;SP193;NZL.1_1;RLM2;;;1.0;;1.0;0.0;1923.0;REF1096
REC961;SP194;FRA.1_1;RLM11;;;1.0;;1.0;0.0;;REF542
REC962;SP194;IRL.1_1;RLM11;;;1.0;;1.0;0.0;;REF542
REC963;SP194;FRA.1_1;RLM11;;;1.0;;1.0;0.0;;REF957
REC964;SP194;IRL.1_1;RLM11;;;1.0;;1.0;0.0;1902.0;REF957
REC965;SP194;GBR.1_1;RLM11;;;1.0;;1.0;0.0;;REF957
REC966;SP194;NLD.1_1;RLM11;;;1.0;;1.0;0.0;;REF957
REC967;SP194;BEL.1_1;RLM11;0.0;0.0;1.0;;1.0;0.0;;REF683
REC968;SP194;FRA.1_1;RLM11;0.0;0.0;1.0;;1.0;0.0;;REF683
REC969;SP194;IRL.1_1;RLM11;0.0;0.0;1.0;;1.0;0.0;;REF683
REC970;SP194;NLD.1_1;RLM11;0.0;0.0;1.0;;1.0;0.0;;REF683
REC971;SP194;GBR.1_1;RLM11;0.0;0.0;1.0;;1.0;0.0;;REF683
REC972;SP195;IRL.1_1;RLM11;;;1.0;;1.0;0.0;;REF542
REC973;SP196;FRA.1_1;RLM11;;;1.0;;1.0;0.0;;REF542
REC974;SP197;USA.2_1;RLM9;;;1.0;;1.0;0.0;;REF697
REC975;SP197;USA.2_1;RLM9;;;1.0;;1.0;0.0;1907.0;REF1096
REC976;SP197;USA.2_1;RLM9;0.0;0.0;1.0;;1.0;0.0;;REF1007
REC977;SP197;USA.2_1;RLM9;1.0;0.0;;;1.0;0.0;;REF1195
REC978;SP197;USA.2_1;RLM9;0.0;;1.0;;1.0;0.0;;REF47
REC979;SP198;DNK.1_1;RLM11;;;1.0;;1.0;0.0;;REF542
REC980;SP198;IRL.1_1;RLM11;;;1.0;;1.0;0.0;;REF957
REC981;SP198;GBR.1_1;RLM11;;;1.0;;1.0;0.0;1946.0;REF957
REC982;SP198;IRL.1_1;RLM11;0.0;0.0;1.0;;1.0;0.0;;REF683
REC983;SP198;GBR.1_1;RLM11;0.0;0.0;1.0;;1.0;0.0;;REF683
REC984;SP199;NZL.1_1;RLM2;;;1.0;;1.0;0.0;;REF697
REC985;SP199;NZL.1_1;RLM2;;;1.0;;1.0;0.0;1988.0;REF1096
REC986;SP200;FRA.1_1;RLM11;;;1.0;;1.0;0.0;;REF542
REC987;SP200;GBR.1_1;RLM11;;;1.0;;1.0;0.0;2014.0;REF152
REC988;SP200;USA.1_1;RLM9;0.0;0.0;1.0;;1.0;0.0;2000.0;REF1007
REC989;SP200;FRA.1_1;RLM11;0.0;0.0;1.0;;1.0;0.0;;REF683
REC990;SP200;USA.1_1;RLM9;0.0;0.0;1.0;0.0;1.0;0.0;;REF1002
REC991;SP201;GBR.1_1;RLM11;;;1.0;;1.0;0.0;1998.0;REF957
REC992;SP201;GBR.1_1;RLM11;0.0;0.0;1.0;;1.0;0.0;;REF683
REC993;SP202;NZL.1_1;RLM2;;;1.0;;1.0;0.0;;REF697
REC994;SP202;NZL.1_1;RLM2;;;1.0;;1.0;0.0;;REF1096
REC995;SP202;FRA.1_1;RLM11;;;1.0;;1.0;0.0;;REF542
REC996;SP202;USA.1_1;RLM9;0.0;0.0;1.0;;1.0;0.0;2009.0;REF1007
REC997;SP202;USA.1_1;RLM9;0.0;0.0;1.0;0.0;1.0;0.0;;REF1002
REC998;SP203;IRL.1_1;RLM11;;;1.0;;1.0;0.0;;REF542
REC999;SP203;IRL.1_1;RLM11;;;;;1.0;0.0;;REF152
REC1000;SP204;CAN.1_1;RLM9;0.0;0.0;;;1.0;0.0;;REF1002
REC1001;SP204;USA.1_1;RLM9;0.0;0.0;;;1.0;0.0;;REF1002
REC1002;SP205;USA.1_1;RLM9;0.0;0.0;;1.0;1.0;0.0;1986.0;REF358
REC1003;SP205;USA.1_1;RLM9;0.0;0.0;1.0;;1.0;0.0;1986.0;REF1007
REC1004;SP205;USA.1_1;RLM9;0.0;0.0;;;1.0;0.0;;REF1195
REC1005;SP206;NZL.1_1;RLM2;;;1.0;;1.0;0.0;1927.0;REF1096
REC1006;SP207;USA.2_1;RLM9;;;1.0;;1.0;0.0;;REF697
REC1007;SP207;USA.2_1;RLM9;;;1.0;;1.0;0.0;1910.0;REF1096
REC1008;SP207;USA.2_1;RLM9;0.0;0.0;1.0;;1.0;0.0;;REF1007
REC1009;SP207;USA.2_1;RLM9;0.0;0.0;;;1.0;0.0;;REF1195
REC1010;SP208;USA.2_1;RLM9;;;1.0;;1.0;0.0;;REF697
REC1011;SP208;USA.2_1;RLM9;;1.0;1.0;;1.0;0.0;1958.0;REF1096
REC1012;SP208;USA.2_1;RLM9;0.0;1.0;1.0;;1.0;0.0;1958.0;REF1007
REC1013;SP208;USA.2_1;RLM9;1.0;1.0;;;1.0;0.0;;REF1195
REC1014;SP209;CAN.1_1;RLM9;0.0;0.0;1.0;0.0;1.0;0.0;;REF1002
REC1015;SP210;AUS.1_1;RLM2;;;1.0;;1.0;0.0;;REF697
REC1016;SP210;CAN.1_1;RLM9;;;1.0;;1.0;0.0;;REF542
REC1017;SP210;DNK.1_1;RLM11;;;1.0;;1.0;0.0;;REF542
REC1018;SP210;NPL.1_1;RLM10;;;1.0;;1.0;0.0;;REF542
REC1019;SP210;USA.1_1;RLM9;0.0;1.0;1.0;;1.0;0.0;;REF1007
REC1020;SP210;USA.1_1;RLM9;0.0;;;;1.0;0.0;;REF1195
REC1021;SP211;JPN.1_1;RLM6;;;1.0;;1.0;0.0;;REF697
REC1022;SP211;JPN.1_1;RLM6;;;1.0;;1.0;0.0;;REF1096
REC1023;SP211;JPN.1_1;RLM6;0.0;0.0;;;1.0;0.0;;REF1195
REC1024;SP212;CAN.1_1;RLM9;0.0;0.0;;;1.0;0.0;;REF1002
REC1025;SP212;USA.1_1;RLM9;0.0;0.0;;;1.0;0.0;;REF1002
REC1026;SP213;FRA.1_1;RLM11;;;1.0;;1.0;0.0;;REF542
REC1027;SP213;POL.1_1;RLM11;;;1.0;;1.0;0.0;;REF542
REC1028;SP213;FRA.1_1;RLM11;;;1.0;;1.0;0.0;1978.0;REF957
REC1029;SP213;POL.1_1;RLM11;;;1.0;;1.0;0.0;;REF957
REC1030;SP213;NLD.1_1;RLM11;;;1.0;;1.0;0.0;1987.0;REF957
REC1031;SP213;ESP.1_1;RLM11;;;1.0;;1.0;0.0;1981.0;REF957
REC1032;SP213;FRA.1_1;RLM11;;;1.0;;1.0;0.0;1978.0;REF152
REC1033;SP213;NLD.1_1;RLM11;;;1.0;;1.0;0.0;1987.0;REF152
REC1034;SP213;POL.1_1;RLM11;;;1.0;;1.0;0.0;1961.0;REF152
REC1035;SP213;ESP.1_1;RLM11;;;1.0;;1.0;0.0;1981.0;REF152
REC1036;SP213;FRA.1_1;RLM11;0.0;0.0;1.0;;1.0;0.0;;REF683
REC1037;SP213;NLD.1_1;RLM11;0.0;0.0;1.0;;1.0;0.0;;REF683
REC1038;SP213;POL.1_1;RLM11;0.0;0.0;1.0;;1.0;0.0;;REF683
REC1039;SP213;ESP.1_1;RLM11;0.0;0.0;1.0;;1.0;0.0;;REF683
REC1040;SP213;USA.2_1;RLM9;0.0;;1.0;;1.0;0.0;;REF49
REC1041;SP214;USA.2_1;RLM9;;;1.0;;1.0;0.0;;REF697
REC1042;SP214;USA.2_1;RLM9;;;1.0;;1.0;0.0;1986.0;REF1096
REC1043;SP214;USA.2_1;RLM9;0.0;0.0;1.0;;1.0;0.0;;REF1007
REC1044;SP214;USA.2_1;RLM9;0.0;0.0;;;1.0;0.0;;REF1195
REC1045;SP215;AUS.1_1;RLM2;;;1.0;;1.0;0.0;;REF697
REC1046;SP215;USA.1_1;RLM9;0.0;1.0;1.0;;1.0;0.0;2002.0;REF1007
REC1047;SP216;USA.2_1;RLM9;;;1.0;;1.0;0.0;;REF697
REC1048;SP216;USA.2_1;RLM9;;;1.0;;1.0;0.0;1978.0;REF1096
REC1049;SP216;USA.2_1;RLM9;0.0;0.0;1.0;;1.0;0.0;;REF1007
REC1050;SP216;USA.2_1;RLM9;0.0;0.0;;;1.0;0.0;;REF1195
REC1051;SP216;SAU.1_1;RLM8;;;1.0;;1.0;0.0;;REF542
REC1052;SP216;IRN.1_1;RLM8;0.0;0.0;1.0;;1.0;0.0;2023.0;REF704
REC1053;SP216;ARE.1_1;RLM8;0.0;0.0;1.0;;1.0;0.0;1990.0;REF704
REC1054;SP216;OMN.1_1;RLM8;0.0;0.0;1.0;;1.0;0.0;1990.0;REF704
REC1055;SP216;SAU.1_1;RLM8;0.0;0.0;1.0;;1.0;0.0;1990.0;REF704
REC1056;SP216;USA.2_1;RLM9;0.0;;1.0;;1.0;0.0;;REF48
REC1057;SP217;NLD.1_1;RLM11;;;1.0;;1.0;0.0;;REF542
REC1058;SP217;BEL.1_1;RLM11;0.0;0.0;1.0;;1.0;0.0;2006.0;REF1113
REC1059;SP217;DEU.1_1;RLM11;0.0;0.0;1.0;;1.0;0.0;2011.0;REF1113
REC1060;SP217;NLD.1_1;RLM11;0.0;0.0;1.0;;1.0;0.0;2006.0;REF1113
REC1061;SP218;FRA.1_1;RLM11;;;1.0;;1.0;0.0;;REF542
REC1062;SP218;NLD.1_1;RLM11;;;1.0;;1.0;0.0;;REF542
REC1063;SP218;FIN.1_1;RLM11;;;1.0;;1.0;0.0;;REF957
REC1064;SP218;ITA.1_1;RLM11;;;1.0;;1.0;0.0;;REF957
REC1065;SP218;FRA.1_1;RLM11;;;1.0;;1.0;0.0;;REF957
REC1066;SP218;ITA.1_1;RLM11;;;1.0;;1.0;0.0;2007.0;REF152
REC1067;SP218;FIN.1_1;RLM11;0.0;0.0;1.0;;1.0;0.0;;REF683
REC1068;SP218;FRA.1_1;RLM11;0.0;0.0;1.0;;1.0;0.0;;REF683
REC1069;SP218;ITA.1_1;RLM11;0.0;0.0;1.0;;1.0;0.0;;REF683
REC1070;SP219;AUS.1_1;RLM2;;;1.0;;1.0;0.0;;REF697
REC1071;SP220;AUS.1_1;RLM2;;;1.0;;1.0;0.0;;REF697
REC1072;SP220;AUS.1_1;RLM2;0.0;1.0;1.0;0.0;1.0;0.0;;REF729
REC1073;SP221;USA.2_1;RLM9;;;1.0;;1.0;0.0;;REF697
REC1074;SP221;USA.2_1;RLM9;;;1.0;;1.0;0.0;1971.0;REF1096
REC1075;SP221;USA.2_1;RLM9;0.0;0.0;1.0;;1.0;0.0;1973.0;REF1007
REC1076;SP221;USA.2_1;RLM9;1.0;0.0;;;1.0;0.0;;REF1195
REC1077;SP222;GBR.1_1;RLM11;;;1.0;;1.0;0.0;2006.0;REF1096
REC1078;SP222;GBR.1_1;RLM11;1.0;;;;1.0;;;REF239
REC1079;SP223;USA.2_1;RLM9;0.0;;1.0;;1.0;0.0;;REF49
REC1080;SP224;USA.1_1;RLM9;0.0;0.0;;;1.0;0.0;;REF1195
REC1081;SP225;CAN.1_1;RLM9;;;;;1.0;0.0;;REF152
REC1082;SP225;USA.1_1;RLM9;;;;;1.0;0.0;;REF152
REC1083;SP225;GBR.1_1;RLM11;;;;;1.0;0.0;;REF152
REC1084;SP225;USA.1_1;RLM9;;;;;1.0;0.0;;REF152
REC1085;SP225;GBR.1_1;RLM11;;;;;1.0;0.0;;REF152
REC1086;SP225;USA.1_1;RLM9;;;;;1.0;0.0;;REF152
REC1087;SP225;CAN.1_1;RLM9;;;;;1.0;0.0;;REF330
REC1088;SP225;CAN.1_1;RLM9;0.0;0.0;1.0;;1.0;0.0;2021.0;REF813
REC1089;SP225;USA.1_1;RLM9;;;;;0.0;0.0;;REF330
REC1090;SP225;GBR.1_1;RLM11;;;;;1.0;0.0;;REF152
REC1091;SP225;GBR.1_1;RLM11;;;;;1.0;0.0;;REF330
REC1092;SP225;GBR.1_1;RLM11;;;;;1.0;0.0;;REF330
REC1093;SP225;GBR.1_1;RLM11;;;;;1.0;0.0;;REF152
REC1094;SP225;USA.1_1;RLM9;;;;;1.0;0.0;;REF330
REC1095;SP225;GBR.1_1;RLM11;;;;;1.0;0.0;;REF330
REC1096;SP225;USA.1_1;RLM9;;;;;1.0;0.0;;REF330
REC1097;SP225;IRL.1_1;RLM11;;;1.0;;1.0;0.0;;REF542
REC1098;SP225;POL.1_1;RLM11;;;1.0;;1.0;0.0;;REF542
REC1099;SP225;DNK.1_1;RLM11;;;1.0;;1.0;0.0;;REF542
REC1100;SP225;RUS.1_2;RLM11;;;1.0;;1.0;0.0;;REF542
REC1101;SP225;NLD.1_1;RLM11;;;1.0;;1.0;0.0;;REF542
REC1102;SP225;CAN.1_1;RLM9;;;;;1.0;0.0;;REF330
REC1103;SP225;USA.1_1;RLM9;;;;;1.0;0.0;;REF330
REC1104;SP225;BEL.1_1;RLM11;;;;;1.0;0.0;;REF330
REC1105;SP225;CZE.1_1;RLM11;;;;;0.0;0.0;;REF330
REC1106;SP225;DNK.1_1;RLM11;;;;;1.0;0.0;;REF330
REC1107;SP225;DEU.1_1;RLM11;;;;;1.0;0.0;;REF330
REC1108;SP225;HUN.1_1;RLM11;;;;;1.0;0.0;;REF330
REC1109;SP225;IRL.1_1;RLM11;;;;;1.0;0.0;;REF330
REC1110;SP225;GBR.1_1;RLM11;;;;;1.0;0.0;;REF330
REC1111;SP225;LTU.1_1;RLM11;;;;;1.0;0.0;;REF330
REC1112;SP225;LUX.1_1;RLM11;;;;;1.0;0.0;;REF330
REC1113;SP225;NLD.1_1;RLM11;;;;;1.0;0.0;;REF330
REC1114;SP225;POL.1_1;RLM11;;;;;0.0;0.0;;REF330
REC1115;SP225;RUS.1_2;RLM11;;;;;1.0;0.0;;REF330
REC1116;SP225;SRB.1_1;RLM11;;;;;1.0;0.0;;REF330
REC1117;SP225;CHE.1_1;RLM11;;;;;1.0;0.0;;REF330
REC1118;SP225;GBR.1_1;RLM11;;;;;1.0;0.0;;REF330
REC1119;SP225;BEL.1_1;RLM11;;;;;1.0;0.0;;REF152
REC1120;SP225;CZE.1_1;RLM11;;;;;1.0;0.0;;REF152
REC1121;SP225;DNK.1_1;RLM11;;;;;1.0;0.0;;REF152
REC1122;SP225;DEU.1_1;RLM11;;;;;1.0;0.0;;REF152
REC1123;SP225;HUN.1_1;RLM11;;;;;1.0;0.0;;REF152
REC1124;SP225;IRL.1_1;RLM11;;;;;1.0;0.0;;REF152
REC1125;SP225;GBR.1_1;RLM11;;;;;1.0;0.0;;REF152
REC1126;SP225;LTU.1_1;RLM11;;;;;1.0;0.0;;REF152
REC1127;SP225;LUX.1_1;RLM11;;;;;1.0;0.0;;REF152
REC1128;SP225;NLD.1_1;RLM11;;;;;1.0;0.0;;REF152
REC1129;SP225;POL.1_1;RLM11;;;;;1.0;0.0;;REF152
REC1130;SP225;RUS.1_2;RLM11;;;;;1.0;0.0;;REF152
REC1131;SP225;SRB.1_1;RLM11;;;;;1.0;0.0;;REF152
REC1132;SP225;CHE.1_1;RLM11;;;;;1.0;0.0;;REF152
REC1133;SP225;GBR.1_1;RLM11;;;;;1.0;0.0;;REF152
REC1134;SP225;CAN.1_1;RLM9;;;;;1.0;0.0;;REF152
REC1135;SP225;USA.1_1;RLM9;;;;;1.0;0.0;;REF152
REC1136;SP225;USA.1_1;RLM9;0.0;0.0;1.0;;1.0;0.0;1964.0;REF1007
REC1137;SP225;BEL.1_1;RLM11;0.0;0.0;1.0;;1.0;0.0;;REF683
REC1138;SP225;CZE.1_1;RLM11;0.0;0.0;1.0;;1.0;0.0;;REF683
REC1139;SP225;DNK.1_1;RLM11;0.0;0.0;1.0;;1.0;0.0;;REF683
REC1140;SP225;DEU.1_1;RLM11;0.0;0.0;1.0;;1.0;0.0;;REF683
REC1141;SP225;HUN.1_1;RLM11;0.0;0.0;1.0;;1.0;0.0;;REF683
REC1142;SP225;LTU.1_1;RLM11;0.0;0.0;1.0;;1.0;0.0;;REF683
REC1143;SP225;LUX.1_1;RLM11;0.0;0.0;1.0;;1.0;0.0;;REF683
REC1144;SP225;NLD.1_1;RLM11;0.0;0.0;1.0;;1.0;0.0;;REF683
REC1145;SP225;IRL.1_1;RLM11;0.0;0.0;1.0;;1.0;0.0;;REF683
REC1146;SP225;CHE.1_1;RLM11;0.0;0.0;1.0;;1.0;0.0;;REF683
REC1147;SP225;GBR.1_1;RLM11;0.0;0.0;1.0;;1.0;0.0;;REF683
REC1148;SP225;SRB.1_1;RLM11;0.0;0.0;1.0;;1.0;0.0;;REF911
REC1149;SP225;USA.1_1;RLM9;0.0;0.0;1.0;0.0;1.0;0.0;1964.0;REF1002
REC1150;SP226;USA.1_1;RLM9;;;1.0;;1.0;0.0;;REF152
REC1151;SP226;GBR.3_1;RLM3;;;1.0;;1.0;0.0;1974.0;REF152
REC1152;SP226;USA.1_1;RLM9;;;1.0;;1.0;0.0;1989.0;REF152
REC1153;SP226;USA.2_1;RLM9;;;1.0;;1.0;0.0;1950.0;REF152
REC1154;SP226;USA.1_1;RLM9;;;;;1.0;0.0;;REF152
REC1155;SP226;USA.1_1;RLM9;;;1.0;;1.0;0.0;;REF152
REC1156;SP226;AUS.1_1;RLM2;;;;;1.0;0.0;;REF152
REC1157;SP226;AUS.1_1;RLM2;;;;;1.0;0.0;;REF152
REC1158;SP226;USA.1_1;RLM9;;;1.0;;1.0;0.0;;REF152
REC1159;SP226;USA.1_1;RLM9;;;;;1.0;0.0;;REF330
REC1160;SP226;USA.1_1;RLM9;0.0;0.0;1.0;1.0;1.0;0.0;;REF61
REC1161;SP226;USA.1_1;RLM9;;;;;1.0;0.0;;REF330
REC1162;SP226;USA.1_1;RLM9;;;;;1.0;0.0;;REF330
REC1163;SP226;USA.1_1;RLM9;0.0;0.0;1.0;1.0;1.0;0.0;1989.0;REF358
REC1164;SP226;USA.1_1;RLM9;0.0;0.0;1.0;1.0;1.0;0.0;1989.0;REF61
REC1165;SP226;USA.1_1;RLM9;0.0;1.0;1.0;0.0;1.0;0.0;2000.0;REF485
REC1166;SP226;USA.1_1;RLM9;0.0;0.0;1.0;;1.0;0.0;1989.0;REF561
REC1167;SP226;USA.1_1;RLM9;;;;;1.0;0.0;;REF330
REC1168;SP226;USA.1_1;RLM9;;;1.0;;1.0;0.0;;REF152
REC1169;SP226;USA.1_1;RLM9;0.0;0.0;1.0;1.0;1.0;0.0;;REF61
REC1170;SP226;USA.1_1;RLM9;0.0;0.0;1.0;1.0;1.0;0.0;2000.0;REF485
REC1171;SP226;USA.2_1;RLM9;;;1.0;;1.0;0.0;;REF697
REC1172;SP226;USA.2_1;RLM9;;1.0;1.0;;1.0;0.0;1950.0;REF1096
REC1173;SP226;USA.2_1;RLM9;0.0;;1.0;;1.0;0.0;;REF541
REC1174;SP226;USA.2_1;RLM9;;;;;1.0;0.0;;REF330
REC1175;SP226;USA.2_1;RLM9;0.0;1.0;1.0;;1.0;0.0;1950.0;REF1007
REC1176;SP226;USA.2_1;RLM9;0.0;1.0;;;1.0;0.0;;REF1195
REC1177;SP226;USA.1_1;RLM9;;;;;1.0;0.0;;REF330
REC1178;SP226;USA.1_1;RLM9;0.0;0.0;1.0;1.0;1.0;0.0;;REF979
REC1179;SP226;USA.1_1;RLM9;0.0;0.0;1.0;1.0;1.0;0.0;;REF61
REC1180;SP226;AUS.1_1;RLM2;;;;;1.0;0.0;;REF330
REC1181;SP226;USA.3_1;RLM7;0.0;;1.0;;1.0;0.0;;REF541
REC1182;SP226;AUS.1_1;RLM2;;;;;1.0;0.0;;REF330
REC1183;SP226;USA.1_1;RLM9;;;;;1.0;0.0;;REF330
REC1184;SP226;USA.1_1;RLM9;0.0;0.0;1.0;1.0;1.0;0.0;;REF61
REC1185;SP226;USA.1_1;RLM9;0.0;0.0;1.0;1.0;1.0;0.0;2002.0;REF485
REC1186;SP226;USA.3_1;RLM7;0.0;;1.0;;1.0;0.0;;REF541
REC1187;SP226;AUS.1_1;RLM2;;;1.0;;1.0;0.0;;REF697
REC1188;SP226;ZAF.1_1;RLM3;;;1.0;;1.0;0.0;;REF697
REC1189;SP226;ZAF.1_1;RLM3;;1.0;1.0;;1.0;0.0;1933.0;REF1096
REC1190;SP226;ATG.1_1;RLM7;0.0;;1.0;;1.0;0.0;;REF541
REC1191;SP226;AUS.1_1;RLM2;0.0;1.0;1.0;;1.0;0.0;;REF541
REC1192;SP226;BHS.1_1;RLM7;0.0;;1.0;;1.0;0.0;;REF541
REC1193;SP226;GBR.6_1;RLM7;0.0;;1.0;;1.0;0.0;;REF541
REC1194;SP226;CUB.1_1;RLM7;0.0;;1.0;;1.0;0.0;;REF541
REC1195;SP226;KEN.1_1;RLM3;0.0;;1.0;;1.0;0.0;;REF541
REC1196;SP226;GBR.6_1;RLM7;0.0;;1.0;;1.0;0.0;;REF541
REC1197;SP226;FRA.7_1;RLM5;0.0;;1.0;;1.0;0.0;;REF541
REC1198;SP226;PAK.1_1;RLM6;0.0;;1.0;;1.0;0.0;;REF541
REC1199;SP226;GBR.3_1;RLM3;0.0;1.0;1.0;;1.0;0.0;1974.0;REF541
REC1200;SP226;KNA.1_1;RLM7;0.0;;1.0;;1.0;0.0;;REF541
REC1201;SP226;ZAF.1_1;RLM3;0.0;;1.0;;1.0;0.0;;REF541
REC1202;SP226;USA.1_1;RLM9;0.0;;1.0;;1.0;0.0;;REF541
REC1203;SP226;BHS.1_1;RLM7;;;1.0;;1.0;0.0;;REF542
REC1204;SP226;MUS.1_1;RLM5;;;1.0;;1.0;0.0;;REF542
REC1205;SP226;ATG.1_1;RLM7;;;1.0;;1.0;0.0;;REF542
REC1206;SP226;KNA.1_1;RLM7;;;1.0;;1.0;0.0;;REF542
REC1207;SP226;DOM.1_1;RLM7;;;1.0;;1.0;0.0;;REF542
REC1208;SP226;JAM.1_1;RLM7;;;1.0;;1.0;0.0;;REF542
REC1209;SP226;ZAF.1_1;RLM3;;;1.0;;1.0;0.0;;REF542
REC1210;SP226;KEN.1_1;RLM3;;;1.0;;1.0;0.0;;REF542
REC1211;SP226;CUB.1_1;RLM7;;;1.0;;1.0;0.0;;REF542
REC1212;SP226;KEN.1_1;RLM3;;;;;0.0;0.0;;REF330
REC1213;SP226;MUS.1_1;RLM5;;;;;1.0;0.0;;REF330
REC1214;SP226;GBR.3_1;RLM3;;;;;1.0;0.0;;REF330
REC1215;SP226;ZAF.1_1;RLM3;;;;;1.0;0.0;;REF330
REC1216;SP226;ATG.1_1;RLM7;;;;;1.0;0.0;;REF330
REC1217;SP226;BHS.1_1;RLM7;;;;;1.0;0.0;;REF330
REC1218;SP226;GBR.6_1;RLM7;;;;;1.0;0.0;;REF330
REC1219;SP226;CUB.1_1;RLM7;;;;;1.0;0.0;;REF330
REC1220;SP226;DOM.1_1;RLM7;;;;;1.0;0.0;;REF330
REC1221;SP226;JAM.1_1;RLM7;;;;;1.0;0.0;;REF330
REC1222;SP226;MEX.1_1;RLM9;;;;;0.0;1.0;;REF330
REC1223;SP226;GBR.6_1;RLM7;;;;;1.0;0.0;;REF330
REC1224;SP226;USA.3_1;RLM7;;;;;1.0;0.0;;REF330
REC1225;SP226;KNA.1_1;RLM7;;;;;1.0;0.0;;REF330
REC1226;SP226;USA.1_1;RLM9;;;;;1.0;0.0;;REF330
REC1227;SP226;USA.3_1;RLM7;;;;;1.0;0.0;;REF330
REC1228;SP226;IND.1_1;RLM6;;;;;0.0;0.0;;REF330
REC1229;SP226;PAK.1_1;RLM6;;;;;1.0;0.0;;REF330
REC1230;SP226;AUS.1_1;RLM2;;;;;1.0;0.0;;REF330
REC1231;SP226;FRA.7_1;RLM5;;;;;1.0;0.0;;REF330
REC1232;SP226;KEN.1_1;RLM3;;;;;1.0;0.0;;REF152
REC1233;SP226;MUS.1_1;RLM5;;;;;1.0;0.0;;REF152
REC1234;SP226;GBR.3_1;RLM3;;;1.0;;1.0;0.0;1971.0;REF152
REC1235;SP226;ZAF.1_1;RLM3;;;1.0;;1.0;0.0;1933.0;REF152
REC1236;SP226;IND.1_1;RLM6;;;;;1.0;0.0;;REF152
REC1237;SP226;PAK.1_1;RLM6;;;;;1.0;0.0;;REF152
REC1238;SP226;ATG.1_1;RLM7;;;1.0;;1.0;0.0;;REF152
REC1239;SP226;BHS.1_1;RLM7;;;1.0;;1.0;0.0;;REF152
REC1240;SP226;GBR.6_1;RLM7;;;1.0;;1.0;0.0;;REF152
REC1241;SP226;CUB.1_1;RLM7;;;1.0;;1.0;0.0;;REF152
REC1242;SP226;DOM.1_1;RLM7;;;;;1.0;0.0;;REF152
REC1243;SP226;JAM.1_1;RLM7;;;;;1.0;0.0;;REF152
REC1244;SP226;MEX.1_1;RLM9;;;;;1.0;0.0;;REF152
REC1245;SP226;GBR.6_1;RLM7;;;1.0;;1.0;0.0;;REF152
REC1246;SP226;USA.3_1;RLM7;;;1.0;;1.0;0.0;;REF152
REC1247;SP226;KNA.1_1;RLM7;;;1.0;;1.0;0.0;;REF152
REC1248;SP226;USA.3_1;RLM7;;;1.0;;1.0;0.0;;REF152
REC1249;SP226;USA.1_1;RLM9;;;;;1.0;0.0;;REF152
REC1250;SP226;AUS.1_1;RLM2;;;1.0;;1.0;0.0;1933.0;REF152
REC1251;SP226;FRA.7_1;RLM5;;;1.0;;1.0;0.0;;REF152
REC1252;SP226;USA.1_1;RLM9;0.0;0.0;1.0;;1.0;0.0;1989.0;REF1007
REC1253;SP226;USA.1_1;RLM9;0.0;0.0;;;1.0;0.0;;REF1195
REC1254;SP226;MEX.1_1;RLM9;0.0;0.0;1.0;;1.0;0.0;2006.0;REF61
REC1255;SP226;ATG.1_1;RLM7;0.0;1.0;1.0;;1.0;0.0;1960.0;REF561
REC1256;SP226;KNA.1_1;RLM7;0.0;1.0;1.0;;1.0;0.0;1957.0;REF561
REC1257;SP226;ZAF.1_1;RLM3;0.0;1.0;1.0;;1.0;0.0;1932.0;REF872
REC1258;SP226;IND.1_1;RLM6;0.0;1.0;1.0;;1.0;0.0;1956.0;REF1005
REC1259;SP226;USA.1_1;RLM9;0.0;;1.0;;1.0;0.0;;REF1002
REC1260;SP227;AUS.1_1;RLM2;0.0;1.0;1.0;0.0;0.0;1.0;1921.0;REF731
REC1261;SP228;GBR.1_1;RLM11;;;;;1.0;0.0;;REF152
REC1262;SP228;ESP.3_1;RLM11;;;;;1.0;0.0;;REF330
REC1263;SP228;ESP.3_1;RLM11;;;;;1.0;0.0;;REF152
REC1264;SP228;ESP.3_1;RLM11;0.0;0.0;1.0;;1.0;0.0;;REF683
REC1265;SP228;FRA.2_1;RLM11;;;;;1.0;0.0;;REF330
REC1266;SP228;FRA.2_1;RLM11;;;;;1.0;0.0;;REF152
REC1267;SP228;FRA.2_1;RLM11;0.0;0.0;1.0;;1.0;0.0;;REF683
REC1268;SP228;GBR.1_1;RLM11;;;;;0.0;0.0;;REF330
REC1269;SP228;GBR.1_1;RLM11;;;;;0.0;0.0;;REF330
REC1270;SP228;GBR.1_1;RLM11;;;;;1.0;0.0;;REF152
REC1271;SP228;ESP.3_1;RLM11;0.0;0.0;1.0;0.0;1.0;0.0;1989.0;REF325
REC1272;SP228;ITA.2_1;RLM11;;;;;1.0;0.0;;REF330
REC1273;SP228;ITA.2_1;RLM11;;;;;1.0;0.0;;REF152
REC1274;SP228;ITA.2_1;RLM11;0.0;0.0;1.0;;1.0;0.0;;REF683
REC1275;SP228;ITA.2_1;RLM11;;;;;1.0;0.0;;REF330
REC1276;SP228;ITA.2_1;RLM11;;;1.0;;1.0;0.0;2003.0;REF152
REC1277;SP228;ITA.2_1;RLM11;0.0;0.0;1.0;;1.0;0.0;;REF683
REC1278;SP228;GBR.1_1;RLM11;;;1.0;;1.0;0.0;;REF542
REC1279;SP228;HRV.1_1;RLM11;;;1.0;;1.0;0.0;;REF542
REC1280;SP228;DEU.1_1;RLM11;;;1.0;;1.0;0.0;;REF542
REC1281;SP228;FRA.1_1;RLM11;;;1.0;;1.0;0.0;;REF542
REC1282;SP228;NLD.1_1;RLM11;;;1.0;;1.0;0.0;;REF542
REC1283;SP228;BEL.1_1;RLM11;;;1.0;;1.0;0.0;;REF542
REC1284;SP228;SVN.1_1;RLM11;;;1.0;;1.0;0.0;;REF542
REC1285;SP228;MAR.1_1;RLM8;;;;;0.0;0.0;;REF330
REC1286;SP228;ALB.1_1;RLM11;;;;;1.0;0.0;;REF330
REC1287;SP228;BEL.1_1;RLM11;;;;;0.0;0.0;;REF330
REC1288;SP228;BIH.1_1;RLM11;;;;;1.0;0.0;;REF330
REC1289;SP228;BGR.1_1;RLM11;;;;;1.0;0.0;;REF330
REC1290;SP228;HRV.1_1;RLM11;;;;;1.0;0.0;;REF330
REC1291;SP228;CZE.1_1;RLM11;;;;;0.0;0.0;;REF330
REC1292;SP228;FRA.1_1;RLM11;;;;;1.0;0.0;;REF330
REC1293;SP228;DEU.1_1;RLM11;;;;;0.0;0.0;;REF330
REC1294;SP228;GRC.1_1;RLM11;;;;;1.0;0.0;;REF330
REC1295;SP228;ITA.1_1;RLM11;;;;;1.0;0.0;;REF330
REC1296;SP228;MLT.1_1;RLM8;;;;;1.0;0.0;;REF330
REC1297;SP228;MNE.1_1;RLM11;;;;;1.0;0.0;;REF330
REC1298;SP228;NLD.1_1;RLM11;;;;;0.0;0.0;;REF330
REC1299;SP228;PRT.1_1;RLM11;;;;;1.0;0.0;;REF330
REC1300;SP228;SVN.1_1;RLM11;;;;;1.0;0.0;;REF330
REC1301;SP228;ESP.1_1;RLM11;;;;;1.0;0.0;;REF330
REC1302;SP228;CHE.1_1;RLM11;;;;;1.0;0.0;;REF330
REC1303;SP228;GBR.1_1;RLM11;;;;;0.0;0.0;;REF330
REC1304;SP228;HRV.1_1;RLM11;;;1.0;;1.0;0.0;2009.0;REF957
REC1305;SP228;FRA.1_1;RLM11;;;1.0;;1.0;0.0;;REF957
REC1306;SP228;GBR.1_1;RLM11;;;1.0;;1.0;0.0;;REF957
REC1307;SP228;ITA.2_1;RLM11;;;1.0;;1.0;0.0;;REF957
REC1308;SP228;MLT.1_1;RLM8;;;1.0;;1.0;0.0;;REF957
REC1309;SP228;ESP.3_1;RLM11;;;1.0;;1.0;0.0;;REF957
REC1310;SP228;CHE.1_1;RLM11;;;1.0;;1.0;0.0;2002.0;REF957
REC1311;SP228;BEL.1_1;RLM11;;;1.0;;1.0;0.0;;REF957
REC1312;SP228;FRA.2_1;RLM11;;;1.0;;1.0;0.0;;REF957
REC1313;SP228;DEU.1_1;RLM11;;;1.0;;1.0;0.0;;REF957
REC1314;SP228;ITA.2_1;RLM11;;;1.0;;1.0;0.0;;REF957
REC1315;SP228;ITA.1_1;RLM11;;;1.0;;1.0;0.0;;REF957
REC1316;SP228;PRT.1_1;RLM11;;;1.0;;1.0;0.0;;REF957
REC1317;SP228;ESP.1_1;RLM11;;;1.0;;1.0;0.0;;REF957
REC1318;SP228;MAR.1_1;RLM8;;;;;1.0;0.0;;REF152
REC1319;SP228;ALB.1_1;RLM11;;;;;1.0;0.0;;REF152
REC1320;SP228;BEL.1_1;RLM11;;;;;1.0;0.0;;REF152
REC1321;SP228;BIH.1_1;RLM11;;;;;1.0;0.0;;REF152
REC1322;SP228;BGR.1_1;RLM11;;;;;1.0;0.0;;REF152
REC1323;SP228;HRV.1_1;RLM11;;;;;1.0;0.0;;REF152
REC1324;SP228;CZE.1_1;RLM11;;;;;1.0;0.0;;REF152
REC1325;SP228;FRA.1_1;RLM11;;;;;1.0;0.0;1997.0;REF152
REC1326;SP228;DEU.1_1;RLM11;;;;;1.0;0.0;;REF152
REC1327;SP228;GRC.1_1;RLM11;;;;;1.0;0.0;;REF152
REC1328;SP228;ITA.1_1;RLM11;;;;;1.0;0.0;;REF152
REC1329;SP228;MLT.1_1;RLM8;;;1.0;;1.0;0.0;2007.0;REF152
REC1330;SP228;MNE.1_1;RLM11;;;;;1.0;0.0;;REF152
REC1331;SP228;NLD.1_1;RLM11;;;;;1.0;0.0;;REF152
REC1332;SP228;PRT.1_1;RLM11;;;;;1.0;0.0;;REF152
REC1333;SP228;SVN.1_1;RLM11;;;;;1.0;0.0;;REF152
REC1334;SP228;ESP.1_1;RLM11;;;;;1.0;0.0;;REF152
REC1335;SP228;CHE.1_1;RLM11;;;1.0;;1.0;0.0;2002.0;REF152
REC1336;SP228;GBR.1_1;RLM11;;;;;1.0;0.0;;REF152
REC1337;SP228;BEL.1_1;RLM11;0.0;0.0;1.0;;1.0;0.0;;REF683
REC1338;SP228;FRA.1_1;RLM11;0.0;0.0;1.0;;1.0;0.0;;REF683
REC1339;SP228;DEU.1_1;RLM11;0.0;0.0;1.0;;1.0;0.0;;REF683
REC1340;SP228;ITA.1_1;RLM11;0.0;0.0;1.0;;1.0;0.0;;REF683
REC1341;SP228;MLT.1_1;RLM8;0.0;0.0;1.0;;1.0;0.0;;REF683
REC1342;SP228;PRT.1_1;RLM11;0.0;0.0;1.0;;1.0;0.0;;REF683
REC1343;SP228;ESP.1_1;RLM11;0.0;0.0;1.0;;1.0;0.0;;REF683
REC1344;SP228;CHE.1_1;RLM11;0.0;0.0;1.0;;1.0;0.0;;REF683
REC1345;SP228;GBR.1_1;RLM11;0.0;0.0;1.0;;1.0;0.0;;REF683
REC1346;SP228;PRT.1_1;RLM11;0.0;0.0;1.0;;1.0;0.0;2006.0;REF706
REC1347;SP228;ESP.1_1;RLM11;0.0;0.0;1.0;;1.0;0.0;1989.0;REF706
REC1348;SP228;FRA.1_1;RLM11;0.0;0.0;1.0;;1.0;0.0;2005.0;REF706
REC1349;SP228;ITA.1_1;RLM11;0.0;0.0;1.0;;1.0;0.0;1996.0;REF706
REC1350;SP228;CHE.1_1;RLM11;0.0;0.0;1.0;;1.0;0.0;2003.0;REF706
REC1351;SP228;AUT.1_1;RLM11;0.0;0.0;1.0;;1.0;0.0;2009.0;REF706
REC1352;SP228;SVN.1_1;RLM11;0.0;0.0;1.0;;1.0;0.0;2008.0;REF706
REC1353;SP228;HRV.1_1;RLM11;0.0;0.0;1.0;;1.0;0.0;2014.0;REF706
REC1354;SP228;BIH.1_1;RLM11;0.0;0.0;1.0;;1.0;0.0;2016.0;REF706
REC1355;SP228;ALB.1_1;RLM11;0.0;0.0;1.0;;1.0;0.0;2009.0;REF706
REC1356;SP228;GRC.1_1;RLM11;0.0;0.0;1.0;;1.0;0.0;2015.0;REF706
REC1357;SP228;BGR.1_1;RLM11;0.0;0.0;1.0;;1.0;0.0;2013.0;REF706
REC1358;SP228;CZE.1_1;RLM11;0.0;0.0;1.0;;1.0;0.0;2015.0;REF706
REC1359;SP228;DEU.1_1;RLM11;0.0;0.0;1.0;;1.0;0.0;2016.0;REF706
REC1360;SP228;NLD.1_1;RLM11;0.0;0.0;1.0;;1.0;0.0;1999.0;REF706
REC1361;SP228;DNK.1_1;RLM11;0.0;0.0;1.0;;1.0;0.0;2011.0;REF706
REC1362;SP228;GBR.1_1;RLM11;0.0;0.0;1.0;;1.0;0.0;1978.0;REF706
REC1363;SP228;MNE.1_1;RLM11;0.0;0.0;1.0;;1.0;0.0;2016.0;REF706
REC1364;SP228;MLT.1_1;RLM8;0.0;0.0;1.0;;1.0;0.0;2007.0;REF706
REC1365;SP228;BEL.1_1;RLM11;0.0;0.0;1.0;0.0;1.0;0.0;1991.0;REF705
REC1366;SP228;HRV.1_1;RLM11;0.0;0.0;1.0;1.0;1.0;0.0;2008.0;REF705
REC1367;SP228;FRA.1_1;RLM11;0.0;0.0;1.0;1.0;1.0;0.0;1994.0;REF705
REC1368;SP228;ITA.1_1;RLM11;0.0;0.0;1.0;1.0;1.0;0.0;1996.0;REF705
REC1369;SP228;MLT.1_1;RLM8;0.0;0.0;1.0;1.0;1.0;0.0;2006.0;REF705
REC1370;SP228;MAR.1_1;RLM8;0.0;0.0;1.0;1.0;1.0;0.0;1994.0;REF705
REC1371;SP228;PRT.1_1;RLM11;0.0;0.0;1.0;1.0;1.0;0.0;1994.0;REF705
REC1372;SP228;ESP.1_1;RLM11;0.0;0.0;1.0;1.0;1.0;0.0;1992.0;REF705
REC1373;SP228;ALB.1_1;RLM11;;0.0;1.0;;1.0;;;REF963
REC1374;SP229;AUT.1_1;RLM11;;;1.0;;1.0;0.0;;REF542
REC1375;SP229;SWE.1_1;RLM11;;;1.0;;1.0;0.0;;REF542
REC1376;SP229;IRL.1_1;RLM11;;;1.0;;1.0;0.0;;REF542
REC1377;SP229;DEU.1_1;RLM11;;;1.0;;1.0;0.0;;REF542
REC1378;SP229;AUT.1_1;RLM11;0.0;0.0;1.0;;1.0;0.0;;REF683
REC1379;SP229;BEL.1_1;RLM11;0.0;0.0;1.0;;1.0;0.0;;REF683
REC1380;SP229;CZE.1_1;RLM11;0.0;0.0;1.0;;1.0;0.0;;REF683
REC1381;SP229;DNK.1_1;RLM11;0.0;0.0;1.0;;1.0;0.0;;REF683
REC1382;SP229;FIN.1_1;RLM11;0.0;0.0;1.0;;1.0;0.0;;REF683
REC1383;SP229;DEU.1_1;RLM11;0.0;0.0;1.0;;1.0;0.0;;REF683
REC1384;SP229;NLD.1_1;RLM11;0.0;0.0;1.0;;1.0;0.0;;REF683
REC1385;SP229;NOR.1_1;RLM11;0.0;0.0;1.0;;1.0;0.0;;REF683
REC1386;SP229;IRL.1_1;RLM11;0.0;0.0;1.0;;1.0;0.0;;REF683
REC1387;SP229;ROU.1_1;RLM11;0.0;0.0;1.0;;1.0;0.0;;REF683
REC1388;SP229;SVK.1_1;RLM11;0.0;0.0;1.0;;1.0;0.0;;REF683
REC1389;SP229;SWE.1_1;RLM11;0.0;0.0;1.0;;1.0;0.0;;REF683
REC1390;SP229;CHE.1_1;RLM11;0.0;0.0;1.0;;1.0;0.0;;REF683
REC1391;SP229;GBR.1_1;RLM11;0.0;0.0;1.0;;1.0;0.0;;REF683
REC1392;SP229;BGR.1_1;RLM11;0.0;0.0;1.0;;;0.0;2000.0;REF1073
REC1393;SP230;PRT.2_1;RLM11;1.0;0.0;;;1.0;0.0;;REF683
REC1394;SP230;FRA.2_1;RLM11;1.0;0.0;;;1.0;0.0;;REF683
REC1395;SP230;GRC.2_1;RLM11;1.0;0.0;;;1.0;0.0;;REF683
REC1396;SP230;ECU.2_1;RLM1;;;1.0;;1.0;0.0;;REF697
REC1397;SP230;ECU.2_1;RLM1;;;1.0;;1.0;0.0;1975.0;REF1096
REC1398;SP230;USA.2_1;RLM9;;;1.0;;1.0;0.0;;REF697
REC1399;SP230;USA.2_1;RLM9;;;1.0;;1.0;0.0;1877.0;REF1096
REC1400;SP230;USA.2_1;RLM9;0.0;0.0;1.0;;1.0;0.0;;REF1007
REC1401;SP230;USA.2_1;RLM9;0.0;0.0;;;1.0;0.0;;REF1195
REC1402;SP230;PRT.3_1;RLM11;1.0;0.0;;;1.0;0.0;;REF683
REC1403;SP230;JPN.1_1;RLM6;0.0;0.0;;;1.0;0.0;;REF1195
REC1404;SP230;AUS.1_1;RLM2;0.0;0.0;1.0;;1.0;0.0;;REF521
REC1405;SP230;ITA.2_1;RLM11;1.0;0.0;;;1.0;0.0;;REF683
REC1406;SP230;ITA.2_1;RLM11;1.0;0.0;;;1.0;0.0;;REF683
REC1407;SP230;AUS.1_1;RLM2;;;1.0;;1.0;0.0;;REF697
REC1408;SP230;JPN.1_1;RLM10;;;1.0;;1.0;0.0;;REF697
REC1409;SP230;KOR.1_1;RLM11;;;1.0;;1.0;0.0;;REF697
REC1410;SP230;NZL.1_1;RLM2;;;1.0;;1.0;0.0;;REF697
REC1411;SP230;CHL.1_1;RLM1;;;1.0;;1.0;0.0;1944.0;REF1096
REC1412;SP230;JPN.1_1;RLM10;;;1.0;;1.0;0.0;1958.0;REF1096
REC1413;SP230;KOR.1_1;RLM11;;;1.0;;1.0;0.0;1920.0;REF1096
REC1414;SP230;NZL.1_1;RLM2;;;1.0;;1.0;0.0;1929.0;REF1096
REC1415;SP230;ARE.1_1;RLM8;;;1.0;;1.0;0.0;;REF542
REC1416;SP230;AUT.1_1;RLM11;;;1.0;;1.0;0.0;;REF542
REC1417;SP230;DEU.1_1;RLM11;;;1.0;;1.0;0.0;;REF542
REC1418;SP230;SVN.1_1;RLM11;;;1.0;;1.0;0.0;;REF542
REC1419;SP230;SWE.1_1;RLM11;;;1.0;;1.0;0.0;;REF542
REC1420;SP230;IRL.1_1;RLM11;;;1.0;;1.0;0.0;;REF542
REC1421;SP230;NLD.1_1;RLM11;;;1.0;;1.0;0.0;;REF542
REC1422;SP230;VEN.1_1;RLM1;;;1.0;;1.0;0.0;;REF542
REC1423;SP230;BGR.1_1;RLM11;;;1.0;;1.0;0.0;;REF542
REC1424;SP230;POL.1_1;RLM11;;;1.0;;1.0;0.0;;REF542
REC1425;SP230;CYP.1_1;RLM8;;;1.0;;1.0;0.0;;REF542
REC1426;SP230;FRA.1_1;RLM11;;;1.0;;1.0;0.0;;REF542
REC1427;SP230;JPN.1_1;RLM10;;;1.0;;1.0;0.0;;REF542
REC1428;SP230;DNK.1_1;RLM11;;;1.0;;1.0;0.0;;REF542
REC1429;SP230;AUT.1_1;RLM11;;;1.0;;1.0;0.0;;REF957
REC1430;SP230;BGR.1_1;RLM11;;;1.0;;1.0;0.0;;REF957
REC1431;SP230;CZE.1_1;RLM11;;;1.0;;1.0;0.0;;REF957
REC1432;SP230;FIN.1_1;RLM11;;;1.0;;1.0;0.0;;REF957
REC1433;SP230;FRA.1_1;RLM11;;;1.0;;1.0;0.0;;REF957
REC1434;SP230;GBR.1_1;RLM11;;;1.0;;1.0;0.0;;REF957
REC1435;SP230;GRC.1_1;RLM11;;;1.0;;1.0;0.0;;REF957
REC1436;SP230;IRL.1_1;RLM11;;;1.0;;1.0;0.0;;REF957
REC1437;SP230;ITA.2_1;RLM11;;;1.0;;1.0;0.0;;REF957
REC1438;SP230;LTU.1_1;RLM11;;;1.0;;1.0;0.0;;REF957
REC1439;SP230;NLD.1_1;RLM11;;;1.0;;1.0;0.0;;REF957
REC1440;SP230;POL.1_1;RLM11;;;1.0;;1.0;0.0;1960.0;REF957
REC1441;SP230;PRT.3_1;RLM11;;;1.0;;1.0;0.0;;REF957
REC1442;SP230;ROU.1_1;RLM11;;;1.0;;1.0;0.0;;REF957
REC1443;SP230;SVK.1_1;RLM11;;;1.0;;1.0;0.0;;REF957
REC1444;SP230;SWE.1_1;RLM11;;;1.0;;1.0;0.0;;REF957
REC1445;SP230;ALB.1_1;RLM11;;;1.0;;1.0;0.0;;REF957
REC1446;SP230;BEL.1_1;RLM11;;;1.0;;1.0;0.0;;REF957
REC1447;SP230;CYP.1_1;RLM8;;;1.0;;1.0;0.0;;REF957
REC1448;SP230;DNK.1_1;RLM11;;;1.0;;1.0;0.0;;REF957
REC1449;SP230;FRA.2_1;RLM11;;;1.0;;1.0;0.0;;REF957
REC1450;SP230;DEU.1_1;RLM11;;;1.0;;1.0;0.0;;REF957
REC1451;SP230;GRC.2_1;RLM11;;;1.0;;1.0;0.0;;REF957
REC1452;SP230;HUN.1_1;RLM11;;;1.0;;1.0;0.0;;REF957
REC1453;SP230;ITA.2_1;RLM11;;;1.0;;1.0;0.0;;REF957
REC1454;SP230;LVA.1_1;RLM11;;;1.0;;1.0;0.0;;REF957
REC1455;SP230;MLT.1_1;RLM8;;;1.0;;1.0;0.0;;REF957
REC1456;SP230;NOR.1_1;RLM11;;;1.0;;1.0;0.0;;REF957
REC1457;SP230;PRT.2_1;RLM11;;;1.0;;1.0;0.0;;REF957
REC1458;SP230;PRT.1_1;RLM11;;;1.0;;1.0;0.0;;REF957
REC1459;SP230;RUS.1_1;RLM11;;;1.0;;1.0;0.0;;REF957
REC1460;SP230;ESP.1_1;RLM11;;;1.0;;1.0;0.0;;REF957
REC1461;SP230;CHE.1_1;RLM11;;;1.0;;1.0;0.0;;REF957
REC1462;SP230;USA.1_1;RLM9;0.0;0.0;1.0;;1.0;0.0;1884.0;REF1007
REC1463;SP230;USA.1_1;RLM9;0.0;0.0;;;1.0;0.0;;REF1195
REC1464;SP230;JPN.1_1;RLM10;0.0;0.0;;;1.0;0.0;;REF1195
REC1465;SP230;ALB.1_1;RLM11;1.0;0.0;;;1.0;0.0;;REF683
REC1466;SP230;AUT.1_1;RLM11;1.0;0.0;;;1.0;0.0;;REF683
REC1467;SP230;BEL.1_1;RLM11;1.0;0.0;;;1.0;0.0;;REF683
REC1468;SP230;BGR.1_1;RLM11;1.0;0.0;;;1.0;0.0;;REF683
REC1469;SP230;CYP.1_1;RLM8;1.0;0.0;;;1.0;0.0;;REF683
REC1470;SP230;CZE.1_1;RLM11;1.0;0.0;;;1.0;0.0;;REF683
REC1471;SP230;DNK.1_1;RLM11;1.0;0.0;;;1.0;0.0;;REF683
REC1472;SP230;FIN.1_1;RLM11;1.0;0.0;;;1.0;0.0;;REF683
REC1473;SP230;FRA.1_1;RLM11;1.0;0.0;;;1.0;0.0;;REF683
REC1474;SP230;DEU.1_1;RLM11;1.0;0.0;;;1.0;0.0;;REF683
REC1475;SP230;GRC.1_1;RLM11;1.0;0.0;;;1.0;0.0;;REF683
REC1476;SP230;HUN.1_1;RLM11;1.0;0.0;;;1.0;0.0;;REF683
REC1477;SP230;LVA.1_1;RLM11;1.0;0.0;;;1.0;0.0;;REF683
REC1478;SP230;LTU.1_1;RLM11;1.0;0.0;;;1.0;0.0;;REF683
REC1479;SP230;MLT.1_1;RLM8;1.0;0.0;;;1.0;0.0;;REF683
REC1480;SP230;NLD.1_1;RLM11;1.0;0.0;;;1.0;0.0;;REF683
REC1481;SP230;NOR.1_1;RLM11;1.0;0.0;;;1.0;0.0;;REF683
REC1482;SP230;POL.1_1;RLM11;1.0;0.0;;;1.0;0.0;;REF683
REC1483;SP230;PRT.1_1;RLM11;1.0;0.0;;;1.0;0.0;;REF683
REC1484;SP230;IRL.1_1;RLM11;1.0;0.0;;;1.0;0.0;;REF683
REC1485;SP230;ROU.1_1;RLM11;1.0;0.0;;;1.0;0.0;;REF683
REC1486;SP230;SVK.1_1;RLM11;1.0;0.0;;;1.0;0.0;;REF683
REC1487;SP230;ESP.1_1;RLM11;1.0;0.0;;;1.0;0.0;;REF683
REC1488;SP230;SWE.1_1;RLM11;1.0;0.0;;;1.0;0.0;;REF683
REC1489;SP230;CHE.1_1;RLM11;1.0;0.0;;;1.0;0.0;;REF683
REC1490;SP230;GBR.1_1;RLM11;1.0;0.0;;;1.0;0.0;;REF683
REC1491;SP230;GRC.1_1;RLM11;0.0;0.0;1.0;;1.0;0.0;1916.0;REF911
REC1492;SP230;VEN.1_1;RLM1;0.0;0.0;1.0;;1.0;0.0;;REF912
REC1493;SP230;BGR.1_1;RLM11;0.0;0.0;1.0;;1.0;0.0;1990.0;REF1073
REC1494;SP230;NOR.1_1;RLM11;0.0;0.0;1.0;;0.0;0.0;1950.0;REF973
REC1495;SP230;CYP.1_1;RLM8;1.0;0.0;;;1.0;0.0;1937.0;REF261
REC1496;SP230;JPN.1_1;RLM10;0.0;0.0;1.0;;1.0;0.0;;REF812
REC1497;SP230;JPN.1_1;RLM10;0.0;0.0;1.0;;1.0;0.0;1953.0;REF779
REC1498;SP230;RUS.1_1;RLM11;1.0;0.0;;;1.0;0.0;;REF683
REC1499;SP230;USA.1_1;RLM9;0.0;0.0;1.0;;1.0;0.0;;REF1002
REC1500;SP231;USA.1_1;RLM9;0.0;0.0;1.0;;1.0;0.0;;REF102
REC1501;SP231;USA.2_1;RLM9;;;1.0;;1.0;0.0;;REF697
REC1502;SP231;USA.2_1;RLM9;;;1.0;;1.0;0.0;1888.0;REF1096
REC1503;SP231;USA.2_1;RLM9;0.0;0.0;1.0;;1.0;0.0;;REF1007
REC1504;SP231;USA.2_1;RLM9;0.0;0.0;;;1.0;0.0;;REF1195
REC1505;SP231;AUS.1_1;RLM2;0.0;0.0;1.0;;1.0;0.0;;REF521
REC1506;SP231;AUS.1_1;RLM2;;;1.0;;1.0;0.0;;REF697
REC1507;SP231;SVN.1_1;RLM11;;;1.0;;1.0;0.0;;REF542
REC1508;SP231;HRV.1_1;RLM11;;;1.0;;1.0;0.0;;REF542
REC1509;SP231;BLR.1_1;RLM11;;;1.0;;1.0;0.0;;REF542
REC1510;SP231;CYP.1_1;RLM8;;;1.0;;1.0;0.0;;REF542
REC1511;SP231;SWE.1_1;RLM11;;;1.0;;1.0;0.0;;REF542
REC1512;SP231;DEU.1_1;RLM11;;;1.0;;1.0;0.0;;REF542
REC1513;SP231;FRA.1_1;RLM11;;;1.0;;1.0;0.0;;REF542
REC1514;SP231;BGR.1_1;RLM11;;;1.0;;1.0;0.0;;REF542
REC1515;SP231;AUT.1_1;RLM11;;;1.0;;1.0;0.0;;REF542
REC1516;SP231;BLR.1_1;RLM11;;;;;1.0;0.0;;REF957
REC1517;SP231;HRV.1_1;RLM11;;;;;1.0;0.0;;REF957
REC1518;SP231;FRA.1_1;RLM11;;;;;1.0;0.0;;REF957
REC1519;SP231;SVN.1_1;RLM11;;;;;1.0;0.0;;REF957
REC1520;SP231;SWE.1_1;RLM11;;;;;1.0;0.0;1980.0;REF957
REC1521;SP231;AUT.1_1;RLM11;;;;;1.0;0.0;;REF957
REC1522;SP231;BGR.1_1;RLM11;;;;;1.0;0.0;;REF957
REC1523;SP231;CYP.1_1;RLM8;;;;;1.0;0.0;;REF957
REC1524;SP231;DEU.1_1;RLM11;;;;;1.0;0.0;;REF957
REC1525;SP231;USA.1_1;RLM9;0.0;0.0;1.0;;1.0;0.0;1928.0;REF1007
REC1526;SP231;USA.1_1;RLM9;0.0;0.0;;;1.0;0.0;;REF1195
REC1527;SP231;AUT.1_1;RLM11;1.0;0.0;;;1.0;0.0;;REF683
REC1528;SP231;BLR.1_1;RLM11;1.0;0.0;;;1.0;0.0;;REF683
REC1529;SP231;BGR.1_1;RLM11;1.0;0.0;;;1.0;0.0;;REF683
REC1530;SP231;HRV.1_1;RLM11;1.0;0.0;;;1.0;0.0;;REF683
REC1531;SP231;CYP.1_1;RLM8;1.0;0.0;;;1.0;0.0;;REF683
REC1532;SP231;FRA.1_1;RLM11;1.0;0.0;;;1.0;0.0;;REF683
REC1533;SP231;DEU.1_1;RLM11;1.0;0.0;;;1.0;0.0;;REF683
REC1534;SP231;SVN.1_1;RLM11;1.0;0.0;;;1.0;0.0;;REF683
REC1535;SP231;SWE.1_1;RLM11;1.0;0.0;;;1.0;0.0;;REF683
REC1536;SP231;BGR.1_1;RLM11;0.0;0.0;1.0;;1.0;0.0;1970.0;REF1073
REC1537;SP231;CYP.1_1;RLM8;1.0;0.0;;;1.0;0.0;1977.0;REF261
REC1538;SP231;USA.1_1;RLM9;0.0;0.0;1.0;;1.0;0.0;;REF1002
REC1539;SP232;DNK.1_1;RLM11;;;1.0;;1.0;0.0;;REF542
REC1540;SP233;BEL.1_1;RLM11;;;1.0;;1.0;0.0;;REF542
REC1541;SP234;USA.1_1;RLM9;0.0;0.0;1.0;1.0;1.0;0.0;1987.0;REF358
REC1542;SP234;USA.1_1;RLM9;0.0;0.0;1.0;;1.0;0.0;1987.0;REF1007
REC1543;SP234;USA.1_1;RLM9;0.0;0.0;;;1.0;0.0;;REF1195
REC1544;SP235;USA.2_1;RLM9;;;1.0;;1.0;0.0;;REF697
REC1545;SP235;USA.2_1;RLM9;;;1.0;;1.0;0.0;1971.0;REF1096
REC1546;SP235;USA.2_1;RLM9;0.0;0.0;1.0;;1.0;0.0;;REF1007
REC1547;SP235;USA.2_1;RLM9;0.0;0.0;;;1.0;0.0;;REF1195
REC1548;SP235;DNK.1_1;RLM11;;;1.0;;1.0;0.0;;REF542
REC1549;SP235;DNK.1_1;RLM11;;;1.0;;1.0;0.0;;REF957
REC1550;SP235;DEU.1_1;RLM11;;;1.0;;1.0;0.0;;REF957
REC1551;SP235;DNK.1_1;RLM11;;;1.0;;1.0;0.0;1983.0;REF152
REC1552;SP235;DEU.1_1;RLM11;;;1.0;;1.0;0.0;1983.0;REF152
REC1553;SP235;AUT.1_1;RLM11;0.0;0.0;1.0;;1.0;0.0;;REF683
REC1554;SP235;DNK.1_1;RLM11;0.0;0.0;1.0;;1.0;0.0;;REF683
REC1555;SP235;FRA.1_1;RLM11;0.0;0.0;1.0;;1.0;0.0;;REF683
REC1556;SP235;DEU.1_1;RLM11;0.0;0.0;1.0;;1.0;0.0;;REF683
REC1557;SP235;PRT.1_1;RLM11;0.0;0.0;1.0;;1.0;0.0;;REF683
REC1558;SP235;IRL.1_1;RLM11;0.0;0.0;1.0;;1.0;0.0;;REF683
REC1559;SP235;ESP.1_1;RLM11;0.0;0.0;1.0;;1.0;0.0;;REF683
REC1560;SP235;GBR.1_1;RLM11;0.0;0.0;1.0;;1.0;0.0;;REF683
REC1561;SP236;CAN.1_1;RLM9;0.0;0.0;1.0;0.0;1.0;0.0;;REF1002
REC1562;SP236;USA.1_1;RLM9;0.0;1.0;1.0;;1.0;0.0;1968.0;REF1007
REC1563;SP236;USA.1_1;RLM9;0.0;1.0;;;1.0;0.0;;REF1195
REC1564;SP236;USA.1_1;RLM9;0.0;0.0;1.0;0.0;1.0;0.0;;REF1002
REC1565;SP237;USA.1_1;RLM9;0.0;0.0;1.0;;1.0;0.0;;REF142
REC1566;SP238;AUS.1_1;RLM2;0.0;0.0;1.0;;1.0;0.0;;REF1002
REC1567;SP238;CAN.1_1;RLM9;0.0;0.0;1.0;;1.0;0.0;;REF1002
REC1568;SP238;USA.2_1;RLM9;;;1.0;;1.0;0.0;;REF697
REC1569;SP238;USA.2_1;RLM9;;;1.0;;1.0;0.0;1979.0;REF1096
REC1570;SP238;USA.2_1;RLM9;0.0;0.0;1.0;;1.0;0.0;1973.0;REF1007
REC1571;SP238;USA.2_1;RLM9;0.0;0.0;;;1.0;0.0;;REF1195
REC1572;SP238;PRT.3_1;RLM11;0.0;0.0;1.0;;1.0;0.0;;REF683
REC1573;SP238;AUS.1_1;RLM2;;;1.0;;1.0;0.0;;REF697
REC1574;SP238;NZL.1_1;RLM2;;;1.0;;1.0;0.0;;REF697
REC1575;SP238;NZL.1_1;RLM2;;;1.0;;1.0;0.0;1952.0;REF1096
REC1576;SP238;SWE.1_1;RLM11;;;1.0;;1.0;0.0;;REF542
REC1577;SP238;GBR.1_1;RLM11;;;1.0;;1.0;0.0;;REF542
REC1578;SP238;SVN.1_1;RLM11;;;1.0;;1.0;0.0;;REF542
REC1579;SP238;FRA.1_1;RLM11;;;1.0;;1.0;0.0;;REF542
REC1580;SP238;HRV.1_1;RLM11;;;1.0;;1.0;0.0;;REF542
REC1581;SP238;AUT.1_1;RLM11;;;1.0;;1.0;0.0;;REF542
REC1582;SP238;DNK.1_1;RLM11;;;1.0;;1.0;0.0;;REF542
REC1583;SP238;POL.1_1;RLM11;;;1.0;;1.0;0.0;;REF542
REC1584;SP238;NLD.1_1;RLM11;;;1.0;;1.0;0.0;;REF542
REC1585;SP238;IRL.1_1;RLM11;;;1.0;;1.0;0.0;;REF542
REC1586;SP238;BEL.1_1;RLM11;;;1.0;;1.0;0.0;;REF957
REC1587;SP238;DNK.1_1;RLM11;;;1.0;;1.0;0.0;;REF957
REC1588;SP238;DEU.1_1;RLM11;;;1.0;;1.0;0.0;1952.0;REF957
REC1589;SP238;ITA.1_1;RLM11;;;1.0;;1.0;0.0;;REF957
REC1590;SP238;NOR.1_1;RLM11;;;1.0;;1.0;0.0;;REF957
REC1591;SP238;PRT.3_1;RLM11;;;1.0;;1.0;0.0;;REF957
REC1592;SP238;RUS.1_1;RLM11;;;1.0;;1.0;0.0;;REF957
REC1593;SP238;SVN.1_1;RLM11;;;1.0;;1.0;0.0;;REF957
REC1594;SP238;SWE.1_1;RLM11;;;1.0;;1.0;0.0;;REF957
REC1595;SP238;AUT.1_1;RLM11;;;1.0;;1.0;0.0;;REF957
REC1596;SP238;CZE.1_1;RLM11;;;1.0;;1.0;0.0;;REF957
REC1597;SP238;FRA.1_1;RLM11;;;1.0;;1.0;0.0;;REF957
REC1598;SP238;GBR.1_1;RLM11;;;1.0;;1.0;0.0;;REF957
REC1599;SP238;NLD.1_1;RLM11;;;1.0;;1.0;0.0;;REF957
REC1600;SP238;POL.1_1;RLM11;;;1.0;;1.0;0.0;;REF957
REC1601;SP238;PRT.1_1;RLM11;;;1.0;;1.0;0.0;;REF957
REC1602;SP238;SVK.1_1;RLM11;;;1.0;;1.0;0.0;;REF957
REC1603;SP238;ESP.1_1;RLM11;;;1.0;;1.0;0.0;;REF957
REC1604;SP238;CHE.1_1;RLM11;;;1.0;;1.0;0.0;;REF957
REC1605;SP238;USA.1_1;RLM9;0.0;0.0;1.0;;1.0;0.0;1952.0;REF1007
REC1606;SP238;USA.1_1;RLM9;0.0;0.0;;;1.0;0.0;;REF1195
REC1607;SP238;AUT.1_1;RLM11;0.0;0.0;1.0;;1.0;0.0;;REF683
REC1608;SP238;BEL.1_1;RLM11;0.0;0.0;1.0;;1.0;0.0;;REF683
REC1609;SP238;CZE.1_1;RLM11;0.0;0.0;1.0;;1.0;0.0;;REF683
REC1610;SP238;DNK.1_1;RLM11;0.0;0.0;1.0;;1.0;0.0;;REF683
REC1611;SP238;FRA.1_1;RLM11;0.0;0.0;1.0;;1.0;0.0;;REF683
REC1612;SP238;DEU.1_1;RLM11;0.0;0.0;1.0;;1.0;0.0;;REF683
REC1613;SP238;ITA.1_1;RLM11;0.0;0.0;1.0;;1.0;0.0;;REF683
REC1614;SP238;NLD.1_1;RLM11;0.0;0.0;1.0;;1.0;0.0;;REF683
REC1615;SP238;NOR.1_1;RLM11;0.0;0.0;1.0;;1.0;0.0;;REF683
REC1616;SP238;POL.1_1;RLM11;0.0;0.0;1.0;;1.0;0.0;;REF683
REC1617;SP238;PRT.1_1;RLM11;0.0;0.0;1.0;;1.0;0.0;;REF683
REC1618;SP238;RUS.1_2;RLM11;0.0;0.0;1.0;;1.0;0.0;;REF683
REC1619;SP238;SVK.1_1;RLM11;0.0;0.0;1.0;;1.0;0.0;;REF683
REC1620;SP238;SVN.1_1;RLM11;0.0;0.0;1.0;;1.0;0.0;;REF683
REC1621;SP238;ESP.1_1;RLM11;0.0;0.0;1.0;;1.0;0.0;;REF683
REC1622;SP238;SWE.1_1;RLM11;0.0;0.0;1.0;;1.0;0.0;;REF683
REC1623;SP238;CHE.1_1;RLM11;0.0;0.0;1.0;;1.0;0.0;;REF683
REC1624;SP238;GBR.1_1;RLM11;0.0;0.0;1.0;;1.0;0.0;;REF683
REC1625;SP238;NZL.1_1;RLM2;0.0;0.0;1.0;;1.0;0.0;;REF1002
REC1626;SP238;USA.1_1;RLM9;0.0;0.0;1.0;;1.0;0.0;;REF1002
REC1627;SP239;USA.2_1;RLM9;;;1.0;;1.0;0.0;;REF697
REC1628;SP239;USA.2_1;RLM9;;1.0;1.0;;1.0;0.0;1991.0;REF1096
REC1629;SP239;USA.2_1;RLM9;0.0;1.0;1.0;;1.0;0.0;1991.0;REF1007
REC1630;SP239;USA.2_1;RLM9;0.0;0.0;;;1.0;;;REF47
REC1631;SP240;CAN.1_1;RLM9;0.0;0.0;1.0;;1.0;0.0;;REF1002
REC1632;SP240;USA.1_1;RLM9;0.0;0.0;1.0;;1.0;0.0;;REF1002
REC1633;SP241;FRA.2_1;RLM11;0.0;0.0;1.0;;1.0;0.0;;REF683
REC1634;SP241;HRV.1_1;RLM11;;;1.0;;1.0;0.0;;REF542
REC1635;SP241;BGR.1_1;RLM11;;;;;1.0;0.0;;REF152
REC1636;SP241;HUN.1_1;RLM11;;;;;1.0;0.0;;REF152
REC1637;SP241;HUN.1_1;RLM11;0.0;0.0;1.0;;1.0;0.0;;REF683
REC1638;SP241;GBR.1_1;RLM11;0.0;0.0;1.0;;1.0;0.0;;REF683
REC1639;SP241;BGR.1_1;RLM11;0.0;0.0;1.0;;;0.0;1990.0;REF1073
REC1640;SP242;CAN.1_1;RLM9;;;;;1.0;0.0;;REF152
REC1641;SP242;CAN.1_1;RLM9;;;;;1.0;0.0;;REF152
REC1642;SP242;USA.1_1;RLM9;;;1.0;;1.0;0.0;1923.0;REF152
REC1643;SP242;USA.1_1;RLM9;0.0;0.0;;;1.0;0.0;;REF1195
REC1644;SP243;USA.1_1;RLM9;0.0;0.0;1.0;;1.0;0.0;2004.0;REF1007
REC1645;SP244;ECU.2_1;RLM1;;;1.0;;1.0;0.0;;REF697
REC1646;SP244;ECU.2_1;RLM1;;;1.0;;1.0;0.0;1987.0;REF1096
REC1647;SP245;BEL.1_1;RLM11;;;1.0;;1.0;0.0;;REF542
REC1648;SP246;RUS.1_1;RLM11;;;;;1.0;0.0;;REF152
REC1649;SP246;GBR.1_1;RLM11;;;;;1.0;0.0;;REF152
REC1650;SP246;GBR.1_1;RLM11;;;;;1.0;0.0;;REF152
REC1651;SP246;RUS.1_1;RLM11;;;;;1.0;0.0;;REF152
REC1652;SP246;GBR.1_1;RLM11;;;;;1.0;0.0;;REF152
REC1653;SP246;RUS.1_1;RLM11;0.0;0.0;1.0;;1.0;0.0;2010.0;REF630
REC1654;SP246;RUS.1_1;RLM11;0.0;0.0;1.0;;1.0;0.0;;REF602
REC1655;SP246;RUS.1_1;RLM11;0.0;0.0;1.0;;1.0;0.0;;REF602
REC1656;SP246;RUS.1_1;RLM11;0.0;0.0;1.0;;1.0;0.0;;REF602
REC1657;SP246;RUS.1_2;RLM11;0.0;0.0;1.0;;1.0;0.0;;REF602
REC1658;SP246;RUS.1_1;RLM11;0.0;0.0;1.0;;1.0;0.0;2008.0;REF630
REC1659;SP246;RUS.1_1;RLM11;0.0;0.0;1.0;;1.0;0.0;;REF602
REC1660;SP246;RUS.1_1;RLM11;0.0;0.0;1.0;;1.0;0.0;2009.0;REF630
REC1661;SP246;RUS.1_1;RLM11;0.0;0.0;1.0;;1.0;0.0;;REF602
REC1662;SP246;RUS.1_1;RLM11;;;;;1.0;0.0;;REF330
REC1663;SP246;RUS.1_2;RLM11;0.0;0.0;1.0;;1.0;0.0;;REF602
REC1664;SP246;RUS.1_1;RLM11;0.0;0.0;1.0;;1.0;0.0;;REF602
REC1665;SP246;FRA.2_1;RLM11;0.0;0.0;1.0;1.0;1.0;0.0;;REF683
REC1666;SP246;UKR.1_1;RLM11;0.0;0.0;1.0;;1.0;0.0;;REF602
REC1667;SP246;RUS.1_1;RLM11;0.0;0.0;1.0;;1.0;0.0;;REF602
REC1668;SP246;GBR.1_1;RLM11;;;;;1.0;0.0;;REF330
REC1669;SP246;GBR.1_1;RLM11;;;;;1.0;0.0;;REF330
REC1670;SP246;GBR.1_1;RLM11;;;;;1.0;0.0;;REF152
REC1671;SP246;RUS.1_1;RLM11;0.0;0.0;1.0;;1.0;0.0;2014.0;REF630
REC1672;SP246;RUS.1_1;RLM11;0.0;0.0;1.0;;1.0;0.0;;REF602
REC1673;SP246;RUS.1_1;RLM11;0.0;0.0;1.0;;1.0;0.0;2013.0;REF630
REC1674;SP246;RUS.1_1;RLM11;0.0;0.0;1.0;;1.0;0.0;;REF602
REC1675;SP246;RUS.1_1;RLM11;0.0;0.0;1.0;;1.0;0.0;;REF602
REC1676;SP246;RUS.1_1;RLM11;0.0;0.0;1.0;;1.0;0.0;2003.0;REF630
REC1677;SP246;RUS.1_1;RLM11;0.0;0.0;1.0;;1.0;0.0;;REF602
REC1678;SP246;RUS.1_1;RLM11;0.0;0.0;1.0;;1.0;0.0;2012.0;REF630
REC1679;SP246;RUS.1_1;RLM11;0.0;0.0;1.0;;1.0;0.0;;REF602
REC1680;SP246;RUS.1_1;RLM11;0.0;0.0;1.0;;1.0;0.0;;REF602
REC1681;SP246;RUS.1_1;RLM11;0.0;0.0;1.0;;1.0;0.0;;REF602
REC1682;SP246;RUS.1_1;RLM11;0.0;0.0;1.0;;1.0;0.0;;REF602
REC1683;SP246;RUS.1_1;RLM11;0.0;0.0;1.0;;1.0;0.0;2010.0;REF630
REC1684;SP246;RUS.1_1;RLM11;0.0;0.0;1.0;;1.0;0.0;;REF602
REC1685;SP246;RUS.1_2;RLM11;0.0;0.0;1.0;;1.0;0.0;;REF602
REC1686;SP246;RUS.1_1;RLM11;0.0;0.0;1.0;;1.0;0.0;2009.0;REF630
REC1687;SP246;RUS.1_1;RLM11;0.0;0.0;1.0;;1.0;0.0;;REF602
REC1688;SP246;RUS.1_1;RLM11;0.0;0.0;1.0;;1.0;0.0;2014.0;REF630
REC1689;SP246;RUS.1_1;RLM11;0.0;0.0;1.0;;1.0;0.0;;REF602
REC1690;SP246;RUS.1_1;RLM11;0.0;0.0;1.0;;1.0;0.0;;REF602
REC1691;SP246;RUS.1_1;RLM11;0.0;0.0;1.0;;1.0;0.0;2005.0;REF630
REC1692;SP246;RUS.1_1;RLM11;0.0;0.0;1.0;;1.0;0.0;;REF602
REC1693;SP246;RUS.1_1;RLM11;0.0;0.0;1.0;;1.0;0.0;;REF602
REC1694;SP246;RUS.1_1;RLM11;0.0;0.0;1.0;;1.0;0.0;;REF602
REC1695;SP246;RUS.1_1;RLM11;0.0;0.0;1.0;;1.0;0.0;2009.0;REF630
REC1696;SP246;RUS.1_1;RLM11;0.0;0.0;1.0;;1.0;0.0;;REF602
REC1697;SP246;RUS.1_1;RLM11;0.0;0.0;1.0;;1.0;0.0;2012.0;REF630
REC1698;SP246;RUS.1_1;RLM11;0.0;0.0;1.0;;1.0;0.0;;REF602
REC1699;SP246;RUS.1_1;RLM11;0.0;0.0;1.0;;1.0;0.0;2012.0;REF630
REC1700;SP246;RUS.1_1;RLM11;0.0;0.0;1.0;;1.0;0.0;2008.0;REF630
REC1701;SP246;RUS.1_1;RLM11;0.0;0.0;1.0;;1.0;0.0;;REF602
REC1702;SP246;RUS.1_1;RLM11;0.0;0.0;1.0;;1.0;0.0;2008.0;REF630
REC1703;SP246;RUS.1_1;RLM11;0.0;0.0;1.0;;1.0;0.0;2007.0;REF630
REC1704;SP246;RUS.1_1;RLM11;0.0;0.0;1.0;;1.0;0.0;2016.0;REF630
REC1705;SP246;GBR.1_1;RLM11;;;;;1.0;0.0;;REF330
REC1706;SP246;RUS.1_1;RLM11;0.0;0.0;1.0;;1.0;0.0;2010.0;REF630
REC1707;SP246;RUS.1_1;RLM11;;;;;1.0;0.0;;REF330
REC1708;SP246;RUS.1_1;RLM11;0.0;0.0;1.0;;1.0;0.0;2010.0;REF630
REC1709;SP246;RUS.1_1;RLM11;0.0;0.0;1.0;;1.0;0.0;;REF602
REC1710;SP246;RUS.1_1;RLM11;0.0;0.0;1.0;;1.0;0.0;;REF602
REC1711;SP246;RUS.1_1;RLM11;0.0;0.0;1.0;;1.0;0.0;2018.0;REF630
REC1712;SP246;RUS.1_1;RLM11;0.0;0.0;1.0;;1.0;0.0;;REF602
REC1713;SP246;RUS.1_1;RLM11;0.0;0.0;1.0;;1.0;0.0;2014.0;REF630
REC1714;SP246;RUS.1_1;RLM11;0.0;0.0;1.0;;1.0;0.0;;REF602
REC1715;SP246;RUS.1_1;RLM11;0.0;0.0;1.0;;1.0;0.0;2018.0;REF630
REC1716;SP246;RUS.1_1;RLM11;0.0;0.0;1.0;;1.0;0.0;2014.0;REF630
REC1717;SP246;RUS.1_1;RLM11;0.0;0.0;1.0;;1.0;0.0;2008.0;REF630
REC1718;SP246;RUS.1_1;RLM11;0.0;0.0;1.0;;1.0;0.0;;REF602
REC1719;SP246;RUS.1_1;RLM11;0.0;0.0;1.0;;1.0;0.0;2008.0;REF630
REC1720;SP246;GBR.1_1;RLM11;;;;;1.0;0.0;;REF330
REC1721;SP246;RUS.1_1;RLM11;0.0;0.0;1.0;;1.0;0.0;;REF602
REC1722;SP246;GBR.1_1;RLM11;;;1.0;;1.0;0.0;2002.0;REF1096
REC1723;SP246;BLR.1_1;RLM11;;;1.0;;1.0;0.0;;REF542
REC1724;SP246;AUT.1_1;RLM11;;;1.0;;1.0;0.0;;REF542
REC1725;SP246;BEL.1_1;RLM11;;;1.0;;1.0;0.0;;REF542
REC1726;SP246;LUX.1_1;RLM11;;;1.0;;1.0;0.0;;REF542
REC1727;SP246;CZE.1_1;RLM11;;;1.0;;1.0;0.0;;REF542
REC1728;SP246;NOR.1_1;RLM11;;;1.0;;1.0;0.0;;REF542
REC1729;SP246;CHE.1_1;RLM11;;;1.0;;1.0;0.0;;REF542
REC1730;SP246;GBR.1_1;RLM11;;;1.0;;1.0;0.0;;REF542
REC1731;SP246;HRV.1_1;RLM11;;;1.0;;1.0;0.0;;REF542
REC1732;SP246;EST.1_1;RLM11;;;1.0;;1.0;0.0;;REF542
REC1733;SP246;IRL.1_1;RLM11;;;1.0;;1.0;0.0;;REF542
REC1734;SP246;LVA.1_1;RLM11;;;1.0;;1.0;0.0;;REF542
REC1735;SP246;RUS.1_2;RLM11;;;1.0;;1.0;0.0;;REF542
REC1736;SP246;SVN.1_1;RLM11;;;1.0;;1.0;0.0;;REF542
REC1737;SP246;UKR.1_1;RLM11;;;1.0;;1.0;0.0;;REF542
REC1738;SP246;DNK.1_1;RLM11;;;1.0;;1.0;0.0;;REF542
REC1739;SP246;BIH.1_1;RLM11;;;1.0;;1.0;0.0;;REF542
REC1740;SP246;SRB.1_1;RLM11;;;1.0;;1.0;0.0;;REF542
REC1741;SP246;POL.1_1;RLM11;;;1.0;;1.0;0.0;;REF542
REC1742;SP246;NLD.1_1;RLM11;;;1.0;;1.0;0.0;;REF542
REC1743;SP246;FRA.1_1;RLM11;;;1.0;;1.0;0.0;;REF542
REC1744;SP246;LIE.1_1;RLM11;;;1.0;;1.0;0.0;;REF542
REC1745;SP246;MDA.1_1;RLM11;;;1.0;;1.0;0.0;;REF542
REC1746;SP246;TUR.1_1;RLM11;;;1.0;;1.0;0.0;;REF542
REC1747;SP246;SWE.1_1;RLM11;;;1.0;;1.0;0.0;;REF542
REC1748;SP246;SVK.1_1;RLM11;;;1.0;;1.0;0.0;;REF542
REC1749;SP246;ROU.1_1;RLM11;;;1.0;;1.0;0.0;;REF542
REC1750;SP246;KAZ.1_1;RLM11;;;;;1.0;0.0;;REF330
REC1751;SP246;KGZ.1_1;RLM11;;;;;1.0;0.0;;REF330
REC1752;SP246;ARM.1_1;RLM11;;;;;1.0;0.0;;REF330
REC1753;SP246;AUT.1_1;RLM11;;;;;1.0;0.0;;REF330
REC1754;SP246;BLR.1_1;RLM11;;;;;1.0;0.0;;REF330
REC1755;SP246;BEL.1_1;RLM11;;;;;1.0;0.0;;REF330
REC1756;SP246;BIH.1_1;RLM11;;;;;1.0;0.0;;REF330
REC1757;SP246;BGR.1_1;RLM11;;;;;1.0;0.0;;REF330
REC1758;SP246;HRV.1_1;RLM11;;;;;1.0;0.0;;REF330
REC1759;SP246;CZE.1_1;RLM11;;;;;1.0;0.0;;REF330
REC1760;SP246;DNK.1_1;RLM11;;;;;1.0;0.0;;REF330
REC1761;SP246;EST.1_1;RLM11;;;;;1.0;0.0;;REF330
REC1762;SP246;FIN.1_1;RLM11;;;;;1.0;0.0;;REF330
REC1763;SP246;FRA.1_1;RLM11;;;;;1.0;0.0;;REF330
REC1764;SP246;DEU.1_1;RLM11;;;;;1.0;0.0;;REF330
REC1765;SP246;GRC.1_1;RLM11;;;;;1.0;0.0;;REF330
REC1766;SP246;HUN.1_1;RLM11;;;;;1.0;0.0;;REF330
REC1767;SP246;IRL.1_1;RLM11;;;;;1.0;0.0;;REF330
REC1768;SP246;ITA.1_1;RLM11;;;;;1.0;0.0;;REF330
REC1769;SP246;LVA.1_1;RLM11;;;;;1.0;0.0;;REF330
REC1770;SP246;LIE.1_1;RLM11;;;;;1.0;0.0;;REF330
REC1771;SP246;LTU.1_1;RLM11;;;;;1.0;0.0;;REF330
REC1772;SP246;LUX.1_1;RLM11;;;;;1.0;0.0;;REF330
REC1773;SP246;MDA.1_1;RLM11;;;;;1.0;0.0;;REF330
REC1774;SP246;NLD.1_1;RLM11;;;;;1.0;0.0;;REF330
REC1775;SP246;NOR.1_1;RLM11;;;;;1.0;0.0;;REF330
REC1776;SP246;POL.1_1;RLM11;;;;;1.0;0.0;;REF330
REC1777;SP246;ROU.1_1;RLM11;;;;;1.0;0.0;;REF330
REC1778;SP246;RUS.1_2;RLM11;;;;;1.0;0.0;;REF330
REC1779;SP246;SRB.1_1;RLM11;;;;;1.0;0.0;;REF330
REC1780;SP246;SVK.1_1;RLM11;;;;;1.0;0.0;;REF330
REC1781;SP246;SVN.1_1;RLM11;;;;;1.0;0.0;;REF330
REC1782;SP246;ESP.1_1;RLM11;;;;;1.0;0.0;;REF330
REC1783;SP246;SWE.1_1;RLM11;;;;;1.0;0.0;;REF330
REC1784;SP246;CHE.1_1;RLM11;;;;;1.0;0.0;;REF330
REC1785;SP246;TUR.1_1;RLM11;;;;;1.0;0.0;;REF330
REC1786;SP246;UKR.1_1;RLM11;;;;;1.0;0.0;;REF330
REC1787;SP246;GBR.1_1;RLM11;;;;;1.0;0.0;;REF330
REC1788;SP246;ARM.1_1;RLM11;;;;;1.0;0.0;;REF152
REC1789;SP246;KAZ.1_1;RLM11;;;;;1.0;0.0;;REF152
REC1790;SP246;KGZ.1_1;RLM11;;;;;1.0;0.0;;REF152
REC1791;SP246;TUR.1_1;RLM11;;;1.0;;1.0;0.0;;REF152
REC1792;SP246;AUT.1_1;RLM11;;;1.0;;1.0;0.0;1989.0;REF152
REC1793;SP246;BLR.1_1;RLM11;;;1.0;;1.0;0.0;2003.0;REF152
REC1794;SP246;BEL.1_1;RLM11;;;1.0;;1.0;0.0;2000.0;REF152
REC1795;SP246;BIH.1_1;RLM11;;;1.0;;1.0;0.0;;REF152
REC1796;SP246;BGR.1_1;RLM11;;;1.0;;1.0;0.0;;REF152
REC1797;SP246;HRV.1_1;RLM11;;;1.0;;1.0;0.0;1995.0;REF152
REC1798;SP246;CZE.1_1;RLM11;;;1.0;;1.0;0.0;1997.0;REF152
REC1799;SP246;DNK.1_1;RLM11;;;1.0;;1.0;0.0;;REF152
REC1800;SP246;EST.1_1;RLM11;;;;;1.0;0.0;;REF152
REC1801;SP246;FIN.1_1;RLM11;;;1.0;;1.0;0.0;;REF152
REC1802;SP246;FRA.1_1;RLM11;;;1.0;;1.0;0.0;2000.0;REF152
REC1803;SP246;DEU.1_1;RLM11;;;1.0;;1.0;0.0;1994.0;REF152
REC1804;SP246;GRC.1_1;RLM11;;;1.0;;1.0;0.0;1996.0;REF152
REC1805;SP246;HUN.1_1;RLM11;;;1.0;;1.0;0.0;1994.0;REF152
REC1806;SP246;IRL.1_1;RLM11;;;;;1.0;0.0;;REF152
REC1807;SP246;ITA.1_1;RLM11;;;1.0;;1.0;0.0;1992.0;REF152
REC1808;SP246;LVA.1_1;RLM11;;;;;1.0;0.0;;REF152
REC1809;SP246;LIE.1_1;RLM11;;;;;1.0;0.0;;REF152
REC1810;SP246;LTU.1_1;RLM11;;;1.0;;1.0;0.0;2002.0;REF152
REC1811;SP246;LUX.1_1;RLM11;;;;;1.0;0.0;;REF152
REC1812;SP246;MDA.1_1;RLM11;;;1.0;;1.0;0.0;;REF152
REC1813;SP246;NLD.1_1;RLM11;;;1.0;;1.0;0.0;1999.0;REF152
REC1814;SP246;NOR.1_1;RLM11;;;;;1.0;0.0;;REF152
REC1815;SP246;POL.1_1;RLM11;;;1.0;;1.0;0.0;1998.0;REF152
REC1816;SP246;ROU.1_1;RLM11;;;1.0;;1.0;0.0;;REF152
REC1817;SP246;RUS.1_2;RLM11;;;1.0;;1.0;0.0;2003.0;REF152
REC1818;SP246;SRB.1_1;RLM11;;;1.0;;1.0;0.0;;REF152
REC1819;SP246;SVK.1_1;RLM11;;;1.0;;1.0;0.0;1996.0;REF152
REC1820;SP246;SVN.1_1;RLM11;;;1.0;;1.0;0.0;1995.0;REF152
REC1821;SP246;ESP.1_1;RLM11;;;1.0;;1.0;0.0;2002.0;REF152
REC1822;SP246;SWE.1_1;RLM11;;;1.0;;1.0;0.0;2002.0;REF152
REC1823;SP246;CHE.1_1;RLM11;;;1.0;;1.0;0.0;1999.0;REF152
REC1824;SP246;UKR.1_1;RLM11;;;1.0;;1.0;0.0;;REF152
REC1825;SP246;GBR.1_1;RLM11;;;1.0;;1.0;0.0;;REF152
REC1826;SP246;AUT.1_1;RLM11;0.0;0.0;1.0;0.0;1.0;0.0;1989.0;REF683
REC1827;SP246;BLR.1_1;RLM11;0.0;0.0;1.0;1.0;1.0;0.0;2003.0;REF683
REC1828;SP246;BEL.1_1;RLM11;0.0;0.0;1.0;1.0;1.0;0.0;2000.0;REF683
REC1829;SP246;BIH.1_1;RLM11;0.0;0.0;1.0;1.0;1.0;0.0;1993.0;REF683
REC1830;SP246;BGR.1_1;RLM11;0.0;0.0;1.0;1.0;1.0;0.0;;REF683
REC1831;SP246;HRV.1_1;RLM11;0.0;0.0;1.0;1.0;1.0;0.0;1995.0;REF683
REC1832;SP246;CZE.1_1;RLM11;0.0;0.0;1.0;1.0;1.0;0.0;1997.0;REF683
REC1833;SP246;DNK.1_1;RLM11;0.0;0.0;1.0;1.0;1.0;0.0;2002.0;REF683
REC1834;SP246;FIN.1_1;RLM11;0.0;0.0;1.0;1.0;1.0;0.0;2006.0;REF683
REC1835;SP246;FRA.1_1;RLM11;0.0;0.0;1.0;1.0;1.0;0.0;;REF683
REC1836;SP246;DEU.1_1;RLM11;0.0;0.0;1.0;1.0;1.0;0.0;;REF683
REC1837;SP246;HUN.1_1;RLM11;0.0;0.0;1.0;1.0;1.0;0.0;1993.0;REF683
REC1838;SP246;ITA.1_1;RLM11;0.0;0.0;1.0;1.0;1.0;0.0;;REF683
REC1839;SP246;LVA.1_1;RLM11;0.0;0.0;1.0;1.0;1.0;0.0;;REF683
REC1840;SP246;LTU.1_1;RLM11;0.0;0.0;1.0;1.0;1.0;0.0;;REF683
REC1841;SP246;NLD.1_1;RLM11;0.0;0.0;1.0;1.0;1.0;0.0;;REF683
REC1842;SP246;POL.1_1;RLM11;0.0;0.0;1.0;1.0;1.0;0.0;;REF683
REC1843;SP246;ROU.1_1;RLM11;0.0;0.0;1.0;1.0;1.0;0.0;;REF683
REC1844;SP246;RUS.1_2;RLM11;0.0;0.0;1.0;;1.0;0.0;;REF683
REC1845;SP246;SRB.1_1;RLM11;0.0;0.0;1.0;1.0;1.0;0.0;;REF683
REC1846;SP246;SVK.1_1;RLM11;0.0;0.0;1.0;1.0;1.0;0.0;;REF683
REC1847;SP246;SVN.1_1;RLM11;0.0;0.0;1.0;1.0;1.0;0.0;;REF683
REC1848;SP246;ESP.1_1;RLM11;0.0;0.0;1.0;1.0;1.0;0.0;;REF683
REC1849;SP246;SWE.1_1;RLM11;0.0;0.0;1.0;1.0;1.0;0.0;;REF683
REC1850;SP246;CHE.1_1;RLM11;0.0;0.0;1.0;1.0;1.0;0.0;;REF683
REC1851;SP246;GBR.1_1;RLM11;0.0;0.0;1.0;1.0;1.0;0.0;;REF683
REC1852;SP246;GBR.1_1;RLM11;0.0;0.0;1.0;1.0;1.0;0.0;;REF683
REC1853;SP246;SRB.1_1;RLM11;0.0;0.0;1.0;1.0;1.0;0.0;;REF911
REC1854;SP246;GRC.1_1;RLM11;0.0;0.0;1.0;;1.0;0.0;1879.0;REF310
REC1855;SP246;AUT.1_1;RLM11;0.0;0.0;1.0;0.0;1.0;0.0;1989.0;REF987
REC1856;SP246;FRA.1_1;RLM11;0.0;0.0;1.0;1.0;1.0;0.0;1998.0;REF987
REC1857;SP246;ARM.1_1;RLM11;0.0;0.0;1.0;1.0;1.0;0.0;2019.0;REF428
REC1858;SP246;BLR.1_1;RLM11;0.0;0.0;1.0;1.0;1.0;0.0;2003.0;REF630
REC1859;SP246;BEL.1_1;RLM11;0.0;0.0;1.0;1.0;1.0;0.0;2000.0;REF630
REC1860;SP246;BIH.1_1;RLM11;0.0;0.0;1.0;1.0;1.0;0.0;1993.0;REF630
REC1861;SP246;BGR.1_1;RLM11;0.0;0.0;1.0;1.0;1.0;0.0;1983.0;REF630
REC1862;SP246;HRV.1_1;RLM11;0.0;0.0;1.0;1.0;1.0;0.0;1995.0;REF630
REC1863;SP246;CZE.1_1;RLM11;0.0;0.0;1.0;1.0;1.0;0.0;1997.0;REF630
REC1864;SP246;DNK.1_1;RLM11;0.0;0.0;1.0;1.0;1.0;0.0;2002.0;REF630
REC1865;SP246;EST.1_1;RLM11;0.0;0.0;1.0;1.0;1.0;0.0;2016.0;REF630
REC1866;SP246;FIN.1_1;RLM11;0.0;0.0;1.0;1.0;1.0;0.0;2006.0;REF630
REC1867;SP246;FRA.1_1;RLM11;0.0;0.0;1.0;1.0;1.0;0.0;2000.0;REF630
REC1868;SP246;DEU.1_1;RLM11;0.0;0.0;1.0;1.0;1.0;0.0;1994.0;REF630
REC1869;SP246;HUN.1_1;RLM11;0.0;0.0;1.0;1.0;1.0;0.0;1994.0;REF630
REC1870;SP246;IRL.1_1;RLM11;0.0;0.0;1.0;1.0;1.0;0.0;2013.0;REF630
REC1871;SP246;ITA.1_1;RLM11;0.0;0.0;1.0;1.0;1.0;0.0;1992.0;REF630
REC1872;SP246;KAZ.1_1;RLM11;0.0;0.0;1.0;1.0;1.0;0.0;2016.0;REF630
REC1873;SP246;KGZ.1_1;RLM11;0.0;0.0;1.0;1.0;1.0;0.0;2015.0;REF630
REC1874;SP246;LVA.1_1;RLM11;0.0;0.0;1.0;1.0;1.0;0.0;2002.0;REF630
REC1875;SP246;LTU.1_1;RLM11;0.0;0.0;1.0;1.0;1.0;0.0;2002.0;REF630
REC1876;SP246;LUX.1_1;RLM11;0.0;0.0;1.0;1.0;1.0;0.0;2003.0;REF630
REC1877;SP246;MDA.1_1;RLM11;0.0;0.0;1.0;1.0;1.0;0.0;2003.0;REF630
REC1878;SP246;MNE.1_1;RLM11;0.0;0.0;1.0;1.0;1.0;0.0;1987.0;REF630
REC1879;SP246;NLD.1_1;RLM11;0.0;0.0;1.0;1.0;1.0;0.0;1999.0;REF630
REC1880;SP246;NOR.1_1;RLM11;0.0;0.0;1.0;1.0;1.0;0.0;2013.0;REF630
REC1881;SP246;POL.1_1;RLM11;0.0;0.0;1.0;1.0;1.0;0.0;1998.0;REF630
REC1882;SP246;ROU.1_1;RLM11;0.0;0.0;1.0;1.0;1.0;0.0;1998.0;REF630
REC1883;SP246;SVK.1_1;RLM11;0.0;0.0;1.0;1.0;1.0;0.0;1996.0;REF630
REC1884;SP246;SVN.1_1;RLM11;0.0;0.0;1.0;1.0;1.0;0.0;1995.0;REF630
REC1885;SP246;ESP.1_1;RLM11;0.0;0.0;1.0;1.0;1.0;0.0;2002.0;REF630
REC1886;SP246;SWE.1_1;RLM11;0.0;0.0;1.0;1.0;1.0;0.0;2002.0;REF630
REC1887;SP246;CHE.1_1;RLM11;0.0;0.0;1.0;1.0;1.0;0.0;1999.0;REF630
REC1888;SP246;TUR.1_1;RLM11;0.0;0.0;1.0;;1.0;0.0;2004.0;REF630
REC1889;SP246;UKR.1_1;RLM11;0.0;0.0;1.0;1.0;1.0;0.0;2002.0;REF630
REC1890;SP246;GBR.1_1;RLM11;0.0;0.0;1.0;1.0;1.0;0.0;2002.0;REF630
REC1891;SP246;DNK.1_1;RLM11;0.0;0.0;1.0;1.0;1.0;0.0;2002.0;REF43
REC1892;SP246;FIN.1_1;RLM11;0.0;0.0;1.0;1.0;1.0;0.0;2006.0;REF43
REC1893;SP246;FRA.1_1;RLM11;0.0;0.0;1.0;1.0;1.0;0.0;2001.0;REF43
REC1894;SP246;LTU.1_1;RLM11;0.0;0.0;1.0;1.0;1.0;0.0;2002.0;REF43
REC1895;SP246;ESP.1_1;RLM11;0.0;0.0;1.0;1.0;1.0;0.0;2002.0;REF43
REC1896;SP246;SWE.1_1;RLM11;0.0;0.0;1.0;1.0;1.0;0.0;2002.0;REF43
REC1897;SP246;UKR.1_1;RLM11;0.0;0.0;1.0;1.0;1.0;0.0;2002.0;REF43
REC1898;SP246;GBR.1_1;RLM11;0.0;0.0;1.0;1.0;1.0;0.0;2002.0;REF43
REC1899;SP246;CHE.1_1;RLM11;0.0;0.0;1.0;1.0;1.0;0.0;1998.0;REF398
REC1900;SP246;BGR.1_1;RLM11;0.0;0.0;1.0;1.0;;0.0;1990.0;REF1073
REC1901;SP246;AUT.1_1;RLM11;0.0;0.0;1.0;0.0;1.0;0.0;1989.0;REF434
REC1902;SP246;POL.1_1;RLM11;0.0;0.0;1.0;1.0;1.0;0.0;1990.0;REF221
REC1903;SP246;NOR.1_1;RLM11;0.0;0.0;1.0;1.0;1.0;0.0;2013.0;REF973
REC1904;SP247;DNK.1_1;RLM11;;;1.0;;1.0;0.0;;REF542
REC1905;SP248;NZL.1_1;RLM2;;;1.0;;1.0;0.0;;REF697
REC1906;SP248;NZL.1_1;RLM2;;;1.0;;1.0;0.0;1906.0;REF1096
REC1907;SP249;USA.1_1;RLM9;0.0;0.0;1.0;;1.0;0.0;;REF1007
REC1908;SP249;USA.1_1;RLM9;0.0;0.0;1.0;0.0;1.0;0.0;1993.0;REF1002
REC1909;SP250;GBR.1_1;RLM11;;;1.0;;1.0;0.0;2002.0;REF1096
REC1910;SP251;CAN.1_1;RLM9;0.0;0.0;1.0;;1.0;0.0;;REF1002
REC1911;SP251;USA.1_1;RLM9;0.0;0.0;1.0;;1.0;0.0;1944.0;REF1007
REC1912;SP251;USA.1_1;RLM9;0.0;0.0;;;1.0;0.0;;REF1195
REC1913;SP251;USA.1_1;RLM9;0.0;0.0;1.0;;1.0;0.0;;REF1002
REC1914;SP252;USA.1_1;RLM9;0.0;0.0;1.0;;1.0;0.0;1920.0;REF1007
REC1915;SP252;USA.1_1;RLM9;0.0;0.0;;;1.0;0.0;;REF1195
REC1916;SP252;CAN.1_1;RLM9;0.0;0.0;1.0;0.0;1.0;0.0;;REF1002
REC1917;SP253;AUS.1_1;RLM2;0.0;1.0;1.0;0.0;1.0;0.0;1989.0;REF353
REC1918;SP253;AUS.1_1;RLM2;0.0;1.0;1.0;0.0;1.0;0.0;1989.0;REF353
REC1919;SP253;AUS.1_1;RLM2;0.0;1.0;1.0;;1.0;0.0;1989.0;REF932
REC1920;SP253;AUS.1_1;RLM2;;;1.0;;1.0;0.0;;REF697
REC1921;SP253;VNM.1_1;RLM6;0.0;0.0;1.0;;1.0;0.0;2012.0;REF1124
REC1922;SP253;AUS.1_1;RLM2;0.0;1.0;1.0;;1.0;0.0;1989.0;REF858
REC1923;SP254;CAN.1_1;RLM9;0.0;0.0;1.0;0.0;1.0;0.0;;REF1002
REC1924;SP255;ZAF.1_1;RLM3;;;1.0;;1.0;0.0;;REF697
REC1925;SP255;ZAF.1_1;RLM3;;1.0;1.0;;1.0;0.0;;REF1096
REC1926;SP255;ZAF.1_1;RLM3;;;1.0;;1.0;0.0;;REF542
REC1927;SP256;NZL.1_1;RLM2;;;1.0;;1.0;0.0;;REF697
REC1928;SP256;NZL.1_1;RLM2;;;1.0;;1.0;0.0;2017.0;REF1096
REC1929;SP257;CHN.1_1;RLM10;;;;;1.0;0.0;;REF152
REC1930;SP257;CHN.1_1;RLM10;;;;;1.0;0.0;;REF152
REC1931;SP257;CHN.1_1;RLM10;;;1.0;;1.0;0.0;1987.0;REF152
REC1932;SP257;CHN.1_1;RLM11;;;;;1.0;0.0;;REF152
REC1933;SP257;CHN.1_1;RLM6;;;;;1.0;0.0;;REF152
REC1934;SP257;CHN.1_1;RLM6;;;;;1.0;0.0;;REF152
REC1935;SP257;CHN.1_1;RLM10;;;;;1.0;0.0;;REF152
REC1936;SP257;CHN.1_1;RLM11;;;;;1.0;0.0;;REF152
REC1937;SP257;CHN.1_1;RLM10;;;;;1.0;0.0;;REF152
REC1938;SP257;CHN.1_1;RLM10;;;;;1.0;0.0;;REF152
REC1939;SP257;CHN.1_1;RLM10;;;;;1.0;0.0;;REF152
REC1940;SP257;CHN.1_1;RLM11;;;;;1.0;0.0;;REF152
REC1941;SP257;CHN.1_1;RLM10;;;;;1.0;0.0;;REF152
REC1942;SP257;CHN.1_1;RLM10;;;;;1.0;0.0;;REF152
REC1943;SP257;CHN.1_1;RLM11;;;;;1.0;0.0;;REF152
REC1944;SP257;CHN.1_1;RLM11;;;;;1.0;0.0;;REF152
REC1945;SP257;CHN.1_1;RLM11;;;;;1.0;0.0;;REF152
REC1946;SP257;CHN.1_1;RLM10;;;;;1.0;0.0;;REF152
REC1947;SP257;CHN.1_1;RLM10;;;;;1.0;0.0;;REF152
REC1948;SP257;CHN.1_1;RLM10;;;;;1.0;0.0;;REF152
REC1949;SP257;CHN.1_1;RLM10;;;;;1.0;0.0;;REF152
REC1950;SP257;CHN.1_1;RLM10;;;;;1.0;0.0;;REF152
REC1951;SP257;CHN.1_1;RLM10;;;;;1.0;0.0;;REF152
REC1952;SP257;CHN.1_1;RLM10;;;;;1.0;0.0;;REF152
REC1953;SP257;CHN.1_1;RLM11;;;;;1.0;0.0;;REF152
REC1954;SP257;CHN.1_1;RLM6;;;;;1.0;0.0;;REF152
REC1955;SP257;CHN.1_1;RLM10;;;;;1.0;0.0;;REF152
REC1956;SP257;CHN.1_1;RLM10;;;;;1.0;0.0;;REF330
REC1957;SP257;CHN.1_1;RLM10;;;;;1.0;0.0;;REF330
REC1958;SP257;CHN.1_1;RLM10;;;;;1.0;0.0;;REF330
REC1959;SP257;CHN.1_1;RLM11;;;;;1.0;0.0;;REF330
REC1960;SP257;CHN.1_1;RLM6;;;;;1.0;0.0;;REF330
REC1961;SP257;CHN.1_1;RLM6;;;;;1.0;0.0;;REF330
REC1962;SP257;CHN.1_1;RLM10;;;;;1.0;0.0;;REF330
REC1963;SP257;CHN.1_1;RLM11;;;;;1.0;0.0;;REF330
REC1964;SP257;CHN.1_1;RLM10;;;;;1.0;0.0;;REF330
REC1965;SP257;CHN.1_1;RLM10;;;;;1.0;0.0;;REF330
REC1966;SP257;CHN.1_1;RLM10;;;;;1.0;0.0;;REF330
REC1967;SP257;CHN.1_1;RLM10;;;;;1.0;0.0;;REF330
REC1968;SP257;CHN.1_1;RLM10;;;;;1.0;0.0;;REF330
REC1969;SP257;CHN.1_1;RLM11;;;;;1.0;0.0;;REF330
REC1970;SP257;CHN.1_1;RLM11;;;;;1.0;0.0;;REF330
REC1971;SP257;CHN.1_1;RLM11;;;;;1.0;0.0;;REF330
REC1972;SP257;CHN.1_1;RLM11;;;;;1.0;0.0;;REF330
REC1973;SP257;CHN.1_1;RLM10;;;;;1.0;0.0;;REF330
REC1974;SP257;CHN.1_1;RLM10;;;;;1.0;0.0;;REF330
REC1975;SP257;CHN.1_1;RLM10;;;;;1.0;0.0;;REF330
REC1976;SP257;CHN.1_1;RLM10;;;;;1.0;0.0;;REF330
REC1977;SP257;CHN.1_1;RLM10;;;;;1.0;0.0;;REF330
REC1978;SP257;CHN.1_1;RLM10;;;;;1.0;0.0;;REF330
REC1979;SP257;CHN.1_1;RLM10;;;;;1.0;0.0;;REF330
REC1980;SP257;CHN.1_1;RLM11;;;;;1.0;0.0;;REF330
REC1981;SP257;CHN.1_1;RLM6;;;;;1.0;0.0;;REF330
REC1982;SP257;CHN.1_1;RLM10;;;;;1.0;0.0;;REF330
REC1983;SP257;USA.1_1;RLM9;;;;;0.0;0.0;;REF330
REC1984;SP257;CHN.1_1;RLM11;;;;;1.0;0.0;;REF330
REC1985;SP257;CHN.1_1;RLM11;;;;;1.0;0.0;;REF152
REC1986;SP257;USA.1_1;RLM9;;;;;1.0;0.0;;REF152
REC1987;SP257;USA.1_1;RLM9;0.0;0.0;1.0;;1.0;0.0;;REF1007
REC1988;SP258;GBR.1_1;RLM11;;;1.0;;1.0;0.0;2005.0;REF1096
REC1989;SP259;DNK.1_1;RLM11;;;1.0;;1.0;0.0;;REF542
REC1990;SP260;NZL.1_1;RLM2;;;1.0;;1.0;0.0;;REF697
REC1991;SP260;NZL.1_1;RLM2;;;1.0;;1.0;0.0;1981.0;REF1096
REC1992;SP261;USA.1_1;RLM9;0.0;0.0;1.0;;1.0;0.0;1966.0;REF1007
REC1993;SP261;USA.1_1;RLM9;0.0;0.0;;;1.0;0.0;;REF1195
REC1994;SP261;CAN.1_1;RLM9;0.0;0.0;1.0;0.0;1.0;0.0;1966.0;REF1002
REC1995;SP262;USA.1_1;RLM9;0.0;0.0;;;1.0;0.0;;REF1002
REC1996;SP263;USA.1_1;RLM9;0.0;1.0;1.0;;;0.0;;REF1002
REC1997;SP264;USA.1_1;RLM9;0.0;1.0;1.0;0.0;0.0;;1969.0;REF1002
REC1998;SP265;AUS.1_1;RLM2;;;1.0;;1.0;0.0;;REF697
REC1999;SP265;AUS.1_1;RLM2;0.0;1.0;1.0;0.0;1.0;0.0;1997.0;REF967
REC2000;SP266;USA.1_1;RLM9;0.0;0.0;;;1.0;0.0;;REF1195
REC2001;SP267;USA.1_1;RLM9;0.0;0.0;;;1.0;0.0;;REF1195
REC2002;SP268;DEU.1_1;RLM11;;;1.0;;1.0;0.0;;REF542
REC2003;SP269;ZAF.1_1;RLM3;;;1.0;;1.0;0.0;;REF697
REC2004;SP269;ZAF.1_1;RLM3;;0.0;1.0;;1.0;0.0;1950.0;REF1096
REC2005;SP269;KEN.1_1;RLM3;;;1.0;;1.0;0.0;;REF542
REC2006;SP269;ZAF.1_1;RLM3;;;1.0;;1.0;0.0;;REF542
REC2007;SP269;BWA.1_1;RLM3;;;;;1.0;0.0;;REF330
REC2008;SP269;CMR.1_1;RLM3;;;;;1.0;0.0;;REF330
REC2009;SP269;COM.3_1;RLM4;;;;;1.0;0.0;;REF330
REC2010;SP269;SWZ.1_1;RLM3;;;;;1.0;0.0;;REF330
REC2011;SP269;ETH.1_1;RLM3;;;;;1.0;0.0;;REF330
REC2012;SP269;KEN.1_1;RLM3;;;;;1.0;0.0;;REF330
REC2013;SP269;LSO.1_1;RLM3;;;;;1.0;0.0;;REF330
REC2014;SP269;MWI.1_1;RLM3;;;;;1.0;0.0;;REF330
REC2015;SP269;MOZ.1_1;RLM3;;;;;1.0;0.0;;REF330
REC2016;SP269;SOM.1_1;RLM3;;;;;1.0;0.0;;REF330
REC2017;SP269;ZAF.1_1;RLM3;;;;;1.0;0.0;;REF330
REC2018;SP269;SDN.1_1;RLM3;;;;;1.0;0.0;;REF330
REC2019;SP269;TZA.1_1;RLM3;;;;;1.0;0.0;;REF330
REC2020;SP269;UGA.1_1;RLM3;;;;;1.0;0.0;;REF330
REC2021;SP269;ZMB.1_1;RLM3;;;;;1.0;0.0;;REF330
REC2022;SP269;ZWE.1_1;RLM3;;;;;1.0;0.0;;REF330
REC2023;SP269;ISR.1_1;RLM8;;;;;1.0;0.0;;REF330
REC2024;SP269;TUR.1_1;RLM11;;;;;1.0;0.0;;REF330
REC2025;SP269;ISR.1_1;RLM8;;;1.0;;1.0;0.0;2011.0;REF957
REC2026;SP269;BWA.1_1;RLM3;;;;;1.0;0.0;;REF152
REC2027;SP269;CMR.1_1;RLM3;;;;;1.0;0.0;;REF152
REC2028;SP269;COM.3_1;RLM4;;;;;1.0;0.0;;REF152
REC2029;SP269;ERI.1_1;RLM3;;;;;1.0;0.0;;REF152
REC2030;SP269;SWZ.1_1;RLM3;;;;;1.0;0.0;;REF152
REC2031;SP269;ETH.1_1;RLM3;;;;;1.0;0.0;;REF152
REC2032;SP269;KEN.1_1;RLM3;;;;;1.0;0.0;;REF152
REC2033;SP269;LSO.1_1;RLM3;;;;;1.0;0.0;;REF152
REC2034;SP269;MWI.1_1;RLM3;;;;;1.0;0.0;;REF152
REC2035;SP269;MOZ.1_1;RLM3;;;;;1.0;0.0;;REF152
REC2036;SP269;SOM.1_1;RLM3;;;;;1.0;0.0;;REF152
REC2037;SP269;ZAF.1_1;RLM3;;;1.0;;1.0;0.0;1950.0;REF152
REC2038;SP269;SDN.1_1;RLM3;;;;;1.0;0.0;;REF152
REC2039;SP269;TZA.1_1;RLM3;;;;;1.0;0.0;;REF152
REC2040;SP269;UGA.1_1;RLM3;;;;;1.0;0.0;;REF152
REC2041;SP269;ZMB.1_1;RLM3;;;;;1.0;0.0;;REF152
REC2042;SP269;ZWE.1_1;RLM3;;;;;1.0;0.0;;REF152
REC2043;SP269;ISR.1_1;RLM8;;;;;1.0;0.0;;REF152
REC2044;SP269;TUR.1_1;RLM11;;;;;1.0;0.0;;REF152
REC2045;SP269;MWI.1_1;RLM3;0.0;0.0;1.0;0.0;1.0;0.0;1930.0;REF1205
REC2046;SP269;BWA.1_1;RLM3;0.0;0.0;1.0;1.0;1.0;0.0;;REF1205
REC2047;SP269;COM.3_1;RLM4;0.0;0.0;1.0;1.0;1.0;0.0;;REF1205
REC2048;SP269;ERI.1_1;RLM3;0.0;0.0;1.0;1.0;1.0;0.0;;REF1205
REC2049;SP269;ETH.1_1;RLM3;0.0;0.0;1.0;1.0;1.0;0.0;;REF1205
REC2050;SP269;KEN.1_1;RLM3;0.0;0.0;1.0;1.0;1.0;0.0;;REF1205
REC2051;SP269;LSO.1_1;RLM3;0.0;0.0;1.0;1.0;1.0;0.0;;REF1205
REC2052;SP269;MOZ.1_1;RLM3;0.0;0.0;1.0;1.0;1.0;0.0;;REF1205
REC2053;SP269;SOM.1_1;RLM3;0.0;0.0;1.0;1.0;1.0;0.0;;REF1205
REC2054;SP269;ZAF.1_1;RLM3;0.0;0.0;1.0;1.0;1.0;0.0;;REF1205
REC2055;SP269;SDN.1_1;RLM3;0.0;0.0;1.0;1.0;1.0;0.0;;REF1205
REC2056;SP269;SWZ.1_1;RLM3;0.0;0.0;1.0;1.0;1.0;0.0;;REF1205
REC2057;SP269;TZA.1_1;RLM3;0.0;0.0;1.0;1.0;1.0;0.0;;REF1205
REC2058;SP269;UGA.1_1;RLM3;0.0;0.0;1.0;1.0;1.0;0.0;;REF1205
REC2059;SP269;ZMB.1_1;RLM3;0.0;0.0;1.0;1.0;1.0;0.0;;REF1205
REC2060;SP269;ZWE.1_1;RLM3;0.0;0.0;1.0;1.0;1.0;0.0;;REF1205
REC2061;SP269;CMR.1_1;RLM3;0.0;0.0;1.0;;;0.0;;REF1205
REC2062;SP269;TGO.1_1;RLM3;0.0;0.0;1.0;;;0.0;;REF1205
REC2063;SP269;TUR.1_1;RLM11;0.0;0.0;1.0;;1.0;0.0;;REF1205
REC2064;SP269;ISR.1_1;RLM8;0.0;0.0;1.0;;1.0;0.0;;REF1205
REC2065;SP269;TUR.1_1;RLM11;0.0;0.0;1.0;;1.0;0.0;2014.0;REF76
REC2066;SP269;CYP.1_1;RLM8;0.0;0.0;1.0;;1.0;0.0;2013.0;REF261
REC2067;SP269;ISR.1_1;RLM8;0.0;0.0;1.0;;1.0;0.0;2010.0;REF86
REC2068;SP269;UGA.1_1;RLM3;0.0;0.0;1.0;;1.0;0.0;1953.0;REF538
REC2069;SP269;KEN.1_1;RLM3;0.0;0.0;1.0;;1.0;0.0;;REF725
REC2070;SP269;MWI.1_1;RLM3;0.0;0.0;1.0;;1.0;0.0;1932.0;REF725
REC2071;SP270;ZAF.1_1;RLM3;;;1.0;;1.0;0.0;;REF697
REC2072;SP270;ZAF.1_1;RLM3;;;1.0;;1.0;0.0;;REF1096
REC2073;SP270;MUS.1_1;RLM5;;;;;1.0;0.0;;REF330
REC2074;SP270;MOZ.1_1;RLM3;0.0;0.0;1.0;;1.0;0.0;1998.0;REF1160
REC2075;SP270;MUS.1_1;RLM5;0.0;0.0;1.0;;1.0;0.0;1850.0;REF1177
REC2076;SP271;RUS.1_2;RLM11;;;;;1.0;0.0;;REF152
REC2077;SP271;USA.2_1;RLM9;;;1.0;;1.0;0.0;;REF152
REC2078;SP271;AUS.1_1;RLM2;;;1.0;;1.0;0.0;;REF152
REC2079;SP271;RUS.1_2;RLM11;;;;;1.0;0.0;;REF152
REC2080;SP271;FRA.2_1;RLM11;0.0;0.0;1.0;;1.0;0.0;;REF683
REC2081;SP271;RUS.1_2;RLM11;;;;;0.0;0.0;;REF330
REC2082;SP271;RUS.1_2;RLM11;;;;;1.0;0.0;;REF330
REC2083;SP271;USA.2_1;RLM9;;;1.0;;1.0;0.0;;REF697
REC2084;SP271;USA.2_1;RLM9;;;1.0;;1.0;0.0;1928.0;REF1096
REC2085;SP271;USA.2_1;RLM9;;;;;1.0;0.0;;REF330
REC2086;SP271;USA.2_1;RLM9;0.0;0.0;1.0;;1.0;0.0;;REF1007
REC2087;SP271;USA.2_1;RLM9;0.0;0.0;;;1.0;0.0;;REF1195
REC2088;SP271;AUS.1_1;RLM2;;;;;1.0;0.0;;REF330
REC2089;SP271;RUS.1_2;RLM11;;;;;0.0;0.0;;REF330
REC2090;SP271;AUS.1_1;RLM2;;;1.0;;1.0;0.0;;REF697
REC2091;SP271;FRA.1_1;RLM11;;;1.0;;1.0;0.0;;REF542
REC2092;SP271;RUS.1_2;RLM11;;;1.0;;1.0;0.0;;REF542
REC2093;SP271;USA.1_1;RLM9;;;;;1.0;0.0;;REF330
REC2094;SP271;FRA.1_1;RLM11;;;;;1.0;0.0;;REF330
REC2095;SP271;PRT.1_1;RLM11;;;;;1.0;0.0;;REF330
REC2096;SP271;RUS.1_2;RLM11;;;;;1.0;0.0;;REF330
REC2097;SP271;ESP.1_1;RLM11;;;;;1.0;0.0;;REF330
REC2098;SP271;AUS.1_1;RLM2;;;;;1.0;0.0;;REF330
REC2099;SP271;PNG.1_1;RLM5;;;;;1.0;0.0;;REF330
REC2100;SP271;FRA.1_1;RLM11;;;1.0;;1.0;0.0;;REF957
REC2101;SP271;ESP.1_1;RLM11;;;1.0;;1.0;0.0;1949.0;REF957
REC2102;SP271;FRA.2_1;RLM11;;;1.0;;1.0;0.0;;REF957
REC2103;SP271;RUS.1_1;RLM11;;;1.0;;1.0;0.0;;REF957
REC2104;SP271;FRA.1_1;RLM11;;;1.0;;1.0;0.0;;REF152
REC2105;SP271;PRT.1_1;RLM11;;;1.0;;1.0;0.0;;REF152
REC2106;SP271;RUS.1_2;RLM11;;;1.0;;1.0;0.0;;REF152
REC2107;SP271;ESP.1_1;RLM11;;;1.0;;1.0;0.0;;REF152
REC2108;SP271;USA.1_1;RLM9;;;1.0;;1.0;0.0;;REF152
REC2109;SP271;AUS.1_1;RLM2;;;1.0;;1.0;0.0;;REF152
REC2110;SP271;PNG.1_1;RLM5;;;1.0;;1.0;0.0;;REF152
REC2111;SP271;USA.1_1;RLM9;0.0;0.0;;;1.0;0.0;;REF1195
REC2112;SP271;FRA.1_1;RLM11;0.0;0.0;1.0;;1.0;0.0;;REF683
REC2113;SP271;RUS.1_2;RLM11;0.0;0.0;1.0;;1.0;0.0;;REF683
REC2114;SP271;ESP.1_1;RLM11;0.0;0.0;1.0;;1.0;0.0;;REF683
REC2115;SP272;USA.2_1;RLM9;;;1.0;;1.0;0.0;;REF697
REC2116;SP272;USA.2_1;RLM9;;;1.0;;1.0;0.0;1956.0;REF1096
REC2117;SP272;USA.2_1;RLM9;;;;;1.0;0.0;;REF330
REC2118;SP272;USA.2_1;RLM9;0.0;0.0;1.0;;1.0;0.0;;REF1007
REC2119;SP272;USA.2_1;RLM9;0.0;0.0;;;1.0;0.0;;REF1195
REC2120;SP273;NZL.1_1;RLM2;;;1.0;;1.0;0.0;;REF697
REC2121;SP273;NZL.1_1;RLM2;;;1.0;;1.0;0.0;1960.0;REF1096
REC2122;SP274;NZL.1_1;RLM2;;;1.0;;1.0;0.0;2003.0;REF1096
REC2123;SP275;NZL.1_1;RLM2;;;1.0;;1.0;0.0;1920.0;REF1096
REC2124;SP276;USA.2_1;RLM9;0.0;;1.0;;1.0;0.0;;REF48
REC2125;SP277;USA.1_1;RLM9;0.0;0.0;;;1.0;0.0;;REF1195
REC2126;SP278;JPN.1_1;RLM6;;;1.0;;1.0;0.0;;REF697
REC2127;SP278;JPN.1_1;RLM6;;;1.0;;1.0;0.0;1992.0;REF1096
REC2128;SP278;JPN.1_1;RLM6;0.0;0.0;;;1.0;0.0;;REF1195
REC2129;SP278;JPN.1_1;RLM10;;;1.0;;1.0;0.0;;REF542
REC2130;SP278;JPN.1_1;RLM10;0.0;0.0;1.0;;1.0;0.0;;REF812
REC2131;SP278;JPN.1_1;RLM10;0.0;0.0;1.0;;1.0;0.0;1992.0;REF779
REC2132;SP279;NLD.1_1;RLM11;;;1.0;;1.0;0.0;;REF542
REC2133;SP280;USA.1_2;RLM9;0.0;0.0;1.0;;1.0;0.0;;REF1002
REC2134;SP280;CAN.1_1;RLM9;0.0;0.0;1.0;;1.0;0.0;;REF1002
REC2135;SP280;USA.1_1;RLM9;0.0;0.0;1.0;;1.0;0.0;1917.0;REF1007
REC2136;SP280;USA.1_1;RLM9;0.0;0.0;;;1.0;0.0;;REF1195
REC2137;SP280;KOR.1_1;RLM11;0.0;0.0;1.0;;1.0;0.0;2021.0;REF849
REC2138;SP280;USA.1_1;RLM9;0.0;0.0;1.0;0.0;1.0;0.0;1917.0;REF1002
REC2139;SP281;USA.1_1;RLM9;0.0;0.0;;;1.0;0.0;;REF1002
REC2140;SP282;NLD.1_1;RLM11;;;1.0;;1.0;0.0;;REF542
REC2141;SP283;MEX.1_1;RLM9;;;;;1.0;0.0;;REF330
REC2142;SP283;MEX.1_1;RLM9;0.0;0.0;1.0;0.0;1.0;0.0;;REF805
REC2143;SP284;CHN.1_1;RLM11;0.0;0.0;1.0;;1.0;0.0;2012.0;REF679
REC2144;SP284;CHN.1_1;RLM6;0.0;0.0;1.0;;1.0;0.0;2012.0;REF679
REC2145;SP284;CHN.1_1;RLM10;0.0;0.0;1.0;;1.0;0.0;2012.0;REF679
REC2146;SP284;CHN.1_1;RLM10;0.0;0.0;1.0;;1.0;0.0;2012.0;REF679
REC2147;SP285;CHN.1_1;RLM11;0.0;0.0;1.0;0.0;1.0;0.0;2012.0;REF679
REC2148;SP285;RUS.1_2;RLM11;0.0;0.0;1.0;1.0;1.0;0.0;2016.0;REF601
REC2149;SP285;CHN.1_1;RLM10;0.0;0.0;1.0;0.0;1.0;0.0;2012.0;REF679
REC2150;SP285;ITA.1_1;RLM11;0.0;0.0;1.0;0.0;1.0;0.0;2022.0;REF530
REC2151;SP285;JPN.1_1;RLM10;0.0;0.0;1.0;0.0;1.0;0.0;2021.0;REF601
REC2152;SP285;KOR.1_1;RLM11;0.0;0.0;1.0;0.0;1.0;0.0;2017.0;REF616
REC2153;SP286;CAN.1_1;RLM9;0.0;0.0;1.0;;1.0;0.0;;REF1002
REC2154;SP286;USA.1_1;RLM9;0.0;0.0;1.0;;1.0;0.0;;REF695
REC2155;SP286;USA.1_1;RLM9;0.0;0.0;1.0;;1.0;0.0;;REF695
REC2156;SP286;CAN.1_1;RLM9;0.0;0.0;1.0;;1.0;0.0;1993.0;REF695
REC2157;SP286;USA.1_1;RLM9;0.0;0.0;1.0;;1.0;0.0;;REF695
REC2158;SP286;USA.1_1;RLM9;0.0;0.0;1.0;;1.0;0.0;;REF695
REC2159;SP286;USA.1_1;RLM9;0.0;0.0;1.0;;1.0;0.0;1928.0;REF695
REC2160;SP286;CAN.1_1;RLM9;0.0;0.0;1.0;;1.0;0.0;2000.0;REF695
REC2161;SP286;USA.1_1;RLM9;0.0;0.0;1.0;;1.0;0.0;;REF695
REC2162;SP286;USA.1_1;RLM9;0.0;0.0;1.0;;1.0;0.0;1928.0;REF1007
REC2163;SP286;USA.1_1;RLM9;0.0;0.0;;;1.0;0.0;;REF1195
REC2164;SP286;USA.1_1;RLM9;0.0;0.0;1.0;;1.0;0.0;1928.0;REF1002
REC2165;SP287;PRT.3_1;RLM11;1.0;0.0;;;1.0;0.0;;REF683
REC2166;SP287;FRA.1_1;RLM11;;;1.0;;1.0;0.0;;REF542
REC2167;SP287;AUT.1_1;RLM11;;;1.0;;1.0;0.0;;REF542
REC2168;SP287;AUT.1_1;RLM11;;;1.0;;1.0;0.0;;REF957
REC2169;SP287;GBR.1_1;RLM11;;;1.0;;1.0;0.0;;REF957
REC2170;SP287;PRT.3_1;RLM11;;;1.0;;1.0;0.0;;REF957
REC2171;SP287;ESP.1_1;RLM11;;;1.0;;1.0;0.0;;REF957
REC2172;SP287;FRA.1_1;RLM11;;;1.0;;1.0;0.0;;REF957
REC2173;SP287;IRL.1_1;RLM11;;;1.0;;1.0;0.0;;REF957
REC2174;SP287;ESP.1_1;RLM11;;;1.0;;1.0;0.0;;REF957
REC2175;SP287;AUT.1_1;RLM11;1.0;0.0;;;1.0;0.0;1998.0;REF683
REC2176;SP287;ESP.1_1;RLM11;1.0;0.0;;;1.0;0.0;;REF683
REC2177;SP287;FRA.1_1;RLM11;1.0;0.0;;;1.0;0.0;;REF683
REC2178;SP287;GBR.1_1;RLM11;1.0;0.0;;;1.0;0.0;;REF683
REC2179;SP287;IRL.1_1;RLM11;1.0;0.0;;;1.0;0.0;;REF683
REC2180;SP288;CAN.1_1;RLM9;;;1.0;;1.0;0.0;2008.0;REF152
REC2181;SP288;CAN.1_1;RLM9;0.0;0.0;1.0;;1.0;0.0;2008.0;REF794
REC2182;SP288;SWE.1_1;RLM11;;;1.0;;1.0;0.0;;REF542
REC2183;SP288;GBR.1_1;RLM11;;;1.0;;1.0;0.0;;REF542
REC2184;SP288;POL.1_1;RLM11;;;1.0;;1.0;0.0;;REF542
REC2185;SP288;CZE.1_1;RLM11;;;1.0;;1.0;0.0;1999.0;REF152
REC2186;SP288;POL.1_1;RLM11;;;;;1.0;0.0;;REF152
REC2187;SP288;SWE.1_1;RLM11;;;;;1.0;0.0;;REF152
REC2188;SP288;GBR.1_1;RLM11;;;;;1.0;0.0;;REF152
REC2189;SP288;CAN.1_1;RLM9;;;;;1.0;0.0;;REF152
REC2190;SP288;CZE.1_1;RLM11;0.0;0.0;1.0;;1.0;0.0;;REF683
REC2191;SP288;POL.1_1;RLM11;0.0;0.0;1.0;;1.0;0.0;;REF683
REC2192;SP288;SWE.1_1;RLM11;0.0;0.0;1.0;;1.0;0.0;;REF683
REC2193;SP288;CAN.1_1;RLM9;0.0;0.0;1.0;0.0;1.0;0.0;;REF1002
REC2194;SP289;USA.2_1;RLM9;;;1.0;;1.0;0.0;1877.0;REF1096
REC2195;SP289;USA.2_1;RLM9;;;;;1.0;0.0;;REF330
REC2196;SP289;USA.2_1;RLM9;0.0;0.0;1.0;;1.0;0.0;;REF1007
REC2197;SP289;USA.2_1;RLM9;0.0;0.0;;;1.0;0.0;;REF1195
REC2198;SP289;USA.1_1;RLM9;;;;;1.0;0.0;;REF330
REC2199;SP289;DEU.1_1;RLM11;;;;;0.0;0.0;;REF330
REC2200;SP289;GBR.1_1;RLM11;;;;;0.0;0.0;;REF330
REC2201;SP289;DEU.1_1;RLM11;;;1.0;;1.0;0.0;;REF957
REC2202;SP289;USA.1_1;RLM9;0.0;0.0;1.0;;1.0;0.0;;REF1007
REC2203;SP289;USA.1_1;RLM9;0.0;0.0;;;1.0;0.0;;REF1195
REC2204;SP289;DEU.1_1;RLM11;0.0;0.0;1.0;;1.0;0.0;;REF683
REC2205;SP289;GBR.1_1;RLM11;0.0;0.0;1.0;0.0;1.0;0.0;2002.0;REF875
REC2206;SP290;CAN.1_1;RLM9;0.0;0.0;1.0;;1.0;0.0;;REF1002
REC2207;SP290;NZL.1_1;RLM2;;;1.0;;1.0;0.0;;REF697
REC2208;SP290;NZL.1_1;RLM2;;;1.0;;1.0;0.0;1963.0;REF1096
REC2209;SP290;USA.1_1;RLM9;0.0;0.0;1.0;0.0;1.0;0.0;1870.0;REF1002
REC2210;SP291;USA.1_1;RLM9;0.0;0.0;;;1.0;0.0;;REF1195
REC2211;SP292;CAN.1_1;RLM9;0.0;0.0;1.0;;1.0;0.0;;REF1002
REC2212;SP292;PRT.2_1;RLM11;0.0;0.0;1.0;;1.0;0.0;;REF683
REC2213;SP292;USA.1_1;RLM9;0.0;0.0;1.0;;1.0;0.0;1926.0;REF1007
REC2214;SP292;USA.1_1;RLM9;0.0;0.0;1.0;;1.0;0.0;;REF1002
REC2215;SP293;AUS.1_1;RLM2;;;1.0;;1.0;0.0;;REF697
REC2216;SP294;IRL.1_1;RLM11;;;1.0;;1.0;0.0;;REF542
REC2217;SP295;CAN.1_1;RLM9;0.0;0.0;1.0;;1.0;0.0;;REF1002
REC2218;SP295;CAN.1_1;RLM9;0.0;0.0;1.0;;1.0;0.0;;REF394
REC2219;SP295;USA.1_1;RLM9;0.0;0.0;1.0;;1.0;0.0;1939.0;REF1007
REC2220;SP295;USA.1_1;RLM9;0.0;0.0;;;1.0;0.0;;REF1195
REC2221;SP295;USA.1_1;RLM9;0.0;0.0;1.0;0.0;1.0;0.0;1939.0;REF1002
REC2222;SP296;GBR.1_2;RLM11;0.0;0.0;1.0;;1.0;0.0;2006.0;REF879
REC2223;SP296;PRT.3_1;RLM11;0.0;0.0;1.0;;1.0;0.0;;REF683
REC2224;SP296;DNK.1_1;RLM11;;;1.0;;1.0;0.0;;REF542
REC2225;SP296;DNK.1_1;RLM11;;;1.0;;1.0;0.0;;REF957
REC2226;SP296;GBR.1_1;RLM11;;;1.0;;1.0;0.0;;REF957
REC2227;SP296;DEU.1_1;RLM11;;;1.0;;1.0;0.0;1979.0;REF957
REC2228;SP296;PRT.3_1;RLM11;;;1.0;;1.0;0.0;;REF957
REC2229;SP296;DNK.1_1;RLM11;;;1.0;;1.0;0.0;1987.0;REF152
REC2230;SP296;DEU.1_1;RLM11;;;1.0;;1.0;0.0;1979.0;REF152
REC2231;SP296;GBR.1_1;RLM11;;;;;1.0;0.0;;REF152
REC2232;SP296;DNK.1_1;RLM11;0.0;0.0;1.0;;1.0;0.0;;REF683
REC2233;SP296;DEU.1_1;RLM11;0.0;0.0;1.0;;1.0;0.0;;REF683
REC2234;SP296;GBR.1_1;RLM11;0.0;0.0;1.0;;1.0;0.0;;REF683
REC2235;SP296;ESP.1_1;RLM11;0.0;0.0;1.0;;1.0;0.0;2000.0;REF879
REC2236;SP296;DNK.1_1;RLM11;0.0;0.0;1.0;;1.0;0.0;1987.0;REF879
REC2237;SP296;ITA.1_1;RLM11;0.0;0.0;1.0;;1.0;0.0;2015.0;REF879
REC2238;SP297;CAN.1_1;RLM9;0.0;0.0;1.0;;1.0;0.0;;REF1002
REC2239;SP297;USA.1_1;RLM9;0.0;0.0;1.0;;1.0;0.0;1997.0;REF1007
REC2240;SP297;USA.1_1;RLM9;0.0;0.0;;;1.0;0.0;;REF1195
REC2241;SP297;USA.1_1;RLM9;0.0;0.0;1.0;0.0;1.0;0.0;1997.0;REF1002
REC2242;SP298;CAN.1_1;RLM9;0.0;0.0;1.0;;1.0;0.0;;REF1002
REC2243;SP298;USA.1_1;RLM9;0.0;0.0;1.0;;1.0;0.0;;REF1002
REC2244;SP299;AUS.1_1;RLM2;;;1.0;;1.0;0.0;;REF697
REC2245;SP300;AUS.1_1;RLM2;;;1.0;;1.0;0.0;;REF697
REC2246;SP301;ECU.2_1;RLM1;;;1.0;;1.0;0.0;;REF697
REC2247;SP301;ECU.2_1;RLM1;;;1.0;;1.0;0.0;1992.0;REF1096
REC2248;SP302;CAN.1_1;RLM9;0.0;0.0;1.0;;1.0;0.0;;REF1002
REC2249;SP302;USA.1_1;RLM9;0.0;0.0;1.0;;1.0;0.0;1915.0;REF1007
REC2250;SP302;USA.1_1;RLM9;0.0;0.0;1.0;0.0;1.0;0.0;1929.0;REF1002
REC2251;SP303;USA.1_1;RLM9;0.0;0.0;;;1.0;0.0;;REF1195
REC2252;SP304;CAN.1_1;RLM9;0.0;0.0;1.0;;1.0;0.0;1929.0;REF1002
REC2253;SP304;USA.1_1;RLM9;0.0;0.0;1.0;;1.0;0.0;1929.0;REF1007
REC2254;SP304;USA.1_1;RLM9;0.0;0.0;;;1.0;0.0;;REF1195
REC2255;SP304;USA.1_1;RLM9;0.0;0.0;1.0;;1.0;0.0;1929.0;REF1002
REC2256;SP305;CAN.1_1;RLM9;0.0;0.0;1.0;0.0;1.0;0.0;1954.0;REF1002
REC2257;SP305;USA.1_1;RLM9;0.0;0.0;1.0;;1.0;0.0;1978.0;REF1007
REC2258;SP305;USA.1_1;RLM9;0.0;0.0;;;1.0;0.0;;REF1195
REC2259;SP305;USA.1_1;RLM9;0.0;0.0;1.0;;1.0;0.0;;REF1002
REC2260;SP306;USA.1_1;RLM9;0.0;0.0;;;1.0;0.0;;REF1195
REC2261;SP306;USA.1_1;RLM9;0.0;0.0;1.0;;1.0;0.0;;REF1002
REC2262;SP307;CAN.1_1;RLM9;0.0;1.0;1.0;0.0;1.0;0.0;1990.0;REF1002
REC2263;SP308;AUS.1_1;RLM2;;;1.0;;1.0;0.0;;REF697
REC2264;SP308;USA.1_1;RLM9;0.0;1.0;1.0;;1.0;0.0;1990.0;REF1007
REC2265;SP309;AUS.1_1;RLM2;;;1.0;;1.0;0.0;;REF697
REC2266;SP309;NZL.1_1;RLM2;;;1.0;;1.0;0.0;;REF697
REC2267;SP309;NZL.1_1;RLM2;;;1.0;;1.0;0.0;1930.0;REF1096
REC2268;SP310;USA.1_1;RLM9;;0.0;1.0;;1.0;0.0;;REF1007
REC2269;SP310;USA.1_1;RLM9;0.0;0.0;;;1.0;0.0;;REF1195
REC2270;SP310;CAN.1_1;RLM9;0.0;0.0;1.0;0.0;1.0;0.0;;REF1002
REC2271;SP311;CAN.1_1;RLM9;0.0;0.0;;;1.0;0.0;;REF1002
REC2272;SP311;USA.1_1;RLM9;0.0;0.0;;;1.0;0.0;;REF1002
REC2273;SP312;USA.1_1;RLM9;0.0;0.0;1.0;;1.0;0.0;1987.0;REF1007
REC2274;SP312;USA.1_1;RLM9;0.0;0.0;1.0;;1.0;0.0;;REF1002
REC2275;SP313;PRT.3_1;RLM11;0.0;0.0;1.0;;1.0;0.0;;REF683
REC2276;SP314;FRA.1_1;RLM11;;;1.0;;1.0;0.0;;REF542
REC2277;SP315;CAN.1_1;RLM9;0.0;0.0;1.0;;1.0;0.0;;REF1002
REC2278;SP315;CAN.1_1;RLM9;;;1.0;;1.0;0.0;;REF152
REC2279;SP315;CAN.1_1;RLM9;;;1.0;;1.0;0.0;;REF152
REC2280;SP315;CAN.1_1;RLM9;;;1.0;;1.0;0.0;;REF152
REC2281;SP315;USA.1_1;RLM9;;;1.0;;1.0;0.0;;REF152
REC2282;SP315;USA.1_1;RLM9;;;1.0;;1.0;0.0;;REF152
REC2283;SP315;USA.1_1;RLM9;;;1.0;;1.0;0.0;;REF152
REC2284;SP315;USA.1_1;RLM9;;;1.0;;1.0;0.0;;REF152
REC2285;SP315;USA.1_1;RLM9;;;1.0;;1.0;0.0;;REF152
REC2286;SP315;CAN.1_1;RLM9;;;1.0;;1.0;0.0;;REF152
REC2287;SP315;USA.1_1;RLM9;;;1.0;;1.0;0.0;;REF152
REC2288;SP315;CAN.1_1;RLM9;;;1.0;;1.0;0.0;;REF152
REC2289;SP315;USA.1_1;RLM9;;;1.0;;1.0;0.0;;REF152
REC2290;SP315;CAN.1_1;RLM9;;;1.0;;1.0;0.0;;REF152
REC2291;SP315;CAN.1_1;RLM9;;;1.0;;1.0;0.0;1970.0;REF152
REC2292;SP315;CAN.1_1;RLM9;;;1.0;;1.0;0.0;;REF152
REC2293;SP315;USA.1_1;RLM9;;;1.0;;1.0;0.0;;REF152
REC2294;SP315;USA.1_1;RLM9;;;;;1.0;0.0;;REF152
REC2295;SP315;CAN.1_1;RLM9;0.0;0.0;1.0;;1.0;0.0;2006.0;REF305
REC2296;SP315;CAN.1_1;RLM9;0.0;0.0;1.0;;1.0;0.0;2006.0;REF277
REC2297;SP315;CAN.1_1;RLM9;0.0;0.0;1.0;;1.0;0.0;;REF776
REC2298;SP315;CAN.1_1;RLM9;0.0;0.0;1.0;;1.0;0.0;1990.0;REF305
REC2299;SP315;CAN.1_1;RLM9;0.0;0.0;1.0;;1.0;0.0;;REF776
REC2300;SP315;USA.1_1;RLM9;0.0;0.0;1.0;;1.0;0.0;1993.0;REF777
REC2301;SP315;USA.1_1;RLM9;0.0;0.0;1.0;;1.0;0.0;1993.0;REF777
REC2302;SP315;USA.1_1;RLM9;0.0;0.0;1.0;;1.0;0.0;1993.0;REF777
REC2303;SP315;USA.1_1;RLM9;0.0;0.0;1.0;;1.0;0.0;1993.0;REF777
REC2304;SP315;CAN.1_1;RLM9;0.0;0.0;1.0;;1.0;0.0;1990.0;REF305
REC2305;SP315;CAN.1_1;RLM9;0.0;0.0;1.0;;1.0;0.0;1990.0;REF305
REC2306;SP315;CAN.1_1;RLM9;0.0;0.0;1.0;;1.0;0.0;;REF776
REC2307;SP315;USA.1_1;RLM9;0.0;0.0;1.0;;1.0;0.0;1993.0;REF777
REC2308;SP315;CAN.1_1;RLM9;0.0;0.0;1.0;;1.0;0.0;1989.0;REF305
REC2309;SP315;CAN.1_1;RLM9;0.0;0.0;1.0;;1.0;0.0;;REF776
REC2310;SP315;USA.1_1;RLM9;0.0;0.0;1.0;;1.0;0.0;2011.0;REF277
REC2311;SP315;CAN.1_1;RLM9;0.0;0.0;1.0;;1.0;0.0;;REF776
REC2312;SP315;CAN.1_1;RLM9;0.0;0.0;1.0;;1.0;0.0;1993.0;REF777
REC2313;SP315;CAN.1_1;RLM9;0.0;0.0;1.0;;1.0;0.0;;REF776
REC2314;SP315;CAN.1_1;RLM9;0.0;0.0;1.0;;1.0;0.0;;REF776
REC2315;SP315;USA.1_1;RLM9;0.0;0.0;1.0;;1.0;0.0;1993.0;REF777
REC2316;SP315;NZL.1_1;RLM2;;;1.0;;1.0;0.0;;REF697
REC2317;SP315;NZL.1_1;RLM2;;;1.0;;1.0;0.0;2016.0;REF1096
REC2318;SP315;CAN.1_1;RLM9;;;1.0;;1.0;0.0;;REF152
REC2319;SP315;USA.1_1;RLM9;;;1.0;;1.0;0.0;;REF152
REC2320;SP315;NZL.1_1;RLM2;;;1.0;;1.0;0.0;;REF152
REC2321;SP315;USA.1_1;RLM9;0.0;0.0;1.0;;1.0;0.0;1987.0;REF1007
REC2322;SP315;NZL.1_1;RLM2;0.0;0.0;1.0;;1.0;0.0;2015.0;REF277
REC2323;SP315;USA.1_1;RLM9;0.0;0.0;1.0;;1.0;0.0;1962.0;REF1002
REC2324;SP316;AUS.1_1;RLM2;0.0;0.0;1.0;;1.0;0.0;1925.0;REF458
REC2325;SP316;AUS.1_1;RLM2;0.0;0.0;1.0;;1.0;0.0;1923.0;REF458
REC2326;SP316;NZL.1_1;RLM2;0.0;0.0;1.0;;1.0;0.0;1952.0;REF458
REC2327;SP317;USA.1_1;RLM9;0.0;0.0;;;1.0;0.0;;REF1195
REC2328;SP318;CAN.1_1;RLM9;0.0;1.0;1.0;1.0;1.0;0.0;;REF1002
REC2329;SP318;USA.2_1;RLM9;;1.0;1.0;;1.0;0.0;1981.0;REF1096
REC2330;SP318;USA.2_1;RLM9;0.0;1.0;1.0;;1.0;0.0;1981.0;REF1007
REC2331;SP318;USA.2_1;RLM9;0.0;1.0;;;1.0;0.0;;REF1195
REC2332;SP318;USA.1_1;RLM9;0.0;1.0;1.0;;1.0;0.0;1981.0;REF1007
REC2333;SP318;USA.1_1;RLM9;0.0;1.0;;;1.0;0.0;;REF1195
REC2334;SP318;USA.1_1;RLM9;0.0;1.0;1.0;0.0;1.0;0.0;;REF1002
REC2335;SP319;CAN.1_1;RLM9;0.0;0.0;1.0;;1.0;0.0;1886.0;REF1002
REC2336;SP319;USA.1_1;RLM9;0.0;0.0;1.0;;1.0;0.0;1950.0;REF1153
REC2337;SP319;USA.1_1;RLM9;0.0;0.0;1.0;;1.0;0.0;1886.0;REF1153
REC2338;SP319;USA.1_1;RLM9;0.0;0.0;1.0;;1.0;0.0;;REF1153
REC2339;SP319;USA.1_1;RLM9;0.0;0.0;1.0;;1.0;0.0;;REF1153
REC2340;SP319;USA.1_1;RLM9;0.0;0.0;1.0;;1.0;0.0;;REF1153
REC2341;SP319;USA.1_1;RLM9;0.0;0.0;1.0;;1.0;0.0;1960.0;REF1153
REC2342;SP319;USA.1_1;RLM9;0.0;0.0;1.0;;1.0;0.0;;REF1153
REC2343;SP319;USA.1_1;RLM9;0.0;0.0;1.0;;1.0;0.0;1960.0;REF1153
REC2344;SP319;USA.1_1;RLM9;;;1.0;;1.0;0.0;;REF542
REC2345;SP319;SWE.1_1;RLM11;;;1.0;;1.0;0.0;;REF542
REC2346;SP319;IRL.1_1;RLM11;;;1.0;;1.0;0.0;;REF542
REC2347;SP319;GBR.1_1;RLM11;;;1.0;;1.0;0.0;;REF542
REC2348;SP319;USA.1_1;RLM9;0.0;0.0;1.0;;1.0;0.0;1886.0;REF1007
REC2349;SP319;USA.1_1;RLM9;0.0;0.0;;;1.0;0.0;;REF1195
REC2350;SP319;BEL.1_1;RLM11;0.0;0.0;1.0;;1.0;0.0;;REF683
REC2351;SP319;HRV.1_1;RLM11;0.0;0.0;1.0;;1.0;0.0;;REF683
REC2352;SP319;HRV.1_1;RLM11;0.0;0.0;1.0;;1.0;0.0;;REF683
REC2353;SP319;DNK.1_1;RLM11;0.0;0.0;1.0;;1.0;0.0;;REF683
REC2354;SP319;EST.1_1;RLM11;0.0;0.0;1.0;;1.0;0.0;;REF683
REC2355;SP319;FIN.1_1;RLM11;0.0;0.0;1.0;;1.0;0.0;;REF683
REC2356;SP319;LVA.1_1;RLM11;0.0;0.0;1.0;;1.0;0.0;;REF683
REC2357;SP319;LTU.1_1;RLM11;0.0;0.0;1.0;;1.0;0.0;;REF683
REC2358;SP319;NLD.1_1;RLM11;0.0;0.0;1.0;;1.0;0.0;;REF683
REC2359;SP319;MKD.1_1;RLM11;0.0;0.0;1.0;;1.0;0.0;;REF683
REC2360;SP319;NOR.1_1;RLM11;0.0;0.0;1.0;;1.0;0.0;;REF683
REC2361;SP319;IRL.1_1;RLM11;0.0;0.0;1.0;;1.0;0.0;;REF683
REC2362;SP319;SRB.1_1;RLM11;0.0;0.0;1.0;;1.0;0.0;;REF683
REC2363;SP319;SWE.1_1;RLM11;0.0;0.0;1.0;;1.0;0.0;;REF683
REC2364;SP319;GBR.1_1;RLM11;0.0;0.0;1.0;;1.0;0.0;;REF683
REC2365;SP319;SRB.1_1;RLM11;0.0;0.0;1.0;;1.0;0.0;;REF911
REC2366;SP319;USA.1_1;RLM9;0.0;0.0;1.0;;1.0;0.0;1886.0;REF1002
REC2367;SP320;CAN.1_1;RLM9;0.0;0.0;1.0;;1.0;0.0;;REF1002
REC2368;SP320;USA.1_1;RLM9;;0.0;1.0;;1.0;0.0;1901.0;REF1007
REC2369;SP320;USA.1_1;RLM9;0.0;0.0;;;1.0;0.0;;REF1195
REC2370;SP320;USA.1_1;RLM9;0.0;0.0;1.0;;1.0;0.0;;REF1002
REC2371;SP321;USA.1_2;RLM9;0.0;0.0;1.0;;1.0;0.0;;REF1002
REC2372;SP321;CAN.1_1;RLM9;0.0;0.0;1.0;;1.0;0.0;;REF1002
REC2373;SP321;NZL.1_1;RLM2;;;1.0;;1.0;0.0;;REF697
REC2374;SP321;CHL.1_1;RLM1;;;1.0;;1.0;0.0;1979.0;REF1096
REC2375;SP321;NZL.1_1;RLM2;;;1.0;;1.0;0.0;1922.0;REF1096
REC2376;SP321;USA.1_2;RLM9;0.0;0.0;1.0;1.0;1.0;0.0;;REF654
REC2377;SP321;USA.1_1;RLM9;0.0;0.0;1.0;0.0;1.0;0.0;1860.0;REF654
REC2378;SP321;CAN.1_1;RLM9;0.0;0.0;1.0;1.0;1.0;0.0;;REF654
REC2379;SP321;USA.1_1;RLM9;0.0;0.0;1.0;;1.0;0.0;;REF1002
REC2380;SP322;CAN.1_1;RLM9;0.0;1.0;1.0;;1.0;0.0;;REF1002
REC2381;SP322;USA.1_1;RLM9;0.0;1.0;1.0;;1.0;0.0;1981.0;REF1007
REC2382;SP322;USA.1_1;RLM9;0.0;1.0;;;1.0;0.0;;REF1195
REC2383;SP322;USA.1_1;RLM9;0.0;0.0;1.0;;1.0;0.0;;REF1002
REC2384;SP323;CAN.1_1;RLM9;0.0;0.0;1.0;;1.0;0.0;;REF1002
REC2385;SP323;USA.1_1;RLM9;;;1.0;;1.0;0.0;;REF542
REC2386;SP323;CAN.1_1;RLM9;;;1.0;;1.0;0.0;;REF542
REC2387;SP323;USA.1_1;RLM9;0.0;0.0;1.0;;1.0;0.0;1885.0;REF1007
REC2388;SP323;USA.1_1;RLM9;0.0;0.0;;;1.0;0.0;;REF1195
REC2389;SP323;USA.1_1;RLM9;0.0;0.0;1.0;;1.0;0.0;;REF1002
REC2390;SP324;CAN.1_1;RLM9;0.0;0.0;1.0;;1.0;0.0;;REF1002
REC2391;SP324;USA.1_1;RLM9;0.0;0.0;1.0;;1.0;0.0;;REF1002
REC2392;SP325;NLD.1_1;RLM11;;;1.0;;1.0;0.0;;REF542
REC2393;SP325;SVN.1_1;RLM11;;;1.0;;1.0;0.0;;REF542
REC2394;SP325;ITA.1_1;RLM11;;;1.0;;1.0;0.0;;REF542
REC2395;SP325;LTU.1_1;RLM11;;;;;1.0;0.0;;REF152
REC2396;SP325;SVK.1_1;RLM11;;;;;1.0;0.0;;REF152
REC2397;SP325;SWE.1_1;RLM11;;;;;1.0;0.0;;REF152
REC2398;SP325;DEU.1_1;RLM11;0.0;0.0;1.0;;1.0;0.0;;REF683
REC2399;SP325;HUN.1_1;RLM11;0.0;0.0;1.0;;1.0;0.0;;REF683
REC2400;SP325;ITA.1_1;RLM11;0.0;0.0;1.0;;1.0;0.0;;REF683
REC2401;SP325;LTU.1_1;RLM11;0.0;0.0;1.0;;1.0;0.0;;REF683
REC2402;SP325;SVK.1_1;RLM11;0.0;0.0;1.0;;1.0;0.0;;REF683
REC2403;SP325;SWE.1_1;RLM11;0.0;0.0;1.0;;1.0;0.0;;REF683
REC2404;SP326;NZL.1_1;RLM2;;;1.0;;1.0;0.0;;REF697
REC2405;SP326;NZL.1_1;RLM2;;;1.0;;1.0;0.0;1969.0;REF1096
REC2406;SP326;NZL.1_1;RLM2;0.0;0.0;1.0;0.0;1.0;0.0;1969.0;REF493
REC2407;SP327;FRA.1_1;RLM11;;;1.0;;1.0;0.0;;REF542
REC2408;SP328;CAN.1_1;RLM9;0.0;0.0;1.0;;1.0;0.0;;REF1002
REC2409;SP328;USA.1_1;RLM9;0.0;0.0;1.0;;1.0;0.0;;REF1002
REC2410;SP329;PRT.2_1;RLM11;0.0;0.0;1.0;;1.0;0.0;;REF683
REC2411;SP329;NZL.1_1;RLM2;;;1.0;;1.0;0.0;;REF697
REC2412;SP329;CHL.1_1;RLM1;;;1.0;;1.0;0.0;1987.0;REF1096
REC2413;SP329;NZL.1_1;RLM2;;;1.0;;1.0;0.0;1969.0;REF1096
REC2414;SP329;IRL.1_1;RLM11;;;1.0;;1.0;0.0;;REF542
REC2415;SP329;CAN.1_1;RLM9;0.0;0.0;1.0;0.0;1.0;0.0;;REF1002
REC2416;SP330;AUT.1_1;RLM11;;;1.0;;1.0;0.0;;REF542
REC2417;SP330;GBR.1_1;RLM11;;;1.0;;1.0;0.0;;REF542
REC2418;SP330;SVK.1_1;RLM11;;;1.0;;1.0;0.0;;REF542
REC2419;SP330;FRA.1_1;RLM11;;;1.0;;1.0;0.0;;REF542
REC2420;SP330;AUT.1_1;RLM11;;;1.0;;1.0;0.0;;REF957
REC2421;SP330;FRA.1_1;RLM11;;;1.0;;1.0;0.0;;REF957
REC2422;SP330;GBR.1_1;RLM11;;;1.0;;1.0;0.0;;REF957
REC2423;SP330;ITA.1_1;RLM11;;;1.0;;1.0;0.0;1975.0;REF957
REC2424;SP330;CZE.1_1;RLM11;;;1.0;;1.0;0.0;;REF957
REC2425;SP330;DEU.1_1;RLM11;;;1.0;;1.0;0.0;;REF957
REC2426;SP330;HUN.1_1;RLM11;;;1.0;;1.0;0.0;;REF957
REC2427;SP330;SVK.1_1;RLM11;;;1.0;;1.0;0.0;;REF957
REC2428;SP330;AUT.1_1;RLM11;0.0;0.0;1.0;;1.0;0.0;;REF683
REC2429;SP330;CZE.1_1;RLM11;0.0;0.0;1.0;;1.0;0.0;;REF683
REC2430;SP330;FRA.1_1;RLM11;0.0;0.0;1.0;;1.0;0.0;;REF683
REC2431;SP330;DEU.1_1;RLM11;0.0;0.0;1.0;;1.0;0.0;;REF683
REC2432;SP330;HUN.1_1;RLM11;0.0;0.0;1.0;;1.0;0.0;;REF683
REC2433;SP330;ITA.1_1;RLM11;0.0;0.0;1.0;;1.0;0.0;;REF683
REC2434;SP330;SVK.1_1;RLM11;0.0;0.0;1.0;;1.0;0.0;;REF683
REC2435;SP330;GBR.1_1;RLM11;0.0;0.0;1.0;;1.0;0.0;;REF683
REC2436;SP330;ROU.1_1;RLM11;0.0;0.0;1.0;;;0.0;2000.0;REF1073
REC2437;SP331;AUS.1_1;RLM2;;;1.0;;1.0;0.0;;REF697
REC2438;SP331;AUS.1_1;RLM2;0.0;1.0;1.0;0.0;1.0;0.0;;REF2
REC2439;SP332;FRA.1_1;RLM11;;;1.0;;1.0;0.0;;REF542
REC2440;SP333;USA.2_1;RLM9;;;1.0;;1.0;0.0;1977.0;REF1096
REC2441;SP333;USA.2_1;RLM9;;0.0;;;1.0;0.0;;REF1007
REC2442;SP333;USA.2_1;RLM9;0.0;0.0;;;1.0;0.0;;REF1195
REC2443;SP334;USA.2_1;RLM9;;;1.0;;1.0;0.0;;REF697
REC2444;SP334;USA.2_1;RLM9;;;1.0;;1.0;0.0;1962.0;REF1096
REC2445;SP334;USA.2_1;RLM9;;0.0;;;1.0;0.0;1962.0;REF1007
REC2446;SP334;USA.2_1;RLM9;1.0;0.0;;;1.0;0.0;;REF1195
REC2447;SP335;GBR.1_1;RLM11;;;1.0;;1.0;0.0;2011.0;REF1096
REC2448;SP335;GBR.1_1;RLM11;0.0;0.0;;;1.0;0.0;2011.0;REF606
REC2449;SP336;AUS.1_1;RLM2;;;;;1.0;0.0;;REF152
REC2450;SP336;AUS.1_1;RLM2;;;1.0;;1.0;0.0;;REF697
REC2451;SP336;AUS.1_1;RLM2;;;;;1.0;0.0;;REF330
REC2452;SP337;WSM.1_1;RLM5;;;;;1.0;0.0;;REF330
REC2453;SP337;WSM.1_1;RLM5;;;;;1.0;0.0;;REF152
REC2454;SP337;WSM.1_1;RLM5;0.0;0.0;1.0;0.0;1.0;0.0;;REF249
REC2455;SP338;JPN.1_1;RLM10;0.0;0.0;1.0;;1.0;0.0;1980.0;REF779
REC2456;SP339;JPN.1_1;RLM6;;;1.0;;1.0;0.0;;REF697
REC2457;SP339;JPN.1_1;RLM6;;;1.0;;1.0;0.0;1989.0;REF1096
REC2458;SP339;JPN.1_1;RLM6;0.0;0.0;;;1.0;0.0;;REF1195
REC2459;SP339;JPN.1_1;RLM10;;;1.0;;1.0;0.0;;REF542
REC2460;SP339;JPN.1_1;RLM10;0.0;0.0;1.0;;1.0;0.0;;REF812
REC2461;SP340;JPN.1_1;RLM6;;;1.0;;1.0;0.0;;REF697
REC2462;SP340;JPN.1_1;RLM6;;;1.0;;1.0;0.0;1990.0;REF1096
REC2463;SP340;JPN.1_1;RLM6;0.0;0.0;;;1.0;0.0;;REF1195
REC2464;SP340;JPN.1_1;RLM10;;;1.0;;1.0;0.0;;REF542
REC2465;SP340;JPN.1_1;RLM10;0.0;0.0;1.0;;1.0;0.0;;REF812
REC2466;SP341;NLD.1_1;RLM11;;;1.0;;1.0;0.0;;REF542
REC2467;SP342;HUN.1_1;RLM11;0.0;0.0;1.0;;1.0;0.0;2018.0;REF1055
REC2468;SP343;ITA.1_1;RLM11;0.0;0.0;1.0;;1.0;0.0;2010.0;REF89
REC2469;SP344;PRT.2_1;RLM11;1.0;0.0;;;1.0;0.0;;REF683
REC2470;SP344;ECU.2_1;RLM1;;;1.0;;1.0;0.0;2002.0;REF1096
REC2471;SP344;USA.2_1;RLM9;;;1.0;;1.0;0.0;1913.0;REF1096
REC2472;SP344;USA.2_1;RLM9;;0.0;1.0;;1.0;0.0;;REF1007
REC2473;SP344;USA.2_1;RLM9;0.0;0.0;;;1.0;0.0;;REF1195
REC2474;SP344;JPN.1_1;RLM6;;;1.0;;1.0;0.0;1920.0;REF1096
REC2475;SP344;JPN.1_1;RLM6;0.0;0.0;;;1.0;0.0;;REF1195
REC2476;SP344;ITA.2_1;RLM11;1.0;0.0;;;1.0;0.0;;REF683
REC2477;SP344;DNK.1_1;RLM11;;;1.0;;1.0;0.0;;REF542
REC2478;SP344;VEN.1_1;RLM1;;;1.0;;1.0;0.0;;REF542
REC2479;SP344;SWE.1_1;RLM11;;;1.0;;1.0;0.0;;REF542
REC2480;SP344;FRA.1_1;RLM11;;;1.0;;1.0;0.0;;REF542
REC2481;SP344;DEU.1_1;RLM11;;;1.0;;1.0;0.0;;REF542
REC2482;SP344;AUT.1_1;RLM11;;;1.0;;1.0;0.0;;REF542
REC2483;SP344;JPN.1_1;RLM10;;;1.0;;1.0;0.0;;REF542
REC2484;SP344;BEL.1_1;RLM11;;;1.0;;1.0;0.0;;REF957
REC2485;SP344;CZE.1_1;RLM11;;;1.0;;1.0;0.0;;REF957
REC2486;SP344;FRA.1_1;RLM11;;;1.0;;1.0;0.0;;REF957
REC2487;SP344;GBR.1_1;RLM11;;;1.0;;1.0;0.0;;REF957
REC2488;SP344;ITA.2_1;RLM11;;;1.0;;1.0;0.0;;REF957
REC2489;SP344;LVA.1_1;RLM11;;;1.0;;1.0;0.0;;REF957
REC2490;SP344;PRT.2_1;RLM11;;;1.0;;1.0;0.0;;REF957
REC2491;SP344;ROU.1_1;RLM11;;;1.0;;1.0;0.0;;REF957
REC2492;SP344;SWE.1_1;RLM11;;;1.0;;1.0;0.0;;REF957
REC2493;SP344;AUT.1_1;RLM11;;;1.0;;1.0;0.0;;REF957
REC2494;SP344;BGR.1_1;RLM11;;;1.0;;1.0;0.0;;REF957
REC2495;SP344;DNK.1_1;RLM11;;;1.0;;1.0;0.0;;REF957
REC2496;SP344;DEU.1_1;RLM11;;;1.0;;1.0;0.0;;REF957
REC2497;SP344;GRC.1_1;RLM11;;;1.0;;1.0;0.0;;REF957
REC2498;SP344;ITA.1_1;RLM11;;;1.0;;1.0;0.0;;REF957
REC2499;SP344;POL.1_1;RLM11;;;1.0;;1.0;0.0;;REF957
REC2500;SP344;PRT.1_1;RLM11;;;1.0;;1.0;0.0;;REF957
REC2501;SP344;ESP.1_1;RLM11;;;1.0;;1.0;0.0;;REF957
REC2502;SP344;USA.1_1;RLM9;;0.0;1.0;;1.0;0.0;;REF1007
REC2503;SP344;USA.1_1;RLM9;0.0;0.0;;;1.0;0.0;;REF1195
REC2504;SP344;AUT.1_1;RLM11;1.0;0.0;;;1.0;0.0;;REF683
REC2505;SP344;BEL.1_1;RLM11;1.0;0.0;;;1.0;0.0;;REF683
REC2506;SP344;BGR.1_1;RLM11;1.0;0.0;;;1.0;0.0;;REF683
REC2507;SP344;CZE.1_1;RLM11;1.0;0.0;;;1.0;0.0;;REF683
REC2508;SP344;DNK.1_1;RLM11;1.0;0.0;;;1.0;0.0;;REF683
REC2509;SP344;FRA.1_1;RLM11;1.0;0.0;;;1.0;0.0;;REF683
REC2510;SP344;DEU.1_1;RLM11;1.0;0.0;;;1.0;0.0;;REF683
REC2511;SP344;GRC.1_1;RLM11;1.0;0.0;;;1.0;0.0;;REF683
REC2512;SP344;ITA.1_1;RLM11;1.0;0.0;;;1.0;0.0;;REF683
REC2513;SP344;LVA.1_1;RLM11;1.0;0.0;;;1.0;0.0;;REF683
REC2514;SP344;POL.1_1;RLM11;1.0;0.0;;;1.0;0.0;;REF683
REC2515;SP344;PRT.1_1;RLM11;1.0;0.0;;;1.0;0.0;;REF683
REC2516;SP344;ROU.1_1;RLM11;1.0;0.0;;;1.0;0.0;;REF683
REC2517;SP344;ESP.1_1;RLM11;1.0;0.0;;;1.0;0.0;;REF683
REC2518;SP344;SWE.1_1;RLM11;1.0;0.0;;;1.0;0.0;;REF683
REC2519;SP344;GBR.1_1;RLM11;1.0;0.0;;;1.0;0.0;;REF683
REC2520;SP344;GBR.1_1;RLM11;1.0;0.0;;;1.0;0.0;;REF683
REC2521;SP344;GRC.1_1;RLM11;0.0;0.0;1.0;;1.0;0.0;1866.0;REF911
REC2522;SP344;VEN.1_1;RLM1;0.0;0.0;1.0;;1.0;0.0;;REF912
REC2523;SP344;BGR.1_1;RLM11;0.0;0.0;1.0;;;0.0;1930.0;REF1073
REC2524;SP344;JPN.1_1;RLM10;0.0;0.0;1.0;;1.0;0.0;;REF812
REC2525;SP344;USA.2_1;RLM9;0.0;;1.0;;1.0;0.0;;REF47
REC2526;SP345;NZL.1_1;RLM2;;;1.0;;1.0;0.0;;REF697
REC2527;SP345;NZL.1_1;RLM2;;;1.0;;1.0;0.0;1999.0;REF1096
REC2528;SP345;NZL.1_1;RLM2;0.0;0.0;;;1.0;0.0;1999.0;REF493
REC2529;SP346;NZL.1_1;RLM2;;;1.0;;1.0;0.0;;REF697
REC2530;SP346;NZL.1_1;RLM2;;;1.0;;1.0;0.0;1922.0;REF1096
REC2531;SP347;NZL.1_1;RLM2;;;1.0;;1.0;0.0;;REF697
REC2532;SP347;NZL.1_1;RLM2;;;1.0;;1.0;0.0;2006.0;REF1096
REC2533;SP348;ITA.1_1;RLM11;0.0;0.0;1.0;0.0;1.0;0.0;2015.0;REF621
REC2534;SP349;USA.2_1;RLM9;;;1.0;;1.0;0.0;;REF697
REC2535;SP349;USA.2_1;RLM9;;1.0;1.0;;1.0;0.0;;REF1096
REC2536;SP349;USA.2_1;RLM9;0.0;1.0;1.0;;1.0;0.0;;REF1007
REC2537;SP350;USA.2_1;RLM9;;;1.0;;1.0;0.0;;REF697
REC2538;SP350;USA.2_1;RLM9;;1.0;1.0;;1.0;0.0;1902.0;REF1096
REC2539;SP350;USA.2_1;RLM9;0.0;1.0;1.0;;1.0;0.0;;REF1007
REC2540;SP350;USA.2_1;RLM9;0.0;1.0;1.0;;1.0;0.0;;REF55
REC2541;SP350;USA.2_1;RLM9;0.0;1.0;;;1.0;0.0;;REF1195
REC2542;SP350;ZAF.1_1;RLM3;;;1.0;;1.0;0.0;;REF542
REC2543;SP351;JPN.1_1;RLM10;;;1.0;;1.0;0.0;;REF542
REC2544;SP351;JPN.1_1;RLM10;0.0;0.0;1.0;;1.0;0.0;1989.0;REF811
REC2545;SP351;JPN.1_1;RLM10;0.0;0.0;1.0;;1.0;0.0;;REF812
REC2546;SP351;JPN.1_1;RLM10;0.0;0.0;1.0;;1.0;0.0;1989.0;REF779
REC2547;SP352;JPN.1_1;RLM6;;;1.0;;1.0;0.0;;REF697
REC2548;SP352;JPN.1_1;RLM6;;;1.0;;1.0;0.0;1989.0;REF1096
REC2549;SP352;JPN.1_1;RLM6;0.0;0.0;;;1.0;0.0;;REF1195
REC2550;SP352;JPN.1_1;RLM10;;;1.0;;1.0;0.0;;REF697
REC2551;SP352;JPN.1_1;RLM10;;;1.0;;1.0;0.0;1990.0;REF1096
REC2552;SP353;FRA.1_1;RLM11;;;1.0;;1.0;0.0;;REF542
REC2553;SP354;USA.1_1;RLM9;;;1.0;;1.0;0.0;;REF152
REC2554;SP354;USA.1_1;RLM9;0.0;0.0;1.0;;0.0;0.0;1998.0;REF166
REC2555;SP354;CHL.1_1;RLM1;;;1.0;;1.0;0.0;1930.0;REF1096
REC2556;SP354;USA.1_1;RLM9;;;;;1.0;0.0;;REF152
REC2557;SP354;CHL.1_1;RLM1;;;;;1.0;0.0;;REF152
REC2558;SP354;USA.1_1;RLM9;0.0;0.0;;;1.0;0.0;;REF1195
REC2559;SP355;ECU.2_1;RLM1;;;1.0;;1.0;0.0;;REF697
REC2560;SP355;ECU.2_1;RLM1;;;1.0;;1.0;0.0;;REF1096
REC2561;SP355;USA.2_1;RLM9;;;1.0;;1.0;0.0;;REF697
REC2562;SP355;USA.2_1;RLM9;;1.0;1.0;;1.0;0.0;1902.0;REF1096
REC2563;SP355;USA.2_1;RLM9;0.0;1.0;1.0;;1.0;0.0;1902.0;REF1007
REC2564;SP355;USA.2_1;RLM9;0.0;1.0;;;1.0;0.0;;REF1195
REC2565;SP355;AUS.1_1;RLM2;;;1.0;;1.0;0.0;;REF697
REC2566;SP355;ZAF.1_1;RLM3;;;1.0;;1.0;0.0;;REF697
REC2567;SP355;ZAF.1_1;RLM3;;1.0;1.0;;1.0;0.0;;REF1096
REC2568;SP355;ZAF.1_1;RLM3;0.0;0.0;1.0;;1.0;0.0;;REF55
REC2569;SP355;AUS.1_1;RLM2;0.0;1.0;1.0;;1.0;0.0;1914.0;REF394
REC2570;SP355;KEN.1_1;RLM3;0.0;0.0;1.0;;1.0;0.0;;REF394
REC2571;SP355;MDG.1_1;RLM4;0.0;0.0;1.0;;1.0;0.0;;REF394
REC2572;SP355;ZAF.1_1;RLM3;0.0;0.0;1.0;;1.0;0.0;;REF394
REC2573;SP355;USA.2_1;RLM9;0.0;;1.0;;1.0;0.0;;REF47
REC2574;SP355;USA.1_1;RLM9;0.0;1.0;1.0;0.0;1.0;0.0;1914.0;REF1002
REC2575;SP356;GBR.3_1;RLM3;;;1.0;;1.0;0.0;;REF152
REC2576;SP356;USA.1_1;RLM9;;;1.0;;1.0;0.0;1911.0;REF152
REC2577;SP356;USA.1_1;RLM9;;;1.0;;1.0;0.0;1918.0;REF152
REC2578;SP356;USA.1_1;RLM9;;;1.0;;1.0;0.0;1916.0;REF152
REC2579;SP356;PRT.3_1;RLM11;;;1.0;;1.0;0.0;;REF152
REC2580;SP356;USA.1_1;RLM9;;;1.0;;1.0;0.0;;REF152
REC2581;SP356;AUS.1_1;RLM2;;;1.0;;1.0;0.0;;REF152
REC2582;SP356;USA.1_1;RLM9;;;1.0;;1.0;0.0;;REF152
REC2583;SP356;AUS.1_1;RLM2;;;1.0;;1.0;0.0;;REF152
REC2584;SP356;JPN.1_1;RLM6;;;1.0;;1.0;0.0;;REF152
REC2585;SP356;JPN.1_1;RLM10;;;1.0;;1.0;0.0;;REF152
REC2586;SP356;AUS.1_1;RLM2;;;;;1.0;0.0;;REF152
REC2587;SP356;USA.1_1;RLM9;;;1.0;;1.0;0.0;1944.0;REF152
REC2588;SP356;USA.1_1;RLM9;;;1.0;;1.0;0.0;;REF152
REC2589;SP356;AUS.1_1;RLM2;;;1.0;;1.0;0.0;;REF152
REC2590;SP356;AUS.1_1;RLM2;;;1.0;;1.0;0.0;;REF152
REC2591;SP356;ESP.2_1;RLM11;;;1.0;;1.0;0.0;;REF152
REC2592;SP356;ECU.2_1;RLM1;;;1.0;;1.0;0.0;;REF697
REC2593;SP356;ECU.2_1;RLM1;;;1.0;;1.0;0.0;1923.0;REF1096
REC2594;SP356;ECU.2_1;RLM1;;;;;1.0;0.0;;REF152
REC2595;SP356;USA.2_1;RLM9;;;1.0;;1.0;0.0;;REF697
REC2596;SP356;USA.2_1;RLM9;;;1.0;;1.0;0.0;1986.0;REF1096
REC2597;SP356;USA.2_1;RLM9;;0.0;1.0;;1.0;0.0;1986.0;REF1007
REC2598;SP356;USA.2_1;RLM9;0.0;0.0;;;1.0;0.0;;REF1195
REC2599;SP356;FRA.6_1;RLM5;;;1.0;;1.0;0.0;;REF152
REC2600;SP356;AUS.1_1;RLM2;;;1.0;;1.0;0.0;;REF697
REC2601;SP356;KHM.1_1;RLM6;;;1.0;;1.0;0.0;;REF542
REC2602;SP356;IRL.1_1;RLM11;;;1.0;;1.0;0.0;;REF542
REC2603;SP356;NLD.1_1;RLM11;;;1.0;;1.0;0.0;;REF542
REC2604;SP356;EGY.1_1;RLM8;;;;;1.0;0.0;;REF330
REC2605;SP356;SDN.1_1;RLM3;;;;;1.0;0.0;;REF330
REC2606;SP356;USA.3_1;RLM7;;;;;1.0;0.0;;REF330
REC2607;SP356;USA.1_1;RLM9;;;;;1.0;0.0;;REF330
REC2608;SP356;ITA.1_1;RLM11;;;;;1.0;0.0;;REF330
REC2609;SP356;AUS.1_1;RLM2;;;;;1.0;0.0;;REF330
REC2610;SP356;COD.1_1;RLM3;;;1.0;;1.0;0.0;;REF152
REC2611;SP356;EGY.1_1;RLM8;;;1.0;;1.0;0.0;;REF152
REC2612;SP356;KEN.1_1;RLM3;;;1.0;;1.0;0.0;;REF152
REC2613;SP356;GBR.3_1;RLM3;;;;;1.0;0.0;;REF152
REC2614;SP356;STP.1_1;RLM3;;;1.0;;1.0;0.0;;REF152
REC2615;SP356;SYC.1_1;RLM5;;;1.0;;1.0;0.0;;REF152
REC2616;SP356;ZAF.1_1;RLM3;;;1.0;;1.0;0.0;;REF152
REC2617;SP356;SDN.1_1;RLM3;;;1.0;;1.0;0.0;;REF152
REC2618;SP356;UGA.1_1;RLM3;;;1.0;;1.0;0.0;;REF152
REC2619;SP356;ZWE.1_1;RLM3;;;1.0;;1.0;0.0;;REF152
REC2620;SP356;KHM.1_1;RLM6;;;1.0;;1.0;0.0;;REF152
REC2621;SP356;IND.1_1;RLM6;;;1.0;;1.0;0.0;;REF152
REC2622;SP356;JPN.1_1;RLM10;;;;;1.0;0.0;;REF152
REC2623;SP356;PHL.1_1;RLM6;;;1.0;;1.0;0.0;;REF152
REC2624;SP356;LKA.1_1;RLM6;;;1.0;;1.0;0.0;;REF152
REC2625;SP356;SYR.1_1;RLM8;;;1.0;;1.0;0.0;;REF152
REC2626;SP356;TWN.1_1;RLM6;;;1.0;;1.0;0.0;;REF152
REC2627;SP356;ARE.1_1;RLM8;;;1.0;;1.0;0.0;;REF152
REC2628;SP356;AUT.1_1;RLM11;;;1.0;;1.0;0.0;;REF152
REC2629;SP356;FRA.1_1;RLM11;;;1.0;;1.0;0.0;;REF152
REC2630;SP356;DEU.1_1;RLM11;;;1.0;;1.0;0.0;;REF152
REC2631;SP356;IRL.1_1;RLM11;;;1.0;;1.0;0.0;;REF152
REC2632;SP356;ITA.1_1;RLM11;;;1.0;;1.0;0.0;1847.0;REF152
REC2633;SP356;NLD.1_1;RLM11;;;;;1.0;0.0;;REF152
REC2634;SP356;ESP.1_1;RLM11;;;1.0;;1.0;0.0;;REF152
REC2635;SP356;GBR.1_1;RLM11;;;1.0;;1.0;0.0;1900.0;REF152
REC2636;SP356;GBR.6_1;RLM9;;;1.0;;1.0;0.0;1980.0;REF152
REC2637;SP356;GBR.6_1;RLM7;;;1.0;;1.0;0.0;;REF152
REC2638;SP356;CRI.1_1;RLM7;;;1.0;;1.0;0.0;;REF152
REC2639;SP356;CUB.1_1;RLM7;;;1.0;;1.0;0.0;;REF152
REC2640;SP356;GRD.1_1;RLM1;;;1.0;;1.0;0.0;;REF152
REC2641;SP356;MEX.1_1;RLM9;;;1.0;;1.0;0.0;;REF152
REC2642;SP356;USA.3_1;RLM7;;;1.0;;1.0;0.0;;REF152
REC2643;SP356;VCT.1_1;RLM1;;;1.0;;1.0;0.0;;REF152
REC2644;SP356;USA.1_1;RLM9;;;;;1.0;0.0;;REF152
REC2645;SP356;AUS.1_1;RLM2;;;1.0;;1.0;0.0;;REF152
REC2646;SP356;FRA.6_1;RLM5;;;1.0;;1.0;0.0;;REF152
REC2647;SP356;NZL.1_1;RLM2;;;1.0;;1.0;0.0;;REF152
REC2648;SP356;USA.4_1;RLM5;;;1.0;;1.0;0.0;;REF152
REC2649;SP356;USA.6_1;RLM5;;;1.0;;1.0;0.0;;REF152
REC2650;SP356;;RLM5;;;1.0;;1.0;0.0;;REF152
REC2651;SP356;WSM.1_1;RLM5;;;1.0;;1.0;0.0;;REF152
REC2652;SP356;SLB.1_1;RLM5;;;1.0;;1.0;0.0;;REF152
REC2653;SP356;USA.2_1;RLM9;;;;;0.0;1.0;;REF47
REC2654;SP357;ECU.2_1;RLM1;;;1.0;;1.0;0.0;;REF697
REC2655;SP358;USA.1_1;RLM9;0.0;0.0;;;1.0;0.0;;REF1195
REC2656;SP359;USA.1_1;RLM9;0.0;0.0;;;1.0;0.0;;REF1195
REC2657;SP360;GBR.1_1;RLM11;;;1.0;;1.0;0.0;2000.0;REF1096
REC2658;SP360;GBR.1_1;RLM11;;;1.0;;1.0;0.0;;REF542
REC2659;SP360;GBR.1_1;RLM11;;;;;1.0;0.0;;REF152
REC2660;SP361;USA.2_1;RLM9;;;1.0;;1.0;0.0;;REF697
REC2661;SP361;USA.2_1;RLM9;;;1.0;;1.0;0.0;1907.0;REF1096
REC2662;SP361;USA.2_1;RLM9;;0.0;;;1.0;0.0;;REF1007
REC2663;SP361;USA.2_1;RLM9;1.0;0.0;;;1.0;0.0;;REF1195
REC2664;SP362;USA.2_1;RLM9;0.0;0.0;;;1.0;0.0;;REF48
REC2665;SP362;USA.2_1;RLM9;0.0;;1.0;;1.0;0.0;;REF48
REC2666;SP363;PRT.2_1;RLM11;;;1.0;;1.0;0.0;;REF152
REC2667;SP363;IND.1_1;RLM6;;;1.0;;1.0;0.0;;REF152
REC2668;SP363;USA.2_1;RLM9;;;1.0;;1.0;0.0;1905.0;REF152
REC2669;SP363;IND.1_1;RLM6;;;1.0;;1.0;0.0;;REF152
REC2670;SP363;IND.1_1;RLM6;;;1.0;;1.0;0.0;;REF152
REC2671;SP363;IND.1_1;RLM6;;;1.0;;1.0;0.0;;REF152
REC2672;SP363;BRA.1_1;RLM1;;;1.0;;1.0;0.0;;REF152
REC2673;SP363;IND.1_1;RLM6;;;1.0;;1.0;0.0;;REF152
REC2674;SP363;IND.1_1;RLM6;;;;;1.0;0.0;;REF330
REC2675;SP363;USA.2_1;RLM9;;;1.0;;1.0;0.0;;REF697
REC2676;SP363;USA.2_1;RLM9;;;1.0;;1.0;0.0;1909.0;REF1096
REC2677;SP363;USA.2_1;RLM9;;;;;1.0;0.0;;REF330
REC2678;SP363;USA.2_1;RLM9;;0.0;1.0;;1.0;0.0;1905.0;REF1007
REC2679;SP363;USA.2_1;RLM9;0.0;0.0;;;1.0;0.0;;REF1195
REC2680;SP363;IND.1_1;RLM6;;;;;1.0;0.0;;REF330
REC2681;SP363;IND.1_1;RLM6;;;;;1.0;0.0;;REF330
REC2682;SP363;JPN.1_1;RLM6;;;1.0;;1.0;0.0;;REF697
REC2683;SP363;JPN.1_1;RLM6;;;1.0;;1.0;0.0;1970.0;REF1096
REC2684;SP363;BRA.1_1;RLM1;;;;;1.0;0.0;;REF330
REC2685;SP363;IND.1_1;RLM6;;;;;1.0;0.0;;REF330
REC2686;SP363;DNK.1_1;RLM11;;;1.0;;1.0;0.0;;REF542
REC2687;SP363;ZAF.1_1;RLM3;;;;;1.0;0.0;;REF330
REC2688;SP363;ZWE.1_1;RLM3;;;;;1.0;0.0;;REF330
REC2689;SP363;GBR.6_1;RLM9;;;;;1.0;0.0;;REF330
REC2690;SP363;BRA.1_1;RLM1;;;;;1.0;0.0;;REF330
REC2691;SP363;USA.1_1;RLM9;;;;;1.0;0.0;;REF330
REC2692;SP363;URY.1_1;RLM1;;;;;1.0;0.0;;REF330
REC2693;SP363;IND.1_1;RLM6;;;;;1.0;0.0;;REF330
REC2694;SP363;MYS.1_1;RLM6;;;;;1.0;0.0;;REF330
REC2695;SP363;NZL.1_1;RLM2;;;;;1.0;0.0;;REF330
REC2696;SP363;CPV.1_1;RLM3;;;1.0;;1.0;0.0;;REF152
REC2697;SP363;COD.1_1;RLM3;;;1.0;;1.0;0.0;;REF152
REC2698;SP363;COG.1_1;RLM3;;;1.0;;1.0;0.0;;REF152
REC2699;SP363;CIV.1_1;RLM3;;;1.0;;1.0;0.0;;REF152
REC2700;SP363;ERI.1_1;RLM3;;;1.0;;1.0;0.0;;REF152
REC2701;SP363;LBR.1_1;RLM3;;;1.0;;1.0;0.0;;REF152
REC2702;SP363;MDG.1_1;RLM4;;;1.0;;1.0;0.0;;REF152
REC2703;SP363;MWI.1_1;RLM3;;;1.0;;1.0;0.0;;REF152
REC2704;SP363;NGA.1_1;RLM3;;;1.0;;1.0;0.0;;REF152
REC2705;SP363;FRA.3_1;RLM4;;;1.0;;1.0;0.0;;REF152
REC2706;SP363;SLE.1_1;RLM3;;;1.0;;1.0;0.0;;REF152
REC2707;SP363;ZAF.1_1;RLM3;;;1.0;;1.0;0.0;;REF152
REC2708;SP363;TUN.1_1;RLM8;;;1.0;;1.0;0.0;;REF152
REC2709;SP363;ZWE.1_1;RLM3;;;1.0;;1.0;0.0;;REF152
REC2710;SP363;GEO.1_1;RLM11;;;1.0;;1.0;0.0;;REF152
REC2711;SP363;IND.1_1;RLM6;;;1.0;;1.0;0.0;;REF152
REC2712;SP363;IRN.1_1;RLM8;;;1.0;;1.0;0.0;;REF152
REC2713;SP363;IRQ.1_1;RLM8;;;1.0;;1.0;0.0;;REF152
REC2714;SP363;JOR.1_1;RLM8;;;1.0;;1.0;0.0;;REF152
REC2715;SP363;KWT.1_1;RLM8;;;1.0;;1.0;0.0;;REF152
REC2716;SP363;MYS.1_1;RLM6;;;1.0;;1.0;0.0;;REF152
REC2717;SP363;QAT.1_1;RLM8;;;1.0;;1.0;0.0;;REF152
REC2718;SP363;SAU.1_1;RLM8;;;1.0;;1.0;0.0;;REF152
REC2719;SP363;KOR.1_1;RLM11;;;1.0;;1.0;0.0;;REF152
REC2720;SP363;SYR.1_1;RLM8;;;1.0;;1.0;0.0;;REF152
REC2721;SP363;THA.1_1;RLM6;;;1.0;;1.0;0.0;;REF152
REC2722;SP363;ALB.1_1;RLM11;;;1.0;;1.0;0.0;;REF152
REC2723;SP363;AUT.1_1;RLM11;;;1.0;;1.0;0.0;;REF152
REC2724;SP363;BIH.1_1;RLM11;;;1.0;;1.0;0.0;;REF152
REC2725;SP363;HRV.1_1;RLM11;;;1.0;;1.0;0.0;;REF152
REC2726;SP363;DNK.1_1;RLM11;;;;;1.0;0.0;;REF152
REC2727;SP363;DEU.1_1;RLM11;;;1.0;;1.0;0.0;;REF152
REC2728;SP363;NLD.1_1;RLM11;;;1.0;;1.0;0.0;;REF152
REC2729;SP363;MKD.1_1;RLM11;;;1.0;;1.0;0.0;;REF152
REC2730;SP363;ROU.1_1;RLM11;;;1.0;;1.0;0.0;;REF152
REC2731;SP363;RUS.1_2;RLM11;;;1.0;;1.0;0.0;;REF152
REC2732;SP363;GBR.6_1;RLM9;;;1.0;;1.0;0.0;;REF152
REC2733;SP363;CUB.1_1;RLM7;;;1.0;;1.0;0.0;;REF152
REC2734;SP363;DOM.1_1;RLM7;;;1.0;;1.0;0.0;;REF152
REC2735;SP363;HTI.1_1;RLM7;;;1.0;;1.0;0.0;;REF152
REC2736;SP363;MEX.1_1;RLM9;;;1.0;;1.0;0.0;;REF152
REC2737;SP363;USA.1_1;RLM9;;;1.0;;1.0;0.0;;REF152
REC2738;SP363;AUS.1_1;RLM2;;;1.0;;1.0;0.0;;REF152
REC2739;SP363;NZL.1_1;RLM2;;;1.0;;1.0;0.0;;REF152
REC2740;SP363;PNG.1_1;RLM5;;;1.0;;1.0;0.0;;REF152
REC2741;SP363;BRA.1_1;RLM1;;;1.0;;1.0;0.0;;REF152
REC2742;SP363;URY.1_1;RLM1;;;1.0;;1.0;0.0;1983.0;REF152
REC2743;SP363;VEN.1_1;RLM1;;;1.0;;1.0;0.0;;REF152
REC2744;SP363;USA.1_1;RLM9;;0.0;1.0;;1.0;0.0;;REF1007
REC2745;SP363;USA.1_1;RLM9;0.0;0.0;;;1.0;0.0;;REF1195
REC2746;SP364;ECU.2_1;RLM1;;;1.0;;1.0;0.0;1964.0;REF1096
REC2747;SP364;USA.2_1;RLM9;;;1.0;;1.0;0.0;2003.0;REF1096
REC2748;SP365;ZAF.1_1;RLM3;;;1.0;;1.0;0.0;;REF697
REC2749;SP365;ZAF.1_1;RLM3;;;1.0;;1.0;0.0;;REF1096
REC2750;SP366;DNK.1_1;RLM11;;;1.0;;1.0;0.0;;REF542
REC2751;SP366;ISR.1_1;RLM8;;;1.0;;1.0;0.0;;REF542
REC2752;SP366;FIN.1_1;RLM11;;;1.0;;1.0;0.0;;REF957
REC2753;SP366;ISR.1_1;RLM8;;;1.0;;1.0;0.0;1984.0;REF957
REC2754;SP366;FIN.1_1;RLM11;0.0;0.0;1.0;;1.0;0.0;;REF683
REC2755;SP366;ISR.1_1;RLM8;0.0;0.0;1.0;;1.0;0.0;;REF683
REC2756;SP367;USA.2_1;RLM9;;;1.0;;1.0;0.0;;REF697
REC2757;SP367;USA.2_1;RLM9;;;1.0;;1.0;0.0;1953.0;REF1096
REC2758;SP367;USA.2_1;RLM9;;0.0;1.0;;1.0;0.0;1958.0;REF1007
REC2759;SP367;USA.2_1;RLM9;0.0;0.0;;;1.0;0.0;;REF1195
REC2760;SP367;USA.2_1;RLM9;0.0;;1.0;;1.0;0.0;;REF50
REC2761;SP368;USA.2_1;RLM9;;;1.0;;1.0;0.0;;REF697
REC2762;SP368;USA.2_1;RLM9;;;1.0;;1.0;0.0;1996.0;REF1096
REC2763;SP368;USA.2_1;RLM9;;0.0;1.0;;1.0;0.0;1996.0;REF1007
REC2764;SP368;USA.2_1;RLM9;0.0;0.0;;;1.0;;;REF47
REC2765;SP369;NZL.1_1;RLM2;;;1.0;;1.0;0.0;;REF697
REC2766;SP369;NZL.1_1;RLM2;;;1.0;;1.0;0.0;2011.0;REF1096
REC2767;SP370;USA.1_1;RLM9;;0.0;1.0;;1.0;0.0;1998.0;REF1007
REC2768;SP370;CAN.1_1;RLM9;0.0;0.0;1.0;0.0;1.0;0.0;1998.0;REF450
REC2769;SP370;CAN.1_1;RLM9;0.0;0.0;1.0;0.0;1.0;0.0;;REF1002
REC2770;SP371;NZL.1_1;RLM2;;;1.0;;1.0;0.0;;REF697
REC2771;SP371;NZL.1_1;RLM2;;;1.0;;1.0;0.0;1999.0;REF1096
REC2772;SP371;NZL.1_1;RLM2;0.0;0.0;;;;0.0;1999.0;REF493
REC2773;SP372;JPN.1_1;RLM6;;;1.0;;1.0;0.0;;REF697
REC2774;SP372;JPN.1_1;RLM6;;;1.0;;1.0;0.0;1973.0;REF1096
REC2775;SP372;JPN.1_1;RLM6;0.0;0.0;;;1.0;0.0;;REF1195
REC2776;SP372;JPN.1_1;RLM10;;;1.0;;1.0;0.0;;REF542
REC2777;SP372;JPN.1_1;RLM10;0.0;0.0;1.0;;1.0;0.0;;REF812
REC2778;SP373;KOR.1_1;RLM11;;;1.0;;1.0;0.0;;REF1096
REC2779;SP374;USA.1_1;RLM9;;0.0;1.0;;1.0;0.0;1998.0;REF1007
REC2780;SP375;USA.2_1;RLM9;;;1.0;;1.0;0.0;;REF697
REC2781;SP375;USA.2_1;RLM9;;;1.0;;1.0;0.0;1965.0;REF1096
REC2782;SP375;USA.2_1;RLM9;;0.0;1.0;;1.0;0.0;;REF1007
REC2783;SP375;USA.2_1;RLM9;0.0;0.0;;;1.0;0.0;;REF1195
REC2784;SP375;CHL.1_1;RLM1;;;1.0;;1.0;0.0;1976.0;REF1096
REC2785;SP375;USA.2_1;RLM9;0.0;;1.0;;1.0;0.0;;REF47
REC2786;SP376;NZL.1_1;RLM2;;;1.0;;1.0;0.0;;REF697
REC2787;SP376;NZL.1_1;RLM2;;;1.0;;1.0;0.0;2020.0;REF1096
REC2788;SP377;CAN.1_1;RLM9;0.0;0.0;1.0;;1.0;0.0;;REF1002
REC2789;SP377;GBR.1_1;RLM11;;;;;1.0;0.0;;REF152
REC2790;SP377;USA.1_1;RLM9;;;;;1.0;0.0;;REF152
REC2791;SP377;USA.1_1;RLM9;;;;;1.0;0.0;;REF152
REC2792;SP377;CAN.1_1;RLM9;;;;;1.0;0.0;;REF152
REC2793;SP377;GBR.1_1;RLM11;;;;;1.0;0.0;;REF152
REC2794;SP377;CAN.1_1;RLM9;;;;;1.0;0.0;;REF152
REC2795;SP377;USA.1_1;RLM9;;;;;1.0;0.0;;REF152
REC2796;SP377;CAN.1_1;RLM9;;;;;1.0;0.0;2018.0;REF152
REC2797;SP377;CAN.1_1;RLM9;;;;;1.0;0.0;;REF152
REC2798;SP377;RUS.1_2;RLM11;;;1.0;;1.0;0.0;;REF152
REC2799;SP377;GBR.1_1;RLM11;;;;;1.0;0.0;;REF152
REC2800;SP377;RUS.1_1;RLM11;;;1.0;;1.0;0.0;;REF152
REC2801;SP377;GBR.1_1;RLM11;;;;;1.0;0.0;;REF152
REC2802;SP377;GBR.1_1;RLM11;;;;;1.0;0.0;;REF152
REC2803;SP377;RUS.1_1;RLM11;0.0;0.0;1.0;;1.0;0.0;2012.0;REF122
REC2804;SP377;CAN.1_1;RLM9;0.0;0.0;1.0;;1.0;0.0;2022.0;REF540
REC2805;SP377;CAN.1_1;RLM9;0.0;0.0;1.0;;1.0;0.0;2022.0;REF540
REC2806;SP377;CAN.1_1;RLM9;0.0;0.0;1.0;;1.0;0.0;2022.0;REF540
REC2807;SP377;CAN.1_1;RLM9;0.0;0.0;1.0;;1.0;0.0;2022.0;REF540
REC2808;SP377;CAN.1_1;RLM9;0.0;0.0;1.0;;1.0;0.0;2018.0;REF540
REC2809;SP377;CAN.1_1;RLM9;0.0;0.0;1.0;;1.0;0.0;2022.0;REF540
REC2810;SP377;CAN.1_1;RLM9;0.0;0.0;1.0;;1.0;0.0;2022.0;REF540
REC2811;SP377;ITA.2_1;RLM11;;;1.0;;1.0;0.0;;REF152
REC2812;SP377;GBR.1_1;RLM11;;;1.0;;1.0;0.0;2007.0;REF1096
REC2813;SP377;GEO.1_1;RLM11;;;1.0;;1.0;0.0;;REF542
REC2814;SP377;DEU.1_1;RLM11;;;1.0;;1.0;0.0;;REF542
REC2815;SP377;DNK.1_1;RLM11;;;1.0;;1.0;0.0;;REF542
REC2816;SP377;RUS.1_2;RLM11;;;1.0;;1.0;0.0;;REF542
REC2817;SP377;HUN.1_1;RLM11;;;1.0;;1.0;0.0;;REF542
REC2818;SP377;SVK.1_1;RLM11;;;1.0;;1.0;0.0;;REF542
REC2819;SP377;GBR.1_1;RLM11;;;1.0;;1.0;0.0;;REF542
REC2820;SP377;ROU.1_1;RLM11;;;1.0;;1.0;0.0;;REF542
REC2821;SP377;TUR.1_1;RLM11;;;1.0;;1.0;0.0;;REF542
REC2822;SP377;MDA.1_1;RLM11;;;1.0;;1.0;0.0;;REF542
REC2823;SP377;TUR.1_1;RLM11;;;1.0;;1.0;0.0;;REF542
REC2824;SP377;POL.1_1;RLM11;;;1.0;;1.0;0.0;;REF542
REC2825;SP377;HRV.1_1;RLM11;;;1.0;;1.0;0.0;;REF542
REC2826;SP377;BEL.1_1;RLM11;;;1.0;;1.0;0.0;;REF542
REC2827;SP377;SVN.1_1;RLM11;;;1.0;;1.0;0.0;;REF542
REC2828;SP377;LUX.1_1;RLM11;;;1.0;;1.0;0.0;;REF542
REC2829;SP377;NLD.1_1;RLM11;;;1.0;;1.0;0.0;;REF542
REC2830;SP377;FRA.1_1;RLM11;;;1.0;;1.0;0.0;;REF542
REC2831;SP377;CZE.1_1;RLM11;;;1.0;;1.0;0.0;2011.0;REF957
REC2832;SP377;DEU.1_1;RLM11;;;1.0;;1.0;0.0;2005.0;REF957
REC2833;SP377;HUN.1_1;RLM11;;;1.0;;1.0;0.0;2011.0;REF957
REC2834;SP377;NLD.1_1;RLM11;;;1.0;;1.0;0.0;2008.0;REF957
REC2835;SP377;CHE.1_1;RLM11;;;1.0;;1.0;0.0;2007.0;REF957
REC2836;SP377;AUT.1_1;RLM11;;;1.0;;1.0;0.0;2009.0;REF957
REC2837;SP377;FRA.1_1;RLM11;;;1.0;;1.0;0.0;;REF957
REC2838;SP377;GBR.1_1;RLM11;;;1.0;;1.0;0.0;2008.0;REF957
REC2839;SP377;ITA.1_1;RLM11;;;1.0;;1.0;0.0;2011.0;REF957
REC2840;SP377;SVN.1_1;RLM11;;;1.0;;1.0;0.0;2011.0;REF957
REC2841;SP377;DZA.1_1;RLM8;;;;;1.0;0.0;;REF152
REC2842;SP377;GEO.1_1;RLM11;;;;;1.0;0.0;2014.0;REF152
REC2843;SP377;IRN.1_1;RLM8;;;;;1.0;0.0;;REF152
REC2844;SP377;TUR.1_1;RLM11;;;1.0;;1.0;0.0;;REF152
REC2845;SP377;ALB.1_1;RLM11;;;;;1.0;0.0;;REF152
REC2846;SP377;AUT.1_1;RLM11;;;1.0;;1.0;0.0;;REF152
REC2847;SP377;BEL.1_1;RLM11;;;1.0;;1.0;0.0;;REF152
REC2848;SP377;BIH.1_1;RLM11;;;1.0;;1.0;0.0;;REF152
REC2849;SP377;BGR.1_1;RLM11;;;1.0;;1.0;0.0;;REF152
REC2850;SP377;HRV.1_1;RLM11;;;1.0;;1.0;0.0;;REF152
REC2851;SP377;CZE.1_1;RLM11;;;1.0;;1.0;0.0;;REF152
REC2852;SP377;DNK.1_1;RLM11;;;;;1.0;0.0;;REF152
REC2853;SP377;FRA.1_1;RLM11;;;1.0;;1.0;0.0;;REF152
REC2854;SP377;DEU.1_1;RLM11;;;1.0;;1.0;0.0;;REF152
REC2855;SP377;GRC.1_1;RLM11;;;1.0;;1.0;0.0;;REF152
REC2856;SP377;HUN.1_1;RLM11;;;1.0;;1.0;0.0;2011.0;REF152
REC2857;SP377;IRL.1_1;RLM11;;;;;1.0;0.0;;REF152
REC2858;SP377;ITA.1_1;RLM11;;;1.0;;1.0;0.0;;REF152
REC2859;SP377;LIE.1_1;RLM11;;;1.0;;1.0;0.0;;REF152
REC2860;SP377;LUX.1_1;RLM11;;;;;1.0;0.0;;REF152
REC2861;SP377;MDA.1_1;RLM11;;;;;1.0;0.0;;REF152
REC2862;SP377;MNE.1_1;RLM11;;;;;1.0;0.0;;REF152
REC2863;SP377;NLD.1_1;RLM11;;;1.0;;1.0;0.0;;REF152
REC2864;SP377;POL.1_1;RLM11;;;;;1.0;0.0;;REF152
REC2865;SP377;ROU.1_1;RLM11;;;1.0;;1.0;0.0;;REF152
REC2866;SP377;RUS.1_2;RLM11;;;1.0;;1.0;0.0;;REF152
REC2867;SP377;SRB.1_1;RLM11;;;;;1.0;0.0;;REF152
REC2868;SP377;SVK.1_1;RLM11;;;1.0;;1.0;0.0;;REF152
REC2869;SP377;SVN.1_1;RLM11;;;1.0;;1.0;0.0;;REF152
REC2870;SP377;ESP.1_1;RLM11;;;1.0;;1.0;0.0;;REF152
REC2871;SP377;CHE.1_1;RLM11;;;1.0;;1.0;0.0;;REF152
REC2872;SP377;UKR.1_1;RLM11;;;;;1.0;0.0;;REF152
REC2873;SP377;GBR.1_1;RLM11;;;1.0;;1.0;0.0;;REF152
REC2874;SP377;CAN.1_1;RLM9;;;;;1.0;0.0;;REF152
REC2875;SP377;USA.1_1;RLM9;;;;;1.0;0.0;;REF152
REC2876;SP377;USA.1_1;RLM9;0.0;0.0;1.0;;1.0;0.0;2020.0;REF1007
REC2877;SP377;SRB.1_1;RLM11;0.0;0.0;1.0;;1.0;0.0;;REF911
REC2878;SP377;GEO.1_1;RLM11;0.0;0.0;1.0;;1.0;0.0;;REF911
REC2879;SP377;GRC.1_1;RLM11;0.0;0.0;1.0;;1.0;0.0;2007.0;REF911
REC2880;SP377;BEL.1_1;RLM11;0.0;0.0;1.0;;1.0;0.0;2010.0;REF122
REC2881;SP377;HRV.1_1;RLM11;0.0;0.0;1.0;;1.0;0.0;2013.0;REF122
REC2882;SP377;CZE.1_1;RLM11;0.0;0.0;1.0;;1.0;0.0;2011.0;REF122
REC2883;SP377;FRA.1_1;RLM11;0.0;0.0;1.0;;1.0;0.0;2010.0;REF122
REC2884;SP377;GEO.1_1;RLM11;0.0;0.0;1.0;;1.0;0.0;2015.0;REF122
REC2885;SP377;DEU.1_1;RLM11;0.0;0.0;1.0;;1.0;0.0;2007.0;REF122
REC2886;SP377;GRC.1_1;RLM11;0.0;0.0;1.0;;1.0;0.0;2013.0;REF122
REC2887;SP377;HUN.1_1;RLM11;0.0;0.0;1.0;;1.0;0.0;2011.0;REF122
REC2888;SP377;ITA.1_1;RLM11;0.0;0.0;1.0;;1.0;0.0;2010.0;REF122
REC2889;SP377;NLD.1_1;RLM11;0.0;0.0;1.0;;1.0;0.0;2007.0;REF122
REC2890;SP377;CHE.1_1;RLM11;0.0;0.0;1.0;;1.0;0.0;2007.0;REF122
REC2891;SP377;TUR.1_1;RLM11;0.0;0.0;1.0;;1.0;0.0;2011.0;REF122
REC2892;SP377;GRC.1_1;RLM11;0.0;0.0;1.0;1.0;1.0;0.0;2013.0;REF589
REC2893;SP377;ALB.1_1;RLM11;0.0;0.0;1.0;;1.0;0.0;2017.0;REF918
REC2894;SP377;AUT.1_1;RLM11;0.0;0.0;1.0;;1.0;0.0;2009.0;REF918
REC2895;SP377;BEL.1_1;RLM11;0.0;0.0;1.0;;1.0;0.0;2011.0;REF918
REC2896;SP377;BIH.1_1;RLM11;0.0;0.0;1.0;;1.0;0.0;2015.0;REF918
REC2897;SP377;BGR.1_1;RLM11;0.0;0.0;1.0;;1.0;0.0;2014.0;REF918
REC2898;SP377;HRV.1_1;RLM11;0.0;0.0;1.0;;1.0;0.0;2012.0;REF918
REC2899;SP377;CZE.1_1;RLM11;0.0;0.0;1.0;;1.0;0.0;2011.0;REF918
REC2900;SP377;DNK.1_1;RLM11;0.0;0.0;1.0;;1.0;0.0;2013.0;REF918
REC2901;SP377;FRA.1_1;RLM11;0.0;0.0;1.0;;1.0;0.0;2008.0;REF918
REC2902;SP377;GEO.1_1;RLM11;0.0;0.0;1.0;;1.0;0.0;2012.0;REF918
REC2903;SP377;DEU.1_1;RLM11;0.0;0.0;1.0;;1.0;0.0;2007.0;REF918
REC2904;SP377;GRC.1_1;RLM11;0.0;0.0;1.0;;1.0;0.0;2015.0;REF918
REC2905;SP377;HUN.1_1;RLM11;0.0;0.0;1.0;;1.0;0.0;2011.0;REF918
REC2906;SP377;ITA.1_1;RLM11;0.0;0.0;1.0;;1.0;0.0;2010.0;REF918
REC2907;SP377;LIE.1_1;RLM11;0.0;0.0;1.0;;1.0;0.0;2009.0;REF918
REC2908;SP377;MNE.1_1;RLM11;0.0;0.0;1.0;;1.0;0.0;2014.0;REF918
REC2909;SP377;NLD.1_1;RLM11;0.0;0.0;1.0;;1.0;0.0;2007.0;REF918
REC2910;SP377;ROU.1_1;RLM11;0.0;0.0;1.0;;1.0;0.0;2011.0;REF918
REC2911;SP377;RUS.1_2;RLM11;0.0;0.0;1.0;;1.0;0.0;2012.0;REF918
REC2912;SP377;SRB.1_1;RLM11;0.0;0.0;1.0;;1.0;0.0;2015.0;REF918
REC2913;SP377;SVK.1_1;RLM11;0.0;0.0;1.0;;1.0;0.0;2012.0;REF918
REC2914;SP377;SVN.1_1;RLM11;0.0;0.0;1.0;;1.0;0.0;2011.0;REF918
REC2915;SP377;ESP.1_1;RLM11;0.0;0.0;1.0;;1.0;0.0;2014.0;REF918
REC2916;SP377;CHE.1_1;RLM11;0.0;0.0;1.0;;1.0;0.0;2007.0;REF918
REC2917;SP377;TUR.1_1;RLM11;0.0;0.0;1.0;;1.0;0.0;2011.0;REF918
REC2918;SP377;GBR.1_1;RLM11;0.0;0.0;1.0;;1.0;0.0;2008.0;REF918
REC2919;SP377;HRV.1_1;RLM11;0.0;0.0;1.0;1.0;1.0;0.0;2012.0;REF618
REC2920;SP377;ITA.1_1;RLM11;0.0;0.0;1.0;;1.0;0.0;2010.0;REF82
REC2921;SP377;AUT.1_1;RLM11;0.0;0.0;1.0;;1.0;0.0;2008.0;REF82
REC2922;SP377;BEL.1_1;RLM11;0.0;0.0;1.0;;1.0;0.0;2010.0;REF82
REC2923;SP377;HRV.1_1;RLM11;0.0;0.0;1.0;;1.0;0.0;2012.0;REF82
REC2924;SP377;CZE.1_1;RLM11;0.0;0.0;1.0;;1.0;0.0;2011.0;REF82
REC2925;SP377;DNK.1_1;RLM11;0.0;0.0;1.0;;1.0;0.0;2013.0;REF82
REC2926;SP377;FRA.1_1;RLM11;0.0;0.0;1.0;;1.0;0.0;2008.0;REF82
REC2927;SP377;DEU.1_1;RLM11;0.0;0.0;1.0;;1.0;0.0;2006.0;REF82
REC2928;SP377;HUN.1_1;RLM11;0.0;0.0;1.0;;1.0;0.0;2011.0;REF82
REC2929;SP377;IRL.1_1;RLM11;0.0;0.0;1.0;;1.0;0.0;2008.0;REF82
REC2930;SP377;ITA.1_1;RLM11;0.0;0.0;1.0;;1.0;0.0;2010.0;REF82
REC2931;SP377;LIE.1_1;RLM11;0.0;0.0;1.0;;1.0;0.0;2010.0;REF82
REC2932;SP377;NLD.1_1;RLM11;0.0;0.0;1.0;;1.0;0.0;2007.0;REF82
REC2933;SP377;ROU.1_1;RLM11;0.0;0.0;1.0;;1.0;0.0;2011.0;REF82
REC2934;SP377;SVK.1_1;RLM11;0.0;0.0;1.0;;1.0;0.0;2013.0;REF82
REC2935;SP377;SVN.1_1;RLM11;0.0;0.0;1.0;;1.0;0.0;2008.0;REF82
REC2936;SP377;CHE.1_1;RLM11;0.0;0.0;1.0;;1.0;0.0;2007.0;REF82
REC2937;SP377;TUR.1_1;RLM11;0.0;0.0;1.0;;1.0;0.0;2011.0;REF82
REC2938;SP377;ITA.1_1;RLM11;0.0;0.0;1.0;;1.0;0.0;2011.0;REF766
REC2939;SP377;NLD.1_1;RLM11;0.0;0.0;1.0;;1.0;0.0;2007.0;REF1109
REC2940;SP377;HUN.1_1;RLM11;0.0;0.0;1.0;;1.0;0.0;2011.0;REF965
REC2941;SP377;DEU.1_1;RLM11;0.0;0.0;1.0;;1.0;0.0;2007.0;REF56
REC2942;SP377;POL.1_1;RLM11;0.0;0.0;1.0;;1.0;0.0;2012.0;REF145
REC2943;SP377;UKR.1_1;RLM11;0.0;0.0;1.0;;1.0;0.0;;REF145
REC2944;SP377;TUR.1_1;RLM11;0.0;0.0;1.0;1.0;1.0;0.0;2011.0;REF491
REC2945;SP377;TUR.1_1;RLM11;0.0;0.0;1.0;;1.0;0.0;2011.0;REF492
REC2946;SP377;IRN.1_1;RLM8;0.0;0.0;1.0;;1.0;0.0;2016.0;REF339
REC2947;SP377;DZA.1_1;RLM8;0.0;0.0;1.0;1.0;0.0;0.0;2018.0;REF440
REC2948;SP377;ALB.1_1;RLM11;;0.0;1.0;;1.0;;;REF380
REC2949;SP377;USA.1_1;RLM9;0.0;0.0;1.0;;1.0;0.0;;REF1002
REC2950;SP378;CAN.1_1;RLM9;;0.0;1.0;;;0.0;;REF1002
REC2951;SP378;CAN.1_1;RLM9;0.0;0.0;1.0;;1.0;0.0;2005.0;REF394
REC2952;SP378;USA.1_1;RLM9;0.0;0.0;1.0;;1.0;0.0;2000.0;REF394
REC2953;SP378;USA.1_1;RLM9;0.0;0.0;1.0;;1.0;0.0;2005.0;REF394
REC2954;SP378;USA.1_1;RLM9;0.0;0.0;1.0;;1.0;0.0;2000.0;REF394
REC2955;SP378;USA.1_1;RLM9;0.0;0.0;1.0;;1.0;0.0;2000.0;REF1007
REC2956;SP378;USA.1_1;RLM9;;0.0;1.0;;;0.0;;REF1002
REC2957;SP379;NLD.1_1;RLM11;;;1.0;;1.0;0.0;;REF542
REC2958;SP380;SWE.1_1;RLM11;;;1.0;;1.0;0.0;;REF542
REC2959;SP380;BEL.1_1;RLM11;;;;;1.0;0.0;;REF152
REC2960;SP380;SWE.1_1;RLM11;;;1.0;;1.0;0.0;1800.0;REF152
REC2961;SP380;BEL.1_1;RLM11;0.0;0.0;1.0;;1.0;0.0;;REF683
REC2962;SP380;DNK.1_1;RLM11;0.0;0.0;1.0;;1.0;0.0;;REF683
REC2963;SP380;SWE.1_1;RLM11;0.0;0.0;1.0;;1.0;0.0;;REF683
REC2964;SP381;GBR.1_1;RLM11;;;1.0;;1.0;0.0;1975.0;REF1096
REC2965;SP381;GBR.1_1;RLM11;0.0;0.0;1.0;;1.0;0.0;;REF683
REC2966;SP382;RUS.1_1;RLM11;0.0;0.0;1.0;;1.0;0.0;2017.0;REF1056
REC2967;SP382;HRV.1_1;RLM11;0.0;0.0;1.0;;1.0;0.0;2013.0;REF715
REC2968;SP382;BEL.1_1;RLM11;0.0;0.0;1.0;;1.0;0.0;2016.0;REF1056
REC2969;SP382;HUN.1_1;RLM11;0.0;0.0;1.0;;1.0;0.0;2014.0;REF1056
REC2970;SP382;SVK.1_1;RLM11;0.0;0.0;1.0;;1.0;0.0;2018.0;REF1056
REC2971;SP382;CHE.1_1;RLM11;0.0;0.0;1.0;;1.0;0.0;2010.0;REF1056
REC2972;SP383;GBR.1_1;RLM11;;;1.0;;1.0;0.0;1970.0;REF1096
REC2973;SP383;FRA.1_1;RLM11;;;1.0;;1.0;0.0;;REF542
REC2974;SP384;BEL.1_1;RLM11;0.0;0.0;1.0;;1.0;0.0;;REF683
REC2975;SP384;DNK.1_1;RLM11;0.0;0.0;1.0;;1.0;0.0;;REF683
REC2976;SP384;GBR.1_1;RLM11;0.0;0.0;1.0;;1.0;0.0;;REF683
REC2977;SP385;GBR.1_1;RLM11;;;1.0;;1.0;0.0;;REF542
REC2978;SP386;USA.1_1;RLM9;0.0;0.0;;;1.0;0.0;;REF1195
REC2979;SP386;ZAF.1_1;RLM3;0.0;0.0;1.0;;1.0;0.0;1991.0;REF323
REC2980;SP387;CAN.1_1;RLM9;0.0;0.0;1.0;;1.0;0.0;;REF1002
REC2981;SP387;CAN.1_1;RLM9;0.0;0.0;1.0;;1.0;0.0;;REF394
REC2982;SP387;CAN.1_1;RLM9;0.0;0.0;1.0;;1.0;0.0;1933.0;REF394
REC2983;SP387;CAN.1_1;RLM9;0.0;0.0;1.0;;1.0;0.0;;REF394
REC2984;SP387;USA.1_1;RLM9;0.0;0.0;1.0;;1.0;0.0;;REF394
REC2985;SP387;CAN.1_1;RLM9;0.0;0.0;1.0;;1.0;0.0;;REF394
REC2986;SP387;CAN.1_1;RLM9;0.0;0.0;1.0;;1.0;0.0;;REF394
REC2987;SP387;CAN.1_1;RLM9;0.0;0.0;1.0;;1.0;0.0;;REF394
REC2988;SP387;USA.1_1;RLM9;0.0;0.0;1.0;;1.0;0.0;1907.0;REF1007
REC2989;SP387;USA.1_1;RLM9;0.0;0.0;;;1.0;0.0;;REF1195
REC2990;SP387;USA.1_1;RLM9;0.0;0.0;1.0;;1.0;0.0;;REF1071
REC2991;SP387;CAN.1_1;RLM9;0.0;0.0;1.0;;1.0;0.0;;REF1071
REC2992;SP387;JPN.1_1;RLM6;0.0;0.0;1.0;;1.0;0.0;;REF1071
REC2993;SP387;JPN.1_1;RLM10;0.0;0.0;1.0;;1.0;0.0;;REF1071
REC2994;SP387;USA.1_1;RLM9;0.0;0.0;1.0;;1.0;0.0;;REF1002
REC2995;SP388;GBR.1_1;RLM11;;;1.0;;1.0;0.0;;REF542
REC2996;SP388;GBR.1_1;RLM11;0.0;0.0;1.0;;1.0;0.0;;REF683
REC2997;SP389;USA.1_2;RLM9;0.0;0.0;1.0;;1.0;0.0;;REF1002
REC2998;SP389;CAN.1_1;RLM9;0.0;0.0;1.0;;1.0;0.0;;REF1002
REC2999;SP389;PRT.2_1;RLM11;;;;;1.0;0.0;;REF330
REC3000;SP389;CHN.1_1;RLM10;0.0;0.0;1.0;;1.0;0.0;;REF173
REC3001;SP389;USA.1_1;RLM9;0.0;0.0;1.0;;1.0;0.0;1819.0;REF394
REC3002;SP389;CAN.1_1;RLM9;;;;;1.0;0.0;;REF330
REC3003;SP389;USA.1_1;RLM9;;;;;1.0;0.0;;REF330
REC3004;SP389;CHN.1_1;RLM11;;;;;1.0;0.0;;REF330
REC3005;SP389;CHN.1_1;RLM11;0.0;0.0;1.0;;1.0;0.0;;REF173
REC3006;SP389;CHN.1_1;RLM11;0.0;0.0;1.0;;1.0;0.0;;REF743
REC3007;SP389;CHN.1_1;RLM11;0.0;0.0;1.0;;1.0;0.0;1989.0;REF1222
REC3008;SP389;CHN.1_1;RLM10;;;;;0.0;0.0;;REF330
REC3009;SP389;CHN.1_1;RLM11;;;;;1.0;0.0;;REF330
REC3010;SP389;CHN.1_1;RLM11;0.0;0.0;1.0;;1.0;0.0;;REF173
REC3011;SP389;CHN.1_1;RLM11;0.0;0.0;1.0;;1.0;0.0;;REF743
REC3012;SP389;CHN.1_1;RLM11;0.0;0.0;1.0;;1.0;0.0;1989.0;REF1222
REC3013;SP389;CHN.1_1;RLM10;;;;;0.0;0.0;;REF330
REC3014;SP389;USA.1_1;RLM9;;;;;1.0;0.0;;REF330
REC3015;SP389;CHN.1_1;RLM11;0.0;0.0;1.0;;1.0;0.0;;REF173
REC3016;SP389;CHN.1_1;RLM11;;;;;1.0;0.0;;REF330
REC3017;SP389;CHN.1_1;RLM11;0.0;0.0;1.0;;1.0;0.0;;REF173
REC3018;SP389;CHN.1_1;RLM11;0.0;0.0;1.0;;1.0;0.0;2009.0;REF1222
REC3019;SP389;CHN.1_1;RLM11;;;;;0.0;0.0;;REF330
REC3020;SP389;CHN.1_1;RLM11;0.0;0.0;1.0;;1.0;0.0;;REF173
REC3021;SP389;CHN.1_1;RLM11;0.0;0.0;1.0;;1.0;0.0;2009.0;REF1222
REC3022;SP389;PRT.3_1;RLM11;;;;;1.0;0.0;;REF330
REC3023;SP389;USA.1_1;RLM9;;;;;1.0;0.0;;REF330
REC3024;SP389;USA.1_1;RLM9;;;;;1.0;0.0;;REF330
REC3025;SP389;CHN.1_1;RLM11;;;;;1.0;0.0;;REF330
REC3026;SP389;CAN.1_1;RLM9;;;;;1.0;0.0;;REF330
REC3027;SP389;AUS.1_1;RLM2;;;;;1.0;0.0;;REF330
REC3028;SP389;CHN.1_1;RLM11;;;;;1.0;0.0;;REF330
REC3029;SP389;CHN.1_1;RLM11;0.0;0.0;1.0;;1.0;0.0;1989.0;REF1222
REC3030;SP389;USA.1_1;RLM9;;;;;1.0;0.0;;REF330
REC3031;SP389;CAN.1_1;RLM9;;;;;1.0;0.0;;REF330
REC3032;SP389;USA.1_1;RLM9;;;;;1.0;0.0;;REF330
REC3033;SP389;CAN.1_1;RLM9;;;;;1.0;0.0;;REF330
REC3034;SP389;USA.1_1;RLM9;;;;;1.0;0.0;;REF330
REC3035;SP389;USA.1_1;RLM9;;;;;1.0;0.0;;REF330
REC3036;SP389;CAN.1_1;RLM9;;;;;1.0;0.0;;REF330
REC3037;SP389;CAN.1_1;RLM9;;;;;1.0;0.0;;REF330
REC3038;SP389;AUS.1_1;RLM2;;;;;1.0;0.0;;REF330
REC3039;SP389;AUS.1_1;RLM2;;;;;1.0;0.0;;REF330
REC3040;SP389;AUS.1_1;RLM2;;;;;1.0;0.0;;REF330
REC3041;SP389;CHN.1_1;RLM6;0.0;0.0;1.0;;1.0;0.0;;REF173
REC3042;SP389;USA.1_1;RLM9;;;;;1.0;0.0;;REF330
REC3043;SP389;AUS.1_1;RLM2;;;;;1.0;0.0;;REF330
REC3044;SP389;USA.1_1;RLM9;;;;;1.0;0.0;;REF330
REC3045;SP389;USA.1_1;RLM9;;;;;1.0;0.0;;REF330
REC3046;SP389;AUS.1_1;RLM2;;;;;0.0;1.0;;REF330
REC3047;SP389;USA.1_1;RLM9;;;;;1.0;0.0;;REF330
REC3048;SP389;CHN.1_1;RLM11;;;;;1.0;0.0;;REF330
REC3049;SP389;CHN.1_1;RLM11;0.0;0.0;1.0;;1.0;0.0;1957.0;REF173
REC3050;SP389;CHN.1_1;RLM11;0.0;0.0;1.0;;1.0;0.0;1957.0;REF743
REC3051;SP389;CHN.1_1;RLM11;0.0;0.0;1.0;;1.0;0.0;1953.0;REF1190
REC3052;SP389;CHN.1_1;RLM10;;;;;0.0;0.0;;REF330
REC3053;SP389;AUS.1_1;RLM2;;;1.0;;1.0;0.0;;REF697
REC3054;SP389;NZL.1_1;RLM2;;;1.0;;1.0;0.0;;REF697
REC3055;SP389;ZAF.1_1;RLM3;;;1.0;;1.0;0.0;;REF697
REC3056;SP389;CHL.1_1;RLM1;;;1.0;;1.0;0.0;1890.0;REF1096
REC3057;SP389;NZL.1_1;RLM2;;;1.0;;1.0;0.0;1922.0;REF1096
REC3058;SP389;ZAF.1_1;RLM3;;0.0;1.0;;1.0;0.0;1892.0;REF1096
REC3059;SP389;ZAF.1_1;RLM3;;;1.0;;1.0;0.0;;REF542
REC3060;SP389;IRL.1_1;RLM11;;;1.0;;1.0;0.0;;REF542
REC3061;SP389;MAR.1_1;RLM8;;;;;1.0;0.0;;REF330
REC3062;SP389;ZAF.1_1;RLM3;;;;;1.0;0.0;;REF330
REC3063;SP389;CAN.1_1;RLM9;;;;;1.0;0.0;;REF330
REC3064;SP389;CHL.1_1;RLM1;;;;;1.0;0.0;;REF330
REC3065;SP389;MEX.1_1;RLM9;;;;;1.0;0.0;;REF330
REC3066;SP389;USA.1_1;RLM9;;;;;1.0;0.0;;REF330
REC3067;SP389;CHN.1_1;RLM11;;;;;1.0;0.0;;REF330
REC3068;SP389;IRL.1_1;RLM11;;;;;1.0;0.0;;REF330
REC3069;SP389;AUS.1_1;RLM2;;;;;1.0;0.0;;REF330
REC3070;SP389;NZL.1_1;RLM2;;;;;1.0;0.0;;REF330
REC3071;SP389;USA.1_1;RLM9;0.0;0.0;1.0;;1.0;0.0;1819.0;REF1007
REC3072;SP389;USA.1_1;RLM9;0.0;0.0;;;1.0;0.0;;REF1195
REC3073;SP389;PRT.2_1;RLM11;0.0;0.0;1.0;;1.0;0.0;;REF683
REC3074;SP389;MAR.1_1;RLM8;0.0;0.0;1.0;;1.0;0.0;;REF909
REC3075;SP389;ZAF.1_1;RLM3;0.0;0.0;1.0;;1.0;0.0;;REF676
REC3076;SP389;CHL.1_1;RLM1;0.0;0.0;1.0;;1.0;0.0;1890.0;REF37
REC3077;SP389;PRT.3_1;RLM11;0.0;0.0;1.0;;1.0;0.0;;REF683
REC3078;SP389;MEX.1_1;RLM9;0.0;0.0;1.0;0.0;1.0;0.0;;REF1002
REC3079;SP389;USA.1_1;RLM9;0.0;0.0;1.0;;1.0;0.0;;REF1002
REC3080;SP390;IRL.1_1;RLM11;;;1.0;;1.0;0.0;;REF542
REC3081;SP390;PRT.1_1;RLM11;;;;;1.0;0.0;;REF330
REC3082;SP390;PRT.1_1;RLM11;0.0;0.0;1.0;;1.0;0.0;;REF683
REC3083;SP391;NLD.1_1;RLM11;0.0;0.0;1.0;;1.0;0.0;;REF683
REC3084;SP392;NZL.1_1;RLM2;;;1.0;;1.0;0.0;;REF697
REC3085;SP392;NZL.1_1;RLM2;0.0;1.0;1.0;0.0;1.0;0.0;1988.0;REF488
REC3086;SP393;USA.1_1;RLM9;0.0;0.0;1.0;;1.0;0.0;2007.0;REF394
REC3087;SP393;USA.1_1;RLM9;0.0;0.0;1.0;;1.0;0.0;2007.0;REF1007
REC3088;SP393;USA.1_1;RLM9;0.0;0.0;1.0;0.0;1.0;0.0;;REF1002
REC3089;SP394;VEN.1_1;RLM1;;;1.0;;1.0;0.0;;REF542
REC3090;SP395;CAN.1_1;RLM9;0.0;0.0;1.0;0.0;;0.0;;REF1002
REC3091;SP396;CAN.1_1;RLM9;0.0;0.0;1.0;0.0;1.0;0.0;;REF1002
REC3092;SP396;USA.1_1;RLM9;0.0;0.0;1.0;1.0;1.0;0.0;;REF1002
REC3093;SP397;CAN.1_1;RLM9;0.0;0.0;1.0;0.0;1.0;0.0;1927.0;REF1002
REC3094;SP397;USA.1_1;RLM9;0.0;0.0;1.0;;1.0;0.0;;REF1002
REC3095;SP398;ESP.2_1;RLM11;0.0;0.0;1.0;;1.0;0.0;;REF683
REC3096;SP398;ITA.2_1;RLM11;0.0;0.0;1.0;;1.0;0.0;;REF683
REC3097;SP398;ITA.2_1;RLM11;;;1.0;;1.0;0.0;;REF957
REC3098;SP399;DNK.1_1;RLM11;;;1.0;;1.0;0.0;;REF542
REC3099;SP400;PRT.2_1;RLM11;0.0;0.0;1.0;;1.0;0.0;;REF683
REC3100;SP400;ESP.2_1;RLM11;0.0;0.0;1.0;;1.0;0.0;;REF683
REC3101;SP400;PRT.3_1;RLM11;0.0;0.0;1.0;;1.0;0.0;;REF683
REC3102;SP400;PRT.3_1;RLM11;;;1.0;;1.0;0.0;;REF957
REC3103;SP400;ESP.1_1;RLM11;;;1.0;;1.0;0.0;1887.0;REF957
REC3104;SP400;PRT.2_1;RLM11;;;1.0;;1.0;0.0;;REF957
REC3105;SP400;PRT.1_1;RLM11;;;1.0;;1.0;0.0;;REF957
REC3106;SP400;ESP.1_1;RLM11;;;1.0;;1.0;0.0;;REF957
REC3107;SP400;PRT.1_1;RLM11;0.0;0.0;1.0;;1.0;0.0;;REF683
REC3108;SP400;ESP.1_1;RLM11;0.0;0.0;1.0;;1.0;0.0;;REF683
REC3109;SP401;USA.2_1;RLM9;;;1.0;;1.0;0.0;;REF697
REC3110;SP401;USA.2_1;RLM9;;;1.0;;1.0;0.0;1974.0;REF1096
REC3111;SP401;USA.2_1;RLM9;0.0;0.0;1.0;;1.0;0.0;;REF1007
REC3112;SP401;USA.2_1;RLM9;1.0;0.0;;;1.0;0.0;;REF1195
REC3113;SP401;JPN.1_1;RLM6;;;1.0;;1.0;0.0;;REF697
REC3114;SP401;JPN.1_1;RLM6;0.0;0.0;;;1.0;0.0;;REF1195
REC3115;SP401;JPN.1_1;RLM6;;;1.0;;1.0;0.0;1966.0;REF1096
REC3116;SP401;JPN.1_1;RLM6;0.0;0.0;;;1.0;0.0;;REF1195
REC3117;SP401;JPN.1_1;RLM10;;;1.0;;1.0;0.0;;REF542
REC3118;SP401;JPN.1_1;RLM10;0.0;0.0;1.0;;1.0;0.0;;REF812
REC3119;SP401;JPN.1_1;RLM10;0.0;0.0;1.0;;1.0;0.0;1974.0;REF779
REC3120;SP401;USA.2_1;RLM9;0.0;0.0;;;1.0;;;REF47
REC3121;SP401;JPN.1_1;RLM10;0.0;0.0;1.0;;1.0;0.0;1974.0;REF811
REC3122;SP402;USA.2_1;RLM9;;;1.0;;1.0;0.0;2001.0;REF152
REC3123;SP402;JPN.1_1;RLM6;;;;;1.0;0.0;1995.0;REF152
REC3124;SP402;USA.2_1;RLM9;;;1.0;;1.0;0.0;;REF697
REC3125;SP402;USA.2_1;RLM9;;0.0;1.0;;1.0;0.0;2001.0;REF1007
REC3126;SP402;USA.2_1;RLM9;;0.0;;;1.0;0.0;2001.0;REF204
REC3127;SP402;USA.2_1;RLM9;0.0;0.0;1.0;;1.0;0.0;2001.0;REF552
REC3128;SP402;USA.2_1;RLM9;0.0;0.0;1.0;;1.0;0.0;2001.0;REF921
REC3129;SP402;JPN.1_1;RLM6;0.0;0.0;;;1.0;0.0;;REF1195
REC3130;SP402;JPN.1_1;RLM10;;;;;1.0;0.0;1995.0;REF152
REC3131;SP402;JPN.1_1;RLM10;1.0;0.0;1.0;;1.0;0.0;;REF812
REC3132;SP402;USA.2_1;RLM9;0.0;0.0;;;1.0;;;REF47
REC3133;SP403;NZL.1_1;RLM2;;;1.0;;1.0;0.0;;REF697
REC3134;SP403;NZL.1_1;RLM2;;;1.0;;1.0;0.0;1918.0;REF1096
REC3135;SP404;NZL.1_1;RLM2;;;1.0;;1.0;0.0;;REF697
REC3136;SP404;NZL.1_1;RLM2;;;1.0;;1.0;0.0;1938.0;REF1096
REC3137;SP405;DNK.1_1;RLM11;;;1.0;;1.0;0.0;;REF542
REC3138;SP405;DNK.1_1;RLM11;;;;;1.0;0.0;;REF152
REC3139;SP406;USA.1_1;RLM9;;0.0;1.0;;1.0;0.0;1955.0;REF1007
REC3140;SP406;CAN.1_1;RLM9;0.0;0.0;1.0;0.0;1.0;0.0;;REF1002
REC3141;SP407;USA.1_1;RLM9;0.0;0.0;;;1.0;0.0;;REF1002
REC3142;SP408;AUS.1_1;RLM2;;;1.0;;1.0;0.0;;REF697
REC3143;SP408;AUS.1_1;RLM2;0.0;0.0;;;1.0;0.0;1990.0;REF958
REC3144;SP409;CAN.1_1;RLM9;;;1.0;;1.0;0.0;;REF542
REC3145;SP409;CAN.1_1;RLM9;0.0;0.0;1.0;0.0;1.0;0.0;;REF1002
REC3146;SP410;GBR.1_1;RLM11;;;;;1.0;0.0;;REF152
REC3147;SP410;GBR.1_1;RLM11;;;;;1.0;0.0;;REF330
REC3148;SP410;GBR.1_1;RLM11;;;1.0;;1.0;0.0;2004.0;REF1096
REC3149;SP410;GBR.1_1;RLM11;;;;;1.0;0.0;;REF330
REC3150;SP410;GBR.1_1;RLM11;;;1.0;;1.0;0.0;;REF152
REC3151;SP410;GBR.1_1;RLM11;0.0;0.0;1.0;;1.0;0.0;;REF683
REC3152;SP411;SWE.1_1;RLM11;;;1.0;;1.0;0.0;;REF542
REC3153;SP411;SWE.1_1;RLM11;;;;;0.0;0.0;;REF330
REC3154;SP411;SWE.1_1;RLM11;;;;;1.0;0.0;;REF152
REC3155;SP411;DNK.1_1;RLM11;0.0;0.0;1.0;;1.0;0.0;;REF911
REC3156;SP412;SWE.1_1;RLM11;;;1.0;;1.0;0.0;;REF542
REC3157;SP412;MNG.1_1;RLM11;;;1.0;;1.0;0.0;;REF542
REC3158;SP412;KAZ.1_1;RLM11;;;1.0;;1.0;0.0;;REF542
REC3159;SP412;DNK.1_1;RLM11;0.0;0.0;1.0;;1.0;0.0;;REF911
REC3160;SP413;CAN.1_1;RLM9;0.0;0.0;1.0;0.0;1.0;0.0;;REF1002
REC3161;SP413;USA.1_1;RLM9;;0.0;1.0;;1.0;0.0;1950.0;REF1007
REC3162;SP413;USA.1_1;RLM9;0.0;0.0;;;1.0;0.0;;REF1195
REC3163;SP413;USA.1_1;RLM9;0.0;0.0;1.0;0.0;1.0;0.0;;REF1002
REC3164;SP414;USA.1_1;RLM9;0.0;0.0;1.0;;1.0;0.0;2010.0;REF257
REC3165;SP414;USA.1_1;RLM9;0.0;0.0;1.0;;1.0;0.0;;REF257
REC3166;SP414;USA.1_1;RLM9;0.0;0.0;1.0;;1.0;0.0;;REF257
REC3167;SP414;USA.1_1;RLM9;0.0;0.0;1.0;;1.0;0.0;;REF257
REC3168;SP414;USA.1_1;RLM9;0.0;0.0;1.0;;1.0;0.0;2010.0;REF257
REC3169;SP414;USA.1_1;RLM9;0.0;0.0;1.0;;1.0;0.0;2010.0;REF257
REC3170;SP414;USA.1_1;RLM9;0.0;0.0;1.0;;1.0;0.0;;REF257
REC3171;SP414;USA.1_1;RLM9;0.0;0.0;1.0;;1.0;0.0;;REF257
REC3172;SP414;USA.1_1;RLM9;0.0;0.0;1.0;;1.0;0.0;;REF257
REC3173;SP414;USA.1_1;RLM9;0.0;0.0;1.0;;1.0;0.0;;REF257
REC3174;SP414;CAN.1_1;RLM9;0.0;0.0;1.0;0.0;1.0;0.0;;REF1002
REC3175;SP415;NZL.1_1;RLM2;;;1.0;;1.0;0.0;2004.0;REF1096
REC3176;SP416;USA.1_1;RLM9;0.0;0.0;1.0;;1.0;0.0;;REF257
REC3177;SP416;CAN.1_1;RLM9;0.0;0.0;1.0;;1.0;0.0;1862.0;REF257
REC3178;SP416;CAN.1_1;RLM9;0.0;0.0;1.0;;1.0;0.0;;REF257
REC3179;SP416;USA.1_1;RLM9;0.0;0.0;1.0;;1.0;0.0;;REF257
REC3180;SP416;NZL.1_1;RLM2;;;1.0;;1.0;0.0;;REF697
REC3181;SP416;USA.1_1;RLM9;;0.0;1.0;;1.0;0.0;1869.0;REF1007
REC3182;SP417;TUN.1_1;RLM8;;;1.0;;1.0;0.0;;REF542
REC3183;SP417;TUN.1_1;RLM8;0.0;0.0;;;1.0;0.0;2006.0;REF634
REC3184;SP418;JPN.1_1;RLM6;;;1.0;;1.0;0.0;;REF697
REC3185;SP418;JPN.1_1;RLM6;;;1.0;;1.0;0.0;2005.0;REF1096
REC3186;SP418;JPN.1_1;RLM6;0.0;0.0;;;1.0;0.0;;REF1195
REC3187;SP418;AUS.1_1;RLM2;;;1.0;;1.0;0.0;;REF697
REC3188;SP418;USA.2_1;RLM9;0.0;;1.0;;1.0;0.0;;REF48
REC3189;SP419;AUS.1_1;RLM2;;;1.0;;1.0;0.0;;REF697
REC3190;SP419;NZL.1_1;RLM2;;;1.0;;1.0;0.0;;REF697
REC3191;SP419;NZL.1_1;RLM2;;;1.0;;1.0;0.0;1997.0;REF1096
REC3192;SP419;AUS.1_1;RLM2;0.0;0.0;1.0;0.0;1.0;0.0;;REF493
REC3193;SP419;NZL.1_1;RLM2;0.0;0.0;1.0;;1.0;0.0;1997.0;REF493
REC3194;SP420;USA.1_1;RLM9;0.0;0.0;1.0;;1.0;0.0;;REF1002
REC3195;SP421;ECU.2_1;RLM1;;;1.0;;1.0;0.0;;REF697
REC3196;SP421;ECU.2_1;RLM1;;;1.0;;1.0;0.0;1932.0;REF1096
REC3197;SP422;USA.1_1;RLM9;;;;;1.0;0.0;;REF330
REC3198;SP422;ECU.2_1;RLM1;;;1.0;;1.0;0.0;;REF697
REC3199;SP422;ECU.2_1;RLM1;;;1.0;;1.0;0.0;1964.0;REF1096
REC3200;SP422;AUS.1_1;RLM2;;;;;1.0;0.0;;REF330
REC3201;SP422;AUS.1_1;RLM2;;;;;1.0;0.0;;REF330
REC3202;SP422;AUS.1_1;RLM2;;;;;1.0;0.0;;REF330
REC3203;SP422;AUS.1_1;RLM2;;;;;1.0;0.0;;REF330
REC3204;SP422;AUS.1_1;RLM2;;;1.0;;1.0;0.0;;REF697
REC3205;SP422;DNK.1_1;RLM11;;;1.0;;1.0;0.0;;REF542
REC3206;SP422;USA.1_1;RLM9;;;;;1.0;0.0;;REF330
REC3207;SP422;DNK.1_1;RLM11;;;;;0.0;0.0;;REF330
REC3208;SP422;AUS.1_1;RLM2;;;;;1.0;0.0;;REF330
REC3209;SP422;PLW.1_1;RLM5;;;;;1.0;0.0;;REF330
REC3210;SP422;USA.1_1;RLM9;;0.0;1.0;;1.0;0.0;1955.0;REF1007
REC3211;SP422;USA.1_1;RLM9;0.0;0.0;;;1.0;0.0;;REF1195
REC3212;SP422;PLW.1_1;RLM5;0.0;0.0;1.0;;1.0;0.0;;REF1000
REC3213;SP422;USA.1_1;RLM9;;0.0;;;1.0;0.0;;REF1002
REC3214;SP423;ECU.2_1;RLM1;;;1.0;;1.0;0.0;;REF697
REC3215;SP423;USA.2_1;RLM9;;;1.0;;1.0;0.0;;REF697
REC3216;SP423;USA.2_1;RLM9;;0.0;1.0;;1.0;0.0;2003.0;REF1007
REC3217;SP423;USA.2_1;RLM9;0.0;0.0;;;1.0;;;REF47
REC3218;SP424;FRA.1_1;RLM11;0.0;0.0;1.0;;1.0;0.0;;REF683
REC3219;SP424;DEU.1_1;RLM11;0.0;0.0;1.0;;1.0;0.0;;REF683
REC3220;SP424;NLD.1_1;RLM11;0.0;0.0;1.0;;1.0;0.0;;REF683
REC3221;SP424;CHE.1_1;RLM11;0.0;0.0;1.0;;1.0;0.0;;REF683
REC3222;SP425;USA.2_1;RLM9;;;1.0;;1.0;0.0;;REF697
REC3223;SP425;USA.2_1;RLM9;;1.0;1.0;;1.0;0.0;1962.0;REF1096
REC3224;SP425;USA.2_1;RLM9;0.0;1.0;1.0;;1.0;0.0;;REF1007
REC3225;SP425;USA.2_1;RLM9;0.0;1.0;;;1.0;0.0;;REF1195
REC3226;SP425;AUS.1_1;RLM2;;;1.0;;1.0;0.0;;REF697
REC3227;SP425;USA.2_1;RLM9;0.0;1.0;;;0.0;;;REF47
REC3228;SP426;USA.1_1;RLM9;0.0;0.0;;;1.0;0.0;1913.0;REF1002
REC3229;SP427;USA.1_1;RLM9;;;;;1.0;0.0;;REF330
REC3230;SP427;ECU.2_1;RLM1;;;1.0;;1.0;0.0;;REF697
REC3231;SP427;ECU.2_1;RLM1;;;1.0;;1.0;0.0;2003.0;REF1096
REC3232;SP427;USA.1_1;RLM9;;;;;1.0;0.0;;REF330
REC3233;SP427;USA.1_1;RLM9;;;;;1.0;0.0;;REF330
REC3234;SP427;USA.1_1;RLM9;;;;;1.0;0.0;;REF330
REC3235;SP427;USA.1_1;RLM9;;;;;1.0;0.0;;REF330
REC3236;SP427;USA.1_1;RLM9;;0.0;1.0;;1.0;0.0;1855.0;REF1007
REC3237;SP427;USA.1_1;RLM9;0.0;0.0;;;1.0;0.0;;REF1195
REC3238;SP427;USA.1_1;RLM9;0.0;0.0;;;1.0;0.0;;REF1195
REC3239;SP427;USA.1_1;RLM9;0.0;0.0;1.0;0.0;1.0;0.0;1855.0;REF1002
REC3240;SP428;FRA.1_1;RLM11;;;1.0;;1.0;0.0;;REF542
REC3241;SP428;FRA.1_1;RLM11;;;1.0;;1.0;0.0;2001.0;REF957
REC3242;SP428;FRA.1_1;RLM11;;;1.0;;1.0;0.0;2001.0;REF152
REC3243;SP428;FRA.1_1;RLM11;0.0;0.0;1.0;;1.0;0.0;;REF683
REC3244;SP428;CYP.1_1;RLM8;0.0;0.0;1.0;;;0.0;2010.0;REF261
REC3245;SP429;CAN.1_1;RLM9;0.0;0.0;1.0;;1.0;0.0;;REF394
REC3246;SP429;USA.1_1;RLM9;0.0;0.0;1.0;;1.0;0.0;;REF1007
REC3247;SP429;CAN.1_1;RLM9;0.0;0.0;1.0;0.0;1.0;0.0;;REF1002
REC3248;SP430;USA.2_1;RLM9;0.0;0.0;;;1.0;0.0;;REF1195
REC3249;SP431;USA.2_1;RLM9;;;1.0;;1.0;0.0;;REF697
REC3250;SP431;USA.2_1;RLM9;;;1.0;;1.0;0.0;1952.0;REF1096
REC3251;SP431;USA.2_1;RLM9;;0.0;1.0;;1.0;0.0;;REF1007
REC3252;SP431;USA.2_1;RLM9;0.0;;1.0;;1.0;0.0;;REF50
REC3253;SP432;USA.2_1;RLM9;;;1.0;;1.0;0.0;;REF697
REC3254;SP432;USA.2_1;RLM9;;1.0;1.0;;1.0;0.0;1955.0;REF1096
REC3255;SP432;USA.2_1;RLM9;0.0;1.0;1.0;;1.0;0.0;;REF1007
REC3256;SP432;USA.2_1;RLM9;0.0;1.0;;;1.0;0.0;;REF1195
REC3257;SP433;CAN.1_1;RLM9;0.0;0.0;1.0;;1.0;0.0;;REF1002
REC3258;SP433;USA.1_1;RLM9;0.0;0.0;1.0;0.0;1.0;0.0;1920.0;REF1002
REC3259;SP434;CAN.1_1;RLM9;0.0;0.0;1.0;0.0;1.0;0.0;1920.0;REF1002
REC3260;SP434;USA.1_1;RLM9;;0.0;1.0;;1.0;0.0;1910.0;REF1007
REC3261;SP434;USA.1_1;RLM9;0.0;0.0;;;1.0;0.0;;REF1195
REC3262;SP434;USA.1_1;RLM9;0.0;0.0;1.0;0.0;1.0;0.0;1920.0;REF1002
REC3263;SP435;USA.1_1;RLM9;;0.0;1.0;;1.0;0.0;1932.0;REF1007
REC3264;SP435;USA.1_1;RLM9;0.0;0.0;;;1.0;0.0;;REF1195
REC3265;SP436;CAN.1_1;RLM9;0.0;0.0;1.0;;1.0;0.0;;REF1002
REC3266;SP436;USA.1_1;RLM9;0.0;0.0;1.0;;1.0;0.0;2001.0;REF394
REC3267;SP436;CAN.1_1;RLM9;0.0;0.0;1.0;;1.0;0.0;;REF394
REC3268;SP436;CAN.1_1;RLM9;0.0;0.0;1.0;;1.0;0.0;;REF394
REC3269;SP436;USA.1_1;RLM9;0.0;0.0;1.0;;1.0;0.0;2003.0;REF394
REC3270;SP436;USA.1_1;RLM9;0.0;0.0;1.0;;1.0;0.0;2001.0;REF1007
REC3271;SP436;USA.1_1;RLM9;0.0;0.0;1.0;;1.0;0.0;2001.0;REF1002
REC3272;SP437;CAN.1_1;RLM9;0.0;0.0;1.0;;1.0;0.0;;REF1002
REC3273;SP437;CAN.1_1;RLM9;0.0;0.0;1.0;;1.0;0.0;;REF394
REC3274;SP437;CAN.1_1;RLM9;0.0;0.0;1.0;;1.0;0.0;1994.0;REF394
REC3275;SP437;USA.1_1;RLM9;0.0;0.0;1.0;;1.0;0.0;1992.0;REF394
REC3276;SP437;USA.1_1;RLM9;0.0;0.0;1.0;;1.0;0.0;1992.0;REF1007
REC3277;SP437;USA.1_1;RLM9;0.0;0.0;1.0;0.0;1.0;0.0;1992.0;REF1002
REC3278;SP438;CAN.1_1;RLM9;0.0;0.0;1.0;;1.0;0.0;;REF394
REC3279;SP438;USA.1_1;RLM9;0.0;0.0;1.0;;1.0;0.0;;REF1007
REC3280;SP438;CAN.1_1;RLM9;0.0;0.0;1.0;0.0;1.0;0.0;;REF1002
REC3281;SP439;CAN.1_1;RLM9;0.0;0.0;1.0;;1.0;0.0;;REF1002
REC3282;SP439;USA.1_1;RLM9;0.0;0.0;1.0;;1.0;0.0;1989.0;REF394
REC3283;SP439;CAN.1_1;RLM9;0.0;0.0;1.0;;1.0;0.0;;REF394
REC3284;SP439;CAN.1_1;RLM9;0.0;0.0;1.0;;1.0;0.0;;REF394
REC3285;SP439;CAN.1_1;RLM9;0.0;0.0;1.0;;1.0;0.0;;REF394
REC3286;SP439;CAN.1_1;RLM9;0.0;0.0;1.0;;1.0;0.0;;REF394
REC3287;SP439;CAN.1_1;RLM9;0.0;0.0;1.0;;1.0;0.0;;REF394
REC3288;SP439;USA.1_1;RLM9;0.0;0.0;1.0;;1.0;0.0;;REF394
REC3289;SP439;USA.1_1;RLM9;0.0;0.0;1.0;;1.0;0.0;1989.0;REF1007
REC3290;SP439;USA.1_1;RLM9;0.0;0.0;;;1.0;0.0;;REF1195
REC3291;SP439;USA.1_1;RLM9;0.0;0.0;1.0;;1.0;0.0;;REF1002
REC3292;SP440;USA.1_1;RLM9;;0.0;1.0;;1.0;0.0;2013.0;REF1007
REC3293;SP440;USA.1_1;RLM9;0.0;0.0;1.0;;1.0;0.0;;REF1002
REC3294;SP441;ESP.3_1;RLM11;;;1.0;;1.0;0.0;2006.0;REF152
REC3295;SP441;ESP.3_1;RLM11;0.0;0.0;1.0;;1.0;0.0;;REF683
REC3296;SP441;DEU.1_1;RLM11;;;1.0;;1.0;0.0;;REF542
REC3297;SP441;DNK.1_1;RLM11;;;1.0;;1.0;0.0;;REF542
REC3298;SP441;NLD.1_1;RLM11;;;1.0;;1.0;0.0;;REF542
REC3299;SP441;FRA.1_1;RLM11;;;1.0;;1.0;0.0;;REF542
REC3300;SP441;DNK.1_1;RLM11;;;1.0;;1.0;0.0;;REF957
REC3301;SP441;NLD.1_1;RLM11;;;1.0;;1.0;0.0;;REF957
REC3302;SP441;ESP.3_1;RLM11;;;1.0;;1.0;0.0;;REF957
REC3303;SP441;BEL.1_1;RLM11;;;1.0;;1.0;0.0;;REF957
REC3304;SP441;MLT.1_1;RLM8;;;1.0;;1.0;0.0;;REF957
REC3305;SP441;PRT.1_1;RLM11;;;1.0;;1.0;0.0;;REF957
REC3306;SP441;ESP.1_1;RLM11;;;1.0;;1.0;0.0;;REF957
REC3307;SP441;BEL.1_1;RLM11;;;1.0;;1.0;0.0;2007.0;REF152
REC3308;SP441;DNK.1_1;RLM11;;;;;1.0;0.0;;REF152
REC3309;SP441;MLT.1_1;RLM8;;;1.0;;1.0;0.0;2006.0;REF152
REC3310;SP441;NLD.1_1;RLM11;;;1.0;;1.0;0.0;2003.0;REF152
REC3311;SP441;PRT.1_1;RLM11;;;1.0;;1.0;0.0;2000.0;REF152
REC3312;SP441;ESP.1_1;RLM11;;;1.0;;1.0;0.0;2003.0;REF152
REC3313;SP441;BEL.1_1;RLM11;0.0;0.0;1.0;;1.0;0.0;;REF683
REC3314;SP441;DNK.1_1;RLM11;0.0;0.0;1.0;;1.0;0.0;;REF683
REC3315;SP441;MLT.1_1;RLM8;0.0;0.0;1.0;;1.0;0.0;;REF683
REC3316;SP441;NLD.1_1;RLM11;0.0;0.0;1.0;;1.0;0.0;;REF683
REC3317;SP441;PRT.1_1;RLM11;0.0;0.0;1.0;;1.0;0.0;;REF683
REC3318;SP441;ESP.1_1;RLM11;0.0;0.0;1.0;;1.0;0.0;;REF683
REC3319;SP442;USA.2_1;RLM9;;;1.0;;1.0;0.0;1977.0;REF1096
REC3320;SP443;ECU.2_1;RLM1;;;1.0;;1.0;0.0;;REF697
REC3321;SP443;ECU.2_1;RLM1;;;1.0;;1.0;0.0;1923.0;REF1096
REC3322;SP443;USA.2_1;RLM9;;;1.0;;1.0;0.0;;REF697
REC3323;SP443;USA.2_1;RLM9;;;1.0;;1.0;0.0;1998.0;REF1096
REC3324;SP443;USA.2_1;RLM9;;0.0;1.0;;1.0;0.0;;REF1007
REC3325;SP443;USA.2_1;RLM9;1.0;0.0;;;1.0;0.0;;REF1195
REC3326;SP443;USA.2_1;RLM9;0.0;;1.0;;1.0;0.0;;REF47
REC3327;SP444;CAN.1_1;RLM9;0.0;0.0;1.0;;1.0;0.0;;REF1002
REC3328;SP444;IRL.1_1;RLM11;;;1.0;;1.0;0.0;;REF542
REC3329;SP444;USA.1_1;RLM9;0.0;0.0;1.0;;1.0;0.0;1924.0;REF1007
REC3330;SP444;USA.1_1;RLM9;0.0;0.0;;;1.0;0.0;;REF1195
REC3331;SP444;USA.1_1;RLM9;0.0;0.0;1.0;0.0;1.0;0.0;1932.0;REF1002
REC3332;SP445;JPN.1_1;RLM6;;;1.0;;1.0;0.0;;REF697
REC3333;SP445;JPN.1_1;RLM6;;;1.0;;1.0;0.0;2002.0;REF1096
REC3334;SP445;JPN.1_1;RLM6;0.0;0.0;;;1.0;0.0;;REF1195
REC3335;SP445;JPN.1_1;RLM10;;;1.0;;1.0;0.0;;REF697
REC3336;SP445;JPN.1_1;RLM10;;;1.0;;1.0;0.0;;REF1096
REC3337;SP445;JPN.1_1;RLM10;;;1.0;;1.0;0.0;;REF542
REC3338;SP445;JPN.1_1;RLM10;0.0;0.0;1.0;;1.0;0.0;;REF812
REC3339;SP445;JPN.1_1;RLM10;;0.0;;;1.0;0.0;;REF811
REC3340;SP446;USA.2_1;RLM9;;;1.0;;1.0;0.0;;REF697
REC3341;SP446;USA.2_1;RLM9;;;1.0;;1.0;0.0;;REF1096
REC3342;SP446;USA.2_1;RLM9;1.0;0.0;;;1.0;0.0;;REF1007
REC3343;SP446;USA.2_1;RLM9;0.0;0.0;;;1.0;;;REF47
REC3344;SP447;NLD.1_1;RLM11;;;1.0;;1.0;0.0;;REF542
REC3345;SP447;IRL.1_1;RLM11;;;1.0;;1.0;0.0;;REF542
REC3346;SP447;DNK.1_1;RLM11;;;1.0;;1.0;0.0;;REF542
REC3347;SP447;DNK.1_1;RLM11;;;;;1.0;0.0;;REF152
REC3348;SP448;USA.1_1;RLM9;0.0;0.0;1.0;;1.0;0.0;1998.0;REF659
REC3349;SP448;USA.1_1;RLM9;0.0;0.0;1.0;0.0;1.0;0.0;1998.0;REF1002
REC3350;SP449;GBR.1_1;RLM11;;;1.0;;1.0;0.0;2008.0;REF1096
REC3351;SP449;GBR.1_1;RLM11;0.0;0.0;0.0;1.0;1.0;0.0;;REF356
REC3352;SP450;USA.1_1;RLM9;;;;;1.0;0.0;;REF152
REC3353;SP450;USA.1_1;RLM9;;;;;1.0;0.0;;REF152
REC3354;SP450;CAN.1_1;RLM9;;;;;1.0;0.0;;REF152
REC3355;SP450;USA.1_1;RLM9;;;;;1.0;0.0;;REF152
REC3356;SP450;USA.1_1;RLM9;;;;;1.0;0.0;;REF152
REC3357;SP450;GBR.1_1;RLM11;;;;;1.0;0.0;;REF152
REC3358;SP450;BRA.1_1;RLM1;;;;;1.0;0.0;;REF152
REC3359;SP450;USA.1_1;RLM9;;;;;1.0;0.0;;REF152
REC3360;SP450;USA.1_1;RLM9;;;;;1.0;0.0;;REF152
REC3361;SP450;USA.1_1;RLM9;;;;;1.0;0.0;;REF152
REC3362;SP450;BRA.1_1;RLM1;;;;;1.0;0.0;;REF152
REC3363;SP450;USA.1_1;RLM9;;;;;1.0;0.0;;REF152
REC3364;SP450;USA.1_1;RLM9;;;;;1.0;0.0;;REF152
REC3365;SP450;USA.1_1;RLM9;;;;;1.0;0.0;;REF152
REC3366;SP450;USA.1_1;RLM9;;;;;1.0;0.0;;REF152
REC3367;SP450;USA.1_1;RLM9;;;;;1.0;0.0;;REF152
REC3368;SP450;CAN.1_1;RLM9;;;;;1.0;0.0;;REF152
REC3369;SP450;USA.1_1;RLM9;;;;;1.0;0.0;;REF152
REC3370;SP450;BRA.1_1;RLM1;;;;;1.0;0.0;;REF152
REC3371;SP450;USA.1_1;RLM9;;;;;1.0;0.0;;REF152
REC3372;SP450;USA.1_1;RLM9;;;;;1.0;0.0;;REF152
REC3373;SP450;GBR.1_1;RLM11;;;;;1.0;0.0;;REF152
REC3374;SP450;USA.1_1;RLM9;;;;;1.0;0.0;;REF152
REC3375;SP450;USA.1_1;RLM9;;;;;1.0;0.0;;REF152
REC3376;SP450;USA.1_1;RLM9;;;;;1.0;0.0;;REF152
REC3377;SP450;USA.1_1;RLM9;;;;;1.0;0.0;;REF152
REC3378;SP450;USA.1_1;RLM9;;;;;0.0;0.0;;REF330
REC3379;SP450;USA.1_1;RLM9;;;;;1.0;0.0;;REF152
REC3380;SP450;BRA.1_1;RLM1;0.0;0.0;1.0;;1.0;0.0;;REF1214
REC3381;SP450;GBR.1_1;RLM11;;;1.0;;1.0;0.0;1996.0;REF1096
REC3382;SP450;SWE.1_1;RLM11;;;1.0;;1.0;0.0;;REF542
REC3383;SP450;DEU.1_1;RLM11;;;1.0;;1.0;0.0;;REF542
REC3384;SP450;NLD.1_1;RLM11;;;1.0;;1.0;0.0;;REF542
REC3385;SP450;DNK.1_1;RLM11;;;1.0;;1.0;0.0;;REF542
REC3386;SP450;POL.1_1;RLM11;;;1.0;;1.0;0.0;;REF542
REC3387;SP450;GBR.1_1;RLM11;;;1.0;;1.0;0.0;;REF542
REC3388;SP450;USA.1_1;RLM9;;;;;0.0;0.0;;REF330
REC3389;SP450;BEL.1_1;RLM11;;;;;1.0;0.0;;REF330
REC3390;SP450;CZE.1_1;RLM11;;;;;1.0;0.0;;REF330
REC3391;SP450;DNK.1_1;RLM11;;;;;0.0;0.0;;REF330
REC3392;SP450;NLD.1_1;RLM11;;;;;0.0;0.0;;REF330
REC3393;SP450;POL.1_1;RLM11;;;;;1.0;0.0;;REF330
REC3394;SP450;BEL.1_1;RLM11;;;1.0;;1.0;0.0;;REF152
REC3395;SP450;CZE.1_1;RLM11;;;1.0;;1.0;0.0;1997.0;REF152
REC3396;SP450;DNK.1_1;RLM11;;;;;1.0;0.0;;REF152
REC3397;SP450;FIN.1_1;RLM11;;;1.0;;1.0;0.0;;REF152
REC3398;SP450;FRA.1_1;RLM11;;;1.0;;1.0;0.0;;REF152
REC3399;SP450;DEU.1_1;RLM11;;;1.0;;1.0;0.0;;REF152
REC3400;SP450;NLD.1_1;RLM11;;;;;1.0;0.0;;REF152
REC3401;SP450;NOR.1_1;RLM11;;;;;1.0;0.0;;REF152
REC3402;SP450;POL.1_1;RLM11;;;;;1.0;0.0;;REF152
REC3403;SP450;SWE.1_1;RLM11;;;1.0;;1.0;0.0;;REF152
REC3404;SP450;GBR.1_1;RLM11;;;1.0;;1.0;0.0;1996.0;REF152
REC3405;SP450;CAN.1_1;RLM9;;;;;1.0;0.0;;REF152
REC3406;SP450;USA.1_1;RLM9;;;;;1.0;0.0;;REF152
REC3407;SP450;BRA.1_1;RLM1;;;;;1.0;0.0;;REF152
REC3408;SP450;USA.1_1;RLM9;0.0;0.0;1.0;;1.0;0.0;2004.0;REF1007
REC3409;SP450;USA.1_1;RLM9;0.0;0.0;;;1.0;0.0;;REF1195
REC3410;SP450;BEL.1_1;RLM11;0.0;0.0;1.0;;1.0;0.0;;REF683
REC3411;SP450;CZE.1_1;RLM11;0.0;0.0;1.0;;1.0;0.0;;REF683
REC3412;SP450;DNK.1_1;RLM11;0.0;0.0;1.0;;1.0;0.0;;REF683
REC3413;SP450;FIN.1_1;RLM11;0.0;0.0;1.0;;1.0;0.0;;REF683
REC3414;SP450;DEU.1_1;RLM11;0.0;0.0;1.0;;1.0;0.0;;REF683
REC3415;SP450;NLD.1_1;RLM11;0.0;0.0;1.0;;1.0;0.0;;REF683
REC3416;SP450;NOR.1_1;RLM11;0.0;0.0;1.0;;1.0;0.0;;REF683
REC3417;SP450;SWE.1_1;RLM11;0.0;0.0;1.0;;1.0;0.0;;REF683
REC3418;SP450;GBR.1_1;RLM11;0.0;0.0;1.0;;1.0;0.0;;REF683
REC3419;SP450;CAN.1_1;RLM9;0.0;0.0;1.0;;1.0;0.0;;REF884
REC3420;SP450;FIN.1_1;RLM11;0.0;0.0;1.0;;1.0;0.0;1980.0;REF767
REC3421;SP450;USA.1_1;RLM9;0.0;0.0;1.0;0.0;1.0;0.0;;REF1002
REC3422;SP451;DNK.1_1;RLM11;;;1.0;;1.0;0.0;;REF542
REC3423;SP451;DNK.1_1;RLM11;;;;;1.0;0.0;;REF152
REC3424;SP452;ISR.1_1;RLM8;;;;;1.0;0.0;;REF330
REC3425;SP452;ISR.1_1;RLM8;0.0;0.0;1.0;;1.0;0.0;2002.0;REF628
REC3426;SP453;ISR.1_1;RLM8;;;;;1.0;0.0;;REF330
REC3427;SP453;ISR.1_1;RLM8;0.0;0.0;1.0;;1.0;0.0;2001.0;REF628
REC3428;SP454;ARE.1_1;RLM8;;;1.0;;1.0;0.0;;REF542
REC3429;SP454;CYP.1_1;RLM8;;;;;1.0;0.0;;REF330
REC3430;SP454;CYP.1_1;RLM8;0.0;0.0;1.0;;1.0;0.0;1937.0;REF261
REC3431;SP455;SWE.1_1;RLM11;;;;;1.0;0.0;;REF152
REC3432;SP455;SWE.1_1;RLM11;0.0;0.0;1.0;;1.0;0.0;;REF683
REC3433;SP456;ISR.1_1;RLM8;;;;;1.0;0.0;;REF330
REC3434;SP456;ESP.1_1;RLM11;;;1.0;;1.0;0.0;2003.0;REF957
REC3435;SP456;ESP.1_1;RLM11;0.0;0.0;1.0;;1.0;0.0;;REF683
REC3436;SP456;ISR.1_1;RLM8;0.0;0.0;1.0;;1.0;0.0;2001.0;REF628
REC3437;SP457;USA.1_1;RLM9;;0.0;1.0;;1.0;0.0;2000.0;REF1007
REC3438;SP457;USA.1_1;RLM9;0.0;0.0;1.0;;1.0;0.0;;REF1002
REC3439;SP458;AUS.1_1;RLM2;;;1.0;;1.0;0.0;;REF697
REC3440;SP458;AUS.1_1;RLM2;0.0;1.0;1.0;0.0;0.0;0.0;1993.0;REF241
REC3441;SP459;GBR.1_1;RLM11;;;1.0;;1.0;0.0;2002.0;REF1096
REC3442;SP459;GBR.1_1;RLM11;0.0;0.0;1.0;;1.0;0.0;;REF683
REC3443;SP460;USA.1_1;RLM9;0.0;0.0;1.0;;1.0;0.0;;REF1002
REC3444;SP461;USA.1_1;RLM9;;0.0;1.0;;1.0;0.0;1982.0;REF1007
REC3445;SP461;USA.1_1;RLM9;0.0;0.0;1.0;;1.0;0.0;;REF1002
REC3446;SP462;USA.1_1;RLM9;1.0;0.0;;1.0;1.0;0.0;1983.0;REF358
REC3447;SP462;USA.1_1;RLM9;1.0;0.0;1.0;;1.0;0.0;1983.0;REF1007
REC3448;SP462;USA.1_1;RLM9;0.0;0.0;;;1.0;0.0;;REF1195
REC3449;SP463;USA.2_1;RLM9;;;1.0;;1.0;0.0;;REF697
REC3450;SP463;USA.2_1;RLM9;;;1.0;;1.0;0.0;1945.0;REF1096
REC3451;SP463;USA.2_1;RLM9;0.0;0.0;1.0;;1.0;0.0;;REF1007
REC3452;SP463;USA.2_1;RLM9;0.0;0.0;;;1.0;0.0;;REF1195
REC3453;SP463;USA.2_1;RLM9;0.0;;1.0;;1.0;0.0;;REF47
REC3454;SP464;USA.2_1;RLM9;;;1.0;;1.0;0.0;;REF697
REC3455;SP464;USA.2_1;RLM9;;;1.0;;1.0;0.0;1988.0;REF1096
REC3456;SP464;USA.2_1;RLM9;;0.0;1.0;;1.0;0.0;;REF1007
REC3457;SP465;USA.2_1;RLM9;0.0;0.0;;;1.0;0.0;;REF1195
REC3458;SP465;USA.2_1;RLM9;0.0;;1.0;;1.0;0.0;;REF50
REC3459;SP466;DNK.1_1;RLM11;;;1.0;;1.0;0.0;1978.0;REF957
REC3460;SP466;GBR.1_1;RLM11;;;1.0;;1.0;0.0;;REF957
REC3461;SP466;CZE.1_1;RLM11;;;1.0;;1.0;0.0;;REF957
REC3462;SP466;FIN.1_1;RLM11;;;1.0;;1.0;0.0;;REF957
REC3463;SP466;NLD.1_1;RLM11;;;1.0;;1.0;0.0;;REF957
REC3464;SP466;DNK.1_1;RLM11;;;;;1.0;0.0;;REF152
REC3465;SP466;GBR.1_1;RLM11;;;;;1.0;0.0;;REF152
REC3466;SP466;CZE.1_1;RLM11;0.0;0.0;1.0;;1.0;0.0;;REF683
REC3467;SP466;DNK.1_1;RLM11;0.0;0.0;1.0;;1.0;0.0;;REF683
REC3468;SP466;FIN.1_1;RLM11;0.0;0.0;1.0;;1.0;0.0;;REF683
REC3469;SP466;NLD.1_1;RLM11;0.0;0.0;1.0;;1.0;0.0;;REF683
REC3470;SP466;GBR.1_1;RLM11;0.0;0.0;1.0;;1.0;0.0;;REF683
REC3471;SP467;GBR.1_1;RLM11;;;1.0;;1.0;0.0;;REF542
REC3472;SP467;CZE.1_1;RLM11;;;1.0;;1.0;0.0;;REF542
REC3473;SP467;DNK.1_1;RLM11;;;1.0;;1.0;0.0;;REF542
REC3474;SP467;CZE.1_1;RLM11;;;1.0;;1.0;0.0;;REF957
REC3475;SP467;GBR.1_1;RLM11;;;1.0;;1.0;0.0;1978.0;REF957
REC3476;SP467;DNK.1_1;RLM11;;;1.0;;1.0;0.0;1978.0;REF957
REC3477;SP467;CZE.1_1;RLM11;;;;;1.0;0.0;;REF152
REC3478;SP467;DNK.1_1;RLM11;;;1.0;;1.0;0.0;1978.0;REF152
REC3479;SP467;GBR.1_1;RLM11;;;1.0;;1.0;0.0;1978.0;REF152
REC3480;SP467;CZE.1_1;RLM11;0.0;0.0;1.0;;1.0;0.0;;REF683
REC3481;SP467;DNK.1_1;RLM11;0.0;0.0;1.0;;1.0;0.0;;REF683
REC3482;SP467;GBR.1_1;RLM11;0.0;0.0;1.0;;1.0;0.0;;REF683
REC3483;SP468;GBR.1_1;RLM11;;;1.0;;1.0;0.0;1978.0;REF957
REC3484;SP468;GBR.1_1;RLM11;0.0;0.0;1.0;;1.0;0.0;;REF683
REC3485;SP469;BGR.1_1;RLM11;;;;;1.0;0.0;;REF152
REC3486;SP469;BGR.1_1;RLM11;0.0;0.0;1.0;;;0.0;2000.0;REF1073
REC3487;SP470;USA.2_1;RLM9;;;1.0;;1.0;0.0;;REF697
REC3488;SP470;USA.2_1;RLM9;;;1.0;;1.0;0.0;1942.0;REF1096
REC3489;SP470;USA.2_1;RLM9;;0.0;1.0;;1.0;0.0;;REF1007
REC3490;SP470;USA.2_1;RLM9;0.0;0.0;;;1.0;0.0;;REF1195
REC3491;SP470;GBR.1_1;RLM11;;;1.0;;1.0;0.0;;REF542
REC3492;SP470;GBR.1_1;RLM11;;;1.0;;1.0;0.0;1968.0;REF957
REC3493;SP470;GBR.1_1;RLM11;0.0;0.0;1.0;;1.0;0.0;;REF683
REC3494;SP470;GBR.1_1;RLM11;0.0;0.0;1.0;;1.0;0.0;;REF439
REC3495;SP470;USA.2_1;RLM9;0.0;0.0;;;1.0;;;REF47
REC3496;SP471;DNK.1_1;RLM11;;;1.0;;1.0;0.0;;REF542
REC3497;SP472;USA.1_1;RLM9;0.0;0.0;;;1.0;0.0;;REF1002
REC3498;SP473;USA.1_1;RLM9;0.0;0.0;1.0;1.0;1.0;0.0;1978.0;REF358
REC3499;SP473;USA.1_1;RLM9;0.0;0.0;1.0;;1.0;0.0;1978.0;REF1007
REC3500;SP473;USA.1_1;RLM9;0.0;0.0;;;1.0;0.0;;REF1195
REC3501;SP474;USA.1_1;RLM9;;0.0;1.0;;1.0;0.0;;REF1007
REC3502;SP475;CAN.1_1;RLM9;0.0;0.0;1.0;0.0;1.0;0.0;1989.0;REF1002
REC3503;SP475;CAN.1_1;RLM9;;;1.0;;1.0;0.0;1989.0;REF152
REC3504;SP475;USA.1_1;RLM9;;;1.0;;1.0;0.0;2000.0;REF152
REC3505;SP475;USA.1_1;RLM9;;;1.0;;1.0;0.0;1991.0;REF152
REC3506;SP475;CAN.1_1;RLM9;0.0;0.0;1.0;;1.0;0.0;1989.0;REF1060
REC3507;SP475;CAN.1_1;RLM9;0.0;0.0;1.0;;1.0;0.0;1989.0;REF1059
REC3508;SP475;USA.1_1;RLM9;0.0;0.0;1.0;;1.0;0.0;2000.0;REF394
REC3509;SP475;USA.1_1;RLM9;0.0;0.0;1.0;;1.0;0.0;;REF1060
REC3510;SP475;USA.1_1;RLM9;0.0;0.0;1.0;;1.0;0.0;1991.0;REF394
REC3511;SP475;USA.1_1;RLM9;;;1.0;;1.0;0.0;;REF542
REC3512;SP475;CAN.1_1;RLM9;;;1.0;;1.0;0.0;1989.0;REF152
REC3513;SP475;USA.1_1;RLM9;;;1.0;;1.0;0.0;1991.0;REF152
REC3514;SP475;USA.1_1;RLM9;0.0;0.0;1.0;;1.0;0.0;1991.0;REF1007
REC3515;SP475;USA.1_1;RLM9;1.0;0.0;;;1.0;0.0;;REF1195
REC3516;SP475;USA.1_1;RLM9;0.0;0.0;1.0;;1.0;0.0;;REF1002
REC3517;SP476;CAN.1_1;RLM9;0.0;0.0;1.0;;1.0;0.0;;REF394
REC3518;SP476;CAN.1_1;RLM9;0.0;0.0;1.0;;1.0;0.0;;REF394
REC3519;SP476;USA.1_1;RLM9;0.0;0.0;1.0;;1.0;0.0;;REF1007
REC3520;SP476;CAN.1_1;RLM9;0.0;0.0;1.0;0.0;1.0;0.0;;REF1002
REC3521;SP477;USA.1_2;RLM9;0.0;0.0;1.0;;1.0;0.0;;REF1002
REC3522;SP477;CAN.1_1;RLM9;0.0;0.0;1.0;;1.0;0.0;;REF1002
REC3523;SP477;USA.2_1;RLM9;;;1.0;;1.0;0.0;;REF697
REC3524;SP477;USA.2_1;RLM9;;;1.0;;1.0;0.0;1907.0;REF1096
REC3525;SP477;USA.2_1;RLM9;0.0;0.0;1.0;;1.0;0.0;;REF1007
REC3526;SP477;USA.2_1;RLM9;0.0;0.0;;;1.0;0.0;;REF1195
REC3527;SP477;AUS.1_1;RLM2;;;1.0;;1.0;0.0;;REF697
REC3528;SP477;NZL.1_1;RLM2;;;1.0;;1.0;0.0;;REF697
REC3529;SP477;CHL.1_1;RLM1;;;1.0;;1.0;0.0;1944.0;REF1096
REC3530;SP477;NZL.1_1;RLM2;;;1.0;;1.0;0.0;1800.0;REF1096
REC3531;SP477;EST.1_1;RLM11;;;1.0;;1.0;0.0;;REF542
REC3532;SP477;IRL.1_1;RLM11;;;1.0;;1.0;0.0;;REF542
REC3533;SP477;SWE.1_1;RLM11;;;1.0;;1.0;0.0;;REF542
REC3534;SP477;USA.1_1;RLM9;0.0;0.0;1.0;;1.0;0.0;;REF1007
REC3535;SP477;USA.1_1;RLM9;0.0;0.0;;;1.0;0.0;;REF1195
REC3536;SP477;AUT.1_1;RLM11;0.0;0.0;1.0;;1.0;0.0;;REF683
REC3537;SP477;BLR.1_1;RLM11;0.0;0.0;1.0;;1.0;0.0;;REF683
REC3538;SP477;BEL.1_1;RLM11;0.0;0.0;1.0;;1.0;0.0;;REF683
REC3539;SP477;CZE.1_1;RLM11;0.0;0.0;1.0;;1.0;0.0;;REF683
REC3540;SP477;DNK.1_1;RLM11;0.0;0.0;1.0;;1.0;0.0;;REF683
REC3541;SP477;EST.1_1;RLM11;0.0;0.0;1.0;;1.0;0.0;;REF683
REC3542;SP477;FIN.1_1;RLM11;0.0;0.0;1.0;;1.0;0.0;;REF683
REC3543;SP477;DEU.1_1;RLM11;0.0;0.0;1.0;;1.0;0.0;;REF683
REC3544;SP477;ISL.1_1;RLM11;0.0;0.0;1.0;;1.0;0.0;;REF683
REC3545;SP477;LVA.1_1;RLM11;0.0;0.0;1.0;;1.0;0.0;;REF683
REC3546;SP477;LTU.1_1;RLM11;0.0;0.0;1.0;;1.0;0.0;;REF683
REC3547;SP477;NLD.1_1;RLM11;0.0;0.0;1.0;;1.0;0.0;;REF683
REC3548;SP477;NOR.1_1;RLM11;0.0;0.0;1.0;;1.0;0.0;;REF683
REC3549;SP477;POL.1_1;RLM11;0.0;0.0;1.0;;1.0;0.0;;REF683
REC3550;SP477;IRL.1_1;RLM11;0.0;0.0;1.0;;1.0;0.0;;REF683
REC3551;SP477;ROU.1_1;RLM11;0.0;0.0;1.0;;1.0;0.0;;REF683
REC3552;SP477;SVK.1_1;RLM11;0.0;0.0;1.0;;1.0;0.0;;REF683
REC3553;SP477;SWE.1_1;RLM11;0.0;0.0;1.0;;1.0;0.0;;REF683
REC3554;SP477;CHE.1_1;RLM11;0.0;0.0;1.0;;1.0;0.0;;REF683
REC3555;SP477;GBR.1_1;RLM11;0.0;0.0;1.0;;1.0;0.0;;REF683
REC3556;SP477;DNK.2_1;RLM11;0.0;0.0;1.0;0.0;1.0;0.0;;REF1002
REC3557;SP477;USA.1_1;RLM9;0.0;0.0;1.0;;1.0;0.0;;REF1002
REC3558;SP478;CAN.1_1;RLM9;0.0;0.0;1.0;;1.0;0.0;1982.0;REF217
REC3559;SP478;USA.1_1;RLM9;0.0;0.0;1.0;;1.0;0.0;;REF1007
REC3560;SP478;USA.1_1;RLM9;0.0;0.0;;;1.0;0.0;;REF1195
REC3561;SP478;CAN.1_1;RLM9;0.0;0.0;1.0;0.0;1.0;0.0;;REF1002
REC3562;SP479;DNK.1_1;RLM11;;;1.0;;1.0;0.0;;REF542
REC3563;SP480;USA.1_1;RLM9;0.0;0.0;;;1.0;0.0;;REF1002
REC3564;SP481;PRT.2_1;RLM11;0.0;0.0;1.0;;1.0;0.0;;REF683
REC3565;SP481;IRL.1_1;RLM11;;;1.0;;1.0;0.0;;REF542
REC3566;SP482;USA.1_1;RLM9;1.0;0.0;;;1.0;0.0;;REF1195
REC3567;SP483;AUS.1_1;RLM2;;;1.0;;1.0;0.0;;REF697
REC3568;SP483;JPN.1_1;RLM10;;;1.0;;1.0;0.0;;REF697
REC3569;SP483;KOR.1_1;RLM11;;;1.0;;1.0;0.0;;REF697
REC3570;SP483;NZL.1_1;RLM2;;;1.0;;1.0;0.0;;REF697
REC3571;SP483;ZAF.1_1;RLM3;;;1.0;;1.0;0.0;;REF697
REC3572;SP483;CHL.1_1;RLM1;;;1.0;;1.0;0.0;1885.0;REF1096
REC3573;SP483;JPN.1_1;RLM10;;;1.0;;1.0;0.0;;REF1096
REC3574;SP483;KOR.1_1;RLM11;;;1.0;;1.0;0.0;;REF1096
REC3575;SP483;NZL.1_1;RLM2;;;1.0;;1.0;0.0;1916.0;REF1096
REC3576;SP483;ZAF.1_1;RLM3;;0.0;1.0;;1.0;0.0;;REF1096
REC3577;SP483;SVN.1_1;RLM11;;;1.0;;1.0;0.0;;REF542
REC3578;SP483;POL.1_1;RLM11;;;1.0;;1.0;0.0;;REF542
REC3579;SP483;RUS.1_2;RLM11;;;1.0;;1.0;0.0;;REF542
REC3580;SP483;BGR.1_1;RLM11;;;1.0;;1.0;0.0;;REF542
REC3581;SP483;CYP.1_1;RLM8;;;1.0;;1.0;0.0;;REF542
REC3582;SP483;EST.1_1;RLM11;;;1.0;;1.0;0.0;;REF542
REC3583;SP483;IRL.1_1;RLM11;;;1.0;;1.0;0.0;;REF542
REC3584;SP483;AUT.1_1;RLM11;;;1.0;;1.0;0.0;;REF542
REC3585;SP483;NLD.1_1;RLM11;;;1.0;;1.0;0.0;;REF542
REC3586;SP483;JPN.1_1;RLM10;;;1.0;;1.0;0.0;;REF542
REC3587;SP483;GBR.1_1;RLM11;;;1.0;;1.0;0.0;;REF542
REC3588;SP483;FRA.1_1;RLM11;;;1.0;;1.0;0.0;;REF542
REC3589;SP483;DEU.1_1;RLM11;;;1.0;;1.0;0.0;;REF542
REC3590;SP483;DNK.1_1;RLM11;;;1.0;;1.0;0.0;;REF542
REC3591;SP483;AUT.1_1;RLM11;;;;;1.0;0.0;;REF957
REC3592;SP483;BGR.1_1;RLM11;;;;;1.0;0.0;;REF957
REC3593;SP483;FRA.1_1;RLM11;;;;;1.0;0.0;;REF957
REC3594;SP483;DEU.1_1;RLM11;;;;;1.0;0.0;1796.0;REF957
REC3595;SP483;IRL.1_1;RLM11;;;;;1.0;0.0;;REF957
REC3596;SP483;CYP.1_1;RLM8;;;;;1.0;0.0;;REF957
REC3597;SP483;DNK.1_1;RLM11;;;;;1.0;0.0;;REF957
REC3598;SP483;GBR.1_1;RLM11;;;;;1.0;0.0;;REF957
REC3599;SP483;GRC.1_1;RLM11;;;;;1.0;0.0;;REF957
REC3600;SP483;NLD.1_1;RLM11;;;;;1.0;0.0;1850.0;REF957
REC3601;SP483;POL.1_1;RLM11;;;;;1.0;0.0;;REF957
REC3602;SP483;SVN.1_1;RLM11;;;;;1.0;0.0;;REF957
REC3603;SP483;USA.1_1;RLM9;0.0;0.0;1.0;;1.0;0.0;1565.0;REF1007
REC3604;SP483;USA.1_1;RLM9;0.0;0.0;;;1.0;0.0;;REF1195
REC3605;SP483;JPN.1_1;RLM10;0.0;0.0;;;1.0;0.0;;REF1195
REC3606;SP483;AUT.1_1;RLM11;1.0;0.0;;;1.0;0.0;;REF683
REC3607;SP483;BGR.1_1;RLM11;1.0;0.0;;;1.0;0.0;;REF683
REC3608;SP483;CYP.1_1;RLM8;1.0;0.0;;;1.0;0.0;;REF683
REC3609;SP483;DNK.1_1;RLM11;1.0;0.0;;;1.0;0.0;;REF683
REC3610;SP483;EST.1_1;RLM11;1.0;0.0;;;1.0;0.0;;REF683
REC3611;SP483;FRA.1_1;RLM11;1.0;0.0;;;1.0;0.0;;REF683
REC3612;SP483;DEU.1_1;RLM11;1.0;0.0;;;1.0;0.0;;REF683
REC3613;SP483;GRC.1_1;RLM11;1.0;0.0;;;1.0;0.0;;REF683
REC3614;SP483;NLD.1_1;RLM11;1.0;0.0;;;1.0;0.0;;REF683
REC3615;SP483;POL.1_1;RLM11;1.0;0.0;;;1.0;0.0;;REF683
REC3616;SP483;IRL.1_1;RLM11;1.0;0.0;;;1.0;0.0;;REF683
REC3617;SP483;RUS.1_2;RLM11;1.0;0.0;;;1.0;0.0;;REF683
REC3618;SP483;SVN.1_1;RLM11;1.0;0.0;;;1.0;0.0;;REF683
REC3619;SP483;GBR.1_1;RLM11;1.0;0.0;;;1.0;0.0;;REF683
REC3620;SP483;GRC.1_1;RLM11;0.0;0.0;1.0;;1.0;0.0;1796.0;REF911
REC3621;SP483;VEN.1_1;RLM1;0.0;0.0;1.0;;1.0;0.0;;REF912
REC3622;SP483;BGR.1_1;RLM11;0.0;0.0;1.0;;;0.0;1900.0;REF1073
REC3623;SP483;CYP.1_1;RLM8;1.0;0.0;;;1.0;0.0;1937.0;REF261
REC3624;SP483;JPN.1_1;RLM10;0.0;0.0;1.0;;1.0;0.0;;REF812
REC3625;SP483;RUS.1_2;RLM11;1.0;0.0;;;1.0;0.0;;REF683
REC3626;SP483;USA.1_1;RLM9;0.0;0.0;1.0;;1.0;0.0;;REF1002
REC3627;SP484;JPN.1_1;RLM10;0.0;0.0;1.0;;1.0;0.0;1959.0;REF779
REC3628;SP485;USA.1_2;RLM9;0.0;0.0;1.0;;1.0;0.0;;REF1002
REC3629;SP485;USA.1_2;RLM9;0.0;0.0;1.0;;1.0;0.0;;REF1007
REC3630;SP485;USA.2_1;RLM9;;;1.0;;1.0;0.0;;REF697
REC3631;SP485;USA.2_1;RLM9;;;1.0;;1.0;0.0;1914.0;REF1096
REC3632;SP485;USA.2_1;RLM9;0.0;0.0;1.0;;1.0;0.0;1914.0;REF1007
REC3633;SP485;USA.2_1;RLM9;0.0;0.0;;;1.0;0.0;;REF1195
REC3634;SP485;AUS.1_1;RLM2;;;1.0;;1.0;0.0;;REF697
REC3635;SP485;JPN.1_1;RLM10;;;1.0;;1.0;0.0;;REF697
REC3636;SP485;NZL.1_1;RLM2;;;1.0;;1.0;0.0;;REF697
REC3637;SP485;ZAF.1_1;RLM3;;;1.0;;1.0;0.0;;REF697
REC3638;SP485;CHL.1_1;RLM1;;;1.0;;1.0;0.0;1897.0;REF1096
REC3639;SP485;JPN.1_1;RLM10;;;1.0;;1.0;0.0;1923.0;REF1096
REC3640;SP485;NZL.1_1;RLM2;;;1.0;;1.0;0.0;1915.0;REF1096
REC3641;SP485;ZAF.1_1;RLM3;;0.0;1.0;;1.0;0.0;;REF1096
REC3642;SP485;ZAF.1_1;RLM3;;;1.0;;1.0;0.0;;REF542
REC3643;SP485;IRL.1_1;RLM11;;;1.0;;1.0;0.0;;REF542
REC3644;SP485;EST.1_1;RLM11;;;1.0;;1.0;0.0;;REF542
REC3645;SP485;POL.1_1;RLM11;;;1.0;;1.0;0.0;;REF542
REC3646;SP485;MNG.1_1;RLM11;;;1.0;;1.0;0.0;;REF542
REC3647;SP485;FRA.1_1;RLM11;;;1.0;;1.0;0.0;;REF542
REC3648;SP485;DEU.1_1;RLM11;;;1.0;;1.0;0.0;;REF542
REC3649;SP485;JPN.1_1;RLM10;;;1.0;;1.0;0.0;;REF542
REC3650;SP485;NLD.1_1;RLM11;;;1.0;;1.0;0.0;;REF542
REC3651;SP485;BGR.1_1;RLM11;;;1.0;;1.0;0.0;;REF542
REC3652;SP485;DNK.1_1;RLM11;;;1.0;;1.0;0.0;;REF542
REC3653;SP485;AUT.1_1;RLM11;;;1.0;;1.0;0.0;;REF542
REC3654;SP485;SVN.1_1;RLM11;;;1.0;;1.0;0.0;;REF542
REC3655;SP485;CYP.1_1;RLM8;;;1.0;;1.0;0.0;;REF542
REC3656;SP485;RUS.1_2;RLM11;;;1.0;;1.0;0.0;;REF542
REC3657;SP485;AUT.1_1;RLM11;;;;;1.0;0.0;;REF957
REC3658;SP485;CYP.1_1;RLM8;;;;;1.0;0.0;;REF957
REC3659;SP485;DNK.1_1;RLM11;;;;;1.0;0.0;;REF957
REC3660;SP485;DEU.1_1;RLM11;;;;;1.0;0.0;1879.0;REF957
REC3661;SP485;IRL.1_1;RLM11;;;;;1.0;0.0;;REF957
REC3662;SP485;NOR.1_1;RLM11;;;;;1.0;0.0;;REF957
REC3663;SP485;SVK.1_1;RLM11;;;;;1.0;0.0;1910.0;REF957
REC3664;SP485;BGR.1_1;RLM11;;;;;1.0;0.0;;REF957
REC3665;SP485;FRA.1_1;RLM11;;;;;1.0;0.0;;REF957
REC3666;SP485;GRC.1_1;RLM11;;;;;1.0;0.0;;REF957
REC3667;SP485;POL.1_1;RLM11;;;;;1.0;0.0;;REF957
REC3668;SP485;SVN.1_1;RLM11;;;;;1.0;0.0;;REF957
REC3669;SP485;SWE.1_1;RLM11;;;;;1.0;0.0;1900.0;REF957
REC3670;SP485;CHN.1_1;RLM11;;;1.0;;1.0;0.0;1982.0;REF152
REC3671;SP485;JPN.1_1;RLM10;;;1.0;;1.0;0.0;1959.0;REF152
REC3672;SP485;AUT.1_1;RLM11;;;;;1.0;0.0;;REF152
REC3673;SP485;BGR.1_1;RLM11;;;;;1.0;0.0;;REF152
REC3674;SP485;DNK.1_1;RLM11;;;;;1.0;0.0;;REF152
REC3675;SP485;EST.1_1;RLM11;;;1.0;;1.0;0.0;1924.0;REF152
REC3676;SP485;DEU.1_1;RLM11;;;1.0;;1.0;0.0;;REF152
REC3677;SP485;GRC.1_1;RLM11;;;;;1.0;0.0;;REF152
REC3678;SP485;NOR.1_1;RLM11;;;1.0;;1.0;0.0;1800.0;REF152
REC3679;SP485;POL.1_1;RLM11;;;;;1.0;0.0;;REF152
REC3680;SP485;SVK.1_1;RLM11;;;1.0;;1.0;0.0;1910.0;REF152
REC3681;SP485;SWE.1_1;RLM11;;;1.0;;1.0;0.0;;REF152
REC3682;SP485;USA.1_1;RLM9;;;1.0;;1.0;0.0;1889.0;REF152
REC3683;SP485;AUS.1_1;RLM2;;;;;1.0;0.0;;REF152
REC3684;SP485;NZL.1_1;RLM2;;;1.0;;1.0;0.0;1915.0;REF152
REC3685;SP485;CHL.1_1;RLM1;;;;;1.0;0.0;;REF152
REC3686;SP485;USA.1_1;RLM9;0.0;0.0;1.0;;1.0;0.0;1889.0;REF1007
REC3687;SP485;USA.1_1;RLM9;0.0;0.0;;;1.0;0.0;;REF1195
REC3688;SP485;JPN.1_1;RLM10;0.0;0.0;;;1.0;0.0;;REF1195
REC3689;SP485;AUT.1_1;RLM11;1.0;0.0;;;1.0;0.0;;REF683
REC3690;SP485;BGR.1_1;RLM11;1.0;0.0;;;1.0;0.0;;REF683
REC3691;SP485;CYP.1_1;RLM8;1.0;0.0;;;1.0;0.0;;REF683
REC3692;SP485;DNK.1_1;RLM11;1.0;0.0;;;1.0;0.0;;REF683
REC3693;SP485;EST.1_1;RLM11;1.0;0.0;;;1.0;0.0;;REF683
REC3694;SP485;FRA.1_1;RLM11;1.0;0.0;;;1.0;0.0;;REF683
REC3695;SP485;DEU.1_1;RLM11;1.0;0.0;;;1.0;0.0;;REF683
REC3696;SP485;GRC.1_1;RLM11;1.0;0.0;;;1.0;0.0;;REF683
REC3697;SP485;NOR.1_1;RLM11;1.0;0.0;;;1.0;0.0;;REF683
REC3698;SP485;POL.1_1;RLM11;1.0;0.0;;;1.0;0.0;;REF683
REC3699;SP485;IRL.1_1;RLM11;1.0;0.0;;;1.0;0.0;;REF683
REC3700;SP485;RUS.1_2;RLM11;1.0;0.0;;;1.0;0.0;;REF683
REC3701;SP485;SVK.1_1;RLM11;1.0;0.0;;;1.0;0.0;;REF683
REC3702;SP485;SVN.1_1;RLM11;1.0;0.0;;;1.0;0.0;;REF683
REC3703;SP485;SWE.1_1;RLM11;1.0;0.0;;;1.0;0.0;;REF683
REC3704;SP485;GRC.1_1;RLM11;0.0;0.0;1.0;;1.0;0.0;1879.0;REF911
REC3705;SP485;VEN.1_1;RLM1;0.0;0.0;1.0;;1.0;0.0;;REF912
REC3706;SP485;POL.1_1;RLM11;0.0;0.0;1.0;;1.0;0.0;1900.0;REF1073
REC3707;SP485;NOR.1_1;RLM11;1.0;0.0;;;1.0;0.0;1800.0;REF973
REC3708;SP485;CYP.1_1;RLM8;1.0;0.0;;;1.0;0.0;1937.0;REF261
REC3709;SP485;JPN.1_1;RLM10;0.0;0.0;1.0;;1.0;0.0;1959.0;REF811
REC3710;SP485;JPN.1_1;RLM10;0.0;0.0;1.0;;1.0;0.0;;REF812
REC3711;SP485;CAN.1_1;RLM9;0.0;0.0;1.0;;1.0;0.0;1989.0;REF1002
REC3712;SP485;USA.1_1;RLM9;0.0;0.0;1.0;;1.0;0.0;;REF1002
REC3713;SP483;JPN.1_1;RLM10;0.0;0.0;1.0;;1.0;0.0;;REF811
REC3714;SP486;USA.2_1;RLM9;;;1.0;;1.0;0.0;;REF697
REC3715;SP486;USA.2_1;RLM9;;;1.0;;1.0;0.0;1899.0;REF1096
REC3716;SP486;USA.2_1;RLM9;;0.0;1.0;;1.0;0.0;1899.0;REF1007
REC3717;SP486;USA.2_1;RLM9;0.0;0.0;;;1.0;0.0;;REF1195
REC3718;SP486;USA.2_1;RLM9;0.0;;1.0;;1.0;0.0;;REF48
REC3719;SP487;NZL.1_1;RLM2;;;1.0;;1.0;0.0;;REF697
REC3720;SP487;NZL.1_1;RLM2;;;1.0;;1.0;0.0;;REF1096
REC3721;SP488;USA.1_1;RLM9;0.0;0.0;;;1.0;0.0;;REF1195
REC3722;SP488;USA.1_1;RLM9;0.0;0.0;;;1.0;0.0;;REF1195
REC3723;SP489;AUS.1_1;RLM2;0.0;1.0;1.0;0.0;1.0;0.0;;REF697
REC3724;SP489;CHN.1_1;RLM6;0.0;1.0;1.0;0.0;1.0;0.0;1987.0;REF1221
REC3725;SP490;ITA.2_1;RLM11;0.0;0.0;1.0;;1.0;0.0;;REF683
REC3726;SP490;ITA.2_1;RLM11;0.0;0.0;1.0;;1.0;0.0;;REF683
REC3727;SP490;NLD.1_1;RLM11;;;1.0;;1.0;0.0;;REF542
REC3728;SP490;FRA.1_1;RLM11;;;1.0;;1.0;0.0;;REF542
REC3729;SP490;DNK.1_1;RLM11;;;1.0;;1.0;0.0;;REF542
REC3730;SP490;DNK.1_1;RLM11;;;;;1.0;0.0;;REF330
REC3731;SP490;FRA.1_1;RLM11;;;;;1.0;0.0;;REF330
REC3732;SP490;ITA.1_1;RLM11;;;;;1.0;0.0;;REF330
REC3733;SP490;NLD.1_1;RLM11;;;;;0.0;0.0;;REF330
REC3734;SP490;NOR.1_1;RLM11;;;;;0.0;1.0;;REF330
REC3735;SP490;SRB.1_1;RLM11;;;;;1.0;0.0;;REF330
REC3736;SP490;ESP.1_1;RLM11;;;;;1.0;0.0;;REF330
REC3737;SP490;GBR.1_1;RLM11;;;;;0.0;0.0;;REF330
REC3738;SP490;FRA.1_1;RLM11;;;1.0;;1.0;0.0;;REF957
REC3739;SP490;ITA.2_1;RLM11;;;1.0;;1.0;0.0;;REF957
REC3740;SP490;ITA.1_1;RLM11;;;1.0;;1.0;0.0;;REF957
REC3741;SP490;DNK.1_1;RLM11;;;1.0;;1.0;0.0;;REF957
REC3742;SP490;GBR.1_1;RLM11;;;1.0;;1.0;0.0;;REF957
REC3743;SP490;ITA.2_1;RLM11;;;1.0;;1.0;0.0;;REF957
REC3744;SP490;NOR.1_1;RLM11;;;1.0;;1.0;0.0;;REF957
REC3745;SP490;ESP.1_1;RLM11;;;1.0;;1.0;0.0;;REF957
REC3746;SP490;DNK.1_1;RLM11;;;1.0;;1.0;0.0;1960.0;REF152
REC3747;SP490;FRA.1_1;RLM11;;;;;1.0;0.0;;REF152
REC3748;SP490;ITA.1_1;RLM11;;;;;1.0;0.0;1971.0;REF152
REC3749;SP490;NLD.1_1;RLM11;;;;;1.0;0.0;;REF152
REC3750;SP490;NOR.1_1;RLM11;;;;;1.0;0.0;;REF152
REC3751;SP490;SRB.1_1;RLM11;;;;;1.0;0.0;;REF152
REC3752;SP490;ESP.1_1;RLM11;;;;;1.0;0.0;1976.0;REF152
REC3753;SP490;GBR.1_1;RLM11;;;;;1.0;0.0;;REF152
REC3754;SP490;DNK.1_1;RLM11;0.0;0.0;1.0;;1.0;0.0;;REF683
REC3755;SP490;FRA.1_1;RLM11;0.0;0.0;1.0;;1.0;0.0;;REF683
REC3756;SP490;ITA.1_1;RLM11;0.0;0.0;1.0;;1.0;0.0;;REF683
REC3757;SP490;NOR.1_1;RLM11;0.0;0.0;1.0;;1.0;0.0;;REF683
REC3758;SP490;SRB.1_1;RLM11;0.0;0.0;1.0;;1.0;0.0;;REF683
REC3759;SP490;ESP.1_1;RLM11;0.0;0.0;1.0;;1.0;0.0;;REF683
REC3760;SP490;GBR.1_1;RLM11;0.0;0.0;1.0;;1.0;0.0;;REF683
REC3761;SP490;SRB.1_1;RLM11;0.0;0.0;1.0;;1.0;0.0;;REF911
REC3762;SP491;USA.1_1;RLM9;0.0;0.0;;1.0;;0.0;1983.0;REF358
REC3763;SP491;USA.1_1;RLM9;;0.0;1.0;;1.0;0.0;1983.0;REF1007
REC3764;SP491;USA.1_1;RLM9;0.0;0.0;;;1.0;0.0;;REF1195
REC3765;SP492;USA.1_1;RLM9;0.0;0.0;;1.0;;0.0;1974.0;REF358
REC3766;SP492;USA.1_1;RLM9;;0.0;1.0;;1.0;0.0;1974.0;REF1007
REC3767;SP492;USA.1_1;RLM9;0.0;0.0;;;1.0;0.0;;REF1195
REC3768;SP493;CAN.1_1;RLM9;0.0;0.0;1.0;;1.0;0.0;1981.0;REF394
REC3769;SP493;USA.1_1;RLM9;0.0;0.0;1.0;;1.0;0.0;;REF1007
REC3770;SP493;USA.1_1;RLM9;1.0;0.0;;;1.0;0.0;;REF1195
REC3771;SP493;CAN.1_1;RLM9;0.0;0.0;1.0;0.0;;0.0;1981.0;REF1002
REC3772;SP494;FRA.1_1;RLM11;;;1.0;;1.0;0.0;1990.0;REF957
REC3773;SP494;FRA.1_1;RLM11;0.0;0.0;1.0;;1.0;0.0;;REF683
REC3774;SP494;MAR.1_1;RLM8;0.0;0.0;1.0;;1.0;0.0;;REF909
REC3775;SP495;AUT.1_1;RLM11;;;1.0;;1.0;0.0;;REF542
REC3776;SP495;FRA.1_1;RLM11;;;1.0;;1.0;0.0;;REF542
REC3777;SP495;BGR.1_1;RLM11;;;1.0;;1.0;0.0;2000.0;REF957
REC3778;SP495;AUT.1_1;RLM11;;;1.0;;1.0;0.0;;REF957
REC3779;SP495;FRA.1_1;RLM11;;;1.0;;1.0;0.0;;REF957
REC3780;SP495;AUT.1_1;RLM11;0.0;0.0;1.0;;1.0;0.0;;REF683
REC3781;SP495;BGR.1_1;RLM11;0.0;0.0;1.0;;1.0;0.0;;REF683
REC3782;SP495;FRA.1_1;RLM11;0.0;0.0;1.0;;1.0;0.0;;REF683
REC3783;SP496;NOR.1_1;RLM11;;;1.0;;1.0;0.0;;REF542
REC3784;SP496;NOR.1_1;RLM11;0.0;0.0;1.0;;;0.0;1981.0;REF973
REC3785;SP497;ZAF.1_1;RLM3;;;1.0;;1.0;0.0;;REF542
REC3786;SP498;CAN.1_1;RLM9;0.0;0.0;1.0;;1.0;0.0;;REF1002
REC3787;SP498;CAN.1_1;RLM9;0.0;0.0;1.0;;;0.0;1965.0;REF394
REC3788;SP498;USA.1_1;RLM9;0.0;0.0;1.0;;1.0;0.0;;REF394
REC3789;SP498;USA.1_1;RLM9;0.0;0.0;1.0;;1.0;0.0;;REF394
REC3790;SP498;ITA.1_1;RLM11;;;1.0;;1.0;0.0;;REF542
REC3791;SP498;USA.1_1;RLM9;;;1.0;;1.0;0.0;;REF542
REC3792;SP498;USA.1_1;RLM9;0.0;0.0;1.0;;1.0;0.0;1907.0;REF1007
REC3793;SP498;USA.1_1;RLM9;0.0;0.0;;;1.0;0.0;;REF1195
REC3794;SP498;USA.1_1;RLM9;0.0;0.0;1.0;;1.0;0.0;1908.0;REF1002
REC3795;SP499;NOR.1_1;RLM11;;;1.0;;1.0;0.0;;REF542
REC3796;SP499;ITA.1_1;RLM11;;;1.0;;1.0;0.0;;REF542
REC3797;SP499;NOR.1_1;RLM11;0.0;0.0;1.0;;;0.0;2003.0;REF973
REC3798;SP500;NOR.1_1;RLM11;;;1.0;;1.0;0.0;;REF542
REC3799;SP500;NOR.1_1;RLM11;0.0;0.0;1.0;;;0.0;2004.0;REF973
REC3800;SP501;PRT.2_1;RLM11;;;;;1.0;0.0;;REF152
REC3801;SP501;USA.1_1;RLM9;;;1.0;;1.0;0.0;;REF152
REC3802;SP501;GBR.1_1;RLM11;;;;;1.0;0.0;;REF152
REC3803;SP501;USA.2_1;RLM9;;;1.0;;1.0;0.0;;REF152
REC3804;SP501;PRT.2_1;RLM11;;;;;1.0;0.0;;REF330
REC3805;SP501;PRT.2_1;RLM11;0.0;0.0;1.0;;1.0;0.0;;REF683
REC3806;SP501;USA.1_1;RLM9;;;;;1.0;0.0;;REF330
REC3807;SP501;USA.1_1;RLM9;0.0;0.0;1.0;;1.0;0.0;2007.0;REF1044
REC3808;SP501;USA.1_1;RLM9;0.0;0.0;1.0;;1.0;0.0;2006.0;REF135
REC3809;SP501;GBR.1_1;RLM11;;;;;1.0;0.0;;REF330
REC3810;SP501;USA.2_1;RLM9;;;1.0;;1.0;0.0;;REF697
REC3811;SP501;USA.2_1;RLM9;;;1.0;;1.0;0.0;1907.0;REF1096
REC3812;SP501;USA.2_1;RLM9;;;;;1.0;0.0;;REF330
REC3813;SP501;USA.2_1;RLM9;0.0;0.0;1.0;;1.0;0.0;1896.0;REF1007
REC3814;SP501;USA.2_1;RLM9;0.0;0.0;1.0;;1.0;0.0;1900.0;REF1044
REC3815;SP501;USA.2_1;RLM9;0.0;0.0;;;1.0;0.0;;REF1195
REC3816;SP501;NZL.1_1;RLM2;;;1.0;;1.0;0.0;;REF697
REC3817;SP501;GBR.1_1;RLM11;;;1.0;;1.0;0.0;1911.0;REF1096
REC3818;SP501;NZL.1_1;RLM2;;;1.0;;1.0;0.0;1890.0;REF1096
REC3819;SP501;GBR.1_1;RLM11;;;1.0;;1.0;0.0;;REF542
REC3820;SP501;IRL.1_1;RLM11;;;1.0;;1.0;0.0;;REF542
REC3821;SP501;FRA.1_1;RLM11;;;1.0;;1.0;0.0;;REF542
REC3822;SP501;USA.1_1;RLM9;;;;;1.0;0.0;;REF330
REC3823;SP501;IRL.1_1;RLM11;;;;;1.0;0.0;;REF330
REC3824;SP501;SWE.1_1;RLM11;;;;;0.0;0.0;;REF330
REC3825;SP501;GBR.1_1;RLM11;;;;;1.0;0.0;;REF330
REC3826;SP501;NZL.1_1;RLM2;;;;;1.0;0.0;;REF330
REC3827;SP501;GBR.1_1;RLM11;;;1.0;;1.0;0.0;1939.0;REF957
REC3828;SP501;PRT.2_1;RLM11;;;1.0;;1.0;0.0;;REF957
REC3829;SP501;IRL.1_1;RLM11;;;1.0;;1.0;0.0;;REF152
REC3830;SP501;SWE.1_1;RLM11;;;;;1.0;0.0;;REF152
REC3831;SP501;GBR.1_1;RLM11;;;1.0;;1.0;0.0;;REF152
REC3832;SP501;USA.1_1;RLM9;;;1.0;;1.0;0.0;;REF152
REC3833;SP501;NZL.1_1;RLM2;;;1.0;;1.0;0.0;;REF152
REC3834;SP501;USA.1_1;RLM9;0.0;0.0;1.0;;1.0;0.0;2007.0;REF1007
REC3835;SP501;IRL.1_1;RLM11;0.0;0.0;1.0;;1.0;0.0;1997.0;REF1044
REC3836;SP501;NZL.1_1;RLM2;0.0;0.0;1.0;;1.0;0.0;1879.0;REF1044
REC3837;SP501;SWE.1_1;RLM11;0.0;0.0;1.0;;1.0;0.0;2008.0;REF1044
REC3838;SP501;GBR.1_1;RLM11;0.0;0.0;1.0;;1.0;0.0;1936.0;REF1044
REC3839;SP501;USA.1_1;RLM9;0.0;0.0;;;1.0;0.0;;REF1195
REC3840;SP501;GBR.1_1;RLM11;0.0;0.0;1.0;;1.0;0.0;;REF683
REC3841;SP501;NLD.1_1;RLM11;0.0;0.0;1.0;;;0.0;2006.0;REF135
REC3842;SP501;NZL.1_1;RLM2;0.0;0.0;1.0;;1.0;0.0;;REF135
REC3843;SP501;SWE.1_1;RLM11;0.0;0.0;1.0;;;0.0;2009.0;REF135
REC3844;SP501;GBR.1_1;RLM11;0.0;0.0;1.0;;1.0;0.0;1937.0;REF752
REC3845;SP501;IRL.1_1;RLM11;0.0;0.0;1.0;;1.0;0.0;1997.0;REF104
REC3846;SP501;USA.1_1;RLM9;0.0;0.0;1.0;0.0;1.0;0.0;2006.0;REF1002
REC3847;SP502;ECU.2_1;RLM1;;;1.0;;1.0;0.0;;REF697
REC3848;SP502;ECU.2_1;RLM1;;;1.0;;1.0;0.0;1989.0;REF1096
REC3849;SP503;USA.2_1;RLM9;;;1.0;;1.0;0.0;;REF697
REC3850;SP503;USA.2_1;RLM9;0.0;1.0;1.0;;1.0;0.0;1955.0;REF1007
REC3851;SP503;USA.2_1;RLM9;0.0;1.0;;;1.0;;;REF47
REC3852;SP504;USA.2_1;RLM9;;1.0;1.0;;1.0;0.0;1954.0;REF1096
REC3853;SP504;USA.2_1;RLM9;0.0;1.0;;;1.0;0.0;;REF1195
REC3854;SP505;MDA.1_1;RLM11;;;1.0;;1.0;0.0;;REF542
REC3855;SP506;FRA.1_1;RLM11;;;1.0;;1.0;0.0;;REF542
REC3856;SP506;SWE.1_1;RLM11;;;1.0;;1.0;0.0;;REF542
REC3857;SP506;BEL.1_1;RLM11;;;1.0;;1.0;0.0;;REF957
REC3858;SP506;DEU.1_1;RLM11;;;1.0;;1.0;0.0;;REF957
REC3859;SP506;SWE.1_1;RLM11;;;1.0;;1.0;0.0;;REF957
REC3860;SP506;DNK.1_1;RLM11;;;1.0;;1.0;0.0;;REF957
REC3861;SP506;NLD.1_1;RLM11;;;1.0;;1.0;0.0;;REF957
REC3862;SP506;BEL.1_1;RLM11;0.0;0.0;1.0;;1.0;0.0;;REF683
REC3863;SP506;DNK.1_1;RLM11;0.0;0.0;1.0;;1.0;0.0;;REF683
REC3864;SP506;DEU.1_1;RLM11;0.0;0.0;1.0;;1.0;0.0;;REF683
REC3865;SP506;NLD.1_1;RLM11;0.0;0.0;1.0;;1.0;0.0;;REF683
REC3866;SP506;SWE.1_1;RLM11;0.0;0.0;1.0;;1.0;0.0;;REF683
REC3867;SP507;NZL.1_1;RLM2;;;1.0;;1.0;0.0;;REF697
REC3868;SP507;NZL.1_1;RLM2;;;1.0;;1.0;0.0;1977.0;REF1096
REC3869;SP508;USA.2_1;RLM9;;;1.0;;1.0;0.0;;REF697
REC3870;SP508;USA.2_1;RLM9;;;1.0;;1.0;0.0;1909.0;REF1096
REC3871;SP508;USA.2_1;RLM9;1.0;0.0;;;1.0;0.0;;REF1007
REC3872;SP508;USA.2_1;RLM9;1.0;0.0;;;1.0;0.0;;REF1195
REC3873;SP508;USA.2_1;RLM9;0.0;0.0;;;1.0;;;REF47
REC3874;SP509;USA.2_1;RLM9;;;1.0;;1.0;0.0;;REF697
REC3875;SP509;USA.2_1;RLM9;;;1.0;;1.0;0.0;1961.0;REF1096
REC3876;SP509;USA.2_1;RLM9;1.0;0.0;;;1.0;0.0;;REF1007
REC3877;SP509;USA.2_1;RLM9;1.0;0.0;;;1.0;0.0;;REF1195
REC3878;SP509;USA.2_1;RLM9;0.0;0.0;;;1.0;;;REF47
REC3879;SP510;ECU.2_1;RLM1;;;1.0;;1.0;0.0;;REF697
REC3880;SP510;ECU.2_1;RLM1;;;1.0;;1.0;0.0;1989.0;REF1096
REC3881;SP510;USA.2_1;RLM9;;;1.0;;1.0;0.0;;REF697
REC3882;SP510;USA.2_1;RLM9;;;1.0;;1.0;0.0;1907.0;REF1096
REC3883;SP510;USA.2_1;RLM9;;0.0;1.0;;1.0;0.0;1892.0;REF1007
REC3884;SP510;USA.2_1;RLM9;0.0;0.0;;;1.0;0.0;;REF1195
REC3885;SP511;USA.2_1;RLM9;;0.0;1.0;;1.0;0.0;2006.0;REF1007
REC3886;SP511;USA.2_1;RLM9;0.0;0.0;;;1.0;;;REF47
REC3887;SP512;USA.2_1;RLM9;;;1.0;;1.0;0.0;;REF697
REC3888;SP512;USA.2_1;RLM9;;;1.0;;1.0;0.0;1915.0;REF1096
REC3889;SP512;USA.2_1;RLM9;;0.0;1.0;;1.0;0.0;;REF1007
REC3890;SP512;USA.2_1;RLM9;1.0;0.0;;;1.0;0.0;;REF1195
REC3891;SP512;USA.2_1;RLM9;0.0;0.0;;;1.0;;;REF47
REC3892;SP513;USA.2_1;RLM9;;;1.0;;1.0;0.0;;REF697
REC3893;SP513;USA.2_1;RLM9;;;1.0;;1.0;0.0;1907.0;REF1096
REC3894;SP513;USA.2_1;RLM9;;0.0;1.0;;1.0;0.0;;REF1007
REC3895;SP513;USA.2_1;RLM9;1.0;0.0;;;1.0;0.0;;REF1195
REC3896;SP513;USA.2_1;RLM9;0.0;;1.0;;1.0;0.0;;REF47
REC3897;SP514;USA.2_1;RLM9;;;1.0;;1.0;0.0;;REF697
REC3898;SP514;USA.2_1;RLM9;;;1.0;;1.0;0.0;;REF1096
REC3899;SP514;USA.2_1;RLM9;1.0;0.0;;;1.0;0.0;;REF1007
REC3900;SP515;DOM.1_1;RLM7;;;1.0;;1.0;0.0;;REF542
REC3901;SP515;DOM.1_1;RLM7;;;;;1.0;0.0;;REF330
REC3902;SP516;USA.2_1;RLM9;;;1.0;;1.0;0.0;1975.0;REF152
REC3903;SP516;USA.2_1;RLM9;;;1.0;;1.0;0.0;;REF697
REC3904;SP516;USA.2_1;RLM9;;;1.0;;1.0;0.0;1973.0;REF1096
REC3905;SP516;USA.2_1;RLM9;;;;;1.0;0.0;;REF330
REC3906;SP516;USA.2_1;RLM9;;0.0;1.0;;1.0;0.0;1975.0;REF1007
REC3907;SP516;USA.2_1;RLM9;0.0;0.0;;;1.0;0.0;;REF1195
REC3908;SP516;MUS.1_1;RLM5;;;1.0;;1.0;0.0;;REF542
REC3909;SP516;MUS.1_1;RLM5;;;;;1.0;0.0;;REF330
REC3910;SP516;MUS.1_1;RLM5;;;;;1.0;0.0;;REF152
REC3911;SP517;IND.1_1;RLM10;;;;;1.0;0.0;;REF152
REC3912;SP517;IND.1_1;RLM6;;;;;1.0;0.0;;REF152
REC3913;SP517;IND.1_1;RLM6;;;1.0;;1.0;0.0;2014.0;REF152
REC3914;SP517;JPN.1_1;RLM6;;;1.0;;1.0;0.0;1971.0;REF152
REC3915;SP517;JPN.1_1;RLM6;;;1.0;;1.0;0.0;;REF697
REC3916;SP517;JPN.1_1;RLM6;;;1.0;;1.0;0.0;1971.0;REF1096
REC3917;SP517;JPN.1_1;RLM6;0.0;0.0;;;1.0;0.0;;REF1195
REC3918;SP517;JPN.1_1;RLM10;;;1.0;;1.0;0.0;;REF542
REC3919;SP517;CHN.1_1;RLM11;;;1.0;;1.0;0.0;;REF542
REC3920;SP517;MUS.1_1;RLM5;;;1.0;;1.0;0.0;1968.0;REF152
REC3921;SP517;CHN.1_1;RLM11;;;;;1.0;0.0;;REF152
REC3922;SP517;IND.1_1;RLM6;;;;;1.0;0.0;;REF152
REC3923;SP517;JPN.1_1;RLM10;;;;;1.0;0.0;;REF152
REC3924;SP517;LKA.1_1;RLM6;;;1.0;;1.0;0.0;2015.0;REF152
REC3925;SP517;TWN.1_1;RLM6;;;1.0;;1.0;0.0;1986.0;REF152
REC3926;SP517;IND.1_1;RLM6;1.0;0.0;;;1.0;0.0;;REF803
REC3927;SP517;JPN.1_1;RLM10;0.0;0.0;1.0;;1.0;0.0;;REF812
REC3928;SP517;JPN.1_1;RLM10;0.0;0.0;1.0;;1.0;0.0;1971.0;REF779
REC3929;SP517;TWN.1_1;RLM6;0.0;0.0;1.0;;1.0;0.0;1986.0;REF811
REC3930;SP518;USA.1_1;RLM9;;0.0;1.0;;1.0;0.0;1965.0;REF1007
REC3931;SP518;USA.1_1;RLM9;0.0;0.0;;;1.0;0.0;;REF1195
REC3932;SP518;USA.1_1;RLM9;0.0;0.0;1.0;0.0;1.0;0.0;;REF1002
REC3933;SP519;CAN.1_1;RLM9;0.0;0.0;1.0;;1.0;0.0;2010.0;REF1002
REC3934;SP519;USA.1_1;RLM9;;0.0;1.0;;1.0;0.0;1930.0;REF1007
REC3935;SP519;USA.1_1;RLM9;0.0;0.0;1.0;;1.0;0.0;;REF1002
REC3936;SP520;CAN.1_1;RLM9;0.0;1.0;1.0;0.0;;;;REF1002
REC3937;SP520;USA.1_1;RLM9;0.0;1.0;1.0;0.0;;;;REF1002
REC3938;SP521;CAN.1_1;RLM9;0.0;1.0;1.0;0.0;;;;REF1002
REC3939;SP521;USA.1_1;RLM9;0.0;1.0;1.0;0.0;;;;REF1002
REC3940;SP522;USA.1_1;RLM9;0.0;0.0;;;1.0;0.0;;REF1195
REC3941;SP523;CAN.1_1;RLM9;0.0;0.0;1.0;;1.0;0.0;;REF1002
REC3942;SP523;USA.1_1;RLM9;;0.0;1.0;;1.0;0.0;1963.0;REF1007
REC3943;SP523;USA.1_1;RLM9;0.0;0.0;;;1.0;0.0;;REF1195
REC3944;SP523;USA.1_1;RLM9;0.0;0.0;1.0;;1.0;0.0;;REF1002
REC3945;SP524;TUV.1_1;RLM5;;;1.0;;1.0;0.0;;REF542
REC3946;SP524;USA.2_1;RLM9;0.0;;1.0;;1.0;0.0;;REF47
REC3947;SP525;SWE.1_1;RLM11;;;;;1.0;0.0;;REF152
REC3948;SP525;SWE.1_1;RLM11;0.0;0.0;1.0;;1.0;0.0;;REF683
REC3949;SP526;CAN.1_1;RLM9;0.0;0.0;1.0;;1.0;0.0;;REF1002
REC3950;SP526;ECU.2_1;RLM1;;;1.0;;1.0;0.0;;REF697
REC3951;SP526;ECU.2_1;RLM1;;;1.0;;1.0;0.0;1906.0;REF1096
REC3952;SP526;AUS.1_1;RLM2;;;1.0;;1.0;0.0;;REF697
REC3953;SP526;CHL.1_1;RLM1;;;1.0;;1.0;0.0;1995.0;REF1096
REC3954;SP526;USA.1_1;RLM9;;0.0;1.0;;1.0;0.0;1881.0;REF1007
REC3955;SP526;USA.1_1;RLM9;0.0;0.0;;;1.0;0.0;;REF1195
REC3956;SP526;USA.1_1;RLM9;0.0;0.0;1.0;;1.0;0.0;;REF1002
REC3957;SP527;USA.2_1;RLM9;;;1.0;;1.0;0.0;;REF697
REC3958;SP527;USA.2_1;RLM9;;;1.0;;1.0;0.0;1977.0;REF1096
REC3959;SP527;USA.2_1;RLM9;;0.0;1.0;;1.0;0.0;;REF1007
REC3960;SP527;USA.2_1;RLM9;0.0;0.0;;;1.0;0.0;;REF1195
REC3961;SP528;USA.2_1;RLM9;;;1.0;;1.0;0.0;;REF697
REC3962;SP528;USA.2_1;RLM9;;0.0;1.0;;1.0;0.0;;REF1007
REC3963;SP528;USA.2_1;RLM9;0.0;;1.0;;1.0;0.0;;REF47
REC3964;SP529;USA.2_1;RLM9;;;1.0;;1.0;0.0;;REF697
REC3965;SP529;USA.2_1;RLM9;;;1.0;;1.0;0.0;1961.0;REF1096
REC3966;SP529;USA.2_1;RLM9;;0.0;1.0;;1.0;0.0;;REF1007
REC3967;SP529;USA.2_1;RLM9;1.0;0.0;;;1.0;0.0;;REF1195
REC3968;SP530;ECU.2_1;RLM1;;;1.0;;1.0;0.0;;REF697
REC3969;SP530;ECU.2_1;RLM1;;;1.0;;1.0;0.0;1975.0;REF1096
REC3970;SP531;AUS.1_1;RLM2;0.0;;1.0;0.0;1.0;0.0;;REF697
REC3971;SP532;GBR.1_1;RLM11;;;1.0;;1.0;0.0;;REF542
REC3972;SP532;DNK.1_1;RLM11;;;1.0;;1.0;0.0;;REF542
REC3973;SP532;DNK.1_1;RLM11;;;;;1.0;0.0;;REF152
REC3974;SP532;GBR.1_1;RLM11;;;;;1.0;0.0;;REF152
REC3975;SP533;USA.2_1;RLM9;;;1.0;;1.0;0.0;;REF697
REC3976;SP533;USA.2_1;RLM9;;;1.0;;1.0;0.0;1882.0;REF1096
REC3977;SP533;USA.2_1;RLM9;;0.0;1.0;;1.0;0.0;;REF1007
REC3978;SP533;IRL.1_1;RLM11;;;1.0;;1.0;0.0;;REF542
REC3979;SP533;DEU.1_1;RLM11;;;1.0;;1.0;0.0;;REF542
REC3980;SP533;IRL.1_1;RLM11;;;;;1.0;0.0;;REF152
REC3981;SP534;AUS.1_1;RLM2;0.0;0.0;1.0;;1.0;0.0;;REF1002
REC3982;SP534;CAN.1_1;RLM9;0.0;0.0;1.0;;1.0;0.0;;REF1002
REC3983;SP534;USA.2_1;RLM9;0.0;0.0;;;1.0;0.0;;REF1195
REC3984;SP534;MEX.1_1;RLM9;0.0;0.0;1.0;;1.0;0.0;;REF1002
REC3985;SP534;USA.1_1;RLM9;0.0;0.0;1.0;;1.0;0.0;;REF1002
REC3986;SP535;AUS.1_1;RLM2;;;1.0;;1.0;0.0;;REF697
REC3987;SP535;AUS.1_1;RLM2;0.0;1.0;1.0;0.0;1.0;0.0;1988.0;REF732
REC3988;SP536;MLT.1_1;RLM8;;;;;1.0;0.0;;REF152
REC3989;SP536;MLT.1_1;RLM8;0.0;0.0;1.0;;1.0;0.0;;REF683
REC3990;SP537;CAN.1_1;RLM9;0.0;0.0;1.0;;1.0;0.0;2009.0;REF394
REC3991;SP537;CAN.1_1;RLM9;0.0;0.0;1.0;;1.0;0.0;2009.0;REF394
REC3992;SP537;CAN.1_1;RLM9;0.0;0.0;1.0;;1.0;0.0;2009.0;REF394
REC3993;SP538;USA.2_1;RLM9;0.0;1.0;1.0;;1.0;0.0;;REF1007
REC3994;SP539;USA.1_1;RLM9;0.0;0.0;;;1.0;0.0;;REF1195
REC3995;SP539;USA.1_1;RLM9;0.0;0.0;1.0;0.0;1.0;0.0;1961.0;REF385
REC3996;SP539;CAN.1_1;RLM9;0.0;0.0;1.0;0.0;1.0;0.0;;REF385
REC3997;SP540;USA.2_1;RLM9;;0.0;1.0;;1.0;0.0;;REF1007
REC3998;SP541;AUS.1_1;RLM2;;;1.0;;1.0;0.0;;REF697
REC3999;SP542;USA.2_1;RLM9;;;1.0;;1.0;0.0;;REF697
REC4000;SP542;USA.2_1;RLM9;;;1.0;;1.0;0.0;1987.0;REF1096
REC4001;SP542;USA.2_1;RLM9;;0.0;1.0;;1.0;0.0;1987.0;REF1007
REC4002;SP542;USA.2_1;RLM9;0.0;0.0;;;1.0;0.0;;REF1195
REC4003;SP542;AUS.1_1;RLM2;;;1.0;;1.0;0.0;;REF697
REC4004;SP542;USA.2_1;RLM9;0.0;0.0;;;1.0;;;REF47
REC4005;SP543;AUS.1_1;RLM2;;;1.0;;1.0;0.0;;REF697
REC4006;SP544;DNK.1_1;RLM11;;;1.0;;1.0;0.0;;REF542
REC4007;SP545;USA.1_1;RLM9;0.0;0.0;;1.0;;0.0;1984.0;REF358
REC4008;SP545;USA.1_1;RLM9;;0.0;1.0;;1.0;0.0;1984.0;REF1007
REC4009;SP545;USA.1_1;RLM9;0.0;0.0;;;1.0;0.0;;REF1195
REC4010;SP546;USA.1_1;RLM9;;0.0;1.0;;1.0;0.0;1967.0;REF1007
REC4011;SP546;CAN.1_1;RLM9;0.0;0.0;1.0;0.0;1.0;0.0;;REF1002
REC4012;SP547;CAN.1_1;RLM9;;0.0;;;1.0;0.0;;REF1002
REC4013;SP548;USA.1_1;RLM9;0.0;0.0;;;1.0;0.0;;REF1195
REC4014;SP549;USA.2_1;RLM9;0.0;;1.0;;1.0;0.0;;REF48
REC4015;SP550;JPN.1_1;RLM6;;;1.0;;1.0;0.0;;REF697
REC4016;SP550;JPN.1_1;RLM6;;;1.0;;1.0;0.0;;REF1096
REC4017;SP550;JPN.1_1;RLM6;0.0;0.0;;;1.0;0.0;;REF1195
REC4018;SP550;JPN.1_1;RLM10;;;1.0;;1.0;0.0;;REF697
REC4019;SP550;JPN.1_1;RLM10;;;1.0;;1.0;0.0;;REF1096
REC4020;SP550;JPN.1_1;RLM10;0.0;0.0;;;1.0;0.0;;REF1195
REC4021;SP551;DEU.1_1;RLM11;;;;;1.0;0.0;;REF152
REC4022;SP551;DEU.1_1;RLM11;0.0;0.0;1.0;;1.0;0.0;;REF683
REC4023;SP552;IRL.1_1;RLM11;;;1.0;;1.0;0.0;;REF542
REC4024;SP553;GBR.1_1;RLM11;;;1.0;;1.0;0.0;;REF542
REC4025;SP553;GBR.1_1;RLM11;;;;;1.0;0.0;;REF152
REC4026;SP554;IRL.1_1;RLM11;;;1.0;;1.0;0.0;;REF542
REC4027;SP554;GBR.1_1;RLM11;;;1.0;;1.0;0.0;;REF542
REC4028;SP554;BEL.1_1;RLM11;;;;;1.0;0.0;;REF152
REC4029;SP554;GBR.1_1;RLM11;;;;;1.0;0.0;;REF152
REC4030;SP554;BEL.1_1;RLM11;0.0;0.0;1.0;;1.0;0.0;;REF683
REC4031;SP554;GBR.1_1;RLM11;0.0;0.0;1.0;;1.0;0.0;;REF683
REC4032;SP555;CZE.1_1;RLM11;;;1.0;;1.0;0.0;;REF542
REC4033;SP555;CZE.1_1;RLM11;;;1.0;;1.0;0.0;1997.0;REF152
REC4034;SP556;CAN.1_1;RLM9;0.0;0.0;1.0;0.0;1.0;0.0;;REF1002
REC4035;SP556;DNK.2_1;RLM11;0.0;0.0;1.0;0.0;1.0;0.0;;REF1002
REC4036;SP557;GBR.1_1;RLM11;;;1.0;;1.0;0.0;1989.0;REF1096
REC4037;SP557;GBR.1_1;RLM11;0.0;0.0;0.0;1.0;1.0;0.0;;REF356
REC4038;SP558;DNK.1_1;RLM11;;;1.0;;1.0;0.0;;REF542
REC4039;SP559;JPN.1_1;RLM6;;;1.0;;1.0;0.0;;REF697
REC4040;SP559;JPN.1_1;RLM6;;;1.0;;1.0;0.0;1992.0;REF1096
REC4041;SP559;JPN.1_1;RLM6;0.0;0.0;;;1.0;0.0;;REF1195
REC4042;SP559;JPN.1_1;RLM10;0.0;0.0;;;1.0;0.0;;REF1195
REC4043;SP560;CAN.1_1;RLM9;0.0;0.0;1.0;;;;;REF1002
REC4044;SP560;USA.1_1;RLM9;;;;;1.0;0.0;;REF330
REC4045;SP560;USA.1_1;RLM9;;;;;1.0;0.0;;REF330
REC4046;SP560;USA.1_1;RLM9;0.0;0.0;1.0;1.0;1.0;0.0;1914.0;REF303
REC4047;SP560;USA.1_1;RLM9;;;;;1.0;0.0;;REF330
REC4048;SP560;USA.1_1;RLM9;0.0;0.0;1.0;0.0;1.0;0.0;1897.0;REF303
REC4049;SP560;CAN.1_1;RLM9;;;;;1.0;0.0;;REF330
REC4050;SP560;USA.1_1;RLM9;;;;;1.0;0.0;;REF330
REC4051;SP560;USA.1_1;RLM9;0.0;0.0;1.0;1.0;1.0;0.0;1922.0;REF303
REC4052;SP560;CAN.1_1;RLM9;;;;;1.0;0.0;;REF330
REC4053;SP560;USA.1_1;RLM9;;;;;1.0;0.0;;REF330
REC4054;SP560;CAN.1_1;RLM9;0.0;0.0;1.0;1.0;1.0;0.0;;REF303
REC4055;SP560;USA.1_1;RLM9;;;;;1.0;0.0;;REF330
REC4056;SP560;USA.1_1;RLM9;;;1.0;;1.0;0.0;;REF542
REC4057;SP560;CAN.1_1;RLM9;;;;;1.0;0.0;;REF330
REC4058;SP560;USA.1_1;RLM9;;;;;1.0;0.0;;REF330
REC4059;SP560;USA.1_1;RLM9;;0.0;1.0;;1.0;0.0;1880.0;REF1007
REC4060;SP560;USA.1_1;RLM9;0.0;0.0;;;1.0;0.0;;REF1195
REC4061;SP560;IND.1_1;RLM6;0.0;0.0;1.0;0.0;1.0;0.0;;REF535
REC4062;SP560;USA.1_1;RLM9;0.0;0.0;1.0;0.0;1.0;0.0;;REF1002
REC4063;SP561;MDV.1_1;RLM6;;;1.0;;1.0;0.0;;REF542
REC4064;SP562;CAN.1_1;RLM9;0.0;0.0;1.0;0.0;0.0;;1948.0;REF1002
REC4065;SP562;USA.1_1;RLM9;0.0;0.0;1.0;0.0;0.0;;1930.0;REF1002
REC4066;SP563;DEU.1_1;RLM11;;;;;1.0;0.0;;REF152
REC4067;SP563;DEU.1_1;RLM11;0.0;0.0;1.0;;1.0;0.0;;REF683
REC4068;SP564;USA.1_1;RLM9;0.0;0.0;;;1.0;0.0;;REF1195
REC4069;SP565;USA.1_1;RLM9;0.0;0.0;;1.0;;0.0;1987.0;REF358
REC4070;SP565;USA.1_1;RLM9;;0.0;1.0;;1.0;0.0;1987.0;REF1007
REC4071;SP565;USA.1_1;RLM9;0.0;0.0;;;1.0;0.0;;REF1195
REC4072;SP566;GBR.1_1;RLM11;;;1.0;;1.0;0.0;;REF542
REC4073;SP566;GBR.1_1;RLM11;;;1.0;;1.0;0.0;;REF957
REC4074;SP566;GBR.1_1;RLM11;;;1.0;;1.0;0.0;1997.0;REF152
REC4075;SP566;GBR.1_1;RLM11;0.0;0.0;1.0;;1.0;0.0;;REF683
REC4076;SP567;DNK.1_1;RLM11;;;1.0;;1.0;0.0;;REF542
REC4077;SP567;DNK.1_1;RLM11;;;;;1.0;0.0;;REF152
REC4078;SP568;NZL.1_1;RLM2;;;1.0;;1.0;0.0;;REF697
REC4079;SP568;NZL.1_1;RLM2;;;1.0;;1.0;0.0;1936.0;REF1096
REC4080;SP568;NZL.1_1;RLM2;0.0;0.0;1.0;0.0;1.0;0.0;1936.0;REF169
REC4081;SP569;GBR.1_1;RLM11;;;1.0;;1.0;0.0;;REF542
REC4082;SP570;LBN.1_1;RLM8;;;1.0;;1.0;0.0;;REF542
REC4083;SP571;DEU.1_1;RLM11;;;1.0;;1.0;0.0;;REF542
REC4084;SP572;USA.1_1;RLM9;;0.0;1.0;;1.0;0.0;1841.0;REF1007
REC4085;SP572;USA.1_1;RLM9;0.0;0.0;;;1.0;0.0;;REF1195
REC4086;SP573;ECU.2_1;RLM1;;;1.0;;1.0;0.0;;REF697
REC4087;SP573;ECU.2_1;RLM1;;;1.0;;1.0;0.0;1923.0;REF1096
REC4088;SP574;ECU.2_1;RLM1;;;1.0;;1.0;0.0;;REF697
REC4089;SP574;ECU.2_1;RLM1;;;1.0;;1.0;0.0;1992.0;REF1096
REC4090;SP575;CAN.1_1;RLM9;0.0;0.0;1.0;0.0;1.0;0.0;1928.0;REF1002
REC4091;SP575;USA.1_1;RLM9;;0.0;1.0;;1.0;0.0;1928.0;REF1007
REC4092;SP575;USA.1_1;RLM9;0.0;0.0;;;1.0;0.0;;REF1195
REC4093;SP575;CAN.1_1;RLM9;0.0;0.0;1.0;;1.0;0.0;1928.0;REF709
REC4094;SP575;USA.1_1;RLM9;0.0;0.0;1.0;1.0;1.0;0.0;1934.0;REF1002
REC4095;SP576;USA.2_1;RLM9;;;1.0;;1.0;0.0;;REF697
REC4096;SP576;USA.2_1;RLM9;;;1.0;;1.0;0.0;2006.0;REF1096
REC4097;SP576;USA.2_1;RLM9;;0.0;1.0;;1.0;0.0;2006.0;REF1007
REC4098;SP576;USA.2_1;RLM9;0.0;0.0;;;1.0;;;REF47
REC4099;SP577;CAN.1_1;RLM9;0.0;0.0;1.0;;1.0;0.0;;REF1002
REC4100;SP577;USA.1_1;RLM9;0.0;0.0;1.0;;1.0;0.0;;REF1002
REC4101;SP578;ECU.2_1;RLM1;;;1.0;;1.0;0.0;;REF697
REC4102;SP578;ECU.2_1;RLM1;;;1.0;;1.0;0.0;1965.0;REF1096
REC4103;SP579;CAN.1_1;RLM9;0.0;0.0;1.0;0.0;1.0;0.0;;REF1002
REC4104;SP579;USA.1_1;RLM9;;;1.0;;1.0;0.0;;REF152
REC4105;SP579;USA.1_1;RLM9;;;1.0;;1.0;0.0;;REF152
REC4106;SP579;USA.1_1;RLM9;;;1.0;;1.0;0.0;;REF152
REC4107;SP579;PRT.2_1;RLM11;;;1.0;;1.0;0.0;;REF152
REC4108;SP579;CAN.1_1;RLM9;;;1.0;;1.0;0.0;;REF152
REC4109;SP579;USA.1_1;RLM9;;;1.0;;1.0;0.0;;REF152
REC4110;SP579;RUS.1_1;RLM11;;;1.0;;1.0;0.0;;REF152
REC4111;SP579;RUS.1_2;RLM11;;;1.0;;1.0;0.0;;REF152
REC4112;SP579;USA.1_1;RLM9;;;1.0;;1.0;0.0;;REF152
REC4113;SP579;CHN.1_1;RLM6;;;1.0;;1.0;0.0;;REF152
REC4114;SP579;USA.2_1;RLM9;;;1.0;;1.0;0.0;;REF152
REC4115;SP579;JPN.1_1;RLM10;;;1.0;;1.0;0.0;;REF152
REC4116;SP579;USA.1_1;RLM9;;;1.0;;1.0;0.0;;REF152
REC4117;SP579;USA.1_1;RLM9;;;1.0;;1.0;0.0;;REF152
REC4118;SP579;USA.1_1;RLM9;;;1.0;;1.0;0.0;;REF152
REC4119;SP579;USA.1_1;RLM9;;;1.0;;1.0;0.0;;REF152
REC4120;SP579;PRT.3_1;RLM11;;;1.0;;1.0;0.0;;REF152
REC4121;SP579;USA.1_1;RLM9;;;1.0;;1.0;0.0;;REF152
REC4122;SP579;USA.1_1;RLM9;;;1.0;;1.0;0.0;;REF152
REC4123;SP579;USA.1_1;RLM9;;;1.0;;1.0;0.0;;REF152
REC4124;SP579;CAN.1_1;RLM9;;;1.0;;1.0;0.0;;REF152
REC4125;SP579;AUS.1_1;RLM2;;;1.0;;1.0;0.0;;REF152
REC4126;SP579;USA.1_1;RLM9;;;1.0;;1.0;0.0;;REF152
REC4127;SP579;USA.1_1;RLM9;;;1.0;;1.0;0.0;;REF152
REC4128;SP579;CAN.1_1;RLM9;;;1.0;;1.0;0.0;;REF152
REC4129;SP579;MYS.1_1;RLM6;;;1.0;;1.0;0.0;;REF152
REC4130;SP579;USA.1_1;RLM9;;;1.0;;1.0;0.0;;REF152
REC4131;SP579;CAN.1_1;RLM9;;;1.0;;1.0;0.0;;REF152
REC4132;SP579;CAN.1_1;RLM9;;;1.0;;1.0;0.0;;REF152
REC4133;SP579;AUS.1_1;RLM2;;;1.0;;1.0;0.0;;REF152
REC4134;SP579;RUS.1_2;RLM11;;;1.0;;1.0;0.0;;REF152
REC4135;SP579;MYS.1_1;RLM6;;;1.0;;1.0;0.0;;REF152
REC4136;SP579;MYS.1_1;RLM6;;;1.0;;1.0;0.0;;REF152
REC4137;SP579;AUS.1_1;RLM2;;;1.0;;1.0;0.0;;REF152
REC4138;SP579;USA.1_1;RLM9;;;1.0;;1.0;0.0;;REF152
REC4139;SP579;RUS.1_1;RLM11;;;1.0;;1.0;0.0;;REF152
REC4140;SP579;AUS.1_1;RLM2;;;1.0;;1.0;0.0;;REF152
REC4141;SP579;USA.1_1;RLM9;;;1.0;;1.0;0.0;;REF152
REC4142;SP579;USA.1_1;RLM9;;;1.0;;1.0;0.0;;REF152
REC4143;SP579;USA.1_1;RLM9;;;;;1.0;0.0;;REF152
REC4144;SP579;AUS.1_1;RLM2;;;1.0;;1.0;0.0;;REF152
REC4145;SP579;USA.1_1;RLM9;;;1.0;;1.0;0.0;;REF152
REC4146;SP579;USA.1_1;RLM9;;;1.0;;1.0;0.0;;REF152
REC4147;SP579;AUS.1_1;RLM2;;;1.0;;1.0;0.0;;REF152
REC4148;SP579;ESP.3_1;RLM11;;;1.0;;1.0;0.0;;REF152
REC4149;SP579;ESP.2_1;RLM11;;;1.0;;1.0;0.0;;REF152
REC4150;SP579;GBR.1_1;RLM11;;;1.0;;1.0;0.0;;REF152
REC4151;SP579;FRA.2_1;RLM11;;;1.0;;1.0;0.0;;REF152
REC4152;SP579;USA.1_1;RLM9;;;1.0;;1.0;0.0;;REF152
REC4153;SP579;USA.2_1;RLM9;;;1.0;;1.0;0.0;;REF697
REC4154;SP579;USA.2_1;RLM9;;;1.0;;1.0;0.0;1932.0;REF1096
REC4155;SP579;USA.2_1;RLM9;;0.0;1.0;;1.0;0.0;;REF1007
REC4156;SP579;USA.2_1;RLM9;0.0;0.0;;;1.0;0.0;;REF1195
REC4157;SP579;AUS.1_1;RLM2;;;1.0;;1.0;0.0;;REF697
REC4158;SP579;NZL.1_1;RLM2;;;1.0;;1.0;0.0;;REF697
REC4159;SP579;ZAF.1_1;RLM3;;;1.0;;1.0;0.0;;REF697
REC4160;SP579;CHL.1_1;RLM1;;;1.0;;1.0;0.0;1973.0;REF1096
REC4161;SP579;NZL.1_1;RLM2;;;1.0;;1.0;0.0;1926.0;REF1096
REC4162;SP579;ZAF.1_1;RLM3;;0.0;1.0;;1.0;0.0;;REF1096
REC4163;SP579;VEN.1_1;RLM1;;;1.0;;1.0;0.0;;REF542
REC4164;SP579;IRL.1_1;RLM11;;;1.0;;1.0;0.0;;REF542
REC4165;SP579;ZAF.1_1;RLM3;;;1.0;;1.0;0.0;;REF542
REC4166;SP579;EST.1_1;RLM11;;;1.0;;1.0;0.0;;REF542
REC4167;SP579;SWE.1_1;RLM11;;;1.0;;1.0;0.0;;REF542
REC4168;SP579;DZA.1_1;RLM8;;;1.0;;1.0;0.0;;REF152
REC4169;SP579;AGO.1_1;RLM3;;;1.0;;1.0;0.0;;REF152
REC4170;SP579;BEN.1_1;RLM3;;;1.0;;1.0;0.0;;REF152
REC4171;SP579;BWA.1_1;RLM3;;;1.0;;1.0;0.0;;REF152
REC4172;SP579;BFA.1_1;RLM3;;;1.0;;1.0;0.0;;REF152
REC4173;SP579;CPV.1_1;RLM3;;;1.0;;1.0;0.0;;REF152
REC4174;SP579;CMR.1_1;RLM3;;;1.0;;1.0;0.0;;REF152
REC4175;SP579;CAF.1_1;RLM3;;;1.0;;1.0;0.0;;REF152
REC4176;SP579;COG.1_1;RLM3;;;1.0;;1.0;0.0;;REF152
REC4177;SP579;ETH.1_1;RLM3;;;1.0;;1.0;0.0;;REF152
REC4178;SP579;GHA1_1;RLM3;;;1.0;;1.0;0.0;;REF152
REC4179;SP579;GNB.1_1;RLM3;;;1.0;;1.0;0.0;;REF152
REC4180;SP579;KEN.1_1;RLM3;;;1.0;;1.0;0.0;;REF152
REC4181;SP579;LBY.1_1;RLM8;;;1.0;;1.0;0.0;;REF152
REC4182;SP579;MDG.1_1;RLM4;;;1.0;;1.0;0.0;;REF152
REC4183;SP579;MWI.1_1;RLM3;;;1.0;;1.0;0.0;;REF152
REC4184;SP579;MAR.1_1;RLM8;;;1.0;;1.0;0.0;;REF152
REC4185;SP579;MOZ.1_1;RLM3;;;1.0;;1.0;0.0;;REF152
REC4186;SP579;NGA.1_1;RLM3;;;1.0;;1.0;0.0;;REF152
REC4187;SP579;FRA.3_1;RLM4;;;1.0;;1.0;0.0;;REF152
REC4188;SP579;RWA.1_1;RLM3;;;1.0;;1.0;0.0;;REF152
REC4189;SP579;SEN.1_1;RLM3;;;1.0;;1.0;0.0;;REF152
REC4190;SP579;SYC.1_1;RLM5;;;1.0;;1.0;0.0;;REF152
REC4191;SP579;SLE.1_1;RLM3;;;1.0;;1.0;0.0;;REF152
REC4192;SP579;ZAF.1_1;RLM3;;;1.0;;1.0;0.0;;REF152
REC4193;SP579;SDN.1_1;RLM3;;;1.0;;1.0;0.0;;REF152
REC4194;SP579;TZA.1_1;RLM3;;;1.0;;1.0;0.0;;REF152
REC4195;SP579;TUN.1_1;RLM8;;;1.0;;1.0;0.0;;REF152
REC4196;SP579;UGA.1_1;RLM3;;;1.0;;1.0;0.0;;REF152
REC4197;SP579;ZWE.1_1;RLM3;;;1.0;;1.0;0.0;;REF152
REC4198;SP579;BGD.1_1;RLM6;;;1.0;;1.0;0.0;;REF152
REC4199;SP579;CHN.1_1;RLM11;;;1.0;;1.0;0.0;;REF152
REC4200;SP579;IDN.1_1;RLM6;;;1.0;;1.0;0.0;;REF152
REC4201;SP579;IRN.1_1;RLM8;;;1.0;;1.0;0.0;;REF152
REC4202;SP579;IRQ.1_1;RLM8;;;1.0;;1.0;0.0;;REF152
REC4203;SP579;ISR.1_1;RLM8;;;1.0;;1.0;0.0;;REF152
REC4204;SP579;JPN.1_1;RLM10;;;1.0;;1.0;0.0;;REF152
REC4205;SP579;JOR.1_1;RLM8;;;1.0;;1.0;0.0;;REF152
REC4206;SP579;KGZ.1_1;RLM11;;;1.0;;1.0;0.0;;REF152
REC4207;SP579;LBN.1_1;RLM8;;;1.0;;1.0;0.0;;REF152
REC4208;SP579;MYS.1_1;RLM6;;;1.0;;1.0;0.0;;REF152
REC4209;SP579;PAK.1_1;RLM6;;;1.0;;1.0;0.0;;REF152
REC4210;SP579;PHL.1_1;RLM6;;;1.0;;1.0;0.0;;REF152
REC4211;SP579;SAU.1_1;RLM8;;;1.0;;1.0;0.0;;REF152
REC4212;SP579;SGP.1_1;RLM6;;;1.0;;1.0;0.0;;REF152
REC4213;SP579;KOR.1_1;RLM11;;;1.0;;1.0;0.0;;REF152
REC4214;SP579;LKA.1_1;RLM6;;;1.0;;1.0;0.0;;REF152
REC4215;SP579;SYR.1_1;RLM8;;;1.0;;1.0;0.0;;REF152
REC4216;SP579;TWN.1_1;RLM6;;;1.0;;1.0;0.0;;REF152
REC4217;SP579;THA.1_1;RLM6;;;1.0;;1.0;0.0;;REF152
REC4218;SP579;TUR.1_1;RLM11;;;1.0;;1.0;0.0;;REF152
REC4219;SP579;VNM.1_1;RLM6;;;1.0;;1.0;0.0;;REF152
REC4220;SP579;AUT.1_1;RLM11;;;1.0;;1.0;0.0;;REF152
REC4221;SP579;BEL.1_1;RLM11;;;1.0;;1.0;0.0;;REF152
REC4222;SP579;BIH.1_1;RLM11;;;1.0;;1.0;0.0;;REF152
REC4223;SP579;BGR.1_1;RLM11;;;1.0;;1.0;0.0;;REF152
REC4224;SP579;HRV.1_1;RLM11;;;1.0;;1.0;0.0;;REF152
REC4225;SP579;CZE.1_1;RLM11;;;1.0;;1.0;0.0;;REF152
REC4226;SP579;DNK.1_1;RLM11;;;1.0;;1.0;0.0;;REF152
REC4227;SP579;EST.1_1;RLM11;;;1.0;;1.0;0.0;;REF152
REC4228;SP579;FIN.1_1;RLM11;;;1.0;;1.0;0.0;;REF152
REC4229;SP579;FRA.1_1;RLM11;;;1.0;;1.0;0.0;;REF152
REC4230;SP579;DEU.1_1;RLM11;;;1.0;;1.0;0.0;;REF152
REC4231;SP579;GBR.1_2;RLM11;;;1.0;;1.0;0.0;;REF152
REC4232;SP579;GRC.1_1;RLM11;;;1.0;;1.0;0.0;;REF152
REC4233;SP579;HUN.1_1;RLM11;;;1.0;;1.0;0.0;;REF152
REC4234;SP579;IRL.1_1;RLM11;;;1.0;;1.0;0.0;;REF152
REC4235;SP579;ITA.1_1;RLM11;;;1.0;;1.0;0.0;;REF152
REC4236;SP579;LVA.1_1;RLM11;;;1.0;;1.0;0.0;;REF152
REC4237;SP579;LTU.1_1;RLM11;;;1.0;;1.0;0.0;;REF152
REC4238;SP579;LUX.1_1;RLM11;;;1.0;;1.0;0.0;;REF152
REC4239;SP579;MLT.1_1;RLM8;;;1.0;;1.0;0.0;;REF152
REC4240;SP579;NLD.1_1;RLM11;;;1.0;;1.0;0.0;;REF152
REC4241;SP579;MKD.1_1;RLM11;;;1.0;;1.0;0.0;;REF152
REC4242;SP579;NOR.1_1;RLM11;;;1.0;;1.0;0.0;;REF152
REC4243;SP579;POL.1_1;RLM11;;;1.0;;1.0;0.0;;REF152
REC4244;SP579;PRT.1_1;RLM11;;;1.0;;1.0;0.0;;REF152
REC4245;SP579;ROU.1_1;RLM11;;;1.0;;1.0;0.0;;REF152
REC4246;SP579;RUS.1_2;RLM11;;;1.0;;1.0;0.0;;REF152
REC4247;SP579;SVK.1_1;RLM11;;;1.0;;1.0;0.0;;REF152
REC4248;SP579;ESP.1_1;RLM11;;;1.0;;1.0;0.0;;REF152
REC4249;SP579;SWE.1_1;RLM11;;;1.0;;1.0;0.0;;REF152
REC4250;SP579;CHE.1_1;RLM11;;;1.0;;1.0;0.0;;REF152
REC4251;SP579;GBR.1_1;RLM11;;;1.0;;1.0;0.0;;REF152
REC4252;SP579;CAN.1_1;RLM9;;;1.0;;1.0;0.0;;REF152
REC4253;SP579;CRI.1_1;RLM7;;;1.0;;1.0;0.0;;REF152
REC4254;SP579;CUB.1_1;RLM7;;;1.0;;1.0;0.0;;REF152
REC4255;SP579;DOM.1_1;RLM7;;;1.0;;1.0;0.0;;REF152
REC4256;SP579;GTM.1_1;RLM7;;;1.0;;1.0;0.0;;REF152
REC4257;SP579;JAM.1_1;RLM7;;;1.0;;1.0;0.0;;REF152
REC4258;SP579;MEX.1_1;RLM9;;;1.0;;1.0;0.0;;REF152
REC4259;SP579;NIC.1_1;RLM7;;;1.0;;1.0;0.0;;REF152
REC4260;SP579;USA.3_1;RLM7;;;1.0;;1.0;0.0;;REF152
REC4261;SP579;USA.3_1;RLM7;;;1.0;;1.0;0.0;;REF152
REC4262;SP579;USA.1_1;RLM9;;;1.0;;1.0;0.0;;REF152
REC4263;SP579;AUS.1_1;RLM2;;;1.0;;1.0;0.0;;REF152
REC4264;SP579;NZL.1_1;RLM2;;;1.0;;1.0;0.0;1904.0;REF152
REC4265;SP579;PLW.1_1;RLM5;;;1.0;;1.0;0.0;;REF152
REC4266;SP579;PNG.1_1;RLM5;;;1.0;;1.0;0.0;;REF152
REC4267;SP579;ARG.1_1;RLM1;;;1.0;;1.0;0.0;;REF152
REC4268;SP579;BRA.1_1;RLM1;;;1.0;;1.0;0.0;;REF152
REC4269;SP579;CHL.1_1;RLM1;;;1.0;;1.0;0.0;;REF152
REC4270;SP579;COL.1_1;RLM1;;;1.0;;1.0;0.0;;REF152
REC4271;SP579;GUY.1_1;RLM1;;;1.0;;1.0;0.0;;REF152
REC4272;SP579;VEN.1_1;RLM1;;;1.0;;1.0;0.0;;REF152
REC4273;SP579;USA.1_1;RLM9;;0.0;1.0;;1.0;0.0;1565.0;REF1007
REC4274;SP579;USA.1_1;RLM9;0.0;0.0;;;1.0;0.0;;REF1195
REC4275;SP579;USA.1_1;RLM9;0.0;0.0;1.0;0.0;1.0;0.0;;REF1002
REC4276;SP580;VEN.1_1;RLM1;0.0;0.0;1.0;;1.0;0.0;;REF912
REC4277;SP581;USA.2_1;RLM9;;;1.0;;1.0;0.0;;REF697
REC4278;SP581;USA.2_1;RLM9;;1.0;1.0;;1.0;0.0;2013.0;REF1096
REC4279;SP581;USA.2_1;RLM9;0.0;1.0;1.0;;1.0;0.0;2013.0;REF1007
REC4280;SP581;USA.2_1;RLM9;0.0;1.0;1.0;;1.0;0.0;2013.0;REF1007
REC4281;SP581;USA.2_1;RLM9;0.0;1.0;1.0;;1.0;0.0;2013.0;REF633
REC4282;SP581;USA.2_1;RLM9;0.0;1.0;1.0;;1.0;0.0;2013.0;REF920
REC4283;SP581;USA.2_1;RLM9;0.0;1.0;;;1.0;;;REF47
REC4284;SP582;BGR.1_1;RLM11;;;;;1.0;0.0;;REF330
REC4285;SP582;ITA.1_1;RLM11;;;;;1.0;0.0;;REF330
REC4286;SP582;ROU.1_1;RLM11;;;;;1.0;0.0;;REF330
REC4287;SP582;TUR.1_1;RLM11;;;;;1.0;0.0;;REF330
REC4288;SP582;TUR.1_1;RLM11;;;;;1.0;0.0;;REF152
REC4289;SP582;BGR.1_1;RLM11;;;;;1.0;0.0;;REF152
REC4290;SP582;ITA.1_1;RLM11;;;;;1.0;0.0;;REF152
REC4291;SP582;ROU.1_1;RLM11;;;1.0;;1.0;0.0;;REF152
REC4292;SP582;GBR.1_1;RLM11;;;1.0;;1.0;0.0;2008.0;REF152
REC4293;SP582;ITA.1_1;RLM11;0.0;0.0;1.0;;1.0;0.0;2021.0;REF982
REC4294;SP582;BGR.1_1;RLM11;0.0;0.0;1.0;;1.0;0.0;2016.0;REF77
REC4295;SP582;ROU.1_1;RLM11;0.0;0.0;1.0;;1.0;0.0;2018.0;REF109
REC4296;SP582;TUR.1_1;RLM11;0.0;0.0;1.0;;1.0;0.0;2015.0;REF109
REC4297;SP583;CAN.1_1;RLM9;0.0;0.0;1.0;0.0;1.0;0.0;;REF1002
REC4298;SP583;USA.1_1;RLM9;;0.0;1.0;;1.0;0.0;;REF1007
REC4299;SP583;USA.1_1;RLM9;0.0;0.0;1.0;0.0;1.0;0.0;;REF1002
REC4300;SP584;NZL.1_1;RLM2;;;1.0;;1.0;0.0;;REF697
REC4301;SP584;NZL.1_1;RLM2;;;1.0;;1.0;0.0;1929.0;REF1096
REC4302;SP585;GBR.1_1;RLM11;;;1.0;;1.0;0.0;;REF542
REC4303;SP585;GBR.1_1;RLM11;;;1.0;;1.0;0.0;1971.0;REF152
REC4304;SP586;GBR.1_1;RLM11;;;1.0;;1.0;0.0;1988.0;REF1096
REC4305;SP586;GBR.1_1;RLM11;;;1.0;;1.0;0.0;;REF542
REC4306;SP586;BEL.1_1;RLM11;0.0;0.0;1.0;;1.0;0.0;;REF683
REC4307;SP586;BGR.1_1;RLM11;0.0;0.0;1.0;;1.0;0.0;;REF683
REC4308;SP586;DNK.1_1;RLM11;0.0;0.0;1.0;;1.0;0.0;;REF683
REC4309;SP586;NLD.1_1;RLM11;0.0;0.0;1.0;;1.0;0.0;;REF683
REC4310;SP586;GBR.1_1;RLM11;0.0;0.0;1.0;;1.0;0.0;;REF683
REC4311;SP587;NZL.1_1;RLM2;;;1.0;;1.0;0.0;;REF697
REC4312;SP587;NZL.1_1;RLM2;;;1.0;;1.0;0.0;2000.0;REF1096
REC4313;SP588;USA.1_1;RLM9;;0.0;1.0;;1.0;0.0;2006.0;REF1007
REC4314;SP588;USA.1_1;RLM9;0.0;0.0;1.0;0.0;1.0;0.0;;REF1002
REC4315;SP589;RUS.1_1;RLM11;0.0;0.0;1.0;;1.0;0.0;2016.0;REF896
REC4316;SP590;RUS.1_1;RLM11;0.0;0.0;1.0;;1.0;0.0;2015.0;REF896
REC4317;SP590;RUS.1_1;RLM11;0.0;0.0;1.0;;1.0;0.0;2015.0;REF895
REC4318;SP590;AZE.1_1;RLM11;;;1.0;;1.0;0.0;;REF542
REC4319;SP590;TKM.1_1;RLM11;;;1.0;;1.0;0.0;;REF542
REC4320;SP590;AZE.1_1;RLM11;;;;;1.0;0.0;;REF330
REC4321;SP590;USA.1_1;RLM9;;0.0;1.0;;1.0;0.0;;REF1007
REC4322;SP590;USA.1_1;RLM9;1.0;0.0;;;;0.0;;REF1002
REC4323;SP591;NZL.1_1;RLM2;;;1.0;;1.0;0.0;;REF697
REC4324;SP591;NZL.1_1;RLM2;;;1.0;;1.0;0.0;1880.0;REF1096
REC4325;SP592;CAN.1_1;RLM9;0.0;0.0;1.0;;1.0;0.0;;REF1002
REC4326;SP592;USA.1_1;RLM9;;0.0;1.0;;1.0;0.0;1923.0;REF1007
REC4327;SP592;CAN.1_1;RLM9;0.0;0.0;1.0;;1.0;0.0;1923.0;REF249
REC4328;SP592;CAN.1_1;RLM9;0.0;0.0;1.0;;1.0;0.0;;REF891
REC4329;SP592;USA.1_1;RLM9;0.0;0.0;1.0;;1.0;0.0;;REF1002
REC4330;SP593;CHE.1_1;RLM11;0.0;0.0;1.0;;1.0;0.0;;REF683
REC4331;SP594;AUS.1_1;RLM2;;;1.0;;1.0;0.0;;REF697
REC4332;SP595;CAN.1_1;RLM9;0.0;0.0;1.0;;1.0;0.0;;REF1002
REC4333;SP595;USA.1_1;RLM9;0.0;0.0;1.0;;1.0;0.0;2017.0;REF394
REC4334;SP595;USA.1_1;RLM9;0.0;0.0;1.0;;1.0;0.0;1943.0;REF394
REC4335;SP595;CAN.1_1;RLM9;0.0;0.0;1.0;;1.0;0.0;;REF394
REC4336;SP595;USA.1_1;RLM9;0.0;0.0;1.0;;1.0;0.0;1943.0;REF394
REC4337;SP595;USA.1_1;RLM9;0.0;0.0;1.0;;1.0;0.0;1943.0;REF1007
REC4338;SP595;USA.1_1;RLM9;0.0;0.0;;;1.0;0.0;;REF1195
REC4339;SP595;USA.1_1;RLM9;0.0;0.0;1.0;;1.0;0.0;;REF1002
REC4340;SP596;USA.2_1;RLM9;0.0;;1.0;;1.0;0.0;;REF48
REC4341;SP597;CAN.1_1;RLM9;0.0;0.0;1.0;;1.0;0.0;;REF1002
REC4342;SP597;USA.1_1;RLM9;;;;;1.0;0.0;;REF152
REC4343;SP597;USA.1_1;RLM9;;;;;1.0;0.0;;REF152
REC4344;SP597;PRT.2_1;RLM11;;;;;1.0;0.0;;REF152
REC4345;SP597;USA.1_1;RLM9;;;;;1.0;0.0;;REF152
REC4346;SP597;RUS.1_1;RLM11;;;;;1.0;0.0;;REF152
REC4347;SP597;RUS.1_2;RLM11;;;;;1.0;0.0;;REF152
REC4348;SP597;USA.1_1;RLM9;;;;;1.0;0.0;;REF152
REC4349;SP597;JPN.1_1;RLM10;;;;;1.0;0.0;;REF152
REC4350;SP597;JPN.1_1;RLM10;;;;;1.0;0.0;;REF152
REC4351;SP597;USA.1_1;RLM9;;;;;1.0;0.0;;REF152
REC4352;SP597;JPN.1_1;RLM10;;;;;1.0;0.0;;REF152
REC4353;SP597;USA.1_1;RLM9;;;;;1.0;0.0;;REF152
REC4354;SP597;BRA.1_1;RLM1;;;;;1.0;0.0;;REF152
REC4355;SP597;USA.1_1;RLM9;;;;;1.0;0.0;;REF152
REC4356;SP597;USA.1_1;RLM9;;;;;1.0;0.0;;REF152
REC4357;SP597;AUS.1_1;RLM2;;;;;1.0;0.0;;REF152
REC4358;SP597;USA.1_1;RLM9;;;;;1.0;0.0;;REF152
REC4359;SP597;USA.1_1;RLM9;;;;;1.0;0.0;;REF152
REC4360;SP597;USA.1_1;RLM9;;;;;1.0;0.0;;REF152
REC4361;SP597;CAN.1_1;RLM9;;;;;1.0;0.0;;REF152
REC4362;SP597;BRA.1_1;RLM1;;;;;1.0;0.0;;REF152
REC4363;SP597;USA.1_1;RLM9;;;;;1.0;0.0;;REF152
REC4364;SP597;CAN.1_1;RLM9;;;;;1.0;0.0;;REF152
REC4365;SP597;AUS.1_1;RLM2;;;;;1.0;0.0;;REF152
REC4366;SP597;BRA.1_1;RLM1;;;;;1.0;0.0;;REF152
REC4367;SP597;RUS.1_2;RLM11;;;;;1.0;0.0;;REF152
REC4368;SP597;BRA.1_1;RLM1;;;;;1.0;0.0;;REF152
REC4369;SP597;BRA.1_1;RLM1;;;;;1.0;0.0;;REF152
REC4370;SP597;JPN.1_1;RLM10;;;;;1.0;0.0;;REF152
REC4371;SP597;AUS.1_1;RLM2;;;;;1.0;0.0;;REF152
REC4372;SP597;RUS.1_1;RLM11;;;;;1.0;0.0;;REF152
REC4373;SP597;AUS.1_1;RLM2;;;;;1.0;0.0;;REF152
REC4374;SP597;AUS.1_1;RLM2;;;;;1.0;0.0;;REF152
REC4375;SP597;USA.1_1;RLM9;;;;;1.0;0.0;;REF152
REC4376;SP597;USA.1_1;RLM9;;;;;1.0;0.0;;REF152
REC4377;SP597;AUS.1_1;RLM2;;;;;1.0;0.0;;REF152
REC4378;SP597;RUS.1_2;RLM11;;;;;1.0;0.0;;REF152
REC4379;SP597;USA.1_1;RLM9;;;;;1.0;0.0;;REF330
REC4380;SP597;PRT.2_1;RLM11;;;;;1.0;0.0;;REF330
REC4381;SP597;PRT.2_1;RLM11;0.0;0.0;1.0;;1.0;0.0;;REF683
REC4382;SP597;PRT.2_1;RLM11;0.0;0.0;1.0;;1.0;0.0;2011.0;REF603
REC4383;SP597;CAN.1_1;RLM9;;;;;0.0;0.0;;REF330
REC4384;SP597;USA.1_1;RLM9;;;;;1.0;0.0;;REF330
REC4385;SP597;USA.1_1;RLM9;0.0;0.0;1.0;;1.0;0.0;1940.0;REF603
REC4386;SP597;BRA.1_1;RLM1;0.0;0.0;1.0;;1.0;0.0;;REF603
REC4387;SP597;RUS.1_1;RLM11;;;;;1.0;0.0;;REF330
REC4388;SP597;RUS.1_2;RLM11;;;;;1.0;0.0;;REF330
REC4389;SP597;RUS.1_2;RLM11;;;;;1.0;0.0;;REF330
REC4390;SP597;USA.1_1;RLM9;;;;;1.0;0.0;;REF330
REC4391;SP597;USA.1_1;RLM9;;;;;1.0;0.0;;REF330
REC4392;SP597;USA.1_1;RLM9;;;;;1.0;0.0;;REF152
REC4393;SP597;AUS.1_1;RLM2;0.0;0.0;1.0;;1.0;0.0;;REF603
REC4394;SP597;JPN.1_1;RLM10;;;;;1.0;0.0;;REF330
REC4395;SP597;JPN.1_1;RLM10;;;;;1.0;0.0;;REF330
REC4396;SP597;USA.1_1;RLM9;0.0;0.0;1.0;;1.0;0.0;;REF603
REC4397;SP597;JPN.1_1;RLM10;;;;;1.0;0.0;;REF330
REC4398;SP597;USA.1_1;RLM9;0.0;0.0;1.0;;1.0;0.0;1940.0;REF603
REC4399;SP597;USA.1_1;RLM9;;;;;1.0;0.0;;REF330
REC4400;SP597;USA.1_1;RLM9;;;;;1.0;0.0;;REF330
REC4401;SP597;AUS.1_1;RLM2;;;;;1.0;0.0;;REF330
REC4402;SP597;USA.1_1;RLM9;0.0;0.0;1.0;;1.0;0.0;;REF603
REC4403;SP597;USA.1_1;RLM9;;;;;1.0;0.0;;REF330
REC4404;SP597;USA.1_1;RLM9;0.0;0.0;1.0;;1.0;0.0;;REF603
REC4405;SP597;USA.1_1;RLM9;;;;;1.0;0.0;;REF330
REC4406;SP597;CAN.1_1;RLM9;;;;;1.0;0.0;;REF330
REC4407;SP597;CAN.1_1;RLM9;0.0;0.0;1.0;;1.0;0.0;1940.0;REF603
REC4408;SP597;CAN.1_1;RLM9;0.0;0.0;1.0;;1.0;0.0;;REF603
REC4409;SP597;USA.1_1;RLM9;0.0;0.0;1.0;;1.0;0.0;1940.0;REF603
REC4410;SP597;BRA.1_1;RLM1;;;;;1.0;0.0;;REF330
REC4411;SP597;USA.1_1;RLM9;;;;;1.0;0.0;;REF330
REC4412;SP597;USA.1_1;RLM9;0.0;0.0;1.0;;1.0;0.0;;REF603
REC4413;SP597;CAN.1_1;RLM9;;;;;1.0;0.0;;REF330
REC4414;SP597;AUS.1_1;RLM2;;;;;1.0;0.0;;REF330
REC4415;SP597;BRA.1_1;RLM1;;;;;1.0;0.0;;REF330
REC4416;SP597;BRA.1_1;RLM1;0.0;0.0;1.0;;1.0;0.0;;REF603
REC4417;SP597;BRA.1_1;RLM1;;;;;1.0;0.0;;REF330
REC4418;SP597;BRA.1_1;RLM1;0.0;0.0;1.0;;1.0;0.0;1982.0;REF936
REC4419;SP597;BRA.1_1;RLM1;;;;;1.0;0.0;;REF330
REC4420;SP597;ITA.2_1;RLM11;0.0;0.0;1.0;;1.0;0.0;;REF683
REC4421;SP597;JPN.1_1;RLM10;;;;;1.0;0.0;;REF330
REC4422;SP597;ITA.2_1;RLM11;0.0;0.0;1.0;;1.0;0.0;;REF683
REC4423;SP597;AUS.1_1;RLM2;;;;;1.0;0.0;;REF330
REC4424;SP597;AUS.1_1;RLM2;0.0;0.0;;;1.0;0.0;1959.0;REF59
REC4425;SP597;RUS.1_1;RLM11;;;;;1.0;0.0;;REF330
REC4426;SP597;AUS.1_1;RLM2;;;;;1.0;0.0;;REF330
REC4427;SP597;AUS.1_1;RLM2;;;;;1.0;0.0;;REF330
REC4428;SP597;USA.1_1;RLM9;;;;;1.0;0.0;;REF330
REC4429;SP597;USA.1_1;RLM9;0.0;0.0;1.0;;1.0;0.0;1940.0;REF603
REC4430;SP597;USA.1_1;RLM9;;;;;1.0;0.0;;REF330
REC4431;SP597;USA.1_1;RLM9;0.0;0.0;1.0;;1.0;0.0;1940.0;REF603
REC4432;SP597;USA.1_1;RLM9;0.0;0.0;1.0;;1.0;0.0;1918.0;REF603
REC4433;SP597;USA.1_1;RLM9;0.0;0.0;1.0;;1.0;0.0;;REF603
REC4434;SP597;AUS.1_1;RLM2;;;;;0.0;0.0;;REF330
REC4435;SP597;RUS.1_2;RLM11;;;;;1.0;0.0;;REF330
REC4436;SP597;AUS.1_1;RLM2;;;1.0;;1.0;0.0;;REF697
REC4437;SP597;JPN.1_1;RLM10;;;1.0;;1.0;0.0;;REF697
REC4438;SP597;KOR.1_1;RLM11;;;1.0;;1.0;0.0;;REF697
REC4439;SP597;NZL.1_1;RLM2;;;1.0;;1.0;0.0;;REF697
REC4440;SP597;ZAF.1_1;RLM3;;;1.0;;1.0;0.0;;REF697
REC4441;SP597;CHL.1_1;RLM1;;;1.0;;1.0;0.0;1971.0;REF1096
REC4442;SP597;JPN.1_1;RLM10;;;1.0;;1.0;0.0;1868.0;REF1096
REC4443;SP597;KOR.1_1;RLM11;;;1.0;;1.0;0.0;1910.0;REF1096
REC4444;SP597;NZL.1_1;RLM2;;;1.0;;1.0;0.0;1976.0;REF1096
REC4445;SP597;ZAF.1_1;RLM3;;;1.0;;1.0;0.0;;REF1096
REC4446;SP597;IRL.1_1;RLM11;;;1.0;;1.0;0.0;;REF542
REC4447;SP597;NLD.1_1;RLM11;;;1.0;;1.0;0.0;;REF542
REC4448;SP597;ZAF.1_1;RLM3;;;1.0;;1.0;0.0;;REF542
REC4449;SP597;GBR.1_1;RLM11;;;1.0;;1.0;0.0;;REF542
REC4450;SP597;FRA.1_1;RLM11;;;1.0;;1.0;0.0;;REF542
REC4451;SP597;AUT.1_1;RLM11;;;1.0;;1.0;0.0;;REF542
REC4452;SP597;JPN.1_1;RLM10;;;1.0;;1.0;0.0;;REF542
REC4453;SP597;DNK.1_1;RLM11;;;1.0;;1.0;0.0;;REF542
REC4454;SP597;SVN.1_1;RLM11;;;1.0;;1.0;0.0;;REF542
REC4455;SP597;RUS.1_2;RLM11;;;1.0;;1.0;0.0;;REF542
REC4456;SP597;ZAF.1_1;RLM3;;;;;1.0;0.0;;REF330
REC4457;SP597;ARG.1_1;RLM1;;;;;1.0;0.0;;REF330
REC4458;SP597;BRA.1_1;RLM1;;;;;1.0;0.0;;REF330
REC4459;SP597;CAN.1_1;RLM9;;;;;1.0;0.0;;REF330
REC4460;SP597;CHL.1_1;RLM1;;;;;1.0;0.0;;REF330
REC4461;SP597;USA.1_1;RLM9;;;;;1.0;0.0;;REF330
REC4462;SP597;JPN.1_1;RLM10;;;;;1.0;0.0;;REF330
REC4463;SP597;KOR.1_1;RLM11;;;;;1.0;0.0;;REF330
REC4464;SP597;AUT.1_1;RLM11;;;;;1.0;0.0;;REF330
REC4465;SP597;BEL.1_1;RLM11;;;;;1.0;0.0;;REF330
REC4466;SP597;BGR.1_1;RLM11;;;;;1.0;0.0;;REF330
REC4467;SP597;CZE.1_1;RLM11;;;;;1.0;0.0;;REF330
REC4468;SP597;DNK.1_1;RLM11;;;;;1.0;0.0;;REF330
REC4469;SP597;FRA.1_1;RLM11;;;;;1.0;0.0;;REF330
REC4470;SP597;DEU.1_1;RLM11;;;;;1.0;0.0;;REF330
REC4471;SP597;GRC.1_1;RLM11;;;;;1.0;0.0;;REF330
REC4472;SP597;HUN.1_1;RLM11;;;;;1.0;0.0;;REF330
REC4473;SP597;ITA.1_1;RLM11;;;;;1.0;0.0;;REF330
REC4474;SP597;LTU.1_1;RLM11;;;;;0.0;1.0;;REF330
REC4475;SP597;MKD.1_1;RLM11;;;;;1.0;0.0;;REF330
REC4476;SP597;PRT.1_1;RLM11;;;;;1.0;0.0;;REF330
REC4477;SP597;ROU.1_1;RLM11;;;;;1.0;0.0;;REF330
REC4478;SP597;RUS.1_2;RLM11;;;;;1.0;0.0;;REF330
REC4479;SP597;SRB.1_1;RLM11;;;;;1.0;0.0;;REF330
REC4480;SP597;SVK.1_1;RLM11;;;;;1.0;0.0;;REF330
REC4481;SP597;SVN.1_1;RLM11;;;;;1.0;0.0;;REF330
REC4482;SP597;ESP.1_1;RLM11;;;;;1.0;0.0;;REF330
REC4483;SP597;CHE.1_1;RLM11;;;;;1.0;0.0;;REF330
REC4484;SP597;GBR.1_1;RLM11;;;;;0.0;0.0;;REF330
REC4485;SP597;AUS.1_1;RLM2;;;;;1.0;0.0;;REF330
REC4486;SP597;NZL.1_1;RLM2;;;;;1.0;0.0;;REF330
REC4487;SP597;ALB.1_1;RLM11;;;1.0;;1.0;0.0;;REF957
REC4488;SP597;BEL.1_1;RLM11;;;1.0;;1.0;0.0;;REF957
REC4489;SP597;BGR.1_1;RLM11;;;1.0;;1.0;0.0;;REF957
REC4490;SP597;DNK.1_1;RLM11;;;1.0;;1.0;0.0;;REF957
REC4491;SP597;MKD.1_1;RLM11;;;1.0;;1.0;0.0;;REF957
REC4492;SP597;GBR.1_1;RLM11;;;1.0;;1.0;0.0;;REF957
REC4493;SP597;HUN.1_1;RLM11;;;1.0;;1.0;0.0;;REF957
REC4494;SP597;ITA.2_1;RLM11;;;1.0;;1.0;0.0;;REF957
REC4495;SP597;ROU.1_1;RLM11;;;1.0;;1.0;0.0;;REF957
REC4496;SP597;SVN.1_1;RLM11;;;1.0;;1.0;0.0;1920.0;REF957
REC4497;SP597;CHE.1_1;RLM11;;;1.0;;1.0;0.0;;REF957
REC4498;SP597;AUT.1_1;RLM11;;;1.0;;1.0;0.0;;REF957
REC4499;SP597;BIH.1_1;RLM11;;;1.0;;1.0;0.0;;REF957
REC4500;SP597;CZE.1_1;RLM11;;;1.0;;1.0;0.0;;REF957
REC4501;SP597;FRA.1_1;RLM11;;;1.0;;1.0;0.0;;REF957
REC4502;SP597;DEU.1_1;RLM11;;;1.0;;1.0;0.0;;REF957
REC4503;SP597;GRC.1_1;RLM11;;;1.0;;1.0;0.0;;REF957
REC4504;SP597;ITA.2_1;RLM11;;;1.0;;1.0;0.0;;REF957
REC4505;SP597;ITA.1_1;RLM11;;;1.0;;1.0;0.0;;REF957
REC4506;SP597;PRT.2_1;RLM11;;;1.0;;1.0;0.0;;REF957
REC4507;SP597;RUS.1_1;RLM11;;;1.0;;1.0;0.0;;REF957
REC4508;SP597;SVK.1_1;RLM11;;;1.0;;1.0;0.0;;REF957
REC4509;SP597;ESP.1_1;RLM11;;;1.0;;1.0;0.0;;REF957
REC4510;SP597;ZAF.1_1;RLM3;;;1.0;;1.0;0.0;;REF152
REC4511;SP597;JPN.1_1;RLM10;;;;;1.0;0.0;;REF152
REC4512;SP597;KOR.1_1;RLM11;;;;;1.0;0.0;;REF152
REC4513;SP597;AUT.1_1;RLM11;;;;;1.0;0.0;;REF152
REC4514;SP597;BEL.1_1;RLM11;;;;;1.0;0.0;;REF152
REC4515;SP597;BGR.1_1;RLM11;;;;;1.0;0.0;;REF152
REC4516;SP597;CZE.1_1;RLM11;;;;;1.0;0.0;;REF152
REC4517;SP597;DNK.1_1;RLM11;;;1.0;;1.0;0.0;1965.0;REF152
REC4518;SP597;FRA.1_1;RLM11;;;1.0;;1.0;0.0;;REF152
REC4519;SP597;DEU.1_1;RLM11;;;;;1.0;0.0;;REF152
REC4520;SP597;GRC.1_1;RLM11;;;;;1.0;0.0;;REF152
REC4521;SP597;HUN.1_1;RLM11;;;;;1.0;0.0;;REF152
REC4522;SP597;ITA.1_1;RLM11;;;;;1.0;0.0;;REF152
REC4523;SP597;LTU.1_1;RLM11;;;;;1.0;0.0;;REF152
REC4524;SP597;MNE.1_1;RLM11;;;1.0;;1.0;0.0;1999.0;REF152
REC4525;SP597;MKD.1_1;RLM11;;;;;1.0;0.0;;REF152
REC4526;SP597;PRT.1_1;RLM11;;;;;1.0;0.0;;REF152
REC4527;SP597;ROU.1_1;RLM11;;;1.0;;1.0;0.0;1964.0;REF152
REC4528;SP597;RUS.1_2;RLM11;;;;;1.0;0.0;;REF152
REC4529;SP597;SRB.1_1;RLM11;;;;;1.0;0.0;;REF152
REC4530;SP597;SVK.1_1;RLM11;;;;;1.0;0.0;;REF152
REC4531;SP597;SVN.1_1;RLM11;;;1.0;;1.0;0.0;1920.0;REF152
REC4532;SP597;ESP.1_1;RLM11;;;;;1.0;0.0;;REF152
REC4533;SP597;CHE.1_1;RLM11;;;;;1.0;0.0;;REF152
REC4534;SP597;GBR.1_1;RLM11;;;;;1.0;0.0;;REF152
REC4535;SP597;CAN.1_1;RLM9;;;;;1.0;0.0;;REF152
REC4536;SP597;USA.1_1;RLM9;;;1.0;;1.0;0.0;1912.0;REF152
REC4537;SP597;AUS.1_1;RLM2;;;;;1.0;0.0;;REF152
REC4538;SP597;NZL.1_1;RLM2;;;;;1.0;0.0;1973.0;REF152
REC4539;SP597;ARG.1_1;RLM1;;;;;1.0;0.0;;REF152
REC4540;SP597;BRA.1_1;RLM1;;;;;1.0;0.0;;REF152
REC4541;SP597;CHL.1_1;RLM1;;;;;1.0;0.0;;REF152
REC4542;SP597;USA.1_1;RLM9;0.0;0.0;1.0;;1.0;0.0;1912.0;REF1007
REC4543;SP597;USA.1_1;RLM9;0.0;0.0;;;1.0;0.0;;REF1195
REC4544;SP597;JPN.1_1;RLM10;0.0;0.0;;;1.0;0.0;;REF1195
REC4545;SP597;ALB.1_1;RLM11;0.0;0.0;1.0;;1.0;0.0;;REF683
REC4546;SP597;AUT.1_1;RLM11;0.0;0.0;1.0;;1.0;0.0;;REF683
REC4547;SP597;BIH.1_1;RLM11;0.0;0.0;1.0;;1.0;0.0;;REF683
REC4548;SP597;BGR.1_1;RLM11;0.0;0.0;1.0;;1.0;0.0;;REF683
REC4549;SP597;CZE.1_1;RLM11;0.0;0.0;1.0;;1.0;0.0;;REF683
REC4550;SP597;DNK.1_1;RLM11;0.0;0.0;1.0;;1.0;0.0;;REF683
REC4551;SP597;FRA.1_1;RLM11;0.0;0.0;1.0;;1.0;0.0;;REF683
REC4552;SP597;DEU.1_1;RLM11;0.0;0.0;1.0;;1.0;0.0;;REF683
REC4553;SP597;GRC.1_1;RLM11;0.0;0.0;1.0;;1.0;0.0;;REF683
REC4554;SP597;HUN.1_1;RLM11;0.0;0.0;1.0;;1.0;0.0;;REF683
REC4555;SP597;ITA.1_1;RLM11;0.0;0.0;1.0;;1.0;0.0;;REF683
REC4556;SP597;LTU.1_1;RLM11;0.0;0.0;1.0;;1.0;0.0;;REF683
REC4557;SP597;MNE.1_1;RLM11;0.0;0.0;1.0;;1.0;0.0;;REF683
REC4558;SP597;MKD.1_1;RLM11;0.0;0.0;1.0;;1.0;0.0;;REF683
REC4559;SP597;ROU.1_1;RLM11;0.0;0.0;1.0;;1.0;0.0;;REF683
REC4560;SP597;RUS.1_2;RLM11;0.0;0.0;1.0;;1.0;0.0;;REF683
REC4561;SP597;SRB.1_1;RLM11;0.0;0.0;1.0;;1.0;0.0;;REF683
REC4562;SP597;SVK.1_1;RLM11;0.0;0.0;1.0;;1.0;0.0;;REF683
REC4563;SP597;SVN.1_1;RLM11;0.0;0.0;1.0;;1.0;0.0;;REF683
REC4564;SP597;ESP.1_1;RLM11;0.0;0.0;1.0;;1.0;0.0;;REF683
REC4565;SP597;CHE.1_1;RLM11;0.0;0.0;1.0;;1.0;0.0;;REF683
REC4566;SP597;GBR.1_1;RLM11;0.0;0.0;1.0;;1.0;0.0;;REF683
REC4567;SP597;SRB.1_1;RLM11;0.0;0.0;1.0;;1.0;0.0;;REF911
REC4568;SP597;GRC.1_1;RLM11;0.0;0.0;1.0;;1.0;0.0;1920.0;REF911
REC4569;SP597;CHL.1_1;RLM1;0.0;0.0;1.0;;1.0;0.0;2011.0;REF603
REC4570;SP597;FRA.1_1;RLM11;0.0;0.0;1.0;;1.0;0.0;1920.0;REF603
REC4571;SP597;ITA.1_1;RLM11;0.0;0.0;1.0;;1.0;0.0;1920.0;REF603
REC4572;SP597;NZL.1_1;RLM2;0.0;0.0;;;1.0;0.0;1976.0;REF603
REC4573;SP597;SVN.1_1;RLM11;0.0;0.0;1.0;;1.0;0.0;1920.0;REF603
REC4574;SP597;ZAF.1_1;RLM3;0.0;0.0;1.0;;1.0;0.0;1980.0;REF603
REC4575;SP597;ITA.1_1;RLM11;0.0;0.0;1.0;;1.0;0.0;;REF603
REC4576;SP597;FRA.1_1;RLM11;0.0;0.0;1.0;;1.0;0.0;;REF603
REC4577;SP597;SVK.1_1;RLM11;0.0;0.0;1.0;;1.0;0.0;;REF603
REC4578;SP597;SVN.1_1;RLM11;0.0;0.0;1.0;;1.0;0.0;;REF603
REC4579;SP597;ESP.1_1;RLM11;0.0;0.0;1.0;;1.0;0.0;;REF603
REC4580;SP597;PRT.1_1;RLM11;0.0;0.0;1.0;;1.0;0.0;;REF603
REC4581;SP597;ZAF.1_1;RLM3;0.0;0.0;1.0;;1.0;0.0;;REF603
REC4582;SP597;CHL.1_1;RLM1;0.0;0.0;1.0;;1.0;0.0;;REF603
REC4583;SP597;ARG.1_1;RLM1;0.0;0.0;1.0;;1.0;0.0;;REF603
REC4584;SP597;JPN.1_1;RLM10;0.0;0.0;1.0;;1.0;0.0;;REF811
REC4585;SP597;JPN.1_1;RLM10;0.0;0.0;1.0;;1.0;0.0;;REF812
REC4586;SP597;JPN.1_1;RLM10;0.0;0.0;1.0;;1.0;0.0;1910.0;REF779
REC4587;SP597;AUS.1_1;RLM2;0.0;0.0;;;1.0;0.0;1911.0;REF59
REC4588;SP597;USA.1_1;RLM9;0.0;0.0;1.0;0.0;1.0;0.0;1912.0;REF1002
REC4589;SP598;BGR.1_1;RLM11;0.0;0.0;1.0;;;0.0;1970.0;REF1073
REC4590;SP599;BGR.1_1;RLM11;0.0;0.0;1.0;;;0.0;1970.0;REF1073
REC4591;SP600;USA.2_1;RLM9;;;1.0;;1.0;0.0;;REF697
REC4592;SP600;USA.2_1;RLM9;;;1.0;;1.0;0.0;1964.0;REF1096
REC4593;SP600;USA.2_1;RLM9;;0.0;1.0;;1.0;0.0;;REF1007
REC4594;SP600;USA.2_1;RLM9;0.0;0.0;;;1.0;0.0;;REF1195
REC4595;SP601;CAN.1_1;RLM9;0.0;0.0;1.0;;1.0;0.0;1980.0;REF1002
REC4596;SP601;CAN.1_1;RLM9;;;;;1.0;0.0;;REF152
REC4597;SP601;CAN.1_1;RLM9;0.0;0.0;1.0;;1.0;0.0;1980.0;REF394
REC4598;SP601;USA.1_1;RLM9;0.0;0.0;1.0;;1.0;0.0;;REF394
REC4599;SP601;CAN.1_1;RLM9;;;;;1.0;0.0;;REF152
REC4600;SP601;USA.1_1;RLM9;;;;;1.0;0.0;;REF152
REC4601;SP601;USA.1_1;RLM9;0.0;0.0;1.0;;1.0;0.0;2001.0;REF1007
REC4602;SP601;USA.1_1;RLM9;0.0;0.0;;;1.0;0.0;;REF1195
REC4603;SP601;USA.1_1;RLM9;0.0;0.0;1.0;;1.0;0.0;;REF1002
REC4604;SP602;GBR.1_1;RLM11;;;1.0;;1.0;0.0;;REF542
REC4605;SP602;GBR.1_1;RLM11;;;;;1.0;0.0;;REF152
REC4606;SP603;USA.1_1;RLM9;0.0;0.0;;;1.0;0.0;;REF1195
REC4607;SP604;RUS.1_2;RLM11;;;1.0;;1.0;0.0;;REF542
REC4608;SP604;RUS.1_1;RLM11;;;1.0;;1.0;0.0;;REF957
REC4609;SP604;RUS.1_2;RLM11;0.0;0.0;1.0;;1.0;0.0;;REF683
REC4610;SP605;CZE.1_1;RLM11;;;1.0;;1.0;0.0;1900.0;REF152
REC4611;SP605;LTU.1_1;RLM11;;;;;1.0;0.0;;REF152
REC4612;SP605;SVK.1_1;RLM11;;;;;1.0;0.0;;REF152
REC4613;SP605;SWE.1_1;RLM11;;;;;1.0;0.0;;REF152
REC4614;SP605;GBR.1_1;RLM11;;;;;1.0;0.0;;REF152
REC4615;SP605;AUT.1_1;RLM11;0.0;0.0;1.0;;1.0;0.0;;REF683
REC4616;SP605;BEL.1_1;RLM11;0.0;0.0;1.0;;1.0;0.0;;REF683
REC4617;SP605;CZE.1_1;RLM11;0.0;0.0;1.0;;1.0;0.0;;REF683
REC4618;SP605;DNK.1_1;RLM11;0.0;0.0;1.0;;1.0;0.0;;REF683
REC4619;SP605;FIN.1_1;RLM11;0.0;0.0;1.0;;1.0;0.0;;REF683
REC4620;SP605;DEU.1_1;RLM11;0.0;0.0;1.0;;1.0;0.0;;REF683
REC4621;SP605;LTU.1_1;RLM11;0.0;0.0;1.0;;1.0;0.0;;REF683
REC4622;SP605;NLD.1_1;RLM11;0.0;0.0;1.0;;1.0;0.0;;REF683
REC4623;SP605;NOR.1_1;RLM11;0.0;0.0;1.0;;1.0;0.0;;REF683
REC4624;SP605;POL.1_1;RLM11;0.0;0.0;1.0;;1.0;0.0;;REF683
REC4625;SP605;RUS.1_2;RLM11;0.0;0.0;1.0;;1.0;0.0;;REF683
REC4626;SP605;SVK.1_1;RLM11;0.0;0.0;1.0;;1.0;0.0;;REF683
REC4627;SP605;SWE.1_1;RLM11;0.0;0.0;1.0;;1.0;0.0;;REF683
REC4628;SP605;GBR.1_1;RLM11;0.0;0.0;1.0;;1.0;0.0;;REF683
REC4629;SP606;IRL.1_1;RLM11;;;1.0;;1.0;0.0;;REF542
REC4630;SP606;CZE.1_1;RLM11;;;1.0;;1.0;0.0;1905.0;REF152
REC4631;SP606;IRL.1_1;RLM11;;;;;1.0;0.0;;REF152
REC4632;SP606;LTU.1_1;RLM11;;;;;1.0;0.0;;REF152
REC4633;SP606;NLD.1_1;RLM11;;;;;1.0;0.0;;REF152
REC4634;SP606;NOR.1_1;RLM11;;;;;1.0;0.0;;REF152
REC4635;SP606;SVK.1_1;RLM11;;;;;1.0;0.0;;REF152
REC4636;SP606;SWE.1_1;RLM11;;;;;1.0;0.0;;REF152
REC4637;SP606;GBR.1_1;RLM11;;;;;1.0;0.0;;REF152
REC4638;SP606;AUT.1_1;RLM11;0.0;0.0;1.0;;1.0;0.0;;REF683
REC4639;SP606;BEL.1_1;RLM11;0.0;0.0;1.0;;1.0;0.0;;REF683
REC4640;SP606;CZE.1_1;RLM11;0.0;0.0;1.0;;1.0;0.0;;REF683
REC4641;SP606;DNK.1_1;RLM11;0.0;0.0;1.0;;1.0;0.0;;REF683
REC4642;SP606;FIN.1_1;RLM11;0.0;0.0;1.0;;1.0;0.0;;REF683
REC4643;SP606;DEU.1_1;RLM11;0.0;0.0;1.0;;1.0;0.0;;REF683
REC4644;SP606;LTU.1_1;RLM11;0.0;0.0;1.0;;1.0;0.0;;REF683
REC4645;SP606;NLD.1_1;RLM11;0.0;0.0;1.0;;1.0;0.0;;REF683
REC4646;SP606;NOR.1_1;RLM11;0.0;0.0;1.0;;1.0;0.0;;REF683
REC4647;SP606;POL.1_1;RLM11;0.0;0.0;1.0;;1.0;0.0;;REF683
REC4648;SP606;IRL.1_1;RLM11;0.0;0.0;1.0;;1.0;0.0;;REF683
REC4649;SP606;RUS.1_2;RLM11;0.0;0.0;1.0;;1.0;0.0;;REF683
REC4650;SP606;SVK.1_1;RLM11;0.0;0.0;1.0;;1.0;0.0;;REF683
REC4651;SP606;SWE.1_1;RLM11;0.0;0.0;1.0;;1.0;0.0;;REF683
REC4652;SP606;CHE.1_1;RLM11;0.0;0.0;1.0;;1.0;0.0;;REF683
REC4653;SP606;GBR.1_1;RLM11;0.0;0.0;1.0;;1.0;0.0;;REF683
REC4654;SP606;USA.1_1;RLM9;0.0;0.0;1.0;;1.0;0.0;;REF1002
REC4655;SP607;NZL.1_1;RLM2;;;1.0;;1.0;0.0;;REF697
REC4656;SP607;NZL.1_1;RLM2;;;1.0;;1.0;0.0;2021.0;REF1096
REC4657;SP608;JPN.1_1;RLM10;;;1.0;;1.0;0.0;;REF542
REC4658;SP608;JPN.1_1;RLM6;0.0;0.0;;;1.0;0.0;;REF1195
REC4659;SP608;JPN.1_1;RLM10;0.0;0.0;1.0;;1.0;0.0;;REF812
REC4660;SP609;USA.1_1;RLM9;;0.0;;;1.0;0.0;2005.0;REF644
REC4661;SP609;USA.1_1;RLM9;;0.0;;;1.0;0.0;1998.0;REF644
REC4662;SP609;GBR.1_1;RLM11;;;1.0;;1.0;0.0;1997.0;REF1096
REC4663;SP609;USA.1_1;RLM9;;0.0;1.0;;1.0;0.0;1998.0;REF1007
REC4664;SP609;USA.1_1;RLM9;0.0;0.0;1.0;1.0;1.0;0.0;;REF1002
REC4665;SP610;CAN.1_1;RLM9;0.0;0.0;1.0;;1.0;0.0;1913.0;REF1002
REC4666;SP610;CAN.1_1;RLM9;0.0;0.0;1.0;;1.0;0.0;1914.0;REF394
REC4667;SP610;CAN.1_1;RLM9;0.0;0.0;1.0;;1.0;0.0;1913.0;REF394
REC4668;SP610;USA.1_1;RLM9;0.0;0.0;1.0;;1.0;0.0;1913.0;REF1007
REC4669;SP610;USA.1_1;RLM9;0.0;0.0;;;1.0;0.0;;REF1195
REC4670;SP610;USA.1_1;RLM9;0.0;0.0;1.0;;1.0;0.0;1913.0;REF1002
REC4671;SP611;CAN.1_1;RLM9;0.0;0.0;;1.0;1.0;0.0;1956.0;REF1002
REC4672;SP611;USA.1_1;RLM9;0.0;0.0;1.0;;1.0;0.0;1975.0;REF394
REC4673;SP611;USA.1_1;RLM9;0.0;0.0;1.0;;1.0;0.0;1985.0;REF394
REC4674;SP611;CAN.1_1;RLM9;0.0;0.0;1.0;;1.0;0.0;1985.0;REF394
REC4675;SP611;CAN.1_1;RLM9;0.0;0.0;1.0;;1.0;0.0;1956.0;REF394
REC4676;SP611;USA.1_1;RLM9;0.0;0.0;1.0;;1.0;0.0;1975.0;REF1007
REC4677;SP611;USA.1_1;RLM9;1.0;0.0;;;1.0;0.0;;REF1195
REC4678;SP611;USA.1_1;RLM9;0.0;0.0;;1.0;1.0;0.0;1975.0;REF1002
REC4679;SP612;USA.1_1;RLM9;0.0;0.0;1.0;0.0;1.0;0.0;1943.0;REF1002
REC4680;SP613;NZL.2_1;RLM5;0.0;1.0;1.0;;1.0;0.0;2016.0;REF859
REC4681;SP614;BRA.1_1;RLM1;;;;;1.0;0.0;;REF152
REC4682;SP614;BRA.1_1;RLM1;;;;;1.0;0.0;;REF152
REC4683;SP614;BRA.1_1;RLM1;;;;;1.0;0.0;;REF152
REC4684;SP614;BRA.1_1;RLM1;;;;;1.0;0.0;;REF152
REC4685;SP614;USA.1_1;RLM9;;;;;1.0;0.0;;REF152
REC4686;SP614;BRA.1_1;RLM1;;;;;1.0;0.0;;REF152
REC4687;SP614;JPN.1_1;RLM10;;;;;1.0;0.0;;REF152
REC4688;SP614;JPN.1_1;RLM10;;;;;1.0;0.0;;REF152
REC4689;SP614;JPN.1_1;RLM10;;;;;1.0;0.0;;REF152
REC4690;SP614;BRA.1_1;RLM1;;;;;1.0;0.0;;REF152
REC4691;SP614;BRA.1_1;RLM1;;;;;1.0;0.0;;REF152
REC4692;SP614;BRA.1_1;RLM1;;;;;1.0;0.0;;REF152
REC4693;SP614;BRA.1_1;RLM1;;;;;1.0;0.0;;REF152
REC4694;SP614;BRA.1_1;RLM1;;;;;1.0;0.0;;REF152
REC4695;SP614;BRA.1_1;RLM1;;;;;1.0;0.0;;REF152
REC4696;SP614;BRA.1_1;RLM1;;;;;1.0;0.0;;REF152
REC4697;SP614;BRA.1_1;RLM1;;;;;1.0;0.0;;REF152
REC4698;SP614;BRA.1_1;RLM1;;;;;1.0;0.0;;REF152
REC4699;SP614;BRA.1_1;RLM1;;;;;1.0;0.0;;REF152
REC4700;SP614;JPN.1_1;RLM10;;;;;1.0;0.0;;REF152
REC4701;SP614;BRA.1_1;RLM1;;;;;1.0;0.0;;REF330
REC4702;SP614;BRA.1_1;RLM1;0.0;0.0;1.0;;1.0;0.0;2012.0;REF1027
REC4703;SP614;BRA.1_1;RLM1;;;;;1.0;0.0;;REF330
REC4704;SP614;BRA.1_1;RLM1;0.0;0.0;1.0;;1.0;0.0;2012.0;REF1027
REC4705;SP614;BRA.1_1;RLM1;0.0;0.0;1.0;;1.0;0.0;2013.0;REF406
REC4706;SP614;BRA.1_1;RLM1;0.0;0.0;1.0;;1.0;0.0;2013.0;REF1027
REC4707;SP614;BRA.1_1;RLM1;;;;;1.0;0.0;;REF330
REC4708;SP614;BRA.1_1;RLM1;0.0;0.0;1.0;;1.0;0.0;2014.0;REF1027
REC4709;SP614;BRA.1_1;RLM1;;;;;1.0;0.0;;REF330
REC4710;SP614;USA.1_1;RLM9;;;;;0.0;0.0;;REF330
REC4711;SP614;USA.1_1;RLM9;0.0;0.0;1.0;1.0;1.0;0.0;;REF916
REC4712;SP614;BRA.1_1;RLM1;0.0;0.0;1.0;;1.0;0.0;2013.0;REF406
REC4713;SP614;BRA.1_1;RLM1;0.0;0.0;1.0;;1.0;0.0;2013.0;REF1027
REC4714;SP614;BRA.1_1;RLM1;;;;;1.0;0.0;;REF330
REC4715;SP614;GUM.1_1;RLM5;0.0;0.0;;;1.0;0.0;;REF1000
REC4716;SP614;JPN.1_1;RLM10;;;;;1.0;0.0;;REF330
REC4717;SP614;JPN.1_1;RLM10;;;;;1.0;0.0;;REF330
REC4718;SP614;JPN.1_1;RLM10;;;;;1.0;0.0;;REF330
REC4719;SP614;BRA.1_1;RLM1;;;;;1.0;0.0;;REF330
REC4720;SP614;BRA.1_1;RLM1;;;;;1.0;0.0;;REF330
REC4721;SP614;BRA.1_1;RLM1;0.0;0.0;1.0;;1.0;0.0;2013.0;REF406
REC4722;SP614;BRA.1_1;RLM1;0.0;0.0;1.0;;1.0;0.0;2013.0;REF1027
REC4723;SP614;BRA.1_1;RLM1;0.0;0.0;1.0;;1.0;0.0;2006.0;REF63
REC4724;SP614;BRA.1_1;RLM1;;;;;1.0;0.0;;REF330
REC4725;SP614;BRA.1_1;RLM1;0.0;0.0;1.0;;1.0;0.0;2013.0;REF1027
REC4726;SP614;BRA.1_1;RLM1;;;;;1.0;0.0;;REF330
REC4727;SP614;BRA.1_1;RLM1;0.0;0.0;1.0;;1.0;0.0;2013.0;REF1027
REC4728;SP614;JPN.1_1;RLM6;;;1.0;;1.0;0.0;;REF697
REC4729;SP614;JPN.1_1;RLM6;;;1.0;;1.0;0.0;;REF697
REC4730;SP614;JPN.1_1;RLM6;;;1.0;;1.0;0.0;;REF1096
REC4731;SP614;JPN.1_1;RLM6;1.0;0.0;;;1.0;0.0;;REF1195
REC4732;SP614;JPN.1_1;RLM6;;;1.0;;1.0;0.0;;REF1096
REC4733;SP614;JPN.1_1;RLM6;1.0;0.0;;;1.0;0.0;;REF1195
REC4734;SP614;BRA.1_1;RLM1;0.0;0.0;1.0;;1.0;0.0;2008.0;REF1027
REC4735;SP614;BRA.1_1;RLM1;;;;;1.0;0.0;;REF330
REC4736;SP614;BRA.1_1;RLM1;0.0;0.0;1.0;;1.0;0.0;2013.0;REF1027
REC4737;SP614;BRA.1_1;RLM1;;;;;1.0;0.0;;REF330
REC4738;SP614;BRA.1_1;RLM1;0.0;0.0;1.0;;1.0;0.0;2013.0;REF1027
REC4739;SP614;BRA.1_1;RLM1;;;;;1.0;0.0;;REF330
REC4740;SP614;BRA.1_1;RLM1;0.0;0.0;1.0;;1.0;0.0;2011.0;REF1027
REC4741;SP614;BRA.1_1;RLM1;;;;;1.0;0.0;;REF330
REC4742;SP614;BRA.1_1;RLM1;0.0;0.0;1.0;;1.0;0.0;2013.0;REF1027
REC4743;SP614;BRA.1_1;RLM1;0.0;0.0;1.0;;1.0;0.0;2013.0;REF1027
REC4744;SP614;BRA.1_1;RLM1;;;;;1.0;0.0;;REF330
REC4745;SP614;JPN.1_1;RLM10;;;;;1.0;0.0;;REF330
REC4746;SP614;JPN.1_1;RLM10;;;1.0;;1.0;0.0;;REF697
REC4747;SP614;JPN.1_1;RLM10;;;1.0;;1.0;0.0;1994.0;REF1096
REC4748;SP614;POL.1_1;RLM11;;;1.0;;1.0;0.0;;REF542
REC4749;SP614;ARE.1_1;RLM8;;;1.0;;1.0;0.0;;REF542
REC4750;SP614;DNK.1_1;RLM11;;;1.0;;1.0;0.0;;REF542
REC4751;SP614;JPN.1_1;RLM10;;;1.0;;1.0;0.0;;REF542
REC4752;SP614;ZAF.1_1;RLM3;;;;;1.0;0.0;;REF330
REC4753;SP614;ARG.1_1;RLM1;;;;;1.0;0.0;;REF330
REC4754;SP614;BRA.1_1;RLM1;;;;;1.0;0.0;;REF330
REC4755;SP614;COL.1_1;RLM1;;;;;0.0;0.0;;REF330
REC4756;SP614;PRY.1_1;RLM1;;;;;1.0;0.0;;REF330
REC4757;SP614;PER.1_1;RLM1;;;;;1.0;0.0;;REF330
REC4758;SP614;USA.3_1;RLM7;;;;;1.0;0.0;;REF330
REC4759;SP614;USA.1_1;RLM9;;;;;0.0;0.0;;REF330
REC4760;SP614;URY.1_1;RLM1;;;;;1.0;0.0;;REF330
REC4761;SP614;JPN.1_1;RLM10;;;;;1.0;0.0;;REF330
REC4762;SP614;ARE.1_1;RLM8;;;;;1.0;0.0;;REF330
REC4763;SP614;BGR.1_1;RLM11;;;;;1.0;0.0;;REF330
REC4764;SP614;DNK.1_1;RLM11;;;;;0.0;0.0;;REF330
REC4765;SP614;POL.1_1;RLM11;;;;;1.0;0.0;;REF330
REC4766;SP614;GUM.1_1;RLM5;;;;;1.0;0.0;;REF330
REC4767;SP614;ZAF.1_1;RLM3;;;1.0;;1.0;0.0;;REF152
REC4768;SP614;JPN.1_1;RLM10;;;;;1.0;0.0;;REF152
REC4769;SP614;ARE.1_1;RLM8;;;;;1.0;0.0;;REF152
REC4770;SP614;BGR.1_1;RLM11;;;;;1.0;0.0;;REF152
REC4771;SP614;DNK.1_1;RLM11;;;;;1.0;0.0;;REF152
REC4772;SP614;POL.1_1;RLM11;;;;;1.0;0.0;;REF152
REC4773;SP614;USA.3_1;RLM7;;;;;1.0;0.0;;REF152
REC4774;SP614;USA.1_1;RLM9;;;;;1.0;0.0;;REF152
REC4775;SP614;GUM.1_1;RLM5;;;;;1.0;0.0;;REF152
REC4776;SP614;ARG.1_1;RLM1;;;;;1.0;0.0;;REF152
REC4777;SP614;BRA.1_1;RLM1;;;;;1.0;0.0;;REF152
REC4778;SP614;COL.1_1;RLM1;;;;;1.0;0.0;;REF152
REC4779;SP614;PRY.1_1;RLM1;;;;;1.0;0.0;;REF152
REC4780;SP614;PER.1_1;RLM1;;;;;1.0;0.0;;REF152
REC4781;SP614;URY.1_1;RLM1;;;;;1.0;0.0;;REF152
REC4782;SP614;JPN.1_1;RLM10;1.0;0.0;;;1.0;0.0;;REF1195
REC4783;SP614;COL.1_1;RLM1;0.0;0.0;1.0;;1.0;0.0;;REF63
REC4784;SP614;ARG.1_1;RLM1;0.0;0.0;1.0;;1.0;0.0;2014.0;REF629
REC4785;SP614;BOL.1_1;RLM1;0.0;0.0;1.0;;1.0;0.0;;REF629
REC4786;SP614;PRY.1_1;RLM1;0.0;0.0;1.0;;1.0;0.0;2013.0;REF629
REC4787;SP614;USA.3_1;RLM7;0.0;0.0;1.0;1.0;1.0;0.0;2014.0;REF629
REC4788;SP614;URY.1_1;RLM1;0.0;0.0;1.0;;1.0;0.0;2014.0;REF629
REC4789;SP614;BGR.1_1;RLM11;0.0;0.0;1.0;;1.0;0.0;1860.0;REF1073
REC4790;SP614;JPN.1_1;RLM10;1.0;0.0;1.0;;1.0;0.0;;REF812
REC4791;SP614;PER.1_1;RLM1;0.0;0.0;1.0;;1.0;0.0;2006.0;REF1063
REC4792;SP615;CHL.1_1;RLM1;;;1.0;;1.0;0.0;2011.0;REF1096
REC4793;SP616;USA.2_1;RLM9;;;1.0;;1.0;0.0;;REF152
REC4794;SP616;USA.2_1;RLM9;;;1.0;;1.0;0.0;;REF697
REC4795;SP616;USA.2_1;RLM9;;;1.0;;1.0;0.0;1902.0;REF1096
REC4796;SP616;USA.2_1;RLM9;;;;;1.0;0.0;;REF330
REC4797;SP616;USA.2_1;RLM9;0.0;0.0;1.0;;1.0;0.0;1930.0;REF1007
REC4798;SP616;USA.2_1;RLM9;0.0;0.0;;;1.0;0.0;;REF1195
REC4799;SP617;GUM.1_1;RLM5;0.0;0.0;1.0;;1.0;0.0;;REF1000
REC4800;SP618;GUM.1_1;RLM5;0.0;0.0;1.0;;1.0;0.0;;REF1000
REC4801;SP619;NZL.1_1;RLM2;;;1.0;;1.0;0.0;;REF697
REC4802;SP619;NZL.1_1;RLM2;;;1.0;;1.0;0.0;1994.0;REF1096
REC4803;SP619;NZL.1_1;RLM2;0.0;0.0;;;1.0;0.0;1994.0;REF493
REC4804;SP620;AUS.1_1;RLM2;;;1.0;;1.0;0.0;;REF697
REC4805;SP621;USA.2_1;RLM9;;;1.0;;1.0;0.0;;REF697
REC4806;SP621;USA.2_1;RLM9;;1.0;1.0;;1.0;0.0;1972.0;REF1096
REC4807;SP621;USA.2_1;RLM9;0.0;1.0;1.0;;1.0;0.0;;REF1007
REC4808;SP621;USA.2_1;RLM9;0.0;1.0;;;1.0;0.0;;REF1195
REC4809;SP621;USA.2_1;RLM9;0.0;;1.0;;1.0;0.0;;REF48
REC4810;SP622;USA.2_1;RLM9;;;1.0;;1.0;0.0;;REF697
REC4811;SP622;USA.2_1;RLM9;;;1.0;;1.0;0.0;1989.0;REF1096
REC4812;SP622;USA.2_1;RLM9;1.0;0.0;1.0;;1.0;0.0;;REF1007
REC4813;SP622;USA.2_1;RLM9;1.0;0.0;;;1.0;0.0;;REF1195
REC4814;SP622;CHL.1_1;RLM1;;;1.0;;1.0;0.0;1965.0;REF1096
REC4815;SP622;USA.1_1;RLM9;1.0;0.0;1.0;;1.0;0.0;;REF1007
REC4816;SP622;USA.1_1;RLM9;0.0;0.0;;;1.0;0.0;;REF1195
REC4817;SP623;USA.2_1;RLM9;;;1.0;;1.0;0.0;;REF697
REC4818;SP623;USA.2_1;RLM9;;;1.0;;1.0;0.0;1899.0;REF1096
REC4819;SP623;USA.2_1;RLM9;;0.0;1.0;;1.0;0.0;;REF1007
REC4820;SP623;USA.2_1;RLM9;0.0;0.0;;;1.0;0.0;;REF1195
REC4821;SP623;GUM.1_1;RLM5;0.0;0.0;1.0;;1.0;0.0;;REF1000
REC4822;SP623;AUS.1_1;RLM2;;;1.0;;1.0;0.0;;REF697
REC4823;SP623;ZAF.1_1;RLM3;;;1.0;;1.0;0.0;;REF697
REC4824;SP623;ZAF.1_1;RLM3;;0.0;1.0;;1.0;0.0;;REF1096
REC4825;SP623;USA.1_1;RLM9;;0.0;1.0;;1.0;0.0;;REF1007
REC4826;SP623;USA.1_1;RLM9;0.0;0.0;;;1.0;0.0;;REF1195
REC4827;SP623;PLW.1_1;RLM5;0.0;0.0;1.0;;1.0;0.0;;REF1000
REC4828;SP623;NZL.2_1;RLM5;0.0;0.0;1.0;;1.0;0.0;;REF284
REC4829;SP623;FJI.1_1;RLM5;0.0;0.0;1.0;;1.0;0.0;;REF284
REC4830;SP623;FSM.1_1;RLM5;0.0;0.0;1.0;;1.0;0.0;;REF284
REC4831;SP623;NIU.1_1;RLM5;0.0;0.0;1.0;;1.0;0.0;;REF284
REC4832;SP623;PNG.1_1;RLM5;0.0;0.0;1.0;;1.0;0.0;;REF284
REC4833;SP623;USA.5_1;RLM5;0.0;0.0;1.0;;1.0;0.0;;REF284
REC4834;SP623;TKL.1_1;RLM5;0.0;0.0;1.0;;1.0;0.0;;REF284
REC4835;SP623;TON.1_1;RLM5;0.0;0.0;1.0;;1.0;0.0;;REF284
REC4836;SP623;WSM.1_1;RLM5;0.0;0.0;1.0;;1.0;0.0;;REF284
REC4837;SP623;SLB.1_1;RLM5;0.0;0.0;1.0;;1.0;0.0;;REF284
REC4838;SP623;PLW.1_1;RLM5;0.0;0.0;1.0;;1.0;0.0;;REF284
REC4839;SP623;FRA.7_1;RLM5;0.0;0.0;1.0;;1.0;0.0;;REF284
REC4840;SP623;FRA.6_1;RLM5;0.0;0.0;1.0;;1.0;0.0;;REF284
REC4841;SP623;USA.2_1;RLM9;0.0;;1.0;;1.0;0.0;;REF47
REC4842;SP624;ECU.2_1;RLM1;;;1.0;;1.0;0.0;;REF697
REC4843;SP625;ECU.2_1;RLM1;;;1.0;;1.0;0.0;1995.0;REF1096
REC4844;SP626;CAN.1_1;RLM9;0.0;0.0;1.0;0.0;1.0;0.0;1973.0;REF1002
REC4845;SP626;USA.1_1;RLM9;;0.0;1.0;;1.0;0.0;1978.0;REF1007
REC4846;SP626;USA.1_1;RLM9;0.0;0.0;;;1.0;0.0;;REF1195
REC4847;SP626;CAN.1_1;RLM9;0.0;0.0;1.0;;1.0;0.0;1978.0;REF274
REC4848;SP626;USA.1_1;RLM9;0.0;0.0;1.0;;1.0;0.0;;REF1002
REC4849;SP627;ISL.1_1;RLM11;;;1.0;;1.0;0.0;;REF542
REC4850;SP627;ISL.1_1;RLM11;;;1.0;;1.0;0.0;2005.0;REF152
REC4851;SP628;CHN.1_1;RLM10;0.0;0.0;1.0;;1.0;0.0;;REF187
REC4852;SP629;ECU.2_1;RLM1;;;1.0;;1.0;0.0;;REF697
REC4853;SP629;ECU.2_1;RLM1;;;1.0;;1.0;0.0;1992.0;REF1096
REC4854;SP629;SWZ.1_1;RLM3;;;1.0;;1.0;0.0;;REF542
REC4855;SP630;USA.2_1;RLM9;;;1.0;;1.0;0.0;;REF697
REC4856;SP630;USA.2_1;RLM9;;;1.0;;1.0;0.0;1967.0;REF1096
REC4857;SP630;USA.2_1;RLM9;;0.0;1.0;;1.0;0.0;1967.0;REF1007
REC4858;SP630;USA.2_1;RLM9;1.0;0.0;;;1.0;0.0;;REF1195
REC4859;SP630;PRT.3_1;RLM11;1.0;0.0;;;1.0;0.0;;REF683
REC4860;SP630;NZL.1_1;RLM2;;;1.0;;1.0;0.0;;REF697
REC4861;SP630;NZL.1_1;RLM2;;;1.0;;1.0;0.0;1986.0;REF1096
REC4862;SP630;SWE.1_1;RLM11;;;1.0;;1.0;0.0;;REF542
REC4863;SP630;CYP.1_1;RLM8;;;1.0;;1.0;0.0;;REF542
REC4864;SP630;MLT.1_1;RLM8;;;1.0;;1.0;0.0;;REF957
REC4865;SP630;PRT.3_1;RLM11;;;1.0;;1.0;0.0;;REF957
REC4866;SP630;SWE.1_1;RLM11;;;1.0;;1.0;0.0;;REF957
REC4867;SP630;CYP.1_1;RLM8;;;1.0;;1.0;0.0;1994.0;REF957
REC4868;SP630;PRT.3_1;RLM11;;;1.0;;1.0;0.0;;REF957
REC4869;SP630;ESP.1_1;RLM11;;;1.0;;1.0;0.0;;REF957
REC4870;SP630;NZL.1_1;RLM2;0.0;0.0;;;1.0;0.0;1986.0;REF493
REC4871;SP630;PRT.1_1;RLM11;0.0;0.0;1.0;;1.0;0.0;1997.0;REF493
REC4872;SP630;ESP.1_1;RLM11;0.0;0.0;1.0;;1.0;0.0;1997.0;REF493
REC4873;SP630;GBR.1_1;RLM11;0.0;0.0;1.0;;1.0;0.0;1997.0;REF493
REC4874;SP630;CYP.1_1;RLM8;1.0;0.0;;;1.0;0.0;;REF683
REC4875;SP630;MLT.1_1;RLM8;1.0;0.0;;;1.0;0.0;;REF683
REC4876;SP630;PRT.1_1;RLM11;1.0;0.0;;;1.0;0.0;;REF683
REC4877;SP630;ESP.1_1;RLM11;1.0;0.0;;;1.0;0.0;;REF683
REC4878;SP630;SWE.1_1;RLM11;1.0;0.0;;;1.0;0.0;;REF683
REC4879;SP630;CYP.1_1;RLM8;1.0;0.0;;;1.0;0.0;2010.0;REF261
REC4880;SP630;USA.2_1;RLM9;0.0;;1.0;;1.0;0.0;;REF47
REC4881;SP631;ECU.2_1;RLM1;;;1.0;;1.0;0.0;;REF697
REC4882;SP631;ECU.2_1;RLM1;;;1.0;;1.0;0.0;1970.0;REF1096
REC4883;SP632;USA.1_1;RLM9;;0.0;1.0;;1.0;0.0;1982.0;REF1007
REC4884;SP633;DNK.1_1;RLM11;;;1.0;;1.0;0.0;;REF542
REC4885;SP634;USA.2_1;RLM9;;;1.0;;1.0;0.0;;REF697
REC4886;SP634;USA.2_1;RLM9;;;1.0;;1.0;0.0;1998.0;REF1096
REC4887;SP634;USA.2_1;RLM9;;0.0;1.0;;1.0;0.0;1998.0;REF1007
REC4888;SP634;USA.2_1;RLM9;0.0;0.0;;;1.0;;;REF47
REC4889;SP635;USA.1_1;RLM9;0.0;0.0;;;1.0;0.0;;REF1002
REC4890;SP636;USA.1_2;RLM9;0.0;0.0;1.0;;1.0;0.0;;REF1002
REC4891;SP636;CAN.1_1;RLM9;0.0;0.0;1.0;;1.0;0.0;;REF1002
REC4892;SP636;USA.1_2;RLM9;;0.0;1.0;;1.0;0.0;;REF1007
REC4893;SP636;USA.2_1;RLM9;;;1.0;;1.0;0.0;;REF697
REC4894;SP636;USA.2_1;RLM9;;;1.0;;1.0;0.0;1976.0;REF1096
REC4895;SP636;USA.2_1;RLM9;;0.0;1.0;;1.0;0.0;;REF1007
REC4896;SP636;USA.2_1;RLM9;0.0;0.0;;;1.0;0.0;;REF1195
REC4897;SP636;AUS.1_1;RLM2;;;1.0;;1.0;0.0;;REF697
REC4898;SP636;NZL.1_1;RLM2;;;1.0;;1.0;0.0;;REF697
REC4899;SP636;NZL.1_1;RLM2;;;1.0;;1.0;0.0;1800.0;REF1096
REC4900;SP636;IRL.1_1;RLM11;;;1.0;;1.0;0.0;;REF542
REC4901;SP636;DNK.1_1;RLM11;;;1.0;;1.0;0.0;;REF542
REC4902;SP636;SWE.1_1;RLM11;;;1.0;;1.0;0.0;;REF542
REC4903;SP636;EST.1_1;RLM11;;;1.0;;1.0;0.0;;REF542
REC4904;SP636;USA.1_1;RLM9;;0.0;1.0;;1.0;0.0;;REF1007
REC4905;SP636;USA.1_1;RLM9;0.0;0.0;;;1.0;0.0;;REF1195
REC4906;SP636;AUT.1_1;RLM11;0.0;0.0;1.0;;1.0;0.0;;REF683
REC4907;SP636;BLR.1_1;RLM11;0.0;0.0;1.0;;1.0;0.0;;REF683
REC4908;SP636;BEL.1_1;RLM11;0.0;0.0;1.0;;1.0;0.0;;REF683
REC4909;SP636;CZE.1_1;RLM11;0.0;0.0;1.0;;1.0;0.0;;REF683
REC4910;SP636;DNK.1_1;RLM11;0.0;0.0;1.0;;1.0;0.0;;REF683
REC4911;SP636;EST.1_1;RLM11;0.0;0.0;1.0;;1.0;0.0;;REF683
REC4912;SP636;FIN.1_1;RLM11;0.0;0.0;1.0;;1.0;0.0;;REF683
REC4913;SP636;DEU.1_1;RLM11;0.0;0.0;1.0;;1.0;0.0;;REF683
REC4914;SP636;ISL.1_1;RLM11;0.0;0.0;1.0;;1.0;0.0;;REF683
REC4915;SP636;LVA.1_1;RLM11;0.0;0.0;1.0;;1.0;0.0;;REF683
REC4916;SP636;LTU.1_1;RLM11;0.0;0.0;1.0;;1.0;0.0;;REF683
REC4917;SP636;NLD.1_1;RLM11;0.0;0.0;1.0;;1.0;0.0;;REF683
REC4918;SP636;NOR.1_1;RLM11;0.0;0.0;1.0;;1.0;0.0;;REF683
REC4919;SP636;POL.1_1;RLM11;0.0;0.0;1.0;;1.0;0.0;;REF683
REC4920;SP636;PRT.1_1;RLM11;0.0;0.0;1.0;;1.0;0.0;;REF683
REC4921;SP636;IRL.1_1;RLM11;0.0;0.0;1.0;;1.0;0.0;;REF683
REC4922;SP636;ROU.1_1;RLM11;0.0;0.0;1.0;;1.0;0.0;;REF683
REC4923;SP636;SVK.1_1;RLM11;0.0;0.0;1.0;;1.0;0.0;;REF683
REC4924;SP636;SWE.1_1;RLM11;0.0;0.0;1.0;;1.0;0.0;;REF683
REC4925;SP636;CHE.1_1;RLM11;0.0;0.0;1.0;;1.0;0.0;;REF683
REC4926;SP636;GBR.1_1;RLM11;0.0;0.0;1.0;;1.0;0.0;;REF683
REC4927;SP636;DNK.2_1;RLM11;0.0;0.0;1.0;0.0;1.0;0.0;;REF1002
REC4928;SP636;USA.1_1;RLM9;0.0;0.0;1.0;;1.0;0.0;;REF1002
REC4929;SP637;USA.1_1;RLM9;;;1.0;;1.0;0.0;;REF542
REC4930;SP637;USA.1_1;RLM9;;0.0;1.0;;1.0;0.0;1940.0;REF1007
REC4931;SP638;CAN.1_1;RLM9;0.0;0.0;1.0;;1.0;0.0;;REF1002
REC4932;SP638;USA.1_1;RLM9;0.0;0.0;1.0;;1.0;0.0;;REF1195
REC4933;SP638;USA.1_1;RLM9;0.0;0.0;1.0;0.0;1.0;0.0;1943.0;REF1002
REC4934;SP639;AUS.1_1;RLM2;0.0;1.0;1.0;;1.0;0.0;;REF921
REC4935;SP640;CHL.1_1;RLM1;;;1.0;;1.0;0.0;2012.0;REF1096
REC4936;SP641;BRA.1_1;RLM1;0.0;0.0;1.0;;1.0;0.0;1998.0;REF865
REC4937;SP641;BRA.1_1;RLM1;0.0;0.0;1.0;;1.0;0.0;2016.0;REF337
REC4938;SP641;BRA.1_1;RLM1;0.0;0.0;1.0;;1.0;0.0;1997.0;REF337
REC4939;SP641;BRA.1_1;RLM1;0.0;0.0;1.0;;1.0;0.0;1997.0;REF865
REC4940;SP641;BRA.1_1;RLM1;0.0;0.0;1.0;;1.0;0.0;1998.0;REF865
REC4941;SP641;BRA.1_1;RLM1;0.0;0.0;1.0;;1.0;0.0;;REF337
REC4942;SP641;BRA.1_1;RLM1;0.0;0.0;1.0;;1.0;0.0;2020.0;REF359
REC4943;SP641;BRA.1_1;RLM1;0.0;0.0;1.0;;1.0;0.0;2016.0;REF337
REC4944;SP641;BRA.1_1;RLM1;0.0;0.0;1.0;;1.0;0.0;2016.0;REF337
REC4945;SP641;BRA.1_1;RLM1;0.0;0.0;1.0;;1.0;0.0;;REF337
REC4946;SP641;BRA.1_1;RLM1;0.0;0.0;1.0;;1.0;0.0;1998.0;REF865
REC4947;SP641;BRA.1_1;RLM1;0.0;0.0;1.0;;1.0;0.0;2016.0;REF337
REC4948;SP641;BRA.1_1;RLM1;0.0;0.0;1.0;;1.0;0.0;2016.0;REF337
REC4949;SP641;BRA.1_1;RLM1;0.0;0.0;1.0;;1.0;0.0;2016.0;REF337
REC4950;SP641;CRI.1_1;RLM7;;;1.0;;1.0;0.0;;REF542
REC4951;SP641;MEX.1_1;RLM9;;;1.0;;1.0;0.0;;REF542
REC4952;SP641;USA.1_1;RLM9;;0.0;1.0;;1.0;0.0;1925.0;REF1007
REC4953;SP642;CAN.1_1;RLM9;0.0;0.0;1.0;;1.0;0.0;;REF1002
REC4954;SP642;USA.1_1;RLM9;0.0;0.0;1.0;;1.0;0.0;1902.0;REF1007
REC4955;SP642;USA.1_1;RLM9;0.0;0.0;;;1.0;0.0;;REF1195
REC4956;SP642;CAN.1_1;RLM9;0.0;0.0;1.0;;1.0;0.0;1900.0;REF1165
REC4957;SP642;USA.1_1;RLM9;0.0;0.0;1.0;;1.0;0.0;;REF1002
REC4958;SP643;USA.2_1;RLM9;;;1.0;;1.0;0.0;;REF697
REC4959;SP643;USA.2_1;RLM9;;;1.0;;1.0;0.0;1970.0;REF1096
REC4960;SP643;USA.2_1;RLM9;;0.0;1.0;;1.0;0.0;;REF1007
REC4961;SP643;USA.2_1;RLM9;0.0;0.0;;;1.0;0.0;;REF1195
REC4962;SP644;CAN.1_1;RLM9;0.0;1.0;1.0;0.0;1.0;0.0;;REF1002
REC4963;SP644;CAN.1_1;RLM9;;;1.0;;1.0;0.0;;REF542
REC4964;SP644;USA.1_1;RLM9;;0.0;1.0;;1.0;0.0;;REF1007
REC4965;SP644;USA.1_1;RLM9;0.0;1.0;;;1.0;0.0;;REF1195
REC4966;SP644;USA.1_1;RLM9;0.0;1.0;1.0;0.0;1.0;0.0;;REF1002
REC4967;SP645;USA.2_1;RLM9;;;1.0;;1.0;0.0;;REF697
REC4968;SP645;USA.2_1;RLM9;;;1.0;;1.0;0.0;1877.0;REF1096
REC4969;SP645;USA.2_1;RLM9;;0.0;1.0;;1.0;0.0;;REF1007
REC4970;SP645;USA.2_1;RLM9;1.0;0.0;;;1.0;0.0;;REF1195
REC4971;SP645;AUS.1_1;RLM2;;;1.0;;1.0;0.0;;REF697
REC4972;SP646;ECU.2_1;RLM1;;;1.0;;1.0;0.0;;REF697
REC4973;SP646;ECU.2_1;RLM1;;;1.0;;1.0;0.0;1906.0;REF1096
REC4974;SP647;USA.2_1;RLM9;;;1.0;;1.0;0.0;;REF697
REC4975;SP647;USA.2_1;RLM9;;1.0;1.0;;1.0;0.0;1957.0;REF1096
REC4976;SP647;USA.2_1;RLM9;0.0;1.0;1.0;;1.0;0.0;1957.0;REF1007
REC4977;SP648;USA.2_1;RLM9;;;1.0;;1.0;0.0;;REF697
REC4978;SP648;USA.2_1;RLM9;;1.0;1.0;;1.0;0.0;;REF1096
REC4979;SP648;USA.2_1;RLM9;0.0;1.0;1.0;;1.0;0.0;;REF1007
REC4980;SP648;USA.2_1;RLM9;0.0;1.0;;;1.0;0.0;;REF1195
REC4981;SP648;USA.2_1;RLM9;0.0;;1.0;;1.0;0.0;;REF47
REC4982;SP649;CAN.1_1;RLM9;0.0;1.0;1.0;0.0;;0.0;2012.0;REF165
REC4983;SP649;CAN.1_1;RLM9;0.0;1.0;1.0;0.0;1.0;0.0;;REF1002
REC4984;SP650;USA.2_1;RLM9;0.0;1.0;1.0;;1.0;0.0;1957.0;REF1007
REC4985;SP651;USA.2_1;RLM9;;;1.0;;1.0;0.0;;REF697
REC4986;SP651;USA.2_1;RLM9;;1.0;1.0;;1.0;0.0;1954.0;REF1096
REC4987;SP651;USA.2_1;RLM9;0.0;1.0;1.0;;1.0;0.0;1954.0;REF1007
REC4988;SP652;USA.1_1;RLM9;0.0;0.0;;1.0;;0.0;1985.0;REF358
REC4989;SP652;USA.1_1;RLM9;;0.0;1.0;;1.0;0.0;1985.0;REF1007
REC4990;SP652;USA.1_1;RLM9;0.0;0.0;;;1.0;0.0;;REF1195
REC4991;SP653;USA.2_1;RLM9;;;1.0;;1.0;0.0;;REF697
REC4992;SP653;USA.2_1;RLM9;1.0;;1.0;;1.0;0.0;1904.0;REF1096
REC4993;SP653;USA.2_1;RLM9;1.0;0.0;;;1.0;0.0;;REF1007
REC4994;SP653;USA.2_1;RLM9;1.0;0.0;;;1.0;0.0;;REF1195
REC4995;SP654;TUN.1_1;RLM8;0.0;0.0;1.0;;1.0;0.0;;REF319
REC4996;SP655;CHN.1_1;RLM10;;;;;1.0;0.0;;REF152
REC4997;SP655;CHN.1_1;RLM10;;;;;1.0;0.0;;REF152
REC4998;SP655;CHN.1_1;RLM10;;;;;1.0;0.0;;REF152
REC4999;SP655;CHN.1_1;RLM10;;;;;1.0;0.0;;REF152
REC5000;SP655;JPN.1_1;RLM10;;;;;1.0;0.0;;REF152
REC5001;SP655;CHN.1_1;RLM11;;;1.0;;1.0;0.0;;REF152
REC5002;SP655;CHN.1_1;RLM11;;;1.0;;1.0;0.0;;REF152
REC5003;SP655;CHN.1_1;RLM11;;;;;1.0;0.0;;REF152
REC5004;SP655;RUS.1_2;RLM11;;;;;1.0;0.0;;REF152
REC5005;SP655;CHN.1_1;RLM10;;;;;1.0;0.0;;REF152
REC5006;SP655;CHN.1_1;RLM10;;;;;1.0;0.0;;REF152
REC5007;SP655;CHN.1_1;RLM10;;;;;1.0;0.0;;REF152
REC5008;SP655;CHN.1_1;RLM10;;;;;1.0;0.0;;REF152
REC5009;SP655;RUS.1_1;RLM11;;;;;1.0;0.0;;REF152
REC5010;SP655;CHN.1_1;RLM10;;;;;1.0;0.0;;REF152
REC5011;SP655;RUS.1_1;RLM11;0.0;0.0;1.0;;1.0;0.0;;REF541
REC5012;SP655;CHN.1_1;RLM10;;;;;1.0;0.0;;REF330
REC5013;SP655;CHN.1_1;RLM10;0.0;0.0;1.0;;1.0;0.0;;REF173
REC5014;SP655;RUS.1_1;RLM11;0.0;0.0;1.0;;1.0;0.0;;REF541
REC5015;SP655;CHN.1_1;RLM10;0.0;0.0;1.0;1.0;1.0;0.0;2006.0;REF158
REC5016;SP655;MNE.1_1;RLM11;0.0;0.0;1.0;1.0;1.0;0.0;1962.0;REF1156
REC5017;SP655;CHN.1_1;RLM10;0.0;0.0;1.0;;1.0;0.0;;REF541
REC5018;SP655;CHN.1_1;RLM10;;;;;1.0;0.0;;REF330
REC5019;SP655;CHN.1_1;RLM10;0.0;0.0;1.0;1.0;1.0;0.0;2004.0;REF158
REC5020;SP655;CHN.1_1;RLM10;0.0;0.0;1.0;;1.0;0.0;;REF173
REC5021;SP655;CHN.1_1;RLM10;0.0;0.0;1.0;1.0;1.0;0.0;2003.0;REF158
REC5022;SP655;CHN.1_1;RLM10;0.0;0.0;1.0;1.0;1.0;0.0;2006.0;REF158
REC5023;SP655;RUS.1_1;RLM11;0.0;0.0;1.0;;1.0;0.0;;REF541
REC5024;SP655;CHN.1_1;RLM11;0.0;0.0;1.0;1.0;1.0;0.0;1981.0;REF158
REC5025;SP655;CHN.1_1;RLM11;0.0;0.0;1.0;1.0;1.0;0.0;1979.0;REF158
REC5026;SP655;RUS.1_2;RLM11;;;;;1.0;0.0;;REF330
REC5027;SP655;CHN.1_1;RLM11;0.0;0.0;1.0;1.0;1.0;0.0;2011.0;REF158
REC5028;SP655;CHN.1_1;RLM10;0.0;0.0;1.0;1.0;1.0;0.0;2009.0;REF158
REC5029;SP655;CHN.1_1;RLM10;0.0;0.0;1.0;;1.0;0.0;;REF541
REC5030;SP655;CHN.1_1;RLM10;;;;;1.0;0.0;;REF330
REC5031;SP655;CHN.1_1;RLM10;0.0;0.0;1.0;;1.0;0.0;;REF173
REC5032;SP655;CHN.1_1;RLM10;;;;;1.0;0.0;;REF330
REC5033;SP655;CHN.1_1;RLM10;0.0;0.0;1.0;;1.0;0.0;;REF173
REC5034;SP655;JPN.1_1;RLM10;;;;;1.0;0.0;;REF330
REC5035;SP655;CHN.1_1;RLM10;0.0;0.0;1.0;;1.0;0.0;;REF173
REC5036;SP655;RUS.1_1;RLM11;0.0;0.0;1.0;;1.0;0.0;;REF541
REC5037;SP655;CHN.1_1;RLM11;0.0;0.0;1.0;;1.0;0.0;;REF173
REC5038;SP655;CHN.1_1;RLM10;0.0;0.0;1.0;1.0;1.0;0.0;2011.0;REF158
REC5039;SP655;CHN.1_1;RLM10;0.0;0.0;1.0;1.0;1.0;0.0;2006.0;REF158
REC5040;SP655;CHN.1_1;RLM10;0.0;0.0;1.0;;1.0;0.0;;REF173
REC5041;SP655;CHN.1_1;RLM11;;;;;1.0;0.0;;REF330
REC5042;SP655;CHN.1_1;RLM11;0.0;0.0;1.0;1.0;1.0;0.0;2009.0;REF1192
REC5043;SP655;CHN.1_1;RLM11;0.0;0.0;1.0;;1.0;0.0;;REF173
REC5044;SP655;CHN.1_1;RLM11;0.0;0.0;1.0;1.0;1.0;0.0;1987.0;REF158
REC5045;SP655;RUS.1_1;RLM11;0.0;0.0;1.0;;1.0;0.0;;REF541
REC5046;SP655;RUS.1_1;RLM11;0.0;0.0;1.0;;1.0;0.0;;REF541
REC5047;SP655;RUS.1_1;RLM11;0.0;0.0;1.0;;1.0;0.0;;REF541
REC5048;SP655;RUS.1_1;RLM11;0.0;0.0;1.0;;1.0;0.0;;REF541
REC5049;SP655;CHN.1_1;RLM11;0.0;0.0;1.0;;1.0;0.0;;REF541
REC5050;SP655;CHN.1_1;RLM11;;;;;1.0;0.0;;REF330
REC5051;SP655;CHN.1_1;RLM11;0.0;0.0;1.0;1.0;1.0;0.0;1979.0;REF1192
REC5052;SP655;CHN.1_1;RLM11;0.0;0.0;1.0;;1.0;0.0;1979.0;REF173
REC5053;SP655;CHN.1_1;RLM11;0.0;0.0;1.0;1.0;1.0;0.0;1979.0;REF824
REC5054;SP655;CHN.1_1;RLM11;0.0;0.0;1.0;1.0;1.0;0.0;2011.0;REF158
REC5055;SP655;JPN.1_1;RLM6;;;1.0;;1.0;0.0;;REF697
REC5056;SP655;JPN.1_1;RLM6;;;1.0;;1.0;0.0;1994.0;REF1096
REC5057;SP655;JPN.1_1;RLM6;0.0;0.0;;;1.0;0.0;;REF1195
REC5058;SP655;CHN.1_1;RLM10;0.0;0.0;1.0;1.0;1.0;0.0;2011.0;REF158
REC5059;SP655;CHN.1_1;RLM10;0.0;0.0;1.0;1.0;1.0;0.0;2009.0;REF158
REC5060;SP655;CHN.1_1;RLM10;0.0;0.0;1.0;1.0;1.0;0.0;2003.0;REF158
REC5061;SP655;CHN.1_1;RLM10;0.0;0.0;1.0;1.0;1.0;0.0;1982.0;REF158
REC5062;SP655;RUS.1_1;RLM11;0.0;0.0;1.0;;1.0;0.0;;REF541
REC5063;SP655;RUS.1_1;RLM11;0.0;0.0;1.0;;1.0;0.0;;REF541
REC5064;SP655;CHN.1_1;RLM10;0.0;0.0;1.0;;1.0;0.0;;REF541
REC5065;SP655;CHN.1_1;RLM10;;;;;1.0;0.0;;REF330
REC5066;SP655;CHN.1_1;RLM10;0.0;0.0;1.0;;1.0;0.0;;REF173
REC5067;SP655;CHN.1_1;RLM10;0.0;0.0;1.0;;1.0;0.0;;REF541
REC5068;SP655;CHN.1_1;RLM10;;;;;1.0;0.0;;REF330
REC5069;SP655;CHN.1_1;RLM10;0.0;0.0;1.0;;1.0;0.0;;REF173
REC5070;SP655;CHN.1_1;RLM10;;;;;1.0;0.0;;REF330
REC5071;SP655;CHN.1_1;RLM10;;;;;1.0;0.0;;REF330
REC5072;SP655;CHN.1_1;RLM11;0.0;0.0;1.0;1.0;1.0;0.0;1994.0;REF158
REC5073;SP655;CHN.1_1;RLM10;0.0;0.0;1.0;1.0;1.0;0.0;1989.0;REF158
REC5074;SP655;RUS.1_1;RLM11;;;;;1.0;0.0;;REF330
REC5075;SP655;RUS.1_1;RLM11;0.0;0.0;1.0;;1.0;0.0;;REF541
REC5076;SP655;CHN.1_1;RLM10;0.0;0.0;1.0;;1.0;0.0;;REF541
REC5077;SP655;CHN.1_1;RLM10;;;;;1.0;0.0;;REF330
REC5078;SP655;CHN.1_1;RLM10;0.0;0.0;1.0;1.0;1.0;0.0;2005.0;REF158
REC5079;SP655;JPN.1_1;RLM10;0.0;0.0;1.0;0.0;1.0;0.0;1945.0;REF547
REC5080;SP655;RUS.1_1;RLM11;0.0;0.0;1.0;;1.0;0.0;;REF541
REC5081;SP655;CHN.1_1;RLM10;0.0;0.0;1.0;1.0;1.0;0.0;1998.0;REF158
REC5082;SP655;CHN.1_1;RLM10;0.0;0.0;1.0;1.0;1.0;0.0;2012.0;REF158
REC5083;SP655;CHN.1_1;RLM10;0.0;0.0;1.0;1.0;1.0;0.0;2011.0;REF158
REC5084;SP655;CHN.1_1;RLM10;0.0;0.0;1.0;1.0;1.0;0.0;2012.0;REF158
REC5085;SP655;CHN.1_1;RLM10;0.0;0.0;1.0;1.0;1.0;0.0;1988.0;REF158
REC5086;SP655;JPN.1_1;RLM10;;;1.0;;1.0;0.0;;REF697
REC5087;SP655;KOR.1_1;RLM11;;;1.0;;1.0;0.0;;REF697
REC5088;SP655;JPN.1_1;RLM10;;;1.0;;1.0;0.0;1945.0;REF1096
REC5089;SP655;KOR.1_1;RLM11;;;1.0;;1.0;0.0;1958.0;REF1096
REC5090;SP655;NZL.1_1;RLM2;;;1.0;;1.0;0.0;2003.0;REF1096
REC5091;SP655;AUT.1_1;RLM11;0.0;0.0;1.0;;1.0;0.0;;REF541
REC5092;SP655;CZE.1_1;RLM11;0.0;0.0;1.0;;1.0;0.0;;REF541
REC5093;SP655;FRA.1_1;RLM11;0.0;0.0;1.0;;1.0;0.0;;REF541
REC5094;SP655;HUN.1_1;RLM11;0.0;0.0;1.0;;1.0;0.0;;REF541
REC5095;SP655;JPN.1_1;RLM10;0.0;0.0;1.0;;1.0;0.0;;REF541
REC5096;SP655;PRK.1_1;RLM11;0.0;0.0;1.0;;1.0;0.0;;REF541
REC5097;SP655;NZL.1_1;RLM2;0.0;0.0;1.0;;1.0;0.0;;REF541
REC5098;SP655;ROU.1_1;RLM11;0.0;0.0;1.0;;1.0;0.0;;REF541
REC5099;SP655;SVK.1_1;RLM11;0.0;0.0;1.0;;1.0;0.0;;REF541
REC5100;SP655;UKR.1_1;RLM11;0.0;0.0;1.0;;1.0;0.0;;REF541
REC5101;SP655;KOR.1_1;RLM11;0.0;0.0;1.0;;1.0;0.0;;REF541
REC5102;SP655;KGZ.1_1;RLM11;0.0;0.0;1.0;;1.0;0.0;;REF541
REC5103;SP655;BGR.1_1;RLM11;0.0;0.0;1.0;;1.0;0.0;;REF541
REC5104;SP655;HRV.1_1;RLM11;0.0;0.0;1.0;;1.0;0.0;;REF541
REC5105;SP655;KAZ.1_1;RLM11;0.0;0.0;1.0;;1.0;0.0;;REF541
REC5106;SP655;MDA.1_1;RLM11;0.0;0.0;1.0;;1.0;0.0;;REF541
REC5107;SP655;TUR.1_1;RLM11;0.0;0.0;1.0;;1.0;0.0;;REF541
REC5108;SP655;POL.1_1;RLM11;0.0;0.0;1.0;;1.0;0.0;;REF541
REC5109;SP655;DNK.1_1;RLM11;0.0;0.0;1.0;;1.0;0.0;;REF541
REC5110;SP655;DEU.1_1;RLM11;0.0;0.0;1.0;;1.0;0.0;;REF541
REC5111;SP655;ITA.1_1;RLM11;0.0;0.0;1.0;;1.0;0.0;;REF541
REC5112;SP655;BGR.1_1;RLM11;;;1.0;;1.0;0.0;;REF542
REC5113;SP655;AUT.1_1;RLM11;;;1.0;;1.0;0.0;;REF542
REC5114;SP655;JPN.1_1;RLM10;;;1.0;;1.0;0.0;;REF542
REC5115;SP655;CHE.1_1;RLM11;;;1.0;;1.0;0.0;;REF542
REC5116;SP655;KOR.1_1;RLM11;;;1.0;;1.0;0.0;;REF542
REC5117;SP655;CHN.1_1;RLM11;;;1.0;;1.0;0.0;;REF542
REC5118;SP655;IRN.1_1;RLM8;;;1.0;;1.0;0.0;;REF542
REC5119;SP655;KAZ.1_1;RLM11;;;1.0;;1.0;0.0;;REF542
REC5120;SP655;LUX.1_1;RLM11;;;1.0;;1.0;0.0;;REF542
REC5121;SP655;RUS.1_2;RLM11;;;1.0;;1.0;0.0;;REF542
REC5122;SP655;DEU.1_1;RLM11;;;1.0;;1.0;0.0;;REF542
REC5123;SP655;GEO.1_1;RLM11;;;1.0;;1.0;0.0;;REF542
REC5124;SP655;MNG.1_1;RLM11;;;1.0;;1.0;0.0;;REF542
REC5125;SP655;MDA.1_1;RLM11;;;1.0;;1.0;0.0;;REF542
REC5126;SP655;SVN.1_1;RLM11;;;1.0;;1.0;0.0;;REF542
REC5127;SP655;CZE.1_1;RLM11;;;1.0;;1.0;0.0;;REF542
REC5128;SP655;ROU.1_1;RLM11;;;1.0;;1.0;0.0;;REF542
REC5129;SP655;EST.1_1;RLM11;;;1.0;;1.0;0.0;;REF542
REC5130;SP655;HRV.1_1;RLM11;;;1.0;;1.0;0.0;;REF542
REC5131;SP655;POL.1_1;RLM11;;;1.0;;1.0;0.0;;REF542
REC5132;SP655;FRA.1_1;RLM11;;;1.0;;1.0;0.0;;REF542
REC5133;SP655;SWE.1_1;RLM11;;;1.0;;1.0;0.0;;REF542
REC5134;SP655;TUR.1_1;RLM11;;;1.0;;1.0;0.0;;REF542
REC5135;SP655;AZE.1_1;RLM11;;;1.0;;1.0;0.0;;REF542
REC5136;SP655;CHN.1_1;RLM11;;;;;1.0;0.0;;REF330
REC5137;SP655;IRN.1_1;RLM8;;;;;1.0;0.0;;REF330
REC5138;SP655;JPN.1_1;RLM10;;;;;1.0;0.0;;REF330
REC5139;SP655;KAZ.1_1;RLM11;;;;;1.0;0.0;;REF330
REC5140;SP655;PRK.1_1;RLM11;;;;;1.0;0.0;;REF330
REC5141;SP655;KOR.1_1;RLM11;;;;;1.0;0.0;;REF330
REC5142;SP655;KGZ.1_1;RLM11;;;;;1.0;0.0;;REF330
REC5143;SP655;AUT.1_1;RLM11;;;;;1.0;0.0;;REF330
REC5144;SP655;AZE.1_1;RLM11;;;;;1.0;0.0;;REF330
REC5145;SP655;BIH.1_1;RLM11;;;;;1.0;0.0;;REF330
REC5146;SP655;BGR.1_1;RLM11;;;;;1.0;0.0;;REF330
REC5147;SP655;HRV.1_1;RLM11;;;;;1.0;0.0;;REF330
REC5148;SP655;CZE.1_1;RLM11;;;;;1.0;0.0;;REF330
REC5149;SP655;DNK.1_1;RLM11;;;;;0.0;0.0;;REF330
REC5150;SP655;FRA.1_1;RLM11;;;;;1.0;0.0;;REF330
REC5151;SP655;GEO.1_1;RLM11;;;;;1.0;0.0;;REF330
REC5152;SP655;DEU.1_1;RLM11;;;;;0.0;0.0;;REF330
REC5153;SP655;GRC.1_1;RLM11;;;;;1.0;0.0;;REF330
REC5154;SP655;HUN.1_1;RLM11;;;;;1.0;0.0;;REF330
REC5155;SP655;ITA.1_1;RLM11;;;;;1.0;0.0;;REF330
REC5156;SP655;LTU.1_1;RLM11;;;;;0.0;1.0;;REF330
REC5157;SP655;MDA.1_1;RLM11;;;;;1.0;0.0;;REF330
REC5158;SP655;MKD.1_1;RLM11;;;;;1.0;0.0;;REF330
REC5159;SP655;POL.1_1;RLM11;;;;;1.0;0.0;;REF330
REC5160;SP655;ROU.1_1;RLM11;;;;;1.0;0.0;;REF330
REC5161;SP655;RUS.1_2;RLM11;;;;;1.0;0.0;;REF330
REC5162;SP655;SRB.1_1;RLM11;;;;;1.0;0.0;;REF330
REC5163;SP655;SVK.1_1;RLM11;;;;;1.0;0.0;;REF330
REC5164;SP655;SVN.1_1;RLM11;;;;;1.0;0.0;;REF330
REC5165;SP655;CHE.1_1;RLM11;;;;;1.0;0.0;;REF330
REC5166;SP655;TUR.1_1;RLM11;;;;;1.0;0.0;;REF330
REC5167;SP655;UKR.1_1;RLM11;;;;;1.0;0.0;;REF330
REC5168;SP655;AUT.1_1;RLM11;;;1.0;;1.0;0.0;;REF957
REC5169;SP655;BGR.1_1;RLM11;;;1.0;;1.0;0.0;;REF957
REC5170;SP655;CZE.1_1;RLM11;;;1.0;;1.0;0.0;;REF957
REC5171;SP655;ESP.1_1;RLM11;;;1.0;;1.0;0.0;;REF957
REC5172;SP655;MKD.1_1;RLM11;;;1.0;;1.0;0.0;;REF957
REC5173;SP655;GBR.1_1;RLM11;;;1.0;;1.0;0.0;;REF957
REC5174;SP655;HUN.1_1;RLM11;;;1.0;;1.0;0.0;;REF957
REC5175;SP655;LTU.1_1;RLM11;;;1.0;;1.0;0.0;;REF957
REC5176;SP655;ROU.1_1;RLM11;;;1.0;;1.0;0.0;;REF957
REC5177;SP655;SVN.1_1;RLM11;;;1.0;;1.0;0.0;;REF957
REC5178;SP655;ALB.1_1;RLM11;;;1.0;;1.0;0.0;;REF957
REC5179;SP655;BIH.1_1;RLM11;;;1.0;;1.0;0.0;;REF957
REC5180;SP655;HRV.1_1;RLM11;;;1.0;;1.0;0.0;;REF957
REC5181;SP655;DNK.1_1;RLM11;;;1.0;;1.0;0.0;;REF957
REC5182;SP655;FRA.1_1;RLM11;;;1.0;;1.0;0.0;;REF957
REC5183;SP655;DEU.1_1;RLM11;;;1.0;;1.0;0.0;;REF957
REC5184;SP655;GRC.1_1;RLM11;;;1.0;;1.0;0.0;;REF957
REC5185;SP655;ITA.1_1;RLM11;;;1.0;;1.0;0.0;;REF957
REC5186;SP655;MDA.1_1;RLM11;;;1.0;;1.0;0.0;;REF957
REC5187;SP655;POL.1_1;RLM11;;;1.0;;1.0;0.0;;REF957
REC5188;SP655;RUS.1_1;RLM11;;;1.0;;1.0;0.0;;REF957
REC5189;SP655;SVK.1_1;RLM11;;;1.0;;1.0;0.0;;REF957
REC5190;SP655;CHE.1_1;RLM11;;;1.0;;1.0;0.0;1991.0;REF957
REC5191;SP655;AZE.1_1;RLM11;;;1.0;;1.0;0.0;1984.0;REF152
REC5192;SP655;CHN.1_1;RLM11;;;1.0;;1.0;0.0;1979.0;REF152
REC5193;SP655;GEO.1_1;RLM11;;;;;1.0;0.0;;REF152
REC5194;SP655;IRN.1_1;RLM8;;;;;1.0;0.0;;REF152
REC5195;SP655;JPN.1_1;RLM10;;;;;1.0;0.0;;REF152
REC5196;SP655;KAZ.1_1;RLM11;;;;;1.0;0.0;;REF152
REC5197;SP655;KGZ.1_1;RLM11;;;1.0;;1.0;0.0;;REF152
REC5198;SP655;PRK.1_1;RLM11;;;;;1.0;0.0;;REF152
REC5199;SP655;KOR.1_1;RLM11;;;;;1.0;0.0;;REF152
REC5200;SP655;TUR.1_1;RLM11;;;;;1.0;0.0;;REF152
REC5201;SP655;AUT.1_1;RLM11;;;;;1.0;0.0;;REF152
REC5202;SP655;BIH.1_1;RLM11;;;;;1.0;0.0;;REF152
REC5203;SP655;BGR.1_1;RLM11;;;;;1.0;0.0;;REF152
REC5204;SP655;HRV.1_1;RLM11;;;;;1.0;0.0;;REF152
REC5205;SP655;CZE.1_1;RLM11;;;;;1.0;0.0;;REF152
REC5206;SP655;DNK.1_1;RLM11;;;;;1.0;0.0;;REF152
REC5207;SP655;EST.1_1;RLM11;;;1.0;;1.0;0.0;1981.0;REF152
REC5208;SP655;FRA.1_1;RLM11;;;;;1.0;0.0;;REF152
REC5209;SP655;DEU.1_1;RLM11;;;;;1.0;0.0;;REF152
REC5210;SP655;GRC.1_1;RLM11;;;;;1.0;0.0;;REF152
REC5211;SP655;HUN.1_1;RLM11;;;;;1.0;0.0;;REF152
REC5212;SP655;ITA.1_1;RLM11;;;;;1.0;0.0;;REF152
REC5213;SP655;LTU.1_1;RLM11;;;;;1.0;0.0;;REF152
REC5214;SP655;MDA.1_1;RLM11;;;;;1.0;0.0;;REF152
REC5215;SP655;MNE.1_1;RLM11;;;1.0;;1.0;0.0;1999.0;REF152
REC5216;SP655;MKD.1_1;RLM11;;;1.0;;1.0;0.0;1980.0;REF152
REC5217;SP655;POL.1_1;RLM11;;;1.0;;1.0;0.0;;REF152
REC5218;SP655;ROU.1_1;RLM11;;;1.0;;1.0;0.0;1949.0;REF152
REC5219;SP655;RUS.1_2;RLM11;;;;;1.0;0.0;;REF152
REC5220;SP655;SRB.1_1;RLM11;;;;;1.0;0.0;;REF152
REC5221;SP655;SVK.1_1;RLM11;;;;;1.0;0.0;;REF152
REC5222;SP655;SVN.1_1;RLM11;;;;;1.0;0.0;;REF152
REC5223;SP655;ESP.1_1;RLM11;;;;;1.0;0.0;;REF152
REC5224;SP655;CHE.1_1;RLM11;;;;;1.0;0.0;;REF152
REC5225;SP655;UKR.1_1;RLM11;;;;;1.0;0.0;;REF152
REC5226;SP655;NZL.1_1;RLM2;;;;;1.0;0.0;;REF152
REC5227;SP655;JPN.1_1;RLM10;0.0;0.0;;;1.0;0.0;;REF1195
REC5228;SP655;ALB.1_1;RLM11;0.0;0.0;1.0;;1.0;0.0;;REF683
REC5229;SP655;AUT.1_1;RLM11;0.0;0.0;1.0;;1.0;0.0;;REF683
REC5230;SP655;BIH.1_1;RLM11;0.0;0.0;1.0;;1.0;0.0;;REF683
REC5231;SP655;BGR.1_1;RLM11;0.0;0.0;1.0;;1.0;0.0;;REF683
REC5232;SP655;HRV.1_1;RLM11;0.0;0.0;1.0;;1.0;0.0;;REF683
REC5233;SP655;CZE.1_1;RLM11;0.0;0.0;1.0;;1.0;0.0;;REF683
REC5234;SP655;DNK.1_1;RLM11;0.0;0.0;1.0;;1.0;0.0;;REF683
REC5235;SP655;EST.1_1;RLM11;0.0;0.0;1.0;;1.0;0.0;;REF683
REC5236;SP655;FRA.1_1;RLM11;0.0;0.0;1.0;;1.0;0.0;;REF683
REC5237;SP655;DEU.1_1;RLM11;0.0;0.0;1.0;;1.0;0.0;;REF683
REC5238;SP655;GRC.1_1;RLM11;0.0;0.0;1.0;;1.0;0.0;;REF683
REC5239;SP655;HUN.1_1;RLM11;0.0;0.0;1.0;;1.0;0.0;;REF683
REC5240;SP655;ITA.1_1;RLM11;0.0;0.0;1.0;;1.0;0.0;;REF683
REC5241;SP655;LTU.1_1;RLM11;0.0;0.0;1.0;;1.0;0.0;;REF683
REC5242;SP655;MKD.1_1;RLM11;0.0;0.0;1.0;;1.0;0.0;;REF683
REC5243;SP655;MDA.1_1;RLM11;0.0;0.0;1.0;;1.0;0.0;;REF683
REC5244;SP655;MNE.1_1;RLM11;0.0;0.0;1.0;;1.0;0.0;;REF683
REC5245;SP655;POL.1_1;RLM11;0.0;0.0;1.0;;1.0;0.0;;REF683
REC5246;SP655;ROU.1_1;RLM11;0.0;0.0;1.0;;1.0;0.0;;REF683
REC5247;SP655;RUS.1_2;RLM11;0.0;0.0;1.0;;1.0;0.0;;REF683
REC5248;SP655;SRB.1_1;RLM11;0.0;0.0;1.0;;1.0;0.0;;REF683
REC5249;SP655;SVK.1_1;RLM11;0.0;0.0;1.0;;1.0;0.0;;REF683
REC5250;SP655;SVN.1_1;RLM11;0.0;0.0;1.0;;1.0;0.0;;REF683
REC5251;SP655;CHE.1_1;RLM11;0.0;0.0;1.0;;1.0;0.0;;REF683
REC5252;SP655;GBR.1_1;RLM11;0.0;0.0;1.0;;1.0;0.0;;REF683
REC5253;SP655;SRB.1_1;RLM11;0.0;0.0;1.0;;1.0;0.0;;REF911
REC5254;SP655;GEO.1_1;RLM11;0.0;0.0;1.0;;1.0;0.0;;REF911
REC5255;SP655;GRC.1_1;RLM11;0.0;0.0;1.0;;1.0;0.0;1940.0;REF911
REC5256;SP655;GRC.1_1;RLM11;0.0;0.0;1.0;1.0;1.0;0.0;1978.0;REF318
REC5257;SP655;FRA.1_1;RLM11;0.0;0.0;1.0;1.0;1.0;0.0;1977.0;REF317
REC5258;SP655;ITA.1_1;RLM11;0.0;0.0;1.0;1.0;1.0;0.0;1975.0;REF766
REC5259;SP655;ITA.1_1;RLM11;0.0;0.0;1.0;1.0;1.0;0.0;1987.0;REF322
REC5260;SP655;ROU.1_1;RLM11;0.0;0.0;1.0;;;0.0;1940.0;REF1073
REC5261;SP655;AUT.1_1;RLM11;0.0;0.0;1.0;1.0;1.0;0.0;1951.0;REF1156
REC5262;SP655;BGR.1_1;RLM11;0.0;0.0;1.0;1.0;1.0;0.0;1962.0;REF1156
REC5263;SP655;CZE.1_1;RLM11;0.0;0.0;1.0;1.0;1.0;0.0;1951.0;REF1156
REC5264;SP655;HUN.1_1;RLM11;0.0;0.0;1.0;0.0;1.0;0.0;1940.0;REF1156
REC5265;SP655;POL.1_1;RLM11;0.0;0.0;1.0;1.0;1.0;0.0;1962.0;REF1156
REC5266;SP655;ROU.1_1;RLM11;0.0;0.0;1.0;1.0;1.0;0.0;1948.0;REF1156
REC5267;SP655;RUS.1_2;RLM11;0.0;0.0;1.0;1.0;1.0;0.0;1962.0;REF1156
REC5268;SP655;SRB.1_1;RLM11;0.0;0.0;1.0;1.0;1.0;0.0;1948.0;REF1156
REC5269;SP655;SVK.1_1;RLM11;0.0;0.0;1.0;1.0;1.0;0.0;1951.0;REF1156
REC5270;SP655;KOR.1_1;RLM11;0.0;0.0;1.0;0.0;1.0;0.0;1958.0;REF1156
REC5271;SP655;TUR.1_1;RLM11;0.0;0.0;1.0;;1.0;0.0;1975.0;REF1212
REC5272;SP655;KOR.1_1;RLM11;0.0;0.0;1.0;0.0;1.0;0.0;1958.0;REF520
REC5273;SP655;JPN.1_1;RLM10;0.0;0.0;1.0;0.0;1.0;0.0;1945.0;REF1192
REC5274;SP655;KOR.1_1;RLM11;0.0;0.0;1.0;0.0;1.0;0.0;1957.0;REF1192
REC5275;SP655;IRN.1_1;RLM8;0.0;0.0;1.0;1.0;1.0;0.0;2002.0;REF582
REC5276;SP655;JPN.1_1;RLM10;0.0;0.0;1.0;;1.0;0.0;;REF812
REC5277;SP655;JPN.1_1;RLM10;0.0;0.0;1.0;0.0;1.0;0.0;1945.0;REF779
REC5278;SP655;JPN.1_1;RLM10;0.0;0.0;1.0;;1.0;0.0;1945.0;REF811
REC5279;SP656;USA.2_1;RLM9;;;1.0;;1.0;0.0;;REF697
REC5280;SP656;USA.2_1;RLM9;;;1.0;;1.0;0.0;1909.0;REF1096
REC5281;SP656;USA.2_1;RLM9;1.0;0.0;;;1.0;0.0;;REF1007
REC5282;SP656;USA.2_1;RLM9;1.0;0.0;;;1.0;0.0;;REF1195
REC5283;SP657;CRI.1_1;RLM7;;;1.0;;1.0;0.0;;REF542
REC5284;SP657;VEN.1_1;RLM1;0.0;0.0;1.0;;1.0;0.0;;REF912
REC5285;SP657;USA.1_1;RLM9;0.0;0.0;1.0;;;0.0;;REF1002
REC5286;SP658;USA.2_1;RLM9;1.0;0.0;;;1.0;0.0;;REF1195
REC5287;SP659;ECU.2_1;RLM1;;;1.0;;1.0;0.0;;REF697
REC5288;SP659;ECU.2_1;RLM1;;;1.0;;1.0;0.0;1960.0;REF1096
REC5289;SP659;ECU.1_1;RLM1;;;1.0;;1.0;0.0;1960.0;REF152
REC5290;SP660;CAN.1_1;RLM9;0.0;0.0;1.0;0.0;1.0;0.0;;REF1002
REC5291;SP660;IRL.1_1;RLM11;;;1.0;;1.0;0.0;;REF542
REC5292;SP660;BGR.1_1;RLM11;0.0;0.0;1.0;;;0.0;1900.0;REF1073
REC5293;SP660;USA.1_1;RLM9;0.0;0.0;1.0;0.0;1.0;0.0;;REF1002
REC5294;SP661;USA.2_1;RLM9;;;1.0;;1.0;0.0;;REF697
REC5295;SP661;USA.2_1;RLM9;;;1.0;;1.0;0.0;1947.0;REF1096
REC5296;SP661;USA.2_1;RLM9;;0.0;1.0;;1.0;0.0;;REF1007
REC5297;SP661;USA.2_1;RLM9;0.0;;1.0;;1.0;0.0;;REF47
REC5298;SP662;CAN.1_1;RLM9;0.0;0.0;1.0;;1.0;0.0;;REF1002
REC5299;SP662;USA.1_1;RLM9;0.0;0.0;1.0;;1.0;0.0;;REF1002
REC5300;SP663;DNK.1_1;RLM11;;;1.0;;1.0;0.0;;REF542
REC5301;SP663;SWE.1_1;RLM11;;;1.0;;1.0;0.0;;REF542
REC5302;SP663;DNK.1_1;RLM11;0.0;0.0;1.0;;1.0;0.0;;REF683
REC5303;SP663;FIN.1_1;RLM11;0.0;0.0;1.0;;1.0;0.0;;REF683
REC5304;SP663;LVA.1_1;RLM11;0.0;0.0;1.0;;1.0;0.0;;REF683
REC5305;SP663;NLD.1_1;RLM11;0.0;0.0;1.0;;1.0;0.0;;REF683
REC5306;SP663;SWE.1_1;RLM11;0.0;0.0;1.0;;1.0;0.0;;REF683
REC5307;SP664;USA.2_1;RLM9;;;1.0;;1.0;0.0;;REF697
REC5308;SP664;USA.2_1;RLM9;;;1.0;;1.0;0.0;1975.0;REF1096
REC5309;SP664;USA.2_1;RLM9;;0.0;1.0;;1.0;0.0;1975.0;REF1007
REC5310;SP664;USA.2_1;RLM9;0.0;0.0;;;1.0;0.0;;REF1195
REC5311;SP665;DNK.1_1;RLM11;;;1.0;;1.0;0.0;;REF542
REC5312;SP666;USA.2_1;RLM9;;0.0;1.0;;1.0;0.0;1944.0;REF1007
REC5313;SP667;AUS.1_1;RLM2;;;1.0;;1.0;0.0;;REF697
REC5314;SP668;USA.1_1;RLM9;0.0;1.0;1.0;;1.0;0.0;;REF1002
REC5315;SP669;NZL.1_1;RLM2;;;1.0;;1.0;0.0;;REF697
REC5316;SP669;NZL.1_1;RLM2;;;1.0;;1.0;0.0;2007.0;REF1096
REC5317;SP670;USA.2_1;RLM9;;;1.0;;1.0;0.0;;REF697
REC5318;SP670;USA.2_1;RLM9;0.0;0.0;;;1.0;0.0;;REF1195
REC5319;SP671;USA.2_1;RLM9;;;1.0;;1.0;0.0;;REF697
REC5320;SP671;USA.2_1;RLM9;;;1.0;;1.0;0.0;1986.0;REF1096
REC5321;SP671;USA.2_1;RLM9;;0.0;1.0;;1.0;0.0;1986.0;REF1007
REC5322;SP671;AUS.1_1;RLM2;;;1.0;;1.0;0.0;;REF697
REC5323;SP671;AUS.1_1;RLM2;0.0;0.0;1.0;;1.0;0.0;;REF141
REC5324;SP671;USA.2_1;RLM9;0.0;0.0;;;1.0;;;REF47
REC5325;SP672;DNK.1_1;RLM11;;;1.0;;1.0;0.0;;REF542
REC5326;SP673;USA.1_1;RLM9;;;;;1.0;0.0;;REF330
REC5327;SP673;USA.1_1;RLM9;;;;;1.0;0.0;;REF330
REC5328;SP673;USA.1_1;RLM9;;;;;1.0;0.0;;REF330
REC5329;SP673;CAN.1_1;RLM9;;;;;0.0;0.0;;REF330
REC5330;SP673;USA.1_1;RLM9;;;;;1.0;0.0;;REF330
REC5331;SP673;USA.1_1;RLM9;;;;;1.0;0.0;;REF330
REC5332;SP673;USA.1_1;RLM9;;;;;1.0;0.0;;REF330
REC5333;SP673;USA.1_1;RLM9;;;;;1.0;0.0;;REF330
REC5334;SP673;USA.2_1;RLM9;;;1.0;;1.0;0.0;;REF697
REC5335;SP673;USA.2_1;RLM9;;;1.0;;1.0;0.0;1927.0;REF1096
REC5336;SP673;USA.2_1;RLM9;;;;;1.0;0.0;;REF330
REC5337;SP673;USA.2_1;RLM9;;0.0;1.0;;1.0;0.0;;REF1007
REC5338;SP673;USA.2_1;RLM9;0.0;0.0;;;1.0;0.0;;REF1195
REC5339;SP673;USA.1_1;RLM9;;;;;1.0;0.0;;REF330
REC5340;SP673;USA.1_1;RLM9;;;;;1.0;0.0;;REF330
REC5341;SP673;USA.1_1;RLM9;;;;;1.0;0.0;;REF330
REC5342;SP673;USA.1_1;RLM9;;;;;1.0;0.0;;REF330
REC5343;SP673;USA.1_1;RLM9;;;;;1.0;0.0;;REF330
REC5344;SP673;USA.1_1;RLM9;;;;;1.0;0.0;;REF330
REC5345;SP673;USA.1_1;RLM9;;;;;1.0;0.0;;REF330
REC5346;SP673;USA.1_1;RLM9;;;;;1.0;0.0;;REF330
REC5347;SP673;CAN.1_1;RLM9;;;;;1.0;0.0;;REF330
REC5348;SP673;USA.1_1;RLM9;;;;;1.0;0.0;;REF330
REC5349;SP673;USA.1_1;RLM9;;;;;1.0;0.0;;REF330
REC5350;SP673;USA.1_1;RLM9;;;;;1.0;0.0;;REF330
REC5351;SP673;USA.1_1;RLM9;;;;;1.0;0.0;;REF330
REC5352;SP673;USA.1_1;RLM9;;;;;1.0;0.0;;REF330
REC5353;SP673;CAN.1_1;RLM9;;;;;1.0;0.0;;REF330
REC5354;SP673;USA.1_1;RLM9;;;;;1.0;0.0;;REF330
REC5355;SP673;ITA.1_1;RLM11;;;;;0.0;0.0;;REF330
REC5356;SP673;ITA.1_1;RLM11;;;1.0;;1.0;0.0;2008.0;REF957
REC5357;SP673;USA.1_1;RLM9;;0.0;1.0;;1.0;0.0;1923.0;REF1007
REC5358;SP673;USA.1_1;RLM9;0.0;0.0;;;1.0;0.0;;REF1195
REC5359;SP673;CAN.1_1;RLM9;0.0;0.0;1.0;1.0;0.0;0.0;;REF1002
REC5360;SP673;USA.1_1;RLM9;0.0;0.0;1.0;;1.0;0.0;;REF1002
REC5361;SP674;USA.2_1;RLM9;0.0;;1.0;;1.0;0.0;;REF49
REC5362;SP675;CAN.1_1;RLM9;0.0;0.0;1.0;0.0;1.0;0.0;;REF1002
REC5363;SP676;LSO.1_1;RLM3;;;1.0;;1.0;0.0;;REF542
REC5364;SP677;NZL.1_1;RLM2;;;1.0;;1.0;0.0;;REF697
REC5365;SP677;NZL.1_1;RLM2;;1.0;1.0;;1.0;0.0;2014.0;REF1096
REC5366;SP678;DNK.1_1;RLM11;;;1.0;;1.0;0.0;;REF542
REC5367;SP678;DNK.1_1;RLM11;;;;;1.0;0.0;;REF330
REC5368;SP678;USA.2_1;RLM9;0.0;0.0;1.0;0.0;1.0;;;REF1002
REC5369;SP679;USA.1_1;RLM9;;0.0;1.0;;1.0;0.0;1936.0;REF1007
REC5370;SP679;USA.1_1;RLM9;0.0;0.0;;;1.0;0.0;;REF1195
REC5371;SP679;CAN.1_1;RLM9;0.0;0.0;1.0;0.0;1.0;0.0;;REF1002
REC5372;SP680;USA.1_1;RLM9;0.0;0.0;;;1.0;0.0;;REF1195
REC5373;SP681;USA.1_1;RLM9;;0.0;1.0;;1.0;0.0;2014.0;REF1007
REC5374;SP682;USA.2_1;RLM9;0.0;1.0;;;1.0;0.0;;REF1195
REC5375;SP682;ZAF.1_1;RLM3;0.0;0.0;1.0;;1.0;0.0;;REF55
REC5376;SP682;USA.2_1;RLM9;0.0;1.0;;;1.0;;;REF47
REC5377;SP683;PRT.2_1;RLM11;1.0;0.0;;;1.0;0.0;;REF683
REC5378;SP683;ECU.2_1;RLM1;;;1.0;;1.0;0.0;;REF697
REC5379;SP683;ECU.2_1;RLM1;;;1.0;;1.0;0.0;1923.0;REF1096
REC5380;SP683;USA.2_1;RLM9;;;1.0;;1.0;0.0;;REF697
REC5381;SP683;USA.2_1;RLM9;;1.0;1.0;;1.0;0.0;1902.0;REF1096
REC5382;SP683;USA.2_1;RLM9;0.0;1.0;1.0;;1.0;0.0;;REF1007
REC5383;SP683;PRT.3_1;RLM11;1.0;0.0;;;1.0;0.0;;REF683
REC5384;SP683;AUS.1_1;RLM2;;;1.0;;1.0;0.0;;REF697
REC5385;SP683;NZL.1_1;RLM2;;;1.0;;1.0;0.0;;REF697
REC5386;SP683;ZAF.1_1;RLM3;;;1.0;;1.0;0.0;;REF697
REC5387;SP683;NZL.1_1;RLM2;;;1.0;;1.0;0.0;1982.0;REF1096
REC5388;SP683;ZAF.1_1;RLM3;;1.0;1.0;;1.0;0.0;;REF1096
REC5389;SP683;ZAF.1_1;RLM3;;;1.0;;1.0;0.0;;REF542
REC5390;SP683;ITA.2_1;RLM11;;;1.0;;1.0;0.0;2007.0;REF957
REC5391;SP683;PRT.3_1;RLM11;;;1.0;;1.0;0.0;;REF957
REC5392;SP683;ESP.1_1;RLM11;;;1.0;;1.0;0.0;;REF957
REC5393;SP683;ISR.1_1;RLM8;;;1.0;;1.0;0.0;1995.0;REF957
REC5394;SP683;PRT.2_1;RLM11;;;1.0;;1.0;0.0;;REF957
REC5395;SP683;ESP.1_1;RLM11;;;1.0;;1.0;0.0;;REF957
REC5396;SP683;ITA.1_1;RLM11;1.0;0.0;;;1.0;0.0;;REF683
REC5397;SP683;ESP.1_1;RLM11;1.0;0.0;;;1.0;0.0;;REF683
REC5398;SP683;PRT.1_1;RLM11;0.0;0.0;1.0;;1.0;0.0;1996.0;REF83
REC5399;SP683;ESP.1_1;RLM11;0.0;0.0;1.0;;1.0;0.0;1997.0;REF83
REC5400;SP683;ITA.1_1;RLM11;0.0;0.0;1.0;;1.0;0.0;;REF83
REC5401;SP683;MLT.1_1;RLM8;0.0;0.0;1.0;;1.0;0.0;;REF83
REC5402;SP683;CPV.1_1;RLM3;0.0;0.0;1.0;;1.0;0.0;;REF83
REC5403;SP683;MAR.1_1;RLM8;0.0;0.0;1.0;;1.0;0.0;;REF83
REC5404;SP683;ISR.1_1;RLM8;0.0;0.0;1.0;;1.0;0.0;;REF83
REC5405;SP684;GBR.1_1;RLM11;;;;;1.0;0.0;;REF152
REC5406;SP685;CHN.1_1;RLM11;;;1.0;;1.0;0.0;;REF542
REC5407;SP685;USA.1_1;RLM9;0.0;0.0;;;1.0;0.0;;REF1195
REC5408;SP686;CAN.1_1;RLM9;0.0;0.0;1.0;;1.0;0.0;;REF1002
REC5409;SP686;USA.1_1;RLM9;0.0;1.0;1.0;;1.0;0.0;1989.0;REF1007
REC5410;SP686;USA.1_1;RLM9;0.0;0.0;1.0;;1.0;0.0;;REF1002
REC5411;SP687;JPN.1_1;RLM10;;;1.0;;1.0;0.0;;REF697
REC5412;SP687;JPN.1_1;RLM10;;;1.0;;1.0;0.0;2003.0;REF1096
REC5413;SP687;JPN.1_1;RLM10;1.0;0.0;;;1.0;0.0;;REF1195
REC5414;SP688;NZL.1_1;RLM2;;;1.0;;1.0;0.0;;REF697
REC5415;SP688;NZL.1_1;RLM2;;;1.0;;1.0;0.0;;REF1096
REC5416;SP689;NZL.1_1;RLM2;;;1.0;;1.0;0.0;;REF697
REC5417;SP689;NZL.1_1;RLM2;;;1.0;;1.0;0.0;1974.0;REF1096
REC5418;SP690;NZL.1_1;RLM2;;;1.0;;1.0;0.0;;REF697
REC5419;SP690;NZL.1_1;RLM2;;;1.0;;1.0;0.0;1978.0;REF1096
REC5420;SP691;USA.1_1;RLM9;0.0;0.0;1.0;0.0;1.0;0.0;;REF1002
REC5421;SP692;NZL.1_1;RLM2;0.0;0.0;1.0;0.0;0.0;0.0;;REF941
REC5422;SP693;NZL.1_1;RLM2;;;1.0;;1.0;0.0;;REF697
REC5423;SP693;NZL.1_1;RLM2;;;1.0;;1.0;0.0;1991.0;REF1096
REC5424;SP693;NZL.1_1;RLM2;;0.0;;;1.0;0.0;1991.0;REF493
REC5425;SP694;JPN.1_1;RLM6;;;1.0;;1.0;0.0;;REF697
REC5426;SP694;JPN.1_1;RLM6;;;1.0;;1.0;0.0;1988.0;REF1096
REC5427;SP694;JPN.1_1;RLM10;;;1.0;;1.0;0.0;;REF542
REC5428;SP694;JPN.1_1;RLM10;0.0;0.0;1.0;;1.0;0.0;;REF812
REC5429;SP694;JPN.1_1;RLM6;0.0;0.0;;;1.0;0.0;;REF1195
REC5430;SP695;USA.1_1;RLM9;;0.0;1.0;;1.0;0.0;1959.0;REF1007
REC5431;SP695;USA.1_1;RLM9;0.0;0.0;;;1.0;0.0;;REF1195
REC5432;SP696;USA.1_1;RLM9;0.0;0.0;;1.0;;0.0;1984.0;REF358
REC5433;SP696;USA.1_1;RLM9;;0.0;1.0;;1.0;0.0;1984.0;REF1007
REC5434;SP696;USA.1_1;RLM9;0.0;0.0;;;1.0;0.0;;REF1195
REC5435;SP697;USA.2_1;RLM9;;;1.0;;1.0;0.0;;REF697
REC5436;SP697;USA.2_1;RLM9;;;1.0;;1.0;0.0;1977.0;REF1096
REC5437;SP697;USA.2_1;RLM9;;0.0;1.0;;1.0;0.0;1977.0;REF1007
REC5438;SP698;AUS.1_1;RLM2;;;1.0;;1.0;0.0;;REF697
REC5439;SP699;USA.2_1;RLM9;;;1.0;;1.0;0.0;1974.0;REF1096
REC5440;SP699;USA.2_1;RLM9;;0.0;1.0;;1.0;0.0;1975.0;REF1007
REC5441;SP699;USA.2_1;RLM9;0.0;;1.0;;1.0;0.0;;REF47
REC5442;SP700;USA.1_1;RLM9;0.0;0.0;1.0;1.0;1.0;0.0;;REF358
REC5443;SP700;USA.1_1;RLM9;;0.0;1.0;;1.0;0.0;;REF1007
REC5444;SP700;USA.1_1;RLM9;0.0;0.0;;;1.0;0.0;;REF1195
REC5445;SP701;USA.2_1;RLM9;;;1.0;;1.0;0.0;;REF697
REC5446;SP701;USA.2_1;RLM9;;;1.0;;1.0;0.0;1956.0;REF1096
REC5447;SP701;USA.2_1;RLM9;;0.0;1.0;;1.0;0.0;;REF1007
REC5448;SP701;USA.2_1;RLM9;0.0;0.0;;;1.0;0.0;;REF1195
REC5449;SP702;AUS.1_1;RLM2;;;1.0;;1.0;0.0;;REF697
REC5450;SP702;NZL.1_1;RLM2;;;1.0;;1.0;0.0;;REF1096
REC5451;SP703;USA.2_1;RLM9;;;1.0;;1.0;0.0;;REF697
REC5452;SP703;USA.2_1;RLM9;;;1.0;;1.0;0.0;1969.0;REF1096
REC5453;SP703;USA.2_1;RLM9;;0.0;1.0;;1.0;0.0;1969.0;REF1007
REC5454;SP703;USA.2_1;RLM9;0.0;0.0;;;1.0;0.0;;REF1195
REC5455;SP703;USA.2_1;RLM9;0.0;;1.0;;1.0;0.0;;REF47
REC5456;SP704;NLD.1_1;RLM11;;;1.0;;1.0;0.0;;REF542
REC5457;SP704;DNK.1_1;RLM11;;;;;0.0;0.0;;REF330
REC5458;SP704;NLD.1_1;RLM11;;;;;0.0;0.0;;REF330
REC5459;SP704;BEL.1_1;RLM11;;;1.0;;1.0;0.0;;REF957
REC5460;SP704;BEL.1_1;RLM11;0.0;0.0;1.0;;1.0;0.0;;REF683
REC5461;SP704;USA.1_1;RLM9;0.0;0.0;1.0;;1.0;0.0;;REF696
REC5462;SP704;DNK.1_1;RLM11;0.0;0.0;1.0;;1.0;0.0;;REF696
REC5463;SP704;NLD.1_1;RLM11;0.0;0.0;1.0;;1.0;0.0;;REF696
REC5464;SP704;GBR.1_1;RLM11;0.0;0.0;1.0;;1.0;0.0;;REF696
REC5465;SP705;AUS.1_1;RLM2;0.0;1.0;1.0;0.0;1.0;0.0;2001.0;REF475
REC5466;SP705;AUS.1_1;RLM2;0.0;1.0;1.0;0.0;1.0;0.0;2001.0;REF475
REC5467;SP705;AUS.1_1;RLM2;0.0;1.0;1.0;0.0;1.0;0.0;2001.0;REF475
REC5468;SP706;USA.2_1;RLM9;;;1.0;;1.0;0.0;;REF697
REC5469;SP706;USA.2_1;RLM9;;;1.0;;1.0;0.0;1903.0;REF1096
REC5470;SP706;USA.2_1;RLM9;;0.0;1.0;;1.0;0.0;1903.0;REF1007
REC5471;SP707;CAN.1_1;RLM9;0.0;0.0;1.0;0.0;1.0;0.0;;REF1002
REC5472;SP707;USA.1_1;RLM9;;;1.0;;1.0;0.0;;REF542
REC5473;SP707;USA.1_1;RLM9;;0.0;1.0;;1.0;0.0;1918.0;REF1007
REC5474;SP707;USA.1_1;RLM9;0.0;0.0;;;1.0;0.0;;REF1195
REC5475;SP707;CAN.1_1;RLM9;0.0;0.0;1.0;;1.0;0.0;1920.0;REF1152
REC5476;SP707;USA.1_1;RLM9;0.0;0.0;1.0;;1.0;0.0;1920.0;REF1152
REC5477;SP707;USA.1_1;RLM9;0.0;0.0;1.0;0.0;1.0;0.0;;REF1002
REC5478;SP708;USA.3_1;RLM7;0.0;0.0;1.0;;1.0;0.0;;REF229
REC5479;SP708;TTO.1_1;RLM1;0.0;0.0;1.0;;1.0;0.0;;REF229
REC5480;SP708;BRA.1_1;RLM1;0.0;0.0;1.0;;1.0;0.0;;REF229
REC5481;SP708;BOL.1_1;RLM1;0.0;0.0;1.0;;1.0;0.0;;REF229
REC5482;SP708;COL.1_1;RLM1;0.0;0.0;1.0;;1.0;0.0;;REF229
REC5483;SP708;ECU.1_1;RLM1;0.0;0.0;1.0;;1.0;0.0;;REF229
REC5484;SP708;FRA.8_1;RLM1;0.0;0.0;1.0;;1.0;0.0;;REF229
REC5485;SP708;GUY.1_1;RLM1;0.0;0.0;1.0;;1.0;0.0;;REF229
REC5486;SP708;VEN.1_1;RLM1;0.0;0.0;1.0;;1.0;0.0;;REF229
REC5487;SP708;PER.1_1;RLM1;0.0;0.0;1.0;;1.0;0.0;;REF229
REC5488;SP708;SUR.1_1;RLM1;0.0;0.0;1.0;;1.0;0.0;;REF229
REC5489;SP708;NIC.1_1;RLM7;0.0;0.0;1.0;;1.0;0.0;;REF229
REC5490;SP708;GBR.6_1;RLM7;0.0;0.0;1.0;;1.0;0.0;;REF229
REC5491;SP708;MEX.1_1;RLM9;0.0;0.0;1.0;;1.0;0.0;;REF229
REC5492;SP708;JAM.1_1;RLM7;0.0;0.0;1.0;;1.0;0.0;;REF229
REC5493;SP708;HND.1_1;RLM7;0.0;0.0;1.0;;1.0;0.0;;REF229
REC5494;SP708;GTM.1_1;RLM7;0.0;0.0;1.0;;1.0;0.0;;REF229
REC5495;SP708;FRA.5_1;RLM7;0.0;0.0;1.0;;1.0;0.0;;REF229
REC5496;SP708;GRD.1_1;RLM1;0.0;0.0;1.0;;1.0;0.0;;REF229
REC5497;SP708;SLV.1_1;RLM7;0.0;0.0;1.0;;1.0;0.0;;REF229
REC5498;SP708;DOM.1_1;RLM7;0.0;0.0;1.0;;1.0;0.0;;REF229
REC5499;SP708;DMA.1_1;RLM7;0.0;0.0;1.0;;1.0;0.0;;REF229
REC5500;SP708;CUB.1_1;RLM7;0.0;0.0;1.0;;1.0;0.0;;REF229
REC5501;SP708;CRI.1_1;RLM7;0.0;0.0;1.0;;1.0;0.0;;REF229
REC5502;SP708;BRB.1_1;RLM7;0.0;0.0;1.0;;1.0;0.0;;REF229
REC5503;SP708;ATG.1_1;RLM7;0.0;0.0;1.0;;1.0;0.0;;REF229
REC5504;SP708;LCA.1_1;RLM1;0.0;0.0;1.0;;1.0;0.0;;REF229
REC5505;SP708;VCT.1_1;RLM1;0.0;0.0;1.0;;1.0;0.0;;REF229
REC5506;SP708;USA.1_1;RLM9;0.0;0.0;1.0;1.0;1.0;0.0;;REF1002
REC5507;SP709;CAN.1_1;RLM9;0.0;0.0;1.0;0.0;1.0;0.0;;REF1002
REC5508;SP710;PRT.3_1;RLM11;;;;;1.0;0.0;;REF152
REC5509;SP710;PRT.3_1;RLM11;;;;;1.0;0.0;;REF330
REC5510;SP710;PRT.3_1;RLM11;0.0;0.0;1.0;;1.0;0.0;;REF683
REC5511;SP710;IRL.1_1;RLM11;;;1.0;;1.0;0.0;;REF542
REC5512;SP710;IRL.1_1;RLM11;;;;;1.0;0.0;;REF330
REC5513;SP710;IRL.1_1;RLM11;;;;;1.0;0.0;;REF152
REC5514;SP710;USA.1_1;RLM9;;0.0;1.0;;1.0;0.0;;REF1007
REC5515;SP711;CHL.1_1;RLM1;0.0;0.0;1.0;0.0;1.0;0.0;2019.0;REF972
REC5516;SP711;CHL.1_1;RLM1;0.0;0.0;1.0;0.0;1.0;0.0;2019.0;REF972
REC5517;SP711;CHL.1_1;RLM1;0.0;0.0;1.0;0.0;1.0;0.0;2015.0;REF972
REC5518;SP711;CHL.1_1;RLM1;0.0;0.0;1.0;0.0;1.0;0.0;2017.0;REF972
REC5519;SP711;CHL.1_1;RLM1;0.0;0.0;1.0;0.0;1.0;0.0;2019.0;REF972
REC5520;SP711;CHL.1_1;RLM1;;;1.0;;1.0;0.0;2015.0;REF1096
REC5521;SP711;CHL.1_1;RLM1;0.0;0.0;1.0;0.0;1.0;0.0;2018.0;REF972
REC5522;SP711;ARG.1_1;RLM1;0.0;0.0;1.0;;1.0;0.0;;REF157
REC5523;SP711;CHL.1_1;RLM1;0.0;0.0;1.0;;1.0;0.0;;REF157
REC5524;SP712;CAN.1_1;RLM9;0.0;1.0;1.0;0.0;1.0;0.0;;REF1002
REC5525;SP712;AUS.1_1;RLM2;;;1.0;;1.0;0.0;;REF697
REC5526;SP712;NZL.1_1;RLM2;;;1.0;;1.0;0.0;;REF697
REC5527;SP712;NZL.1_1;RLM2;;;1.0;;1.0;0.0;1950.0;REF1096
REC5528;SP712;USA.1_1;RLM9;;0.0;1.0;;1.0;0.0;1935.0;REF1007
REC5529;SP712;USA.1_1;RLM9;0.0;1.0;;;1.0;0.0;;REF1195
REC5530;SP712;USA.1_1;RLM9;0.0;1.0;1.0;0.0;1.0;0.0;;REF1002
REC5531;SP713;USA.2_1;RLM9;;;1.0;;1.0;0.0;;REF697
REC5532;SP713;USA.2_1;RLM9;;;1.0;;1.0;0.0;1944.0;REF1096
REC5533;SP713;USA.2_1;RLM9;;0.0;1.0;;1.0;0.0;;REF1007
REC5534;SP713;USA.2_1;RLM9;1.0;0.0;;;1.0;0.0;;REF1195
REC5535;SP713;NZL.1_1;RLM2;;;1.0;;1.0;0.0;;REF697
REC5536;SP713;NZL.1_1;RLM2;;;1.0;;1.0;0.0;1921.0;REF1096
REC5537;SP713;DNK.1_1;RLM11;;;1.0;;1.0;0.0;;REF542
REC5538;SP713;USA.1_1;RLM9;0.0;0.0;1.0;;1.0;0.0;;REF1002
REC5539;SP714;USA.1_1;RLM9;0.0;0.0;;;1.0;0.0;;REF1002
REC5540;SP715;ECU.2_1;RLM1;;;1.0;;1.0;0.0;;REF697
REC5541;SP715;ECU.2_1;RLM1;;;1.0;;1.0;0.0;1989.0;REF1096
REC5542;SP716;USA.2_1;RLM9;;;1.0;;1.0;0.0;;REF697
REC5543;SP716;USA.2_1;RLM9;;;1.0;;1.0;0.0;1958.0;REF1096
REC5544;SP716;USA.2_1;RLM9;;0.0;1.0;;1.0;0.0;;REF1007
REC5545;SP716;USA.2_1;RLM9;1.0;0.0;;;1.0;0.0;;REF1195
REC5546;SP717;USA.2_1;RLM9;;0.0;1.0;;1.0;0.0;;REF1007
REC5547;SP717;USA.2_1;RLM9;0.0;0.0;;;1.0;0.0;;REF1195
REC5548;SP717;USA.2_1;RLM9;0.0;;1.0;;1.0;0.0;;REF48
REC5549;SP718;USA.2_1;RLM9;;;1.0;;1.0;0.0;;REF697
REC5550;SP718;USA.2_1;RLM9;;;1.0;;1.0;0.0;1952.0;REF1096
REC5551;SP719;USA.1_1;RLM9;0.0;0.0;;1.0;;0.0;1981.0;REF358
REC5552;SP719;USA.1_1;RLM9;;0.0;1.0;;1.0;0.0;1981.0;REF1007
REC5553;SP719;USA.1_1;RLM9;0.0;0.0;;;1.0;0.0;;REF1195
REC5554;SP720;IRL.1_1;RLM11;;;1.0;;1.0;0.0;;REF542
REC5555;SP720;GBR.1_1;RLM11;;;1.0;;1.0;0.0;;REF542
REC5556;SP720;GBR.1_1;RLM11;;;;;1.0;0.0;;REF152
REC5557;SP720;DNK.1_1;RLM11;0.0;0.0;1.0;;1.0;0.0;;REF683
REC5558;SP720;GBR.1_1;RLM11;0.0;0.0;1.0;;1.0;0.0;;REF683
REC5559;SP721;USA.1_1;RLM9;0.0;0.0;;1.0;;0.0;1988.0;REF358
REC5560;SP721;USA.1_1;RLM9;;0.0;1.0;;1.0;0.0;1988.0;REF1007
REC5561;SP721;USA.1_1;RLM9;0.0;0.0;;;1.0;0.0;;REF1195
REC5562;SP722;USA.1_1;RLM9;;;;;1.0;0.0;;REF152
REC5563;SP722;JPN.1_1;RLM10;;;;;1.0;0.0;;REF152
REC5564;SP722;JPN.1_1;RLM10;;;;;1.0;0.0;;REF152
REC5565;SP722;JPN.1_1;RLM10;;;;;1.0;0.0;;REF152
REC5566;SP722;JPN.1_1;RLM10;;;;;1.0;0.0;;REF152
REC5567;SP722;USA.1_1;RLM9;;;;;0.0;1.0;;REF330
REC5568;SP722;USA.1_1;RLM9;0.0;0.0;1.0;;0.0;1.0;2009.0;REF393
REC5569;SP722;JPN.1_1;RLM10;;;;;0.0;0.0;;REF330
REC5570;SP722;JPN.1_1;RLM10;;;;;0.0;0.0;;REF330
REC5571;SP722;JPN.1_1;RLM10;;;;;0.0;0.0;;REF330
REC5572;SP722;JPN.1_1;RLM10;;;;;0.0;0.0;;REF330
REC5573;SP722;CHL.1_1;RLM1;;;1.0;;1.0;0.0;2008.0;REF1096
REC5574;SP722;ERI.1_1;RLM3;;;;;1.0;0.0;;REF330
REC5575;SP722;ETH.1_1;RLM3;;;;;1.0;0.0;;REF330
REC5576;SP722;KEN.1_1;RLM3;;;;;1.0;0.0;;REF330
REC5577;SP722;ARG.1_1;RLM1;;;;;1.0;0.0;;REF330
REC5578;SP722;CHL.1_1;RLM1;;;;;1.0;0.0;;REF330
REC5579;SP722;USA.1_1;RLM9;;;;;0.0;1.0;;REF330
REC5580;SP722;JPN.1_1;RLM10;;;;;0.0;0.0;;REF330
REC5581;SP722;ERI.1_1;RLM3;;;;;1.0;0.0;;REF152
REC5582;SP722;ETH.1_1;RLM3;;;;;1.0;0.0;;REF152
REC5583;SP722;KEN.1_1;RLM3;;;;;1.0;0.0;;REF152
REC5584;SP722;JPN.1_1;RLM10;;;;;1.0;0.0;;REF152
REC5585;SP722;USA.1_1;RLM9;;;;;1.0;0.0;;REF152
REC5586;SP722;ARG.1_1;RLM1;;;;;1.0;0.0;;REF152
REC5587;SP722;CHL.1_1;RLM1;;;;;1.0;0.0;;REF152
REC5588;SP722;USA.1_1;RLM9;0.0;0.0;;;1.0;0.0;;REF1195
REC5589;SP722;ARG.1_1;RLM1;0.0;0.0;1.0;;1.0;0.0;2010.0;REF393
REC5590;SP722;CHL.1_1;RLM1;0.0;0.0;1.0;;1.0;0.0;2008.0;REF393
REC5591;SP722;ERI.1_1;RLM3;0.0;0.0;1.0;;1.0;0.0;2007.0;REF393
REC5592;SP722;ETH.1_1;RLM3;0.0;0.0;1.0;;1.0;0.0;2007.0;REF393
REC5593;SP722;JPN.1_1;RLM10;0.0;0.0;1.0;;1.0;0.0;1991.0;REF393
REC5594;SP722;KEN.1_1;RLM3;0.0;0.0;1.0;;1.0;0.0;2007.0;REF393
REC5595;SP723;USA.1_1;RLM9;0.0;1.0;1.0;;1.0;1.0;;REF1007
REC5596;SP724;CAN.1_1;RLM9;0.0;0.0;1.0;;1.0;0.0;;REF394
REC5597;SP724;CAN.1_1;RLM9;0.0;0.0;1.0;;1.0;0.0;;REF394
REC5598;SP724;CAN.1_1;RLM9;0.0;1.0;1.0;0.0;1.0;0.0;;REF1002
REC5599;SP725;AUS.1_1;RLM2;;;1.0;;1.0;0.0;;REF697
REC5600;SP725;AUS.1_1;RLM2;0.0;1.0;1.0;0.0;1.0;0.0;;REF270
REC5601;SP726;USA.2_1;RLM9;;;1.0;;1.0;0.0;;REF697
REC5602;SP726;USA.2_1;RLM9;;;1.0;;1.0;0.0;1974.0;REF1096
REC5603;SP726;USA.2_1;RLM9;;0.0;1.0;;1.0;0.0;;REF1007
REC5604;SP726;USA.2_1;RLM9;1.0;0.0;;;1.0;0.0;;REF1195
REC5605;SP726;USA.2_1;RLM9;0.0;;1.0;;1.0;0.0;;REF47
REC5606;SP727;AUS.1_1;RLM2;;;1.0;;1.0;0.0;;REF697
REC5607;SP728;JPN.1_1;RLM10;;;1.0;;1.0;0.0;;REF697
REC5608;SP728;JPN.1_1;RLM10;;;1.0;;1.0;0.0;2008.0;REF1096
REC5609;SP728;USA.1_1;RLM9;1.0;0.0;1.0;;1.0;0.0;1903.0;REF1007
REC5610;SP729;USA.1_1;RLM9;0.0;0.0;;;1.0;0.0;;REF1195
REC5611;SP730;FRA.1_1;RLM11;;;1.0;;1.0;0.0;1968.0;REF957
REC5612;SP730;FRA.1_1;RLM11;0.0;0.0;1.0;;1.0;0.0;;REF683
REC5613;SP731;JPN.1_1;RLM6;;;1.0;;1.0;0.0;;REF697
REC5614;SP731;JPN.1_1;RLM6;;;1.0;;1.0;0.0;1992.0;REF1096
REC5615;SP731;JPN.1_1;RLM6;0.0;0.0;;;1.0;0.0;;REF1195
REC5616;SP731;JPN.1_1;RLM10;;;1.0;;1.0;0.0;;REF697
REC5617;SP731;JPN.1_1;RLM10;;;1.0;;1.0;0.0;2008.0;REF1096
REC5618;SP731;EGY.1_1;RLM8;;;1.0;;1.0;0.0;;REF542
REC5619;SP731;JPN.1_1;RLM10;0.0;0.0;;;1.0;0.0;;REF1195
REC5620;SP731;EGY.1_1;RLM8;0.0;0.0;1.0;0.0;1.0;0.0;2012.0;REF362
REC5621;SP731;TWN.1_1;RLM6;0.0;0.0;1.0;0.0;1.0;0.0;;REF1185
REC5622;SP731;JPN.1_1;RLM6;0.0;0.0;1.0;0.0;1.0;0.0;;REF1185
REC5623;SP731;JPN.1_1;RLM10;0.0;0.0;1.0;0.0;1.0;0.0;;REF1185
REC5624;SP731;MDG.1_1;RLM4;0.0;0.0;1.0;0.0;1.0;0.0;;REF1185
REC5625;SP731;KOR.1_1;RLM11;0.0;0.0;1.0;0.0;1.0;0.0;;REF1185
REC5626;SP732;USA.1_1;RLM9;;0.0;1.0;;1.0;0.0;1987.0;REF1007
REC5627;SP733;USA.2_1;RLM9;;;1.0;;1.0;0.0;;REF697
REC5628;SP733;USA.2_1;RLM9;;;1.0;;1.0;0.0;1897.0;REF1096
REC5629;SP733;USA.2_1;RLM9;;0.0;1.0;;1.0;0.0;;REF1007
REC5630;SP733;USA.2_1;RLM9;1.0;0.0;;;1.0;0.0;;REF1195
REC5631;SP734;CAN.1_1;RLM9;0.0;0.0;1.0;1.0;1.0;0.0;;REF1002
REC5632;SP734;USA.1_1;RLM9;;;;;1.0;0.0;;REF152
REC5633;SP734;CAN.1_1;RLM9;;;;;1.0;0.0;1993.0;REF152
REC5634;SP734;USA.1_1;RLM9;;;;;1.0;0.0;;REF152
REC5635;SP734;USA.1_1;RLM9;;;;;1.0;0.0;;REF152
REC5636;SP734;USA.1_1;RLM9;;;;;1.0;0.0;;REF152
REC5637;SP734;USA.1_1;RLM9;;;;;1.0;0.0;;REF152
REC5638;SP734;USA.1_1;RLM9;;;;;1.0;0.0;;REF152
REC5639;SP734;USA.1_1;RLM9;;;;;1.0;0.0;;REF152
REC5640;SP734;USA.1_1;RLM9;;;;;1.0;0.0;;REF152
REC5641;SP734;USA.1_1;RLM9;;;;;1.0;0.0;;REF152
REC5642;SP734;USA.1_1;RLM9;;;;;1.0;0.0;;REF152
REC5643;SP734;USA.1_1;RLM9;;;;;1.0;0.0;;REF152
REC5644;SP734;USA.1_1;RLM9;;;;;1.0;0.0;;REF152
REC5645;SP734;USA.1_1;RLM9;;;;;1.0;0.0;;REF152
REC5646;SP734;USA.1_1;RLM9;;;;;1.0;0.0;;REF152
REC5647;SP734;USA.1_1;RLM9;;;;;1.0;0.0;;REF152
REC5648;SP734;USA.1_1;RLM9;;;;;1.0;0.0;;REF152
REC5649;SP734;USA.1_1;RLM9;;;;;1.0;0.0;;REF152
REC5650;SP734;USA.1_1;RLM9;;;;;1.0;0.0;;REF152
REC5651;SP734;CAN.1_1;RLM9;;;;;1.0;0.0;;REF152
REC5652;SP734;USA.1_1;RLM9;;;;;1.0;0.0;;REF152
REC5653;SP734;USA.1_1;RLM9;;;;;1.0;0.0;;REF152
REC5654;SP734;USA.1_1;RLM9;;;;;1.0;0.0;;REF152
REC5655;SP734;CAN.1_1;RLM9;;;;;1.0;0.0;;REF152
REC5656;SP734;USA.1_1;RLM9;;;;;1.0;0.0;;REF152
REC5657;SP734;CAN.1_1;RLM9;;;;;1.0;0.0;;REF152
REC5658;SP734;USA.1_1;RLM9;;;;;1.0;0.0;;REF152
REC5659;SP734;CAN.1_1;RLM9;;;;;1.0;0.0;;REF152
REC5660;SP734;USA.1_1;RLM9;;;;;1.0;0.0;;REF152
REC5661;SP734;USA.1_1;RLM9;;;;;1.0;0.0;;REF152
REC5662;SP734;CAN.1_1;RLM9;;;;;1.0;0.0;;REF152
REC5663;SP734;CAN.1_1;RLM9;;;;;1.0;0.0;;REF152
REC5664;SP734;USA.1_1;RLM9;;;;;1.0;0.0;;REF152
REC5665;SP734;USA.1_1;RLM9;;;;;1.0;0.0;;REF152
REC5666;SP734;USA.1_1;RLM9;;;;;1.0;0.0;;REF152
REC5667;SP734;USA.1_1;RLM9;;;;;1.0;0.0;;REF152
REC5668;SP734;USA.1_1;RLM9;;;;;1.0;0.0;;REF152
REC5669;SP734;USA.1_1;RLM9;;;;;1.0;0.0;;REF152
REC5670;SP734;USA.1_1;RLM9;;;;;1.0;0.0;;REF152
REC5671;SP734;USA.1_1;RLM9;;;;;1.0;0.0;;REF152
REC5672;SP734;USA.1_1;RLM9;;;;;1.0;0.0;;REF152
REC5673;SP734;USA.1_1;RLM9;;;;;1.0;0.0;;REF152
REC5674;SP734;USA.1_1;RLM9;;;;;1.0;0.0;;REF152
REC5675;SP734;CAN.1_1;RLM9;;;;;0.0;0.0;;REF330
REC5676;SP734;CAN.1_1;RLM9;0.0;0.0;1.0;1.0;0.0;1.0;1912.0;REF416
REC5677;SP734;USA.1_1;RLM9;;;;;1.0;0.0;;REF330
REC5678;SP734;USA.1_1;RLM9;;;;;1.0;0.0;;REF330
REC5679;SP734;USA.1_1;RLM9;;;;;1.0;0.0;;REF330
REC5680;SP734;USA.1_1;RLM9;0.0;0.0;1.0;1.0;1.0;0.0;;REF142
REC5681;SP734;USA.1_1;RLM9;;;;;1.0;0.0;;REF330
REC5682;SP734;USA.1_1;RLM9;0.0;0.0;1.0;1.0;1.0;0.0;1971.0;REF358
REC5683;SP734;USA.1_1;RLM9;;;;;1.0;0.0;;REF152
REC5684;SP734;USA.1_1;RLM9;;;;;1.0;0.0;;REF330
REC5685;SP734;USA.1_1;RLM9;;;;;1.0;0.0;;REF330
REC5686;SP734;USA.1_1;RLM9;;;;;1.0;0.0;;REF330
REC5687;SP734;USA.1_1;RLM9;;;;;1.0;0.0;;REF330
REC5688;SP734;USA.1_1;RLM9;;;;;1.0;0.0;;REF330
REC5689;SP734;USA.1_1;RLM9;;;;;1.0;0.0;;REF330
REC5690;SP734;USA.1_1;RLM9;0.0;0.0;1.0;1.0;1.0;0.0;;REF553
REC5691;SP734;USA.1_1;RLM9;;;;;1.0;0.0;;REF330
REC5692;SP734;USA.1_1;RLM9;0.0;1.0;1.0;0.0;1.0;0.0;;REF553
REC5693;SP734;USA.1_1;RLM9;0.0;1.0;1.0;0.0;1.0;0.0;1869.0;REF1074
REC5694;SP734;USA.1_1;RLM9;;;;;1.0;0.0;;REF330
REC5695;SP734;USA.1_1;RLM9;0.0;0.0;1.0;1.0;1.0;0.0;;REF553
REC5696;SP734;USA.1_1;RLM9;;;;;1.0;0.0;;REF330
REC5697;SP734;CAN.1_1;RLM9;;;;;1.0;0.0;;REF330
REC5698;SP734;CAN.1_1;RLM9;0.0;0.0;1.0;1.0;1.0;0.0;1936.0;REF416
REC5699;SP734;USA.1_1;RLM9;;;;;1.0;0.0;;REF330
REC5700;SP734;USA.1_1;RLM9;;;;;1.0;0.0;;REF330
REC5701;SP734;USA.1_1;RLM9;0.0;0.0;1.0;1.0;1.0;0.0;;REF553
REC5702;SP734;USA.1_1;RLM9;0.0;0.0;1.0;1.0;1.0;0.0;;REF553
REC5703;SP734;CAN.1_1;RLM9;;;;;1.0;0.0;;REF330
REC5704;SP734;USA.1_1;RLM9;;;;;1.0;0.0;;REF330
REC5705;SP734;CAN.1_1;RLM9;;;;;1.0;0.0;;REF330
REC5706;SP734;USA.1_1;RLM9;;;;;1.0;0.0;;REF330
REC5707;SP734;CAN.1_1;RLM9;;;;;1.0;0.0;;REF330
REC5708;SP734;USA.1_1;RLM9;;;;;1.0;0.0;;REF330
REC5709;SP734;USA.1_1;RLM9;;;;;1.0;0.0;;REF330
REC5710;SP734;USA.1_1;RLM9;0.0;0.0;1.0;1.0;1.0;0.0;;REF553
REC5711;SP734;CAN.1_1;RLM9;;;;;1.0;0.0;;REF330
REC5712;SP734;CAN.1_1;RLM9;;;;;1.0;0.0;;REF330
REC5713;SP734;CAN.1_1;RLM9;0.0;0.0;1.0;1.0;1.0;0.0;1924.0;REF416
REC5714;SP734;USA.1_1;RLM9;;;;;1.0;0.0;;REF330
REC5715;SP734;USA.1_1;RLM9;;;;;1.0;0.0;;REF330
REC5716;SP734;USA.1_1;RLM9;0.0;0.0;1.0;1.0;1.0;0.0;;REF553
REC5717;SP734;USA.1_1;RLM9;;;;;1.0;0.0;;REF330
REC5718;SP734;USA.1_1;RLM9;;;;;1.0;0.0;;REF330
REC5719;SP734;USA.1_1;RLM9;;;;;1.0;0.0;;REF330
REC5720;SP734;USA.1_1;RLM9;;;;;1.0;0.0;;REF330
REC5721;SP734;USA.1_1;RLM9;0.0;0.0;1.0;1.0;1.0;0.0;;REF553
REC5722;SP734;USA.1_1;RLM9;;;;;1.0;0.0;;REF330
REC5723;SP734;USA.1_1;RLM9;0.0;0.0;1.0;1.0;1.0;0.0;1996.0;REF1075
REC5724;SP734;USA.1_1;RLM9;0.0;0.0;1.0;1.0;1.0;0.0;;REF553
REC5725;SP734;CAN.1_1;RLM9;0.0;;1.0;;1.0;0.0;;REF541
REC5726;SP734;NZL.1_1;RLM2;0.0;;1.0;;1.0;0.0;;REF541
REC5727;SP734;USA.1_1;RLM9;0.0;;1.0;;1.0;0.0;;REF541
REC5728;SP734;ISR.1_1;RLM8;;;1.0;;1.0;0.0;;REF542
REC5729;SP734;LVA.1_1;RLM11;;;1.0;;1.0;0.0;;REF542
REC5730;SP734;IRL.1_1;RLM11;;;1.0;;1.0;0.0;;REF542
REC5731;SP734;USA.1_1;RLM9;;;1.0;;1.0;0.0;;REF542
REC5732;SP734;MDA.1_1;RLM11;;;1.0;;1.0;0.0;;REF542
REC5733;SP734;CAN.1_1;RLM9;;;1.0;;1.0;0.0;;REF542
REC5734;SP734;DZA.1_1;RLM8;;;1.0;;1.0;0.0;;REF542
REC5735;SP734;IRQ.1_1;RLM8;;;1.0;;1.0;0.0;;REF542
REC5736;SP734;DZA.1_1;RLM8;;;;;1.0;0.0;;REF330
REC5737;SP734;CAN.1_1;RLM9;;;;;1.0;0.0;;REF330
REC5738;SP734;USA.1_1;RLM9;;;;;1.0;0.0;;REF330
REC5739;SP734;IRQ.1_1;RLM8;;;;;1.0;0.0;;REF330
REC5740;SP734;ISR.1_1;RLM8;;;;;1.0;0.0;;REF330
REC5741;SP734;MDA.1_1;RLM11;;;;;1.0;0.0;;REF330
REC5742;SP734;DZA.1_1;RLM8;;;;;1.0;0.0;;REF152
REC5743;SP734;IRQ.1_1;RLM8;;;;;1.0;0.0;;REF152
REC5744;SP734;ISR.1_1;RLM8;;;;;1.0;0.0;;REF152
REC5745;SP734;MDA.1_1;RLM11;;;;;1.0;0.0;;REF152
REC5746;SP734;CAN.1_1;RLM9;;;1.0;;1.0;0.0;1912.0;REF152
REC5747;SP734;USA.1_1;RLM9;;;1.0;;1.0;0.0;1869.0;REF152
REC5748;SP734;NZL.1_1;RLM2;;;;;1.0;0.0;;REF152
REC5749;SP734;USA.1_1;RLM9;0.0;1.0;1.0;1.0;1.0;0.0;1869.0;REF1007
REC5750;SP734;USA.1_1;RLM9;0.0;0.0;;;1.0;0.0;;REF1195
REC5751;SP734;AUS.1_1;RLM2;0.0;0.0;1.0;;1.0;0.0;;REF51
REC5752;SP734;USA.1_1;RLM9;0.0;1.0;1.0;0.0;1.0;0.0;;REF1002
REC5753;SP735;SWE.1_1;RLM11;;;1.0;;1.0;0.0;;REF542
REC5754;SP736;GBR.1_1;RLM11;;;;;1.0;0.0;;REF330
REC5755;SP736;GBR.1_1;RLM11;;;1.0;;1.0;0.0;;REF152
REC5756;SP737;JPN.1_1;RLM6;;;1.0;;1.0;0.0;;REF697
REC5757;SP737;JPN.1_1;RLM6;;;1.0;;1.0;0.0;1995.0;REF1096
REC5758;SP737;JPN.1_1;RLM10;;;1.0;;1.0;0.0;;REF542
REC5759;SP737;JPN.1_1;RLM10;0.0;0.0;1.0;;1.0;0.0;;REF812
REC5760;SP738;USA.2_1;RLM9;;0.0;1.0;;1.0;0.0;1970.0;REF1007
REC5761;SP738;USA.2_1;RLM9;0.0;0.0;;;1.0;0.0;;REF1195
REC5762;SP738;JPN.1_1;RLM10;0.0;0.0;1.0;;1.0;0.0;1976.0;REF511
REC5763;SP738;JPN.1_1;RLM6;0.0;0.0;1.0;;1.0;0.0;1976.0;REF511
REC5764;SP738;TWN.1_1;RLM6;0.0;0.0;1.0;;1.0;0.0;1983.0;REF511
REC5765;SP738;GUM.1_1;RLM5;0.0;0.0;1.0;;1.0;0.0;1985.0;REF511
REC5766;SP738;IDN.1_1;RLM6;0.0;0.0;1.0;;1.0;0.0;1985.0;REF511
REC5767;SP738;TON.1_1;RLM5;0.0;0.0;1.0;;1.0;0.0;1986.0;REF511
REC5768;SP738;FJI.1_1;RLM5;0.0;0.0;1.0;;1.0;0.0;1986.0;REF511
REC5769;SP738;PHL.1_1;RLM6;0.0;0.0;1.0;;1.0;0.0;1986.0;REF511
REC5770;SP738;PNG.1_1;RLM5;0.0;0.0;1.0;;1.0;0.0;1987.0;REF511
REC5771;SP738;MYS.1_1;RLM6;0.0;0.0;1.0;;1.0;0.0;1987.0;REF511
REC5772;SP738;WSM.1_1;RLM5;0.0;0.0;1.0;;1.0;0.0;1988.0;REF511
REC5773;SP738;CHN.3_1;RLM10;0.0;0.0;1.0;;1.0;0.0;1992.0;REF511
REC5774;SP738;FSM.1_1;RLM5;0.0;0.0;1.0;;1.0;0.0;1975.0;REF511
REC5775;SP738;USA.2_1;RLM9;0.0;0.0;1.0;;1.0;0.0;1970.0;REF511
REC5776;SP739;IRL.1_1;RLM11;;;1.0;;1.0;0.0;;REF542
REC5777;SP739;IRL.1_1;RLM11;;;;;1.0;0.0;;REF152
REC5778;SP739;IRL.1_1;RLM11;0.0;0.0;1.0;;1.0;0.0;;REF683
REC5779;SP740;AUS.1_1;RLM2;0.0;1.0;1.0;0.0;1.0;0.0;1998.0;REF475
REC5780;SP740;AUS.1_1;RLM2;0.0;1.0;1.0;0.0;1.0;0.0;1998.0;REF475
REC5781;SP740;AUS.1_1;RLM2;0.0;1.0;1.0;0.0;1.0;0.0;1998.0;REF475
REC5782;SP741;CAN.1_1;RLM9;0.0;0.0;1.0;0.0;1.0;0.0;;REF1002
REC5783;SP742;NZL.1_1;RLM2;;;1.0;;1.0;0.0;;REF697
REC5784;SP742;NZL.1_1;RLM2;;;1.0;;1.0;0.0;2019.0;REF1096
REC5785;SP743;USA.1_1;RLM9;0.0;0.0;;1.0;;0.0;1985.0;REF358
REC5786;SP743;USA.1_1;RLM9;;0.0;1.0;;1.0;0.0;1985.0;REF1007
REC5787;SP743;USA.1_1;RLM9;0.0;0.0;;;1.0;0.0;;REF1195
REC5788;SP744;USA.2_1;RLM9;;;1.0;;1.0;0.0;;REF697
REC5789;SP744;USA.2_1;RLM9;;;1.0;;1.0;0.0;1978.0;REF1096
REC5790;SP744;USA.2_1;RLM9;;0.0;1.0;;1.0;0.0;;REF1007
REC5791;SP745;USA.2_1;RLM9;0.0;0.0;;;1.0;0.0;;REF1195
REC5792;SP746;AUS.1_1;RLM2;;;1.0;;1.0;0.0;;REF697
REC5793;SP746;NZL.1_1;RLM2;;;1.0;;1.0;0.0;;REF697
REC5794;SP746;NZL.1_1;RLM2;;1.0;1.0;;1.0;0.0;1987.0;REF1096
REC5795;SP746;AUS.1_1;RLM2;0.0;1.0;1.0;;1.0;0.0;;REF471
REC5796;SP747;CAN.1_1;RLM9;0.0;0.0;1.0;;1.0;0.0;;REF1002
REC5797;SP747;RUS.1_1;RLM11;;;;;1.0;0.0;;REF330
REC5798;SP747;MDA.1_1;RLM11;0.0;0.0;1.0;1.0;1.0;0.0;2006.0;REF236
REC5799;SP747;RUS.1_1;RLM11;;;;;1.0;0.0;;REF330
REC5800;SP747;ALB.1_1;RLM11;;;;;1.0;0.0;;REF330
REC5801;SP747;AUT.1_1;RLM11;;;;;1.0;0.0;;REF330
REC5802;SP747;BEL.1_1;RLM11;;;;;1.0;0.0;;REF330
REC5803;SP747;BIH.1_1;RLM11;;;;;1.0;0.0;;REF330
REC5804;SP747;BGR.1_1;RLM11;;;;;1.0;0.0;;REF330
REC5805;SP747;HRV.1_1;RLM11;;;;;1.0;0.0;;REF330
REC5806;SP747;CZE.1_1;RLM11;;;;;1.0;0.0;;REF330
REC5807;SP747;DNK.1_1;RLM11;;;;;1.0;0.0;;REF330
REC5808;SP747;FRA.1_1;RLM11;;;;;1.0;0.0;;REF330
REC5809;SP747;DEU.1_1;RLM11;;;;;1.0;0.0;;REF330
REC5810;SP747;HUN.1_1;RLM11;;;;;1.0;0.0;;REF330
REC5811;SP747;ITA.1_1;RLM11;;;;;1.0;0.0;;REF330
REC5812;SP747;LTU.1_1;RLM11;;;;;1.0;0.0;;REF330
REC5813;SP747;MDA.1_1;RLM11;;;;;1.0;0.0;;REF330
REC5814;SP747;NLD.1_1;RLM11;;;;;1.0;0.0;;REF330
REC5815;SP747;POL.1_1;RLM11;;;;;1.0;0.0;;REF330
REC5816;SP747;ROU.1_1;RLM11;;;;;1.0;0.0;;REF330
REC5817;SP747;SRB.1_1;RLM11;;;;;1.0;0.0;;REF330
REC5818;SP747;SVK.1_1;RLM11;;;;;1.0;0.0;;REF330
REC5819;SP747;SVN.1_1;RLM11;;;;;1.0;0.0;;REF330
REC5820;SP747;ESP.1_1;RLM11;;;;;1.0;0.0;;REF330
REC5821;SP747;CHE.1_1;RLM11;;;;;1.0;0.0;;REF330
REC5822;SP747;UKR.1_1;RLM11;;;;;1.0;0.0;;REF330
REC5823;SP747;ALB.1_1;RLM11;0.0;0.0;1.0;1.0;1.0;0.0;;REF236
REC5824;SP747;AUT.1_1;RLM11;0.0;0.0;1.0;1.0;1.0;0.0;1991.0;REF236
REC5825;SP747;BEL.1_1;RLM11;0.0;0.0;1.0;1.0;1.0;0.0;2001.0;REF236
REC5826;SP747;BIH.1_1;RLM11;0.0;0.0;1.0;1.0;1.0;0.0;1999.0;REF236
REC5827;SP747;BGR.1_1;RLM11;0.0;0.0;1.0;1.0;1.0;0.0;2001.0;REF236
REC5828;SP747;HRV.1_1;RLM11;0.0;0.0;1.0;1.0;1.0;0.0;2000.0;REF236
REC5829;SP747;CZE.1_1;RLM11;0.0;0.0;1.0;1.0;1.0;0.0;1992.0;REF236
REC5830;SP747;DNK.1_1;RLM11;0.0;0.0;1.0;1.0;1.0;0.0;2003.0;REF236
REC5831;SP747;FRA.1_1;RLM11;0.0;0.0;1.0;1.0;1.0;0.0;1984.0;REF236
REC5832;SP747;DEU.1_1;RLM11;0.0;0.0;1.0;1.0;1.0;0.0;1988.0;REF236
REC5833;SP747;HUN.1_1;RLM11;0.0;0.0;1.0;1.0;1.0;0.0;1992.0;REF236
REC5834;SP747;ITA.1_1;RLM11;0.0;0.0;1.0;1.0;1.0;0.0;1988.0;REF236
REC5835;SP747;LTU.1_1;RLM11;0.0;0.0;1.0;1.0;1.0;0.0;2007.0;REF236
REC5836;SP747;NLD.1_1;RLM11;0.0;0.0;1.0;1.0;1.0;0.0;1999.0;REF236
REC5837;SP747;POL.1_1;RLM11;0.0;0.0;1.0;1.0;1.0;0.0;1999.0;REF236
REC5838;SP747;ROU.1_1;RLM11;0.0;0.0;1.0;1.0;1.0;0.0;2002.0;REF236
REC5839;SP747;SRB.1_1;RLM11;0.0;0.0;1.0;1.0;1.0;0.0;1998.0;REF236
REC5840;SP747;SVK.1_1;RLM11;0.0;0.0;1.0;1.0;1.0;0.0;1992.0;REF236
REC5841;SP747;SVN.1_1;RLM11;0.0;0.0;1.0;1.0;1.0;0.0;1994.0;REF236
REC5842;SP747;ESP.1_1;RLM11;0.0;0.0;1.0;1.0;1.0;0.0;2001.0;REF236
REC5843;SP747;CHE.1_1;RLM11;0.0;0.0;1.0;0.0;1.0;0.0;1983.0;REF236
REC5844;SP747;UKR.1_1;RLM11;0.0;0.0;1.0;1.0;1.0;0.0;2002.0;REF236
REC5845;SP747;POL.1_1;RLM11;0.0;0.0;1.0;;;0.0;2000.0;REF1073
REC5846;SP747;USA.1_1;RLM9;0.0;0.0;1.0;;1.0;0.0;;REF1002
REC5847;SP748;GBR.1_1;RLM11;;;1.0;;1.0;0.0;;REF542
REC5848;SP749;USA.2_1;RLM9;0.0;1.0;1.0;0.0;1.0;0.0;;REF513
REC5849;SP750;USA.1_1;RLM9;;0.0;;;1.0;0.0;;REF1002
REC5850;SP751;JPN.1_1;RLM10;0.0;0.0;;;1.0;0.0;;REF1195
REC5851;SP752;JPN.1_1;RLM10;;;1.0;;1.0;0.0;;REF697
REC5852;SP752;JPN.1_1;RLM10;;;1.0;;1.0;0.0;;REF1096
REC5853;SP752;JPN.1_1;RLM10;;;1.0;;1.0;0.0;;REF542
REC5854;SP752;JPN.1_1;RLM10;;;;;1.0;0.0;;REF152
REC5855;SP752;USA.1_1;RLM9;;0.0;1.0;;1.0;0.0;1959.0;REF1007
REC5856;SP752;USA.1_1;RLM9;0.0;0.0;;;1.0;0.0;;REF1195
REC5857;SP752;JPN.1_1;RLM10;0.0;0.0;;;1.0;0.0;;REF1195
REC5858;SP752;JPN.1_1;RLM10;;0.0;1.0;;1.0;0.0;;REF811
REC5859;SP752;JPN.1_1;RLM10;0.0;0.0;1.0;;1.0;0.0;;REF812
REC5860;SP752;USA.1_1;RLM9;0.0;0.0;1.0;;1.0;0.0;;REF1002
REC5861;SP753;USA.1_1;RLM9;0.0;0.0;;1.0;;0.0;1980.0;REF358
REC5862;SP753;USA.1_1;RLM9;0.0;0.0;;;1.0;0.0;;REF1195
REC5863;SP754;USA.2_1;RLM9;;;1.0;;1.0;0.0;;REF697
REC5864;SP754;USA.2_1;RLM9;;;1.0;;1.0;0.0;1924.0;REF1096
REC5865;SP754;USA.2_1;RLM9;;;;;1.0;0.0;;REF330
REC5866;SP754;USA.2_1;RLM9;;0.0;1.0;;1.0;0.0;;REF1007
REC5867;SP754;USA.2_1;RLM9;0.0;0.0;;;1.0;0.0;;REF1195
REC5868;SP754;AUS.1_1;RLM2;;;;;1.0;0.0;;REF330
REC5869;SP754;AUS.1_1;RLM2;;;;;1.0;0.0;;REF330
REC5870;SP754;USA.1_1;RLM9;;;;;0.0;0.0;;REF330
REC5871;SP754;AUS.1_1;RLM2;;;1.0;;1.0;0.0;;REF697
REC5872;SP754;ZAF.1_1;RLM3;;;1.0;;1.0;0.0;;REF697
REC5873;SP754;ZAF.1_1;RLM3;;;1.0;;1.0;0.0;;REF1096
REC5874;SP754;DNK.1_1;RLM11;;;1.0;;1.0;0.0;;REF542
REC5875;SP754;ZAF.1_1;RLM3;;;;;1.0;0.0;;REF330
REC5876;SP754;USA.1_1;RLM9;;;;;1.0;0.0;;REF330
REC5877;SP754;DNK.1_1;RLM11;;;;;0.0;0.0;;REF330
REC5878;SP754;AUS.1_1;RLM2;;;;;1.0;0.0;;REF330
REC5879;SP754;USA.1_1;RLM9;;0.0;1.0;;1.0;0.0;1981.0;REF1007
REC5880;SP754;USA.1_1;RLM9;0.0;0.0;;;1.0;0.0;;REF1195
REC5881;SP754;PLW.1_1;RLM5;0.0;0.0;1.0;;1.0;0.0;;REF1000
REC5882;SP754;GBR.1_1;RLM11;0.0;0.0;1.0;;0.0;0.0;;REF54
REC5883;SP754;USA.1_1;RLM9;0.0;0.0;1.0;;1.0;0.0;;REF1002
REC5884;SP755;USA.2_1;RLM9;;;1.0;;1.0;0.0;;REF697
REC5885;SP755;USA.2_1;RLM9;;;1.0;;1.0;0.0;1899.0;REF1096
REC5886;SP755;USA.2_1;RLM9;;0.0;1.0;;1.0;0.0;;REF1007
REC5887;SP755;USA.2_1;RLM9;1.0;0.0;;;1.0;0.0;;REF1195
REC5888;SP756;ITA.1_1;RLM11;0.0;0.0;1.0;;1.0;0.0;2002.0;REF84
REC5889;SP756;ESP.1_1;RLM11;0.0;0.0;1.0;;1.0;0.0;;REF84
REC5890;SP756;ISR.1_1;RLM8;1.0;0.0;;;1.0;0.0;;REF84
REC5891;SP756;MAR.1_1;RLM8;0.0;0.0;1.0;;1.0;0.0;;REF84
REC5892;SP757;USA.2_1;RLM9;;;1.0;;1.0;0.0;1881.0;REF152
REC5893;SP757;ECU.2_1;RLM1;;;1.0;;1.0;0.0;;REF697
REC5894;SP757;ECU.2_1;RLM1;;;1.0;;1.0;0.0;1923.0;REF1096
REC5895;SP757;ECU.2_1;RLM1;;;1.0;;1.0;0.0;1923.0;REF152
REC5896;SP757;USA.2_1;RLM9;;;1.0;;1.0;0.0;;REF697
REC5897;SP757;USA.2_1;RLM9;;;1.0;;1.0;0.0;1888.0;REF1096
REC5898;SP757;USA.2_1;RLM9;;0.0;1.0;;1.0;0.0;1880.0;REF1007
REC5899;SP757;USA.2_1;RLM9;0.0;0.0;;;1.0;0.0;;REF1195
REC5900;SP757;ITA.2_1;RLM11;;;1.0;;1.0;0.0;2002.0;REF152
REC5901;SP757;ITA.2_1;RLM11;1.0;0.0;;;1.0;0.0;;REF683
REC5902;SP757;CHL.1_1;RLM1;;;1.0;;1.0;0.0;1969.0;REF1096
REC5903;SP757;ITA.2_1;RLM11;;;1.0;;1.0;0.0;;REF957
REC5904;SP757;ISR.1_1;RLM8;;;1.0;;1.0;0.0;;REF957
REC5905;SP757;ITA.1_1;RLM11;;;;;1.0;0.0;;REF152
REC5906;SP757;ESP.1_1;RLM11;;;1.0;;1.0;0.0;1996.0;REF152
REC5907;SP757;ISR.1_1;RLM8;1.0;0.0;;;1.0;0.0;;REF683
REC5908;SP758;USA.2_1;RLM9;;;1.0;;1.0;0.0;;REF697
REC5909;SP758;USA.2_1;RLM9;;;1.0;;1.0;0.0;1969.0;REF1096
REC5910;SP758;USA.2_1;RLM9;;0.0;1.0;;1.0;0.0;;REF1007
REC5911;SP758;USA.2_1;RLM9;1.0;0.0;;;1.0;0.0;;REF1195
REC5912;SP759;AUS.1_1;RLM2;;;1.0;;1.0;0.0;;REF697
REC5913;SP760;AUS.1_1;RLM2;;;1.0;;1.0;0.0;;REF697
REC5914;SP760;AUS.1_1;RLM2;0.0;1.0;1.0;0.0;1.0;0.0;;REF276
REC5915;SP761;USA.2_1;RLM9;;;1.0;;1.0;0.0;;REF697
REC5916;SP761;USA.2_1;RLM9;;1.0;1.0;;1.0;0.0;1949.0;REF1096
REC5917;SP761;USA.2_1;RLM9;0.0;1.0;1.0;;1.0;0.0;;REF1007
REC5918;SP761;USA.2_1;RLM9;0.0;1.0;;;1.0;0.0;;REF1195
REC5919;SP761;AUS.1_1;RLM2;;;1.0;;1.0;0.0;;REF697
REC5920;SP761;USA.2_1;RLM9;0.0;1.0;;;0.0;;;REF47
REC5921;SP762;USA.2_1;RLM9;;1.0;1.0;;1.0;0.0;1996.0;REF1096
REC5922;SP762;USA.2_1;RLM9;0.0;1.0;1.0;;1.0;0.0;1996.0;REF1007
REC5923;SP762;USA.2_1;RLM9;0.0;1.0;;;1.0;;;REF47
REC5924;SP763;NZL.1_1;RLM2;;;1.0;;1.0;0.0;;REF697
REC5925;SP763;NZL.1_1;RLM2;;;1.0;;1.0;0.0;1988.0;REF1096
REC5926;SP763;NZL.1_1;RLM2;0.0;0.0;;;1.0;0.0;1988.0;REF493
REC5927;SP764;USA.1_1;RLM9;;0.0;1.0;;1.0;0.0;2016.0;REF1007
REC5928;SP764;CAN.1_1;RLM9;0.0;0.0;1.0;0.0;1.0;0.0;;REF1002
REC5929;SP765;USA.2_1;RLM9;;0.0;1.0;;1.0;0.0;2020.0;REF1007
REC5930;SP766;USA.1_1;RLM9;0.0;0.0;1.0;0.0;;;;REF1002
REC5931;SP767;CAN.1_1;RLM9;0.0;0.0;1.0;;1.0;0.0;;REF1002
REC5932;SP767;USA.1_1;RLM9;;0.0;1.0;;1.0;0.0;;REF1007
REC5933;SP767;USA.1_1;RLM9;0.0;0.0;1.0;;1.0;0.0;;REF1002
REC5934;SP768;CAN.1_1;RLM9;0.0;1.0;1.0;0.0;1.0;0.0;1973.0;REF1002
REC5935;SP768;USA.1_1;RLM9;0.0;1.0;1.0;;1.0;0.0;1980.0;REF1007
REC5936;SP768;USA.1_1;RLM9;0.0;1.0;;;1.0;0.0;;REF1195
REC5937;SP768;CAN.1_1;RLM9;0.0;1.0;1.0;;1.0;0.0;1973.0;REF415
REC5938;SP768;USA.1_1;RLM9;0.0;1.0;1.0;;1.0;0.0;1980.0;REF415
REC5939;SP768;USA.1_1;RLM9;0.0;1.0;1.0;0.0;1.0;0.0;1984.0;REF1002
REC5940;SP769;USA.2_1;RLM9;;;1.0;;1.0;0.0;2001.0;REF1096
REC5941;SP769;JPN.1_1;RLM6;;;1.0;;1.0;0.0;;REF697
REC5942;SP769;JPN.1_1;RLM6;;;1.0;;1.0;0.0;1995.0;REF1096
REC5943;SP769;JPN.1_1;RLM10;;;1.0;;1.0;0.0;;REF542
REC5944;SP770;USA.1_1;RLM9;0.0;0.0;;;1.0;0.0;;REF1195
REC5945;SP770;USA.1_1;RLM9;0.0;0.0;;;1.0;0.0;;REF1195
REC5946;SP770;USA.1_1;RLM9;0.0;0.0;1.0;;1.0;0.0;1969.0;REF1002
REC5947;SP771;CAN.1_1;RLM9;;0.0;1.0;;1.0;0.0;;REF1002
REC5948;SP771;USA.1_1;RLM9;;0.0;1.0;;1.0;0.0;;REF1002
REC5949;SP772;CAN.1_1;RLM9;;0.0;;;1.0;0.0;;REF1002
REC5950;SP772;USA.1_1;RLM9;;0.0;;;1.0;0.0;;REF1002
REC5951;SP773;USA.1_2;RLM9;0.0;0.0;1.0;;1.0;0.0;;REF1002
REC5952;SP773;CAN.1_1;RLM9;0.0;0.0;1.0;;1.0;0.0;;REF1002
REC5953;SP773;USA.1_1;RLM9;0.0;0.0;1.0;;1.0;0.0;;REF1002
REC5954;SP774;CAN.1_1;RLM9;0.0;0.0;1.0;;1.0;0.0;;REF1002
REC5955;SP774;USA.1_1;RLM9;0.0;0.0;1.0;;1.0;0.0;;REF1002
REC5956;SP775;CAN.1_1;RLM9;;0.0;1.0;;1.0;0.0;;REF1002
REC5957;SP775;USA.1_1;RLM9;;0.0;1.0;;1.0;0.0;;REF1002
REC5958;SP776;USA.2_1;RLM9;;;1.0;;1.0;0.0;;REF697
REC5959;SP776;USA.2_1;RLM9;;1.0;1.0;;1.0;0.0;1999.0;REF1096
REC5960;SP776;USA.2_1;RLM9;0.0;1.0;1.0;;1.0;0.0;1999.0;REF1007
REC5961;SP776;USA.2_1;RLM9;0.0;1.0;;;1.0;;;REF47
REC5962;SP777;ROU.1_1;RLM11;;;1.0;;1.0;0.0;;REF542
REC5963;SP777;USA.1_1;RLM9;;0.0;1.0;;1.0;0.0;1906.0;REF1007
REC5964;SP777;USA.1_1;RLM9;0.0;0.0;;;1.0;0.0;;REF1195
REC5965;SP778;NZL.1_1;RLM2;;;1.0;;1.0;0.0;;REF697
REC5966;SP778;NZL.1_1;RLM2;;;1.0;;1.0;0.0;1952.0;REF1096
REC5967;SP779;USA.2_1;RLM9;;;1.0;;1.0;0.0;;REF697
REC5968;SP779;USA.2_1;RLM9;;;1.0;;1.0;0.0;1907.0;REF1096
REC5969;SP779;USA.2_1;RLM9;;0.0;1.0;;1.0;0.0;;REF1007
REC5970;SP779;USA.2_1;RLM9;1.0;0.0;;;1.0;0.0;;REF1195
REC5971;SP779;NZL.1_1;RLM2;;;1.0;;1.0;0.0;;REF697
REC5972;SP779;NZL.1_1;RLM2;;;1.0;;1.0;0.0;1912.0;REF1096
REC5973;SP779;IRL.1_1;RLM11;;;1.0;;1.0;0.0;;REF542
REC5974;SP779;AUT.1_1;RLM11;;;1.0;;1.0;0.0;;REF542
REC5975;SP779;BGR.1_1;RLM11;0.0;0.0;1.0;;;0.0;2000.0;REF1073
REC5976;SP779;USA.2_1;RLM9;0.0;;1.0;;1.0;0.0;;REF47
REC5977;SP780;NZL.1_1;RLM2;;;1.0;;1.0;0.0;;REF697
REC5978;SP780;NZL.1_1;RLM2;;;1.0;;1.0;0.0;1917.0;REF1096
REC5979;SP781;USA.1_1;RLM9;1.0;0.0;;;1.0;0.0;;REF1195
REC5980;SP782;CAN.1_1;RLM9;0.0;0.0;1.0;;1.0;0.0;;REF1002
REC5981;SP782;USA.1_1;RLM9;0.0;0.0;1.0;;1.0;0.0;;REF1002
REC5982;SP783;USA.2_1;RLM9;;;1.0;;1.0;0.0;;REF697
REC5983;SP783;USA.2_1;RLM9;;;1.0;;1.0;0.0;1922.0;REF1096
REC5984;SP783;USA.2_1;RLM9;;0.0;1.0;;1.0;0.0;;REF1007
REC5985;SP783;USA.2_1;RLM9;0.0;0.0;;;1.0;0.0;;REF1195
REC5986;SP784;USA.1_2;RLM9;0.0;0.0;1.0;;1.0;0.0;;REF1002
REC5987;SP784;CAN.1_1;RLM9;0.0;0.0;1.0;0.0;1.0;0.0;;REF1002
REC5988;SP784;USA.2_1;RLM9;;;1.0;;1.0;0.0;;REF697
REC5989;SP784;USA.2_1;RLM9;;;1.0;;1.0;0.0;1881.0;REF1096
REC5990;SP784;USA.2_1;RLM9;;0.0;1.0;;1.0;0.0;;REF1007
REC5991;SP784;USA.2_1;RLM9;0.0;0.0;;;1.0;0.0;;REF1195
REC5992;SP784;USA.1_1;RLM9;0.0;0.0;1.0;1.0;1.0;0.0;;REF1002
REC5993;SP785;USA.1_1;RLM9;;0.0;1.0;;1.0;0.0;1950.0;REF1007
REC5994;SP786;CAN.1_1;RLM9;0.0;0.0;;;1.0;0.0;;REF1002
REC5995;SP786;USA.1_1;RLM9;;0.0;1.0;;1.0;0.0;2009.0;REF1007
REC5996;SP786;USA.1_1;RLM9;0.0;0.0;;;1.0;0.0;;REF1195
REC5997;SP786;USA.1_1;RLM9;0.0;0.0;;;1.0;0.0;;REF1002
REC5998;SP787;NZL.1_1;RLM2;;;1.0;;1.0;0.0;;REF697
REC5999;SP787;NZL.1_1;RLM2;;;1.0;;1.0;0.0;;REF1096
REC6000;SP788;GBR.1_1;RLM11;;;1.0;;1.0;0.0;2009.0;REF1096
REC6001;SP789;NZL.1_1;RLM2;;;1.0;;1.0;0.0;;REF697
REC6002;SP789;NZL.1_1;RLM2;;;1.0;;1.0;0.0;1981.0;REF1096
REC6003;SP790;DNK.1_1;RLM11;;;1.0;;1.0;0.0;;REF542
REC6004;SP791;DNK.1_1;RLM11;;;1.0;;1.0;0.0;;REF542
REC6005;SP792;ITA.1_1;RLM11;;;1.0;;1.0;0.0;;REF542
REC6006;SP792;ITA.1_1;RLM11;;;;;1.0;0.0;;REF152
REC6007;SP793;USA.2_1;RLM9;;;1.0;;1.0;0.0;;REF697
REC6008;SP793;USA.2_1;RLM9;0.0;0.0;;;1.0;0.0;;REF1195
REC6009;SP793;NZL.1_1;RLM2;;;1.0;;1.0;0.0;;REF697
REC6010;SP794;USA.2_1;RLM9;1.0;0.0;;;1.0;0.0;;REF1195
REC6011;SP795;NZL.1_1;RLM2;;;1.0;;1.0;0.0;;REF697
REC6012;SP795;KOR.1_1;RLM11;;;1.0;;1.0;0.0;;REF1096
REC6013;SP795;NZL.1_1;RLM2;;;1.0;;1.0;0.0;1917.0;REF1096
REC6014;SP796;RUS.1_1;RLM11;;;1.0;;1.0;0.0;;REF152
REC6015;SP796;IND.1_1;RLM6;;;;;1.0;0.0;;REF152
REC6016;SP796;IND.1_1;RLM6;;;;;1.0;0.0;;REF152
REC6017;SP796;USA.2_1;RLM9;;;1.0;;1.0;0.0;;REF152
REC6018;SP796;IND.1_1;RLM6;;;;;1.0;0.0;;REF152
REC6019;SP796;IND.1_1;RLM6;;;;;1.0;0.0;;REF152
REC6020;SP796;PRT.3_1;RLM11;;;1.0;;1.0;0.0;;REF152
REC6021;SP796;IND.1_1;RLM6;;;;;1.0;0.0;;REF152
REC6022;SP796;IND.1_1;RLM6;;;;;1.0;0.0;;REF152
REC6023;SP796;IND.1_1;RLM6;;;;;1.0;0.0;;REF152
REC6024;SP796;RUS.1_1;RLM11;;;1.0;;1.0;0.0;;REF152
REC6025;SP796;IND.1_1;RLM6;;;;;1.0;0.0;;REF152
REC6026;SP796;ESP.2_1;RLM11;;;1.0;;1.0;0.0;;REF152
REC6027;SP796;FRA.2_1;RLM11;;;1.0;;1.0;0.0;;REF152
REC6028;SP796;USA.2_1;RLM9;;;1.0;;1.0;0.0;;REF697
REC6029;SP796;USA.2_1;RLM9;;;1.0;;1.0;0.0;1880.0;REF1096
REC6030;SP796;USA.2_1;RLM9;;0.0;1.0;;1.0;0.0;;REF1007
REC6031;SP796;USA.2_1;RLM9;1.0;0.0;;;1.0;0.0;;REF1195
REC6032;SP796;AUS.1_1;RLM2;;;1.0;;1.0;0.0;;REF697
REC6033;SP796;GBR.1_1;RLM11;;;1.0;;1.0;0.0;2002.0;REF1096
REC6034;SP796;NER.1_1;RLM3;;;1.0;;1.0;0.0;;REF542
REC6035;SP796;TGO.1_1;RLM3;;;1.0;;1.0;0.0;;REF542
REC6036;SP796;MLI.1_1;RLM3;;;1.0;;1.0;0.0;;REF542
REC6037;SP796;SEN.1_1;RLM3;;;1.0;;1.0;0.0;;REF542
REC6038;SP796;MLI.1_1;RLM3;;;1.0;;1.0;0.0;;REF152
REC6039;SP796;MAR.1_1;RLM8;;;1.0;;1.0;0.0;;REF152
REC6040;SP796;NER.1_1;RLM3;;;1.0;;1.0;0.0;;REF152
REC6041;SP796;SEN.1_1;RLM3;;;1.0;;1.0;0.0;;REF152
REC6042;SP796;SOM.1_1;RLM3;;;1.0;;1.0;0.0;;REF152
REC6043;SP796;TGO.1_1;RLM3;;;1.0;;1.0;0.0;;REF152
REC6044;SP796;CHN.1_1;RLM11;;;1.0;;1.0;0.0;;REF152
REC6045;SP796;IND.1_1;RLM6;;;1.0;;1.0;0.0;;REF152
REC6046;SP796;IRN.1_1;RLM8;;;1.0;;1.0;0.0;;REF152
REC6047;SP796;ISR.1_1;RLM8;;;1.0;;1.0;0.0;;REF152
REC6048;SP796;TUR.1_1;RLM11;;;1.0;;1.0;0.0;;REF152
REC6049;SP796;UZB.1_1;RLM11;;;1.0;;1.0;0.0;;REF152
REC6050;SP796;BGR.1_1;RLM11;;;1.0;;1.0;0.0;;REF152
REC6051;SP796;CZE.1_1;RLM11;;;1.0;;1.0;0.0;;REF152
REC6052;SP796;DNK.1_1;RLM11;;;1.0;;1.0;0.0;;REF152
REC6053;SP796;FRA.1_1;RLM11;;;1.0;;1.0;0.0;;REF152
REC6054;SP796;DEU.1_1;RLM11;;;1.0;;1.0;0.0;;REF152
REC6055;SP796;GRC.1_1;RLM11;;;1.0;;1.0;0.0;;REF152
REC6056;SP796;HUN.1_1;RLM11;;;1.0;;1.0;0.0;;REF152
REC6057;SP796;ISL.1_1;RLM11;;;1.0;;1.0;0.0;;REF152
REC6058;SP796;IRL.1_1;RLM11;;;1.0;;1.0;0.0;;REF152
REC6059;SP796;ITA.1_1;RLM11;;;1.0;;1.0;0.0;;REF152
REC6060;SP796;LUX.1_1;RLM11;;;1.0;;1.0;0.0;;REF152
REC6061;SP796;MLT.1_1;RLM8;;;1.0;;1.0;0.0;;REF152
REC6062;SP796;NLD.1_1;RLM11;;;1.0;;1.0;0.0;;REF152
REC6063;SP796;POL.1_1;RLM11;;;1.0;;1.0;0.0;;REF152
REC6064;SP796;ROU.1_1;RLM11;;;1.0;;1.0;0.0;;REF152
REC6065;SP796;RUS.1_2;RLM11;;;1.0;;1.0;0.0;;REF152
REC6066;SP796;SVK.1_1;RLM11;;;1.0;;1.0;0.0;;REF152
REC6067;SP796;ESP.1_1;RLM11;;;1.0;;1.0;0.0;;REF152
REC6068;SP796;SWE.1_1;RLM11;;;1.0;;1.0;0.0;;REF152
REC6069;SP796;CHE.1_1;RLM11;;;1.0;;1.0;0.0;;REF152
REC6070;SP796;GBR.1_1;RLM11;;;1.0;;1.0;0.0;;REF152
REC6071;SP796;CYP.1_1;RLM8;0.0;0.0;1.0;;1.0;0.0;2013.0;REF261
REC6072;SP796;USA.2_1;RLM9;0.0;;1.0;;1.0;0.0;;REF47
REC6073;SP797;USA.1_1;RLM9;0.0;0.0;1.0;;1.0;0.0;;REF1002
REC6074;SP798;AUS.1_1;RLM2;;;;;1.0;0.0;;REF330
REC6075;SP798;AUS.1_1;RLM2;;;1.0;;1.0;0.0;;REF697
REC6076;SP798;AUS.1_1;RLM2;;;;;1.0;0.0;;REF330
REC6077;SP798;VUT.1_1;RLM5;;;;;1.0;0.0;;REF330
REC6078;SP798;VUT.1_1;RLM5;0.0;0.0;1.0;;1.0;0.0;;REF1000
REC6079;SP799;CAN.1_1;RLM9;0.0;0.0;1.0;;1.0;0.0;;REF1002
REC6080;SP799;USA.1_1;RLM9;0.0;0.0;1.0;;1.0;0.0;;REF1002
REC6081;SP800;CAN.1_1;RLM9;0.0;0.0;1.0;;1.0;0.0;;REF1002
REC6082;SP800;USA.2_1;RLM9;;;1.0;;1.0;0.0;;REF697
REC6083;SP800;USA.2_1;RLM9;;;1.0;;1.0;0.0;1951.0;REF1096
REC6084;SP800;USA.2_1;RLM9;;0.0;1.0;;1.0;0.0;;REF1007
REC6085;SP800;USA.2_1;RLM9;0.0;0.0;;;1.0;0.0;;REF1195
REC6086;SP800;JPN.1_1;RLM6;;;1.0;;1.0;0.0;;REF697
REC6087;SP800;JPN.1_1;RLM6;;;1.0;;1.0;0.0;;REF1096
REC6088;SP800;JPN.1_1;RLM6;0.0;0.0;;;1.0;0.0;;REF1195
REC6089;SP800;AUS.1_1;RLM2;;;1.0;;1.0;0.0;;REF697
REC6090;SP800;JPN.1_1;RLM10;;;1.0;;1.0;0.0;;REF697
REC6091;SP800;KOR.1_1;RLM11;;;1.0;;1.0;0.0;;REF697
REC6092;SP800;NZL.1_1;RLM2;;;1.0;;1.0;0.0;;REF697
REC6093;SP800;CHL.1_1;RLM1;;;1.0;;1.0;0.0;1900.0;REF1096
REC6094;SP800;JPN.1_1;RLM10;;;1.0;;1.0;0.0;;REF1096
REC6095;SP800;KOR.1_1;RLM11;;;1.0;;1.0;0.0;;REF1096
REC6096;SP800;NZL.1_1;RLM2;;;1.0;;1.0;0.0;1952.0;REF1096
REC6097;SP800;EST.1_1;RLM11;;;1.0;;1.0;0.0;;REF542
REC6098;SP800;IRL.1_1;RLM11;;;1.0;;1.0;0.0;;REF542
REC6099;SP800;JPN.1_1;RLM10;;;1.0;;1.0;0.0;;REF542
REC6100;SP800;USA.1_1;RLM9;;0.0;1.0;;1.0;0.0;1565.0;REF1007
REC6101;SP800;JPN.1_1;RLM10;0.0;0.0;;;1.0;0.0;;REF1195
REC6102;SP800;USA.1_1;RLM9;0.0;0.0;1.0;;1.0;0.0;;REF1002
REC6103;SP801;JPN.1_1;RLM10;0.0;0.0;1.0;;1.0;0.0;;REF812
REC6104;SP802;USA.1_2;RLM9;0.0;0.0;;;1.0;0.0;;REF1002
REC6105;SP802;CAN.1_1;RLM9;0.0;0.0;;;1.0;0.0;;REF1002
REC6106;SP803;ISL.1_1;RLM11;;;1.0;;1.0;0.0;;REF542
REC6107;SP803;ISL.1_1;RLM11;;;1.0;;1.0;0.0;1950.0;REF152
REC6108;SP804;USA.2_1;RLM9;0.0;1.0;;;1.0;0.0;;REF1195
REC6109;SP805;USA.2_1;RLM9;;;1.0;;1.0;0.0;;REF697
REC6110;SP805;USA.2_1;RLM9;;1.0;1.0;;1.0;0.0;1955.0;REF1096
REC6111;SP805;USA.2_1;RLM9;;1.0;1.0;;1.0;0.0;;REF1096
REC6112;SP805;USA.2_1;RLM9;0.0;1.0;1.0;;1.0;0.0;;REF1007
REC6113;SP805;USA.2_1;RLM9;0.0;1.0;1.0;;1.0;0.0;;REF1007
REC6114;SP805;AUS.1_1;RLM2;0.0;1.0;1.0;;1.0;0.0;1956.0;REF463
REC6115;SP805;AUS.1_1;RLM2;;;1.0;;1.0;0.0;;REF697
REC6116;SP805;NZL.1_1;RLM2;;;1.0;;1.0;0.0;2021.0;REF1096
REC6117;SP805;ZAF.1_1;RLM3;0.0;1.0;1.0;;0.0;0.0;;REF55
REC6118;SP806;ECU.2_1;RLM1;;;1.0;;1.0;0.0;;REF697
REC6119;SP806;ECU.2_1;RLM1;;;1.0;;1.0;0.0;2002.0;REF1096
REC6120;SP806;ECU.2_1;RLM1;;;;;1.0;0.0;;REF152
REC6121;SP807;USA.1_1;RLM9;;0.0;1.0;;1.0;0.0;1984.0;REF1007
REC6122;SP808;USA.1_1;RLM9;0.0;0.0;;1.0;;0.0;1985.0;REF358
REC6123;SP808;USA.1_1;RLM9;1.0;0.0;;;1.0;0.0;;REF1195
REC6124;SP809;PRT.1_1;RLM11;;;1.0;;1.0;0.0;;REF957
REC6125;SP809;PRT.1_1;RLM11;0.0;0.0;1.0;;1.0;0.0;;REF683
REC6126;SP810;USA.1_1;RLM9;0.0;1.0;1.0;0.0;1.0;0.0;2008.0;REF110
REC6127;SP810;USA.1_1;RLM9;0.0;1.0;1.0;;1.0;0.0;2008.0;REF1007
REC6128;SP810;USA.1_1;RLM9;0.0;1.0;1.0;0.0;1.0;0.0;2008.0;REF1002
REC6129;SP811;AUS.1_1;RLM2;0.0;1.0;1.0;;1.0;0.0;1989.0;REF932
REC6130;SP811;AUS.1_1;RLM2;;;1.0;;1.0;0.0;;REF697
REC6131;SP811;AUS.1_1;RLM2;0.0;1.0;1.0;;1.0;0.0;1989.0;REF858
REC6132;SP811;THA.1_1;RLM6;0.0;;1.0;;1.0;0.0;;REF907
REC6133;SP812;DNK.1_1;RLM11;;;1.0;;1.0;0.0;;REF542
REC6134;SP812;DNK.1_1;RLM11;;;;;1.0;0.0;;REF152
REC6135;SP812;DNK.1_1;RLM11;0.0;0.0;1.0;;1.0;0.0;;REF369
REC6136;SP813;USA.2_1;RLM9;;;1.0;;1.0;0.0;;REF697
REC6137;SP813;USA.2_1;RLM9;;;1.0;;1.0;0.0;1978.0;REF1096
REC6138;SP813;USA.2_1;RLM9;;0.0;1.0;;1.0;0.0;;REF1007
REC6139;SP813;USA.2_1;RLM9;1.0;0.0;;;1.0;0.0;;REF1195
REC6140;SP813;AUS.1_1;RLM2;;;1.0;;1.0;0.0;;REF697
REC6141;SP813;NZL.1_1;RLM2;;;1.0;;1.0;0.0;;REF697
REC6142;SP813;NZL.1_1;RLM2;;;1.0;;1.0;0.0;1956.0;REF1096
REC6143;SP813;IRL.1_1;RLM11;;;1.0;;1.0;0.0;;REF542
REC6144;SP813;IRL.1_1;RLM11;;;;;1.0;0.0;;REF152
REC6145;SP813;NZL.1_1;RLM2;;;1.0;;1.0;0.0;1956.0;REF152
REC6146;SP814;AUS.1_1;RLM2;;;1.0;;1.0;0.0;;REF697
REC6147;SP814;ZAF.1_1;RLM3;;;1.0;;1.0;0.0;;REF697
REC6148;SP814;ZAF.1_1;RLM3;;1.0;1.0;;1.0;0.0;;REF1096
REC6149;SP814;USA.1_1;RLM9;0.0;1.0;1.0;;1.0;0.0;1977.0;REF1007
REC6150;SP814;USA.1_1;RLM9;0.0;1.0;;;1.0;0.0;;REF1195
REC6151;SP814;NGA.1_1;RLM3;0.0;0.0;1.0;1.0;1.0;0.0;2008.0;REF832
REC6152;SP814;USA.1_1;RLM9;0.0;0.0;1.0;;1.0;0.0;;REF1002
REC6153;SP815;USA.1_1;RLM9;;0.0;1.0;;1.0;0.0;1995.0;REF1007
REC6154;SP815;USA.1_1;RLM9;0.0;0.0;1.0;;1.0;0.0;;REF1002
REC6155;SP816;CAN.1_1;RLM9;0.0;0.0;1.0;0.0;1.0;0.0;1980.0;REF1002
REC6156;SP816;CAN.1_1;RLM9;;0.0;;;1.0;0.0;1982.0;REF644
REC6157;SP816;CAN.1_1;RLM9;;0.0;;;1.0;0.0;2008.0;REF644
REC6158;SP816;USA.1_1;RLM9;;0.0;1.0;;1.0;0.0;1985.0;REF1007
REC6159;SP816;USA.1_1;RLM9;0.0;0.0;;;1.0;0.0;;REF1195
REC6160;SP816;CAN.1_1;RLM9;0.0;0.0;1.0;;1.0;0.0;1982.0;REF819
REC6161;SP816;USA.1_1;RLM9;0.0;0.0;1.0;1.0;1.0;0.0;;REF1002
REC6162;SP817;GBR.1_1;RLM11;;;1.0;;1.0;0.0;2001.0;REF1096
REC6163;SP817;GBR.1_1;RLM11;0.0;0.0;0.0;1.0;1.0;0.0;;REF356
REC6164;SP818;USA.1_2;RLM9;0.0;0.0;1.0;1.0;1.0;0.0;;REF1002
REC6165;SP818;CAN.1_1;RLM9;0.0;0.0;1.0;0.0;1.0;0.0;;REF1002
REC6166;SP818;CAN.1_1;RLM9;;;;;1.0;0.0;;REF152
REC6167;SP818;USA.1_1;RLM9;;;;;1.0;0.0;;REF152
REC6168;SP818;USA.1_1;RLM9;;;;;1.0;0.0;;REF152
REC6169;SP818;USA.1_2;RLM9;;0.0;1.0;;1.0;0.0;;REF1007
REC6170;SP818;CAN.1_1;RLM9;;0.0;;;1.0;0.0;1979.0;REF644
REC6171;SP818;CAN.1_1;RLM9;;;;;1.0;0.0;;REF152
REC6172;SP818;USA.1_1;RLM9;;;;;1.0;0.0;;REF152
REC6173;SP818;USA.1_1;RLM9;;0.0;1.0;;1.0;0.0;1979.0;REF1007
REC6174;SP818;USA.1_1;RLM9;0.0;0.0;;;1.0;0.0;;REF1195
REC6175;SP818;CAN.1_1;RLM9;0.0;0.0;1.0;;1.0;0.0;1979.0;REF129
REC6176;SP818;USA.2_1;RLM9;0.0;;1.0;;;0.0;;REF49
REC6177;SP818;USA.1_1;RLM9;0.0;0.0;1.0;1.0;1.0;0.0;;REF1002
REC6178;SP819;CAN.1_1;RLM9;0.0;0.0;1.0;0.0;1.0;0.0;;REF1002
REC6179;SP819;USA.1_1;RLM9;;0.0;1.0;;1.0;0.0;2008.0;REF1007
REC6180;SP820;USA.2_1;RLM9;;;1.0;;1.0;0.0;;REF697
REC6181;SP820;USA.2_1;RLM9;;;1.0;;1.0;0.0;1899.0;REF1096
REC6182;SP820;USA.2_1;RLM9;;0.0;1.0;;1.0;0.0;;REF1007
REC6183;SP820;USA.2_1;RLM9;1.0;0.0;;;1.0;0.0;;REF1195
REC6184;SP820;USA.2_1;RLM9;0.0;;1.0;;1.0;0.0;;REF47
REC6185;SP821;CAN.1_1;RLM9;0.0;0.0;1.0;0.0;1.0;0.0;1978.0;REF1002
REC6186;SP821;CAN.1_1;RLM9;0.0;0.0;1.0;;1.0;0.0;;REF394
REC6187;SP821;CAN.1_1;RLM9;0.0;0.0;1.0;;1.0;0.0;1978.0;REF394
REC6188;SP821;CAN.1_1;RLM9;0.0;0.0;1.0;;1.0;0.0;;REF394
REC6189;SP821;CAN.1_1;RLM9;0.0;0.0;1.0;;1.0;0.0;;REF394
REC6190;SP821;CAN.1_1;RLM9;0.0;0.0;1.0;;1.0;0.0;1978.0;REF394
REC6191;SP821;USA.1_1;RLM9;0.0;0.0;1.0;;1.0;0.0;1978.0;REF1007
REC6192;SP821;USA.1_1;RLM9;0.0;0.0;;;1.0;0.0;;REF1195
REC6193;SP821;USA.1_1;RLM9;0.0;0.0;1.0;;1.0;0.0;;REF1002
REC6194;SP822;CAN.1_1;RLM9;0.0;0.0;1.0;;1.0;0.0;;REF1002
REC6195;SP822;USA.1_1;RLM9;0.0;0.0;1.0;;1.0;0.0;;REF394
REC6196;SP822;CAN.1_1;RLM9;0.0;0.0;1.0;;1.0;0.0;;REF394
REC6197;SP822;CAN.1_1;RLM9;0.0;0.0;1.0;;1.0;0.0;;REF394
REC6198;SP822;USA.1_1;RLM9;0.0;0.0;1.0;;1.0;0.0;;REF394
REC6199;SP822;USA.1_1;RLM9;0.0;0.0;1.0;;1.0;0.0;;REF394
REC6200;SP822;USA.1_1;RLM9;0.0;0.0;1.0;;1.0;0.0;;REF394
REC6201;SP822;USA.1_1;RLM9;0.0;0.0;1.0;;1.0;0.0;1909.0;REF1007
REC6202;SP822;USA.1_1;RLM9;0.0;0.0;;;1.0;0.0;;REF1195
REC6203;SP822;USA.1_1;RLM9;0.0;0.0;1.0;;1.0;0.0;;REF1002
REC6204;SP823;NZL.1_1;RLM2;;;1.0;;1.0;0.0;;REF697
REC6205;SP823;NZL.1_1;RLM2;;;1.0;;1.0;0.0;;REF1096
REC6206;SP824;USA.2_1;RLM9;0.0;1.0;1.0;;0.0;1.0;;REF921
REC6207;SP825;CAN.1_1;RLM9;0.0;0.0;1.0;0.0;1.0;0.0;;REF1002
REC6208;SP826;USA.1_1;RLM9;0.0;0.0;1.0;0.0;0.0;;;REF1002
REC6209;SP827;GBR.1_1;RLM11;;;1.0;;1.0;0.0;;REF542
REC6210;SP828;DNK.1_1;RLM11;;;1.0;;1.0;0.0;;REF542
REC6211;SP829;DNK.1_1;RLM11;;;1.0;;1.0;0.0;;REF542
REC6212;SP830;USA.1_1;RLM9;0.0;0.0;;;1.0;0.0;;REF1195
REC6213;SP831;CAN.1_1;RLM9;0.0;0.0;1.0;;1.0;0.0;;REF1002
REC6214;SP831;USA.1_1;RLM9;;0.0;1.0;;1.0;0.0;1964.0;REF1007
REC6215;SP831;USA.1_1;RLM9;0.0;0.0;;;1.0;0.0;;REF1195
REC6216;SP831;USA.1_1;RLM9;0.0;0.0;1.0;0.0;1.0;0.0;1964.0;REF1002
REC6217;SP832;CAN.1_1;RLM9;0.0;0.0;1.0;;1.0;0.0;;REF1002
REC6218;SP832;USA.1_1;RLM9;;;1.0;;1.0;0.0;1882.0;REF152
REC6219;SP832;USA.1_1;RLM9;;0.0;1.0;;1.0;0.0;1882.0;REF1007
REC6220;SP832;USA.1_1;RLM9;0.0;0.0;;;1.0;0.0;;REF1195
REC6221;SP832;CAN.1_1;RLM9;0.0;0.0;1.0;;1.0;0.0;1922.0;REF460
REC6222;SP832;USA.1_1;RLM9;0.0;0.0;1.0;;1.0;0.0;;REF1002
REC6223;SP833;ECU.2_1;RLM1;;;1.0;;1.0;0.0;;REF697
REC6224;SP833;ECU.2_1;RLM1;;;1.0;;1.0;0.0;2003.0;REF1096
REC6225;SP833;GBR.1_1;RLM11;0.0;0.0;1.0;0.0;;0.0;2024.0;REF1182
REC6226;SP833;BEL.1_1;RLM11;0.0;0.0;1.0;0.0;;0.0;2017.0;REF1182
REC6227;SP834;ECU.2_1;RLM1;;;1.0;;1.0;0.0;;REF697
REC6228;SP834;ECU.2_1;RLM1;;;1.0;;1.0;0.0;2001.0;REF1096
REC6229;SP834;USA.2_1;RLM9;;;1.0;;1.0;0.0;;REF697
REC6230;SP834;USA.2_1;RLM9;;;1.0;;1.0;0.0;1907.0;REF1096
REC6231;SP834;USA.2_1;RLM9;;0.0;1.0;;1.0;0.0;1880.0;REF1007
REC6232;SP834;USA.2_1;RLM9;1.0;0.0;;;1.0;0.0;;REF1195
REC6233;SP835;CAN.1_1;RLM9;0.0;0.0;1.0;;1.0;0.0;;REF1002
REC6234;SP835;USA.1_1;RLM9;0.0;0.0;1.0;;1.0;0.0;;REF1002
REC6235;SP836;NZL.1_1;RLM2;;;1.0;;1.0;0.0;;REF697
REC6236;SP836;NZL.1_1;RLM2;;;1.0;;1.0;0.0;1919.0;REF1096
REC6237;SP837;CAN.1_1;RLM9;0.0;0.0;1.0;;1.0;0.0;;REF1002
REC6238;SP837;USA.1_1;RLM9;0.0;0.0;1.0;;1.0;0.0;;REF1002
REC6239;SP838;SVN.1_1;RLM11;;;1.0;;1.0;0.0;;REF542
REC6240;SP838;AUT.1_1;RLM11;;;1.0;;1.0;0.0;;REF542
REC6241;SP838;AUT.1_1;RLM11;0.0;0.0;1.0;;1.0;0.0;;REF683
REC6242;SP838;HRV.1_1;RLM11;0.0;0.0;1.0;;1.0;0.0;;REF683
REC6243;SP838;GRC.1_1;RLM11;0.0;0.0;1.0;;1.0;0.0;;REF683
REC6244;SP838;PRT.2_1;RLM11;0.0;0.0;1.0;;1.0;0.0;;REF683
REC6245;SP838;RUS.1_2;RLM11;0.0;0.0;1.0;;1.0;0.0;;REF683
REC6246;SP838;SVK.1_1;RLM11;0.0;0.0;1.0;;1.0;0.0;;REF683
REC6247;SP839;USA.1_1;RLM9;0.0;0.0;1.0;;1.0;0.0;;REF1123
REC6248;SP840;CHL.1_1;RLM1;;;1.0;;1.0;0.0;1958.0;REF1096
REC6249;SP841;USA.2_1;RLM9;;;1.0;;1.0;0.0;;REF697
REC6250;SP841;USA.2_1;RLM9;;;1.0;;1.0;0.0;1979.0;REF1096
REC6251;SP841;USA.2_1;RLM9;;0.0;1.0;;1.0;0.0;;REF1007
REC6252;SP841;NZL.1_1;RLM2;;;1.0;;1.0;0.0;;REF697
REC6253;SP841;NZL.1_1;RLM2;;;1.0;;1.0;0.0;2001.0;REF1096
REC6254;SP841;AUT.1_1;RLM11;;;1.0;;1.0;0.0;;REF542
REC6255;SP841;DNK.1_1;RLM11;;;1.0;;1.0;0.0;;REF542
REC6256;SP841;NLD.1_1;RLM11;;;1.0;;1.0;0.0;;REF542
REC6257;SP841;AUT.1_1;RLM11;;;1.0;;1.0;0.0;1895.0;REF152
REC6258;SP841;CZE.1_1;RLM11;;;1.0;;1.0;0.0;1900.0;REF152
REC6259;SP841;DNK.1_1;RLM11;;;;;1.0;0.0;;REF152
REC6260;SP841;USA.1_1;RLM9;;;1.0;;1.0;0.0;1951.0;REF235
REC6261;SP841;USA.2_1;RLM9;0.0;;1.0;;1.0;0.0;;REF48
REC6262;SP841;USA.1_1;RLM9;0.0;0.0;1.0;;1.0;0.0;;REF1002
REC6263;SP842;USA.2_1;RLM9;0.0;0.0;;;1.0;0.0;;REF1195
REC6264;SP843;USA.1_1;RLM9;;0.0;1.0;;1.0;0.0;;REF1007
REC6265;SP843;USA.1_1;RLM9;0.0;0.0;;;1.0;0.0;;REF1002
REC6266;SP844;CAN.1_1;RLM9;0.0;0.0;1.0;0.0;1.0;0.0;;REF1002
REC6267;SP844;USA.1_1;RLM9;;0.0;1.0;;1.0;0.0;;REF1007
REC6268;SP844;USA.1_1;RLM9;0.0;0.0;1.0;;1.0;0.0;;REF1002
REC6269;SP845;GBR.1_1;RLM11;;;1.0;;1.0;0.0;;REF542
REC6270;SP846;ECU.2_1;RLM1;;;1.0;;1.0;0.0;;REF697
REC6271;SP846;ECU.2_1;RLM1;;;1.0;;1.0;0.0;1989.0;REF1096
REC6272;SP847;USA.1_1;RLM9;;0.0;1.0;;1.0;0.0;2015.0;REF1007
REC6273;SP848;USA.2_1;RLM9;;;1.0;;1.0;0.0;;REF697
REC6274;SP848;USA.2_1;RLM9;;;1.0;;1.0;0.0;1907.0;REF1096
REC6275;SP848;USA.2_1;RLM9;;0.0;1.0;;1.0;0.0;;REF1007
REC6276;SP848;USA.2_1;RLM9;0.0;0.0;;;1.0;0.0;;REF1195
REC6277;SP848;JPN.1_1;RLM6;;;1.0;;1.0;0.0;;REF697
REC6278;SP848;JPN.1_1;RLM6;;;1.0;;1.0;0.0;1941.0;REF1096
REC6279;SP848;JPN.1_1;RLM6;0.0;0.0;;;1.0;0.0;;REF1195
REC6280;SP848;JPN.1_1;RLM10;;;1.0;;1.0;0.0;;REF542
REC6281;SP848;JPN.1_1;RLM10;;;;;1.0;0.0;;REF330
REC6282;SP848;JPN.1_1;RLM10;0.0;0.0;1.0;;1.0;0.0;;REF812
REC6283;SP848;JPN.1_1;RLM10;;0.0;;;1.0;0.0;1941.0;REF779
REC6284;SP848;USA.2_1;RLM9;0.0;0.0;1.0;;1.0;0.0;1900.0;REF1226
REC6285;SP849;USA.1_2;RLM9;0.0;0.0;1.0;1.0;1.0;0.0;;REF1002
REC6286;SP849;CAN.1_1;RLM9;0.0;0.0;1.0;0.0;1.0;0.0;;REF1002
REC6287;SP849;CAN.1_1;RLM9;;;;;1.0;0.0;;REF330
REC6288;SP849;CAN.1_1;RLM9;0.0;0.0;1.0;;1.0;0.0;1970.0;REF423
REC6289;SP849;CAN.1_1;RLM9;0.0;0.0;1.0;;1.0;0.0;;REF416
REC6290;SP849;CAN.1_1;RLM9;0.0;0.0;1.0;;1.0;0.0;1977.0;REF416
REC6291;SP849;USA.1_1;RLM9;;;;;1.0;0.0;;REF330
REC6292;SP849;USA.1_1;RLM9;0.0;0.0;1.0;;1.0;0.0;;REF128
REC6293;SP849;USA.1_1;RLM9;0.0;0.0;1.0;;1.0;0.0;2005.0;REF304
REC6294;SP849;USA.1_1;RLM9;0.0;0.0;1.0;;1.0;0.0;2005.0;REF304
REC6295;SP849;USA.1_1;RLM9;;;;;1.0;0.0;;REF330
REC6296;SP849;USA.1_1;RLM9;0.0;0.0;1.0;;1.0;0.0;1990.0;REF304
REC6297;SP849;CAN.1_1;RLM9;;;;;1.0;0.0;;REF330
REC6298;SP849;CAN.1_1;RLM9;0.0;0.0;1.0;;1.0;0.0;;REF416
REC6299;SP849;USA.1_1;RLM9;;;;;1.0;0.0;;REF330
REC6300;SP849;USA.1_1;RLM9;0.0;0.0;1.0;;1.0;0.0;2005.0;REF304
REC6301;SP849;CAN.1_1;RLM9;;;;;1.0;0.0;;REF330
REC6302;SP849;CAN.1_1;RLM9;0.0;0.0;1.0;;1.0;0.0;1930.0;REF304
REC6303;SP849;CAN.1_1;RLM9;0.0;0.0;1.0;0.0;1.0;0.0;1930.0;REF423
REC6304;SP849;CAN.1_1;RLM9;0.0;0.0;1.0;;1.0;0.0;;REF416
REC6305;SP849;USA.1_1;RLM9;;;;;1.0;0.0;;REF330
REC6306;SP849;USA.1_1;RLM9;0.0;0.0;1.0;;1.0;0.0;1950.0;REF423
REC6307;SP849;USA.1_1;RLM9;0.0;0.0;1.0;;1.0;0.0;1980.0;REF595
REC6308;SP849;USA.1_1;RLM9;0.0;0.0;1.0;;1.0;0.0;2006.0;REF304
REC6309;SP849;CAN.1_1;RLM9;;;;;1.0;0.0;;REF330
REC6310;SP849;CAN.1_1;RLM9;0.0;0.0;1.0;;1.0;0.0;;REF416
REC6311;SP849;CAN.1_1;RLM9;0.0;0.0;1.0;;1.0;0.0;2006.0;REF304
REC6312;SP849;USA.1_1;RLM9;;;;;1.0;0.0;;REF330
REC6313;SP849;USA.1_1;RLM9;0.0;0.0;1.0;;1.0;0.0;2005.0;REF304
REC6314;SP849;USA.1_1;RLM9;0.0;0.0;1.0;;1.0;0.0;2006.0;REF304
REC6315;SP849;USA.1_1;RLM9;;;;;1.0;0.0;;REF330
REC6316;SP849;USA.1_1;RLM9;0.0;0.0;1.0;;1.0;0.0;1970.0;REF423
REC6317;SP849;CAN.1_1;RLM9;;;1.0;;1.0;0.0;;REF542
REC6318;SP849;ISL.1_1;RLM11;;;1.0;;1.0;0.0;;REF542
REC6319;SP849;USA.1_1;RLM9;;;1.0;;1.0;0.0;;REF542
REC6320;SP849;CAN.1_1;RLM9;;;;;1.0;0.0;;REF330
REC6321;SP849;USA.1_1;RLM9;;;;;1.0;0.0;;REF330
REC6322;SP849;USA.1_1;RLM9;0.0;0.0;1.0;;1.0;0.0;1930.0;REF1007
REC6323;SP849;USA.1_1;RLM9;0.0;0.0;;;1.0;0.0;;REF1195
REC6324;SP849;ISL.1_1;RLM11;0.0;0.0;1.0;;1.0;0.0;;REF683
REC6325;SP849;USA.1_1;RLM9;0.0;0.0;1.0;1.0;1.0;0.0;;REF1002
REC6326;SP850;USA.2_1;RLM9;;;1.0;;1.0;0.0;;REF697
REC6327;SP850;USA.2_1;RLM9;;;1.0;;1.0;0.0;1974.0;REF1096
REC6328;SP850;USA.2_1;RLM9;;0.0;1.0;;1.0;0.0;;REF1007
REC6329;SP850;USA.2_1;RLM9;0.0;0.0;;;1.0;0.0;;REF1195
REC6330;SP851;AUS.1_1;RLM2;;;1.0;;1.0;0.0;;REF697
REC6331;SP852;AUS.1_1;RLM2;;;1.0;;1.0;0.0;;REF697
REC6332;SP853;CHN.1_1;RLM6;0.0;0.0;1.0;;1.0;0.0;2014.0;REF686
REC6333;SP853;CHN.1_1;RLM6;0.0;0.0;1.0;;1.0;0.0;2014.0;REF686
REC6334;SP853;CHN.2_1;RLM6;0.0;0.0;1.0;;1.0;0.0;2013.0;REF686
REC6335;SP853;CHN.2_1;RLM6;0.0;0.0;1.0;;1.0;0.0;2013.0;REF559
REC6336;SP853;MMR.1_1;RLM6;;;;;1.0;0.0;;REF330
REC6337;SP853;PAK.1_1;RLM6;;;;;1.0;0.0;;REF330
REC6338;SP853;THA.1_1;RLM6;;;;;1.0;0.0;;REF330
REC6339;SP853;THA.1_1;RLM6;0.0;0.0;1.0;;1.0;0.0;2008.0;REF686
REC6340;SP853;THA.1_1;RLM6;0.0;0.0;1.0;;1.0;0.0;2007.0;REF687
REC6341;SP853;MMR.1_1;RLM6;0.0;0.0;1.0;;1.0;0.0;;REF687
REC6342;SP853;BGD.1_1;RLM6;0.0;0.0;1.0;;1.0;0.0;;REF687
REC6343;SP853;MYS.1_1;RLM6;0.0;0.0;1.0;;1.0;0.0;;REF687
REC6344;SP853;VNM.1_1;RLM6;0.0;0.0;1.0;;1.0;0.0;2020.0;REF687
REC6345;SP853;PAK.1_1;RLM6;0.0;0.0;1.0;;1.0;0.0;;REF687
REC6346;SP853;CHN.1_1;RLM6;0.0;0.0;1.0;;1.0;0.0;;REF687
REC6347;SP853;CHN.1_1;RLM10;0.0;0.0;1.0;;1.0;0.0;;REF687
REC6348;SP854;USA.2_1;RLM9;;;1.0;;1.0;0.0;;REF697
REC6349;SP854;USA.2_1;RLM9;;;1.0;;1.0;0.0;1907.0;REF1096
REC6350;SP854;USA.2_1;RLM9;0.0;0.0;1.0;;1.0;0.0;;REF1007
REC6351;SP854;USA.2_1;RLM9;1.0;0.0;;;1.0;0.0;;REF1195
REC6352;SP855;NZL.1_1;RLM2;;;1.0;;1.0;0.0;;REF697
REC6353;SP855;NZL.1_1;RLM2;;;1.0;;1.0;0.0;1911.0;REF1096
REC6354;SP855;NZL.1_1;RLM2;0.0;0.0;;;1.0;0.0;1911.0;REF1179
REC6355;SP856;USA.1_1;RLM9;;;;;1.0;0.0;;REF152
REC6356;SP856;PRT.3_1;RLM11;;;1.0;;1.0;0.0;1923.0;REF152
REC6357;SP856;PRT.2_1;RLM11;0.0;0.0;1.0;;1.0;0.0;;REF683
REC6358;SP856;FRA.2_1;RLM11;;;1.0;;1.0;0.0;1996.0;REF152
REC6359;SP856;USA.2_1;RLM9;;;1.0;;1.0;0.0;;REF697
REC6360;SP856;USA.2_1;RLM9;;;1.0;;1.0;0.0;1909.0;REF1096
REC6361;SP856;USA.2_1;RLM9;;0.0;1.0;;1.0;0.0;;REF1007
REC6362;SP856;USA.2_1;RLM9;0.0;0.0;;;1.0;0.0;;REF1195
REC6363;SP856;PRT.3_1;RLM11;0.0;0.0;1.0;;1.0;0.0;;REF683
REC6364;SP856;NZL.1_1;RLM2;;;1.0;;1.0;0.0;;REF697
REC6365;SP856;GBR.1_1;RLM11;;;1.0;;1.0;0.0;2004.0;REF1096
REC6366;SP856;NZL.1_1;RLM2;;;1.0;;1.0;0.0;1914.0;REF1096
REC6367;SP856;FRA.1_1;RLM11;;;1.0;;1.0;0.0;;REF542
REC6368;SP856;SWE.1_1;RLM11;;;1.0;;1.0;0.0;;REF542
REC6369;SP856;DNK.1_1;RLM11;;;1.0;;1.0;0.0;;REF542
REC6370;SP856;DNK.1_1;RLM11;;;1.0;;1.0;0.0;;REF957
REC6371;SP856;PRT.3_1;RLM11;;;1.0;;1.0;0.0;1923.0;REF957
REC6372;SP856;SWE.1_1;RLM11;;;1.0;;1.0;0.0;;REF957
REC6373;SP856;PRT.2_1;RLM11;;;1.0;;1.0;0.0;;REF957
REC6374;SP856;PRT.1_1;RLM11;;;1.0;;1.0;0.0;;REF957
REC6375;SP856;DNK.1_1;RLM11;;;1.0;;1.0;0.0;1996.0;REF152
REC6376;SP856;FRA.1_1;RLM11;;;;;1.0;0.0;;REF152
REC6377;SP856;PRT.1_1;RLM11;;;1.0;;1.0;0.0;2002.0;REF152
REC6378;SP856;SWE.1_1;RLM11;;;1.0;;1.0;0.0;;REF152
REC6379;SP856;USA.1_1;RLM9;;;;;1.0;0.0;;REF152
REC6380;SP856;NZL.1_1;RLM2;;;1.0;;1.0;0.0;1914.0;REF152
REC6381;SP856;DNK.1_1;RLM11;0.0;0.0;1.0;;1.0;0.0;;REF683
REC6382;SP856;PRT.1_1;RLM11;0.0;0.0;1.0;;1.0;0.0;;REF683
REC6383;SP856;SWE.1_1;RLM11;0.0;0.0;1.0;;1.0;0.0;;REF683
REC6384;SP856;USA.1_1;RLM9;0.0;0.0;1.0;;1.0;0.0;;REF1002
REC6385;SP857;USA.1_1;RLM9;0.0;0.0;1.0;1.0;;0.0;1986.0;REF358
REC6386;SP857;USA.2_1;RLM9;;;1.0;;1.0;0.0;;REF697
REC6387;SP857;USA.2_1;RLM9;;;1.0;;1.0;0.0;1915.0;REF1096
REC6388;SP857;USA.2_1;RLM9;;0.0;1.0;;1.0;0.0;;REF1007
REC6389;SP857;USA.2_1;RLM9;1.0;0.0;;;1.0;0.0;;REF1195
REC6390;SP857;USA.1_1;RLM9;;0.0;1.0;;1.0;0.0;1986.0;REF1007
REC6391;SP857;USA.1_1;RLM9;0.0;0.0;;;1.0;0.0;;REF1195
REC6392;SP857;USA.2_1;RLM9;0.0;;1.0;;1.0;0.0;;REF47
REC6393;SP857;USA.1_1;RLM9;0.0;0.0;1.0;;;0.0;;REF1002
REC6394;SP858;PRT.2_1;RLM11;;;1.0;;1.0;0.0;;REF152
REC6395;SP858;CHN.1_1;RLM10;;;;;1.0;0.0;;REF152
REC6396;SP858;JPN.1_1;RLM6;;;;;1.0;0.0;;REF152
REC6397;SP858;GBR.1_1;RLM11;;;;;1.0;0.0;;REF152
REC6398;SP858;USA.1_1;RLM9;;;1.0;;1.0;0.0;;REF152
REC6399;SP858;CHN.1_1;RLM10;;;;;1.0;0.0;;REF152
REC6400;SP858;CHN.1_1;RLM6;;;;;1.0;0.0;;REF152
REC6401;SP858;USA.2_1;RLM9;;;1.0;;1.0;0.0;;REF152
REC6402;SP858;CHN.1_1;RLM10;;;1.0;;1.0;0.0;1995.0;REF152
REC6403;SP858;JPN.1_1;RLM10;;;1.0;;1.0;0.0;;REF152
REC6404;SP858;JPN.1_1;RLM10;;;1.0;;1.0;0.0;;REF152
REC6405;SP858;PRT.3_1;RLM11;;;1.0;;1.0;0.0;;REF152
REC6406;SP858;JPN.1_1;RLM6;;;1.0;;1.0;0.0;;REF152
REC6407;SP858;BRA.1_1;RLM1;;;;;1.0;0.0;;REF152
REC6408;SP858;BRA.1_1;RLM1;;;1.0;;1.0;0.0;;REF152
REC6409;SP858;JPN.1_1;RLM10;;;1.0;;1.0;0.0;;REF152
REC6410;SP858;CHN.1_1;RLM10;;;;;1.0;0.0;;REF152
REC6411;SP858;PRT.2_1;RLM11;;;;;1.0;0.0;;REF330
REC6412;SP858;PRT.2_1;RLM11;0.0;0.0;1.0;;1.0;0.0;;REF683
REC6413;SP858;CHN.1_1;RLM10;;;;;1.0;0.0;;REF330
REC6414;SP858;ESP.2_1;RLM11;;;;;1.0;0.0;;REF330
REC6415;SP858;ESP.2_1;RLM11;;;1.0;;1.0;0.0;;REF152
REC6416;SP858;ESP.2_1;RLM11;0.0;0.0;1.0;;1.0;0.0;;REF683
REC6417;SP858;GBR.1_1;RLM11;;;;;1.0;0.0;;REF330
REC6418;SP858;USA.1_1;RLM9;;;;;1.0;0.0;;REF330
REC6419;SP858;USA.1_1;RLM9;0.0;0.0;1.0;1.0;;0.0;1963.0;REF358
REC6420;SP858;USA.1_1;RLM9;0.0;0.0;1.0;;1.0;0.0;1985.0;REF238
REC6421;SP858;CHN.1_1;RLM10;;;;;1.0;0.0;;REF330
REC6422;SP858;CHN.1_1;RLM6;;;;;1.0;0.0;;REF330
REC6423;SP858;USA.2_1;RLM9;;;1.0;;1.0;0.0;;REF697
REC6424;SP858;USA.2_1;RLM9;;;1.0;;1.0;0.0;1990.0;REF1096
REC6425;SP858;USA.2_1;RLM9;;;;;1.0;0.0;;REF330
REC6426;SP858;USA.2_1;RLM9;0.0;0.0;1.0;;1.0;0.0;1985.0;REF1007
REC6427;SP858;USA.2_1;RLM9;0.0;0.0;;;1.0;0.0;;REF1195
REC6428;SP858;CHN.1_1;RLM10;;;;;1.0;0.0;;REF330
REC6429;SP858;JPN.1_1;RLM10;;;;;1.0;0.0;;REF330
REC6430;SP858;JPN.1_1;RLM10;;;;;1.0;0.0;;REF330
REC6431;SP858;PRT.3_1;RLM11;;;;;1.0;0.0;;REF330
REC6432;SP858;PRT.3_1;RLM11;0.0;0.0;1.0;;1.0;0.0;;REF683
REC6433;SP858;JPN.1_1;RLM6;;;1.0;;1.0;0.0;;REF697
REC6434;SP858;JPN.1_1;RLM6;;;1.0;;1.0;0.0;;REF697
REC6435;SP858;JPN.1_1;RLM6;;;1.0;;1.0;0.0;1999.0;REF1096
REC6436;SP858;JPN.1_1;RLM6;0.0;0.0;;;1.0;0.0;;REF1195
REC6437;SP858;JPN.1_1;RLM6;;;1.0;;1.0;0.0;1999.0;REF1096
REC6438;SP858;JPN.1_1;RLM6;0.0;0.0;;;1.0;0.0;;REF1195
REC6439;SP858;JPN.1_1;RLM6;;;;;1.0;0.0;;REF330
REC6440;SP858;BRA.1_1;RLM1;0.0;0.0;1.0;;1.0;0.0;;REF238
REC6441;SP858;BRA.1_1;RLM1;;;;;1.0;0.0;;REF330
REC6442;SP858;BRA.1_1;RLM1;;;;;1.0;0.0;;REF330
REC6443;SP858;JPN.1_1;RLM10;;;;;1.0;0.0;;REF330
REC6444;SP858;CHN.1_1;RLM10;;;;;1.0;0.0;;REF330
REC6445;SP858;JPN.1_1;RLM10;;;1.0;;1.0;0.0;;REF697
REC6446;SP858;KOR.1_1;RLM11;;;1.0;;1.0;0.0;;REF697
REC6447;SP858;JPN.1_1;RLM10;;;1.0;;1.0;0.0;1986.0;REF1096
REC6448;SP858;KOR.1_1;RLM11;;;1.0;;1.0;0.0;1999.0;REF1096
REC6449;SP858;GBR.1_1;RLM11;;;1.0;;1.0;0.0;;REF542
REC6450;SP858;DNK.1_1;RLM11;;;1.0;;1.0;0.0;;REF542
REC6451;SP858;JPN.1_1;RLM10;;;1.0;;1.0;0.0;;REF542
REC6452;SP858;BGR.1_1;RLM11;;;1.0;;1.0;0.0;;REF542
REC6453;SP858;NLD.1_1;RLM11;;;1.0;;1.0;0.0;;REF542
REC6454;SP858;POL.1_1;RLM11;;;1.0;;1.0;0.0;;REF542
REC6455;SP858;CHN.1_1;RLM11;;;1.0;;1.0;0.0;;REF542
REC6456;SP858;BRB.1_1;RLM7;;;1.0;;1.0;0.0;;REF542
REC6457;SP858;FRA.1_1;RLM11;;;1.0;;1.0;0.0;;REF542
REC6458;SP858;MAR.1_1;RLM8;;;;;1.0;0.0;;REF330
REC6459;SP858;BRB.1_1;RLM7;;;;;1.0;0.0;;REF330
REC6460;SP858;GBR.6_1;RLM9;;;;;1.0;0.0;;REF330
REC6461;SP858;BRA.1_1;RLM1;;;;;1.0;0.0;;REF330
REC6462;SP858;HND.1_1;RLM7;;;;;1.0;0.0;;REF330
REC6463;SP858;PER.1_1;RLM1;;;;;1.0;0.0;;REF330
REC6464;SP858;USA.1_1;RLM9;;;;;1.0;0.0;;REF330
REC6465;SP858;VEN.1_1;RLM1;;;;;1.0;0.0;;REF330
REC6466;SP858;CHN.1_1;RLM11;;;;;1.0;0.0;;REF330
REC6467;SP858;JPN.1_1;RLM10;;;;;1.0;0.0;;REF330
REC6468;SP858;KOR.1_1;RLM11;;;;;0.0;0.0;;REF330
REC6469;SP858;BEL.1_1;RLM11;;;;;0.0;1.0;;REF330
REC6470;SP858;CYP.1_1;RLM8;;;;;1.0;0.0;;REF330
REC6471;SP858;CZE.1_1;RLM11;;;;;0.0;1.0;;REF330
REC6472;SP858;DNK.1_1;RLM11;;;;;0.0;1.0;;REF330
REC6473;SP858;FIN.1_1;RLM11;;;;;0.0;0.0;;REF330
REC6474;SP858;FRA.1_1;RLM11;;;;;1.0;0.0;;REF330
REC6475;SP858;DEU.1_1;RLM11;;;;;0.0;0.0;;REF330
REC6476;SP858;GRC.1_1;RLM11;;;;;0.0;1.0;;REF330
REC6477;SP858;HUN.1_1;RLM11;;;;;0.0;1.0;;REF330
REC6478;SP858;ITA.1_1;RLM11;;;;;1.0;0.0;;REF330
REC6479;SP858;NLD.1_1;RLM11;;;;;1.0;0.0;;REF330
REC6480;SP858;POL.1_1;RLM11;;;;;0.0;1.0;;REF330
REC6481;SP858;PRT.1_1;RLM11;;;;;1.0;0.0;;REF330
REC6482;SP858;RUS.1_2;RLM11;;;;;1.0;0.0;;REF330
REC6483;SP858;ESP.1_1;RLM11;;;;;1.0;0.0;;REF330
REC6484;SP858;CHE.1_1;RLM11;;;;;1.0;0.0;;REF330
REC6485;SP858;GBR.1_1;RLM11;;;;;1.0;0.0;;REF330
REC6486;SP858;BEL.1_1;RLM11;;;1.0;;1.0;0.0;;REF957
REC6487;SP858;CZE.1_1;RLM11;;;1.0;;1.0;0.0;;REF957
REC6488;SP858;FRA.1_1;RLM11;;;1.0;;1.0;0.0;;REF957
REC6489;SP858;GRC.1_1;RLM11;;;1.0;;1.0;0.0;1981.0;REF957
REC6490;SP858;ITA.1_1;RLM11;;;1.0;;1.0;0.0;1973.0;REF957
REC6491;SP858;POL.1_1;RLM11;;;1.0;;1.0;0.0;;REF957
REC6492;SP858;PRT.3_1;RLM11;;;1.0;;1.0;0.0;;REF957
REC6493;SP858;ESP.1_1;RLM11;;;1.0;;1.0;0.0;;REF957
REC6494;SP858;ALB.1_1;RLM11;;;1.0;;1.0;0.0;;REF957
REC6495;SP858;BGR.1_1;RLM11;;;1.0;;1.0;0.0;;REF957
REC6496;SP858;DNK.1_1;RLM11;;;1.0;;1.0;0.0;;REF957
REC6497;SP858;GBR.1_1;RLM11;;;1.0;;1.0;0.0;;REF957
REC6498;SP858;HUN.1_1;RLM11;;;1.0;;1.0;0.0;;REF957
REC6499;SP858;NLD.1_1;RLM11;;;1.0;;1.0;0.0;;REF957
REC6500;SP858;PRT.2_1;RLM11;;;1.0;;1.0;0.0;;REF957
REC6501;SP858;ESP.1_1;RLM11;;;1.0;;1.0;0.0;;REF957
REC6502;SP858;CHE.1_1;RLM11;;;1.0;;1.0;0.0;;REF957
REC6503;SP858;MAR.1_1;RLM8;;;1.0;;1.0;0.0;;REF152
REC6504;SP858;CHN.1_1;RLM11;;;1.0;;1.0;0.0;1995.0;REF152
REC6505;SP858;JPN.1_1;RLM10;;;1.0;;1.0;0.0;1986.0;REF152
REC6506;SP858;KOR.1_1;RLM11;;;;;1.0;0.0;;REF152
REC6507;SP858;BEL.1_1;RLM11;;;;;1.0;0.0;;REF152
REC6508;SP858;CYP.1_1;RLM8;;;;;1.0;0.0;;REF152
REC6509;SP858;CZE.1_1;RLM11;;;;;1.0;0.0;;REF152
REC6510;SP858;DNK.1_1;RLM11;;;;;1.0;0.0;1980.0;REF152
REC6511;SP858;FIN.1_1;RLM11;;;;;1.0;0.0;;REF152
REC6512;SP858;FRA.1_1;RLM11;;;;;1.0;0.0;;REF152
REC6513;SP858;DEU.1_1;RLM11;;;1.0;;1.0;0.0;;REF152
REC6514;SP858;GRC.1_1;RLM11;;;;;1.0;0.0;;REF152
REC6515;SP858;HUN.1_1;RLM11;;;;;1.0;0.0;1993.0;REF152
REC6516;SP858;ITA.1_1;RLM11;;;1.0;;1.0;0.0;;REF152
REC6517;SP858;NLD.1_1;RLM11;;;1.0;;1.0;0.0;;REF152
REC6518;SP858;POL.1_1;RLM11;;;;;1.0;0.0;;REF152
REC6519;SP858;PRT.1_1;RLM11;;;1.0;;1.0;0.0;;REF152
REC6520;SP858;RUS.1_2;RLM11;;;1.0;;1.0;0.0;;REF152
REC6521;SP858;ESP.1_1;RLM11;;;1.0;;1.0;0.0;;REF152
REC6522;SP858;CHE.1_1;RLM11;;;1.0;;1.0;0.0;;REF152
REC6523;SP858;GBR.1_1;RLM11;;;;;1.0;0.0;;REF152
REC6524;SP858;BRB.1_1;RLM7;;;1.0;;1.0;0.0;;REF152
REC6525;SP858;GBR.6_1;RLM9;;;1.0;;1.0;0.0;;REF152
REC6526;SP858;HND.1_1;RLM7;;;1.0;;1.0;0.0;;REF152
REC6527;SP858;USA.1_1;RLM9;;;1.0;;1.0;0.0;;REF152
REC6528;SP858;BRA.1_1;RLM1;;;1.0;;1.0;0.0;;REF152
REC6529;SP858;PER.1_1;RLM1;;;1.0;;1.0;0.0;;REF152
REC6530;SP858;VEN.1_1;RLM1;;;1.0;;1.0;0.0;;REF152
REC6531;SP858;USA.1_1;RLM9;0.0;0.0;1.0;;1.0;0.0;1963.0;REF1007
REC6532;SP858;USA.1_1;RLM9;0.0;0.0;;;1.0;0.0;;REF1195
REC6533;SP858;JPN.1_1;RLM10;0.0;0.0;;;1.0;0.0;;REF1195
REC6534;SP858;ALB.1_1;RLM11;0.0;0.0;1.0;;1.0;0.0;;REF683
REC6535;SP858;BEL.1_1;RLM11;0.0;0.0;1.0;;1.0;0.0;;REF683
REC6536;SP858;BGR.1_1;RLM11;0.0;0.0;1.0;;1.0;0.0;;REF683
REC6537;SP858;CZE.1_1;RLM11;0.0;0.0;1.0;;1.0;0.0;;REF683
REC6538;SP858;DNK.1_1;RLM11;0.0;0.0;1.0;;1.0;0.0;;REF683
REC6539;SP858;GRC.1_1;RLM11;0.0;0.0;1.0;;1.0;0.0;;REF683
REC6540;SP858;HUN.1_1;RLM11;0.0;0.0;1.0;;1.0;0.0;;REF683
REC6541;SP858;ITA.1_1;RLM11;0.0;0.0;1.0;;1.0;0.0;;REF683
REC6542;SP858;NLD.1_1;RLM11;0.0;0.0;1.0;;1.0;0.0;;REF683
REC6543;SP858;POL.1_1;RLM11;0.0;0.0;1.0;;1.0;0.0;;REF683
REC6544;SP858;ESP.1_1;RLM11;0.0;0.0;1.0;;1.0;0.0;;REF683
REC6545;SP858;CHE.1_1;RLM11;0.0;0.0;1.0;;1.0;0.0;;REF683
REC6546;SP858;GBR.1_1;RLM11;0.0;0.0;1.0;;1.0;0.0;;REF683
REC6547;SP858;GRC.1_1;RLM11;0.0;0.0;1.0;;1.0;0.0;1910.0;REF911
REC6548;SP858;BRB.1_1;RLM7;0.0;0.0;1.0;;1.0;0.0;;REF238
REC6549;SP858;HND.1_1;RLM7;0.0;0.0;1.0;;1.0;0.0;;REF238
REC6550;SP858;ITA.1_1;RLM11;0.0;0.0;1.0;;1.0;0.0;;REF238
REC6551;SP858;PER.1_1;RLM1;0.0;0.0;1.0;;1.0;0.0;;REF238
REC6552;SP858;PRT.1_1;RLM11;0.0;0.0;1.0;;1.0;0.0;;REF238
REC6553;SP858;VEN.1_1;RLM1;0.0;0.0;1.0;;1.0;0.0;;REF238
REC6554;SP858;BEL.1_1;RLM11;0.0;0.0;1.0;;;0.0;1987.0;REF320
REC6555;SP858;DNK.1_1;RLM11;0.0;0.0;1.0;;1.0;0.0;1987.0;REF320
REC6556;SP858;DNK.1_1;RLM11;0.0;0.0;1.0;;0.0;1.0;1980.0;REF320
REC6557;SP858;FIN.1_1;RLM11;0.0;0.0;1.0;;0.0;1.0;1980.0;REF320
REC6558;SP858;FRA.1_1;RLM11;0.0;0.0;1.0;;0.0;1.0;1980.0;REF320
REC6559;SP858;GRC.1_1;RLM11;0.0;0.0;1.0;;0.0;1.0;1980.0;REF320
REC6560;SP858;NLD.1_1;RLM11;0.0;0.0;1.0;;1.0;0.0;1987.0;REF320
REC6561;SP858;GBR.1_1;RLM11;0.0;0.0;1.0;;0.0;1.0;1982.0;REF320
REC6562;SP858;KOR.1_1;RLM11;0.0;0.0;1.0;0.0;1.0;0.0;1999.0;REF520
REC6563;SP858;CYP.1_1;RLM8;0.0;0.0;1.0;;1.0;0.0;2020.0;REF261
REC6564;SP858;JPN.1_1;RLM10;0.0;0.0;1.0;;1.0;0.0;;REF812
REC6565;SP858;USA.2_1;RLM9;0.0;;1.0;;1.0;0.0;;REF47
REC6566;SP858;USA.1_1;RLM9;0.0;0.0;1.0;;1.0;0.0;;REF1002
REC6567;SP859;NZL.1_1;RLM2;;;1.0;;1.0;0.0;;REF697
REC6568;SP859;NZL.1_1;RLM2;;;1.0;;1.0;0.0;1939.0;REF1096
REC6569;SP860;AUS.1_1;RLM2;;;1.0;;1.0;0.0;;REF697
REC6570;SP861;USA.2_1;RLM9;;;1.0;;1.0;0.0;;REF697
REC6571;SP861;USA.2_1;RLM9;;;1.0;;1.0;0.0;2009.0;REF1096
REC6572;SP861;USA.2_1;RLM9;;0.0;1.0;;1.0;0.0;2009.0;REF1007
REC6573;SP861;USA.2_1;RLM9;0.0;0.0;;;1.0;0.0;;REF1195
REC6574;SP861;USA.2_1;RLM9;0.0;0.0;;;1.0;;;REF47
REC6575;SP862;CHL.1_1;RLM1;;;1.0;;1.0;0.0;1900.0;REF1096
REC6576;SP862;CAN.1_1;RLM9;;;1.0;;1.0;0.0;;REF542
REC6577;SP862;USA.1_1;RLM9;0.0;0.0;1.0;;1.0;0.0;;REF1007
REC6578;SP862;USA.1_1;RLM9;0.0;0.0;;;1.0;0.0;;REF1195
REC6579;SP863;NZL.1_1;RLM2;0.0;0.0;1.0;0.0;0.0;1.0;1996.0;REF493
REC6580;SP864;DNK.1_1;RLM11;;;1.0;;1.0;0.0;;REF542
REC6581;SP862;CAN.1_1;RLM9;0.0;0.0;1.0;;1.0;0.0;;REF416
REC6582;SP862;CAN.1_1;RLM9;0.0;0.0;1.0;;1.0;0.0;;REF416
REC6583;SP862;CAN.1_1;RLM9;0.0;0.0;1.0;;1.0;0.0;;REF416
REC6584;SP862;CAN.1_1;RLM9;0.0;0.0;1.0;;1.0;0.0;;REF416
REC6585;SP862;CAN.1_1;RLM9;0.0;0.0;1.0;;1.0;0.0;;REF416
REC6586;SP862;CAN.1_1;RLM9;0.0;0.0;1.0;;1.0;0.0;;REF416
REC6587;SP862;CAN.1_1;RLM9;0.0;0.0;1.0;;1.0;0.0;;REF416
REC6588;SP862;CAN.1_1;RLM9;0.0;0.0;1.0;;1.0;0.0;;REF416
REC6589;SP862;CAN.1_1;RLM9;0.0;0.0;1.0;;1.0;0.0;;REF416
REC6590;SP862;CAN.1_1;RLM9;0.0;0.0;1.0;;1.0;0.0;;REF416
REC6591;SP865;USA.1_1;RLM9;;0.0;1.0;;1.0;0.0;2014.0;REF1007
REC6592;SP865;USA.1_1;RLM9;0.0;0.0;;;1.0;0.0;;REF1002
REC6593;SP866;USA.2_1;RLM9;0.0;1.0;;;1.0;;;REF47
REC6594;SP867;USA.2_1;RLM9;;;1.0;;1.0;0.0;;REF697
REC6595;SP867;USA.2_1;RLM9;0.0;1.0;1.0;;1.0;0.0;1957.0;REF1007
REC6596;SP867;AUS.1_1;RLM2;;;1.0;;1.0;0.0;;REF697
REC6597;SP867;ZAF.1_1;RLM3;;;1.0;;1.0;0.0;;REF697
REC6598;SP867;USA.2_1;RLM9;0.0;;1.0;;1.0;0.0;;REF47
REC6599;SP868;GUM.1_1;RLM5;0.0;0.0;;;1.0;0.0;;REF1000
REC6600;SP868;GUM.1_1;RLM5;0.0;0.0;1.0;;1.0;0.0;;REF1000
REC6601;SP869;CAN.1_1;RLM9;0.0;0.0;1.0;;1.0;0.0;;REF1002
REC6602;SP869;CAN.1_1;RLM9;;;;;1.0;0.0;;REF152
REC6603;SP869;USA.1_1;RLM9;;;;;1.0;0.0;;REF152
REC6604;SP869;USA.1_1;RLM9;;;;;1.0;0.0;;REF152
REC6605;SP869;USA.1_1;RLM9;;;;;1.0;0.0;;REF152
REC6606;SP869;USA.1_1;RLM9;;;;;1.0;0.0;;REF152
REC6607;SP869;USA.1_1;RLM9;;;;;1.0;0.0;;REF152
REC6608;SP869;USA.1_1;RLM9;;;;;1.0;0.0;;REF152
REC6609;SP869;USA.1_1;RLM9;;;;;1.0;0.0;;REF152
REC6610;SP869;USA.1_1;RLM9;;;;;1.0;0.0;;REF152
REC6611;SP869;USA.1_1;RLM9;;;;;1.0;0.0;;REF152
REC6612;SP869;USA.1_1;RLM9;;;;;1.0;0.0;;REF152
REC6613;SP869;USA.1_1;RLM9;;;;;1.0;0.0;;REF152
REC6614;SP869;USA.1_1;RLM9;;;;;1.0;0.0;;REF152
REC6615;SP869;USA.1_1;RLM9;;;;;1.0;0.0;;REF152
REC6616;SP869;CAN.1_1;RLM9;;;;;1.0;0.0;;REF152
REC6617;SP869;USA.1_1;RLM9;;;;;1.0;0.0;;REF152
REC6618;SP869;USA.1_1;RLM9;;;;;1.0;0.0;;REF152
REC6619;SP869;USA.1_1;RLM9;;;;;1.0;0.0;;REF152
REC6620;SP869;USA.1_1;RLM9;;;;;1.0;0.0;;REF152
REC6621;SP869;USA.1_1;RLM9;;;;;1.0;0.0;;REF152
REC6622;SP869;USA.1_1;RLM9;;;;;1.0;0.0;;REF152
REC6623;SP869;USA.1_1;RLM9;;;;;1.0;0.0;;REF152
REC6624;SP869;CAN.1_1;RLM9;;;;;1.0;0.0;;REF152
REC6625;SP869;USA.1_1;RLM9;;;;;1.0;0.0;;REF152
REC6626;SP869;USA.1_1;RLM9;;;;;1.0;0.0;;REF152
REC6627;SP869;CAN.1_1;RLM9;;;;;1.0;0.0;;REF152
REC6628;SP869;USA.1_1;RLM9;;;;;1.0;0.0;;REF152
REC6629;SP869;USA.1_1;RLM9;;;;;1.0;0.0;;REF152
REC6630;SP869;CAN.1_1;RLM9;;;;;1.0;0.0;;REF152
REC6631;SP869;USA.1_1;RLM9;;;;;1.0;0.0;;REF152
REC6632;SP869;USA.1_1;RLM9;;;;;1.0;0.0;;REF152
REC6633;SP869;CAN.1_1;RLM9;;;;;1.0;0.0;;REF152
REC6634;SP869;USA.1_1;RLM9;;;;;1.0;0.0;;REF152
REC6635;SP869;CAN.1_1;RLM9;;;;;1.0;0.0;;REF152
REC6636;SP869;CAN.1_1;RLM9;;;;;1.0;0.0;;REF152
REC6637;SP869;USA.1_1;RLM9;;;;;1.0;0.0;;REF152
REC6638;SP869;CAN.1_1;RLM9;;;;;1.0;0.0;;REF152
REC6639;SP869;USA.1_1;RLM9;;;;;1.0;0.0;;REF152
REC6640;SP869;USA.1_1;RLM9;;;;;1.0;0.0;;REF152
REC6641;SP869;USA.1_1;RLM9;;;;;1.0;0.0;;REF152
REC6642;SP869;USA.1_1;RLM9;;;;;1.0;0.0;;REF152
REC6643;SP869;USA.1_1;RLM9;;;;;1.0;0.0;;REF152
REC6644;SP869;USA.1_1;RLM9;;;;;1.0;0.0;;REF152
REC6645;SP869;USA.1_1;RLM9;;;;;1.0;0.0;;REF152
REC6646;SP869;USA.1_1;RLM9;;;;;1.0;0.0;;REF152
REC6647;SP869;USA.1_1;RLM9;;;;;1.0;0.0;;REF330
REC6648;SP869;CAN.1_1;RLM9;;;;;1.0;0.0;;REF330
REC6649;SP869;USA.1_1;RLM9;;;;;1.0;0.0;;REF330
REC6650;SP869;USA.1_1;RLM9;;;;;1.0;0.0;;REF330
REC6651;SP869;USA.1_1;RLM9;;;;;1.0;0.0;;REF330
REC6652;SP869;USA.1_1;RLM9;;;;;1.0;0.0;;REF330
REC6653;SP869;USA.1_1;RLM9;;;;;1.0;0.0;;REF152
REC6654;SP869;USA.1_1;RLM9;;;;;1.0;0.0;;REF330
REC6655;SP869;USA.1_1;RLM9;;;;;1.0;0.0;;REF330
REC6656;SP869;USA.1_1;RLM9;;;;;1.0;0.0;;REF330
REC6657;SP869;USA.1_1;RLM9;;;;;1.0;0.0;;REF330
REC6658;SP869;USA.1_1;RLM9;;;;;1.0;0.0;;REF330
REC6659;SP869;USA.1_1;RLM9;;;;;1.0;0.0;;REF330
REC6660;SP869;CAN.1_1;RLM9;;;;;1.0;0.0;;REF330
REC6661;SP869;GUM.1_1;RLM5;0.0;0.0;1.0;;1.0;0.0;;REF1000
REC6662;SP869;USA.1_1;RLM9;;;;;1.0;0.0;;REF330
REC6663;SP869;USA.1_1;RLM9;;;;;1.0;0.0;;REF330
REC6664;SP869;USA.1_1;RLM9;;;;;1.0;0.0;;REF330
REC6665;SP869;USA.1_1;RLM9;;;;;1.0;0.0;;REF330
REC6666;SP869;USA.1_1;RLM9;;;;;1.0;0.0;;REF330
REC6667;SP869;USA.1_1;RLM9;;;;;1.0;0.0;;REF330
REC6668;SP869;USA.1_1;RLM9;;;;;1.0;0.0;;REF330
REC6669;SP869;CAN.1_1;RLM9;;;;;1.0;0.0;;REF330
REC6670;SP869;USA.1_1;RLM9;;;;;1.0;0.0;;REF330
REC6671;SP869;USA.1_1;RLM9;;;;;1.0;0.0;;REF330
REC6672;SP869;CAN.1_1;RLM9;;;;;1.0;0.0;;REF330
REC6673;SP869;USA.1_1;RLM9;;;;;1.0;0.0;;REF330
REC6674;SP869;USA.1_1;RLM9;;;;;1.0;0.0;;REF330
REC6675;SP869;CAN.1_1;RLM9;;;;;1.0;0.0;;REF330
REC6676;SP869;USA.1_1;RLM9;;;;;1.0;0.0;;REF330
REC6677;SP869;USA.1_1;RLM9;;;;;1.0;0.0;;REF330
REC6678;SP869;CAN.1_1;RLM9;;;;;1.0;0.0;;REF330
REC6679;SP869;USA.1_1;RLM9;;;;;1.0;0.0;;REF330
REC6680;SP869;CAN.1_1;RLM9;;;;;1.0;0.0;;REF330
REC6681;SP869;CAN.1_1;RLM9;;;;;1.0;0.0;;REF330
REC6682;SP869;USA.1_1;RLM9;;;;;1.0;0.0;;REF330
REC6683;SP869;CAN.1_1;RLM9;;;;;1.0;0.0;;REF330
REC6684;SP869;USA.1_1;RLM9;;;;;1.0;0.0;;REF330
REC6685;SP869;USA.1_1;RLM9;;;;;1.0;0.0;;REF330
REC6686;SP869;USA.1_1;RLM9;;;;;1.0;0.0;;REF330
REC6687;SP869;USA.1_1;RLM9;;;;;1.0;0.0;;REF330
REC6688;SP869;USA.1_1;RLM9;;;;;1.0;0.0;;REF330
REC6689;SP869;USA.1_1;RLM9;;;;;1.0;0.0;;REF330
REC6690;SP869;USA.1_1;RLM9;;;;;1.0;0.0;;REF330
REC6691;SP869;CAN.1_1;RLM9;;;;;1.0;0.0;;REF330
REC6692;SP869;USA.1_1;RLM9;;;;;1.0;0.0;;REF330
REC6693;SP869;CAN.1_1;RLM9;;;;;1.0;0.0;;REF152
REC6694;SP869;USA.1_1;RLM9;;;1.0;;1.0;0.0;1917.0;REF152
REC6695;SP869;USA.1_1;RLM9;;0.0;1.0;;1.0;0.0;1917.0;REF1007
REC6696;SP869;USA.1_1;RLM9;0.0;0.0;;;1.0;0.0;;REF1195
REC6697;SP869;ZAF.1_1;RLM3;0.0;0.0;1.0;;;0.0;;REF827
REC6698;SP869;USA.1_1;RLM9;0.0;0.0;1.0;;1.0;0.0;;REF1002
REC6699;SP870;USA.5_1;RLM5;0.0;0.0;1.0;;1.0;0.0;;REF1000
REC6700;SP870;FRA.6_1;RLM5;0.0;0.0;1.0;;1.0;0.0;1948.0;REF1000
REC6701;SP870;PLW.1_1;RLM5;0.0;0.0;1.0;;1.0;0.0;;REF1000
REC6702;SP870;VUT.1_1;RLM5;0.0;0.0;1.0;;1.0;0.0;;REF1000
REC6703;SP870;USA.5_1;RLM5;;0.0;1.0;;1.0;;;REF1130
REC6704;SP871;AUS.1_1;RLM2;;;1.0;;1.0;0.0;;REF697
REC6705;SP872;ECU.2_1;RLM1;;;1.0;;1.0;0.0;;REF697
REC6706;SP872;ECU.2_1;RLM1;;;1.0;;1.0;0.0;1923.0;REF1096
REC6707;SP873;ECU.2_1;RLM1;;0.0;;;1.0;0.0;2011.0;REF888
REC6708;SP874;USA.1_1;RLM9;0.0;0.0;1.0;;1.0;0.0;;REF1002
REC6709;SP875;CHL.1_1;RLM1;;;1.0;;1.0;0.0;1960.0;REF1096
REC6710;SP875;USA.1_1;RLM9;;0.0;1.0;;1.0;0.0;1985.0;REF1007
REC6711;SP875;USA.1_1;RLM9;0.0;0.0;;;1.0;0.0;;REF1195
REC6712;SP875;USA.1_1;RLM9;0.0;0.0;1.0;0.0;1.0;0.0;;REF1002
REC6713;SP876;RUS.1_1;RLM11;0.0;0.0;1.0;;1.0;0.0;2016.0;REF896
REC6714;SP877;CAN.1_1;RLM9;0.0;0.0;1.0;;1.0;0.0;1964.0;REF1002
REC6715;SP877;USA.1_1;RLM9;0.0;0.0;1.0;;1.0;0.0;1964.0;REF1007
REC6716;SP877;USA.1_1;RLM9;0.0;0.0;;;1.0;0.0;;REF1195
REC6717;SP877;USA.1_1;RLM9;0.0;0.0;1.0;;1.0;0.0;;REF1002
REC6718;SP878;CAN.1_1;RLM9;0.0;0.0;1.0;;1.0;0.0;1978.0;REF1002
REC6719;SP878;USA.1_1;RLM9;0.0;0.0;1.0;;1.0;0.0;1978.0;REF1007
REC6720;SP878;USA.1_1;RLM9;0.0;0.0;;;1.0;0.0;;REF1195
REC6721;SP878;CAN.1_1;RLM9;0.0;0.0;1.0;;1.0;0.0;1978.0;REF391
REC6722;SP878;USA.1_1;RLM9;0.0;0.0;1.0;;1.0;0.0;;REF1002
REC6723;SP879;USA.2_1;RLM9;;;1.0;;1.0;0.0;;REF697
REC6724;SP879;USA.2_1;RLM9;;;1.0;;1.0;0.0;1977.0;REF1096
REC6725;SP879;USA.2_1;RLM9;;0.0;1.0;;1.0;0.0;1975.0;REF1007
REC6726;SP879;USA.2_1;RLM9;0.0;0.0;;;1.0;0.0;;REF1195
REC6727;SP880;NZL.1_1;RLM2;;;1.0;;1.0;0.0;;REF697
REC6728;SP880;NZL.1_1;RLM2;;;1.0;;1.0;0.0;;REF1096
REC6729;SP881;MUS.1_1;RLM5;;;1.0;;1.0;0.0;1870.0;REF152
REC6730;SP881;FRA.3_1;RLM4;;;1.0;;1.0;0.0;1863.0;REF152
REC6731;SP882;IDN.1_1;RLM6;;;;;1.0;0.0;;REF152
REC6732;SP882;IDN.1_1;RLM6;;;1.0;;1.0;0.0;;REF152
REC6733;SP882;IDN.1_1;RLM6;;;;;1.0;0.0;;REF152
REC6734;SP882;IDN.1_1;RLM6;1.0;0.0;;;1.0;0.0;1991.0;REF716
REC6735;SP882;USA.1_1;RLM9;;;;;1.0;0.0;;REF330
REC6736;SP882;DOM.1_1;RLM7;0.0;0.0;1.0;;1.0;0.0;2004.0;REF433
REC6737;SP882;IDN.1_1;RLM6;1.0;0.0;;;1.0;0.0;1990.0;REF717
REC6738;SP882;SYC.1_1;RLM5;0.0;0.0;1.0;;1.0;0.0;2016.0;REF611
REC6739;SP882;IDN.1_1;RLM5;1.0;0.0;;;1.0;0.0;2012.0;REF775
REC6740;SP882;JAM.1_1;RLM7;;;1.0;;1.0;0.0;;REF542
REC6741;SP882;LKA.1_1;RLM6;;;1.0;;1.0;0.0;;REF542
REC6742;SP882;DOM.1_1;RLM7;;;1.0;;1.0;0.0;;REF542
REC6743;SP882;CUB.1_1;RLM7;;;;;1.0;0.0;;REF330
REC6744;SP882;DOM.1_1;RLM7;;;;;1.0;0.0;;REF330
REC6745;SP882;JAM.1_1;RLM7;;;;;1.0;0.0;;REF330
REC6746;SP882;USA.3_1;RLM7;;;;;1.0;0.0;;REF330
REC6747;SP882;USA.1_1;RLM9;;;;;1.0;0.0;;REF330
REC6748;SP882;IDN.1_1;RLM6;;;;;1.0;0.0;;REF330
REC6749;SP882;SYR.1_1;RLM8;;;;;1.0;0.0;;REF330
REC6750;SP882;CYP.1_1;RLM8;;;;;1.0;0.0;;REF330
REC6751;SP882;PRT.1_1;RLM11;;;;;0.0;0.0;;REF330
REC6752;SP882;TUR.1_1;RLM11;;;;;1.0;0.0;;REF330
REC6753;SP882;IDN.1_1;RLM6;;;;;1.0;0.0;;REF152
REC6754;SP882;LKA.1_1;RLM6;;;;;1.0;0.0;;REF152
REC6755;SP882;SYR.1_1;RLM8;;;;;1.0;0.0;;REF152
REC6756;SP882;TUR.1_1;RLM11;;;;;1.0;0.0;;REF152
REC6757;SP882;CYP.1_1;RLM8;;;;;1.0;0.0;;REF152
REC6758;SP882;PRT.1_1;RLM11;;;;;1.0;0.0;;REF152
REC6759;SP882;CUB.1_1;RLM7;;;;;1.0;0.0;;REF152
REC6760;SP882;DOM.1_1;RLM7;;;1.0;;1.0;0.0;2004.0;REF152
REC6761;SP882;JAM.1_1;RLM7;;;1.0;;1.0;0.0;2006.0;REF152
REC6762;SP882;USA.3_1;RLM7;;;;;1.0;0.0;;REF152
REC6763;SP882;PRT.1_1;RLM11;0.0;0.0;1.0;;;0.0;2012.0;REF775
REC6764;SP882;JAM.1_1;RLM7;0.0;0.0;1.0;;1.0;0.0;2006.0;REF376
REC6765;SP882;USA.3_1;RLM7;0.0;0.0;1.0;;1.0;0.0;2006.0;REF519
REC6766;SP882;CUB.1_1;RLM7;0.0;0.0;1.0;;1.0;0.0;2007.0;REF344
REC6767;SP882;TUR.1_1;RLM11;0.0;0.0;1.0;;1.0;0.0;2005.0;REF608
REC6768;SP882;CYP.1_1;RLM8;0.0;0.0;1.0;;1.0;0.0;2021.0;REF261
REC6769;SP882;YEM.1_1;RLM8;0.0;0.0;1.0;;1.0;0.0;2009.0;REF746
REC6770;SP882;SYR.1_1;RLM8;0.0;0.0;1.0;;1.0;0.0;2003.0;REF88
REC6771;SP882;USA.1_1;RLM9;0.0;0.0;;;1.0;0.0;2020.0;REF1002
REC6772;SP883;KOR.1_1;RLM11;;;1.0;;1.0;0.0;;REF1096
REC6773;SP884;PLW.1_1;RLM5;0.0;0.0;1.0;;1.0;0.0;;REF1000
REC6774;SP885;USA.2_1;RLM9;0.0;;1.0;0.0;1.0;;;REF1002
REC6775;SP885;NZL.1_1;RLM2;0.0;0.0;1.0;0.0;0.0;0.0;1996.0;REF493
REC6776;SP886;CAN.1_1;RLM9;0.0;1.0;1.0;0.0;1.0;0.0;;REF1002
REC6777;SP886;USA.1_1;RLM9;;0.0;1.0;;1.0;0.0;2010.0;REF1007
REC6778;SP886;USA.1_1;RLM9;0.0;1.0;1.0;0.0;1.0;0.0;;REF1002
REC6779;SP887;USA.2_1;RLM9;;;1.0;;1.0;0.0;1936.0;REF1096
REC6780;SP887;USA.2_1;RLM9;;0.0;1.0;;1.0;0.0;1936.0;REF1007
REC6781;SP887;USA.2_1;RLM9;0.0;0.0;;;1.0;0.0;;REF1195
REC6782;SP887;ITA.2_1;RLM11;0.0;0.0;1.0;;1.0;0.0;;REF683
REC6783;SP887;KOR.1_1;RLM11;;;1.0;;1.0;0.0;;REF1096
REC6784;SP887;DNK.1_1;RLM11;;;1.0;;1.0;0.0;;REF542
REC6785;SP887;FRA.1_1;RLM11;;;1.0;;1.0;0.0;;REF542
REC6786;SP887;NLD.1_1;RLM11;;;1.0;;1.0;0.0;;REF542
REC6787;SP887;SWE.1_1;RLM11;;;1.0;;1.0;0.0;;REF542
REC6788;SP887;AUT.1_1;RLM11;;;1.0;;1.0;0.0;;REF542
REC6789;SP887;DEU.1_1;RLM11;;;1.0;;1.0;0.0;;REF542
REC6790;SP887;SVN.1_1;RLM11;;;1.0;;1.0;0.0;;REF542
REC6791;SP887;BEL.1_1;RLM11;;;1.0;;1.0;0.0;;REF957
REC6792;SP887;DNK.1_1;RLM11;;;1.0;;1.0;0.0;;REF957
REC6793;SP887;DEU.1_1;RLM11;;;1.0;;1.0;0.0;;REF957
REC6794;SP887;HUN.1_1;RLM11;;;1.0;;1.0;0.0;;REF957
REC6795;SP887;ITA.1_1;RLM11;;;1.0;;1.0;0.0;1957.0;REF957
REC6796;SP887;NLD.1_1;RLM11;;;1.0;;1.0;0.0;;REF957
REC6797;SP887;SWE.1_1;RLM11;;;1.0;;1.0;0.0;1980.0;REF957
REC6798;SP887;AUT.1_1;RLM11;;;1.0;;1.0;0.0;;REF957
REC6799;SP887;CZE.1_1;RLM11;;;1.0;;1.0;0.0;;REF957
REC6800;SP887;FRA.1_1;RLM11;;;1.0;;1.0;0.0;;REF957
REC6801;SP887;GBR.1_1;RLM11;;;1.0;;1.0;0.0;;REF957
REC6802;SP887;ITA.2_1;RLM11;;;1.0;;1.0;0.0;1943.0;REF957
REC6803;SP887;LVA.1_1;RLM11;;;1.0;;1.0;0.0;;REF957
REC6804;SP887;NOR.1_1;RLM11;;;1.0;;1.0;0.0;;REF957
REC6805;SP887;CHE.1_1;RLM11;;;1.0;;1.0;0.0;;REF957
REC6806;SP887;AUT.1_1;RLM11;0.0;0.0;1.0;;1.0;0.0;;REF683
REC6807;SP887;BEL.1_1;RLM11;0.0;0.0;1.0;;1.0;0.0;;REF683
REC6808;SP887;CZE.1_1;RLM11;0.0;0.0;1.0;;1.0;0.0;;REF683
REC6809;SP887;DNK.1_1;RLM11;0.0;0.0;1.0;;1.0;0.0;;REF683
REC6810;SP887;FRA.1_1;RLM11;0.0;0.0;1.0;;1.0;0.0;;REF683
REC6811;SP887;DEU.1_1;RLM11;0.0;0.0;1.0;;1.0;0.0;;REF683
REC6812;SP887;HUN.1_1;RLM11;0.0;0.0;1.0;;1.0;0.0;;REF683
REC6813;SP887;ITA.1_1;RLM11;0.0;0.0;1.0;;1.0;0.0;;REF683
REC6814;SP887;LVA.1_1;RLM11;0.0;0.0;1.0;;1.0;0.0;;REF683
REC6815;SP887;NLD.1_1;RLM11;0.0;0.0;1.0;;1.0;0.0;;REF683
REC6816;SP887;NOR.1_1;RLM11;0.0;0.0;1.0;;1.0;0.0;;REF683
REC6817;SP887;SWE.1_1;RLM11;0.0;0.0;1.0;;1.0;0.0;;REF683
REC6818;SP887;CHE.1_1;RLM11;0.0;0.0;1.0;;1.0;0.0;;REF683
REC6819;SP887;GBR.1_1;RLM11;0.0;0.0;1.0;;1.0;0.0;;REF683
REC6820;SP888;USA.1_1;RLM9;;;;;1.0;0.0;;REF152
REC6821;SP888;USA.1_1;RLM9;;;;;1.0;0.0;;REF152
REC6822;SP888;USA.1_1;RLM9;;0.0;1.0;;1.0;0.0;;REF1007
REC6823;SP889;JPN.1_1;RLM6;;;1.0;;1.0;0.0;;REF697
REC6824;SP889;JPN.1_1;RLM6;;;1.0;;1.0;0.0;2000.0;REF1096
REC6825;SP889;JPN.1_1;RLM6;0.0;0.0;;;1.0;0.0;;REF1195
REC6826;SP890;JPN.1_1;RLM6;0.0;0.0;;;1.0;0.0;;REF1195
REC6827;SP890;JPN.1_1;RLM6;0.0;0.0;;;1.0;0.0;;REF1195
REC6828;SP890;CHN.1_1;RLM10;0.0;0.0;1.0;;1.0;0.0;;REF557
REC6829;SP890;JPN.1_1;RLM10;0.0;0.0;;;1.0;0.0;;REF1195
REC6830;SP890;JPN.1_1;RLM10;0.0;0.0;1.0;;1.0;0.0;;REF812
REC6831;SP890;JPN.1_1;RLM10;0.0;0.0;1.0;;1.0;0.0;1964.0;REF779
REC6832;SP891;JPN.1_1;RLM6;;;1.0;;1.0;0.0;;REF697
REC6833;SP891;JPN.1_1;RLM6;;;1.0;;1.0;0.0;;REF697
REC6834;SP891;JPN.1_1;RLM6;;;1.0;;1.0;0.0;1970.0;REF1096
REC6835;SP891;JPN.1_1;RLM6;;;1.0;;1.0;0.0;1970.0;REF1096
REC6836;SP891;JPN.1_1;RLM10;;;1.0;;1.0;0.0;;REF697
REC6837;SP891;KOR.1_1;RLM11;;;1.0;;1.0;0.0;;REF697
REC6838;SP891;JPN.1_1;RLM10;;;1.0;;1.0;0.0;1968.0;REF1096
REC6839;SP891;KOR.1_1;RLM11;;;1.0;;1.0;0.0;2003.0;REF1096
REC6840;SP891;JPN.1_1;RLM10;;;1.0;;1.0;0.0;;REF542
REC6841;SP892;USA.2_1;RLM9;0.0;;1.0;;1.0;0.0;;REF48
REC6842;SP893;SWE.1_1;RLM11;;;1.0;;1.0;0.0;;REF542
REC6843;SP893;GBR.1_1;RLM11;;;1.0;;1.0;0.0;;REF542
REC6844;SP893;DNK.1_1;RLM11;;;1.0;;1.0;0.0;;REF957
REC6845;SP893;SWE.1_1;RLM11;;;1.0;;1.0;0.0;;REF957
REC6846;SP893;GBR.1_1;RLM11;;;1.0;;1.0;0.0;;REF957
REC6847;SP893;DNK.1_1;RLM11;0.0;0.0;1.0;;1.0;0.0;;REF683
REC6848;SP893;SWE.1_1;RLM11;0.0;0.0;1.0;;1.0;0.0;;REF683
REC6849;SP893;GBR.1_1;RLM11;0.0;0.0;1.0;;1.0;0.0;;REF683
REC6850;SP894;GBR.1_1;RLM11;;;1.0;;1.0;0.0;;REF957
REC6851;SP894;GBR.1_1;RLM11;;;1.0;;1.0;0.0;1979.0;REF152
REC6852;SP894;GBR.1_1;RLM11;0.0;0.0;1.0;;1.0;0.0;;REF683
REC6853;SP895;USA.1_1;RLM9;0.0;0.0;;1.0;;0.0;1976.0;REF358
REC6854;SP895;DNK.1_1;RLM11;;;1.0;;1.0;0.0;;REF542
REC6855;SP895;AUT.1_1;RLM11;;;1.0;;1.0;0.0;;REF542
REC6856;SP895;AUT.1_1;RLM11;;;1.0;;1.0;0.0;;REF957
REC6857;SP895;DNK.1_1;RLM11;;;1.0;;1.0;0.0;;REF957
REC6858;SP895;GBR.1_1;RLM11;;;1.0;;1.0;0.0;;REF957
REC6859;SP895;CZE.1_1;RLM11;;;1.0;;1.0;0.0;;REF957
REC6860;SP895;FIN.1_1;RLM11;;;1.0;;1.0;0.0;;REF957
REC6861;SP895;USA.1_1;RLM9;0.0;1.0;1.0;;1.0;0.0;1975.0;REF1007
REC6862;SP895;USA.1_1;RLM9;0.0;0.0;;;1.0;0.0;;REF1195
REC6863;SP895;AUT.1_1;RLM11;1.0;0.0;;;1.0;0.0;;REF683
REC6864;SP895;CZE.1_1;RLM11;1.0;0.0;;;1.0;0.0;;REF683
REC6865;SP895;DNK.1_1;RLM11;1.0;0.0;;;1.0;0.0;;REF683
REC6866;SP895;FIN.1_1;RLM11;1.0;0.0;;;1.0;0.0;;REF683
REC6867;SP895;GBR.1_1;RLM11;1.0;0.0;;;1.0;0.0;;REF683
REC6868;SP895;USA.1_1;RLM9;0.0;0.0;1.0;;1.0;0.0;1976.0;REF138
REC6869;SP895;PAN.1_1;RLM7;0.0;0.0;1.0;;1.0;0.0;;REF138
REC6870;SP895;USA.1_1;RLM9;0.0;0.0;1.0;;1.0;0.0;;REF1002
REC6871;SP896;USA.2_1;RLM9;;;1.0;;1.0;0.0;;REF697
REC6872;SP896;USA.2_1;RLM9;;;1.0;;1.0;0.0;1879.0;REF1096
REC6873;SP896;USA.2_1;RLM9;;0.0;1.0;;1.0;0.0;;REF1007
REC6874;SP896;USA.2_1;RLM9;1.0;0.0;;;1.0;0.0;;REF1195
REC6875;SP896;GBR.1_1;RLM11;;;1.0;;1.0;0.0;;REF542
REC6876;SP896;GBR.1_1;RLM11;;;1.0;;1.0;0.0;;REF957
REC6877;SP896;GBR.1_1;RLM11;1.0;0.0;;;1.0;0.0;;REF683
REC6878;SP897;GBR.1_1;RLM11;;;1.0;;1.0;0.0;;REF957
REC6879;SP897;GBR.1_1;RLM11;;;1.0;;1.0;0.0;1967.0;REF152
REC6880;SP897;GBR.1_1;RLM11;0.0;0.0;1.0;;1.0;0.0;;REF683
REC6881;SP898;GBR.1_1;RLM11;;;1.0;;1.0;0.0;1979.0;REF957
REC6882;SP898;GBR.1_1;RLM11;;;1.0;;1.0;0.0;1979.0;REF957
REC6883;SP898;GBR.1_1;RLM11;;;;;1.0;0.0;;REF152
REC6884;SP898;NLD.1_1;RLM11;0.0;0.0;1.0;;1.0;0.0;;REF683
REC6885;SP898;GBR.1_1;RLM11;0.0;0.0;1.0;;1.0;0.0;;REF683
REC6886;SP899;JPN.1_1;RLM6;;;1.0;;1.0;0.0;;REF697
REC6887;SP899;JPN.1_1;RLM6;;;1.0;;1.0;0.0;1982.0;REF1096
REC6888;SP899;JPN.1_1;RLM6;0.0;0.0;;;1.0;0.0;;REF1195
REC6889;SP899;JPN.1_1;RLM10;;;1.0;;1.0;0.0;;REF697
REC6890;SP899;JPN.1_1;RLM10;;;1.0;;1.0;0.0;1921.0;REF1096
REC6891;SP899;JPN.1_1;RLM10;;;1.0;;1.0;0.0;;REF542
REC6892;SP899;JPN.1_1;RLM10;0.0;0.0;;;1.0;0.0;;REF1195
REC6893;SP899;JPN.1_1;RLM10;0.0;0.0;1.0;;1.0;0.0;;REF812
REC6894;SP900;CAN.1_1;RLM9;0.0;0.0;1.0;;1.0;0.0;;REF1002
REC6895;SP900;USA.1_1;RLM9;;0.0;1.0;;1.0;0.0;2017.0;REF1007
REC6896;SP900;USA.1_1;RLM9;0.0;0.0;1.0;;1.0;0.0;;REF1002
REC6897;SP901;CAN.1_1;RLM9;0.0;0.0;1.0;0.0;1.0;0.0;;REF1002
REC6898;SP902;USA.1_1;RLM9;1.0;0.0;;;1.0;0.0;;REF1195
REC6899;SP903;CAN.1_1;RLM9;0.0;0.0;1.0;;1.0;0.0;;REF1002
REC6900;SP903;USA.1_1;RLM9;;0.0;1.0;;1.0;0.0;;REF1007
REC6901;SP903;USA.1_1;RLM9;0.0;0.0;1.0;;1.0;0.0;;REF1002
REC6902;SP904;GBR.1_1;RLM11;;;1.0;;1.0;0.0;;REF542
REC6903;SP904;GBR.1_1;RLM11;;;;;1.0;0.0;;REF152
REC6904;SP905;RUS.1_1;RLM11;;;;;1.0;0.0;;REF330
REC6905;SP905;SVN.1_1;RLM11;;;1.0;;1.0;0.0;;REF542
REC6906;SP905;FRA.1_1;RLM11;;;1.0;;1.0;0.0;;REF542
REC6907;SP905;SVK.1_1;RLM11;;;1.0;;1.0;0.0;;REF542
REC6908;SP905;CZE.1_1;RLM11;;;1.0;;1.0;0.0;;REF542
REC6909;SP905;ROU.1_1;RLM11;;;1.0;;1.0;0.0;;REF542
REC6910;SP905;POL.1_1;RLM11;;;1.0;;1.0;0.0;;REF542
REC6911;SP905;HRV.1_1;RLM11;;;1.0;;1.0;0.0;;REF542
REC6912;SP905;AUT.1_1;RLM11;;;1.0;;1.0;0.0;;REF542
REC6913;SP905;BEL.1_1;RLM11;;;;;1.0;0.0;;REF330
REC6914;SP905;HRV.1_1;RLM11;;;;;1.0;0.0;;REF330
REC6915;SP905;FRA.1_1;RLM11;;;;;1.0;0.0;;REF330
REC6916;SP905;HUN.1_1;RLM11;;;;;1.0;0.0;;REF330
REC6917;SP905;LTU.1_1;RLM11;;;;;1.0;0.0;;REF330
REC6918;SP905;MKD.1_1;RLM11;;;;;1.0;0.0;;REF330
REC6919;SP905;ROU.1_1;RLM11;;;;;1.0;0.0;;REF330
REC6920;SP905;SRB.1_1;RLM11;;;;;1.0;0.0;;REF330
REC6921;SP905;SVK.1_1;RLM11;;;;;1.0;0.0;;REF330
REC6922;SP905;SVN.1_1;RLM11;;;;;1.0;0.0;;REF330
REC6923;SP905;AUT.1_1;RLM11;;;1.0;;1.0;0.0;1987.0;REF957
REC6924;SP905;HRV.1_1;RLM11;;;1.0;;1.0;0.0;;REF957
REC6925;SP905;FRA.1_1;RLM11;;;1.0;;1.0;0.0;;REF957
REC6926;SP905;DEU.1_1;RLM11;;;1.0;;1.0;0.0;;REF957
REC6927;SP905;HUN.1_1;RLM11;;;1.0;;1.0;0.0;;REF957
REC6928;SP905;LTU.1_1;RLM11;;;1.0;;1.0;0.0;;REF957
REC6929;SP905;ROU.1_1;RLM11;;;1.0;;1.0;0.0;;REF957
REC6930;SP905;SVN.1_1;RLM11;;;1.0;;1.0;0.0;;REF957
REC6931;SP905;CHE.1_1;RLM11;;;1.0;;1.0;0.0;1983.0;REF957
REC6932;SP905;BGR.1_1;RLM11;;;1.0;;1.0;0.0;;REF957
REC6933;SP905;CZE.1_1;RLM11;;;1.0;;1.0;0.0;;REF957
REC6934;SP905;MKD.1_1;RLM11;;;1.0;;1.0;0.0;;REF957
REC6935;SP905;GBR.1_1;RLM11;;;1.0;;1.0;0.0;;REF957
REC6936;SP905;ITA.1_1;RLM11;;;1.0;;1.0;0.0;;REF957
REC6937;SP905;POL.1_1;RLM11;;;1.0;;1.0;0.0;1960.0;REF957
REC6938;SP905;RUS.1_1;RLM11;;;1.0;;1.0;0.0;2011.0;REF957
REC6939;SP905;SVK.1_1;RLM11;;;1.0;;1.0;0.0;;REF957
REC6940;SP905;ESP.1_1;RLM11;;;1.0;;1.0;0.0;;REF957
REC6941;SP905;AUT.1_1;RLM11;0.0;0.0;1.0;;1.0;0.0;;REF683
REC6942;SP905;BGR.1_1;RLM11;0.0;0.0;1.0;;1.0;0.0;;REF683
REC6943;SP905;HRV.1_1;RLM11;0.0;0.0;1.0;;1.0;0.0;;REF683
REC6944;SP905;CZE.1_1;RLM11;0.0;0.0;1.0;;1.0;0.0;;REF683
REC6945;SP905;FRA.1_1;RLM11;0.0;0.0;1.0;;1.0;0.0;;REF683
REC6946;SP905;DEU.1_1;RLM11;0.0;0.0;1.0;;1.0;0.0;;REF683
REC6947;SP905;HUN.1_1;RLM11;0.0;0.0;1.0;;1.0;0.0;;REF683
REC6948;SP905;ITA.1_1;RLM11;0.0;0.0;1.0;;1.0;0.0;;REF683
REC6949;SP905;LTU.1_1;RLM11;0.0;0.0;1.0;;1.0;0.0;;REF683
REC6950;SP905;MKD.1_1;RLM11;0.0;0.0;1.0;;1.0;0.0;;REF683
REC6951;SP905;POL.1_1;RLM11;0.0;0.0;1.0;;1.0;0.0;;REF683
REC6952;SP905;ROU.1_1;RLM11;0.0;0.0;1.0;;1.0;0.0;;REF683
REC6953;SP905;SRB.1_1;RLM11;0.0;0.0;1.0;;1.0;0.0;;REF683
REC6954;SP905;SVK.1_1;RLM11;0.0;0.0;1.0;;1.0;0.0;;REF683
REC6955;SP905;SVN.1_1;RLM11;0.0;0.0;1.0;;1.0;0.0;;REF683
REC6956;SP905;ESP.1_1;RLM11;0.0;0.0;1.0;;1.0;0.0;;REF683
REC6957;SP905;CHE.1_1;RLM11;0.0;0.0;1.0;;1.0;0.0;;REF683
REC6958;SP905;GBR.1_1;RLM11;0.0;0.0;1.0;;1.0;0.0;;REF683
REC6959;SP905;SRB.1_1;RLM11;0.0;0.0;1.0;;1.0;0.0;;REF911
REC6960;SP905;FRA.1_1;RLM11;0.0;0.0;1.0;;1.0;0.0;1988.0;REF1175
REC6961;SP905;HUN.1_1;RLM11;0.0;0.0;1.0;;1.0;0.0;1983.0;REF1175
REC6962;SP905;ITA.1_1;RLM11;0.0;0.0;1.0;;1.0;0.0;1970.0;REF1175
REC6963;SP905;SVK.1_1;RLM11;0.0;0.0;1.0;;1.0;0.0;1987.0;REF1175
REC6964;SP905;BGR.1_1;RLM11;0.0;0.0;1.0;;;0.0;1990.0;REF1073
REC6965;SP905;ROU.1_1;RLM11;0.0;0.0;1.0;;1.0;0.0;1994.0;REF353
REC6966;SP905;LTU.1_1;RLM11;0.0;0.0;1.0;;1.0;0.0;2007.0;REF548
REC6967;SP905;BEL.1_1;RLM11;0.0;0.0;1.0;1.0;1.0;0.0;2013.0;REF75
REC6968;SP906;ZAF.1_1;RLM3;0.0;1.0;1.0;;0.0;0.0;;REF1107
REC6969;SP907;ZAF.1_1;RLM3;;;1.0;;1.0;0.0;;REF697
REC6970;SP907;ZAF.1_1;RLM3;;1.0;1.0;;1.0;0.0;;REF1096
REC6971;SP907;ZAF.1_1;RLM3;0.0;1.0;1.0;;1.0;0.0;2001.0;REF1107
REC6972;SP908;GUM.1_1;RLM5;0.0;0.0;1.0;1.0;1.0;0.0;;REF922
REC6973;SP908;GUM.1_1;RLM5;0.0;1.0;1.0;;1.0;0.0;;REF605
REC6974;SP908;GUM.1_1;RLM5;0.0;0.0;1.0;;1.0;0.0;;REF167
REC6975;SP908;CHN.2_1;RLM6;0.0;0.0;1.0;;1.0;0.0;2023.0;REF197
REC6976;SP908;USA.4_1;RLM5;0.0;0.0;1.0;;1.0;0.0;;REF922
REC6977;SP908;USA.6_1;RLM5;0.0;0.0;1.0;;1.0;0.0;;REF922
REC6978;SP908;CHN.1_1;RLM6;0.0;0.0;1.0;;1.0;0.0;2023.0;REF197
REC6979;SP908;IND.1_1;RLM6;0.0;1.0;1.0;0.0;1.0;0.0;1973.0;REF790
REC6980;SP908;MYS.1_1;RLM6;0.0;1.0;1.0;0.0;;0.0;1970.0;REF790
REC6981;SP908;LKA.1_1;RLM6;0.0;1.0;1.0;0.0;1.0;0.0;1973.0;REF790
REC6982;SP908;GHA1_1;RLM3;0.0;1.0;1.0;0.0;;0.0;1970.0;REF790
REC6983;SP908;NGA.1_1;RLM3;0.0;1.0;1.0;0.0;;0.0;1973.0;REF790
REC6984;SP908;PHL.1_1;RLM6;0.0;0.0;1.0;1.0;1.0;0.0;1985.0;REF790
REC6985;SP908;PLW.1_1;RLM5;0.0;0.0;1.0;;1.0;0.0;;REF922
REC6986;SP908;FSM.1_1;RLM5;0.0;0.0;1.0;;1.0;0.0;;REF922
REC6987;SP908;PNG.1_1;RLM5;0.0;0.0;1.0;;1.0;0.0;;REF922
REC6988;SP908;KHM.1_1;RLM6;0.0;0.0;1.0;;1.0;0.0;2023.0;REF197
REC6989;SP908;IND.1_1;RLM6;0.0;1.0;1.0;0.0;1.0;0.0;1973.0;REF197
REC6990;SP908;IDN.1_1;RLM6;0.0;1.0;1.0;0.0;1.0;0.0;1992.0;REF197
REC6991;SP908;MYS.1_1;RLM6;0.0;1.0;1.0;0.0;1.0;0.0;1970.0;REF197
REC6992;SP908;PHL.1_1;RLM6;0.0;0.0;1.0;;1.0;0.0;1985.0;REF197
REC6993;SP908;LKA.1_1;RLM6;0.0;1.0;1.0;0.0;1.0;0.0;1973.0;REF197
REC6994;SP908;THA.1_1;RLM6;0.0;1.0;1.0;0.0;0.0;0.0;1987.0;REF197
REC6995;SP908;VNM.1_1;RLM6;0.0;1.0;1.0;0.0;0.0;0.0;1988.0;REF197
REC6996;SP908;ZAF.1_1;RLM3;0.0;1.0;1.0;;0.0;0.0;;REF1107
REC6997;SP908;ZAF.1_1;RLM3;0.0;1.0;1.0;;0.0;0.0;1989.0;REF605
REC6998;SP908;NGA.1_1;RLM3;0.0;1.0;1.0;;0.0;0.0;;REF605
REC6999;SP908;IND.1_1;RLM6;0.0;1.0;1.0;;0.0;0.0;;REF605
REC7000;SP908;MYS.1_1;RLM6;0.0;1.0;1.0;;0.0;0.0;;REF605
REC7001;SP908;LKA.1_1;RLM6;0.0;1.0;1.0;;1.0;0.0;;REF605
REC7002;SP908;NGA.1_1;RLM3;0.0;1.0;1.0;0.0;1.0;0.0;1972.0;REF1106
REC7003;SP908;GHA1_1;RLM3;0.0;1.0;1.0;0.0;1.0;0.0;1989.0;REF1072
REC7004;SP909;NZL.1_1;RLM2;;;1.0;;1.0;0.0;;REF697
REC7005;SP909;NZL.1_1;RLM2;;;1.0;;1.0;0.0;2012.0;REF1096
REC7006;SP910;CAN.1_1;RLM9;0.0;0.0;1.0;0.0;1.0;0.0;;REF1002
REC7007;SP910;USA.1_1;RLM9;;0.0;1.0;;1.0;0.0;1968.0;REF1007
REC7008;SP910;USA.1_1;RLM9;0.0;0.0;;;1.0;0.0;;REF1195
REC7009;SP910;CAN.1_1;RLM9;0.0;0.0;1.0;;1.0;0.0;1970.0;REF694
REC7010;SP910;USA.1_1;RLM9;0.0;0.0;1.0;0.0;1.0;0.0;;REF1002
REC7011;SP911;GBR.1_1;RLM11;;;;;1.0;0.0;;REF152
REC7012;SP911;ESP.3_1;RLM11;;;;;1.0;0.0;;REF330
REC7013;SP911;ESP.3_1;RLM11;;;1.0;;1.0;0.0;2003.0;REF152
REC7014;SP911;ESP.3_1;RLM11;0.0;0.0;1.0;;1.0;0.0;;REF683
REC7015;SP911;GRC.2_1;RLM11;;;;;1.0;0.0;;REF330
REC7016;SP911;GRC.2_1;RLM11;;;;;1.0;0.0;;REF152
REC7017;SP911;GRC.2_1;RLM11;0.0;0.0;1.0;;1.0;0.0;;REF683
REC7018;SP911;GBR.1_1;RLM11;;;;;0.0;1.0;;REF330
REC7019;SP911;ITA.2_1;RLM11;;;;;1.0;0.0;;REF330
REC7020;SP911;ITA.2_1;RLM11;;;1.0;;1.0;0.0;2005.0;REF152
REC7021;SP911;ITA.2_1;RLM11;0.0;0.0;1.0;;1.0;0.0;;REF683
REC7022;SP911;CYP.1_1;RLM8;;;1.0;;1.0;0.0;;REF542
REC7023;SP911;FRA.1_1;RLM11;;;1.0;;1.0;0.0;;REF542
REC7024;SP911;BEL.1_1;RLM11;;;1.0;;1.0;0.0;;REF542
REC7025;SP911;ESP.1_1;RLM11;;;1.0;;1.0;0.0;;REF542
REC7026;SP911;SVN.1_1;RLM11;;;1.0;;1.0;0.0;;REF542
REC7027;SP911;AUT.1_1;RLM11;;;;;0.0;0.0;;REF330
REC7028;SP911;BEL.1_1;RLM11;;;;;0.0;0.0;;REF330
REC7029;SP911;BGR.1_1;RLM11;;;;;1.0;0.0;;REF330
REC7030;SP911;HRV.1_1;RLM11;;;;;1.0;0.0;;REF330
REC7031;SP911;CYP.1_1;RLM8;;;;;1.0;0.0;;REF330
REC7032;SP911;CZE.1_1;RLM11;;;;;0.0;1.0;;REF330
REC7033;SP911;DNK.1_1;RLM11;;;;;0.0;0.0;;REF330
REC7034;SP911;FRA.1_1;RLM11;;;;;1.0;0.0;;REF330
REC7035;SP911;DEU.1_1;RLM11;;;;;0.0;1.0;;REF330
REC7036;SP911;GRC.1_1;RLM11;;;;;1.0;0.0;;REF330
REC7037;SP911;ITA.1_1;RLM11;;;;;1.0;0.0;;REF330
REC7038;SP911;PRT.1_1;RLM11;;;;;0.0;0.0;;REF330
REC7039;SP911;SVN.1_1;RLM11;;;;;1.0;0.0;;REF330
REC7040;SP911;ESP.1_1;RLM11;;;;;1.0;0.0;;REF330
REC7041;SP911;CHE.1_1;RLM11;;;;;0.0;1.0;;REF330
REC7042;SP911;UKR.1_1;RLM11;;;;;1.0;0.0;;REF330
REC7043;SP911;GBR.1_1;RLM11;;;;;0.0;1.0;;REF330
REC7044;SP911;FRA.1_1;RLM11;;;1.0;;1.0;0.0;;REF957
REC7045;SP911;GRC.1_1;RLM11;;;1.0;;1.0;0.0;;REF957
REC7046;SP911;ITA.1_1;RLM11;;;1.0;;1.0;0.0;;REF957
REC7047;SP911;SVN.1_1;RLM11;;;1.0;;1.0;0.0;2008.0;REF957
REC7048;SP911;ESP.1_1;RLM11;;;1.0;;1.0;0.0;1995.0;REF957
REC7049;SP911;CYP.1_1;RLM8;;;1.0;;1.0;0.0;2009.0;REF957
REC7050;SP911;GRC.2_1;RLM11;;;1.0;;1.0;0.0;;REF957
REC7051;SP911;ITA.2_1;RLM11;;;1.0;;1.0;0.0;;REF957
REC7052;SP911;SVK.1_1;RLM11;;;1.0;;1.0;0.0;2009.0;REF957
REC7053;SP911;ESP.3_1;RLM11;;;1.0;;1.0;0.0;;REF957
REC7054;SP911;CHE.1_1;RLM11;;;1.0;;1.0;0.0;2010.0;REF957
REC7055;SP911;AUT.1_1;RLM11;;;;;1.0;0.0;;REF152
REC7056;SP911;BEL.1_1;RLM11;;;;;1.0;0.0;;REF152
REC7057;SP911;BGR.1_1;RLM11;;;1.0;;1.0;0.0;;REF152
REC7058;SP911;HRV.1_1;RLM11;;;1.0;;1.0;0.0;;REF152
REC7059;SP911;CYP.1_1;RLM8;;;1.0;;1.0;0.0;;REF152
REC7060;SP911;CZE.1_1;RLM11;;;;;1.0;0.0;;REF152
REC7061;SP911;DNK.1_1;RLM11;;;;;1.0;0.0;;REF152
REC7062;SP911;FRA.1_1;RLM11;;;1.0;;1.0;0.0;;REF152
REC7063;SP911;DEU.1_1;RLM11;;;;;1.0;0.0;;REF152
REC7064;SP911;GRC.1_1;RLM11;;;1.0;;1.0;0.0;;REF152
REC7065;SP911;ITA.1_1;RLM11;;;1.0;;1.0;0.0;2002.0;REF152
REC7066;SP911;PRT.1_1;RLM11;;;;;1.0;0.0;;REF152
REC7067;SP911;SVK.1_1;RLM11;;;1.0;;1.0;0.0;2009.0;REF152
REC7068;SP911;SVN.1_1;RLM11;;;1.0;;1.0;0.0;;REF152
REC7069;SP911;ESP.1_1;RLM11;;;1.0;;1.0;0.0;;REF152
REC7070;SP911;CHE.1_1;RLM11;;;;;1.0;0.0;;REF152
REC7071;SP911;UKR.1_1;RLM11;;;;;1.0;0.0;;REF152
REC7072;SP911;GBR.1_1;RLM11;;;;;1.0;0.0;;REF152
REC7073;SP911;CYP.1_1;RLM8;0.0;0.0;1.0;;1.0;0.0;;REF683
REC7074;SP911;DNK.1_1;RLM11;0.0;0.0;1.0;;1.0;0.0;;REF683
REC7075;SP911;FRA.1_1;RLM11;0.0;0.0;1.0;;1.0;0.0;;REF683
REC7076;SP911;GRC.1_1;RLM11;0.0;0.0;1.0;;1.0;0.0;;REF683
REC7077;SP911;ITA.1_1;RLM11;0.0;0.0;1.0;;1.0;0.0;;REF683
REC7078;SP911;SVN.1_1;RLM11;0.0;0.0;1.0;;1.0;0.0;;REF683
REC7079;SP911;ESP.1_1;RLM11;0.0;0.0;1.0;;1.0;0.0;;REF683
REC7080;SP911;GRC.1_1;RLM11;0.0;0.0;1.0;;1.0;0.0;1995.0;REF911
REC7081;SP911;HRV.1_1;RLM11;0.0;0.0;1.0;;0.0;1.0;2012.0;REF791
REC7082;SP911;CZE.1_1;RLM11;0.0;0.0;1.0;;0.0;1.0;2011.0;REF791
REC7083;SP911;FRA.1_1;RLM11;0.0;0.0;1.0;;1.0;0.0;2001.0;REF791
REC7084;SP911;DEU.1_1;RLM11;0.0;0.0;1.0;;0.0;1.0;2016.0;REF791
REC7085;SP911;SVN.1_1;RLM11;0.0;0.0;1.0;;1.0;0.0;2008.0;REF791
REC7086;SP911;CHE.1_1;RLM11;0.0;0.0;1.0;;1.0;0.0;2010.0;REF791
REC7087;SP911;GBR.1_1;RLM11;0.0;0.0;1.0;;0.0;1.0;2002.0;REF791
REC7088;SP911;AUT.1_1;RLM11;0.0;0.0;1.0;;1.0;0.0;;REF791
REC7089;SP911;BEL.1_1;RLM11;0.0;0.0;1.0;;0.0;1.0;2011.0;REF791
REC7090;SP911;CYP.1_1;RLM8;0.0;0.0;1.0;;1.0;0.0;2009.0;REF791
REC7091;SP911;DNK.1_1;RLM11;0.0;0.0;1.0;;0.0;0.0;2013.0;REF791
REC7092;SP911;GRC.1_1;RLM11;0.0;0.0;1.0;;1.0;0.0;2006.0;REF791
REC7093;SP911;ITA.1_1;RLM11;0.0;0.0;1.0;;1.0;0.0;2002.0;REF791
REC7094;SP911;PRT.1_1;RLM11;0.0;0.0;1.0;;0.0;0.0;2011.0;REF791
REC7095;SP911;ESP.1_1;RLM11;0.0;0.0;1.0;;1.0;0.0;2000.0;REF791
REC7096;SP911;ESP.1_1;RLM11;0.0;0.0;1.0;;1.0;0.0;;REF103
REC7097;SP911;FRA.1_1;RLM11;0.0;0.0;1.0;;1.0;0.0;;REF103
REC7098;SP911;ITA.1_1;RLM11;0.0;0.0;1.0;;1.0;0.0;;REF103
REC7099;SP911;ALB.1_1;RLM11;0.0;0.0;1.0;;1.0;0.0;;REF103
REC7100;SP911;HRV.1_1;RLM11;0.0;0.0;1.0;;1.0;0.0;;REF103
REC7101;SP911;GEO.1_1;RLM11;0.0;0.0;1.0;;1.0;0.0;;REF778
REC7102;SP911;ALB.1_1;RLM11;0.0;0.0;1.0;;1.0;0.0;;REF778
REC7103;SP911;UKR.1_1;RLM11;0.0;0.0;1.0;;1.0;0.0;;REF778
REC7104;SP911;RUS.1_2;RLM11;0.0;0.0;1.0;;1.0;0.0;;REF778
REC7105;SP911;PRT.1_1;RLM11;0.0;0.0;1.0;;1.0;0.0;1992.0;REF16
REC7106;SP911;ESP.1_1;RLM11;0.0;0.0;1.0;;1.0;0.0;1992.0;REF16
REC7107;SP911;HUN.1_1;RLM11;0.0;0.0;1.0;;1.0;0.0;2023.0;REF964
REC7108;SP911;CYP.1_1;RLM8;0.0;0.0;1.0;;1.0;0.0;2009.0;REF261
REC7109;SP912;CHN.1_1;RLM10;;;;;1.0;0.0;;REF152
REC7110;SP912;USA.1_1;RLM9;;;;;1.0;0.0;;REF152
REC7111;SP912;USA.1_1;RLM9;;;;;1.0;0.0;;REF152
REC7112;SP912;USA.1_1;RLM9;;;;;1.0;0.0;;REF152
REC7113;SP912;USA.1_1;RLM9;;;;;1.0;0.0;;REF152
REC7114;SP912;USA.2_1;RLM9;;;;;1.0;0.0;;REF152
REC7115;SP912;CHN.1_1;RLM10;;;;;1.0;0.0;;REF152
REC7116;SP912;CHN.1_1;RLM10;;;;;1.0;0.0;;REF152
REC7117;SP912;CHN.1_1;RLM10;;;;;1.0;0.0;;REF152
REC7118;SP912;CHN.1_1;RLM10;;;;;1.0;0.0;;REF152
REC7119;SP912;CHN.1_1;RLM10;;;;;1.0;0.0;;REF152
REC7120;SP912;CHN.1_1;RLM10;;;;;1.0;0.0;;REF152
REC7121;SP912;USA.1_1;RLM9;;;;;1.0;0.0;;REF152
REC7122;SP912;USA.1_1;RLM9;;;;;1.0;0.0;;REF152
REC7123;SP912;USA.1_1;RLM9;;;;;1.0;0.0;;REF152
REC7124;SP912;USA.1_1;RLM9;;;;;1.0;0.0;;REF152
REC7125;SP912;AUS.1_1;RLM2;;;;;1.0;0.0;;REF152
REC7126;SP912;USA.1_1;RLM9;;;;;1.0;0.0;;REF152
REC7127;SP912;AUS.1_1;RLM2;;;;;1.0;0.0;;REF152
REC7128;SP912;CHN.1_1;RLM10;;;;;1.0;0.0;;REF152
REC7129;SP912;CHN.1_1;RLM10;;;;;1.0;0.0;;REF152
REC7130;SP912;USA.1_1;RLM9;;;;;1.0;0.0;;REF152
REC7131;SP912;AUS.1_1;RLM2;;;;;1.0;0.0;;REF152
REC7132;SP912;CHN.1_1;RLM6;;;;;1.0;0.0;;REF152
REC7133;SP912;CHN.1_1;RLM10;;;;;1.0;0.0;;REF152
REC7134;SP912;CHN.1_1;RLM10;;;;;1.0;0.0;;REF330
REC7135;SP912;USA.1_1;RLM9;;;;;0.0;1.0;;REF330
REC7136;SP912;USA.1_1;RLM9;0.0;0.0;1.0;;0.0;1.0;2018.0;REF986
REC7137;SP912;USA.1_1;RLM9;;;;;0.0;1.0;;REF330
REC7138;SP912;USA.1_1;RLM9;;;;;0.0;1.0;;REF330
REC7139;SP912;USA.1_1;RLM9;0.0;0.0;1.0;;0.0;1.0;2018.0;REF986
REC7140;SP912;GRC.2_1;RLM11;0.0;0.0;1.0;;1.0;0.0;;REF683
REC7141;SP912;USA.1_1;RLM9;;;;;0.0;1.0;;REF330
REC7142;SP912;USA.1_1;RLM9;;;;;1.0;0.0;;REF152
REC7143;SP912;USA.2_1;RLM9;;;1.0;;1.0;0.0;;REF697
REC7144;SP912;USA.2_1;RLM9;;;1.0;;1.0;0.0;1907.0;REF1096
REC7145;SP912;USA.2_1;RLM9;;;;;1.0;0.0;;REF330
REC7146;SP912;USA.2_1;RLM9;0.0;0.0;1.0;;1.0;0.0;;REF1007
REC7147;SP912;USA.2_1;RLM9;0.0;0.0;;;1.0;0.0;;REF1195
REC7148;SP912;CHN.1_1;RLM10;;;;;1.0;0.0;;REF330
REC7149;SP912;CHN.1_1;RLM10;;;;;1.0;0.0;;REF330
REC7150;SP912;CHN.1_1;RLM10;;;;;1.0;0.0;;REF330
REC7151;SP912;CHN.1_1;RLM10;;;;;1.0;0.0;;REF330
REC7152;SP912;CHN.1_1;RLM10;;;;;1.0;0.0;;REF330
REC7153;SP912;CHN.1_1;RLM10;;;;;1.0;0.0;;REF330
REC7154;SP912;JPN.1_1;RLM6;;;1.0;;1.0;0.0;;REF697
REC7155;SP912;USA.1_1;RLM9;;;;;0.0;1.0;;REF330
REC7156;SP912;USA.1_1;RLM9;0.0;0.0;1.0;;0.0;1.0;2018.0;REF986
REC7157;SP912;AUS.1_1;RLM2;;;;;1.0;0.0;;REF330
REC7158;SP912;JPN.1_1;RLM6;;;1.0;;1.0;0.0;;REF1096
REC7159;SP912;JPN.1_1;RLM6;0.0;0.0;;;1.0;0.0;;REF1195
REC7160;SP912;USA.1_1;RLM9;;;;;0.0;1.0;;REF330
REC7161;SP912;CHN.1_1;RLM10;;;;;1.0;0.0;;REF330
REC7162;SP912;ITA.2_1;RLM11;;;;;1.0;0.0;;REF330
REC7163;SP912;ITA.2_1;RLM11;;;1.0;;1.0;0.0;1935.0;REF152
REC7164;SP912;ITA.2_1;RLM11;0.0;0.0;1.0;;1.0;0.0;;REF683
REC7165;SP912;USA.1_1;RLM9;;;;;0.0;1.0;;REF330
REC7166;SP912;USA.1_1;RLM9;0.0;0.0;1.0;;0.0;1.0;2018.0;REF986
REC7167;SP912;AUS.1_1;RLM2;;;;;1.0;0.0;;REF330
REC7168;SP912;CHN.1_1;RLM6;;;;;1.0;0.0;;REF330
REC7169;SP912;CHN.1_1;RLM10;;;;;1.0;0.0;;REF330
REC7170;SP912;AUS.1_1;RLM2;;;1.0;;1.0;0.0;;REF697
REC7171;SP912;JPN.1_1;RLM10;;;1.0;;1.0;0.0;;REF697
REC7172;SP912;ZAF.1_1;RLM3;;;1.0;;1.0;0.0;;REF697
REC7173;SP912;JPN.1_1;RLM10;;;1.0;;1.0;0.0;;REF1096
REC7174;SP912;ZAF.1_1;RLM3;;0.0;1.0;;1.0;0.0;;REF1096
REC7175;SP912;BGR.1_1;RLM11;;;1.0;;1.0;0.0;;REF542
REC7176;SP912;CHN.1_1;RLM11;;;1.0;;1.0;0.0;;REF542
REC7177;SP912;DMA.1_1;RLM7;;;1.0;;1.0;0.0;;REF542
REC7178;SP912;DNK.1_1;RLM11;;;1.0;;1.0;0.0;;REF542
REC7179;SP912;PER.1_1;RLM1;;;1.0;;1.0;0.0;;REF542
REC7180;SP912;KEN.1_1;RLM3;;;;;1.0;0.0;;REF330
REC7181;SP912;DMA.1_1;RLM7;;;;;1.0;0.0;;REF330
REC7182;SP912;MEX.1_1;RLM9;;;;;1.0;0.0;;REF330
REC7183;SP912;PER.1_1;RLM1;;;;;1.0;0.0;;REF330
REC7184;SP912;USA.1_1;RLM9;;;;;0.0;1.0;;REF330
REC7185;SP912;CHN.1_1;RLM11;;;;;1.0;0.0;;REF330
REC7186;SP912;ISR.1_1;RLM8;;;;;1.0;0.0;;REF330
REC7187;SP912;JPN.1_1;RLM10;;;;;1.0;0.0;;REF330
REC7188;SP912;BGR.1_1;RLM11;;;;;0.0;0.0;;REF330
REC7189;SP912;CYP.1_1;RLM8;;;;;1.0;0.0;;REF330
REC7190;SP912;DNK.1_1;RLM11;;;;;1.0;0.0;;REF330
REC7191;SP912;GRC.1_1;RLM11;;;;;1.0;0.0;;REF330
REC7192;SP912;ITA.1_1;RLM11;;;;;1.0;0.0;;REF330
REC7193;SP912;ESP.1_1;RLM11;;;;;1.0;0.0;;REF330
REC7194;SP912;AUS.1_1;RLM2;;;;;1.0;0.0;;REF330
REC7195;SP912;ITA.2_1;RLM11;;;1.0;;1.0;0.0;1935.0;REF957
REC7196;SP912;BGR.1_1;RLM11;;;1.0;;1.0;0.0;;REF957
REC7197;SP912;GRC.1_1;RLM11;;;1.0;;1.0;0.0;;REF957
REC7198;SP912;ESP.1_1;RLM11;;;1.0;;1.0;0.0;;REF957
REC7199;SP912;ISR.1_1;RLM8;;;1.0;;1.0;0.0;;REF957
REC7200;SP912;ALB.1_1;RLM11;;;1.0;;1.0;0.0;;REF957
REC7201;SP912;GRC.2_1;RLM11;;;1.0;;1.0;0.0;;REF957
REC7202;SP912;ITA.1_1;RLM11;;;1.0;;1.0;0.0;1935.0;REF957
REC7203;SP912;KEN.1_1;RLM3;;;;;1.0;0.0;;REF152
REC7204;SP912;CHN.1_1;RLM11;;;;;1.0;0.0;;REF152
REC7205;SP912;ISR.1_1;RLM8;;;;;1.0;0.0;;REF152
REC7206;SP912;JPN.1_1;RLM10;;;;;1.0;0.0;;REF152
REC7207;SP912;ALB.1_1;RLM11;;;;;1.0;0.0;;REF152
REC7208;SP912;BGR.1_1;RLM11;;;;;1.0;0.0;;REF152
REC7209;SP912;CYP.1_1;RLM8;;;;;1.0;0.0;;REF152
REC7210;SP912;DNK.1_1;RLM11;;;1.0;;1.0;0.0;;REF152
REC7211;SP912;GRC.1_1;RLM11;;;;;1.0;0.0;;REF152
REC7212;SP912;ITA.1_1;RLM11;;;1.0;;1.0;0.0;1935.0;REF152
REC7213;SP912;ESP.1_1;RLM11;;;;;1.0;0.0;;REF152
REC7214;SP912;DMA.1_1;RLM7;;;;;1.0;0.0;;REF152
REC7215;SP912;MEX.1_1;RLM9;;;;;1.0;0.0;;REF152
REC7216;SP912;USA.1_1;RLM9;;;;;1.0;0.0;;REF152
REC7217;SP912;AUS.1_1;RLM2;;;;;1.0;0.0;;REF152
REC7218;SP912;PER.1_1;RLM1;;;1.0;;1.0;0.0;1983.0;REF152
REC7219;SP912;USA.1_1;RLM9;0.0;0.0;1.0;;1.0;0.0;1916.0;REF1007
REC7220;SP912;USA.1_1;RLM9;0.0;0.0;;;1.0;0.0;;REF1195
REC7221;SP912;JPN.1_1;RLM10;0.0;0.0;;;1.0;0.0;;REF1195
REC7222;SP912;ALB.1_1;RLM11;0.0;0.0;1.0;;1.0;0.0;;REF683
REC7223;SP912;BGR.1_1;RLM11;0.0;0.0;1.0;;1.0;0.0;;REF683
REC7224;SP912;GRC.1_1;RLM11;0.0;0.0;1.0;;1.0;0.0;;REF683
REC7225;SP912;ISR.1_1;RLM8;0.0;0.0;1.0;;1.0;0.0;;REF683
REC7226;SP912;ITA.1_1;RLM11;0.0;0.0;1.0;;1.0;0.0;;REF683
REC7227;SP912;ESP.1_1;RLM11;0.0;0.0;1.0;;1.0;0.0;;REF683
REC7228;SP912;GRC.1_1;RLM11;0.0;0.0;1.0;;1.0;0.0;1935.0;REF911
REC7229;SP912;MEX.1_1;RLM9;0.0;0.0;1.0;;1.0;0.0;1911.0;REF647
REC7230;SP912;BGR.1_1;RLM11;0.0;0.0;1.0;;;0.0;1990.0;REF1073
REC7231;SP912;CYP.1_1;RLM8;0.0;0.0;1.0;;1.0;0.0;1937.0;REF261
REC7232;SP912;KEN.1_1;RLM3;0.0;0.0;1.0;;1.0;0.0;;REF596
REC7233;SP912;PER.1_1;RLM1;0.0;0.0;1.0;;1.0;0.0;;REF759
REC7234;SP912;MEX.1_1;RLM9;0.0;0.0;1.0;0.0;;;1911.0;REF1002
REC7235;SP912;USA.1_1;RLM9;0.0;0.0;1.0;1.0;1.0;0.0;1917.0;REF1002
REC7236;SP913;USA.2_1;RLM9;;;1.0;;1.0;0.0;;REF697
REC7237;SP913;USA.2_1;RLM9;;;1.0;;1.0;0.0;1952.0;REF1096
REC7238;SP913;USA.2_1;RLM9;;0.0;1.0;;1.0;0.0;;REF1007
REC7239;SP913;USA.2_1;RLM9;0.0;0.0;;;1.0;0.0;;REF1195
REC7240;SP913;AUS.1_1;RLM2;;;1.0;;1.0;0.0;;REF697
REC7241;SP914;CAN.1_1;RLM9;0.0;1.0;1.0;0.0;0.0;;;REF1002
REC7242;SP914;CAN.1_1;RLM9;0.0;1.0;1.0;;0.0;0.0;;REF394
REC7243;SP914;USA.1_1;RLM9;0.0;1.0;1.0;;0.0;0.0;;REF394
REC7244;SP914;USA.1_1;RLM9;0.0;1.0;1.0;;0.0;0.0;;REF394
REC7245;SP914;USA.1_1;RLM9;0.0;1.0;1.0;;0.0;0.0;;REF394
REC7246;SP914;USA.1_1;RLM9;0.0;1.0;1.0;;0.0;0.0;1984.0;REF1007
REC7247;SP914;USA.1_1;RLM9;0.0;1.0;1.0;0.0;0.0;;;REF1002
REC7248;SP915;USA.2_1;RLM9;;;1.0;;1.0;0.0;;REF697
REC7249;SP915;USA.2_1;RLM9;;1.0;1.0;;1.0;0.0;1996.0;REF1096
REC7250;SP915;USA.2_1;RLM9;0.0;1.0;1.0;;1.0;0.0;1996.0;REF1007
REC7251;SP915;USA.2_1;RLM9;0.0;1.0;1.0;0.0;0.0;1.0;1996.0;REF29
REC7252;SP915;NZL.1_1;RLM2;;;1.0;;1.0;0.0;;REF697
REC7253;SP915;NZL.1_1;RLM2;0.0;1.0;1.0;0.0;1.0;0.0;1998.0;REF1096
REC7254;SP915;USA.2_1;RLM9;0.0;1.0;;;0.0;;;REF47
REC7255;SP916;USA.2_1;RLM9;;;1.0;;1.0;0.0;;REF697
REC7256;SP916;USA.2_1;RLM9;;;1.0;;1.0;0.0;1968.0;REF1096
REC7257;SP916;USA.2_1;RLM9;;0.0;1.0;;1.0;0.0;1968.0;REF1007
REC7258;SP916;USA.2_1;RLM9;0.0;0.0;;;1.0;0.0;;REF1195
REC7259;SP916;USA.1_1;RLM9;;0.0;1.0;;1.0;0.0;;REF1007
REC7260;SP916;USA.1_1;RLM9;0.0;0.0;;;1.0;0.0;;REF1195
REC7261;SP916;PLW.1_1;RLM5;0.0;0.0;1.0;;1.0;0.0;;REF1000
REC7262;SP916;USA.2_1;RLM9;0.0;;1.0;;1.0;0.0;;REF48
REC7263;SP917;GBR.1_1;RLM11;0.0;0.0;1.0;;1.0;0.0;;REF683
REC7264;SP918;GBR.1_1;RLM11;;;1.0;;1.0;0.0;2007.0;REF1096
REC7265;SP919;USA.2_1;RLM9;;;1.0;;1.0;0.0;;REF697
REC7266;SP919;USA.2_1;RLM9;;1.0;1.0;;1.0;0.0;;REF1096
REC7267;SP919;USA.2_1;RLM9;0.0;1.0;1.0;;1.0;0.0;;REF1007
REC7268;SP919;USA.2_1;RLM9;0.0;1.0;;;1.0;0.0;;REF1195
REC7269;SP919;USA.2_1;RLM9;0.0;1.0;;;0.0;;;REF47
REC7270;SP920;USA.2_1;RLM9;;1.0;1.0;;1.0;0.0;1963.0;REF1096
REC7271;SP920;USA.2_1;RLM9;0.0;1.0;1.0;;1.0;0.0;1963.0;REF1007
REC7272;SP921;DEU.1_1;RLM11;;;1.0;;1.0;0.0;1952.0;REF152
REC7273;SP921;DEU.1_1;RLM11;0.0;0.0;1.0;;1.0;0.0;;REF683
REC7274;SP922;USA.2_1;RLM9;;;1.0;;1.0;0.0;;REF697
REC7275;SP922;USA.2_1;RLM9;;;1.0;;1.0;0.0;1971.0;REF1096
REC7276;SP922;USA.2_1;RLM9;;0.0;1.0;;1.0;0.0;1971.0;REF1007
REC7277;SP922;USA.2_1;RLM9;0.0;0.0;;;1.0;0.0;;REF1195
REC7278;SP922;JPN.1_1;RLM6;;;1.0;;1.0;0.0;;REF697
REC7279;SP922;JPN.1_1;RLM6;;;1.0;;1.0;0.0;1986.0;REF1096
REC7280;SP922;JPN.1_1;RLM6;0.0;0.0;;;1.0;0.0;;REF1195
REC7281;SP922;JPN.1_1;RLM10;;;1.0;;1.0;0.0;;REF542
REC7282;SP922;JPN.1_1;RLM10;0.0;0.0;1.0;;1.0;0.0;;REF812
REC7283;SP922;JPN.1_1;RLM10;;0.0;;;1.0;0.0;1986.0;REF779
REC7284;SP922;USA.2_1;RLM9;0.0;0.0;;;0.0;;;REF47
REC7285;SP922;USA.2_1;RLM9;0.0;0.0;;;0.0;;;REF47
REC7286;SP923;USA.1_2;RLM9;0.0;0.0;;;1.0;0.0;;REF1002
REC7287;SP923;CAN.1_1;RLM9;0.0;0.0;;;1.0;0.0;;REF1002
REC7288;SP923;USA.2_1;RLM9;;;1.0;;1.0;0.0;;REF697
REC7289;SP923;USA.2_1;RLM9;;;1.0;;1.0;0.0;;REF1096
REC7290;SP923;USA.2_1;RLM9;;0.0;1.0;;1.0;0.0;;REF1007
REC7291;SP923;JPN.1_1;RLM6;;;1.0;;1.0;0.0;;REF697
REC7292;SP923;JPN.1_1;RLM6;;;1.0;;1.0;0.0;;REF1096
REC7293;SP923;JPN.1_1;RLM6;0.0;0.0;;;1.0;0.0;;REF1195
REC7294;SP923;JPN.1_1;RLM10;;;1.0;;1.0;0.0;;REF697
REC7295;SP923;KOR.1_1;RLM11;;;1.0;;1.0;0.0;;REF697
REC7296;SP923;JPN.1_1;RLM10;;;1.0;;1.0;0.0;1976.0;REF1096
REC7297;SP923;KOR.1_1;RLM11;;;1.0;;1.0;0.0;1997.0;REF1096
REC7298;SP923;JPN.1_1;RLM10;;;1.0;;1.0;0.0;;REF542
REC7299;SP923;USA.1_1;RLM9;;0.0;1.0;;1.0;0.0;1900.0;REF1007
REC7300;SP923;USA.1_1;RLM9;0.0;0.0;;;1.0;0.0;;REF1195
REC7301;SP923;JPN.1_1;RLM10;0.0;0.0;;;1.0;0.0;;REF1195
REC7302;SP923;JPN.1_1;RLM10;0.0;0.0;1.0;;1.0;0.0;;REF812
REC7303;SP923;USA.2_1;RLM9;;;;;0.0;1.0;;REF47
REC7304;SP923;USA.1_1;RLM9;0.0;0.0;;;1.0;0.0;;REF1002
REC7305;SP924;BRA.1_1;RLM1;;;;;1.0;0.0;;REF330
REC7306;SP924;BRA.1_1;RLM1;;;;;1.0;0.0;;REF330
REC7307;SP924;BRA.1_1;RLM1;;;;;1.0;0.0;;REF330
REC7308;SP924;BRA.1_1;RLM1;;;;;1.0;0.0;;REF330
REC7309;SP924;BRA.1_1;RLM1;;;;;1.0;0.0;;REF330
REC7310;SP924;BRA.1_1;RLM1;;;;;1.0;0.0;;REF330
REC7311;SP924;BRA.1_1;RLM1;;;;;1.0;0.0;;REF330
REC7312;SP924;BRA.1_1;RLM1;;;;;1.0;0.0;;REF330
REC7313;SP924;BRA.1_1;RLM1;;;;;1.0;0.0;;REF330
REC7314;SP924;BRA.1_1;RLM1;;;;;1.0;0.0;;REF330
REC7315;SP924;CRI.1_1;RLM7;;;1.0;;1.0;0.0;;REF542
REC7316;SP924;ATG.1_1;RLM7;;;;;1.0;0.0;;REF330
REC7317;SP924;BOL.1_1;RLM1;;;;;1.0;0.0;;REF330
REC7318;SP924;BRA.1_1;RLM1;;;;;1.0;0.0;;REF330
REC7319;SP924;COL.1_1;RLM1;;;;;1.0;0.0;;REF330
REC7320;SP924;CRI.1_1;RLM7;;;;;1.0;0.0;;REF330
REC7321;SP924;CUB.1_1;RLM7;;;;;1.0;0.0;;REF330
REC7322;SP924;DMA.1_1;RLM7;;;;;1.0;0.0;;REF330
REC7323;SP924;DOM.1_1;RLM7;;;;;1.0;0.0;;REF330
REC7324;SP924;ECU.1_1;RLM1;;;;;1.0;0.0;;REF330
REC7325;SP924;SLV.1_1;RLM7;;;;;1.0;0.0;;REF330
REC7326;SP924;FRA.8_1;RLM1;;;;;1.0;0.0;;REF330
REC7327;SP924;GRD.1_1;RLM1;;;;;1.0;0.0;;REF330
REC7328;SP924;FRA.5_1;RLM7;;;;;1.0;0.0;;REF330
REC7329;SP924;GTM.1_1;RLM7;;;;;1.0;0.0;;REF330
REC7330;SP924;GUY.1_1;RLM1;;;;;1.0;0.0;;REF330
REC7331;SP924;HND.1_1;RLM7;;;;;1.0;0.0;;REF330
REC7332;SP924;JAM.1_1;RLM7;;;;;1.0;0.0;;REF330
REC7333;SP924;FRA.5_1;RLM7;;;;;1.0;0.0;;REF330
REC7334;SP924;MEX.1_1;RLM9;;;;;1.0;0.0;;REF330
REC7335;SP924;GBR.6_1;RLM7;;;;;1.0;0.0;;REF330
REC7336;SP924;NIC.1_1;RLM7;;;;;1.0;0.0;;REF330
REC7337;SP924;PER.1_1;RLM1;;;;;1.0;0.0;;REF330
REC7338;SP924;USA.3_1;RLM7;;;;;1.0;0.0;;REF330
REC7339;SP924;LCA.1_1;RLM1;;;;;1.0;0.0;;REF330
REC7340;SP924;VCT.1_1;RLM1;;;;;1.0;0.0;;REF330
REC7341;SP924;SUR.1_1;RLM1;;;;;1.0;0.0;;REF330
REC7342;SP924;TTO.1_1;RLM1;;;;;1.0;0.0;;REF330
REC7343;SP924;USA.1_1;RLM9;;;;;0.0;0.0;;REF330
REC7344;SP924;VEN.1_1;RLM1;;;;;1.0;0.0;;REF330
REC7345;SP925;USA.2_1;RLM9;;;1.0;;1.0;0.0;1956.0;REF1096
REC7346;SP925;USA.2_1;RLM9;;0.0;1.0;;1.0;0.0;1956.0;REF1007
REC7347;SP926;CAN.1_1;RLM9;0.0;0.0;1.0;0.0;1.0;0.0;;REF1002
REC7348;SP926;USA.1_1;RLM9;;0.0;1.0;;1.0;0.0;;REF1007
REC7349;SP926;USA.1_1;RLM9;0.0;0.0;;;1.0;0.0;;REF1195
REC7350;SP926;CAN.1_1;RLM9;0.0;0.0;1.0;;1.0;0.0;1970.0;REF574
REC7351;SP926;USA.1_1;RLM9;0.0;0.0;1.0;;1.0;0.0;;REF1002
REC7352;SP927;USA.2_1;RLM9;;;1.0;;1.0;0.0;;REF697
REC7353;SP927;USA.2_1;RLM9;1.0;0.0;;;1.0;0.0;;REF1195
REC7354;SP928;AUS.1_1;RLM2;;;1.0;;1.0;0.0;;REF697
REC7355;SP929;CAN.1_1;RLM9;0.0;0.0;1.0;0.0;1.0;0.0;1954.0;REF1002
REC7356;SP929;USA.1_1;RLM9;;0.0;1.0;;1.0;0.0;1958.0;REF1007
REC7357;SP929;USA.1_1;RLM9;0.0;0.0;;;1.0;0.0;;REF1195
REC7358;SP929;CAN.1_1;RLM9;0.0;0.0;1.0;;1.0;0.0;1954.0;REF784
REC7359;SP929;USA.1_1;RLM9;0.0;0.0;1.0;;1.0;0.0;;REF1002
REC7360;SP930;USA.2_1;RLM9;;;1.0;;1.0;0.0;;REF697
REC7361;SP930;USA.2_1;RLM9;1.0;;1.0;;1.0;0.0;1959.0;REF1096
REC7362;SP930;USA.2_1;RLM9;1.0;0.0;;;1.0;0.0;1959.0;REF1007
REC7363;SP930;USA.2_1;RLM9;1.0;0.0;;;1.0;0.0;;REF1195
REC7364;SP931;NZL.1_1;RLM2;;;1.0;;1.0;0.0;;REF697
REC7365;SP931;NZL.1_1;RLM2;;;1.0;;1.0;0.0;1942.0;REF1096
REC7366;SP932;ECU.2_1;RLM1;;;1.0;;1.0;0.0;;REF697
REC7367;SP932;ECU.2_1;RLM1;;;1.0;;1.0;0.0;;REF1096
REC7368;SP932;USA.2_1;RLM9;;;1.0;;1.0;0.0;;REF697
REC7369;SP932;USA.2_1;RLM9;;;1.0;;1.0;0.0;1916.0;REF1096
REC7370;SP932;USA.2_1;RLM9;;0.0;1.0;;1.0;0.0;;REF1007
REC7371;SP932;USA.2_1;RLM9;0.0;0.0;;;1.0;0.0;;REF1195
REC7372;SP932;USA.2_1;RLM9;0.0;;1.0;;1.0;0.0;;REF50
REC7373;SP932;USA.1_1;RLM9;0.0;0.0;;;1.0;0.0;;REF1002
REC7374;SP933;USA.1_1;RLM9;0.0;0.0;1.0;;1.0;0.0;;REF1002
REC7375;SP934;NZL.1_1;RLM2;;;1.0;;1.0;0.0;;REF697
REC7376;SP934;NZL.1_1;RLM2;;;1.0;;1.0;0.0;2010.0;REF1096
REC7377;SP935;DNK.1_1;RLM11;;;1.0;;1.0;0.0;;REF542
REC7378;SP935;SWE.1_1;RLM11;0.0;0.0;1.0;0.0;;;1995.0;REF436
REC7379;SP936;USA.2_1;RLM9;;;1.0;;1.0;0.0;;REF697
REC7380;SP936;USA.2_1;RLM9;;;1.0;;1.0;0.0;2004.0;REF1096
REC7381;SP936;USA.2_1;RLM9;;0.0;1.0;;1.0;0.0;2004.0;REF1007
REC7382;SP936;USA.2_1;RLM9;;;1.0;;1.0;;2004.0;REF959
REC7383;SP936;USA.2_1;RLM9;0.0;0.0;;;1.0;;;REF47
REC7384;SP937;USA.1_1;RLM9;0.0;0.0;;1.0;;0.0;1973.0;REF358
REC7385;SP937;USA.1_1;RLM9;0.0;0.0;;;1.0;0.0;;REF1195
REC7386;SP938;NZL.1_1;RLM2;;;1.0;;1.0;0.0;;REF697
REC7387;SP939;AUT.1_1;RLM11;;;1.0;;1.0;0.0;;REF542
REC7388;SP939;SVN.1_1;RLM11;;;1.0;;1.0;0.0;;REF542
REC7389;SP939;AUT.1_1;RLM11;;;;;1.0;0.0;;REF152
REC7390;SP940;IND.1_1;RLM6;;;;;1.0;0.0;;REF152
REC7391;SP940;PRT.2_1;RLM11;;;1.0;;1.0;0.0;;REF152
REC7392;SP940;BRA.1_1;RLM1;;;;;1.0;0.0;;REF152
REC7393;SP940;BRA.1_1;RLM1;;;;;1.0;0.0;;REF152
REC7394;SP940;IND.1_1;RLM6;;;1.0;;1.0;0.0;;REF152
REC7395;SP940;IND.1_1;RLM6;;;;;1.0;0.0;;REF152
REC7396;SP940;BRA.1_1;RLM1;;;;;1.0;0.0;;REF152
REC7397;SP940;CHL.1_1;RLM5;;;;;1.0;0.0;;REF152
REC7398;SP940;RUS.1_2;RLM11;;;;;1.0;0.0;;REF152
REC7399;SP940;GBR.1_1;RLM11;;;;;1.0;0.0;;REF152
REC7400;SP940;BRA.1_1;RLM1;;;;;1.0;0.0;;REF152
REC7401;SP940;BRA.1_1;RLM1;;;;;1.0;0.0;;REF152
REC7402;SP940;IND.1_1;RLM6;;;;;1.0;0.0;;REF152
REC7403;SP940;IND.1_1;RLM6;;;;;1.0;0.0;;REF152
REC7404;SP940;IND.1_1;RLM6;;;;;1.0;0.0;;REF152
REC7405;SP940;IND.1_1;RLM6;;;1.0;;1.0;0.0;2014.0;REF152
REC7406;SP940;IND.1_1;RLM6;;;;;1.0;0.0;;REF152
REC7407;SP940;IND.1_1;RLM6;;;1.0;;1.0;0.0;2017.0;REF152
REC7408;SP940;IND.1_1;RLM6;;;1.0;;1.0;0.0;2014.0;REF152
REC7409;SP940;BRA.1_1;RLM1;;;;;1.0;0.0;;REF152
REC7410;SP940;IND.1_1;RLM6;;;1.0;;1.0;0.0;;REF152
REC7411;SP940;BRA.1_1;RLM1;;;;;1.0;0.0;;REF152
REC7412;SP940;BRA.1_1;RLM1;;;;;1.0;0.0;;REF152
REC7413;SP940;BRA.1_1;RLM1;;;;;1.0;0.0;;REF152
REC7414;SP940;IND.1_1;RLM6;;;1.0;;1.0;0.0;;REF152
REC7415;SP940;IND.1_1;RLM6;;;;;1.0;0.0;;REF152
REC7416;SP940;BRA.1_1;RLM1;;;;;1.0;0.0;;REF152
REC7417;SP940;BRA.1_1;RLM1;;;;;1.0;0.0;;REF152
REC7418;SP940;BRA.1_1;RLM1;;;;;1.0;0.0;;REF152
REC7419;SP940;BRA.1_1;RLM1;;;;;1.0;0.0;;REF152
REC7420;SP940;RUS.1_1;RLM11;;;1.0;;1.0;0.0;;REF152
REC7421;SP940;IND.1_1;RLM6;;;1.0;;1.0;0.0;;REF152
REC7422;SP940;IND.1_1;RLM6;;;;;1.0;0.0;;REF152
REC7423;SP940;IND.1_1;RLM6;;;;;1.0;0.0;;REF152
REC7424;SP940;IND.1_1;RLM10;;;1.0;;1.0;0.0;;REF152
REC7425;SP940;CHN.1_1;RLM11;;;;;1.0;0.0;;REF152
REC7426;SP940;ESP.3_1;RLM11;;;;;1.0;0.0;;REF152
REC7427;SP940;ESP.2_1;RLM11;;;1.0;;1.0;0.0;2008.0;REF152
REC7428;SP940;GBR.1_1;RLM11;;;1.0;;1.0;0.0;;REF152
REC7429;SP940;FRA.2_1;RLM11;;;;;1.0;0.0;;REF152
REC7430;SP940;GRC.2_1;RLM11;;;1.0;;1.0;0.0;;REF152
REC7431;SP940;GBR.1_1;RLM11;;;;;1.0;0.0;;REF152
REC7432;SP940;ITA.2_1;RLM11;;;1.0;;1.0;0.0;;REF152
REC7433;SP940;ITA.2_1;RLM11;;;1.0;;1.0;0.0;2008.0;REF152
REC7434;SP940;DZA.1_1;RLM8;;;1.0;;1.0;0.0;2008.0;REF152
REC7435;SP940;AGO.1_1;RLM3;;;1.0;;1.0;0.0;;REF152
REC7436;SP940;BEN.1_1;RLM3;;;1.0;;1.0;0.0;2017.0;REF152
REC7437;SP940;BWA.1_1;RLM3;;;;;1.0;0.0;;REF152
REC7438;SP940;BFA.1_1;RLM3;;;1.0;;1.0;0.0;2016.0;REF152
REC7439;SP940;BDI.1_1;RLM3;;;1.0;;1.0;0.0;;REF152
REC7440;SP940;CMR.1_1;RLM3;;;1.0;;1.0;0.0;;REF152
REC7441;SP940;CIV.1_1;RLM3;;;;;1.0;0.0;;REF152
REC7442;SP940;EGY.1_1;RLM8;;;1.0;;1.0;0.0;2009.0;REF152
REC7443;SP940;ETH.1_1;RLM3;;;;;1.0;0.0;;REF152
REC7444;SP940;GHA1_1;RLM3;;;1.0;;1.0;0.0;;REF152
REC7445;SP940;KEN.1_1;RLM3;;;;;1.0;0.0;;REF152
REC7446;SP940;LSO.1_1;RLM3;;;1.0;;1.0;0.0;2018.0;REF152
REC7447;SP940;LBY.1_1;RLM8;;;1.0;;1.0;0.0;2009.0;REF152
REC7448;SP940;MWI.1_1;RLM3;;;1.0;;1.0;0.0;;REF152
REC7449;SP940;MAR.1_1;RLM8;;;1.0;;1.0;0.0;2008.0;REF152
REC7450;SP940;MOZ.1_1;RLM3;;;1.0;;1.0;0.0;2017.0;REF152
REC7451;SP940;NER.1_1;RLM3;;;;;1.0;0.0;;REF152
REC7452;SP940;NGA.1_1;RLM3;;;;;1.0;0.0;;REF152
REC7453;SP940;RWA.1_1;RLM3;;;1.0;;1.0;0.0;2015.0;REF152
REC7454;SP940;SEN.1_1;RLM3;;;1.0;;1.0;0.0;2013.0;REF152
REC7455;SP940;SYC.1_1;RLM5;;;1.0;;1.0;0.0;;REF152
REC7456;SP940;ZAF.1_1;RLM3;;;;;1.0;0.0;2016.0;REF152
REC7457;SP940;SDN.1_1;RLM3;;;1.0;;1.0;0.0;2010.0;REF152
REC7458;SP940;TZA.1_1;RLM3;;;1.0;;1.0;0.0;2014.0;REF152
REC7459;SP940;TGO.1_1;RLM3;;;1.0;;1.0;0.0;2018.0;REF152
REC7460;SP940;TUN.1_1;RLM8;;;1.0;;1.0;0.0;2008.0;REF152
REC7461;SP940;UGA.1_1;RLM3;;;;;1.0;0.0;;REF152
REC7462;SP940;ZMB.1_1;RLM3;;;;;1.0;0.0;;REF152
REC7463;SP940;ZWE.1_1;RLM3;;;;;1.0;0.0;;REF152
REC7464;SP940;AFG.1_1;RLM8;;;1.0;;1.0;0.0;;REF152
REC7465;SP940;BHR.1_1;RLM8;;;;;1.0;0.0;;REF152
REC7466;SP940;BGD.1_1;RLM6;;;1.0;;1.0;0.0;2016.0;REF152
REC7467;SP940;CHN.1_1;RLM11;;;1.0;;1.0;0.0;2017.0;REF152
REC7468;SP940;GEO.1_1;RLM11;;;;;1.0;0.0;;REF152
REC7469;SP940;IND.1_1;RLM6;;;1.0;;1.0;0.0;2014.0;REF152
REC7470;SP940;IRN.1_1;RLM8;;;1.0;;1.0;0.0;2010.0;REF152
REC7471;SP940;IRQ.1_1;RLM8;;;;;1.0;0.0;;REF152
REC7472;SP940;ISR.1_1;RLM8;;;1.0;;1.0;0.0;2009.0;REF152
REC7473;SP940;JOR.1_1;RLM8;;;1.0;;1.0;0.0;2009.0;REF152
REC7474;SP940;KWT.1_1;RLM8;;;;;1.0;0.0;;REF152
REC7475;SP940;KGZ.1_1;RLM11;;;;;1.0;0.0;;REF152
REC7476;SP940;LBN.1_1;RLM8;;;;;1.0;0.0;;REF152
REC7477;SP940;NPL.1_1;RLM10;;;;;1.0;0.0;;REF152
REC7478;SP940;PAK.1_1;RLM6;;;1.0;;1.0;0.0;2020.0;REF152
REC7479;SP940;QAT.1_1;RLM8;;;1.0;;1.0;0.0;2011.0;REF152
REC7480;SP940;SAU.1_1;RLM8;;;;;1.0;0.0;;REF152
REC7481;SP940;SYR.1_1;RLM8;;;1.0;;1.0;0.0;2010.0;REF152
REC7482;SP940;TJK.1_1;RLM11;;;;;1.0;0.0;;REF152
REC7483;SP940;TUR.1_1;RLM11;;;1.0;;1.0;0.0;2009.0;REF152
REC7484;SP940;TKM.1_1;RLM11;;;1.0;;1.0;0.0;2015.0;REF152
REC7485;SP940;ARE.1_1;RLM8;;;1.0;;1.0;0.0;2012.0;REF152
REC7486;SP940;UZB.1_1;RLM11;;;1.0;;1.0;0.0;2016.0;REF152
REC7487;SP940;YEM.1_1;RLM8;;;1.0;;1.0;0.0;2013.0;REF152
REC7488;SP940;ALB.1_1;RLM11;;;1.0;;1.0;0.0;2009.0;REF152
REC7489;SP940;AUT.1_1;RLM11;;;;;1.0;0.0;;REF152
REC7490;SP940;BEL.1_1;RLM11;;;1.0;;1.0;0.0;2009.0;REF152
REC7491;SP940;BIH.1_1;RLM11;;;;;1.0;0.0;;REF152
REC7492;SP940;BGR.1_1;RLM11;;;1.0;;1.0;0.0;2009.0;REF152
REC7493;SP940;HRV.1_1;RLM11;;;1.0;;1.0;0.0;2010.0;REF152
REC7494;SP940;CYP.1_1;RLM8;;;1.0;;1.0;0.0;2009.0;REF152
REC7495;SP940;CZE.1_1;RLM11;;;;;1.0;0.0;;REF152
REC7496;SP940;FRA.1_1;RLM11;;;1.0;;1.0;0.0;2009.0;REF152
REC7497;SP940;DEU.1_1;RLM11;;;;;1.0;0.0;;REF152
REC7498;SP940;GRC.1_1;RLM11;;;1.0;;1.0;0.0;2009.0;REF152
REC7499;SP940;HUN.1_1;RLM11;;;;;1.0;0.0;;REF152
REC7500;SP940;ITA.1_1;RLM11;;;1.0;;1.0;0.0;2008.0;REF152
REC7501;SP940;LTU.1_1;RLM11;;;1.0;;1.0;0.0;2009.0;REF152
REC7502;SP940;MLT.1_1;RLM8;;;;;1.0;0.0;;REF152
REC7503;SP940;MNE.1_1;RLM11;;;1.0;;1.0;0.0;2010.0;REF152
REC7504;SP940;NLD.1_1;RLM11;;;1.0;;1.0;0.0;2009.0;REF152
REC7505;SP940;NOR.1_1;RLM11;;;;;1.0;0.0;;REF152
REC7506;SP940;PRT.1_1;RLM11;;;;;1.0;0.0;;REF152
REC7507;SP940;ROU.1_1;RLM11;;;1.0;;1.0;0.0;2009.0;REF152
REC7508;SP940;RUS.1_2;RLM11;;;;;1.0;0.0;;REF152
REC7509;SP940;SRB.1_1;RLM11;;;1.0;;1.0;0.0;2011.0;REF152
REC7510;SP940;SVN.1_1;RLM11;;;1.0;;1.0;0.0;;REF152
REC7511;SP940;ESP.1_1;RLM11;;;1.0;;1.0;0.0;2006.0;REF152
REC7512;SP940;CHE.1_1;RLM11;;;;;1.0;0.0;;REF152
REC7513;SP940;UKR.1_1;RLM11;;;;;1.0;0.0;;REF152
REC7514;SP940;GBR.1_1;RLM11;;;1.0;;1.0;0.0;2009.0;REF152
REC7515;SP940;CRI.1_1;RLM7;;;1.0;;1.0;0.0;2014.0;REF152
REC7516;SP940;HTI.1_1;RLM7;;;1.0;;1.0;0.0;2018.0;REF152
REC7517;SP940;PAN.1_1;RLM7;;;;;1.0;0.0;;REF152
REC7518;SP940;ARG.1_1;RLM1;;;1.0;;1.0;0.0;1964.0;REF152
REC7519;SP940;BOL.1_1;RLM1;;;1.0;;1.0;0.0;1983.0;REF152
REC7520;SP940;BRA.1_1;RLM1;;;1.0;;1.0;0.0;1979.0;REF152
REC7521;SP940;CHL.1_1;RLM1;;;;;1.0;0.0;;REF152
REC7522;SP940;COL.1_1;RLM1;;;1.0;;1.0;0.0;1989.0;REF152
REC7523;SP940;ECU.1_1;RLM1;;;1.0;;1.0;0.0;1989.0;REF152
REC7524;SP940;PRY.1_1;RLM1;;;1.0;;1.0;0.0;1994.0;REF152
REC7525;SP940;URY.1_1;RLM1;;;1.0;;1.0;0.0;1995.0;REF152
REC7526;SP940;VEN.1_1;RLM1;;;1.0;;1.0;0.0;1964.0;REF152
REC7527;SP940;AGO.1_1;RLM3;;0.0;1.0;;1.0;;2017.0;REF178
REC7528;SP941;HUN.1_1;RLM11;0.0;0.0;1.0;;;0.0;1975.0;REF316
REC7529;SP942;CAN.1_1;RLM9;0.0;0.0;1.0;;1.0;0.0;;REF1002
REC7530;SP942;USA.1_1;RLM9;;;;;1.0;0.0;;REF152
REC7531;SP942;USA.1_1;RLM9;;;;;1.0;0.0;;REF152
REC7532;SP942;PRT.2_1;RLM11;;;;;1.0;0.0;;REF152
REC7533;SP942;CAN.1_1;RLM9;;;;;1.0;0.0;;REF152
REC7534;SP942;USA.1_1;RLM9;;;;;1.0;0.0;;REF152
REC7535;SP942;USA.1_1;RLM9;;;;;1.0;0.0;;REF152
REC7536;SP942;USA.1_1;RLM9;;;;;1.0;0.0;;REF152
REC7537;SP942;USA.1_1;RLM9;;;;;1.0;0.0;;REF152
REC7538;SP942;GBR.1_1;RLM11;;;;;1.0;0.0;;REF152
REC7539;SP942;USA.1_1;RLM9;;;;;1.0;0.0;;REF152
REC7540;SP942;CHN.1_1;RLM6;;;;;1.0;0.0;;REF152
REC7541;SP942;CHN.1_1;RLM10;;;;;1.0;0.0;;REF152
REC7542;SP942;USA.2_1;RLM9;;;;;1.0;0.0;;REF152
REC7543;SP942;JPN.1_1;RLM10;;;;;1.0;0.0;;REF152
REC7544;SP942;USA.1_1;RLM9;;;;;1.0;0.0;;REF152
REC7545;SP942;USA.1_1;RLM9;;;;;1.0;0.0;;REF152
REC7546;SP942;USA.1_1;RLM9;;;;;1.0;0.0;;REF152
REC7547;SP942;USA.1_1;RLM9;;;;;1.0;0.0;;REF152
REC7548;SP942;USA.1_1;RLM9;;;;;1.0;0.0;;REF152
REC7549;SP942;USA.1_1;RLM9;;;;;1.0;0.0;;REF152
REC7550;SP942;JPN.1_1;RLM10;;;;;1.0;0.0;;REF152
REC7551;SP942;USA.1_1;RLM9;;;;;1.0;0.0;;REF152
REC7552;SP942;PRT.3_1;RLM11;;;;;1.0;0.0;;REF152
REC7553;SP942;USA.1_1;RLM9;;;;;1.0;0.0;;REF152
REC7554;SP942;USA.1_1;RLM9;;;;;1.0;0.0;;REF152
REC7555;SP942;USA.1_1;RLM9;;;;;1.0;0.0;;REF152
REC7556;SP942;USA.1_1;RLM9;;;;;1.0;0.0;;REF152
REC7557;SP942;USA.1_1;RLM9;;;;;1.0;0.0;;REF152
REC7558;SP942;USA.1_1;RLM9;;;;;1.0;0.0;;REF152
REC7559;SP942;USA.1_1;RLM9;;;;;1.0;0.0;;REF152
REC7560;SP942;USA.1_1;RLM9;;;;;1.0;0.0;;REF152
REC7561;SP942;USA.1_1;RLM9;;;;;1.0;0.0;;REF152
REC7562;SP942;USA.1_1;RLM9;;;;;1.0;0.0;;REF152
REC7563;SP942;AUS.1_1;RLM2;;;;;1.0;0.0;;REF152
REC7564;SP942;USA.1_1;RLM9;;;;;1.0;0.0;;REF152
REC7565;SP942;RUS.1_2;RLM11;;;;;1.0;0.0;;REF152
REC7566;SP942;AUS.1_1;RLM2;;;;;1.0;0.0;;REF152
REC7567;SP942;USA.1_1;RLM9;;;;;1.0;0.0;;REF152
REC7568;SP942;USA.1_1;RLM9;;;;;1.0;0.0;;REF152
REC7569;SP942;USA.1_1;RLM9;;;;;1.0;0.0;;REF152
REC7570;SP942;AUS.1_1;RLM2;;;;;1.0;0.0;;REF152
REC7571;SP942;USA.1_1;RLM9;;;;;1.0;0.0;;REF152
REC7572;SP942;JPN.1_1;RLM10;;;;;1.0;0.0;;REF152
REC7573;SP942;CHN.1_1;RLM10;;;;;1.0;0.0;;REF152
REC7574;SP942;AUS.1_1;RLM2;;;;;1.0;0.0;;REF152
REC7575;SP942;USA.1_1;RLM9;;;;;1.0;0.0;;REF152
REC7576;SP942;USA.1_1;RLM9;;;;;1.0;0.0;;REF152
REC7577;SP942;RUS.1_1;RLM11;;;;;1.0;0.0;;REF152
REC7578;SP942;AUS.1_1;RLM2;;;;;1.0;0.0;;REF152
REC7579;SP942;USA.1_1;RLM9;;;;;1.0;0.0;;REF152
REC7580;SP942;USA.1_1;RLM9;;;;;1.0;0.0;;REF152
REC7581;SP942;USA.1_1;RLM9;;;;;1.0;0.0;;REF152
REC7582;SP942;AUS.1_1;RLM2;;;;;1.0;0.0;;REF152
REC7583;SP942;USA.1_1;RLM9;;;;;1.0;0.0;;REF152
REC7584;SP942;USA.1_1;RLM9;;;;;1.0;0.0;;REF152
REC7585;SP942;AUS.1_1;RLM2;;;;;1.0;0.0;;REF152
REC7586;SP942;USA.1_1;RLM9;;;;;1.0;0.0;;REF152
REC7587;SP942;CHN.1_1;RLM6;;;;;1.0;0.0;;REF152
REC7588;SP942;USA.1_1;RLM9;;;;;1.0;0.0;;REF330
REC7589;SP942;USA.1_1;RLM9;;;;;1.0;0.0;;REF330
REC7590;SP942;PRT.2_1;RLM11;;;;;1.0;0.0;;REF330
REC7591;SP942;PRT.2_1;RLM11;0.0;0.0;1.0;;1.0;0.0;;REF683
REC7592;SP942;CAN.1_1;RLM9;;;;;0.0;0.0;;REF330
REC7593;SP942;USA.1_1;RLM9;;;;;1.0;0.0;;REF330
REC7594;SP942;USA.1_1;RLM9;0.0;0.0;1.0;;1.0;0.0;1856.0;REF739
REC7595;SP942;GBR.1_1;RLM11;;;;;0.0;0.0;;REF330
REC7596;SP942;GBR.1_1;RLM11;;;;;1.0;0.0;;REF152
REC7597;SP942;USA.1_1;RLM9;;;;;1.0;0.0;;REF330
REC7598;SP942;USA.1_1;RLM9;;;;;1.0;0.0;;REF330
REC7599;SP942;USA.1_1;RLM9;;;;;1.0;0.0;;REF330
REC7600;SP942;GBR.1_1;RLM11;;;;;0.0;0.0;;REF330
REC7601;SP942;USA.1_1;RLM9;;;;;1.0;0.0;;REF330
REC7602;SP942;USA.1_1;RLM9;;;;;1.0;0.0;;REF330
REC7603;SP942;USA.1_1;RLM9;;;;;1.0;0.0;;REF152
REC7604;SP942;CHN.1_1;RLM6;;;;;1.0;0.0;;REF330
REC7605;SP942;CHN.1_1;RLM10;;;;;1.0;0.0;;REF330
REC7606;SP942;USA.2_1;RLM9;;;1.0;;1.0;0.0;;REF697
REC7607;SP942;USA.2_1;RLM9;;;1.0;;1.0;0.0;1881.0;REF1096
REC7608;SP942;USA.2_1;RLM9;;;;;1.0;0.0;;REF330
REC7609;SP942;USA.2_1;RLM9;0.0;0.0;1.0;;1.0;0.0;;REF1007
REC7610;SP942;USA.2_1;RLM9;0.0;0.0;;;1.0;0.0;;REF1195
REC7611;SP942;JPN.1_1;RLM10;;;;;1.0;0.0;;REF330
REC7612;SP942;USA.1_1;RLM9;;;;;1.0;0.0;;REF330
REC7613;SP942;USA.1_1;RLM9;0.0;0.0;1.0;;1.0;0.0;1959.0;REF739
REC7614;SP942;USA.1_1;RLM9;;;;;0.0;0.0;;REF330
REC7615;SP942;USA.1_1;RLM9;;;;;0.0;0.0;;REF330
REC7616;SP942;USA.1_1;RLM9;;;;;1.0;0.0;;REF330
REC7617;SP942;KOR.2_1;RLM11;0.0;0.0;1.0;;1.0;0.0;1963.0;REF690
REC7618;SP942;USA.1_1;RLM9;;;;;0.0;0.0;;REF330
REC7619;SP942;USA.1_1;RLM9;;;;;1.0;0.0;;REF330
REC7620;SP942;JPN.1_1;RLM10;;;;;1.0;0.0;;REF330
REC7621;SP942;USA.1_1;RLM9;;;;;1.0;0.0;;REF330
REC7622;SP942;PRT.3_1;RLM11;;;;;1.0;0.0;;REF330
REC7623;SP942;PRT.3_1;RLM11;0.0;0.0;1.0;;1.0;0.0;;REF683
REC7624;SP942;USA.1_1;RLM9;;;;;1.0;0.0;;REF330
REC7625;SP942;USA.1_1;RLM9;0.0;0.0;1.0;;1.0;0.0;;REF739
REC7626;SP942;USA.1_1;RLM9;;;;;0.0;0.0;;REF330
REC7627;SP942;USA.1_1;RLM9;;;;;1.0;0.0;;REF330
REC7628;SP942;USA.1_1;RLM9;;;;;1.0;0.0;;REF330
REC7629;SP942;USA.1_1;RLM9;;;;;1.0;0.0;;REF330
REC7630;SP942;USA.1_1;RLM9;;;;;1.0;0.0;;REF330
REC7631;SP942;JPN.1_1;RLM6;;;1.0;;1.0;0.0;;REF697
REC7632;SP942;USA.1_1;RLM9;;;;;1.0;0.0;;REF330
REC7633;SP942;USA.1_1;RLM9;;;;;1.0;0.0;;REF330
REC7634;SP942;USA.1_1;RLM9;;;;;1.0;0.0;;REF330
REC7635;SP942;USA.1_1;RLM9;;;;;1.0;0.0;;REF330
REC7636;SP942;AUS.1_1;RLM2;;;;;1.0;0.0;;REF330
REC7637;SP942;USA.1_1;RLM9;0.0;0.0;1.0;;1.0;0.0;;REF739
REC7638;SP942;USA.1_1;RLM9;;;;;1.0;0.0;;REF330
REC7639;SP942;USA.1_1;RLM9;0.0;0.0;1.0;;1.0;0.0;;REF739
REC7640;SP942;RUS.1_2;RLM11;;;;;0.0;0.0;;REF330
REC7641;SP942;AUS.1_1;RLM2;;;;;1.0;0.0;;REF330
REC7642;SP942;USA.1_1;RLM9;;;;;1.0;0.0;;REF330
REC7643;SP942;JPN.1_1;RLM6;;;1.0;;1.0;0.0;1967.0;REF1096
REC7644;SP942;JPN.1_1;RLM6;0.0;0.0;;;1.0;0.0;;REF1195
REC7645;SP942;USA.1_1;RLM9;;;;;1.0;0.0;;REF330
REC7646;SP942;USA.1_1;RLM9;0.0;0.0;1.0;;1.0;0.0;1972.0;REF739
REC7647;SP942;USA.1_1;RLM9;;;;;1.0;0.0;;REF330
REC7648;SP942;AUS.1_1;RLM2;;;;;1.0;0.0;;REF330
REC7649;SP942;USA.1_1;RLM9;;;;;1.0;0.0;;REF330
REC7650;SP942;ITA.2_1;RLM11;;;;;1.0;0.0;;REF330
REC7651;SP942;ITA.2_1;RLM11;;;;;1.0;0.0;;REF152
REC7652;SP942;ITA.2_1;RLM11;0.0;0.0;1.0;;1.0;0.0;;REF683
REC7653;SP942;JPN.1_1;RLM10;;;;;1.0;0.0;;REF330
REC7654;SP942;CHN.1_1;RLM10;;;;;1.0;0.0;;REF330
REC7655;SP942;ITA.2_1;RLM11;;;;;1.0;0.0;;REF330
REC7656;SP942;ITA.2_1;RLM11;;;1.0;;1.0;0.0;1949.0;REF152
REC7657;SP942;ITA.2_1;RLM11;0.0;0.0;1.0;;1.0;0.0;;REF683
REC7658;SP942;AUS.1_1;RLM2;;;;;1.0;0.0;;REF330
REC7659;SP942;USA.1_1;RLM9;;;;;1.0;0.0;;REF330
REC7660;SP942;USA.1_1;RLM9;0.0;0.0;1.0;;1.0;0.0;;REF739
REC7661;SP942;USA.1_1;RLM9;;;;;1.0;0.0;;REF330
REC7662;SP942;RUS.1_1;RLM11;;;;;1.0;0.0;;REF330
REC7663;SP942;AUS.1_1;RLM2;;;;;1.0;0.0;;REF330
REC7664;SP942;USA.1_1;RLM9;;;;;1.0;0.0;;REF330
REC7665;SP942;USA.1_1;RLM9;;;;;1.0;0.0;;REF330
REC7666;SP942;USA.1_1;RLM9;0.0;0.0;1.0;;1.0;0.0;;REF739
REC7667;SP942;USA.1_1;RLM9;;;;;1.0;0.0;;REF330
REC7668;SP942;AUS.1_1;RLM2;;;;;1.0;0.0;;REF330
REC7669;SP942;USA.1_1;RLM9;;;;;1.0;0.0;;REF330
REC7670;SP942;USA.1_1;RLM9;0.0;0.0;1.0;;1.0;0.0;;REF739
REC7671;SP942;USA.1_1;RLM9;;;;;1.0;0.0;;REF330
REC7672;SP942;USA.1_1;RLM9;0.0;0.0;1.0;;1.0;0.0;1912.0;REF739
REC7673;SP942;AUS.1_1;RLM2;;;;;1.0;0.0;;REF330
REC7674;SP942;USA.1_1;RLM9;;;;;0.0;0.0;;REF330
REC7675;SP942;CHN.1_1;RLM6;;;;;1.0;0.0;;REF330
REC7676;SP942;AUS.1_1;RLM2;;;1.0;;1.0;0.0;;REF697
REC7677;SP942;JPN.1_1;RLM10;;;1.0;;1.0;0.0;;REF697
REC7678;SP942;KOR.1_1;RLM11;;;1.0;;1.0;0.0;;REF697
REC7679;SP942;NZL.1_1;RLM2;;;1.0;;1.0;0.0;;REF697
REC7680;SP942;ZAF.1_1;RLM3;;;1.0;;1.0;0.0;;REF697
REC7681;SP942;CHL.1_1;RLM1;;;1.0;;1.0;0.0;1904.0;REF1096
REC7682;SP942;JPN.1_1;RLM10;;;1.0;;1.0;0.0;1954.0;REF1096
REC7683;SP942;KOR.1_1;RLM11;;;1.0;;1.0;0.0;1968.0;REF1096
REC7684;SP942;NZL.1_1;RLM2;;;1.0;;1.0;0.0;1921.0;REF1096
REC7685;SP942;ZAF.1_1;RLM3;;0.0;1.0;;1.0;0.0;1900.0;REF1096
REC7686;SP942;BGR.1_1;RLM11;;;1.0;;1.0;0.0;;REF542
REC7687;SP942;RUS.1_2;RLM11;;;1.0;;1.0;0.0;;REF542
REC7688;SP942;JPN.1_1;RLM10;;;1.0;;1.0;0.0;;REF542
REC7689;SP942;SWE.1_1;RLM11;;;1.0;;1.0;0.0;;REF542
REC7690;SP942;AUT.1_1;RLM11;;;1.0;;1.0;0.0;;REF542
REC7691;SP942;ZAF.1_1;RLM3;;;1.0;;1.0;0.0;;REF542
REC7692;SP942;DNK.1_1;RLM11;;;1.0;;1.0;0.0;;REF542
REC7693;SP942;SVN.1_1;RLM11;;;1.0;;1.0;0.0;;REF542
REC7694;SP942;GBR.1_1;RLM11;;;1.0;;1.0;0.0;;REF542
REC7695;SP942;IRL.1_1;RLM11;;;1.0;;1.0;0.0;;REF542
REC7696;SP942;NPL.1_1;RLM10;;;1.0;;1.0;0.0;;REF542
REC7697;SP942;USA.1_1;RLM9;;;1.0;;1.0;0.0;;REF542
REC7698;SP942;CHN.1_1;RLM11;;;1.0;;1.0;0.0;;REF542
REC7699;SP942;ETH.1_1;RLM3;;;;;1.0;0.0;;REF330
REC7700;SP942;KEN.1_1;RLM3;;;;;1.0;0.0;;REF330
REC7701;SP942;ZAF.1_1;RLM3;;;;;1.0;0.0;;REF330
REC7702;SP942;CAN.1_1;RLM9;;;;;0.0;0.0;;REF330
REC7703;SP942;CHL.1_1;RLM1;;;;;1.0;0.0;;REF330
REC7704;SP942;USA.1_1;RLM9;;;;;1.0;0.0;;REF330
REC7705;SP942;CHN.1_1;RLM11;;;;;1.0;0.0;;REF330
REC7706;SP942;ISR.1_1;RLM8;;;;;1.0;0.0;;REF330
REC7707;SP942;JPN.1_1;RLM10;;;;;1.0;0.0;;REF330
REC7708;SP942;KOR.1_1;RLM11;;;;;1.0;0.0;;REF330
REC7709;SP942;NPL.1_1;RLM10;;;;;1.0;0.0;;REF330
REC7710;SP942;ALB.1_1;RLM11;;;;;1.0;0.0;;REF330
REC7711;SP942;AUT.1_1;RLM11;;;;;0.0;0.0;;REF330
REC7712;SP942;BEL.1_1;RLM11;;;;;1.0;0.0;;REF330
REC7713;SP942;BGR.1_1;RLM11;;;;;1.0;0.0;;REF330
REC7714;SP942;CYP.1_1;RLM8;;;;;1.0;0.0;;REF330
REC7715;SP942;DNK.1_1;RLM11;;;;;0.0;0.0;;REF330
REC7716;SP942;GEO.1_1;RLM11;;;;;1.0;0.0;;REF330
REC7717;SP942;GRC.1_1;RLM11;;;;;1.0;0.0;;REF330
REC7718;SP942;HUN.1_1;RLM11;;;;;1.0;0.0;;REF330
REC7719;SP942;ITA.1_1;RLM11;;;;;1.0;0.0;;REF330
REC7720;SP942;MLT.1_1;RLM8;;;;;1.0;0.0;;REF330
REC7721;SP942;NLD.1_1;RLM11;;;;;0.0;0.0;;REF330
REC7722;SP942;MKD.1_1;RLM11;;;;;1.0;0.0;;REF330
REC7723;SP942;PRT.1_1;RLM11;;;;;1.0;0.0;;REF330
REC7724;SP942;ROU.1_1;RLM11;;;;;1.0;0.0;;REF330
REC7725;SP942;RUS.1_2;RLM11;;;;;1.0;0.0;;REF330
REC7726;SP942;SVN.1_1;RLM11;;;;;1.0;0.0;;REF330
REC7727;SP942;ESP.1_1;RLM11;;;;;1.0;0.0;;REF330
REC7728;SP942;SWE.1_1;RLM11;;;;;0.0;0.0;;REF330
REC7729;SP942;GBR.1_1;RLM11;;;;;0.0;1.0;;REF330
REC7730;SP942;AUS.1_1;RLM2;;;;;1.0;0.0;;REF330
REC7731;SP942;NZL.1_1;RLM2;;;;;1.0;0.0;;REF330
REC7732;SP942;BEL.1_1;RLM11;;;1.0;;1.0;0.0;;REF957
REC7733;SP942;DNK.1_1;RLM11;;;1.0;;1.0;0.0;;REF957
REC7734;SP942;GBR.1_1;RLM11;;;1.0;;1.0;0.0;;REF957
REC7735;SP942;HUN.1_1;RLM11;;;1.0;;1.0;0.0;;REF957
REC7736;SP942;MLT.1_1;RLM8;;;1.0;;1.0;0.0;;REF957
REC7737;SP942;PRT.2_1;RLM11;;;1.0;;1.0;0.0;;REF957
REC7738;SP942;PRT.1_1;RLM11;;;1.0;;1.0;0.0;;REF957
REC7739;SP942;RUS.1_1;RLM11;;;1.0;;1.0;0.0;;REF957
REC7740;SP942;ESP.1_1;RLM11;;;1.0;;1.0;0.0;;REF957
REC7741;SP942;ALB.1_1;RLM11;;;1.0;;1.0;0.0;;REF957
REC7742;SP942;ITA.2_1;RLM11;;;1.0;;1.0;0.0;;REF957
REC7743;SP942;SVN.1_1;RLM11;;;1.0;;1.0;0.0;1950.0;REF957
REC7744;SP942;AUT.1_1;RLM11;;;1.0;;1.0;0.0;;REF957
REC7745;SP942;BGR.1_1;RLM11;;;1.0;;1.0;0.0;;REF957
REC7746;SP942;MKD.1_1;RLM11;;;1.0;;1.0;0.0;;REF957
REC7747;SP942;GRC.1_1;RLM11;;;1.0;;1.0;0.0;;REF957
REC7748;SP942;ISR.1_1;RLM8;;;1.0;;1.0;0.0;;REF957
REC7749;SP942;NLD.1_1;RLM11;;;1.0;;1.0;0.0;;REF957
REC7750;SP942;PRT.3_1;RLM11;;;1.0;;1.0;0.0;;REF957
REC7751;SP942;ROU.1_1;RLM11;;;1.0;;1.0;0.0;;REF957
REC7752;SP942;ESP.1_1;RLM11;;;1.0;;1.0;0.0;;REF957
REC7753;SP942;SWE.1_1;RLM11;;;1.0;;1.0;0.0;;REF957
REC7754;SP942;ITA.2_1;RLM11;;;1.0;;1.0;0.0;;REF957
REC7755;SP942;ITA.1_1;RLM11;;;1.0;;1.0;0.0;1950.0;REF957
REC7756;SP942;ETH.1_1;RLM3;;;;;1.0;0.0;;REF152
REC7757;SP942;KEN.1_1;RLM3;;;;;1.0;0.0;;REF152
REC7758;SP942;ZAF.1_1;RLM3;;;1.0;;1.0;0.0;1900.0;REF152
REC7759;SP942;CHN.1_1;RLM11;;;1.0;;1.0;0.0;1937.0;REF152
REC7760;SP942;GEO.1_1;RLM11;;;;;1.0;0.0;1938.0;REF152
REC7761;SP942;ISR.1_1;RLM8;;;;;1.0;0.0;;REF152
REC7762;SP942;JPN.1_1;RLM10;;;;;1.0;0.0;;REF152
REC7763;SP942;NPL.1_1;RLM10;;;;;1.0;0.0;;REF152
REC7764;SP942;KOR.1_1;RLM11;;;;;1.0;0.0;;REF152
REC7765;SP942;ALB.1_1;RLM11;;;;;1.0;0.0;;REF152
REC7766;SP942;AUT.1_1;RLM11;;;;;1.0;0.0;;REF152
REC7767;SP942;BEL.1_1;RLM11;;;;;1.0;0.0;;REF152
REC7768;SP942;BGR.1_1;RLM11;;;;;1.0;0.0;;REF152
REC7769;SP942;CYP.1_1;RLM8;;;;;1.0;0.0;;REF152
REC7770;SP942;DNK.1_1;RLM11;;;;;1.0;0.0;;REF152
REC7771;SP942;GRC.1_1;RLM11;;;;;1.0;0.0;;REF152
REC7772;SP942;HUN.1_1;RLM11;;;;;1.0;0.0;;REF152
REC7773;SP942;ITA.1_1;RLM11;;;;;1.0;0.0;;REF152
REC7774;SP942;MLT.1_1;RLM8;;;;;1.0;0.0;;REF152
REC7775;SP942;NLD.1_1;RLM11;;;;;1.0;0.0;;REF152
REC7776;SP942;MKD.1_1;RLM11;;;;;1.0;0.0;;REF152
REC7777;SP942;PRT.1_1;RLM11;;;;;1.0;0.0;;REF152
REC7778;SP942;ROU.1_1;RLM11;;;;;1.0;0.0;;REF152
REC7779;SP942;RUS.1_2;RLM11;;;;;1.0;0.0;;REF152
REC7780;SP942;SVN.1_1;RLM11;;;1.0;;1.0;0.0;1950.0;REF152
REC7781;SP942;ESP.1_1;RLM11;;;;;1.0;0.0;;REF152
REC7782;SP942;SWE.1_1;RLM11;;;;;1.0;0.0;;REF152
REC7783;SP942;GBR.1_1;RLM11;;;;;1.0;0.0;;REF152
REC7784;SP942;CAN.1_1;RLM9;;;;;1.0;0.0;;REF152
REC7785;SP942;USA.1_1;RLM9;;;;;1.0;0.0;;REF152
REC7786;SP942;AUS.1_1;RLM2;;;;;1.0;0.0;;REF152
REC7787;SP942;NZL.1_1;RLM2;;;;;1.0;0.0;;REF152
REC7788;SP942;CHL.1_1;RLM1;;;;;1.0;0.0;;REF152
REC7789;SP942;USA.1_1;RLM9;0.0;0.0;1.0;;1.0;0.0;1856.0;REF1007
REC7790;SP942;USA.1_1;RLM9;0.0;0.0;;;1.0;0.0;;REF1195
REC7791;SP942;JPN.1_1;RLM10;0.0;0.0;;;1.0;0.0;;REF1195
REC7792;SP942;ALB.1_1;RLM11;0.0;0.0;1.0;;1.0;0.0;;REF683
REC7793;SP942;AUT.1_1;RLM11;0.0;0.0;1.0;;1.0;0.0;;REF683
REC7794;SP942;BEL.1_1;RLM11;0.0;0.0;1.0;;1.0;0.0;;REF683
REC7795;SP942;BGR.1_1;RLM11;0.0;0.0;1.0;;1.0;0.0;;REF683
REC7796;SP942;DNK.1_1;RLM11;0.0;0.0;1.0;;1.0;0.0;;REF683
REC7797;SP942;GRC.1_1;RLM11;0.0;0.0;1.0;;1.0;0.0;;REF683
REC7798;SP942;HUN.1_1;RLM11;0.0;0.0;1.0;;1.0;0.0;;REF683
REC7799;SP942;ISR.1_1;RLM8;0.0;0.0;1.0;;1.0;0.0;;REF683
REC7800;SP942;ITA.1_1;RLM11;0.0;0.0;1.0;;1.0;0.0;;REF683
REC7801;SP942;MLT.1_1;RLM8;0.0;0.0;1.0;;1.0;0.0;;REF683
REC7802;SP942;NLD.1_1;RLM11;0.0;0.0;1.0;;1.0;0.0;;REF683
REC7803;SP942;MKD.1_1;RLM11;0.0;0.0;1.0;;1.0;0.0;;REF683
REC7804;SP942;PRT.1_1;RLM11;0.0;0.0;1.0;;1.0;0.0;;REF683
REC7805;SP942;RUS.1_2;RLM11;0.0;0.0;1.0;;1.0;0.0;;REF683
REC7806;SP942;SVN.1_1;RLM11;0.0;0.0;1.0;;1.0;0.0;;REF683
REC7807;SP942;ESP.1_1;RLM11;0.0;0.0;1.0;;1.0;0.0;;REF683
REC7808;SP942;SWE.1_1;RLM11;0.0;0.0;1.0;;1.0;0.0;;REF683
REC7809;SP942;GBR.1_1;RLM11;0.0;0.0;1.0;;1.0;0.0;;REF683
REC7810;SP942;GEO.1_1;RLM11;0.0;0.0;1.0;;1.0;0.0;;REF911
REC7811;SP942;GRC.1_1;RLM11;0.0;0.0;1.0;;1.0;0.0;1899.0;REF911
REC7812;SP942;ROU.1_1;RLM11;0.0;0.0;1.0;;;0.0;2000.0;REF1073
REC7813;SP942;CYP.1_1;RLM8;0.0;0.0;1.0;;1.0;0.0;1937.0;REF261
REC7814;SP942;KEN.1_1;RLM3;0.0;0.0;1.0;;1.0;0.0;;REF596
REC7815;SP942;ETH.1_1;RLM3;0.0;0.0;1.0;;1.0;0.0;;REF596
REC7816;SP942;JPN.1_1;RLM10;0.0;0.0;1.0;;1.0;0.0;1953.0;REF811
REC7817;SP942;JPN.1_1;RLM10;0.0;0.0;1.0;;1.0;0.0;;REF812
REC7818;SP942;JPN.1_1;RLM10;0.0;0.0;1.0;;1.0;0.0;1953.0;REF779
REC7819;SP942;USA.1_1;RLM9;0.0;0.0;1.0;;1.0;0.0;1850.0;REF1002
REC7820;SP943;USA.1_1;RLM9;;;;;1.0;0.0;;REF152
REC7821;SP943;PRT.2_1;RLM11;;;;;1.0;0.0;;REF152
REC7822;SP943;USA.1_1;RLM9;;;;;1.0;0.0;;REF152
REC7823;SP943;USA.1_1;RLM9;;;;;1.0;0.0;1993.0;REF152
REC7824;SP943;USA.2_1;RLM9;;;1.0;;1.0;0.0;2000.0;REF152
REC7825;SP943;USA.1_1;RLM9;;;;;1.0;0.0;1994.0;REF152
REC7826;SP943;PRT.3_1;RLM11;;;1.0;;1.0;0.0;1995.0;REF152
REC7827;SP943;AUS.1_1;RLM2;;;;;1.0;0.0;;REF152
REC7828;SP943;AUS.1_1;RLM2;;;;;1.0;0.0;;REF152
REC7829;SP943;AUS.1_1;RLM2;;;;;1.0;0.0;;REF152
REC7830;SP943;AUS.1_1;RLM2;;;;;1.0;0.0;;REF152
REC7831;SP943;USA.1_1;RLM9;;;;;1.0;0.0;1994.0;REF152
REC7832;SP943;AUS.1_1;RLM2;;;;;1.0;0.0;;REF152
REC7833;SP943;USA.1_1;RLM9;;;;;1.0;0.0;;REF330
REC7834;SP943;PRT.2_1;RLM11;;;;;1.0;0.0;;REF330
REC7835;SP943;PRT.2_1;RLM11;0.0;0.0;1.0;;1.0;0.0;1997.0;REF775
REC7836;SP943;PRT.2_1;RLM11;0.0;0.0;1.0;;1.0;0.0;;REF683
REC7837;SP943;USA.1_1;RLM9;;;;;1.0;0.0;;REF330
REC7838;SP943;USA.1_1;RLM9;0.0;0.0;1.0;;1.0;0.0;1993.0;REF481
REC7839;SP943;ECU.2_1;RLM1;;;1.0;;1.0;0.0;;REF697
REC7840;SP943;ECU.2_1;RLM1;;;1.0;;1.0;0.0;2005.0;REF1096
REC7841;SP943;ECU.2_1;RLM1;0.0;0.0;1.0;;1.0;0.0;2005.0;REF775
REC7842;SP943;GUM.1_1;RLM5;0.0;0.0;1.0;;1.0;0.0;1995.0;REF775
REC7843;SP943;GUM.1_1;RLM5;0.0;0.0;;;1.0;0.0;;REF1000
REC7844;SP943;USA.2_1;RLM9;;;1.0;;1.0;0.0;;REF697
REC7845;SP943;USA.2_1;RLM9;;;1.0;;1.0;0.0;2000.0;REF1096
REC7846;SP943;USA.2_1;RLM9;0.0;0.0;1.0;;1.0;0.0;2000.0;REF1007
REC7847;SP943;USA.2_1;RLM9;0.0;0.0;1.0;;1.0;0.0;2000.0;REF775
REC7848;SP943;USA.1_1;RLM9;;;;;1.0;0.0;;REF330
REC7849;SP943;PRT.3_1;RLM11;;;;;1.0;0.0;;REF330
REC7850;SP943;PRT.3_1;RLM11;0.0;0.0;1.0;;1.0;0.0;;REF683
REC7851;SP943;AUS.1_1;RLM2;;;;;1.0;0.0;;REF330
REC7852;SP943;AUS.1_1;RLM2;;;;;1.0;0.0;;REF330
REC7853;SP943;AUS.1_1;RLM2;;;;;1.0;0.0;;REF330
REC7854;SP943;ITA.2_1;RLM11;;;;;1.0;0.0;;REF330
REC7855;SP943;ITA.2_1;RLM11;;;1.0;;1.0;0.0;1995.0;REF152
REC7856;SP943;ITA.2_1;RLM11;0.0;0.0;1.0;;1.0;0.0;;REF683
REC7857;SP943;ITA.2_1;RLM11;;;;;1.0;0.0;;REF330
REC7858;SP943;ITA.2_1;RLM11;;;1.0;;1.0;0.0;1995.0;REF152
REC7859;SP943;ITA.2_1;RLM11;0.0;0.0;1.0;;1.0;0.0;;REF683
REC7860;SP943;AUS.1_1;RLM2;;;;;1.0;0.0;;REF330
REC7861;SP943;USA.1_1;RLM9;;;;;1.0;0.0;;REF330
REC7862;SP943;AUS.1_1;RLM2;;;;;1.0;0.0;;REF330
REC7863;SP943;AUS.1_1;RLM2;;;1.0;;1.0;0.0;;REF697
REC7864;SP943;ZAF.1_1;RLM3;;;1.0;;1.0;0.0;;REF697
REC7865;SP943;CHL.1_1;RLM1;;;1.0;;1.0;0.0;1998.0;REF1096
REC7866;SP943;ZAF.1_1;RLM3;;;1.0;;1.0;0.0;;REF1096
REC7867;SP943;VEN.1_1;RLM1;;;1.0;;1.0;0.0;;REF542
REC7868;SP943;TUR.1_1;RLM11;;;1.0;;1.0;0.0;;REF542
REC7869;SP943;USA.1_1;RLM9;;;1.0;;1.0;0.0;;REF542
REC7870;SP943;TKM.1_1;RLM11;;;1.0;;1.0;0.0;;REF542
REC7871;SP943;IRQ.1_1;RLM8;;;1.0;;1.0;0.0;;REF542
REC7872;SP943;COL.1_1;RLM1;;;1.0;;1.0;0.0;;REF542
REC7873;SP943;HRV.1_1;RLM11;;;1.0;;1.0;0.0;;REF542
REC7874;SP943;FRA.1_1;RLM11;;;1.0;;1.0;0.0;;REF542
REC7875;SP943;SYC.1_1;RLM5;;;1.0;;1.0;0.0;;REF542
REC7876;SP943;CYP.1_1;RLM8;;;1.0;;1.0;0.0;;REF542
REC7877;SP943;RUS.1_2;RLM11;;;1.0;;1.0;0.0;;REF542
REC7878;SP943;BRB.1_1;RLM7;;;1.0;;1.0;0.0;;REF542
REC7879;SP943;DMA.1_1;RLM7;;;1.0;;1.0;0.0;;REF542
REC7880;SP943;PER.1_1;RLM1;;;1.0;;1.0;0.0;;REF542
REC7881;SP943;DOM.1_1;RLM7;;;1.0;;1.0;0.0;;REF542
REC7882;SP943;CRI.1_1;RLM7;;;1.0;;1.0;0.0;;REF542
REC7883;SP943;BEN.1_1;RLM3;;;;;1.0;0.0;;REF330
REC7884;SP943;CIV.1_1;RLM3;;;;;1.0;0.0;;REF330
REC7885;SP943;MUS.1_1;RLM5;;;;;1.0;0.0;;REF330
REC7886;SP943;MAR.1_1;RLM8;;;;;1.0;0.0;;REF330
REC7887;SP943;NGA.1_1;RLM3;;;;;1.0;0.0;;REF330
REC7888;SP943;ZAF.1_1;RLM3;;;;;1.0;0.0;;REF330
REC7889;SP943;SDN.1_1;RLM3;;;;;1.0;0.0;;REF330
REC7890;SP943;BRB.1_1;RLM7;;;;;1.0;0.0;;REF330
REC7891;SP943;GBR.6_1;RLM9;;;;;1.0;0.0;;REF330
REC7892;SP943;GBR.6_1;RLM7;;;;;1.0;0.0;;REF330
REC7893;SP943;CHL.1_1;RLM1;;;;;1.0;0.0;;REF330
REC7894;SP943;COL.1_1;RLM1;;;;;1.0;0.0;;REF330
REC7895;SP943;CRI.1_1;RLM7;;;;;1.0;0.0;;REF330
REC7896;SP943;DMA.1_1;RLM7;;;;;1.0;0.0;;REF330
REC7897;SP943;DOM.1_1;RLM7;;;;;1.0;0.0;;REF330
REC7898;SP943;PER.1_1;RLM1;;;;;1.0;0.0;;REF330
REC7899;SP943;LCA.1_1;RLM1;;;;;1.0;0.0;;REF330
REC7900;SP943;USA.1_1;RLM9;;;;;1.0;0.0;;REF330
REC7901;SP943;VEN.1_1;RLM1;;;;;1.0;0.0;;REF330
REC7902;SP943;GBR.6_1;RLM7;;;;;1.0;0.0;;REF330
REC7903;SP943;IRQ.1_1;RLM8;;;;;1.0;0.0;;REF330
REC7904;SP943;ISR.1_1;RLM8;;;;;1.0;0.0;;REF330
REC7905;SP943;SAU.1_1;RLM8;;;;;1.0;0.0;;REF330
REC7906;SP943;TKM.1_1;RLM11;;;;;1.0;0.0;;REF330
REC7907;SP943;YEM.1_1;RLM8;;;;;1.0;0.0;;REF330
REC7908;SP943;HRV.1_1;RLM11;;;;;1.0;0.0;;REF330
REC7909;SP943;CYP.1_1;RLM8;;;;;1.0;0.0;;REF330
REC7910;SP943;FRA.1_1;RLM11;;;;;1.0;0.0;;REF330
REC7911;SP943;GRC.1_1;RLM11;;;;;1.0;0.0;;REF330
REC7912;SP943;ITA.1_1;RLM11;;;;;1.0;0.0;;REF330
REC7913;SP943;MLT.1_1;RLM8;;;;;1.0;0.0;;REF330
REC7914;SP943;PRT.1_1;RLM11;;;;;1.0;0.0;;REF330
REC7915;SP943;SRB.1_1;RLM11;;;;;1.0;0.0;;REF330
REC7916;SP943;ESP.1_1;RLM11;;;;;1.0;0.0;;REF330
REC7917;SP943;TUR.1_1;RLM11;;;;;1.0;0.0;;REF330
REC7918;SP943;AUS.1_1;RLM2;;;;;1.0;0.0;;REF330
REC7919;SP943;GUM.1_1;RLM5;;;;;1.0;0.0;;REF330
REC7920;SP943;FSM.1_1;RLM5;;;;;1.0;0.0;;REF330
REC7921;SP943;PLW.1_1;RLM5;;;;;1.0;0.0;;REF330
REC7922;SP943;WSM.1_1;RLM5;;;;;1.0;0.0;;REF330
REC7923;SP943;CYP.1_1;RLM8;;;1.0;;1.0;0.0;;REF957
REC7924;SP943;GRC.1_1;RLM11;;;1.0;;1.0;0.0;;REF957
REC7925;SP943;ITA.2_1;RLM11;;;1.0;;1.0;0.0;;REF957
REC7926;SP943;ITA.1_1;RLM11;;;1.0;;1.0;0.0;;REF957
REC7927;SP943;PRT.2_1;RLM11;;;1.0;;1.0;0.0;;REF957
REC7928;SP943;PRT.1_1;RLM11;;;1.0;;1.0;0.0;;REF957
REC7929;SP943;ESP.1_1;RLM11;;;1.0;;1.0;0.0;;REF957
REC7930;SP943;ALB.1_1;RLM11;;;1.0;;1.0;0.0;;REF957
REC7931;SP943;FRA.1_1;RLM11;;;1.0;;1.0;0.0;;REF957
REC7932;SP943;ISR.1_1;RLM8;;;1.0;;1.0;0.0;;REF957
REC7933;SP943;ITA.2_1;RLM11;;;1.0;;1.0;0.0;;REF957
REC7934;SP943;MLT.1_1;RLM8;;;1.0;;1.0;0.0;;REF957
REC7935;SP943;PRT.3_1;RLM11;;;1.0;;1.0;0.0;;REF957
REC7936;SP943;BEN.1_1;RLM3;;;;;1.0;0.0;;REF152
REC7937;SP943;CIV.1_1;RLM3;;;;;1.0;0.0;;REF152
REC7938;SP943;MUS.1_1;RLM5;;;;;1.0;0.0;;REF152
REC7939;SP943;MAR.1_1;RLM8;;;;;1.0;0.0;;REF152
REC7940;SP943;NGA.1_1;RLM3;;;;;1.0;0.0;;REF152
REC7941;SP943;ZAF.1_1;RLM3;;;1.0;;1.0;0.0;;REF152
REC7942;SP943;SDN.1_1;RLM3;;;;;1.0;0.0;;REF152
REC7943;SP943;IRQ.1_1;RLM8;;;;;1.0;0.0;;REF152
REC7944;SP943;ISR.1_1;RLM8;;;;;1.0;0.0;1994.0;REF152
REC7945;SP943;SAU.1_1;RLM8;;;;;1.0;0.0;;REF152
REC7946;SP943;TUR.1_1;RLM11;;;;;1.0;0.0;;REF152
REC7947;SP943;TKM.1_1;RLM11;;;;;1.0;0.0;;REF152
REC7948;SP943;YEM.1_1;RLM8;;;;;1.0;0.0;;REF152
REC7949;SP943;HRV.1_1;RLM11;;;;;1.0;0.0;;REF152
REC7950;SP943;CYP.1_1;RLM8;;;;;1.0;0.0;1994.0;REF152
REC7951;SP943;FRA.1_1;RLM11;;;;;1.0;0.0;1995.0;REF152
REC7952;SP943;GRC.1_1;RLM11;;;;;1.0;0.0;;REF152
REC7953;SP943;ITA.1_1;RLM11;;;;;1.0;0.0;1994.0;REF152
REC7954;SP943;MLT.1_1;RLM8;;;;;1.0;0.0;1995.0;REF152
REC7955;SP943;PRT.1_1;RLM11;;;;;1.0;0.0;;REF152
REC7956;SP943;SRB.1_1;RLM11;;;;;1.0;0.0;;REF152
REC7957;SP943;ESP.1_1;RLM11;;;;;1.0;0.0;;REF152
REC7958;SP943;BRB.1_1;RLM7;;;;;1.0;0.0;2001.0;REF152
REC7959;SP943;GBR.6_1;RLM9;;;;;1.0;0.0;2000.0;REF152
REC7960;SP943;GBR.6_1;RLM7;;;;;1.0;0.0;;REF152
REC7961;SP943;GBR.6_1;RLM7;;;;;1.0;0.0;;REF152
REC7962;SP943;CRI.1_1;RLM7;;;;;1.0;0.0;;REF152
REC7963;SP943;DMA.1_1;RLM7;;;;;1.0;0.0;;REF152
REC7964;SP943;DOM.1_1;RLM7;;;;;1.0;0.0;;REF152
REC7965;SP943;LCA.1_1;RLM1;;;1.0;;1.0;0.0;;REF152
REC7966;SP943;USA.1_1;RLM9;;;;;1.0;0.0;1993.0;REF152
REC7967;SP943;AUS.1_1;RLM2;;;;;1.0;0.0;;REF152
REC7968;SP943;FSM.1_1;RLM5;;;;;1.0;0.0;;REF152
REC7969;SP943;GUM.1_1;RLM5;;;;;1.0;0.0;;REF152
REC7970;SP943;PLW.1_1;RLM5;;;;;1.0;0.0;;REF152
REC7971;SP943;WSM.1_1;RLM5;;;;;1.0;0.0;;REF152
REC7972;SP943;CHL.1_1;RLM1;;;;;1.0;0.0;1998.0;REF152
REC7973;SP943;COL.1_1;RLM1;;;;;1.0;0.0;;REF152
REC7974;SP943;PER.1_1;RLM1;;;1.0;;1.0;0.0;1995.0;REF152
REC7975;SP943;VEN.1_1;RLM1;;;;;1.0;0.0;;REF152
REC7976;SP943;USA.1_1;RLM9;0.0;0.0;1.0;;1.0;0.0;1993.0;REF1007
REC7977;SP943;GBR.6_1;RLM9;0.0;0.0;1.0;;1.0;0.0;1998.0;REF775
REC7978;SP943;MUS.1_1;RLM5;0.0;0.0;1.0;;1.0;0.0;1995.0;REF775
REC7979;SP943;FSM.1_1;RLM5;0.0;0.0;1.0;;1.0;0.0;1996.0;REF775
REC7980;SP943;WSM.1_1;RLM5;0.0;0.0;1.0;;1.0;0.0;1995.0;REF775
REC7981;SP943;USA.1_1;RLM9;0.0;0.0;;;1.0;0.0;;REF1195
REC7982;SP943;ALB.1_1;RLM11;0.0;0.0;1.0;;1.0;0.0;;REF683
REC7983;SP943;CYP.1_1;RLM8;0.0;0.0;1.0;;1.0;0.0;;REF683
REC7984;SP943;FRA.1_1;RLM11;0.0;0.0;1.0;;1.0;0.0;;REF683
REC7985;SP943;GRC.1_1;RLM11;0.0;0.0;1.0;;1.0;0.0;;REF683
REC7986;SP943;ISR.1_1;RLM8;0.0;0.0;1.0;;1.0;0.0;;REF683
REC7987;SP943;ITA.1_1;RLM11;0.0;0.0;1.0;;1.0;0.0;;REF683
REC7988;SP943;MLT.1_1;RLM8;0.0;0.0;1.0;;1.0;0.0;;REF683
REC7989;SP943;PRT.1_1;RLM11;0.0;0.0;1.0;;1.0;0.0;;REF683
REC7990;SP943;SRB.1_1;RLM11;0.0;0.0;1.0;;1.0;0.0;;REF683
REC7991;SP943;ESP.1_1;RLM11;0.0;0.0;1.0;;1.0;0.0;;REF683
REC7992;SP943;SRB.1_1;RLM11;0.0;0.0;1.0;;1.0;0.0;;REF911
REC7993;SP943;GRC.1_1;RLM11;0.0;0.0;1.0;;1.0;0.0;1993.0;REF911
REC7994;SP943;MAR.1_1;RLM8;0.0;0.0;1.0;;1.0;0.0;;REF909
REC7995;SP943;VEN.1_1;RLM1;0.0;0.0;1.0;;1.0;0.0;;REF912
REC7996;SP943;PLW.1_1;RLM5;0.0;0.0;1.0;;1.0;0.0;;REF1000
REC7997;SP943;ESP.1_1;RLM11;0.0;0.0;1.0;;1.0;0.0;1993.0;REF1102
REC7998;SP943;CYP.1_1;RLM8;0.0;0.0;1.0;;1.0;0.0;1998.0;REF261
REC7999;SP943;SAU.1_1;RLM8;0.0;0.0;1.0;;1.0;0.0;1960.0;REF52
REC8000;SP943;YEM.1_1;RLM8;0.0;0.0;1.0;;1.0;0.0;1977.0;REF53
REC8001;SP943;ZAF.1_1;RLM3;0.0;0.0;1.0;;1.0;0.0;1986.0;REF579
REC8002;SP943;SDN.1_1;RLM3;0.0;0.0;1.0;;1.0;0.0;1967.0;REF57
REC8003;SP943;BEN.1_1;RLM3;0.0;0.0;1.0;;1.0;0.0;1996.0;REF525
REC8004;SP943;NGA.1_1;RLM3;0.0;0.0;1.0;;1.0;0.0;1988.0;REF525
REC8005;SP943;AUS.1_1;RLM2;0.0;0.0;1.0;;1.0;0.0;1940.0;REF482
REC8006;SP943;PER.1_1;RLM1;0.0;0.0;1.0;;1.0;0.0;;REF759
REC8007;SP943;CIV.1_1;RLM3;0.0;0.0;1.0;;1.0;0.0;1970.0;REF430
REC8008;SP943;USA.2_1;RLM9;0.0;0.0;;;1.0;;;REF47
REC8009;SP943;USA.1_1;RLM9;0.0;0.0;1.0;;1.0;0.0;1993.0;REF1002
REC8010;SP944;SVN.1_1;RLM11;;;1.0;;1.0;0.0;;REF542
REC8011;SP944;ITA.1_1;RLM11;;;;;1.0;0.0;;REF330
REC8012;SP944;ROU.1_1;RLM11;;;;;1.0;0.0;;REF330
REC8013;SP944;SVN.1_1;RLM11;;;;;1.0;0.0;;REF330
REC8014;SP944;CHE.1_1;RLM11;;;;;1.0;0.0;;REF330
REC8015;SP944;ITA.1_1;RLM11;;;1.0;;1.0;0.0;;REF957
REC8016;SP944;CHE.1_1;RLM11;;;1.0;;1.0;0.0;2009.0;REF957
REC8017;SP944;ALB.1_1;RLM11;;;1.0;;1.0;0.0;;REF957
REC8018;SP944;SVN.1_1;RLM11;;;1.0;;1.0;0.0;;REF957
REC8019;SP944;ALB.1_1;RLM11;;;;;1.0;0.0;;REF152
REC8020;SP944;ITA.1_1;RLM11;;;1.0;;1.0;0.0;1994.0;REF152
REC8021;SP944;ROU.1_1;RLM11;;;;;1.0;0.0;;REF152
REC8022;SP944;SVN.1_1;RLM11;;;;;1.0;0.0;;REF152
REC8023;SP944;CHE.1_1;RLM11;;;1.0;;1.0;0.0;2009.0;REF152
REC8024;SP944;ALB.1_1;RLM11;0.0;0.0;1.0;;1.0;0.0;;REF683
REC8025;SP944;ITA.1_1;RLM11;0.0;0.0;1.0;;1.0;0.0;;REF683
REC8026;SP944;SVN.1_1;RLM11;0.0;0.0;1.0;;1.0;0.0;;REF683
REC8027;SP944;ITA.1_1;RLM11;0.0;0.0;1.0;;1.0;0.0;1994.0;REF1112
REC8028;SP944;SVN.1_1;RLM11;0.0;0.0;1.0;;1.0;0.0;2004.0;REF1112
REC8029;SP944;CHE.1_1;RLM11;0.0;0.0;1.0;;1.0;0.0;2009.0;REF1112
REC8030;SP944;ITA.1_1;RLM11;0.0;0.0;1.0;0.0;1.0;0.0;1994.0;REF1104
REC8031;SP944;ROU.1_1;RLM11;0.0;0.0;1.0;1.0;1.0;0.0;2013.0;REF1104
REC8032;SP945;ITA.1_1;RLM11;;0.0;;;1.0;0.0;1995.0;REF899
REC8033;SP946;CAN.1_1;RLM9;0.0;0.0;1.0;0.0;1.0;0.0;1882.0;REF1002
REC8034;SP946;CAN.1_1;RLM9;0.0;0.0;1.0;;1.0;0.0;;REF693
REC8035;SP946;USA.1_1;RLM9;0.0;0.0;1.0;;1.0;0.0;;REF693
REC8036;SP946;CAN.1_1;RLM9;0.0;0.0;1.0;;1.0;0.0;1933.0;REF693
REC8037;SP946;USA.1_1;RLM9;0.0;0.0;1.0;;1.0;0.0;;REF693
REC8038;SP946;CAN.1_1;RLM9;0.0;0.0;1.0;;1.0;0.0;;REF693
REC8039;SP946;USA.1_1;RLM9;0.0;0.0;1.0;;1.0;0.0;;REF693
REC8040;SP946;USA.1_1;RLM9;0.0;0.0;1.0;;1.0;0.0;;REF693
REC8041;SP946;USA.1_1;RLM9;;0.0;1.0;;1.0;0.0;1940.0;REF1007
REC8042;SP946;USA.1_1;RLM9;0.0;0.0;;;1.0;0.0;;REF1195
REC8043;SP946;USA.1_1;RLM9;0.0;0.0;1.0;;1.0;0.0;;REF598
REC8044;SP946;CAN.1_1;RLM9;0.0;0.0;1.0;;1.0;0.0;;REF598
REC8045;SP946;USA.1_1;RLM9;0.0;0.0;1.0;;1.0;0.0;;REF1002
REC8046;SP947;CAN.1_1;RLM9;0.0;0.0;1.0;;1.0;0.0;;REF1002
REC8047;SP947;USA.1_1;RLM9;0.0;0.0;1.0;;1.0;0.0;;REF1002
REC8048;SP948;IRL.1_1;RLM11;;;1.0;;1.0;0.0;;REF542
REC8049;SP948;IRL.1_1;RLM11;;;;;1.0;0.0;;REF152
REC8050;SP948;SWE.1_1;RLM11;;;;;1.0;0.0;;REF152
REC8051;SP948;LVA.1_1;RLM11;0.0;0.0;1.0;;1.0;0.0;;REF683
REC8052;SP948;LTU.1_1;RLM11;0.0;0.0;1.0;;1.0;0.0;;REF683
REC8053;SP948;SWE.1_1;RLM11;0.0;0.0;1.0;;1.0;0.0;;REF683
REC8054;SP949;RUS.1_2;RLM11;;;1.0;;1.0;0.0;1990.0;REF152
REC8055;SP949;RUS.1_2;RLM11;;;;;1.0;0.0;;REF152
REC8056;SP949;RUS.1_2;RLM11;0.0;0.0;1.0;;1.0;0.0;2012.0;REF309
REC8057;SP949;RUS.1_2;RLM11;0.0;0.0;1.0;;1.0;0.0;;REF312
REC8058;SP949;RUS.1_2;RLM11;0.0;0.0;1.0;0.0;1.0;0.0;1987.0;REF600
REC8059;SP949;RUS.1_2;RLM11;;;;;1.0;0.0;;REF330
REC8060;SP949;RUS.1_2;RLM11;0.0;0.0;1.0;;1.0;0.0;2010.0;REF309
REC8061;SP949;RUS.1_2;RLM11;0.0;0.0;1.0;;1.0;0.0;;REF599
REC8062;SP949;RUS.1_2;RLM11;0.0;0.0;1.0;;1.0;0.0;2018.0;REF599
REC8063;SP949;RUS.1_2;RLM11;0.0;0.0;1.0;;1.0;0.0;2006.0;REF309
REC8064;SP949;RUS.1_2;RLM11;;;;;1.0;0.0;;REF330
REC8065;SP949;RUS.1_2;RLM11;0.0;0.0;1.0;;1.0;0.0;2008.0;REF309
REC8066;SP949;RUS.1_2;RLM11;0.0;0.0;1.0;;1.0;0.0;;REF312
REC8067;SP949;RUS.1_2;RLM11;0.0;0.0;1.0;;1.0;0.0;;REF599
REC8068;SP949;RUS.1_2;RLM11;0.0;0.0;1.0;;1.0;0.0;;REF599
REC8069;SP949;RUS.1_2;RLM11;0.0;0.0;1.0;;1.0;0.0;1991.0;REF309
REC8070;SP949;RUS.1_2;RLM11;0.0;0.0;1.0;;1.0;0.0;;REF312
REC8071;SP949;RUS.1_2;RLM11;0.0;0.0;1.0;;1.0;0.0;2017.0;REF599
REC8072;SP949;RUS.1_2;RLM11;0.0;0.0;1.0;;1.0;0.0;2006.0;REF309
REC8073;SP949;RUS.1_2;RLM11;0.0;0.0;1.0;1.0;1.0;0.0;2006.0;REF599
REC8074;SP949;RUS.1_2;RLM11;;;;;1.0;0.0;;REF330
REC8075;SP949;ROU.1_1;RLM11;;;1.0;;1.0;0.0;;REF542
REC8076;SP949;RUS.1_2;RLM11;;;1.0;;1.0;0.0;;REF542
REC8077;SP949;DNK.1_1;RLM11;;;1.0;;1.0;0.0;;REF542
REC8078;SP949;HRV.1_1;RLM11;;;1.0;;1.0;0.0;;REF542
REC8079;SP949;CZE.1_1;RLM11;;;1.0;;1.0;0.0;;REF542
REC8080;SP949;POL.1_1;RLM11;;;1.0;;1.0;0.0;;REF542
REC8081;SP949;AUT.1_1;RLM11;;;1.0;;1.0;0.0;;REF542
REC8082;SP949;SVN.1_1;RLM11;;;1.0;;1.0;0.0;;REF542
REC8083;SP949;AUT.1_1;RLM11;;;;;1.0;0.0;;REF330
REC8084;SP949;BLR.1_1;RLM11;;;;;1.0;0.0;;REF330
REC8085;SP949;BGR.1_1;RLM11;;;;;1.0;0.0;;REF330
REC8086;SP949;HRV.1_1;RLM11;;;;;1.0;0.0;;REF330
REC8087;SP949;CZE.1_1;RLM11;;;;;1.0;0.0;;REF330
REC8088;SP949;EST.1_1;RLM11;;;;;1.0;0.0;;REF330
REC8089;SP949;FIN.1_1;RLM11;;;;;1.0;0.0;;REF330
REC8090;SP949;DEU.1_1;RLM11;;;;;1.0;0.0;;REF330
REC8091;SP949;HUN.1_1;RLM11;;;;;1.0;0.0;;REF330
REC8092;SP949;ITA.1_1;RLM11;;;;;1.0;0.0;;REF330
REC8093;SP949;LVA.1_1;RLM11;;;;;1.0;0.0;;REF330
REC8094;SP949;LTU.1_1;RLM11;;;;;1.0;0.0;;REF330
REC8095;SP949;NLD.1_1;RLM11;;;;;1.0;0.0;;REF330
REC8096;SP949;POL.1_1;RLM11;;;;;1.0;0.0;;REF330
REC8097;SP949;ROU.1_1;RLM11;;;;;1.0;0.0;;REF330
REC8098;SP949;RUS.1_2;RLM11;;;;;1.0;0.0;;REF330
REC8099;SP949;SVK.1_1;RLM11;;;;;1.0;0.0;;REF330
REC8100;SP949;SVN.1_1;RLM11;;;;;1.0;0.0;;REF330
REC8101;SP949;CHE.1_1;RLM11;;;;;1.0;0.0;;REF330
REC8102;SP949;UKR.1_1;RLM11;;;;;1.0;0.0;;REF330
REC8103;SP949;BLR.1_1;RLM11;;;1.0;;1.0;0.0;;REF957
REC8104;SP949;HRV.1_1;RLM11;;;1.0;;1.0;0.0;2005.0;REF957
REC8105;SP949;ESP.1_1;RLM11;;;1.0;;1.0;0.0;;REF957
REC8106;SP949;DEU.1_1;RLM11;;;1.0;;1.0;0.0;;REF957
REC8107;SP949;HUN.1_1;RLM11;;;1.0;;1.0;0.0;;REF957
REC8108;SP949;POL.1_1;RLM11;;;1.0;;1.0;0.0;1961.0;REF957
REC8109;SP949;SVN.1_1;RLM11;;;1.0;;1.0;0.0;;REF957
REC8110;SP949;AUT.1_1;RLM11;;;1.0;;1.0;0.0;;REF957
REC8111;SP949;BGR.1_1;RLM11;;;1.0;;1.0;0.0;;REF957
REC8112;SP949;CZE.1_1;RLM11;;;1.0;;1.0;0.0;;REF957
REC8113;SP949;FIN.1_1;RLM11;;;1.0;;1.0;0.0;;REF957
REC8114;SP949;GBR.1_1;RLM11;;;1.0;;1.0;0.0;;REF957
REC8115;SP949;LTU.1_1;RLM11;;;1.0;;1.0;0.0;1998.0;REF957
REC8116;SP949;ROU.1_1;RLM11;;;1.0;;1.0;0.0;;REF957
REC8117;SP949;SVK.1_1;RLM11;;;1.0;;1.0;0.0;;REF957
REC8118;SP949;AUT.1_1;RLM11;;;1.0;;1.0;0.0;2000.0;REF152
REC8119;SP949;BLR.1_1;RLM11;;;1.0;;1.0;0.0;1998.0;REF152
REC8120;SP949;BGR.1_1;RLM11;;;1.0;;1.0;0.0;2009.0;REF152
REC8121;SP949;HRV.1_1;RLM11;;;1.0;;1.0;0.0;2005.0;REF152
REC8122;SP949;CZE.1_1;RLM11;;;1.0;;1.0;0.0;;REF152
REC8123;SP949;EST.1_1;RLM11;;;1.0;;1.0;0.0;;REF152
REC8124;SP949;FIN.1_1;RLM11;;;1.0;;1.0;0.0;2002.0;REF152
REC8125;SP949;FRA.1_1;RLM11;;;1.0;;1.0;0.0;2007.0;REF152
REC8126;SP949;DEU.1_1;RLM11;;;1.0;;1.0;0.0;;REF152
REC8127;SP949;HUN.1_1;RLM11;;;1.0;;1.0;0.0;2000.0;REF152
REC8128;SP949;ITA.1_1;RLM11;;;1.0;;1.0;0.0;2011.0;REF152
REC8129;SP949;LVA.1_1;RLM11;;;1.0;;1.0;0.0;1998.0;REF152
REC8130;SP949;LTU.1_1;RLM11;;;1.0;;1.0;0.0;2001.0;REF152
REC8131;SP949;MDA.1_1;RLM11;;;1.0;;1.0;0.0;2003.0;REF152
REC8132;SP949;NLD.1_1;RLM11;;;;;1.0;0.0;;REF152
REC8133;SP949;POL.1_1;RLM11;;;1.0;;1.0;0.0;1996.0;REF152
REC8134;SP949;ROU.1_1;RLM11;;;1.0;;1.0;0.0;2007.0;REF152
REC8135;SP949;RUS.1_2;RLM11;;;1.0;;1.0;0.0;;REF152
REC8136;SP949;SVK.1_1;RLM11;;;1.0;;1.0;0.0;2000.0;REF152
REC8137;SP949;SVN.1_1;RLM11;;;1.0;;1.0;0.0;2004.0;REF152
REC8138;SP949;CHE.1_1;RLM11;;;1.0;;1.0;0.0;2009.0;REF152
REC8139;SP949;UKR.1_1;RLM11;;;1.0;;1.0;0.0;2001.0;REF152
REC8140;SP949;AUT.1_1;RLM11;0.0;0.0;1.0;;1.0;0.0;;REF683
REC8141;SP949;BLR.1_1;RLM11;0.0;0.0;1.0;;1.0;0.0;;REF683
REC8142;SP949;BGR.1_1;RLM11;0.0;0.0;1.0;;1.0;0.0;;REF683
REC8143;SP949;HRV.1_1;RLM11;0.0;0.0;1.0;;1.0;0.0;;REF683
REC8144;SP949;CZE.1_1;RLM11;0.0;0.0;1.0;;1.0;0.0;;REF683
REC8145;SP949;EST.1_1;RLM11;0.0;0.0;1.0;;1.0;0.0;;REF683
REC8146;SP949;FIN.1_1;RLM11;0.0;0.0;1.0;;1.0;0.0;;REF683
REC8147;SP949;DEU.1_1;RLM11;0.0;0.0;1.0;;1.0;0.0;;REF683
REC8148;SP949;HUN.1_1;RLM11;0.0;0.0;1.0;;1.0;0.0;;REF683
REC8149;SP949;LTU.1_1;RLM11;0.0;0.0;1.0;;1.0;0.0;;REF683
REC8150;SP949;POL.1_1;RLM11;0.0;0.0;1.0;;1.0;0.0;;REF683
REC8151;SP949;ROU.1_1;RLM11;0.0;0.0;1.0;;1.0;0.0;;REF683
REC8152;SP949;RUS.1_2;RLM11;0.0;0.0;1.0;;1.0;0.0;;REF683
REC8153;SP949;SVK.1_1;RLM11;0.0;0.0;1.0;;1.0;0.0;;REF683
REC8154;SP949;SVN.1_1;RLM11;0.0;0.0;1.0;;1.0;0.0;;REF683
REC8155;SP949;GBR.1_1;RLM11;0.0;0.0;1.0;;1.0;0.0;;REF683
REC8156;SP949;AUT.1_1;RLM11;0.0;0.0;1.0;;1.0;0.0;2000.0;REF309
REC8157;SP949;BLR.1_1;RLM11;0.0;0.0;1.0;;1.0;0.0;1998.0;REF309
REC8158;SP949;BEL.1_1;RLM11;0.0;0.0;1.0;;1.0;0.0;2009.0;REF309
REC8159;SP949;HRV.1_1;RLM11;0.0;0.0;1.0;;1.0;0.0;2005.0;REF309
REC8160;SP949;CZE.1_1;RLM11;0.0;0.0;1.0;;1.0;0.0;2000.0;REF309
REC8161;SP949;FIN.1_1;RLM11;0.0;0.0;1.0;;1.0;0.0;2002.0;REF309
REC8162;SP949;DEU.1_1;RLM11;0.0;0.0;1.0;;1.0;0.0;2001.0;REF309
REC8163;SP949;HUN.1_1;RLM11;0.0;0.0;1.0;;1.0;0.0;2000.0;REF309
REC8164;SP949;ITA.1_1;RLM11;0.0;0.0;1.0;;1.0;0.0;2007.0;REF309
REC8165;SP949;LVA.1_1;RLM11;0.0;0.0;1.0;;1.0;0.0;1998.0;REF309
REC8166;SP949;LTU.1_1;RLM11;0.0;0.0;1.0;;1.0;0.0;1997.0;REF309
REC8167;SP949;MDA.1_1;RLM11;0.0;0.0;1.0;;1.0;0.0;2004.0;REF309
REC8168;SP949;NLD.1_1;RLM11;0.0;0.0;1.0;;1.0;0.0;2009.0;REF309
REC8169;SP949;POL.1_1;RLM11;0.0;0.0;1.0;;1.0;0.0;1996.0;REF309
REC8170;SP949;ROU.1_1;RLM11;0.0;0.0;1.0;;1.0;0.0;2002.0;REF309
REC8171;SP949;SVK.1_1;RLM11;0.0;0.0;1.0;;1.0;0.0;2000.0;REF309
REC8172;SP949;SVN.1_1;RLM11;0.0;0.0;1.0;;1.0;0.0;2006.0;REF309
REC8173;SP949;CHE.1_1;RLM11;0.0;0.0;1.0;;1.0;0.0;2009.0;REF309
REC8174;SP949;UKR.1_1;RLM11;0.0;0.0;1.0;;1.0;0.0;1988.0;REF309
REC8175;SP949;GBR.1_1;RLM11;0.0;0.0;1.0;;1.0;0.0;2005.0;REF309
REC8176;SP949;UKR.1_1;RLM11;0.0;0.0;1.0;;1.0;0.0;;REF311
REC8177;SP949;FIN.1_1;RLM11;0.0;0.0;1.0;;1.0;0.0;;REF311
REC8178;SP949;LTU.1_1;RLM11;0.0;0.0;1.0;;1.0;0.0;;REF311
REC8179;SP949;POL.1_1;RLM11;0.0;0.0;1.0;;1.0;0.0;;REF311
REC8180;SP949;BLR.1_1;RLM11;0.0;0.0;1.0;;1.0;0.0;;REF311
REC8181;SP949;MDA.1_1;RLM11;0.0;0.0;1.0;;1.0;0.0;;REF311
REC8182;SP949;HUN.1_1;RLM11;0.0;0.0;1.0;;1.0;0.0;;REF311
REC8183;SP949;ROU.1_1;RLM11;0.0;0.0;1.0;;1.0;0.0;;REF311
REC8184;SP949;BGR.1_1;RLM11;0.0;0.0;1.0;;1.0;0.0;;REF311
REC8185;SP949;SVN.1_1;RLM11;0.0;0.0;1.0;;1.0;0.0;;REF311
REC8186;SP949;SVK.1_1;RLM11;0.0;0.0;1.0;;1.0;0.0;;REF311
REC8187;SP949;CZE.1_1;RLM11;0.0;0.0;1.0;;1.0;0.0;;REF311
REC8188;SP949;AUT.1_1;RLM11;0.0;0.0;1.0;;1.0;0.0;;REF311
REC8189;SP949;DEU.1_1;RLM11;0.0;0.0;1.0;;1.0;0.0;;REF311
REC8190;SP949;NLD.1_1;RLM11;0.0;0.0;1.0;;1.0;0.0;;REF311
REC8191;SP949;BEL.1_1;RLM11;0.0;0.0;1.0;;1.0;0.0;;REF311
REC8192;SP949;POL.1_1;RLM11;0.0;0.0;1.0;;1.0;0.0;1990.0;REF1073
REC8193;SP949;POL.1_1;RLM11;0.0;0.0;1.0;;1.0;0.0;1990.0;REF221
REC8194;SP950;GBR.1_1;RLM11;;;;;1.0;0.0;;REF152
REC8195;SP950;GBR.1_1;RLM11;0.0;0.0;1.0;;1.0;0.0;;REF683
REC8196;SP951;SVN.1_1;RLM11;;;1.0;;1.0;0.0;;REF542
REC8197;SP951;CZE.1_1;RLM11;;;1.0;;1.0;0.0;;REF542
REC8198;SP951;HRV.1_1;RLM11;;;1.0;;1.0;0.0;;REF542
REC8199;SP951;POL.1_1;RLM11;;;1.0;;1.0;0.0;;REF542
REC8200;SP951;HRV.1_1;RLM11;;;1.0;;1.0;0.0;;REF957
REC8201;SP951;DNK.1_1;RLM11;;;1.0;;1.0;0.0;;REF957
REC8202;SP951;POL.1_1;RLM11;;;1.0;;1.0;0.0;;REF957
REC8203;SP951;SVK.1_1;RLM11;;;1.0;;1.0;0.0;;REF957
REC8204;SP951;SWE.1_1;RLM11;;;1.0;;1.0;0.0;;REF957
REC8205;SP951;BGR.1_1;RLM11;;;1.0;;1.0;0.0;;REF957
REC8206;SP951;CZE.1_1;RLM11;;;1.0;;1.0;0.0;;REF957
REC8207;SP951;HUN.1_1;RLM11;;;1.0;;1.0;0.0;;REF957
REC8208;SP951;SVN.1_1;RLM11;;;1.0;;1.0;0.0;;REF957
REC8209;SP951;CHE.1_1;RLM11;;;1.0;;1.0;0.0;;REF957
REC8210;SP951;CZE.1_1;RLM11;;;1.0;;1.0;0.0;1995.0;REF152
REC8211;SP951;DNK.1_1;RLM11;;;;;1.0;0.0;;REF152
REC8212;SP951;POL.1_1;RLM11;;;;;1.0;0.0;;REF152
REC8213;SP951;SRB.1_1;RLM11;;;;;1.0;0.0;;REF152
REC8214;SP951;SVK.1_1;RLM11;;;;;1.0;0.0;;REF152
REC8215;SP951;SVN.1_1;RLM11;;;;;1.0;0.0;;REF152
REC8216;SP951;SWE.1_1;RLM11;;;1.0;;1.0;0.0;1850.0;REF152
REC8217;SP951;CHE.1_1;RLM11;;;;;1.0;0.0;;REF152
REC8218;SP951;BGR.1_1;RLM11;0.0;0.0;1.0;;1.0;0.0;;REF683
REC8219;SP951;HRV.1_1;RLM11;0.0;0.0;1.0;;1.0;0.0;;REF683
REC8220;SP951;CZE.1_1;RLM11;0.0;0.0;1.0;;1.0;0.0;;REF683
REC8221;SP951;DNK.1_1;RLM11;0.0;0.0;1.0;;1.0;0.0;;REF683
REC8222;SP951;HUN.1_1;RLM11;0.0;0.0;1.0;;1.0;0.0;;REF683
REC8223;SP951;POL.1_1;RLM11;0.0;0.0;1.0;;1.0;0.0;;REF683
REC8224;SP951;SRB.1_1;RLM11;0.0;0.0;1.0;;1.0;0.0;;REF683
REC8225;SP951;SVK.1_1;RLM11;0.0;0.0;1.0;;1.0;0.0;;REF683
REC8226;SP951;SVN.1_1;RLM11;0.0;0.0;1.0;;1.0;0.0;;REF683
REC8227;SP951;SWE.1_1;RLM11;0.0;0.0;1.0;;1.0;0.0;;REF683
REC8228;SP951;CHE.1_1;RLM11;0.0;0.0;1.0;;1.0;0.0;;REF683
REC8229;SP951;SRB.1_1;RLM11;0.0;0.0;1.0;;1.0;0.0;;REF911
REC8230;SP951;CHE.1_1;RLM11;0.0;0.0;1.0;;1.0;0.0;1975.0;REF987
REC8231;SP951;DNK.1_1;RLM11;0.0;0.0;1.0;1.0;1.0;0.0;1993.0;REF987
REC8232;SP951;CZE.1_1;RLM11;0.0;0.0;1.0;1.0;1.0;0.0;1995.0;REF987
REC8233;SP951;HUN.1_1;RLM11;0.0;0.0;1.0;1.0;1.0;0.0;1991.0;REF987
REC8234;SP951;SVK.1_1;RLM11;0.0;0.0;1.0;1.0;1.0;0.0;1997.0;REF987
REC8235;SP951;POL.1_1;RLM11;0.0;0.0;1.0;1.0;1.0;0.0;1999.0;REF987
REC8236;SP951;ROU.1_1;RLM11;0.0;0.0;1.0;;1.0;0.0;2000.0;REF1073
REC8237;SP951;POL.1_1;RLM11;0.0;0.0;1.0;;1.0;0.0;1999.0;REF1143
REC8238;SP952;SWE.1_1;RLM11;;;1.0;;1.0;0.0;;REF542
REC8239;SP953;LUX.1_1;RLM11;;;1.0;;1.0;0.0;;REF542
REC8240;SP953;LUX.1_1;RLM11;0.0;0.0;;1.0;1.0;0.0;2000.0;REF987
REC8241;SP953;DNK.1_1;RLM11;0.0;0.0;;1.0;1.0;0.0;1992.0;REF987
REC8242;SP953;AUT.1_1;RLM11;0.0;0.0;;1.0;1.0;0.0;1965.0;REF987
REC8243;SP953;AUT.1_1;RLM11;0.0;0.0;1.0;;;;;REF763
REC8244;SP953;HUN.1_1;RLM11;0.0;0.0;1.0;;;;;REF763
REC8245;SP953;POL.1_1;RLM11;0.0;0.0;1.0;;;;;REF763
REC8246;SP953;DNK.1_1;RLM11;0.0;0.0;1.0;;;;;REF763
REC8247;SP953;LTU.1_1;RLM11;0.0;0.0;1.0;;;;;REF763
REC8248;SP953;BGR.1_1;RLM11;0.0;0.0;1.0;;;;;REF763
REC8249;SP953;GRC.1_1;RLM11;0.0;0.0;1.0;;;;;REF763
REC8250;SP953;UKR.1_1;RLM11;0.0;0.0;1.0;;;;;REF763
REC8251;SP954;CAN.1_1;RLM9;0.0;0.0;1.0;;1.0;0.0;;REF1002
REC8252;SP954;USA.1_1;RLM9;0.0;0.0;1.0;;1.0;0.0;1936.0;REF693
REC8253;SP954;USA.1_1;RLM9;;0.0;1.0;;1.0;0.0;1936.0;REF1007
REC8254;SP954;USA.1_1;RLM9;0.0;0.0;;;1.0;0.0;;REF1195
REC8255;SP954;USA.1_1;RLM9;0.0;0.0;1.0;;1.0;0.0;;REF598
REC8256;SP954;CAN.1_1;RLM9;0.0;0.0;1.0;;1.0;0.0;;REF598
REC8257;SP954;USA.1_1;RLM9;0.0;0.0;1.0;0.0;1.0;0.0;1926.0;REF1002
REC8258;SP955;AUS.1_1;RLM2;;;;;1.0;0.0;;REF152
REC8259;SP955;PRT.2_1;RLM11;0.0;0.0;1.0;;1.0;0.0;;REF683
REC8260;SP955;AUS.1_1;RLM2;;;1.0;;1.0;0.0;;REF697
REC8261;SP955;NZL.1_1;RLM2;;;1.0;;1.0;0.0;;REF697
REC8262;SP955;NZL.1_1;RLM2;;;1.0;;1.0;0.0;1951.0;REF1096
REC8263;SP955;IRL.1_1;RLM11;;;1.0;;1.0;0.0;;REF542
REC8264;SP955;AUS.1_1;RLM2;;;;;1.0;0.0;;REF152
REC8265;SP955;NZL.1_1;RLM2;;;1.0;;1.0;0.0;1951.0;REF152
REC8266;SP955;NZL.1_1;RLM2;0.0;0.0;1.0;;1.0;0.0;1950.0;REF598
REC8267;SP955;AUS.1_1;RLM2;0.0;0.0;1.0;;1.0;0.0;1950.0;REF598
REC8268;SP956;GBR.1_1;RLM11;;;1.0;;1.0;0.0;1990.0;REF1096
REC8269;SP956;AUT.1_1;RLM11;;;1.0;;1.0;0.0;;REF542
REC8270;SP956;LUX.1_1;RLM11;;;1.0;;1.0;0.0;;REF542
REC8271;SP956;CZE.1_1;RLM11;;;1.0;;1.0;0.0;;REF542
REC8272;SP956;HRV.1_1;RLM11;;;1.0;;1.0;0.0;;REF542
REC8273;SP956;ROU.1_1;RLM11;;;1.0;;1.0;0.0;;REF542
REC8274;SP956;POL.1_1;RLM11;;;1.0;;1.0;0.0;;REF542
REC8275;SP956;GBR.1_1;RLM11;;;1.0;;1.0;0.0;;REF542
REC8276;SP956;SWE.1_1;RLM11;;;1.0;;1.0;0.0;;REF542
REC8277;SP956;SVN.1_1;RLM11;;;1.0;;1.0;0.0;;REF542
REC8278;SP956;DNK.1_1;RLM11;;;1.0;;1.0;0.0;;REF542
REC8279;SP956;FRA.1_1;RLM11;;;1.0;;1.0;0.0;;REF542
REC8280;SP956;HRV.1_1;RLM11;;;;;1.0;0.0;;REF957
REC8281;SP956;DNK.1_1;RLM11;;;;;1.0;0.0;;REF957
REC8282;SP956;FRA.1_1;RLM11;;;;;1.0;0.0;;REF957
REC8283;SP956;GRC.1_1;RLM11;;;;;1.0;0.0;;REF957
REC8284;SP956;AUT.1_1;RLM11;;;;;1.0;0.0;;REF957
REC8285;SP956;CZE.1_1;RLM11;;;;;1.0;0.0;;REF957
REC8286;SP956;GBR.1_1;RLM11;;;;;1.0;0.0;;REF957
REC8287;SP956;POL.1_1;RLM11;;;;;1.0;0.0;;REF957
REC8288;SP956;SVN.1_1;RLM11;;;;;1.0;0.0;;REF957
REC8289;SP956;SWE.1_1;RLM11;;;;;1.0;0.0;;REF957
REC8290;SP956;AUT.1_1;RLM11;1.0;0.0;;;1.0;0.0;;REF683
REC8291;SP956;HRV.1_1;RLM11;1.0;0.0;;;1.0;0.0;;REF683
REC8292;SP956;CZE.1_1;RLM11;1.0;0.0;;;1.0;0.0;;REF683
REC8293;SP956;DNK.1_1;RLM11;1.0;0.0;;;1.0;0.0;;REF683
REC8294;SP956;FRA.1_1;RLM11;1.0;0.0;;;1.0;0.0;;REF683
REC8295;SP956;GRC.1_1;RLM11;1.0;0.0;;;1.0;0.0;;REF683
REC8296;SP956;POL.1_1;RLM11;1.0;0.0;;;1.0;0.0;;REF683
REC8297;SP956;SVN.1_1;RLM11;1.0;0.0;;;1.0;0.0;;REF683
REC8298;SP956;SWE.1_1;RLM11;1.0;0.0;;;1.0;0.0;;REF683
REC8299;SP956;GBR.1_1;RLM11;1.0;0.0;;;1.0;0.0;;REF683
REC8300;SP956;GBR.1_1;RLM11;1.0;0.0;;;1.0;0.0;;REF683
REC8301;SP956;GRC.1_1;RLM11;0.0;0.0;1.0;;1.0;0.0;1870.0;REF911
REC8302;SP956;FRA.1_1;RLM11;0.0;0.0;;1.0;1.0;0.0;1920.0;REF987
REC8303;SP956;GBR.1_1;RLM11;0.0;0.0;;1.0;1.0;0.0;1990.0;REF987
REC8304;SP956;AUT.1_1;RLM11;0.0;0.0;;1.0;1.0;0.0;1909.0;REF987
REC8305;SP956;CZE.1_1;RLM11;0.0;0.0;;1.0;1.0;0.0;1920.0;REF987
REC8306;SP956;POL.1_1;RLM11;0.0;0.0;;1.0;1.0;0.0;1969.0;REF987
REC8307;SP956;DNK.1_1;RLM11;0.0;0.0;;1.0;1.0;0.0;1978.0;REF987
REC8308;SP956;POL.1_1;RLM11;0.0;0.0;1.0;;1.0;0.0;1980.0;REF1073
REC8309;SP956;POL.1_1;RLM11;0.0;0.0;1.0;;1.0;0.0;2005.0;REF221
REC8310;SP956;UKR.1_1;RLM11;0.0;0.0;1.0;;1.0;0.0;1998.0;REF669
REC8311;SP957;POL.1_1;RLM11;;;1.0;;1.0;0.0;;REF542
REC8312;SP957;HRV.1_1;RLM11;;;1.0;;1.0;0.0;;REF542
REC8313;SP957;LUX.1_1;RLM11;;;1.0;;1.0;0.0;;REF542
REC8314;SP957;CZE.1_1;RLM11;;;1.0;;1.0;0.0;;REF542
REC8315;SP957;ROU.1_1;RLM11;;;1.0;;1.0;0.0;;REF542
REC8316;SP957;DNK.1_1;RLM11;;;1.0;;1.0;0.0;;REF542
REC8317;SP957;BEL.1_1;RLM11;;;1.0;;1.0;0.0;;REF542
REC8318;SP957;SVK.1_1;RLM11;;;1.0;;1.0;0.0;;REF542
REC8319;SP957;SVN.1_1;RLM11;;;1.0;;1.0;0.0;;REF542
REC8320;SP957;AUT.1_1;RLM11;;;1.0;;1.0;0.0;;REF542
REC8321;SP957;NLD.1_1;RLM11;;;1.0;;1.0;0.0;;REF542
REC8322;SP957;FRA.1_1;RLM11;;;1.0;;1.0;0.0;;REF542
REC8323;SP957;AUT.1_1;RLM11;;;1.0;;1.0;0.0;;REF957
REC8324;SP957;BGR.1_1;RLM11;;;1.0;;1.0;0.0;;REF957
REC8325;SP957;CZE.1_1;RLM11;;;1.0;;1.0;0.0;;REF957
REC8326;SP957;ESP.1_1;RLM11;;;1.0;;1.0;0.0;;REF957
REC8327;SP957;DEU.1_1;RLM11;;;1.0;;1.0;0.0;;REF957
REC8328;SP957;HUN.1_1;RLM11;;;1.0;;1.0;0.0;;REF957
REC8329;SP957;LTU.1_1;RLM11;;;1.0;;1.0;0.0;;REF957
REC8330;SP957;POL.1_1;RLM11;;;1.0;;1.0;0.0;1960.0;REF957
REC8331;SP957;RUS.1_1;RLM11;;;1.0;;1.0;0.0;2011.0;REF957
REC8332;SP957;SVK.1_1;RLM11;;;1.0;;1.0;0.0;;REF957
REC8333;SP957;ESP.1_1;RLM11;;;1.0;;1.0;0.0;;REF957
REC8334;SP957;ALB.1_1;RLM11;;;1.0;;1.0;0.0;;REF957
REC8335;SP957;BEL.1_1;RLM11;;;1.0;;1.0;0.0;;REF957
REC8336;SP957;HRV.1_1;RLM11;;;1.0;;1.0;0.0;;REF957
REC8337;SP957;DNK.1_1;RLM11;;;1.0;;1.0;0.0;;REF957
REC8338;SP957;FRA.1_1;RLM11;;;1.0;;1.0;0.0;;REF957
REC8339;SP957;GBR.1_1;RLM11;;;1.0;;1.0;0.0;;REF957
REC8340;SP957;ITA.1_1;RLM11;;;1.0;;1.0;0.0;;REF957
REC8341;SP957;NLD.1_1;RLM11;;;1.0;;1.0;0.0;1998.0;REF957
REC8342;SP957;ROU.1_1;RLM11;;;1.0;;1.0;0.0;;REF957
REC8343;SP957;SVN.1_1;RLM11;;;1.0;;1.0;0.0;;REF957
REC8344;SP957;CHE.1_1;RLM11;;;1.0;;1.0;0.0;;REF957
REC8345;SP957;ALB.1_1;RLM11;0.0;0.0;1.0;;1.0;0.0;;REF683
REC8346;SP957;AUT.1_1;RLM11;0.0;0.0;1.0;;1.0;0.0;;REF683
REC8347;SP957;BEL.1_1;RLM11;0.0;0.0;1.0;;1.0;0.0;;REF683
REC8348;SP957;BGR.1_1;RLM11;0.0;0.0;1.0;;1.0;0.0;;REF683
REC8349;SP957;HRV.1_1;RLM11;0.0;0.0;1.0;;1.0;0.0;;REF683
REC8350;SP957;CZE.1_1;RLM11;0.0;0.0;1.0;;1.0;0.0;;REF683
REC8351;SP957;DNK.1_1;RLM11;0.0;0.0;1.0;;1.0;0.0;;REF683
REC8352;SP957;FRA.1_1;RLM11;0.0;0.0;1.0;;1.0;0.0;;REF683
REC8353;SP957;DEU.1_1;RLM11;0.0;0.0;1.0;;1.0;0.0;;REF683
REC8354;SP957;HUN.1_1;RLM11;0.0;0.0;1.0;;1.0;0.0;;REF683
REC8355;SP957;ITA.1_1;RLM11;0.0;0.0;1.0;;1.0;0.0;;REF683
REC8356;SP957;LTU.1_1;RLM11;0.0;0.0;1.0;;1.0;0.0;;REF683
REC8357;SP957;NLD.1_1;RLM11;0.0;0.0;1.0;;1.0;0.0;;REF683
REC8358;SP957;POL.1_1;RLM11;0.0;0.0;1.0;;1.0;0.0;;REF683
REC8359;SP957;ROU.1_1;RLM11;0.0;0.0;1.0;;1.0;0.0;;REF683
REC8360;SP957;SRB.1_1;RLM11;0.0;0.0;1.0;;1.0;0.0;;REF683
REC8361;SP957;SVK.1_1;RLM11;0.0;0.0;1.0;;1.0;0.0;;REF683
REC8362;SP957;SVN.1_1;RLM11;0.0;0.0;1.0;;1.0;0.0;;REF683
REC8363;SP957;ESP.1_1;RLM11;0.0;0.0;1.0;;1.0;0.0;;REF683
REC8364;SP957;CHE.1_1;RLM11;0.0;0.0;1.0;;1.0;0.0;;REF683
REC8365;SP957;GBR.1_1;RLM11;0.0;0.0;1.0;;1.0;0.0;;REF683
REC8366;SP957;SRB.1_1;RLM11;0.0;0.0;1.0;;1.0;0.0;;REF911
REC8367;SP957;ESP.1_1;RLM11;0.0;0.0;1.0;1.0;1.0;0.0;2001.0;REF987
REC8368;SP957;FRA.1_1;RLM11;0.0;0.0;1.0;1.0;1.0;0.0;1989.0;REF987
REC8369;SP957;CHE.1_1;RLM11;0.0;0.0;1.0;0.0;1.0;0.0;1983.0;REF987
REC8370;SP957;ITA.1_1;RLM11;0.0;0.0;1.0;1.0;1.0;0.0;1988.0;REF987
REC8371;SP957;DEU.1_1;RLM11;0.0;0.0;1.0;1.0;1.0;0.0;1989.0;REF987
REC8372;SP957;BEL.1_1;RLM11;0.0;0.0;1.0;1.0;1.0;0.0;2001.0;REF987
REC8373;SP957;NLD.1_1;RLM11;0.0;0.0;1.0;1.0;1.0;0.0;1999.0;REF987
REC8374;SP957;POL.1_1;RLM11;0.0;0.0;1.0;1.0;1.0;0.0;1999.0;REF987
REC8375;SP957;CZE.1_1;RLM11;0.0;0.0;1.0;1.0;1.0;0.0;1992.0;REF987
REC8376;SP957;SVK.1_1;RLM11;0.0;0.0;1.0;1.0;1.0;0.0;1992.0;REF987
REC8377;SP957;HUN.1_1;RLM11;0.0;0.0;1.0;1.0;1.0;0.0;1993.0;REF987
REC8378;SP957;SVN.1_1;RLM11;0.0;0.0;1.0;1.0;1.0;0.0;1993.0;REF987
REC8379;SP957;BIH.1_1;RLM11;0.0;0.0;1.0;1.0;1.0;0.0;1999.0;REF987
REC8380;SP957;SRB.1_1;RLM11;0.0;0.0;1.0;1.0;1.0;0.0;1998.0;REF987
REC8381;SP957;MNE.1_1;RLM11;0.0;0.0;1.0;1.0;1.0;0.0;1998.0;REF987
REC8382;SP957;AUT.1_1;RLM11;0.0;0.0;1.0;1.0;1.0;0.0;1991.0;REF987
REC8383;SP957;DEU.1_1;RLM11;0.0;0.0;1.0;;1.0;0.0;1983.0;REF1175
REC8384;SP957;CHE.1_1;RLM11;0.0;0.0;1.0;;1.0;0.0;1984.0;REF1175
REC8385;SP957;POL.1_1;RLM11;0.0;0.0;1.0;;1.0;0.0;2000.0;REF221
REC8386;SP957;ROU.1_1;RLM11;0.0;0.0;1.0;;1.0;0.0;2003.0;REF353
REC8387;SP957;LTU.1_1;RLM11;0.0;0.0;1.0;;1.0;0.0;2007.0;REF548
REC8388;SP958;USA.1_1;RLM9;0.0;0.0;;1.0;;0.0;1980.0;REF358
REC8389;SP958;USA.1_1;RLM9;;0.0;1.0;;1.0;0.0;1980.0;REF1007
REC8390;SP958;USA.1_1;RLM9;0.0;0.0;;;1.0;0.0;;REF1195
REC8391;SP959;CHL.1_1;RLM5;;;;;1.0;0.0;;REF152
REC8392;SP959;JPN.1_1;RLM10;;;;;1.0;0.0;;REF152
REC8393;SP959;CHL.1_1;RLM5;;0.0;;;1.0;0.0;2020.0;REF215
REC8394;SP959;JPN.1_1;RLM10;;;1.0;;1.0;0.0;;REF697
REC8395;SP959;ZAF.1_1;RLM3;;;1.0;;1.0;0.0;;REF697
REC8396;SP959;CHL.1_1;RLM1;;;1.0;;1.0;0.0;1969.0;REF1096
REC8397;SP959;JPN.1_1;RLM10;;;1.0;;1.0;0.0;1995.0;REF1096
REC8398;SP959;NZL.1_1;RLM2;;;1.0;;1.0;0.0;2010.0;REF1096
REC8399;SP959;ZAF.1_1;RLM3;;0.0;1.0;;1.0;0.0;1994.0;REF1096
REC8400;SP959;ZAF.1_1;RLM3;;;1.0;;1.0;0.0;;REF542
REC8401;SP959;JPN.1_1;RLM10;;;1.0;;1.0;0.0;;REF542
REC8402;SP959;CHL.1_1;RLM1;;;;;1.0;0.0;;REF330
REC8403;SP959;NZL.1_1;RLM2;;;;;0.0;1.0;;REF330
REC8404;SP959;ZAF.1_1;RLM3;;;1.0;;1.0;0.0;1994.0;REF152
REC8405;SP959;JPN.1_1;RLM10;;;;;1.0;0.0;;REF152
REC8406;SP959;NZL.1_1;RLM2;;;;;1.0;0.0;;REF152
REC8407;SP959;CHL.1_1;RLM1;;;;;1.0;0.0;;REF152
REC8408;SP959;USA.1_1;RLM9;;0.0;1.0;;1.0;0.0;;REF1007
REC8409;SP959;JPN.1_1;RLM10;0.0;0.0;;;1.0;0.0;;REF1195
REC8410;SP959;JPN.1_1;RLM10;0.0;0.0;1.0;;1.0;0.0;;REF812
REC8411;SP959;JPN.1_1;RLM10;;0.0;;;1.0;0.0;1995.0;REF1058
REC8412;SP960;JPN.1_1;RLM6;;;1.0;;1.0;0.0;;REF697
REC8413;SP960;JPN.1_1;RLM6;;;1.0;;1.0;0.0;1988.0;REF1096
REC8414;SP960;JPN.1_1;RLM6;0.0;0.0;;;1.0;0.0;;REF1195
REC8415;SP961;CAN.1_1;RLM9;0.0;0.0;1.0;;1.0;0.0;;REF1002
REC8416;SP961;CAN.1_1;RLM9;;;;;1.0;0.0;;REF152
REC8417;SP961;USA.1_1;RLM9;;;;;1.0;0.0;;REF152
REC8418;SP961;USA.1_1;RLM9;;;;;1.0;0.0;;REF152
REC8419;SP961;USA.1_1;RLM9;;;;;1.0;0.0;;REF152
REC8420;SP961;USA.1_1;RLM9;;;;;1.0;0.0;;REF152
REC8421;SP961;USA.1_1;RLM9;;;;;1.0;0.0;;REF152
REC8422;SP961;USA.1_1;RLM9;;;;;1.0;0.0;;REF152
REC8423;SP961;USA.1_1;RLM9;;;;;1.0;0.0;;REF152
REC8424;SP961;USA.1_1;RLM9;;;;;1.0;0.0;;REF152
REC8425;SP961;USA.2_1;RLM9;;;1.0;;1.0;0.0;1897.0;REF152
REC8426;SP961;USA.1_1;RLM9;;;;;1.0;0.0;;REF152
REC8427;SP961;USA.1_1;RLM9;;;;;1.0;0.0;;REF152
REC8428;SP961;USA.1_1;RLM9;;;;;1.0;0.0;;REF152
REC8429;SP961;USA.1_1;RLM9;;;;;1.0;0.0;;REF152
REC8430;SP961;USA.1_1;RLM9;;;;;1.0;0.0;;REF152
REC8431;SP961;USA.1_1;RLM9;;;;;1.0;0.0;;REF152
REC8432;SP961;USA.1_1;RLM9;;;;;1.0;0.0;;REF152
REC8433;SP961;USA.1_1;RLM9;;;;;1.0;0.0;;REF152
REC8434;SP961;USA.1_1;RLM9;;;;;1.0;0.0;;REF152
REC8435;SP961;USA.1_1;RLM9;;;;;1.0;0.0;;REF152
REC8436;SP961;USA.1_1;RLM9;;;;;1.0;0.0;;REF152
REC8437;SP961;USA.1_1;RLM9;;;;;1.0;0.0;;REF152
REC8438;SP961;USA.1_1;RLM9;;;;;1.0;0.0;;REF152
REC8439;SP961;USA.1_1;RLM9;;;;;1.0;0.0;;REF152
REC8440;SP961;USA.1_1;RLM9;;;;;1.0;0.0;;REF152
REC8441;SP961;USA.1_1;RLM9;;;;;1.0;0.0;;REF152
REC8442;SP961;USA.1_1;RLM9;;;;;1.0;0.0;;REF152
REC8443;SP961;USA.1_1;RLM9;;;;;1.0;0.0;;REF152
REC8444;SP961;USA.1_1;RLM9;;;;;1.0;0.0;;REF152
REC8445;SP961;USA.1_1;RLM9;;;;;1.0;0.0;;REF152
REC8446;SP961;USA.1_1;RLM9;;;;;1.0;0.0;;REF152
REC8447;SP961;USA.1_1;RLM9;;;;;1.0;0.0;;REF152
REC8448;SP961;USA.1_1;RLM9;;;;;1.0;0.0;;REF152
REC8449;SP961;USA.1_1;RLM9;;;;;1.0;0.0;;REF152
REC8450;SP961;USA.1_1;RLM9;;;;;1.0;0.0;;REF152
REC8451;SP961;USA.1_1;RLM9;;;;;1.0;0.0;;REF152
REC8452;SP961;CAN.1_1;RLM9;;;;;1.0;0.0;;REF152
REC8453;SP961;USA.1_1;RLM9;;;;;1.0;0.0;;REF152
REC8454;SP961;USA.1_1;RLM9;;;;;1.0;0.0;;REF152
REC8455;SP961;USA.1_1;RLM9;;;;;1.0;0.0;;REF152
REC8456;SP961;AUS.1_1;RLM2;;;;;1.0;0.0;;REF152
REC8457;SP961;USA.1_1;RLM9;;;;;1.0;0.0;;REF152
REC8458;SP961;USA.1_1;RLM9;;;;;1.0;0.0;;REF152
REC8459;SP961;USA.1_1;RLM9;;;;;1.0;0.0;;REF152
REC8460;SP961;USA.1_1;RLM9;;;;;1.0;0.0;;REF152
REC8461;SP961;AUS.1_1;RLM2;;;;;1.0;0.0;;REF152
REC8462;SP961;USA.1_1;RLM9;;;;;1.0;0.0;;REF152
REC8463;SP961;USA.1_1;RLM9;;;;;1.0;0.0;;REF152
REC8464;SP961;USA.1_1;RLM9;;;;;1.0;0.0;;REF152
REC8465;SP961;USA.1_1;RLM9;;;;;1.0;0.0;;REF152
REC8466;SP961;USA.1_1;RLM9;;;;;1.0;0.0;;REF152
REC8467;SP961;USA.1_1;RLM9;0.0;0.0;1.0;0.0;1.0;0.0;1879.0;REF961
REC8468;SP961;USA.1_1;RLM9;0.0;0.0;1.0;0.0;1.0;0.0;1855.0;REF961
REC8469;SP961;USA.1_1;RLM9;;;;;1.0;0.0;;REF152
REC8470;SP961;USA.2_1;RLM9;;;1.0;;1.0;0.0;;REF697
REC8471;SP961;USA.2_1;RLM9;;;1.0;;1.0;0.0;1899.0;REF1096
REC8472;SP961;USA.2_1;RLM9;0.0;0.0;1.0;;1.0;0.0;1897.0;REF1007
REC8473;SP961;USA.2_1;RLM9;0.0;0.0;1.0;;1.0;0.0;;REF961
REC8474;SP961;USA.2_1;RLM9;0.0;0.0;;;1.0;0.0;;REF1195
REC8475;SP961;GUM.1_1;RLM5;0.0;0.0;1.0;;1.0;0.0;;REF1000
REC8476;SP961;AUS.1_1;RLM2;0.0;0.0;1.0;1.0;1.0;0.0;1832.0;REF961
REC8477;SP961;AUS.1_1;RLM2;0.0;0.0;1.0;;1.0;0.0;1930.0;REF119
REC8478;SP961;JPN.1_1;RLM6;;;1.0;;1.0;0.0;;REF697
REC8479;SP961;JPN.1_1;RLM6;;;1.0;;1.0;0.0;;REF697
REC8480;SP961;JPN.1_1;RLM6;;;1.0;;1.0;0.0;1958.0;REF1096
REC8481;SP961;JPN.1_1;RLM6;0.0;0.0;;;1.0;0.0;;REF1195
REC8482;SP961;JPN.1_1;RLM6;;;1.0;;1.0;0.0;1958.0;REF1096
REC8483;SP961;JPN.1_1;RLM6;0.0;0.0;;;1.0;0.0;;REF1195
REC8484;SP961;AUS.1_1;RLM2;;;1.0;;1.0;0.0;;REF697
REC8485;SP961;JPN.1_1;RLM10;;;1.0;;1.0;0.0;;REF697
REC8486;SP961;KOR.1_1;RLM11;;;1.0;;1.0;0.0;;REF697
REC8487;SP961;NZL.1_1;RLM2;;;1.0;;1.0;0.0;;REF697
REC8488;SP961;JPN.1_1;RLM10;;;1.0;;1.0;0.0;;REF1096
REC8489;SP961;KOR.1_1;RLM11;;;1.0;;1.0;0.0;;REF1096
REC8490;SP961;NZL.1_1;RLM2;;;1.0;;1.0;0.0;1930.0;REF1096
REC8491;SP961;CAN.1_1;RLM9;;;1.0;;1.0;0.0;;REF542
REC8492;SP961;JPN.1_1;RLM10;;;1.0;;1.0;0.0;;REF542
REC8493;SP961;JPN.1_1;RLM10;;;;;1.0;0.0;;REF152
REC8494;SP961;KOR.1_1;RLM11;;;;;1.0;0.0;;REF152
REC8495;SP961;CAN.1_1;RLM9;;;;;1.0;0.0;1860.0;REF152
REC8496;SP961;MEX.1_1;RLM9;;;;;1.0;0.0;;REF152
REC8497;SP961;USA.1_1;RLM9;;;;;1.0;0.0;1860.0;REF152
REC8498;SP961;AUS.1_1;RLM2;;;;;1.0;0.0;;REF152
REC8499;SP961;NZL.1_1;RLM2;;;1.0;;1.0;0.0;1930.0;REF152
REC8500;SP961;USA.1_1;RLM9;0.0;0.0;1.0;;1.0;0.0;1856.0;REF1007
REC8501;SP961;AUS.1_1;RLM2;0.0;0.0;1.0;;1.0;0.0;;REF961
REC8502;SP961;USA.1_1;RLM9;0.0;0.0;1.0;;1.0;0.0;;REF961
REC8503;SP961;NZL.1_1;RLM2;0.0;0.0;1.0;;1.0;0.0;;REF961
REC8504;SP961;MEX.1_1;RLM9;0.0;0.0;1.0;;1.0;0.0;;REF961
REC8505;SP961;NZL.1_1;RLM2;0.0;0.0;1.0;0.0;1.0;0.0;1924.0;REF961
REC8506;SP961;USA.1_1;RLM9;0.0;0.0;;;1.0;0.0;;REF1195
REC8507;SP961;JPN.1_1;RLM10;0.0;0.0;;;1.0;0.0;;REF1195
REC8508;SP961;JPN.1_1;RLM10;0.0;0.0;1.0;;1.0;0.0;;REF812
REC8509;SP961;JPN.1_1;RLM10;0.0;0.0;1.0;;1.0;0.0;1700.0;REF779
REC8510;SP961;USA.1_1;RLM9;0.0;0.0;1.0;;1.0;0.0;;REF1002
REC8511;SP959;JPN.1_1;RLM10;0.0;0.0;1.0;;1.0;0.0;1996.0;REF811
REC8512;SP962;ECU.2_1;RLM1;;;1.0;;1.0;0.0;;REF697
REC8513;SP962;ECU.2_1;RLM1;;;1.0;;1.0;0.0;1906.0;REF1096
REC8514;SP963;ECU.2_1;RLM1;;;1.0;;1.0;0.0;;REF697
REC8515;SP963;ECU.2_1;RLM1;;;1.0;;1.0;0.0;1899.0;REF1096
REC8516;SP964;CAN.1_1;RLM9;0.0;0.0;1.0;;1.0;0.0;;REF1002
REC8517;SP964;PRT.2_1;RLM11;0.0;0.0;1.0;;1.0;0.0;;REF683
REC8518;SP964;NZL.1_1;RLM2;;;1.0;;1.0;0.0;;REF697
REC8519;SP964;NZL.1_1;RLM2;;;1.0;;1.0;0.0;2010.0;REF1096
REC8520;SP964;USA.1_1;RLM9;;;;;1.0;0.0;;REF330
REC8521;SP964;USA.1_1;RLM9;0.0;0.0;1.0;;1.0;0.0;1952.0;REF1007
REC8522;SP964;USA.1_1;RLM9;0.0;0.0;;;1.0;0.0;;REF1195
REC8523;SP964;USA.1_1;RLM9;0.0;0.0;1.0;0.0;1.0;0.0;1951.0;REF1002
REC8524;SP965;USA.2_1;RLM9;0.0;;1.0;;1.0;0.0;;REF48
REC8525;SP965;NLD.1_1;RLM11;;;1.0;;1.0;0.0;;REF542
REC8526;SP965;GBR.1_1;RLM11;;;1.0;;1.0;0.0;;REF542
REC8527;SP965;NLD.1_1;RLM11;;;;;0.0;1.0;;REF330
REC8528;SP966;USA.2_1;RLM9;0.0;;1.0;;1.0;0.0;;REF47
REC8529;SP966;USA.2_1;RLM9;;;1.0;;1.0;0.0;;REF697
REC8530;SP966;USA.2_1;RLM9;;;1.0;;1.0;0.0;1991.0;REF1096
REC8531;SP966;USA.2_1;RLM9;;;;;1.0;0.0;;REF330
REC8532;SP966;USA.2_1;RLM9;0.0;0.0;1.0;;1.0;0.0;;REF1007
REC8533;SP966;USA.2_1;RLM9;0.0;0.0;;;1.0;0.0;;REF1195
REC8534;SP967;NZL.1_1;RLM2;;;1.0;;1.0;0.0;;REF697
REC8535;SP968;NZL.1_1;RLM2;;1.0;1.0;;1.0;0.0;2006.0;REF1096
REC8536;SP968;NZL.1_1;RLM2;0.0;1.0;1.0;0.0;1.0;0.0;2006.0;REF663
REC8537;SP968;AUS.1_1;RLM2;0.0;1.0;1.0;0.0;1.0;0.0;1999.0;REF663
REC8538;SP969;NLD.1_1;RLM11;;;1.0;;1.0;0.0;;REF542
REC8539;SP969;DEU.1_1;RLM11;0.0;0.0;1.0;0.0;1.0;0.0;2017.0;REF990
REC8540;SP970;USA.2_1;RLM9;0.0;;1.0;;1.0;0.0;;REF48
REC8541;SP971;USA.1_2;RLM9;;0.0;1.0;;1.0;0.0;;REF1002
REC8542;SP971;CAN.1_1;RLM9;;0.0;1.0;;1.0;0.0;;REF1002
REC8543;SP971;PRT.2_1;RLM11;0.0;0.0;1.0;;1.0;0.0;;REF683
REC8544;SP971;GRC.2_1;RLM11;0.0;0.0;1.0;;1.0;0.0;;REF683
REC8545;SP971;USA.2_1;RLM9;;;1.0;;1.0;0.0;;REF697
REC8546;SP971;USA.2_1;RLM9;;;1.0;;1.0;0.0;1879.0;REF1096
REC8547;SP971;USA.2_1;RLM9;0.0;0.0;1.0;;1.0;0.0;;REF1007
REC8548;SP971;USA.2_1;RLM9;0.0;0.0;;;1.0;0.0;;REF1195
REC8549;SP971;PRT.3_1;RLM11;0.0;0.0;1.0;;1.0;0.0;;REF683
REC8550;SP971;JPN.1_1;RLM6;;;1.0;;1.0;0.0;;REF697
REC8551;SP971;JPN.1_1;RLM6;;;1.0;;1.0;0.0;;REF697
REC8552;SP971;JPN.1_1;RLM6;;;1.0;;1.0;0.0;;REF1096
REC8553;SP971;JPN.1_1;RLM6;0.0;0.0;;;1.0;0.0;;REF1195
REC8554;SP971;JPN.1_1;RLM6;;;1.0;;1.0;0.0;;REF1096
REC8555;SP971;JPN.1_1;RLM6;0.0;0.0;;;1.0;0.0;;REF1195
REC8556;SP971;USA.1_1;RLM9;0.0;0.0;0.0;1.0;0.0;0.0;2003.0;REF207
REC8557;SP971;AUS.1_1;RLM2;;;1.0;;1.0;0.0;;REF697
REC8558;SP971;JPN.1_1;RLM10;;;1.0;;1.0;0.0;;REF697
REC8559;SP971;KOR.1_1;RLM11;;;1.0;;1.0;0.0;;REF697
REC8560;SP971;NZL.1_1;RLM2;;;1.0;;1.0;0.0;;REF697
REC8561;SP971;ZAF.1_1;RLM3;;;1.0;;1.0;0.0;;REF697
REC8562;SP971;CHL.1_1;RLM1;;;1.0;;1.0;0.0;1930.0;REF1096
REC8563;SP971;JPN.1_1;RLM10;;;1.0;;1.0;0.0;1917.0;REF1096
REC8564;SP971;KOR.1_1;RLM11;;;1.0;;1.0;0.0;1910.0;REF1096
REC8565;SP971;NZL.1_1;RLM2;;;1.0;;1.0;0.0;1923.0;REF1096
REC8566;SP971;ZAF.1_1;RLM3;;0.0;1.0;;1.0;0.0;;REF1096
REC8567;SP971;DNK.1_1;RLM11;;;1.0;;1.0;0.0;;REF542
REC8568;SP971;VEN.1_1;RLM1;;;1.0;;1.0;0.0;;REF542
REC8569;SP971;DEU.1_1;RLM11;;;1.0;;1.0;0.0;;REF542
REC8570;SP971;IRL.1_1;RLM11;;;1.0;;1.0;0.0;;REF542
REC8571;SP971;ARE.1_1;RLM8;;;1.0;;1.0;0.0;;REF542
REC8572;SP971;SVN.1_1;RLM11;;;1.0;;1.0;0.0;;REF542
REC8573;SP971;CHN.1_1;RLM11;;;1.0;;1.0;0.0;;REF542
REC8574;SP971;NLD.1_1;RLM11;;;1.0;;1.0;0.0;;REF542
REC8575;SP971;AUT.1_1;RLM11;;;1.0;;1.0;0.0;;REF542
REC8576;SP971;BLR.1_1;RLM11;;;1.0;;1.0;0.0;;REF542
REC8577;SP971;EST.1_1;RLM11;;;1.0;;1.0;0.0;;REF542
REC8578;SP971;FRA.1_1;RLM11;;;1.0;;1.0;0.0;;REF542
REC8579;SP971;SWE.1_1;RLM11;;;1.0;;1.0;0.0;;REF542
REC8580;SP971;RUS.1_2;RLM11;;;1.0;;1.0;0.0;;REF542
REC8581;SP971;ZAF.1_1;RLM3;;;1.0;;1.0;0.0;;REF542
REC8582;SP971;JPN.1_1;RLM10;;;1.0;;1.0;0.0;;REF542
REC8583;SP971;BGR.1_1;RLM11;;;1.0;;1.0;0.0;;REF542
REC8584;SP971;AUT.1_1;RLM11;;;;;1.0;0.0;;REF957
REC8585;SP971;BEL.1_1;RLM11;;;;;1.0;0.0;;REF957
REC8586;SP971;CZE.1_1;RLM11;;;;;1.0;0.0;;REF957
REC8587;SP971;ESP.1_1;RLM11;;;;;1.0;0.0;1991.0;REF957
REC8588;SP971;FRA.1_1;RLM11;;;;;1.0;0.0;;REF957
REC8589;SP971;DEU.1_1;RLM11;;;;;1.0;0.0;1813.0;REF957
REC8590;SP971;GRC.2_1;RLM11;;;;;1.0;0.0;;REF957
REC8591;SP971;HUN.1_1;RLM11;;;;;1.0;0.0;;REF957
REC8592;SP971;IRL.1_1;RLM11;;;;;1.0;0.0;;REF957
REC8593;SP971;LVA.1_1;RLM11;;;;;1.0;0.0;1924.0;REF957
REC8594;SP971;MLT.1_1;RLM8;;;;;1.0;0.0;;REF957
REC8595;SP971;NLD.1_1;RLM11;;;;;1.0;0.0;1926.0;REF957
REC8596;SP971;POL.1_1;RLM11;;;;;1.0;0.0;;REF957
REC8597;SP971;PRT.3_1;RLM11;;;;;1.0;0.0;;REF957
REC8598;SP971;ROU.1_1;RLM11;;;;;1.0;0.0;;REF957
REC8599;SP971;SVK.1_1;RLM11;;;;;1.0;0.0;1910.0;REF957
REC8600;SP971;ESP.1_1;RLM11;;;;;1.0;0.0;;REF957
REC8601;SP971;CHE.1_1;RLM11;;;;;1.0;0.0;;REF957
REC8602;SP971;ALB.1_1;RLM11;;;;;1.0;0.0;;REF957
REC8603;SP971;BLR.1_1;RLM11;;;;;1.0;0.0;;REF957
REC8604;SP971;BGR.1_1;RLM11;;;;;1.0;0.0;;REF957
REC8605;SP971;DNK.1_1;RLM11;;;;;1.0;0.0;;REF957
REC8606;SP971;FIN.1_1;RLM11;;;;;1.0;0.0;;REF957
REC8607;SP971;MKD.1_1;RLM11;;;;;1.0;0.0;;REF957
REC8608;SP971;GBR.1_1;RLM11;;;;;1.0;0.0;;REF957
REC8609;SP971;GRC.1_1;RLM11;;;;;1.0;0.0;;REF957
REC8610;SP971;ISL.1_1;RLM11;;;;;1.0;0.0;;REF957
REC8611;SP971;ITA.1_1;RLM11;;;;;1.0;0.0;;REF957
REC8612;SP971;LTU.1_1;RLM11;;;;;1.0;0.0;;REF957
REC8613;SP971;NOR.1_1;RLM11;;;;;1.0;0.0;;REF957
REC8614;SP971;PRT.2_1;RLM11;;;;;1.0;0.0;;REF957
REC8615;SP971;PRT.1_1;RLM11;;;;;1.0;0.0;;REF957
REC8616;SP971;SVN.1_1;RLM11;;;;;1.0;0.0;;REF957
REC8617;SP971;SWE.1_1;RLM11;;;;;1.0;0.0;1953.0;REF957
REC8618;SP971;USA.1_1;RLM9;0.0;0.0;1.0;;1.0;0.0;1565.0;REF1007
REC8619;SP971;USA.1_1;RLM9;0.0;0.0;;;1.0;0.0;;REF1195
REC8620;SP971;JPN.1_1;RLM10;0.0;0.0;;;1.0;0.0;;REF1195
REC8621;SP971;ALB.1_1;RLM11;0.0;0.0;1.0;;1.0;0.0;;REF683
REC8622;SP971;AUT.1_1;RLM11;0.0;0.0;1.0;;1.0;0.0;;REF683
REC8623;SP971;BLR.1_1;RLM11;0.0;0.0;1.0;;1.0;0.0;;REF683
REC8624;SP971;BEL.1_1;RLM11;0.0;0.0;1.0;;1.0;0.0;;REF683
REC8625;SP971;BGR.1_1;RLM11;0.0;0.0;1.0;;1.0;0.0;;REF683
REC8626;SP971;CZE.1_1;RLM11;0.0;0.0;1.0;;1.0;0.0;;REF683
REC8627;SP971;DNK.1_1;RLM11;0.0;0.0;1.0;;1.0;0.0;;REF683
REC8628;SP971;EST.1_1;RLM11;0.0;0.0;1.0;;1.0;0.0;;REF683
REC8629;SP971;FIN.1_1;RLM11;0.0;0.0;1.0;;1.0;0.0;;REF683
REC8630;SP971;FRA.1_1;RLM11;0.0;0.0;1.0;;1.0;0.0;;REF683
REC8631;SP971;DEU.1_1;RLM11;0.0;0.0;1.0;;1.0;0.0;;REF683
REC8632;SP971;GRC.1_1;RLM11;0.0;0.0;1.0;;1.0;0.0;;REF683
REC8633;SP971;HUN.1_1;RLM11;0.0;0.0;1.0;;1.0;0.0;;REF683
REC8634;SP971;ISL.1_1;RLM11;0.0;0.0;1.0;;1.0;0.0;;REF683
REC8635;SP971;ITA.1_1;RLM11;0.0;0.0;1.0;;1.0;0.0;;REF683
REC8636;SP971;LVA.1_1;RLM11;0.0;0.0;1.0;;1.0;0.0;;REF683
REC8637;SP971;LTU.1_1;RLM11;0.0;0.0;1.0;;1.0;0.0;;REF683
REC8638;SP971;MLT.1_1;RLM8;0.0;0.0;1.0;;1.0;0.0;;REF683
REC8639;SP971;MNE.1_1;RLM11;0.0;0.0;1.0;;1.0;0.0;;REF683
REC8640;SP971;NLD.1_1;RLM11;0.0;0.0;1.0;;1.0;0.0;;REF683
REC8641;SP971;MKD.1_1;RLM11;0.0;0.0;1.0;;1.0;0.0;;REF683
REC8642;SP971;NOR.1_1;RLM11;0.0;0.0;1.0;;1.0;0.0;;REF683
REC8643;SP971;POL.1_1;RLM11;0.0;0.0;1.0;;1.0;0.0;;REF683
REC8644;SP971;PRT.1_1;RLM11;0.0;0.0;1.0;;1.0;0.0;;REF683
REC8645;SP971;IRL.1_1;RLM11;0.0;0.0;1.0;;1.0;0.0;;REF683
REC8646;SP971;ROU.1_1;RLM11;0.0;0.0;1.0;;1.0;0.0;;REF683
REC8647;SP971;RUS.1_2;RLM11;0.0;0.0;1.0;;1.0;0.0;;REF683
REC8648;SP971;SVK.1_1;RLM11;0.0;0.0;1.0;;1.0;0.0;;REF683
REC8649;SP971;SVN.1_1;RLM11;0.0;0.0;1.0;;1.0;0.0;;REF683
REC8650;SP971;ESP.1_1;RLM11;0.0;0.0;1.0;;1.0;0.0;;REF683
REC8651;SP971;SWE.1_1;RLM11;0.0;0.0;1.0;;1.0;0.0;;REF683
REC8652;SP971;CHE.1_1;RLM11;0.0;0.0;1.0;;1.0;0.0;;REF683
REC8653;SP971;GBR.1_1;RLM11;0.0;0.0;1.0;;1.0;0.0;;REF683
REC8654;SP971;GBR.1_1;RLM11;0.0;0.0;1.0;;1.0;0.0;;REF683
REC8655;SP971;GRC.1_1;RLM11;1.0;0.0;;;1.0;0.0;1813.0;REF911
REC8656;SP971;VEN.1_1;RLM1;1.0;0.0;;;1.0;0.0;;REF912
REC8657;SP971;POL.1_1;RLM11;1.0;0.0;;;;0.0;1900.0;REF1073
REC8658;SP971;NOR.1_1;RLM11;1.0;0.0;;;0.0;0.0;1800.0;REF973
REC8659;SP971;JPN.1_1;RLM10;0.0;0.0;1.0;;1.0;0.0;;REF812
REC8660;SP971;USA.1_1;RLM9;;0.0;1.0;;1.0;0.0;;REF1002
REC8661;SP972;CAN.1_1;RLM9;;;;;1.0;0.0;;REF152
REC8662;SP972;SWE.1_1;RLM11;;;1.0;;1.0;0.0;;REF542
REC8663;SP972;IRL.1_1;RLM11;;;1.0;;1.0;0.0;;REF542
REC8664;SP972;IRL.1_1;RLM11;;;;;1.0;0.0;;REF152
REC8665;SP972;SWE.1_1;RLM11;;;;;1.0;0.0;;REF152
REC8666;SP972;CAN.1_1;RLM9;;;;;1.0;0.0;;REF152
REC8667;SP972;USA.1_1;RLM9;;0.0;1.0;;1.0;0.0;1565.0;REF1007
REC8668;SP972;SWE.1_1;RLM11;0.0;0.0;1.0;;1.0;0.0;;REF683
REC8669;SP972;CAN.1_1;RLM9;0.0;0.0;1.0;;1.0;0.0;;REF1
REC8670;SP973;USA.1_2;RLM9;0.0;0.0;1.0;;1.0;0.0;;REF1002
REC8671;SP973;CAN.1_1;RLM9;0.0;0.0;1.0;;1.0;0.0;;REF1002
REC8672;SP973;USA.2_1;RLM9;0.0;;1.0;;1.0;0.0;;REF48
REC8673;SP973;CAN.1_1;RLM9;;;;;1.0;0.0;;REF152
REC8674;SP973;USA.1_1;RLM9;;;;;1.0;0.0;;REF152
REC8675;SP973;CHN.1_1;RLM10;;;;;1.0;0.0;;REF152
REC8676;SP973;USA.1_1;RLM9;;;;;1.0;0.0;;REF152
REC8677;SP973;USA.1_1;RLM9;;;;;1.0;0.0;;REF152
REC8678;SP973;CHN.1_1;RLM10;;;;;1.0;0.0;;REF152
REC8679;SP973;USA.1_1;RLM9;;;;;1.0;0.0;;REF152
REC8680;SP973;USA.1_1;RLM9;;;;;1.0;0.0;;REF152
REC8681;SP973;USA.1_1;RLM9;;;;;1.0;0.0;;REF152
REC8682;SP973;USA.1_1;RLM9;;;;;1.0;0.0;;REF152
REC8683;SP973;USA.1_1;RLM9;;;;;1.0;0.0;;REF152
REC8684;SP973;CHN.1_1;RLM10;;;;;1.0;0.0;;REF152
REC8685;SP973;CHN.1_1;RLM6;;;;;1.0;0.0;;REF152
REC8686;SP973;CHN.1_1;RLM6;;;;;1.0;0.0;;REF152
REC8687;SP973;CHN.2_1;RLM6;;;;;1.0;0.0;;REF152
REC8688;SP973;USA.2_1;RLM9;;;;;1.0;0.0;;REF152
REC8689;SP973;CHN.1_1;RLM10;;;;;1.0;0.0;;REF152
REC8690;SP973;CHN.1_1;RLM10;;;;;1.0;0.0;;REF152
REC8691;SP973;JPN.1_1;RLM10;;;;;1.0;0.0;;REF152
REC8692;SP973;JPN.1_1;RLM10;;;;;1.0;0.0;;REF152
REC8693;SP973;CHN.1_1;RLM10;;;;;1.0;0.0;;REF152
REC8694;SP973;CHN.1_1;RLM10;;;;;1.0;0.0;;REF152
REC8695;SP973;USA.1_1;RLM9;;;;;1.0;0.0;;REF152
REC8696;SP973;USA.1_1;RLM9;;;;;1.0;0.0;;REF152
REC8697;SP973;USA.1_1;RLM9;;;;;1.0;0.0;;REF152
REC8698;SP973;CHN.1_1;RLM11;;;;;1.0;0.0;;REF152
REC8699;SP973;USA.1_1;RLM9;;;;;1.0;0.0;;REF152
REC8700;SP973;CHN.1_1;RLM10;;;;;1.0;0.0;;REF152
REC8701;SP973;CHN.1_1;RLM10;;;;;1.0;0.0;;REF152
REC8702;SP973;CHN.1_1;RLM11;;;;;1.0;0.0;;REF152
REC8703;SP973;USA.1_1;RLM9;;;;;1.0;0.0;;REF152
REC8704;SP973;USA.1_1;RLM9;;;;;1.0;0.0;;REF152
REC8705;SP973;JPN.1_1;RLM10;;;;;1.0;0.0;;REF152
REC8706;SP973;CHN.1_1;RLM11;;;;;1.0;0.0;;REF152
REC8707;SP973;USA.1_1;RLM9;;;;;1.0;0.0;;REF152
REC8708;SP973;USA.1_1;RLM9;;;;;1.0;0.0;;REF152
REC8709;SP973;CAN.1_1;RLM9;;;;;1.0;0.0;;REF152
REC8710;SP973;USA.1_1;RLM9;;;;;1.0;0.0;;REF152
REC8711;SP973;USA.1_1;RLM9;;;;;1.0;0.0;;REF152
REC8712;SP973;USA.1_1;RLM9;;;;;1.0;0.0;;REF152
REC8713;SP973;USA.1_1;RLM9;;;;;1.0;0.0;;REF152
REC8714;SP973;USA.1_1;RLM9;;;;;1.0;0.0;;REF152
REC8715;SP973;USA.1_1;RLM9;;;;;1.0;0.0;;REF152
REC8716;SP973;USA.1_1;RLM9;;;;;1.0;0.0;;REF152
REC8717;SP973;USA.1_1;RLM9;;;;;1.0;0.0;;REF152
REC8718;SP973;USA.1_1;RLM9;;;;;1.0;0.0;;REF152
REC8719;SP973;USA.1_1;RLM9;;;;;1.0;0.0;;REF152
REC8720;SP973;AUS.1_1;RLM2;;;;;1.0;0.0;;REF152
REC8721;SP973;CAN.1_1;RLM9;;;;;1.0;0.0;;REF152
REC8722;SP973;USA.1_1;RLM9;;;;;1.0;0.0;;REF152
REC8723;SP973;USA.1_1;RLM9;;;;;1.0;0.0;;REF152
REC8724;SP973;AUS.1_1;RLM2;;;;;1.0;0.0;;REF152
REC8725;SP973;USA.1_1;RLM9;;;;;1.0;0.0;;REF152
REC8726;SP973;USA.1_1;RLM9;;;;;1.0;0.0;;REF152
REC8727;SP973;CAN.1_1;RLM9;;;;;1.0;0.0;;REF152
REC8728;SP973;USA.1_1;RLM9;;;;;1.0;0.0;;REF152
REC8729;SP973;USA.1_1;RLM9;;;;;1.0;0.0;;REF152
REC8730;SP973;CHN.1_1;RLM10;;;;;1.0;0.0;;REF152
REC8731;SP973;AUS.1_1;RLM2;;;;;1.0;0.0;;REF152
REC8732;SP973;USA.1_1;RLM9;;;;;1.0;0.0;;REF152
REC8733;SP973;JPN.1_1;RLM6;;;;;1.0;0.0;;REF152
REC8734;SP973;CAN.1_1;RLM9;;;;;1.0;0.0;;REF152
REC8735;SP973;CHN.1_1;RLM10;;;;;1.0;0.0;;REF152
REC8736;SP973;CHN.1_1;RLM10;;;;;1.0;0.0;;REF152
REC8737;SP973;CHN.1_1;RLM10;;;;;1.0;0.0;;REF152
REC8738;SP973;JPN.1_1;RLM10;;;;;1.0;0.0;;REF152
REC8739;SP973;CHN.1_1;RLM10;;;;;1.0;0.0;;REF152
REC8740;SP973;AUS.1_1;RLM2;;;;;1.0;0.0;;REF152
REC8741;SP973;USA.1_1;RLM9;;;;;1.0;0.0;;REF152
REC8742;SP973;USA.1_1;RLM9;;;;;1.0;0.0;;REF152
REC8743;SP973;AUS.1_1;RLM2;;;;;1.0;0.0;;REF152
REC8744;SP973;USA.1_1;RLM9;;;;;1.0;0.0;;REF152
REC8745;SP973;USA.1_1;RLM9;;;;;1.0;0.0;;REF152
REC8746;SP973;USA.1_1;RLM9;;;;;1.0;0.0;;REF152
REC8747;SP973;AUS.1_1;RLM2;;;;;1.0;0.0;;REF152
REC8748;SP973;USA.1_1;RLM9;;;;;1.0;0.0;;REF152
REC8749;SP973;USA.1_1;RLM9;;;;;1.0;0.0;;REF152
REC8750;SP973;AUS.1_1;RLM2;;;;;1.0;0.0;;REF152
REC8751;SP973;USA.1_1;RLM9;;;;;1.0;0.0;;REF152
REC8752;SP973;USA.1_1;RLM9;;;;;1.0;0.0;;REF152
REC8753;SP973;CHN.1_1;RLM6;;;;;1.0;0.0;;REF152
REC8754;SP973;CHN.1_1;RLM10;;;;;1.0;0.0;;REF152
REC8755;SP973;USA.5_1;RLM5;0.0;0.0;1.0;;1.0;0.0;;REF1000
REC8756;SP973;CHN.1_1;RLM10;0.0;0.0;1.0;;1.0;0.0;;REF1162
REC8757;SP973;CHN.1_1;RLM10;0.0;0.0;1.0;;1.0;0.0;;REF1162
REC8758;SP973;ECU.2_1;RLM1;;;1.0;;1.0;0.0;;REF697
REC8759;SP973;ECU.2_1;RLM1;;;1.0;;1.0;0.0;2004.0;REF1096
REC8760;SP973;USA.1_1;RLM9;;;;;1.0;0.0;;REF152
REC8761;SP973;GUM.1_1;RLM5;0.0;0.0;;;1.0;0.0;;REF1000
REC8762;SP973;CHN.1_1;RLM6;0.0;0.0;1.0;;1.0;0.0;;REF1162
REC8763;SP973;CHN.1_1;RLM6;0.0;0.0;1.0;;1.0;0.0;;REF1162
REC8764;SP973;CHN.2_1;RLM6;0.0;0.0;1.0;;1.0;0.0;;REF1162
REC8765;SP973;USA.2_1;RLM9;;;1.0;;1.0;0.0;;REF697
REC8766;SP973;USA.2_1;RLM9;;;1.0;;1.0;0.0;1899.0;REF1096
REC8767;SP973;USA.2_1;RLM9;0.0;0.0;1.0;;1.0;0.0;;REF1007
REC8768;SP973;USA.2_1;RLM9;0.0;0.0;;;1.0;0.0;;REF1195
REC8769;SP973;CHN.1_1;RLM10;0.0;0.0;1.0;;1.0;0.0;;REF1162
REC8770;SP973;CHN.1_1;RLM10;0.0;0.0;1.0;;1.0;0.0;;REF1162
REC8771;SP973;CHN.1_1;RLM10;0.0;0.0;1.0;;1.0;0.0;;REF1162
REC8772;SP973;CHN.1_1;RLM10;0.0;0.0;1.0;;1.0;0.0;;REF1162
REC8773;SP973;CHN.1_1;RLM11;0.0;0.0;1.0;;1.0;0.0;;REF1162
REC8774;SP973;CHN.1_1;RLM11;0.0;0.0;1.0;;1.0;0.0;;REF1162
REC8775;SP973;GUM.1_1;RLM5;0.0;0.0;1.0;;1.0;0.0;;REF1000
REC8776;SP973;ZAF.1_1;RLM3;1.0;0.0;;1.0;;0.0;2005.0;REF361
REC8777;SP973;ZAF.1_1;RLM3;1.0;0.0;;;1.0;0.0;1986.0;REF186
REC8778;SP973;JPN.1_1;RLM6;;;1.0;;1.0;0.0;;REF697
REC8779;SP973;CHN.1_1;RLM11;0.0;0.0;1.0;;1.0;0.0;;REF1162
REC8780;SP973;JPN.1_1;RLM6;;;1.0;;1.0;0.0;;REF697
REC8781;SP973;JPN.1_1;RLM6;;;1.0;;1.0;0.0;;REF1096
REC8782;SP973;JPN.1_1;RLM6;;;1.0;;1.0;0.0;;REF1096
REC8783;SP973;CHN.1_1;RLM10;0.0;0.0;1.0;;1.0;0.0;;REF1162
REC8784;SP973;CHN.1_1;RLM10;0.0;0.0;1.0;;1.0;0.0;;REF1162
REC8785;SP973;CHN.1_1;RLM10;0.0;0.0;1.0;;1.0;0.0;;REF1162
REC8786;SP973;USA.1_1;RLM9;0.0;0.0;1.0;;0.0;0.0;2003.0;REF207
REC8787;SP973;NOR.3_1;RLM9;0.0;0.0;1.0;;0.0;0.0;2000.0;REF216
REC8788;SP973;CHN.1_1;RLM6;0.0;0.0;1.0;;1.0;0.0;;REF1162
REC8789;SP973;CHN.1_1;RLM10;0.0;0.0;1.0;;1.0;0.0;;REF1162
REC8790;SP973;AUS.1_1;RLM2;;;1.0;;1.0;0.0;;REF697
REC8791;SP973;JPN.1_1;RLM10;;;1.0;;1.0;0.0;;REF697
REC8792;SP973;KOR.1_1;RLM11;;;1.0;;1.0;0.0;;REF697
REC8793;SP973;NZL.1_1;RLM2;;;1.0;;1.0;0.0;;REF697
REC8794;SP973;ZAF.1_1;RLM3;;;1.0;;1.0;0.0;;REF697
REC8795;SP973;CHL.1_1;RLM1;;;1.0;;1.0;0.0;1883.0;REF1096
REC8796;SP973;JPN.1_1;RLM10;;;1.0;;1.0;0.0;;REF1096
REC8797;SP973;KOR.1_1;RLM11;;;1.0;;1.0;0.0;;REF1096
REC8798;SP973;NZL.1_1;RLM2;;;1.0;;1.0;0.0;1909.0;REF1096
REC8799;SP973;ZAF.1_1;RLM3;;0.0;1.0;;1.0;0.0;;REF1096
REC8800;SP973;ARE.1_1;RLM8;;;1.0;;1.0;0.0;;REF542
REC8801;SP973;DMA.1_1;RLM7;;;1.0;;1.0;0.0;;REF542
REC8802;SP973;ZAF.1_1;RLM3;;;1.0;;1.0;0.0;;REF542
REC8803;SP973;SYC.1_1;RLM5;;;1.0;;1.0;0.0;;REF542
REC8804;SP973;CRI.1_1;RLM7;;;1.0;;1.0;0.0;;REF542
REC8805;SP973;BEN.1_1;RLM3;;;;;1.0;0.0;;REF152
REC8806;SP973;SYC.1_1;RLM5;;;;;1.0;0.0;;REF152
REC8807;SP973;ZAF.1_1;RLM3;;;1.0;;1.0;0.0;;REF152
REC8808;SP973;CHN.1_1;RLM11;;;;;1.0;0.0;;REF152
REC8809;SP973;JPN.1_1;RLM10;;;;;1.0;0.0;;REF152
REC8810;SP973;KOR.1_1;RLM11;;;;;1.0;0.0;;REF152
REC8811;SP973;CAN.1_1;RLM9;;;;;1.0;0.0;;REF152
REC8812;SP973;CRI.1_1;RLM7;;;;;1.0;0.0;;REF152
REC8813;SP973;DMA.1_1;RLM7;;;;;1.0;0.0;;REF152
REC8814;SP973;USA.1_1;RLM9;;;;;1.0;0.0;;REF152
REC8815;SP973;AUS.1_1;RLM2;;;;;1.0;0.0;;REF152
REC8816;SP973;GUM.1_1;RLM5;;;;;1.0;0.0;;REF152
REC8817;SP973;NZL.1_1;RLM2;;;;;1.0;0.0;;REF152
REC8818;SP973;CHL.1_1;RLM1;;;1.0;;1.0;0.0;1883.0;REF152
REC8819;SP973;USA.1_1;RLM9;0.0;0.0;1.0;;1.0;0.0;1854.0;REF1007
REC8820;SP973;USA.1_1;RLM9;0.0;0.0;;;1.0;0.0;;REF1195
REC8821;SP973;PLW.1_1;RLM5;0.0;0.0;1.0;;1.0;0.0;;REF1000
REC8822;SP973;TGO.1_1;RLM3;0.0;0.0;1.0;;1.0;0.0;;REF10
REC8823;SP973;BEN.1_1;RLM3;0.0;0.0;1.0;;1.0;0.0;;REF10
REC8824;SP973;USA.5_1;RLM5;;0.0;1.0;;1.0;;;REF1047
REC8825;SP973;USA.5_1;RLM5;;0.0;1.0;;1.0;;;REF1130
REC8826;SP973;USA.1_1;RLM9;0.0;0.0;1.0;;1.0;0.0;;REF1002
REC8827;SP974;USA.2_1;RLM9;;;1.0;;1.0;0.0;;REF697
REC8828;SP974;USA.2_1;RLM9;;;1.0;;1.0;0.0;1945.0;REF1096
REC8829;SP974;USA.2_1;RLM9;;0.0;1.0;;1.0;0.0;;REF1007
REC8830;SP974;USA.2_1;RLM9;0.0;0.0;;;1.0;0.0;;REF1195
REC8831;SP975;USA.2_1;RLM9;;;1.0;;1.0;0.0;;REF697
REC8832;SP975;USA.2_1;RLM9;;;1.0;;1.0;0.0;1945.0;REF1096
REC8833;SP975;USA.2_1;RLM9;;0.0;1.0;;1.0;0.0;1945.0;REF1007
REC8834;SP976;CAN.1_1;RLM9;0.0;0.0;1.0;0.0;1.0;0.0;;REF1002
REC8835;SP977;NZL.1_1;RLM2;;;1.0;;1.0;0.0;;REF697
REC8836;SP977;NZL.1_1;RLM2;;;1.0;;1.0;0.0;1948.0;REF1096
REC8837;SP978;RUS.1_2;RLM11;;;1.0;;1.0;0.0;;REF542
REC8838;SP979;ECU.2_1;RLM1;;;1.0;;1.0;0.0;;REF697
REC8839;SP979;ECU.2_1;RLM1;;;1.0;;1.0;0.0;1975.0;REF1096
REC8840;SP980;JPN.1_1;RLM10;;;1.0;;1.0;0.0;;REF697
REC8841;SP980;JPN.1_1;RLM10;;;1.0;;1.0;0.0;1929.0;REF1096
REC8842;SP980;JPN.1_1;RLM10;0.0;0.0;;;1.0;0.0;;REF1195
REC8843;SP981;NZL.1_1;RLM2;;;1.0;;1.0;0.0;;REF697
REC8844;SP981;NZL.1_1;RLM2;;;1.0;;1.0;0.0;1954.0;REF1096
REC8845;SP982;USA.1_1;RLM9;;0.0;1.0;;1.0;0.0;2008.0;REF1007
REC8846;SP982;USA.1_1;RLM9;0.0;0.0;1.0;;1.0;0.0;2008.0;REF300
REC8847;SP982;USA.1_1;RLM9;0.0;0.0;1.0;;1.0;0.0;;REF1002
REC8848;SP983;PRT.3_1;RLM11;;;1.0;;1.0;0.0;1979.0;REF152
REC8849;SP983;PRT.2_1;RLM11;1.0;0.0;;;1.0;0.0;;REF683
REC8850;SP983;ECU.2_1;RLM1;;;1.0;;1.0;0.0;;REF697
REC8851;SP983;ECU.2_1;RLM1;;;1.0;;1.0;0.0;2002.0;REF1096
REC8852;SP983;PRT.3_1;RLM11;1.0;0.0;;;1.0;0.0;;REF683
REC8853;SP983;CYP.1_1;RLM8;;;1.0;;1.0;0.0;;REF542
REC8854;SP983;CYP.1_1;RLM8;;;1.0;;1.0;0.0;;REF957
REC8855;SP983;PRT.2_1;RLM11;;;1.0;;1.0;0.0;;REF957
REC8856;SP983;MLT.1_1;RLM8;;;1.0;;1.0;0.0;;REF957
REC8857;SP983;PRT.3_1;RLM11;;;1.0;;1.0;0.0;1979.0;REF957
REC8858;SP983;CYP.1_1;RLM8;1.0;0.0;;;1.0;0.0;;REF683
REC8859;SP983;MLT.1_1;RLM8;1.0;0.0;;;1.0;0.0;;REF683
REC8860;SP983;CYP.1_1;RLM8;1.0;0.0;;;1.0;0.0;2010.0;REF261
REC8861;SP984;PRT.2_1;RLM11;;;;;1.0;0.0;;REF152
REC8862;SP984;PRT.3_1;RLM11;;;1.0;;1.0;0.0;1995.0;REF152
REC8863;SP984;PRT.2_1;RLM11;;;;;1.0;0.0;;REF330
REC8864;SP984;PRT.2_1;RLM11;0.0;0.0;1.0;;1.0;0.0;;REF683
REC8865;SP984;FRA.2_1;RLM11;;;;;1.0;0.0;;REF330
REC8866;SP984;FRA.2_1;RLM11;;;;;1.0;0.0;;REF152
REC8867;SP984;FRA.2_1;RLM11;0.0;0.0;1.0;;1.0;0.0;;REF683
REC8868;SP984;GRC.2_1;RLM11;;;;;1.0;0.0;;REF152
REC8869;SP984;GRC.2_1;RLM11;0.0;0.0;1.0;;1.0;0.0;;REF683
REC8870;SP984;PRT.3_1;RLM11;;;;;1.0;0.0;;REF330
REC8871;SP984;PRT.3_1;RLM11;0.0;0.0;1.0;;1.0;0.0;;REF683
REC8872;SP984;ITA.2_1;RLM11;;;;;1.0;0.0;;REF330
REC8873;SP984;ITA.2_1;RLM11;;;;;1.0;0.0;;REF152
REC8874;SP984;ITA.2_1;RLM11;0.0;0.0;1.0;;1.0;0.0;;REF683
REC8875;SP984;ITA.2_1;RLM11;;;;;1.0;0.0;;REF330
REC8876;SP984;ITA.2_1;RLM11;;;1.0;;1.0;0.0;1881.0;REF152
REC8877;SP984;ITA.2_1;RLM11;0.0;0.0;1.0;;1.0;0.0;;REF683
REC8878;SP984;ZAF.1_1;RLM3;;;1.0;;1.0;0.0;;REF697
REC8879;SP984;ZAF.1_1;RLM3;;;1.0;;1.0;0.0;;REF1096
REC8880;SP984;NLD.1_1;RLM11;;;1.0;;1.0;0.0;;REF542
REC8881;SP984;DNK.1_1;RLM11;;;1.0;;1.0;0.0;;REF542
REC8882;SP984;FRA.1_1;RLM11;;;1.0;;1.0;0.0;;REF542
REC8883;SP984;ZAF.1_1;RLM3;;;;;1.0;0.0;;REF330
REC8884;SP984;ISR.1_1;RLM8;;;;;1.0;0.0;;REF330
REC8885;SP984;CYP.1_1;RLM8;;;;;1.0;0.0;;REF330
REC8886;SP984;FRA.1_1;RLM11;;;;;1.0;0.0;;REF330
REC8887;SP984;GRC.1_1;RLM11;;;;;1.0;0.0;;REF330
REC8888;SP984;ITA.1_1;RLM11;;;;;1.0;0.0;;REF330
REC8889;SP984;PRT.1_1;RLM11;;;;;1.0;0.0;;REF330
REC8890;SP984;ESP.1_1;RLM11;;;;;1.0;0.0;;REF330
REC8891;SP984;ALB.1_1;RLM11;;;1.0;;1.0;0.0;;REF957
REC8892;SP984;FRA.2_1;RLM11;;;1.0;;1.0;0.0;;REF957
REC8893;SP984;GRC.2_1;RLM11;;;1.0;;1.0;0.0;;REF957
REC8894;SP984;ISR.1_1;RLM8;;;1.0;;1.0;0.0;;REF957
REC8895;SP984;ITA.2_1;RLM11;;;1.0;;1.0;0.0;;REF957
REC8896;SP984;NLD.1_1;RLM11;;;1.0;;1.0;0.0;;REF957
REC8897;SP984;PRT.3_1;RLM11;;;1.0;;1.0;0.0;;REF957
REC8898;SP984;ESP.1_1;RLM11;;;1.0;;1.0;0.0;;REF957
REC8899;SP984;DNK.1_1;RLM11;;;1.0;;1.0;0.0;;REF957
REC8900;SP984;FRA.1_1;RLM11;;;1.0;;1.0;0.0;;REF957
REC8901;SP984;GRC.1_1;RLM11;;;1.0;;1.0;0.0;;REF957
REC8902;SP984;ITA.2_1;RLM11;;;1.0;;1.0;0.0;;REF957
REC8903;SP984;ITA.1_1;RLM11;;;1.0;;1.0;0.0;;REF957
REC8904;SP984;PRT.2_1;RLM11;;;1.0;;1.0;0.0;;REF957
REC8905;SP984;PRT.1_1;RLM11;;;1.0;;1.0;0.0;1964.0;REF957
REC8906;SP984;ZAF.1_1;RLM3;;;;;1.0;0.0;;REF152
REC8907;SP984;ISR.1_1;RLM8;;;;;1.0;0.0;;REF152
REC8908;SP984;CYP.1_1;RLM8;;;;;1.0;0.0;;REF152
REC8909;SP984;DNK.1_1;RLM11;;;1.0;;1.0;0.0;2000.0;REF152
REC8910;SP984;FRA.1_1;RLM11;;;;;1.0;0.0;;REF152
REC8911;SP984;GRC.1_1;RLM11;;;;;1.0;0.0;;REF152
REC8912;SP984;ITA.1_1;RLM11;;;;;1.0;0.0;;REF152
REC8913;SP984;NLD.1_1;RLM11;;;;;1.0;0.0;;REF152
REC8914;SP984;PRT.1_1;RLM11;;;;;1.0;0.0;;REF152
REC8915;SP984;ESP.1_1;RLM11;;;;;1.0;0.0;;REF152
REC8916;SP984;NZL.1_1;RLM2;;;1.0;;1.0;0.0;1975.0;REF152
REC8917;SP984;ALB.1_1;RLM11;0.0;0.0;1.0;;1.0;0.0;;REF683
REC8918;SP984;DNK.1_1;RLM11;0.0;0.0;1.0;;1.0;0.0;;REF683
REC8919;SP984;FRA.1_1;RLM11;0.0;0.0;1.0;;1.0;0.0;;REF683
REC8920;SP984;GRC.1_1;RLM11;0.0;0.0;1.0;;1.0;0.0;;REF683
REC8921;SP984;ISR.1_1;RLM8;0.0;0.0;1.0;;1.0;0.0;;REF683
REC8922;SP984;ITA.1_1;RLM11;0.0;0.0;1.0;;1.0;0.0;;REF683
REC8923;SP984;NLD.1_1;RLM11;0.0;0.0;1.0;;1.0;0.0;;REF683
REC8924;SP984;PRT.1_1;RLM11;0.0;0.0;1.0;;1.0;0.0;;REF683
REC8925;SP984;ESP.1_1;RLM11;0.0;0.0;1.0;;1.0;0.0;;REF683
REC8926;SP984;GRC.1_1;RLM11;0.0;0.0;1.0;;1.0;0.0;1877.0;REF911
REC8927;SP984;CYP.1_1;RLM8;0.0;0.0;1.0;;1.0;0.0;1977.0;REF261
REC8928;SP985;CAN.1_1;RLM9;0.0;0.0;1.0;0.0;1.0;0.0;;REF1002
REC8929;SP986;NZL.1_1;RLM2;;;1.0;;1.0;0.0;;REF697
REC8930;SP986;NZL.1_1;RLM2;;;1.0;;1.0;0.0;1975.0;REF1096
REC8931;SP987;DNK.1_1;RLM11;;;1.0;;1.0;0.0;;REF542
REC8932;SP987;PRT.2_1;RLM11;0.0;0.0;1.0;;1.0;0.0;;REF683
REC8933;SP988;GBR.1_1;RLM11;;;1.0;;1.0;0.0;2003.0;REF1096
REC8934;SP988;GBR.1_1;RLM11;;;;;1.0;0.0;2003.0;REF957
REC8935;SP988;GBR.1_1;RLM11;1.0;0.0;;;1.0;0.0;;REF683
REC8936;SP988;GBR.1_1;RLM11;0.0;0.0;1.0;;1.0;0.0;2005.0;REF8
REC8937;SP989;USA.1_1;RLM9;;0.0;1.0;;1.0;0.0;2013.0;REF1007
REC8938;SP989;USA.1_1;RLM9;0.0;0.0;1.0;0.0;1.0;0.0;;REF1002
REC8939;SP990;USA.1_1;RLM9;;0.0;1.0;;1.0;0.0;2002.0;REF1007
REC8940;SP990;USA.1_1;RLM9;0.0;0.0;1.0;0.0;1.0;0.0;;REF1002
REC8941;SP991;GBR.1_1;RLM11;;;1.0;;1.0;0.0;;REF542
REC8942;SP991;USA.1_1;RLM9;0.0;0.0;1.0;0.0;1.0;0.0;;REF1002
REC8943;SP992;USA.2_1;RLM9;;;1.0;;1.0;0.0;;REF697
REC8944;SP992;USA.2_1;RLM9;;;1.0;;1.0;0.0;1970.0;REF1096
REC8945;SP992;USA.2_1;RLM9;;0.0;1.0;;1.0;0.0;;REF1007
REC8946;SP992;USA.2_1;RLM9;0.0;0.0;;;1.0;;;REF47
REC8947;SP993;GUM.1_1;RLM5;0.0;0.0;1.0;;1.0;0.0;;REF1000
REC8948;SP994;GBR.1_1;RLM11;;;1.0;;1.0;0.0;2007.0;REF1096
REC8949;SP994;GBR.1_1;RLM11;;;1.0;;1.0;0.0;2007.0;REF957
REC8950;SP994;GBR.1_1;RLM11;0.0;0.0;1.0;;1.0;0.0;;REF683
REC8951;SP995;USA.2_1;RLM9;0.0;;1.0;;;0.0;;REF49
REC8952;SP996;USA.2_1;RLM9;;1.0;1.0;;1.0;0.0;1954.0;REF1096
REC8953;SP996;USA.2_1;RLM9;0.0;1.0;1.0;;1.0;0.0;;REF1007
REC8954;SP996;USA.2_1;RLM9;0.0;1.0;1.0;0.0;0.0;0.0;;REF1213
REC8955;SP997;USA.2_1;RLM9;;;1.0;;1.0;0.0;;REF697
REC8956;SP997;USA.2_1;RLM9;;;1.0;;1.0;0.0;;REF1096
REC8957;SP997;USA.2_1;RLM9;;0.0;1.0;;1.0;0.0;;REF1007
REC8958;SP998;USA.2_1;RLM9;0.0;0.0;;;1.0;;;REF47
REC8959;SP999;USA.2_1;RLM9;;0.0;1.0;;1.0;0.0;;REF1007
REC8960;SP1000;CAN.1_1;RLM9;0.0;0.0;1.0;;1.0;0.0;;REF1002
REC8961;SP1000;USA.1_1;RLM9;;0.0;1.0;;1.0;0.0;1931.0;REF1007
REC8962;SP1000;USA.1_1;RLM9;0.0;0.0;;;1.0;0.0;;REF1195
REC8963;SP1000;CAN.1_1;RLM9;0.0;0.0;1.0;;1.0;0.0;;REF823
REC8964;SP1000;USA.1_1;RLM9;0.0;0.0;1.0;0.0;1.0;0.0;1931.0;REF1002
REC8965;SP1001;IRL.1_1;RLM11;;;1.0;;1.0;0.0;;REF542
REC8966;SP1001;FRA.1_1;RLM11;;;1.0;;1.0;0.0;;REF542
REC8967;SP1001;GBR.1_1;RLM11;;;1.0;;1.0;0.0;;REF542
REC8968;SP1001;GBR.1_1;RLM11;;;1.0;;1.0;0.0;1940.0;REF957
REC8969;SP1001;IRL.1_1;RLM11;;;1.0;;1.0;0.0;1909.0;REF957
REC8970;SP1001;IRL.1_1;RLM11;0.0;0.0;1.0;;1.0;0.0;;REF683
REC8971;SP1001;GBR.1_1;RLM11;0.0;0.0;1.0;;1.0;0.0;;REF683
REC8972;SP1002;CAN.1_1;RLM9;0.0;1.0;1.0;0.0;1.0;0.0;;REF1002
REC8973;SP1002;USA.1_1;RLM9;0.0;1.0;1.0;;1.0;0.0;1988.0;REF1007
REC8974;SP1003;USA.1_1;RLM9;0.0;0.0;;1.0;;0.0;1989.0;REF358
REC8975;SP1003;USA.1_1;RLM9;;0.0;1.0;;1.0;0.0;1989.0;REF1007
REC8976;SP1003;USA.1_1;RLM9;0.0;0.0;;;1.0;0.0;;REF1195
REC8977;SP1004;FRA.1_1;RLM11;;;1.0;;1.0;0.0;;REF542
REC8978;SP1005;CAN.1_1;RLM9;0.0;0.0;1.0;;1.0;0.0;;REF1002
REC8979;SP1005;JPN.1_1;RLM6;;;1.0;;1.0;0.0;;REF697
REC8980;SP1005;JPN.1_1;RLM6;;;1.0;;1.0;0.0;;REF1096
REC8981;SP1005;JPN.1_1;RLM6;0.0;0.0;1.0;;1.0;0.0;;REF1195
REC8982;SP1005;AUS.1_1;RLM2;;;1.0;;1.0;0.0;;REF697
REC8983;SP1005;JPN.1_1;RLM10;;;1.0;;1.0;0.0;;REF697
REC8984;SP1005;KOR.1_1;RLM11;;;1.0;;1.0;0.0;;REF697
REC8985;SP1005;NZL.1_1;RLM2;;;1.0;;1.0;0.0;;REF697
REC8986;SP1005;CHL.1_1;RLM1;;;1.0;;1.0;0.0;1930.0;REF1096
REC8987;SP1005;JPN.1_1;RLM10;;;1.0;;1.0;0.0;1910.0;REF1096
REC8988;SP1005;KOR.1_1;RLM11;;;1.0;;1.0;0.0;1930.0;REF1096
REC8989;SP1005;NZL.1_1;RLM2;;;1.0;;1.0;0.0;1884.0;REF1096
REC8990;SP1005;RUS.1_2;RLM11;;;1.0;;1.0;0.0;;REF542
REC8991;SP1005;JPN.1_1;RLM10;;;1.0;;1.0;0.0;;REF542
REC8992;SP1005;IRL.1_1;RLM11;;;1.0;;1.0;0.0;;REF542
REC8993;SP1005;USA.1_1;RLM9;;0.0;1.0;;1.0;0.0;1565.0;REF1007
REC8994;SP1005;USA.1_1;RLM9;1.0;0.0;;;1.0;0.0;;REF1195
REC8995;SP1005;JPN.1_1;RLM10;0.0;0.0;1.0;;1.0;0.0;;REF1195
REC8996;SP1005;BGR.1_1;RLM11;0.0;0.0;1.0;;;0.0;1890.0;REF1073
REC8997;SP1005;JPN.1_1;RLM10;0.0;0.0;1.0;;1.0;0.0;;REF812
REC8998;SP1005;USA.1_1;RLM9;0.0;0.0;1.0;;1.0;0.0;;REF1002
REC8999;SP1006;ECU.2_1;RLM1;;;1.0;;1.0;0.0;;REF697
REC9000;SP1006;ECU.2_1;RLM1;;;1.0;;1.0;0.0;1989.0;REF1096
REC9001;SP1006;USA.2_1;RLM9;;;1.0;;1.0;0.0;;REF697
REC9002;SP1006;USA.2_1;RLM9;;;1.0;;1.0;0.0;1888.0;REF1096
REC9003;SP1006;USA.2_1;RLM9;;0.0;1.0;;1.0;0.0;;REF1007
REC9004;SP1006;USA.2_1;RLM9;1.0;0.0;;;1.0;0.0;;REF1195
REC9005;SP1006;USA.1_1;RLM9;;0.0;;;1.0;0.0;;REF1002
REC9006;SP1007;USA.1_1;RLM9;0.0;0.0;1.0;;1.0;0.0;;REF1002
REC9007;SP1008;JPN.1_1;RLM10;;0.0;;;1.0;0.0;2019.0;REF835
REC9008;SP1008;JPN.1_1;RLM10;0.0;0.0;1.0;0.0;1.0;0.0;2019.0;REF835
REC9009;SP1008;JPN.1_1;RLM6;0.0;0.0;1.0;0.0;1.0;0.0;2019.0;REF835
REC9010;SP1009;ECU.2_1;RLM1;;;1.0;;1.0;0.0;;REF697
REC9011;SP1009;ECU.2_1;RLM1;;;1.0;;1.0;0.0;1989.0;REF1096
REC9012;SP1010;USA.2_1;RLM9;;;1.0;;1.0;0.0;;REF697
REC9013;SP1010;USA.2_1;RLM9;;1.0;1.0;;1.0;0.0;;REF1096
REC9014;SP1010;USA.2_1;RLM9;0.0;1.0;1.0;;1.0;0.0;;REF1007
REC9015;SP1011;USA.1_1;RLM9;;;1.0;;1.0;0.0;;REF152
REC9016;SP1011;USA.1_1;RLM9;;;1.0;;1.0;0.0;;REF152
REC9017;SP1011;USA.1_1;RLM9;;;1.0;;1.0;0.0;;REF152
REC9018;SP1011;USA.1_1;RLM9;;;1.0;;1.0;0.0;;REF152
REC9019;SP1011;USA.1_1;RLM9;;;1.0;;1.0;0.0;;REF152
REC9020;SP1011;USA.1_1;RLM9;;;1.0;;1.0;0.0;;REF152
REC9021;SP1011;USA.2_1;RLM9;;;1.0;;1.0;0.0;1892.0;REF152
REC9022;SP1011;JPN.1_1;RLM10;;;1.0;;1.0;0.0;;REF152
REC9023;SP1011;JPN.1_1;RLM10;;;1.0;;1.0;0.0;;REF152
REC9024;SP1011;USA.1_1;RLM9;;;1.0;;1.0;0.0;;REF152
REC9025;SP1011;USA.1_1;RLM9;;;1.0;;1.0;0.0;;REF152
REC9026;SP1011;USA.1_1;RLM9;;;1.0;;1.0;0.0;;REF152
REC9027;SP1011;JPN.1_1;RLM6;;;1.0;;1.0;0.0;;REF152
REC9028;SP1011;USA.1_1;RLM9;;;1.0;;1.0;0.0;;REF152
REC9029;SP1011;USA.1_1;RLM9;;;1.0;;1.0;0.0;;REF152
REC9030;SP1011;USA.1_1;RLM9;;;1.0;;1.0;0.0;;REF152
REC9031;SP1011;USA.1_1;RLM9;;;1.0;;1.0;0.0;;REF152
REC9032;SP1011;USA.2_1;RLM9;;0.0;1.0;;1.0;0.0;;REF1007
REC9033;SP1011;USA.2_1;RLM9;0.0;0.0;;;1.0;0.0;;REF1195
REC9034;SP1011;DOM.1_1;RLM7;;;1.0;;1.0;0.0;;REF542
REC9035;SP1011;EGY.1_1;RLM8;;;1.0;;1.0;0.0;1981.0;REF152
REC9036;SP1011;MUS.1_1;RLM5;;;1.0;;1.0;0.0;2016.0;REF152
REC9037;SP1011;JPN.1_1;RLM10;;;1.0;;1.0;0.0;1982.0;REF152
REC9038;SP1011;THA.1_1;RLM6;;;1.0;;1.0;0.0;1990.0;REF152
REC9039;SP1011;CRI.1_1;RLM7;;;1.0;;1.0;0.0;;REF152
REC9040;SP1011;CUB.1_1;RLM7;;;1.0;;1.0;0.0;;REF152
REC9041;SP1011;DOM.1_1;RLM7;;;1.0;;1.0;0.0;;REF152
REC9042;SP1011;SLV.1_1;RLM7;;;1.0;;1.0;0.0;;REF152
REC9043;SP1011;HND.1_1;RLM7;;;1.0;;1.0;0.0;;REF152
REC9044;SP1011;JAM.1_1;RLM7;;;1.0;;1.0;0.0;;REF152
REC9045;SP1011;PAN.1_1;RLM7;;;1.0;;1.0;0.0;;REF152
REC9046;SP1011;TTO.1_1;RLM1;;;1.0;;1.0;0.0;;REF152
REC9047;SP1011;USA.1_1;RLM9;;;1.0;;1.0;0.0;;REF152
REC9048;SP1011;COL.1_1;RLM1;;;1.0;;1.0;0.0;;REF152
REC9049;SP1011;ECU.1_1;RLM1;;;1.0;;1.0;0.0;1999.0;REF152
REC9050;SP1012;AUS.1_1;RLM2;;;1.0;;1.0;0.0;;REF697
REC9051;SP1012;AUS.1_1;RLM2;0.0;1.0;1.0;0.0;1.0;0.0;1989.0;REF781
REC9052;SP1013;GBR.1_1;RLM11;;;1.0;;1.0;0.0;;REF542
REC9053;SP1013;GBR.6_1;RLM9;0.0;0.0;1.0;;1.0;0.0;;REF343
REC9054;SP1014;CAN.1_1;RLM9;0.0;0.0;1.0;;1.0;0.0;;REF1002
REC9055;SP1014;USA.1_1;RLM9;;0.0;1.0;;1.0;0.0;1776.0;REF1007
REC9056;SP1014;USA.1_1;RLM9;0.0;0.0;;;1.0;0.0;;REF1195
REC9057;SP1014;USA.1_1;RLM9;0.0;0.0;1.0;;1.0;0.0;;REF1002
REC9058;SP1015;USA.1_1;RLM9;;0.0;1.0;;1.0;0.0;;REF1007
REC9059;SP1016;ECU.2_1;RLM1;;;1.0;;1.0;0.0;;REF697
REC9060;SP1016;ECU.2_1;RLM1;;;1.0;;1.0;0.0;1989.0;REF1096
REC9061;SP1017;CAN.1_1;RLM9;0.0;0.0;1.0;;1.0;0.0;;REF1002
REC9062;SP1017;USA.1_1;RLM9;;0.0;;;1.0;0.0;1991.0;REF644
REC9063;SP1017;USA.1_1;RLM9;;0.0;1.0;;1.0;0.0;1988.0;REF1007
REC9064;SP1017;USA.1_1;RLM9;0.0;0.0;;;1.0;0.0;;REF1195
REC9065;SP1017;USA.1_1;RLM9;0.0;0.0;1.0;;1.0;0.0;1988.0;REF728
REC9066;SP1017;USA.1_1;RLM9;0.0;0.0;1.0;;1.0;0.0;;REF1002
REC9067;SP1018;USA.1_1;RLM9;;0.0;1.0;;1.0;0.0;;REF1007
REC9068;SP1018;USA.1_1;RLM9;0.0;0.0;;;1.0;0.0;;REF1195
REC9069;SP1018;PRT.2_1;RLM11;0.0;0.0;1.0;;1.0;0.0;;REF683
REC9070;SP1019;USA.1_1;RLM9;0.0;0.0;;;1.0;0.0;;REF1195
REC9071;SP1020;USA.1_2;RLM9;0.0;0.0;1.0;;1.0;0.0;;REF1002
REC9072;SP1020;CAN.1_1;RLM9;0.0;0.0;1.0;;1.0;0.0;1925.0;REF1002
REC9073;SP1020;CAN.1_1;RLM9;;;;;1.0;0.0;;REF152
REC9074;SP1020;USA.1_1;RLM9;;;;;1.0;0.0;;REF152
REC9075;SP1020;USA.1_1;RLM9;;;;;1.0;0.0;;REF152
REC9076;SP1020;USA.1_1;RLM9;;;;;1.0;0.0;;REF152
REC9077;SP1020;USA.1_1;RLM9;;;;;1.0;0.0;;REF152
REC9078;SP1020;USA.1_1;RLM9;;;;;1.0;0.0;;REF152
REC9079;SP1020;USA.1_1;RLM9;;;;;1.0;0.0;;REF152
REC9080;SP1020;USA.1_1;RLM9;;;;;1.0;0.0;;REF152
REC9081;SP1020;USA.1_1;RLM9;;;1.0;;1.0;0.0;;REF152
REC9082;SP1020;USA.1_1;RLM9;;;;;1.0;0.0;;REF152
REC9083;SP1020;USA.1_1;RLM9;;;;;1.0;0.0;;REF152
REC9084;SP1020;CAN.1_1;RLM9;;;1.0;;1.0;0.0;;REF152
REC9085;SP1020;USA.1_1;RLM9;;;;;1.0;0.0;;REF152
REC9086;SP1020;CAN.1_1;RLM9;;;;;1.0;0.0;;REF152
REC9087;SP1020;CAN.1_1;RLM9;;;;;1.0;0.0;;REF152
REC9088;SP1020;USA.1_1;RLM9;;;;;1.0;0.0;;REF152
REC9089;SP1020;CAN.1_1;RLM9;;;;;1.0;0.0;;REF152
REC9090;SP1020;USA.1_1;RLM9;;;;;1.0;0.0;;REF152
REC9091;SP1020;USA.1_1;RLM9;;;;;1.0;0.0;;REF152
REC9092;SP1020;CAN.1_1;RLM9;;;;;1.0;0.0;;REF152
REC9093;SP1020;CAN.1_1;RLM9;;;1.0;;1.0;0.0;;REF152
REC9094;SP1020;USA.1_1;RLM9;;;;;1.0;0.0;;REF152
REC9095;SP1020;USA.1_1;RLM9;;;;;1.0;0.0;;REF152
REC9096;SP1020;USA.1_1;RLM9;;;;;1.0;0.0;;REF152
REC9097;SP1020;USA.1_1;RLM9;;;;;1.0;0.0;;REF152
REC9098;SP1020;USA.1_1;RLM9;;;;;1.0;0.0;;REF152
REC9099;SP1020;USA.1_1;RLM9;;;;;1.0;0.0;;REF152
REC9100;SP1020;USA.1_2;RLM9;0.0;0.0;1.0;;1.0;0.0;;REF1007
REC9101;SP1020;CAN.1_1;RLM9;;;;;1.0;0.0;;REF330
REC9102;SP1020;CAN.1_1;RLM9;0.0;0.0;1.0;;0.0;1.0;1927.0;REF416
REC9103;SP1020;USA.1_1;RLM9;;;;;1.0;0.0;;REF330
REC9104;SP1020;USA.1_1;RLM9;;;;;1.0;0.0;;REF330
REC9105;SP1020;USA.1_1;RLM9;;;;;1.0;0.0;;REF330
REC9106;SP1020;USA.1_1;RLM9;;;;;1.0;0.0;;REF330
REC9107;SP1020;USA.1_1;RLM9;;;;;1.0;0.0;;REF330
REC9108;SP1020;USA.1_1;RLM9;;;;;1.0;0.0;;REF330
REC9109;SP1020;USA.1_1;RLM9;;;;;1.0;0.0;;REF330
REC9110;SP1020;USA.1_1;RLM9;;;;;1.0;0.0;;REF330
REC9111;SP1020;USA.1_1;RLM9;;;;;1.0;0.0;;REF330
REC9112;SP1020;CAN.1_1;RLM9;0.0;0.0;1.0;;1.0;0.0;;REF416
REC9113;SP1020;USA.1_1;RLM9;;;;;1.0;0.0;;REF330
REC9114;SP1020;USA.1_1;RLM9;0.0;0.0;1.0;;1.0;0.0;1913.0;REF394
REC9115;SP1020;CAN.1_1;RLM9;;;;;1.0;0.0;;REF330
REC9116;SP1020;CAN.1_1;RLM9;0.0;0.0;1.0;;1.0;0.0;;REF416
REC9117;SP1020;CAN.1_1;RLM9;;;;;1.0;0.0;;REF330
REC9118;SP1020;CAN.1_1;RLM9;0.0;0.0;1.0;;1.0;0.0;;REF416
REC9119;SP1020;USA.1_1;RLM9;;;;;1.0;0.0;;REF330
REC9120;SP1020;CAN.1_1;RLM9;;;;;1.0;0.0;;REF330
REC9121;SP1020;CAN.1_1;RLM9;0.0;0.0;1.0;;1.0;0.0;;REF416
REC9122;SP1020;USA.1_1;RLM9;;;;;1.0;0.0;;REF330
REC9123;SP1020;USA.1_1;RLM9;;;;;1.0;0.0;;REF330
REC9124;SP1020;CAN.1_1;RLM9;;;;;1.0;0.0;;REF330
REC9125;SP1020;CAN.1_1;RLM9;0.0;0.0;1.0;;1.0;0.0;;REF416
REC9126;SP1020;CAN.1_1;RLM9;;;;;1.0;0.0;;REF330
REC9127;SP1020;CAN.1_1;RLM9;0.0;0.0;1.0;;1.0;0.0;;REF416
REC9128;SP1020;USA.1_1;RLM9;;;;;1.0;0.0;;REF330
REC9129;SP1020;CAN.1_1;RLM9;0.0;0.0;1.0;;1.0;0.0;1938.0;REF394
REC9130;SP1020;USA.1_1;RLM9;;;;;1.0;0.0;;REF330
REC9131;SP1020;USA.1_1;RLM9;;;;;1.0;0.0;;REF330
REC9132;SP1020;USA.1_1;RLM9;;;;;1.0;0.0;;REF330
REC9133;SP1020;USA.1_1;RLM9;;;;;1.0;0.0;;REF330
REC9134;SP1020;USA.1_1;RLM9;;;;;1.0;0.0;;REF330
REC9135;SP1020;CHL.1_1;RLM1;;;1.0;;1.0;0.0;1985.0;REF1096
REC9136;SP1020;CAN.1_1;RLM9;;;1.0;;1.0;0.0;;REF542
REC9137;SP1020;ZAF.1_1;RLM3;;;1.0;;1.0;0.0;;REF542
REC9138;SP1020;USA.1_1;RLM9;;;1.0;;1.0;0.0;;REF542
REC9139;SP1020;ARG.1_1;RLM1;;;;;1.0;0.0;;REF330
REC9140;SP1020;CAN.1_1;RLM9;;;;;1.0;0.0;;REF330
REC9141;SP1020;CHL.1_1;RLM1;;;;;1.0;0.0;;REF330
REC9142;SP1020;USA.1_1;RLM9;;;;;1.0;0.0;;REF330
REC9143;SP1020;URY.1_1;RLM1;;;;;1.0;0.0;;REF330
REC9144;SP1020;PRT.1_1;RLM11;;;;;1.0;0.0;;REF330
REC9145;SP1020;PRT.1_1;RLM11;;;;;1.0;0.0;;REF152
REC9146;SP1020;CAN.1_1;RLM9;;;1.0;;1.0;0.0;;REF152
REC9147;SP1020;USA.1_1;RLM9;;;1.0;;1.0;0.0;;REF152
REC9148;SP1020;ARG.1_1;RLM1;;;1.0;;1.0;0.0;;REF152
REC9149;SP1020;CHL.1_1;RLM1;;;1.0;;1.0;0.0;;REF152
REC9150;SP1020;URY.1_1;RLM1;;;1.0;;1.0;0.0;;REF152
REC9151;SP1020;USA.1_1;RLM9;0.0;0.0;1.0;;1.0;0.0;1914.0;REF1007
REC9152;SP1020;USA.1_1;RLM9;0.0;0.0;;;1.0;0.0;;REF1195
REC9153;SP1020;PRT.1_1;RLM11;0.0;0.0;1.0;;1.0;0.0;;REF683
REC9154;SP1020;USA.1_1;RLM9;0.0;0.0;1.0;0.0;1.0;0.0;1913.0;REF1002
REC9155;SP1021;USA.2_1;RLM9;;;1.0;;1.0;0.0;;REF697
REC9156;SP1021;USA.2_1;RLM9;;1.0;1.0;;1.0;0.0;1964.0;REF1096
REC9157;SP1021;USA.2_1;RLM9;0.0;1.0;1.0;;1.0;0.0;1964.0;REF1007
REC9158;SP1022;USA.1_1;RLM9;0.0;0.0;;;1.0;0.0;;REF1002
REC9159;SP1023;POL.1_1;RLM11;;;1.0;;1.0;0.0;;REF542
REC9160;SP1024;CAN.1_1;RLM9;0.0;0.0;1.0;;1.0;0.0;2017.0;REF1002
REC9161;SP1024;USA.1_1;RLM9;0.0;0.0;1.0;;1.0;0.0;;REF1002
REC9162;SP1025;USA.2_1;RLM9;0.0;1.0;1.0;;1.0;0.0;1956.0;REF1096
REC9163;SP1025;USA.2_1;RLM9;1.0;0.0;;;1.0;0.0;;REF1195
REC9164;SP1025;USA.2_1;RLM9;0.0;1.0;1.0;;1.0;0.0;;REF1195
REC9165;SP1025;ZAF.1_1;RLM3;0.0;1.0;1.0;;1.0;0.0;;REF1096
REC9166;SP1025;SWZ.1_1;RLM3;;;1.0;;1.0;0.0;;REF542
REC9167;SP1025;ZAF.1_1;RLM3;0.0;1.0;1.0;;1.0;0.0;;REF542
REC9168;SP1025;ZAF.1_1;RLM3;0.0;1.0;1.0;;1.0;0.0;1960.0;REF55
REC9169;SP1025;USA.2_1;RLM9;0.0;1.0;1.0;0.0;1.0;0.0;;REF99
REC9170;SP1025;AUS.1_1;RLM2;0.0;1.0;1.0;0.0;1.0;0.0;;REF99
REC9171;SP1025;MUS.1_1;RLM5;0.0;1.0;1.0;0.0;1.0;0.0;1965.0;REF99
REC9172;SP1025;FRA.3_1;RLM4;0.0;0.0;1.0;1.0;1.0;0.0;2015.0;REF99
REC9173;SP1026;ECU.2_1;RLM1;;;1.0;;1.0;0.0;;REF697
REC9174;SP1026;ECU.2_1;RLM1;;;1.0;;1.0;0.0;1964.0;REF1096
REC9175;SP1026;ECU.2_1;RLM1;;0.0;;;1.0;0.0;;REF650
REC9176;SP1027;USA.2_1;RLM9;0.0;;1.0;;1.0;0.0;;REF50
REC9177;SP1027;AUS.1_1;RLM2;;;1.0;;1.0;0.0;;REF697
REC9178;SP1028;DNK.1_1;RLM11;;;1.0;;1.0;0.0;;REF542
REC9179;SP1028;DNK.1_1;RLM11;;;;;1.0;0.0;;REF152
REC9180;SP1029;CAN.1_1;RLM9;0.0;0.0;1.0;0.0;0.0;0.0;;REF1002
REC9181;SP1029;AUS.1_1;RLM2;;;1.0;;1.0;0.0;;REF697
REC9182;SP1029;FRA.1_1;RLM11;;;1.0;;1.0;0.0;;REF542
REC9183;SP1029;ITA.1_1;RLM11;;;1.0;;1.0;0.0;;REF542
REC9184;SP1029;CAN.1_1;RLM9;;;1.0;;1.0;0.0;;REF542
REC9185;SP1029;HRV.1_1;RLM11;;;1.0;;1.0;0.0;;REF542
REC9186;SP1029;SVN.1_1;RLM11;;;1.0;;1.0;0.0;;REF542
REC9187;SP1029;AUT.1_1;RLM11;;;1.0;;1.0;0.0;;REF542
REC9188;SP1029;ALB.1_1;RLM11;;;1.0;;1.0;0.0;;REF957
REC9189;SP1029;HRV.1_1;RLM11;;;1.0;;1.0;0.0;;REF957
REC9190;SP1029;DEU.1_1;RLM11;;;1.0;;1.0;0.0;;REF957
REC9191;SP1029;SVN.1_1;RLM11;;;1.0;;1.0;0.0;;REF957
REC9192;SP1029;CHE.1_1;RLM11;;;1.0;;1.0;0.0;;REF957
REC9193;SP1029;AUT.1_1;RLM11;;;1.0;;1.0;0.0;;REF957
REC9194;SP1029;FRA.1_1;RLM11;;;1.0;;1.0;0.0;;REF957
REC9195;SP1029;ITA.1_1;RLM11;;;1.0;;1.0;0.0;;REF957
REC9196;SP1029;ESP.1_1;RLM11;;;1.0;;1.0;0.0;1900.0;REF957
REC9197;SP1029;USA.1_1;RLM9;;0.0;1.0;;1.0;0.0;1870.0;REF1007
REC9198;SP1029;USA.1_1;RLM9;0.0;0.0;;;1.0;0.0;;REF1195
REC9199;SP1029;ALB.1_1;RLM11;0.0;0.0;1.0;;1.0;0.0;;REF683
REC9200;SP1029;AUT.1_1;RLM11;0.0;0.0;1.0;;1.0;0.0;;REF683
REC9201;SP1029;HRV.1_1;RLM11;0.0;0.0;1.0;;1.0;0.0;;REF683
REC9202;SP1029;FRA.1_1;RLM11;0.0;0.0;1.0;;1.0;0.0;;REF683
REC9203;SP1029;DEU.1_1;RLM11;0.0;0.0;1.0;;1.0;0.0;;REF683
REC9204;SP1029;ITA.1_1;RLM11;0.0;0.0;1.0;;1.0;0.0;;REF683
REC9205;SP1029;SVN.1_1;RLM11;0.0;0.0;1.0;;1.0;0.0;;REF683
REC9206;SP1029;ESP.1_1;RLM11;0.0;0.0;1.0;;1.0;0.0;;REF683
REC9207;SP1029;CHE.1_1;RLM11;0.0;0.0;1.0;;1.0;0.0;;REF683
REC9208;SP1029;USA.1_1;RLM9;0.0;0.0;1.0;0.0;1.0;0.0;;REF862
REC9209;SP1029;JPN.1_1;RLM10;0.0;0.0;1.0;0.0;1.0;0.0;;REF862
REC9210;SP1029;AUS.1_1;RLM2;0.0;0.0;1.0;0.0;1.0;0.0;;REF862
REC9211;SP1029;GEO.1_1;RLM11;0.0;0.0;1.0;0.0;1.0;0.0;;REF862
REC9212;SP1029;ITA.1_1;RLM11;0.0;0.0;1.0;0.0;1.0;0.0;;REF862
REC9213;SP1029;DEU.1_1;RLM11;0.0;0.0;1.0;0.0;1.0;0.0;;REF862
REC9214;SP1029;ESP.1_1;RLM11;0.0;0.0;1.0;0.0;1.0;0.0;;REF862
REC9215;SP1029;FRA.1_1;RLM11;0.0;0.0;1.0;0.0;1.0;0.0;;REF862
REC9216;SP1029;SVN.1_1;RLM11;0.0;0.0;1.0;0.0;1.0;0.0;;REF862
REC9217;SP1029;CHE.1_1;RLM11;0.0;0.0;1.0;0.0;1.0;0.0;;REF862
REC9218;SP1029;USA.1_1;RLM9;0.0;0.0;1.0;0.0;1.0;0.0;;REF1002
REC9219;SP1030;NZL.1_1;RLM2;;;1.0;;1.0;0.0;;REF697
REC9220;SP1030;NZL.1_1;RLM2;;;1.0;;1.0;0.0;1998.0;REF1096
REC9221;SP1030;NZL.1_1;RLM2;0.0;0.0;;;0.0;0.0;1998.0;REF493
REC9222;SP1031;DNK.1_1;RLM11;;;1.0;;1.0;0.0;;REF542
REC9223;SP1032;USA.1_1;RLM9;;0.0;1.0;;1.0;0.0;1967.0;REF1007
REC9224;SP1032;USA.1_1;RLM9;0.0;0.0;1.0;0.0;1.0;0.0;;REF1002
REC9225;SP1033;GBR.1_1;RLM11;;;1.0;;1.0;0.0;;REF542
REC9226;SP1033;PRT.1_1;RLM11;;;;;1.0;0.0;;REF330
REC9227;SP1033;ESP.1_1;RLM11;;;;;1.0;0.0;;REF330
REC9228;SP1033;PRT.1_1;RLM11;0.0;0.0;1.0;;1.0;0.0;;REF696
REC9229;SP1033;ESP.1_1;RLM11;0.0;0.0;1.0;;1.0;0.0;;REF696
REC9230;SP1033;GBR.1_1;RLM11;0.0;0.0;1.0;0.0;1.0;0.0;;REF696
REC9231;SP1033;PRT.1_1;RLM11;0.0;0.0;1.0;0.0;1.0;0.0;;REF696
REC9232;SP1033;ESP.1_1;RLM11;0.0;0.0;1.0;0.0;1.0;0.0;;REF696
REC9233;SP1033;GBR.1_1;RLM11;0.0;0.0;1.0;0.0;1.0;0.0;;REF696
REC9234;SP1034;USA.1_2;RLM9;0.0;0.0;1.0;;1.0;0.0;2008.0;REF1007
REC9235;SP1034;USA.2_1;RLM9;;;1.0;;1.0;0.0;;REF697
REC9236;SP1034;USA.2_1;RLM9;;1.0;1.0;;1.0;0.0;1963.0;REF1096
REC9237;SP1034;USA.2_1;RLM9;0.0;1.0;1.0;;1.0;0.0;;REF1007
REC9238;SP1034;USA.2_1;RLM9;0.0;1.0;;;1.0;0.0;;REF1195
REC9239;SP1034;USA.1_1;RLM9;0.0;0.0;1.0;;1.0;0.0;;REF1123
REC9240;SP1034;CAN.1_1;RLM9;0.0;0.0;1.0;;1.0;0.0;;REF1123
REC9241;SP1035;GBR.1_1;RLM11;;;1.0;;1.0;0.0;1992.0;REF1096
REC9242;SP1036;USA.1_1;RLM9;;0.0;1.0;;1.0;0.0;1984.0;REF1007
REC9243;SP1036;BGR.1_1;RLM11;0.0;0.0;1.0;;;0.0;2000.0;REF1073
REC9244;SP1036;USA.1_1;RLM9;0.0;0.0;1.0;0.0;1.0;0.0;;REF1139
REC9245;SP1036;USA.1_1;RLM9;0.0;0.0;1.0;0.0;1.0;0.0;1984.0;REF1002
REC9246;SP1037;USA.2_1;RLM9;;;1.0;;1.0;0.0;;REF697
REC9247;SP1037;USA.2_1;RLM9;;;1.0;;1.0;0.0;1976.0;REF1096
REC9248;SP1037;USA.2_1;RLM9;;0.0;1.0;;1.0;0.0;1976.0;REF1007
REC9249;SP1037;USA.2_1;RLM9;0.0;0.0;;;1.0;;;REF47
REC9250;SP1038;CYP.1_1;RLM8;;;;;1.0;0.0;;REF330
REC9251;SP1038;CYP.1_1;RLM8;0.0;0.0;1.0;;;0.0;1970.0;REF261
REC9252;SP1039;USA.1_2;RLM9;0.0;0.0;1.0;;1.0;0.0;;REF1002
REC9253;SP1039;CAN.1_1;RLM9;0.0;0.0;1.0;;1.0;0.0;;REF1002
REC9254;SP1039;USA.1_1;RLM9;0.0;0.0;1.0;;1.0;0.0;;REF1002
REC9255;SP1040;NZL.1_1;RLM2;;;1.0;;1.0;0.0;;REF697
REC9256;SP1040;NZL.1_1;RLM2;;;1.0;;1.0;0.0;1980.0;REF1096
REC9257;SP1040;NZL.1_1;RLM2;0.0;0.0;1.0;0.0;1.0;0.0;1992.0;REF493
REC9258;SP1040;USA.1_1;RLM9;0.0;0.0;1.0;0.0;1.0;0.0;;REF96
REC9259;SP1040;USA.1_1;RLM9;0.0;0.0;1.0;0.0;1.0;0.0;1932.0;REF1002
REC9260;SP1041;IRL.1_1;RLM11;;;1.0;;1.0;0.0;;REF542
REC9261;SP1042;POL.1_1;RLM11;;;1.0;;1.0;0.0;;REF542
REC9262;SP1043;CAN.1_1;RLM9;0.0;0.0;1.0;;1.0;0.0;;REF1002
REC9263;SP1043;USA.1_1;RLM9;0.0;0.0;1.0;;1.0;0.0;;REF1002
REC9264;SP1044;USA.1_1;RLM9;;0.0;1.0;;1.0;0.0;2011.0;REF1007
REC9265;SP1044;USA.1_1;RLM9;0.0;0.0;1.0;0.0;1.0;0.0;;REF1002
REC9266;SP1045;USA.1_1;RLM9;0.0;0.0;;;1.0;0.0;;REF1002
REC9267;SP1046;BGR.1_1;RLM11;;;;;1.0;0.0;;REF152
REC9268;SP1046;BGR.1_1;RLM11;0.0;0.0;1.0;;;0.0;1980.0;REF1073
REC9269;SP1047;SWE.1_1;RLM11;;;1.0;;1.0;0.0;;REF542
REC9270;SP1047;SWE.1_1;RLM11;;;;;1.0;0.0;;REF152
REC9271;SP1047;SWE.1_1;RLM11;0.0;0.0;1.0;;1.0;0.0;;REF683
REC9272;SP1048;USA.2_1;RLM9;0.0;1.0;;;1.0;0.0;;REF1195
REC9273;SP1049;JPN.1_1;RLM10;;;1.0;;1.0;0.0;;REF697
REC9274;SP1049;JPN.1_1;RLM10;;1.0;1.0;;1.0;0.0;1979.0;REF1096
REC9275;SP1049;JPN.1_1;RLM10;;;1.0;;1.0;0.0;;REF542
REC9276;SP1049;JPN.1_1;RLM10;0.0;1.0;;;1.0;0.0;;REF1195
REC9277;SP1049;JPN.1_1;RLM10;0.0;0.0;1.0;;1.0;0.0;;REF812
REC9278;SP1049;JPN.1_1;RLM10;;0.0;;;1.0;0.0;1970.0;REF779
REC9279;SP1049;JPN.1_1;RLM10;0.0;0.0;1.0;0.0;1.0;0.0;;REF464
REC9280;SP1050;AUS.1_1;RLM2;;;1.0;;1.0;0.0;;REF697
REC9281;SP1050;AUS.1_1;RLM2;0.0;0.0;1.0;0.0;1.0;0.0;;REF840
REC9282;SP1051;USA.1_1;RLM9;;;;;1.0;0.0;;REF330
REC9283;SP1051;USA.1_1;RLM9;;0.0;1.0;;1.0;0.0;;REF1007
REC9284;SP1051;USA.1_1;RLM9;0.0;0.0;;;1.0;0.0;;REF1195
REC9285;SP1052;PRT.3_1;RLM11;0.0;0.0;1.0;;1.0;0.0;;REF683
REC9286;SP1052;PRT.2_1;RLM11;0.0;0.0;1.0;;1.0;0.0;;REF683
REC9287;SP1053;CAN.1_1;RLM9;0.0;0.0;1.0;;1.0;0.0;;REF1002
REC9288;SP1053;USA.1_1;RLM9;;0.0;1.0;;1.0;0.0;1880.0;REF1007
REC9289;SP1053;USA.1_1;RLM9;0.0;0.0;;;1.0;0.0;;REF1195
REC9290;SP1053;USA.1_1;RLM9;0.0;0.0;1.0;;1.0;0.0;;REF1002
REC9291;SP1054;ECU.2_1;RLM1;;;1.0;;1.0;0.0;;REF697
REC9292;SP1054;ECU.2_1;RLM1;;;1.0;;1.0;0.0;2001.0;REF1096
REC9293;SP1054;USA.2_1;RLM9;;;1.0;;1.0;0.0;;REF697
REC9294;SP1054;USA.2_1;RLM9;;;1.0;;1.0;0.0;1911.0;REF1096
REC9295;SP1054;USA.2_1;RLM9;1.0;0.0;;;1.0;0.0;;REF1007
REC9296;SP1054;USA.2_1;RLM9;0.0;0.0;;;1.0;0.0;;REF1195
REC9297;SP1054;GBR.1_1;RLM11;0.0;0.0;1.0;0.0;1.0;0.0;;REF239
REC9298;SP1054;USA.1_1;RLM9;0.0;0.0;;;1.0;0.0;;REF1002
REC9299;SP1055;DNK.1_1;RLM11;;;1.0;;1.0;0.0;;REF542
REC9300;SP1056;ROU.1_1;RLM11;;;1.0;;1.0;0.0;;REF542
REC9301;SP1057;NZL.1_1;RLM2;;;1.0;;1.0;0.0;;REF697
REC9302;SP1058;USA.1_1;RLM9;;0.0;;;1.0;0.0;2007.0;REF644
REC9303;SP1058;USA.1_1;RLM9;;0.0;;;1.0;0.0;2008.0;REF644
REC9304;SP1058;USA.1_1;RLM9;;0.0;1.0;;1.0;0.0;2007.0;REF1007
REC9305;SP1058;USA.1_1;RLM9;0.0;0.0;1.0;;1.0;0.0;2006.0;REF272
REC9306;SP1058;USA.1_1;RLM9;0.0;0.0;1.0;0.0;1.0;0.0;;REF1002
REC9307;SP1059;USA.1_1;RLM9;0.0;0.0;1.0;0.0;1.0;0.0;2004.0;REF984
REC9308;SP1060;ECU.2_1;RLM1;;;1.0;;1.0;0.0;;REF697
REC9309;SP1060;ECU.2_1;RLM1;;;1.0;;1.0;0.0;1989.0;REF1096
REC9310;SP1061;CAN.1_1;RLM9;0.0;0.0;1.0;;1.0;0.0;;REF1002
REC9311;SP1061;USA.1_1;RLM9;;0.0;1.0;;1.0;0.0;2004.0;REF1007
REC9312;SP1061;USA.1_1;RLM9;0.0;0.0;1.0;;1.0;0.0;2004.0;REF853
REC9313;SP1061;USA.1_1;RLM9;0.0;0.0;1.0;;1.0;0.0;;REF1002
REC9314;SP1062;JPN.1_1;RLM10;0.0;0.0;1.0;;1.0;0.0;1953.0;REF779
REC9315;SP1063;CAN.1_1;RLM9;0.0;0.0;;;1.0;0.0;;REF1002
REC9316;SP1063;USA.1_1;RLM9;;;;;1.0;0.0;;REF152
REC9317;SP1063;CHN.1_1;RLM10;;;;;1.0;0.0;;REF152
REC9318;SP1063;USA.1_1;RLM9;;;;;1.0;0.0;;REF152
REC9319;SP1063;RUS.1_1;RLM11;;;;;1.0;0.0;;REF152
REC9320;SP1063;USA.1_1;RLM9;;;;;1.0;0.0;;REF152
REC9321;SP1063;USA.1_1;RLM9;;;;;1.0;0.0;;REF152
REC9322;SP1063;PRT.2_1;RLM11;0.0;0.0;1.0;;1.0;0.0;;REF683
REC9323;SP1063;ECU.2_1;RLM1;;;1.0;;1.0;0.0;;REF697
REC9324;SP1063;ECU.2_1;RLM1;;;1.0;;1.0;0.0;2001.0;REF1096
REC9325;SP1063;USA.1_1;RLM9;;;;;1.0;0.0;;REF152
REC9326;SP1063;USA.2_1;RLM9;;;1.0;;1.0;0.0;;REF697
REC9327;SP1063;USA.2_1;RLM9;;;1.0;;1.0;0.0;1909.0;REF1096
REC9328;SP1063;USA.2_1;RLM9;1.0;0.0;1.0;;1.0;0.0;;REF1007
REC9329;SP1063;USA.2_1;RLM9;0.0;0.0;;;1.0;0.0;;REF1195
REC9330;SP1063;JPN.1_1;RLM6;;;1.0;;1.0;0.0;;REF697
REC9331;SP1063;JPN.1_1;RLM6;;;1.0;;1.0;0.0;;REF1096
REC9332;SP1063;JPN.1_1;RLM6;0.0;0.0;;;1.0;0.0;;REF1195
REC9333;SP1063;ITA.2_1;RLM11;0.0;0.0;1.0;;1.0;0.0;;REF683
REC9334;SP1063;ITA.2_1;RLM11;0.0;0.0;1.0;;1.0;0.0;;REF683
REC9335;SP1063;AUS.1_1;RLM2;;;1.0;;1.0;0.0;;REF697
REC9336;SP1063;JPN.1_1;RLM10;;;1.0;;1.0;0.0;;REF697
REC9337;SP1063;KOR.1_1;RLM11;;;1.0;;1.0;0.0;;REF697
REC9338;SP1063;NZL.1_1;RLM2;;;1.0;;1.0;0.0;;REF697
REC9339;SP1063;ZAF.1_1;RLM3;;;1.0;;1.0;0.0;;REF697
REC9340;SP1063;CHL.1_1;RLM1;;;1.0;;1.0;0.0;1962.0;REF1096
REC9341;SP1063;JPN.1_1;RLM10;;;1.0;;1.0;0.0;1889.0;REF1096
REC9342;SP1063;KOR.1_1;RLM11;;;1.0;;1.0;0.0;;REF1096
REC9343;SP1063;NZL.1_1;RLM2;;;1.0;;1.0;0.0;1908.0;REF1096
REC9344;SP1063;ZAF.1_1;RLM3;;0.0;1.0;;1.0;0.0;;REF1096
REC9345;SP1063;MNG.1_1;RLM11;;;1.0;;1.0;0.0;;REF542
REC9346;SP1063;ZAF.1_1;RLM3;;;1.0;;1.0;0.0;;REF542
REC9347;SP1063;SVN.1_1;RLM11;;;1.0;;1.0;0.0;;REF542
REC9348;SP1063;BGR.1_1;RLM11;;;1.0;;1.0;0.0;;REF542
REC9349;SP1063;VEN.1_1;RLM1;;;1.0;;1.0;0.0;;REF542
REC9350;SP1063;AUT.1_1;RLM11;;;1.0;;1.0;0.0;;REF542
REC9351;SP1063;JPN.1_1;RLM10;;;1.0;;1.0;0.0;;REF542
REC9352;SP1063;DNK.1_1;RLM11;;;1.0;;1.0;0.0;;REF542
REC9353;SP1063;FRA.1_1;RLM11;;;1.0;;1.0;0.0;;REF542
REC9354;SP1063;SWE.1_1;RLM11;;;1.0;;1.0;0.0;;REF542
REC9355;SP1063;BLR.1_1;RLM11;;;1.0;;1.0;0.0;;REF542
REC9356;SP1063;CHN.1_1;RLM11;;;1.0;;1.0;0.0;;REF542
REC9357;SP1063;AUT.1_1;RLM11;;;1.0;;1.0;0.0;;REF957
REC9358;SP1063;BEL.1_1;RLM11;;;1.0;;1.0;0.0;;REF957
REC9359;SP1063;HRV.1_1;RLM11;;;1.0;;1.0;0.0;;REF957
REC9360;SP1063;DNK.1_1;RLM11;;;1.0;;1.0;0.0;;REF957
REC9361;SP1063;MKD.1_1;RLM11;;;1.0;;1.0;0.0;;REF957
REC9362;SP1063;GBR.1_1;RLM11;;;1.0;;1.0;0.0;;REF957
REC9363;SP1063;HUN.1_1;RLM11;;;1.0;;1.0;0.0;;REF957
REC9364;SP1063;ITA.2_1;RLM11;;;1.0;;1.0;0.0;;REF957
REC9365;SP1063;ITA.1_1;RLM11;;;1.0;;1.0;0.0;;REF957
REC9366;SP1063;MLT.1_1;RLM8;;;1.0;;1.0;0.0;;REF957
REC9367;SP1063;NOR.1_1;RLM11;;;1.0;;1.0;0.0;;REF957
REC9368;SP1063;PRT.1_1;RLM11;;;1.0;;1.0;0.0;;REF957
REC9369;SP1063;RUS.1_1;RLM11;;;1.0;;1.0;0.0;;REF957
REC9370;SP1063;SVK.1_1;RLM11;;;1.0;;1.0;0.0;1900.0;REF957
REC9371;SP1063;ESP.1_1;RLM11;;;1.0;;1.0;0.0;;REF957
REC9372;SP1063;CHE.1_1;RLM11;;;1.0;;1.0;0.0;2001.0;REF957
REC9373;SP1063;SVN.1_1;RLM11;;;1.0;;1.0;0.0;1951.0;REF957
REC9374;SP1063;ALB.1_1;RLM11;;;1.0;;1.0;0.0;;REF957
REC9375;SP1063;BLR.1_1;RLM11;;;1.0;;1.0;0.0;;REF957
REC9376;SP1063;BGR.1_1;RLM11;;;1.0;;1.0;0.0;;REF957
REC9377;SP1063;CZE.1_1;RLM11;;;1.0;;1.0;0.0;1900.0;REF957
REC9378;SP1063;FRA.1_1;RLM11;;;1.0;;1.0;0.0;;REF957
REC9379;SP1063;DEU.1_1;RLM11;;;1.0;;1.0;0.0;1790.0;REF957
REC9380;SP1063;GRC.1_1;RLM11;;;1.0;;1.0;0.0;;REF957
REC9381;SP1063;ISL.1_1;RLM11;;;1.0;;1.0;0.0;;REF957
REC9382;SP1063;ITA.2_1;RLM11;;;1.0;;1.0;0.0;;REF957
REC9383;SP1063;LTU.1_1;RLM11;;;1.0;;1.0;0.0;;REF957
REC9384;SP1063;NLD.1_1;RLM11;;;1.0;;1.0;0.0;;REF957
REC9385;SP1063;PRT.2_1;RLM11;;;1.0;;1.0;0.0;;REF957
REC9386;SP1063;ROU.1_1;RLM11;;;1.0;;1.0;0.0;;REF957
REC9387;SP1063;ESP.1_1;RLM11;;;1.0;;1.0;0.0;;REF957
REC9388;SP1063;SWE.1_1;RLM11;;;1.0;;1.0;0.0;;REF957
REC9389;SP1063;POL.1_1;RLM11;;;1.0;;1.0;0.0;1982.0;REF957
REC9390;SP1063;KEN.1_1;RLM3;;;;;1.0;0.0;;REF152
REC9391;SP1063;ZAF.1_1;RLM3;;;;;1.0;0.0;;REF152
REC9392;SP1063;CHN.1_1;RLM11;;;;;1.0;0.0;;REF152
REC9393;SP1063;JPN.1_1;RLM10;;;;;1.0;0.0;;REF152
REC9394;SP1063;AUT.1_1;RLM11;;;1.0;;1.0;0.0;1912.0;REF152
REC9395;SP1063;BGR.1_1;RLM11;;;1.0;;1.0;0.0;1930.0;REF152
REC9396;SP1063;HRV.1_1;RLM11;;;;;1.0;0.0;;REF152
REC9397;SP1063;CYP.1_1;RLM8;;;;;1.0;0.0;;REF152
REC9398;SP1063;CZE.1_1;RLM11;;;1.0;;1.0;0.0;1900.0;REF152
REC9399;SP1063;DEU.1_1;RLM11;;;1.0;;1.0;0.0;1790.0;REF152
REC9400;SP1063;GRC.1_1;RLM11;;;;;1.0;0.0;;REF152
REC9401;SP1063;HUN.1_1;RLM11;;;;;1.0;0.0;;REF152
REC9402;SP1063;ITA.1_1;RLM11;;;1.0;;1.0;0.0;1871.0;REF152
REC9403;SP1063;MLT.1_1;RLM8;;;1.0;;1.0;0.0;1932.0;REF152
REC9404;SP1063;NLD.1_1;RLM11;;;;;1.0;0.0;;REF152
REC9405;SP1063;NOR.1_1;RLM11;;;1.0;;1.0;0.0;1971.0;REF152
REC9406;SP1063;POL.1_1;RLM11;;;1.0;;1.0;0.0;1982.0;REF152
REC9407;SP1063;ROU.1_1;RLM11;;;1.0;;1.0;0.0;1914.0;REF152
REC9408;SP1063;RUS.1_2;RLM11;;;;;1.0;0.0;;REF152
REC9409;SP1063;SRB.1_1;RLM11;;;1.0;;1.0;0.0;1912.0;REF152
REC9410;SP1063;SVK.1_1;RLM11;;;1.0;;1.0;0.0;1900.0;REF152
REC9411;SP1063;SVN.1_1;RLM11;;;1.0;;1.0;0.0;1951.0;REF152
REC9412;SP1063;ESP.1_1;RLM11;;;1.0;;1.0;0.0;1928.0;REF152
REC9413;SP1063;SWE.1_1;RLM11;;;1.0;;1.0;0.0;;REF152
REC9414;SP1063;CHE.1_1;RLM11;;;1.0;;1.0;0.0;2001.0;REF152
REC9415;SP1063;USA.1_1;RLM9;;;1.0;;1.0;0.0;1728.0;REF152
REC9416;SP1063;AUS.1_1;RLM2;;;;;1.0;0.0;;REF152
REC9417;SP1063;NZL.1_1;RLM2;;;1.0;;1.0;0.0;1908.0;REF152
REC9418;SP1063;USA.1_1;RLM9;1.0;0.0;1.0;;1.0;0.0;1728.0;REF1007
REC9419;SP1063;USA.1_1;RLM9;0.0;0.0;;;1.0;0.0;;REF1195
REC9420;SP1063;JPN.1_1;RLM10;0.0;0.0;;;1.0;0.0;;REF1195
REC9421;SP1063;ALB.1_1;RLM11;0.0;0.0;1.0;;1.0;0.0;;REF683
REC9422;SP1063;AUT.1_1;RLM11;0.0;0.0;1.0;;1.0;0.0;;REF683
REC9423;SP1063;BLR.1_1;RLM11;0.0;0.0;1.0;;1.0;0.0;;REF683
REC9424;SP1063;BEL.1_1;RLM11;0.0;0.0;1.0;;1.0;0.0;;REF683
REC9425;SP1063;BGR.1_1;RLM11;0.0;0.0;1.0;;1.0;0.0;;REF683
REC9426;SP1063;HRV.1_1;RLM11;0.0;0.0;1.0;;1.0;0.0;;REF683
REC9427;SP1063;CZE.1_1;RLM11;0.0;0.0;1.0;;1.0;0.0;;REF683
REC9428;SP1063;DNK.1_1;RLM11;0.0;0.0;1.0;;1.0;0.0;;REF683
REC9429;SP1063;FRA.1_1;RLM11;0.0;0.0;1.0;;1.0;0.0;;REF683
REC9430;SP1063;DEU.1_1;RLM11;0.0;0.0;1.0;;1.0;0.0;;REF683
REC9431;SP1063;GRC.1_1;RLM11;0.0;0.0;1.0;;1.0;0.0;;REF683
REC9432;SP1063;HUN.1_1;RLM11;0.0;0.0;1.0;;1.0;0.0;;REF683
REC9433;SP1063;ISL.1_1;RLM11;0.0;0.0;1.0;;1.0;0.0;;REF683
REC9434;SP1063;ITA.1_1;RLM11;0.0;0.0;1.0;;1.0;0.0;;REF683
REC9435;SP1063;LTU.1_1;RLM11;0.0;0.0;1.0;;1.0;0.0;;REF683
REC9436;SP1063;MLT.1_1;RLM8;0.0;0.0;1.0;;1.0;0.0;;REF683
REC9437;SP1063;NLD.1_1;RLM11;0.0;0.0;1.0;;1.0;0.0;;REF683
REC9438;SP1063;MKD.1_1;RLM11;0.0;0.0;1.0;;1.0;0.0;;REF683
REC9439;SP1063;NOR.1_1;RLM11;0.0;0.0;1.0;;1.0;0.0;;REF683
REC9440;SP1063;POL.1_1;RLM11;0.0;0.0;1.0;;1.0;0.0;;REF683
REC9441;SP1063;PRT.1_1;RLM11;0.0;0.0;1.0;;1.0;0.0;;REF683
REC9442;SP1063;ROU.1_1;RLM11;0.0;0.0;1.0;;1.0;0.0;;REF683
REC9443;SP1063;RUS.1_2;RLM11;0.0;0.0;1.0;;1.0;0.0;;REF683
REC9444;SP1063;SRB.1_1;RLM11;0.0;0.0;1.0;;1.0;0.0;;REF683
REC9445;SP1063;SVK.1_1;RLM11;0.0;0.0;1.0;;1.0;0.0;;REF683
REC9446;SP1063;SVN.1_1;RLM11;0.0;0.0;1.0;;1.0;0.0;;REF683
REC9447;SP1063;ESP.1_1;RLM11;0.0;0.0;1.0;;1.0;0.0;;REF683
REC9448;SP1063;SWE.1_1;RLM11;0.0;0.0;1.0;;1.0;0.0;;REF683
REC9449;SP1063;CHE.1_1;RLM11;0.0;0.0;1.0;;1.0;0.0;;REF683
REC9450;SP1063;GBR.1_1;RLM11;0.0;0.0;1.0;;1.0;0.0;;REF683
REC9451;SP1063;GBR.1_1;RLM11;0.0;0.0;1.0;;1.0;0.0;;REF683
REC9452;SP1063;SRB.1_1;RLM11;0.0;0.0;1.0;;1.0;0.0;;REF911
REC9453;SP1063;GRC.1_1;RLM11;0.0;0.0;1.0;;1.0;0.0;1790.0;REF911
REC9454;SP1063;VEN.1_1;RLM1;0.0;0.0;1.0;;1.0;0.0;;REF912
REC9455;SP1063;POL.1_1;RLM11;0.0;0.0;1.0;;;0.0;1900.0;REF1073
REC9456;SP1063;NOR.1_1;RLM11;0.0;0.0;1.0;;1.0;0.0;1990.0;REF973
REC9457;SP1063;CYP.1_1;RLM8;0.0;0.0;1.0;;1.0;0.0;1937.0;REF261
REC9458;SP1063;KEN.1_1;RLM3;0.0;0.0;1.0;;1.0;0.0;;REF596
REC9459;SP1063;JPN.1_1;RLM10;0.0;0.0;1.0;;1.0;0.0;;REF812
REC9460;SP1063;USA.1_1;RLM9;0.0;0.0;;;1.0;0.0;;REF1002
REC9461;SP1064;ECU.2_1;RLM1;;;1.0;;1.0;0.0;;REF697
REC9462;SP1064;ECU.2_1;RLM1;;;1.0;;1.0;0.0;1964.0;REF1096
REC9463;SP1065;AUS.1_1;RLM2;;;1.0;;1.0;0.0;;REF697
REC9464;SP1065;USA.1_1;RLM9;0.0;0.0;1.0;0.0;1.0;0.0;;REF1002
REC9465;SP1066;CAN.1_1;RLM9;;;1.0;;1.0;0.0;;REF542
REC9466;SP1066;USA.1_1;RLM9;;0.0;1.0;;1.0;0.0;;REF1007
REC9467;SP1067;NZL.1_1;RLM2;;;1.0;;1.0;0.0;;REF697
REC9468;SP1067;NZL.1_1;RLM2;;;1.0;;1.0;0.0;1955.0;REF1096
REC9469;SP1068;CAN.1_1;RLM9;0.0;0.0;1.0;;1.0;0.0;;REF1002
REC9470;SP1068;CAN.1_1;RLM9;0.0;0.0;1.0;;1.0;0.0;;REF394
REC9471;SP1068;CAN.1_1;RLM9;0.0;0.0;1.0;;1.0;0.0;;REF394
REC9472;SP1068;CAN.1_1;RLM9;0.0;0.0;1.0;;1.0;0.0;;REF394
REC9473;SP1068;CAN.1_1;RLM9;0.0;0.0;1.0;;1.0;0.0;;REF394
REC9474;SP1068;CAN.1_1;RLM9;0.0;0.0;1.0;;1.0;0.0;;REF394
REC9475;SP1068;USA.1_1;RLM9;0.0;0.0;1.0;;1.0;0.0;1975.0;REF1007
REC9476;SP1068;USA.1_1;RLM9;0.0;0.0;1.0;;1.0;0.0;;REF1002
REC9477;SP1069;USA.1_1;RLM9;0.0;0.0;;;1.0;0.0;;REF1195
REC9478;SP1070;CAN.1_1;RLM9;0.0;0.0;1.0;;1.0;0.0;;REF1002
REC9479;SP1070;USA.1_1;RLM9;0.0;0.0;1.0;;1.0;0.0;1841.0;REF394
REC9480;SP1070;CAN.1_1;RLM9;1.0;0.0;;;1.0;0.0;1912.0;REF394
REC9481;SP1070;USA.1_1;RLM9;0.0;0.0;1.0;;1.0;0.0;1840.0;REF1007
REC9482;SP1070;USA.1_1;RLM9;0.0;0.0;;;1.0;0.0;;REF1195
REC9483;SP1070;CAN.1_1;RLM9;0.0;0.0;1.0;;1.0;0.0;;REF667
REC9484;SP1070;USA.1_1;RLM9;0.0;0.0;1.0;0.0;1.0;0.0;1860.0;REF1002
REC9485;SP1071;JPN.1_1;RLM6;1.0;0.0;;;1.0;0.0;;REF1195
REC9486;SP1071;JPN.1_1;RLM6;1.0;0.0;;;1.0;0.0;;REF1195
REC9487;SP1071;JPN.1_1;RLM10;;;1.0;;1.0;0.0;;REF697
REC9488;SP1071;JPN.1_1;RLM10;;;1.0;;1.0;0.0;1999.0;REF1096
REC9489;SP1072;FRA.1_1;RLM11;;;1.0;;1.0;0.0;;REF542
REC9490;SP1072;DNK.1_1;RLM11;;;1.0;;1.0;0.0;;REF542
REC9491;SP1073;IND.1_1;RLM6;;;;;1.0;0.0;;REF152
REC9492;SP1073;IND.1_1;RLM6;;;;;1.0;0.0;;REF330
REC9493;SP1073;DNK.1_1;RLM11;;;1.0;;1.0;0.0;;REF542
REC9494;SP1073;GBR.1_1;RLM11;;;1.0;;1.0;0.0;;REF542
REC9495;SP1073;NLD.1_1;RLM11;;;1.0;;1.0;0.0;;REF542
REC9496;SP1073;BEN.1_1;RLM3;;;;;1.0;0.0;;REF330
REC9497;SP1073;CMR.1_1;RLM3;;;;;1.0;0.0;;REF330
REC9498;SP1073;GAB.1_1;RLM3;;;;;1.0;0.0;;REF330
REC9499;SP1073;NGA.1_1;RLM3;;;;;1.0;0.0;;REF330
REC9500;SP1073;IND.1_1;RLM6;;;;;1.0;0.0;;REF330
REC9501;SP1073;DNK.1_1;RLM11;;;;;0.0;0.0;;REF330
REC9502;SP1073;NLD.1_1;RLM11;;;;;0.0;0.0;;REF330
REC9503;SP1073;BEN.1_1;RLM3;;;;;1.0;0.0;2017.0;REF152
REC9504;SP1073;CMR.1_1;RLM3;;;;;1.0;0.0;;REF152
REC9505;SP1073;GAB.1_1;RLM3;;;;;1.0;0.0;;REF152
REC9506;SP1073;NGA.1_1;RLM3;;;;;1.0;0.0;2016.0;REF152
REC9507;SP1073;IND.1_1;RLM6;;;;;1.0;0.0;;REF152
REC9508;SP1073;DNK.1_1;RLM11;;;;;1.0;0.0;;REF152
REC9509;SP1073;NLD.1_1;RLM11;;;;;1.0;0.0;;REF152
REC9510;SP1073;NGA.1_1;RLM3;0.0;0.0;1.0;;1.0;0.0;2017.0;REF1217
REC9511;SP1073;IND.1_1;RLM6;0.0;0.0;1.0;;1.0;0.0;2019.0;REF1217
REC9512;SP1073;BEN.1_1;RLM3;0.0;0.0;1.0;;1.0;0.0;2018.0;REF1217
REC9513;SP1073;CMR.1_1;RLM3;0.0;0.0;1.0;;1.0;0.0;2018.0;REF1217
REC9514;SP1073;GAB.1_1;RLM3;0.0;0.0;1.0;;1.0;0.0;2018.0;REF1217
REC9515;SP1074;USA.2_1;RLM9;;;1.0;;1.0;0.0;;REF152
REC9516;SP1074;USA.2_1;RLM9;;;1.0;;1.0;0.0;;REF697
REC9517;SP1074;USA.2_1;RLM9;;;1.0;;1.0;0.0;1877.0;REF1096
REC9518;SP1074;USA.2_1;RLM9;;;;;1.0;0.0;;REF330
REC9519;SP1074;USA.2_1;RLM9;;0.0;1.0;;1.0;0.0;1868.0;REF1007
REC9520;SP1074;USA.2_1;RLM9;0.0;0.0;;;1.0;0.0;;REF1195
REC9521;SP1075;CAN.1_1;RLM9;0.0;0.0;1.0;;1.0;0.0;;REF1002
REC9522;SP1075;USA.1_1;RLM9;0.0;0.0;1.0;;1.0;0.0;;REF422
REC9523;SP1075;USA.1_1;RLM9;0.0;0.0;1.0;1.0;1.0;0.0;1924.0;REF1007
REC9524;SP1075;USA.1_1;RLM9;0.0;0.0;1.0;;1.0;0.0;;REF422
REC9525;SP1075;USA.2_1;RLM9;;;1.0;;1.0;0.0;;REF697
REC9526;SP1075;USA.2_1;RLM9;;;1.0;;1.0;0.0;1894.0;REF1096
REC9527;SP1075;USA.2_1;RLM9;0.0;0.0;1.0;;1.0;0.0;;REF1007
REC9528;SP1075;USA.2_1;RLM9;0.0;0.0;;;1.0;0.0;;REF1195
REC9529;SP1075;USA.1_1;RLM9;0.0;0.0;1.0;;1.0;0.0;;REF422
REC9530;SP1075;USA.1_1;RLM9;0.0;0.0;1.0;;1.0;0.0;;REF422
REC9531;SP1075;USA.1_1;RLM9;0.0;0.0;1.0;;1.0;0.0;1876.0;REF1007
REC9532;SP1075;USA.1_1;RLM9;0.0;0.0;1.0;;1.0;0.0;;REF422
REC9533;SP1075;AUS.1_1;RLM2;;;1.0;;1.0;0.0;;REF697
REC9534;SP1075;ZAF.1_1;RLM3;;;1.0;;1.0;0.0;;REF697
REC9535;SP1075;KOR.1_1;RLM11;;;1.0;;1.0;0.0;;REF1096
REC9536;SP1075;ZAF.1_1;RLM3;;0.0;1.0;;1.0;0.0;;REF1096
REC9537;SP1075;MEX.1_1;RLM9;;;1.0;;1.0;0.0;;REF542
REC9538;SP1075;USA.1_1;RLM9;0.0;0.0;1.0;;1.0;0.0;;REF1007
REC9539;SP1075;USA.1_1;RLM9;0.0;0.0;;;1.0;0.0;;REF1195
REC9540;SP1075;IRN.1_1;RLM8;0.0;0.0;1.0;;1.0;0.0;;REF336
REC9541;SP1075;USA.1_1;RLM9;0.0;0.0;1.0;;1.0;0.0;;REF1002
REC9542;SP1076;IND.1_1;RLM6;;;1.0;;1.0;0.0;2018.0;REF152
REC9543;SP1076;CHN.1_1;RLM10;;;;;1.0;0.0;;REF152
REC9544;SP1076;IND.1_1;RLM10;;;;;1.0;0.0;;REF152
REC9545;SP1076;IND.1_1;RLM6;;;;;1.0;0.0;;REF152
REC9546;SP1076;CHN.1_1;RLM10;;;;;1.0;0.0;;REF152
REC9547;SP1076;IND.1_1;RLM6;;;;;1.0;0.0;;REF152
REC9548;SP1076;IND.1_1;RLM6;;;;;1.0;0.0;;REF152
REC9549;SP1076;CHN.1_1;RLM10;;;;;1.0;0.0;;REF152
REC9550;SP1076;CHN.1_1;RLM10;;;;;1.0;0.0;;REF152
REC9551;SP1076;CHN.1_1;RLM11;;;;;1.0;0.0;;REF152
REC9552;SP1076;IND.1_1;RLM6;;;;;1.0;0.0;;REF152
REC9553;SP1076;CHN.1_1;RLM6;;;;;1.0;0.0;;REF152
REC9554;SP1076;CHN.1_1;RLM6;;;;;1.0;0.0;;REF152
REC9555;SP1076;CHN.1_1;RLM10;;;;;1.0;0.0;;REF152
REC9556;SP1076;IND.1_1;RLM6;;;;;1.0;0.0;;REF152
REC9557;SP1076;CHN.2_1;RLM6;;;;;1.0;0.0;;REF152
REC9558;SP1076;CHN.1_1;RLM10;;;;;1.0;0.0;;REF152
REC9559;SP1076;CHN.1_1;RLM10;;;;;1.0;0.0;;REF152
REC9560;SP1076;IND.1_1;RLM6;;;;;1.0;0.0;;REF152
REC9561;SP1076;CHN.1_1;RLM10;;;;;1.0;0.0;;REF152
REC9562;SP1076;CHN.1_1;RLM10;;;;;1.0;0.0;;REF152
REC9563;SP1076;IDN.1_1;RLM6;;;;;1.0;0.0;;REF152
REC9564;SP1076;IND.1_1;RLM6;;;;;1.0;0.0;;REF152
REC9565;SP1076;CHN.1_1;RLM10;;;;;1.0;0.0;;REF152
REC9566;SP1076;CHN.1_1;RLM10;;;;;1.0;0.0;;REF152
REC9567;SP1076;IND.1_1;RLM6;;;1.0;;1.0;0.0;2018.0;REF152
REC9568;SP1076;IND.1_1;RLM6;;;;;1.0;0.0;;REF152
REC9569;SP1076;JPN.1_1;RLM10;;;;;1.0;0.0;;REF152
REC9570;SP1076;CHN.1_1;RLM11;;;;;1.0;0.0;;REF152
REC9571;SP1076;IND.1_1;RLM6;;;1.0;;1.0;0.0;;REF152
REC9572;SP1076;IND.1_1;RLM6;;;1.0;;1.0;0.0;2018.0;REF152
REC9573;SP1076;IND.1_1;RLM6;;;;;1.0;0.0;;REF152
REC9574;SP1076;IND.1_1;RLM6;;;;;1.0;0.0;;REF152
REC9575;SP1076;IND.1_1;RLM6;;;;;1.0;0.0;;REF152
REC9576;SP1076;IND.1_1;RLM6;;;;;1.0;0.0;;REF152
REC9577;SP1076;AUS.1_1;RLM2;;;1.0;;1.0;0.0;2020.0;REF152
REC9578;SP1076;CHN.1_1;RLM11;;;;;1.0;0.0;;REF152
REC9579;SP1076;AUS.1_1;RLM2;;;1.0;;1.0;0.0;2020.0;REF152
REC9580;SP1076;IND.1_1;RLM6;;;;;1.0;0.0;;REF152
REC9581;SP1076;IND.1_1;RLM6;;;;;1.0;0.0;;REF152
REC9582;SP1076;AUS.1_1;RLM2;;;1.0;;1.0;0.0;2020.0;REF152
REC9583;SP1076;IND.1_1;RLM6;;;;;1.0;0.0;;REF152
REC9584;SP1076;CHN.1_1;RLM10;;;;;1.0;0.0;;REF152
REC9585;SP1076;CHN.1_1;RLM10;;;;;1.0;0.0;;REF152
REC9586;SP1076;CHN.1_1;RLM10;;;;;1.0;0.0;;REF152
REC9587;SP1076;CHN.1_1;RLM10;;;;;1.0;0.0;;REF152
REC9588;SP1076;CHN.1_1;RLM10;;;;;1.0;0.0;;REF152
REC9589;SP1076;IND.1_1;RLM10;;;;;1.0;0.0;;REF152
REC9590;SP1076;IDN.1_1;RLM6;;;;;1.0;0.0;;REF152
REC9591;SP1076;IND.1_1;RLM6;;;1.0;;1.0;0.0;2018.0;REF152
REC9592;SP1076;AUS.1_1;RLM2;;;1.0;;1.0;0.0;2021.0;REF152
REC9593;SP1076;IND.1_1;RLM6;;;;;1.0;0.0;;REF152
REC9594;SP1076;IND.1_1;RLM6;;;;;1.0;0.0;;REF152
REC9595;SP1076;IND.1_1;RLM6;;;;;1.0;0.0;;REF152
REC9596;SP1076;IND.1_1;RLM10;;;;;1.0;0.0;;REF152
REC9597;SP1076;AUS.1_1;RLM2;;;1.0;;1.0;0.0;2020.0;REF152
REC9598;SP1076;IND.1_1;RLM6;;;;;1.0;0.0;;REF152
REC9599;SP1076;AUS.1_1;RLM2;;;1.0;;1.0;0.0;2020.0;REF152
REC9600;SP1076;CHN.1_1;RLM6;;;;;1.0;0.0;;REF152
REC9601;SP1076;CHN.1_1;RLM10;;;;;1.0;0.0;;REF152
REC9602;SP1076;IND.1_1;RLM6;;;;;1.0;0.0;;REF330
REC9603;SP1076;CHN.1_1;RLM10;;;;;1.0;0.0;;REF330
REC9604;SP1076;CHN.1_1;RLM10;0.0;0.0;1.0;;1.0;0.0;;REF173
REC9605;SP1076;CHN.3_1;RLM10;;;;;1.0;0.0;;REF330
REC9606;SP1076;IND.1_1;RLM10;;;;;1.0;0.0;;REF330
REC9607;SP1076;IND.1_1;RLM6;;;;;1.0;0.0;;REF330
REC9608;SP1076;AUS.1_1;RLM2;0.0;0.0;1.0;;1.0;0.0;2020.0;REF1064
REC9609;SP1076;CHN.1_1;RLM10;;;;;1.0;0.0;;REF330
REC9610;SP1076;IND.1_1;RLM6;;;;;1.0;0.0;;REF330
REC9611;SP1076;CHN.1_1;RLM10;0.0;0.0;1.0;;1.0;0.0;2019.0;REF474
REC9612;SP1076;IND.1_1;RLM6;;;;;1.0;0.0;;REF330
REC9613;SP1076;CHN.1_1;RLM10;;;;;1.0;0.0;;REF330
REC9614;SP1076;CHN.1_1;RLM10;0.0;0.0;1.0;;1.0;0.0;;REF173
REC9615;SP1076;CHN.1_1;RLM10;0.0;0.0;1.0;;1.0;0.0;2019.0;REF560
REC9616;SP1076;CHN.1_1;RLM10;;;;;1.0;0.0;;REF330
REC9617;SP1076;CHN.1_1;RLM10;0.0;0.0;1.0;;1.0;0.0;2019.0;REF1191
REC9618;SP1076;CHN.1_1;RLM10;0.0;0.0;1.0;;1.0;0.0;;REF173
REC9619;SP1076;CHN.1_1;RLM10;0.0;0.0;1.0;;1.0;0.0;2019.0;REF560
REC9620;SP1076;ECU.2_1;RLM1;;;1.0;;1.0;0.0;2016.0;REF1096
REC9621;SP1076;CHN.1_1;RLM11;;;;;1.0;0.0;;REF330
REC9622;SP1076;IND.1_1;RLM6;;;;;1.0;0.0;;REF330
REC9623;SP1076;CHN.1_1;RLM6;;;;;1.0;0.0;;REF330
REC9624;SP1076;CHN.1_1;RLM6;0.0;0.0;1.0;;1.0;0.0;2019.0;REF1191
REC9625;SP1076;CHN.1_1;RLM6;0.0;0.0;1.0;;1.0;0.0;;REF173
REC9626;SP1076;CHN.1_1;RLM6;0.0;0.0;1.0;;1.0;0.0;2019.0;REF560
REC9627;SP1076;CHN.1_1;RLM6;;;;;1.0;0.0;;REF330
REC9628;SP1076;CHN.1_1;RLM6;0.0;0.0;1.0;;1.0;0.0;2019.0;REF1191
REC9629;SP1076;CHN.1_1;RLM6;0.0;0.0;1.0;;1.0;0.0;;REF173
REC9630;SP1076;CHN.1_1;RLM6;0.0;0.0;1.0;;1.0;0.0;2019.0;REF560
REC9631;SP1076;CHN.1_1;RLM10;;;;;1.0;0.0;;REF330
REC9632;SP1076;CHN.1_1;RLM10;0.0;0.0;1.0;;1.0;0.0;2019.0;REF560
REC9633;SP1076;IND.1_1;RLM6;;;;;1.0;0.0;;REF330
REC9634;SP1076;CHN.2_1;RLM6;;;;;1.0;0.0;;REF330
REC9635;SP1076;CHN.2_1;RLM6;0.0;0.0;1.0;;1.0;0.0;2019.0;REF1191
REC9636;SP1076;CHN.2_1;RLM6;0.0;0.0;1.0;;1.0;0.0;;REF173
REC9637;SP1076;CHN.2_1;RLM6;0.0;0.0;1.0;;1.0;0.0;2019.0;REF560
REC9638;SP1076;CHN.1_1;RLM10;;;;;1.0;0.0;;REF330
REC9639;SP1076;CHN.1_1;RLM10;0.0;0.0;1.0;;1.0;0.0;;REF173
REC9640;SP1076;CHN.1_1;RLM10;;;;;1.0;0.0;;REF330
REC9641;SP1076;CHN.1_1;RLM10;0.0;0.0;1.0;;1.0;0.0;2019.0;REF1191
REC9642;SP1076;CHN.1_1;RLM10;0.0;0.0;1.0;;1.0;0.0;2019.0;REF560
REC9643;SP1076;IND.1_1;RLM6;;;;;1.0;0.0;;REF330
REC9644;SP1076;CHN.3_1;RLM10;0.0;0.0;1.0;;1.0;0.0;2019.0;REF1186
REC9645;SP1076;CHN.1_1;RLM10;;;;;1.0;0.0;;REF330
REC9646;SP1076;CHN.1_1;RLM10;0.0;0.0;1.0;;1.0;0.0;2019.0;REF1191
REC9647;SP1076;CHN.1_1;RLM10;0.0;0.0;1.0;;1.0;0.0;;REF173
REC9648;SP1076;CHN.1_1;RLM10;0.0;0.0;1.0;;1.0;0.0;2019.0;REF560
REC9649;SP1076;CHN.1_1;RLM10;;;;;1.0;0.0;;REF330
REC9650;SP1076;CHN.1_1;RLM10;0.0;0.0;1.0;;1.0;0.0;2019.0;REF1191
REC9651;SP1076;CHN.1_1;RLM10;0.0;0.0;1.0;;1.0;0.0;;REF173
REC9652;SP1076;CHN.1_1;RLM10;0.0;0.0;1.0;;1.0;0.0;2019.0;REF560
REC9653;SP1076;IDN.1_1;RLM6;;;;;1.0;0.0;;REF330
REC9654;SP1076;IND.1_1;RLM6;;;;;1.0;0.0;;REF330
REC9655;SP1076;CHN.1_1;RLM10;;;;;1.0;0.0;;REF330
REC9656;SP1076;CHN.1_1;RLM10;0.0;0.0;1.0;;1.0;0.0;2019.0;REF1191
REC9657;SP1076;CHN.1_1;RLM10;0.0;0.0;1.0;;1.0;0.0;;REF173
REC9658;SP1076;CHN.1_1;RLM10;;;;;1.0;0.0;;REF330
REC9659;SP1076;CHN.1_1;RLM10;0.0;0.0;1.0;;1.0;0.0;2019.0;REF1191
REC9660;SP1076;CHN.1_1;RLM10;0.0;0.0;1.0;;1.0;0.0;;REF173
REC9661;SP1076;CHN.1_1;RLM10;0.0;0.0;1.0;;1.0;0.0;2019.0;REF560
REC9662;SP1076;IDN.1_1;RLM6;;;;;1.0;0.0;;REF330
REC9663;SP1076;IND.1_1;RLM6;;;;;1.0;0.0;;REF330
REC9664;SP1076;IND.1_1;RLM6;;;;;1.0;0.0;;REF330
REC9665;SP1076;JPN.1_1;RLM10;;;;;0.0;0.0;;REF330
REC9666;SP1076;CHN.1_1;RLM11;0.0;0.0;1.0;;1.0;0.0;2018.0;REF474
REC9667;SP1076;IND.1_1;RLM6;;;;;1.0;0.0;;REF330
REC9668;SP1076;IND.1_1;RLM6;;;;;1.0;0.0;;REF330
REC9669;SP1076;IND.1_1;RLM6;;;;;1.0;0.0;;REF330
REC9670;SP1076;IND.1_1;RLM6;;;;;1.0;0.0;;REF330
REC9671;SP1076;IND.1_1;RLM6;;;;;1.0;0.0;;REF330
REC9672;SP1076;IND.1_1;RLM6;;;;;1.0;0.0;;REF330
REC9673;SP1076;AUS.1_1;RLM2;;;;;1.0;0.0;;REF330
REC9674;SP1076;AUS.1_1;RLM2;0.0;0.0;1.0;;1.0;0.0;2020.0;REF822
REC9675;SP1076;CHN.1_1;RLM11;;;;;1.0;0.0;;REF330
REC9676;SP1076;AUS.1_1;RLM2;;;;;1.0;0.0;;REF330
REC9677;SP1076;AUS.1_1;RLM2;0.0;0.0;1.0;;1.0;0.0;2020.0;REF822
REC9678;SP1076;IDN.1_1;RLM6;;;;;1.0;0.0;;REF330
REC9679;SP1076;IND.1_1;RLM6;;;;;1.0;0.0;;REF330
REC9680;SP1076;JPN.1_1;RLM6;;;1.0;;1.0;0.0;2019.0;REF1096
REC9681;SP1076;AUS.1_1;RLM2;;;;;1.0;0.0;;REF330
REC9682;SP1076;AUS.1_1;RLM2;0.0;0.0;1.0;;1.0;0.0;2020.0;REF822
REC9683;SP1076;IND.1_1;RLM6;;;;;1.0;0.0;;REF330
REC9684;SP1076;CHN.1_1;RLM10;;;;;1.0;0.0;;REF330
REC9685;SP1076;CHN.1_1;RLM10;;;;;1.0;0.0;;REF330
REC9686;SP1076;CHN.1_1;RLM10;;;;;1.0;0.0;;REF330
REC9687;SP1076;CHN.1_1;RLM10;0.0;0.0;1.0;;1.0;0.0;2019.0;REF1191
REC9688;SP1076;CHN.1_1;RLM10;;;;;1.0;0.0;;REF330
REC9689;SP1076;CHN.1_1;RLM10;;;;;1.0;0.0;;REF330
REC9690;SP1076;CHN.1_1;RLM10;0.0;0.0;1.0;;1.0;0.0;;REF173
REC9691;SP1076;CHN.1_1;RLM10;0.0;0.0;1.0;;1.0;0.0;2019.0;REF560
REC9692;SP1076;IND.1_1;RLM10;;;;;1.0;0.0;;REF330
REC9693;SP1076;IDN.1_1;RLM6;;;;;1.0;0.0;;REF330
REC9694;SP1076;IND.1_1;RLM6;;;;;1.0;0.0;;REF330
REC9695;SP1076;AUS.1_1;RLM2;;;;;1.0;0.0;;REF330
REC9696;SP1076;IND.1_1;RLM6;;;;;1.0;0.0;;REF330
REC9697;SP1076;CHN.1_1;RLM6;0.0;0.0;1.0;;1.0;0.0;;REF173
REC9698;SP1076;AUS.1_1;RLM2;0.0;0.0;1.0;;1.0;0.0;2020.0;REF876
REC9699;SP1076;IND.1_1;RLM6;;;;;1.0;0.0;;REF330
REC9700;SP1076;IND.1_1;RLM6;;;;;1.0;0.0;;REF330
REC9701;SP1076;IND.1_1;RLM10;;;;;1.0;0.0;;REF330
REC9702;SP1076;AUS.1_1;RLM2;;;;;1.0;0.0;;REF330
REC9703;SP1076;IND.1_1;RLM6;;;;;1.0;0.0;;REF330
REC9704;SP1076;AUS.1_1;RLM2;;;;;1.0;0.0;;REF330
REC9705;SP1076;AUS.1_1;RLM2;0.0;0.0;1.0;;1.0;0.0;2020.0;REF822
REC9706;SP1076;CHN.3_1;RLM10;;;;;1.0;0.0;;REF330
REC9707;SP1076;CHN.1_1;RLM11;0.0;0.0;1.0;;1.0;0.0;;REF173
REC9708;SP1076;CHN.1_1;RLM6;;;;;1.0;0.0;;REF330
REC9709;SP1076;CHN.1_1;RLM6;0.0;0.0;1.0;;1.0;0.0;;REF173
REC9710;SP1076;CHN.1_1;RLM6;0.0;0.0;1.0;;1.0;0.0;2019.0;REF474
REC9711;SP1076;CHN.1_1;RLM6;0.0;0.0;1.0;;1.0;0.0;2019.0;REF1216
REC9712;SP1076;CHN.1_1;RLM6;0.0;0.0;1.0;;1.0;0.0;2019.0;REF560
REC9713;SP1076;CHN.1_1;RLM10;;;;;1.0;0.0;;REF330
REC9714;SP1076;CHN.1_1;RLM10;0.0;0.0;1.0;;1.0;0.0;2019.0;REF1191
REC9715;SP1076;CHN.1_1;RLM10;0.0;0.0;1.0;;1.0;0.0;;REF173
REC9716;SP1076;CHN.1_1;RLM10;0.0;0.0;1.0;;1.0;0.0;2019.0;REF560
REC9717;SP1076;AUS.1_1;RLM2;;;1.0;;1.0;0.0;;REF697
REC9718;SP1076;JPN.1_1;RLM10;;;1.0;;1.0;0.0;2019.0;REF1096
REC9719;SP1076;KOR.1_1;RLM11;;;1.0;;1.0;0.0;2019.0;REF1096
REC9720;SP1076;NZL.1_1;RLM2;;;1.0;;1.0;0.0;2022.0;REF1096
REC9721;SP1076;ZAF.1_1;RLM3;;;1.0;;1.0;0.0;2017.0;REF1096
REC9722;SP1076;NER.1_1;RLM3;;;1.0;;1.0;0.0;;REF542
REC9723;SP1076;SLE.1_1;RLM3;;;1.0;;1.0;0.0;;REF542
REC9724;SP1076;SSD.1_1;RLM3;;;1.0;;1.0;0.0;;REF542
REC9725;SP1076;MLI.1_1;RLM3;;;1.0;;1.0;0.0;;REF542
REC9726;SP1076;SEN.1_1;RLM3;;;1.0;;1.0;0.0;;REF542
REC9727;SP1076;GIN.1_1;RLM3;;;1.0;;1.0;0.0;;REF542
REC9728;SP1076;TGO.1_1;RLM3;;;1.0;;1.0;0.0;;REF542
REC9729;SP1076;NLD.1_1;RLM11;;;1.0;;1.0;0.0;;REF542
REC9730;SP1076;GNB.1_1;RLM3;;;1.0;;1.0;0.0;;REF542
REC9731;SP1076;LBR.1_1;RLM3;;;1.0;;1.0;0.0;;REF542
REC9732;SP1076;AGO.1_1;RLM3;;;;;1.0;0.0;;REF330
REC9733;SP1076;BEN.1_1;RLM3;;;;;1.0;0.0;;REF330
REC9734;SP1076;BWA.1_1;RLM3;;;;;1.0;0.0;;REF330
REC9735;SP1076;BFA.1_1;RLM3;;;;;1.0;0.0;;REF330
REC9736;SP1076;BDI.1_1;RLM3;;;;;1.0;0.0;;REF330
REC9737;SP1076;CMR.1_1;RLM3;;;;;1.0;0.0;;REF330
REC9738;SP1076;CPV.1_1;RLM3;;;;;1.0;0.0;;REF330
REC9739;SP1076;CAF.1_1;RLM3;;;;;1.0;0.0;;REF330
REC9740;SP1076;TCD.1_1;RLM3;;;;;1.0;0.0;;REF330
REC9741;SP1076;COG.1_1;RLM3;;;;;1.0;0.0;;REF330
REC9742;SP1076;COD.1_1;RLM3;;;;;1.0;0.0;;REF330
REC9743;SP1076;EGY.1_1;RLM8;;;;;1.0;0.0;;REF330
REC9744;SP1076;SWZ.1_1;RLM3;;;;;1.0;0.0;;REF330
REC9745;SP1076;ETH.1_1;RLM3;;;;;1.0;0.0;;REF330
REC9746;SP1076;GAB.1_1;RLM3;;;;;1.0;0.0;;REF330
REC9747;SP1076;GMB.1_1;RLM3;;;;;1.0;0.0;;REF330
REC9748;SP1076;GHA1_1;RLM3;;;;;1.0;0.0;;REF330
REC9749;SP1076;GIN.1_1;RLM3;;;;;1.0;0.0;;REF330
REC9750;SP1076;GNB.1_1;RLM3;;;;;1.0;0.0;;REF330
REC9751;SP1076;KEN.1_1;RLM3;;;;;1.0;0.0;;REF330
REC9752;SP1076;LBR.1_1;RLM3;;;;;1.0;0.0;;REF330
REC9753;SP1076;MDG.1_1;RLM4;;;;;1.0;0.0;;REF330
REC9754;SP1076;MWI.1_1;RLM3;;;;;1.0;0.0;;REF330
REC9755;SP1076;MLI.1_1;RLM3;;;;;1.0;0.0;;REF330
REC9756;SP1076;MOZ.1_1;RLM3;;;;;1.0;0.0;;REF330
REC9757;SP1076;NAM.1_1;RLM3;;;;;1.0;0.0;;REF330
REC9758;SP1076;NER.1_1;RLM3;;;;;1.0;0.0;;REF330
REC9759;SP1076;NGA.1_1;RLM3;;;;;1.0;0.0;;REF330
REC9760;SP1076;RWA.1_1;RLM3;;;;;1.0;0.0;;REF330
REC9761;SP1076;STP.1_1;RLM3;;;;;1.0;0.0;;REF330
REC9762;SP1076;SEN.1_1;RLM3;;;;;1.0;0.0;;REF330
REC9763;SP1076;SYC.1_1;RLM5;;;;;1.0;0.0;;REF330
REC9764;SP1076;SLE.1_1;RLM3;;;;;1.0;0.0;;REF330
REC9765;SP1076;SOM.1_1;RLM3;;;;;1.0;0.0;;REF330
REC9766;SP1076;ZAF.1_1;RLM3;;;;;1.0;0.0;;REF330
REC9767;SP1076;SSD.1_1;RLM3;;;;;1.0;0.0;;REF330
REC9768;SP1076;SDN.1_1;RLM3;;;;;1.0;0.0;;REF330
REC9769;SP1076;TZA.1_1;RLM3;;;;;1.0;0.0;;REF330
REC9770;SP1076;TGO.1_1;RLM3;;;;;1.0;0.0;;REF330
REC9771;SP1076;UGA.1_1;RLM3;;;;;1.0;0.0;;REF330
REC9772;SP1076;ZMB.1_1;RLM3;;;;;1.0;0.0;;REF330
REC9773;SP1076;ZWE.1_1;RLM3;;;;;1.0;0.0;;REF330
REC9774;SP1076;BGD.1_1;RLM6;;;;;1.0;0.0;;REF330
REC9775;SP1076;CHN.1_1;RLM11;;;;;1.0;0.0;;REF330
REC9776;SP1076;IND.1_1;RLM6;;;;;1.0;0.0;;REF330
REC9777;SP1076;IDN.1_1;RLM6;;;;;1.0;0.0;;REF330
REC9778;SP1076;JPN.1_1;RLM10;;;;;0.0;0.0;;REF330
REC9779;SP1076;KOR.1_1;RLM11;;;;;0.0;0.0;;REF330
REC9780;SP1076;LAO.1_1;RLM6;;;;;1.0;0.0;;REF330
REC9781;SP1076;MYS.1_1;RLM6;;;;;1.0;0.0;;REF330
REC9782;SP1076;MMR.1_1;RLM6;;;;;1.0;0.0;;REF330
REC9783;SP1076;PAK.1_1;RLM6;;;;;1.0;0.0;;REF330
REC9784;SP1076;PHL.1_1;RLM6;;;;;1.0;0.0;;REF330
REC9785;SP1076;LKA.1_1;RLM6;;;;;1.0;0.0;;REF330
REC9786;SP1076;THA.1_1;RLM6;;;;;1.0;0.0;;REF330
REC9787;SP1076;VNM.1_1;RLM6;;;;;1.0;0.0;;REF330
REC9788;SP1076;YEM.1_1;RLM8;;;;;1.0;0.0;;REF330
REC9789;SP1076;NLD.1_1;RLM11;;;;;0.0;0.0;;REF330
REC9790;SP1076;ROU.1_1;RLM11;;;;;0.0;0.0;;REF330
REC9791;SP1076;AUS.1_1;RLM2;;;;;1.0;0.0;;REF330
REC9792;SP1076;NZL.1_1;RLM2;;;;;0.0;0.0;;REF330
REC9793;SP1076;AUS.3_1;RLM2;;;;;1.0;0.0;;REF330
REC9794;SP1076;AGO.1_1;RLM3;;;1.0;;1.0;0.0;2017.0;REF152
REC9795;SP1076;BEN.1_1;RLM3;;;1.0;;1.0;0.0;2016.0;REF152
REC9796;SP1076;BWA.1_1;RLM3;;;1.0;;1.0;0.0;2017.0;REF152
REC9797;SP1076;BFA.1_1;RLM3;;;1.0;;1.0;0.0;2017.0;REF152
REC9798;SP1076;BDI.1_1;RLM3;;;1.0;;1.0;0.0;2017.0;REF152
REC9799;SP1076;CPV.1_1;RLM3;;;1.0;;1.0;0.0;2017.0;REF152
REC9800;SP1076;CMR.1_1;RLM3;;;1.0;;1.0;0.0;2017.0;REF152
REC9801;SP1076;CAF.1_1;RLM3;;;1.0;;1.0;0.0;2017.0;REF152
REC9802;SP1076;TCD.1_1;RLM3;;;1.0;;1.0;0.0;2017.0;REF152
REC9803;SP1076;COD.1_1;RLM3;;;1.0;;1.0;0.0;2017.0;REF152
REC9804;SP1076;COG.1_1;RLM3;;;1.0;;1.0;0.0;2017.0;REF152
REC9805;SP1076;EGY.1_1;RLM8;;;;;1.0;0.0;;REF152
REC9806;SP1076;SWZ.1_1;RLM3;;;1.0;;1.0;0.0;2017.0;REF152
REC9807;SP1076;ETH.1_1;RLM3;;;1.0;;1.0;0.0;2017.0;REF152
REC9808;SP1076;GAB.1_1;RLM3;;;1.0;;1.0;0.0;;REF152
REC9809;SP1076;GMB.1_1;RLM3;;;1.0;;1.0;0.0;;REF152
REC9810;SP1076;GHA1_1;RLM3;;;1.0;;1.0;0.0;2017.0;REF152
REC9811;SP1076;GIN.1_1;RLM3;;;1.0;;1.0;0.0;2017.0;REF152
REC9812;SP1076;GNB.1_1;RLM3;;;1.0;;1.0;0.0;2017.0;REF152
REC9813;SP1076;KEN.1_1;RLM3;;;1.0;;1.0;0.0;2017.0;REF152
REC9814;SP1076;LBR.1_1;RLM3;;;1.0;;1.0;0.0;;REF152
REC9815;SP1076;MDG.1_1;RLM4;;;1.0;;1.0;0.0;2017.0;REF152
REC9816;SP1076;MWI.1_1;RLM3;;;1.0;;1.0;0.0;2017.0;REF152
REC9817;SP1076;MLI.1_1;RLM3;;;1.0;;1.0;0.0;;REF152
REC9818;SP1076;MOZ.1_1;RLM3;;;1.0;;1.0;0.0;2017.0;REF152
REC9819;SP1076;NAM.1_1;RLM3;;;1.0;;1.0;0.0;2017.0;REF152
REC9820;SP1076;NER.1_1;RLM3;;;1.0;;1.0;0.0;2017.0;REF152
REC9821;SP1076;NGA.1_1;RLM3;;;1.0;;1.0;0.0;2016.0;REF152
REC9822;SP1076;RWA.1_1;RLM3;;;1.0;;1.0;0.0;2017.0;REF152
REC9823;SP1076;STP.1_1;RLM3;;;1.0;;1.0;0.0;2016.0;REF152
REC9824;SP1076;SEN.1_1;RLM3;;;1.0;;1.0;0.0;2017.0;REF152
REC9825;SP1076;SYC.1_1;RLM5;;;1.0;;1.0;0.0;2017.0;REF152
REC9826;SP1076;SLE.1_1;RLM3;;;1.0;;1.0;0.0;2017.0;REF152
REC9827;SP1076;SOM.1_1;RLM3;;;1.0;;1.0;0.0;2017.0;REF152
REC9828;SP1076;ZAF.1_1;RLM3;;;1.0;;1.0;0.0;2017.0;REF152
REC9829;SP1076;SSD.1_1;RLM3;;;;;1.0;0.0;;REF152
REC9830;SP1076;SDN.1_1;RLM3;;;1.0;;1.0;0.0;2017.0;REF152
REC9831;SP1076;TZA.1_1;RLM3;;;1.0;;1.0;0.0;2017.0;REF152
REC9832;SP1076;TGO.1_1;RLM3;;;1.0;;1.0;0.0;2016.0;REF152
REC9833;SP1076;UGA.1_1;RLM3;;;1.0;;1.0;0.0;2017.0;REF152
REC9834;SP1076;ZMB.1_1;RLM3;;;1.0;;1.0;0.0;2017.0;REF152
REC9835;SP1076;ZWE.1_1;RLM3;;;1.0;;1.0;0.0;2017.0;REF152
REC9836;SP1076;BGD.1_1;RLM6;;;;;1.0;0.0;;REF152
REC9837;SP1076;CHN.1_1;RLM11;;;;;1.0;0.0;;REF152
REC9838;SP1076;CHN.3_1;RLM10;;;;;1.0;0.0;;REF152
REC9839;SP1076;IND.1_1;RLM6;;;1.0;;1.0;0.0;;REF152
REC9840;SP1076;IDN.1_1;RLM6;;;;;1.0;0.0;;REF152
REC9841;SP1076;JPN.1_1;RLM10;;;;;1.0;0.0;;REF152
REC9842;SP1076;LAO.1_1;RLM6;;;;;1.0;0.0;;REF152
REC9843;SP1076;CHN.3_1;RLM10;;;;;1.0;0.0;;REF152
REC9844;SP1076;MYS.1_1;RLM6;;;;;1.0;0.0;;REF152
REC9845;SP1076;MMR.1_1;RLM6;;;;;1.0;0.0;;REF152
REC9846;SP1076;PAK.1_1;RLM6;;;1.0;;1.0;0.0;2019.0;REF152
REC9847;SP1076;PHL.1_1;RLM6;;;;;1.0;0.0;;REF152
REC9848;SP1076;KOR.1_1;RLM11;;;;;1.0;0.0;;REF152
REC9849;SP1076;LKA.1_1;RLM6;;;1.0;;1.0;0.0;;REF152
REC9850;SP1076;THA.1_1;RLM6;;;1.0;;1.0;0.0;2018.0;REF152
REC9851;SP1076;VNM.1_1;RLM6;;;;;1.0;0.0;;REF152
REC9852;SP1076;YEM.1_1;RLM8;;;;;1.0;0.0;;REF152
REC9853;SP1076;NLD.1_1;RLM11;;;;;1.0;0.0;;REF152
REC9854;SP1076;AUS.1_1;RLM2;;;;;1.0;0.0;;REF152
REC9855;SP1076;NZL.1_1;RLM2;;;;;1.0;0.0;;REF152
REC9856;SP1076;AUS.3_1;RLM2;;;1.0;;1.0;0.0;2021.0;REF152
REC9857;SP1076;SLE.1_1;RLM3;0.0;0.0;1.0;;1.0;0.0;;REF909
REC9858;SP1076;TZA.1_1;RLM3;0.0;0.0;1.0;;1.0;0.0;;REF909
REC9859;SP1076;TGO.1_1;RLM3;0.0;0.0;1.0;;1.0;0.0;;REF909
REC9860;SP1076;ZWE.1_1;RLM3;0.0;0.0;1.0;;1.0;0.0;;REF909
REC9861;SP1076;ROU.1_1;RLM11;0.0;0.0;1.0;;1.0;0.0;2024.0;REF331
REC9862;SP1076;JPN.1_1;RLM10;0.0;0.0;1.0;;1.0;0.0;2019.0;REF1191
REC9863;SP1076;KOR.1_1;RLM11;0.0;0.0;1.0;;1.0;0.0;2019.0;REF1191
REC9864;SP1076;TWN.1_1;RLM6;0.0;0.0;1.0;;1.0;0.0;2019.0;REF1191
REC9865;SP1076;TWN.1_1;RLM6;0.0;0.0;1.0;;1.0;0.0;;REF173
REC9866;SP1076;GHA1_1;RLM3;0.0;0.0;1.0;1.0;1.0;0.0;2017.0;REF196
REC9867;SP1076;COG.1_1;RLM3;0.0;0.0;1.0;1.0;1.0;0.0;2017.0;REF196
REC9868;SP1076;AGO.1_1;RLM3;0.0;0.0;1.0;1.0;1.0;0.0;2017.0;REF243
REC9869;SP1076;BDI.1_1;RLM3;0.0;0.0;1.0;1.0;1.0;0.0;2017.0;REF243
REC9870;SP1076;TCD.1_1;RLM3;0.0;0.0;1.0;1.0;1.0;0.0;2017.0;REF243
REC9871;SP1076;COG.1_1;RLM3;0.0;0.0;1.0;1.0;1.0;0.0;2017.0;REF243
REC9872;SP1076;COD.1_1;RLM3;0.0;0.0;1.0;1.0;1.0;0.0;2017.0;REF243
REC9873;SP1076;ETH.1_1;RLM3;0.0;0.0;1.0;1.0;1.0;0.0;2017.0;REF243
REC9874;SP1076;GIN.1_1;RLM3;0.0;0.0;1.0;1.0;1.0;0.0;2017.0;REF243
REC9875;SP1076;KEN.1_1;RLM3;0.0;0.0;1.0;1.0;1.0;0.0;2017.0;REF243
REC9876;SP1076;MWI.1_1;RLM3;0.0;0.0;1.0;1.0;1.0;0.0;2017.0;REF243
REC9877;SP1076;MOZ.1_1;RLM3;0.0;0.0;1.0;1.0;1.0;0.0;2017.0;REF243
REC9878;SP1076;NAM.1_1;RLM3;0.0;0.0;1.0;;1.0;0.0;2017.0;REF243
REC9879;SP1076;NER.1_1;RLM3;0.0;0.0;1.0;0.0;1.0;0.0;2017.0;REF243
REC9880;SP1076;RWA.1_1;RLM3;0.0;0.0;1.0;1.0;1.0;0.0;2017.0;REF243
REC9881;SP1076;ZAF.1_1;RLM3;0.0;0.0;1.0;;1.0;0.0;2017.0;REF243
REC9882;SP1076;SSD.1_1;RLM3;0.0;0.0;1.0;;1.0;0.0;2017.0;REF243
REC9883;SP1076;SWZ.1_1;RLM3;0.0;0.0;1.0;1.0;1.0;0.0;2017.0;REF243
REC9884;SP1076;TZA.1_1;RLM3;0.0;0.0;1.0;1.0;1.0;0.0;2017.0;REF243
REC9885;SP1076;UGA.1_1;RLM3;0.0;0.0;1.0;1.0;1.0;0.0;2017.0;REF243
REC9886;SP1076;ZMB.1_1;RLM3;0.0;0.0;1.0;1.0;1.0;0.0;2017.0;REF243
REC9887;SP1076;ZWE.1_1;RLM3;0.0;0.0;1.0;1.0;1.0;0.0;2017.0;REF243
REC9888;SP1076;EGY.1_1;RLM8;0.0;0.0;1.0;1.0;1.0;0.0;2019.0;REF373
REC9889;SP1076;IDN.1_1;RLM6;0.0;0.0;1.0;;1.0;0.0;2019.0;REF1064
REC9890;SP1076;MYS.1_1;RLM6;0.0;0.0;1.0;;1.0;0.0;2019.0;REF1064
REC9891;SP1076;YEM.1_1;RLM8;0.0;0.0;1.0;;1.0;0.0;2018.0;REF1064
REC9892;SP1076;NGA.1_1;RLM3;0.0;0.0;1.0;0.0;1.0;0.0;2016.0;REF837
REC9893;SP1076;STP.1_1;RLM3;0.0;0.0;1.0;0.0;1.0;0.0;2016.0;REF837
REC9894;SP1076;UGA.1_1;RLM3;0.0;0.0;1.0;1.0;1.0;0.0;2016.0;REF837
REC9895;SP1076;BGD.1_1;RLM6;0.0;0.0;1.0;;1.0;0.0;2018.0;REF1049
REC9896;SP1076;ZMB.1_1;RLM3;0.0;0.0;1.0;1.0;1.0;0.0;2016.0;REF282
REC9897;SP1076;BEN.1_1;RLM3;0.0;0.0;1.0;0.0;1.0;0.0;2016.0;REF403
REC9898;SP1076;NGA.1_1;RLM3;0.0;0.0;1.0;0.0;1.0;0.0;2016.0;REF403
REC9899;SP1076;STP.1_1;RLM3;0.0;0.0;1.0;0.0;1.0;0.0;2016.0;REF403
REC9900;SP1076;TGO.1_1;RLM3;0.0;0.0;1.0;0.0;1.0;0.0;2016.0;REF403
REC9901;SP1076;NGA.1_1;RLM3;0.0;0.0;1.0;0.0;1.0;0.0;2016.0;REF403
REC9902;SP1076;STP.1_1;RLM3;0.0;0.0;1.0;0.0;1.0;0.0;2016.0;REF403
REC9903;SP1076;TGO.1_1;RLM3;0.0;0.0;1.0;0.0;1.0;0.0;2017.0;REF801
REC9904;SP1076;GHA1_1;RLM3;0.0;0.0;1.0;1.0;1.0;0.0;2017.0;REF817
REC9905;SP1076;SEN.1_1;RLM3;0.0;0.0;1.0;;1.0;0.0;2017.0;REF124
REC9906;SP1076;THA.1_1;RLM6;0.0;0.0;1.0;;1.0;0.0;2018.0;REF329
REC9907;SP1076;LAO.1_1;RLM6;0.0;0.0;1.0;1.0;1.0;0.0;2019.0;REF1098
REC9908;SP1076;VNM.1_1;RLM6;0.0;0.0;1.0;;1.0;0.0;2019.0;REF1098
REC9909;SP1076;PAK.1_1;RLM6;0.0;0.0;1.0;1.0;1.0;0.0;2020.0;REF390
REC9910;SP1076;PAK.1_1;RLM6;0.0;0.0;1.0;;1.0;0.0;2019.0;REF925
REC9911;SP1076;VNM.1_1;RLM6;0.0;0.0;1.0;;1.0;0.0;2019.0;REF452
REC9912;SP1076;IND.1_1;RLM6;0.0;0.0;1.0;;1.0;0.0;2017.0;REF374
REC9913;SP1076;MMR.1_1;RLM6;0.0;0.0;1.0;;1.0;0.0;2018.0;REF1186
REC9914;SP1076;TWN.1_1;RLM6;0.0;0.0;1.0;;1.0;0.0;2019.0;REF1186
REC9915;SP1076;MMR.1_1;RLM6;0.0;0.0;1.0;;1.0;0.0;2019.0;REF1202
REC9916;SP1076;IDN.1_1;RLM6;0.0;0.0;1.0;;1.0;0.0;2019.0;REF1089
REC9917;SP1076;IND.1_1;RLM6;0.0;0.0;1.0;;1.0;0.0;2017.0;REF996
REC9918;SP1076;IDN.1_1;RLM6;0.0;0.0;1.0;;1.0;0.0;2019.0;REF978
REC9919;SP1076;PHL.1_1;RLM6;0.0;0.0;1.0;;1.0;0.0;2019.0;REF815
REC9920;SP1077;GBR.1_1;RLM11;;;;;1.0;0.0;;REF152
REC9921;SP1077;GBR.1_1;RLM11;;;;;0.0;0.0;;REF330
REC9922;SP1077;AUS.1_1;RLM2;0.0;0.0;1.0;0.0;;0.0;;REF306
REC9923;SP1077;POL.1_1;RLM11;;;1.0;;1.0;0.0;;REF542
REC9924;SP1077;DNK.1_1;RLM11;;;1.0;;1.0;0.0;;REF542
REC9925;SP1077;FRA.1_1;RLM11;;;1.0;;1.0;0.0;;REF542
REC9926;SP1077;NLD.1_1;RLM11;;;1.0;;1.0;0.0;;REF542
REC9927;SP1077;ISR.1_1;RLM8;;;1.0;;1.0;0.0;;REF542
REC9928;SP1077;GBR.1_1;RLM11;;;1.0;;1.0;0.0;;REF542
REC9929;SP1077;ISR.1_1;RLM8;;;;;1.0;0.0;;REF330
REC9930;SP1077;PAK.1_1;RLM6;;;;;0.0;0.0;;REF330
REC9931;SP1077;DNK.1_1;RLM11;;;;;0.0;0.0;;REF330
REC9932;SP1077;FIN.1_1;RLM11;;;;;0.0;1.0;;REF330
REC9933;SP1077;FRA.1_1;RLM11;;;;;1.0;0.0;;REF330
REC9934;SP1077;DEU.1_1;RLM11;;;;;0.0;1.0;;REF330
REC9935;SP1077;ITA.1_1;RLM11;;;;;1.0;0.0;;REF330
REC9936;SP1077;NLD.1_1;RLM11;;;;;0.0;0.0;;REF330
REC9937;SP1077;POL.1_1;RLM11;;;;;0.0;0.0;;REF330
REC9938;SP1077;PRT.1_1;RLM11;;;;;1.0;0.0;;REF330
REC9939;SP1077;ESP.1_1;RLM11;;;;;1.0;0.0;;REF330
REC9940;SP1077;SWE.1_1;RLM11;;;;;0.0;0.0;;REF330
REC9941;SP1077;CHE.1_1;RLM11;;;;;0.0;0.0;;REF330
REC9942;SP1077;GBR.1_1;RLM11;;;;;0.0;1.0;;REF330
REC9943;SP1077;IND.1_1;RLM6;;;;;1.0;0.0;;REF152
REC9944;SP1077;ISR.1_1;RLM8;;;;;1.0;0.0;;REF152
REC9945;SP1077;PAK.1_1;RLM6;;;;;1.0;0.0;;REF152
REC9946;SP1077;DNK.1_1;RLM11;;;;;1.0;0.0;;REF152
REC9947;SP1077;FIN.1_1;RLM11;;;;;1.0;0.0;;REF152
REC9948;SP1077;FRA.1_1;RLM11;;;;;1.0;0.0;;REF152
REC9949;SP1077;DEU.1_1;RLM11;;;;;1.0;0.0;;REF152
REC9950;SP1077;ITA.1_1;RLM11;;;;;1.0;0.0;1968.0;REF152
REC9951;SP1077;NLD.1_1;RLM11;;;;;1.0;0.0;;REF152
REC9952;SP1077;POL.1_1;RLM11;;;;;1.0;0.0;;REF152
REC9953;SP1077;PRT.1_1;RLM11;;;;;1.0;0.0;;REF152
REC9954;SP1077;ESP.1_1;RLM11;;;;;1.0;0.0;;REF152
REC9955;SP1077;SWE.1_1;RLM11;;;;;1.0;0.0;;REF152
REC9956;SP1077;CHE.1_1;RLM11;;;;;1.0;0.0;;REF152
REC9957;SP1077;GBR.1_1;RLM11;;;;;1.0;0.0;;REF152
REC9958;SP1077;ALB.1_1;RLM11;0.0;0.0;1.0;;1.0;0.0;;REF683
REC9959;SP1077;DNK.1_1;RLM11;0.0;0.0;1.0;;1.0;0.0;;REF683
REC9960;SP1077;FRA.1_1;RLM11;0.0;0.0;1.0;;1.0;0.0;;REF683
REC9961;SP1077;DEU.1_1;RLM11;0.0;0.0;1.0;;1.0;0.0;;REF683
REC9962;SP1077;ITA.1_1;RLM11;0.0;0.0;1.0;;1.0;0.0;;REF683
REC9963;SP1077;PRT.1_1;RLM11;0.0;0.0;1.0;;1.0;0.0;;REF683
REC9964;SP1077;ESP.1_1;RLM11;0.0;0.0;1.0;;1.0;0.0;;REF683
REC9965;SP1077;CHE.1_1;RLM11;0.0;0.0;1.0;;1.0;0.0;;REF683
REC9966;SP1077;GBR.1_1;RLM11;0.0;0.0;1.0;;1.0;0.0;;REF683
REC9967;SP1077;IND.1_1;RLM6;0.0;0.0;1.0;0.0;;0.0;;REF306
REC9968;SP1077;FIN.1_1;RLM11;0.0;0.0;1.0;0.0;0.0;0.0;;REF306
REC9969;SP1077;PAK.1_1;RLM6;0.0;0.0;1.0;0.0;;0.0;;REF306
REC9970;SP1077;SWE.1_1;RLM11;0.0;0.0;1.0;1.0;0.0;0.0;;REF306
REC9971;SP1078;IND.2_1;RLM6;;;1.0;;1.0;0.0;;REF152
REC9972;SP1078;GBR.1_1;RLM11;;;;;1.0;0.0;;REF152
REC9973;SP1078;USA.1_1;RLM9;;;;;1.0;0.0;;REF152
REC9974;SP1078;USA.2_1;RLM9;;;;;1.0;0.0;;REF152
REC9975;SP1078;USA.5_1;RLM5;0.0;0.0;1.0;;1.0;0.0;;REF1000
REC9976;SP1078;IND.2_1;RLM6;;;;;1.0;0.0;;REF330
REC9977;SP1078;GBR.1_1;RLM11;;;;;0.0;1.0;;REF330
REC9978;SP1078;USA.1_1;RLM9;;;;;0.0;0.0;;REF330
REC9979;SP1078;USA.1_1;RLM9;0.0;0.0;1.0;;;0.0;2007.0;REF738
REC9980;SP1078;GUM.1_1;RLM5;0.0;0.0;;;1.0;0.0;;REF1000
REC9981;SP1078;USA.2_1;RLM9;;;1.0;;1.0;0.0;;REF697
REC9982;SP1078;USA.2_1;RLM9;;;1.0;;1.0;0.0;;REF1096
REC9983;SP1078;USA.2_1;RLM9;;;;;1.0;0.0;;REF330
REC9984;SP1078;USA.2_1;RLM9;0.0;0.0;1.0;;1.0;0.0;;REF1007
REC9985;SP1078;GUM.1_1;RLM5;0.0;0.0;1.0;;1.0;0.0;;REF1000
REC9986;SP1078;FRA.6_1;RLM5;;;;;1.0;0.0;;REF152
REC9987;SP1078;MDV.1_1;RLM6;;;1.0;;1.0;0.0;;REF542
REC9988;SP1078;GBR.1_1;RLM11;;;1.0;;1.0;0.0;;REF542
REC9989;SP1078;NLD.1_1;RLM11;;;1.0;;1.0;0.0;;REF542
REC9990;SP1078;USA.1_1;RLM9;;;;;1.0;0.0;;REF330
REC9991;SP1078;AFG.1_1;RLM8;;;;;1.0;0.0;;REF330
REC9992;SP1078;BGD.1_1;RLM6;;;;;1.0;0.0;;REF330
REC9993;SP1078;BRN.1_1;RLM6;;;;;1.0;0.0;;REF330
REC9994;SP1078;KHM.1_1;RLM6;;;;;1.0;0.0;;REF330
REC9995;SP1078;AUS.5_1;RLM6;;;;;1.0;0.0;;REF330
REC9996;SP1078;AUS.5_1;RLM6;;;;;1.0;0.0;;REF330
REC9997;SP1078;LAO.1_1;RLM6;;;;;1.0;0.0;;REF330
REC9998;SP1078;MDV.1_1;RLM6;;;;;1.0;0.0;;REF330
REC9999;SP1078;MMR.1_1;RLM6;;;;;1.0;0.0;;REF330
REC10000;SP1078;NPL.1_1;RLM10;;;;;1.0;0.0;;REF330
REC10001;SP1078;OMN.1_1;RLM8;;;;;1.0;0.0;;REF330
REC10002;SP1078;PHL.1_1;RLM6;;;;;1.0;0.0;;REF330
REC10003;SP1078;SGP.1_1;RLM6;;;;;1.0;0.0;;REF330
REC10004;SP1078;LKA.1_1;RLM6;;;;;1.0;0.0;;REF330
REC10005;SP1078;TWN.1_1;RLM6;;;;;1.0;0.0;;REF330
REC10006;SP1078;THA.1_1;RLM6;;;;;1.0;0.0;;REF330
REC10007;SP1078;VNM.1_1;RLM6;;;;;1.0;0.0;;REF330
REC10008;SP1078;DEU.1_1;RLM11;;;;;0.0;1.0;;REF330
REC10009;SP1078;NLD.1_1;RLM11;;;;;0.0;1.0;;REF330
REC10010;SP1078;GBR.1_1;RLM11;;;;;0.0;1.0;;REF330
REC10011;SP1078;USA.5_1;RLM5;;;;;1.0;0.0;;REF330
REC10012;SP1078;FRA.6_1;RLM5;;;;;1.0;0.0;;REF330
REC10013;SP1078;GUM.1_1;RLM5;;;;;1.0;0.0;;REF330
REC10014;SP1078;KIR.1_1;RLM5;;;;;1.0;0.0;;REF330
REC10015;SP1078;MHL.1_1;RLM5;;;;;1.0;0.0;;REF330
REC10016;SP1078;FRA.7_1;RLM5;;;;;1.0;0.0;;REF330
REC10017;SP1078;NIU.1_1;RLM5;;;;;1.0;0.0;;REF330
REC10018;SP1078;AUS.3_1;RLM2;;;;;1.0;0.0;;REF330
REC10019;SP1078;USA.4_1;RLM5;;;;;1.0;0.0;;REF330
REC10020;SP1078;USA.6_1;RLM5;;;;;1.0;0.0;;REF330
REC10021;SP1078;PLW.1_1;RLM5;;;;;1.0;0.0;;REF330
REC10022;SP1078;PNG.1_1;RLM5;;;;;1.0;0.0;;REF330
REC10023;SP1078;WSM.1_1;RLM5;;;;;1.0;0.0;;REF330
REC10024;SP1078;SLB.1_1;RLM5;;;;;1.0;0.0;;REF330
REC10025;SP1078;TON.1_1;RLM5;;;;;1.0;0.0;;REF330
REC10026;SP1078;TUV.1_1;RLM5;;;;;1.0;0.0;;REF330
REC10027;SP1078;VUT.1_1;RLM5;;;;;1.0;0.0;;REF330
REC10028;SP1078;FRA.6_1;RLM5;;;;;1.0;0.0;;REF330
REC10029;SP1078;ALB.1_1;RLM11;;;1.0;;1.0;0.0;;REF957
REC10030;SP1078;GBR.1_1;RLM11;;;1.0;;1.0;0.0;;REF957
REC10031;SP1078;DEU.1_1;RLM11;;;1.0;;1.0;0.0;;REF957
REC10032;SP1078;AFG.1_1;RLM8;;;1.0;;1.0;0.0;;REF152
REC10033;SP1078;BGD.1_1;RLM6;;;1.0;;1.0;0.0;;REF152
REC10034;SP1078;BRN.1_1;RLM6;;;1.0;;1.0;0.0;;REF152
REC10035;SP1078;KHM.1_1;RLM6;;;1.0;;1.0;0.0;;REF152
REC10036;SP1078;AUS.5_1;RLM6;;;1.0;;1.0;0.0;;REF152
REC10037;SP1078;LAO.1_1;RLM6;;;1.0;;1.0;0.0;;REF152
REC10038;SP1078;MDV.1_1;RLM6;;;;;1.0;0.0;;REF152
REC10039;SP1078;MMR.1_1;RLM6;;;1.0;;1.0;0.0;;REF152
REC10040;SP1078;NPL.1_1;RLM10;;;1.0;;1.0;0.0;;REF152
REC10041;SP1078;OMN.1_1;RLM8;;;1.0;;1.0;0.0;;REF152
REC10042;SP1078;PHL.1_1;RLM6;;;1.0;;1.0;0.0;;REF152
REC10043;SP1078;SGP.1_1;RLM6;;;1.0;;1.0;0.0;;REF152
REC10044;SP1078;LKA.1_1;RLM6;;;1.0;;1.0;0.0;;REF152
REC10045;SP1078;TWN.1_1;RLM6;;;1.0;;1.0;0.0;;REF152
REC10046;SP1078;THA.1_1;RLM6;;;1.0;;1.0;0.0;;REF152
REC10047;SP1078;VNM.1_1;RLM6;;;1.0;;1.0;0.0;;REF152
REC10048;SP1078;DEU.1_1;RLM11;;;;;1.0;0.0;;REF152
REC10049;SP1078;NLD.1_1;RLM11;;;;;1.0;0.0;;REF152
REC10050;SP1078;GBR.1_1;RLM11;;;;;1.0;0.0;;REF152
REC10051;SP1078;USA.1_1;RLM9;;;;;1.0;0.0;;REF152
REC10052;SP1078;USA.5_1;RLM5;;;1.0;;1.0;0.0;;REF152
REC10053;SP1078;AUS.5_1;RLM6;;;1.0;;1.0;0.0;;REF152
REC10054;SP1078;FRA.6_1;RLM5;;;1.0;;1.0;0.0;;REF152
REC10055;SP1078;GUM.1_1;RLM5;;;1.0;;1.0;0.0;;REF152
REC10056;SP1078;KIR.1_1;RLM5;;;1.0;;1.0;0.0;;REF152
REC10057;SP1078;MHL.1_1;RLM5;;;1.0;;1.0;0.0;;REF152
REC10058;SP1078;FRA.7_1;RLM5;;;1.0;;1.0;0.0;;REF152
REC10059;SP1078;NIU.1_1;RLM5;;;1.0;;1.0;0.0;;REF152
REC10060;SP1078;AUS.3_1;RLM2;;;1.0;;1.0;0.0;;REF152
REC10061;SP1078;USA.4_1;RLM5;;;1.0;;1.0;0.0;;REF152
REC10062;SP1078;USA.6_1;RLM5;;;1.0;;1.0;0.0;;REF152
REC10063;SP1078;PLW.1_1;RLM5;;;;;1.0;0.0;;REF152
REC10064;SP1078;PNG.1_1;RLM5;;;1.0;;1.0;0.0;;REF152
REC10065;SP1078;WSM.1_1;RLM5;;;1.0;;1.0;0.0;;REF152
REC10066;SP1078;SLB.1_1;RLM5;;;1.0;;1.0;0.0;;REF152
REC10067;SP1078;TON.1_1;RLM5;;;1.0;;1.0;0.0;;REF152
REC10068;SP1078;TUV.1_1;RLM5;;;1.0;;1.0;0.0;;REF152
REC10069;SP1078;VUT.1_1;RLM5;;;1.0;;1.0;0.0;;REF152
REC10070;SP1078;FRA.6_1;RLM5;;;1.0;;1.0;0.0;;REF152
REC10071;SP1078;ALB.1_1;RLM11;0.0;0.0;1.0;;1.0;0.0;;REF683
REC10072;SP1078;DEU.1_1;RLM11;0.0;0.0;1.0;;1.0;0.0;;REF683
REC10073;SP1078;GBR.1_1;RLM11;0.0;0.0;1.0;;1.0;0.0;;REF683
REC10074;SP1078;PLW.1_1;RLM5;0.0;0.0;1.0;;1.0;0.0;;REF1000
REC10075;SP1078;CYP.1_1;RLM8;0.0;0.0;1.0;;;0.0;2018.0;REF261
REC10076;SP1079;USA.2_1;RLM9;;;1.0;;1.0;0.0;;REF697
REC10077;SP1079;USA.2_1;RLM9;;;1.0;;1.0;0.0;1954.0;REF1096
REC10078;SP1079;USA.2_1;RLM9;;;;;1.0;0.0;;REF330
REC10079;SP1079;USA.2_1;RLM9;;0.0;1.0;;1.0;0.0;1953.0;REF1007
REC10080;SP1079;USA.2_1;RLM9;0.0;0.0;;;1.0;0.0;;REF1195
REC10081;SP1079;ISR.1_1;RLM8;;;;;1.0;0.0;;REF330
REC10082;SP1079;ISR.1_1;RLM8;0.0;0.0;1.0;;1.0;0.0;2011.0;REF628
REC10083;SP1080;PRT.2_1;RLM11;0.0;0.0;1.0;;1.0;0.0;;REF683
REC10084;SP1080;ECU.2_1;RLM1;;;1.0;;1.0;0.0;;REF697
REC10085;SP1080;ECU.2_1;RLM1;;;1.0;;1.0;0.0;1906.0;REF1096
REC10086;SP1080;USA.2_1;RLM9;;;1.0;;1.0;0.0;;REF697
REC10087;SP1080;USA.2_1;RLM9;;;1.0;;1.0;0.0;1877.0;REF1096
REC10088;SP1080;USA.2_1;RLM9;;0.0;1.0;;1.0;0.0;;REF1007
REC10089;SP1080;USA.2_1;RLM9;0.0;0.0;;;1.0;0.0;;REF1195
REC10090;SP1080;PRT.3_1;RLM11;0.0;0.0;1.0;;1.0;0.0;;REF683
REC10091;SP1080;NZL.1_1;RLM2;;;1.0;;1.0;0.0;;REF697
REC10092;SP1080;ZAF.1_1;RLM3;;;1.0;;1.0;0.0;;REF697
REC10093;SP1080;CHL.1_1;RLM1;;;1.0;;1.0;0.0;1979.0;REF1096
REC10094;SP1080;NZL.1_1;RLM2;;;1.0;;1.0;0.0;;REF1096
REC10095;SP1080;ZAF.1_1;RLM3;;;1.0;;1.0;0.0;;REF1096
REC10096;SP1080;DEU.1_1;RLM11;;;1.0;;1.0;0.0;;REF542
REC10097;SP1080;DNK.1_1;RLM11;;;1.0;;1.0;0.0;;REF957
REC10098;SP1080;NLD.1_1;RLM11;;;1.0;;1.0;0.0;1968.0;REF957
REC10099;SP1080;PRT.3_1;RLM11;;;1.0;;1.0;0.0;;REF957
REC10100;SP1080;BEL.1_1;RLM11;;;1.0;;1.0;0.0;;REF957
REC10101;SP1080;ITA.1_1;RLM11;;;1.0;;1.0;0.0;;REF957
REC10102;SP1080;PRT.2_1;RLM11;;;1.0;;1.0;0.0;;REF957
REC10103;SP1080;ESP.1_1;RLM11;;;1.0;;1.0;0.0;;REF957
REC10104;SP1080;USA.1_1;RLM9;;0.0;1.0;;1.0;0.0;;REF1007
REC10105;SP1080;USA.1_1;RLM9;1.0;0.0;;;1.0;0.0;;REF1195
REC10106;SP1080;BEL.1_1;RLM11;0.0;0.0;1.0;;1.0;0.0;;REF683
REC10107;SP1080;DNK.1_1;RLM11;0.0;0.0;1.0;;1.0;0.0;;REF683
REC10108;SP1080;ITA.1_1;RLM11;0.0;0.0;1.0;;1.0;0.0;;REF683
REC10109;SP1080;NLD.1_1;RLM11;0.0;0.0;1.0;;1.0;0.0;;REF683
REC10110;SP1081;ECU.2_1;RLM1;;;1.0;;1.0;0.0;;REF697
REC10111;SP1082;JPN.1_1;RLM6;;;1.0;;1.0;0.0;;REF697
REC10112;SP1082;JPN.1_1;RLM6;;;1.0;;1.0;0.0;1990.0;REF1096
REC10113;SP1082;JPN.1_1;RLM6;0.0;0.0;;;1.0;0.0;;REF1195
REC10114;SP1082;JPN.1_1;RLM10;;;1.0;;1.0;0.0;;REF542
REC10115;SP1082;JPN.1_1;RLM10;0.0;0.0;1.0;;1.0;0.0;;REF812
REC10116;SP1082;JPN.1_1;RLM10;;0.0;;;1.0;0.0;1980.0;REF779
REC10117;SP1083;NZL.1_1;RLM2;;;1.0;;1.0;0.0;;REF697
REC10118;SP1083;NZL.1_1;RLM2;;;1.0;;1.0;0.0;2020.0;REF1096
REC10119;SP1084;NZL.1_1;RLM2;;;1.0;;1.0;0.0;;REF697
REC10120;SP1084;NZL.1_1;RLM2;;;1.0;;1.0;0.0;1999.0;REF1096
REC10121;SP1084;NZL.1_1;RLM2;0.0;0.0;;;;0.0;1999.0;REF493
REC10122;SP1085;NZL.1_1;RLM2;;;1.0;;1.0;0.0;;REF697
REC10123;SP1085;NZL.1_1;RLM2;;1.0;1.0;;1.0;0.0;1932.0;REF1096
REC10124;SP1085;IND.1_1;RLM6;0.0;0.0;1.0;0.0;1.0;0.0;1930.0;REF923
REC10125;SP1086;ECU.2_1;RLM1;;;1.0;;1.0;0.0;2016.0;REF1096
REC10126;SP1087;NZL.1_1;RLM2;;;1.0;;1.0;0.0;;REF697
REC10127;SP1087;NZL.1_1;RLM2;;;1.0;;1.0;0.0;1971.0;REF1096
REC10128;SP1088;NZL.1_1;RLM2;;;1.0;;1.0;0.0;;REF697
REC10129;SP1088;NZL.1_1;RLM2;;;1.0;;1.0;0.0;1999.0;REF1096
REC10130;SP1088;NZL.1_1;RLM2;0.0;0.0;;;1.0;0.0;1999.0;REF493
REC10131;SP1089;USA.1_1;RLM9;;0.0;1.0;;1.0;0.0;1980.0;REF1007
REC10132;SP1089;USA.1_1;RLM9;0.0;0.0;;;1.0;0.0;;REF1195
REC10133;SP1089;USA.1_1;RLM9;0.0;0.0;1.0;0.0;1.0;0.0;1969.0;REF1002
REC10134;SP1090;ECU.2_1;RLM1;;;1.0;;1.0;0.0;;REF697
REC10135;SP1090;ECU.2_1;RLM1;;;1.0;;1.0;0.0;2001.0;REF1096
REC10136;SP1091;IRL.1_1;RLM11;;;1.0;;1.0;0.0;;REF542
REC10137;SP1092;IRL.1_1;RLM11;;;;;1.0;0.0;;REF152
REC10138;SP1092;GBR.1_1;RLM11;;;;;1.0;0.0;;REF152
REC10139;SP1092;IRL.1_1;RLM11;0.0;0.0;1.0;;1.0;0.0;;REF683
REC10140;SP1092;GBR.1_1;RLM11;0.0;0.0;1.0;;1.0;0.0;;REF683
REC10141;SP1093;JPN.1_1;RLM10;;;1.0;;1.0;0.0;;REF697
REC10142;SP1093;JPN.1_1;RLM10;;;1.0;;1.0;0.0;1975.0;REF1096
REC10143;SP1094;ECU.2_1;RLM1;;;1.0;;1.0;0.0;;REF697
REC10144;SP1094;ECU.2_1;RLM1;;;1.0;;1.0;0.0;1989.0;REF1096
REC10145;SP1095;USA.2_1;RLM9;;;1.0;;1.0;0.0;;REF697
REC10146;SP1095;USA.2_1;RLM9;;;1.0;;1.0;0.0;1907.0;REF1096
REC10147;SP1095;USA.2_1;RLM9;;0.0;1.0;;1.0;0.0;;REF1007
REC10148;SP1095;USA.2_1;RLM9;1.0;0.0;;;1.0;0.0;;REF1195
REC10149;SP1096;USA.2_1;RLM9;;;1.0;;1.0;0.0;;REF697
REC10150;SP1096;USA.2_1;RLM9;;;1.0;;1.0;0.0;;REF1096
REC10151;SP1096;USA.2_1;RLM9;;0.0;1.0;;1.0;0.0;;REF1007
REC10152;SP1097;NZL.1_1;RLM2;;;1.0;;1.0;0.0;;REF697
REC10153;SP1097;NZL.1_1;RLM2;;;1.0;;1.0;0.0;2009.0;REF1096
REC10154;SP1098;USA.2_1;RLM9;;;1.0;;1.0;0.0;;REF697
REC10155;SP1098;USA.2_1;RLM9;;;1.0;;1.0;0.0;1949.0;REF1096
REC10156;SP1098;USA.2_1;RLM9;;0.0;1.0;;1.0;0.0;;REF1007
REC10157;SP1098;USA.2_1;RLM9;0.0;0.0;;;1.0;0.0;;REF1195
REC10158;SP1099;USA.2_1;RLM9;;0.0;1.0;;1.0;0.0;1949.0;REF1007
REC10159;SP1100;CAN.1_1;RLM9;0.0;0.0;1.0;;1.0;0.0;;REF1002
REC10160;SP1100;USA.1_1;RLM9;0.0;0.0;1.0;;1.0;0.0;;REF1002
REC10161;SP1101;PRT.3_1;RLM11;0.0;0.0;1.0;;1.0;0.0;;REF683
REC10162;SP1102;PRT.2_1;RLM11;0.0;0.0;1.0;;1.0;0.0;;REF683
REC10163;SP1102;IRL.1_1;RLM11;;;1.0;;1.0;0.0;;REF542
REC10164;SP1103;CAN.1_1;RLM9;0.0;0.0;1.0;;1.0;0.0;;REF1002
REC10165;SP1103;PRT.3_1;RLM11;0.0;0.0;1.0;;1.0;0.0;;REF683
REC10166;SP1103;USA.1_1;RLM9;0.0;0.0;1.0;;1.0;0.0;;REF1002
REC10167;SP1104;GBR.1_1;RLM11;;;1.0;;1.0;0.0;2002.0;REF152
REC10168;SP1105;CAN.1_1;RLM9;0.0;0.0;1.0;;1.0;0.0;;REF1002
REC10169;SP1105;NZL.1_1;RLM2;;;1.0;;1.0;0.0;;REF697
REC10170;SP1105;NZL.1_1;RLM2;;;1.0;;1.0;0.0;1850.0;REF1096
REC10171;SP1105;USA.1_1;RLM9;0.0;0.0;1.0;;1.0;0.0;;REF1002
REC10172;SP1106;CAN.1_1;RLM9;0.0;0.0;1.0;;1.0;0.0;;REF1002
REC10173;SP1106;USA.1_1;RLM9;0.0;0.0;1.0;;1.0;0.0;;REF1002
REC10174;SP1107;CAN.1_1;RLM9;0.0;0.0;1.0;;1.0;0.0;;REF1002
REC10175;SP1107;USA.1_1;RLM9;0.0;0.0;1.0;;1.0;0.0;2010.0;REF1114
REC10176;SP1107;USA.1_1;RLM9;0.0;0.0;1.0;;1.0;0.0;2010.0;REF1114
REC10177;SP1107;USA.1_1;RLM9;0.0;0.0;1.0;;1.0;0.0;2014.0;REF1114
REC10178;SP1107;USA.1_1;RLM9;0.0;0.0;1.0;;1.0;0.0;2013.0;REF1114
REC10179;SP1107;USA.1_1;RLM9;0.0;0.0;1.0;;1.0;0.0;;REF1114
REC10180;SP1107;USA.1_1;RLM9;0.0;0.0;1.0;;1.0;0.0;2013.0;REF1114
REC10181;SP1107;USA.1_1;RLM9;0.0;0.0;1.0;;1.0;0.0;2015.0;REF1114
REC10182;SP1107;USA.1_1;RLM9;0.0;0.0;1.0;;1.0;0.0;;REF1114
REC10183;SP1107;CAN.1_1;RLM9;0.0;0.0;1.0;;1.0;0.0;2015.0;REF1114
REC10184;SP1107;CAN.1_1;RLM9;0.0;0.0;1.0;;1.0;0.0;;REF1114
REC10185;SP1107;USA.1_1;RLM9;0.0;0.0;1.0;;1.0;0.0;2010.0;REF1114
REC10186;SP1107;USA.1_1;RLM9;0.0;0.0;1.0;;1.0;0.0;2010.0;REF1114
REC10187;SP1107;USA.1_1;RLM9;0.0;0.0;1.0;;1.0;0.0;;REF1002
REC10188;SP1108;CAN.1_1;RLM9;0.0;0.0;1.0;;1.0;0.0;;REF1002
REC10189;SP1108;USA.1_1;RLM9;0.0;0.0;1.0;;1.0;0.0;;REF1002
REC10190;SP1109;SWE.1_1;RLM11;;;;;1.0;0.0;;REF152
REC10191;SP1109;SWE.1_1;RLM11;0.0;0.0;1.0;;1.0;0.0;;REF683
REC10192;SP1110;DNK.1_1;RLM11;;;;;1.0;0.0;;REF152
REC10193;SP1110;DNK.1_1;RLM11;0.0;0.0;1.0;;1.0;0.0;;REF683
REC10194;SP1111;GBR.1_1;RLM11;;;1.0;;1.0;0.0;;REF542
REC10195;SP1111;GBR.1_1;RLM11;;;;;1.0;0.0;;REF152
REC10196;SP1111;GBR.1_1;RLM11;0.0;0.0;1.0;;1.0;0.0;;REF683
REC10197;SP1112;USA.1_1;RLM9;0.0;0.0;;;1.0;0.0;;REF1195
REC10198;SP1113;USA.2_1;RLM9;;;1.0;;1.0;0.0;;REF697
REC10199;SP1113;USA.2_1;RLM9;;;1.0;;1.0;0.0;1907.0;REF1096
REC10200;SP1113;USA.2_1;RLM9;;0.0;1.0;;1.0;0.0;;REF1007
REC10201;SP1113;USA.2_1;RLM9;0.0;0.0;;;1.0;0.0;;REF1195
REC10202;SP1113;USA.2_1;RLM9;0.0;0.0;;;1.0;;;REF47
REC10203;SP1114;AUS.1_1;RLM2;0.0;1.0;1.0;0.0;1.0;0.0;2017.0;REF247
REC10204;SP1115;NZL.1_1;RLM2;;;1.0;;1.0;0.0;;REF697
REC10205;SP1115;NZL.1_1;RLM2;;;1.0;;1.0;0.0;1924.0;REF1096
REC10206;SP1116;NZL.1_1;RLM2;;;1.0;;1.0;0.0;;REF697
REC10207;SP1116;NZL.1_1;RLM2;;;1.0;;1.0;0.0;1923.0;REF1096
REC10208;SP1117;CHL.1_1;RLM1;;;1.0;;1.0;0.0;;REF1096
REC10209;SP1118;USA.2_1;RLM9;;;1.0;;1.0;0.0;;REF697
REC10210;SP1118;USA.2_1;RLM9;;1.0;1.0;;1.0;0.0;1955.0;REF1096
REC10211;SP1118;USA.2_1;RLM9;0.0;1.0;1.0;;1.0;0.0;1955.0;REF1007
REC10212;SP1118;USA.2_1;RLM9;0.0;1.0;;;1.0;0.0;;REF1195
REC10213;SP1119;USA.2_1;RLM9;;;1.0;;1.0;0.0;;REF697
REC10214;SP1119;USA.2_1;RLM9;;1.0;1.0;;1.0;0.0;1902.0;REF1096
REC10215;SP1119;USA.2_1;RLM9;0.0;1.0;1.0;;1.0;0.0;;REF1007
REC10216;SP1119;USA.2_1;RLM9;0.0;1.0;1.0;;1.0;0.0;1902.0;REF1007
REC10217;SP1119;USA.2_1;RLM9;0.0;1.0;;;1.0;0.0;;REF1195
REC10218;SP1119;AUS.1_1;RLM2;0.0;1.0;1.0;;0.0;1.0;1987.0;REF119
REC10219;SP1120;USA.1_1;RLM9;0.0;0.0;;1.0;;0.0;1971.0;REF358
REC10220;SP1120;USA.1_1;RLM9;0.0;0.0;;;1.0;0.0;;REF1195
REC10221;SP1121;USA.1_1;RLM9;;0.0;1.0;;1.0;0.0;1985.0;REF1007
REC10222;SP1122;USA.1_1;RLM9;0.0;0.0;;1.0;;0.0;1985.0;REF358
REC10223;SP1122;USA.1_1;RLM9;0.0;0.0;;;1.0;0.0;;REF1195
REC10224;SP1123;JPN.1_1;RLM6;;;1.0;;1.0;0.0;;REF697
REC10225;SP1123;JPN.1_1;RLM6;;;1.0;;1.0;0.0;1973.0;REF1096
REC10226;SP1123;JPN.1_1;RLM6;0.0;0.0;;;1.0;0.0;;REF1195
REC10227;SP1123;JPN.1_1;RLM10;;;1.0;;1.0;0.0;;REF542
REC10228;SP1123;JPN.1_1;RLM10;0.0;0.0;1.0;;1.0;0.0;;REF812
REC10229;SP1123;JPN.1_1;RLM10;;0.0;;;1.0;0.0;1973.0;REF779
REC10230;SP1124;USA.1_2;RLM9;0.0;0.0;;;1.0;0.0;;REF1002
REC10231;SP1124;CAN.1_1;RLM9;0.0;0.0;;;1.0;0.0;;REF1002
REC10232;SP1124;USA.1_1;RLM9;;0.0;1.0;;1.0;0.0;1911.0;REF1007
REC10233;SP1124;USA.1_1;RLM9;0.0;0.0;;;1.0;0.0;;REF1195
REC10234;SP1124;CAN.1_1;RLM9;0.0;0.0;1.0;;1.0;0.0;1956.0;REF35
REC10235;SP1124;USA.1_1;RLM9;0.0;0.0;;;1.0;0.0;;REF1002
REC10236;SP1125;USA.1_1;RLM9;0.0;0.0;;;1.0;0.0;;REF1195
REC10237;SP1126;CAN.1_1;RLM9;0.0;0.0;1.0;;1.0;0.0;;REF1002
REC10238;SP1126;USA.1_1;RLM9;;0.0;1.0;;1.0;0.0;1910.0;REF1007
REC10239;SP1126;USA.1_1;RLM9;0.0;0.0;;;1.0;0.0;;REF1195
REC10240;SP1126;CAN.1_1;RLM9;0.0;0.0;1.0;;1.0;0.0;;REF799
REC10241;SP1126;USA.1_1;RLM9;0.0;0.0;1.0;;1.0;0.0;;REF1002
REC10242;SP1127;USA.2_1;RLM9;;;1.0;;1.0;0.0;1950.0;REF1096
REC10243;SP1127;USA.2_1;RLM9;;0.0;1.0;;1.0;0.0;;REF1007
REC10244;SP1128;USA.1_1;RLM9;1.0;0.0;;;1.0;0.0;1986.0;REF1007
REC10245;SP1128;USA.1_1;RLM9;;0.0;1.0;0.0;1.0;0.0;;REF1002
REC10246;SP1129;USA.1_1;RLM9;;0.0;1.0;0.0;1.0;0.0;;REF1002
REC10247;SP1130;USA.2_1;RLM9;0.0;;1.0;;0.0;0.0;;REF49
REC10248;SP1130;NZL.1_1;RLM2;;;1.0;;1.0;0.0;;REF697
REC10249;SP1130;NZL.1_1;RLM2;;;1.0;;1.0;0.0;2006.0;REF1096
REC10250;SP1130;USA.2_1;RLM9;0.0;;;;1.0;0.0;;REF49
REC10251;SP1130;NZL.1_1;RLM2;0.0;;;;1.0;0.0;;REF49
REC10252;SP1131;AUS.1_1;RLM2;;;1.0;;1.0;0.0;;REF697
REC10253;SP1131;NZL.1_1;RLM2;;;1.0;;1.0;0.0;;REF697
REC10254;SP1131;NZL.1_1;RLM2;;;1.0;;1.0;0.0;;REF1096
REC10255;SP1131;USA.1_1;RLM9;;0.0;1.0;;1.0;0.0;;REF1007
REC10256;SP1131;USA.1_1;RLM9;0.0;0.0;;;1.0;0.0;;REF1195
REC10257;SP1131;AUS.1_1;RLM2;0.0;0.0;1.0;;1.0;0.0;;REF1033
REC10258;SP1131;NZL.1_1;RLM2;0.0;0.0;1.0;;1.0;0.0;;REF1033
REC10259;SP1131;IDN.1_1;RLM6;0.0;0.0;1.0;;1.0;0.0;;REF1033
REC10260;SP1131;COL.1_1;RLM1;0.0;0.0;1.0;;1.0;0.0;;REF1033
REC10261;SP1131;ECU.1_1;RLM1;0.0;0.0;1.0;;1.0;0.0;;REF1033
REC10262;SP1131;CHL.1_1;RLM1;0.0;0.0;1.0;;1.0;0.0;;REF1033
REC10263;SP1132;USA.1_1;RLM9;0.0;0.0;1.0;0.0;1.0;0.0;1942.0;REF1002
REC10264;SP1133;SWE.1_1;RLM11;;;;;1.0;0.0;;REF152
REC10265;SP1133;SWE.1_1;RLM11;0.0;0.0;1.0;;1.0;0.0;;REF683
REC10266;SP1134;CAN.1_1;RLM9;0.0;0.0;1.0;;1.0;0.0;;REF1002
REC10267;SP1134;CAN.1_1;RLM9;0.0;0.0;1.0;;1.0;0.0;2006.0;REF44
REC10268;SP1134;CAN.1_1;RLM9;0.0;0.0;1.0;;1.0;0.0;2006.0;REF44
REC10269;SP1134;USA.1_1;RLM9;0.0;0.0;1.0;;1.0;0.0;2009.0;REF44
REC10270;SP1134;USA.1_1;RLM9;0.0;0.0;1.0;;1.0;0.0;2007.0;REF1007
REC10271;SP1134;USA.1_1;RLM9;0.0;0.0;;;1.0;0.0;;REF1195
REC10272;SP1134;PRT.3_1;RLM11;0.0;0.0;1.0;;1.0;0.0;;REF683
REC10273;SP1134;USA.1_1;RLM9;0.0;0.0;1.0;;1.0;0.0;;REF1002
REC10274;SP1135;JPN.1_1;RLM10;0.0;0.0;;;1.0;0.0;;REF1195
REC10275;SP1136;CAN.1_1;RLM9;0.0;0.0;;;1.0;0.0;;REF1002
REC10276;SP1136;AUS.1_1;RLM2;;;1.0;;1.0;0.0;;REF697
REC10277;SP1136;JPN.1_1;RLM10;;;1.0;;1.0;0.0;;REF697
REC10278;SP1136;NZL.1_1;RLM2;;;1.0;;1.0;0.0;;REF697
REC10279;SP1136;JPN.1_1;RLM10;;;1.0;;1.0;0.0;2005.0;REF1096
REC10280;SP1136;NZL.1_1;RLM2;;;1.0;;1.0;0.0;1909.0;REF1096
REC10281;SP1136;USA.1_1;RLM9;;0.0;1.0;;1.0;0.0;1825.0;REF1007
REC10282;SP1136;USA.1_1;RLM9;0.0;0.0;;;1.0;0.0;;REF1195
REC10283;SP1136;USA.1_1;RLM9;0.0;0.0;;;1.0;0.0;;REF1002
REC10284;SP1137;DNK.1_1;RLM11;;;1.0;;1.0;0.0;;REF542
REC10285;SP1137;DNK.1_1;RLM11;;;;;1.0;0.0;;REF152
REC10286;SP1138;ECU.2_1;RLM1;;;1.0;;1.0;0.0;;REF697
REC10287;SP1138;ECU.2_1;RLM1;;;1.0;;1.0;0.0;1906.0;REF1096
REC10288;SP1139;USA.1_1;RLM9;;0.0;1.0;;1.0;0.0;;REF1007
REC10289;SP1139;USA.1_1;RLM9;1.0;0.0;;;1.0;0.0;;REF1195
REC10290;SP1140;LCA.1_1;RLM1;;;1.0;;1.0;0.0;1982.0;REF152
REC10291;SP1141;NZL.1_1;RLM2;;;1.0;;1.0;0.0;;REF697
REC10292;SP1141;NZL.1_1;RLM2;;;1.0;;1.0;0.0;1886.0;REF1096
REC10293;SP1141;GBR.1_1;RLM11;;;1.0;;1.0;0.0;;REF542
REC10294;SP1141;GBR.1_1;RLM11;;;1.0;;1.0;0.0;;REF957
REC10295;SP1141;GBR.1_1;RLM11;;;1.0;;1.0;0.0;1908.0;REF152
REC10296;SP1141;NZL.1_1;RLM2;;;1.0;;1.0;0.0;1886.0;REF152
REC10297;SP1141;GBR.1_1;RLM11;0.0;0.0;1.0;;1.0;0.0;;REF683
REC10298;SP1142;USA.2_1;RLM9;0.0;;1.0;;;0.0;;REF49
REC10299;SP1142;NZL.1_1;RLM2;;;1.0;;1.0;0.0;;REF697
REC10300;SP1142;NZL.1_1;RLM2;;;1.0;;1.0;0.0;2008.0;REF1096
REC10301;SP1142;USA.2_1;RLM9;0.0;0.0;1.0;0.0;1.0;0.0;2023.0;REF49
REC10302;SP1142;NZL.1_1;RLM2;0.0;;;;1.0;0.0;;REF49
REC10303;SP1142;GBR.1_1;RLM11;0.0;0.0;1.0;0.0;1.0;0.0;;REF49
REC10304;SP1142;USA.1_1;RLM9;0.0;0.0;1.0;0.0;1.0;0.0;;REF49
REC10305;SP1142;USA.1_1;RLM9;0.0;0.0;;;1.0;0.0;;REF1002
REC10306;SP1143;USA.2_1;RLM9;0.0;;1.0;;1.0;0.0;;REF47
REC10307;SP1143;USA.2_1;RLM9;;;1.0;;1.0;0.0;;REF697
REC10308;SP1143;USA.2_1;RLM9;;;1.0;;1.0;0.0;1967.0;REF1096
REC10309;SP1143;USA.2_1;RLM9;;0.0;1.0;;1.0;0.0;1964.0;REF1007
REC10310;SP1143;USA.2_1;RLM9;0.0;0.0;;;1.0;0.0;;REF1195
REC10311;SP1144;CAN.1_1;RLM9;0.0;0.0;1.0;;1.0;0.0;;REF1002
REC10312;SP1144;USA.1_1;RLM9;1.0;0.0;;;1.0;0.0;;REF1007
REC10313;SP1144;USA.1_1;RLM9;0.0;0.0;1.0;;1.0;0.0;;REF1002
REC10314;SP1145;IRL.1_1;RLM11;;;1.0;;1.0;0.0;;REF542
REC10315;SP1146;ESP.2_1;RLM11;;;;;1.0;0.0;;REF330
REC10316;SP1146;ESP.2_1;RLM11;;;1.0;;1.0;0.0;1999.0;REF152
REC10317;SP1146;ESP.2_1;RLM11;0.0;0.0;1.0;0.0;1.0;0.0;1999.0;REF908
REC10318;SP1146;VEN.1_1;RLM1;;;1.0;;1.0;0.0;;REF542
REC10319;SP1146;ESP.1_1;RLM11;;;1.0;;1.0;0.0;;REF542
REC10320;SP1146;COL.1_1;RLM1;;;;;1.0;0.0;;REF330
REC10321;SP1146;CRI.1_1;RLM7;;;;;1.0;0.0;;REF330
REC10322;SP1146;ECU.1_1;RLM1;;;;;1.0;0.0;;REF330
REC10323;SP1146;SLV.1_1;RLM7;;;;;1.0;0.0;;REF330
REC10324;SP1146;MEX.1_1;RLM9;;;;;1.0;0.0;;REF330
REC10325;SP1146;NIC.1_1;RLM7;;;;;1.0;0.0;;REF330
REC10326;SP1146;PAN.1_1;RLM7;;;;;1.0;0.0;;REF330
REC10327;SP1146;VEN.1_1;RLM1;;;;;1.0;0.0;;REF330
REC10328;SP1146;ESP.1_1;RLM11;;;;;1.0;0.0;;REF330
REC10329;SP1146;ESP.1_1;RLM11;;;1.0;;1.0;0.0;;REF957
REC10330;SP1146;ESP.1_1;RLM11;;;1.0;;1.0;0.0;2015.0;REF152
REC10331;SP1146;CRI.1_1;RLM7;;;1.0;;1.0;0.0;1970.0;REF152
REC10332;SP1146;SLV.1_1;RLM7;;;1.0;;1.0;0.0;1973.0;REF152
REC10333;SP1146;MEX.1_1;RLM9;;;1.0;;1.0;0.0;2010.0;REF152
REC10334;SP1146;NIC.1_1;RLM7;;;1.0;;1.0;0.0;;REF152
REC10335;SP1146;PAN.1_1;RLM7;;;1.0;;1.0;0.0;;REF152
REC10336;SP1146;COL.1_1;RLM1;;;1.0;;1.0;0.0;1985.0;REF152
REC10337;SP1146;ECU.1_1;RLM1;;;1.0;;1.0;0.0;;REF152
REC10338;SP1146;VEN.1_1;RLM1;;;1.0;;1.0;0.0;1983.0;REF152
REC10339;SP1146;COL.1_1;RLM1;0.0;0.0;1.0;1.0;1.0;0.0;1985.0;REF908
REC10340;SP1146;ECU.1_1;RLM1;0.0;0.0;1.0;1.0;1.0;0.0;1996.0;REF908
REC10341;SP1146;SLV.1_1;RLM7;1.0;0.0;;;1.0;0.0;;REF908
REC10342;SP1146;MEX.1_1;RLM9;1.0;0.0;;;;0.0;;REF908
REC10343;SP1146;PAN.1_1;RLM7;0.0;0.0;1.0;;1.0;0.0;1973.0;REF908
REC10344;SP1146;VEN.1_1;RLM1;0.0;0.0;1.0;0.0;1.0;0.0;1983.0;REF908
REC10345;SP1146;ESP.1_1;RLM11;0.0;0.0;1.0;;1.0;0.0;;REF683
REC10346;SP1146;CRI.1_1;RLM7;0.0;0.0;1.0;0.0;1.0;0.0;1970.0;REF326
REC10347;SP1146;VEN.1_1;RLM1;0.0;0.0;1.0;;1.0;0.0;;REF912
REC10348;SP1147;NZL.1_1;RLM2;;;1.0;;1.0;0.0;1999.0;REF1096
REC10349;SP1147;NZL.1_1;RLM2;;;;;1.0;0.0;;REF152
REC10350;SP1147;NZL.1_1;RLM2;0.0;0.0;1.0;0.0;1.0;0.0;1983.0;REF493
REC10351;SP1147;NZL.1_1;RLM2;0.0;0.0;1.0;;0.0;1.0;2006.0;REF689
REC10352;SP1148;ECU.2_1;RLM1;;;1.0;;1.0;0.0;;REF697
REC10353;SP1148;ECU.2_1;RLM1;;;1.0;;1.0;0.0;1964.0;REF1096
REC10354;SP1148;USA.2_1;RLM9;;;1.0;;1.0;0.0;;REF697
REC10355;SP1148;USA.2_1;RLM9;;;1.0;;1.0;0.0;1922.0;REF1096
REC10356;SP1148;USA.2_1;RLM9;;0.0;1.0;;1.0;0.0;;REF1007
REC10357;SP1149;USA.1_1;RLM9;;;;;1.0;0.0;;REF152
REC10358;SP1149;USA.1_1;RLM9;;;;;1.0;0.0;;REF152
REC10359;SP1149;USA.1_1;RLM9;;;;;0.0;0.0;;REF330
REC10360;SP1149;USA.1_1;RLM9;0.0;0.0;1.0;;0.0;0.0;2008.0;REF394
REC10361;SP1149;USA.1_1;RLM9;0.0;0.0;1.0;0.0;0.0;0.0;2008.0;REF392
REC10362;SP1149;USA.1_1;RLM9;;;;;0.0;0.0;;REF330
REC10363;SP1149;USA.1_1;RLM9;0.0;0.0;1.0;;0.0;0.0;;REF394
REC10364;SP1149;IRL.1_1;RLM11;;;1.0;;1.0;0.0;;REF542
REC10365;SP1149;FRA.1_1;RLM11;;;1.0;;1.0;0.0;;REF542
REC10366;SP1149;NLD.1_1;RLM11;;;1.0;;1.0;0.0;;REF542
REC10367;SP1149;BEL.1_1;RLM11;;;1.0;;1.0;0.0;;REF542
REC10368;SP1149;GBR.1_1;RLM11;;;1.0;;1.0;0.0;;REF542
REC10369;SP1149;USA.1_1;RLM9;;;;;0.0;0.0;;REF330
REC10370;SP1149;ISR.1_1;RLM8;;;;;1.0;0.0;;REF330
REC10371;SP1149;BEL.1_1;RLM11;;;;;0.0;0.0;;REF330
REC10372;SP1149;DNK.1_1;RLM11;;;;;0.0;0.0;;REF330
REC10373;SP1149;FIN.1_1;RLM11;;;;;0.0;0.0;;REF330
REC10374;SP1149;ITA.1_1;RLM11;;;;;0.0;0.0;;REF330
REC10375;SP1149;NLD.1_1;RLM11;;;;;0.0;1.0;;REF330
REC10376;SP1149;GBR.1_1;RLM11;;;;;0.0;0.0;;REF330
REC10377;SP1149;ISR.1_1;RLM8;;;1.0;;1.0;0.0;1986.0;REF152
REC10378;SP1149;BEL.1_1;RLM11;;;;;1.0;0.0;;REF152
REC10379;SP1149;DNK.1_1;RLM11;;;;;1.0;0.0;;REF152
REC10380;SP1149;FIN.1_1;RLM11;;;;;1.0;0.0;1965.0;REF152
REC10381;SP1149;ITA.1_1;RLM11;;;;;1.0;0.0;2014.0;REF152
REC10382;SP1149;NLD.1_1;RLM11;;;;;1.0;0.0;1998.0;REF152
REC10383;SP1149;GBR.1_1;RLM11;;;;;1.0;0.0;;REF152
REC10384;SP1149;USA.1_1;RLM9;;;;;1.0;0.0;;REF152
REC10385;SP1149;USA.1_1;RLM9;0.0;0.0;;;1.0;0.0;;REF1195
REC10386;SP1149;ITA.1_1;RLM11;0.0;0.0;1.0;;1.0;0.0;2014.0;REF724
REC10387;SP1149;ISR.1_1;RLM8;0.0;0.0;1.0;;1.0;0.0;1984.0;REF586
REC10388;SP1149;ISR.1_1;RLM8;0.0;0.0;1.0;0.0;1.0;0.0;1998.0;REF670
REC10389;SP1149;ISR.1_1;RLM8;0.0;0.0;1.0;;1.0;0.0;1984.0;REF1189
REC10390;SP1150;DZA.1_1;RLM8;;;1.0;;1.0;0.0;;REF542
REC10391;SP1150;DZA.1_1;RLM8;;;;;1.0;0.0;;REF330
REC10392;SP1150;MAR.1_1;RLM8;;;;;1.0;0.0;;REF330
REC10393;SP1150;DZA.1_1;RLM8;;;;;1.0;0.0;;REF152
REC10394;SP1150;MAR.1_1;RLM8;;;;;1.0;0.0;;REF152
REC10395;SP1150;MAR.1_1;RLM8;0.0;0.0;1.0;;1.0;0.0;1922.0;REF909
REC10396;SP1151;GBR.1_1;RLM11;;;;;1.0;0.0;;REF152
REC10397;SP1151;GBR.1_1;RLM11;;;1.0;;1.0;0.0;2006.0;REF1096
REC10398;SP1151;GBR.1_1;RLM11;;;1.0;;1.0;0.0;;REF542
REC10399;SP1151;SWE.1_1;RLM11;;;1.0;;1.0;0.0;;REF542
REC10400;SP1151;GBR.1_1;RLM11;;;;;1.0;0.0;;REF330
REC10401;SP1151;SWE.1_1;RLM11;;;;;1.0;0.0;;REF330
REC10402;SP1151;GBR.1_1;RLM11;;;;;1.0;0.0;;REF330
REC10403;SP1151;GBR.1_1;RLM11;;;;;1.0;0.0;;REF152
REC10404;SP1151;SWE.1_1;RLM11;;;;;1.0;0.0;;REF152
REC10405;SP1151;GBR.1_1;RLM11;;;1.0;;1.0;0.0;;REF152
REC10406;SP1151;GBR.1_1;RLM11;0.0;0.0;1.0;;1.0;0.0;2006.0;REF758
REC10407;SP1151;GBR.1_1;RLM11;0.0;0.0;1.0;;1.0;0.0;2006.0;REF1083
REC10408;SP1152;USA.1_1;RLM9;;0.0;1.0;;1.0;0.0;1971.0;REF1007
REC10409;SP1153;SWE.1_1;RLM11;;;;;1.0;0.0;;REF152
REC10410;SP1153;SWE.1_1;RLM11;0.0;0.0;1.0;;1.0;0.0;;REF683
REC10411;SP1154;GBR.1_1;RLM11;;;1.0;;1.0;0.0;1984.0;REF1096
REC10412;SP1154;DEU.1_1;RLM11;;;1.0;;1.0;0.0;;REF542
REC10413;SP1155;CAN.1_1;RLM9;0.0;0.0;1.0;;1.0;0.0;;REF1002
REC10414;SP1155;USA.1_1;RLM9;1.0;0.0;;;1.0;0.0;;REF1007
REC10415;SP1155;USA.1_1;RLM9;1.0;0.0;;;1.0;0.0;;REF1195
REC10416;SP1155;USA.1_1;RLM9;0.0;0.0;1.0;;1.0;0.0;;REF1002
REC10417;SP1156;SVN.1_1;RLM11;;;1.0;;1.0;0.0;;REF542
REC10418;SP1156;AUT.1_1;RLM11;;;1.0;;1.0;0.0;;REF542
REC10419;SP1156;AUT.1_1;RLM11;;;1.0;;1.0;0.0;1906.0;REF152
REC10420;SP1156;AUT.1_1;RLM11;0.0;0.0;1.0;;1.0;0.0;;REF683
REC10421;SP1157;DNK.1_1;RLM11;;;1.0;;1.0;0.0;;REF542
REC10422;SP1158;USA.2_1;RLM9;;;1.0;;1.0;0.0;;REF697
REC10423;SP1158;USA.2_1;RLM9;;;1.0;;1.0;0.0;1974.0;REF1096
REC10424;SP1158;USA.2_1;RLM9;;0.0;1.0;;1.0;0.0;;REF1007
REC10425;SP1158;USA.2_1;RLM9;0.0;0.0;1.0;;1.0;0.0;;REF1195
REC10426;SP1159;USA.2_1;RLM9;;1.0;1.0;;1.0;0.0;1949.0;REF1096
REC10427;SP1159;USA.2_1;RLM9;0.0;1.0;1.0;;1.0;0.0;1949.0;REF1007
REC10428;SP1160;CAN.1_1;RLM9;0.0;0.0;1.0;;1.0;0.0;;REF1002
REC10429;SP1160;JPN.1_1;RLM10;;;1.0;;1.0;0.0;;REF697
REC10430;SP1160;JPN.1_1;RLM10;;;1.0;;1.0;0.0;1999.0;REF1096
REC10431;SP1160;JPN.1_1;RLM10;;;1.0;;1.0;0.0;;REF542
REC10432;SP1160;CAN.1_1;RLM9;;;1.0;;1.0;0.0;;REF542
REC10433;SP1160;USA.1_1;RLM9;;0.0;1.0;;1.0;0.0;1910.0;REF1007
REC10434;SP1160;USA.1_1;RLM9;0.0;0.0;;;1.0;0.0;;REF1195
REC10435;SP1160;JPN.1_1;RLM10;0.0;0.0;;;1.0;0.0;;REF1195
REC10436;SP1160;JPN.1_1;RLM10;0.0;0.0;1.0;;1.0;0.0;;REF812
REC10437;SP1160;USA.1_1;RLM9;0.0;0.0;1.0;1.0;1.0;0.0;;REF143
REC10438;SP1160;USA.1_1;RLM9;0.0;0.0;1.0;;1.0;0.0;1910.0;REF1002
REC10439;SP1161;USA.1_1;RLM9;;0.0;1.0;;1.0;0.0;1899.0;REF1007
REC10440;SP1162;USA.2_1;RLM9;0.0;;1.0;;1.0;0.0;;REF50
REC10441;SP1163;AUS.1_1;RLM2;;;1.0;;1.0;0.0;;REF697
REC10442;SP1163;NZL.1_1;RLM2;;;1.0;;1.0;0.0;;REF697
REC10443;SP1163;ZAF.1_1;RLM3;;;1.0;;1.0;0.0;;REF697
REC10444;SP1163;NZL.1_1;RLM2;;;1.0;;1.0;0.0;1984.0;REF1096
REC10445;SP1163;ZAF.1_1;RLM3;;;1.0;;1.0;0.0;;REF1096
REC10446;SP1163;NZL.1_1;RLM2;0.0;;;;1.0;0.0;;REF1040
REC10447;SP1163;AUS.1_1;RLM2;0.0;;;;1.0;0.0;;REF1040
REC10448;SP1164;CAN.1_1;RLM9;0.0;0.0;1.0;0.0;1.0;0.0;;REF1002
REC10449;SP1164;AUS.1_1;RLM2;;;1.0;;1.0;0.0;;REF697
REC10450;SP1165;AUS.1_1;RLM2;;;1.0;;1.0;0.0;;REF697
REC10451;SP1165;NZL.1_1;RLM2;;;1.0;;1.0;0.0;;REF697
REC10452;SP1165;NZL.1_1;RLM2;;;1.0;;1.0;0.0;1925.0;REF1096
REC10453;SP1165;NZL.1_1;RLM2;0.0;0.0;1.0;;1.0;0.0;;REF493
REC10454;SP1165;USA.1_1;RLM9;0.0;0.0;;;;0.0;;REF1002
REC10455;SP1166;AUS.1_1;RLM2;;;1.0;;1.0;0.0;;REF697
REC10456;SP1166;AUS.1_1;RLM2;;;;;1.0;0.0;;REF152
REC10457;SP1167;CAN.1_1;RLM9;;;1.0;;1.0;0.0;;REF542
REC10458;SP1168;AUS.1_1;RLM2;;;1.0;;1.0;0.0;;REF697
REC10459;SP1168;IRL.1_1;RLM11;;;1.0;;1.0;0.0;;REF542
REC10460;SP1168;FRA.1_1;RLM11;;;1.0;;1.0;0.0;;REF542
REC10461;SP1168;NOR.1_1;RLM11;;;;;1.0;0.0;;REF152
REC10462;SP1168;PRT.1_1;RLM11;;;;;1.0;0.0;;REF152
REC10463;SP1168;GBR.1_1;RLM11;;;;;1.0;0.0;;REF152
REC10464;SP1168;AUS.1_1;RLM2;;;;;1.0;0.0;;REF152
REC10465;SP1168;HRV.1_1;RLM11;0.0;0.0;1.0;;1.0;0.0;;REF683
REC10466;SP1168;FRA.1_1;RLM11;0.0;0.0;1.0;;1.0;0.0;;REF683
REC10467;SP1168;ITA.1_1;RLM11;0.0;0.0;1.0;;1.0;0.0;;REF683
REC10468;SP1168;NOR.1_1;RLM11;0.0;0.0;1.0;;1.0;0.0;;REF683
REC10469;SP1168;PRT.1_1;RLM11;0.0;0.0;1.0;;1.0;0.0;;REF683
REC10470;SP1168;ROU.1_1;RLM11;0.0;0.0;1.0;;1.0;0.0;;REF683
REC10471;SP1168;ESP.1_1;RLM11;0.0;0.0;1.0;;1.0;0.0;;REF683
REC10472;SP1168;CHE.1_1;RLM11;0.0;0.0;1.0;;1.0;0.0;;REF683
REC10473;SP1168;GBR.1_1;RLM11;0.0;0.0;1.0;;1.0;0.0;;REF683
REC10474;SP1168;PRT.2_1;RLM11;0.0;0.0;1.0;;1.0;0.0;;REF683
REC10475;SP1168;PRT.3_1;RLM11;0.0;0.0;1.0;;1.0;0.0;;REF683
REC10476;SP1169;AUS.1_1;RLM2;;;1.0;;1.0;0.0;;REF697
REC10477;SP1169;NZL.1_1;RLM2;;;1.0;;1.0;0.0;;REF697
REC10478;SP1169;NZL.1_1;RLM2;;;1.0;;1.0;0.0;1909.0;REF1096
REC10479;SP1169;SWE.1_1;RLM11;;;1.0;;1.0;0.0;;REF542
REC10480;SP1169;FRA.1_1;RLM11;;;1.0;;1.0;0.0;;REF542
REC10481;SP1169;IRL.1_1;RLM11;;;1.0;;1.0;0.0;;REF542
REC10482;SP1169;AUT.1_1;RLM11;;;1.0;;1.0;0.0;;REF957
REC10483;SP1169;CZE.1_1;RLM11;;;1.0;;1.0;0.0;;REF957
REC10484;SP1169;FIN.1_1;RLM11;;;1.0;;1.0;0.0;;REF957
REC10485;SP1169;DEU.1_1;RLM11;;;1.0;;1.0;0.0;1927.0;REF957
REC10486;SP1169;HUN.1_1;RLM11;;;1.0;;1.0;0.0;;REF957
REC10487;SP1169;ITA.1_1;RLM11;;;1.0;;1.0;0.0;;REF957
REC10488;SP1169;NLD.1_1;RLM11;;;1.0;;1.0;0.0;;REF957
REC10489;SP1169;ROU.1_1;RLM11;;;1.0;;1.0;0.0;;REF957
REC10490;SP1169;SVK.1_1;RLM11;;;1.0;;1.0;0.0;;REF957
REC10491;SP1169;BEL.1_1;RLM11;;;1.0;;1.0;0.0;;REF957
REC10492;SP1169;DNK.1_1;RLM11;;;1.0;;1.0;0.0;;REF957
REC10493;SP1169;FRA.1_1;RLM11;;;1.0;;1.0;0.0;;REF957
REC10494;SP1169;GBR.1_1;RLM11;;;1.0;;1.0;0.0;;REF957
REC10495;SP1169;IRL.1_1;RLM11;;;1.0;;1.0;0.0;1840.0;REF957
REC10496;SP1169;LVA.1_1;RLM11;;;1.0;;1.0;0.0;;REF957
REC10497;SP1169;NOR.1_1;RLM11;;;1.0;;1.0;0.0;;REF957
REC10498;SP1169;RUS.1_1;RLM11;;;1.0;;1.0;0.0;;REF957
REC10499;SP1169;SWE.1_1;RLM11;;;1.0;;1.0;0.0;1953.0;REF957
REC10500;SP1169;CZE.1_1;RLM11;;;1.0;;1.0;0.0;;REF152
REC10501;SP1169;DEU.1_1;RLM11;;;1.0;;1.0;0.0;;REF152
REC10502;SP1169;IRL.1_1;RLM11;;;1.0;;1.0;0.0;1840.0;REF152
REC10503;SP1169;NLD.1_1;RLM11;;;;;1.0;0.0;;REF152
REC10504;SP1169;NOR.1_1;RLM11;;;1.0;;1.0;0.0;1942.0;REF152
REC10505;SP1169;SVK.1_1;RLM11;;;1.0;;1.0;0.0;1992.0;REF152
REC10506;SP1169;SWE.1_1;RLM11;;;1.0;;1.0;0.0;;REF152
REC10507;SP1169;GBR.1_1;RLM11;;;;;1.0;0.0;;REF152
REC10508;SP1169;AUS.1_1;RLM2;;;;;1.0;0.0;;REF152
REC10509;SP1169;NZL.1_1;RLM2;;;1.0;;1.0;0.0;1909.0;REF152
REC10510;SP1169;AUT.1_1;RLM11;0.0;0.0;1.0;;1.0;0.0;;REF683
REC10511;SP1169;BEL.1_1;RLM11;0.0;0.0;1.0;;1.0;0.0;;REF683
REC10512;SP1169;CZE.1_1;RLM11;0.0;0.0;1.0;;1.0;0.0;;REF683
REC10513;SP1169;DNK.1_1;RLM11;0.0;0.0;1.0;;1.0;0.0;;REF683
REC10514;SP1169;FIN.1_1;RLM11;0.0;0.0;1.0;;1.0;0.0;;REF683
REC10515;SP1169;FRA.1_1;RLM11;0.0;0.0;1.0;;1.0;0.0;;REF683
REC10516;SP1169;DEU.1_1;RLM11;0.0;0.0;1.0;;1.0;0.0;;REF683
REC10517;SP1169;HUN.1_1;RLM11;0.0;0.0;1.0;;1.0;0.0;;REF683
REC10518;SP1169;ITA.1_1;RLM11;0.0;0.0;1.0;;1.0;0.0;;REF683
REC10519;SP1169;LVA.1_1;RLM11;0.0;0.0;1.0;;1.0;0.0;;REF683
REC10520;SP1169;NLD.1_1;RLM11;0.0;0.0;1.0;;1.0;0.0;;REF683
REC10521;SP1169;NOR.1_1;RLM11;0.0;0.0;1.0;;1.0;0.0;;REF683
REC10522;SP1169;IRL.1_1;RLM11;0.0;0.0;1.0;;1.0;0.0;;REF683
REC10523;SP1169;ROU.1_1;RLM11;0.0;0.0;1.0;;1.0;0.0;;REF683
REC10524;SP1169;RUS.1_2;RLM11;0.0;0.0;1.0;;1.0;0.0;;REF683
REC10525;SP1169;SVK.1_1;RLM11;0.0;0.0;1.0;;1.0;0.0;;REF683
REC10526;SP1169;SWE.1_1;RLM11;0.0;0.0;1.0;;1.0;0.0;;REF683
REC10527;SP1169;GBR.1_1;RLM11;0.0;0.0;1.0;;1.0;0.0;;REF683
REC10528;SP1169;USA.1_1;RLM9;0.0;0.0;1.0;0.0;1.0;0.0;;REF1002
REC10529;SP1170;USA.1_2;RLM9;0.0;0.0;1.0;;1.0;0.0;;REF1002
REC10530;SP1170;AUS.1_1;RLM2;0.0;0.0;1.0;;1.0;0.0;;REF1002
REC10531;SP1170;CAN.1_1;RLM9;0.0;0.0;1.0;;1.0;0.0;;REF1002
REC10532;SP1170;USA.2_1;RLM9;;;1.0;;1.0;0.0;;REF697
REC10533;SP1170;USA.2_1;RLM9;;;1.0;;1.0;0.0;1933.0;REF1096
REC10534;SP1170;USA.2_1;RLM9;;0.0;1.0;;1.0;0.0;1565.0;REF1007
REC10535;SP1170;USA.2_1;RLM9;0.0;0.0;1.0;;1.0;0.0;;REF1195
REC10536;SP1170;AUS.1_1;RLM2;;;1.0;;1.0;0.0;;REF697
REC10537;SP1170;NZL.1_1;RLM2;;;1.0;;1.0;0.0;;REF697
REC10538;SP1170;ZAF.1_1;RLM3;;;1.0;;1.0;0.0;;REF697
REC10539;SP1170;CHL.1_1;RLM1;;;1.0;;1.0;0.0;1944.0;REF1096
REC10540;SP1170;NZL.1_1;RLM2;;;1.0;;1.0;0.0;1919.0;REF1096
REC10541;SP1170;ZAF.1_1;RLM3;;0.0;1.0;;1.0;0.0;;REF1096
REC10542;SP1170;ZAF.1_1;RLM3;;;1.0;;1.0;0.0;;REF542
REC10543;SP1170;USA.1_1;RLM9;;0.0;1.0;;1.0;0.0;1565.0;REF1007
REC10544;SP1170;USA.1_1;RLM9;0.0;0.0;;;1.0;0.0;;REF1195
REC10545;SP1170;AUS.1_1;RLM2;0.0;0.0;1.0;;1.0;0.0;;REF162
REC10546;SP1170;NZL.1_1;RLM2;0.0;0.0;1.0;;1.0;0.0;;REF1002
REC10547;SP1170;USA.1_1;RLM9;0.0;0.0;1.0;;1.0;0.0;;REF1002
REC10548;SP1171;GRC.2_1;RLM11;0.0;0.0;1.0;;1.0;0.0;;REF683
REC10549;SP1171;ITA.2_1;RLM11;0.0;0.0;1.0;;1.0;0.0;;REF683
REC10550;SP1171;ITA.2_1;RLM11;0.0;0.0;1.0;;1.0;0.0;;REF683
REC10551;SP1171;AUS.1_1;RLM2;;;1.0;;1.0;0.0;;REF697
REC10552;SP1171;JPN.1_1;RLM10;;;1.0;;1.0;0.0;;REF697
REC10553;SP1171;KOR.1_1;RLM11;;;1.0;;1.0;0.0;;REF697
REC10554;SP1171;JPN.1_1;RLM10;;;1.0;;1.0;0.0;1889.0;REF1096
REC10555;SP1171;KOR.1_1;RLM11;;;1.0;;1.0;0.0;1960.0;REF1096
REC10556;SP1171;GBR.1_1;RLM11;;;1.0;;1.0;0.0;;REF542
REC10557;SP1171;JPN.1_1;RLM10;;;1.0;;1.0;0.0;;REF542
REC10558;SP1171;DNK.1_1;RLM11;;;1.0;;1.0;0.0;;REF542
REC10559;SP1171;CYP.1_1;RLM8;;;1.0;;1.0;0.0;;REF542
REC10560;SP1171;FRA.1_1;RLM11;;;1.0;;1.0;0.0;;REF542
REC10561;SP1171;ALB.1_1;RLM11;;;1.0;;1.0;0.0;;REF957
REC10562;SP1171;HRV.1_1;RLM11;;;1.0;;1.0;0.0;;REF957
REC10563;SP1171;CZE.1_1;RLM11;;;1.0;;1.0;0.0;;REF957
REC10564;SP1171;FRA.1_1;RLM11;;;1.0;;1.0;0.0;;REF957
REC10565;SP1171;GBR.1_1;RLM11;;;1.0;;1.0;0.0;;REF957
REC10566;SP1171;GRC.1_1;RLM11;;;1.0;;1.0;0.0;;REF957
REC10567;SP1171;ISL.1_1;RLM11;;;1.0;;1.0;0.0;;REF957
REC10568;SP1171;ITA.2_1;RLM11;;;1.0;;1.0;0.0;;REF957
REC10569;SP1171;LVA.1_1;RLM11;;;1.0;;1.0;0.0;;REF957
REC10570;SP1171;NOR.1_1;RLM11;;;1.0;;1.0;0.0;;REF957
REC10571;SP1171;ROU.1_1;RLM11;;;1.0;;1.0;0.0;;REF957
REC10572;SP1171;ESP.1_1;RLM11;;;1.0;;1.0;0.0;;REF957
REC10573;SP1171;AUT.1_1;RLM11;;;1.0;;1.0;0.0;;REF957
REC10574;SP1171;CYP.1_1;RLM8;;;1.0;;1.0;0.0;;REF957
REC10575;SP1171;DNK.1_1;RLM11;;;1.0;;1.0;0.0;;REF957
REC10576;SP1171;DEU.1_1;RLM11;;;1.0;;1.0;0.0;;REF957
REC10577;SP1171;GRC.2_1;RLM11;;;1.0;;1.0;0.0;;REF957
REC10578;SP1171;HUN.1_1;RLM11;;;1.0;;1.0;0.0;;REF957
REC10579;SP1171;ITA.2_1;RLM11;;;1.0;;1.0;0.0;;REF957
REC10580;SP1171;ITA.1_1;RLM11;;;1.0;;1.0;0.0;;REF957
REC10581;SP1171;LTU.1_1;RLM11;;;1.0;;1.0;0.0;;REF957
REC10582;SP1171;PRT.1_1;RLM11;;;1.0;;1.0;0.0;;REF957
REC10583;SP1171;RUS.1_1;RLM11;;;1.0;;1.0;0.0;;REF957
REC10584;SP1171;SVK.1_1;RLM11;;;1.0;;1.0;0.0;;REF957
REC10585;SP1171;JPN.1_1;RLM10;0.0;0.0;;;1.0;0.0;;REF1195
REC10586;SP1171;ALB.1_1;RLM11;0.0;0.0;1.0;;1.0;0.0;;REF683
REC10587;SP1171;AUT.1_1;RLM11;0.0;0.0;1.0;;1.0;0.0;;REF683
REC10588;SP1171;HRV.1_1;RLM11;0.0;0.0;1.0;;1.0;0.0;;REF683
REC10589;SP1171;CYP.1_1;RLM8;0.0;0.0;1.0;;1.0;0.0;;REF683
REC10590;SP1171;CZE.1_1;RLM11;0.0;0.0;1.0;;1.0;0.0;;REF683
REC10591;SP1171;DNK.1_1;RLM11;0.0;0.0;1.0;;1.0;0.0;;REF683
REC10592;SP1171;FRA.1_1;RLM11;0.0;0.0;1.0;;1.0;0.0;;REF683
REC10593;SP1171;DEU.1_1;RLM11;0.0;0.0;1.0;;1.0;0.0;;REF683
REC10594;SP1171;GRC.1_1;RLM11;0.0;0.0;1.0;;1.0;0.0;;REF683
REC10595;SP1171;HUN.1_1;RLM11;0.0;0.0;1.0;;1.0;0.0;;REF683
REC10596;SP1171;ISL.1_1;RLM11;0.0;0.0;1.0;;1.0;0.0;;REF683
REC10597;SP1171;ITA.1_1;RLM11;0.0;0.0;1.0;;1.0;0.0;;REF683
REC10598;SP1171;LVA.1_1;RLM11;0.0;0.0;1.0;;1.0;0.0;;REF683
REC10599;SP1171;LTU.1_1;RLM11;0.0;0.0;1.0;;1.0;0.0;;REF683
REC10600;SP1171;NOR.1_1;RLM11;0.0;0.0;1.0;;1.0;0.0;;REF683
REC10601;SP1171;PRT.1_1;RLM11;0.0;0.0;1.0;;1.0;0.0;;REF683
REC10602;SP1171;ROU.1_1;RLM11;0.0;0.0;1.0;;1.0;0.0;;REF683
REC10603;SP1171;RUS.1_2;RLM11;0.0;0.0;1.0;;1.0;0.0;;REF683
REC10604;SP1171;SRB.1_1;RLM11;0.0;0.0;1.0;;1.0;0.0;;REF683
REC10605;SP1171;SVK.1_1;RLM11;0.0;0.0;1.0;;1.0;0.0;;REF683
REC10606;SP1171;ESP.1_1;RLM11;0.0;0.0;1.0;;1.0;0.0;;REF683
REC10607;SP1171;GBR.1_1;RLM11;0.0;0.0;1.0;;1.0;0.0;;REF683
REC10608;SP1171;GBR.1_1;RLM11;0.0;0.0;1.0;;1.0;0.0;;REF683
REC10609;SP1171;SRB.1_1;RLM11;0.0;0.0;1.0;;1.0;0.0;;REF911
REC10610;SP1171;GRC.1_1;RLM11;0.0;0.0;1.0;;1.0;0.0;1856.0;REF911
REC10611;SP1171;CYP.1_1;RLM8;0.0;0.0;1.0;;1.0;0.0;2010.0;REF261
REC10612;SP1171;JPN.1_1;RLM10;0.0;0.0;1.0;;1.0;0.0;;REF812
REC10613;SP1171;USA.1_1;RLM9;0.0;0.0;;;1.0;0.0;;REF1002
REC10614;SP1172;CAN.1_1;RLM9;0.0;0.0;1.0;;1.0;0.0;;REF1002
REC10615;SP1172;AUS.1_1;RLM2;;;;;1.0;0.0;;REF152
REC10616;SP1172;USA.2_1;RLM9;;;1.0;;1.0;0.0;;REF697
REC10617;SP1172;USA.2_1;RLM9;;;1.0;;1.0;0.0;;REF1096
REC10618;SP1172;USA.2_1;RLM9;;0.0;1.0;;1.0;0.0;;REF1007
REC10619;SP1172;JPN.1_1;RLM6;;;1.0;;1.0;0.0;;REF697
REC10620;SP1172;JPN.1_1;RLM6;;;1.0;;1.0;0.0;;REF1096
REC10621;SP1172;JPN.1_1;RLM6;0.0;0.0;;;1.0;0.0;;REF1195
REC10622;SP1172;AUS.1_1;RLM2;;;1.0;;1.0;0.0;;REF697
REC10623;SP1172;JPN.1_1;RLM10;;;1.0;;1.0;0.0;;REF697
REC10624;SP1172;NZL.1_1;RLM2;;;1.0;;1.0;0.0;;REF697
REC10625;SP1172;CHL.1_1;RLM1;;;1.0;;1.0;0.0;1810.0;REF1096
REC10626;SP1172;JPN.1_1;RLM10;;;1.0;;1.0;0.0;;REF1096
REC10627;SP1172;NZL.1_1;RLM2;;;1.0;;1.0;0.0;1926.0;REF1096
REC10628;SP1172;BGR.1_1;RLM11;;;1.0;;1.0;0.0;;REF542
REC10629;SP1172;JPN.1_1;RLM10;;;1.0;;1.0;0.0;;REF542
REC10630;SP1172;IRL.1_1;RLM11;;;1.0;;1.0;0.0;;REF542
REC10631;SP1172;BLR.1_1;RLM11;;;1.0;;1.0;0.0;;REF542
REC10632;SP1172;DNK.1_1;RLM11;;;1.0;;1.0;0.0;;REF542
REC10633;SP1172;FRA.1_1;RLM11;;;1.0;;1.0;0.0;;REF542
REC10634;SP1172;MNG.1_1;RLM11;;;1.0;;1.0;0.0;;REF542
REC10635;SP1172;EST.1_1;RLM11;;;1.0;;1.0;0.0;;REF542
REC10636;SP1172;BLR.1_1;RLM11;;;;;1.0;0.0;;REF957
REC10637;SP1172;BGR.1_1;RLM11;;;;;1.0;0.0;;REF957
REC10638;SP1172;DNK.1_1;RLM11;;;;;1.0;0.0;;REF957
REC10639;SP1172;FRA.1_1;RLM11;;;;;1.0;0.0;;REF957
REC10640;SP1172;SWE.1_1;RLM11;;;;;1.0;0.0;1794.0;REF957
REC10641;SP1172;CZE.1_1;RLM11;;;;;1.0;0.0;;REF957
REC10642;SP1172;DEU.1_1;RLM11;;;;;1.0;0.0;1800.0;REF957
REC10643;SP1172;IRL.1_1;RLM11;;;;;1.0;0.0;;REF957
REC10644;SP1172;NLD.1_1;RLM11;;;;;1.0;0.0;1850.0;REF957
REC10645;SP1172;SVK.1_1;RLM11;;;;;1.0;0.0;1900.0;REF957
REC10646;SP1172;CZE.1_1;RLM11;;;1.0;;1.0;0.0;1850.0;REF152
REC10647;SP1172;DNK.1_1;RLM11;;;;;1.0;0.0;;REF152
REC10648;SP1172;EST.1_1;RLM11;;;1.0;;1.0;0.0;1924.0;REF152
REC10649;SP1172;DEU.1_1;RLM11;;;1.0;;1.0;0.0;;REF152
REC10650;SP1172;NLD.1_1;RLM11;;;1.0;;1.0;0.0;1850.0;REF152
REC10651;SP1172;SVK.1_1;RLM11;;;1.0;;1.0;0.0;1900.0;REF152
REC10652;SP1172;SWE.1_1;RLM11;;;1.0;;1.0;0.0;1794.0;REF152
REC10653;SP1172;AUS.1_1;RLM2;;;;;1.0;0.0;;REF152
REC10654;SP1172;NZL.1_1;RLM2;;;1.0;;1.0;0.0;1926.0;REF152
REC10655;SP1172;USA.1_1;RLM9;;0.0;1.0;;1.0;0.0;1565.0;REF1007
REC10656;SP1172;USA.1_1;RLM9;0.0;0.0;;;1.0;0.0;;REF1195
REC10657;SP1172;JPN.1_1;RLM10;0.0;0.0;;;1.0;0.0;;REF1195
REC10658;SP1172;BLR.1_1;RLM11;1.0;0.0;;;1.0;0.0;;REF683
REC10659;SP1172;BGR.1_1;RLM11;1.0;0.0;;;1.0;0.0;;REF683
REC10660;SP1172;CZE.1_1;RLM11;1.0;0.0;;;1.0;0.0;;REF683
REC10661;SP1172;DNK.1_1;RLM11;1.0;0.0;;;1.0;0.0;;REF683
REC10662;SP1172;EST.1_1;RLM11;1.0;0.0;;;1.0;0.0;;REF683
REC10663;SP1172;FRA.1_1;RLM11;1.0;0.0;;;1.0;0.0;;REF683
REC10664;SP1172;DEU.1_1;RLM11;1.0;0.0;;;1.0;0.0;;REF683
REC10665;SP1172;NLD.1_1;RLM11;1.0;0.0;;;1.0;0.0;;REF683
REC10666;SP1172;IRL.1_1;RLM11;1.0;0.0;;;1.0;0.0;;REF683
REC10667;SP1172;SVK.1_1;RLM11;1.0;0.0;;;1.0;0.0;;REF683
REC10668;SP1172;SWE.1_1;RLM11;1.0;0.0;;;1.0;0.0;;REF683
REC10669;SP1172;VEN.1_1;RLM1;0.0;0.0;1.0;;1.0;0.0;;REF912
REC10670;SP1172;BGR.1_1;RLM11;0.0;0.0;1.0;;;0.0;1900.0;REF1073
REC10671;SP1172;JPN.1_1;RLM10;0.0;0.0;1.0;;1.0;0.0;;REF812
REC10672;SP1172;USA.1_1;RLM9;0.0;0.0;1.0;;1.0;0.0;;REF1002
REC10673;SP1173;USA.2_1;RLM9;;;1.0;;1.0;0.0;;REF697
REC10674;SP1173;USA.2_1;RLM9;;1.0;1.0;;1.0;0.0;1902.0;REF1096
REC10675;SP1173;USA.2_1;RLM9;0.0;1.0;1.0;;1.0;0.0;;REF1007
REC10676;SP1173;USA.2_1;RLM9;1.0;1.0;;;1.0;0.0;;REF1195
REC10677;SP1174;JPN.1_1;RLM10;;;1.0;;1.0;0.0;;REF697
REC10678;SP1174;JPN.1_1;RLM10;;;1.0;;1.0;0.0;2013.0;REF1096
REC10679;SP1174;JPN.1_1;RLM10;0.0;0.0;;;1.0;0.0;;REF1195
REC10680;SP1175;USA.1_1;RLM9;0.0;0.0;1.0;0.0;0.0;1.0;;REF1002
REC10681;SP1176;USA.2_1;RLM9;0.0;0.0;;;1.0;;;REF47
REC10682;SP1176;USA.2_1;RLM9;;0.0;1.0;;1.0;0.0;2019.0;REF1007
REC10683;SP1176;USA.1_1;RLM9;;0.0;1.0;;1.0;0.0;;REF1007
REC10684;SP1176;USA.1_1;RLM9;0.0;0.0;1.0;0.0;1.0;0.0;;REF1002
REC10685;SP1177;NZL.1_1;RLM2;;;1.0;;1.0;0.0;;REF697
REC10686;SP1177;NZL.1_1;RLM2;;;1.0;;1.0;0.0;1909.0;REF1096
REC10687;SP1177;NZL.1_1;RLM2;1.0;;;;1.0;0.0;;REF494
REC10688;SP1178;CAN.1_1;RLM9;;0.0;;;1.0;0.0;;REF1002
REC10689;SP1179;USA.2_1;RLM9;;;1.0;;1.0;0.0;;REF1096
REC10690;SP1180;USA.2_1;RLM9;;;1.0;;1.0;0.0;1947.0;REF1096
REC10691;SP1180;USA.2_1;RLM9;0.0;0.0;;;1.0;0.0;;REF1195
REC10692;SP1181;USA.2_1;RLM9;0.0;;1.0;;1.0;0.0;;REF47
REC10693;SP1181;ECU.2_1;RLM1;;;1.0;;1.0;0.0;;REF697
REC10694;SP1181;ECU.2_1;RLM1;;;1.0;;1.0;0.0;1966.0;REF1096
REC10695;SP1181;USA.2_1;RLM9;;;1.0;;1.0;0.0;;REF697
REC10696;SP1181;USA.2_1;RLM9;;;1.0;;1.0;0.0;1944.0;REF1096
REC10697;SP1181;USA.2_1;RLM9;;0.0;1.0;;1.0;0.0;;REF1007
REC10698;SP1181;USA.2_1;RLM9;0.0;0.0;;;1.0;0.0;;REF1195
REC10699;SP1182;CAN.1_1;RLM9;0.0;0.0;1.0;;1.0;0.0;;REF1002
REC10700;SP1182;AUS.1_1;RLM2;;;1.0;;1.0;0.0;;REF697
REC10701;SP1182;JPN.1_1;RLM10;;;1.0;;1.0;0.0;;REF697
REC10702;SP1182;KOR.1_1;RLM11;;;1.0;;1.0;0.0;;REF697
REC10703;SP1182;NZL.1_1;RLM2;;;1.0;;1.0;0.0;;REF697
REC10704;SP1182;JPN.1_1;RLM10;;;1.0;;1.0;0.0;;REF1096
REC10705;SP1182;KOR.1_1;RLM11;;;1.0;;1.0;0.0;;REF1096
REC10706;SP1182;NZL.1_1;RLM2;;;1.0;;1.0;0.0;1909.0;REF1096
REC10707;SP1182;IRL.1_1;RLM11;;;1.0;;1.0;0.0;;REF542
REC10708;SP1182;JPN.1_1;RLM10;;;1.0;;1.0;0.0;;REF542
REC10709;SP1182;FRA.1_1;RLM11;;;1.0;;1.0;0.0;;REF542
REC10710;SP1182;CYP.1_1;RLM8;;;1.0;;1.0;0.0;;REF542
REC10711;SP1182;BGR.1_1;RLM11;;;1.0;;1.0;0.0;;REF542
REC10712;SP1182;USA.1_1;RLM9;;0.0;1.0;;1.0;0.0;1841.0;REF1007
REC10713;SP1182;USA.1_1;RLM9;0.0;0.0;;;1.0;0.0;;REF1195
REC10714;SP1182;JPN.1_1;RLM10;0.0;0.0;;;1.0;0.0;;REF1195
REC10715;SP1182;ALB.1_1;RLM11;0.0;0.0;1.0;;1.0;0.0;;REF683
REC10716;SP1182;AUT.1_1;RLM11;0.0;0.0;1.0;;1.0;0.0;;REF683
REC10717;SP1182;BLR.1_1;RLM11;0.0;0.0;1.0;;1.0;0.0;;REF683
REC10718;SP1182;BEL.1_1;RLM11;0.0;0.0;1.0;;1.0;0.0;;REF683
REC10719;SP1182;BGR.1_1;RLM11;0.0;0.0;1.0;;1.0;0.0;;REF683
REC10720;SP1182;HRV.1_1;RLM11;0.0;0.0;1.0;;1.0;0.0;;REF683
REC10721;SP1182;CYP.1_1;RLM8;0.0;0.0;1.0;;1.0;0.0;;REF683
REC10722;SP1182;CZE.1_1;RLM11;0.0;0.0;1.0;;1.0;0.0;;REF683
REC10723;SP1182;DNK.1_1;RLM11;0.0;0.0;1.0;;1.0;0.0;;REF683
REC10724;SP1182;EST.1_1;RLM11;0.0;0.0;1.0;;1.0;0.0;;REF683
REC10725;SP1182;FIN.1_1;RLM11;0.0;0.0;1.0;;1.0;0.0;;REF683
REC10726;SP1182;FRA.1_1;RLM11;0.0;0.0;1.0;;1.0;0.0;;REF683
REC10727;SP1182;DEU.1_1;RLM11;0.0;0.0;1.0;;1.0;0.0;;REF683
REC10728;SP1182;GRC.2_1;RLM11;0.0;0.0;1.0;;1.0;0.0;;REF683
REC10729;SP1182;ITA.2_1;RLM11;0.0;0.0;1.0;;1.0;0.0;;REF683
REC10730;SP1182;LVA.1_1;RLM11;0.0;0.0;1.0;;1.0;0.0;;REF683
REC10731;SP1182;LTU.1_1;RLM11;0.0;0.0;1.0;;1.0;0.0;;REF683
REC10732;SP1182;LUX.1_1;RLM11;0.0;0.0;1.0;;1.0;0.0;;REF683
REC10733;SP1182;NLD.1_1;RLM11;0.0;0.0;1.0;;1.0;0.0;;REF683
REC10734;SP1182;NOR.1_1;RLM11;0.0;0.0;1.0;;1.0;0.0;;REF683
REC10735;SP1182;POL.1_1;RLM11;0.0;0.0;1.0;;1.0;0.0;;REF683
REC10736;SP1182;PRT.2_1;RLM11;0.0;0.0;1.0;;1.0;0.0;;REF683
REC10737;SP1182;IRL.1_1;RLM11;0.0;0.0;1.0;;1.0;0.0;;REF683
REC10738;SP1182;SVK.1_1;RLM11;0.0;0.0;1.0;;1.0;0.0;;REF683
REC10739;SP1182;SVN.1_1;RLM11;0.0;0.0;1.0;;1.0;0.0;;REF683
REC10740;SP1182;SWE.1_1;RLM11;0.0;0.0;1.0;;1.0;0.0;;REF683
REC10741;SP1182;CHE.1_1;RLM11;0.0;0.0;1.0;;1.0;0.0;;REF683
REC10742;SP1182;GBR.1_1;RLM11;0.0;0.0;1.0;;1.0;0.0;;REF683
REC10743;SP1182;GBR.1_1;RLM11;0.0;0.0;1.0;;1.0;0.0;;REF683
REC10744;SP1182;BGR.1_1;RLM11;0.0;0.0;1.0;;;0.0;1860.0;REF1073
REC10745;SP1182;CYP.1_1;RLM8;1.0;0.0;;;1.0;0.0;2010.0;REF261
REC10746;SP1182;JPN.1_1;RLM10;0.0;0.0;1.0;;1.0;0.0;;REF812
REC10747;SP1182;FRA.2_1;RLM11;0.0;0.0;1.0;;1.0;0.0;;REF683
REC10748;SP1182;USA.1_1;RLM9;0.0;0.0;1.0;;1.0;0.0;;REF1002
REC10749;SP1183;ECU.2_1;RLM1;;;1.0;;1.0;0.0;2016.0;REF1096
REC10750;SP1183;USA.2_1;RLM9;;;1.0;;1.0;0.0;;REF697
REC10751;SP1183;USA.2_1;RLM9;;;1.0;;1.0;0.0;1940.0;REF1096
REC10752;SP1183;USA.2_1;RLM9;;0.0;1.0;;1.0;0.0;;REF1007
REC10753;SP1183;USA.2_1;RLM9;0.0;0.0;;;1.0;0.0;;REF1195
REC10754;SP1183;GUM.1_1;RLM5;0.0;0.0;1.0;;1.0;0.0;;REF1000
REC10755;SP1183;CHL.1_1;RLM1;;;1.0;;1.0;0.0;1982.0;REF1096
REC10756;SP1183;ARE.1_1;RLM8;;;1.0;;1.0;0.0;;REF542
REC10757;SP1184;ISR.1_1;RLM8;0.0;0.0;1.0;;1.0;0.0;2003.0;REF628
REC10758;SP1185;CYP.1_1;RLM8;0.0;0.0;1.0;;1.0;0.0;2019.0;REF261
REC10759;SP1186;USA.2_1;RLM9;;;1.0;;1.0;0.0;;REF697
REC10760;SP1186;USA.2_1;RLM9;;;1.0;;1.0;0.0;1913.0;REF1096
REC10761;SP1186;USA.2_1;RLM9;;0.0;1.0;;1.0;0.0;;REF1007
REC10762;SP1186;USA.2_1;RLM9;0.0;0.0;;;1.0;0.0;;REF1195
REC10763;SP1187;AUS.1_1;RLM2;;;1.0;;1.0;0.0;;REF697
REC10764;SP1187;AUS.1_1;RLM2;0.0;1.0;1.0;0.0;1.0;0.0;;REF506
REC10765;SP1187;ZAF.1_1;RLM3;0.0;1.0;1.0;0.0;1.0;0.0;;REF506
REC10766;SP1188;IND.1_1;RLM6;;;;;1.0;0.0;;REF330
REC10767;SP1188;BRA.1_1;RLM1;;;;;1.0;0.0;;REF330
REC10768;SP1188;ESP.3_1;RLM11;;;;;1.0;0.0;;REF330
REC10769;SP1188;ESP.3_1;RLM11;0.0;0.0;1.0;;1.0;0.0;;REF683
REC10770;SP1188;ESP.2_1;RLM11;;;;;1.0;0.0;;REF330
REC10771;SP1188;BRA.1_1;RLM1;;;;;1.0;0.0;;REF330
REC10772;SP1188;IND.1_1;RLM6;;;;;1.0;0.0;;REF330
REC10773;SP1188;FRA.2_1;RLM11;;;;;1.0;0.0;;REF330
REC10774;SP1188;FRA.2_1;RLM11;0.0;0.0;1.0;;1.0;0.0;;REF683
REC10775;SP1188;GRC.2_1;RLM11;;;;;1.0;0.0;;REF330
REC10776;SP1188;IND.1_1;RLM6;;;;;1.0;0.0;;REF330
REC10777;SP1188;BRA.1_1;RLM1;;;;;1.0;0.0;;REF330
REC10778;SP1188;RUS.1_2;RLM11;;;;;0.0;0.0;;REF330
REC10779;SP1188;GBR.1_1;RLM11;;;;;1.0;0.0;;REF330
REC10780;SP1188;BRA.1_1;RLM1;;;;;1.0;0.0;;REF330
REC10781;SP1188;ECU.2_1;RLM1;;;1.0;;1.0;0.0;;REF697
REC10782;SP1188;ECU.2_1;RLM1;;;1.0;;1.0;0.0;2002.0;REF1096
REC10783;SP1188;BRA.1_1;RLM1;;;;;1.0;0.0;;REF330
REC10784;SP1188;GBR.1_1;RLM11;;;;;1.0;0.0;;REF330
REC10785;SP1188;IND.1_1;RLM6;;;;;1.0;0.0;;REF330
REC10786;SP1188;IND.1_1;RLM6;;;;;1.0;0.0;;REF330
REC10787;SP1188;IND.1_1;RLM6;;;;;1.0;0.0;;REF330
REC10788;SP1188;IND.1_1;RLM6;;;;;1.0;0.0;;REF330
REC10789;SP1188;IND.1_1;RLM6;;;;;1.0;0.0;;REF330
REC10790;SP1188;IND.1_1;RLM6;;;;;1.0;0.0;;REF330
REC10791;SP1188;IND.1_1;RLM6;;;;;1.0;0.0;;REF330
REC10792;SP1188;BRA.1_1;RLM1;;;;;1.0;0.0;;REF330
REC10793;SP1188;IND.1_1;RLM6;;;;;1.0;0.0;;REF330
REC10794;SP1188;BRA.1_1;RLM1;;;;;1.0;0.0;;REF330
REC10795;SP1188;BRA.1_1;RLM1;;;;;1.0;0.0;;REF330
REC10796;SP1188;BRA.1_1;RLM1;;;;;1.0;0.0;;REF330
REC10797;SP1188;IND.1_1;RLM6;;;;;1.0;0.0;;REF330
REC10798;SP1188;IND.1_1;RLM6;;;;;1.0;0.0;;REF330
REC10799;SP1188;BRA.1_1;RLM1;;;;;1.0;0.0;;REF330
REC10800;SP1188;BRA.1_1;RLM1;;;;;1.0;0.0;;REF330
REC10801;SP1188;BRA.1_1;RLM1;;;;;1.0;0.0;;REF330
REC10802;SP1188;BRA.1_1;RLM1;;;;;1.0;0.0;;REF330
REC10803;SP1188;ITA.2_1;RLM11;;;;;1.0;0.0;;REF330
REC10804;SP1188;ITA.2_1;RLM11;;;;;1.0;0.0;;REF330
REC10805;SP1188;ITA.2_1;RLM11;0.0;0.0;1.0;;1.0;0.0;;REF683
REC10806;SP1188;RUS.1_1;RLM11;;;;;1.0;0.0;;REF330
REC10807;SP1188;IND.1_1;RLM6;;;;;1.0;0.0;;REF330
REC10808;SP1188;IND.1_1;RLM6;;;;;1.0;0.0;;REF330
REC10809;SP1188;IND.1_1;RLM6;;;;;1.0;0.0;;REF330
REC10810;SP1188;CHN.1_1;RLM11;;;;;1.0;0.0;;REF330
REC10811;SP1188;ZAF.1_1;RLM3;;;1.0;;1.0;0.0;;REF697
REC10812;SP1188;CHL.1_1;RLM1;;;1.0;;1.0;0.0;1935.0;REF1096
REC10813;SP1188;ZAF.1_1;RLM3;;;1.0;;1.0;0.0;2016.0;REF1096
REC10814;SP1188;TUR.1_1;RLM11;;;1.0;;1.0;0.0;;REF542
REC10815;SP1188;IRQ.1_1;RLM8;;;1.0;;1.0;0.0;;REF542
REC10816;SP1188;GBR.1_1;RLM11;;;1.0;;1.0;0.0;;REF542
REC10817;SP1188;NOR.1_1;RLM11;;;1.0;;1.0;0.0;;REF542
REC10818;SP1188;ARE.1_1;RLM8;;;1.0;;1.0;0.0;;REF542
REC10819;SP1188;NPL.1_1;RLM10;;;1.0;;1.0;0.0;;REF542
REC10820;SP1188;SEN.1_1;RLM3;;;1.0;;1.0;0.0;;REF542
REC10821;SP1188;SVN.1_1;RLM11;;;1.0;;1.0;0.0;;REF542
REC10822;SP1188;CYP.1_1;RLM8;;;1.0;;1.0;0.0;;REF542
REC10823;SP1188;FRA.1_1;RLM11;;;1.0;;1.0;0.0;;REF542
REC10824;SP1188;DZA.1_1;RLM8;;;;;1.0;0.0;;REF330
REC10825;SP1188;AGO.1_1;RLM3;;;;;1.0;0.0;;REF330
REC10826;SP1188;BEN.1_1;RLM3;;;;;1.0;0.0;;REF330
REC10827;SP1188;BWA.1_1;RLM3;;;;;1.0;0.0;;REF330
REC10828;SP1188;BFA.1_1;RLM3;;;;;1.0;0.0;;REF330
REC10829;SP1188;BDI.1_1;RLM3;;;;;1.0;0.0;;REF330
REC10830;SP1188;CIV.1_1;RLM3;;;;;1.0;0.0;;REF330
REC10831;SP1188;EGY.1_1;RLM8;;;;;1.0;0.0;;REF330
REC10832;SP1188;ETH.1_1;RLM3;;;;;1.0;0.0;;REF330
REC10833;SP1188;GHA1_1;RLM3;;;;;1.0;0.0;;REF330
REC10834;SP1188;KEN.1_1;RLM3;;;;;1.0;0.0;;REF330
REC10835;SP1188;LSO.1_1;RLM3;;;;;1.0;0.0;;REF330
REC10836;SP1188;LBY.1_1;RLM8;;;;;1.0;0.0;;REF330
REC10837;SP1188;MAR.1_1;RLM8;;;;;1.0;0.0;;REF330
REC10838;SP1188;MOZ.1_1;RLM3;;;;;1.0;0.0;;REF330
REC10839;SP1188;NER.1_1;RLM3;;;;;1.0;0.0;;REF330
REC10840;SP1188;NGA.1_1;RLM3;;;;;1.0;0.0;;REF330
REC10841;SP1188;RWA.1_1;RLM3;;;;;1.0;0.0;;REF330
REC10842;SP1188;SEN.1_1;RLM3;;;;;1.0;0.0;;REF330
REC10843;SP1188;ZAF.1_1;RLM3;;;;;1.0;0.0;;REF330
REC10844;SP1188;SDN.1_1;RLM3;;;;;1.0;0.0;;REF330
REC10845;SP1188;TZA.1_1;RLM3;;;;;1.0;0.0;;REF330
REC10846;SP1188;TGO.1_1;RLM3;;;;;1.0;0.0;;REF330
REC10847;SP1188;TUN.1_1;RLM8;;;;;1.0;0.0;;REF330
REC10848;SP1188;UGA.1_1;RLM3;;;;;1.0;0.0;;REF330
REC10849;SP1188;ZMB.1_1;RLM3;;;;;1.0;0.0;;REF330
REC10850;SP1188;ZWE.1_1;RLM3;;;;;1.0;0.0;;REF330
REC10851;SP1188;ARG.1_1;RLM1;;;;;1.0;0.0;;REF330
REC10852;SP1188;BOL.1_1;RLM1;;;;;1.0;0.0;;REF330
REC10853;SP1188;BRA.1_1;RLM1;;;;;1.0;0.0;;REF330
REC10854;SP1188;CHL.1_1;RLM1;;;;;1.0;0.0;;REF330
REC10855;SP1188;COL.1_1;RLM1;;;;;1.0;0.0;;REF330
REC10856;SP1188;CRI.1_1;RLM7;;;;;1.0;0.0;;REF330
REC10857;SP1188;ECU.1_1;RLM1;;;;;1.0;0.0;;REF330
REC10858;SP1188;HTI.1_1;RLM7;;;;;1.0;0.0;;REF330
REC10859;SP1188;PAN.1_1;RLM7;;;;;1.0;0.0;;REF330
REC10860;SP1188;PRY.1_1;RLM1;;;;;1.0;0.0;;REF330
REC10861;SP1188;URY.1_1;RLM1;;;;;1.0;0.0;;REF330
REC10862;SP1188;VEN.1_1;RLM1;;;;;1.0;0.0;;REF330
REC10863;SP1188;AFG.1_1;RLM8;;;;;1.0;0.0;;REF330
REC10864;SP1188;BHR.1_1;RLM8;;;;;0.0;0.0;;REF330
REC10865;SP1188;BGD.1_1;RLM6;;;;;1.0;0.0;;REF330
REC10866;SP1188;CHN.1_1;RLM11;;;;;1.0;0.0;;REF330
REC10867;SP1188;IND.1_1;RLM6;;;;;1.0;0.0;;REF330
REC10868;SP1188;IRN.1_1;RLM8;;;;;1.0;0.0;;REF330
REC10869;SP1188;IRQ.1_1;RLM8;;;;;1.0;0.0;;REF330
REC10870;SP1188;ISR.1_1;RLM8;;;;;1.0;0.0;;REF330
REC10871;SP1188;JOR.1_1;RLM8;;;;;1.0;0.0;;REF330
REC10872;SP1188;KWT.1_1;RLM8;;;;;0.0;0.0;;REF330
REC10873;SP1188;KGZ.1_1;RLM11;;;;;1.0;0.0;;REF330
REC10874;SP1188;LBN.1_1;RLM8;;;;;0.0;0.0;;REF330
REC10875;SP1188;NPL.1_1;RLM10;;;;;1.0;0.0;;REF330
REC10876;SP1188;PAK.1_1;RLM6;;;;;1.0;0.0;;REF330
REC10877;SP1188;QAT.1_1;RLM8;;;;;1.0;0.0;;REF330
REC10878;SP1188;SAU.1_1;RLM8;;;;;1.0;0.0;;REF330
REC10879;SP1188;SYR.1_1;RLM8;;;;;1.0;0.0;;REF330
REC10880;SP1188;TJK.1_1;RLM11;;;;;1.0;0.0;;REF330
REC10881;SP1188;TKM.1_1;RLM11;;;;;1.0;0.0;;REF330
REC10882;SP1188;ARE.1_1;RLM8;;;;;1.0;0.0;;REF330
REC10883;SP1188;UZB.1_1;RLM11;;;;;1.0;0.0;;REF330
REC10884;SP1188;YEM.1_1;RLM8;;;;;1.0;0.0;;REF330
REC10885;SP1188;ALB.1_1;RLM11;;;;;1.0;0.0;;REF330
REC10886;SP1188;AUT.1_1;RLM11;;;;;1.0;0.0;;REF330
REC10887;SP1188;BEL.1_1;RLM11;;;;;1.0;0.0;;REF330
REC10888;SP1188;BIH.1_1;RLM11;;;;;1.0;0.0;;REF330
REC10889;SP1188;BGR.1_1;RLM11;;;;;1.0;0.0;;REF330
REC10890;SP1188;HRV.1_1;RLM11;;;;;1.0;0.0;;REF330
REC10891;SP1188;CYP.1_1;RLM8;;;;;1.0;0.0;;REF330
REC10892;SP1188;CZE.1_1;RLM11;;;;;1.0;0.0;;REF330
REC10893;SP1188;FRA.1_1;RLM11;;;;;1.0;0.0;;REF330
REC10894;SP1188;GEO.1_1;RLM11;;;;;1.0;0.0;;REF330
REC10895;SP1188;DEU.1_1;RLM11;;;;;0.0;0.0;;REF330
REC10896;SP1188;GRC.1_1;RLM11;;;;;1.0;0.0;;REF330
REC10897;SP1188;HUN.1_1;RLM11;;;;;1.0;0.0;;REF330
REC10898;SP1188;ITA.1_1;RLM11;;;;;1.0;0.0;;REF330
REC10899;SP1188;LTU.1_1;RLM11;;;;;1.0;0.0;;REF330
REC10900;SP1188;MLT.1_1;RLM8;;;;;1.0;0.0;;REF330
REC10901;SP1188;MNE.1_1;RLM11;;;;;1.0;0.0;;REF330
REC10902;SP1188;NLD.1_1;RLM11;;;;;1.0;0.0;;REF330
REC10903;SP1188;NOR.1_1;RLM11;;;;;1.0;0.0;;REF330
REC10904;SP1188;PRT.1_1;RLM11;;;;;1.0;0.0;;REF330
REC10905;SP1188;ROU.1_1;RLM11;;;;;1.0;0.0;;REF330
REC10906;SP1188;RUS.1_2;RLM11;;;;;1.0;0.0;;REF330
REC10907;SP1188;SRB.1_1;RLM11;;;;;1.0;0.0;;REF330
REC10908;SP1188;SVN.1_1;RLM11;;;;;1.0;0.0;;REF330
REC10909;SP1188;ESP.1_1;RLM11;;;;;1.0;0.0;;REF330
REC10910;SP1188;CHE.1_1;RLM11;;;;;1.0;0.0;;REF330
REC10911;SP1188;TUR.1_1;RLM11;;;;;1.0;0.0;;REF330
REC10912;SP1188;UKR.1_1;RLM11;;;;;1.0;0.0;;REF330
REC10913;SP1188;GBR.1_1;RLM11;;;;;1.0;0.0;;REF330
REC10914;SP1188;ALB.1_1;RLM11;;;1.0;;1.0;0.0;2009.0;REF957
REC10915;SP1188;BGR.1_1;RLM11;;;1.0;;1.0;0.0;2009.0;REF957
REC10916;SP1188;CYP.1_1;RLM8;;;1.0;;1.0;0.0;2009.0;REF957
REC10917;SP1188;FRA.1_1;RLM11;;;1.0;;1.0;0.0;2008.0;REF957
REC10918;SP1188;GBR.1_1;RLM11;;;1.0;;1.0;0.0;2007.0;REF957
REC10919;SP1188;GRC.1_1;RLM11;;;1.0;;1.0;0.0;2009.0;REF957
REC10920;SP1188;ISR.1_1;RLM8;;;1.0;;1.0;0.0;2009.0;REF957
REC10921;SP1188;ITA.2_1;RLM11;;;1.0;;1.0;0.0;2008.0;REF957
REC10922;SP1188;LTU.1_1;RLM11;;;1.0;;1.0;0.0;2009.0;REF957
REC10923;SP1188;NLD.1_1;RLM11;;;1.0;;1.0;0.0;2009.0;REF957
REC10924;SP1188;RUS.1_1;RLM11;;;1.0;;1.0;0.0;2010.0;REF957
REC10925;SP1188;ESP.3_1;RLM11;;;1.0;;1.0;0.0;2006.0;REF957
REC10926;SP1188;ESP.1_1;RLM11;;;1.0;;1.0;0.0;2006.0;REF957
REC10927;SP1188;AUT.1_1;RLM11;;;1.0;;1.0;0.0;2010.0;REF957
REC10928;SP1188;HRV.1_1;RLM11;;;1.0;;1.0;0.0;2009.0;REF957
REC10929;SP1188;FRA.2_1;RLM11;;;1.0;;1.0;0.0;2006.0;REF957
REC10930;SP1188;DEU.1_1;RLM11;;;1.0;;1.0;0.0;2009.0;REF957
REC10931;SP1188;GRC.2_1;RLM11;;;1.0;;1.0;0.0;2009.0;REF957
REC10932;SP1188;HUN.1_1;RLM11;;;1.0;;1.0;0.0;2010.0;REF957
REC10933;SP1188;ITA.2_1;RLM11;;;1.0;;1.0;0.0;2008.0;REF957
REC10934;SP1188;ITA.1_1;RLM11;;;1.0;;1.0;0.0;2008.0;REF957
REC10935;SP1188;MLT.1_1;RLM8;;;1.0;;1.0;0.0;2009.0;REF957
REC10936;SP1188;PRT.1_1;RLM11;;;1.0;;1.0;0.0;2009.0;REF957
REC10937;SP1188;SVN.1_1;RLM11;;;1.0;;1.0;0.0;2009.0;REF957
REC10938;SP1188;ESP.1_1;RLM11;;;1.0;;1.0;0.0;2008.0;REF957
REC10939;SP1188;CHE.1_1;RLM11;;;1.0;;1.0;0.0;2009.0;REF957
REC10940;SP1188;ALB.1_1;RLM11;0.0;0.0;1.0;;1.0;0.0;;REF683
REC10941;SP1188;BGR.1_1;RLM11;0.0;0.0;1.0;;1.0;0.0;;REF683
REC10942;SP1188;FRA.1_1;RLM11;0.0;0.0;1.0;;1.0;0.0;;REF683
REC10943;SP1188;ITA.1_1;RLM11;0.0;0.0;1.0;;1.0;0.0;;REF683
REC10944;SP1188;LTU.1_1;RLM11;0.0;0.0;1.0;;1.0;0.0;;REF683
REC10945;SP1188;MLT.1_1;RLM8;0.0;0.0;1.0;;1.0;0.0;;REF683
REC10946;SP1188;SVN.1_1;RLM11;0.0;0.0;1.0;;1.0;0.0;;REF683
REC10947;SP1188;ESP.1_1;RLM11;0.0;0.0;1.0;;1.0;0.0;;REF683
REC10948;SP1188;CHE.1_1;RLM11;0.0;0.0;1.0;;1.0;0.0;;REF683
REC10949;SP1188;SRB.1_1;RLM11;0.0;0.0;1.0;;1.0;0.0;;REF911
REC10950;SP1188;GEO.1_1;RLM11;0.0;0.0;1.0;;1.0;0.0;;REF911
REC10951;SP1188;GRC.1_1;RLM11;0.0;0.0;1.0;;1.0;0.0;2006.0;REF911
REC10952;SP1188;TUN.1_1;RLM8;0.0;0.0;1.0;1.0;1.0;0.0;2008.0;REF979
REC10953;SP1188;AFG.1_1;RLM8;0.0;0.0;1.0;;1.0;0.0;2015.0;REF522
REC10954;SP1188;ALB.1_1;RLM11;0.0;0.0;1.0;;1.0;0.0;2009.0;REF522
REC10955;SP1188;BHR.1_1;RLM8;0.0;0.0;1.0;;1.0;0.0;2009.0;REF522
REC10956;SP1188;BGD.1_1;RLM6;0.0;0.0;1.0;;1.0;0.0;2016.0;REF522
REC10957;SP1188;BIH.1_1;RLM11;0.0;0.0;1.0;;1.0;0.0;2010.0;REF522
REC10958;SP1188;BGR.1_1;RLM11;0.0;0.0;1.0;;1.0;0.0;2010.0;REF522
REC10959;SP1188;CRI.1_1;RLM7;0.0;0.0;1.0;;1.0;0.0;2014.0;REF522
REC10960;SP1188;HRV.1_1;RLM11;0.0;0.0;1.0;;1.0;0.0;2010.0;REF522
REC10961;SP1188;CYP.1_1;RLM8;0.0;0.0;1.0;;1.0;0.0;2010.0;REF522
REC10962;SP1188;CZE.1_1;RLM11;0.0;0.0;1.0;;1.0;0.0;2013.0;REF522
REC10963;SP1188;ETH.1_1;RLM3;0.0;0.0;1.0;;1.0;0.0;2012.0;REF522
REC10964;SP1188;GMB.1_1;RLM3;0.0;0.0;1.0;;1.0;0.0;2013.0;REF522
REC10965;SP1188;GEO.1_1;RLM11;0.0;0.0;1.0;;1.0;0.0;2011.0;REF522
REC10966;SP1188;DEU.1_1;RLM11;0.0;0.0;1.0;;1.0;0.0;2010.0;REF522
REC10967;SP1188;GIN.1_1;RLM3;0.0;0.0;1.0;;1.0;0.0;2015.0;REF522
REC10968;SP1188;HUN.1_1;RLM11;0.0;0.0;1.0;;1.0;0.0;2010.0;REF522
REC10969;SP1188;IRN.1_1;RLM8;0.0;0.0;1.0;;1.0;0.0;2010.0;REF522
REC10970;SP1188;IRQ.1_1;RLM8;0.0;0.0;1.0;;1.0;0.0;2009.0;REF522
REC10971;SP1188;JOR.1_1;RLM8;0.0;0.0;1.0;;1.0;0.0;2009.0;REF522
REC10972;SP1188;KEN.1_1;RLM3;0.0;0.0;1.0;;1.0;0.0;2013.0;REF522
REC10973;SP1188;XKO.1_1;RLM11;0.0;0.0;1.0;;1.0;0.0;2010.0;REF522
REC10974;SP1188;LBN.1_1;RLM8;0.0;0.0;1.0;;1.0;0.0;2010.0;REF522
REC10975;SP1188;LTU.1_1;RLM11;0.0;0.0;1.0;;1.0;0.0;2010.0;REF522
REC10976;SP1188;MLI.1_1;RLM3;0.0;0.0;1.0;;1.0;0.0;2015.0;REF522
REC10977;SP1188;MNE.1_1;RLM11;0.0;0.0;1.0;;1.0;0.0;2011.0;REF522
REC10978;SP1188;NPL.1_1;RLM10;0.0;0.0;1.0;;1.0;0.0;2016.0;REF522
REC10979;SP1188;NER.1_1;RLM3;0.0;0.0;1.0;;1.0;0.0;2012.0;REF522
REC10980;SP1188;OMN.1_1;RLM8;0.0;0.0;1.0;;1.0;0.0;2011.0;REF522
REC10981;SP1188;PAN.1_1;RLM7;0.0;0.0;1.0;;1.0;0.0;2013.0;REF522
REC10982;SP1188;QAT.1_1;RLM8;0.0;0.0;1.0;;1.0;0.0;2010.0;REF522
REC10983;SP1188;ROU.1_1;RLM11;0.0;0.0;1.0;;1.0;0.0;2009.0;REF522
REC10984;SP1188;RUS.1_2;RLM11;0.0;0.0;1.0;;1.0;0.0;2009.0;REF522
REC10985;SP1188;SAU.1_1;RLM8;0.0;0.0;1.0;;1.0;0.0;2009.0;REF522
REC10986;SP1188;SVN.1_1;RLM11;0.0;0.0;1.0;;1.0;0.0;2009.0;REF522
REC10987;SP1188;UKR.1_1;RLM11;0.0;0.0;1.0;;1.0;0.0;2014.0;REF522
REC10988;SP1188;ARE.1_1;RLM8;0.0;0.0;1.0;;1.0;0.0;2010.0;REF522
REC10989;SP1188;UZB.1_1;RLM11;0.0;0.0;1.0;;1.0;0.0;2015.0;REF522
REC10990;SP1188;YEM.1_1;RLM8;0.0;0.0;1.0;;1.0;0.0;2010.0;REF522
REC10991;SP1188;ZMB.1_1;RLM3;0.0;0.0;1.0;;1.0;0.0;2015.0;REF522
REC10992;SP1188;DZA.1_1;RLM8;0.0;0.0;1.0;1.0;1.0;0.0;2008.0;REF900
REC10993;SP1188;FRA.1_1;RLM11;0.0;0.0;1.0;1.0;1.0;0.0;2009.0;REF900
REC10994;SP1188;GRC.1_1;RLM11;0.0;0.0;1.0;1.0;1.0;0.0;2009.0;REF900
REC10995;SP1188;LBY.1_1;RLM8;0.0;0.0;1.0;;1.0;0.0;2009.0;REF900
REC10996;SP1188;MLT.1_1;RLM8;0.0;0.0;1.0;1.0;1.0;0.0;2009.0;REF900
REC10997;SP1188;MAR.1_1;RLM8;0.0;0.0;1.0;1.0;1.0;0.0;2008.0;REF900
REC10998;SP1188;PRT.1_1;RLM11;0.0;0.0;1.0;1.0;1.0;0.0;2009.0;REF900
REC10999;SP1188;CHE.1_1;RLM11;0.0;0.0;1.0;1.0;1.0;0.0;2009.0;REF900
REC11000;SP1188;TUN.1_1;RLM8;0.0;0.0;1.0;1.0;1.0;0.0;2009.0;REF900
REC11001;SP1188;GBR.1_1;RLM11;0.0;0.0;1.0;1.0;1.0;0.0;2009.0;REF900
REC11002;SP1188;TZA.1_1;RLM3;0.0;0.0;1.0;;1.0;0.0;;REF909
REC11003;SP1188;TGO.1_1;RLM3;0.0;0.0;1.0;;1.0;0.0;;REF909
REC11004;SP1188;ZWE.1_1;RLM3;0.0;0.0;1.0;;1.0;0.0;;REF909
REC11005;SP1188;MAR.1_1;RLM8;0.0;0.0;1.0;1.0;1.0;0.0;2008.0;REF838
REC11006;SP1188;ITA.1_1;RLM11;0.0;0.0;1.0;1.0;1.0;0.0;2009.0;REF58
REC11007;SP1188;ESP.1_1;RLM11;0.0;0.0;1.0;0.0;1.0;0.0;2006.0;REF839
REC11008;SP1188;TUR.1_1;RLM11;0.0;0.0;1.0;1.0;1.0;0.0;2009.0;REF839
REC11009;SP1188;ESP.1_1;RLM11;0.0;0.0;1.0;0.0;1.0;0.0;2006.0;REF1103
REC11010;SP1188;ROU.1_1;RLM11;0.0;0.0;1.0;;;0.0;2000.0;REF1073
REC11011;SP1188;NLD.1_1;RLM11;0.0;0.0;1.0;1.0;1.0;0.0;2010.0;REF265
REC11012;SP1188;KGZ.1_1;RLM11;0.0;0.0;1.0;;1.0;0.0;2016.0;REF1105
REC11013;SP1188;TJK.1_1;RLM11;0.0;0.0;1.0;;1.0;0.0;2016.0;REF969
REC11014;SP1188;CYP.1_1;RLM8;0.0;0.0;1.0;;1.0;0.0;2010.0;REF261
REC11015;SP1188;IRN.1_1;RLM8;0.0;0.0;1.0;;1.0;0.0;;REF910
REC11016;SP1188;EGY.1_1;RLM8;0.0;0.0;1.0;;1.0;0.0;2008.0;REF971
REC11017;SP1188;KWT.1_1;RLM8;0.0;0.0;1.0;;1.0;0.0;2010.0;REF551
REC11018;SP1188;KEN.1_1;RLM3;0.0;0.0;1.0;;1.0;0.0;;REF596
REC11019;SP1188;ZAF.1_1;RLM3;0.0;0.0;1.0;;1.0;0.0;2016.0;REF1136
REC11020;SP1188;UGA.1_1;RLM3;0.0;0.0;1.0;;1.0;0.0;2015.0;REF1093
REC11021;SP1188;BWA.1_1;RLM3;0.0;0.0;1.0;;1.0;0.0;2017.0;REF796
REC11022;SP1188;NGA.1_1;RLM3;0.0;0.0;1.0;;1.0;0.0;2015.0;REF13
REC11023;SP1188;TZA.1_1;RLM3;0.0;0.0;1.0;1.0;1.0;0.0;2014.0;REF177
REC11024;SP1188;BFA.1_1;RLM3;0.0;0.0;1.0;;1.0;0.0;2017.0;REF346
REC11025;SP1188;TGO.1_1;RLM3;0.0;0.0;1.0;;1.0;0.0;2019.0;REF346
REC11026;SP1188;SEN.1_1;RLM3;0.0;0.0;1.0;0.0;1.0;0.0;2012.0;REF873
REC11027;SP1188;BDI.1_1;RLM3;0.0;0.0;1.0;;1.0;0.0;2018.0;REF818
REC11028;SP1188;CIV.1_1;RLM3;0.0;0.0;1.0;1.0;1.0;0.0;2020.0;REF612
REC11029;SP1188;IND.1_1;RLM6;0.0;0.0;1.0;;1.0;0.0;2013.0;REF264
REC11030;SP1188;IND.1_1;RLM6;0.0;0.0;1.0;;1.0;0.0;2014.0;REF1034
REC11031;SP1188;NPL.1_1;RLM10;0.0;0.0;1.0;0.0;1.0;0.0;2016.0;REF60
REC11032;SP1188;ISR.1_1;RLM8;0.0;0.0;1.0;1.0;1.0;0.0;2009.0;REF991
REC11033;SP1188;SYR.1_1;RLM8;0.0;0.0;1.0;;1.0;0.0;2009.0;REF991
REC11034;SP1188;TUR.1_1;RLM11;0.0;0.0;1.0;1.0;1.0;0.0;2009.0;REF991
REC11035;SP1189;DEU.1_1;RLM11;;;1.0;;1.0;0.0;;REF542
REC11036;SP1190;USA.1_1;RLM9;0.0;1.0;1.0;0.0;1.0;0.0;;REF1195
REC11037;SP1191;CAN.1_1;RLM9;0.0;1.0;1.0;0.0;1.0;0.0;;REF1002
REC11038;SP1191;AUS.1_1;RLM2;;;1.0;;1.0;0.0;;REF697
REC11039;SP1191;NZL.1_1;RLM2;;;1.0;;1.0;0.0;;REF697
REC11040;SP1191;NZL.1_1;RLM2;0.0;1.0;1.0;;1.0;0.0;1929.0;REF1096
REC11041;SP1191;CAN.1_1;RLM9;;;1.0;;1.0;0.0;;REF542
REC11042;SP1191;USA.1_1;RLM9;;0.0;1.0;;1.0;0.0;;REF1007
REC11043;SP1191;USA.1_1;RLM9;0.0;1.0;1.0;0.0;1.0;0.0;;REF1002
REC11044;SP1192;USA.1_1;RLM9;0.0;1.0;1.0;;1.0;0.0;1993.0;REF1007
REC11045;SP1192;USA.1_1;RLM9;0.0;1.0;1.0;0.0;1.0;0.0;1993.0;REF1002
REC11046;SP1193;ECU.2_1;RLM1;;;1.0;;1.0;0.0;;REF697
REC11047;SP1193;ECU.2_1;RLM1;;;1.0;;1.0;0.0;;REF1096
REC11048;SP1194;NZL.1_1;RLM2;;;1.0;;1.0;0.0;;REF697
REC11049;SP1194;NZL.1_1;RLM2;;;1.0;;1.0;0.0;2001.0;REF1096
REC11050;SP1194;NZL.1_1;RLM2;;;1.0;;1.0;0.0;1992.0;REF152
REC11051;SP1194;NZL.1_1;RLM2;0.0;0.0;1.0;0.0;1.0;0.0;1997.0;REF493
REC11052;SP1194;NZL.1_1;RLM2;0.0;0.0;;;1.0;0.0;1992.0;REF91
REC11053;SP1194;NZL.1_1;RLM2;0.0;0.0;;;1.0;0.0;1992.0;REF1180
REC11054;SP1195;NZL.1_1;RLM2;;;1.0;;1.0;0.0;;REF697
REC11055;SP1195;NZL.1_1;RLM2;;;1.0;;1.0;0.0;1949.0;REF1096
REC11056;SP1196;USA.2_1;RLM9;;;1.0;;1.0;0.0;;REF697
REC11057;SP1196;USA.2_1;RLM9;;;1.0;;1.0;0.0;1995.0;REF1096
REC11058;SP1196;USA.2_1;RLM9;;0.0;1.0;;1.0;0.0;;REF1007
REC11059;SP1196;USA.2_1;RLM9;0.0;0.0;;;1.0;0.0;;REF1195
REC11060;SP1197;CAN.1_1;RLM9;;;1.0;;1.0;0.0;;REF542
REC11061;SP1198;USA.2_1;RLM9;;;1.0;;1.0;0.0;;REF697
REC11062;SP1198;USA.2_1;RLM9;;;1.0;;1.0;0.0;1899.0;REF1096
REC11063;SP1198;USA.2_1;RLM9;;0.0;1.0;;1.0;0.0;;REF1007
REC11064;SP1198;USA.2_1;RLM9;0.0;0.0;;;1.0;0.0;;REF1195
REC11065;SP1198;VEN.1_1;RLM1;;;1.0;;1.0;0.0;;REF542
REC11066;SP1198;VEN.1_1;RLM1;0.0;0.0;1.0;;1.0;0.0;;REF912
REC11067;SP1199;USA.2_1;RLM9;;;1.0;;1.0;0.0;;REF697
REC11068;SP1199;USA.2_1;RLM9;;;1.0;;1.0;0.0;1758.0;REF1096
REC11069;SP1199;USA.2_1;RLM9;;0.0;1.0;;1.0;0.0;;REF1007
REC11070;SP1199;USA.2_1;RLM9;0.0;0.0;;;1.0;0.0;;REF1195
REC11071;SP1199;VEN.1_1;RLM1;0.0;0.0;1.0;;1.0;0.0;;REF912
REC11072;SP1200;DNK.1_1;RLM11;;;1.0;;1.0;0.0;;REF542
REC11073;SP1201;USA.2_1;RLM9;;;1.0;;1.0;0.0;;REF697
REC11074;SP1201;USA.2_1;RLM9;;;1.0;;1.0;0.0;1878.0;REF1096
REC11075;SP1201;USA.2_1;RLM9;;0.0;1.0;;1.0;0.0;;REF1007
REC11076;SP1201;USA.2_1;RLM9;0.0;0.0;;;1.0;0.0;;REF1195
REC11077;SP1201;USA.2_1;RLM9;1.0;0.0;;;1.0;0.0;;REF1147
REC11078;SP1202;GBR.1_1;RLM11;;;1.0;;1.0;0.0;1997.0;REF1096
REC11079;SP1202;GBR.1_1;RLM11;0.0;0.0;0.0;1.0;1.0;0.0;;REF239
REC11080;SP1203;NLD.1_1;RLM11;;;1.0;;1.0;0.0;;REF542
REC11081;SP1203;SWE.1_1;RLM11;;;1.0;;1.0;0.0;;REF542
REC11082;SP1203;DEU.1_1;RLM11;;;1.0;;1.0;0.0;;REF542
REC11083;SP1203;FIN.1_1;RLM11;;;1.0;;1.0;0.0;;REF957
REC11084;SP1203;NOR.1_1;RLM11;;;1.0;;1.0;0.0;;REF957
REC11085;SP1203;DNK.1_1;RLM11;;;1.0;;1.0;0.0;1985.0;REF957
REC11086;SP1203;DEU.1_1;RLM11;;;1.0;;1.0;0.0;1940.0;REF957
REC11087;SP1203;SWE.1_1;RLM11;;;1.0;;1.0;0.0;1985.0;REF957
REC11088;SP1203;DNK.1_1;RLM11;;;1.0;;1.0;0.0;1985.0;REF152
REC11089;SP1203;FIN.1_1;RLM11;;;1.0;;1.0;0.0;2001.0;REF152
REC11090;SP1203;DEU.1_1;RLM11;;;1.0;;1.0;0.0;1940.0;REF152
REC11091;SP1203;SWE.1_1;RLM11;;;1.0;;1.0;0.0;;REF152
REC11092;SP1203;DNK.1_1;RLM11;0.0;0.0;1.0;;1.0;0.0;;REF683
REC11093;SP1203;FIN.1_1;RLM11;0.0;0.0;1.0;;1.0;0.0;;REF683
REC11094;SP1203;DEU.1_1;RLM11;0.0;0.0;1.0;;1.0;0.0;;REF683
REC11095;SP1203;NOR.1_1;RLM11;0.0;0.0;1.0;;1.0;0.0;;REF683
REC11096;SP1203;SWE.1_1;RLM11;0.0;0.0;1.0;;1.0;0.0;;REF683
REC11097;SP1204;USA.1_1;RLM9;0.0;0.0;;;1.0;0.0;;REF1195
REC11098;SP1205;AUS.1_1;RLM2;;;1.0;;1.0;0.0;;REF697
REC11099;SP1205;AUS.2_1;RLM2;0.0;1.0;1.0;0.0;1.0;0.0;1997.0;REF543
REC11100;SP1205;AUS.1_1;RLM2;0.0;1.0;1.0;0.0;1.0;0.0;1993.0;REF967
REC11101;SP1206;USA.1_1;RLM9;0.0;0.0;;;1.0;0.0;;REF1195
REC11102;SP1207;USA.1_1;RLM9;0.0;0.0;1.0;;1.0;0.0;1970.0;REF1007
REC11103;SP1207;USA.1_1;RLM9;0.0;0.0;;;1.0;0.0;;REF1195
REC11104;SP1208;CAN.1_1;RLM9;0.0;0.0;1.0;0.0;1.0;0.0;;REF1002
REC11105;SP1208;USA.1_1;RLM9;;0.0;1.0;;1.0;0.0;1907.0;REF1007
REC11106;SP1208;USA.1_1;RLM9;0.0;0.0;;;1.0;0.0;;REF1195
REC11107;SP1208;USA.1_1;RLM9;0.0;0.0;1.0;;1.0;0.0;1950.0;REF1002
REC11108;SP1209;AUS.1_1;RLM2;;;1.0;;1.0;0.0;;REF697
REC11109;SP1209;AUS.1_1;RLM2;0.0;1.0;1.0;0.0;1.0;0.0;1981.0;REF568
REC11110;SP1209;PNG.1_1;RLM6;0.0;1.0;1.0;0.0;1.0;0.0;1996.0;REF568
REC11111;SP1209;THA.1_1;RLM6;0.0;1.0;1.0;0.0;1.0;0.0;1999.0;REF568
REC11112;SP1210;ECU.2_1;RLM1;;;1.0;;1.0;0.0;;REF697
REC11113;SP1210;ECU.2_1;RLM1;;;1.0;;1.0;0.0;1966.0;REF1096
REC11114;SP1211;USA.1_1;RLM9;0.0;0.0;1.0;0.0;1.0;0.0;;REF1002
REC11115;SP1212;CAN.1_1;RLM9;0.0;0.0;1.0;;1.0;0.0;;REF1002
REC11116;SP1212;USA.1_1;RLM9;0.0;0.0;1.0;;1.0;0.0;1987.0;REF1007
REC11117;SP1212;USA.1_1;RLM9;0.0;0.0;;;1.0;0.0;;REF1195
REC11118;SP1212;USA.1_1;RLM9;0.0;0.0;1.0;;1.0;0.0;;REF1002
REC11119;SP1213;CAN.1_1;RLM9;0.0;0.0;1.0;0.0;1.0;0.0;1981.0;REF1002
REC11120;SP1213;CAN.1_1;RLM9;0.0;0.0;1.0;;1.0;0.0;1988.0;REF321
REC11121;SP1213;USA.1_1;RLM9;0.0;0.0;1.0;;1.0;0.0;1985.0;REF660
REC11122;SP1213;KOR.1_1;RLM11;;;1.0;;1.0;0.0;;REF697
REC11123;SP1213;KOR.1_1;RLM11;;;1.0;;1.0;0.0;1930.0;REF1096
REC11124;SP1213;JPN.1_1;RLM10;;;1.0;;1.0;0.0;;REF542
REC11125;SP1213;USA.1_1;RLM9;0.0;0.0;1.0;;1.0;0.0;1981.0;REF1007
REC11126;SP1213;USA.1_1;RLM9;0.0;0.0;;;1.0;0.0;;REF1195
REC11127;SP1213;JPN.1_1;RLM10;0.0;0.0;;;1.0;0.0;;REF1195
REC11128;SP1213;JPN.1_1;RLM10;0.0;0.0;1.0;;1.0;0.0;;REF812
REC11129;SP1213;USA.1_1;RLM9;0.0;0.0;1.0;;1.0;0.0;;REF1002
REC11130;SP1214;CAN.1_1;RLM9;0.0;0.0;1.0;;1.0;0.0;;REF1002
REC11131;SP1214;USA.1_1;RLM9;;0.0;1.0;;1.0;0.0;1909.0;REF1007
REC11132;SP1214;USA.1_1;RLM9;0.0;0.0;;;1.0;0.0;;REF1195
REC11133;SP1214;USA.1_1;RLM9;0.0;0.0;1.0;;1.0;0.0;;REF1002
REC11134;SP1215;USA.1_1;RLM9;0.0;0.0;1.0;0.0;1.0;0.0;;REF1002
REC11135;SP1216;USA.1_2;RLM9;0.0;0.0;1.0;;1.0;0.0;;REF1002
REC11136;SP1216;CAN.1_1;RLM9;0.0;0.0;1.0;;1.0;0.0;;REF1002
REC11137;SP1216;USA.1_1;RLM9;;0.0;;;1.0;0.0;1908.0;REF1007
REC11138;SP1216;USA.1_1;RLM9;;0.0;;;1.0;0.0;;REF1195
REC11139;SP1216;USA.1_2;RLM9;0.0;0.0;1.0;;1.0;0.0;1989.0;REF1168
REC11140;SP1216;USA.1_1;RLM9;0.0;0.0;1.0;;1.0;0.0;;REF1002
REC11141;SP1217;USA.1_1;RLM9;;0.0;1.0;;1.0;0.0;1926.0;REF1007
REC11142;SP1217;USA.1_1;RLM9;0.0;0.0;;;1.0;0.0;;REF1195
REC11143;SP1218;FRA.1_1;RLM11;;;1.0;;1.0;0.0;;REF542
REC11144;SP1219;ISL.1_1;RLM11;;;1.0;;1.0;0.0;;REF152
REC11145;SP1220;ISL.1_1;RLM11;;;1.0;;1.0;0.0;;REF542
REC11146;SP1221;PRT.3_1;RLM11;0.0;0.0;1.0;;1.0;0.0;;REF683
REC11147;SP1221;GBR.1_1;RLM11;0.0;0.0;1.0;;1.0;0.0;;REF683
REC11148;SP1222;CAN.1_1;RLM9;0.0;0.0;1.0;;1.0;0.0;;REF1002
REC11149;SP1222;USA.1_1;RLM9;;;;;1.0;0.0;;REF152
REC11150;SP1222;USA.1_1;RLM9;;;;;1.0;0.0;;REF152
REC11151;SP1222;USA.1_1;RLM9;;;;;1.0;0.0;;REF152
REC11152;SP1222;USA.1_1;RLM9;;;;;1.0;0.0;;REF152
REC11153;SP1222;CAN.1_1;RLM9;;;;;1.0;0.0;;REF152
REC11154;SP1222;USA.1_1;RLM9;;;1.0;;1.0;0.0;1882.0;REF152
REC11155;SP1222;USA.1_1;RLM9;0.0;0.0;1.0;0.0;1.0;0.0;1882.0;REF1007
REC11156;SP1222;USA.1_1;RLM9;0.0;0.0;;;1.0;0.0;;REF1195
REC11157;SP1222;USA.1_1;RLM9;0.0;0.0;1.0;0.0;1.0;0.0;1879.0;REF1002
REC11158;SP1223;USA.2_1;RLM9;;;1.0;;1.0;0.0;2008.0;REF1096
REC11159;SP1223;USA.2_1;RLM9;0.0;0.0;1.0;0.0;1.0;0.0;2008.0;REF1007
REC11160;SP1224;USA.2_1;RLM9;0.0;0.0;;;1.0;;;REF47
REC11161;SP1224;USA.2_1;RLM9;;;1.0;;1.0;0.0;;REF697
REC11162;SP1224;NZL.1_1;RLM2;;;1.0;;1.0;0.0;;REF697
REC11163;SP1225;JPN.1_1;RLM6;;;1.0;;1.0;0.0;;REF697
REC11164;SP1225;JPN.1_1;RLM6;;;1.0;;1.0;0.0;;REF697
REC11165;SP1225;JPN.1_1;RLM6;;;1.0;;1.0;0.0;1987.0;REF1096
REC11166;SP1225;JPN.1_1;RLM6;0.0;0.0;;;1.0;0.0;;REF1195
REC11167;SP1225;JPN.1_1;RLM6;;;1.0;;1.0;0.0;1987.0;REF1096
REC11168;SP1225;JPN.1_1;RLM6;0.0;0.0;;;1.0;0.0;;REF1195
REC11169;SP1226;NZL.1_1;RLM2;;;1.0;;1.0;0.0;;REF697
REC11170;SP1226;NZL.1_1;RLM2;;;1.0;;1.0;0.0;1990.0;REF1096
REC11171;SP1226;NZL.1_1;RLM2;0.0;0.0;;;1.0;0.0;1990.0;REF493
REC11172;SP1227;USA.1_1;RLM9;0.0;0.0;;1.0;;0.0;1989.0;REF358
REC11173;SP1227;USA.1_1;RLM9;;0.0;1.0;;1.0;0.0;1989.0;REF1007
REC11174;SP1227;USA.1_1;RLM9;0.0;0.0;;;1.0;0.0;;REF1195
REC11175;SP1228;ITA.1_1;RLM11;;;1.0;;1.0;0.0;;REF542
REC11176;SP3;USA.1_1;RLM9;0.0;1.0;1.0;;1.0;0.0;1930.0;REF1002
REC11177;SP3;CAN.1_1;RLM9;0.0;0.0;1.0;;1.0;0.0;1927.0;REF1002
REC11178;SP8;USA.1_1;RLM9;0.0;0.0;1.0;;1.0;0.0;1565.0;REF1002
REC11179;SP8;CAN.1_1;RLM9;0.0;0.0;1.0;;1.0;0.0;;REF1002
REC11180;SP10;USA.1_1;RLM9;0.0;0.0;1.0;;1.0;0.0;1972.0;REF1002
REC11181;SP10;CAN.1_1;RLM9;0.0;0.0;1.0;;1.0;0.0;;REF1002
REC11182;SP10;USA.1_2;RLM9;0.0;0.0;1.0;;1.0;0.0;;REF1002
REC11183;SP11;USA.1_1;RLM9;0.0;0.0;1.0;;1.0;0.0;1934.0;REF1002
REC11184;SP11;CAN.1_1;RLM9;0.0;0.0;1.0;;1.0;0.0;1932.0;REF1002
REC11185;SP12;CAN.1_1;RLM9;0.0;0.0;1.0;;1.0;0.0;1977.0;REF1002
REC11186;SP12;USA.1_1;RLM9;0.0;0.0;1.0;;1.0;0.0;1974.0;REF1002
REC11187;SP13;CAN.1_1;RLM9;0.0;0.0;1.0;;1.0;0.0;2006.0;REF1002
REC11188;SP13;USA.1_1;RLM9;0.0;0.0;1.0;;1.0;0.0;2017.0;REF1002
REC11189;SP15;CAN.1_1;RLM9;0.0;0.0;1.0;;1.0;0.0;1920.0;REF1002
REC11190;SP15;USA.1_1;RLM9;0.0;0.0;1.0;;1.0;0.0;1917.0;REF1002
REC11191;SP21;CAN.1_1;RLM9;0.0;0.0;1.0;;1.0;0.0;;REF1002
REC11192;SP23;CAN.1_1;RLM9;0.0;0.0;1.0;;1.0;0.0;1993.0;REF1002
REC11193;SP23;USA.1_1;RLM9;0.0;0.0;1.0;;1.0;0.0;1993.0;REF1002
REC11194;SP33;USA.1_1;RLM9;0.0;1.0;1.0;;1.0;0.0;1984.0;REF1002
REC11195;SP33;CAN.1_1;RLM9;0.0;1.0;1.0;;1.0;0.0;;REF1002
REC11196;SP1229;CAN.1_1;RLM9;0.0;0.0;1.0;;1.0;0.0;;REF1002
REC11197;SP37;USA.1_1;RLM9;0.0;0.0;1.0;;1.0;0.0;1565.0;REF1002
REC11198;SP37;CAN.1_1;RLM9;0.0;0.0;1.0;;1.0;0.0;;REF1002
REC11199;SP40;USA.1_1;RLM9;0.0;0.0;1.0;;1.0;0.0;1949.0;REF1002
REC11200;SP40;CAN.1_1;RLM9;0.0;0.0;1.0;;1.0;0.0;;REF1002
REC11201;SP41;CAN.1_1;RLM9;0.0;0.0;1.0;;1.0;0.0;;REF1002
REC11202;SP42;USA.1_1;RLM9;0.0;0.0;1.0;;1.0;0.0;1987.0;REF1002
REC11203;SP43;CAN.1_1;RLM9;0.0;0.0;1.0;;1.0;0.0;;REF1002
REC11204;SP46;CAN.1_1;RLM9;0.0;0.0;1.0;;1.0;0.0;;REF1002
REC11205;SP48;CAN.1_1;RLM9;0.0;0.0;1.0;;1.0;0.0;1915.0;REF1002
REC11206;SP48;USA.1_1;RLM9;0.0;0.0;1.0;;1.0;0.0;1915.0;REF1002
REC11207;SP1230;CAN.1_1;RLM9;0.0;0.0;1.0;;1.0;0.0;1976.0;REF1002
REC11208;SP63;USA.1_1;RLM9;0.0;0.0;1.0;;1.0;0.0;1859.0;REF1002
REC11209;SP63;CAN.1_1;RLM9;0.0;0.0;1.0;;1.0;0.0;;REF1002
REC11210;SP68;USA.1_1;RLM9;0.0;0.0;1.0;;1.0;0.0;1963.0;REF1002
REC11211;SP68;CAN.1_1;RLM9;0.0;0.0;1.0;;1.0;0.0;1963.0;REF1002
REC11212;SP71;USA.1_1;RLM9;0.0;0.0;1.0;;1.0;0.0;1907.0;REF1002
REC11213;SP71;CAN.1_1;RLM9;0.0;0.0;1.0;;1.0;0.0;;REF1002
REC11214;SP72;USA.1_1;RLM9;0.0;0.0;1.0;;1.0;0.0;1625.0;REF1002
REC11215;SP72;CAN.1_1;RLM9;0.0;0.0;1.0;;1.0;0.0;;REF1002
REC11216;SP78;USA.1_1;RLM9;0.0;0.0;1.0;;1.0;0.0;1972.0;REF1002
REC11217;SP82;USA.1_1;RLM9;0.0;0.0;1.0;;1.0;0.0;;REF1002
REC11218;SP1231;USA.1_1;RLM9;0.0;0.0;1.0;;1.0;0.0;2015.0;REF1002
REC11219;SP92;USA.1_1;RLM9;0.0;0.0;1.0;;1.0;0.0;1954.0;REF1002
REC11220;SP92;CAN.1_1;RLM9;0.0;0.0;1.0;;1.0;0.0;;REF1002
REC11221;SP99;CAN.1_1;RLM9;0.0;0.0;1.0;;1.0;0.0;;REF1002
REC11222;SP106;USA.1_1;RLM9;0.0;0.0;1.0;;1.0;0.0;;REF1002
REC11223;SP111;USA.1_1;RLM9;0.0;0.0;1.0;;1.0;0.0;1991.0;REF1002
REC11224;SP111;CAN.1_1;RLM9;0.0;0.0;1.0;;1.0;0.0;;REF1002
REC11225;SP887;CAN.1_1;RLM9;0.0;0.0;1.0;;1.0;0.0;;REF1002
REC11226;SP887;USA.1_1;RLM9;0.0;0.0;1.0;;1.0;0.0;;REF1002
REC11227;SP116;CAN.1_1;RLM9;0.0;0.0;1.0;;1.0;0.0;;REF1002
REC11228;SP116;USA.1_1;RLM9;0.0;0.0;1.0;;1.0;0.0;;REF1002
REC11229;SP119;CAN.1_1;RLM9;0.0;1.0;1.0;;1.0;0.0;;REF1002
REC11230;SP119;USA.1_1;RLM9;0.0;1.0;1.0;;1.0;0.0;;REF1002
REC11231;SP120;USA.1_1;RLM9;0.0;0.0;1.0;;1.0;0.0;;REF1002
REC11232;SP126;USA.1_1;RLM9;0.0;0.0;1.0;;1.0;0.0;1940.0;REF1002
REC11233;SP126;CAN.1_1;RLM9;0.0;0.0;1.0;;1.0;0.0;;REF1002
REC11234;SP129;USA.1_1;RLM9;0.0;0.0;1.0;;1.0;0.0;1982.0;REF1002
REC11235;SP131;USA.1_1;RLM9;0.0;0.0;1.0;;1.0;0.0;1937.0;REF1002
REC11236;SP131;CAN.1_1;RLM9;0.0;0.0;1.0;;1.0;0.0;;REF1002
REC11237;SP132;USA.1_1;RLM9;0.0;0.0;1.0;;1.0;0.0;;REF1002
REC11238;SP132;USA.1_2;RLM9;0.0;0.0;1.0;;1.0;0.0;1889.0;REF1002
REC11239;SP132;CAN.1_1;RLM9;0.0;0.0;1.0;;1.0;0.0;;REF1002
REC11240;SP133;CAN.1_1;RLM9;0.0;0.0;1.0;;1.0;0.0;2005.0;REF1002
REC11241;SP138;USA.1_1;RLM9;0.0;0.0;1.0;;1.0;0.0;1896.0;REF1002
REC11242;SP138;CAN.1_1;RLM9;0.0;0.0;1.0;;1.0;0.0;;REF1002
REC11243;SP141;CAN.1_1;RLM9;0.0;0.0;1.0;;1.0;0.0;2007.0;REF1002
REC11244;SP141;USA.1_1;RLM9;0.0;0.0;1.0;;1.0;0.0;2011.0;REF1002
REC11245;SP144;USA.1_1;RLM9;0.0;0.0;1.0;;1.0;0.0;;REF1002
REC11246;SP145;USA.1_1;RLM9;0.0;0.0;1.0;;1.0;0.0;1970.0;REF1002
REC11247;SP163;CAN.1_1;RLM9;0.0;0.0;1.0;;1.0;0.0;;REF1002
REC11248;SP163;USA.1_1;RLM9;0.0;0.0;1.0;;1.0;0.0;;REF1002
REC11249;SP164;CAN.1_1;RLM9;0.0;0.0;1.0;;1.0;0.0;;REF1002
REC11250;SP165;USA.1_1;RLM9;0.0;0.0;1.0;;1.0;0.0;1929.0;REF1002
REC11251;SP165;CAN.1_1;RLM9;0.0;0.0;1.0;;1.0;0.0;;REF1002
REC11252;SP168;USA.1_1;RLM9;0.0;0.0;1.0;;1.0;0.0;1975.0;REF1002
REC11253;SP183;USA.1_1;RLM9;0.0;0.0;1.0;;1.0;0.0;1931.0;REF1002
REC11254;SP183;CAN.1_1;RLM9;0.0;0.0;1.0;;1.0;0.0;;REF1002
REC11255;SP187;CAN.1_1;RLM9;0.0;0.0;1.0;;1.0;0.0;;REF1002
REC11256;SP187;USA.1_1;RLM9;0.0;0.0;1.0;;1.0;0.0;;REF1002
REC11257;SP189;USA.1_1;RLM9;0.0;0.0;1.0;;1.0;0.0;1865.0;REF1002
REC11258;SP189;CAN.1_1;RLM9;0.0;0.0;1.0;;1.0;0.0;;REF1002
REC11259;SP190;USA.1_1;RLM9;0.0;0.0;1.0;;1.0;0.0;1984.0;REF1002
REC11260;SP200;USA.1_1;RLM9;0.0;0.0;1.0;;1.0;0.0;2000.0;REF1002
REC11261;SP202;USA.1_1;RLM9;0.0;0.0;1.0;;1.0;0.0;2009.0;REF1002
REC11262;SP204;CAN.1_1;RLM9;0.0;0.0;1.0;;1.0;0.0;;REF1002
REC11263;SP204;USA.1_1;RLM9;0.0;0.0;1.0;;1.0;0.0;;REF1002
REC11264;SP209;CAN.1_1;RLM9;0.0;0.0;1.0;;1.0;0.0;;REF1002
REC11265;SP212;CAN.1_1;RLM9;0.0;0.0;1.0;;1.0;0.0;;REF1002
REC11266;SP212;USA.1_1;RLM9;0.0;0.0;1.0;;1.0;0.0;;REF1002
REC11267;SP225;CAN.1_1;RLM9;0.0;0.0;1.0;;1.0;0.0;2021.0;REF1002
REC11268;SP225;USA.1_1;RLM9;0.0;0.0;1.0;;1.0;0.0;1964.0;REF1002
REC11269;SP226;USA.1_1;RLM9;0.0;0.0;1.0;;1.0;0.0;1989.0;REF1002
REC11270;SP230;USA.1_1;RLM9;0.0;0.0;1.0;;1.0;0.0;1884.0;REF1002
REC11271;SP231;USA.1_1;RLM9;0.0;0.0;1.0;;1.0;0.0;1928.0;REF1002
REC11272;SP236;USA.1_1;RLM9;0.0;1.0;1.0;;1.0;0.0;1968.0;REF1002
REC11273;SP236;CAN.1_1;RLM9;0.0;0.0;1.0;;1.0;0.0;;REF1002
REC11274;SP238;USA.1_1;RLM9;0.0;0.0;1.0;;1.0;0.0;1952.0;REF1002
REC11275;SP238;CAN.1_1;RLM9;0.0;0.0;1.0;;1.0;0.0;;REF1002
REC11276;SP240;CAN.1_1;RLM9;0.0;0.0;1.0;;1.0;0.0;;REF1002
REC11277;SP240;USA.1_1;RLM9;0.0;0.0;1.0;;1.0;0.0;;REF1002
REC11278;SP249;USA.1_1;RLM9;0.0;0.0;1.0;;1.0;0.0;1993.0;REF1002
REC11279;SP251;USA.1_1;RLM9;0.0;0.0;1.0;;1.0;0.0;1944.0;REF1002
REC11280;SP251;CAN.1_1;RLM9;0.0;0.0;1.0;;1.0;0.0;;REF1002
REC11281;SP252;CAN.1_1;RLM9;0.0;0.0;1.0;;1.0;0.0;1920.0;REF1002
REC11282;SP254;CAN.1_1;RLM9;0.0;0.0;1.0;;1.0;0.0;;REF1002
REC11283;SP261;CAN.1_1;RLM9;0.0;0.0;1.0;;1.0;0.0;1966.0;REF1002
REC11284;SP262;USA.1_1;RLM9;0.0;0.0;1.0;;1.0;0.0;;REF1002
REC11285;SP263;USA.1_1;RLM9;0.0;1.0;1.0;;1.0;0.0;;REF1002
REC11286;SP280;USA.1_1;RLM9;0.0;0.0;1.0;;1.0;0.0;1917.0;REF1002
REC11287;SP280;CAN.1_1;RLM9;0.0;0.0;1.0;;1.0;0.0;;REF1002
REC11288;SP280;USA.1_2;RLM9;0.0;0.0;1.0;;1.0;0.0;;REF1002
REC11289;SP281;USA.1_1;RLM9;0.0;0.0;1.0;;1.0;0.0;;REF1002
REC11290;SP1232;CAN.1_1;RLM9;0.0;0.0;1.0;;1.0;0.0;1993.0;REF1002
REC11291;SP1232;USA.1_1;RLM9;0.0;0.0;1.0;;1.0;0.0;1928.0;REF1002
REC11292;SP288;CAN.1_1;RLM9;0.0;0.0;1.0;;1.0;0.0;2008.0;REF1002
REC11293;SP290;CAN.1_1;RLM9;0.0;0.0;1.0;;1.0;0.0;;REF1002
REC11294;SP290;USA.1_1;RLM9;0.0;0.0;1.0;;1.0;0.0;1870.0;REF1002
REC11295;SP292;USA.1_1;RLM9;0.0;0.0;1.0;;1.0;0.0;1926.0;REF1002
REC11296;SP292;CAN.1_1;RLM9;0.0;0.0;1.0;;1.0;0.0;;REF1002
REC11297;SP295;CAN.1_1;RLM9;0.0;0.0;1.0;;1.0;0.0;;REF1002
REC11298;SP295;USA.1_1;RLM9;0.0;0.0;1.0;;1.0;0.0;1939.0;REF1002
REC11299;SP297;USA.1_1;RLM9;0.0;0.0;1.0;;1.0;0.0;1997.0;REF1002
REC11300;SP297;CAN.1_1;RLM9;0.0;0.0;1.0;;1.0;0.0;;REF1002
REC11301;SP298;CAN.1_1;RLM9;0.0;0.0;1.0;;1.0;0.0;;REF1002
REC11302;SP298;USA.1_1;RLM9;0.0;0.0;1.0;;1.0;0.0;;REF1002
REC11303;SP302;USA.1_1;RLM9;0.0;0.0;1.0;;1.0;0.0;1915.0;REF1002
REC11304;SP302;CAN.1_1;RLM9;0.0;0.0;1.0;;1.0;0.0;;REF1002
REC11305;SP304;USA.1_1;RLM9;0.0;0.0;1.0;;1.0;0.0;1929.0;REF1002
REC11306;SP304;CAN.1_1;RLM9;0.0;0.0;1.0;;1.0;0.0;1929.0;REF1002
REC11307;SP305;USA.1_1;RLM9;0.0;0.0;1.0;;1.0;0.0;1978.0;REF1002
REC11308;SP305;CAN.1_1;RLM9;0.0;0.0;1.0;;1.0;0.0;1954.0;REF1002
REC11309;SP308;CAN.1_1;RLM9;0.0;1.0;1.0;;1.0;0.0;1990.0;REF1002
REC11310;SP310;CAN.1_1;RLM9;0.0;0.0;1.0;;1.0;0.0;;REF1002
REC11311;SP1233;CAN.1_1;RLM9;0.0;0.0;1.0;;1.0;0.0;;REF1002
REC11312;SP1233;USA.1_1;RLM9;0.0;0.0;1.0;;1.0;0.0;;REF1002
REC11313;SP312;USA.1_1;RLM9;0.0;0.0;1.0;;1.0;0.0;1987.0;REF1002
REC11314;SP315;CAN.1_1;RLM9;0.0;0.0;1.0;;1.0;0.0;1970.0;REF1002
REC11315;SP315;USA.1_1;RLM9;0.0;0.0;1.0;;1.0;0.0;1962.0;REF1002
REC11316;SP318;USA.1_1;RLM9;0.0;1.0;1.0;;1.0;0.0;1981.0;REF1002
REC11317;SP318;CAN.1_1;RLM9;0.0;1.0;1.0;;1.0;0.0;;REF1002
REC11318;SP319;CAN.1_1;RLM9;0.0;0.0;1.0;;1.0;0.0;1886.0;REF1002
REC11319;SP319;USA.1_1;RLM9;0.0;0.0;1.0;;1.0;0.0;1886.0;REF1002
REC11320;SP320;USA.1_1;RLM9;0.0;0.0;1.0;;1.0;0.0;1901.0;REF1002
REC11321;SP320;CAN.1_1;RLM9;0.0;0.0;1.0;;1.0;0.0;;REF1002
REC11322;SP321;CAN.1_1;RLM9;0.0;0.0;1.0;;1.0;0.0;;REF1002
REC11323;SP321;USA.1_1;RLM9;0.0;0.0;1.0;;1.0;0.0;1860.0;REF1002
REC11324;SP321;USA.1_2;RLM9;0.0;0.0;1.0;;1.0;0.0;;REF1002
REC11325;SP322;USA.1_1;RLM9;0.0;1.0;1.0;;1.0;0.0;1981.0;REF1002
REC11326;SP322;CAN.1_1;RLM9;0.0;1.0;1.0;;1.0;0.0;;REF1002
REC11327;SP323;CAN.1_1;RLM9;0.0;0.0;1.0;;1.0;0.0;;REF1002
REC11328;SP323;USA.1_1;RLM9;0.0;0.0;1.0;;1.0;0.0;1885.0;REF1002
REC11329;SP324;CAN.1_1;RLM9;0.0;0.0;1.0;;1.0;0.0;;REF1002
REC11330;SP324;USA.1_1;RLM9;0.0;0.0;1.0;;1.0;0.0;;REF1002
REC11331;SP328;CAN.1_1;RLM9;0.0;0.0;1.0;;1.0;0.0;;REF1002
REC11332;SP328;USA.1_1;RLM9;0.0;0.0;1.0;;1.0;0.0;;REF1002
REC11333;SP329;CAN.1_1;RLM9;0.0;0.0;1.0;;1.0;0.0;;REF1002
REC11334;SP344;USA.1_1;RLM9;0.0;0.0;1.0;;1.0;0.0;;REF1002
REC11335;SP355;USA.1_1;RLM9;0.0;1.0;1.0;;1.0;0.0;1914.0;REF1002
REC11336;SP356;USA.1_1;RLM9;0.0;0.0;1.0;;1.0;0.0;1911.0;REF1002
REC11337;SP370;CAN.1_1;RLM9;0.0;0.0;1.0;;1.0;0.0;1998.0;REF1002
REC11338;SP370;USA.1_1;RLM9;0.0;0.0;1.0;;1.0;0.0;1998.0;REF1002
REC11339;SP377;CAN.1_1;RLM9;0.0;0.0;1.0;;1.0;0.0;2018.0;REF1002
REC11340;SP377;USA.1_1;RLM9;0.0;0.0;1.0;;1.0;0.0;2020.0;REF1002
REC11341;SP378;CAN.1_1;RLM9;0.0;0.0;1.0;;1.0;0.0;2005.0;REF1002
REC11342;SP378;USA.1_1;RLM9;0.0;0.0;1.0;;1.0;0.0;2000.0;REF1002
REC11343;SP387;CAN.1_1;RLM9;0.0;0.0;1.0;;1.0;0.0;1933.0;REF1002
REC11344;SP387;USA.1_1;RLM9;0.0;0.0;1.0;;1.0;0.0;1907.0;REF1002
REC11345;SP389;USA.1_1;RLM9;0.0;0.0;1.0;;1.0;0.0;1819.0;REF1002
REC11346;SP389;CAN.1_1;RLM9;0.0;0.0;1.0;;1.0;0.0;;REF1002
REC11347;SP389;USA.1_2;RLM9;0.0;0.0;1.0;;1.0;0.0;;REF1002
REC11348;SP393;USA.1_1;RLM9;0.0;0.0;1.0;;1.0;0.0;2007.0;REF1002
REC11349;SP1234;CAN.1_1;RLM9;0.0;0.0;1.0;;1.0;0.0;;REF1002
REC11350;SP396;CAN.1_1;RLM9;0.0;0.0;1.0;;1.0;0.0;;REF1002
REC11351;SP396;USA.1_1;RLM9;0.0;0.0;1.0;;1.0;0.0;;REF1002
REC11352;SP397;CAN.1_1;RLM9;0.0;0.0;1.0;;1.0;0.0;1927.0;REF1002
REC11353;SP397;USA.1_1;RLM9;0.0;0.0;1.0;;1.0;0.0;;REF1002
REC11354;SP406;CAN.1_1;RLM9;0.0;0.0;1.0;;1.0;0.0;1955.0;REF1002
REC11355;SP407;USA.1_1;RLM9;0.0;0.0;1.0;;1.0;0.0;;REF1002
REC11356;SP409;CAN.1_1;RLM9;0.0;0.0;1.0;;1.0;0.0;;REF1002
REC11357;SP1235;USA.1_1;RLM9;0.0;0.0;1.0;;1.0;0.0;1950.0;REF1002
REC11358;SP1235;CAN.1_1;RLM9;0.0;0.0;1.0;;1.0;0.0;;REF1002
REC11359;SP414;CAN.1_1;RLM9;0.0;0.0;1.0;;1.0;0.0;2010.0;REF1002
REC11360;SP420;USA.1_1;RLM9;0.0;0.0;1.0;;1.0;0.0;;REF1002
REC11361;SP422;USA.1_1;RLM9;0.0;0.0;1.0;;1.0;0.0;1955.0;REF1002
REC11362;SP426;USA.1_1;RLM9;0.0;0.0;1.0;;1.0;0.0;1913.0;REF1002
REC11363;SP427;USA.1_1;RLM9;0.0;0.0;1.0;;1.0;0.0;1855.0;REF1002
REC11364;SP429;CAN.1_1;RLM9;0.0;0.0;1.0;;1.0;0.0;;REF1002
REC11365;SP429;USA.1_1;RLM9;0.0;0.0;1.0;;1.0;0.0;;REF1002
REC11366;SP433;CAN.1_1;RLM9;0.0;0.0;1.0;;1.0;0.0;1920.0;REF1002
REC11367;SP433;USA.1_1;RLM9;0.0;0.0;1.0;;1.0;0.0;1920.0;REF1002
REC11368;SP434;USA.1_1;RLM9;0.0;0.0;1.0;;1.0;0.0;1910.0;REF1002
REC11369;SP434;CAN.1_1;RLM9;0.0;0.0;1.0;;1.0;0.0;1920.0;REF1002
REC11370;SP436;CAN.1_1;RLM9;0.0;0.0;1.0;;1.0;0.0;;REF1002
REC11371;SP436;USA.1_1;RLM9;0.0;0.0;1.0;;1.0;0.0;2001.0;REF1002
REC11372;SP437;CAN.1_1;RLM9;0.0;0.0;1.0;;1.0;0.0;1994.0;REF1002
REC11373;SP437;USA.1_1;RLM9;0.0;0.0;1.0;;1.0;0.0;1992.0;REF1002
REC11374;SP438;CAN.1_1;RLM9;0.0;0.0;1.0;;1.0;0.0;;REF1002
REC11375;SP439;CAN.1_1;RLM9;0.0;0.0;1.0;;1.0;0.0;;REF1002
REC11376;SP439;USA.1_1;RLM9;0.0;0.0;1.0;;1.0;0.0;1989.0;REF1002
REC11377;SP440;USA.1_1;RLM9;0.0;0.0;1.0;;1.0;0.0;2013.0;REF1002
REC11378;SP444;USA.1_1;RLM9;0.0;0.0;1.0;;1.0;0.0;1924.0;REF1002
REC11379;SP448;USA.1_1;RLM9;0.0;0.0;1.0;;1.0;0.0;1998.0;REF1002
REC11380;SP450;CAN.1_1;RLM9;0.0;0.0;1.0;;1.0;0.0;;REF1002
REC11381;SP450;USA.1_1;RLM9;0.0;0.0;1.0;;1.0;0.0;;REF1002
REC11382;SP461;USA.1_1;RLM9;0.0;0.0;1.0;;1.0;0.0;1982.0;REF1002
REC11383;SP472;USA.1_1;RLM9;0.0;0.0;1.0;;1.0;0.0;;REF1002
REC11384;SP475;CAN.1_1;RLM9;0.0;0.0;1.0;;1.0;0.0;1989.0;REF1002
REC11385;SP475;USA.1_1;RLM9;0.0;0.0;1.0;;1.0;0.0;1991.0;REF1002
REC11386;SP477;USA.1_1;RLM9;0.0;0.0;1.0;;1.0;0.0;;REF1002
REC11387;SP477;CAN.1_1;RLM9;0.0;0.0;1.0;;1.0;0.0;;REF1002
REC11388;SP477;USA.1_2;RLM9;0.0;0.0;1.0;;1.0;0.0;;REF1002
REC11389;SP478;CAN.1_1;RLM9;0.0;0.0;1.0;;1.0;0.0;1982.0;REF1002
REC11390;SP480;USA.1_1;RLM9;0.0;0.0;1.0;;1.0;0.0;;REF1002
REC11391;SP483;USA.1_1;RLM9;0.0;0.0;1.0;;1.0;0.0;1565.0;REF1002
REC11392;SP485;USA.1_1;RLM9;0.0;0.0;1.0;;1.0;0.0;1889.0;REF1002
REC11393;SP485;USA.1_2;RLM9;0.0;0.0;1.0;;1.0;0.0;;REF1002
REC11394;SP493;CAN.1_1;RLM9;0.0;0.0;1.0;;1.0;0.0;1981.0;REF1002
REC11395;SP498;USA.1_1;RLM9;0.0;0.0;1.0;;1.0;0.0;1907.0;REF1002
REC11396;SP498;CAN.1_1;RLM9;0.0;0.0;1.0;;1.0;0.0;;REF1002
REC11397;SP501;USA.1_1;RLM9;0.0;0.0;1.0;;1.0;0.0;2006.0;REF1002
REC11398;SP518;USA.1_1;RLM9;0.0;0.0;1.0;;1.0;0.0;1965.0;REF1002
REC11399;SP519;USA.1_1;RLM9;0.0;0.0;1.0;;1.0;0.0;1930.0;REF1002
REC11400;SP519;CAN.1_1;RLM9;0.0;0.0;1.0;;1.0;0.0;2010.0;REF1002
REC11401;SP523;USA.1_1;RLM9;0.0;0.0;1.0;;1.0;0.0;1963.0;REF1002
REC11402;SP523;CAN.1_1;RLM9;0.0;0.0;1.0;;1.0;0.0;;REF1002
REC11403;SP526;USA.1_1;RLM9;0.0;0.0;1.0;;1.0;0.0;1881.0;REF1002
REC11404;SP526;CAN.1_1;RLM9;0.0;0.0;1.0;;1.0;0.0;;REF1002
REC11405;SP533;CAN.1_1;RLM9;0.0;0.0;1.0;;1.0;0.0;;REF1002
REC11406;SP533;USA.1_1;RLM9;0.0;0.0;1.0;;1.0;0.0;;REF1002
REC11407;SP546;CAN.1_1;RLM9;0.0;0.0;1.0;;1.0;0.0;1967.0;REF1002
REC11408;SP547;CAN.1_1;RLM9;0.0;0.0;1.0;;1.0;0.0;;REF1002
REC11409;SP556;CAN.1_1;RLM9;0.0;0.0;1.0;;1.0;0.0;;REF1002
REC11410;SP560;CAN.1_1;RLM9;0.0;0.0;1.0;;1.0;0.0;;REF1002
REC11411;SP560;USA.1_1;RLM9;0.0;0.0;1.0;;1.0;0.0;1880.0;REF1002
REC11412;SP575;CAN.1_1;RLM9;0.0;0.0;1.0;;1.0;0.0;1928.0;REF1002
REC11413;SP575;USA.1_1;RLM9;0.0;0.0;1.0;;1.0;0.0;1928.0;REF1002
REC11414;SP577;CAN.1_1;RLM9;0.0;0.0;1.0;;1.0;0.0;;REF1002
REC11415;SP577;USA.1_1;RLM9;0.0;0.0;1.0;;1.0;0.0;;REF1002
REC11416;SP579;CAN.1_1;RLM9;0.0;0.0;1.0;;1.0;0.0;;REF1002
REC11417;SP579;USA.1_1;RLM9;0.0;0.0;1.0;;1.0;0.0;1565.0;REF1002
REC11418;SP583;USA.1_1;RLM9;0.0;0.0;1.0;;1.0;0.0;;REF1002
REC11419;SP583;CAN.1_1;RLM9;0.0;0.0;1.0;;1.0;0.0;;REF1002
REC11420;SP588;USA.1_1;RLM9;0.0;0.0;1.0;;1.0;0.0;2006.0;REF1002
REC11421;SP592;CAN.1_1;RLM9;0.0;0.0;1.0;;1.0;0.0;1923.0;REF1002
REC11422;SP592;USA.1_1;RLM9;0.0;0.0;1.0;;1.0;0.0;1923.0;REF1002
REC11423;SP595;CAN.1_1;RLM9;0.0;0.0;1.0;;1.0;0.0;;REF1002
REC11424;SP595;USA.1_1;RLM9;0.0;0.0;1.0;;1.0;0.0;1943.0;REF1002
REC11425;SP597;CAN.1_1;RLM9;0.0;0.0;1.0;;1.0;0.0;1940.0;REF1002
REC11426;SP597;USA.1_1;RLM9;0.0;0.0;1.0;;1.0;0.0;1912.0;REF1002
REC11427;SP601;CAN.1_1;RLM9;0.0;0.0;1.0;;1.0;0.0;1980.0;REF1002
REC11428;SP601;USA.1_1;RLM9;0.0;0.0;1.0;;1.0;0.0;2001.0;REF1002
REC11429;SP606;USA.1_1;RLM9;0.0;0.0;1.0;;1.0;0.0;;REF1002
REC11430;SP609;USA.1_1;RLM9;0.0;0.0;1.0;;1.0;0.0;1998.0;REF1002
REC11431;SP610;CAN.1_1;RLM9;0.0;0.0;1.0;;1.0;0.0;1913.0;REF1002
REC11432;SP610;USA.1_1;RLM9;0.0;0.0;1.0;;1.0;0.0;1913.0;REF1002
REC11433;SP611;CAN.1_1;RLM9;0.0;0.0;1.0;;1.0;0.0;1956.0;REF1002
REC11434;SP611;USA.1_1;RLM9;0.0;0.0;1.0;;1.0;0.0;1975.0;REF1002
REC11435;SP612;USA.1_1;RLM9;0.0;0.0;1.0;;1.0;0.0;1943.0;REF1002
REC11436;SP626;CAN.1_1;RLM9;0.0;0.0;1.0;;1.0;0.0;1978.0;REF1002
REC11437;SP626;USA.1_1;RLM9;0.0;0.0;1.0;;1.0;0.0;1978.0;REF1002
REC11438;SP636;USA.1_1;RLM9;0.0;0.0;1.0;;1.0;0.0;;REF1002
REC11439;SP636;USA.1_2;RLM9;0.0;0.0;1.0;;1.0;0.0;;REF1002
REC11440;SP636;CAN.1_1;RLM9;0.0;0.0;1.0;;1.0;0.0;;REF1002
REC11441;SP638;USA.1_1;RLM9;0.0;0.0;1.0;;1.0;0.0;1940.0;REF1002
REC11442;SP638;CAN.1_1;RLM9;0.0;0.0;1.0;;1.0;0.0;;REF1002
REC11443;SP641;USA.1_1;RLM9;0.0;0.0;1.0;;1.0;0.0;1925.0;REF1002
REC11444;SP642;CAN.1_1;RLM9;0.0;0.0;1.0;;1.0;0.0;1900.0;REF1002
REC11445;SP642;USA.1_1;RLM9;0.0;0.0;1.0;;1.0;0.0;1902.0;REF1002
REC11446;SP644;CAN.1_1;RLM9;0.0;1.0;1.0;;1.0;0.0;;REF1002
REC11447;SP644;USA.1_1;RLM9;0.0;1.0;1.0;;1.0;0.0;;REF1002
REC11448;SP649;CAN.1_1;RLM9;0.0;1.0;1.0;;1.0;0.0;;REF1002
REC11449;SP660;CAN.1_1;RLM9;0.0;0.0;1.0;;1.0;0.0;;REF1002
REC11450;SP660;USA.1_1;RLM9;0.0;0.0;1.0;;1.0;0.0;;REF1002
REC11451;SP662;CAN.1_1;RLM9;0.0;0.0;1.0;;1.0;0.0;;REF1002
REC11452;SP662;USA.1_1;RLM9;0.0;0.0;1.0;;1.0;0.0;;REF1002
REC11453;SP1236;CAN.1_1;RLM9;0.0;0.0;1.0;;1.0;0.0;1936.0;REF1002
REC11454;SP668;USA.1_1;RLM9;0.0;1.0;1.0;;1.0;0.0;;REF1002
REC11455;SP673;USA.1_1;RLM9;0.0;0.0;1.0;;1.0;0.0;1923.0;REF1002
REC11456;SP675;CAN.1_1;RLM9;0.0;0.0;1.0;;1.0;0.0;1954.0;REF1002
REC11457;SP686;USA.1_1;RLM9;0.0;1.0;1.0;;1.0;0.0;1989.0;REF1002
REC11458;SP686;CAN.1_1;RLM9;0.0;0.0;1.0;;1.0;0.0;;REF1002
REC11459;SP691;USA.1_1;RLM9;0.0;0.0;1.0;;1.0;0.0;;REF1002
REC11460;SP707;CAN.1_1;RLM9;0.0;0.0;1.0;;1.0;0.0;1920.0;REF1002
REC11461;SP707;USA.1_1;RLM9;0.0;0.0;1.0;;1.0;0.0;1918.0;REF1002
REC11462;SP708;USA.1_1;RLM9;0.0;0.0;1.0;;1.0;0.0;;REF1002
REC11463;SP709;CAN.1_1;RLM9;0.0;0.0;1.0;;1.0;0.0;;REF1002
REC11464;SP712;USA.1_1;RLM9;0.0;1.0;1.0;;1.0;0.0;1935.0;REF1002
REC11465;SP712;CAN.1_1;RLM9;0.0;1.0;1.0;;1.0;0.0;;REF1002
REC11466;SP713;USA.1_1;RLM9;0.0;0.0;1.0;;1.0;0.0;;REF1002
REC11467;SP713;MEX.1_1;RLM9;0.0;0.0;1.0;;1.0;0.0;;REF1002
REC11468;SP713;FJI.1_1;RLM9;0.0;0.0;1.0;;1.0;0.0;;REF1002
REC11469;SP714;USA.1_1;RLM9;0.0;0.0;1.0;;1.0;0.0;;REF1002
REC11470;SP724;CAN.1_1;RLM9;0.0;1.0;1.0;;1.0;0.0;;REF1002
REC11471;SP734;CAN.1_1;RLM9;0.0;0.0;1.0;;1.0;0.0;1912.0;REF1002
REC11472;SP734;USA.1_1;RLM9;0.0;1.0;1.0;;1.0;0.0;1869.0;REF1002
REC11473;SP741;CAN.1_1;RLM9;0.0;0.0;1.0;;1.0;0.0;;REF1002
REC11474;SP747;CAN.1_1;RLM9;0.0;0.0;1.0;;1.0;0.0;;REF1002
REC11475;SP747;USA.1_1;RLM9;0.0;0.0;1.0;;1.0;0.0;;REF1002
REC11476;SP750;USA.1_1;RLM9;0.0;0.0;1.0;;1.0;0.0;;REF1002
REC11477;SP752;USA.1_1;RLM9;0.0;0.0;1.0;;1.0;0.0;1959.0;REF1002
REC11478;SP754;USA.1_1;RLM9;0.0;0.0;1.0;;1.0;0.0;1980.0;REF1002
REC11479;SP764;USA.1_1;RLM9;0.0;0.0;1.0;;1.0;0.0;2016.0;REF1002
REC11480;SP764;CAN.1_1;RLM9;0.0;0.0;1.0;;1.0;0.0;;REF1002
REC11481;SP767;USA.1_1;RLM9;0.0;0.0;1.0;;1.0;0.0;;REF1002
REC11482;SP767;CAN.1_1;RLM9;0.0;0.0;1.0;;1.0;0.0;;REF1002
REC11483;SP768;CAN.1_1;RLM9;0.0;1.0;1.0;;1.0;0.0;1973.0;REF1002
REC11484;SP768;USA.1_1;RLM9;0.0;1.0;1.0;;1.0;0.0;1980.0;REF1002
REC11485;SP1237;USA.1_1;RLM9;0.0;0.0;1.0;;1.0;0.0;2000.0;REF1002
REC11486;SP770;USA.1_1;RLM9;0.0;0.0;1.0;;1.0;0.0;1969.0;REF1002
REC11487;SP771;CAN.1_1;RLM9;0.0;0.0;1.0;;1.0;0.0;;REF1002
REC11488;SP771;USA.1_1;RLM9;0.0;0.0;1.0;;1.0;0.0;;REF1002
REC11489;SP772;CAN.1_1;RLM9;0.0;0.0;1.0;;1.0;0.0;;REF1002
REC11490;SP772;USA.1_1;RLM9;0.0;0.0;1.0;;1.0;0.0;;REF1002
REC11491;SP773;CAN.1_1;RLM9;0.0;0.0;1.0;;1.0;0.0;;REF1002
REC11492;SP773;USA.1_2;RLM9;0.0;0.0;1.0;;1.0;0.0;;REF1002
REC11493;SP773;USA.1_1;RLM9;0.0;0.0;1.0;;1.0;0.0;;REF1002
REC11494;SP774;CAN.1_1;RLM9;0.0;0.0;1.0;;1.0;0.0;;REF1002
REC11495;SP774;USA.1_1;RLM9;0.0;0.0;1.0;;1.0;0.0;;REF1002
REC11496;SP775;CAN.1_1;RLM9;0.0;0.0;1.0;;1.0;0.0;;REF1002
REC11497;SP775;USA.1_1;RLM9;0.0;0.0;1.0;;1.0;0.0;;REF1002
REC11498;SP777;USA.1_1;RLM9;0.0;0.0;1.0;;1.0;0.0;1906.0;REF1002
REC11499;SP782;CAN.1_1;RLM9;0.0;0.0;1.0;;1.0;0.0;;REF1002
REC11500;SP782;USA.1_1;RLM9;0.0;0.0;1.0;;1.0;0.0;;REF1002
REC11501;SP784;CAN.1_1;RLM9;0.0;0.0;1.0;;1.0;0.0;;REF1002
REC11502;SP784;USA.1_2;RLM9;0.0;0.0;1.0;;1.0;0.0;;REF1002
REC11503;SP784;USA.1_1;RLM9;0.0;0.0;1.0;;1.0;0.0;;REF1002
REC11504;SP786;USA.1_1;RLM9;0.0;0.0;1.0;;1.0;0.0;2009.0;REF1002
REC11505;SP786;CAN.1_1;RLM9;0.0;0.0;1.0;;1.0;0.0;;REF1002
REC11506;SP797;USA.1_1;RLM9;0.0;0.0;1.0;;1.0;0.0;;REF1002
REC11507;SP799;CAN.1_1;RLM9;0.0;0.0;1.0;;1.0;0.0;;REF1002
REC11508;SP799;USA.1_1;RLM9;0.0;0.0;1.0;;1.0;0.0;;REF1002
REC11509;SP800;USA.1_1;RLM9;0.0;0.0;1.0;;1.0;0.0;1565.0;REF1002
REC11510;SP800;CAN.1_1;RLM9;0.0;0.0;1.0;;1.0;0.0;;REF1002
REC11511;SP802;CAN.1_1;RLM9;0.0;0.0;1.0;;1.0;0.0;;REF1002
REC11512;SP802;USA.1_2;RLM9;0.0;0.0;1.0;;1.0;0.0;;REF1002
REC11513;SP810;USA.1_1;RLM9;0.0;1.0;1.0;;1.0;0.0;2008.0;REF1002
REC11514;SP814;USA.1_1;RLM9;0.0;1.0;1.0;;1.0;0.0;1977.0;REF1002
REC11515;SP815;USA.1_1;RLM9;0.0;0.0;1.0;;1.0;0.0;1995.0;REF1002
REC11516;SP816;CAN.1_1;RLM9;0.0;0.0;1.0;;1.0;0.0;1980.0;REF1002
REC11517;SP816;USA.1_1;RLM9;0.0;0.0;1.0;;1.0;0.0;1985.0;REF1002
REC11518;SP818;CAN.1_1;RLM9;0.0;0.0;1.0;;1.0;0.0;1979.0;REF1002
REC11519;SP818;USA.1_1;RLM9;0.0;0.0;1.0;;1.0;0.0;1979.0;REF1002
REC11520;SP818;USA.1_2;RLM9;0.0;0.0;1.0;;1.0;0.0;;REF1002
REC11521;SP819;CAN.1_1;RLM9;0.0;0.0;1.0;;1.0;0.0;2008.0;REF1002
REC11522;SP821;CAN.1_1;RLM9;0.0;0.0;1.0;;1.0;0.0;1978.0;REF1002
REC11523;SP821;USA.1_1;RLM9;0.0;0.0;1.0;;1.0;0.0;1978.0;REF1002
REC11524;SP822;CAN.1_1;RLM9;0.0;0.0;1.0;;1.0;0.0;;REF1002
REC11525;SP822;USA.1_1;RLM9;0.0;0.0;1.0;;1.0;0.0;1909.0;REF1002
REC11526;SP831;USA.1_1;RLM9;0.0;0.0;1.0;;1.0;0.0;1964.0;REF1002
REC11527;SP831;CAN.1_1;RLM9;0.0;0.0;1.0;;1.0;0.0;;REF1002
REC11528;SP832;CAN.1_1;RLM9;0.0;0.0;1.0;;1.0;0.0;1922.0;REF1002
REC11529;SP832;USA.1_1;RLM9;0.0;0.0;1.0;;1.0;0.0;1882.0;REF1002
REC11530;SP835;CAN.1_1;RLM9;0.0;0.0;1.0;;1.0;0.0;;REF1002
REC11531;SP835;USA.1_1;RLM9;0.0;0.0;1.0;;1.0;0.0;;REF1002
REC11532;SP839;USA.1_1;RLM9;0.0;0.0;1.0;;1.0;0.0;;REF1002
REC11533;SP839;CAN.1_1;RLM9;0.0;0.0;1.0;;1.0;0.0;;REF1002
REC11534;SP841;USA.1_1;RLM9;0.0;0.0;1.0;;1.0;0.0;1951.0;REF1002
REC11535;SP843;USA.1_1;RLM9;0.0;0.0;1.0;;1.0;0.0;;REF1002
REC11536;SP844;USA.1_1;RLM9;0.0;0.0;1.0;;1.0;0.0;;REF1002
REC11537;SP844;CAN.1_1;RLM9;0.0;0.0;1.0;;1.0;0.0;;REF1002
REC11538;SP849;CAN.1_1;RLM9;0.0;0.0;1.0;;1.0;0.0;1930.0;REF1002
REC11539;SP849;USA.1_1;RLM9;0.0;0.0;1.0;;1.0;0.0;1930.0;REF1002
REC11540;SP849;USA.1_2;RLM9;0.0;0.0;1.0;;1.0;0.0;;REF1002
REC11541;SP856;USA.1_1;RLM9;0.0;0.0;1.0;;1.0;0.0;;REF1002
REC11542;SP857;USA.1_1;RLM9;0.0;0.0;1.0;;1.0;0.0;1986.0;REF1002
REC11543;SP858;USA.1_1;RLM9;0.0;0.0;1.0;;1.0;0.0;1963.0;REF1002
REC11544;SP865;USA.1_1;RLM9;0.0;0.0;1.0;;1.0;0.0;2014.0;REF1002
REC11545;SP869;USA.1_1;RLM9;0.0;0.0;1.0;;1.0;0.0;1917.0;REF1002
REC11546;SP869;CAN.1_1;RLM9;0.0;0.0;1.0;;1.0;0.0;;REF1002
REC11547;SP874;USA.1_1;RLM9;0.0;0.0;1.0;;1.0;0.0;;REF1002
REC11548;SP875;USA.1_1;RLM9;0.0;0.0;1.0;;1.0;0.0;1985.0;REF1002
REC11549;SP877;USA.1_1;RLM9;0.0;0.0;1.0;;1.0;0.0;1964.0;REF1002
REC11550;SP877;CAN.1_1;RLM9;0.0;0.0;1.0;;1.0;0.0;;REF1002
REC11551;SP878;CAN.1_1;RLM9;0.0;0.0;1.0;;1.0;0.0;1978.0;REF1002
REC11552;SP878;USA.1_1;RLM9;0.0;0.0;1.0;;1.0;0.0;1978.0;REF1002
REC11553;SP882;USA.1_1;RLM9;0.0;0.0;1.0;;1.0;0.0;2020.0;REF1002
REC11554;SP886;USA.1_1;RLM9;0.0;1.0;1.0;;1.0;0.0;2010.0;REF1002
REC11555;SP886;CAN.1_1;RLM9;0.0;1.0;1.0;;1.0;0.0;;REF1002
REC11556;SP895;USA.1_1;RLM9;0.0;1.0;1.0;;1.0;0.0;1975.0;REF1002
REC11557;SP900;USA.1_1;RLM9;0.0;0.0;1.0;;1.0;0.0;2017.0;REF1002
REC11558;SP900;CAN.1_1;RLM9;0.0;0.0;1.0;;1.0;0.0;;REF1002
REC11559;SP901;CAN.1_1;RLM9;0.0;0.0;1.0;;1.0;0.0;;REF1002
REC11560;SP902;CAN.1_1;RLM9;0.0;0.0;1.0;;1.0;0.0;1956.0;REF1002
REC11561;SP902;USA.1_1;RLM9;0.0;0.0;1.0;;1.0;0.0;1911.0;REF1002
REC11562;SP902;USA.1_2;RLM9;0.0;0.0;1.0;;1.0;0.0;;REF1002
REC11563;SP910;CAN.1_1;RLM9;0.0;0.0;1.0;;1.0;0.0;1970.0;REF1002
REC11564;SP910;USA.1_1;RLM9;0.0;0.0;1.0;;1.0;0.0;1968.0;REF1002
REC11565;SP912;USA.1_1;RLM9;0.0;0.0;1.0;;1.0;0.0;1916.0;REF1002
REC11566;SP923;USA.1_1;RLM9;0.0;0.0;1.0;;1.0;0.0;1900.0;REF1002
REC11567;SP923;CAN.1_1;RLM9;0.0;0.0;1.0;;1.0;0.0;;REF1002
REC11568;SP923;USA.1_2;RLM9;0.0;0.0;1.0;;1.0;0.0;;REF1002
REC11569;SP926;CAN.1_1;RLM9;0.0;0.0;1.0;;1.0;0.0;1970.0;REF1002
REC11570;SP926;USA.1_1;RLM9;0.0;0.0;1.0;;1.0;0.0;;REF1002
REC11571;SP929;CAN.1_1;RLM9;0.0;0.0;1.0;;1.0;0.0;1954.0;REF1002
REC11572;SP929;USA.1_1;RLM9;0.0;0.0;1.0;;1.0;0.0;1958.0;REF1002
REC11573;SP932;USA.1_1;RLM9;0.0;0.0;1.0;;1.0;0.0;;REF1002
REC11574;SP933;USA.1_1;RLM9;0.0;0.0;1.0;;1.0;0.0;;REF1002
REC11575;SP942;USA.1_1;RLM9;0.0;0.0;1.0;;1.0;0.0;1850.0;REF1002
REC11576;SP942;CAN.1_1;RLM9;0.0;0.0;1.0;;1.0;0.0;;REF1002
REC11577;SP943;USA.1_1;RLM9;0.0;0.0;1.0;;1.0;0.0;1993.0;REF1002
REC11578;SP946;CAN.1_1;RLM9;0.0;0.0;1.0;;1.0;0.0;1882.0;REF1002
REC11579;SP946;USA.1_1;RLM9;0.0;0.0;1.0;;1.0;0.0;1940.0;REF1002
REC11580;SP947;CAN.1_1;RLM9;0.0;0.0;1.0;;1.0;0.0;;REF1002
REC11581;SP947;USA.1_1;RLM9;0.0;0.0;1.0;;1.0;0.0;;REF1002
REC11582;SP954;CAN.1_1;RLM9;0.0;0.0;1.0;;1.0;0.0;;REF1002
REC11583;SP954;USA.1_1;RLM9;0.0;0.0;1.0;;1.0;0.0;1926.0;REF1002
REC11584;SP961;CAN.1_1;RLM9;0.0;0.0;1.0;;1.0;0.0;1860.0;REF1002
REC11585;SP961;USA.1_1;RLM9;0.0;0.0;1.0;;1.0;0.0;1855.0;REF1002
REC11586;SP964;USA.1_1;RLM9;0.0;0.0;1.0;;1.0;0.0;1951.0;REF1002
REC11587;SP964;CAN.1_1;RLM9;0.0;0.0;1.0;;1.0;0.0;;REF1002
REC11588;SP971;USA.1_1;RLM9;0.0;0.0;1.0;;1.0;0.0;1565.0;REF1002
REC11589;SP971;CAN.1_1;RLM9;0.0;0.0;1.0;;1.0;0.0;;REF1002
REC11590;SP971;USA.1_2;RLM9;0.0;0.0;1.0;;1.0;0.0;;REF1002
REC11591;SP972;CAN.1_1;RLM9;0.0;0.0;1.0;;1.0;0.0;;REF1002
REC11592;SP972;USA.1_1;RLM9;0.0;0.0;1.0;;1.0;0.0;1565.0;REF1002
REC11593;SP973;USA.1_1;RLM9;0.0;0.0;1.0;;1.0;0.0;1854.0;REF1002
REC11594;SP973;CAN.1_1;RLM9;0.0;0.0;1.0;;1.0;0.0;;REF1002
REC11595;SP973;USA.1_2;RLM9;0.0;0.0;1.0;;1.0;0.0;;REF1002
REC11596;SP976;CAN.1_1;RLM9;0.0;0.0;1.0;;1.0;0.0;2005.0;REF1002
REC11597;SP982;USA.1_1;RLM9;0.0;0.0;1.0;;1.0;0.0;2008.0;REF1002
REC11598;SP985;CAN.1_1;RLM9;0.0;0.0;1.0;;1.0;0.0;;REF1002
REC11599;SP989;USA.1_1;RLM9;0.0;0.0;1.0;;1.0;0.0;2013.0;REF1002
REC11600;SP990;USA.1_1;RLM9;0.0;0.0;1.0;;1.0;0.0;2002.0;REF1002
REC11601;SP1000;CAN.1_1;RLM9;0.0;0.0;1.0;;1.0;0.0;;REF1002
REC11602;SP1000;USA.1_1;RLM9;0.0;0.0;1.0;;1.0;0.0;1931.0;REF1002
REC11603;SP1002;CAN.1_1;RLM9;0.0;1.0;1.0;;1.0;0.0;1988.0;REF1002
REC11604;SP1005;CAN.1_1;RLM9;0.0;0.0;1.0;;1.0;0.0;;REF1002
REC11605;SP1005;USA.1_1;RLM9;0.0;0.0;1.0;;1.0;0.0;;REF1002
REC11606;SP1006;USA.1_1;RLM9;0.0;0.0;1.0;;1.0;0.0;;REF1002
REC11607;SP1007;USA.1_1;RLM9;0.0;0.0;1.0;;1.0;0.0;;REF1002
REC11608;SP1238;USA.1_1;RLM9;0.0;0.0;1.0;;1.0;0.0;;REF1002
REC11609;SP1014;USA.1_1;RLM9;0.0;0.0;1.0;;1.0;0.0;1776.0;REF1002
REC11610;SP1014;CAN.1_1;RLM9;0.0;0.0;1.0;;1.0;0.0;;REF1002
REC11611;SP1017;USA.1_1;RLM9;0.0;0.0;1.0;;1.0;0.0;1988.0;REF1002
REC11612;SP1017;CAN.1_1;RLM9;0.0;0.0;1.0;;1.0;0.0;;REF1002
REC11613;SP1020;CAN.1_1;RLM9;0.0;0.0;1.0;;1.0;0.0;1925.0;REF1002
REC11614;SP1020;USA.1_1;RLM9;0.0;0.0;1.0;;1.0;0.0;1913.0;REF1002
REC11615;SP1020;USA.1_2;RLM9;0.0;0.0;1.0;;1.0;0.0;;REF1002
REC11616;SP1022;USA.1_1;RLM9;0.0;0.0;1.0;;1.0;0.0;;REF1002
REC11617;SP1029;USA.1_1;RLM9;0.0;0.0;1.0;;1.0;0.0;1870.0;REF1002
REC11618;SP1032;USA.1_1;RLM9;0.0;0.0;1.0;;1.0;0.0;1967.0;REF1002
REC11619;SP1036;USA.1_1;RLM9;0.0;0.0;1.0;;1.0;0.0;1984.0;REF1002
REC11620;SP1039;CAN.1_1;RLM9;0.0;0.0;1.0;;1.0;0.0;;REF1002
REC11621;SP1039;USA.1_2;RLM9;0.0;0.0;1.0;;1.0;0.0;;REF1002
REC11622;SP1039;USA.1_1;RLM9;0.0;0.0;1.0;;1.0;0.0;;REF1002
REC11623;SP1040;USA.1_1;RLM9;0.0;0.0;1.0;;1.0;0.0;1932.0;REF1002
REC11624;SP1043;CAN.1_1;RLM9;0.0;0.0;1.0;;1.0;0.0;;REF1002
REC11625;SP1043;USA.1_1;RLM9;0.0;0.0;1.0;;1.0;0.0;;REF1002
REC11626;SP1044;USA.1_1;RLM9;0.0;0.0;1.0;;1.0;0.0;2011.0;REF1002
REC11627;SP1045;USA.1_1;RLM9;0.0;0.0;1.0;;1.0;0.0;;REF1002
REC11628;SP1053;USA.1_1;RLM9;0.0;0.0;1.0;;1.0;0.0;1880.0;REF1002
REC11629;SP1053;CAN.1_1;RLM9;0.0;0.0;1.0;;1.0;0.0;;REF1002
REC11630;SP1054;USA.1_1;RLM9;0.0;0.0;1.0;;1.0;0.0;;REF1002
REC11631;SP1058;USA.1_1;RLM9;0.0;0.0;1.0;;1.0;0.0;2006.0;REF1002
REC11632;SP1059;USA.1_1;RLM9;0.0;0.0;1.0;;1.0;0.0;2004.0;REF1002
REC11633;SP1061;USA.1_1;RLM9;0.0;0.0;1.0;;1.0;0.0;2004.0;REF1002
REC11634;SP1061;CAN.1_1;RLM9;0.0;0.0;1.0;;1.0;0.0;;REF1002
REC11635;SP1063;CAN.1_1;RLM9;0.0;0.0;1.0;;1.0;0.0;;REF1002
REC11636;SP1063;USA.1_1;RLM9;0.0;0.0;1.0;;1.0;0.0;;REF1002
REC11637;SP1065;USA.1_1;RLM9;0.0;0.0;1.0;;1.0;0.0;;REF1002
REC11638;SP1068;CAN.1_1;RLM9;0.0;0.0;1.0;;1.0;0.0;;REF1002
REC11639;SP1068;USA.1_1;RLM9;0.0;0.0;1.0;;1.0;0.0;1975.0;REF1002
REC11640;SP1070;USA.1_1;RLM9;0.0;0.0;1.0;;1.0;0.0;1840.0;REF1002
REC11641;SP1070;CAN.1_1;RLM9;0.0;0.0;1.0;;1.0;0.0;;REF1002
REC11642;SP1075;USA.1_1;RLM9;0.0;0.0;1.0;;1.0;0.0;1876.0;REF1002
REC11643;SP1075;CAN.1_1;RLM9;0.0;0.0;1.0;;1.0;0.0;;REF1002
REC11644;SP1089;USA.1_1;RLM9;0.0;0.0;1.0;;1.0;0.0;1969.0;REF1002
REC11645;SP1100;CAN.1_1;RLM9;0.0;0.0;1.0;;1.0;0.0;;REF1002
REC11646;SP1100;USA.1_1;RLM9;0.0;0.0;1.0;;1.0;0.0;;REF1002
REC11647;SP1103;CAN.1_1;RLM9;0.0;0.0;1.0;;1.0;0.0;;REF1002
REC11648;SP1103;USA.1_1;RLM9;0.0;0.0;1.0;;1.0;0.0;;REF1002
REC11649;SP1105;CAN.1_1;RLM9;0.0;0.0;1.0;;1.0;0.0;;REF1002
REC11650;SP1105;USA.1_1;RLM9;0.0;0.0;1.0;;1.0;0.0;;REF1002
REC11651;SP1106;CAN.1_1;RLM9;0.0;0.0;1.0;;1.0;0.0;;REF1002
REC11652;SP1106;USA.1_1;RLM9;0.0;0.0;1.0;;1.0;0.0;;REF1002
REC11653;SP1107;CAN.1_1;RLM9;0.0;0.0;1.0;;1.0;0.0;2015.0;REF1002
REC11654;SP1107;USA.1_1;RLM9;0.0;0.0;1.0;;1.0;0.0;2010.0;REF1002
REC11655;SP1108;CAN.1_1;RLM9;0.0;0.0;1.0;;1.0;0.0;;REF1002
REC11656;SP1108;USA.1_1;RLM9;0.0;0.0;1.0;;1.0;0.0;;REF1002
REC11657;SP1126;CAN.1_1;RLM9;0.0;0.0;1.0;;1.0;0.0;;REF1002
REC11658;SP1126;USA.1_1;RLM9;0.0;0.0;1.0;;1.0;0.0;1910.0;REF1002
REC11659;SP1128;USA.1_1;RLM9;0.0;0.0;1.0;;1.0;0.0;;REF1002
REC11660;SP1129;USA.1_1;RLM9;0.0;0.0;1.0;;1.0;0.0;1925.0;REF1002
REC11661;SP1132;USA.1_1;RLM9;0.0;0.0;1.0;;1.0;0.0;1942.0;REF1002
REC11662;SP1134;CAN.1_1;RLM9;0.0;0.0;1.0;;1.0;0.0;2006.0;REF1002
REC11663;SP1134;USA.1_1;RLM9;0.0;0.0;1.0;;1.0;0.0;2007.0;REF1002
REC11664;SP1136;USA.1_1;RLM9;0.0;0.0;1.0;;1.0;0.0;1825.0;REF1002
REC11665;SP1136;CAN.1_1;RLM9;0.0;0.0;1.0;;1.0;0.0;;REF1002
REC11666;SP1142;USA.1_1;RLM9;0.0;0.0;1.0;;1.0;0.0;;REF1002
REC11667;SP1144;CAN.1_1;RLM9;0.0;0.0;1.0;;1.0;0.0;;REF1002
REC11668;SP1144;USA.1_1;RLM9;0.0;0.0;1.0;;1.0;0.0;;REF1002
REC11669;SP1155;CAN.1_1;RLM9;0.0;0.0;1.0;;1.0;0.0;;REF1002
REC11670;SP1155;USA.1_1;RLM9;0.0;0.0;1.0;;1.0;0.0;;REF1002
REC11671;SP1160;CAN.1_1;RLM9;0.0;0.0;1.0;;1.0;0.0;;REF1002
REC11672;SP1160;USA.1_1;RLM9;0.0;0.0;1.0;;1.0;0.0;1910.0;REF1002
REC11673;SP1164;CAN.1_1;RLM9;0.0;0.0;1.0;;1.0;0.0;;REF1002
REC11674;SP1165;USA.1_1;RLM9;0.0;0.0;1.0;;1.0;0.0;;REF1002
REC11675;SP1169;USA.1_1;RLM9;0.0;0.0;1.0;;1.0;0.0;;REF1002
REC11676;SP1170;USA.1_1;RLM9;0.0;0.0;1.0;;1.0;0.0;1565.0;REF1002
REC11677;SP1170;CAN.1_1;RLM9;0.0;0.0;1.0;;1.0;0.0;;REF1002
REC11678;SP1170;USA.1_2;RLM9;0.0;0.0;1.0;;1.0;0.0;;REF1002
REC11679;SP1171;USA.1_1;RLM9;0.0;0.0;1.0;;1.0;0.0;;REF1002
REC11680;SP1172;USA.1_1;RLM9;0.0;0.0;1.0;;1.0;0.0;1565.0;REF1002
REC11681;SP1172;CAN.1_1;RLM9;0.0;0.0;1.0;;1.0;0.0;;REF1002
REC11682;SP1176;USA.1_1;RLM9;0.0;0.0;1.0;;1.0;0.0;;REF1002
REC11683;SP1178;CAN.1_1;RLM9;0.0;0.0;1.0;;1.0;0.0;;REF1002
REC11684;SP1182;USA.1_1;RLM9;0.0;0.0;1.0;;1.0;0.0;1841.0;REF1002
REC11685;SP1182;CAN.1_1;RLM9;0.0;0.0;1.0;;1.0;0.0;;REF1002
REC11686;SP1191;CAN.1_1;RLM9;0.0;1.0;1.0;;1.0;0.0;;REF1002
REC11687;SP1191;USA.1_1;RLM9;0.0;1.0;1.0;;1.0;0.0;;REF1002
REC11688;SP1192;USA.1_1;RLM9;0.0;1.0;1.0;;1.0;0.0;1993.0;REF1002
REC11689;SP1208;USA.1_1;RLM9;0.0;0.0;1.0;;1.0;0.0;1907.0;REF1002
REC11690;SP1208;CAN.1_1;RLM9;0.0;0.0;1.0;;1.0;0.0;;REF1002
REC11691;SP1211;USA.1_1;RLM9;0.0;0.0;1.0;;1.0;0.0;;REF1002
REC11692;SP1239;USA.1_1;RLM9;0.0;0.0;1.0;;1.0;0.0;1987.0;REF1002
REC11693;SP1239;CAN.1_1;RLM9;0.0;0.0;1.0;;1.0;0.0;;REF1002
REC11694;SP1214;CAN.1_1;RLM9;0.0;0.0;1.0;;1.0;0.0;1988.0;REF1002
REC11695;SP1214;USA.1_1;RLM9;0.0;0.0;1.0;;1.0;0.0;1909.0;REF1002
REC11696;SP1215;USA.1_1;RLM9;0.0;0.0;1.0;;1.0;0.0;;REF1002
REC11697;SP1216;USA.1_2;RLM9;0.0;0.0;1.0;;1.0;0.0;1989.0;REF1002
REC11698;SP1216;CAN.1_1;RLM9;0.0;0.0;1.0;;1.0;0.0;;REF1002
REC11699;SP1216;USA.1_1;RLM9;0.0;0.0;1.0;;1.0;0.0;;REF1002
REC11700;SP1222;USA.1_1;RLM9;0.0;0.0;1.0;;1.0;0.0;1879.0;REF1002
REC11701;SP1222;CAN.1_1;RLM9;0.0;0.0;1.0;;1.0;0.0;;REF1002
REC11702;SP1240;USA.2_1;RLM9;0.0;0.0;1.0;;1.0;0.0;;REF1096
REC11703;SP1241;USA.2_1;RLM9;0.0;0.0;1.0;;1.0;0.0;;REF1096
REC11704;SP1242;USA.2_1;RLM9;0.0;0.0;1.0;;1.0;0.0;;REF1096
REC11705;SP1243;ITA.1_1;RLM11;0.0;0.0;1.0;;1.0;0.0;2018.0;REF829
REC11706;SP1243;CHE.1_1;RLM11;0.0;0.0;1.0;;1.0;0.0;2018.0;REF829
REC11707;SP1243;DEU.1_1;RLM11;0.0;0.0;1.0;;1.0;0.0;;REF345
REC11708;SP1243;ESP.1_1;RLM11;0.0;0.0;1.0;;1.0;0.0;2024.0;REF829
REC11709;SP1243;PRT.1_1;RLM11;0.0;0.0;1.0;;1.0;0.0;2025.0;REF829
REC11710;SP1244;NZL.1_1;;0.0;;1.0;;1.0;0.0;;REF840
REC11711;SP1244;CHL.1_1;RLM1;0.0;;1.0;;1.0;0.0;;REF1129
REC11712;SP1245;AUS.1_1;RLM2;0.0;;1.0;;1.0;0.0;;REF840
REC11713;SP1246;NZL.1_1;;0.0;;1.0;;1.0;0.0;;REF840
REC11714;SP1247;NZL.1_1;;0.0;;1.0;;1.0;0.0;;REF840
REC11715;SP1248;NZL.1_1;;0.0;;1.0;;1.0;0.0;;REF840
REC11716;SP1249;NZL.1_1;;0.0;;1.0;;1.0;0.0;;REF840
REC11717;SP1250;CHN.1_1;RLM6;0.0;0.0;1.0;;1.0;0.0;;REF1197
REC11718;SP1251;AUS.1_1;RLM2;0.0;0.0;1.0;;1.0;0.0;;REF179
REC11719;SP1252;AUS.1_1;RLM2;0.0;;1.0;;1.0;0.0;;REF840
REC11720;SP1253;KOR.1_1;RLM11;0.0;;1.0;;;;2022.0;REF581
REC11721;SP1254;KOR.1_1;RLM11;0.0;;1.0;;;;2019.0;REF581
REC11722;SP1255;KOR.1_1;RLM11;0.0;;1.0;;;;2023.0;REF581
REC11723;SP1256;KOR.1_1;RLM11;0.0;;1.0;;;;2018.0;REF581
REC11724;SP276;KOR.1_1;RLM11;0.0;;1.0;;;;2021.0;REF581
REC11725;SP1257;KOR.1_1;RLM11;0.0;;1.0;;;;2023.0;REF581
REC11726;SP1258;KOR.1_1;RLM11;0.0;;1.0;;;;2022.0;REF581
REC11727;SP1259;KOR.1_1;RLM11;0.0;;1.0;;;;2018.0;REF581
REC11728;SP1260;KOR.1_1;RLM11;0.0;;1.0;;;;2018.0;REF581
REC11729;SP550;KOR.1_1;RLM11;0.0;;1.0;;;;2023.0;REF581
REC11730;SP1261;KOR.1_1;RLM11;0.0;;1.0;;;;2023.0;REF581
