Zhang, A. and Li, H. (2005). Catalogue of Eucosmini from China (Lepidoptera: Tortricidae) SHILAP Revista de Lepidopterologia. 33(131): 265-298;
Zhang, A. and Li, H. (2005). Catalogue of Eucosmini from China (Lepidoptera: Tortricidae). SHILAP Revista de lepidopterologia. 33(131): 265-298;
Dantas, J., Motta, I., Vidal, L., Nascimento, E., Bilio, J., Pupe, J., ... and Albuquerque, E. (2021). A comprehensive review of the coffee leaf miner Leucoptera coffeella (Lepidoptera: Lyonetiidae) - A major pest for the coffee crop in Brazil and others Neotropical countries. Insects. 12(12): 1130;
Dantas, J., Motta, I., Vidal, L., Nascimento, E., Bilio, J., Pupe, J., ... and Albuquerque, E. (2021). A comprehensive review of the coffee leaf miner Leucoptera coffeella (Lepidoptera: Lyonetiidae) - A major pest for the coffee crop in Brazil and others Neotropical countries.¬†Insects.¬†12(12): 1130;
Eichlin, T. and Cunningham, H. (1978). The Plusiinae (Lepidoptera: Noctuidae) of America north of Mexico, emphasizing genitalic and larval morphology (No. 1567). Department of Agriculture, Agricultural Research Service.;
Eichlin, T. and Cunningham, H. (1978). The Plusiinae (Lepidoptera: Noctuidae) of America north of Mexico, emphasizing genitalic and larval morphology (No. 1567). Department of Agriculture, Agricultural Research Service. Washington D.C., United States of America.;
ElShahed, S. M., Mostafa, Z., Radwan, M. and Hosni, E. (2023). Modeling the potential global distribution of the Egyptian cotton leafworm, Spodoptera littoralis under climate change. Scientific Reports. 13(1): 17314;
ElShahed, S., Mostafa, Z., Radwan, M. and Hosni, E. (2023). Modeling the potential global distribution of the Egyptian cotton leafworm, Spodoptera littoralis under climate change. Scientific Reports. 13: 17314;
Gaedike, R. (2019) Tineidae II : Myrmecozelinae, Perissomasticinae, Tineinae, Hieroxestinae, Teichobiinae and Stathmopolitinae. Microlepidoptera of Europe. Vol. 9. Leiden : Brill;
Gaedike, R. (2019).¬†Tineidae II: (Myrmecozelinae, Perissomasticinae, Tineinae, Hieroxestinae, Teichobiinae and Stathmopolitinae). Brill. Leiden, Netherlands.;
Goater, B., Nuss, M. and Speidel, W. (2022). Pyraloidea I:(Acentropinae, Evergestinae, Heliothelinae, Schoenobiinae, Scopariinae) (Vol. 4). Brill. Leiden, Netherlands.;
Goater, B., Nuss, M. and Speidel, W. (2022). Pyraloidea I:(Acentropinae, Evergestinae, Heliothelinae, Schoenobiinae, Scopariinae) (Vol. 4). In: Nuss, M., Karsholt, O., Mutanen, M. (Eds.). Microlepidoptera of Europe. Brill. Leiden, Netherlands.;
Hashimoto, K. and Ohgushi, T. (2017). How do two specialist butterflies determine growth and biomass of a shared host plant? Population Ecology. 59: 17–27;
Hashimoto, K. and Ohgushi, T. (2017). How do two specialist butterflies determine growth and biomass of a shared host plant? Population Ecology. 59: 17‚Äì27;
Hayden, J. and Landry, J. (2020). Arcola malloi (Pastrana), the alligatorweed stemborer, a new synonym of Macrorrhinia endonephele (Hampson)(Lepidoptera: Pyralidae: Phycitinae). Insecta mundi. 768: 1–25;
Hayden, J. and Landry, J. (2020). Arcola malloi (Pastrana), the alligatorweed stemborer, a new synonym of Macrorrhinia endonephele (Hampson)(Lepidoptera: Pyralidae: Phycitinae). Insecta mundi. 768: 1‚Äì25;
Holloway, J. (2009) Moths of Borneo 13. Family Noctuidae, subfamilies Pantheinae (part), Bagisarinae, Acontiinae, Aediinae, Eustrotiinae, Bryophilinae, Araeopteroinae, Aventiinae, Eublemminae and further miscellaneous genera. Malayan Nature Journal. 62 (1) : 1-240;
Holloway, J. (2009). Moths of Borneo 13. Family Noctuidae, subfamilies Pantheinae (part), Bagisarinae, Acontiinae, Aediinae, Eustrotiinae, Bryophilinae, Araeopteroinae, Aventiinae, Eublemminae and further miscellaneous genera. Malayan Nature Journal. 62 (1) : 1-240;
Holloway, J. (1982) Further notes on the Lepidoptera of Norfolk Island, with particular reference to migrant species. Journal of Natural History, 16(3): 351-365;
Holloway, J. (1982). Further notes on the Lepidoptera of Norfolk Island, with particular reference to migrant species. Journal of Natural History, 16(3): 351-365;
Invasive Species Specialist Group ISSG (2020). Global Register of Introduced and Invasive Species GRIIS. Available at: https://griis.org;https://www.nature.com/articles/s41597-022-01514-z#Sec11
Zalucki, M., Day, M. and Playford, J. (2007). Will biological control of Lantana camara ever succeed? Patterns, processes & prospects. Biological Control. 42: 251–261;
Zalucki, M., Day, M. and Playford, J. (2007). Will biological control of Lantana camara ever succeed? Patterns, processes & prospects. Biological Control. 42: 251‚Äì261;
Witts, H. (2024). Hypsopygia nostralis (Guen√©e, 1854),(Lep.: Pyralidae), the Southern Hayworm: New to Britain. Entomologists Record & Journal of Variation, 136: 258-260;
Witts, H. (2024). Hypsopygia nostralis (Guenée, 1854),(Lep.: Pyralidae), the Southern Hayworm: New to Britain. Entomologists Record & Journal of Variation, 136: 258-260;
Withers, T. (2001). Colonization of eucalypts in New Zealand by Australian insects. Austral Ecology, 26(5), 467-476.;
Withers, T. (2001). Colonization of eucalypts in New Zealand by Australian insects. Austral Ecology, 26(5): 467-476;
Waterhouse, D. (1993). The major arthropod pests and weeds of agriculture in Southeast Asia: distribution, importance and origin. Australian Centre for International Agricultural Research - ACIAR. Ausralia, Camberra.;
Waterhouse, D. (1993). The major arthropod pests and weeds of agriculture in Southeast Asia: distribution, importance and origin. Australian Centre for International Agricultural Research - ACIAR. Ausralia, Camberra. ;
VanDyk, J., Sellers, E. and Bartlett, T. (2020). BugGuide - Identification, Images, & Information For Insects, Spiders & Their Kin For the United States & Canada. Version 1.5. United States Geological Survey.;https://www.gbif.org/pt/dataset/cca13f2c-0d2c-4c2f-93b9-4446c0cc1629
;
;
;
;
;
;
;
;
;
;
;
;
;
;
;
;
;
;
;
;
;
;
;
;
;
;
;
;
;
;
;
;
;
;
;
;
;
;
;
;
;
;
;
;
;
;
;
;
;
;
;
;
;
;
;
;
;
;
;
;
;
;
;
;
;
;
;
;
;
;
;
;
;
;
;
;
;
;
;
;
;
;
;
;
;
;
;
;
;
;
;
;
;
;
;
;
;
;
;
;
;
;
;
;
;
;
;
;
;
;
;
;
;
;
;
;
;
;
;
;
;
;
;
;
;
;
;
;
;
;
;
;
;
;
;
;
;
;
;
;
;
;
;
;
;
;
;
;
;
;
;
;
;
;
;
;
;
;
;
;
;
;
;
;
;
;
;
;
;
;
;
;
;
;
;
;
;
;
;
;
;
;
;
;
;
;
;
;
;
;
;
;
;
;
;
;
;
;
;
;
;
;
;
;
;
;
;
;
;
;
;
;
;
;
;
;
;
;
;
;
;
;
;
;
;
;
;
;
;
;
;
;
;
;
;
;
;
;
;
;
;
;
;
;
;
;
;
;
;
;
;
;
;
;
;
;
;
;
;
;
;
;
;
;
;
;
;
;
;
;
;
;
;
;
;
;
;
;
;
;
;
;
;
;
;
;
;
;
;
;
;
;
;
;
;
;
;
;
;
;
;
;
;
;
;
;
;
;
;
;
;
;
;
;
;
;
;
;
;
;
;
;
;
;
;
;
;
;
;
;
;
;
;
;
;
;
;
;
;
;
;
;
;
;
;
;
;
;
;
;
;
;
;
;
;
;
;
;
;
;
;
;
;
;
;
;
;
;
;
;
;
;
;
;
;
;
;
Goebel, R. (2006). The effect of temperature on development and reproduction of the sugarcane stalk borer, Chilo sacchariphagus (Bojer 1856)(Lepidoptera: Crambidae). African Entomology. 14(1): 103-111;
Goergen, G., Kumar, P., Sankung, S., Togola, A. and Tamo, M. (2016). First Report of Outbreaks of the Fall Armyworm Spodoptera frugiperda (J E Smith) (Lepidoptera, Noctuidae), a New Alien Invasive Pest in West and Central Africa. PLoS One. 11: e0165632;
Goglia, L. (2021). Faunistic Notes on Lepidoptera Tortricidae from Calabria (South Italy) - Contribution to the knowledge of the Lepidoptera Tortricidae fauna of Mediterranean ecosystems. [PhD Thesis, Universita degli Studi della Tuscia and Universita degli Studi del Molise];
Gomboc, S. and Koren, T. (2015). The distribution of Cryphia ochsi Boursin, 1940 and Cryphia algae (Fabricius, 1775)(Lepidoptera: Noctuidae) in Slovenia and Croatia. Acta entomologica slovenica. 23(2): 117-34;
Goncalves, R., Mastrangelo, T., Rodrigues, J., Paulo, D., Omoto, C., Correa, A. and Azeredo-Espin, A. (2019). Invasion origin, rapid population expansion, and the lack of genetic structure of cotton bollworm (Helicoverpa armigera) in the Americas. Ecology and Evolution. 9: 7378-7401;
Gong, C. (2005) The first record of the Eremic Lycaenid Deudorix livia (Klug, 1834) in Europe. Atalanta, 36(1): 109-112;
Gonzales, J. (2003). Castniinae (Lepidoptera: Castniidae) from Venezuela. V: Castnia Fabricius and Telchin Hu¬®bner. Boleti¬¥n del Centro de Investigaciones Biolo¬¥gicas. 37(3): 191-201;
Gonzalez-Hernandez, A., Lopez-Martinez, V., Solis, M., Guillen-Sanchez, D. and Burgos-Solorio, A. (2019). First report of range expansion of the cactus webworm, Loxomorpha flavidissimalis (Grote)(Pyraloidea: Crambidae), to central Mexico and central Texas, USA. Florida Entomologist, 102(3): 638-641;
Gonzalez, J. and Cock, M. (2004). A synopsis of the Castniidae (Lepidoptera) of Trinidad and Tobago. Zootaxa. 762(1): 1-19;
Goode, M. and Burk, D. (2013). A new subspecies of Papilio helenus Linnaeus, 1758 (Lepidoptera: Papilionidae) from Simeulue Island, Indonesia. Butterflies (Teinopalpus), (63): 53-55;
Gordon, A. (2011). Biological control endeavours against Australian myrtle, Leptospermum laevigatum (Gaertn.) F. Muell.(Myrtaceae), in South Africa. African Entomology, 19(1): 349-355;
Gordon, A. and Lyons, C. (2017). Current status of Carposina autologa (Lepidoptera: Carposinidae), a biological control agent of silky hakea, Hakea sericea (Proteaceae) and rock hakea, Hakea gibbosa (Proteaceae) in the Western Cape, South Africa. African Entomology. 25(1): 250-253;
Government of British Columbia (2018). Metzneria paucipunctella Zell. Available at: https://www2.gov.bc.ca/assets/gov/farming-natural-resources-and-industry/forestry/agents/metzneria_paucipunctella.pdf;
Government of Canada (2015). Forest Invasive Alien Species - Established species;
Gozmany L. (1960). The results of the zoological collecting trip to Egypt in 1957, of the Natural History Museum, Budapest. 8. Egyptian Microlepidoptera II.;
Grain Research and Development Corporation (2022). Weed Web Moth Fact Sheet. Available at: https://grdc.com.au/resources-and-publications/all-publications/factsheets/2022/weed-web-moth-fact-sheet;
Grant, G., Retnakaran, A. and Howse, G. (1995). Oak leafshredder, Croesia semipurpurana. Pages 149-153 (Chapter 16) in: Armstrong, J. and Ives, W. (eds). Forest Insect Pests in Canada. Natural Resources Canada, Canadian Forest Service, Headquarters, Ottawa. 732 p.;
Green, D. (1984). A Proposed Origin of the Coffee Leaf-miner, Leucoptera coffeella (Guerin-Meneville) (Lepidoptera: Lyonetiidae). Bulletin of the Entomological Society of America. 30(1): 30‚Äì31;
Greenberg, S., Sappington, T., Legaspi Jr., B., Liu, T. and Setamou, M. (2001). Feeding and Life History of Spodoptera exigua (Lepidoptera: Noctuidae) on Different Host Plants. Annals of the Entomological Society of America. 94(4): 566-575;
Griffin, B., Chandler, J., Andersen, J., Havill, N. and Elkinton, J. (2020). The Reliability of Genitalia Morphology to Monitor the Spread of the Invasive Winter Moth (Lepidoptera: Geometridae) in Eastern North America. Environmental Entomology. 49(6): 1492-1498;
Griffith, T. and Gillett-Kaufman, J. (2018). Fiery Skipper Hylephila phyleus (Drury)(Insecta: Lepidoptera: Hesperiidae): EENY-697/IN1194, 12/2017. EDIS, 2018(1):1-4;
Groenen, F. and Meurisse, N. (2012). Historical distribution of the oak processionary moth Thaumetopoea processionea in Europe suggests recolonization instead of expansion. Agricultural and forest entomology. 14(2): 147-155;
Grote, A. (1883). Introduction to a Study of the North American Noctuidae. Proceedings of the American Philosophical Society. 21(114): 134-176;
Gubin, A. (2021). Four invasive alien phytophagous insects new to Armenia. Phytoparasitica. 49:163-166;
Guenee, A. (1852). Noctuelites II. in Boisduval and Guenee: Histoire naturelle des insectes;
Guerout, R. (1974). Occurrence of Phyllocnistis citrella in West Africa. Fruits (Paris). 29: 519-523;
Guerrero, J., Pozas, M. and Ortiz, A. (2021). First record and DNA barcoding of Donacaula niloticus (Zeller, 1867) from the Iberian Peninsula (Lepidoptera: Crambidae). Biodiversity Data Journal. 9: e70193;
Guerrero, K., Veloz, D., Boyce, S. and Farrell, B. (2004). First New World documentation of an Old World citrus pest, the Lime Swallowtail Papilio demoleus (Lepidoptera: Papilionidae), in the Dominican Republic (Hispaniola). Ammerican Entomologist. 50(4): 227-229;
Guichard, S. and Augustin, S. (2002). Acute spread in France of an invasive pest, the horse chestnut leafminer Cameraria ohridella Deschka & Dimic (Lep., Gracillariidae). Journal of Pest Science. 75: 145-149;
Gumhalter, D. (2019). A revised checklist of pyraloid moths (Lepidoptera: Pyraloidea) in Croatia. Natura Croatica: Periodicum Musei Historiae Naturalis Croatici. 28(2): 271-288;
Gustafsson, B. (1996). Nigra fjiirilsarter importerade till Sverige med bananer. Entomologisk Tidskrift. 117(3): 123-124;
Gyulai, P., Ronkay, L. and Saldatis, A. (2011) New Noctuidae species from China and the Himalayas (Lepidoptera, Noctuoidea). Esperiana Band. 16: 166-197;
Habeck, D. and Bennett, F. (1990). Cactoblastis cactorum Berg (Lepidoptera: Pyralidae), a phycitine new to Florida. Entomology Circular. 333;
Habeck, D. and Cuda, J. (2009). Waterlily Leafcutter, Synclita obliteralis (Walker)(Insecta: Lepidoptera: Crambidae: Acentropinae). Univerity of Florida, IFAS Extension, EENY. 424: 1-4;
Haddad, K., Kalaentzis, K. and Demetriou, J. (2020). On track to becoming a cosmopolitan invasive species: First record of the box tree moth Cydalima perspectalis (Lepidoptera: Crambidae) in the African continent. Entomologia Hellenica. 29: 27-32;
Haggis, M. (1986). Distribution of the African armyworm, Spodoptera exempta (Walker)(Lepidoptera: Noctuidae), and the frequency of larval outbreaks in Africa and Arabia. Bulletin of Entomological Research. 76(1): 151-170;
Haidari, H. (1956). The biology and control of the cotton leaf perforator. [Master of Sciences Thesis, The University of Arizona]. UA Campus Repository;
Haines, W., Starr, F., Starr, K. and King, W. (2011). A New Record of the Fruit Piercing Moth Oraesia excavata (Butler)(Erebidae: Calpinae: Calpini) for Hawaii and the United States. The Journal of the Lepidopterists Society. 65(1): 53-57;
"Halloran, K. and Wason, E. (2013). ""Papilio polytes"" (On-line), Animal Diversity Web. University of Michigan. Michigan, United States of America. Available at: https://animaldiversity.org/accounts/Papilio_polytes/";
Hang, D., Liem, N., Lam, P., Wyckhuys, K., Thuy, N., Hang, T., ... and Viet, N. (2020). First record of fall armyworm Spodoptera frugiperda (J.E. Smith), (Lepidoptera: Noctuidae) on maize in Viet Nam. Zootaxa. 4772(2): 396-400;
Hanif, H., Khan, S., Khan, M. and Raza, M. (2013). First record of Deilephila elpenor L. moth from Chakwal Punjab Pakistan. International Journal of Fauna and Biological Studies. 3(2): 10-13;
Hao, J., Sun, M., Shi, Q., Sun, X., Shao, L. and Yang, Q. (2013). Complete mitogenomes of Euploea mulciber (Nymphalidae: Danainae) and Libythea celtis (Nymphalidae: Libytheinae) and their phylogenetic implications. International Scholarly Research Notices, 2013(1): 491636;
Hao, S. (2008). New Recorded Species of Pterophoridae from China (Lepidoptera: Pterophoridae). Sichuan Journal of Zoology, 27(5): 815-817;
Harris, K. (1990). Keynote address: bioecology of Chilo species. International Journal of Tropical Insect Science. 11(4): 467-477;
Harris, P. (1958). Life-History and Natural Control in British Columbia of Ocnerostoma piniariella Zell.(Lepidoptera: Yponomeutidae), a Needle Miner on White Pine. The Canadian Entomologist. 90(10): 627-631;
Harrison, T., Dean, C., Parks, K. and Berenbaum, M. (2016). Depressaria depressana (Fabricius)(Depressariidae), new to the Midwestern USA. The Journal of the Lepidopterists Society. 70(2): 169-173;
Haseler, W. (1966). The Status of Insects Introduced for the Biological Control of Weeds in Queensland. Australian Journal of Entomology. 5(1): 1-4;
Hausmann, A. and Viidalepp, J. (2012). The Geometrid Moths of Europe, Volume: 3 - Larentinae I. Apollo Books;
Hayden, J. (2017). A Shoemaker Butterfly Prepona laertes (Lepidoptera: Nymphalidae):Department of Entomology and Nematology, UF/IFAS - EDIS: EENY684;
Hayden, J. (2019). Syngamia florella (Stoll), the orange-spotted flower moth (Lepidoptera: Crambidae: Spilomelinae). FDACS-P-02105, 440;
Hayden, J. and Buss, L. (2012). Olive shootworm (Palpita persimilis) in Florida. Florida Department of Agriculture and Consumer Services - Division of Plant Industry - Entomology Circular. 426;
Hayden, J. and Troubridge, J. (2015). Nacoleia charesalis (Walker) spreading in Florida. News of the Lepidopterists Society. 57(1): 8-10;
Hayden, J., Lee, S., Passoa,S., Young, J., Landry, J., Nazari, V., ... and Ahlmark, K. (2013). Digital Identification of Microlepidoptera on Solanaceae. USDA-APHIS-PPQ Identification Technology Program (ITP). Fort Collins, CO. Available at: https://idtools.org/microlep_solan/;
He, L., Zhao, S., Ali, A., Ge, S. and Wu, K. (2021). Ambient Humidity Affects Development, Survival, and Reproduction of the Invasive Fall Armyworm, Spodoptera frugiperda (Lepidoptera: Noctuidae), in China. Journal of Economic Entomology. 114(3): 1145-1158;
Heard, T. and Paynter, Q. (2009). Mimosa pigra (Leguminosae). In: Biological control of tropical weeds using arthropods. Cambridge University Press, Cambridge, UK. 256-273.;
Heard, T., Elliott, L., Anderson, B., White, L., Burrows, N., Mira, A., ... and Segura, R. (2010). Biology, host specificity, release and establishment of Macaria pallidata and Leuciris fimbriaria (Lepidoptera: Geometridae), biological control agents of the weed Mimosa pigra. Biological Control. 55: 248-255;
Heckford, R. (1986). A specimen of the Adoxophyes privatana (Walker) species-group (Lepidoptera: Tortricidae) bred from imported orchids. Entomologists Gazette 37: 196;
Heckford, R. and Beavan, S. (2020). Discovery in Cornwall, England, of the larva of the Tasmanian species Barea asbolaea (Meyrick, 1883)(Lepidoptera: Oecophoridae), together with an account of all the early stages. Entomologists Gazette, 71(2): 75-92;
Heinrich, C. (1956). Checklist of American Phycitinae. Bulletin of the United States National Museum. 207: 316‚Äì329;
Heppner, J. (1992). Biology and immature stages of the bromeliad pod borer, Epimorius testaceellus, in Florida (Lepidoptera: Pyralidae: Galleriinae). Tropical Lepidoptera Research: 57-62;
Heppner, J. (1993). Citrus leafminer, Phyllocnistis citrella, in Florida (Lepidoptera: Gracillariidae: Phyllocnistinae). Tropical Lepididoptera. 4: 49-64;
Heppner, J. and Frank, J. (1999). Bromeliad Pod Borer, Epimorius testaceellus Ragonot (Insecta: Lepidoptera: Pyralidae). EENY-040/IN167, 5/1999. EDIS, 1999.;
Higgins, L. (1977). The speckled wood (Pararge aegeria) in Madeira. Boletim do Museu Municipal do Funchal. 29: 26-32;
Hight, S., Carpenter, J., Bloem, K., Bloem, S., Pemberton, R. and Stiling, P. (2002).Expanding Geographical Range of Cactoblastis catorum (Lepidoptera: Pyralidae) in North America. Florida Entomologist. 85(3): 527-529;
Hill, R. and Gourlay, A. (2002). Host-range testing, introduction, and establishment of Cydia succedana (Lepidoptera: Tortricidae) for biological control of gorse, Ulex europaeus L., in New Zealand. Biological Control, 25(2): 173-186;
Hill, R., ODonnell, D., Gourlay, A., and Speed, C. (1995). Suitability of Agonopterix ulicetella (Lepidoptera: Oecophoridae) as a Control for Ulex europaeus. Biocontrol Science and Technology. 5: 3-10;
Hinojosa, J., Koubinova, D., Szenteczki, M., Pitteloud, C., Dinca, V., Alvarez, N. and Vila, R. (2019). A mirage of cryptic species: genomics uncover striking mitonuclear discordance in the butterfly Thymelicus sylvestris. Molecular ecology. 28(17): 3857-3868;
Hirai, N., Sakamoto, Y. and Ishii, M. (2011). Effects of photoperiod and temperature on development and diapause in a noctuid moth, Asota ficus (Fabricius)(Lepidoptera: Noctuidae), of the Osaka population. Lepidoptera Science, 62(4): 166-174;
Hizal, E. (2012). Two Invasive Alien Insect Species, Leptoglossus occidentals (Heteroptera: Coreidae) and Cydalima perspectalis (Lepidoptera: Crambidae), and their Distribution and Host Plants in Istanbul Province, Turkey. Florida Entomologist. 95(2): 344-349;
Hizal, E., Kose, M., Yesil, C. and Kaynar, D. (2012). The New Pest Cydalima perspectalis (Walker, 1859) (Lepidoptera: Crambidae) in Turkey. Journal of Animal and Veterinary Advances. 1(3): 400-403;
Hoddle, M. and Hoddle, C. (2008). Bioecology of Stenoma catenifer (Lepidoptera: Elachistidae) and associated larval parasitoids reared from Hass avocados in Guatemala. Journal of Economic Entomology, 101(3): 692-698;
Hodges, R. (1964) A new species of Crasimorpha reared from Schinus. Proceedings of the Entomological Society of Washington.  65: 303-305;
Hodges, R. (1966). Review of New World Species of Batrachedra, with Description of Three New Genera (Lepidoptera: Gelechioidea). Transactions of the American Entomological Society. 92(4): 585‚Äì651;
Hodges, R. (1969). Nearctic Walshiidae: notes and new taxa (Lepidoptera: Gelechioidea). Smithsonian Contributions To Zoology. 18: 1-30;
Hoebeke, E. (1987). Yponomeuta cagnagella (Lepidoptera: Yponomeutidae): A palearctic ermine moth in the United States, with notes on its recognition, seasonal history, and habits.¬†Annals of the Entomological Society of America.¬†80(4): 462-467;
Hoebeke, E., Wheeler Jr, A. and Degregorio, R. (1993). Coleophora colutella (Lepidoptera: Coleophoridae): a Palearctic pest of crownvetch, Coronilla varia (Fabaceae), new to North America. Annals of the Entomological Society of America. 86(2): 134-141;
Hoebeke, E., Wheeler, A. and Brown, J. (2008). Archips xylosteana (L.)(Lepidoptera: Tortricidae), a palearctic leafroller new to North America. Proceedings of the Entomological Society of Washington. 110(3): 789-795;
Hoffmann, J. (1986). Evidence that the two currently recognized nominal species of Tucumania Dyar (Lepidoptera: Phycitidae) are not distinct. Journal of the Entomological Society of Southern Africa, 49(2): 267-274;
Holland, P. (2023). The genome sequence of the Sulphur Tubic, Esperia sulphurella (Fabricius, 1775). Wellcome Open Research. 8: 156;
Holloway, J. and Miller, S. (2003). The composition, generic placement and host-plant relationships of the joviana-group in the Parallelia generic complex (Lepidoptera: Noctuidae, Catocalinae). Invertebrate Systematics, 17(1): 111-128;
Holtz, A., Rondelli, V., Celestino, F., Bestete, L. and Carvalho, J. (Eds.) (2015). Pragas das brassicas. Instituto Federal de Ensino, Ci√™ncia e Tecnologia do Espirito Santo (IFES).;
Homziak, M. and Homziak, J. (2006). Papilio demoleus (Lepidoptera: Papilionidae): a new record for the United States, Commonwealth of Puerto Rico. Florida Entomologist. 89(4): 485-488;
Hong, K., Lee, J., Lee, G. and Lee, S. (2012). The status quo of invasive alien insect species and plant quarantine in Korea. Journal of Asia-Pacific Entomology. 15: 521-532;
Horak, M. (1994). A Review of Cadra Walker in Australia: Five New Native Species and the Two Introduced Pest Species (Lepidoptera: Pyralidae: Phycitinae). Australian Journal of Entomology. 33: 245-262;
Hosking, G., Clearwater, J., Handiside, J., Kay, M., Ray, J. and Simmons, N. (2003) Tussock moth eradication - a success story from New Zealand, International Journal of Pest Management. 49(1): 17-24;
Hossain, M., Mian, M. and Muniappan, R. (2016). First Record of Tuta absoluta (Lepidoptera: Gelechiidae) from Bangladesh. Journal of Agricultural and Urban Entomology. 32(1):101-105;
Howard, L. and Chittenden, F. (1909). The Leopard Moth:(Zeuzera Pyrina Fab.).  US Department of Agriculture Bureau of Entomology Circular. 109: July 6, 1909;
Howarth, T. (1969). Some African Nymphalidae (Lepidoptera). Proceedings of the Royal Entomological Society of London. Series B, Taxonomy. 38(11): 141-156;
Hoy, M. and Nguyen, R. (1997). Classical Biological Control of the Citrus Leafminer Phyllocnistis citrella Stainton (Lepidoptera: Gracillaridae): Theory, Practice, Art and Science. Tropical Lepidoptera. 8(1): 1-19;
Hsu, Y., Shen, Z., Huang, H., Huang, C. and Lu, C. (2022). Alien species revises systematic status: integrative species delimitation of two similar taxa of Symbrenthia Hobner, [1819] (Lepidoptera, Nymphalidae). PeerJ. 11: e14644;
Hua, C., Salzman, S. and Pierce, N. (2018). A first record of Anatrachyntis badia (Hodges 1962)(Lepidoptera: Cosmopterigidae) on Zamia integrifolia (Zamiaceae). Florida Entomologist. 335-338;
Irungbam, J. and Irungbam, M. (2019). Contributions to the knowledge of moths of Bombycoidea Latreille, 1802 (Lepidoptera: Heterocera) of Bhutan with new records. Journal of Threatened Taxa. 11(8): 14022-14050;
Ishizuka, K., Shinkawa, T., Endo, H. and Nonaka, M. (2011). Molecular phylogeny of Japanese Catocala moths based on nucleotide sequences of the mitochondrial ND5 gene. Zoological science, 28(12): 910-915;
Ito, Y. and Miyashita, K. (1968). Biology of Hyphantria cunea Drury (Lepidoptera: Aarctiidae) in Japan. V. Preliminary Life Tables and Mortality Data in Urban Areas. Researches on Population Ecology. X:177-209;
Ivinskis, P. and Rimsaite, J. (2008). Phaneroptera falcate (Poda, 1761) (Orthoptera, Phaneropteridae) in Lithuania. Acta Zoologica Lituanica. 18(4): 270-272;
Jacobs, J. and Mangold, J. (2009). Ecology and Management of Eurasian Watermilfoil (Myriophyllum spicatum L.). United States Department of Agriculture. Natural Resources Conservation Service. Invasive Species Technical Note No. MT-23;
Jallow, M., Dahab A., Albaho, M., Devi, V., Awadh, D. and Thomas, B. (2019). Baseline susceptibility and assessment of resistance risk to flubendiamide and chlorantraniliprole in Tuta absoluta (Lepidoptera: Gelechiidae) populations from Kuwait. Applied Entomology and Zoology. 54: 91-99;
Jang, E., Siderhurst, M., Conant, P. and Siderhurst, L. (2009). Phenology and population radiation of the nettle caterpillar, Darna pallivitta (Moore) (Lepidoptera: Limacodidae) in Hawaii. Chemoecology. 19: 7-12;
Jankovic, M. and Petrovskii, S. (2013). Gypsy moth invasion in North America: A simulation study of the spatial pattern and the rate of spread. Ecological Complexity. 14: 132-144;
Jayanthi, P., Verghese, A., Shashank, P. and Kempraj, V. (2014). Spread of indigenous restricted fruit borer, Citripestis eutraphera (Meyrick)(Lepidoptera: Pyralidae) in mango: Time for domestic quarantine regulatory reforms. Pest Management in Horticultural Ecosystems, 20(2): 227-230;
Jeong, J., Kim, M., Kim, S. and Kim, I. (2018). Complete mitochondrial genome of the female-wingless bagworm moth, Eumeta variegata Snellen, 1879 (Lepidoptera: Psychidae). Mitochondrial DNA Part B, 3(2): 1037-1039;
Jeong, J., Kim, M., Kim, S., Choi, S. and Kim, I. (2018). DNA data and morphology suggest an occurrence of Dendrolimus sibiricus Tschetverikov, 1908 (Lepidoptera: Lasiocampidae) instead of D. superans Butler, 1877, in South Korea. Entomological Research. 48(2): 108-121;
Jie, L., Yang, J. and Li, W. (2020). Potential distribution analysis of an invasive alien species Parapediasia teterrella (Lepidoptera, Crambidae) in East Asia. Journal of Asia-Pacific Entomology. 23(1): 219-223;
Jie, L., Yang, J. and Li., W. (2020). Potential distribution analysis of an invasive alien species Parapediasia teterrella (Lepidoptera, Crambidae) in East Asia. Journal of Asia-Pacific Entomology. 23: 219-223;
Jiggins, C., McMillan, W., Neukirchen, W. and Mallet, J. (1996). What can hybrid zones tell us about speciation? The case of Heliconius erato and H. himera (Lepidoptera: Nymphalidae). Biological Journal of the Linnean Society. 59(3): 221-242;
Jin, T., Lin, Y., Jin, Q., Wen, H. and Peng, Z. (2018). Design and selection of an artificial diet for the coconut black-headed caterpillar, Opisina arenosella, based on orthogonal array analysis. Journal of Integrative Agriculture. 17(12): 2758-2757;
Jing, D., Guo, J., Jiang, Y., Zhao, J., Sethi, A., He, K. and Wang, Z. (2020). Initial detections and spread of invasive Spodoptera frugiperda in China and comparisons with other noctuid larvae in cornfields using molecular techniques. Insect Science. 27: 780-790;
Johnson, D. and Stiling, P. (1998). Distribution and Dispersal of Cactoblastis cactorum (Lepidoptera: Pyralidae), an Exotic Opuntia-Feeding Moth, in Florida. The Florida Entomologist. 81(1): 12-22;
Johnson, K. (1984). Identification of Eoreuma loftini (Dyar)(Lepidoptera: Pyralidae) in Texas, 1980: Forerunner for other sugarcane boring pest immigrants from Mexico?. Bulletin of the ESA. 30(3): 47-52;
Joshi, R., Singh, N. and Laszlo, G. (2019). An updated checklist of subfamily Nolinae (Lepidoptera, Nolidae) from India. Records of the Zoological Survey of India. 119(3): 263-281;
Joshi, R., Singh, N., Ahmad, J. and Farooqui, S. A. (2024). A Catalogue of Indian Euteliidae (Lepidoptera, Noctuoidea). Zootaxa, 5448(2): 151-182;
Josvai, J., Koczor, S. and Toth, M. (2014). Performance of traps baited with female-targeted lure vs. pheromone traps for monitoring of the green budworm moth Hedya nubiferana Haw. in Hungary. Acta Phytopathologica et Entomologica Hungarica. 49(2): 223-233;
Joyce, A., White, W., Nuessly, G., Solis, M., Scheffer, S., Lewis, M. and Medina, R. (2014). Geographic population structure of the sugarcane borer, Diatraea saccharalis (F.)(Lepidoptera: Crambidae), in the southern United States. PLoS One. 9(10): e110036;
Julien, M. (2000). Biological control of water hyacinth with arthropods: a review to 2000. Aciar Proceedings, ACIAR;
"Julien, M. (2000). Biological control of water hyacinth with arthropods: a review to 2000. Aciar Proceedings, ACIAR; 1998: 8-20";
Jung, J., Byeon, D., Jung, S. and Lee, W. (2019). Effect of climate change on the potential distribution of the common cutworm (Spodoptera litura) in South Korea. Entomological Research. 49(12): 519-528;
Jung, J., Seo, B., Kim, Y. and Lee, S. (2016). Can Maruca vitrata (Lepidoptera: Crambidae) Over-winter in Suwon Area? Korean Journal of Applied Entomology. 55(4): 439-444;
Junnilainen, J., Karsholt, O., Nupponen, K., Kaitila, J., Nupponen, T. and Olschwang, V. (2010). The gelechiid fauna of the southern Ural Mountains, part II: list of recorded species with taxonomic notes (Lepidoptera: Gelechiidae). Zootaxa. 2367(1): 1-68;
Jurc, M., Csoka, G. and Hrasovec, B. (2016). Potentially Important Insect Pests of Celtis australis in Slovenia, Croatia and Hungary. Sumarski list. 11: 577‚Äì588;
Kacar, G. and Ulusoy, M. (2011). Zelleria oleastrella (Milliere) (Lepidoptera: Yponomeutidae), a new record for the fauna of Turkey. Turkish Journal of Zoology. 35(6): 15;
Kaila, L. (1995). A Revision Of The North American Perittia (Onceroptila), With First Nearctic Records Of The Genus Mendesia (Elachistidae). Journal of the Lepidopterists Society. 49(3): 208-222;
Kalawate, A., Shabnam, A. and Dinesh, K. (2022). First Indian DNA barcode record for the moth species Pygospila tyres (Cramer, 1780) (Lepidoptera: Crambidae: Spilomelinae) distributed in Asia and Australia. Journal of Threatened Taxa. 14(2): 20637‚Äì20642;
Kaleka, A., Singh, D. and Kaur, P. (2018). Studies on genus Hippotion Huebner (Sphingidae: Lepidoptera) from India. Journal of Entomological Research, 42(1): 129-134;
Kambor, J. (2022). Apple moth-an occasional pest of Swiss apple orchards. Vignes et Vergers. 54(5): 12-13;
Kamburov, S. (1986). New pests and beneficial insects on citrus in South Africa - Part I. Citrus and Subtropical Fruit Journal. 625: 6-7;
Kamtchou, Y., Haman, A., Kentsop Tsafong, R., Mbianda, A., Simo, H. and Tindo, M. (2023). Overall dominance of Spodoptera frugiperda Smith (Lepidoptera: Noctuidae) within the lepidopteran pests community infesting maize fields in the Littoral Region of Cameroon. International Journal of Tropical Insect Science, 43(1): 163-172;
Karami, A., Talebi, A., Gilasian, E., Fathipour, Y. and Mehrabadi, M. (2022). Native parasitoids of the fall webworm, Hyphantria cunea (Drury, 1773) (Lepidoptera, Erebidae), an invasive alien pest in northern Iran. Journal of Insect Biodiversity and Systematics. 09(1): 81-101;
Karn, R., Paudel, A. and Pandey, S. (2020). Hypena opulenta: a biological weed control agent for controlling an invasive weed species, swallow-wort: a review. Environment Contaminants Review. 3(1): 1-3;
Karsholt, O. and Sinev, S. (2004). Contribution to the Lepidoptera fauna of the Madeira Islands Part 4. Blastobasidae.¬†Beitrage zur Entomologie.¬†54(2): 387-463;
Karsholt, O., Baldizzone, G. and Gomboc, S. (2023). Overview of the Gelechiidae Moths (Lepidoptera) of Krk Island, Croatia: Diversity, Distribution and Ecological Insights. GORTANIA Botanica, Zoologia. 45: 95-124;
Karsholt, O., Baldizzone, G. and Gomboc, S. (2023). Overview of the Gelechiidae moths (Lepidoptera) of Krk Island, Croatia: diversity, distribution and ecological insights. Gortania, Botanica, Zoologia, 45, 95-124.;
Kaspi, R., Steinitz, H., Nemny-Lavi, E., Lebedev, G., Melamed, E., and Gazit, Y. (2019). Nontarget host risk assessment of the egg parasitoid trichogrammatoidea cryptophlebiae (hymenoptera: Trichogrammatidae) for classical biological control of the false codling moth (Lepidoptera: Tortricidae) in Israel. Journal of Economic Entomology. 113(2): 1023-1027;
Kawahara, A., Breinholt, J., Ponce, F., Haxaire, J., Xiao, L., Lamarre, G., ... and Kitching, I. (2013). Evolution of Manduca sexta hornworms and relatives: biogeographical analysis reveals an ancestral diversification in Central America. Molecular Phylogenetics and Evolution. 68(3): 381-386;
Kawazu, K., Otuka, A., Adati, T., Tonogouchi, H. and Yase, J. (2008). Lepidoptera captured on the East China Sea in 2005 and predicted migration sources. Entomological science, 11(3): 315-322;
Kazilas, C., Kalaentzis, K., Demetriou, J., Koutsoukos, E., Strachinis, I. and Andriopoulos, P. (2021). Utilization of citizen science data to monitor alien species: the box tree moth Cydalima perspectalis (Walker, 1859) (Lepidoptera: Crambidae) invades natural vegetation in Greece. BioInvasions Records. 10(4): 1032-1044;
Kendrick, R. (2005). Kadoorie Farm and Botanic Garden 2005 Fauna Checklist. RIB International Ltd., Kowloon Bay, Hong Kong;
Khan, A. and Baloch, G. (1976). Coleophora klimeschiella [Lep.: Coleophoridae] a promising biocontrol agent for russian thistles, Salsola spp. Entomophaga 21 (4): 425-428;
Khan, Z., Barrion, A., Litsinger, J., Castilla, N. and Joshi, R. (1988). A bibliography of rice leaffolders (Lepidoptera: Pyralidae). International Journal of Tropical Insect Science, 9(2): 129-174;
Khramov, P. (Ed.) (2007). Insecta.pro: international entomological community. Available online at: https://insecta.pro;
Kim, S., Han, T. and Park, K. (2023). One Newly Recorded Species, Autosticha kyotensis (Lepidoptera: Autostichidae) from Korea with a World Checklist of the Genus. Korean Journal of Applied Entomology. 62(2):61-67;
Kimberling, D., Miller, J. and Penrose, R. (1986). Distribution and parasitism of winter moth, Operophtera-brumata (Lepidoptera, Geometridae), in western Oregon. Environmental Entomology. 15: 1042-1046;
Kinyanjui, G., Khamis, F., Ombura, F., Kenya, E., Ekesi, S. and Mohamed, S. (2019). Infestation Levels and Molecular Identification Based on Mitochondrial COI Barcode Region of Five Invasive Gelechiidae Pest Species in Kenya. Journal of Economic Entomology. 112(2): 872-882;
Kipp, R., Larson, J. and Fusaro, A. (2024). Acentria ephemerella Olivier, 1791: U.S. Geological Survey, Nonindigenous Aquatic Species Database, Gainesville, FL, and NOAA Great Lakes Aquatic Nonindigenous Species Information System, Ann Arbor, MI, https://nas.er.usgs.gov/queries/GreatLakes/FactSheet.aspx?Species_ID=2362, Revision Date: 9/13/2019, Access Date: 7/8/2024;
Kirichenko, N., Augustin, S. and Kenis, M. (2019). Invasive leafminers on woody plants: a global review of pathways, impact, and management. Journal of Pest Science. 92: 93-106;
Kirichenko, N., Karpun, N., Zhuravleva, E., Shoshina, E., Anikin, V. and Musolin, D. (2023). Invasion Genetics of the Horse-Chestnut Leaf Miner, Cameraria ohridella (Lepidoptera: Gracillariidae), in European Russia: A Case of Successful Involvement of Citizen Science in Studying an Alien Insect Pest. Insects. 14: 117;
Kirichenko, N., Kolyada, N. and Gomboc, S. (2023). First Discovery of the North American Leaf-Mining Moth Chrysaster ostensackenella (Lepidoptera: Gracillariidae) in Russia: The Genetic Diversity of a Novel Pest in Invaded vs Native Range. Insects.14: 642;
Kirichenko, N., Triberti, P., Akulov, E., Ponomarenko, M. and Lopez-Vaamonde, C. (2019). Novel Data on the Taxonomic Diversity, Distribution, and Host Plants of Leafmining Moths of the Family Gracillariidae (Lepidoptera) in Siberia, Based on DNA Barcoding. Entomological Review. 99(6): 796-819;
Kirichenko, N., Zakharov, E. and Lopez-Vaamonde, C. (2022). Tracing the invasion of a leaf-mining moth in the Palearctic through DNA barcoding of historical herbaria. Scientific Reports. 12: 5065;
Kirk, H., Dorn, S. and Mazzi, D. (2013). Worldwide population genetic structure of the oriental fruit moth (Grapholita molesta), a globally invasive pest. BMC Ecology. 13: 12;
Kirti, J. and Singh, H. (2013). An inventory of subfamily Catocalinae (Noctuidae: Lepidoptera) from North-East India. Journal of Applied Biosciences. 39(1): 1-22;
Kluge, R. and Caldwell, P. (1993). Host Specificity of Parachaetes insulata (Lepidoptera: Arctiidae), a Biological Control Agent for Chromolaena odorata (Compositae). Entomophaga. 38(4): 451-457;
Kluge, R. and Caldwell, P. (1993). Host specificity of Pareuchaetes insulata (Lep.: Arctiidae), a biological control agent for Chromolaena odorata (Compositae). Entomophaga. 38: 451-457;
Knill-Jones, R. (2019). Conistra rubiginosa (Scopoli 1763) Black-spotted Chestnut. A brief summary of recent records in England. Entomologist s Record and Journal of Variation, 131: 103-104;
Knopf, K. and Habeck, D. (1976). Life history and biology of Samea multiplicalis. Environmental Entomology, 5(3): 539-542;
Kocak, A., Kemal, M. and Akdeniz, I. (2006). A new genus and species to the Lepidoptera Fauna of Turkey and Syria (Papilionidae). Centre for Entomological Studies Ankara - Miscellaneous Papers. 97: 1-6;
Kocak, O. and Cerci, B. (2021). Lepidoptera fauna of Karaman with two new records for Turkey. Munis Entomology and Zoology. 16 (2): 1171-1234;
Koch, C. and Waterhouse, D. (2000). The distribution and importance of arthropods associated with agriculture and forestry in Chile. Australian Centre for International Agricultural Research (ACIR). ACIR Monographs. Australia, Canberra. 234pp.;
Kolosova, Y. and Bolotov, I. (2020). Recent invasion of the Lime Swallowtail Papilio demoleus (Lepidoptera: Papilionidae) to Seychelles. Ecologica Montenegrina 28: 31-39;
Konan, K., NGoran, S., Fondio, L., Ochou, G., Kone, D., Desneux, N. and Martin, T. (2022). Geographical distribution and host range status of Tuta absoluta Meyrick (Lepidoptera: Gelechiidae) in Cote dIvoire. International Journal of Tropical Insect Science. 42: 365-377;
Konecna, H. and Sefrova, H. (2014). Morphology, biology and control possibilities of two Argyresthia species‚ÄìA. thuiella and A. trifasciata (Lepidoptera: Argyresthiidae). Acta Universitatis Agriculturae et Silviculturae Mendelianae Brunensis. 62(3): 529-538;
Kononenko, V. and Pinratana, A. (2013). Moths of Thailand. Noctuoidea. An illustrated Catalogue of Erebidae, Nolidae, Euteliidae and Noctuidae (Insecta, Lepidoptera) in Thailand. Brothers of St. Gabriel in Thailand. Bangkok.;
Kononenko, V., Ahn, S. and Ronkay, L. (1998). Illustrated catalogue of Noctuidae in Korea (Lepidoptera). Insect of Korea. Series 3. Korea Research Institute of Bioscience and Biotechnology : Center for Insect Systematics;
Koo, J., Kim, S. and Cho, S. (2019). Chrysaster ostensackenella (Fitch, 1859) (Lepidoptera: Gracillariidae) new to Korea. Korean Journal of Applied Entomology. 58 (3): 225-228;
Koren, T. (2022). The Diversity of Moths (Lepidoptera: Heterocera) of Significant Landscape Donji Kamenjak and Medulin Archipelago, Istria, Croatia. In Annales: Series Historia Naturalis (Vol. 32, No. 1, pp. 237-260). Scientific and Research Center of the Republic of Slovenia.;
Koren, T. and Crne, M. (2012). The first record of the box tree moth, Cydalima perspectalis (Walker, 1859) (Lepidoptera, Crambidae) in Croatia. Natura Croatica. 21: 507-510;
Koshkin, E. and Bezborodov, V. (2019). First record of Sphecodina caudata (Bremer & Grey, 1852) (Lepidoptera, Sphingidae) from Amur Oblast, with an overview of its distribution in Russia. Check List. 15(5): 847-850;
Koster, S. and Sammut, P. (2006). Faunistic notes on Momphidae, Batrachedridae, Stathmopodidae and Cosmopterigidae from the Maltese Islands. Nota lepidopterologica. 29(1): 49;
Koster, S. and Sammut, P.(2006). Faunistic notes on Momphidae, Batrachedridae, Stathmopodidae and Cosmopterigidae from the Maltese Islands. Nota lepidopterologica. 29(1): 49-63;
Koster, S., Alpizar, M., Badenes-Perez, F.and Nishida, K. (2007). Two species of the Mompha trithalama-complex as possible biological control of Koster‚Äôs curse and Velvet tree. XV European Congress of Lepidopterology - Berlin.;
Koster, S., Baldizzone, G., Deutsch, H., Huemer, P. and van Nieukerken, E. (2019). The Eastern Palaearctic Cosmopterix feminella Sinev, 1988, introduced in Italy: taxonomy, biology and a new synonymy (Lepidoptera, Cosmopterigidae). Nota Lepidopterologica, 42, 49-61.;
Kovacs, Z. and Kovacs, S. (2020). Contributions to the knowledge of the Depressariidae, Peleopodidae, Ethmiidae and Fuchsiini (Lepidoptera, Gelechioidea) of Romania, with an annotated checklist. Travaux du Museum National d‚ÄôHistoire Naturelle Grigore Antipa. 63(2): 203-254;
Kovacs, Z. and Kovacs, S. (2023). An overview of the Romanian Meessiidae, Eriocottidae and Tineidae (Lepidoptera, Tineoidea) summarizing the current knowledge in an updated and annotated checklist. Entomologica romanica. 27: 1-34;
Krauss, N. (1966). Biological control investigations on some Hawaiian weeds. Proceedings, Hawaiian Entomological Society. 19(2): 223-231;
Kravchenko, V., Fibiger, M., Mooser, J., Junnila, A. and Muller, G. (2007). The Hadeninae of Israel (Lepidoptera: Noctuidae). SHILAP Revista de lepidopterologia. 35(140): 441-454;
Kravchenko, V., Fibiger, M., Mooser, J., Junnila, A. and Muller, G. C. (2007). The Hadeninae of Israel (Lepidoptera: Noctuidae). SHILAP Revista de lepidopterologia. 35(140): 441-454;
Kravchenko, V., Muller, G., Allan, S., and Yefremova, Z. (2014). Seven invasive owlet moths (Lepidoptera: Noctuidae) in Israel and their potential parasitoids (Hymenoptera: Chalcidoidea). Phytoparasitica. 42: 333-339;
Kravchenko, V., Muller, G., Orlova, O. and Seplyarskaya, V. (2004). The Catocalinae (Lepidoptera: Noctuidae) of Israel. Russian Entomological Journal. 13(3): 175-186;
Kriticos, D., Ota, N., Hutchison, W., Beddow, J., Walsh, T., Tay, W., ... and Zalucki, M. (2015). The Potential Distribution of Invading Helicoverpa armigera in North America: Is It Just a Matter of Time?. PLOS ONE. 10(3): e0119618;
Krivosheina, M. and Ozerova, N. (2020). Horse-chestnut leafminer Cameraria ohridella: invasion history and prognosis. IOP Conference Services: Earth Environmental Sciences. 579: 012071;
Kroschel, J. and Zegarra, O. (2013). Attract-and-kill as a new strategy for the management of the potato tuber moths Phthorimaea operculella (Zeller) and Symmetrischema tangolias (Gyen) in potato: evaluation of its efficacy under potato field and storage conditions. Pest management science. 69(11): 1205-1215;
Krsteska, V. and Stojanoski, P. (2012) Phthorimaea operculella (Zeller, 1983), in the tobacco agro-ecosystem. In: International Conference on BioScience: Biotechnology and Biodiversity The Forth Joint UNS ‚Äì PSU, Novi Sad.;
Krushelnycky, P., Starr, F., Starr, K., Abran, M., Thorne, M., Leary, J., Fukada, M. and Rubinoff, D. (2018). Performance of the biocontrol agent Secusio extensa (Lepidoptera: Erebidae) on its target host, Senecio madagascariensis (Madagascar fireweed), on an alternate host, Delairea odorata (Cape ivy), and on non-target plants, in Hawaii. Biological Control. 121: 234-246;
Ksentini, I., Jardak, T. and Zeghal, N. (2011). First report on Virachola livia Klug. (Lepidoptera: Lycaenidae) and its effects on different pomegranate varieties in Tunisia. Bulletin OEPP/EPPO Bulletin. 41: 178-182;
Kuhlmann, U., Carl, K. and Mills, N. (1998). Quantifying the impact of insect predators and parasitoids on populations of the apple ermine moth, Yponomeuta malinellus (Lepidoptera: Yponomeutidae), in Europe. Bulletin of entomological research. 88(2): 165-175;
Kumar, V., Reddy, P., Anal, A. and Nath, V. (2014). Outbreak of the looper, Perixera illepidaria (Lepidoptera: Geometridae) on litchi, Litchi chinensis (Sapindales: Sapindaceae)-a new pest record from India. Florida Entomologist, 97(1): 22-29;
Kumata, T. (1956). A revision of the Japanese species of the genus Leucoma Stephens (Lepidoptera, Lymantriidae). Insecta matsumurana. 20(3): 107-113;
Kumata, T. (1961). Descriptions of a new genus and a new species of Gracillariidae from Japan (Lepidoptera). Insecta matsumurana. 24(1): 52-56;
Kumata, T. and Horak, M. (1997). The native Dialectica aemula (Meyrick) and the introduced Dialectica scalariella (Zeller)(Lepidoptera: Gracillariidae) in Australia: characterisation of two closely related species on Boraginaceae. Australian Journal of Entomology. 36(1): 25-35;
Kundu, S., Kundu, B., Talukdar, S., Bano, S., Nayak, S., Kundu, J., ... and Ghosh, A. (2012), Nonmulberry silk biopolymers. Biopolymers. 97: 455-467;
Kuroko, H. (1964). Revisional studies on the family Lyonetiidae of Japan (Lepidoptera). ESAKIA. 4: 1-61;
Kurr, A. and Szasorv, C. (2000). Survey Of The Taiwanese Ethmiinae (Leprdoprera, Oecophoridae) With Descriptions Of Three New Species. Acta Zoologica Academiae Scientiaruh Hungaricae. 46(1):  53-78;
Lafontaine, J. and Schmidt, B. (2010). Annotated check list of the Noctuoidea (Insecta, Lepidoptera) of North America north of Mexico. ZooKeys. 40: 1-239;
Lafontaine, J. and Sullivan, J. (2009). A review of the genus Megalographa Lafontaine and Poole (Lepidoptera: Noctuidae: Plusiinae) with the description of a new species from Costa Rica. Insecta Mundi. 0077: 1-10;
Lambkin, T. and Knight, A. (2007). Confirmation of Euploea leucostictos (Gmelin) and E. netscherierana (Fruhstorfer)(Lepidoptera: Nymphalidae) in Torres Strait, Queensland, and the first record of E. tulliolus dvdgeonis (Grose-Smith) in Australia. The Australian Entomologist, 34(1): 15-26;
Lance, D., Leonard, D., Mastro, V. and Walters, M. (2016). Mating Disruption as a Suppression Tactic in Programs Targeting Regulated Lepidopteran Pests in US. Journal of Chemical Ecology. 42: 590-605;
Landolt, P., Worth, R. and Zack, R. (2010). First report of Hecatera dysodea (Denis and Schiffermuller)(Noctuidae) in the Pacific Northwest of the United States. The Journal of the Lepidopterists Society. 64(4): 192-196;
Landry, B. (2016). Taxonomic revision of the Spilomelinae (Lepidoptera, Pyralidae sl) of the Galapagos Islands, Ecuador. Revue suisse de Zoologie, 123(2), 315-399.;
Landry, B. (2020). Taxonomic revision of the Spilomelinae (Lepidoptera, Pyralidae sl) of the Gal√°pagos Islands, Ecuador. Revue suisse de Zoologie, 123(2): 315-399;
Landry, B. (2020). Taxonomic revision of the Spilomelinae (Lepidoptera, Pyralidae sl) of the Galápagos Islands, Ecuador. Revue suisse de Zoologie, 123(2): 315-399;
Landry, J. (2007). Taxonomic review of the leek moth genus Acrolepiopsis (Lepidoptera: Acrolepiidae) in North America. The Canadian Entomologist. 139: 319-353;
Landry, J. and Wright, B. (1993). Systematics of the Nearctic species of metallic-green Coleophora (Lepidoptera: Coleophoridae). The Canadian Entomologist, 125(3): 549-618;
Landry, J., Nazari, V., Dewaard, J. , Mutanen, M., Lopez-Vaamonde, C., Huemer, P. and Hebert, P. (2013). Shared but overlooked: 30 species of Holarctic Microlepidoptera revealed by DNA barcodes and morphology.¬†Zootaxa.¬†3749(1): 1-93;
Langdon, W. (2023). Dialectica scalariella (Zeller, 1850)(Lep.: Gracillariidae) at Dungeness, Kent: The first British Breeding Record. Entomologists Record & Journal of Variation. 135: 6-18;
Lee, D., Bayarsaikhan, U., Na, S., Ko, J., Lee, T. and Bae, Y. (2018). Review of the stored product pest genus Nemapogon Schrank, 1802 (Lepidoptera, Tineidae) from Korea. Journal of Asia-Pacific Biodiversity, 11(4): 554-559;
Lee, D., Lee, B., Shin, Y., Lee, T., Cha, Y. and Bae, Y. (2020). A review of the genus Erechthias Meyrick (Lepidoptera, Tineidae), with two newly recorded species from Korea. Journal of Asia-Pacific Biodiversity, 13(4): 625-630;
Lee, G., Hayden, J. and Kawahara, A. (2014). External egg morphology of the Hawaiian dancing moth, Dryadaula terpsichorella (Lepidoptera: Tineidae). Journal of Natural History. 48(15-16): 969-974;
Lee, J. and Pemberton, W. (2005). Larval parasitoids of the apple ermine moth, Yponomeuta malinellus in Korea, Japan, and China. BioControl. 50: 247-258;
Lee, S., Watkinson, I., and Vargo, J. (2017). Ornativalva erubescens (Walsingham) (Lepidoptera: Gelechiidae) Introduced in North America. The Journal of the Lepidopterists Society. 71(3): 141-145;
Lee, T., Ko, J., Lee, D., Kim, H., Cha, Y., Bayarsaikhan, U., ... and Bae, Y. (2019). Two species of Pyraustine moths new to Korea (Lepidoptera: Crambidae). Journal of Asia-Pacific Biodiversity. 12(1): 79-82;
Leiss, K. (2011). Management practices for control of ragwort species. Phytochemistry Reviews, 10(1): 153-163;
Leong, T. and Lim, K. (2009). Final instar caterpillar and metamorphosis of the hawkmoth, Theretra nessus (Drury) in Singapore (Lepidoptera: Sphingidae: Macroglossinae). Nature in Singapore, 2, 503-510.;
Leps, J. and Spitzer, K. (1990). Ecological determinants of butterfly communities (Lepidoptera, Papilionoidea) in the Tam Dao mountains, Vietnam. Acta Entomologica Bohemoslovaca, 87(3): 182-194;
Leraut, G. (2019). Contribution a la connaissance des Pyralidae Phycitinae de Madagascar, des Comores et des Mascareignes (III) ‚Äì Revision et inventaire des especes presentes a Madagascar et dans les Mascareignes. Revue Fran√ßaise dEntomologie Generale. 1(2): 38-198;
LeRoux, E. and Reimer, C. (1959). Variation Between Samples of Immature Stages, and of Mortalities from Some Factors, of the Eye-Spotted Bud Moth, Spilonota ocellana (D. & S.)(Lepidoptera: Olethreutidae), and the Pistol Casebearer, Coleophora serratella (L.)(Lepidoptera: Coleophoridae), on Apple in Quebec. The Canadian Entomologist. 91(7): 428-449;
Leroy, L., Mille, C. and Fogliani, B. (2021). The common fruit-piercing moth in the Pacific Region: a Survey of the current state of a significant Worldwide Economic Pest, Eudocima phalonia (Lepidoptera: Erebidae), with a focus on New Caledonia. Insects, 12(2): 117;
Lesovoya, N., Sykaloa, O., Chumakb, P., Vigerab, S. and Kliuchevychb, M. (2019). The Mediterranean Butterfly Phyllonorycter platani (Staudinger, 1870) in the Fomin Botanic Garden (Kiev, Ukraine). Russian Journal of Biological Invasions. 10(1): 104-107;
Levi-Zada, A., Fefer, D., Madar, R., Steiner, S. and Kaspi, R. (2019). Evaluation of pheromone of false codling moth Thaumatotibia leucotreta in Israel by sequential SPME/GCMS analysis and field trials. Journal of Pest Science. 93: 519-529;
Li, A., Chen, Z., Liao, F., Zhao, Y., Qin, C., Wang, M., ... and Huang, D. (2024). Sugarcane borers: species, distribution, damage and management options. Journal of Pest Science, 97(3): 1171-1201;
Li, H. and Sattler, K. (2012). A taxonomic revision of the genus Mesophleps Hubner, 1825 (Lepidoptera: Gelechiidae). Zootaxa. 3373: 1-82.;
Li, W., Zhang, Z., Lin, L. and Terenius, O. (2017). Antheraea pernyi (Lepidoptera: Saturniidae) and its importance in sericulture, food consumption, and traditional Chinese medicine. Journal of economic entomology, 110(4): 1404-141;
Li, X., Wang, Y., Rong, W., Liu, X. and Li, R. (2020). A new record of complete mitochondrial genome of Parantica aglea (Lepidoptera: Danainae) and its phylogeny. Mitochondrial DNA Part B, 5(2): 1257-1258;
Li, Y., Duan, X., Qiao, X., Li, X., Wang, K., Men, Q. and Chen, M. (2015). Mitochondrial DNA revealed the extent of genetic diversity and invasion origin of populations from two separate invaded areas of a newly invasive pest, Cydia pomonella (L.) (Lepidoptera: Tortricidae) in China. Bulletin of Entomological Research. 105(4): 485-496;
Lim, G. (2002). Observations of Prasinoxena monospila and Doloessa viridis (Lepidoptera: Pyralidae) on the bark of Khaya ivorensis in Malaysia. Journal of Tropical Forest Science. 14(1): 158-161;
Littlefield, J., Birdsall, J., Helsley, J. and Markin, G. (2000). A petition for the introduction and field release of the Chondrilla root moth, Bradyrrhoa gilveolella (Treitschke), for the biological control of rush skeletonweed in North America. USDA-APHIS Biological Control of Weeds Petition.;
Liu T., Cai Y., Wang C. and Li H. (2015). Biology of Chrysaster ostensackenella (Fitch), a new invasive pest of black locust Robinia pseudoacacia L. plantations, and a new record of a related species, in China. Chinese Journal of Applied Entomology. 52 (4): 942-950;
Liu, X., Wang, D., Yang, Z., Zhou, H., Zhao, Q. and Fan, T. (2019). Bright silver brilliancy from irregular microstructures in butterfly Curetis acuta moore. Advanced Optical Materials, 7(18): 1900687;
Lok, A., Ang, W., Tan, H., Corlett, T. and Tan, P. (Eds.) (2012). The Native Fauna of the Native Garden at Hortpark: Birds, Fishes, Amphibians, Reptiles, Butterflies, Moths, Damselflies and Dragonflies. Raffles Museum of Biodiversity Research, National University of Singapore and Centre for Urban Greenery and Ecology, National Parks Board. Singapore.;
Lopez-Vaamonde, C., Agassiz, D., Augustin, S., De Prins, J., De Prins, W., Gomboc, S., ... and Lees, D. (2010). Lepidoptera. Chapter 11. BioRisk 4: 603-668;
Lotts, K. and Naberhaus, T. (coords.) (2024). Butterflies and Moths of North America. http://www.butterfliesandmoths.org/ (Version 07082024).;
Lourido, G. and Motta, C. (2017). First record of Xylophanes ploetzi (Moschler, 1876) (Lepidoptera, Sphingidae) from Brazil. Check List. 13 (6): 1055-1058;
Lu, B., Tang, Z., Bellis, G., Li, Y., Peng, Z., Jin, Q. and Wen, H. (2016). Life table analysis under constant temperature for Opisina arenosella (Lepidoptera: Xyloryctidae), an invasive moth of palm plants. Austral Entomology. 55: 334-339;
Lu, H., Lyu, B., Tang, J., Wu, Q., Wyckhuys, K., Le, K., ... and Zhang, Q. (2023). Ecology, invasion history and biodiversity-driven management of the coconut black-headed caterpillar Opisina arenosella in Asia. Frontiers in Plant Science. 14: 1116221;
MAF (2006). Two Auckland Pest Moth Populations Declared Eradicated: Media Release.;
Maharjan, R. and Jung, C. (2011). Rearing methods of potato tuber moth, Phthorimaea oper- culella (Zeller) (Lepidoptera: Gelechiidae). Korean Journal of Soil Zoology. 15: 53-57;
Maharramova, S. and Ayberk, H. (2017). New records of leafrollers reared in Azerbaijan (Lepidoptera: Tortricidae). Linz Biol Beitr. 49(1): 677-686;
Mahi, T., Harizia, A., Canelo, T., Benguerai, A. and Bonal, R. (2024). Tracing the origin of the alien pest Cydia pomonella in Algeria through a worldwide comparison of the species‚Äô DNA barcodes. Agricultural and Forest Entomology. 1-11;
Maier, C. (2001).  Exotic lepidopteran leafminers in North American apple orchards: rise to prominence, management, and future threats. Biological Invasions. 3: 283-293;
Maier, C. (2005). Hosts, pattern of seasonal emergence and flight, and new distributional records of palearctic Pasiphila rectangulata (Lepidoptera: Geometridae) in the northeastern United States. Annals of the Entomological Society of America. 98(2): 214-218;
Majka, C. (2005). The linden bark borer (Lepidoptera: Agonoxenidae) infesting European linden in Nova Scotia. Canadian Entomologist. 137: 620-621;
Mallis, A. (1954). Handbook of Pest Control. The Behavior, Life History, and Control of Household Pests.  MacNair-Dorland Co.;
Mally, R., Korycinska, A., Agassiz, D., Hall, J., Hodgetts, J. and Nuss, M. (2015). Discovery of an unknown diversity of Leucinodes species damaging Solanaceae fruits in sub-Saharan Africa and moving in trade (Insecta, Lepidoptera, Pyraloidea). ZooKeys. 472: 117–162;
Mally, R., Korycinska, A., Agassiz, D., Hall, J., Hodgetts, J. and Nuss, M. (2015). Discovery of an unknown diversity of Leucinodes species damaging Solanaceae fruits in sub-Saharan Africa and moving in trade (Insecta, Lepidoptera, Pyraloidea). ZooKeys. 472: 117‚Äì162;
Mally, R., Turner, R., Blake, R., Fenn-Moltu, G., Bertelsmeier, C., Brockerhoff, E., ... and Liebhold, A. (2022), Moths and butterflies on alien shores - global biogeography of non-native Lepidoptera. Dryad, Dataset. Available at: https://doi.org/10.5061/dryad.31zcrjdnw;
Mandal, D. and Shukla, J. (1980). Redescription of the Genus and Species Tiracola plagiata (Walker)[Lepidoptera: Noctuidae]. Records of the Zoological Survey of India, 76: 87-92;
Manuel, J., Tennent, W., Buden, D. and Moore, A. (2018). First record of Doleschallia tongana (Lepidoptera: Nymphalidae) for Guam Island. F1000Research. 7: 366;
Marabuto, E. (2006). The occurrence of a neotropical hawkmoth in southern Portugal: Agrius cingulatus (Fabricius, 1775) (Lepidoptera: Sphingidae). Boletin de la Sociedad Entomologica Aragonesa. 38: 163-166;
Marianelli, L., Iovinella, I., Strangi, A., Madonni, L., Efetov, K., Tarmann, G., ... and Roversi, P. (2020). First record of the pest Artona (Fuscartona) martini Efetov, 1997 (Lepidoptera Zygaenidae Procridinae Artonini) in European territory. Redia: Journal of Zoology/Giornale di Zoologia. 103: 3-7;
Mariau, D. (2001). The fauna of oil palm and coconut: insect and mites pests and their natural enemies. Editions Quae.;
Markhasiov, M. (2023). First record of Western Pygmy-Blue Brephidium exilis (Boisduval, 1852) in Iran. Atalanta. 54(1): 116-118;
Marko, K. and Verovnik, R. (2009). First record of Cacyreus marshalli (Lycaenidae) from the Balkan Peninsula. Nota Lepidopterologica. 32 (1): 81 - 82;
Martelli, F. and Paradiso, F. (2022). Invasion patterns and niche comparison of the butterfly Cacyreus marshalli among native and non-native range. Biological Invasions. 24: 3935-3952;
Martelli, M. (1956). Osservazioni sulletologia della Coleophora anatipennella Hb.(Lepidoptera Coleophoridae). Bollettino di zoologia agraria e bachicoltura, 22: 247-255;
Martin-Garcia, J., Jactel, H. and Diez, J. (2011). Patterns and monitoring of Sesia apiformis infestations in poplar plantations at different spatial scales. Journal of Applied Entomology. 135(5): 382-392;
Martin, J. (1959). The Bionomics of the Pine Bud Moth, Exoteleia dodecella L.(Lepidoptera: Gelechiidae), in Ontario1. The Canadian Entomologist. 91(1): 5-14;
Martinez, J., Crane, J., Wasielewski, J., Miller, J. and Carrillo, D. (2019). Lepidoptera pests of sapodilla (Manilkara zapota (L.) van Royen) in south Florida, with some comments on life history and natural control. Insecta Mundi. 0739: 1-26;
Mashhoor, K., Lazar, K., Shanas, S. and Ramesh, N. (2015). Mitochondrial DNA analysis revealed Gondwanan origin of the common evening brown butterfly, Melanitis leda (Lepidoptera: Nymphalidae). Journal of Agricultural Technology, 11(3): 649-656;
Mason, P., Appleby, M., Juneja, S., Allen, J., and Landry, J. (2010). Biology and development of leek moth, Acrolepiopsis assectella (Lepidoptera: Acrolepiidae), in eastern Ontario. Canadian Entomologist. 142: 393-404;
Mather, B. (1992) Hileithia decostalis (Crambidae: Pyraustinae), new to the United States. Journal of the Lepidopterists Society 46(2): 159-160;
Matheson, P., Parvizi, E., Fabrick, J., Siddiqui, H., Tabashnik, B., Walsh, T. and McGaughran, A. (2023). Genome-wide analysis reveals distinct global populations of pink bollworm (Pectinophora gossypiella). Scientific Reports. 13(1): 11762;
"Matosevic, D. (2013). Box tree moth (Cydalima perspectalis, Lepidoptera; Crambidae), new invasive insect pest in Croatia. South-east European forestry: SEEFOR, 4(2), 89-94.";
Matsumoto, K. (2002). Papilio demoleus (Papilionidae) in Borneo and Bali. Journal of the Lepidopterists Society. 56(2): 108-111;
Matsumoto, K. and Noerdjito, A. (1996) Establishment of Papilio demoleus L. (Papilionidae) in Java. Journal of the Lepidopterists Society. 50: 139–140;
Matthews, D. and Duncan, M. (2006). Additional records of Cyclargus ammon (Lycaenidae: Lycaeninae) in the Florida Keys. Journal of the Lepidopterists Society. 60(2): 97-99.;
Matthews, D. and Watkins, R. (2011). Extralimital records of the sage plume moth, Anstenoptilia marmarodactyla (Lepidoptera: Pterophoridae). Southern Lepidopterists News, 33(4), 175-177;
Matthews, D., Lott, T., Miller, J., Toomey, J.and Portell, R. (2019). Plume moths recorded from the United States naval base, Guantanamo Bay, Cuba. News of the Lepidopterists Society, 61(1): 14-19;
Matthews, D., Miller, J., Simon, M. and Goss, G. (2019). Additions to the plume moth fauna of The Bahamas (Lepidoptera: Pterophoridae) with description of four new species. Insecta Mundi. 0708: 1-35;
Mauchline, N. (2000). Important biological and ecological aspects of Strepsicrates macropetana Meyrick (Lepidoptera: Tortricidae): a thesis presented in partial fulfilment of the requirements for the degree of Master of Science in Plant Protection at Massey University [MsC Thesis, Massey University];
Mazed, M., Alam, M., Miah, M., Hossain, M. and Mian, M. (2016). Identification of okra shoot and fruit borer infesting okra and their distribution in Bangladesh. Bangladesh Journal of Agricultural Research. 41(4): 657-665;
Mazza, G., Strangi, A., Marianelli, L.,  Del Nista, D. and Roversi, P. (2014). Thaumatotibia leucotreta (Meyrick) (Lepidoptera Tortricidae) intercepted for the first time in Italy. Redia. 97: 147-149;
Mbapila, J., Overholt, W. and Kayumbo, H. (2002). Comparative Development and Population Growth of an Exotic Stemborer, Chilo partellus (Swinhoe), and an Ecologically similar congener, C. orichalcociliellus (Strand) (Lepidoptera: Crambidae). Insect Science Applications. 22(1): 21-27;
McAuslane, H. (1997). Featured Creatures - Empyreuma pugione (Linnaeus) (Insecta: Lepidoptera: Erebidae: Arctiinae). Available at: https://entnemdept.ufl.edu/creatures/orn/spotted_oleander_caterpillar.htm;
McAuslane, H. (2016). Oleander caterpillar, Syntomeida epilais Walker (Insecta: Lepidoptera: Arctiidae). U.S. Department of Agriculture. University of Florida. Florida, United States of America.;
McCabe, T. and Schweitzer, D. (1991). Rhizedra lutosa (Lepidoptera: Noctuidae) newly introduced to North America. Entomological News. 102(3): 130-132;
McClay, A., McFadyen, R. and Bradley, J. (1990). Biology of Bucculatrix parthenica Bradley sp. n.(Lepidoptera: Bucculatricidae) and its establishment in Australia as a biological control agent for Parthenium hysterophorus (Asteraceae). Bulletin of Entomological Research, 80(4): 427-432;
McCulloch, G., Makinson, J., Zonneveld, R., Purcell, M., Raghu, S. and Walter, G. (2018). Assessment of genetic structuring in the Lygodium fern moths Austromusotima camptozonale and Neomusotima conspurcatalis in their native range: implications for biological control. Biological Control. 121: 8-13;
McFadyen, R. (1985). Larval characteristics of Cactoblaslis spp. (Lepidoptera: Pyralidae) and the selection of species for biological control of prickly pears ( Opuntia spp.). Bulletin of Entomological Research, 75(1): 159–168;
McFadyen, R. (1985). Larval characteristics of Cactoblaslis spp. (Lepidoptera: Pyralidae) and the selection of species for biological control of prickly pears ( Opuntia spp.). Bulletin of Entomological Research, 75(1): 159‚Äì168;
McFadyen, R. and Marohasy, J. (1990). A leaf feeding moth, Euclasta whalleyi [Lep.: Pyralidae] for the biological control of Cryptostegia grandiflora [Asclepiadaceae] in Queensland, Australia. Entomophaga, 35: 431-435;
Mckenna, D. and Berenbaum, M. (2003). A field investication of depressaria (elachistidae) iiost piants and ecolocy in the western united states. Journal of the Lepidopterists Society, 57(1): 36-42;
McLaren, D. (1992). Observations on the life cycle and establishment of Cochylis atricapitana (Lep: Cochylidae), a moth used for biological control of Senecio jacobaea in Australia. Entomophaga. 37: 641-648;
McLeod, J. (1966). Notes on the Biology of a Spruce Needle-miner, Pulicalvaria piceaella (Kearfott)(Lepidoptera: Gelechiidae) 1. The Canadian Entomologist. 98(3): 225-236;
Meagher, R., Brambila, J. and Hung, E. (2008). Monitoring for Exotic Spodoptera Species (Lepidoptera: Noctuidae) in Florida. Florida Entomologist. 91(4): 517-522;
Medina, R., Rondon, S., Reyna, S. and Dickey, A. (2010). Population Structure of Phthorimaea operculella (Lepidoptera: Gelechiidae) in the United States. Environmental Entomology. 39(3):1037-1042;
Meerman, J. (1993). Relationships within the Hyles euphorbiae-complex: a numerical taxonomy approach (Lepidoptera: Sphingidae). Entomologists Gazette. 44: 205-205;
Mehra, D., Kirti, J. and Sidhu, A. (2018). A taxonomic study of six species of the genus Junonia Hubner,[1819](Insecta: Lepidoptera: Nymphalidae) from the northwestern Himalayan region in India. Journal of threatened taxa. 10(7): 11934-11947;
Melastome, A., Starr, F., Starr, K. and Loope, L. (2003). Melastoma candidum. Pacific Island Ecosystems at Risk (PIER) Report. 6pp;
Men, Q., Chen, M., Zhang, Y. and Feng, J. (2013). Genetic structure and diversity of a newly invasive species, the codling moth, Cydia pomonella (L.) (Lepidoptera: Tortricidae) in China. Biological Invasions. 15: 447-458;
Menendez, R. and Thomas, C. (2000). Metapopulation structure depends on spatial scale in the host-specific moth Wheeleria spilodactylus (Lepidoptera: Pterophoridae). Journal of Animal Ecology, 69(6): 935-951;
Mengal, F., Khan, I., Rafi, M., Durrani, S., Qasim, M., Makai, G., ... and Jajja, N. (2017). Faunistics of Butterflies (Lepidoptera: Rephalocera) with some new records from Quetta, Bolochistan, Pakistan. University of Sindh Journal of Animal Sciences. 3(1): 26-35;
Merit, X., Gayman, J., Merit, V. and Manil, L. (2009). Papilio demoleus [Linnaeus, 1758] - Une expansion mondiale (Lepidoptera: Papilionidae). Lepidopteres-Revue des Lepidopteristes de France. 18: 44-47;
Mey, W. (2022). Taxonomic notes on Palearctic taxa of Galacticidae, a little-known family of Lepidoptera (Galacticoidea). Nota Lepidopterologica. 45: 169-190;
Meyrick, E. (1887). On Pyralidina from Australia and the South Pacific. The Transactions of the Entomological Society of London for the Year of 1887: 185-268;
Meyrick, E. (1895). A Handbook of British Lepidoptera. Macmillan and Co. United Kingdom, London. 843pp;
Meyrick, E. (1921). Descriptions of South African Micro-Lepidoptera. Annals of the Transvaal Museum. 8(2):54;
Meyrick, E. (1930). Exotic Microlepidoptera - Vol. III. Taylor & Francis. United Kingdom;
Meyrick, E. (1937). Tortrix postvittana Walk (Microlepidoptera), a species new to Britain. Entomologist. 70: 256;
Mifsud, C., Magro, D. and Vella, A. (2019). First record and DNA barcode of the clearwing moth Tinthia tineiformis (Esper, 1789) from Malta, central Mediterranean. Check List. 15 (4): 595-599;
Mikkola, K., Lafontaine, D. and Kononenko, V. (1991). Zoogeography of the Holarctic species of the Noctuidae (Lepidoptera): impoftance of the Beringian refuge. Entomologica Fennica. 2(3): 157-173;
Mille, C., Munzinger, J. and Jourdan, H. (2012). First record of the Australian guava moth Coscinoptycha improbana Meyrick (Lepidoptera: Carposinidae) in New Caledonia: Implication for quarantine and biosecurity surveys in insular territories. Journal of Asia-Pacific Entomology, 15(2): 283-285;
Miller, J, Matthews, D., Warren, A., Solis, M., Harvey, D., Gentili-Poole, P., ... and Covell, C. (2012). An annotated list of the Lepidoptera of Honduras. Insecta Mundi. 205: 1-72;
Min-Younga, K. and Park, K. (2009). A taxonomic review of the genus Coleophora Hubner (Lepidoptera: Coleophoridae) in Korea. Journal of Asia-Pacific Entomology. 12: 183‚Äì198;
Mindlin, M., de Waroux, O., Case, S. and Walsh, B. (2012). The arrival of oak processionary moth, a novel cause of itchy dermatitis, in the UK: Experience, lessons and recommendations. Public Health. 126: 778-781;
Ministerio del Ambiente - Peru (2020). Plan de Accion Nacional sobre las Especies Exoticas Invasoras en Peru 2021-2025;
Ministery of Environment - Sri Lanka (2012). The National Red List 2012 of Sri Lanka;
Mironov, V. and Galsworthy, A. (2014). A survey of Eupithecia Curtis, 1825 (Lepidoptera, Geometridae, Larentiinae) in Mongolia with descriptions of two new species. Zootaxa. 3774(2): 101-130;
Mishchenko, A. and Yefremova, Z. (2012). Phyllonorycter medicaginella (Lepidoptera, Gracillariidae) and its parasitoids (Hymenoptera, Eulophidae) in the Middle Volga River basin. Entomological Review. 92(8): 845-850;
Misra, S., Sushi, S. and Rajak, D. (2012). Biocontrol strategy for major invasive weeds of neotropical origin in India. Bioherald: International Journal of Biodiversity and Environment. 2(2): 134-142;
Moda, E. (1920). Sphingidae Of Para, Brazil. Novitates Zoologicae 27: 333-424;
Molfini, M., Zapparoli, M., Genovesi, P., Carnevali, L., Audisio, P., Di Giulio, A. and Bologna, M. (2020). A preliminary prioritized list of Italian alien terrestrial invertebrate species. Biological Invasions. 22: 2385-2399;
Molnar, P., Bognar, C., Erdei, A., Fujii, T., Vagi, P., Josvai, J. and Karpati, Z. (2018). Identification of the Female-Produced Sex Pheromone of an Invasive Greenhouse Pest, the European Pepper Moth (Duponchelia fovealis). Journal of Chemical Ecology. 44: 257-267;
Montezano, D., Sosa-Gomez, D., Paula-Moraes, S., Roque-Specht, V., Fronza, E., Barros, N. and Specht, A. (2015). Biotic potential and reproductive parameters of Spodoptera dolichos (Lepidoptera: Noctuidae) in the laboratory. Zoologia (Curitiba). 32(6): 485-491;
Moore, F. and Swinhoe, C. (1900). Lepidoptera Indica - Volume IV - Rhopalocera. Lovell Reeve and Co. Limited. United Kingdom, London.;
Moore, F. and Swinhoe, C. (1911). Lepidoptera Indica - Volume IX - Rhopalocera. Lovell Reeve and Co. Limited. United Kingdom, London.;
Morais, E., Pican√ßo, M., Seme√£o, A., Barreto, R., Rosado, J.¬†and Martins, J. (2012). Lepidopterans as potential agents for the biological control of the invasive plant, Miconia calvescens. Journal of Insect Science. 12(1): 63;
Moreno, A. (1997). Nola cucullatella (Linnaeus, 1758) un Complejo de Especies (Lepidoptera: Nolidae). Sesion Homenaje al Profesor Garcia de Viedma. Escuela Tecnica Superior de Ingenieros de Montes. 86-105;
Morgun, D. and Wiemers, M. (2012). First record of the lime swallowtail Papilio demoleus Linneaus, 1758 (Lepidoptera, Papilionidae) in Europe. Journal of Research on the Lepidoptera. 45: 85-89;
Mori, B. and Evenden, M. (2013). Factors Affecting Pheromone-Baited Trap Capture of Male Coleophora deauratella, an Invasive Pest of Clover in Canada. Journal Of Economic Entomology. 106(2): 844-854;
Mori, B., Davis, C. and Evenden, M. (2016). Genetic diversity and population structure identify the potential source of the invasive red clover casebearer moth, Coleophora deauratella, in North America. Biological Invasions. 18: 3595-3609;
Mori, E., Rustici, P., Dapporto, L., Pasquali, L. Petrucci, F. and Mazza, G. (2023). Invasions by the palm borer moth Paysandisia archon in Italy and assessment of its trophic spectrum. Biological Invasions. 25: 1373-1386;
Morimoto, N. and Kiritani, K. (1995). Fauna of exotic insects in Japan. Bulletin of the National Institute of Agro-Environmental Sciences. 12: 87-120;
Moriuti, S. (1969). Argyresthiidae (Lepidoptera) of Japan.¬†Bulletin of the University of Osaka Prefecture. 1-50;
Morley, T., Faulkner, S. and Faithfull, I. (2004). Establishment and dispersal of dock moth Pyropteron doryliformis (Ochsenheimer)(Lepidoptera: Sesiidae) in Victoria.In Fourteenth Australian Weeds Conference: 381-384;
Morris, R. (1956). Note on Paranthrene tabaniformis Rott., a moth new to North America (lepidoptera: Aegeriidae). The Canadian Entomologist. 88(11): 652;
Morris, R. (1979). A review of the life history, population levels, and spread of the Antler moth, Cerapteryx graminis (Lepidoptera: Noctuidae), in Newfoundland. The Canadian Entomologist. 111(8): 933-938;
Morris, R. and Bolte, K. (1977). The European Species Perizoma alchemillata (the Small Rivulet (BR.))(Lepidoptera: Geometridae) in Newfoundland). The Canadian Entomologist. 109(3): 385-387;
Moyal, P., Le Ru, B., Conlong, D., Cugala, D., Defabachew, B., Matama-Kauma, T., ... and Van den Berg, J. (2010). Systematics and molecular phylogeny of two African stem borer genera, Sciomesa Tams and Bowden and Carelis Bowden (Lepidoptera: Noctuidae). Bulletin of Entomological Research. 100(6): 641-659;
Muller, C. and Tennent, W. (2011). Euploea core. The IUCN Red List of Threatened Species 2011: e.T160339A5362889;
Muller, G., Kravchenko, V., Revay, E., Speidel, W., Mooder, J., Beredin, S. and Witt, T. (2010). The Nolidae of Jordan: Distribution, Phenology and Ecology. Entomofauna., 31(8): 69-84;
Muller, H. and Goeden, R. (1990). Parasitoids acquired by Coleophora parthenica [Lepidoptera: Coleophoridae] ten years after its introduction into southern California for the biological control of Russian thistle. Entomophaga. 35: 257-268;
Muller, H., Nuessly, G. and Goeden, R. (1990). Natural enemies and host-plant asynchrony contributing to the failure of the introduced moth, Coleophora parthenica Meyrick (Lepidoptera: Coleophoridae), to control Russian thistle. Agriculture, ecosystems & environment. 32(1): 133-142;
Muniappan, R., Reddy, G. and Lai, P. (2005). Distribution and biological control of Chromolaena odorata. In: Inderjit, S. (ed.), Invasive Plants: Ecological and Agricultural Aspects, pp. 223-233. Birkhauser Verlag, Basel, Switzerland;
Munoz-Adalia, E. and Colinas, C. (2020). The invasive moth Paysandisia archon in Europe: Biology and control options. Journal of Applied Entomology. 144: 341-350;
Munroe, E. (1975). Biogeography of North American Odontiinae (Lepidoptera: Pyralidae). The Canadian Entomologist. 107(2): 129-154;
Munroe, E. (1995). Usingeriessa onyxalis (Dyar) (Lepidoptera: Crambidae: Nymphulinae), a Moth With Presumably Aquatic Larvae, Newly Recorded From Hawaii, With a Synopsis of Hawaiian Nymphulinae. Bishop Museum Occasional Papers. 42: 39‚Äì42;
Murillo, H., Hunt, D. and VanLaerhoven, S. (2013). First records of Chrysodeixis chalcites (Lepidoptera: Noctuidae: Plusiinae) for east-central Canada. The Canadian Entomologist. 145(3): 338-342;
Mustelin, T., Lucas, V. and Crabo, L. (2017). Survey of the Lepidoptera in the North-Central Olympic National Park, Washington, USA. The Journal of the Lepidopterists Society. 72(4): 284-295;
Mutamiswa, R., Machekano, H. and Nyamukondiwa, C. (2017). First report of tomato leaf miner, Tuta absoluta (Meyrick) (Lepidoptera: Gelechiidae), in Botswana. Agriculture and Food Security. 6: 49;
Mutuura, A. (1980). Two Pandemis species introduced into British Columbia, with a comparison of native North American species (Lepidoptera: Tortricidae). The Canadian Entomologist. 112(6): 549-554;
Mutuura, A. and Munroe, E. (1970). Taxonomy and distribution of the European corn borer and allied species: genus Ostrinia (Lepidoptera: Pyralidae). The Memoirs of the Entomological Society of Canada. 102(S71): 1-112;
Nájera-Miramontes, D., Ordonez-Garcia, M., Rios-Velasco, C., Berlanga-Reyes, D., Acosta-Muniz, C., Zamudio-Flores, P., ... and Jacobo-Cuellar, J. (2016). Depredacion por Podisus maculiventris (Say) sobre larvas de Choristoneura rosaceana (Harris). Acta zoologica mexicana, 32(2): 147-152;
Na, S., Ulziijargal, B., Lee, D. and Bae, Y. (2019). Taxonomic review of the genus Swammerdamia Hubner (Lepidoptera: Yponomeutidae) from Korea. Journal of Asia-Pacific Biodiversity. 12(1): 74-78;
Nafus, D. and Schreiner, I. (1991). Review of the biology and control of the Asian corn borer, Ostrinia furnacalis (Lep: Pyralidae). International Journal of Pest Management. 37(1): 41-56;
Nagoshi, R., Koffi, D., Agboka, K., Tounou, K., Banerjee, R., Jurat-Fuentes, J. and Meagher, R. (2017). Comparative molecular analyses of invasive fall armyworm in Togo reveal strong similarities to populations from the eastern United States and the Greater Antilles. PLoS One. 12: e0181982;
Nahirnic, A. and Stoyan, B. (2015). The first report of Japanese oak silkmoth Antheraea yamamai (Guerin-Meneville, 1861)(Lepidoptera: Saturniidae) in Montenegro. ZooNotes. 82: 1-4;
Naik, S., Jayashankar, M. and Sridhar, V. (2016). Incidence of invasive Banana skipper,Erionota torus evans (Lepidoptera:Hesperiidae) in Karnataka. The Bioscan. 11(4): 2117-2120;
Nair, K. and Mohanadas, K. (1996). Early events in the outbreak of the teak caterpillar, Hyblaea puera. International Journal of Ecolological Environmental Sciences. 22: 271-279;
Nam, H., Kwon, M., Kim, H. and Kim, J. (2020). Development of a species diagnostic molecular tool for an invasive pest, Mythimna loreyi, using LAMP. Insects, 11(11), 817.;
Namba, R. (1956). Cryptophlebia illepida (Butler)(Lepidoptera: Eucosmidae) and other insect pests of the macadamia nut in Hawaii. Proceedings of the Hawaiian Entomological Society. 16(2): 284-297;
Nash, S. (2003). Earias vittella (Fabricius) (Lep.: Noctuidae) the first occurrence of wild-caught moths in Europe. Entomologist‚Äôs Record and Journal of Variation 115: 187‚Äì188;
Nasu, Y., Kawasaki, K. and Arakaki, N. (1993). Statherotis discana (Felder et Rogenhofer)(Lepidoptera: Tortricidae) injurious to litchi from Japan. Applied Entomology and Zoology. 28(1): 97-101;
National Institute for Agro-Environmental Sciences (2007). NIAES Asian-Pacific Alien Species Database.;
National Institute for Environmental Studies - Japan (2024). Invasive Species of Japan: Lepidopterans (provisional list);
National Plant Protection Organizations within the NAPPO region (2022). Report of carnation tortrix (Cacoecimorpha pronubana) in British Columbia, Canada (2022) / Rapport sur la presence de la tordeuse mediterraenne de loeillet (Cacoecimorpha pronubana) en Colombie-Britannique, Canada (2022). Available Online at: https://www.pestalerts.org/nappo/official-pest-reports/1032/;
NatureServe (2025). NatureServe Network Biodiversity Location Data accessed through NatureServe Explorer [web application] - Feltia subgothica. NatureServe, Arlington, Virginia. Available at: https://explorer.natureserve.org/Taxon/ELEMENT_GLOBAL.2.114431/Feltia_subgothica;
Navasero, M., Navasero, M., Burgonio, G., Ardez, K., Ebuenga, M., Beltran, M., ... and Aquino, M. (2019). Detection of the fall armyworm, Spodoptera frugiperda (JE Smith)(Lepidoptera: Noctuidae) using larval morphological characters, and observations on its current local distribution in the Philippines. The Philippinne Entomologist. 33(2): 171-184;
Nboyinea, J., Kusi, F., Abudulai,  M., Badii, B., Zakaria, M., Adu, G., ... and Yahayaa, A. (2020). A new pest, Spodoptera frugiperda (J.E. Smith), in tropical Africa: Its seasonal dynamics and damage in maize fields in northern Ghana. Crop Protection. 127: 104960;
Ndayizeye,  L., Manirakiza, O., Ntashavu, D., Ndayikeza, L. and Mbarushimana, D. (2019). First record of Tuta absoluta (Meyrick) (Lepidoptera: Gelechiidae) in Burundi. Bulletin OEPP/EPPO Bulletin. 49 (2), 388-390;
Neil, K. (1984). Noctua comes, a noctuid new to North America (Lepidoptera: Noctuidae: Noctuinae). The Canadian Entomologist. 116(3): 479-480;
Neil, K. (2011). Lateroligia ophiogramma (Esper)(Lepidoptera: Erebidae) in Nova Scotia, Canada. Journal of the Acadian Entomological Society. 7:102-104;
Neunzig, H. (1985). Notes on the larva and biology of Moodna bisinuella Hampson(Pyralidae: Phycitinae). Journal of the Lepidopterists Society. 39(1): 9-12;
Nguyen, D., Chen, Y. and Herron, G. (2021). Preliminary characterisation of known pesticide resistance alleles in Spodoptera frugiperda (Lepidoptera: Noctuidae) in its invasive Australian range. Austral Entomology. 60: 782-790;
Niitsu, S. and Maeda, D. (2022). Discovery of Psyche casta (Pallas, 1767)(Psychidae, Psychinae) in Japan. Lepidoptera Science. 73(1): 7-11;
Ning, J., Lu, P., Fan, J., Ren, L. and Zhao, L. (2022). American fall webworm in China: A new case of global biological invasions. The Innovation. 3(1): 100201;
Nizamani, I., Rustamani, M., Khaskheli, M., Bukero, A., Khatri, I. and Nizaman, S. (2016).  Screening Of Jujube Varieties Against Euproctis Fraterna Moore. Science International-Lahore. 28(1): 447-453;
Nnzeru, L., Tshikhudo, P., Mudereri, B. and Moshobane, M. (2021). Pest interceptions on imported fresh fruits into South Africa. International Journal of Tropical Insect Science. 41: 3075-3086;
North, R. and Hart, E. (1983). Oviposition preference of the mimosa webworm, Homadaula anisocentra (Lepidoptera: Plutellidae). Environmental Entomology. 12(2): 546-551;
Okano, M. and Pak., S. (1964). A Revision of the Korean Species of the Family Heterogeneidae (Lepidoptera). [PhD Dissertation, Iwate University];
Oke, O., Adelaja, B., Emuh, C. and Taiwo, O. (2012). Establishment of the moth: Niphograpta albiguttalis (Warner) (Lepidoptera: Pyralidae), a biological control agent of water hyacinth (Eichhornia crassipes) in waterways of Lagos and Ogun states, southwestern Nigeria. International Journal of Environmental Studies. 69(3): 501-506;
Ong, S. and Farid, A. (2015) Defoliators Of Sesenduii Endospermum Diadenum. FRIM Technical Information. 75: 1-3;
Osada, Y. (2022). Description of immature stages of the southern pink moth, Pyrausta inornatalis (Fernald, 1885) (Lepidoptera: Crambidae). Journal of Asia-Pacific Biodiversity. 15: 568e573;
Osada, Y. (2022). Description of immature stages of the southern pink moth, Pyrausta inornatalis (Fernald, 1885)(Lepidoptera: Crambidae). Journal of Asia-Pacific Biodiversity, 15(4): 568-573;
Osada, Y., Miyamoto, Y., Sakai, M., Yoshimatsu, S., Huang, G. and Hirowatari, T. (2015). A revision of the genus Nemapogon Schrank (Lepidoptera, Tineidae) including a stored grain pest, N. granella, from Japan. Applied entomology and zoology, 50(3), 297-309.;
Osada, Y., Sakai, M. and Hirowatari, T. (2016). A review of the Japanese species of the genus Scardia Treitschke (Lepidoptera, Tineidae), with description of a new species. Zootaxa. 4079(3): 363-371;
Otim, M., Tay, W., Walsh, T., Kanyesigye, D., Adumo, S., Abongosi, J., ... and Agona, A. (2018) Detection of sister-species in invasive populations of the fall armyworm Spodoptera frugiperda (Lepidoptera: Noctuidae) from Uganda. PLoS ONE. 13(4): e0194571;
Otvos, I. and Fajrajsl, A. (1997). An annotated bibliography of Acleris variana and Acleris gloverana (371). Pacific Forest Centre, Canadian Forest Service, National Resources Canada;
Ouardi, K., Chouibani, M., Rahel, M. and Akel, E. (2012). Strategie Nationale de luttecontre la mineuse de la tomate Tuta absoluta Meyrick. EPPO Bulletin, 42: 281-290.;
Oztemiz, S. (2014).Tuta absoluta Povolny (Lepidoptera: Gelechiidae), the exotic pest in Turkey. Romanian Journal of Biology. 59(1): 47-58;
PaDIL (2025). The Pest and Disease Image Library (PaDIL). Available at: https://www.padil.gov.au/;
PaDIL (2025). The Pest and Disease Image Library (PaDIL). Available at: https://www.padil.gov.au/ ;
Pagenstecher, A. (1900). Die Lepidopterenfauna des Bismarckarchipels. Mit Berucksichtigung der thiergeographischen und biologischen Verhaltnisse systematisch dargestellt.  Zoologica. 12(29);
Palmer, W. and Pullen, K. (1995). The phytophagous arthropods associated with Lantana camara, L. hirsuta, L. urticifolia, and L. urticoides (Verbenaceae) in North America. Biological Control. 5(1): 54-72;
Paraiso, O., Smith, T., Hight, S., and Davis, B. (2014). Rearing a Native Cactus Moth, Melitara prodenialis (Lepidoptera: Pyralidae), on Artificial Diet and Opuntia Cladodes: Preliminary Comparisons. Florida Entomologist. 97(3): 1232-1236;
Pardey, A. (2023). 29. El gusano monturita, Acharia apicalis (Dyar, 1900), en palma de aceite. In: Centro de Investigacion en Palma de Aceite, C. (2023). Manejo de plagas para una palmicultura sostenible en Colombia Elaeis guineensis e hibrido OxG. Centro de Investigacion en Palma de Aceite, Cenipalma. 9789588360867;
Park, K. (1991). Gelechiidae (Lepidoptera) from North Korea with description of two new species. Annales historico-naturales Musei Natinonalis Hungarici. 83: 117-123;
Park, K. (1994). Notes on Chorivalva and Stenolechia species in Korea, with new synonyms (Lepidoptera, Gelechiidae). Nota. Lepiderologica. 16(3): 281-289;
Park, K. and Heppner, J. (2021). The apple-and-thorn skeletonizer, Choreutis pariana (Clerck), new for Korea (Lepidoptera: Choreutidae). Journal of Asia-Pacific Biodiversity. 14: 267e270;
Park, K. and Kim, S. (2017). Faunistic data of micromoths (Lepidoptera) in North Korea. Journal of Asia-Pacific Biodiversity. 10(1): 73-80;
Park, K., Cho, S., Na, S., Shin, Y. and Kim, S. (2018). Genus Stathmopoda Herrich-Shaffer (Lepidoptera, Stathmopodidae) from the Korean Peninsula with two new species. Journal of Asia-Pacific Biodiversity, 11(2): 259-266;
Parsons, M. and Clancy, S. (1999). Vitula biviella (Zeller)(Lepidoptera: Pyralidae), a newly recognised British species. Entomologists Gazette 50(2): 77-82;
Passoa, S. (1983). A new clear wing moth (Sesiidae) from Central America: a stem borer in Mimosa pigra. The Journal of the Lepidopterists Society. 37: 193-206;
Passoa, S., Balogh, G. and Solis, M. (2008). Sitochroa palealis: a Palearctic pyraustine moth (Lepidoptera: Pyraloidea: Crambidae) newly introduced to North America. Proceedings of the entomological society of Washington. 110(2): 504-515;
Patrick, B. (2010). Southern spread of moths in New Zealand. The Weta. 40: 32-38;
Paynter, Q. (2005). Evaluating the impact of biological control against Mimosa pigra in Australia. Journal of Applied Ecology. 42: 1054-1062;
Paynter, Q., Poeschko, M. and Winks, C. (2020). Leaf heteroblasty explains unexpected spillover non-target attack on T Passiflora edulis by Heliconius erato cyrbia, a biological control agent for Passiflora rubra, in Rarotonga. Biological Control. 141: 104132;
Payra, A. (2020). A note on the defence by Eurema blanda Boisduval (Lepidoptera: Pieridae) pupae in response to oviposition behaviour of the chalcid wasp Brachymeria sp.(Hymenoptera: Chalcididae). Revista Chilena de Entomologia, 46(3);
Peigler, R. (2012). Diverse evidence that Antheraea pernyi (lepidoptera: Saturniidae) is entirely of sericultural origin. Tropical Lepidoptera Research. 22, 93-99;
Peigler, R. and Naumann, S. (2003). A revision of the silkmoth genus Samia.  University of the Incarnate Word, San Antonio. Texas, United States of America.;
Peigler, R. and Naumann, S. (2016) What exactly is Antheraea paphia (Linnaeus, 1758)? (Lepidoptera, Saturnidae). Atalanta. 47(3): 500-520;
Pepper, J. (1938). The effect of certain climatic factors on the distribution of the beet webworm (Loxostege sticticalis L.) in North America. Ecology. 19(4): 565-571;
Peres-Filho, O., Dorval, A. and Berti-Filho, E. (2002). Ocorrencia de Hyblaea puera (Cramer, 1777) (Lepidoptera: Hyblaeidae) em Teca no Brasil. Bragantia, Campinas. 61(1): 59-60;
Perez de-Gregorio, J. and Romana, I. (2022). Distribucio d‚Äôalgunes especies interessants del g√®nere Catocala Schrank, 1802 a Catalunya (Lepidoptera, Erebidae, Catocalinae)= Distribution de quelques especes interessantes du genre Catocala Schrank, 1802 en Catalogne (Lepidoptera, Erebidae, Catocalinae). Revue de l‚ÄôAssociation Roussillonnaise d‚ÄôEntomologie (RARE), 31(3): 191-202;
Perez, C. E., Guillem, R. M., & Honey, M. R. (2018). Agathodes designalis (Guenee, 1854) from Gibraltar-an adventive species new to Europe (Lepidoptera: Crambidae, Spilomelinae). SHILAP Revista de lepidopterologia, 46(184), 615-617;
Perez, J. and Perez, R.  (2017). Dryobotodes (Dichonioxa) tenebrosa (Esper,[1789])(Lepidoptera, Noctuidae, Hadeninae) en Orense (Galicia, NO Espana). Burbug 38;
Perring, T., El-Shafie, H. and Wakil, W., (2015). Carob Moth, Lesser Date Moth, and Raisin Moth. In: W. Wakil et al. (eds.), Sustainable Pest Management in Date Palm: Current Status and Emerging Challenges, Sustainability in Plant and Crop Protection. Springer International Publishing. 109-167;
Petersen, W. and Looney, C. (2020). New Moth Records in Washington State (USA) Acquired from Exotic Pest Surveys. The Journal of the Lepidopterists Society. 74(1): 57-61;
Peterson, M. and Edwards, P. (2016). Beach moth (Anarta edwardsii) recovery strategy: chapter 2. in Recovery Plan for Edwards‚Äô Beach Moth (Anarta edwardsii) in British Columbia. B.C. Ministry of Environment, Victoria, BC. 23 pp.;
Pettey, F. (1947). The biological control of prickly pears in South Africa. Science Bulletin 271. Department of Agriculture, Union of South Africa. Entomology Series. 22:1-163;
Pfeiffer, D., Muniappan, R., Sall, D., Paterne, D., Diongue, A. and Dieng, E. (2013). First record of Tuta absoluta (Lepidoptera: Gelechiidae) in Senegal. Florida Entomologist. 96(2): 661-662;
Pfeiler, E., Nazario-Yepiz, N., Hernandez-Cervantes, P., and Markow, T. (2022). Phenotypic diversity, population genetics and interspecific relationships of the Neotropical banded peacock butterfly Anartia fatima (Nymphalidae: Nymphalinae). Biological Journal of the Linnean Society. 136(1): 135-144;
Pickles, A. (2005). Chrysodeixis eriosoma (Doubleday, 1843) (Lep.: Noctuidae) in Hampshire. The Entomologists Record and Journal of Variation. 117: 131-132;
Piggott, M., Tadle, F., Patel, S., Gomez, K. and Thistleton, B. (2021). Corn-strain or rice-strain? Detection of fall armyworm, Spodoptera frugiperda (JE Smith) (Lepidoptera: Noctuidae), in northern Australia. International Journal of Tropical Insect Science. 41: 2607–2615;
Pinya, S., Suarez-Fernandez, J. and Canyelles, X. (2013). Distribution and status of Antheraea pernyi (Guerin- Meneville, 1855) in the island of Mallorca (Spain) (Lepidoptera: Saturniidae). SHILAP Revista Lepidorologica. 41(163): 377-381;
Pinzari, M. and Pinzari, M. (2023). Blastobasis tarda Meyrick, 1902 an alien species from Australia new to Italy (Lepidoptera: Blastobasidae). SHILAP Revista de lepidopterologia. 51(201): 51-54;
Pinzari, M., Zerunian, Z. and Pinzari, M. (2018). Is the alien species Clepsis peritana (Lepidoptera: Tortricidae) settling in Italy? Journal of Entomological and Arachnological Research. 50: 7551;
Pitkin, L. (2002). Neotropical ennomine moths: a review of the genera (Lepidoptera: Geometridae). Zoological journal of the Linnean Society. 135(2): 121-401;
Pittaway, A. (2024). Sphingidae of the Western Palaearctic (including Europe, North Africa, the Middle East, western Siberia and western Central Asia). Available at: https://tpittaway.tripod.com/sphinx/list.htm;
Pittaway, A. and Kitching, I. (2024). Sphingidae of the Eastern Palaearctic (including Siberia, the Russian Far East, Mongolia, China, Taiwan, the Korean Peninsula and Japan). Available at: https://tpittaway.tripod.com/china/china.htm;
Plant Health Risk Assessment Unit - Canadian Food Inspection Agency (2005). Pest Risk Assessment: Duponchelia fovealis. PHPD Request: 2005-07.;
Plarre, R. and Kruger-Carstensen, B. (2011). An attempt to reconstruct the natural and cultural history of the webbing clothes moth Tineola bisselliella Hummel (Lepidoptera: Tineidae). Journal of Entomological and Acarological Research. 43(2): 83-93;
Pogue, M. (2007). A Review of Selected Species of Lymantria Hubner (1819) (Lepidoptera: Noctuidae: Lymantriinae) from Subtropical and Temperate Regions of Asia, Including the Descriptions of Three New Species, Some Potentially Invasive to North America. U.S. Department of Agriculture, Forest Health Technology Enterprise Team. 223 pp;
Pogue, M. (2010). The Acontiinae and Eustrotiinae (Lepidoptera: Noctuidae) of Great Smoky Mountains National Park. Zootaxa. 2499: 1‚Äì20;
Pogue, M. (2013). A review of the Paectes arcigera species complex (Guenee) (Lepidoptera, Euteliidae). ZooKeys. 264: 125–163;
Pogue, M. (2013). A review of the Paectes arcigera species complex (Guenee) (Lepidoptera, Euteliidae). ZooKeys. 264: 125‚Äì163;
Pogue, M. (2013). Revised status of Chloridea Duncan and (Westwood), 1841, for the Heliothis virescens species group (Lepidoptera: Noctuidae: Heliothinae) based on morphology and three genes. Systematic Entomology, 38(3), 523-542.;
Pogue, M. (2013). Revised status of Chloridea Duncan and (Westwood), 1841, for the Heliothis virescens species group (Lepidoptera: Noctuidae: Heliothinae) based on morphology and three genes. Systematic Entomology. 38: 523‚Äì542;
Pohl, G., Bird, C., Landry, J. and Anweiler, G. (2005). New records of microlepidoptera in Alberta, Canada.¬†Journal of the Lepidopterists Society.¬†59(2): 61;
Pohl, G., Cannings, R., Landry, J., Holden, D. and Scudder, G. (2015). Checklist of the Lepidoptera of British Columbia, Canada: Entomological Society of British Columbia Occasional Paper. 3:1-237;
Pohl, G., Patterson, B. and Pelham, J. (Unpublished). Annotated taxonomic checklist of the Lepidoptera of North America, North of Mexico. Working paper published online by the authors at ResearchGate.net. 766 pp.;
Poltavsky, A. and Ilyina, E. (2017). Glyphodes pyloalis Walker, 1859 (Lepidoptera, Crambidae)‚aîA New Species of Tropical Snout-Moth for the Fauna of Dagestan. Russian Journal of Biological Invasions. 8(1): 101-103;
Poltavsky, A. and Ilyina, E. (2017). New Finds of Alien Lepidoptera Species in Dagestan. Russian Journal of Biological Invasions. 8(4): 347-350;
Poltavsky, A., Kravchenko, V., Traore, M., Traore, S., Gergely, P., Witt, T., ... and Muller, G. (2018). The Pyraloidea (Lepidoptera) fauna of the woody savannah belt in Mali, West Africa. Zootaxa. 4457(1): 39-69;
Poltavsky, A., Kravchenko, V., Traore, M., Traore, S., Gergely, P., Witt, T., ... and Muller, G. (2018). The Pyraloidea (Lepidoptera) fauna of the woody savannah belt in Mali, West Africa. Zootaxa. 4457(1): 39‚Äì69;
Poonyathawon, P. (1968). Insect parasites of the omnivorous leaf tier, Cnephasia longana (Haworth) in Oregon. [MSc Thesis, Oregon State University].;
Popescu-Gorj A. and Constantinescu A. (1973). New African species of Euclasta (Lepidoptera, Pyraustinae). Revue roumaine de Biologie - Serie de Zoologie. 18(6): 393‚Äì402;
Posenato G., Girolami V. and Zangheri S. (1997). La minatrice americana un nuovo fillominatore della vite. LInformatore Agrario. 15: 75-77;
Potting, T. (2013). Pest Risk Analysis, Tuta absoluta, Tomato Leaf Miner Moth of South American Tomato Moth. Ministry of Agriculture, Nature and Food Quality, Wageningen (Netherlands).;
Powell, J. and Burns, J. (1971). Colonization of the northeastern United States by two Palearctic moths (Lepidoptera: Tortricidae). Psyche: A Journal of Entomology. 78(1-2): 38-48;
Powell, J. and Burns, J. (1971). Colonization of the northeastern United States by two Palearctic moths (Lepidoptera: Tortricidae). Psyche: A Journal of Entomology. 78(1): 38-48;
Powell, J. and Opler, P. (2009). Moths of western North America. University of California Press. Berkeley, California, United States of America. 516pp;
Powell, N. (2007). First report of the Palearctic species Cydia coniferana (Tortricidae) in the western United States. Journal of the Lepidopterists Society. 61(3): 172-175;
Prestes, A. (2014). A New Exotic Noctuid for the Hawaiian Archipelago: Feltia subterranea (Fabricius) (Lepidoptera: Noctuidae: Noctuinae). The Journal of the Lepidopterists Society. 68(3): 220-221;
Prevett, P. (1968). Some laboratory observations on the life-cycle of Cadra calidella (Guen.)(Lepidoptera: Phycitidae). Journal of Stored Products Research. 4(3): 233-238;
Prins, J., Arevalo-Maldonado, H., Davis, D., Landry, B., Vargas, H., Davis, M., ...  and Moreira, G. (2019). An illustrated catalogue of the Neotropical Gracillariidae (Lepidoptera) with new data on primary types. Zootaxa. 4575: 1–110;
Prins, J., Arevalo-Maldonado, H., Davis, D., Landry, B., Vargas, H., Davis, M., ...  and Moreira, G. (2019). An illustrated catalogue of the Neotropical Gracillariidae (Lepidoptera) with new data on primary types.¬†Zootaxa. 4575: 1‚Äì110;
Puillandre, N., Dupas, S., Dangles, O., Zeddam, J., Capdevielle-Dulac, C., Barbin, K., Torres-Leguizamon, M. and Silvain, J. (2008). Genetic bottleneck in invasive species: the potato tuber moth adds to the list. Biological Invasions. 10: 319-333;
Pullaiah, T. and Ielmini, M.R. (Eds.) (2021). Invasive Alien Species: Observations and Issues from Around the World. Volume 1: Issues and Invasions in Africa. Wiley. 380pp.;
Pullaiah, T. and Ielmini, M.R. (Eds.) (2021). Invasive Alien Species: Observations and Issues from Around the World. Volume 2: Issues and Invasions in Asia and the Pacific region. Wiley. 304pp.;
Pullaiah, T. and Ielmini, M.R. (Eds.) (2021). Invasive Alien Species: Observations and Issues from Around the World. Volume 3: Issues and Invasions in Europe. Wiley. 326pp.;
Pullaiah, T. and Ielmini, M.R. (Eds.) (2021). Invasive Alien Species: Observations and Issues from Around the World. Volume 4: Issues and Invasions in the Americas and the Caribbean. Wiley. 384pp.;
Purcell, M., Harms, N., Grodowitz, M., Zhang, J., Ding, J., Wheeler, G., ... and de Chenon, R. (2019). Exploration for candidate biological control agents of the submerged aquatic weed Hydrilla verticillata, in Asia and Australia 1996‚Äì2013. BioControl. 64: 233-247;
Qi, M., Park, B., Han, H. and Bae, Y. (2014). Taxonomic Review on the Genus Sciota (Lepidoptera, Pyralidae, Phycitinae) in Northeast China. Animal Systematics, Evolution and Diversity, 30(2): 59-64;
Quacchia, A., Ferracini, C., Bonelli, S., Balletto, E. and Alma, A. (2008). Can the Geranium Bronze, Cacyreus marshalli, become a threat for European biodiversity? Biodiversity and Conservation. 17: 1429-1437;
Queiroz-Santos, L., Casagrande, M. and Specht, A. (2018). Morphological Characterization of Helicoverpa armigera (Hobner) (Lepidoptera: Noctuidae: Heliothinae). Neotropical Entomology. 47: 517-542;
Rafi, M., Sultan, A., Kitching, I., Pittaway, A., Markhasiov, M., Khan, M. and Naz, F. (2014). The Hawkmoth Fauna of Pakistan (Lepidoptera: Sphingidae). Zootaxa. 3794(3): 393-418;
Raineri, V., Bonechi, F., Caracciolo, D., Cresta, P. and Mariotti, M. (2017). Cydalima perspectalis (Walker, 1859) (Lepidoptera, Crambidae) and the threats for the Nature 2000 habitat 5110 in Liguria (NW Italy). Bollettino dei Musei e Degli Istituti Biologici della Universita di Genova. 79: 215-236;
Ramadan, M., Chun, S. and Oishi, D. (2023). Double impact of a weed biocontrol agent in Hawaii: Secusio extensa (Lepidoptera: Erebidae) releases for fireweed Senecio madagascariensis outspreads naturally to Cape ivy Delairea odorata. Conference: XVI International Symposium on Biological Control of Weeds May 7-12 2023 Puerto Iguazu, Argentina;
Ramadan, M., Kaufman, L. and Wright, M. (2023). Insect and weed biological control in Hawaii: Recent case studies and trends. Biological Control. 179: 105170;
Ramadan, M., Markin, G. and Johnson, M. (2008). Field biology of Pyrausta perelegans (Lepidoptera: Crambidae): a flower bud-feeder on Passiflora mollissima, an invasive vine in Hawaiian forests. Tropical Lepidoptera Research. 18(2): 113-121;
Raman, A., Muniappan, R., Silva-Krott, I. and Reddy, G. (2006). Induced-defense responses in the leaves of Chromolaena odorata consequent to infestation by Pareuchaetes pseudoinsulata (Lepidoptera: Arctiidae). Journal of Plant Diseases and Protection. 113(5): 234-239;
Ramchandra R. and Cherian, M. (1944). The Fluted Scale, Icerya purchasi Mask., as a Pest of Wattle in South India, and its Control by the biological method. The Madras Agricultural Journal, 32(3-4): 92-102;
Ramos, J. (1946). The insects of Mona Island (West Indies). The Journal of Agriculture of the University of Puerto Rico. 30(1):1-73;
Ramzan, M., Abbas, D., Bukhari, F., Mehmood, S., Javed, A., Abbas, M., ... and Zaheer, M. (2021). Biology of Fall Armyworm, Spodoptera frugiperda (Lepidoptera: Noctuidae) A New Alien Invasive Pest in Pakistan. Indian Journal of Pure Applied Bioscience. 9(4), 186-191.;
Ramzan, M., Naeem-Ullah, U., Sial, M., Iqbal, N. and Saeed, S. (2021). Distribution, biology and management strategies about a less studied insect pest (Trilocha varians) of Ficus: a review. Pakistan Journal of Agricultural Research. 34(3): 638-642;
Rao, B. and Sivaperuman, C. (2020). Annotated checklist of Pyraloid moths (Lepidoptera, Pyraloidea) of Andaman and Nicobar Islands. Journal of the Andaman Science Association. 25(1): 15-26;
Razowski, J. and Becker, V. (1999). A review of the New World Chlidanotini (Lepidoptera, Tortricidae). Revista brasileira de Zoologia, 16: 1149-1182;
Razowski, J. and Brown, J. (2008). New species, new combinations, and new synonymies in Neotropical Episimus WALSINGHAM, 1892 (Lepidoptera: Tortricidae: Olethreutinae). Acta Zoologica Cracoviensia-Series B: Invertebrata, 51(1): 83-144;
Razowski, J., Landry, B. and Roque-Albelo, L. (2008). The Tortricidae (Lepidoptera) of the Galapagos Islands, Ecuador. Revue suisse de zoologie, 115(1): 185;
Rea, N. (1998). Biological control: Premises, ecological input and Mimosa pigra in the wetlands of Australian Top End. Wetlands Ecology and Management. 5: 227-242;
Reference;
Reimer, N. (2008). Field Release of Secusio extensa (Butler)(Lepidoptera: Arctiidae), for Biological Control of Fireweed, Senecio madagascariensis Poiret (Asterales: Asteraceae), in Hawaii. Draft Environmental Assessment. Attachment 4.;
Reinert, J., George, S., Mackay, W. and Campos, C. (2010). Resistance among lantana cultivars to the lantana stick caterpillar, Neogalea sunia (Lepidoptera: Noctuidae). Southwestern Entomologist. 35(1): 51-58;
Reis Fo, W., Nora, I. and Melzer, R. (1987). Population dynamics of Grapholita molesta, Busk, 1916, and its adaptation on apple in south Brazil. In: International Workshop on Apple Culture in the Tropics and Subtropics 232: 204-208;
Riaz, S., Johnson, J., Rasheed, T. and Wiemers, M. (2020). Morphology, life cycle and management of two invasive subspecies of Papilio demoleus (Lepidoptera: Papilionidae): A review. Journal of Applied Entomology. 144: 845‚Äì856;
Ribeiro, L., Correa, C. and Castilhos, R. (2017). First record of Sphacelodes vulneraria (Lepidoptera: Geometridae) damaging Hovenia dulcis in Brazil. Pesquisa Florestal Brasileira, 37(91): 409-411;
Richards, N. (2024).  Acalyptris platani (Muller-Rutz, 1934)(Lep.: Nepticulidae) new to the British Isles. Entomologists Record and Journal of Variation. 136: 36-38;
Richardson, C. (1977). Notes on some insects intercepted entering New Zealand in 1975. New Zealand Entomologist, 6(3): 309-311;
Richter, I. (2018). New findings of the case-bearing moths (genus Coleophora Hubner, 1822) from the Balkan Peninsula with description of two new species (Lepidoptera, Coleophoridae). Microlepidoptera.hu. 13(1): 43-52;
Roberts, L. (1979). Biology of Chrysodeixis eriosoma (Lepidoptera: Noctuidae) in New Zealand. New Zealand Entomologist. 7(1): 52-58;
Roberts, L. (1979). Insects from the Cavalli Islands. Tane, 25: 125-131;
Robinson, G. and Kirke, C. (1990). Lepidoptera of Ascension Island ‚Äî a review. Journal of natural history. 24(1): 119-135.;
Roble, S. (2018). First Virginia Records of Four Exotic Noctuoid Moths, with Additional Records for Two Other Introduced Species (Lepidoptera). Banisteria. 51: 42-51;
Rodriguez, A., Trilleras, C., Bazurto, L., de la Torre, R., Aldana, I., Arias, L., ... and Villarraga, N. (2023). Capiitulo XIII Insectos asociados a los cultivares hi¬¥bridos interespeci¬¥ficos OxG. In: Romero, H. Los hibridos interespecificos OxG de palma de aceite. Cenipalma. Bogota D.C., Colombia.;
Ronkay, L., Ronkay, G., Gyulai, P. and Varga, Z. (2017). Xyleninae I. A Taxonomic Atlas of the Eurasian and North African Noctuoidea.;
Roque Albelo, L., Bedon, V. and Lamas, G. (1997). Hemiargus ramon (Dognin, 1887) (Lycaenidae: Polyommatinae) A new resident butterfly of the Gal√°pagos Islands. Noticias de Galapagos, 58: 29;
Roque-Albelo, L. (2006). Diversity and ecology of the Lepidoptera in the Galapagos Islands, Ecuador. [PhD Thesis, Cardiff University];
Rosenthal, S., Clement, S., Hostettler, N. and Mimmocchi, T. (1988). Biology of Tyta luctuosa [Lep.: Noctuidae] and its potential value as a biological control agent for the weed Convolvulus arvensis. Entomophaga. 33: 185-192;
Rothschild, W. (1912). New Syntomidae. Novitates Zoologicae - A Journal of Zoology in Connection with the Tring Museum. 19: 151-186;
Roy, D., Alderman, D., Anastasiu, P., Arianoutsou, M., Augustin, S., Bacher, S., ... and Reyserhove, L., (2020). DAISIE - Delivering Alien Invasive Species Inventories for Europe. Available at: http://www.europe-aliens.org/;
Royer, J. (2009). Spread of red-banded mango caterpillar, Deanolis sublimbalis Snellen (Lepidoptera: Pyralidae), in Cape York Peninsula, Australia. The Australian Entomologist, 36(3): 119-130;
Rubinoff, D., Matsunaga, J., Starr, F., Starr, K. and Haines, W. (2015). The Sleepy Orange transits the Pacific: a new butterfly species for Hawaii. News of The Lepidopterists Society. 57(2): 72-73;
Rudd, N. and McEvoy, P. (1996). Local dispersal by the cinnabar moth Tyria jacobaeae. Ecological Applications. 6(1): 285-297;
Ryan, S., Lombaert, E., Espeset, A., Vila, R., Talavera, G., Dinca, V., Doellman, M., Renshaw, M., Eng, M., Hornett, E., Li, Y., Pfrender, M. and Shoemaker, D. (2019). Global invasion history of the agricultural pest butterfly Pieris rapae revealed with genomics and citizen science. PNAS. 116(40): 20015-20024;
Ryne, C. and Bensch, S. (2008). Do anthropogenic transports facilitate stored-product pest moth dispersal? A molecular approach. Naturwissenschaften. 95: 155-159;
Sachanowicz, K., Luczkowski, S. and Larysz, A. (2016). State of Knowledge of Butterfly Fauna of Albania, with Three New Species for the Country. Acta Zoologica Bulgarica. 68(4): 2016: 511-518;
Safian, S. and Horvath, B. (2011). Box Tree Moth - Cydalima perspectalis (Walker, 1859), new member in the Lepidoptera fauna of Hungary (Lepidoptera: Crambidae). Natura Somogyiensis. (19): 245-246;
Safian, S., Katona, G. and Toth, B. (2023). First report of the palm borer moth, Paysandisia archon (Burmeister, 1879), in Hungary (Lepidoptera: Castniidae). Folia Entomologica Hungarica. 84: 137-143;
Sagliocco, J. and Coupland, J. (1995). Biology and host specificity of Chamaesphecia mysiniformis (Lepidoptera: Sesiidae), a potential biological control agent of Marrubium vulgare (Lamiaceae) in Australia. Biocontrol Science and Technology, 5(4): 509-516;
Sagliocco, J. and Weiss, J. (2004). Importation, establishment and preliminary impact assessment of Chamaesphecia mysiniformis (Lepidoptera: Sesiidae) for the biological control of horehound in Australia. Fourteenth Australian Weeds Conference. 388-390;
Saguez, J., Neau, M., Rieux, C., Vallieres-Murray, M., Petrauskas, P., Mathieu, S., ... and Frechette, I. (2021). First Evidence of Western Bean Cutworm (Lepidoptera: Noctuidae) Overwintering in the Province of Quebec (Canada). Journal of Economic Entomology. 114(1): 174-179;
Saidov, N., Srinivasan, R., Mavlyanova, R. and Qurbonov, Z. (2018). First Report of Invasive South American Tomato Leaf Miner Tuta absoluta (Meyrick) (Lepidoptera: Gelechiidae) in Tajikistan. Florida Entomologist. 101(1): 147-149;
Sajan, K. and Sapkota, A. (2022). Additional distribution records of butterflies (Lepidoptera: Rhopalocera) with seven species new to Nepal. Biodiversitas. 23(5): 2711-2738;
Salem, S. and Abdel-Moniem, H. (2015). Evaluation of non-traditional approaches for controlling tomato moth, Tuta absoluta Meyrick (Lepidoptera, Gelechiidae), a new invasive pest in Egypt. Archives of Phytopathology and Plant Protection. 48(4): 319-326;
Sandoval, A., Ide, S., Rothmann, S., Zuniga, E., Bosch, P. and Peragallo, M. (2019) Deteccion de Leucoptera sinuella (Reutti) (Lepidoptera: Lyonetiidae) en Chile, con la identificacion de algunos parasitoides asociados. Revista Chilena de Entomologia. 45: 65-77;
Sandvik, H., Dolmen, D., Elven, R., Falkenhaug, T., Forsgren, E., Hansen, H., ... and Gederaas , L., (2019). Alien plants, animals, fungi and algae in Norway: an inventory of neobiota. Biological Invasions. 21: 2997-3012;
Santander, F., Ilabaca-Soto, D. and Aracena, I. (2020). Primer registro de Helicoperva titicacae (Hardwick)(Lepidoptera: Noctuidae) en Chile. Revista chilena de entomologia, 46(1): 121-124;
Sarazu-Pillado, R., Gonzalez-Hernandez, H., Cortez-Mondaca, E., Valdez-Carrazco, J., Almela, J. and Lomeli-Flores, R. (2020). Primer Reporte del Gusano Telara√±ero en Ajonjoli en el Norte de Sinaloa, Mexico. Southwestern Entomologist. 45(2): 575-578;
Sarazu-Pillado, R., Gonzalez-Hernandez, H., Cortez-Mondaca, E., Valdez-Carrazco, J., Almela, J. and Lomeli-Flores, R. (2020). Primer Reporte del Gusano Telarañero en Ajonjoli en el Norte de Sinaloa, Mexico. Southwestern Entomologist. 45(2): 575-578;
Sarazu-Pillado, R., Gonzalez-Hernandez, H., Lomeli-Flores, J., Valdez-Carrasco, J., Cortez-Mondaca, E. and Guzman-Franco, A. (2024). Parasitoid wasps associated with Antigastra catalaunalis (Lepidoptera, Crambidae) in Northern Sinaloa, Mexico. Journal of Hymenoptera Research. 97: 741-754;
Sarmiento-Cordero, M. and Contreras-Ramos, A. (2013). Phenology of Copaxa lavendera (Westwood)(Lepidoptera, Saturniidae) from Sierra de Las Navajas, Hidalgo, Mexico. The Pan-Pacific Entomologist. 88(4): 399-406;
Sartiami, D., Dadang, Harahap, I., Kusumah Y. and Anwar, R. (2020). First record of fall armyworm (Spodoptera frugiperda) in Indonesia and its occurence in three provinces. IOP Conf. Series: Earth and Environmental Science. 468: 012021;
Sauby, K., Marsico, T., Ervin, G. and Brooks, C. (2012). The Role of Host Identity in Determining the Distribution of the Invasive Moth Cactoblastis cactorum (Lepidoptera: Pyralidae) in Florida. Florida Entomologist. 95(3): 561-568;
Savela, M. (2024). Lepidoptera and some other life forms. Available at: https://ftp.funet.fi/index/Tree_of_life/intro.html;
Scaccini, D., Bramuzzo, D., Bostanci, C., Faccoli, M., Martinez-Sanudo, I., Matov, A., ... and Pozzebon, A. (2023). First report of Garella musculana (Erschov, 1874) (Lepidoptera: Nolidae) in Italy with insights into its identity. Journal of Applied Entomology. 147: 239-243;
Scalercio, S. (2016). Interessanti novita faunistiche sui Pyraloidea dell Italia meridionale, con particolare riferimento agli ambienti forestali (Lepidoptera: Pyralidae, Crambidae). SHILAP Revista de Lepidopterologia. 44(175): 433-442;
Schultz, P., Day, E., Bordas, A. and Bean, R. (2006). Biology and Distribution of Pryeria sinica, a New Pest of Euonymus Found in Virginia and Maryland. Plant Health Progress. 7(1): 49;
Scott, J. (1986). Distribution of Caribbean Butterflies. Papilio. 3: 1-26.;
Secretary of Agriculture of United States of America (2018). Erradication of Pinkball Moth - A Procalmation.;
Sefrova, H. (2003). Invasions of Lithocolletinae species in Europe - Causes, kinds, limits and ecological impact (Lepidoptera, Gracillariidae). Ekologia (Bratislava). 22(2): 132-142;
Seifert, R. (1974). The Sphingidae of Turrialba, Costa Rica. Journal of the New York Entomological Society. 82: 45-56;
Seliger, R. and A. Hemmersbach (2018). Zwei adventive Schmetterlingsarten neu fur Deutschland: Plesiomorpha flaviceps (Butler, 1881) und Prays citri (Milliere, 1873) (Lep., Geometridae et Praydidae). Melanargia. 30(2): 49-52;
Seplyarsky, V., Weiss, M. and Haberman, A. (2010). Tuta absoluta Povolny (Lepidoptera: Gelechiidae), a new invasive species in Israel. Phytoparasitica. 38:445–446;
Setamou, M., Schulthess, F., Bosque-Perez, N., Poehling, H. and Borgemeister, C. (1999). Bionomics of Mussidia nigrivenella (Lepidoptera: Pyralidae) on three host plants. Bulletin of Entomological Research. 89(5): 465-471;
Seven, S. (2006). Lyonetiidae of Turkey with notes on their distribution and zoogeography (Lepidoptera). Zootaxa. 1245(1): 53-58;
Seven, S. and Ozdemir, M. (2007). The genus Dichelia Guenee, 1845 (Lepidoptera: Tortricidae) in Turkey. Acta entomologica slovenica. 15(2): 185-190;
Shanower, T., Wightman, J. and Gutierrez, A. (1993). Biology and control of the groundnut leafminer, Aproaerema modicella (Deventer)(Lepidoptera: Gelechiidae). Crop Protection. 12(1): 3-10;
Sharanabasappa, S., Kalleshwaraswamy, C., Asokan, R., Swamy, H., Maruthi, M., Pavithra, H., ... and Goergen, G. (2018). First report of the fall armyworm, Spodoptera frugiperda (JE Smith)(Lepidoptera: Noctuidae), an alien invasive pest on maize in India. Pest Management in Horticultural Ecosystems. 24(1): 23-29;
Shaw, T., Paula-Moraes, S., Hahn, P. and Specht, A. (2021). Seasonal flight patterns of Chrysodeixis includens (Lepidoptera: Noctuidae) in the Florida panhandle and inventory of plusiine species cross-attracted to synthetic pheromone. Journal of Economic Entomology. 114(6): 2315-2325;
Shepherd, R., Gray, T. and Harvey, G. (1995). Geographical distribution of Choristoneura species (Lepidoptera: Tortricidae) feeding on Abies, Picea, and Pseudotsuga in western Canada and Alaska. The Canadian Entomologist, 127(6): 813-830;
Shibasaki, H., Yamamoto, M., Yan, Q., Naka, H., Suzuki, T. and Ando, T. (2013). Identification of the sex pheromone secreted by a nettle moth, Monema flavescens, using gas chromatography/Fourier transform infrared spectroscopy. Journal of chemical ecology. 39: 350-357;
Shine, C., Reaser, J.  and Gutierrez, A. (eds.) (2003). Invasive alien species in the Austral Pacific Region: National Reports & Directory of Resources. Global Invasive Species Programme, Cape Town, South Africa.;
Showers, W. (1997). Migratory Ecology of the Black Cutworm. Annual Review of Entomology. 42: 393‚Äì425;
Sihvonen, P. (2005). Check-list of Chinese Scopula Schrank species and an analysis of species diversity (Lepidoptera: Geometridae: Sterrhinae). Journal of Asia-Pacific Entomology, 8(1): 29-36;
Silva, N., Duarte, M., Araujo, E. and Morais, H. (2014). Larval biology of anthophagous Eumaeini (Lepidoptera: Lycaenidae, Theclinae) in the Cerrado of central Brazil. Journal of Insect Science. 14(184): 1-17;
Simmonds, F., and Bennett, F. (1966). Biological control of Opuntia spp. by Cactoblastis cactorum in the Leeward Islands (West Indies). Entomophaga. 11: 183-189;
Simonsen, T., Dombroskie, J. and Pohl, G. (2009). Melitara Walker (Pyralidae) in western Canada: The documentation of M. subumbrella (Dyar) in the Prairie Provinces demonstrates the value of regional collections and species lists. Journal of the Lepidopteris Society, 63: 31-36;
Sinclair, E. (1975). A life system study of Cryptophlebia ombrodelta (Lower)(Lepidoptera: Tortricidae) in southeast Queensland. Doctoral Dissertation, University of Queensland;
Singh, N., Ahmad, J., Kaustubh, K. and Joshi, R. (2019). New distributional records of Eudocima Billberg, 1820 (Lepidoptera: Erebidae: Calpinae) from Gangetic Plains (India). Records of the Zoological Survey of India. 119(3): 238-245;
Sivasankaran, K., Madani, J., Ignacimuthu, S. and Paulraj, M. G. (2010). A survey of Euteliinae (Lepidoptera: Noctuidae) of Nilgiris, Tamil Nadu, India. Entomon. 35(3): 175-182;
Slade, B. and Agassiz, D. (1991). Eupithecia sinuosaria Eversmann (Lep.: Geometridae) New to the British Isles. The entomologists record and journal of variation. 104(11): 287-288;
Smith, D. and Beattie, G. (1996). Australian citrus IPM and citrus leafminer. In Hoy, M. (ed.), Managing the Citrus Leafminer, Proc. Intern. Conf., Orlando, Florida, April 23-25, 1996, 34-46. Gainesville: University of Florida. 119 pp.;
Smith, K. (1956). The occurrence and distribution of Aphomia gularis (Zell.)(Lep., Galleriidae), a pest of stored products. Bulletin of entomological research. 47(4): 655-667;
Smith, P., Kitching, I., Rios, S. and Haxaire, J. (2022). An annotated catalogue of the Paraguayan Sphingidae (Lepidoptera). Journal of Insect Biodiversity. 31(2): 36-81;
Smith, R., Baker, R., Malumphy, C., Hockland, S., Hammon, R., Ostoja-Starzewski, J. and Collins, D. (2007). Recent non-native invertebrate plant pest establishments in Great Britain: origins, pathways, and trends. Agricultural and Forest Entomology. 9(4): 307-326;
Smithers, C. (1998). A species list and bibliography of the insects recorded from Norfolk Island. Australian Museum.;
Sohn, J-C. (2015). A Catalogue of the Type Specimens of Yponomeutoidea (Lepidoptera) in the Museum of Comparative Zoology with Revised Status of Pluteloptera ochrella. Breviora. 542(1): 1-19;
Sohn, J., Choi, S. and Cho, S. (2005). A new record of Ischyja manlia (Cramer)(Lepidoptera: Noctuidae: Catocalinae) from Korea. Entomological Research, 35(2): 107-110;
Sohn, J., Park, K. and Cho, S. (2015). Seven species of Olethreutinae (Lepidoptera: Tortricidae) new to Korea. Journal of Asia-Pacific Biodiversity. 8(2): 133-138;
Solis, M. (1986). A new species of Epidromia (Noctuidae) from Florida. Journal of the Lepidopterists Society. 40(1): 8-19.;
Solis, M. (2008). New sightings of Glyphodes onychinalis (Guenee)(Pyraloidea: Crambidae: Spilomelinae), a recent arrival to the United States with a description of the larva reared on oleander (Nerium sp.) in California. News of the Lepidopterists Society. 50(3/4): 79-80;
Solis, M. and Metz, M. (2016). An illustrated guide to the identification of the known species of Diatraea Guilding (Lepidoptera, Crambidae, Crambinae) based on genitalia. ZooKeys. 565: 73‚Äì121;
Solis, M., Scholtens, B., Adams, J. and Funk, D. (2010). First Report of Ecpyrrhorrhoe puralis (South)(Pyraloidea: Crambidae: Pyraustinae) in North America: A Naturalized Exotic Pyraustine from Asia Feeding on Paulownia Siebold & Zucc. The Journal of the Lepidopterists Society. 64(1): 33-35;
Solis, M., Yen, S. and Goolsby, J. (2004). Species of Lygomusotima new genus and Neomusotima Yoshiyasu (Lepidoptera: Crambidae) from Australia and southeastern Asia feeding on Lygodium microphyllum (Schizaeaceae). Annals of the Entomological Society of America. 97(1): 64-76;
Sosa-Gomez, D., Specht, A., Paula-Moraes, S., Lopes-Lima, A., Yano, S., Micheli, A., ... and Azevedo-Filho, W. (2016). Timeline and geographical distribution of Helicoverpa armigera (Hubner) (Lepidoptera, Noctuidae: Heliothinae) in Brazil. Revista Brasileira de Entomologia. 60: 101-104;
Speidel, W. (1984). Revision der Acentropinae des palaearktischen Faunengebietes (Lepidoptera: Crambidae). Neue entomologische Nachrichten. 12: 1‚Äì157;
Speidel, W., Nieukerken, E., Honey, M. and Koster, S. (2006). The exotic pyraloid moth Diplopseustis perieresalis (Walker) expanding in the West Palaearctic Region (Crambidae: Spilomelinae). Nota lepiderologica. 29(3): 185‚Äì192;
Spill, F. (2016). Eratophyes amasiella (Herrich-Schaffer, 1854), une espece d oecophoride nouvelle pour la France (Lep. Oecophoridae). oreina. 35: 12-13;
Sporleder, M., Carhuapoma, P. and Kroschel, J. (2016). Andean potato tuber moth, Symmetrischema tangolias (Gyen 1913). In: Kroschel, J., Mujica, N., Carhuapoma, P. and Sporleder, M. (eds.). Pest distribution and risk atlas for Africa. Potential global and regional distribution and abundance of agricultural and horticultural pests and associated biocontrol agents under current and future climates. Lima (Peru). International Potato Center (CIP).;
Sridhar, V., Chakravarthy, A., Asokan, R., Vinesh, L., Rebijith, K. and Vennila, S. (2014). New record of the invasive South American tomato leaf miner, Tuta absoluta (Meyrick) (Lepidoptera: Gelechiidae) in India. Pest Management in Horticultural Ecosystems. 20(2): 148-154;
Stanley, J., Julien, M., Rumbo, E. and White, A. (1999). Post release monitoring of Xubida infusella (Lep.: Pyralidae): an example of using pheromones for the early detection of establishing populations of biological control agents. In: Proceedings of the 10th International Symposium on Biological Control of Weeds, Montana State University, Bozeman, MT. 4-14;
Sterling, M., Barclay, M. and Lees, D. (2024). The genome sequence of the Golden-brown Fern moth, Musotima nitidalis (Walker,[1866]). Wellcome Open Research, 9: 132;
Stojanovic, D., Vajgand, D., Radovic, D., Curcic, N. and Curcic, S. (2017). Expansion of the range of the introduced moth Acontia candefacta in southeastern Europe. Bulletin of Insectology. 70(1), 111-120;
Streltzov A. (2011). Sciota marmorata ‚Äì a new species of phycitid moths (Lepidoptera: Pyraloidea, Phycitidae) in the fauna of the Far East of Russia. Amurian zoological journal. 3(1): 52;
Stringer, L., El-Sayed, A., Cole, L., Manning, L. and Suckling, D. (2008). Floral attractants for the female soybean looper, Thysanoplusia orichalcea (Lepidoptera: Noctuidae). Pest Management Science, 64(12), 1218-1221;
Strumpel, H. (1968). Tinea columbariella Wck. als Sch√§dling an importierten Entenfedern. Anzeiger f√ºr Schadlingskunde, 41: 84-88;
Subchev, M., Toshova, T., Atanasova, D., Petrova, V. and Toth, M. (2013). Seasonal flight of the potato tuber moth, Phthorimaea operculella (Zeller)(Lepidoptera: Gelechiidae) in three regions in Bulgaria established by pheromone traps. Acta Phytopathologica et Entomologica Hungarica. 48(1): 75-86;
Suckling, D. and Brockerhoff, E. (2010). Invasion Biology, Ecology, and Management of the Light Brown Apple Moth (Tortricidae). Annual Review of Entomology. 55: 285-306;
Suelo, M., Cruz, R., Luceno, A. and Mohagan, A. (2020). Morphological Description and Ecological Status of Hawkmoths (Lepidoptera: Sphingidae) in Three Vegetation Types of Mt. Kitanglad, Lirongan, Lantapan, Bukidnon, Philippines. Biological Forum - An International Journal. 12(1): 18-28;
Sugiura, S. (2011). Structure and dynamics of the parasitoid community shared by two herbivore species on different host plants. Arthropod-Plant Interactions. 5: 29-38;
Sulifoa, J. and Ebenebe, A. (2007). Evaluation of pheromone trapping of diamondback moth (Plutella xylostella) as a tool for monitoring larval infestations in cabbage crops in Samoa. The South Pacific  Journal of Natural and Applied Sciences. 25(1): 43-46;
Sullivan, M. and T. Molet. (2007). CPHST Pest Datasheet for Autographa gamma. USDA-APHIS-PPQ-CPHST. Revised January 2014.;
Sun, X., Hu, C., Jia, H., Wu, Q., Shen, X., Zhao, S., ... and Wu, K. (2021). Case study on the first immigration of fall armyworm, Spodoptera frugiperda invading into China. Journal of Integrative Agriculture. 20(3): 664-672;
Sun, Y. and Li, H. (2013). Cochylis Treitschke in China: one new species and five new records (Lepidoptera, Tortricidae, Cochylini). ZooKeys. 258: 85‚Äì96;
Sunitha, T. and Balagangatharan, P. (2022). Butterfly species diversity and abundance in Ramanathi Dam, Kadayam, Tenkasi Dist, Tamilnadu. Sciencia Acta Xaveriana - An International Science Journal. 13(1): 65-82;
Swezey, O. (1946). Lepidoptera, Geometridae, Arctiidae, Agrotidae, and Pyralidae of Guam. In: Insects of Guam II. Bernice P. Bishop Museum Bulletin. 189: 163-185;
Tabell, J., Kullberg, J., Mutanen, M., Tokar, Z. and Sihvonen, P. (2023). New and little known Coleophora Hubner, 1822 species from Morocco. Part I.(Lepidoptera, Coleophoridae). Zootaxa 5374 (2): 151‚Äì195;
Taft, W., Smitley, D. and Snow, J. (1991). A guide to the clearwing borers (Sesiidae) of the north central United States. North Central Regional Publication. 394: 1-30;
Takacs, A., Szaboky, C., Toth, B., Bozso, M., Kutas, J., Molnar, S. and Richter, I. (2020). Nearctic walnut leafminers invade Europe: first Coptodisca lucifluella (Clemens, 1860) and now Coptodisca juglandiella (Chambers, 1874)(Lepidoptera, Heliozelidae). Nota lepidopterologica. 43: 77-93;
Takacs, A., Szaboky, C., Toth, B., Bozso, M., Kutas, J., Molnar, S., ... and Nagy, A. (2022). Bionomics and host plants of the invasive Cydia interscindana (Moschler, 1866) (Lepidoptera, Tortricidae), an emerging pest in the Carpathian Lowlands. Nota Lepidopterologica. 45: 53-64;
Tams, W. and Bowden, J. (1953). A revision of the African species of Sesamia Guenee and related genera (Agrotidae-Lepidoptera). Bulletin of entomological research, 43(4): 645-678;
Tanaka, S., Nishida, T. and Ohsaki, N. (2007). Sequential Rapid Adaptation of Indigenous Parasitoid Wasps to the Invasive Butterfly Pieris brassicae. Evolution. 61-8: 1791-1802;
Tanigoshi, L. and Stary, P. (2003). Distribution, habitats and host plants of the cherry bark tortrix, Enarmonia formosana (Scopoli) in the Czech Republic (Lepidoptera, Tortricidae). Journal of Pest Science. 76: 41-43;
"Tanigoshi, L. and Stary, P. (2003). Hymenopterous parasitoids of the cherry bark tortrix, Enarmonia formosana (Scopoli) in central_east Europe (Hymenoptera, Ichneumonoidea; Lepidoptera, Tortricidae). Anzeiger fur Schadlingskunde, 76(4), 100-102.";
Tashiro, H. (1976). Biology of the grass webworm, Herpetogramma licarsisalis (Lepidoptera: Pyraustidae) in Hawaii. Annals of the Entomological Society of America. 69(5): 797-803;
Tatarinova, A. and Kulakova, O. (2023). Expansion and Naturalization of Adventive Butterfly Species (Lepidoptera: Papilionoidea) on the Northeastern Part of the Russian Plain. Russian Journal of Biological Invasions. 14(3): 405-416;
Tay, W., Meagher Jr, R., Czepak, C. and Groot, A. (2023). Spodoptera frugiperda: ecology, evolution, and management options of an invasive species.¬†Annual Review of Entomology. 68(1): 299-317;
Tay, W., Rane, R., Padovan, A., Walsh, T., Elfekih, S., Downes, S., ... and Gordon, K. (2022). Global population genomic signature of Spodoptera frugiperda (fall armyworm) supports complex introduction events across the Old World. Communications Biology. 5: 297;
Tay, W., Walsh, T., Downes, S., Anderson, C., Jermiin, L., Wong, T., ... and Gordon, K. (2017). Mitochondrial DNA and trade data support multiple origins of Helicoverpa armigera (Lepidoptera, Noctuidae) in Brazil. Scientific Reports. 7: 45302;
Taylor, D. and Dhileepan, K. (2022). Application to release Stomphastis thraustica, an agent for the biological control of Jatropha gossypiifolia in Australia. Biosecurity Queensland, Department of Agriculture and Fisheries Australia.;
ten Holt, H. and Kuchlein, J. (2006). Additional data on the distribution and early stages of Chrysoesthia verrucosa (Lepidoptera: Gelechiidae).Phegea, 34(1): 13-16;
Tennent, J. (2011). Pontia daplidice. The IUCN Red List of Threatened Species 2011: e.T160251A5358607;
Tennent, W. (2011). Hipparchia statilinus. The IUCN Red List of Threatened Species 2011: e.T160360A5364211;
Teston, J. (2017) First record of Toulgoetarctia nigripuncta (Joicey & Talbot, 1918) (Lepidoptera: Erebidae: Arctiinae) from Brazil. Check List. 13(4): 289-291;
Thoming, G. and Norli, H. (2015). Olfactory cues from different plant species in host selection by female pea moths. Journal of agricultural and food chemistry. 63(8): 2127-2136;
Timbilla, J. and Braimh, H. (2000). Establishment, Spread and Impact of Pareuchaetes pseudoinsulata (Lepidoptera: Arctiidae) an Exotic Predator of the Siam Weed, Chromolaena Odorata (Asteraceae: Eupatoriae) in Ghana. Proceedings of the X International Symposium on Biological Control of Weeds. 105-111;
Timus, A. (2015). The Invasive Entomofauna of the Holometabola Group, Superorder Mecopteroidea for Republic of Moldova. Current Trends in Natural Sciences. 4(7): 50-58;
Tobin, P. and Blackburn, L. (2008). Long-Distance Dispersal of the Gypsy Moth (Lepidoptera: Lymantriidae) Facilitated Its Initial Invasion of Wisconsin. Environmental Entomology. 37(1): 87-93;
Tobin, P., Bai, B., Eggen, D. and Leonard, D. (2012). The ecology, geopolitics, and economics of managing Lymantria dispar in the United States. International Journal of Pest Management. 58(3): 195-210;
Todd, E. (1966). Notes and descriptions of some neotropical agaristine moths (Lepidoptera: Noctuidae). Proceedings of the United States National Museum. 120(3560): 1-15;
Todd, E. and Poole, R. (1980). Keys and illustrations for the armyworm moths of the noctuid genus Spodoptera Guen√©e from the Western Hemisphere. Annals of the Entomological Society of America, 73(6): 722-738;
Tolman, T. and Lewington, R. (2009). Collins Butterfly Guide. HarperCollins Publishers;
Tooker, J. and Fleischer, S. (2010). First report of western bean cutworm (Striacosta albicosta) in Pennsylvania. Crop Management. 9: 1-4;
Toth, V. and Lakatos, F. (2018). Phylogeographic pattern of the plane leaf miner, Phyllonorycter platani (STAUDINGER, 1870)(Lepidoptera: Gracillariidae) in Europe. BMC Evolutionary Biology. 18: 1-12;
Townsend, M., (2013). Oak processionary moth in the United Kingdom. Outlooks in Pest Management. 24, 32-38;
Trajkovic, A. and Zikic, V. (2023). Stuck in the caterpillars‚Äô web: A half-century of biocontrol research and application on gregarious Lepidopteran pests in Europe. Sustainability. 15(4): 2881;
Trematerra, P. (2012). Notes on some Lepidoptera Tortricidae from Central Asia. Journal of Entomological and Acarological Research. 44: e1;
Trematerra, P. and Jel, J. (2003). Aethes rubiginana (Walsingham, 1903) in Francia ed Epibactra sareptana (Herrich-Schaffer, 1861) in Italia (Lepidoptera Tortricidae ). Bollettino di Zoologia Agraria e di Bachicoltura. 35(2): 107-110;
Trematerra, P., Goglia, L., Scalercio, S. and Colacci, M. (2018). Lepidoptera Tortricidae from Calabria (Southern Italy). Redia: Giornale di Zoologia. 101: 167-181;
Triberti, P. (2007). The Phyllonorycter species from Palaearctic Region feeding on Rosaceae (Lepidoptera, Gracillariidae). Bollettino del Museo Civico di Storia Naturale di Verona. 31: 147-221;
Trisyono, Y., Suputa, S., Aryuwandari, V., Hartaman, M. and Jumari, J. (2019). Occurrence of heavy infestation by the fall armyworm Spodoptera frugiperda, a new alien invasive pest, in corn Lampung Indonesia. Jurnal Perlindungan Tanaman Indonesia. 23(1): 156-160;
Tsvetanov, T. and Zlatkov, B. (2019). Scythris sinensis (Felder & Rogenhofer, 1875), a new species for Bulgaria and the Balkan Peninsula (Insecta: Lepidoptera: Scythrididae). ZooNotes. 146: 1-2;
Tsvetanov, T. and Zlatkov, B. (2023). Chrysoesthia sexguttella (Thunberg, 1794), a new species for Bulgaria (Insecta: Lepidoptera: Gelechiidae). Historia naturalis bulgarica. 45 (10): 271-274;
Tugulea, H. and Tugulea, A. (2020). Contributions to knowledge of the fauna of hawk-moths (Lepidoptera, Sphingidae) from the Republic of Moldova. Oltenia-studii si comunicari stiintele naturii. 36(2): 105-112;
Tumuhaise, V., Khamis, F., Agona, A., Sseruwu, G. and Mohamed, S. (2016). First record of Tuta absoluta (Lepidoptera: Gelechiidae) in Uganda. International Journal of Tropical Insect Science. 36(3): 135-139;
Turner, R., Blake, R., Mally, R., and Liebhold, A. (2024). International Non-native Insect Establishment Data (0.2.1) [Data set]. Zenodo.;
Turner, S. and Cesselli, S. (2013). Operational field guide to the establishment of tansy ragwort biocontrol agents in British Columbia. Prov. B.C. Victoria, B.C.;
U.S. Geological Survey (2022). United States Register of Introduced and Invasive Species (US-RIIS), all versions: U.S. Geological Survey data release, https://doi.org/10.5066/P92DN8D8;
Urbaneja, A., Llacer, E., Tomas, O., Garrido, A. and Jacas, J. (2000). Indigenous Natural Enemies Associated with Phyllocnistis citrella (Lepidoptera: Gracillariidae) in Eastern Spain. Biological Control. 18: 199-207;
Urbaneja, A., Vercher, R., Navarro, V., Porcuna, J. and Garcia-Mari, F. (2007). La polilla del tomate, Tuta absoluta [The tomato leaf miner: Tuta absoluta]. Phytoma Espana, 194, 16-24;
Ureche, C. (2016). First record of a new alien invasive species in Romania: Phyllocnistis vitegenella Clemens (Lepidoptera: Gracillariidae). Acta Oecologica Carpatica. 9: 133-138;
USDA (2019). Fall armyworm damages corn and threatens other crops in Vietnam. (United States Department of Agriculture, Foreign Agricultural Serves, 2019).;
Uulu, T., Ulusoy, M. and Caliskan, A. (2017). First record of tomato leafminer Tuta absoluta Meyrick (Lepidoptera: Gelechiidae) in Kyrgyzstan. Bulletin OEPP/EPPO Bulletin 47 (2): 285-287;
Uyi, O., Egbon, I. and Igbinosa, I. (2011). Discovery of, and studies on, Pareuchaetes pseudoinsulata (Lepidoptera: Arctiidae) in southern Nigeria. International Journal of Tropical Insect Science. 31(3): 199-203;
Uyi, O., Zachariades, C., Hill, M. and McConnachie, A. (2016). Temperature-dependent performance and potential distribution of Pareuchaetes insulata, a biological control agent of Chromolaena odorata in South Africa. BioControl. 61: 815-825;