Species;Continent;Realm;ReferenceYear;Reference
Abaeis nicippe;South America;Neotropical;2024;Turner, R. et al. (2024). International Non-native Insect Establishment Data (0.2.1) [Data set]. Zenodo
Acalyptris platani;Asia;Palearctic;2007;van Nieukerken, E. (2007). Acalyptris Meyrick: revision of the platani and staticis groups in Europe and the Mediterranean (Lepidoptera: Nepticulidae). Zootaxa. 1436: 1-48
Acalyptris platani;Europe;Palearctic;2003;Sefrova, H. (2003). Invasions of Lithocolletinae species in Europe - Causes, kinds, limits and ecological impact (Lepidoptera, Gracillariidae). Ekologia (Bratislava). 22(2): 132-142
Acalyptris platani;Europe;Palearctic;2007;van Nieukerken, E. (2007). Acalyptris Meyrick: revision of the platani and staticis groups in Europe and the Mediterranean (Lepidoptera: Nepticulidae). Zootaxa. 1436: 1-48
Acalyptris platani;Africa;Saharo-Arabian;2003;Sefrova, H. (2003). Invasions of Lithocolletinae species in Europe - Causes, kinds, limits and ecological impact (Lepidoptera, Gracillariidae). Ekologia (Bratislava). 22(2): 132-142
Acalyptris platani;Asia;Saharo-Arabian;2007;van Nieukerken, E. (2007). Acalyptris Meyrick: revision of the platani and staticis groups in Europe and the Mediterranean (Lepidoptera: Nepticulidae). Zootaxa. 1436: 1-48
Acalyptris platani;Asia;Sino-Japanese;2003;Sefrova, H. (2003). Invasions of Lithocolletinae species in Europe - Causes, kinds, limits and ecological impact (Lepidoptera, Gracillariidae). Ekologia (Bratislava). 22(2): 132-142
Aglaonice hirtipalpis;South America;Neotropical;2002;Barnes, M. (2002). A preliminary illustrated catalogue of the larger moths of Jamaica.
Acentria ephemerella;Europe;Palearctic;2024;Turner, R. et al. (2024). International Non-native Insect Establishment Data (0.2.1) [Data set]. Zenodo
Acentria ephemerella;Asia;Palearctic;2024;Turner, R. et al. (2024). International Non-native Insect Establishment Data (0.2.1) [Data set]. Zenodo
Achaea ablunaris;South America;Neotropical;1992;Frank, J., McCoy, E. (1992). Introduction to the Behavioral Ecology of Immigration. The Immigration of Insects to Florida, with a Tabulation of Records Published Since 1970. The Florida Entomologist.75(1): 1-28
Achaea ablunaris;South America;Panamanian;1992;Frank, J., McCoy, E. (1992). Introduction to the Behavioral Ecology of Immigration. The Immigration of Insects to Florida, with a Tabulation of Records Published Since 1970. The Florida Entomologist.75(1): 1-28
Achaea ablunaris;South America;Neotropical;2024;Turner, R. et al. (2024). International Non-native Insect Establishment Data (0.2.1) [Data set]. Zenodo
Achaea janata;Australia;Australian;1978;Edwards, E. (1978). A review of the genus Archaea in Australia (Lepidoptera: Noctuidae). Journal of the Australian Entomological Society. 17: 329-340
Achaea janata;Oceania;Australian;1978;Edwards, E. (1978). A review of the genus Archaea in Australia (Lepidoptera: Noctuidae). Journal of the Australian Entomological Society. 17: 329-340
Achaea janata;Oceania;Nearctic;1978;Edwards, E. (1978). A review of the genus Archaea in Australia (Lepidoptera: Noctuidae). Journal of the Australian Entomological Society. 17: 329-340
Achaea janata;South America;Neotropical;1978;Edwards, E. (1978). A review of the genus Archaea in Australia (Lepidoptera: Noctuidae). Journal of the Australian Entomological Society. 17: 329-340
Achaea janata;Asia;Oriental;1978;Edwards, E. (1978). A review of the genus Archaea in Australia (Lepidoptera: Noctuidae). Journal of the Australian Entomological Society. 17: 329-340
Achaea janata;North America;Nearctic;2024;Turner, R. et al. (2024). International Non-native Insect Establishment Data (0.2.1) [Data set]. Zenodo
Acharia stimulea;North America;Nearctic;2022;Cooley, T., Reardon, R. (2022). Field Guide to the Slug Moths (Lepidoptera: Limacodidae) of West Virginia. Forest Service U.S. Department of Agriculture. 84pp
Acharia stimulea;North America;Panamanian;2022;Cooley, T., Reardon, R. (2022). Field Guide to the Slug Moths (Lepidoptera: Limacodidae) of West Virginia. Forest Service U.S. Department of Agriculture. 84pp
Acharia stimulea;North America;Nearctic;2023;Goudarzi, M. (2023). Structure, function, and evolution of nettle caterpillar (Lepidoptera: Limacodidae) venom toxins. The Australian Entomologist. 50(3): 351-356
Aglaonice hirtipalpis;North America;Panamanian;2002;Barnes, M. (2002). A preliminary illustrated catalogue of the larger moths of Jamaica.
Azeta repugnalis;South America;Neotropical;2002;Barnes, M. (2002). A preliminary illustrated catalogue of the larger moths of Jamaica.
Azeta repugnalis;North America;Panamanian;2002;Barnes, M. (2002). A preliminary illustrated catalogue of the larger moths of Jamaica.
Callopistria jamaicensis;North America;Panamanian;2002;Barnes, M. (2002). A preliminary illustrated catalogue of the larger moths of Jamaica.
Achroia grisella;Africa;Afrotropical;1986;Clarke, J. (1986): Pyralidae and Microlepidoptera of the Marquesas Archipelago. Smithsonian Contributions to Zoology. 416
Achroia grisella;Australia;Australian;1986;Clarke, J. (1986): Pyralidae and Microlepidoptera of the Marquesas Archipelago. Smithsonian Contributions to Zoology. 416
Achroia grisella;Africa;Madagascan;1986;Clarke, J. (1986): Pyralidae and Microlepidoptera of the Marquesas Archipelago. Smithsonian Contributions to Zoology. 416
Achroia grisella;North America;Nearctic;1986;Clarke, J. (1986): Pyralidae and Microlepidoptera of the Marquesas Archipelago. Smithsonian Contributions to Zoology. 416
Achroia grisella;South America;Neotropical;1986;Clarke, J. (1986): Pyralidae and Microlepidoptera of the Marquesas Archipelago. Smithsonian Contributions to Zoology. 416
Achroia grisella;Oceania;Oceanian;1986;Clarke, J. (1986): Pyralidae and Microlepidoptera of the Marquesas Archipelago. Smithsonian Contributions to Zoology. 416
Achroia grisella;Asia;Oriental;1986;Clarke, J. (1986): Pyralidae and Microlepidoptera of the Marquesas Archipelago. Smithsonian Contributions to Zoology. 416
Achroia grisella;Europe;Palearctic;1986;Clarke, J. (1986): Pyralidae and Microlepidoptera of the Marquesas Archipelago. Smithsonian Contributions to Zoology. 416
Achroia grisella;North America;Panamanian;1986;Clarke, J. (1986): Pyralidae and Microlepidoptera of the Marquesas Archipelago. Smithsonian Contributions to Zoology. 416
Achroia grisella;South America;Panamanian;1986;Clarke, J. (1986): Pyralidae and Microlepidoptera of the Marquesas Archipelago. Smithsonian Contributions to Zoology. 416
Achroia grisella;Africa;Saharo-Arabian;1986;Clarke, J. (1986): Pyralidae and Microlepidoptera of the Marquesas Archipelago. Smithsonian Contributions to Zoology. 416
Achroia grisella;Asia;Sino-Japanese;1986;Clarke, J. (1986): Pyralidae and Microlepidoptera of the Marquesas Archipelago. Smithsonian Contributions to Zoology. 416
Achroia grisella;Europe;Palearctic;2024;Turner, R. et al. (2024). International Non-native Insect Establishment Data (0.2.1) [Data set]. Zenodo
Achroia grisella;Asia;Palearctic;2024;Turner, R. et al. (2024). International Non-native Insect Establishment Data (0.2.1) [Data set]. Zenodo
Achroia grisella;Africa;Afrotropical;2024;Turner, R. et al. (2024). International Non-native Insect Establishment Data (0.2.1) [Data set]. Zenodo
Achroia grisella;Oceania;Oceanian;2024;Turner, R. et al. (2024). International Non-native Insect Establishment Data (0.2.1) [Data set]. Zenodo
Achyra affinitalis;Australia;Australian;2024;Turner, R. et al. (2024). International Non-native Insect Establishment Data (0.2.1) [Data set]. Zenodo
Leucania inconspicua;North America;Nearctic;2002;Barnes, M. (2002). A preliminary illustrated catalogue of the larger moths of Jamaica.
Leucania inconspicua;South America;Neotropical;2002;Barnes, M. (2002). A preliminary illustrated catalogue of the larger moths of Jamaica.
Leucania inconspicua;North America;Panamanian;2002;Barnes, M. (2002). A preliminary illustrated catalogue of the larger moths of Jamaica.
Acleris comariana;Europe;Palearctic;2024;Turner, R. et al. (2024). International Non-native Insect Establishment Data (0.2.1) [Data set]. Zenodo
Acleris forsskaleana;Europe;Palearctic;1971;Powell, J., Burns, J. (1971). Colonization of the northeastern United States by two Palearctic moths (Lepidoptera: Tortricidae). Psyche: A Journal of Entomology. 78(1): 38-48
Acleris forsskaleana;Europe;Palearctic;2020;Gilligan, T. et al. (2020). Immigrant Tortricidae: Holarctic versus Introduced Species in North America. Insects. 11(9):594
Acleris forsskaleana;Europe;Palearctic;2024;Turner, R. et al. (2024). International Non-native Insect Establishment Data (0.2.1) [Data set]. Zenodo
Acleris holmiana;Asia;Palearctic;2020;Gilligan, T. et al. (2020). Immigrant Tortricidae: Holarctic versus Introduced Species in North America. Insects. 11(9):594
Acleris holmiana;Europe;Palearctic;2020;Gilligan, T. et al. (2020). Immigrant Tortricidae: Holarctic versus Introduced Species in North America. Insects. 11(9):594
Acleris holmiana;Europe;Palearctic;2024;Turner, R. et al. (2024). International Non-native Insect Establishment Data (0.2.1) [Data set]. Zenodo
Acleris holmiana;Asia;Palearctic;2024;Turner, R. et al. (2024). International Non-native Insect Establishment Data (0.2.1) [Data set]. Zenodo
Acleris rhombana;Asia;Palearctic;2009;Alipanah, H. (2009). A brief study on the tribes Tortricini and Archipini (Lepidoptera: Tortricinae) from Iran. Entomofauna. 10: 137-152
Acleris rhombana;Europe;Palearctic;2009;Alipanah, H. (2009). A brief study on the tribes Tortricini and Archipini (Lepidoptera: Tortricinae) from Iran. Entomofauna. 10: 137-152
Acleris rhombana;Europe;Palearctic;2024;Turner, R. et al. (2024). International Non-native Insect Establishment Data (0.2.1) [Data set]. Zenodo
Acleris rhombana;Asia;Palearctic;2024;Turner, R. et al. (2024). International Non-native Insect Establishment Data (0.2.1) [Data set]. Zenodo
Acleris undulana;Asia;Oriental;2010;Lopez-Vaamonde, C. et al. (2010). Lepidoptera. Chapter 11. BioRisk. 4: 603-668
Acleris undulana;Asia;Palearctic;2010;Lopez-Vaamonde, C. et al. (2010). Lepidoptera. Chapter 11. BioRisk. 4: 603-668
Acleris undulana;Asia;Sino-Japanese;2010;Lopez-Vaamonde, C. et al. (2010). Lepidoptera. Chapter 11. BioRisk. 4: 603-668
Acleris undulana;Asia;Palearctic;2024;Turner, R. et al. (2024). International Non-native Insect Establishment Data (0.2.1) [Data set]. Zenodo
Acleris undulana;Asia;Oriental;2024;Turner, R. et al. (2024). International Non-native Insect Establishment Data (0.2.1) [Data set]. Zenodo
Acleris variegana;Asia;Palearctic;2009;Alipanah, H. (2009). A brief study on the tribes Tortricini and Archipini (Lepidoptera: Tortricinae) from Iran. Entomofauna. 10: 137-152
Acleris variegana;Europe;Palearctic;2009;Alipanah, H. (2009). A brief study on the tribes Tortricini and Archipini (Lepidoptera: Tortricinae) from Iran. Entomofauna. 10: 137-152
Acleris variegana;Africa;Saharo-Arabian;2009;Alipanah, H. (2009). A brief study on the tribes Tortricini and Archipini (Lepidoptera: Tortricinae) from Iran. Entomofauna. 10: 137-152
Acleris variegana;Asia;Saharo-Arabian;2009;Alipanah, H. (2009). A brief study on the tribes Tortricini and Archipini (Lepidoptera: Tortricinae) from Iran. Entomofauna. 10: 137-152
Acleris variegana;Asia;Sino-Japanese;2009;Alipanah, H. (2009). A brief study on the tribes Tortricini and Archipini (Lepidoptera: Tortricinae) from Iran. Entomofauna. 10: 137-152
Acleris variegana;Europe;Palearctic;2024;Turner, R. et al. (2024). International Non-native Insect Establishment Data (0.2.1) [Data set]. Zenodo
Acleris variegana;Asia;Palearctic;2024;Turner, R. et al. (2024). International Non-native Insect Establishment Data (0.2.1) [Data set]. Zenodo
Acleris zimmermani;North America;Nearctic;1978;Zimmerman, E. (1978). Insects of Hawaii. Vol. 9 Microlepidoptera. Part I. The University Press of Hawaii, Honolulu, Hawaii, United States of America
Acleris zimmermani;South America;Neotropical;2024;Turner, R. et al. (2024). International Non-native Insect Establishment Data (0.2.1) [Data set]. Zenodo
Acontia candefacta;North America;Nearctic;2017;Stojanovic, D. et al. (2017). Expansion of the range of the introduced moth Acontia candefacta in southeastern Europe. Bulletin of Insectology. 70(1): 111-120
Acontia candefacta;North America;Nearctic;2024;Turner, R. et al. (2024). International Non-native Insect Establishment Data (0.2.1) [Data set]. Zenodo
Acontia crocata;Australia;Australian;1852;Guenee, A. (1852). Noctuelites II. in Boisduval and Guenee: Histoire naturelle des insectes. Species general des lepidopteres 6: 1-444. Paris (Roret)
Acontia crocata;Asia;Oriental;1852;Guenee, A. (1852). Noctuelites II. in Boisduval and Guenee: Histoire naturelle des insectes. Species general des lepidopteres 6: 1-444. Paris (Roret)
Physula albipunctilla;North America;Panamanian;2002;Barnes, M. (2002). A preliminary illustrated catalogue of the larger moths of Jamaica.
Acontia exigua;South America;Neotropical;2006;Roque-Albelo, L. (2006). Diversity and ecology of the Lepidoptera in the Galapagos Islands, Ecuador. [PhD Thesis, Cardiff University]
Acontia exigua;North America;Nearctic;2025;Shropshire, K., Tallamy, D. (2025). Lepidoptera of North American north of Mexico: An annotated list containing geographic ranges and host plant records. ZooKeys
Acontia exigua;North America;Panamanian;2025;Shropshire, K., Tallamy, D. (2025). Lepidoptera of North American north of Mexico: An annotated list containing geographic ranges and host plant records. ZooKeys
Acontia exigua;South America;Panamanian;2025;Shropshire, K., Tallamy, D. (2025). Lepidoptera of North American north of Mexico: An annotated list containing geographic ranges and host plant records. ZooKeys
Acontia exigua;South America;Neotropical;2025;Shropshire, K., Tallamy, D. (2025). Lepidoptera of North American north of Mexico: An annotated list containing geographic ranges and host plant records. ZooKeys
Acontia margana;North America;Nearctic;2006;Roque-Albelo, L. (2006). Diversity and ecology of the Lepidoptera in the Galapagos Islands, Ecuador. [PhD Thesis, Cardiff University]
Acontia margana;South America;Neotropical;2006;Roque-Albelo, L. (2006). Diversity and ecology of the Lepidoptera in the Galapagos Islands, Ecuador. [PhD Thesis, Cardiff University]
Acontia margana;North America;Panamanian;2025;Shropshire, K., Tallamy, D. (2025). Lepidoptera of North American north of Mexico: An annotated list containing geographic ranges and host plant records. ZooKeys
Acontia margana;South America;Neotropical;2025;Shropshire, K., Tallamy, D. (2025). Lepidoptera of North American north of Mexico: An annotated list containing geographic ranges and host plant records. ZooKeys
Acontia margana;North America;Nearctic;2025;Shropshire, K., Tallamy, D. (2025). Lepidoptera of North American north of Mexico: An annotated list containing geographic ranges and host plant records. ZooKeys
Acontia margana;South America;Panamanian;2025;Shropshire, K., Tallamy, D. (2025). Lepidoptera of North American north of Mexico: An annotated list containing geographic ranges and host plant records. ZooKeys
Acraea terpsicore;Asia;Oriental;2014;Braby, M. et al. (2014). Spatial distribution and range expansion of the Tawny Coster butterfly, Acraea terpsicore (Linnaeus, 1758) (Lepidoptera: Nymphalidae), in South-East Asia and Australia. Insect Conservation Diversity. 7: 132-143
Acraea terpsicore;Asia;Oriental;2021;Chowdhury, S. et al. (2021). Coasting along to a wider range: niche conservatism in the recent range expansion of the Tawny Coster, Acraea terpsicore (Lepidoptera: Nymphalidae). Diversity and Distributions. 27(3): 402-415
Acrobasis suavella;Europe;Palearctic;2021;Boyes, D. et al. (2021). The genome sequence of the sycamore, Acronicta aceris (Linnaeus, 1758). Wellcome Open Research. 6: 326
Acrobasis suavella;Europe;Palearctic;2024;Turner, R. et al. (2024). International Non-native Insect Establishment Data (0.2.1) [Data set]. Zenodo
Acrocercops laciniella;Australia;Australian;2001;Hoare, R. (2001). Adventive species of Lepidoptera recorded for the first time in New Zealand since 1988. New Zealand Entomologist. 24: 23-47
Acrocercops laciniella;Australia;Australian;2024;Turner, R. et al. (2024). International Non-native Insect Establishment Data (0.2.1) [Data set]. Zenodo
Acrolepia assectella;Europe;Palearctic;2007;Landry, J. (2007). Taxonomic review of the leek moth genus Acrolepiopsis (Lepidoptera: Acrolepiidae) in North America. The Canadian Entomologist. 139: 319-353
Acrolepia jaspidata;South America;Neotropical;2016;Gaedike, R. (2016). New and poorly known Acrolepiinae from the Palaearctic, Afrotropical, Neotropical and Oriental regions (Lepidoptera: Glyphipterigidae). Contributions to Entomology. 66(2): 257-264
Acrolepiopsis sapporensis;Asia;Palearctic;2007;Landry, J. (2007). Taxonomic review of the leek moth genus Acrolepiopsis (Lepidoptera: Acrolepiidae) in North America. The Canadian Entomologist. 139: 319-353
Acrolepiopsis sapporensis;Asia;Sino-Japanese;2007;Landry, J. (2007). Taxonomic review of the leek moth genus Acrolepiopsis (Lepidoptera: Acrolepiidae) in North America. The Canadian Entomologist. 139: 319-353
Acrolepiopsis sapporensis;Europe;Palearctic;2024;Turner, R. et al. (2024). International Non-native Insect Establishment Data (0.2.1) [Data set]. Zenodo
Actias selene;Asia;Oriental;2007;Choldumrongkul, S. et al. (2007). Geographical distribution and status of Actias Moths in Thailand. Walailak Journal of Science and Technology (WJST). 4(2): 203-213
Actias selene;Asia;Oriental;2016;Chutia, B. et al. (2016). Conservation strategies of Actias selene Hubner: A wild silk moth in Nagaland, India. Environment Conservation Journal. 17(1): 41-45
Actias selene;Asia;Palearctic;2007;Choldumrongkul, S. et al. (2007). Geographical distribution and status of Actias Moths in Thailand. Walailak Journal of Science and Technology (WJST). 4(2): 203-213
Actias selene;Asia;Saharo-Arabian;2007;Choldumrongkul, S. et al. (2007). Geographical distribution and status of Actias Moths in Thailand. Walailak Journal of Science and Technology (WJST). 4(2): 203-213
Actias selene;Asia;Sino-Japanese;2007;Choldumrongkul, S. et al. (2007). Geographical distribution and status of Actias Moths in Thailand. Walailak Journal of Science and Technology (WJST). 4(2): 203-213
Actias selene;Asia;Sino-Japanese;2016;Chutia, B. et al. (2016). Conservation strategies of Actias selene Hubner: A wild silk moth in Nagaland, India. Environment Conservation Journal. 17(1): 41-45
Adoxophyes privatana;Asia;Oriental;2012;Lok, A. et al. (2012). The Native Fauna of the Native Garden at Hortpark: Birds, Fishes, Amphibians, Reptiles, Butterflies, Moths, Damselflies and Dragonflies. Raffles Museum of Biodiversity Research, National University of Singapore and Centre for Urban Greenery and Ecology, National Parks Board. Singapore
Adoxophyes privatana;Asia;Sino-Japanese;2012;Lok, A. et al. (2012). The Native Fauna of the Native Garden at Hortpark: Birds, Fishes, Amphibians, Reptiles, Butterflies, Moths, Damselflies and Dragonflies. Raffles Museum of Biodiversity Research, National University of Singapore and Centre for Urban Greenery and Ecology, National Parks Board. Singapore
Aethes rubiginana;Europe;Palearctic;2003;Trematerra, P., Jel, J. (2003). Aethes rubiginana (Walsingham, 1903) in Francia ed Epibactra sareptana (Herrich-Schaffer, 1861) in Italia (Lepidoptera Tortricidae ). Bollettino di Zoologia Agraria e di Bachicoltura. 35(2): 107-110
Aethes rubiginana;Africa;Saharo-Arabian;2003;Trematerra, P., Jel, J. (2003). Aethes rubiginana (Walsingham, 1903) in Francia ed Epibactra sareptana (Herrich-Schaffer, 1861) in Italia (Lepidoptera Tortricidae ). Bollettino di Zoologia Agraria e di Bachicoltura. 35(2): 107-110
Aethes rutilana;North America;Nearctic;2020;Gilligan, T. et al. (2020). Immigrant Tortricidae: Holarctic versus Introduced Species in North America. Insects. 11(9):594
Aethes rutilana;Asia;Palearctic;2020;Gilligan, T. et al. (2020). Immigrant Tortricidae: Holarctic versus Introduced Species in North America. Insects. 11(9):594
Aethes rutilana;Europe;Palearctic;2020;Gilligan, T. et al. (2020). Immigrant Tortricidae: Holarctic versus Introduced Species in North America. Insects. 11(9):594
Agapeta zoegana;Europe;Palearctic;2024;Turner, R. et al. (2024). International Non-native Insect Establishment Data (0.2.1) [Data set]. Zenodo
Anatrachyntis rileyi;Africa;Afrotropical;2024;CAB International (CABI) (2024). CABI Invasive Species Compendium.
Anatrachyntis rileyi;Australia;Australian;2024;CAB International (CABI) (2024). CABI Invasive Species Compendium.
Agassiziella angulipennis;Asia;Palearctic;2024;Turner, R. et al. (2024). International Non-native Insect Establishment Data (0.2.1) [Data set]. Zenodo
Agassiziella angulipennis;Asia;Oriental;2024;Turner, R. et al. (2024). International Non-native Insect Establishment Data (0.2.1) [Data set]. Zenodo
Agathodes designalis;North America;Nearctic;2018;Perez, C. et al. (2018). Agathodes designalis (Guenee, 1854) from Gibraltar - an adventive species new to Europe (Lepidoptera: Crambidae, Spilomelinae). SHILAP Revista de Lepidopterologia. 46(184): 615-617
Agathodes designalis;South America;Neotropical;2018;Perez, C. et al. (2018). Agathodes designalis (Guenee, 1854) from Gibraltar - an adventive species new to Europe (Lepidoptera: Crambidae, Spilomelinae). SHILAP Revista de Lepidopterologia. 46(184): 615-617
Agathodes designalis;South America;Panamanian;2018;Perez, C. et al. (2018). Agathodes designalis (Guenee, 1854) from Gibraltar - an adventive species new to Europe (Lepidoptera: Crambidae, Spilomelinae). SHILAP Revista de Lepidopterologia. 46(184): 615-617
Agathodes designalis;North America;Nearctic;2024;Turner, R. et al. (2024). International Non-native Insect Establishment Data (0.2.1) [Data set]. Zenodo
Agathodes designalis;South America;Neotropical;2024;Turner, R. et al. (2024). International Non-native Insect Establishment Data (0.2.1) [Data set]. Zenodo
Aglais io;Europe;Palearctic;2018;Nazari, V. et al. (2018). The European Peacock butterfly, Aglais io (Linnaeus, 1758) in North America (Lepidoptera: Nymphalidae). News of The Lepidopterists Society. 60(3): 128-129
Aglais io;Asia;Palearctic;2018;Nazari, V. et al. (2018). The European Peacock butterfly, Aglais io (Linnaeus, 1758) in North America (Lepidoptera: Nymphalidae). News of The Lepidopterists Society. 60(3): 128-129
Anatrachyntis rileyi;Europe;Palearctic;2024;CAB International (CABI) (2024). CABI Invasive Species Compendium.
Apomyelois ceratoniae;Asia;Palearctic;2024;CAB International (CABI) (2024). CABI Invasive Species Compendium.
Aglaonice hirtipalpis;South America;Neotropical;2024;Turner, R. et al. (2024). International Non-native Insect Establishment Data (0.2.1) [Data set]. Zenodo
Apomyelois ceratoniae;Asia;Saharo-Arabian;2024;CAB International (CABI) (2024). CABI Invasive Species Compendium.
Archips fuscocupreanus;Asia;Palearctic;2024;CAB International (CABI) (2024). CABI Invasive Species Compendium.
Aglossa caprealis;Europe;Palearctic;2024;Turner, R. et al. (2024). International Non-native Insect Establishment Data (0.2.1) [Data set]. Zenodo
Aglossa dimidiatus;Europe;Palearctic;2024;Turner, R. et al. (2024). International Non-native Insect Establishment Data (0.2.1) [Data set]. Zenodo
Aglossa dimidiatus;Asia;Palearctic;2024;Turner, R. et al. (2024). International Non-native Insect Establishment Data (0.2.1) [Data set]. Zenodo
Aglossa dimidiatus;Asia;Oriental;2024;Turner, R. et al. (2024). International Non-native Insect Establishment Data (0.2.1) [Data set]. Zenodo
Aglossa pinguinalis;Europe;Palearctic;2024;Turner, R. et al. (2024). International Non-native Insect Establishment Data (0.2.1) [Data set]. Zenodo
Aglossa pinguinalis;Asia;Palearctic;2024;Turner, R. et al. (2024). International Non-native Insect Establishment Data (0.2.1) [Data set]. Zenodo
Aglossa pinguinalis;Africa;Afrotropical;2024;Turner, R. et al. (2024). International Non-native Insect Establishment Data (0.2.1) [Data set]. Zenodo
Agonopterix alstromeriana;Europe;Palearctic;2001;McKenna, D. et al. (2001). A native hymenopteran predator of Agonopterix alstroemeriana (Lepidoptera: Oecophoridae) in East-Central Illinois. The Great Lakes Entomologist. 34(1): 10
Agonopterix arenella;Europe;Palearctic;2023;Zhu, X. et al. (2023). New species and newly recorded species of the genus Agonopterix Hubner, [1825] (Lepidoptera: Depressariidae) from China. Zootaxa. 5258 (4): 379-404
Agonopterix arenella;Asia;Palearctic;2023;Zhu, X. et al. (2023). New species and newly recorded species of the genus Agonopterix Hubner, [1825] (Lepidoptera: Depressariidae) from China. Zootaxa. 5258 (4): 379-404
Agonopterix assimilella;Europe;Palearctic;2024;Turner, R. et al. (2024). International Non-native Insect Establishment Data (0.2.1) [Data set]. Zenodo
Agonopterix ciliella;Europe;Palearctic;2025;Shropshire, K., Tallamy, D. (2025). Lepidoptera of North American north of Mexico: An annotated list containing geographic ranges and host plant records. ZooKeys
Agonopterix heracliana;Europe;Palearctic;2013;Ireson, J. et al. (2013). Host testing, establishment and biology of the gorse soft shoot moth, Agonopterix umbellana (Fabricius)(Lepidoptera: Oecophoridae), a potential biological control agent for gorse, Ulex europaeus L.(Fabaceae), in Australia. Biological Control. 67(3): 451-461
Agonopterix nervosa;Europe;Palearctic;2024;Turner, R. et al. (2024). International Non-native Insect Establishment Data (0.2.1) [Data set]. Zenodo
Agonopterix ulicetella;Europe;Palearctic;1995;Hill, R. et al. (1995). Suitability of Agonopterix ulicetella (Lepidoptera: Oecophoridae) as a Control for Ulex europaeus. Biocontrol Science and Technology. 5: 3-10
Agonopterix ulicetella;Europe;Palearctic;2024;Turner, R. et al. (2024). International Non-native Insect Establishment Data (0.2.1) [Data set]. Zenodo
Agonoxena argaula;North America;Nearctic;1978;Zimmerman, E. (1978). Insects of Hawaii. Vol. 9 Microlepidoptera. Part II. The University Press of Hawaii, Honolulu, Hawaii, United States of America
Agonoxena argaula;Oceania;Oceanian;1978;Zimmerman, E. (1978). Insects of Hawaii. Vol. 9 Microlepidoptera. Part II. The University Press of Hawaii, Honolulu, Hawaii, United States of America
Agonoxena argaula;Europe;Palearctic;1978;Zimmerman, E. (1978). Insects of Hawaii. Vol. 9 Microlepidoptera. Part II. The University Press of Hawaii, Honolulu, Hawaii, United States of America
Agonoxena argaula;Oceania;Oceanian;2024;Turner, R. et al. (2024). International Non-native Insect Establishment Data (0.2.1) [Data set]. Zenodo
Agonoxena pyrogramma;North America;Nearctic;1984;Clarke, B., Gates-Clarke, J. (1984). Insects of Micronesia, Microlepidoptera: Gelechioidea. Insects of Micronesia. 9(2): 145-155
Agonoxena pyrogramma;Oceania;Oceanian;1984;Clarke, B., Gates-Clarke, J. (1984). Insects of Micronesia, Microlepidoptera: Gelechioidea. Insects of Micronesia. 9(2): 145-155
Agrius cingulata;North America;Nearctic;2006;Marabuto, E. (2006). The occurrence of a neotropical hawkmoth in southern Portugal: Agrius cingulatus (Fabricius, 1775) (Lepidoptera: Sphingidae). Boletin de la Sociedad Entomologica Aragonesa. 38: 163-166
Agrius cingulata;Oceania;Nearctic;2006;Marabuto, E. (2006). The occurrence of a neotropical hawkmoth in southern Portugal: Agrius cingulatus (Fabricius, 1775) (Lepidoptera: Sphingidae). Boletin de la Sociedad Entomologica Aragonesa. 38: 163-166
Agrius cingulata;South America;Neotropical;2006;Marabuto, E. (2006). The occurrence of a neotropical hawkmoth in southern Portugal: Agrius cingulatus (Fabricius, 1775) (Lepidoptera: Sphingidae). Boletin de la Sociedad Entomologica Aragonesa. 38: 163-166
Agrius cingulata;North America;Nearctic;2024;Turner, R. et al. (2024). International Non-native Insect Establishment Data (0.2.1) [Data set]. Zenodo
Agrius convolvuli;Africa;Afrotropical;2004;Wen, L. (2004). Prospect on the parasitical enemies and its natural control effect of Agrius convolvuli. Chinese Journal of Biological Control. 20(4): 273
Agrius convolvuli;Oceania;Oceanian;2004;Wen, L. (2004). Prospect on the parasitical enemies and its natural control effect of Agrius convolvuli. Chinese Journal of Biological Control. 20(4): 273
Agrius convolvuli;Asia;Oriental;2004;Wen, L. (2004). Prospect on the parasitical enemies and its natural control effect of Agrius convolvuli. Chinese Journal of Biological Control. 20(4): 273
Agrius convolvuli;Europe;Palearctic;2004;Wen, L. (2004). Prospect on the parasitical enemies and its natural control effect of Agrius convolvuli. Chinese Journal of Biological Control. 20(4): 273
Agrius convolvuli;Africa;Saharo-Arabian;2004;Wen, L. (2004). Prospect on the parasitical enemies and its natural control effect of Agrius convolvuli. Chinese Journal of Biological Control. 20(4): 273
Agrius convolvuli;Asia;Sino-Japanese;2004;Wen, L. (2004). Prospect on the parasitical enemies and its natural control effect of Agrius convolvuli. Chinese Journal of Biological Control. 20(4): 273
Agrius convolvuli;Europe;Palearctic;2024;Turner, R. et al. (2024). International Non-native Insect Establishment Data (0.2.1) [Data set]. Zenodo
Agrius convolvuli;Asia;Palearctic;2024;Turner, R. et al. (2024). International Non-native Insect Establishment Data (0.2.1) [Data set]. Zenodo
Agrius convolvuli;Asia;Oriental;2024;Turner, R. et al. (2024). International Non-native Insect Establishment Data (0.2.1) [Data set]. Zenodo
Agrius convolvuli;Africa;Afrotropical;2024;Turner, R. et al. (2024). International Non-native Insect Establishment Data (0.2.1) [Data set]. Zenodo
Agrotis ipsilon;Australia;Australian;1997;Showers, W. (1997). Migratory Ecology of the Black Cutworm. Annual Review of Entomology. 42: 393-425
Agrotis ipsilon;Oceania;Australian;1997;Showers, W. (1997). Migratory Ecology of the Black Cutworm. Annual Review of Entomology. 42: 393-425
Agrotis ipsilon;North America;Nearctic;1997;Showers, W. (1997). Migratory Ecology of the Black Cutworm. Annual Review of Entomology. 42: 393-425
Agrotis ipsilon;Oceania;Nearctic;1997;Showers, W. (1997). Migratory Ecology of the Black Cutworm. Annual Review of Entomology. 42: 393-425
Agrotis ipsilon;South America;Neotropical;1997;Showers, W. (1997). Migratory Ecology of the Black Cutworm. Annual Review of Entomology. 42: 393-425
Agrotis ipsilon;Oceania;Oceanian;1997;Showers, W. (1997). Migratory Ecology of the Black Cutworm. Annual Review of Entomology. 42: 393-425
Agrotis ipsilon;Asia;Oriental;1997;Showers, W. (1997). Migratory Ecology of the Black Cutworm. Annual Review of Entomology. 42: 393-425
Agrotis ipsilon;Asia;Palearctic;1997;Showers, W. (1997). Migratory Ecology of the Black Cutworm. Annual Review of Entomology. 42: 393-425
Agrotis ipsilon;Europe;Palearctic;1997;Showers, W. (1997). Migratory Ecology of the Black Cutworm. Annual Review of Entomology. 42: 393-425
Agrotis ipsilon;North America;Panamanian;1997;Showers, W. (1997). Migratory Ecology of the Black Cutworm. Annual Review of Entomology. 42: 393-425
Agrotis ipsilon;Africa;Saharo-Arabian;1997;Showers, W. (1997). Migratory Ecology of the Black Cutworm. Annual Review of Entomology. 42: 393-425
Agrotis ipsilon;Asia;Saharo-Arabian;1997;Showers, W. (1997). Migratory Ecology of the Black Cutworm. Annual Review of Entomology. 42: 393-425
Agrotis ipsilon;Asia;Sino-Japanese;1997;Showers, W. (1997). Migratory Ecology of the Black Cutworm. Annual Review of Entomology. 42: 393-425
Agrotis ipsilon;North America;Nearctic;2024;Turner, R. et al. (2024). International Non-native Insect Establishment Data (0.2.1) [Data set]. Zenodo
Agrotis segetum;Asia;Palearctic;2014;Esbjerg, P., Sigsgaard, L. (2014) Phenology and pest status of Agrotis segetum in a changing climate. Crop Protection, 62, 64–71
Agrotis segetum;Europe;Palearctic;2014;Esbjerg, P., Sigsgaard, L. (2014) Phenology and pest status of Agrotis segetum in a changing climate. Crop Protection, 62, 64–71
Agrotis segetum;Africa;Saharo-Arabian;2014;Esbjerg, P., Sigsgaard, L. (2014) Phenology and pest status of Agrotis segetum in a changing climate. Crop Protection, 62, 64–71
Agrotis segetum;Europe;Palearctic;2024;Turner, R. et al. (2024). International Non-native Insect Establishment Data (0.2.1) [Data set]. Zenodo
Agrotis segetum;Asia;Palearctic;2024;Turner, R. et al. (2024). International Non-native Insect Establishment Data (0.2.1) [Data set]. Zenodo
Agrotis segetum;Africa;Afrotropical;2024;Turner, R. et al. (2024). International Non-native Insect Establishment Data (0.2.1) [Data set]. Zenodo
Alucita objurgatella;Oceania;Oceanian;2024;Turner, R. et al. (2024). International Non-native Insect Establishment Data (0.2.1) [Data set]. Zenodo
Amorbia emigratella;North America;Nearctic;1978;Zimmerman, E. (1978). Insects of Hawaii. Vol. 9 Microlepidoptera. Part I. The University Press of Hawaii, Honolulu, Hawaii, United States of America
Amorbia emigratella;North America;Panamanian;1978;Zimmerman, E. (1978). Insects of Hawaii. Vol. 9 Microlepidoptera. Part I. The University Press of Hawaii, Honolulu, Hawaii, United States of America
Amorbia emigratella;South America;Neotropical;2024;Turner, R. et al. (2024). International Non-native Insect Establishment Data (0.2.1) [Data set]. Zenodo
Amphipyra tragopoginis;Europe;Palearctic;2024;Turner, R. et al. (2024). International Non-native Insect Establishment Data (0.2.1) [Data set]. Zenodo
Amyelois transitella;North America;Nearctic;2021;EFSA Panel on Plant Health (EFSA PLH Panel), et al. (2021). Pest categorisation of Amyelois transitella. EFSA Journal. 19(6): 6666
Amyelois transitella;South America;Neotropical;2021;EFSA Panel on Plant Health (EFSA PLH Panel), et al. (2021). Pest categorisation of Amyelois transitella. EFSA Journal. 19(6): 6666
Amyelois transitella;North America;Nearctic;2024;Turner, R. et al. (2024). International Non-native Insect Establishment Data (0.2.1) [Data set]. Zenodo
Amyna axis;Africa;Afrotropical;1999;Barnett, L. et al. (1999). The moths of the Chagos Archipelago with notes on their biogeography. Journal of Natural History. 33(7): 1021-1038
Amyna axis;North America;Nearctic;2010;Pogue, M. (2010). The Acontiinae and Eustrotiinae (Lepidoptera: Noctuidae) of Great Smoky Mountains National Park. Zootaxa. 2499: 1-20
Amyna axis;South America;Neotropical;2010;Pogue, M. (2010). The Acontiinae and Eustrotiinae (Lepidoptera: Noctuidae) of Great Smoky Mountains National Park. Zootaxa. 2499: 1-20
Amyna axis;Oceania;Oceanian;1999;Barnett, L. et al. (1999). The moths of the Chagos Archipelago with notes on their biogeography. Journal of Natural History. 33(7): 1021-1038
Amyna axis;Asia;Oriental;1999;Barnett, L. et al. (1999). The moths of the Chagos Archipelago with notes on their biogeography. Journal of Natural History. 33(7): 1021-1038
Amyna axis;North America;Panamanian;2010;Pogue, M. (2010). The Acontiinae and Eustrotiinae (Lepidoptera: Noctuidae) of Great Smoky Mountains National Park. Zootaxa. 2499: 1-20
Amyna axis;Asia;Oriental;2024;Turner, R. et al. (2024). International Non-native Insect Establishment Data (0.2.1) [Data set]. Zenodo
Amyna axis;Africa;Afrotropical;2024;Turner, R. et al. (2024). International Non-native Insect Establishment Data (0.2.1) [Data set]. Zenodo
Amyna axis;Australia;Australian;2024;Turner, R. et al. (2024). International Non-native Insect Establishment Data (0.2.1) [Data set]. Zenodo
Amyna natalis;Australia;Australian;2009;Holloway, J. (2009). Moths of Borneo 13. Family Noctuidae, subfamilies Pantheinae (part), Bagisarinae, Acontiinae, Aediinae, Eustrotiinae, Bryophilinae, Araeopteroinae, Aventiinae, Eublemminae and further miscellaneous genera. Malayan Nature Journal. 62 (1) : 1-240 Available online at: https://www.mothsofborneo.com/part-13/
Amyna natalis;Oceania;Oceanian;2009;Holloway, J. (2009). Moths of Borneo 13. Family Noctuidae, subfamilies Pantheinae (part), Bagisarinae, Acontiinae, Aediinae, Eustrotiinae, Bryophilinae, Araeopteroinae, Aventiinae, Eublemminae and further miscellaneous genera. Malayan Nature Journal. 62 (1) : 1-240 Available online at: https://www.mothsofborneo.com/part-13/
Amyna natalis;Asia;Oriental;2009;Holloway, J. (2009). Moths of Borneo 13. Family Noctuidae, subfamilies Pantheinae (part), Bagisarinae, Acontiinae, Aediinae, Eustrotiinae, Bryophilinae, Araeopteroinae, Aventiinae, Eublemminae and further miscellaneous genera. Malayan Nature Journal. 62 (1) : 1-240 Available online at: https://www.mothsofborneo.com/part-13/
Amyna natalis;Asia;Oriental;1958;Zimmerman, E. (1958). Insects of Hawaii. Volume 7, Macrolepidoptera. Hawaii: University of Hawaii Press, Honolulu, Hawaii, United States of America
Archips fuscocupreanus;Europe;Palearctic;2024;CAB International (CABI) (2024). CABI Invasive Species Compendium.
Anacampsis humilis;South America;Neotropical;2024;Turner, R. et al. (2024). International Non-native Insect Establishment Data (0.2.1) [Data set]. Zenodo
Anacampsis populella;Asia;Palearctic;2009;Holloway, J. (2009). Moths of Borneo 13. Family Noctuidae, subfamilies Pantheinae (part), Bagisarinae, Acontiinae, Aediinae, Eustrotiinae, Bryophilinae, Araeopteroinae, Aventiinae, Eublemminae and further miscellaneous genera. Malayan Nature Journal. 62 (1) : 1-240 Available online at: https://www.mothsofborneo.com/part-13/
Anacampsis populella;Europe;Palearctic;2009;Holloway, J. (2009). Moths of Borneo 13. Family Noctuidae, subfamilies Pantheinae (part), Bagisarinae, Acontiinae, Aediinae, Eustrotiinae, Bryophilinae, Araeopteroinae, Aventiinae, Eublemminae and further miscellaneous genera. Malayan Nature Journal. 62 (1) : 1-240 Available online at: https://www.mothsofborneo.com/part-13/
Anacampsis populella;Europe;Palearctic;2024;Turner, R. et al. (2024). International Non-native Insect Establishment Data (0.2.1) [Data set]. Zenodo
Anania hortulata;Asia;Palearctic;2019;Yang, Z., Landry, J. (2019). Allopatric separation represents an overlooked cryptic species in the Anania hortulata species complex (Lepidoptera: Crambidae: Pyraustinae): congruence between genetic and morphological evidence. The Canadian Entomologist. 151(2): 163-186
Anania hortulata;Europe;Palearctic;2019;Yang, Z., Landry, J. (2019). Allopatric separation represents an overlooked cryptic species in the Anania hortulata species complex (Lepidoptera: Crambidae: Pyraustinae): congruence between genetic and morphological evidence. The Canadian Entomologist. 151(2): 163-186
Anania hortulata;Asia;Sino-Japanese;2019;Yang, Z., Landry, J. (2019). Allopatric separation represents an overlooked cryptic species in the Anania hortulata species complex (Lepidoptera: Crambidae: Pyraustinae): congruence between genetic and morphological evidence. The Canadian Entomologist. 151(2): 163-186
Anania hortulata;Europe;Palearctic;2024;Turner, R. et al. (2024). International Non-native Insect Establishment Data (0.2.1) [Data set]. Zenodo
Anania hortulata;Asia;Palearctic;2024;Turner, R. et al. (2024). International Non-native Insect Establishment Data (0.2.1) [Data set]. Zenodo
Anarsia lineatella;Europe;Palearctic;2024;Turner, R. et al. (2024). International Non-native Insect Establishment Data (0.2.1) [Data set]. Zenodo
Anarta decepta;North America;Nearctic;1958;Zimmerman, E. (1958). Insects of Hawaii. Volume 7, Macrolepidoptera. Hawaii: University of Hawaii Press, Honolulu, Hawaii, United States of America
Anarta trifolii;North America;Nearctic;2025;Shropshire, K., Tallamy, D. (2025). Lepidoptera of North American north of Mexico: An annotated list containing geographic ranges and host plant records. ZooKeys
Anarta trifolii;South America;Neotropical;2025;Shropshire, K., Tallamy, D. (2025). Lepidoptera of North American north of Mexico: An annotated list containing geographic ranges and host plant records. ZooKeys
Anarta trifolii;Asia;Palearctic;2025;Shropshire, K., Tallamy, D. (2025). Lepidoptera of North American north of Mexico: An annotated list containing geographic ranges and host plant records. ZooKeys
Anarta trifolii;Europe;Palearctic;2025;Shropshire, K., Tallamy, D. (2025). Lepidoptera of North American north of Mexico: An annotated list containing geographic ranges and host plant records. ZooKeys
Anarta trifolii;North America;Panamanian;2025;Shropshire, K., Tallamy, D. (2025). Lepidoptera of North American north of Mexico: An annotated list containing geographic ranges and host plant records. ZooKeys
Anarta trifolii;South America;Panamanian;2025;Shropshire, K., Tallamy, D. (2025). Lepidoptera of North American north of Mexico: An annotated list containing geographic ranges and host plant records. ZooKeys
Anartia fatima;North America;Nearctic;2022;Pfeiler, E. et al. (2022). Phenotypic diversity, population genetics and interspecific relationships of the Neotropical banded peacock butterfly Anartia fatima (Nymphalidae: Nymphalinae). Biological Journal of the Linnean Society. 136(1): 135-144
Anartia fatima;South America;Neotropical;2022;Pfeiler, E. et al. (2022). Phenotypic diversity, population genetics and interspecific relationships of the Neotropical banded peacock butterfly Anartia fatima (Nymphalidae: Nymphalinae). Biological Journal of the Linnean Society. 136(1): 135-144
Anartia fatima;North America;Panamanian;2022;Pfeiler, E. et al. (2022). Phenotypic diversity, population genetics and interspecific relationships of the Neotropical banded peacock butterfly Anartia fatima (Nymphalidae: Nymphalinae). Biological Journal of the Linnean Society. 136(1): 135-144
Anartia fatima;South America;Panamanian;2022;Pfeiler, E. et al. (2022). Phenotypic diversity, population genetics and interspecific relationships of the Neotropical banded peacock butterfly Anartia fatima (Nymphalidae: Nymphalinae). Biological Journal of the Linnean Society. 136(1): 135-144
Anartia lytraea;North America;Nearctic;1864;Weidemeyer, J. (1864). Catalogue of North American Butterflies. Proceedings of the Entomological Society. 2(1): 143-154
Anartia lytraea;South America;Neotropical;2024;Turner, R. et al. (2024). International Non-native Insect Establishment Data (0.2.1) [Data set]. Zenodo
Anatrachyntis badia;North America;Nearctic;2017;Dawidowicz, L., Rozwalka, R. (2017). Anatrachyntis badia (Hodges, 1962) (Lepidoptera: Cosmopterigidae): the first report from Turkey and a case of importation to Poland. Turkish Journal of Zoology. 41: 60-63
Anatrachyntis badia;North America;Nearctic;2018;Hua, C. et al. (2018). A first record of Anatrachyntis badia (Hodges 1962)(Lepidoptera: Cosmopterigidae) on Zamia integrifolia (Zamiaceae). Florida Entomologist. 335-338
Anatrachyntis badia;North America;Nearctic;2024;Turner, R. et al. (2024). International Non-native Insect Establishment Data (0.2.1) [Data set]. Zenodo
Archips fuscocupreanus;Asia;Sino-Japanese;2024;CAB International (CABI) (2024). CABI Invasive Species Compendium.
Archips xylosteana;Asia;Palearctic;2024;CAB International (CABI) (2024). CABI Invasive Species Compendium.
Archips xylosteana;Europe;Palearctic;2024;CAB International (CABI) (2024). CABI Invasive Species Compendium.
Anatrachyntis rileyi;Africa;Afrotropical;2024;Turner, R. et al. (2024). International Non-native Insect Establishment Data (0.2.1) [Data set]. Zenodo
Archips xylosteana;Africa;Saharo-Arabian;2024;CAB International (CABI) (2024). CABI Invasive Species Compendium.
Archips xylosteana;Asia;Saharo-Arabian;2024;CAB International (CABI) (2024). CABI Invasive Species Compendium.
Archips xylosteana;Asia;Sino-Japanese;2024;CAB International (CABI) (2024). CABI Invasive Species Compendium.
Anatrachyntis simplex;Asia;Oriental;2024;Turner, R. et al. (2024). International Non-native Insect Establishment Data (0.2.1) [Data set]. Zenodo
Anchoscelis lunosa;Europe;Palearctic;2017;Ronkay, L. et al. (2017). Xyleninae I. A Taxonomic Atlas of the Eurasian and North African Noctuoidea. Heterocera Press Ltd. Budapest, Hungary
Anchoscelis lunosa;Africa;Saharo-Arabian;2017;Ronkay, L. et al. (2017). Xyleninae I. A Taxonomic Atlas of the Eurasian and North African Noctuoidea. Heterocera Press Ltd. Budapest, Hungary
Ancylis comptana;North America;Nearctic;2020;Gilligan, T. et al. (2020). Immigrant Tortricidae: Holarctic versus Introduced Species in North America. Insects. 11(9):594
Ancylis comptana;Asia;Palearctic;2020;Gilligan, T. et al. (2020). Immigrant Tortricidae: Holarctic versus Introduced Species in North America. Insects. 11(9):594
Ancylis comptana;Europe;Palearctic;2020;Gilligan, T. et al. (2020). Immigrant Tortricidae: Holarctic versus Introduced Species in North America. Insects. 11(9):594
Ancylostomia stercorea;North America;Nearctic;1972;Barrow, R. (1972). The bionomics of Ancyclostomia stercorea (zeller): a pod-borer on pigeon pea in Trinidad. [PhD Thesis, McGill University, Quebec]
Ancylostomia stercorea;South America;Neotropical;1972;Barrow, R. (1972). The bionomics of Ancyclostomia stercorea (zeller): a pod-borer on pigeon pea in Trinidad. [PhD Thesis, McGill University, Quebec]
Ancylostomia stercorea;North America;Panamanian;1972;Barrow, R. (1972). The bionomics of Ancyclostomia stercorea (zeller): a pod-borer on pigeon pea in Trinidad. [PhD Thesis, McGill University, Quebec]
Ancylostomia stercorea;South America;Panamanian;1972;Barrow, R. (1972). The bionomics of Ancyclostomia stercorea (zeller): a pod-borer on pigeon pea in Trinidad. [PhD Thesis, McGill University, Quebec]
Ancylostomia stercorea;South America;Neotropical;2024;Turner, R. et al. (2024). International Non-native Insect Establishment Data (0.2.1) [Data set]. Zenodo
Anisoplaca cosmia;Oceania;Australian;1956;Bradley, J. (1956). Records and descriptions of microlepidoptera from Lord Howe Island and Norfolk Island collected by the British Museum (Natural History) Rennell Island Expedition, 1953. Bulletin of the British Museum (Natural History) - Entomology Series. 4(4): 143-164
Anisoplaca cosmia;Oceania;Oceanian;2024;Turner, R. et al. (2024). International Non-native Insect Establishment Data (0.2.1) [Data set]. Zenodo
Anomis argillacea;South America;Neotropical;2009;Wagner, D. (2009). Ode to Alabama: the meteoric fall of a once extraordinarily abundant moth. American Entomologist, 55(3), 170-173
Anomis argillacea;South America;Panamanian;2009;Wagner, D. (2009). Ode to Alabama: the meteoric fall of a once extraordinarily abundant moth. American Entomologist, 55(3), 170-173
Anomis argillacea;South America;Neotropical;2024;Turner, R. et al. (2024). International Non-native Insect Establishment Data (0.2.1) [Data set]. Zenodo
Anomis erosa;North America;Nearctic;1883;Grote, A. (1883). Introduction to a Study of the North American Noctuidae. Proceedings of the American Philosophical Society. 21(114): 134-176
Anomis erosa;South America;Neotropical;1883;Grote, A. (1883). Introduction to a Study of the North American Noctuidae. Proceedings of the American Philosophical Society. 21(114): 134-176
Anomis erosa;North America;Panamanian;1883;Grote, A. (1883). Introduction to a Study of the North American Noctuidae. Proceedings of the American Philosophical Society. 21(114): 134-176
Argyresthia pruniella;Asia;Palearctic;2024;CAB International (CABI) (2024). CABI Invasive Species Compendium.
Anomis flava;Africa;Afrotropical;2014;Kravchenko, V. et al. (2014). Seven invasive owlet moths (Lepidoptera: Noctuidae) in Israel and their potential parasitoids (Hymenoptera: Chalcidoidea). Phytoparasitica. 42(3): 333-339
Anomis flava;Africa;Madagascan;2014;Kravchenko, V. et al. (2014). Seven invasive owlet moths (Lepidoptera: Noctuidae) in Israel and their potential parasitoids (Hymenoptera: Chalcidoidea). Phytoparasitica. 42(3): 333-339
Anomis flava;Oceania;Oceanian;2014;Kravchenko, V. et al. (2014). Seven invasive owlet moths (Lepidoptera: Noctuidae) in Israel and their potential parasitoids (Hymenoptera: Chalcidoidea). Phytoparasitica. 42(3): 333-339
Anomis flava;Asia;Oriental;2014;Kravchenko, V. et al. (2014). Seven invasive owlet moths (Lepidoptera: Noctuidae) in Israel and their potential parasitoids (Hymenoptera: Chalcidoidea). Phytoparasitica. 42(3): 333-339
Anomis flava;Asia;Oriental;2024;Turner, R. et al. (2024). International Non-native Insect Establishment Data (0.2.1) [Data set]. Zenodo
Anomis luridula;North America;Nearctic;1992;Frank, J., McCoy, E. (1992). Introduction to the Behavioral Ecology of Immigration. The Immigration of Insects to Florida, with a Tabulation of Records Published Since 1970. The Florida Entomologist.75(1): 1-28
Anomis luridula;South America;Neotropical;2024;Turner, R. et al. (2024). International Non-native Insect Establishment Data (0.2.1) [Data set]. Zenodo
Anomis privata;Australia;Australian;1998;Kononenko, V. et al. (1998). Illustrated catalogue of Noctuidae in Korea (Lepidoptera). Insect of Korea. Series 3. Korea Research Institute of Bioscience and Biotechnology : Center for Insect Systematics
Anomis privata;Oceania;Oceanian;1998;Kononenko, V. et al. (1998). Illustrated catalogue of Noctuidae in Korea (Lepidoptera). Insect of Korea. Series 3. Korea Research Institute of Bioscience and Biotechnology : Center for Insect Systematics
Anomis privata;Asia;Oriental;1998;Kononenko, V. et al. (1998). Illustrated catalogue of Noctuidae in Korea (Lepidoptera). Insect of Korea. Series 3. Korea Research Institute of Bioscience and Biotechnology : Center for Insect Systematics
Anomis privata;Asia;Palearctic;1998;Kononenko, V. et al. (1998). Illustrated catalogue of Noctuidae in Korea (Lepidoptera). Insect of Korea. Series 3. Korea Research Institute of Bioscience and Biotechnology : Center for Insect Systematics
Anomis privata;Europe;Palearctic;1998;Kononenko, V. et al. (1998). Illustrated catalogue of Noctuidae in Korea (Lepidoptera). Insect of Korea. Series 3. Korea Research Institute of Bioscience and Biotechnology : Center for Insect Systematics
Anomis privata;Asia;Sino-Japanese;1998;Kononenko, V. et al. (1998). Illustrated catalogue of Noctuidae in Korea (Lepidoptera). Insect of Korea. Series 3. Korea Research Institute of Bioscience and Biotechnology : Center for Insect Systematics
Anomis privata;Asia;Palearctic;2024;Turner, R. et al. (2024). International Non-native Insect Establishment Data (0.2.1) [Data set]. Zenodo
Anomis privata;Asia;Oriental;2024;Turner, R. et al. (2024). International Non-native Insect Establishment Data (0.2.1) [Data set]. Zenodo
Anomis sabulifera;Africa;Afrotropical;2004;Kravchenko, V. et al. (2004). The Catocalinae (Lepidoptera: Noctuidae) of Israel. Russian Entomological Journal. 13(3): 175-186
Anomis sabulifera;Africa;Saharo-Arabian;2025;Kamar, N. et al. (2025). Bioecology and management of a Generalist Semilooper, Anomis sabulifera, Guenee 1852 (Lepidoptera: Erebidae): a review: A Review on Anomis sabulifera. Journal of Applied Entomologist. 5(3): 14-23
Anomis sabulifera;Africa;Afrotropical;2025;Kamar, N. et al. (2025). Bioecology and management of a Generalist Semilooper, Anomis sabulifera, Guenee 1852 (Lepidoptera: Erebidae): a review: A Review on Anomis sabulifera. Journal of Applied Entomologist. 5(3): 14-23
Anomis sabulifera;Asia;Oriental;2025;Kamar, N. et al. (2025). Bioecology and management of a Generalist Semilooper, Anomis sabulifera, Guenee 1852 (Lepidoptera: Erebidae): a review: A Review on Anomis sabulifera. Journal of Applied Entomologist. 5(3): 14-23
Anstenoptilia marmorodactyla;North America;Nearctic;2006;Gielis, C. (2006). Review of the Neotropical species of the family Pterophoridae, part I: Ochyroticinae, Deuterocopinae, Pterophorinae (Platyptiliini, Exelastini, Oxyptilini) (Lepidoptera). Zoologische Mededelingen. 80: 1-290
Antheraea paphia;Asia;Oriental;2016;Peigler, R., Naumann, S. (2016) What exactly is Antheraea paphia (Linnaeus, 1758)? (Lepidoptera, Saturnidae). Atalanta. 47(3): 500-520
Antheraea paphia;Asia;Sino-Japanese;2016;Peigler, R., Naumann, S. (2016) What exactly is Antheraea paphia (Linnaeus, 1758)? (Lepidoptera, Saturnidae). Atalanta. 47(3): 500-520
Antheraea pernyi;Asia;Sino-Japanese;2017;Li, W. et al. (2017). Antheraea pernyi (Lepidoptera: Saturniidae) and its importance in sericulture, food consumption, and traditional Chinese medicine. Journal of Economic Entomology. 110(4): 1404-141
Antheraea pernyi;Asia;Palearctic;2024;Turner, R. et al. (2024). International Non-native Insect Establishment Data (0.2.1) [Data set]. Zenodo
Antheraea pernyi;Asia;Oriental;2024;Turner, R. et al. (2024). International Non-native Insect Establishment Data (0.2.1) [Data set]. Zenodo
Antheraea polyphemus;North America;Nearctic;2020;Walker, A. (2020). Antheraea polyphemus. The IUCN Red List of Threatened Species. 2020: e.T173004714A173004732
Antheraea polyphemus;Oceania;Nearctic;2020;Walker, A. (2020). Antheraea polyphemus. The IUCN Red List of Threatened Species. 2020: e.T173004714A173004732
Antheraea yamamai;Asia;Oriental;2015;Nahirnic, A., Stoyan, B. (2015). The first report of Japanese oak silkmoth Antheraea yamamai (Guerin-Meneville, 1861)(Lepidoptera: Saturniidae) in Montenegro. ZooNotes. 82: 1-4
Antheraea yamamai;Asia;Palearctic;2015;Nahirnic, A., Stoyan, B. (2015). The first report of Japanese oak silkmoth Antheraea yamamai (Guerin-Meneville, 1861)(Lepidoptera: Saturniidae) in Montenegro. ZooNotes. 82: 1-4
Antheraea yamamai;Asia;Sino-Japanese;2015;Nahirnic, A., Stoyan, B. (2015). The first report of Japanese oak silkmoth Antheraea yamamai (Guerin-Meneville, 1861)(Lepidoptera: Saturniidae) in Montenegro. ZooNotes. 82: 1-4
Antheraea yamamai;Asia;Sino-Japanese;2012;Kundu, S. et al. (2012), Nonmulberry silk biopolymers. Biopolymers. 97: 455-467
Antheraea yamamai;Asia;Palearctic;2024;Turner, R. et al. (2024). International Non-native Insect Establishment Data (0.2.1) [Data set]. Zenodo
Antheraea yamamai;Asia;Oriental;2024;Turner, R. et al. (2024). International Non-native Insect Establishment Data (0.2.1) [Data set]. Zenodo
Anthophila fabriciana;Europe;Palearctic;2009;Budashkin, Y., Li, H. (2009). Study on Chinese Acrolepiidae and Choreutidae (Insecta: Lepidoptera). SHILAP Revista de lepidopterologia. 37(146): 179-189
Anthophila fabriciana;Asia;Oriental;2009;Budashkin, Y., Li, H. (2009). Study on Chinese Acrolepiidae and Choreutidae (Insecta: Lepidoptera). SHILAP Revista de lepidopterologia. 37(146): 179-189
Anthophila fabriciana;Asia;Sino-Japanese;2009;Budashkin, Y., Li, H. (2009). Study on Chinese Acrolepiidae and Choreutidae (Insecta: Lepidoptera). SHILAP Revista de lepidopterologia. 37(146): 179-189
Anthophila fabriciana;Asia;Saharo-Arabian;2009;Budashkin, Y., Li, H. (2009). Study on Chinese Acrolepiidae and Choreutidae (Insecta: Lepidoptera). SHILAP Revista de lepidopterologia. 37(146): 179-189
Anthophila fabriciana;Asia;Palearctic;2009;Budashkin, Y., Li, H. (2009). Study on Chinese Acrolepiidae and Choreutidae (Insecta: Lepidoptera). SHILAP Revista de lepidopterologia. 37(146): 179-189
Anthophila nemorana;Africa;Saharo-Arabian;2014;de Prins, W. et al. (2014). Choreutis nemorana (Lepidoptera: Choreutidae) well established in Belgium. Phegea. 42(2): 29-32
Anthophila nemorana;Asia;Palearctic;2014;de Prins, W. et al. (2014). Choreutis nemorana (Lepidoptera: Choreutidae) well established in Belgium. Phegea. 42(2): 29-32
Anthophila nemorana;Europe;Palearctic;2014;de Prins, W. et al. (2014). Choreutis nemorana (Lepidoptera: Choreutidae) well established in Belgium. Phegea. 42(2): 29-32
Anthophila nemorana;Asia;Saharo-Arabian;2014;de Prins, W. et al. (2014). Choreutis nemorana (Lepidoptera: Choreutidae) well established in Belgium. Phegea. 42(2): 29-32
Anthophila nemorana;Asia;Sino-Japanese;2014;de Prins, W. et al. (2014). Choreutis nemorana (Lepidoptera: Choreutidae) well established in Belgium. Phegea. 42(2): 29-32
Argyresthia pruniella;Europe;Palearctic;2024;CAB International (CABI) (2024). CABI Invasive Species Compendium.
Antiblemma acclinalis;South America;Neotropical;2012;Morais, E. et al. (2012). Lepidopterans as potential agents for the biological control of the invasive plant, Miconia calvescens. Journal of Insect Science. 12(1): 63
Antiblemma acclinalis;South America;Neotropical;2024;Turner, R. et al. (2024). International Non-native Insect Establishment Data (0.2.1) [Data set]. Zenodo
Argyresthia pruniella;Asia;Saharo-Arabian;2024;CAB International (CABI) (2024). CABI Invasive Species Compendium.
Cactoblastis cactorum;South America;Neotropical;2024;CAB International (CABI) (2024). CABI Invasive Species Compendium.
Cameraria ohridella;Europe;Palearctic;2024;CAB International (CABI) (2024). CABI Invasive Species Compendium.
Carposina sasakii;Asia;Sino-Japanese;2024;CAB International (CABI) (2024). CABI Invasive Species Compendium.
Anticarsia gemmatalis;South America;Neotropical;2024;Turner, R. et al. (2024). International Non-native Insect Establishment Data (0.2.1) [Data set]. Zenodo
Antichloris eriphia;South America;Neotropical;2016;Gernaat, H. (2016). Notes on the early stages of Antichloris eriphia (Erebidae: Arctiinae) in Suriname. The Journal of the Lepidopterists Society. 70(4): 311-314
Antichloris eriphia;South America;Panamanian;2016;Gernaat, H. (2016). Notes on the early stages of Antichloris eriphia (Erebidae: Arctiinae) in Suriname. The Journal of the Lepidopterists Society. 70(4): 311-314
Antichloris steinbachi;South America;Neotropical;1975;Field, W. (1975). Ctenuchid moths of Ceramidia Butler, Ceramidiodes Hampson, and the caca species group of Antichloris Hubner. Smithsonian Contributions to Zoology. 198: 45pp
Antichloris steinbachi;South America;Neotropical;1986;OConnor, J., Nash, R. (1986). Insects imported into Ireland 8. Records of Hemiptera, Coleoptera, Diptera and Lepidoptera. The Irish Naturalists Journal. 22(3): 104-107
Carposina sasakii;Asia;Oriental;2024;CAB International (CABI) (2024). CABI Invasive Species Compendium.
Carposina sasakii;Asia;Palearctic;2024;CAB International (CABI) (2024). CABI Invasive Species Compendium.
Antichloris viridis;North America;Neotropical;1975;Field, W. (1975). Ctenuchid moths of Ceramidia Butler, Ceramidiodes Hampson, and the caca species group of Antichloris Hubner. Smithsonian Contributions to Zoology. 198: 45pp
Chilo suppressalis;Asia;Oriental;2024;CAB International (CABI) (2024). CABI Invasive Species Compendium.
Chilo suppressalis;Asia;Palearctic;2024;CAB International (CABI) (2024). CABI Invasive Species Compendium.
Antigastra catalaunalis;Africa;Afrotropical;2024;Sarazu-Pillado, R. et al. (2024). Parasitoid wasps associated with Antigastra catalaunalis (Lepidoptera, Crambidae) in Northern Sinaloa, Mexico. Journal of Hymenoptera Research. 97: 741-754
Antigastra catalaunalis;Asia;Oriental;2020;Sarazu-Pillado, R. et al. (2020). Primer Reporte del Gusano Telaranero en Ajonjoli en el Norte de Sinaloa, Mexico. Southwestern Entomologist. 45(2): 575-578
Antigastra catalaunalis;Asia;Oriental;2024;Turner, R. et al. (2024). International Non-native Insect Establishment Data (0.2.1) [Data set]. Zenodo
Antigastra catalaunalis;Africa;Afrotropical;2024;Turner, R. et al. (2024). International Non-native Insect Establishment Data (0.2.1) [Data set]. Zenodo
Antispila oinophylla;North America;Nearctic;2020;van Nieukerken, E., Eiseman, C. (2020). Splitting the leafmining shield-bearer moth genus Antispila Hubner (Lepidoptera, Heliozelidae): North American species with reduced venation placed in Aspilanta new genus, with a review of heliozelid morphology. ZooKeys. 957: 105
Antispila oinophylla;North America;Nearctic;2024;Turner, R. et al. (2024). International Non-native Insect Establishment Data (0.2.1) [Data set]. Zenodo
Anypsipyla univitella;North America;Nearctic;1956;Heinrich, C. (1956). Checklist of American Phycitinae. Bulletin of the United States National Museum. 207: 316-329
Anypsipyla univitella;South America;Neotropical;1956;Heinrich, C. (1956). Checklist of American Phycitinae. Bulletin of the United States National Museum. 207: 316-329
Anypsipyla univitella;North America;Panamanian;1956;Heinrich, C. (1956). Checklist of American Phycitinae. Bulletin of the United States National Museum. 207: 316-329
Anypsipyla univitella;South America;Neotropical;2024;Turner, R. et al. (2024). International Non-native Insect Establishment Data (0.2.1) [Data set]. Zenodo
Apamea crenata;Europe;Palearctic;1986;i Admetlla, J. et al. (1986). El genera Apamea O., 1816 a Catalunya (Lepidoptera, Noctuidae, Amphipyrinae)(1 part). Miscellania Zoologica. 199-203
Apamea crenata;Asia;Palearctic;1986;i Admetlla, J. et al. (1986). El genera Apamea O., 1816 a Catalunya (Lepidoptera, Noctuidae, Amphipyrinae)(1 part). Miscellania Zoologica. 199-203
Apamea remissa;Asia;Oriental;2011;Gyulai, P. et al. (2011) New Noctuidae species from China and the Himalayas (Lepidoptera, Noctuoidea). Esperiana. 16: 166-197
Apamea remissa;Europe;Palearctic;2020;Guerrero, J. et al. (2020). Contribucion al conocimiento de los Noctuidae de la vertiente asturiana del Parque Nacional de los Picos de Europa (Asturias, Espana)(Insecta: Lepidoptera). SHILAP Revista de lepidopterologia. 48(189): 5-26
Apamea remissa;Asia;Saharo-Arabian;2011;Gyulai, P. et al. (2011) New Noctuidae species from China and the Himalayas (Lepidoptera, Noctuoidea). Esperiana. 16: 166-197
Apamea remissa;Asia;Sino-Japanese;1994;Donald, J. (1994). Apamea unamis (Hubner) (Noctuidae: Amphipyrinae). Journal of the Lepidopterists Society. 48(2): 121-127
Apamea remissa;Asia;Palearctic;2020;Guerrero, J. et al. (2020). Contribucion al conocimiento de los Noctuidae de la vertiente asturiana del Parque Nacional de los Picos de Europa (Asturias, Espana)(Insecta: Lepidoptera). SHILAP Revista de lepidopterologia. 48(189): 5-26
Apamea unanimis;Europe;Palearctic;2024;Turner, R. et al. (2024). International Non-native Insect Establishment Data (0.2.1) [Data set]. Zenodo
Aphnaeus schistacea;Asia;Oriental;1911;Moore, F., Swinhoe, C. (1911). Lepidoptera Indica - Volume IX - Rhopalocera. Lovell Reeve and Co. Limited. United Kingdom, London
Aphomia sociella;Europe;Palearctic;2024;Turner, R. et al. (2024). International Non-native Insect Establishment Data (0.2.1) [Data set]. Zenodo
Aphrissa orbis;North America;Panamanian;2011;Warren, A., Calhoun, J. (2011). Notes on the historical occurrence of Aphrissa neleis in southern Florida, USA (Lepidoptera: Pieridae: Coliadinae). News of the Lepidopterists Society. 53(1): 3-7
Aphrissa orbis;South America;Neotropical;2024;Turner, R. et al. (2024). International Non-native Insect Establishment Data (0.2.1) [Data set]. Zenodo
Aplocera efformata;Europe;Palearctic;2022;Boyes, D. et al. (2022). The genome sequence of the lesser treble-bar moth, Aplocera efformata (Guenee, 1857). Wellcome Open Research. 7: 303
Aplocera efformata;Africa;Saharo-Arabian;2022;Boyes, D. et al. (2022). The genome sequence of the lesser treble-bar moth, Aplocera efformata (Guenee, 1857). Wellcome Open Research. 7: 303
Aplocera efformata;Europe;Palearctic;2024;Turner, R. et al. (2024). International Non-native Insect Establishment Data (0.2.1) [Data set]. Zenodo
Aplocera plagiata;North America;Nearctic;2012;Hausmann, A., Viidalepp, J. (2012). The Geometrid Moths of Europe, Volume: 3 - Larentinae I. Apollo Books
Aplocera plagiata;Asia;Palearctic;2012;Hausmann, A., Viidalepp, J. (2012). The Geometrid Moths of Europe, Volume: 3 - Larentinae I. Apollo Books
Aplocera plagiata;Europe;Palearctic;2012;Hausmann, A., Viidalepp, J. (2012). The Geometrid Moths of Europe, Volume: 3 - Larentinae I. Apollo Books
Aplocera plagiata;Europe;Palearctic;2024;Turner, R. et al. (2024). International Non-native Insect Establishment Data (0.2.1) [Data set]. Zenodo
Aplocera plagiata;Asia;Palearctic;2024;Turner, R. et al. (2024). International Non-native Insect Establishment Data (0.2.1) [Data set]. Zenodo
Chilo suppressalis;Asia;Saharo-Arabian;2024;CAB International (CABI) (2024). CABI Invasive Species Compendium.
Chilo suppressalis;Asia;Sino-Japanese;2024;CAB International (CABI) (2024). CABI Invasive Species Compendium.
Chrysodeixis chalcites;Africa;Afrotropical;2024;CAB International (CABI) (2024). CABI Invasive Species Compendium.
Chrysodeixis chalcites;Africa;Madagascan;2024;CAB International (CABI) (2024). CABI Invasive Species Compendium.
Apomyelois ceratoniae;Europe;Palearctic;2024;Turner, R. et al. (2024). International Non-native Insect Establishment Data (0.2.1) [Data set]. Zenodo
Apopestes spectrum;Asia;Palearctic;2013;Amer, A. (2013). Catocalinae Of Egypt (Lepidoptera, Noctuidae). Al-Azhar Bulletin Of Science. 24(1-C): 1-16
Apopestes spectrum;Asia;Palearctic;2014;Baron, T. (2014). Collection records of Noctuoidea and Bombycoidea (Lepidoptera) from a location near Marmaris in South-Western Anatolia, Turkey. Esperiana Band. 19: 263-296
Apopestes spectrum;Europe;Palearctic;2014;Baron, T. (2014). Collection records of Noctuoidea and Bombycoidea (Lepidoptera) from a location near Marmaris in South-Western Anatolia, Turkey. Esperiana Band. 19: 263-296
Apopestes spectrum;Africa;Saharo-Arabian;2013;Amer, A. (2013). Catocalinae Of Egypt (Lepidoptera, Noctuidae). Al-Azhar Bulletin Of Science. 24(1-C): 1-16
Apopestes spectrum;Asia;Saharo-Arabian;2013;Amer, A. (2013). Catocalinae Of Egypt (Lepidoptera, Noctuidae). Al-Azhar Bulletin Of Science. 24(1-C): 1-16
Apopestes spectrum;Asia;Saharo-Arabian;2014;Baron, T. (2014). Collection records of Noctuoidea and Bombycoidea (Lepidoptera) from a location near Marmaris in South-Western Anatolia, Turkey. Esperiana Band. 19: 263-296
Appias lyncida;Asia;Oriental;2017;Al Haidar, I. et al. (2017). Species diversity and habitat preference of butterflies (Insecta: Lepidoptera) in Inani Reserve Forest of Cox s Bazar, Bangladesh. Journal of Insect Biodiversity and Systematics. 3(1): 47-67
Appias lyncida;Asia;Oriental;2015;Varshney, R., Smetacek, P. (Eds.). (2015). A synoptic catalogue of the butterflies of India. Butterfly Research Centre, Bhimtal and Indinov Publishing. New Delhi, India
Appias lyncida;Asia;Oriental;2017;Hardy, P., Lawrence, J. (2017). Field guide to butterflies of the Philippines. Siri Scientific Press
Appias lyncida;Asia;Oriental;2024;Turner, R. et al. (2024). International Non-native Insect Establishment Data (0.2.1) [Data set]. Zenodo
Aproaerema modicella;Asia;Oriental;1993;Shanower, T. et al. (1993). Biology and control of the groundnut leafminer, Aproaerema modicella (Deventer)(Lepidoptera: Gelechiidae). Crop Protection. 12(1): 3-10
Aproaerema modicella;Asia;Saharo-Arabian;1993;Shanower, T. et al. (1993). Biology and control of the groundnut leafminer, Aproaerema modicella (Deventer)(Lepidoptera: Gelechiidae). Crop Protection. 12(1): 3-10
Aproaerema modicella;Asia;Sino-Japanese;1993;Shanower, T. et al. (1993). Biology and control of the groundnut leafminer, Aproaerema modicella (Deventer)(Lepidoptera: Gelechiidae). Crop Protection. 12(1): 3-10
Aproaerema polychromella;Africa;Afrotropical;2010;Junnilainen, J. et al. (2010). The gelechiid fauna of the southern Ural Mountains, part II: list of recorded species with taxonomic notes (Lepidoptera: Gelechiidae). Zootaxa. 2367(1): 1-68
Aproaerema polychromella;Africa;Afrotropical;2023;Karsholt, O. et al. (2023). Overview of the Gelechiidae moths (Lepidoptera) of Krk Island, Croatia: diversity, distribution and ecological insights. Gortania, Botanica, Zoologia. 45: 95-124
Aproaerema polychromella;Asia;Oriental;2023;Karsholt, O. et al. (2023). Overview of the Gelechiidae moths (Lepidoptera) of Krk Island, Croatia: diversity, distribution and ecological insights. Gortania, Botanica, Zoologia. 45: 95-124
Aproaerema polychromella;Asia;Palearctic;2010;Junnilainen, J. et al. (2010). The gelechiid fauna of the southern Ural Mountains, part II: list of recorded species with taxonomic notes (Lepidoptera: Gelechiidae). Zootaxa. 2367(1): 1-68
Aproaerema polychromella;Asia;Palearctic;2023;Karsholt, O. et al. (2023). Overview of the Gelechiidae moths (Lepidoptera) of Krk Island, Croatia: diversity, distribution and ecological insights. Gortania, Botanica, Zoologia. 45: 95-124
Aproaerema polychromella;Europe;Palearctic;2023;Karsholt, O. et al. (2023). Overview of the Gelechiidae moths (Lepidoptera) of Krk Island, Croatia: diversity, distribution and ecological insights. Gortania, Botanica, Zoologia. 45: 95-124
Aproaerema polychromella;Europe;Palearctic;2010;Junnilainen, J. et al. (2010). The gelechiid fauna of the southern Ural Mountains, part II: list of recorded species with taxonomic notes (Lepidoptera: Gelechiidae). Zootaxa. 2367(1): 1-68
Aproaerema polychromella;Africa;Saharo-Arabian;2023;Karsholt, O. et al. (2023). Overview of the Gelechiidae moths (Lepidoptera) of Krk Island, Croatia: diversity, distribution and ecological insights. Gortania, Botanica, Zoologia. 45: 95-124
Aproaerema polychromella;Asia;Saharo-Arabian;2023;Karsholt, O. et al. (2023). Overview of the Gelechiidae moths (Lepidoptera) of Krk Island, Croatia: diversity, distribution and ecological insights. Gortania, Botanica, Zoologia. 45: 95-124
Aproaerema polychromella;Asia;Sino-Japanese;2010;Junnilainen, J. et al. (2010). The gelechiid fauna of the southern Ural Mountains, part II: list of recorded species with taxonomic notes (Lepidoptera: Gelechiidae). Zootaxa. 2367(1): 1-68
Aproaerema simplexella;Australia;Australian;2012;Buthelezi, N. et al. (2012). The groundnut leaf miner collected from South Africa is identified by mtDNA CO1 gene analysis as the Australian soybean moth (Aproaerema simplixella)(Walker)(Lepidoptera: Gelechiidae). African Journal of Agricultural Research. 7(38): 5285-5292
Aproaerema simplexella;Australia;Australian;2016;Buthelezi, N. et al. (2016). Molecular and behavioural evidence suggesting a re-examination of the taxonomy of Aproaerema simplexella (Walker), Aproaerema modicella (Deventer) and Stomopteryx subsecivella Zeller (Lepidoptera: Gelechiidae). African Entomology. 24(1): 16-23
Apterona helicoidella;Europe;Palearctic;2024;Turner, R. et al. (2024). International Non-native Insect Establishment Data (0.2.1) [Data set]. Zenodo
Araeopteron ecphaea;Africa;Afrotropical;2001;Fibiger, M., Agassiz, D. (2001). Araeopteron ecphaea, a small noctuid moth in the West Palaearctic (Noctuidae: Acontiinae). Nota Lepidopterologica. 24(1): 29-35
Araeopteron ecphaea;Asia;Palearctic;2001;Fibiger, M., Agassiz, D. (2001). Araeopteron ecphaea, a small noctuid moth in the West Palaearctic (Noctuidae: Acontiinae). Nota Lepidopterologica. 24(1): 29-35
Araeopteron ecphaea;Europe;Palearctic;2001;Fibiger, M., Agassiz, D. (2001). Araeopteron ecphaea, a small noctuid moth in the West Palaearctic (Noctuidae: Acontiinae). Nota Lepidopterologica. 24(1): 29-35
Araeopteron ecphaea;Africa;Saharo-Arabian;2001;Fibiger, M., Agassiz, D. (2001). Araeopteron ecphaea, a small noctuid moth in the West Palaearctic (Noctuidae: Acontiinae). Nota Lepidopterologica. 24(1): 29-35
Araeopteron ecphaea;Asia;Saharo-Arabian;2001;Fibiger, M., Agassiz, D. (2001). Araeopteron ecphaea, a small noctuid moth in the West Palaearctic (Noctuidae: Acontiinae). Nota Lepidopterologica. 24(1): 29-35
Araeopteron ecphaea;Africa;Afrotropical;2024;Turner, R. et al. (2024). International Non-native Insect Establishment Data (0.2.1) [Data set]. Zenodo
Chrysodeixis chalcites;Asia;Palearctic;2024;CAB International (CABI) (2024). CABI Invasive Species Compendium.
Chrysodeixis chalcites;Europe;Palearctic;2024;CAB International (CABI) (2024). CABI Invasive Species Compendium.
Chrysodeixis chalcites;Africa;Saharo-Arabian;2024;CAB International (CABI) (2024). CABI Invasive Species Compendium.
Archips fuscocupreanus;Asia;Palearctic;2024;Turner, R. et al. (2024). International Non-native Insect Establishment Data (0.2.1) [Data set]. Zenodo
Archips oporana;Asia;Palearctic;2003;Bong-Kyu, B. et al. (2003). Revision of Tribe Archipini (Tortricidae: Tortricinae) in Northeast China. Journal of Forestry Research 14, 93–102
Archips oporana;Europe;Palearctic;2003;Bong-Kyu, B. et al. (2003). Revision of Tribe Archipini (Tortricidae: Tortricinae) in Northeast China. Journal of Forestry Research 14, 93–102
Archips oporana;Asia;Palearctic;2024;Turner, R. et al. (2024). International Non-native Insect Establishment Data (0.2.1) [Data set]. Zenodo
Archips podana;Europe;Palearctic;2024;Turner, R. et al. (2024). International Non-native Insect Establishment Data (0.2.1) [Data set]. Zenodo
Archips rosana;Europe;Palearctic;2024;Turner, R. et al. (2024). International Non-native Insect Establishment Data (0.2.1) [Data set]. Zenodo
Chrysodeixis chalcites;Asia;Saharo-Arabian;2024;CAB International (CABI) (2024). CABI Invasive Species Compendium.
Archips xylosteana;Asia;Palearctic;2008;Hoebeke, E.,et al. (2008). Archips xylosteana (L.)(Lepidoptera: Tortricidae), a palearctic leafroller new to North America. Proceedings of the Entomological Society of Washington. 110(3): 789-795
Chrysodeixis chalcites;Asia;Oriental;2024;CAB International (CABI) (2024). CABI Invasive Species Compendium.
Archips xylosteana;Europe;Palearctic;2008;Hoebeke, E.,et al. (2008). Archips xylosteana (L.)(Lepidoptera: Tortricidae), a palearctic leafroller new to North America. Proceedings of the Entomological Society of Washington. 110(3): 789-795
Coleophora deauratella;Europe;Palearctic;2024;CAB International (CABI) (2024). CABI Invasive Species Compendium.
Archips xylosteana;Africa;Saharo-Arabian;2008;Hoebeke, E.,et al. (2008). Archips xylosteana (L.)(Lepidoptera: Tortricidae), a palearctic leafroller new to North America. Proceedings of the Entomological Society of Washington. 110(3): 789-795
Conopomorpha litchiella;Oceania;Oceanian;2024;CAB International (CABI) (2024). CABI Invasive Species Compendium.
Archips xylosteana;Asia;Saharo-Arabian;2008;Hoebeke, E.,et al. (2008). Archips xylosteana (L.)(Lepidoptera: Tortricidae), a palearctic leafroller new to North America. Proceedings of the Entomological Society of Washington. 110(3): 789-795
Crocidosema aporema;North America;Nearctic;2024;CAB International (CABI) (2024). CABI Invasive Species Compendium.
Archips xylosteana;Asia;Sino-Japanese;2008;Hoebeke, E.,et al. (2008). Archips xylosteana (L.)(Lepidoptera: Tortricidae), a palearctic leafroller new to North America. Proceedings of the Entomological Society of Washington. 110(3): 789-795
Archips xylosteana;Europe;Palearctic;2024;Turner, R. et al. (2024). International Non-native Insect Establishment Data (0.2.1) [Data set]. Zenodo
Archips xylosteana;Asia;Palearctic;2024;Turner, R. et al. (2024). International Non-native Insect Establishment Data (0.2.1) [Data set]. Zenodo
Arcola malloi;South America;Neotropical;2021;Wells, B., Minteer, C. (2021). Alligatorweed Stem Borer (suggested common name) Arcola malloi Pastrana (Insecta: Lepidoptera: Pyralidae: Phycitinae): EENY764/IN1300, 8/2020. EDIS. 2021(1): 4-4
Arcola malloi;South America;Panamanian;2021;Wells, B., Minteer, C. (2021). Alligatorweed Stem Borer (suggested common name) Arcola malloi Pastrana (Insecta: Lepidoptera: Pyralidae: Phycitinae): EENY764/IN1300, 8/2020. EDIS. 2021(1): 4-4
Arenipses sabella;Asia;Oriental;2008;Aldryhim, Y. (2008). Greater Date Moth, Arenipses sabella Hmps. (Lepidoptera: Pyralidae). In: Capinera, J.L. (eds) Encyclopedia of Entomology. Springer, Dordrecht. pp 1716-1717
Arenipses sabella;Asia;Palearctic;2008;Aldryhim, Y. (2008). Greater Date Moth, Arenipses sabella Hmps. (Lepidoptera: Pyralidae). In: Capinera, J.L. (eds) Encyclopedia of Entomology. Springer, Dordrecht. pp 1716-1717
Arenipses sabella;Europe;Palearctic;2019;Falck, P. et al. (2019). New data on Pyraloidea from the Canary Islands, Spain (Lepidoptera: Pyraloidea). SHILAP Revista de Lepidopterologia. 47(185): 33-48
Arenipses sabella;Africa;Saharo-Arabian;2008;Aldryhim, Y. (2008). Greater Date Moth, Arenipses sabella Hmps. (Lepidoptera: Pyralidae). In: Capinera, J.L. (eds) Encyclopedia of Entomology. Springer, Dordrecht. pp 1716-1717
Arenipses sabella;Africa;Saharo-Arabian;2019;Falck, P. et al. (2019). New data on Pyraloidea from the Canary Islands, Spain (Lepidoptera: Pyraloidea). SHILAP Revista de Lepidopterologia. 47(185): 33-48
Arenipses sabella;Asia;Saharo-Arabian;2008;Aldryhim, Y. (2008). Greater Date Moth, Arenipses sabella Hmps. (Lepidoptera: Pyralidae). In: Capinera, J.L. (eds) Encyclopedia of Entomology. Springer, Dordrecht. pp 1716-1717
Arenipses sabella;Asia;Saharo-Arabian;2019;Falck, P. et al. (2019). New data on Pyraloidea from the Canary Islands, Spain (Lepidoptera: Pyraloidea). SHILAP Revista de Lepidopterologia. 47(185): 33-48
Arenipses sabella;Africa;Afrotropical;2019;Falck, P. et al. (2019). New data on Pyraloidea from the Canary Islands, Spain (Lepidoptera: Pyraloidea). SHILAP Revista de Lepidopterologia. 47(185): 33-48
Argyresthia conjugella;Asia;Palearctic;2022;Kambor, J. (2022). Apple moth-an occasional pest of Swiss apple orchards. Vignes et Vergers. 54(5): 12-13
Argyresthia conjugella;Europe;Palearctic;2022;Kambor, J. (2022). Apple moth-an occasional pest of Swiss apple orchards. Vignes et Vergers. 54(5): 12-13
Argyresthia conjugella;Europe;Palearctic;2024;Turner, R. et al. (2024). International Non-native Insect Establishment Data (0.2.1) [Data set]. Zenodo
Argyresthia cupressella;North America;Nearctic;2004;Agassiz, D. (2004). Cypress trees and their moths. British wildlife. 15(4): 265-268
Argyresthia cupressella;North America;Nearctic;2024;Turner, R. et al. (2024). International Non-native Insect Establishment Data (0.2.1) [Data set]. Zenodo
Argyresthia laevigatella;Europe;Palearctic;1969;Moriuti, S. (1969). Argyresthiidae (Lepidoptera) of Japan. Bulletin of the University of Osaka Prefecture. 1-50
Crocidosema aporema;South America;Neotropical;2024;CAB International (CABI) (2024). CABI Invasive Species Compendium.
Argyresthia laevigatella;Asia;Sino-Japanese;1969;Moriuti, S. (1969). Argyresthiidae (Lepidoptera) of Japan. Bulletin of the University of Osaka Prefecture. 1-50
Argyresthia laevigatella;Asia;Palearctic;2025;Kim, S. et al. (2025). Five newly recorded species of the genus Argyresthia (Lepidoptera: Argyresthiidae) from Korea. Journal of Asia-Pacific Biodiversity. 18(2): 315-319
Crocidosema aporema;North America;Panamanian;2024;CAB International (CABI) (2024). CABI Invasive Species Compendium.
Crocidosema aporema;South America;Panamanian;2024;CAB International (CABI) (2024). CABI Invasive Species Compendium.
Crocidosema plebejana;South America;Neotropical;2024;CAB International (CABI) (2024). CABI Invasive Species Compendium.
Argyresthia pruniella;Europe;Palearctic;2024;Turner, R. et al. (2024). International Non-native Insect Establishment Data (0.2.1) [Data set]. Zenodo
Argyresthia thuiella;North America;Nearctic;2014;Konecna, H., Sefrova, H. (2014). Morphology, biology and control possibilities of two Argyresthia species-A. thuiella and A. trifasciata (Lepidoptera: Argyresthiidae). Acta Universitatis Agriculturae et Silviculturae Mendelianae Brunensis. 62(3): 529-538
Argyresthia thuiella;North America;Nearctic;2024;Turner, R. et al. (2024). International Non-native Insect Establishment Data (0.2.1) [Data set]. Zenodo
Argyresthia trifasciata;Europe;Palearctic;2014;Konecna, H., Sefrova, H. (2014). Morphology, biology and control possibilities of two Argyresthia species-A. thuiella and A. trifasciata (Lepidoptera: Argyresthiidae). Acta Universitatis Agriculturae et Silviculturae Mendelianae Brunensis. 62(3): 529-538
Argyresthia trifasciata;Europe;Palearctic;2024;Turner, R. et al. (2024). International Non-native Insect Establishment Data (0.2.1) [Data set]. Zenodo
Argyria centrifugens;South America;Panamanian;2023;Landry, B. et al. (2023). ﻿ The identity of Argyrialacteella (Fabricius, 1794)(Lepidoptera, Pyraloidea, Crambinae), synonyms, and related species revealed by morphology and DNA capture in type specimens. ZooKeys. 1146: 1
Argyria centrifugens;South America;Neotropical;2023;Landry, B. et al. (2023). ﻿ The identity of Argyrialacteella (Fabricius, 1794)(Lepidoptera, Pyraloidea, Crambinae), synonyms, and related species revealed by morphology and DNA capture in type specimens. ZooKeys. 1146: 1
Argyria lacteella;North America;Panamanian;2023;Landry, B. et al. (2023). ﻿ The identity of Argyrialacteella (Fabricius, 1794)(Lepidoptera, Pyraloidea, Crambinae), synonyms, and related species revealed by morphology and DNA capture in type specimens. ZooKeys. 1146: 1
Argyria lacteella;South America;Neotropical;2023;Landry, B. et al. (2023). ﻿ The identity of Argyrialacteella (Fabricius, 1794)(Lepidoptera, Pyraloidea, Crambinae), synonyms, and related species revealed by morphology and DNA capture in type specimens. ZooKeys. 1146: 1
Argyria lacteella;North America;Nearctic;2023;Landry, B. et al. (2023). ﻿ The identity of Argyrialacteella (Fabricius, 1794)(Lepidoptera, Pyraloidea, Crambinae), synonyms, and related species revealed by morphology and DNA capture in type specimens. ZooKeys. 1146: 1
Argyria lacteella;South America;Panamanian;2023;Landry, B. et al. (2023). ﻿ The identity of Argyrialacteella (Fabricius, 1794)(Lepidoptera, Pyraloidea, Crambinae), synonyms, and related species revealed by morphology and DNA capture in type specimens. ZooKeys. 1146: 1
Argyrogramma verruca;North America;Nearctic;2021;Shaw, T. et al. (2021). Seasonal flight patterns of Chrysodeixis includens (Lepidoptera: Noctuidae) in the Florida panhandle and inventory of plusiine species cross-attracted to synthetic pheromone. Journal of Economic Entomology. 114(6): 2315-2325
Argyrogramma verruca;South America;Neotropical;1978;Eichlin, T., Cunningham, H. (1978). The Plusiinae (Lepidoptera: Noctuidae) of America north of Mexico, emphasizing genitalic and larval morphology (No. 1567). Department of Agriculture, Agricultural Research Service. Washington D.C., United States of America
Argyrogramma verruca;North America;Panamanian;2021;Shaw, T. et al. (2021). Seasonal flight patterns of Chrysodeixis includens (Lepidoptera: Noctuidae) in the Florida panhandle and inventory of plusiine species cross-attracted to synthetic pheromone. Journal of Economic Entomology. 114(6): 2315-2325
Argyrogramma verruca;South America;Panamanian;1978;Eichlin, T., Cunningham, H. (1978). The Plusiinae (Lepidoptera: Noctuidae) of America north of Mexico, emphasizing genitalic and larval morphology (No. 1567). Department of Agriculture, Agricultural Research Service. Washington D.C., United States of America
Ariadne ariadne;Asia;Oriental;1990;Leps, J., Spitzer, K. (1990). Ecological determinants of butterfly communities (Lepidoptera, Papilionoidea) in the Tam Dao mountains, Vietnam. Acta Entomologica Bohemoslovaca. 87(3): 182-194
Ariadne ariadne;Asia;Oriental;2024;Turner, R. et al. (2024). International Non-native Insect Establishment Data (0.2.1) [Data set]. Zenodo
Aristaea thalassias;Australia;Australian;2011;Gordon, A. (2011). Biological control endeavours against Australian myrtle, Leptospermum laevigatum (Gaertn.) F. Muell.(Myrtaceae), in South Africa. African Entomology. 19(1): 349-355
Aristaea thalassias;Australia;Australian;2024;Turner, R. et al. (2024). International Non-native Insect Establishment Data (0.2.1) [Data set]. Zenodo
Aristotelia ivae;North America;Nearctic;1988;Diatloff, G., Palmer, W. (1988). The host specificity and biology of Aristotella ivae Busck (Gelechiidae) and Lorita baccharivora Pogue (Tortricidae), two microlepidoptera selected as biological control agents for Baccharis halimifolia (Asteraceae) in Australia. Proceedings of the Entomological Society of Washington. 90(4): 458-461
Aristotelia ivae;North America;Nearctic;2024;Turner, R. et al. (2024). International Non-native Insect Establishment Data (0.2.1) [Data set]. Zenodo
Artigisa melanephele;Australia;Australian;2001;Hoare, R. (2001). Adventive species of Lepidoptera recorded for the first time in New Zealand since 1988. New Zealand Entomologist. 24: 23-47
Artigisa melanephele;Australia;Australian;2024;Turner, R. et al. (2024). International Non-native Insect Establishment Data (0.2.1) [Data set]. Zenodo
Artona martini;Asia;Oriental;2020;Marianelli, L. et al. (2020). First record of the pest Artona (Fuscartona) martini Efetov, 1997 (Lepidoptera Zygaenidae Procridinae Artonini) in European territory. Redia: Journal of Zoology/Giornale di Zoologia. 103: 3-7
Artona martini;Asia;Sino-Japanese;2020;Marianelli, L. et al. (2020). First record of the pest Artona (Fuscartona) martini Efetov, 1997 (Lepidoptera Zygaenidae Procridinae Artonini) in European territory. Redia: Journal of Zoology/Giornale di Zoologia. 103: 3-7
Artona martini;Asia;Palearctic;2024;Turner, R. et al. (2024). International Non-native Insect Establishment Data (0.2.1) [Data set]. Zenodo
Ascalapha odorata;North America;Nearctic;2014;Ekrem, T. et al. (2014). The most northerly Black Witch (Ascalapha odorata): a tropical moth in the Canadian Arctic. The Canadian Field-Naturalist. 128(1): 77-79
Ascalapha odorata;South America;Neotropical;2014;Ekrem, T. et al. (2014). The most northerly Black Witch (Ascalapha odorata): a tropical moth in the Canadian Arctic. The Canadian Field-Naturalist. 128(1): 77-79
Ascalapha odorata;North America;Panamanian;2014;Ekrem, T. et al. (2014). The most northerly Black Witch (Ascalapha odorata): a tropical moth in the Canadian Arctic. The Canadian Field-Naturalist. 128(1): 77-79
Ascalapha odorata;South America;Panamanian;2014;Ekrem, T. et al. (2014). The most northerly Black Witch (Ascalapha odorata): a tropical moth in the Canadian Arctic. The Canadian Field-Naturalist. 128(1): 77-79
Ascalapha odorata;North America;Nearctic;2024;Turner, R. et al. (2024). International Non-native Insect Establishment Data (0.2.1) [Data set]. Zenodo
Ascalenia acaciella;Africa;Afrotropical;2006;Koster, S., Sammut, P. (2006). Faunistic notes on Momphidae, Batrachedridae, Stathmopodidae and Cosmopterigidae from the Maltese Islands. Nota lepidopterologica. 29(1): 49-63
Ascalenia acaciella;Asia;Oriental;2006;Koster, S., Sammut, P. (2006). Faunistic notes on Momphidae, Batrachedridae, Stathmopodidae and Cosmopterigidae from the Maltese Islands. Nota lepidopterologica. 29(1): 49-63
Ascalenia acaciella;Asia;Palearctic;2006;Koster, S., Sammut, P. (2006). Faunistic notes on Momphidae, Batrachedridae, Stathmopodidae and Cosmopterigidae from the Maltese Islands. Nota lepidopterologica. 29(1): 49-63
Ascalenia acaciella;Europe;Palearctic;2006;Koster, S., Sammut, P. (2006). Faunistic notes on Momphidae, Batrachedridae, Stathmopodidae and Cosmopterigidae from the Maltese Islands. Nota lepidopterologica. 29(1): 49-63
Ascalenia acaciella;Africa;Saharo-Arabian;2006;Koster, S., Sammut, P. (2006). Faunistic notes on Momphidae, Batrachedridae, Stathmopodidae and Cosmopterigidae from the Maltese Islands. Nota lepidopterologica. 29(1): 49-63
Ascalenia acaciella;Africa;Saharo-Arabian;1960;Gozmany L. (1960). The results of the zoological collecting trip to Egypt in 1957, of the Natural History Museum, Budapest. 8. Egyptian Microlepidoptera II
Ascalenia acaciella;Asia;Saharo-Arabian;2006;Koster, S., Sammut, P. (2006). Faunistic notes on Momphidae, Batrachedridae, Stathmopodidae and Cosmopterigidae from the Maltese Islands. Nota lepidopterologica. 29(1): 49-63
Ascalenia acaciella;Africa;Afrotropical;2024;Turner, R. et al. (2024). International Non-native Insect Establishment Data (0.2.1) [Data set]. Zenodo
Asciodes gordialis;South America;Neotropical;2016;Landry, B. (2016). Taxonomic revision of the Spilomelinae (Lepidoptera, Pyralidae sl) of the Galapagos Islands, Ecuador. Revue Suisse de Zoologie. 123(2): 315-399
Asciodes gordialis;North America;Panamanian;2016;Landry, B. (2016). Taxonomic revision of the Spilomelinae (Lepidoptera, Pyralidae sl) of the Galapagos Islands, Ecuador. Revue Suisse de Zoologie. 123(2): 315-399
Asciodes gordialis;South America;Neotropical;2024;Turner, R. et al. (2024). International Non-native Insect Establishment Data (0.2.1) [Data set]. Zenodo
Asota ficus;Asia;Oriental;2011;Hirai, N. et al. (2011). Effects of photoperiod and temperature on development and diapause in a noctuid moth, Asota ficus (Fabricius)(Lepidoptera: Noctuidae), of the Osaka population. Lepidoptera Science. 62(4): 166-174
Asota ficus;Asia;Sino-Japanese;2011;Hirai, N. et al. (2011). Effects of photoperiod and temperature on development and diapause in a noctuid moth, Asota ficus (Fabricius)(Lepidoptera: Noctuidae), of the Osaka population. Lepidoptera Science. 62(4): 166-174
Asota ficus;Asia;Palearctic;2024;Turner, R. et al. (2024). International Non-native Insect Establishment Data (0.2.1) [Data set]. Zenodo
Assara seminivale;Australia;Australian;2024;Austin, K., Rubinoff, D. (2024). New records of introduced Lepidoptera in the Hawaiian Islands for the year 2023. Bishop Museum Occasional Papers. 156: 111-121
Assara seminivale;Oceania;Oceanian;2024;Austin, K., Rubinoff, D. (2024). New records of introduced Lepidoptera in the Hawaiian Islands for the year 2023. Bishop Museum Occasional Papers. 156: 111-121
Assara seminivale;Oceania;Nearctic;2024;Austin, K., Rubinoff, D. (2024). New records of introduced Lepidoptera in the Hawaiian Islands for the year 2023. Bishop Museum Occasional Papers. 156: 111-121
Cryptoblabes gnidiella;Asia;Oriental;2024;CAB International (CABI) (2024). CABI Invasive Species Compendium.
Cryptoblabes gnidiella;Asia;Palearctic;2024;CAB International (CABI) (2024). CABI Invasive Species Compendium.
Cryptoblabes gnidiella;Europe;Palearctic;2024;CAB International (CABI) (2024). CABI Invasive Species Compendium.
Athetis tenuis;Australia;Australian;1979;Roberts, L. (1979). Insects from the Cavalli Islands. Tane. 25: 125-131
Athetis tenuis;Australia;Australian;2024;Turner, R. et al. (2024). International Non-native Insect Establishment Data (0.2.1) [Data set]. Zenodo
Athetis thoracica;Australia;Australian;2019;Irungbam, J., Irungbam, M. (2019). Contributions to the knowledge of moths of Bombycoidea Latreille, 1802 (Lepidoptera: Heterocera) of Bhutan with new records. Journal of Threatened Taxa. 11(8): 14022-14050
Athetis thoracica;Oceania;Oceanian;2019;Irungbam, J., Irungbam, M. (2019). Contributions to the knowledge of moths of Bombycoidea Latreille, 1802 (Lepidoptera: Heterocera) of Bhutan with new records. Journal of Threatened Taxa. 11(8): 14022-14050
Athetis thoracica;Asia;Oriental;2019;Irungbam, J., Irungbam, M. (2019). Contributions to the knowledge of moths of Bombycoidea Latreille, 1802 (Lepidoptera: Heterocera) of Bhutan with new records. Journal of Threatened Taxa. 11(8): 14022-14050
Athetis thoracica;Asia;Sino-Japanese;2019;Irungbam, J., Irungbam, M. (2019). Contributions to the knowledge of moths of Bombycoidea Latreille, 1802 (Lepidoptera: Heterocera) of Bhutan with new records. Journal of Threatened Taxa. 11(8): 14022-14050
Athetis thoracica;Oceania;Oceanian;2024;Turner, R. et al. (2024). International Non-native Insect Establishment Data (0.2.1) [Data set]. Zenodo
Athrips mouffetella;Europe;Palearctic;2005;Bidzilya, O. (2005). A review of the genus Athrips (Lepidoptera, Gelechiidae) in the Palaearctic region. Deutsche Entomologische Zeitschrift. 52(1): 3-72
Athrips pruinosella;Europe;Palearctic;2005;Bidzilya, O. (2005). A review of the genus Athrips (Lepidoptera, Gelechiidae) in the Palaearctic region. Deutsche Entomologische Zeitschrift. 52(1): 3-72
Athrips pruinosella;Asia;Palearctic;2005;Bidzilya, O. (2005). A review of the genus Athrips (Lepidoptera, Gelechiidae) in the Palaearctic region. Deutsche Entomologische Zeitschrift. 52(1): 3-72
Athrips rancidella;Asia;Palearctic;2005;Bidzilya, O. (2005). A review of the genus Athrips (Lepidoptera, Gelechiidae) in the Palaearctic region. Deutsche Entomologische Zeitschrift. 52(1): 3-72
Athrips rancidella;Asia;Saharo-Arabian;2005;Bidzilya, O. (2005). A review of the genus Athrips (Lepidoptera, Gelechiidae) in the Palaearctic region. Deutsche Entomologische Zeitschrift. 52(1): 3-72
Athrips rancidella;Europe;Palearctic;2024;Turner, R. et al. (2024). International Non-native Insect Establishment Data (0.2.1) [Data set]. Zenodo
Auratonota dispersa;North America;Panamanian;1990;Brown, J. (1990). New species and first US record of Auratonota (Lepidoptera: Tortricidae). Florida Entomologist. 73(1): 153-157
Auratonota dispersa;South America;Panamanian;1990;Brown, J. (1990). New species and first US record of Auratonota (Lepidoptera: Tortricidae). Florida Entomologist. 73(1): 153-157
Autosticha kyotensis;Asia;Palearctic;2023;Kim, S. et al. (2023). One Newly Recorded Species, Autosticha kyotensis (Lepidoptera: Autostichidae) from Korea with a World Checklist of the Genus. Korean Journal of Applied Entomology. 62(2): 61-67
Autosticha kyotensis;Asia;Sino-Japanese;2023;Kim, S. et al. (2023). One Newly Recorded Species, Autosticha kyotensis (Lepidoptera: Autostichidae) from Korea with a World Checklist of the Genus. Korean Journal of Applied Entomology. 62(2): 61-67
Autosticha kyotensis;Asia;Palearctic;2024;Turner, R. et al. (2024). International Non-native Insect Establishment Data (0.2.1) [Data set]. Zenodo
Autosticha modicella;Asia;Oriental;2017;Park, K., Kim, S. (2017). Faunistic data of micromoths (Lepidoptera) in North Korea. Journal of Asia-Pacific Biodiversity. 10(1): 73-80
Autosticha modicella;Asia;Palearctic;2017;Park, K., Kim, S. (2017). Faunistic data of micromoths (Lepidoptera) in North Korea. Journal of Asia-Pacific Biodiversity. 10(1): 73-80
Autosticha modicella;Europe;Palearctic;2017;Park, K., Kim, S. (2017). Faunistic data of micromoths (Lepidoptera) in North Korea. Journal of Asia-Pacific Biodiversity. 10(1): 73-80
Autosticha modicella;Asia;Sino-Japanese;2017;Park, K., Kim, S. (2017). Faunistic data of micromoths (Lepidoptera) in North Korea. Journal of Asia-Pacific Biodiversity. 10(1): 73-80
Autosticha pelodes;Oceania;Oceanian;1978;Zimmerman, E. (1978). Insects of Hawaii. Vol. 9 Microlepidoptera. Part II. The University Press of Hawaii, Honolulu, Hawaii, United States of America
Autosticha pelodes;Asia;Oriental;1978;Zimmerman, E. (1978). Insects of Hawaii. Vol. 9 Microlepidoptera. Part II. The University Press of Hawaii, Honolulu, Hawaii, United States of America
Autosticha pelodes;Australia;Australian;2024;Turner, R. et al. (2024). International Non-native Insect Establishment Data (0.2.1) [Data set]. Zenodo
Autosticha pelodes;Oceania;Oceanian;2024;Turner, R. et al. (2024). International Non-native Insect Establishment Data (0.2.1) [Data set]. Zenodo
Azeta repugnalis;North America;Nearctic;2002;Becker, V., Miller, S. (2002). Large moths of Guana Island, British Virgin Islands: a survey of efficient colonizers (Lepidoptera: Sphingidae, Notodontidae, Noctuidae, Arctiidae, Geometridae, Hyblaeidae, Cossidae). Journal of the Lepidopterists Society. 56(1): 9-44
Azeta repugnalis;South America;Neotropical;2002;Becker, V., Miller, S. (2002). Large moths of Guana Island, British Virgin Islands: a survey of efficient colonizers (Lepidoptera: Sphingidae, Notodontidae, Noctuidae, Arctiidae, Geometridae, Hyblaeidae, Cossidae). Journal of the Lepidopterists Society. 56(1): 9-44
Cryptoblabes gnidiella;Africa;Saharo-Arabian;2024;CAB International (CABI) (2024). CABI Invasive Species Compendium.
Cryptoblabes gnidiella;Asia;Saharo-Arabian;2024;CAB International (CABI) (2024). CABI Invasive Species Compendium.
Azeta repugnalis;North America;Panamanian;1946;Ramos, J. (1946). The insects of Mona Island (West Indies). The Journal of Agriculture of the University of Puerto Rico. 30(1): 1-73
Azeta repugnalis;North America;Panamanian;2002;Becker, V., Miller, S. (2002). Large moths of Guana Island, British Virgin Islands: a survey of efficient colonizers (Lepidoptera: Sphingidae, Notodontidae, Noctuidae, Arctiidae, Geometridae, Hyblaeidae, Cossidae). Journal of the Lepidopterists Society. 56(1): 9-44
Azeta repugnalis;South America;Panamanian;2002;Becker, V., Miller, S. (2002). Large moths of Guana Island, British Virgin Islands: a survey of efficient colonizers (Lepidoptera: Sphingidae, Notodontidae, Noctuidae, Arctiidae, Geometridae, Hyblaeidae, Cossidae). Journal of the Lepidopterists Society. 56(1): 9-44
Bactra philocherda;Africa;Afrotropical;1964;Diakonoff, A. (1964). Further records and descriptions of the species of Bactra Stephens (Lepidoptera, Tortricidae). Zoologische Verhandelingen. 70(1): 1-81
Bactra philocherda;North America;Nearctic;2008;Razowski, J. et al. (2008). The Tortricidae (Lepidoptera) of the Galapagos Islands, Ecuador. Revue Suisse de Zoologie. 115(1): 185
Bactra philocherda;South America;Neotropical;2008;Razowski, J. et al. (2008). The Tortricidae (Lepidoptera) of the Galapagos Islands, Ecuador. Revue Suisse de Zoologie. 115(1): 185
Bactra philocherda;North America;Panamanian;2008;Razowski, J. et al. (2008). The Tortricidae (Lepidoptera) of the Galapagos Islands, Ecuador. Revue Suisse de Zoologie. 115(1): 185
Bactra philocherda;South America;Neotropical;2024;Turner, R. et al. (2024). International Non-native Insect Establishment Data (0.2.1) [Data set]. Zenodo
Bactra venosana;Australia;Australian;2015;Sohn, J. et al. (2015). Seven species of Olethreutinae (Lepidoptera: Tortricidae) new to Korea. Journal of Asia-Pacific Biodiversity. 8(2): 133-138
Bactra venosana;North America;Nearctic;2015;Sohn, J. et al. (2015). Seven species of Olethreutinae (Lepidoptera: Tortricidae) new to Korea. Journal of Asia-Pacific Biodiversity. 8(2): 133-138
Bactra venosana;Oceania;Oceanian;2015;Sohn, J. et al. (2015). Seven species of Olethreutinae (Lepidoptera: Tortricidae) new to Korea. Journal of Asia-Pacific Biodiversity. 8(2): 133-138
Bactra venosana;Asia;Oriental;2015;Sohn, J. et al. (2015). Seven species of Olethreutinae (Lepidoptera: Tortricidae) new to Korea. Journal of Asia-Pacific Biodiversity. 8(2): 133-138
Bactra venosana;Asia;Palearctic;2015;Sohn, J. et al. (2015). Seven species of Olethreutinae (Lepidoptera: Tortricidae) new to Korea. Journal of Asia-Pacific Biodiversity. 8(2): 133-138
Bactra venosana;Europe;Palearctic;2015;Sohn, J. et al. (2015). Seven species of Olethreutinae (Lepidoptera: Tortricidae) new to Korea. Journal of Asia-Pacific Biodiversity. 8(2): 133-138
Bactra venosana;Africa;Saharo-Arabian;2015;Sohn, J. et al. (2015). Seven species of Olethreutinae (Lepidoptera: Tortricidae) new to Korea. Journal of Asia-Pacific Biodiversity. 8(2): 133-138
Bactra venosana;Asia;Saharo-Arabian;2015;Sohn, J. et al. (2015). Seven species of Olethreutinae (Lepidoptera: Tortricidae) new to Korea. Journal of Asia-Pacific Biodiversity. 8(2): 133-138
Bactra venosana;Asia;Sino-Japanese;2015;Sohn, J. et al. (2015). Seven species of Olethreutinae (Lepidoptera: Tortricidae) new to Korea. Journal of Asia-Pacific Biodiversity. 8(2): 133-138
Bactra venosana;Europe;Palearctic;2024;Turner, R. et al. (2024). International Non-native Insect Establishment Data (0.2.1) [Data set]. Zenodo
Bagisara repanda;North America;Nearctic;1997;Ferguson, D. (1997). Review of the New World Bagisarinae with description of two new species from the Southern United States (Noctuidae). Journal of the Lepidopterists Society. 51: 344-357
Bagisara repanda;South America;Neotropical;1997;Ferguson, D. (1997). Review of the New World Bagisarinae with description of two new species from the Southern United States (Noctuidae). Journal of the Lepidopterists Society. 51: 344-357
Bagisara repanda;North America;Panamanian;1997;Ferguson, D. (1997). Review of the New World Bagisarinae with description of two new species from the Southern United States (Noctuidae). Journal of the Lepidopterists Society. 51: 344-357
Bagisara repanda;South America;Neotropical;2024;Turner, R. et al. (2024). International Non-native Insect Establishment Data (0.2.1) [Data set]. Zenodo
Balanomis encyclia;Australia;Australian;1887;Meyrick, E. (1887). On Pyralidina from Australia and the South Pacific. The Transactions of the Entomological Society of London for the Year of 1887. 185-268
Balanomis encyclia;Australia;Australian;2024;Turner, R. et al. (2024). International Non-native Insect Establishment Data (0.2.1) [Data set]. Zenodo
Barea asbolaea;Australia;Australian;2000;Common, I. (2000). Oecophorine genera of Australia III: the Barea group and unplaced genera (Lepidoptera: Oecophoridae) (Vol. 8). Csiro Publishing
Barea asbolaea;Australia;Australian;2024;Turner, R. et al. (2024). International Non-native Insect Establishment Data (0.2.1) [Data set]. Zenodo
Barea codrella;Australia;Australian;2001;Hoare, R. (2001). Adventive species of Lepidoptera recorded for the first time in New Zealand since 1988. New Zealand Entomologist. 24: 23-47
Barea codrella;Australia;Australian;2024;Turner, R. et al. (2024). International Non-native Insect Establishment Data (0.2.1) [Data set]. Zenodo
Barea confusella;Australia;Australian;2001;Withers, T. (2001). Colonization of eucalypts in New Zealand by Australian insects. Austral Ecology. 26(5): 467-476
Barea confusella;Australia;Australian;2024;Turner, R. et al. (2024). International Non-native Insect Establishment Data (0.2.1) [Data set]. Zenodo
Barea consignatella;Australia;Australian;2001;Withers, T. (2001). Colonization of eucalypts in New Zealand by Australian insects. Austral Ecology. 26(5): 467-476
Barea consignatella;Australia;Australian;2024;Turner, R. et al. (2024). International Non-native Insect Establishment Data (0.2.1) [Data set]. Zenodo
Barea exarcha;Australia;Australian;2001;Withers, T. (2001). Colonization of eucalypts in New Zealand by Australian insects. Austral Ecology. 26(5): 467-476
Barea exarcha;Australia;Australian;2024;Turner, R. et al. (2024). International Non-native Insect Establishment Data (0.2.1) [Data set]. Zenodo
Batia lunaris;Asia;Palearctic;2017;Mustelin, T. et al. (2017). Survey of the Lepidoptera in the North-Central Olympic National Park, Washington, USA. The Journal of the Lepidopterists Society. 72(4): 284-295
Batia lunaris;Europe;Palearctic;2017;Mustelin, T. et al. (2017). Survey of the Lepidoptera in the North-Central Olympic National Park, Washington, USA. The Journal of the Lepidopterists Society. 72(4): 284-295
Batia lunaris;Europe;Palearctic;2024;Turner, R. et al. (2024). International Non-native Insect Establishment Data (0.2.1) [Data set]. Zenodo
Batrachedra amydraula;Africa;Afrotropical;1978;Carpenter, J. et al. (1978). Pests and diseases of the date palms. Agriculture Handbook. 524:1-40
Batrachedra amydraula;Asia;Oriental;1978;Carpenter, J. et al. (1978). Pests and diseases of the date palms. Agriculture Handbook. 524:1-40
Batrachedra amydraula;Asia;Palearctic;1978;Carpenter, J. et al. (1978). Pests and diseases of the date palms. Agriculture Handbook. 524:1-40
Batrachedra amydraula;Africa;Saharo-Arabian;1978;Carpenter, J. et al. (1978). Pests and diseases of the date palms. Agriculture Handbook. 524:1-40
Batrachedra amydraula;Asia;Saharo-Arabian;1978;Carpenter, J. et al. (1978). Pests and diseases of the date palms. Agriculture Handbook. 524:1-40
Batrachedra knabi;North America;Nearctic;1966;Hodges, R. (1966). Review of New World Species of Batrachedra, with Description of Three New Genera (Lepidoptera: Gelechioidea). Transactions of the American Entomological Society. 92(4): 585-651
Batrachedra knabi;North America;Nearctic;2024;Turner, R. et al. (2024). International Non-native Insect Establishment Data (0.2.1) [Data set]. Zenodo
Batrachedra pinicolella;Europe;Palearctic;2025;Shropshire, K., Tallamy, D. (2025). Lepidoptera of North American north of Mexico: An annotated list containing geographic ranges and host plant records. ZooKeys
Bedellia orchilella;Oceania;Nearctic;1978;Zimmerman, E. (1978). Insects of Hawaii. Vol. 9 Microlepidoptera. Part I. The University Press of Hawaii, Honolulu, Hawaii, United States of America
Bedellia orchilella;Asia;Palearctic;2024;Turner, R. et al. (2024). International Non-native Insect Establishment Data (0.2.1) [Data set]. Zenodo
Bedellia orchilella;Asia;Oriental;2024;Turner, R. et al. (2024). International Non-native Insect Establishment Data (0.2.1) [Data set]. Zenodo
Bedellia orchilella;Australia;Australian;2024;Turner, R. et al. (2024). International Non-native Insect Establishment Data (0.2.1) [Data set]. Zenodo
Bedellia orchilella;Oceania;Oceanian;2024;Turner, R. et al. (2024). International Non-native Insect Establishment Data (0.2.1) [Data set]. Zenodo
Bedellia somnulentella;Asia;Palearctic;2024;Turner, R. et al. (2024). International Non-native Insect Establishment Data (0.2.1) [Data set]. Zenodo
Bema neuricella;North America;Panamanian;1992;Frank, J., McCoy, E. (1992). Introduction to the Behavioral Ecology of Immigration. The Immigration of Insects to Florida, with a Tabulation of Records Published Since 1970. The Florida Entomologist.75(1): 1-28
Bema neuricella;South America;Neotropical;2024;Turner, R. et al. (2024). International Non-native Insect Establishment Data (0.2.1) [Data set]. Zenodo
Bifascioides leucomelanella;Africa;Afrotropical;2006;Koster, S., Sammut, P. (2006). Faunistic notes on Momphidae, Batrachedridae, Stathmopodidae and Cosmopterigidae from the Maltese Islands. Nota lepidopterologica. 29(1): 49-63
Bifascioides leucomelanella;Africa;Saharo-Arabian;2006;Koster, S., Sammut, P. (2006). Faunistic notes on Momphidae, Batrachedridae, Stathmopodidae and Cosmopterigidae from the Maltese Islands. Nota lepidopterologica. 29(1): 49-63
Bifascioides leucomelanella;Africa;Afrotropical;2024;Turner, R. et al. (2024). International Non-native Insect Establishment Data (0.2.1) [Data set]. Zenodo
Bilobata subsecivella;Australia;Australian;2016;Buthelezi, N. et al. (2016). Molecular and behavioural evidence suggesting a re-examination of the taxonomy of Aproaerema simplexella (Walker), Aproaerema modicella (Deventer) and Stomopteryx subsecivella Zeller (Lepidoptera: Gelechiidae). African Entomology. 24(1): 16-23
Bilobata subsecivella;Asia;Oriental;1993;Shanower, T. et al. (1993). Biology and control of the groundnut leafminer, Aproaerema modicella (Deventer)(Lepidoptera: Gelechiidae). Crop Protection. 12(1): 3-10
Bilobata subsecivella;Asia;Saharo-Arabian;1993;Shanower, T. et al. (1993). Biology and control of the groundnut leafminer, Aproaerema modicella (Deventer)(Lepidoptera: Gelechiidae). Crop Protection. 12(1): 3-10
Bilobata subsecivella;Asia;Sino-Japanese;1993;Shanower, T. et al. (1993). Biology and control of the groundnut leafminer, Aproaerema modicella (Deventer)(Lepidoptera: Gelechiidae). Crop Protection. 12(1): 3-10
Bilobata subsecivella;Africa;Afrotropical;2024;Turner, R. et al. (2024). International Non-native Insect Establishment Data (0.2.1) [Data set]. Zenodo
Blastobasis adustella;Europe;Palearctic;2009;de Prins, W. et al. (2009). Blastobasis adustella (Lepidoptera: Coleophoridae, Blastobasinae), new to the Belgian list. Phegea. 37(3): 111-118
Blastobasis adustella;Africa;Afrotropical;2024;Turner, R. et al. (2024). International Non-native Insect Establishment Data (0.2.1) [Data set]. Zenodo
Blastobasis decolorella;Europe;Palearctic;2004;Karsholt, O., Sinev, S. (2004). Contribution to the Lepidoptera fauna of the Madeira Islands Part 4. Blastobasidae. Beitrage zur Entomologie. 54(2): 387-463
Blastobasis decolorella;Africa;Afrotropical;2024;Turner, R. et al. (2024). International Non-native Insect Establishment Data (0.2.1) [Data set]. Zenodo
Blastobasis glandulella;North America;Nearctic;2022;Adamski, D., Brown, R. L. (2022). Larval, pupal, and adult morphology of the acorn moth, Blastobasis glandulella (Riley, 1871)(Lepidoptera: Gelechioidea: Blastobasidae). The Journal of the Lepidopterists Society. 76(1): 10-20
Blastobasis glandulella;North America;Nearctic;2024;Turner, R. et al. (2024). International Non-native Insect Establishment Data (0.2.1) [Data set]. Zenodo
Blastobasis inana;Oceania;Oceanian;1978;Zimmerman, E. (1978). Insects of Hawaii. Vol. 9 Microlepidoptera. Part II. The University Press of Hawaii, Honolulu, Hawaii, United States of America
Blastobasis inana;Asia;Oriental;1978;Zimmerman, E. (1978). Insects of Hawaii. Vol. 9 Microlepidoptera. Part II. The University Press of Hawaii, Honolulu, Hawaii, United States of America
Blastobasis inana;Asia;Oriental;2024;Turner, R. et al. (2024). International Non-native Insect Establishment Data (0.2.1) [Data set]. Zenodo
Blastobasis inana;Oceania;Oceanian;2024;Turner, R. et al. (2024). International Non-native Insect Establishment Data (0.2.1) [Data set]. Zenodo
Blastobasis lacticolella;Europe;Palearctic;2004;Karsholt, O., Sinev, S. (2004). Contribution to the Lepidoptera fauna of the Madeira Islands Part 4. Blastobasidae. Beitrage zur Entomologie. 54(2): 387-463
Blastobasis lacticolella;Africa;Afrotropical;2024;Turner, R. et al. (2024). International Non-native Insect Establishment Data (0.2.1) [Data set]. Zenodo
Blastobasis marmorosella;Africa;Saharo-Arabian;2004;Karsholt, O., Sinev, S. (2004). Contribution to the Lepidoptera fauna of the Madeira Islands Part 4. Blastobasidae. Beitrage zur Entomologie. 54(2): 387-463
Blastobasis marmorosella;Europe;Palearctic;2004;Karsholt, O., Sinev, S. (2004). Contribution to the Lepidoptera fauna of the Madeira Islands Part 4. Blastobasidae. Beitrage zur Entomologie. 54(2): 387-463
Blastobasis marmorosella;Europe;Palearctic;2024;Turner, R. et al. (2024). International Non-native Insect Establishment Data (0.2.1) [Data set]. Zenodo
Blastobasis maroccanella;Africa;Saharo-Arabian;2004;Karsholt, O., Sinev, S. (2004). Contribution to the Lepidoptera fauna of the Madeira Islands Part 4. Blastobasidae. Beitrage zur Entomologie. 54(2): 387-463
Blastobasis maroccanella;Europe;Palearctic;2004;Karsholt, O., Sinev, S. (2004). Contribution to the Lepidoptera fauna of the Madeira Islands Part 4. Blastobasidae. Beitrage zur Entomologie. 54(2): 387-463
Blastobasis maroccanella;Africa;Afrotropical;2024;Turner, R. et al. (2024). International Non-native Insect Establishment Data (0.2.1) [Data set]. Zenodo
Blastobasis rebeli;Europe;Palearctic;2004;Karsholt, O., Sinev, S. (2004). Contribution to the Lepidoptera fauna of the Madeira Islands Part 4. Blastobasidae. Beitrage zur Entomologie. 54(2): 387-463
Blastobasis rebeli;Africa;Afrotropical;2024;Turner, R. et al. (2024). International Non-native Insect Establishment Data (0.2.1) [Data set]. Zenodo
Blastobasis tarda;Australia;Australian;2023;Pinzari, M., Pinzari, M. (2023). Blastobasis tarda Meyrick, 1902 an alien species from Australia new to Italy (Lepidoptera: Blastobasidae). SHILAP Revista de lepidopterologia. 51(201): 51-54
Blastobasis tarda;Australia;Australian;2024;Turner, R. et al. (2024). International Non-native Insect Establishment Data (0.2.1) [Data set]. Zenodo
Blastobasis vittata;Europe;Palearctic;2004;Karsholt, O., Sinev, S. (2004). Contribution to the Lepidoptera fauna of the Madeira Islands Part 4. Blastobasidae. Beitrage zur Entomologie. 54(2): 387-463
Blastodacna atra;Europe;Palearctic;2025;Shropshire, K., Tallamy, D. (2025). Lepidoptera of North American north of Mexico: An annotated list containing geographic ranges and host plant records. ZooKeys
Blastodacna atra;Asia;Palearctic;2025;Shropshire, K., Tallamy, D. (2025). Lepidoptera of North American north of Mexico: An annotated list containing geographic ranges and host plant records. ZooKeys
Bleptina araealis;North America;Panamanian;1991;Dickel, T. (1991). New Records of Noctuid Moths from Florida. Tropical Lepidoptera. 2(1): 53-58
Bleptina araealis;South America;Neotropical;2024;Turner, R. et al. (2024). International Non-native Insect Establishment Data (0.2.1) [Data set]. Zenodo
Bleszynskia malacelloides;Australia;Australian;2001;Hoare, R. (2001). Adventive species of Lepidoptera recorded for the first time in New Zealand since 1988. New Zealand Entomologist. 24: 23-47
Bleszynskia malacelloides;Australia;Australian;2024;Turner, R. et al. (2024). International Non-native Insect Establishment Data (0.2.1) [Data set]. Zenodo
Bocana manifestalis;Oceania;Oceanian;1958;Zimmerman, E. (1958). Insects of Hawaii. Volume 7, Macrolepidoptera. Hawaii: University of Hawaii Press, Honolulu, Hawaii, United States of America
Bocana manifestalis;Asia;Oriental;1958;Zimmerman, E. (1958). Insects of Hawaii. Volume 7, Macrolepidoptera. Hawaii: University of Hawaii Press, Honolulu, Hawaii, United States of America
Bocana manifestalis;Asia;Sino-Japanese;1958;Zimmerman, E. (1958). Insects of Hawaii. Volume 7, Macrolepidoptera. Hawaii: University of Hawaii Press, Honolulu, Hawaii, United States of America
Bocana manifestalis;Oceania;Australian;1958;Zimmerman, E. (1958). Insects of Hawaii. Volume 7, Macrolepidoptera. Hawaii: University of Hawaii Press, Honolulu, Hawaii, United States of America
Bocana manifestalis;Oceania;Nearctic;1958;Zimmerman, E. (1958). Insects of Hawaii. Volume 7, Macrolepidoptera. Hawaii: University of Hawaii Press, Honolulu, Hawaii, United States of America
Bocana manifestalis;Europe;Palearctic;2024;Turner, R. et al. (2024). International Non-native Insect Establishment Data (0.2.1) [Data set]. Zenodo
Bocana manifestalis;Asia;Palearctic;2024;Turner, R. et al. (2024). International Non-native Insect Establishment Data (0.2.1) [Data set]. Zenodo
Bocana manifestalis;Africa;Afrotropical;2024;Turner, R. et al. (2024). International Non-native Insect Establishment Data (0.2.1) [Data set]. Zenodo
Bocana manifestalis;Australia;Australian;2024;Turner, R. et al. (2024). International Non-native Insect Establishment Data (0.2.1) [Data set]. Zenodo
Bohemannia pulverosella;Europe;Palearctic;2025;Shropshire, K., Tallamy, D. (2025). Lepidoptera of North American north of Mexico: An annotated list containing geographic ranges and host plant records. ZooKeys
Bohemannia pulverosella;Asia;Palearctic;2013;Stonis, J., Rociene, A. (2013) Nepticulidae (Lepidoptera) of East Asia (1). Re-examination of the male genitalia of types deposited at the Russian Academy of Sciences. Zootaxa. 3652 (1): 1–59
Bombyx mori;Asia;Palearctic;2024;Turner, R. et al. (2024). International Non-native Insect Establishment Data (0.2.1) [Data set]. Zenodo
Cydalima perspectalis;Asia;Palearctic;2024;CAB International (CABI) (2024). CABI Invasive Species Compendium.
Cydalima perspectalis;Asia;Sino-Japanese;2024;CAB International (CABI) (2024). CABI Invasive Species Compendium.
Dendrolimus pini;Asia;Palearctic;2024;CAB International (CABI) (2024). CABI Invasive Species Compendium.
Dendrolimus pini;Europe;Palearctic;2024;CAB International (CABI) (2024). CABI Invasive Species Compendium.
Borbo cinnara;Asia;Oriental;2024;Turner, R. et al. (2024). International Non-native Insect Establishment Data (0.2.1) [Data set]. Zenodo
Borbo cinnara;Australia;Australian;2024;Turner, R. et al. (2024). International Non-native Insect Establishment Data (0.2.1) [Data set]. Zenodo
Borkhausenia fuscescens;Europe;Palearctic;2020;Petersen, W., Looney, C. (2020). New moth records in Washington State (USA) acquired from exotic pest surveys. The Journal of the Lepidopterists Society. 74(1): 57-61
Borkhausenia nefrax;North America;Nearctic;2010;Lopez-Vaamonde, C. et al. (2010). Lepidoptera. Chapter 11. BioRisk. 4: 603-668
Borkhausenia nefrax;North America;Nearctic;2024;Turner, R. et al. (2024). International Non-native Insect Establishment Data (0.2.1) [Data set]. Zenodo
Brachycyttarus griseus;Asia;Oriental;1994;Waterhouse, D. (1994). Biological Control of Weeds: Southeast Asian Prospects. Australian Centre for International Agricultural Research - ACIAR. Camberra, Australia
Brachycyttarus griseus;Oceania;Oceanian;2024;Turner, R. et al. (2024). International Non-native Insect Establishment Data (0.2.1) [Data set]. Zenodo
Bradyrrhoa gilveolella;Asia;Palearctic;2000;Littlefield, J. et al. (2000). A petition for the introduction and field release of the Chondrilla root moth, Bradyrrhoa gilveolella (Treitschke), for the biological control of rush skeletonweed in North America. USDA-APHIS Biological Control of Weeds Petition
Bradyrrhoa gilveolella;Europe;Palearctic;2000;Littlefield, J. et al. (2000). A petition for the introduction and field release of the Chondrilla root moth, Bradyrrhoa gilveolella (Treitschke), for the biological control of rush skeletonweed in North America. USDA-APHIS Biological Control of Weeds Petition
Bradyrrhoa gilveolella;Asia;Saharo-Arabian;2000;Littlefield, J. et al. (2000). A petition for the introduction and field release of the Chondrilla root moth, Bradyrrhoa gilveolella (Treitschke), for the biological control of rush skeletonweed in North America. USDA-APHIS Biological Control of Weeds Petition
Bradyrrhoa gilveolella;Europe;Palearctic;2024;Turner, R. et al. (2024). International Non-native Insect Establishment Data (0.2.1) [Data set]. Zenodo
Bradyrrhoa gilveolella;Asia;Palearctic;2024;Turner, R. et al. (2024). International Non-native Insect Establishment Data (0.2.1) [Data set]. Zenodo
Brephidium exilis;North America;Nearctic;2022;Calhoun, J., Smith, R. (2022). Brephidium exilis (Lycaenidae) Colonizes the Tampa Bay Area as a New Florida State Record. Southern Lepidopterists News. 44(4): 487-493
Brephidium exilis;South America;Neotropical;2022;Calhoun, J., Smith, R. (2022). Brephidium exilis (Lycaenidae) Colonizes the Tampa Bay Area as a New Florida State Record. Southern Lepidopterists News. 44(4): 487-493
Brephidium exilis;North America;Panamanian;2022;Calhoun, J., Smith, R. (2022). Brephidium exilis (Lycaenidae) Colonizes the Tampa Bay Area as a New Florida State Record. Southern Lepidopterists News. 44(4): 487-493
Brephidium exilis;South America;Panamanian;2022;Calhoun, J., Smith, R. (2022). Brephidium exilis (Lycaenidae) Colonizes the Tampa Bay Area as a New Florida State Record. Southern Lepidopterists News. 44(4): 487-493
Brephidium exilis;North America;Nearctic;2024;Turner, R. et al. (2024). International Non-native Insect Establishment Data (0.2.1) [Data set]. Zenodo
Bucculatrix ainsliella;North America;Nearctic;2012;van Nieukerken, E. et al. (2012). Bucculatrix ainsliella Murtfeldt, a new North American invader already widespread on northern red oaks (Quercus rubra) in Western Europe (Bucculatricidae). Nota Lepidopterologica. 35(2): 135-159
Bucculatrix chrysanthemella;Europe;Palearctic;2010;Lopez-Vaamonde, C. et al. (2010). Lepidoptera. Chapter 11. BioRisk. 4: 603-668
Bucculatrix chrysanthemella;Africa;Afrotropical;2024;Turner, R. et al. (2024). International Non-native Insect Establishment Data (0.2.1) [Data set]. Zenodo
Bucculatrix ivella;North America;Nearctic;1987;Diatloff, G. (1987). Host Specificity and Biology of Buccalatrix ivella Busck, a Potential Biological Control Agent for Baccharis halimifolia L. in Australia. Journal of the Lepidopterists Society. 41(1): 23-28
Bucculatrix ivella;North America;Nearctic;2024;Turner, R. et al. (2024). International Non-native Insect Establishment Data (0.2.1) [Data set]. Zenodo
Bucculatrix parthenica;North America;Nearctic;1990;McClay, A. et al. (1990). Biology of Bucculatrix parthenica Bradley sp. n.(Lepidoptera: Bucculatricidae) and its establishment in Australia as a biological control agent for Parthenium hysterophorus (Asteraceae). Bulletin of Entomological Research, 80(4): 427-432
Bucculatrix parthenica;South America;Neotropical;2024;Turner, R. et al. (2024). International Non-native Insect Establishment Data (0.2.1) [Data set]. Zenodo
Bucculatrix thurberiella;North America;Nearctic;1956;Haidari, H. (1956). The biology and control of the cotton leaf perforator. [Master of Sciences Thesis, The University of Arizona]
Bucculatrix thurberiella;South America;Neotropical;1956;Haidari, H. (1956). The biology and control of the cotton leaf perforator. [Master of Sciences Thesis, The University of Arizona]
Bucculatrix thurberiella;North America;Nearctic;2024;Turner, R. et al. (2024). International Non-native Insect Establishment Data (0.2.1) [Data set]. Zenodo
Bucculatrix ulmifoliae;Europe;Palearctic;2017;Baniameri, V. et al. (2017). Morphology and biology of the elm leaf-mining moth, Bucculatrix ulmifoliae Hering, 1931 (Lep.: Bucculatricidae) in Iran. Journal of Entomological Society of Iran, 37(2), 213-222
Bucculatrix ulmifoliae;Europe;Palearctic;2024;Turner, R. et al. (2024). International Non-native Insect Establishment Data (0.2.1) [Data set]. Zenodo
Cacocharis cymotoma;South America;Neotropical;2008;Brown, J. (2008). Review of the Neotropical genus Cacocharis Walsingham (Lepidoptera: Tortricidae: Olethreutini), with a new synonymy and comments on its host plants and geographic distribution. Proceedings of the Entomological Society of Washington, 110(3), 533-542
Cacocharis cymotoma;North America;Panamanian;2008;Brown, J. (2008). Review of the Neotropical genus Cacocharis Walsingham (Lepidoptera: Tortricidae: Olethreutini), with a new synonymy and comments on its host plants and geographic distribution. Proceedings of the Entomological Society of Washington, 110(3), 533-542
Cacocharis cymotoma;South America;Panamanian;2008;Brown, J. (2008). Review of the Neotropical genus Cacocharis Walsingham (Lepidoptera: Tortricidae: Olethreutini), with a new synonymy and comments on its host plants and geographic distribution. Proceedings of the Entomological Society of Washington, 110(3), 533-542
Dendrolimus pini;Africa;Saharo-Arabian;2024;CAB International (CABI) (2024). CABI Invasive Species Compendium.
Dendrolimus pini;Asia;Sino-Japanese;2024;CAB International (CABI) (2024). CABI Invasive Species Compendium.
Cacoecimorpha pronubana;Europe;Palearctic;2024;Turner, R. et al. (2024). International Non-native Insect Establishment Data (0.2.1) [Data set]. Zenodo
Cactoblastis cactorum;South America;Neotropical;2024;Turner, R. et al. (2024). International Non-native Insect Establishment Data (0.2.1) [Data set]. Zenodo
Cacyreus marshalli;Africa;Afrotropical;2008;Quacchia, A. et al. (2008). Can the Geranium Bronze, Cacyreus marshalli, become a threat for European biodiversity? Biodiversity and Conservation. 17: 1429-1437
Cacyreus marshalli;Australia;Australian;2008;Quacchia, A. et al. (2008). Can the Geranium Bronze, Cacyreus marshalli, become a threat for European biodiversity? Biodiversity and Conservation. 17: 1429-1437
Cacyreus marshalli;Africa;Afrotropical;2024;Turner, R. et al. (2024). International Non-native Insect Establishment Data (0.2.1) [Data set]. Zenodo
Cadra calidella;Europe;Palearctic;1968;Prevett, P. (1968). Some laboratory observations on the life-cycle of Cadra calidella (Guen.)(Lepidoptera: Phycitidae). Journal of Stored Products Research. 4(3): 233-238
Cadra calidella;Africa;Saharo-Arabian;1968;Prevett, P. (1968). Some laboratory observations on the life-cycle of Cadra calidella (Guen.)(Lepidoptera: Phycitidae). Journal of Stored Products Research. 4(3): 233-238
Cadra cautella;Europe;Palearctic;2025;Al-Khalidi, N., Al-Zurfi, S. (2025). First morphological and molecular identification of mealybug Cadra cautella (Lepidoptera: Pyralidae) in Karbala, Iraq. Journal of Kerbala for Agricultural Sciences. 12(1): 29-36
Cadra figulilella;Asia;Palearctic;2024;Turner, R. et al. (2024). International Non-native Insect Establishment Data (0.2.1) [Data set]. Zenodo
Cadra figulilella;Africa;Afrotropical;2024;Turner, R. et al. (2024). International Non-native Insect Establishment Data (0.2.1) [Data set]. Zenodo
Calephelis virginiensis;North America;Nearctic;2017;Cong, Q. et al. (2017). The first complete genomes of Metalmarks and the classification of butterfly families. Genomics. 109(5): 485-493
Callima formosella;Europe;Palearctic;2025;Shropshire, K., Tallamy, D. (2025). Lepidoptera of North American north of Mexico: An annotated list containing geographic ranges and host plant records. ZooKeys
Callima formosella;Asia;Palearctic;2025;Shropshire, K., Tallamy, D. (2025). Lepidoptera of North American north of Mexico: An annotated list containing geographic ranges and host plant records. ZooKeys
Callopistria floridensis;North America;Nearctic;1913;Chittenden, F. (1913). The Florida fern caterpillar (No. 125). US Department of Agriculture, Bureau of Entomology
Callopistria floridensis;South America;Neotropical;1913;Chittenden, F. (1913). The Florida fern caterpillar (No. 125). US Department of Agriculture, Bureau of Entomology
Callopistria floridensis;North America;Panamanian;1913;Chittenden, F. (1913). The Florida fern caterpillar (No. 125). US Department of Agriculture, Bureau of Entomology
Callopistria floridensis;South America;Panamanian;1913;Chittenden, F. (1913). The Florida fern caterpillar (No. 125). US Department of Agriculture, Bureau of Entomology
Duponchelia fovealis;Europe;Palearctic;2024;CAB International (CABI) (2024). CABI Invasive Species Compendium.
Callopistria jamaicensis;North America;Panamanian;1992;Frank, J., McCoy, E. (1992). Introduction to the Behavioral Ecology of Immigration. The Immigration of Insects to Florida, with a Tabulation of Records Published Since 1970. The Florida Entomologist.75(1): 1-28
Callopistria jamaicensis;South America;Neotropical;2024;Turner, R. et al. (2024). International Non-native Insect Establishment Data (0.2.1) [Data set]. Zenodo
Duponchelia fovealis;Africa;Saharo-Arabian;2024;CAB International (CABI) (2024). CABI Invasive Species Compendium.
Duponchelia fovealis;Asia;Saharo-Arabian;2024;CAB International (CABI) (2024). CABI Invasive Species Compendium.
Enarmonia formosana;Asia;Palearctic;2024;CAB International (CABI) (2024). CABI Invasive Species Compendium.
Enarmonia formosana;Europe;Palearctic;2024;CAB International (CABI) (2024). CABI Invasive Species Compendium.
Enarmonia formosana;Africa;Saharo-Arabian;2024;CAB International (CABI) (2024). CABI Invasive Species Compendium.
Callopistria maillardi;Africa;Saharo-Arabian;2010;Lopez-Vaamonde, C. et al. (2010). Lepidoptera. Chapter 11. BioRisk. 4: 603-668
Epiphyas postvittana;Australia;Australian;2024;CAB International (CABI) (2024). CABI Invasive Species Compendium.
Erionota torus;Asia;Oriental;2024;CAB International (CABI) (2024). CABI Invasive Species Compendium.
Callopistria maillardi;Asia;Oriental;2024;Turner, R. et al. (2024). International Non-native Insect Establishment Data (0.2.1) [Data set]. Zenodo
Callopistria maillardi;Africa;Afrotropical;2024;Turner, R. et al. (2024). International Non-native Insect Establishment Data (0.2.1) [Data set]. Zenodo
Callopistria maillardi;Australia;Australian;2024;Turner, R. et al. (2024). International Non-native Insect Establishment Data (0.2.1) [Data set]. Zenodo
Callopistria maillardi;Oceania;Oceanian;2024;Turner, R. et al. (2024). International Non-native Insect Establishment Data (0.2.1) [Data set]. Zenodo
Calophasia lunula;Europe;Palearctic;2024;Turner, R. et al. (2024). International Non-native Insect Establishment Data (0.2.1) [Data set]. Zenodo
Caloptilia azaleella;Asia;Palearctic;2011;Sugiura, S. (2011). Structure and dynamics of the parasitoid community shared by two herbivore species on different host plants. Arthropod-Plant Interactions. 5: 29-38
Caloptilia azaleella;Asia;Sino-Japanese;2011;Sugiura, S. (2011). Structure and dynamics of the parasitoid community shared by two herbivore species on different host plants. Arthropod-Plant Interactions. 5: 29-38
Caloptilia azaleella;Asia;Palearctic;2024;Turner, R. et al. (2024). International Non-native Insect Establishment Data (0.2.1) [Data set]. Zenodo
Caloptilia coruscans;Africa;Afrotropical;2024;de Prins, J., de Prins, W. (2024). Global Taxonomic Database of Gracillariidae (Lepidoptera). Avaliable at: http://www.gracillariidae.net
Caloptilia coruscans;Africa;Saharo-Arabian;2024;de Prins, J., de Prins, W. (2024). Global Taxonomic Database of Gracillariidae (Lepidoptera). Avaliable at: http://www.gracillariidae.net
Caloptilia coruscans;Asia;Palearctic;2024;de Prins, J., de Prins, W. (2024). Global Taxonomic Database of Gracillariidae (Lepidoptera). Avaliable at: http://www.gracillariidae.net
Caloptilia coruscans;Europe;Palearctic;2024;de Prins, J., de Prins, W. (2024). Global Taxonomic Database of Gracillariidae (Lepidoptera). Avaliable at: http://www.gracillariidae.net
Caloptilia coruscans;Asia;Saharo-Arabian;2024;de Prins, J., de Prins, W. (2024). Global Taxonomic Database of Gracillariidae (Lepidoptera). Avaliable at: http://www.gracillariidae.net
Caloptilia coruscans;Europe;Palearctic;2024;Turner, R. et al. (2024). International Non-native Insect Establishment Data (0.2.1) [Data set]. Zenodo
Caloptilia mabaella;Oceania;Oceanian;2024;Turner, R. et al. (2024). International Non-native Insect Establishment Data (0.2.1) [Data set]. Zenodo
Caloptilia negundella;Europe;Palearctic;2024;Turner, R. et al. (2024). International Non-native Insect Establishment Data (0.2.1) [Data set]. Zenodo
Caloptilia roscipennella;Asia;Palearctic;2024;de Prins, J., de Prins, W. (2024). Global Taxonomic Database of Gracillariidae (Lepidoptera). Avaliable at: http://www.gracillariidae.net
Caloptilia roscipennella;Europe;Palearctic;2010;Lopez-Vaamonde, C. et al. (2010). Lepidoptera. Chapter 11. BioRisk. 4: 603-668
Caloptilia roscipennella;Europe;Palearctic;2024;Mir, S. et al. (2024). First record of the invasive walnut leaf miner Caloptilia roscipennella (Lepidoptera: Gracillariidae) in Kashmir, India. Journal of Applied Entomology, 148(8), 882-887
Caloptilia roscipennella;Asia;Saharo-Arabian;2024;de Prins, J., de Prins, W. (2024). Global Taxonomic Database of Gracillariidae (Lepidoptera). Avaliable at: http://www.gracillariidae.net
Erionota torus;Asia;Sino-Japanese;2024;CAB International (CABI) (2024). CABI Invasive Species Compendium.
Galleria mellonella;Asia;Oriental;2024;CAB International (CABI) (2024). CABI Invasive Species Compendium.
Caloptilia triadicae;Asia;Palearctic;2024;Turner, R. et al. (2024). International Non-native Insect Establishment Data (0.2.1) [Data set]. Zenodo
Calpodes ethlius;North America;Nearctic;1982;Young, A. (1982). Notes on the interaction of the skipper butterfly Calpodes ethlius (Lepidoptera: Hesperiidae) with its larval host plant Canna edulis (Cannaceae) in Mazatlan, State of Sinaloa, Mexico. Journal of the New York Entomological Society. 90(2): 99-114
Calpodes ethlius;South America;Neotropical;1982;Young, A. (1982). Notes on the interaction of the skipper butterfly Calpodes ethlius (Lepidoptera: Hesperiidae) with its larval host plant Canna edulis (Cannaceae) in Mazatlan, State of Sinaloa, Mexico. Journal of the New York Entomological Society. 90(2): 99-114
Calpodes ethlius;North America;Panamanian;1982;Young, A. (1982). Notes on the interaction of the skipper butterfly Calpodes ethlius (Lepidoptera: Hesperiidae) with its larval host plant Canna edulis (Cannaceae) in Mazatlan, State of Sinaloa, Mexico. Journal of the New York Entomological Society. 90(2): 99-114
Calpodes ethlius;South America;Neotropical;2024;Turner, R. et al. (2024). International Non-native Insect Establishment Data (0.2.1) [Data set]. Zenodo
Cameraria gaultheriella;North America;Nearctic;1908;Braun, A. (1908). Revision of the North American species of the genus Lithocolletis Hubner. Biological Laboratory of the University of Cincinnati. Cincinnati, United States of America
Gypsonoma aceriana;Europe;Palearctic;2024;CAB International (CABI) (2024). CABI Invasive Species Compendium.
Cameraria ohridella;Europe;Palearctic;2024;Turner, R. et al. (2024). International Non-native Insect Establishment Data (0.2.1) [Data set]. Zenodo
Caphys biliniata;South America;Neotropical;2023;Rodriguez, A. et al. (2023). Capiitulo XIII Insectos asociados a los cultivares hibridos interespecificos OxG. In: Romero, H. Los hibridos interespecificos OxG de palma de aceite. Cenipalma. Bogota D.C., Colombia
Caphys biliniata;South America;Neotropical;2017;Cock, M. (2017) A preliminary catalogue of the moths (Lepidoptera except Papilionoidea) of Tobago, West Indies. Insecta Mundi. 585: 1-58
Caphys biliniata;North America;Panamanian;2004;Aguila, R. (2004). Lepidoptera (Insecta) de Topes de Collantes, Sancti Spiritus, Cuba. Boletin de la SEA Sociedad Entomologica Aragonisa. 34: 151-159
Caphys biliniata;North America;Panamanian;2012;Miller, J, et al. (2012). An annotated list of the Lepidoptera of Honduras. Insecta Mundi. 205: 1-72
Caphys biliniata;South America;Panamanian;2023;Rodriguez, A. et al. (2023). Capiitulo XIII Insectos asociados a los cultivares hibridos interespecificos OxG. In: Romero, H. Los hibridos interespecificos OxG de palma de aceite. Cenipalma. Bogota D.C., Colombia
Caphys biliniata;South America;Panamanian;2012;Miller, J, et al. (2012). An annotated list of the Lepidoptera of Honduras. Insecta Mundi. 205: 1-72
Caphys biliniata;North America;Nearctic;2012;Miller, J, et al. (2012). An annotated list of the Lepidoptera of Honduras. Insecta Mundi. 205: 1-72
Hypsipyla grandella;North America;Nearctic;2024;CAB International (CABI) (2024). CABI Invasive Species Compendium.
Capua intractana;Australia;Australian;1981;Benn, M. et al. (1981). A Sex Attractant for Sperchia intractana Walker (Lepidoptera: Tortricidae) in New Zealand. Zeitschrift fur Naturforschung C. 36(1-2): 178-179
Capua intractana;Australia;Australian;2024;Turner, R. et al. (2024). International Non-native Insect Establishment Data (0.2.1) [Data set]. Zenodo
Hypsipyla grandella;South America;Neotropical;2024;CAB International (CABI) (2024). CABI Invasive Species Compendium.
Hypsipyla grandella;Oceania;Oceanian;2024;CAB International (CABI) (2024). CABI Invasive Species Compendium.
Hypsipyla grandella;North America;Panamanian;2024;CAB International (CABI) (2024). CABI Invasive Species Compendium.
Hypsipyla grandella;South America;Panamanian;2024;CAB International (CABI) (2024). CABI Invasive Species Compendium.
Leucoptera malifoliella;Asia;Palearctic;2024;CAB International (CABI) (2024). CABI Invasive Species Compendium.
Leucoptera malifoliella;Europe;Palearctic;2024;CAB International (CABI) (2024). CABI Invasive Species Compendium.
Caradrina clavipalpis;Europe;Palearctic;2024;Turner, R. et al. (2024). International Non-native Insect Establishment Data (0.2.1) [Data set]. Zenodo
Caradrina clavipalpis;Asia;Palearctic;2024;Turner, R. et al. (2024). International Non-native Insect Establishment Data (0.2.1) [Data set]. Zenodo
Caradrina kadenii;Asia;Palearctic;1982;de-Gregorio, J. (1982). Las Platyperigea Smith, 1894 (insectivora. Lepidoptera) de Cataluna y Baleares. Bolletin de la Societat dHistoria Natural de les Balears. 26: 151-156
Caradrina kadenii;Europe;Palearctic;1982;de-Gregorio, J. (1982). Las Platyperigea Smith, 1894 (insectivora. Lepidoptera) de Cataluna y Baleares. Bolletin de la Societat dHistoria Natural de les Balears. 26: 151-156
Caradrina kadenii;Africa;Saharo-Arabian;1982;de-Gregorio, J. (1982). Las Platyperigea Smith, 1894 (insectivora. Lepidoptera) de Cataluna y Baleares. Bolletin de la Societat dHistoria Natural de les Balears. 26: 151-156
Caradrina kadenii;Europe;Palearctic;2024;Turner, R. et al. (2024). International Non-native Insect Establishment Data (0.2.1) [Data set]. Zenodo
Caradrina morpheus;Asia;Palearctic;2021;Kocak, O., Cerci, B. (2021). Lepidoptera fauna of Karaman with two new records for Turkey. Munis Entomology and Zoology. 16(2): 1171-1234
Caradrina morpheus;Europe;Palearctic;2020;Crabo, L., Holden, D. (2020). A Review of Established Accidentally-Introduced Noctuoidea in the Pacific Northwest Region of North America, with First Report of the Eurasian Cutworm Mesapamea secalis (L.)(Noctuidae, Noctuinae, Apameini) for North America. The Journal of the Lepidopterists Society. 74(2): 95-105
Caradrina morpheus;Europe;Palearctic;2024;Turner, R. et al. (2024). International Non-native Insect Establishment Data (0.2.1) [Data set]. Zenodo
Carcina quercana;Europe;Palearctic;1895;Meyrick, E. (1895). A Handbook of British Lepidoptera. Macmillan and Co. United Kingdom, London. 843pp
Carcina quercana;Europe;Palearctic;2024;Turner, R. et al. (2024). International Non-native Insect Establishment Data (0.2.1) [Data set]. Zenodo
Carmenta mimosa;North America;Nearctic;1983;Passoa, S. (1983). A new clear wing moth (Sesiidae) from Central America: a stem borer in Mimosa pigra. The Journal of the Lepidopterists Society. 37: 193-206
Carmenta mimosa;North America;Panamanian;1983;Passoa, S. (1983). A new clear wing moth (Sesiidae) from Central America: a stem borer in Mimosa pigra. The Journal of the Lepidopterists Society. 37: 193-206
Carmenta mimosa;South America;Neotropical;2024;Turner, R. et al. (2024). International Non-native Insect Establishment Data (0.2.1) [Data set]. Zenodo
Carpatolechia fugitivella;Europe;Palearctic;2010;Junnilainen, J. et al. (2010). The gelechiid fauna of the southern Ural Mountains, part II: list of recorded species with taxonomic notes (Lepidoptera: Gelechiidae). Zootaxa. 2367(1): 1-68
Carpatolechia fugitivella;Asia;Palearctic;2010;Junnilainen, J. et al. (2010). The gelechiid fauna of the southern Ural Mountains, part II: list of recorded species with taxonomic notes (Lepidoptera: Gelechiidae). Zootaxa. 2367(1): 1-68
Carposina autologa;Australia;Australian;2017;Gordon, A., Lyons, C. (2017). Current status of Carposina autologa (Lepidoptera: Carposinidae), a biological control agent of silky hakea, Hakea sericea (Proteaceae) and rock hakea, Hakea gibbosa (Proteaceae) in the Western Cape, South Africa. African Entomology. 25(1): 250-253
Carposina autologa;Australia;Australian;2024;Turner, R. et al. (2024). International Non-native Insect Establishment Data (0.2.1) [Data set]. Zenodo
Leucoptera malifoliella;Asia;Saharo-Arabian;2024;CAB International (CABI) (2024). CABI Invasive Species Compendium.
Carposina neurophorella;Australia;Australian;2024;Turner, R. et al. (2024). International Non-native Insect Establishment Data (0.2.1) [Data set]. Zenodo
Leucoptera malifoliella;Asia;Sino-Japanese;2024;CAB International (CABI) (2024). CABI Invasive Species Compendium.
Lymantria mathura;Asia;Oriental;2024;CAB International (CABI) (2024). CABI Invasive Species Compendium.
Lymantria mathura;Asia;Palearctic;2024;CAB International (CABI) (2024). CABI Invasive Species Compendium.
Catocala fraxini;Asia;Palearctic;2011;Ishizuka, K. et al. (2011). Molecular phylogeny of Japanese Catocala moths based on nucleotide sequences of the mitochondrial ND5 gene. Zoological Science. 28(12): 910-915
Catocala fraxini;Europe;Palearctic;2011;Ishizuka, K. et al. (2011). Molecular phylogeny of Japanese Catocala moths based on nucleotide sequences of the mitochondrial ND5 gene. Zoological Science. 28(12): 910-915
Catocala fraxini;Europe;Palearctic;2024;Turner, R. et al. (2024). International Non-native Insect Establishment Data (0.2.1) [Data set]. Zenodo
Catopsilia pyranthe;Australia;Australian;2000;Braby, M. (2000). Butterflies of Australia: their identification, biology and distribution. CSIRO publishing. Collingwood, Australia
Catopsilia pyranthe;Oceania;Oceanian;2000;Braby, M. (2000). Butterflies of Australia: their identification, biology and distribution. CSIRO publishing. Collingwood, Australia
Catopsilia pyranthe;Asia;Oriental;2000;Braby, M. (2000). Butterflies of Australia: their identification, biology and distribution. CSIRO publishing. Collingwood, Australia
Catopsilia pyranthe;Asia;Sino-Japanese;2000;Braby, M. (2000). Butterflies of Australia: their identification, biology and distribution. CSIRO publishing. Collingwood, Australia
Lymantria mathura;Asia;Sino-Japanese;2024;CAB International (CABI) (2024). CABI Invasive Species Compendium.
Cebysa leucotelus;Australia;Australian;2001;Withers, T. (2001). Colonization of eucalypts in New Zealand by Australian insects. Austral Ecology. 26(5): 467-476
Cebysa leucotelus;Australia;Australian;2024;Turner, R. et al. (2024). International Non-native Insect Establishment Data (0.2.1) [Data set]. Zenodo
Cerapteryx graminis;Europe;Palearctic;1979;Morris, R. (1979). A review of the life history, population levels, and spread of the Antler moth, Cerapteryx graminis (Lepidoptera: Noctuidae), in Newfoundland. The Canadian Entomologist. 111(8): 933-938
Cerapteryx graminis;Europe;Palearctic;2024;Turner, R. et al. (2024). International Non-native Insect Establishment Data (0.2.1) [Data set]. Zenodo
Chabula acamasalis;Asia;Oriental;2024;Hribar, J. et al. (2024). An Asian moth, Chabula acamasalis (Walker, 1859)(Lepidoptera: Crambidae), collected in Monroe County, Florida, USA. Specimen Micropublications in Taxonomy and Natural History. 22
Chabula acamasalis;Australia;Australian;2024;Hribar, J. et al. (2024). An Asian moth, Chabula acamasalis (Walker, 1859)(Lepidoptera: Crambidae), collected in Monroe County, Florida, USA. Specimen Micropublications in Taxonomy and Natural History. 22
Chaliopsis junodi;Africa;Afrotropical;1971;Austara, O., Jones, T. (1971). Host list and distribution of lepidopterous defoliators of exotic softwoods in East Africa. East African Agricultural and Forestry Journal. 36(4): 401-413
Chaliopsis junodi;Africa;Afrotropical;1971;Bosman, T., Brand, J. (1971). Biological studies of the sex pheromone of Kotochalia junodi Heyl.(Lepidoptera: Psychidae) and its partial purification. Journal of the Entomological Society of Southern Africa. 34(1): 73-78
Chaliopsis junodi;Africa;Saharo-Arabian;1971;Bosman, T., Brand, J. (1971). Biological studies of the sex pheromone of Kotochalia junodi Heyl.(Lepidoptera: Psychidae) and its partial purification. Journal of the Entomological Society of Southern Africa. 34(1): 73-78
Chamaesphecia crassicornis;Europe;Palearctic;1996;Tosevski, I. et al. (1996). Description of European Chamaesphecia spp.(Lepidoptera: Sesiidae) feeding on Euphorbia (Euphorbiaceae), and their potential for biological control of leafy spurge (Euphorbia esula) in North America. Bulletin of Entomological Research. 86(6): 703-714
Chamaesphecia crassicornis;Asia;Palearctic;1996;Tosevski, I. et al. (1996). Description of European Chamaesphecia spp.(Lepidoptera: Sesiidae) feeding on Euphorbia (Euphorbiaceae), and their potential for biological control of leafy spurge (Euphorbia esula) in North America. Bulletin of Entomological Research. 86(6): 703-714
Chamaesphecia mysiniformis;Europe;Palearctic;1995;Sagliocco, J., Coupland, J. (1995). Biology and host specificity of Chamaesphecia mysiniformis (Lepidoptera: Sesiidae), a potential biological control agent of Marrubium vulgare (Lamiaceae) in Australia. Biocontrol Science and Technology. 5(4): 509-516
Chamaesphecia mysiniformis;Africa;Saharo-Arabian;1995;Sagliocco, J., Coupland, J. (1995). Biology and host specificity of Chamaesphecia mysiniformis (Lepidoptera: Sesiidae), a potential biological control agent of Marrubium vulgare (Lamiaceae) in Australia. Biocontrol Science and Technology. 5(4): 509-516
Lymantria monacha;Asia;Oriental;2024;CAB International (CABI) (2024). CABI Invasive Species Compendium.
Lymantria monacha;Asia;Palearctic;2024;CAB International (CABI) (2024). CABI Invasive Species Compendium.
Lymantria monacha;Europe;Palearctic;2024;CAB International (CABI) (2024). CABI Invasive Species Compendium.
Lymantria monacha;Asia;Sino-Japanese;2024;CAB International (CABI) (2024). CABI Invasive Species Compendium.
Mythimna unipuncta;North America;Nearctic;2024;CAB International (CABI) (2024). CABI Invasive Species Compendium.
Chilo partellus;Asia;Oriental;1990;Harris, K. (1990). Keynote address: bioecology of Chilo species. International Journal of Tropical Insect Science. 11(4): 467-477
Chilo partellus;Asia;Saharo-Arabian;1990;Harris, K. (1990). Keynote address: bioecology of Chilo species. International Journal of Tropical Insect Science. 11(4): 467-477
Chilo partellus;Asia;Sino-Japanese;1990;Harris, K. (1990). Keynote address: bioecology of Chilo species. International Journal of Tropical Insect Science. 11(4): 467-477
Chilo partellus;Asia;Palearctic;2024;Turner, R. et al. (2024). International Non-native Insect Establishment Data (0.2.1) [Data set]. Zenodo
Chilo partellus;Asia;Oriental;2024;Turner, R. et al. (2024). International Non-native Insect Establishment Data (0.2.1) [Data set]. Zenodo
Chilo sacchariphagus;Asia;Oriental;2006;Goebel, R. (2006). The effect of temperature on development and reproduction of the sugarcane stalk borer, Chilo sacchariphagus (Bojer 1856)(Lepidoptera: Crambidae). African Entomology. 14(1): 103-111
Chilo sacchariphagus;Asia;Oriental;2024;Turner, R. et al. (2024). International Non-native Insect Establishment Data (0.2.1) [Data set]. Zenodo
Mythimna unipuncta;South America;Neotropical;2024;CAB International (CABI) (2024). CABI Invasive Species Compendium.
Mythimna unipuncta;Europe;Palearctic;2024;CAB International (CABI) (2024). CABI Invasive Species Compendium.
Mythimna unipuncta;North America;Panamanian;2024;CAB International (CABI) (2024). CABI Invasive Species Compendium.
Mythimna unipuncta;South America;Panamanian;2024;CAB International (CABI) (2024). CABI Invasive Species Compendium.
Chilo suppressalis;Asia;Palearctic;2024;Turner, R. et al. (2024). International Non-native Insect Establishment Data (0.2.1) [Data set]. Zenodo
Chilo suppressalis;Asia;Oriental;2024;Turner, R. et al. (2024). International Non-native Insect Establishment Data (0.2.1) [Data set]. Zenodo
Chloantha hyperici;Europe;Palearctic;2003;Burton, J. (2003). The apparent influence of climatic change on recent changes of range by European insects (Lepidoptera, Orthoptera). Proceedings of the 13th International colloquium European Invertebrate Survey. Leiden, September 2001: pp. 13-21
Chloridea virescens;North America;Nearctic;1958;Zimmerman, E. (1958). Insects of Hawaii. Volume 7, Macrolepidoptera. Hawaii: University of Hawaii Press, Honolulu, Hawaii, United States of America
Chloridea virescens;North America;Nearctic;2013;Pogue, M. (2013). Revised status of Chloridea Duncan and (Westwood), 1841, for the Heliothis virescens species group (Lepidoptera: Noctuidae: Heliothinae) based on morphology and three genes. Systematic Entomology. 38(3): 523-542
Chloridea virescens;South America;Neotropical;1958;Zimmerman, E. (1958). Insects of Hawaii. Volume 7, Macrolepidoptera. Hawaii: University of Hawaii Press, Honolulu, Hawaii, United States of America
Chloridea virescens;South America;Neotropical;2013;Pogue, M. (2013). Revised status of Chloridea Duncan and (Westwood), 1841, for the Heliothis virescens species group (Lepidoptera: Noctuidae: Heliothinae) based on morphology and three genes. Systematic Entomology. 38(3): 523-542
Chloridea virescens;North America;Panamanian;2013;Pogue, M. (2013). Revised status of Chloridea Duncan and (Westwood), 1841, for the Heliothis virescens species group (Lepidoptera: Noctuidae: Heliothinae) based on morphology and three genes. Systematic Entomology. 38(3): 523-542
Chloridea virescens;South America;Panamanian;2013;Pogue, M. (2013). Revised status of Chloridea Duncan and (Westwood), 1841, for the Heliothis virescens species group (Lepidoptera: Noctuidae: Heliothinae) based on morphology and three genes. Systematic Entomology. 38(3): 523-542
Chloridea virescens;North America;Nearctic;2024;Turner, R. et al. (2024). International Non-native Insect Establishment Data (0.2.1) [Data set]. Zenodo
Chloroclystis filata;Australia;Australian;1982;Holloway, J. (1982). Further notes on the Lepidoptera of Norfolk Island, with particular reference to migrant species. Journal of Natural History. 16(3): 351-365
Chloroclystis filata;Australia;Australian;2024;Turner, R. et al. (2024). International Non-native Insect Establishment Data (0.2.1) [Data set]. Zenodo
Chloroclystis insigillata;Australia;Australian;2019;Emmerson, A., Hoare, R. (2019). Lepidoptera from Redvale, Albany, north of Auckland, New Zealand, 2004-2016: an annotated list. The Weta. 53: 43-70
Chloroclystis insigillata;Australia;Australian;2024;Turner, R. et al. (2024). International Non-native Insect Establishment Data (0.2.1) [Data set]. Zenodo
Opogona sacchari;Africa;Afrotropical;2024;CAB International (CABI) (2024). CABI Invasive Species Compendium.
Chloroclystis pyrrholopha;Australia;Australian;2024;Kang, T. et al. (2024). Alien hitchhiker insect species detected on international vessels entering Korea in 2023. Proceedings of the National Institute of Ecology of the Republic of Korea, 5(4), 161-168
Chlumetia brevisigna;Asia;Oriental;1993;Yoshimatsu, S. et al. (1993). Occurrence of Chlumetia brevisigna HOLLOWAY (Lepidoptera: Noctuidae) on Mango in Japan. Applied Entomology and Zoology. 28(3): 401-403
Chlumetia brevisigna;Asia;Sino-Japanese;1993;Yoshimatsu, S. et al. (1993). Occurrence of Chlumetia brevisigna HOLLOWAY (Lepidoptera: Noctuidae) on Mango in Japan. Applied Entomology and Zoology. 28(3): 401-403
Chlumetia brevisigna;Asia;Oriental;2024;Turner, R. et al. (2024). International Non-native Insect Establishment Data (0.2.1) [Data set]. Zenodo
Choreutis pariana;Europe;Palearctic;2024;Turner, R. et al. (2024). International Non-native Insect Establishment Data (0.2.1) [Data set]. Zenodo
Choreutis sexfasciella;Asia;Oriental;2019;Rittner, O. (2019). The first documented report of metalmark moths (Lepidoptera: Choreutidae) in Israel, with the first record of oriental Choreutis sexfasciella (Sauber) in the Palearctic. Israel Journal of Entomology. 49(1): 63–67
Choristoneura freemani;North America;Nearctic;2014;Gilligan, T., Brown, J. (2014). A new name for the western spruce budworm (Lepidoptera: Tortricidae)?. The Canadian Entomologist. 146(6): 583-589
Opogona sacchari;Africa;Madagascan;2024;CAB International (CABI) (2024). CABI Invasive Species Compendium.
Chrysaster hagicola;Asia;Sino-Japanese;1961;Kumata, T. (1961). Descriptions of a new genus and a new species of Gracillariidae from Japan (Lepidoptera). Insecta Matsumurana. 24(1): 52-56
Chrysaster hagicola;Asia;Oriental;1961;Kumata, T. (1961). Descriptions of a new genus and a new species of Gracillariidae from Japan (Lepidoptera). Insecta Matsumurana. 24(1): 52-56
Chrysaster hagicola;Asia;Palearctic;1961;Kumata, T. (1961). Descriptions of a new genus and a new species of Gracillariidae from Japan (Lepidoptera). Insecta Matsumurana. 24(1): 52-56
Chrysaster ostensackenella;North America;Nearctic;2019;Koo, J. et al. (2019). Chrysaster ostensackenella (Fitch, 1859) (Lepidoptera: Gracillariidae) new to Korea. Korean Journal of Applied Entomology. 58 (3): 225-228
Chrysoclista linneela;Europe;Palearctic;2014;Caliskan, S. (2014). Review of the the genus Chrysoclista Stainton, 1854 (Lepidoptera: Agonoxenidae) in Turkey with a new species. Journal of the Entomological Research Society. 16(3): 67-73
Chrysoclista linneela;Asia;Saharo-Arabian;2014;Caliskan, S. (2014). Review of the the genus Chrysoclista Stainton, 1854 (Lepidoptera: Agonoxenidae) in Turkey with a new species. Journal of the Entomological Research Society. 16(3): 67-73
Chrysoclista linneela;Asia;Palearctic;2014;Caliskan, S. (2014). Review of the the genus Chrysoclista Stainton, 1854 (Lepidoptera: Agonoxenidae) in Turkey with a new species. Journal of the Entomological Research Society. 16(3): 67-73
Chrysodeixis acuta;Asia;Oriental;2024;Riyaz, M., Ignacimuthu, S. (2024). Plusiinae of Kashmir: Taxonomy, distribution and new faunistic records (Lepidoptera: Noctuoidea). SHILAP Revista de lepidopterologia. 52(206): 375-383
Chrysodeixis acuta;Asia;Oriental;2024;Turner, R. et al. (2024). International Non-native Insect Establishment Data (0.2.1) [Data set]. Zenodo
Chrysodeixis acuta;Africa;Afrotropical;2024;Turner, R. et al. (2024). International Non-native Insect Establishment Data (0.2.1) [Data set]. Zenodo
Chrysodeixis acuta;Australia;Australian;2024;Turner, R. et al. (2024). International Non-native Insect Establishment Data (0.2.1) [Data set]. Zenodo
Opogona sacchari;South America;Neotropical;2024;CAB International (CABI) (2024). CABI Invasive Species Compendium.
Oxyplax pallivitta;Asia;Oriental;2024;CAB International (CABI) (2024). CABI Invasive Species Compendium.
Oxyplax pallivitta;Asia;Sino-Japanese;2024;CAB International (CABI) (2024). CABI Invasive Species Compendium.
Papilio demodocus;Africa;Afrotropical;2024;CAB International (CABI) (2024). CABI Invasive Species Compendium.
Papilio demodocus;Africa;Madagascan;2024;CAB International (CABI) (2024). CABI Invasive Species Compendium.
Papilio demodocus;Asia;Saharo-Arabian;2024;CAB International (CABI) (2024). CABI Invasive Species Compendium.
Papilio demodocus;Asia;Oriental;2024;CAB International (CABI) (2024). CABI Invasive Species Compendium.
Paysandisia archon;South America;Neotropical;2024;CAB International (CABI) (2024). CABI Invasive Species Compendium.
Chrysodeixis eriosoma;Oceania;Australian;1979;Roberts, L. (1979). Biology of Chrysodeixis eriosoma (Lepidoptera: Noctuidae) in New Zealand. New Zealand Entomologist. 7(1): 52-58
Phyllonorycter issikii;Asia;Palearctic;2024;CAB International (CABI) (2024). CABI Invasive Species Compendium.
Chrysodeixis eriosoma;Oceania;Oceanian;1979;Roberts, L. (1979). Biology of Chrysodeixis eriosoma (Lepidoptera: Noctuidae) in New Zealand. New Zealand Entomologist. 7(1): 52-58
Phyllonorycter issikii;Europe;Palearctic;2024;CAB International (CABI) (2024). CABI Invasive Species Compendium.
Phyllonorycter issikii;Asia;Sino-Japanese;2024;CAB International (CABI) (2024). CABI Invasive Species Compendium.
Chrysodeixis eriosoma;Asia;Oriental;1979;Roberts, L. (1979). Biology of Chrysodeixis eriosoma (Lepidoptera: Noctuidae) in New Zealand. New Zealand Entomologist. 7(1): 52-58
Chrysodeixis eriosoma;Asia;Sino-Japanese;1979;Roberts, L. (1979). Biology of Chrysodeixis eriosoma (Lepidoptera: Noctuidae) in New Zealand. New Zealand Entomologist. 7(1): 52-58
Chrysodeixis eriosoma;Asia;Palearctic;1979;Roberts, L. (1979). Biology of Chrysodeixis eriosoma (Lepidoptera: Noctuidae) in New Zealand. New Zealand Entomologist. 7(1): 52-58
Chrysodeixis eriosoma;Australia;Australian;1979;Roberts, L. (1979). Biology of Chrysodeixis eriosoma (Lepidoptera: Noctuidae) in New Zealand. New Zealand Entomologist. 7(1): 52-58
Chrysodeixis eriosoma;Australia;Australian;2024;Turner, R. et al. (2024). International Non-native Insect Establishment Data (0.2.1) [Data set]. Zenodo
Chrysoesthia drurella;North America;Nearctic;2006;ten Holt, H., Kuchlein, J. (2006). Additional data on the distribution and early stages of Chrysoesthia verrucosa (Lepidoptera: Gelechiidae). Phegea. 34(1): 13-16
Chrysoesthia drurella;Asia;Palearctic;2006;ten Holt, H., Kuchlein, J. (2006). Additional data on the distribution and early stages of Chrysoesthia verrucosa (Lepidoptera: Gelechiidae). Phegea. 34(1): 13-16
Chrysoesthia drurella;Europe;Palearctic;2006;ten Holt, H., Kuchlein, J. (2006). Additional data on the distribution and early stages of Chrysoesthia verrucosa (Lepidoptera: Gelechiidae). Phegea. 34(1): 13-16
Chrysoesthia drurella;Europe;Palearctic;2024;Turner, R. et al. (2024). International Non-native Insect Establishment Data (0.2.1) [Data set]. Zenodo
Chrysoesthia sexguttella;Europe;Palearctic;2024;Turner, R. et al. (2024). International Non-native Insect Establishment Data (0.2.1) [Data set]. Zenodo
Chrysoesthia sexguttella;Asia;Palearctic;2024;Turner, R. et al. (2024). International Non-native Insect Establishment Data (0.2.1) [Data set]. Zenodo
Citripestis eutraphera;Asia;Oriental;2019;Choudhary, J. et al. (2019). Predicting the invasion potential of indigenous restricted mango fruit borer, Citripestis eutraphera (Lepidoptera: Pyralidae) in India based on MaxEnt modelling. Current Science. 116(4): 636-642
Citripestis eutraphera;Asia;Oriental;2024;Turner, R. et al. (2024). International Non-native Insect Establishment Data (0.2.1) [Data set]. Zenodo
Clavigesta sylvestrana;Europe;Palearctic;1997;Vieira, V. (1997). Lepidoptera of the Azores Islands. Boletim do Museu Municipal do Funchal. 49(273): 5-76
Clavigesta sylvestrana;Europe;Palearctic;2020;Corley, M. et al. (2020). New and interesting Portuguese Lepidoptera records from 2019 (Insecta: Lepidoptera). SHILAP Revista de Lepidopterologia. 48(192): 609-641
Clepsis consimilana;Asia;Palearctic;1971;Powell, J., Burns, J. (1971). Colonization of the northeastern United States by two Palearctic moths (Lepidoptera: Tortricidae). Psyche: A Journal of Entomology. 78(1): 38-48
Clepsis consimilana;Europe;Palearctic;1971;Powell, J., Burns, J. (1971). Colonization of the northeastern United States by two Palearctic moths (Lepidoptera: Tortricidae). Psyche: A Journal of Entomology. 78(1): 38-48
Clepsis consimilana;Africa;Saharo-Arabian;1971;Powell, J., Burns, J. (1971). Colonization of the northeastern United States by two Palearctic moths (Lepidoptera: Tortricidae). Psyche: A Journal of Entomology. 78(1): 38-48
Clepsis consimilana;Asia;Saharo-Arabian;1971;Powell, J., Burns, J. (1971). Colonization of the northeastern United States by two Palearctic moths (Lepidoptera: Tortricidae). Psyche: A Journal of Entomology. 78(1): 38-48
Clepsis consimilana;Asia;Palearctic;2024;Turner, R. et al. (2024). International Non-native Insect Establishment Data (0.2.1) [Data set]. Zenodo
Clepsis consimilana;Africa;Afrotropical;2024;Turner, R. et al. (2024). International Non-native Insect Establishment Data (0.2.1) [Data set]. Zenodo
Clepsis peritana;North America;Nearctic;2018;Pinzari, M. et al. (2018). Is the alien species Clepsis peritana (Lepidoptera: Tortricidae) settling in Italy? Journal of Entomological and Arachnological Research. 50: 7551
Clepsis peritana;North America;Panamanian;2018;Pinzari, M. et al. (2018). Is the alien species Clepsis peritana (Lepidoptera: Tortricidae) settling in Italy? Journal of Entomological and Arachnological Research. 50: 7551
Clepsis peritana;North America;Nearctic;2024;Turner, R. et al. (2024). International Non-native Insect Establishment Data (0.2.1) [Data set]. Zenodo
Clepsis spectrana;Asia;Palearctic;1996;Dang, P. et al. (1996). Occurrence of two palaearctic species of Clepsis Guenee, C. spectrana Treitshcke and C. consimilana (Huebner)(Tortricidae), in British Columbia, Canada. Journal of The Lepidopterist Society. 50: 321-328
Clepsis spectrana;Europe;Palearctic;1996;Dang, P. et al. (1996). Occurrence of two palaearctic species of Clepsis Guenee, C. spectrana Treitshcke and C. consimilana (Huebner)(Tortricidae), in British Columbia, Canada. Journal of The Lepidopterist Society. 50: 321-328
Clepsis spectrana;Europe;Palearctic;2024;Turner, R. et al. (2024). International Non-native Insect Establishment Data (0.2.1) [Data set]. Zenodo
Clethrogyna turbata;Asia;Oriental;2015;Ong, S., Farid, A. (2015). Defoliators Of Sesenduii Endospermum Diadenum. FRIM Technical Information. 75: 1-3
Clethrogyna turbata;Asia;Sino-Japanese;2015;Ong, S., Farid, A. (2015). Defoliators Of Sesenduii Endospermum Diadenum. FRIM Technical Information. 75: 1-3
Cnaemidophorus rhododactyla;Europe;Palearctic;1963;Yano, K. (1963). Taxonomic and biological studies of Pterophoridae of Japan (Lepidoptera). Pacific Insects. 5(!): 65-209
Cnaemidophorus rhododactyla;Africa;Saharo-Arabian;1963;Yano, K. (1963). Taxonomic and biological studies of Pterophoridae of Japan (Lepidoptera). Pacific Insects. 5(!): 65-209
Cnaemidophorus rhododactyla;Asia;Palearctic;1963;Yano, K. (1963). Taxonomic and biological studies of Pterophoridae of Japan (Lepidoptera). Pacific Insects. 5(!): 65-209
Cnaemidophorus rhododactyla;Asia;Oriental;1963;Yano, K. (1963). Taxonomic and biological studies of Pterophoridae of Japan (Lepidoptera). Pacific Insects. 5(!): 65-209
Cnaphalocrocis medinalis;Africa;Afrotropical;2023;Gao, L. et al. (2023). Use of food attractant to monitor and forecast population dynamics of Cnaphalocrocis medinalis (Lepidoptera: Pyralidae), a long-distance migratory pest. Agronomy. 13(8): 2141
Cnaphalocrocis medinalis;Asia;Oriental;2023;Gao, L. et al. (2023). Use of food attractant to monitor and forecast population dynamics of Cnaphalocrocis medinalis (Lepidoptera: Pyralidae), a long-distance migratory pest. Agronomy. 13(8): 2141
Cnaphalocrocis medinalis;Asia;Palearctic;2023;Gao, L. et al. (2023). Use of food attractant to monitor and forecast population dynamics of Cnaphalocrocis medinalis (Lepidoptera: Pyralidae), a long-distance migratory pest. Agronomy. 13(8): 2141
Cnaphalocrocis medinalis;Asia;Sino-Japanese;2023;Gao, L. et al. (2023). Use of food attractant to monitor and forecast population dynamics of Cnaphalocrocis medinalis (Lepidoptera: Pyralidae), a long-distance migratory pest. Agronomy. 13(8): 2141
Cnaphalocrocis medinalis;Asia;Oriental;2024;Turner, R. et al. (2024). International Non-native Insect Establishment Data (0.2.1) [Data set]. Zenodo
Cnaphalocrocis medinalis;Australia;Australian;2024;Turner, R. et al. (2024). International Non-native Insect Establishment Data (0.2.1) [Data set]. Zenodo
Tecia solanivora;North America;Panamanian;2024;CAB International (CABI) (2024). CABI Invasive Species Compendium.
Thaumatotibia leucotreta;Africa;Afrotropical;2024;CAB International (CABI) (2024). CABI Invasive Species Compendium.
Cnaphalocrocis poeyalis;Asia;Oriental;2024;Turner, R. et al. (2024). International Non-native Insect Establishment Data (0.2.1) [Data set]. Zenodo
Cnaphalocrocis poeyalis;Africa;Afrotropical;2024;Turner, R. et al. (2024). International Non-native Insect Establishment Data (0.2.1) [Data set]. Zenodo
Cnaphalocrocis poeyalis;Australia;Australian;2024;Turner, R. et al. (2024). International Non-native Insect Establishment Data (0.2.1) [Data set]. Zenodo
Cnaphalocrocis trapezalis;Africa;Afrotropical;2023;Kamtchou, Y. et al. (2023). Overall dominance of Spodoptera frugiperda Smith (Lepidoptera: Noctuidae) within the lepidopteran pests community infesting maize fields in the Littoral Region of Cameroon. International Journal of Tropical Insect Science. 43(1): 163-172
Cnaphalocrocis trapezalis;Australia;Australian;2023;Kamtchou, Y. et al. (2023). Overall dominance of Spodoptera frugiperda Smith (Lepidoptera: Noctuidae) within the lepidopteran pests community infesting maize fields in the Littoral Region of Cameroon. International Journal of Tropical Insect Science. 43(1): 163-172
Cnaphalocrocis trapezalis;North America;Nearctic;2023;Kamtchou, Y. et al. (2023). Overall dominance of Spodoptera frugiperda Smith (Lepidoptera: Noctuidae) within the lepidopteran pests community infesting maize fields in the Littoral Region of Cameroon. International Journal of Tropical Insect Science. 43(1): 163-172
Cnaphalocrocis trapezalis;South America;Neotropical;2023;Kamtchou, Y. et al. (2023). Overall dominance of Spodoptera frugiperda Smith (Lepidoptera: Noctuidae) within the lepidopteran pests community infesting maize fields in the Littoral Region of Cameroon. International Journal of Tropical Insect Science. 43(1): 163-172
Cnaphalocrocis trapezalis;Oceania;Oceanian;2023;Kamtchou, Y. et al. (2023). Overall dominance of Spodoptera frugiperda Smith (Lepidoptera: Noctuidae) within the lepidopteran pests community infesting maize fields in the Littoral Region of Cameroon. International Journal of Tropical Insect Science. 43(1): 163-172
Cnaphalocrocis trapezalis;North America;Panamanian;2023;Kamtchou, Y. et al. (2023). Overall dominance of Spodoptera frugiperda Smith (Lepidoptera: Noctuidae) within the lepidopteran pests community infesting maize fields in the Littoral Region of Cameroon. International Journal of Tropical Insect Science. 43(1): 163-172
Cnaphalocrocis trapezalis;South America;Neotropical;2024;Turner, R. et al. (2024). International Non-native Insect Establishment Data (0.2.1) [Data set]. Zenodo
Cnaphalocrocis trapezalis;Asia;Oriental;2024;Turner, R. et al. (2024). International Non-native Insect Establishment Data (0.2.1) [Data set]. Zenodo
Cnaphalocrocis trapezalis;Africa;Afrotropical;2024;Turner, R. et al. (2024). International Non-native Insect Establishment Data (0.2.1) [Data set]. Zenodo
Cnaphalocrocis trapezalis;Australia;Australian;2024;Turner, R. et al. (2024). International Non-native Insect Establishment Data (0.2.1) [Data set]. Zenodo
Cnephasia asseclana;North America;Nearctic;2021;Goglia, L. (2021). Faunistic Notes on Lepidoptera Tortricidae from Calabria (South Italy) - Contribution to the knowledge of the Lepidoptera Tortricidae fauna of Mediterranean ecosystems. [PhD Thesis, Universita degli Studi della Tuscia and Universita degli Studi del Molise]
Cnephasia asseclana;Asia;Palearctic;2021;Goglia, L. (2021). Faunistic Notes on Lepidoptera Tortricidae from Calabria (South Italy) - Contribution to the knowledge of the Lepidoptera Tortricidae fauna of Mediterranean ecosystems. [PhD Thesis, Universita degli Studi della Tuscia and Universita degli Studi del Molise]
Cnephasia asseclana;Europe;Palearctic;2021;Goglia, L. (2021). Faunistic Notes on Lepidoptera Tortricidae from Calabria (South Italy) - Contribution to the knowledge of the Lepidoptera Tortricidae fauna of Mediterranean ecosystems. [PhD Thesis, Universita degli Studi della Tuscia and Universita degli Studi del Molise]
Cnephasia asseclana;Africa;Saharo-Arabian;2021;Goglia, L. (2021). Faunistic Notes on Lepidoptera Tortricidae from Calabria (South Italy) - Contribution to the knowledge of the Lepidoptera Tortricidae fauna of Mediterranean ecosystems. [PhD Thesis, Universita degli Studi della Tuscia and Universita degli Studi del Molise]
Cnephasia asseclana;Asia;Sino-Japanese;2021;Goglia, L. (2021). Faunistic Notes on Lepidoptera Tortricidae from Calabria (South Italy) - Contribution to the knowledge of the Lepidoptera Tortricidae fauna of Mediterranean ecosystems. [PhD Thesis, Universita degli Studi della Tuscia and Universita degli Studi del Molise]
Cnephasia asseclana;Asia;Palearctic;2024;Turner, R. et al. (2024). International Non-native Insect Establishment Data (0.2.1) [Data set]. Zenodo
Cnephasia longana;Europe;Palearctic;1968;Poonyathawon, P. (1968). Insect parasites of the omnivorous leaf tier, Cnephasia longana (Haworth) in Oregon. [MSc Thesis, Oregon State University]
Cnephasia longana;Africa;Saharo-Arabian;1968;Poonyathawon, P. (1968). Insect parasites of the omnivorous leaf tier, Cnephasia longana (Haworth) in Oregon. [MSc Thesis, Oregon State University]
Cnephasia longana;Europe;Palearctic;2024;Turner, R. et al. (2024). International Non-native Insect Establishment Data (0.2.1) [Data set]. Zenodo
Cnephasia stephensiana;Asia;Palearctic;2021;Goglia, L. (2021). Faunistic Notes on Lepidoptera Tortricidae from Calabria (South Italy) - Contribution to the knowledge of the Lepidoptera Tortricidae fauna of Mediterranean ecosystems. [PhD Thesis, Universita degli Studi della Tuscia and Universita degli Studi del Molise]
Cnephasia stephensiana;Europe;Palearctic;2021;Goglia, L. (2021). Faunistic Notes on Lepidoptera Tortricidae from Calabria (South Italy) - Contribution to the knowledge of the Lepidoptera Tortricidae fauna of Mediterranean ecosystems. [PhD Thesis, Universita degli Studi della Tuscia and Universita degli Studi del Molise]
Cnephasia stephensiana;Asia;Saharo-Arabian;2021;Goglia, L. (2021). Faunistic Notes on Lepidoptera Tortricidae from Calabria (South Italy) - Contribution to the knowledge of the Lepidoptera Tortricidae fauna of Mediterranean ecosystems. [PhD Thesis, Universita degli Studi della Tuscia and Universita degli Studi del Molise]
Cnephasia stephensiana;Asia;Sino-Japanese;2021;Goglia, L. (2021). Faunistic Notes on Lepidoptera Tortricidae from Calabria (South Italy) - Contribution to the knowledge of the Lepidoptera Tortricidae fauna of Mediterranean ecosystems. [PhD Thesis, Universita degli Studi della Tuscia and Universita degli Studi del Molise]
Cnephasia stephensiana;Europe;Palearctic;2024;Turner, R. et al. (2024). International Non-native Insect Establishment Data (0.2.1) [Data set]. Zenodo
Cochylis atricapitana;Asia;Palearctic;2013;Turner, S., Cesselli, S. (2013). Operational field guide to the establishment of tansy ragwort biocontrol agents in British Columbia. Victoria, British Columbia, Canada
Cochylis atricapitana;Europe;Palearctic;1992;McLaren, D. (1992). Observations on the life cycle and establishment of Cochylis atricapitana (Lep: Cochylidae), a moth used for biological control of Senecio jacobaea in Australia. Entomophaga. 37: 641-648
Cochylis atricapitana;Europe;Palearctic;2013;Turner, S., Cesselli, S. (2013). Operational field guide to the establishment of tansy ragwort biocontrol agents in British Columbia. Victoria, British Columbia, Canada
Cochylis atricapitana;Europe;Palearctic;2013;Sun, Y., Li, H. (2013). Cochylis Treitschke in China: one new species and five new records (Lepidoptera, Tortricidae, Cochylini). ZooKeys. 258: 85-96
Cochylis atricapitana;Africa;Saharo-Arabian;2013;Turner, S., Cesselli, S. (2013). Operational field guide to the establishment of tansy ragwort biocontrol agents in British Columbia. Victoria, British Columbia, Canada
Cochylis atricapitana;Asia;Sino-Japanese;2013;Sun, Y., Li, H. (2013). Cochylis Treitschke in China: one new species and five new records (Lepidoptera, Tortricidae, Cochylini). ZooKeys. 258: 85-96
Cochylis atricapitana;Europe;Palearctic;2024;Turner, R. et al. (2024). International Non-native Insect Establishment Data (0.2.1) [Data set]. Zenodo
Cochylis atricapitana;Asia;Palearctic;2024;Turner, R. et al. (2024). International Non-native Insect Establishment Data (0.2.1) [Data set]. Zenodo
Coleophora alcyonipennella;Europe;Palearctic;1993;Landry, J., Wright, B. (1993). Systematics of the Nearctic species of metallic-green Coleophora (Lepidoptera: Coleophoridae). The Canadian Entomologist. 125(3): 549-618
Coleophora alcyonipennella;Europe;Palearctic;2024;Turner, R. et al. (2024). International Non-native Insect Establishment Data (0.2.1) [Data set]. Zenodo
Coleophora anatipennella;Europe;Palearctic;1956;Martelli, M. (1956). Osservazioni sulletologia della Coleophora anatipennella Hb.(Lepidoptera Coleophoridae). Bollettino di Zoologia Agraria e Bachicoltura. 22: 247-255
Coleophora anatipennella;Europe;Palearctic;2025;Shropshire, K., Tallamy, D. (2025). Lepidoptera of North American north of Mexico: An annotated list containing geographic ranges and host plant records. ZooKeys
Coleophora anatipennella;Asia;Palearctic;2025;Shropshire, K., Tallamy, D. (2025). Lepidoptera of North American north of Mexico: An annotated list containing geographic ranges and host plant records. ZooKeys
Coleophora badiipennella;Europe;Palearctic;2009;Min-Younga, K., Park, K. (2009). A taxonomic review of the genus Coleophora Hubner (Lepidoptera: Coleophoridae) in Korea. Journal of Asia-Pacific Entomology. 12: 183-198
Coleophora badiipennella;Europe;Palearctic;2024;Turner, R. et al. (2024). International Non-native Insect Establishment Data (0.2.1) [Data set]. Zenodo
Coleophora colutella;Asia;Palearctic;1993;Hoebeke, E. et al. (1993). Coleophora colutella (Lepidoptera: Coleophoridae): a Palearctic pest of crownvetch, Coronilla varia (Fabaceae), new to North America. Annals of the Entomological Society of America. 86(2): 134-141
Coleophora colutella;Europe;Palearctic;2006;Corley, M. et al. (2006). Miscellaneous additions to the Lepidoptera of Portugal (Insecta: Lepidoptera). SHILAP Revista de Lepidopterologia. 34(136): 407-427
Coleophora colutella;Europe;Palearctic;2001;Anikin, V., Shchurov, V. (2001). Casebearers from Caucasus (Lepidoptera: Coleophoridae). Zoosystematica Rossica. 10: 171-179
Coleophora colutella;Europe;Palearctic;2024;Turner, R. et al. (2024). International Non-native Insect Establishment Data (0.2.1) [Data set]. Zenodo
Coleophora coracipennella;Europe;Palearctic;2010;Lopez-Vaamonde, C. et al. (2010). Lepidoptera. Chapter 11. BioRisk. 4: 603-668
Thaumatotibia leucotreta;Africa;Madagascan;2024;CAB International (CABI) (2024). CABI Invasive Species Compendium.
Coleophora deauratella;Europe;Palearctic;2024;Turner, R. et al. (2024). International Non-native Insect Establishment Data (0.2.1) [Data set]. Zenodo
Coleophora frischella;Europe;Palearctic;2007;Stubner, A. (2007). Taxonomische Revision der Coleophora frischella-Artengruppe (Coleophoridae). Nota lepidopterologica. 30(1): 121-172
Coleophora klimeschiella;Asia;Oriental;1976;Khan, A., Baloch, G. (1976). Coleophora klimeschiella [Lep.: Coleophoridae] a promising biocontrol agent for russian thistles, Salsola spp. Entomophaga. 21(4): 425-428
Coleophora klimeschiella;Asia;Palearctic;2018;Richter, I. (2018). New findings of the case-bearing moths (genus Coleophora Hubner, 1822) from the Balkan Peninsula with description of two new species (Lepidoptera, Coleophoridae). Microlepidoptera.hu. 13(1): 43-52
Coleophora klimeschiella;Asia;Palearctic;1976;Khan, A., Baloch, G. (1976). Coleophora klimeschiella [Lep.: Coleophoridae] a promising biocontrol agent for russian thistles, Salsola spp. Entomophaga. 21(4): 425-428
Coleophora klimeschiella;Europe;Palearctic;2018;Richter, I. (2018). New findings of the case-bearing moths (genus Coleophora Hubner, 1822) from the Balkan Peninsula with description of two new species (Lepidoptera, Coleophoridae). Microlepidoptera.hu. 13(1): 43-52
Coleophora klimeschiella;Europe;Palearctic;1976;Khan, A., Baloch, G. (1976). Coleophora klimeschiella [Lep.: Coleophoridae] a promising biocontrol agent for russian thistles, Salsola spp. Entomophaga. 21(4): 425-428
Coleophora klimeschiella;Asia;Saharo-Arabian;1976;Khan, A., Baloch, G. (1976). Coleophora klimeschiella [Lep.: Coleophoridae] a promising biocontrol agent for russian thistles, Salsola spp. Entomophaga. 21(4): 425-428
Coleophora klimeschiella;North America;Nearctic;2024;Turner, R. et al. (2024). International Non-native Insect Establishment Data (0.2.1) [Data set]. Zenodo
Coleophora klimeschiella;Asia;Palearctic;2024;Turner, R. et al. (2024). International Non-native Insect Establishment Data (0.2.1) [Data set]. Zenodo
Thaumatotibia leucotreta;South America;Neotropical;2024;CAB International (CABI) (2024). CABI Invasive Species Compendium.
Coleophora laricella;Europe;Palearctic;2024;Turner, R. et al. (2024). International Non-native Insect Establishment Data (0.2.1) [Data set]. Zenodo
Thaumetopoea pityocampa;Asia;Palearctic;2024;CAB International (CABI) (2024). CABI Invasive Species Compendium.
Coleophora limosipennella;Europe;Palearctic;2024;Turner, R. et al. (2024). International Non-native Insect Establishment Data (0.2.1) [Data set]. Zenodo
Coleophora mayrella;Asia;Palearctic;1993;Landry, J., Wright, B. (1993). Systematics of the Nearctic species of metallic-green Coleophora (Lepidoptera: Coleophoridae). The Canadian Entomologist. 125(3): 549-618
Coleophora mayrella;Europe;Palearctic;1993;Landry, J., Wright, B. (1993). Systematics of the Nearctic species of metallic-green Coleophora (Lepidoptera: Coleophoridae). The Canadian Entomologist. 125(3): 549-618
Coleophora mayrella;Africa;Saharo-Arabian;1993;Landry, J., Wright, B. (1993). Systematics of the Nearctic species of metallic-green Coleophora (Lepidoptera: Coleophoridae). The Canadian Entomologist. 125(3): 549-618
Coleophora mayrella;Europe;Palearctic;2024;Turner, R. et al. (2024). International Non-native Insect Establishment Data (0.2.1) [Data set]. Zenodo
Coleophora parthenica;Asia;Oriental;1990;Muller, H., Goeden, R. (1990). Parasitoids acquired by Coleophora parthenica [Lepidoptera: Coleophoridae] ten years after its introduction into southern California for the biological control of Russian thistle. Entomophaga. 35: 257-268
Coleophora parthenica;Asia;Oriental;1990;Muller, H. et al. (1990). Natural enemies and host-plant asynchrony contributing to the failure of the introduced moth, Coleophora parthenica Meyrick (Lepidoptera: Coleophoridae), to control Russian thistle. Agriculture, Ecosystems and Environment. 32(1): 133-142
Coleophora parthenica;Asia;Palearctic;1990;Muller, H., Goeden, R. (1990). Parasitoids acquired by Coleophora parthenica [Lepidoptera: Coleophoridae] ten years after its introduction into southern California for the biological control of Russian thistle. Entomophaga. 35: 257-268
Coleophora parthenica;Europe;Palearctic;1990;Muller, H. et al. (1990). Natural enemies and host-plant asynchrony contributing to the failure of the introduced moth, Coleophora parthenica Meyrick (Lepidoptera: Coleophoridae), to control Russian thistle. Agriculture, Ecosystems and Environment. 32(1): 133-142
Coleophora parthenica;Africa;Saharo-Arabian;1990;Muller, H., Goeden, R. (1990). Parasitoids acquired by Coleophora parthenica [Lepidoptera: Coleophoridae] ten years after its introduction into southern California for the biological control of Russian thistle. Entomophaga. 35: 257-268
Coleophora parthenica;Africa;Saharo-Arabian;2023;Tabell, J. et al. (2023). New and little known Coleophora Hubner, 1822 species from Morocco. Part I.(Lepidoptera, Coleophoridae). Zootaxa. 5374(2): 151-195
Coleophora parthenica;Asia;Saharo-Arabian;1990;Muller, H., Goeden, R. (1990). Parasitoids acquired by Coleophora parthenica [Lepidoptera: Coleophoridae] ten years after its introduction into southern California for the biological control of Russian thistle. Entomophaga. 35: 257-268
Coleophora parthenica;Asia;Saharo-Arabian;1990;Muller, H. et al. (1990). Natural enemies and host-plant asynchrony contributing to the failure of the introduced moth, Coleophora parthenica Meyrick (Lepidoptera: Coleophoridae), to control Russian thistle. Agriculture, Ecosystems and Environment. 32(1): 133-142
Coleophora parthenica;Asia;Sino-Japanese;2023;Tabell, J. et al. (2023). New and little known Coleophora Hubner, 1822 species from Morocco. Part I.(Lepidoptera, Coleophoridae). Zootaxa. 5374(2): 151-195
Coleophora parthenica;Asia;Palearctic;2024;Turner, R. et al. (2024). International Non-native Insect Establishment Data (0.2.1) [Data set]. Zenodo
Coleophora parthenica;Africa;Afrotropical;2024;Turner, R. et al. (2024). International Non-native Insect Establishment Data (0.2.1) [Data set]. Zenodo
Coleophora serratella;Europe;Palearctic;1974;Coshan, P. (1974). The biology of Coleophora serratella (L.)(Lepidoptera: Coleophoridae). Transactions of the Royal Entomological Society of London. 126(2): 169-188
Coleophora serratella;Europe;Palearctic;2024;Turner, R. et al. (2024). International Non-native Insect Establishment Data (0.2.1) [Data set]. Zenodo
Coleophora spinella;Europe;Palearctic;2025;Shropshire, K., Tallamy, D. (2025). Lepidoptera of North American north of Mexico: An annotated list containing geographic ranges and host plant records. ZooKeys
Coleophora spinella;Asia;Palearctic;2025;Shropshire, K., Tallamy, D. (2025). Lepidoptera of North American north of Mexico: An annotated list containing geographic ranges and host plant records. ZooKeys
Coleophora spiraeella;Europe;Palearctic;2010;Lopez-Vaamonde, C. et al. (2010). Lepidoptera. Chapter 11. BioRisk. 4: 603-668
Coleophora striatipennella;Asia;Palearctic;2024;Anikin, V., Knyazev, S. (2024). Additions to the fauna of casebearer moths (Lepidoptera, Coleophoridae) of Omsk Region, Russia. Results of expeditions in 2021-2023. Ecologica Montenegrina. 75: 89-97
Coleophora striatipennella;Europe;Palearctic;2001;Hoare, R. (2001). Adventive species of Lepidoptera recorded for the first time in New Zealand since 1988. New Zealand Entomologist. 24: 23-47
Coleophora striatipennella;Europe;Palearctic;2018;Richter, I. (2018). New findings of the case-bearing moths (genus Coleophora Hubner, 1822) from the Balkan Peninsula with description of two new species (Lepidoptera, Coleophoridae). Microlepidoptera.hu. 13(1): 43-52
Coleophora striatipennella;Europe;Palearctic;2024;Anikin, V., Knyazev, S. (2024). Additions to the fauna of casebearer moths (Lepidoptera, Coleophoridae) of Omsk Region, Russia. Results of expeditions in 2021-2023. Ecologica Montenegrina. 75: 89-97
Coleophora striatipennella;Europe;Palearctic;2024;Turner, R. et al. (2024). International Non-native Insect Establishment Data (0.2.1) [Data set]. Zenodo
Coleophora texanella;North America;Nearctic;2013;Landry, J. et al. (2013). Shared but overlooked: 30 species of Holarctic Microlepidoptera revealed by DNA barcodes and morphology. Zootaxa. 3749(1): 1-93
Coleophora trifolii;Europe;Palearctic;2025;Shropshire, K., Tallamy, D. (2025). Lepidoptera of North American north of Mexico: An annotated list containing geographic ranges and host plant records. ZooKeys
Coleophora trifolii;Asia;Palearctic;2025;Shropshire, K., Tallamy, D. (2025). Lepidoptera of North American north of Mexico: An annotated list containing geographic ranges and host plant records. ZooKeys
Coleophora versurella;Asia;Palearctic;2020;Fuentes, N. et al. (2020). Multi-taxa inventory of naturalized species in Chile (including native Chilean species introduced in other areas of the national territory outside of their original range). NeoBiota. 60: 25-41
Coleophora versurella;Europe;Palearctic;2020;Fuentes, N. et al. (2020). Multi-taxa inventory of naturalized species in Chile (including native Chilean species introduced in other areas of the national territory outside of their original range). NeoBiota. 60: 25-41
Coleophora versurella;Europe;Palearctic;2024;Turner, R. et al. (2024). International Non-native Insect Establishment Data (0.2.1) [Data set]. Zenodo
Coleotechnites piceaella;North America;Nearctic;2015;Pohl, G. et al. (2015). Checklist of the Lepidoptera of British Columbia, Canada. Entomological Society of British Columbia Occasional Paper. 3: 1-237
Coleotechnites piceaella;North America;Nearctic;1966;McLeod, J. (1966). Notes on the Biology of a Spruce Needle-miner, Pulicalvaria piceaella (Kearfott)(Lepidoptera: Gelechiidae) 1. The Canadian Entomologist. 98(3): 225-236
Coleotechnites piceaella;North America;Nearctic;2024;Turner, R. et al. (2024). International Non-native Insect Establishment Data (0.2.1) [Data set]. Zenodo
Comostolopsis germana;Africa;Afrotropical;1989;Adair, R., Scott, J. (1989). The life-history and host specificity of Comostolopsis germana Prout (Lepidoptera: Geometridae), a biological control agent of Chrysanthemoides monilifera (Compositae). Bulletin of Entomological Research. 79(4): 649-657
Comostolopsis germana;Australia;Australian;2024;Turner, R. et al. (2024). International Non-native Insect Establishment Data (0.2.1) [Data set]. Zenodo
Comotia torsicornis;North America;Nearctic;1914;Dyar, H. (1914). Description of new species of lepidoptera from Mexico. Proceedings of th United States National Museum. 47: 365-409
Comotia torsicornis;North America;Nearctic;2019;Martinez, J. et al. (2019). Lepidoptera pests of sapodilla (Manilkara zapota (L.) van Royen) in south Florida, with some comments on life history and natural control. Insecta Mundi. 0739: 1-26
Comotia torsicornis;North America;Panamanian;1914;Dyar, H. (1914). Description of new species of lepidoptera from Mexico. Proceedings of th United States National Museum. 47: 365-409
Comotia torsicornis;North America;Panamanian;2019;Martinez, J. et al. (2019). Lepidoptera pests of sapodilla (Manilkara zapota (L.) van Royen) in south Florida, with some comments on life history and natural control. Insecta Mundi. 0739: 1-26
Thaumetopoea pityocampa;Europe;Palearctic;2024;CAB International (CABI) (2024). CABI Invasive Species Compendium.
Thaumetopoea pityocampa;Asia;Saharo-Arabian;2024;CAB International (CABI) (2024). CABI Invasive Species Compendium.
Condica illecta;Asia;Oriental;2024;Turner, R. et al. (2024). International Non-native Insect Establishment Data (0.2.1) [Data set]. Zenodo
Condica illecta;Australia;Australian;2024;Turner, R. et al. (2024). International Non-native Insect Establishment Data (0.2.1) [Data set]. Zenodo
Conistra rubiginosa;Europe;Palearctic;2024;Turner, R. et al. (2024). International Non-native Insect Establishment Data (0.2.1) [Data set]. Zenodo
Uraba lugens;Australia;Australian;2024;CAB International (CABI) (2024). CABI Invasive Species Compendium.
Callopistria maillardi;Africa;Afrotropical;2024;de Prins, J., de Prins, W. (2024). Afromoths, online database of Afrotropical moth species (Lepidoptera).
Conogethes punctiferalis;Asia;Oriental;2024;Turner, R. et al. (2024). International Non-native Insect Establishment Data (0.2.1) [Data set]. Zenodo
Conogethes punctiferalis;Australia;Australian;2024;Turner, R. et al. (2024). International Non-native Insect Establishment Data (0.2.1) [Data set]. Zenodo
Conopomorpha cramerella;Asia;Oceanian;2024;de Prins, J., de Prins, W. (2024). Global Taxonomic Database of Gracillariidae (Lepidoptera). Avaliable at: http://www.gracillariidae.net
Conopomorpha cramerella;Oceania;Oceanian;2024;de Prins, J., de Prins, W. (2024). Global Taxonomic Database of Gracillariidae (Lepidoptera). Avaliable at: http://www.gracillariidae.net
Conopomorpha cramerella;Asia;Oriental;2024;de Prins, J., de Prins, W. (2024). Global Taxonomic Database of Gracillariidae (Lepidoptera). Avaliable at: http://www.gracillariidae.net
Conopomorpha cramerella;Asia;Palearctic;2024;de Prins, J., de Prins, W. (2024). Global Taxonomic Database of Gracillariidae (Lepidoptera). Avaliable at: http://www.gracillariidae.net
Conopomorpha cramerella;Asia;Oriental;2019;Niogret, J. et al. (2019). Development and behavioral ecology of Conopomorpha cramerella (Lepidoptera: Gracillariidae). Florida Entomologist. 102(2): 382-387
Conopomorpha cramerella;Oceania;Oceanian;2019;Niogret, J. et al. (2019). Development and behavioral ecology of Conopomorpha cramerella (Lepidoptera: Gracillariidae). Florida Entomologist. 102(2): 382-387
Conopomorpha litchiella;Australia;Australian;2024;de Prins, J., de Prins, W. (2024). Global Taxonomic Database of Gracillariidae (Lepidoptera). Avaliable at: http://www.gracillariidae.net
Callopistria maillardi;Australia;Australian;2024;de Prins, J., de Prins, W. (2024). Afromoths, online database of Afrotropical moth species (Lepidoptera).
Conopomorpha litchiella;Asia;Oriental;2024;de Prins, J., de Prins, W. (2024). Global Taxonomic Database of Gracillariidae (Lepidoptera). Avaliable at: http://www.gracillariidae.net
Conopomorpha litchiella;Asia;Sino-Japanese;2024;de Prins, J., de Prins, W. (2024). Global Taxonomic Database of Gracillariidae (Lepidoptera). Avaliable at: http://www.gracillariidae.net
Conopomorpha litchiella;Asia;Oriental;2024;Turner, R. et al. (2024). International Non-native Insect Establishment Data (0.2.1) [Data set]. Zenodo
Conopomorpha sinensis;Asia;Oriental;1986;Bradley, J. (1986). Identity of the South-East Asian cocoa moth, Conopomorpha cramerella (Snellen)(Lepidoptera: Gracillariidae), with descriptions of three allied new species. Bulletin of Entomological Research. 76(1): 41-51
Conopomorpha sinensis;Asia;Sino-Japanese;1986;Bradley, J. (1986). Identity of the South-East Asian cocoa moth, Conopomorpha cramerella (Snellen)(Lepidoptera: Gracillariidae), with descriptions of three allied new species. Bulletin of Entomological Research. 76(1): 41-51
Conopomorpha sinensis;Asia;Oriental;2024;Turner, R. et al. (2024). International Non-native Insect Establishment Data (0.2.1) [Data set]. Zenodo
Copaxa lavendera;North America;Nearctic;2013;Sarmiento-Cordero, M., Contreras-Ramos, A. (2013). Phenology of Copaxa lavendera (Westwood)(Lepidoptera, Saturniidae) from Sierra de Las Navajas, Hidalgo, Mexico. The Pan-Pacific Entomologist. 88(4): 399-406
Copaxa lavendera;North America;Nearctic;2017;Barrios-Diaz, B. et al. (2017). Identificacion de lepidopteros asociados al follaje de encino (Quercus spp.), en el municipio de Tetela de Ocampo, Puebla. Folia Entomologica Mexicana. 4: 537-543
Copaxa lavendera;North America;Panamanian;2013;Sarmiento-Cordero, M., Contreras-Ramos, A. (2013). Phenology of Copaxa lavendera (Westwood)(Lepidoptera, Saturniidae) from Sierra de Las Navajas, Hidalgo, Mexico. The Pan-Pacific Entomologist. 88(4): 399-406
Copaxa lavendera;North America;Panamanian;2017;Barrios-Diaz, B. et al. (2017). Identificacion de lepidopteros asociados al follaje de encino (Quercus spp.), en el municipio de Tetela de Ocampo, Puebla. Folia Entomologica Mexicana. 4: 537-543
Coptodisca juglandiella;North America;Nearctic;2020;Takacs, A. et al. (2020). Nearctic walnut leafminers invade Europe: first Coptodisca lucifluella (Clemens, 1860) and now Coptodisca juglandiella (Chambers, 1874)(Lepidoptera, Heliozelidae). Nota Lepidopterologica. 43: 77-93
Coptodisca lucifluella;North America;Nearctic;2022;Chireceanu, C. et al. (2022). The walnut shield bearer Coptodisca lucifluella (Clemens, 1860)(Lepidoptera: Heliozelidae)-the first record in Romania. Romanian Journal for Plant Protection. 15: 15-23
Corcyra cephalonica;Europe;Palearctic;2024;Turner, R. et al. (2024). International Non-native Insect Establishment Data (0.2.1) [Data set]. Zenodo
Coscinoptycha improbana;Australia;Australian;2012;Mille, C. et al. (2012). First record of the Australian guava moth Coscinoptycha improbana Meyrick (Lepidoptera: Carposinidae) in New Caledonia: Implication for quarantine and biosecurity surveys in insular territories. Journal of Asia-Pacific Entomology. 15(2): 283-285
Coscinoptycha improbana;Australia;Australian;2024;Turner, R. et al. (2024). International Non-native Insect Establishment Data (0.2.1) [Data set]. Zenodo
Cosmodes elegans;Australia;Australian;2017;Hoare, R. (2017). Noctuinae (Insecta: Lepidoptera: Noctuidae) part 1: Austramathes, Cosmodes, Proteuxoa, Physetica. Lincoln, N.Z. : Landcare Research
Cosmodes elegans;Australia;Australian;2024;Turner, R. et al. (2024). International Non-native Insect Establishment Data (0.2.1) [Data set]. Zenodo
Cosmopterix feminella;Asia;Palearctic;2019;Koster, S. et al. (2019). The Eastern Palaearctic Cosmopterix feminella Sinev, 1988, introduced in Italy: taxonomy, biology and a new synonymy (Lepidoptera, Cosmopterigidae). Nota Lepidopterologica. 42: 49-61
Cosmopterix feminella;Asia;Sino-Japanese;2019;Koster, S. et al. (2019). The Eastern Palaearctic Cosmopterix feminella Sinev, 1988, introduced in Italy: taxonomy, biology and a new synonymy (Lepidoptera, Cosmopterigidae). Nota Lepidopterologica. 42: 49-61
Crasimorpha infuscata;South America;Neotropical;1964;Hodges, R. (1964). A new species of Crasimorpha reared from Schinus. Proceedings of the Entomological Society of Washington. 65: 303-305
Crasimorpha infuscata;South America;Neotropical;2024;Turner, R. et al. (2024). International Non-native Insect Establishment Data (0.2.1) [Data set]. Zenodo
Cremastobombycia lantanella;North America;Nearctic;1995;Palmer, W., Pullen, K. (1995). The phytophagous arthropods associated with Lantana camara, L. hirsuta, L. urticifolia, and L. urticoides (Verbenaceae) in North America. Biological Control. 5(1): 54-72
Cremastobombycia lantanella;North America;Nearctic;2024;Turner, R. et al. (2024). International Non-native Insect Establishment Data (0.2.1) [Data set]. Zenodo
Cremastobombycia lantanella;South America;Neotropical;2024;Turner, R. et al. (2024). International Non-native Insect Establishment Data (0.2.1) [Data set]. Zenodo
Crocidolomia pavonana;Africa;Afrotropical;1946;Swezey, O. (1946). Lepidoptera, Geometridae, Arctiidae, Agrotidae, and Pyralidae of Guam. Bishop Museum Bulletin. 189: 163-185
Crocidolomia pavonana;Africa;Afrotropical;2011;Ale, B. et al. (2011). Host plant selection by Crocidolomia pavonana F. (Lepidoptera: Crambidae): effect of herbivory and adult experience. The 6th International Workshop on Management of the Diamondback Moth and Other Crucifer Insect Pests. 70-75
Crocidolomia pavonana;Australia;Australian;1946;Swezey, O. (1946). Lepidoptera, Geometridae, Arctiidae, Agrotidae, and Pyralidae of Guam. Bishop Museum Bulletin. 189: 163-185
Crocidolomia pavonana;Oceania;Oceanian;1946;Swezey, O. (1946). Lepidoptera, Geometridae, Arctiidae, Agrotidae, and Pyralidae of Guam. Bishop Museum Bulletin. 189: 163-185
Crocidolomia pavonana;Asia;Oriental;1946;Swezey, O. (1946). Lepidoptera, Geometridae, Arctiidae, Agrotidae, and Pyralidae of Guam. Bishop Museum Bulletin. 189: 163-185
Crocidolomia pavonana;Asia;Oriental;2011;Ale, B. et al. (2011). Host plant selection by Crocidolomia pavonana F. (Lepidoptera: Crambidae): effect of herbivory and adult experience. The 6th International Workshop on Management of the Diamondback Moth and Other Crucifer Insect Pests. 70-75
Crocidolomia pavonana;Asia;Oriental;2024;Turner, R. et al. (2024). International Non-native Insect Establishment Data (0.2.1) [Data set]. Zenodo
Crocidolomia pavonana;Africa;Afrotropical;2024;Turner, R. et al. (2024). International Non-native Insect Establishment Data (0.2.1) [Data set]. Zenodo
Crocidophora butleri;Asia;Palearctic;2019;Lee, T. et al. (2019). Two species of Pyraustine moths new to Korea (Lepidoptera: Crambidae). Journal of Asia-Pacific Biodiversity. 12(1): 79-82
Crocidophora butleri;Asia;Sino-Japanese;2019;Lee, T. et al. (2019). Two species of Pyraustine moths new to Korea (Lepidoptera: Crambidae). Journal of Asia-Pacific Biodiversity. 12(1): 79-82
Crocidophora butleri;Asia;Palearctic;2024;Turner, R. et al. (2024). International Non-native Insect Establishment Data (0.2.1) [Data set]. Zenodo
Callopistria maillardi;Africa;Madagascan;2024;de Prins, J., de Prins, W. (2024). Afromoths, online database of Afrotropical moth species (Lepidoptera).
Callopistria maillardi;Oceania;Oceanian;2024;de Prins, J., de Prins, W. (2024). Afromoths, online database of Afrotropical moth species (Lepidoptera).
Callopistria maillardi;Asia;Oriental;2024;de Prins, J., de Prins, W. (2024). Afromoths, online database of Afrotropical moth species (Lepidoptera).
Callopistria maillardi;Asia;Saharo-Arabian;2024;de Prins, J., de Prins, W. (2024). Afromoths, online database of Afrotropical moth species (Lepidoptera).
Crocidosema aporema;South America;Neotropical;2024;Turner, R. et al. (2024). International Non-native Insect Establishment Data (0.2.1) [Data set]. Zenodo
Crocidosema lantana;North America;Nearctic;2011;Brown, J. et al. (2011). Tortricid moths reared from the invasive weed Mexican palo verde, Parkinsonia aculeata, with comments on their host specificity, biology, geographic distribution, and systematics. Journal of Insect Science. 11: 7
Crocidosema lantana;North America;Nearctic;2000;Day, M., Neser, S. (2000). Factors influencing the biological control of Lantana camara in Australia and South Africa. Proceedings of the X Symposium on Biological Control of Weeds. 897-908
Crocidosema lantana;South America;Panamanian;2011;Brown, J. et al. (2011). Tortricid moths reared from the invasive weed Mexican palo verde, Parkinsonia aculeata, with comments on their host specificity, biology, geographic distribution, and systematics. Journal of Insect Science. 11: 7
Crocidosema lantana;North America;Nearctic;2024;Turner, R. et al. (2024). International Non-native Insect Establishment Data (0.2.1) [Data set]. Zenodo
Crocidosema lantana;South America;Neotropical;2024;Turner, R. et al. (2024). International Non-native Insect Establishment Data (0.2.1) [Data set]. Zenodo
Callopistria maillardi;Asia;Sino-Japanese;2024;de Prins, J., de Prins, W. (2024). Afromoths, online database of Afrotropical moth species (Lepidoptera).
Crocidosema plebejana;South America;Neotropical;2024;Turner, R. et al. (2024). International Non-native Insect Establishment Data (0.2.1) [Data set]. Zenodo
Crocidosema synneurota;South America;Neotropical;2008;Razowski, J. et al. (2008). The Tortricidae (Lepidoptera) of the Galapagos Islands, Ecuador. Revue Suisse de Zoologie. 115(1): 185
Caradrina clavipalpis;Africa;Afrotropical;2024;de Prins, J., de Prins, W. (2024). Afromoths, online database of Afrotropical moth species (Lepidoptera).
Caradrina clavipalpis;Asia;Oriental;2024;de Prins, J., de Prins, W. (2024). Afromoths, online database of Afrotropical moth species (Lepidoptera).
Caradrina clavipalpis;Asia;Palearctic;2024;de Prins, J., de Prins, W. (2024). Afromoths, online database of Afrotropical moth species (Lepidoptera).
Cryphia algae;Africa;Saharo-Arabian;2015;Gomboc, S., Koren, T. (2015). The distribution of Cryphia ochsi Boursin, 1940 and Cryphia algae (Fabricius, 1775)(Lepidoptera: Noctuidae) in Slovenia and Croatia. Acta Entomologica Slovenica. 23(2): 117-34
Caradrina clavipalpis;Europe;Palearctic;2024;de Prins, J., de Prins, W. (2024). Afromoths, online database of Afrotropical moth species (Lepidoptera).
Cryphia algae;Europe;Palearctic;2024;Turner, R. et al. (2024). International Non-native Insect Establishment Data (0.2.1) [Data set]. Zenodo
Crypsiptya coclesalis;Asia;Oriental;2024;Turner, R. et al. (2024). International Non-native Insect Establishment Data (0.2.1) [Data set]. Zenodo
Crypsithyrodes concolorella;Asia;Oriental;2024;Turner, R. et al. (2024). International Non-native Insect Establishment Data (0.2.1) [Data set]. Zenodo
Crypsithyrodes concolorella;Africa;Afrotropical;2024;Turner, R. et al. (2024). International Non-native Insect Establishment Data (0.2.1) [Data set]. Zenodo
Crypsithyrodes concolorella;Australia;Australian;2024;Turner, R. et al. (2024). International Non-native Insect Establishment Data (0.2.1) [Data set]. Zenodo
Crypsithyrodes concolorella;Oceania;Oceanian;2024;Turner, R. et al. (2024). International Non-native Insect Establishment Data (0.2.1) [Data set]. Zenodo
Cryptoblabes adoceta;Australia;Australian;2023;Austin, K., Rubinoff, D. (2023). New records of introduced Lepidoptera in the Hawaiian Islands for the year 2022. Bishop Museum Occasional Papers. 148: 175-184
Cryptoblabes adoceta;Australia;Australian;2024;Turner, R. et al. (2024). International Non-native Insect Establishment Data (0.2.1) [Data set]. Zenodo
Caradrina clavipalpis;Africa;Saharo-Arabian;2024;de Prins, J., de Prins, W. (2024). Afromoths, online database of Afrotropical moth species (Lepidoptera).
Caradrina clavipalpis;Asia;Saharo-Arabian;2024;de Prins, J., de Prins, W. (2024). Afromoths, online database of Afrotropical moth species (Lepidoptera).
Chiasmia aestimaria;Africa;Afrotropical;2024;de Prins, J., de Prins, W. (2024). Afromoths, online database of Afrotropical moth species (Lepidoptera).
Chiasmia aestimaria;Asia;Palearctic;2024;de Prins, J., de Prins, W. (2024). Afromoths, online database of Afrotropical moth species (Lepidoptera).
Chiasmia aestimaria;Europe;Palearctic;2024;de Prins, J., de Prins, W. (2024). Afromoths, online database of Afrotropical moth species (Lepidoptera).
Cryptoblabes gnidiella;Europe;Palearctic;2024;Turner, R. et al. (2024). International Non-native Insect Establishment Data (0.2.1) [Data set]. Zenodo
Cryptographis nitidalis;North America;Nearctic;2005;Capinera, J. (2005). Melonworm, Diaphania hyalinata Linnaeus (Insecta: Lepidoptera: Pyralidae). Florida Cooperation Extension Service, Institute of Food and Agricultural Sciences, University of Florida, Gainesville, Florida: EENY163
Cryptographis nitidalis;South America;Neotropical;2005;Capinera, J. (2005). Melonworm, Diaphania hyalinata Linnaeus (Insecta: Lepidoptera: Pyralidae). Florida Cooperation Extension Service, Institute of Food and Agricultural Sciences, University of Florida, Gainesville, Florida: EENY163
Cryptographis nitidalis;North America;Panamanian;2005;Capinera, J. (2005). Melonworm, Diaphania hyalinata Linnaeus (Insecta: Lepidoptera: Pyralidae). Florida Cooperation Extension Service, Institute of Food and Agricultural Sciences, University of Florida, Gainesville, Florida: EENY163
Cryptographis nitidalis;South America;Neotropical;2024;Turner, R. et al. (2024). International Non-native Insect Establishment Data (0.2.1) [Data set]. Zenodo
Cryptophlebia illepida;Oceania;Nearctic;1956;Namba, R. (1956). Cryptophlebia illepida (Butler)(Lepidoptera: Eucosmidae) and other insect pests of the macadamia nut in Hawaii. Proceedings of the Hawaiian Entomological Society. 16(2): 284-297
Cryptophlebia illepida;Oceania;Oceanian;2024;Turner, R. et al. (2024). International Non-native Insect Establishment Data (0.2.1) [Data set]. Zenodo
Cryptophlebia ombrodelta;Australia;Australian;1975;Sinclair, E. (1975). A life system study of Cryptophlebia ombrodelta (Lower)(Lepidoptera: Tortricidae) in southeast Queensland. [Doctoral Dissertation, University of Queensland]
Cryptophlebia ombrodelta;Oceania;Oceanian;1975;Sinclair, E. (1975). A life system study of Cryptophlebia ombrodelta (Lower)(Lepidoptera: Tortricidae) in southeast Queensland. [Doctoral Dissertation, University of Queensland]
Cryptophlebia ombrodelta;Asia;Oriental;1975;Sinclair, E. (1975). A life system study of Cryptophlebia ombrodelta (Lower)(Lepidoptera: Tortricidae) in southeast Queensland. [Doctoral Dissertation, University of Queensland]
Cryptophlebia ombrodelta;Asia;Oriental;2024;Turner, R. et al. (2024). International Non-native Insect Establishment Data (0.2.1) [Data set]. Zenodo
Cryptophlebia ombrodelta;Australia;Australian;2024;Turner, R. et al. (2024). International Non-native Insect Establishment Data (0.2.1) [Data set]. Zenodo
Chiasmia aestimaria;Africa;Saharo-Arabian;2024;de Prins, J., de Prins, W. (2024). Afromoths, online database of Afrotropical moth species (Lepidoptera).
Chiasmia aestimaria;Asia;Saharo-Arabian;2024;de Prins, J., de Prins, W. (2024). Afromoths, online database of Afrotropical moth species (Lepidoptera).
Chloroclystis latifasciata;Africa;Madagascan;2024;de Prins, J., de Prins, W. (2024). Afromoths, online database of Afrotropical moth species (Lepidoptera).
Chrysodeixis eriosoma;Australia;Australian;2024;de Prins, J., de Prins, W. (2024). Afromoths, online database of Afrotropical moth species (Lepidoptera).
Chrysodeixis eriosoma;Oceania;Australian;2024;de Prins, J., de Prins, W. (2024). Afromoths, online database of Afrotropical moth species (Lepidoptera).
Ctenoplusia albostriata;Asia;Palearctic;2024;Turner, R. et al. (2024). International Non-native Insect Establishment Data (0.2.1) [Data set]. Zenodo
Ctenoplusia albostriata;Asia;Oriental;2024;Turner, R. et al. (2024). International Non-native Insect Establishment Data (0.2.1) [Data set]. Zenodo
Ctenoplusia limbirena;Africa;Afrotropical;2019;Emmerson, A., Hoare, R. (2019). Lepidoptera from Redvale, Albany, north of Auckland, New Zealand, 2004-2016: an annotated list. The Weta. 53: 43-70
Ctenoplusia limbirena;Oceania;Oceanian;2019;Emmerson, A., Hoare, R. (2019). Lepidoptera from Redvale, Albany, north of Auckland, New Zealand, 2004-2016: an annotated list. The Weta. 53: 43-70
Ctenoplusia limbirena;Asia;Oriental;2019;Emmerson, A., Hoare, R. (2019). Lepidoptera from Redvale, Albany, north of Auckland, New Zealand, 2004-2016: an annotated list. The Weta. 53: 43-70
Ctenoplusia limbirena;Asia;Palearctic;2019;Emmerson, A., Hoare, R. (2019). Lepidoptera from Redvale, Albany, north of Auckland, New Zealand, 2004-2016: an annotated list. The Weta. 53: 43-70
Ctenoplusia limbirena;Europe;Palearctic;2019;Emmerson, A., Hoare, R. (2019). Lepidoptera from Redvale, Albany, north of Auckland, New Zealand, 2004-2016: an annotated list. The Weta. 53: 43-70
Ctenoplusia limbirena;Africa;Saharo-Arabian;2019;Emmerson, A., Hoare, R. (2019). Lepidoptera from Redvale, Albany, north of Auckland, New Zealand, 2004-2016: an annotated list. The Weta. 53: 43-70
Ctenoplusia limbirena;Asia;Sino-Japanese;2019;Emmerson, A., Hoare, R. (2019). Lepidoptera from Redvale, Albany, north of Auckland, New Zealand, 2004-2016: an annotated list. The Weta. 53: 43-70
Ctenoplusia limbirena;Asia;Oriental;2024;Turner, R. et al. (2024). International Non-native Insect Establishment Data (0.2.1) [Data set]. Zenodo
Ctenoplusia limbirena;Africa;Afrotropical;2024;Turner, R. et al. (2024). International Non-native Insect Establishment Data (0.2.1) [Data set]. Zenodo
Cucullia umbratica;Asia;Palearctic;2010;Handfield, L., Handfield, D. (2010). Cucullia umbratica (Lepidoptera, Noctuidae), a new European noctuid in North America. ZooKeys. 39: 183-186
Cucullia umbratica;Europe;Palearctic;2010;Handfield, L., Handfield, D. (2010). Cucullia umbratica (Lepidoptera, Noctuidae), a new European noctuid in North America. ZooKeys. 39: 183-186
Cucullia umbratica;Europe;Palearctic;2024;Turner, R. et al. (2024). International Non-native Insect Establishment Data (0.2.1) [Data set]. Zenodo
Cucullia umbratica;Asia;Palearctic;2024;Turner, R. et al. (2024). International Non-native Insect Establishment Data (0.2.1) [Data set]. Zenodo
Culladia cuneiferellus;Australia;Australian;2001;Hoare, R. (2001). Adventive species of Lepidoptera recorded for the first time in New Zealand since 1988. New Zealand Entomologist. 24: 23-47
Culladia cuneiferellus;Australia;Australian;2024;Turner, R. et al. (2024). International Non-native Insect Establishment Data (0.2.1) [Data set]. Zenodo
Cupha erymanthis;Asia;Oriental;1900;Moore, F., Swinhoe, C. (1900). Lepidoptera Indica - Volume IV - Rhopalocera. Lovell Reeve and Co. Limited. United Kingdom, London
Cupha erymanthis;Asia;Sino-Japanese;1900;Moore, F., Swinhoe, C. (1900). Lepidoptera Indica - Volume IV - Rhopalocera. Lovell Reeve and Co. Limited. United Kingdom, London
Cupha erymanthis;Asia;Oriental;2024;Turner, R. et al. (2024). International Non-native Insect Establishment Data (0.2.1) [Data set]. Zenodo
Curetis acuta;Asia;Oriental;2019;Liu, X. et al. (2019). Bright silver brilliancy from irregular microstructures in butterfly Curetis acuta moore. Advanced Optical Materials. 7(18): 1900687
Curetis acuta;Asia;Palearctic;2019;Liu, X. et al. (2019). Bright silver brilliancy from irregular microstructures in butterfly Curetis acuta moore. Advanced Optical Materials. 7(18): 1900687
Curetis acuta;Asia;Sino-Japanese;2019;Liu, X. et al. (2019). Bright silver brilliancy from irregular microstructures in butterfly Curetis acuta moore. Advanced Optical Materials. 7(18): 1900687
Cyclargus ammon;North America;Panamanian;2006;Matthews, D., Duncan, M. (2006). Additional records of Cyclargus ammon (Lycaenidae: Lycaeninae) in the Florida Keys. Journal of the Lepidopterists Society. 60(2): 97-99
Cyclargus ammon;South America;Neotropical;2024;Turner, R. et al. (2024). International Non-native Insect Establishment Data (0.2.1) [Data set]. Zenodo
Cyclophora nanaria;North America;Nearctic;2001;Vargas, H. et al. (2001). Notas sobre la polilla de la flor del olivo Cyclophora nanaria Walker (Lepidoptera: Geometridae, Sterrhinae). Idesia. 19: 25-33
Cyclophora nanaria;South America;Neotropical;2001;Vargas, H. et al. (2001). Notas sobre la polilla de la flor del olivo Cyclophora nanaria Walker (Lepidoptera: Geometridae, Sterrhinae). Idesia. 19: 25-33
Cyclophora nanaria;North America;Panamanian;2001;Vargas, H. et al. (2001). Notas sobre la polilla de la flor del olivo Cyclophora nanaria Walker (Lepidoptera: Geometridae, Sterrhinae). Idesia. 19: 25-33
Cyclophora nanaria;South America;Neotropical;2024;Turner, R. et al. (2024). International Non-native Insect Establishment Data (0.2.1) [Data set]. Zenodo
Cyclophora obstataria;Australia;Australian;1997;Holloway, J. (1997). The Moths of Borneo, Part 10 Geometridae, Subfamilies: Sterrhinae and Larentiinae. Southdene Sdn Bhd. Available online at: https://www.mothsofborneo.com/part-10/index.htm
Cyclophora obstataria;Asia;Oriental;1997;Holloway, J. (1997). The Moths of Borneo, Part 10 Geometridae, Subfamilies: Sterrhinae and Larentiinae. Southdene Sdn Bhd. Available online at: https://www.mothsofborneo.com/part-10/index.htm
Cyclophora obstataria;Asia;Oriental;2024;Turner, R. et al. (2024). International Non-native Insect Establishment Data (0.2.1) [Data set]. Zenodo
Cyclophora obstataria;Australia;Australian;2024;Turner, R. et al. (2024). International Non-native Insect Establishment Data (0.2.1) [Data set]. Zenodo
Chrysodeixis eriosoma;Oceania;Oceanian;2024;de Prins, J., de Prins, W. (2024). Afromoths, online database of Afrotropical moth species (Lepidoptera).
Chrysodeixis eriosoma;Asia;Oriental;2024;de Prins, J., de Prins, W. (2024). Afromoths, online database of Afrotropical moth species (Lepidoptera).
Cydalima perspectalis;Asia;Palearctic;2024;Turner, R. et al. (2024). International Non-native Insect Establishment Data (0.2.1) [Data set]. Zenodo
Cydalima perspectalis;Asia;Oriental;2024;Turner, R. et al. (2024). International Non-native Insect Establishment Data (0.2.1) [Data set]. Zenodo
Cydia coniferana;Asia;Palearctic;2007;Powell, N. (2007). First report of the Palearctic species Cydia coniferana (Tortricidae) in the western United States. Journal of the Lepidopterists Society. 61(3): 172-175
Cydia coniferana;Asia;Palearctic;2021;Goglia, L. (2021). Faunistic Notes on Lepidoptera Tortricidae from Calabria (South Italy) - Contribution to the knowledge of the Lepidoptera Tortricidae fauna of Mediterranean ecosystems. [PhD Thesis, Universita degli Studi della Tuscia and Universita degli Studi del Molise]
Cydia coniferana;Europe;Palearctic;2021;Goglia, L. (2021). Faunistic Notes on Lepidoptera Tortricidae from Calabria (South Italy) - Contribution to the knowledge of the Lepidoptera Tortricidae fauna of Mediterranean ecosystems. [PhD Thesis, Universita degli Studi della Tuscia and Universita degli Studi del Molise]
Cydia coniferana;Europe;Palearctic;2007;Powell, N. (2007). First report of the Palearctic species Cydia coniferana (Tortricidae) in the western United States. Journal of the Lepidopterists Society. 61(3): 172-175
Cydia coniferana;Asia;Sino-Japanese;2007;Powell, N. (2007). First report of the Palearctic species Cydia coniferana (Tortricidae) in the western United States. Journal of the Lepidopterists Society. 61(3): 172-175
Cydia coniferana;Europe;Palearctic;2024;Turner, R. et al. (2024). International Non-native Insect Establishment Data (0.2.1) [Data set]. Zenodo
Earias cupreoviridis;Africa;Afrotropical;2024;de Prins, J., de Prins, W. (2024). Afromoths, online database of Afrotropical moth species (Lepidoptera).
Earias cupreoviridis;Asia;Oriental;2024;de Prins, J., de Prins, W. (2024). Afromoths, online database of Afrotropical moth species (Lepidoptera).
Cydia illutana;Europe;Palearctic;2024;Turner, R. et al. (2024). International Non-native Insect Establishment Data (0.2.1) [Data set]. Zenodo
Cydia interscindana;Europe;Palearctic;2022;Takacs, A. et al. (2022). Bionomics and host plants of the invasive Cydia interscindana (Moschler, 1866) (Lepidoptera, Tortricidae), an emerging pest in the Carpathian Lowlands. Nota Lepidopterologica. 45: 53-64
Cydia interscindana;Africa;Saharo-Arabian;2022;Takacs, A. et al. (2022). Bionomics and host plants of the invasive Cydia interscindana (Moschler, 1866) (Lepidoptera, Tortricidae), an emerging pest in the Carpathian Lowlands. Nota Lepidopterologica. 45: 53-64
Cydia medicaginis;Europe;Palearctic;2007;Smith, R. et al. (2007). Recent non-native invertebrate plant pest establishments in Great Britain: origins, pathways, and trends. Agricultural and Forest Entomology. 9(4): 307-326
Cydia medicaginis;Europe;Palearctic;2024;Turner, R. et al. (2024). International Non-native Insect Establishment Data (0.2.1) [Data set]. Zenodo
Cydia millenniana;Asia;Palearctic;2010;Lopez-Vaamonde, C. et al. (2010). Lepidoptera. Chapter 11. BioRisk. 4: 603-668
Cydia millenniana;Europe;Palearctic;2010;Lopez-Vaamonde, C. et al. (2010). Lepidoptera. Chapter 11. BioRisk. 4: 603-668
Cydia nigricana;Europe;Palearctic;2015;Thoming, G., Norli, H. (2015). Olfactory cues from different plant species in host selection by female pea moths. Journal of Agricultural and Food Chemistry. 63(8): 2127-2136
Cydia nigricana;Europe;Palearctic;2024;Turner, R. et al. (2024). International Non-native Insect Establishment Data (0.2.1) [Data set]. Zenodo
Cydia pactolana;Europe;Palearctic;2010;Lopez-Vaamonde, C. et al. (2010). Lepidoptera. Chapter 11. BioRisk. 4: 603-668
Cydia pomonella;Europe;Palearctic;2024;Mahi, T. et al. (2024). Tracing the origin of the alien pest Cydia pomonella in Algeria through a worldwide comparison of the species DNA barcodes. Agricultural and Forest Entomology. 27(2): 171‚ai181
Cydia pomonella;Europe;Palearctic;2024;Turner, R. et al. (2024). International Non-native Insect Establishment Data (0.2.1) [Data set]. Zenodo
Cydia saltitans;North America;Nearctic;2012;West, D. et al. (2012). Locomotion of Mexican jumping beans. Bioinspiration and Biomimetics. 7(3): 036014
Earias cupreoviridis;Asia;Saharo-Arabian;2024;de Prins, J., de Prins, W. (2024). Afromoths, online database of Afrotropical moth species (Lepidoptera).
Cydia strobilella;Europe;Palearctic;2010;Lopez-Vaamonde, C. et al. (2010). Lepidoptera. Chapter 11. BioRisk. 4: 603-668
Cydia succedana;Europe;Palearctic;2002;Hill, R., Gourlay, A. (2002). Host-range testing, introduction, and establishment of Cydia succedana (Lepidoptera: Tortricidae) for biological control of gorse, Ulex europaeus L., in New Zealand. Biological Control. 25(2): 173-186
Cymolomia hartigiana;Asia;Palearctic;2004;Bong-Kyu, B. et al. (2004). Cymolomia hartigiana (Saxesen, 1840)(Lepidoptera: Tortricidae) attacking to Abies nephrolepis max. new to Daxinganling, Heilongjiang, China. Journal of Forestry Research. 15(1): 67-68
Cymolomia hartigiana;Asia;Sino-Japanese;2004;Bong-Kyu, B. et al. (2004). Cymolomia hartigiana (Saxesen, 1840)(Lepidoptera: Tortricidae) attacking to Abies nephrolepis max. new to Daxinganling, Heilongjiang, China. Journal of Forestry Research. 15(1): 67-68
Cymolomia hartigiana;Europe;Palearctic;2024;Turner, R. et al. (2024). International Non-native Insect Establishment Data (0.2.1) [Data set]. Zenodo
Dahlica lichenella;Europe;Palearctic;2025;Shropshire, K., Tallamy, D. (2025). Lepidoptera of North American north of Mexico: An annotated list containing geographic ranges and host plant records. ZooKeys
Dahlica lichenella;Asia;Palearctic;2025;Shropshire, K., Tallamy, D. (2025). Lepidoptera of North American north of Mexico: An annotated list containing geographic ranges and host plant records. ZooKeys
Dahlica triquetrella;Europe;Palearctic;2025;Shropshire, K., Tallamy, D. (2025). Lepidoptera of North American north of Mexico: An annotated list containing geographic ranges and host plant records. ZooKeys
Dahlica triquetrella;Asia;Palearctic;2025;Shropshire, K., Tallamy, D. (2025). Lepidoptera of North American north of Mexico: An annotated list containing geographic ranges and host plant records. ZooKeys
Danaus chrysippus;Africa;Afrotropical;2021;Westrip, J. (2021). Danaus chrysippus (errata version published in 2022). The IUCN Red List of Threatened Species. 2021: e.T174455A222994680
Danaus chrysippus;Australia;Australian;2021;Westrip, J. (2021). Danaus chrysippus (errata version published in 2022). The IUCN Red List of Threatened Species. 2021: e.T174455A222994680
Danaus chrysippus;Africa;Madagascan;2021;Westrip, J. (2021). Danaus chrysippus (errata version published in 2022). The IUCN Red List of Threatened Species. 2021: e.T174455A222994680
Danaus chrysippus;Oceania;Oceanian;2021;Westrip, J. (2021). Danaus chrysippus (errata version published in 2022). The IUCN Red List of Threatened Species. 2021: e.T174455A222994680
Danaus chrysippus;Asia;Oriental;2021;Westrip, J. (2021). Danaus chrysippus (errata version published in 2022). The IUCN Red List of Threatened Species. 2021: e.T174455A222994680
Danaus chrysippus;Asia;Palearctic;2021;Westrip, J. (2021). Danaus chrysippus (errata version published in 2022). The IUCN Red List of Threatened Species. 2021: e.T174455A222994680
Danaus chrysippus;Europe;Palearctic;2021;Westrip, J. (2021). Danaus chrysippus (errata version published in 2022). The IUCN Red List of Threatened Species. 2021: e.T174455A222994680
Danaus chrysippus;Africa;Saharo-Arabian;2021;Westrip, J. (2021). Danaus chrysippus (errata version published in 2022). The IUCN Red List of Threatened Species. 2021: e.T174455A222994680
Danaus chrysippus;Asia;Saharo-Arabian;2021;Westrip, J. (2021). Danaus chrysippus (errata version published in 2022). The IUCN Red List of Threatened Species. 2021: e.T174455A222994680
Danaus chrysippus;Asia;Sino-Japanese;2021;Westrip, J. (2021). Danaus chrysippus (errata version published in 2022). The IUCN Red List of Threatened Species. 2021: e.T174455A222994680
Danaus chrysippus;Asia;Oriental;2024;Turner, R. et al. (2024). International Non-native Insect Establishment Data (0.2.1) [Data set]. Zenodo
Danaus chrysippus;Africa;Afrotropical;2024;Turner, R. et al. (2024). International Non-native Insect Establishment Data (0.2.1) [Data set]. Zenodo
Danaus chrysippus;Australia;Australian;2024;Turner, R. et al. (2024). International Non-native Insect Establishment Data (0.2.1) [Data set]. Zenodo
Danaus genutia;Australia;Australian;2010;Atluri, J. et al. (2010). Life History and Larval Performance of the Common Tiger Butterfly, Danaus genuita Cramer (Lepidoptera, Rhopalocera, Danaidae). The Bioscan. 5(3): 511-515
Danaus genutia;Asia;Oriental;2010;Atluri, J. et al. (2010). Life History and Larval Performance of the Common Tiger Butterfly, Danaus genuita Cramer (Lepidoptera, Rhopalocera, Danaidae). The Bioscan. 5(3): 511-515
Danaus plexippus;Australia;Australian;2022;Walker, A. et al. (2022). Danaus plexippus (errata version published in 2022). The IUCN Red List of Threatened Species. 2022: e.T159971A219149911
Danaus plexippus;Oceania;Australian;2022;Walker, A. et al. (2022). Danaus plexippus (errata version published in 2022). The IUCN Red List of Threatened Species. 2022: e.T159971A219149911
Danaus plexippus;North America;Nearctic;2022;Walker, A. et al. (2022). Danaus plexippus (errata version published in 2022). The IUCN Red List of Threatened Species. 2022: e.T159971A219149911
Danaus plexippus;Oceania;Nearctic;2022;Walker, A. et al. (2022). Danaus plexippus (errata version published in 2022). The IUCN Red List of Threatened Species. 2022: e.T159971A219149911
Danaus plexippus;South America;Neotropical;2022;Walker, A. et al. (2022). Danaus plexippus (errata version published in 2022). The IUCN Red List of Threatened Species. 2022: e.T159971A219149911
Danaus plexippus;Asia;Oriental;2022;Walker, A. et al. (2022). Danaus plexippus (errata version published in 2022). The IUCN Red List of Threatened Species. 2022: e.T159971A219149911
Danaus plexippus;Asia;Palearctic;2022;Walker, A. et al. (2022). Danaus plexippus (errata version published in 2022). The IUCN Red List of Threatened Species. 2022: e.T159971A219149911
Danaus plexippus;Europe;Palearctic;2022;Walker, A. et al. (2022). Danaus plexippus (errata version published in 2022). The IUCN Red List of Threatened Species. 2022: e.T159971A219149911
Danaus plexippus;North America;Panamanian;2022;Walker, A. et al. (2022). Danaus plexippus (errata version published in 2022). The IUCN Red List of Threatened Species. 2022: e.T159971A219149911
Danaus plexippus;South America;Panamanian;2022;Walker, A. et al. (2022). Danaus plexippus (errata version published in 2022). The IUCN Red List of Threatened Species. 2022: e.T159971A219149911
Danaus plexippus;Asia;Sino-Japanese;2022;Walker, A. et al. (2022). Danaus plexippus (errata version published in 2022). The IUCN Red List of Threatened Species. 2022: e.T159971A219149911
Danaus plexippus;North America;Nearctic;2024;Turner, R. et al. (2024). International Non-native Insect Establishment Data (0.2.1) [Data set]. Zenodo
Earias cupreoviridis;Asia;Sino-Japanese;2024;de Prins, J., de Prins, W. (2024). Afromoths, online database of Afrotropical moth species (Lepidoptera).
Eublemma accedens;Africa;Afrotropical;2024;de Prins, J., de Prins, W. (2024). Afromoths, online database of Afrotropical moth species (Lepidoptera).
Eublemma accedens;Australia;Australian;2024;de Prins, J., de Prins, W. (2024). Afromoths, online database of Afrotropical moth species (Lepidoptera).
Eublemma accedens;Africa;Madagascan;2024;de Prins, J., de Prins, W. (2024). Afromoths, online database of Afrotropical moth species (Lepidoptera).
Eublemma accedens;Oceania;Oceanian;2024;de Prins, J., de Prins, W. (2024). Afromoths, online database of Afrotropical moth species (Lepidoptera).
Eublemma accedens;Asia;Oriental;2024;de Prins, J., de Prins, W. (2024). Afromoths, online database of Afrotropical moth species (Lepidoptera).
Euchromia lethe;Africa;Afrotropical;2024;de Prins, J., de Prins, W. (2024). Afromoths, online database of Afrotropical moth species (Lepidoptera).
Daphnis nerii;Asia;Oriental;2024;Turner, R. et al. (2024). International Non-native Insect Establishment Data (0.2.1) [Data set]. Zenodo
Daphnis nerii;Africa;Afrotropical;2024;Turner, R. et al. (2024). International Non-native Insect Establishment Data (0.2.1) [Data set]. Zenodo
Dasypodia cymatodes;Australia;Australian;2001;Hoare, R. (2001). Adventive species of Lepidoptera recorded for the first time in New Zealand since 1988. New Zealand Entomologist. 24: 23-47
Dasypodia cymatodes;Australia;Australian;2024;Turner, R. et al. (2024). International Non-native Insect Establishment Data (0.2.1) [Data set]. Zenodo
Dasypodia selenophora;Australia;Australian;2001;Hoare, R. (2001). Adventive species of Lepidoptera recorded for the first time in New Zealand since 1988. New Zealand Entomologist. 24: 23-47
Dasypodia selenophora;Australia;Australian;2024;Turner, R. et al. (2024). International Non-native Insect Establishment Data (0.2.1) [Data set]. Zenodo
Dasyses incrustata;Africa;Afrotropical;1930;Meyrick, E. (1930). Exotic Microlepidoptera - Vol. III. Taylor  Francis. United Kingdom
Dasystoma salicella;Asia;Palearctic;1988;Contant, H. (1988). Modification of microclimate by the blueberry leaf-tier, Cheimophila salicella (Hbn.)(Lepidoptera: Oecophoridae) [PhD Dissertation, University of British Columbia]
Dasystoma salicella;Europe;Palearctic;1988;Contant, H. (1988). Modification of microclimate by the blueberry leaf-tier, Cheimophila salicella (Hbn.)(Lepidoptera: Oecophoridae) [PhD Dissertation, University of British Columbia]
Davara caricae;North America;Panamanian;2025;Shropshire, K., Tallamy, D. (2025). Lepidoptera of North American north of Mexico: An annotated list containing geographic ranges and host plant records. ZooKeys
Davara caricae;South America;Panamanian;2025;Shropshire, K., Tallamy, D. (2025). Lepidoptera of North American north of Mexico: An annotated list containing geographic ranges and host plant records. ZooKeys
Davara caricae;North America;Nearctic;2025;Shropshire, K., Tallamy, D. (2025). Lepidoptera of North American north of Mexico: An annotated list containing geographic ranges and host plant records. ZooKeys
Davara caricae;South America;Neotropical;2025;Shropshire, K., Tallamy, D. (2025). Lepidoptera of North American north of Mexico: An annotated list containing geographic ranges and host plant records. ZooKeys
Deanolis sublimbalis;Asia;Oriental;2009;Royer, J. (2009). Spread of red-banded mango caterpillar, Deanolis sublimbalis Snellen (Lepidoptera: Pyralidae), in Cape York Peninsula, Australia. The Australian Entomologist. 36(3): 119-130
Deanolis sublimbalis;Asia;Oriental;2024;Turner, R. et al. (2024). International Non-native Insect Establishment Data (0.2.1) [Data set]. Zenodo
Deilephila elpenor;Asia;Oriental;2013;Hanif, H. et al. (2013). First record of Deilephila elpenor L. moth from Chakwal Punjab Pakistan. International Journal of Fauna and Biological Studies. 3(2): 10-13
Deilephila elpenor;Asia;Palearctic;2013;Hanif, H. et al. (2013). First record of Deilephila elpenor L. moth from Chakwal Punjab Pakistan. International Journal of Fauna and Biological Studies. 3(2): 10-13
Deilephila elpenor;Europe;Palearctic;2013;Hanif, H. et al. (2013). First record of Deilephila elpenor L. moth from Chakwal Punjab Pakistan. International Journal of Fauna and Biological Studies. 3(2): 10-13
Deilephila elpenor;Asia;Saharo-Arabian;2013;Hanif, H. et al. (2013). First record of Deilephila elpenor L. moth from Chakwal Punjab Pakistan. International Journal of Fauna and Biological Studies. 3(2): 10-13
Deilephila elpenor;Asia;Sino-Japanese;2013;Hanif, H. et al. (2013). First record of Deilephila elpenor L. moth from Chakwal Punjab Pakistan. International Journal of Fauna and Biological Studies. 3(2): 10-13
Euchromia lethe;Africa;Madagascan;2024;de Prins, J., de Prins, W. (2024). Afromoths, online database of Afrotropical moth species (Lepidoptera).
Euclasta gigantalis;Africa;Afrotropical;2024;de Prins, J., de Prins, W. (2024). Afromoths, online database of Afrotropical moth species (Lepidoptera).
Euclasta gigantalis;Africa;Madagascan;2024;de Prins, J., de Prins, W. (2024). Afromoths, online database of Afrotropical moth species (Lepidoptera).
Galtara extensa;Africa;Madagascan;2024;de Prins, J., de Prins, W. (2024). Afromoths, online database of Afrotropical moth species (Lepidoptera).
Dendrolimus pini;Europe;Palearctic;2024;Turner, R. et al. (2024). International Non-native Insect Establishment Data (0.2.1) [Data set]. Zenodo
Dendrolimus pini;Asia;Palearctic;2024;Turner, R. et al. (2024). International Non-native Insect Establishment Data (0.2.1) [Data set]. Zenodo
Hypena commixtalis;Africa;Afrotropical;2024;de Prins, J., de Prins, W. (2024). Afromoths, online database of Afrotropical moth species (Lepidoptera).
Dendrolimus sibiricus;Asia;Palearctic;2020;Flo, D. et al. (2020). The Siberian moth (Dendrolimus sibiricus), a pest risk assessment for Norway. Forest Ecosystems. 7: 1-11
Dendrolimus sibiricus;Asia;Palearctic;2018;Jeong, J. et al. (2018). DNA data and morphology suggest an occurrence of Dendrolimus sibiricus Tschetverikov, 1908 (Lepidoptera: Lasiocampidae) instead of D. superans Butler, 1877, in South Korea. Entomological Research. 48(2): 108-121
Dendrolimus sibiricus;Europe;Palearctic;2020;Flo, D. et al. (2020). The Siberian moth (Dendrolimus sibiricus), a pest risk assessment for Norway. Forest Ecosystems. 7: 1-11
Dendrolimus sibiricus;Asia;Sino-Japanese;2018;Jeong, J. et al. (2018). DNA data and morphology suggest an occurrence of Dendrolimus sibiricus Tschetverikov, 1908 (Lepidoptera: Lasiocampidae) instead of D. superans Butler, 1877, in South Korea. Entomological Research. 48(2): 108-121
Dendrolimus sibiricus;Asia;Sino-Japanese;2020;Flo, D. et al. (2020). The Siberian moth (Dendrolimus sibiricus), a pest risk assessment for Norway. Forest Ecosystems. 7: 1-11
Dendrolimus superans;Asia;Palearctic;2018;Jeong, J. et al. (2018). DNA data and morphology suggest an occurrence of Dendrolimus sibiricus Tschetverikov, 1908 (Lepidoptera: Lasiocampidae) instead of D. superans Butler, 1877, in South Korea. Entomological Research. 48(2): 108-121
Dendrolimus superans;Asia;Sino-Japanese;2018;Jeong, J. et al. (2018). DNA data and morphology suggest an occurrence of Dendrolimus sibiricus Tschetverikov, 1908 (Lepidoptera: Lasiocampidae) instead of D. superans Butler, 1877, in South Korea. Entomological Research. 48(2): 108-121
Depressaria apiella;Asia;Palearctic;2003;Mckenna, D., Berenbaum, M. (2003). A field investication of depressaria (elachistidae) iiost piants and ecolocy in the western united states. Journal of the Lepidopterists Society. 57(1): 36-42
Depressaria apiella;Europe;Palearctic;2003;Mckenna, D., Berenbaum, M. (2003). A field investication of depressaria (elachistidae) iiost piants and ecolocy in the western united states. Journal of the Lepidopterists Society. 57(1): 36-42
Depressaria depressana;Asia;Palearctic;2013;Landry, J. et al. (2013). Shared but overlooked: 30 species of Holarctic Microlepidoptera revealed by DNA barcodes and morphology. Zootaxa. 3749(1): 1-93
Depressaria depressana;Europe;Palearctic;2013;Landry, J. et al. (2013). Shared but overlooked: 30 species of Holarctic Microlepidoptera revealed by DNA barcodes and morphology. Zootaxa. 3749(1): 1-93
Depressaria depressana;Asia;Sino-Japanese;2013;Landry, J. et al. (2013). Shared but overlooked: 30 species of Holarctic Microlepidoptera revealed by DNA barcodes and morphology. Zootaxa. 3749(1): 1-93
Depressaria depressana;Europe;Palearctic;2024;Turner, R. et al. (2024). International Non-native Insect Establishment Data (0.2.1) [Data set]. Zenodo
Depressaria discipunctella;Asia;Palearctic;2016;Harrison, T. et al. (2016). Depressaria depressana (Fabricius)(Depressariidae), new to the Midwestern USA. The Journal of the Lepidopterists Society. 70(2): 169-173
Depressaria discipunctella;Europe;Palearctic;2016;Harrison, T. et al. (2016). Depressaria depressana (Fabricius)(Depressariidae), new to the Midwestern USA. The Journal of the Lepidopterists Society. 70(2): 169-173
Depressaria discipunctella;Asia;Saharo-Arabian;2016;Harrison, T. et al. (2016). Depressaria depressana (Fabricius)(Depressariidae), new to the Midwestern USA. The Journal of the Lepidopterists Society. 70(2): 169-173
Depressaria radiella;Europe;Palearctic;2025;Shropshire, K., Tallamy, D. (2025). Lepidoptera of North American north of Mexico: An annotated list containing geographic ranges and host plant records. ZooKeys
Depressaria radiella;Asia;Palearctic;2025;Shropshire, K., Tallamy, D. (2025). Lepidoptera of North American north of Mexico: An annotated list containing geographic ranges and host plant records. ZooKeys
Deudorix livia;Africa;Afrotropical;2005;Gong, C. (2005) The first record of the Eremic Lycaenid Deudorix livia (Klug, 1834) in Europe. Atalanta. 36(1): 109-112
Deudorix livia;Africa;Saharo-Arabian;2005;Gong, C. (2005) The first record of the Eremic Lycaenid Deudorix livia (Klug, 1834) in Europe. Atalanta. 36(1): 109-112
Deudorix livia;Asia;Saharo-Arabian;2005;Gong, C. (2005) The first record of the Eremic Lycaenid Deudorix livia (Klug, 1834) in Europe. Atalanta. 36(1): 109-112
Diacrotricha fasciola;Asia;Oriental;2015;Anderson, S. et al. (2015). New distribution records of the Star Fruit Flower Moth (Diacrotricha fasciola)(Lepidoptera: Pterophoridae) in Australia and Timor-Leste. Northern Territory Naturalist. 26: 76-84
Diacrotricha fasciola;Asia;Oriental;2024;Turner, R. et al. (2024). International Non-native Insect Establishment Data (0.2.1) [Data set]. Zenodo
Dialectica scalariella;Asia;Palearctic;2023;Langdon, W. (2023). Dialectica scalariella (Zeller, 1850)(Lep.: Gracillariidae) at Dungeness, Kent: The first British Breeding Record. Entomologists Record and Journal of Variation. 135: 6-18
Dialectica scalariella;Europe;Palearctic;2023;Langdon, W. (2023). Dialectica scalariella (Zeller, 1850)(Lep.: Gracillariidae) at Dungeness, Kent: The first British Breeding Record. Entomologists Record and Journal of Variation. 135: 6-18
Dialectica scalariella;Europe;Palearctic;1997;Kumata, T., Horak, M. (1997). The native Dialectica aemula (Meyrick) and the introduced Dialectica scalariella (Zeller)(Lepidoptera: Gracillariidae) in Australia: characterisation of two closely related species on Boraginaceae. Australian Journal of Entomology. 36(1): 25-35
Dialectica scalariella;Africa;Saharo-Arabian;2023;Langdon, W. (2023). Dialectica scalariella (Zeller, 1850)(Lep.: Gracillariidae) at Dungeness, Kent: The first British Breeding Record. Entomologists Record and Journal of Variation. 135: 6-18
Dialectica scalariella;Africa;Afrotropical;2023;Langdon, W. (2023). Dialectica scalariella (Zeller, 1850)(Lep.: Gracillariidae) at Dungeness, Kent: The first British Breeding Record. Entomologists Record and Journal of Variation. 135: 6-18
Dialectica scalariella;Africa;Madagascan;2023;Langdon, W. (2023). Dialectica scalariella (Zeller, 1850)(Lep.: Gracillariidae) at Dungeness, Kent: The first British Breeding Record. Entomologists Record and Journal of Variation. 135: 6-18
Dialectica scalariella;Asia;Saharo-Arabian;2023;Langdon, W. (2023). Dialectica scalariella (Zeller, 1850)(Lep.: Gracillariidae) at Dungeness, Kent: The first British Breeding Record. Entomologists Record and Journal of Variation. 135: 6-18
Dialectica scalariella;Europe;Palearctic;2024;Turner, R. et al. (2024). International Non-native Insect Establishment Data (0.2.1) [Data set]. Zenodo
Dialectica scalariella;Asia;Palearctic;2024;Turner, R. et al. (2024). International Non-native Insect Establishment Data (0.2.1) [Data set]. Zenodo
Dialectica scalariella;Australia;Australian;2024;Turner, R. et al. (2024). International Non-native Insect Establishment Data (0.2.1) [Data set]. Zenodo
Diaphania costata;South America;Neotropical;2025;Shropshire, K., Tallamy, D. (2025). Lepidoptera of North American north of Mexico: An annotated list containing geographic ranges and host plant records. ZooKeys
Diaphania hyalinata;North America;Nearctic;2005;Capinera, J. (2005). Melonworm, Diaphania hyalinata Linnaeus (Insecta: Lepidoptera: Pyralidae). Florida Cooperation Extension Service, Institute of Food and Agricultural Sciences, University of Florida, Gainesville, Florida: EENY163
Diaphania hyalinata;South America;Neotropical;2005;Capinera, J. (2005). Melonworm, Diaphania hyalinata Linnaeus (Insecta: Lepidoptera: Pyralidae). Florida Cooperation Extension Service, Institute of Food and Agricultural Sciences, University of Florida, Gainesville, Florida: EENY163
Diaphania hyalinata;North America;Panamanian;2005;Capinera, J. (2005). Melonworm, Diaphania hyalinata Linnaeus (Insecta: Lepidoptera: Pyralidae). Florida Cooperation Extension Service, Institute of Food and Agricultural Sciences, University of Florida, Gainesville, Florida: EENY163
Diaphania hyalinata;North America;Nearctic;2024;Turner, R. et al. (2024). International Non-native Insect Establishment Data (0.2.1) [Data set]. Zenodo
Diaphania hyalinata;South America;Neotropical;2024;Turner, R. et al. (2024). International Non-native Insect Establishment Data (0.2.1) [Data set]. Zenodo
Diaphania indica;Asia;Oriental;2018;Dai, L. et al. (2018). Mitochondrial genome of Diaphania indica (saunders)(Lepidoptera: Pyraloidea) and implications for its phylogeny. International Journal of Biological Macromolecules. 108: 981-989
Diaphania indica;Asia;Oriental;2024;EFSA Panel on Plant Health (EFSA PLH Panel), et al. (2024). Pest categorisation of Diaphania indica. EFSA Journal. 22(5): e8806
Diaphania indica;Asia;Saharo-Arabian;2018;Dai, L. et al. (2018). Mitochondrial genome of Diaphania indica (saunders)(Lepidoptera: Pyraloidea) and implications for its phylogeny. International Journal of Biological Macromolecules. 108: 981-989
Diaphania indica;Asia;Sino-Japanese;2018;Dai, L. et al. (2018). Mitochondrial genome of Diaphania indica (saunders)(Lepidoptera: Pyraloidea) and implications for its phylogeny. International Journal of Biological Macromolecules. 108: 981-989
Diaphania indica;Asia;Oriental;2024;Turner, R. et al. (2024). International Non-native Insect Establishment Data (0.2.1) [Data set]. Zenodo
Diastema tigris;South America;Neotropical;1852;Guenee, A. (1852). Noctuelites II. in Boisduval and Guenee: Histoire naturelle des insectes. Species general des lepidopteres 6: 1-444. Paris (Roret)
Diastema tigris;South America;Neotropical;2012;Misra, S. et al. (2012). Biocontrol strategy for major invasive weeds of neotropical origin in India. Bioherald: International Journal of Biodiversity and Environment. 2(2): 134-142
Diastema tigris;South America;Neotropical;1856;Walker, F. (1856). List of the Specimens of Lepidopterous Insects in the Collection of the British Museum - Part 10 Noctuidae. E. Newman, Devonshire Street, Bishopsgate. London, United Kingdom. 982pp
Diastema tigris;North America;Panamanian;2012;Misra, S. et al. (2012). Biocontrol strategy for major invasive weeds of neotropical origin in India. Bioherald: International Journal of Biodiversity and Environment. 2(2): 134-142
Diastema tigris;South America;Panamanian;1852;Guenee, A. (1852). Noctuelites II. in Boisduval and Guenee: Histoire naturelle des insectes. Species general des lepidopteres 6: 1-444. Paris (Roret)
Diastema tigris;South America;Neotropical;2024;Turner, R. et al. (2024). International Non-native Insect Establishment Data (0.2.1) [Data set]. Zenodo
Diatraea grandiosella;North America;Nearctic;2025;Shropshire, K., Tallamy, D. (2025). Lepidoptera of North American north of Mexico: An annotated list containing geographic ranges and host plant records. ZooKeys
Diatraea rufescens;South America;Neotropical;2016;Solis, M., Metz, M. (2016). An illustrated guide to the identification of the known species of Diatraea Guilding (Lepidoptera, Crambidae, Crambinae) based on genitalia. ZooKeys. 565: 73-121
Diatraea saccharalis;North America;Nearctic;2014;Joyce, A. et al. (2014). Geographic population structure of the sugarcane borer, Diatraea saccharalis (F.)(Lepidoptera: Crambidae), in the southern United States. PLoS One. 9(10): e110036
Diatraea saccharalis;South America;Neotropical;2019;Francischini, F. et al. (2019). Diatraea saccharalis history of colonization in the Americas. The case for human-mediated dispersal. PLoS One. 14(7): e0220031
Diatraea saccharalis;North America;Panamanian;2014;Joyce, A. et al. (2014). Geographic population structure of the sugarcane borer, Diatraea saccharalis (F.)(Lepidoptera: Crambidae), in the southern United States. PLoS One. 9(10): e110036
Diatraea saccharalis;South America;Panamanian;2014;Joyce, A. et al. (2014). Geographic population structure of the sugarcane borer, Diatraea saccharalis (F.)(Lepidoptera: Crambidae), in the southern United States. PLoS One. 9(10): e110036
Diatraea saccharalis;South America;Neotropical;2024;Turner, R. et al. (2024). International Non-native Insect Establishment Data (0.2.1) [Data set]. Zenodo
Dichelia histrionana;Asia;Palearctic;2007;Seven, S., Ozdemir, M. (2007). The genus Dichelia Guenee, 1845 (Lepidoptera: Tortricidae) in Turkey. Acta Entomologica Slovenica. 15(2): 185-190
Dichelia histrionana;Europe;Palearctic;2007;Seven, S., Ozdemir, M. (2007). The genus Dichelia Guenee, 1845 (Lepidoptera: Tortricidae) in Turkey. Acta Entomologica Slovenica. 15(2): 185-190
Dichelia histrionana;Europe;Palearctic;2024;Turner, R. et al. (2024). International Non-native Insect Establishment Data (0.2.1) [Data set]. Zenodo
Dichomeris acuminatus;Africa;Afrotropical;1978;Zimmerman, E. (1978). Insects of Hawaii. Vol. 9 Microlepidoptera. Part II. The University Press of Hawaii, Honolulu, Hawaii, United States of America
Dichomeris acuminatus;Australia;Australian;1978;Zimmerman, E. (1978). Insects of Hawaii. Vol. 9 Microlepidoptera. Part II. The University Press of Hawaii, Honolulu, Hawaii, United States of America
Dichomeris acuminatus;Africa;Madagascan;1978;Zimmerman, E. (1978). Insects of Hawaii. Vol. 9 Microlepidoptera. Part II. The University Press of Hawaii, Honolulu, Hawaii, United States of America
Dichomeris acuminatus;Asia;Oriental;1978;Zimmerman, E. (1978). Insects of Hawaii. Vol. 9 Microlepidoptera. Part II. The University Press of Hawaii, Honolulu, Hawaii, United States of America
Dichomeris acuminatus;Asia;Palearctic;1978;Zimmerman, E. (1978). Insects of Hawaii. Vol. 9 Microlepidoptera. Part II. The University Press of Hawaii, Honolulu, Hawaii, United States of America
Dichomeris acuminatus;Europe;Palearctic;1978;Zimmerman, E. (1978). Insects of Hawaii. Vol. 9 Microlepidoptera. Part II. The University Press of Hawaii, Honolulu, Hawaii, United States of America
Dichomeris acuminatus;Africa;Saharo-Arabian;1978;Zimmerman, E. (1978). Insects of Hawaii. Vol. 9 Microlepidoptera. Part II. The University Press of Hawaii, Honolulu, Hawaii, United States of America
Dichomeris acuminatus;Asia;Saharo-Arabian;1978;Zimmerman, E. (1978). Insects of Hawaii. Vol. 9 Microlepidoptera. Part II. The University Press of Hawaii, Honolulu, Hawaii, United States of America
Dichomeris acuminatus;Europe;Palearctic;2024;Turner, R. et al. (2024). International Non-native Insect Establishment Data (0.2.1) [Data set]. Zenodo
Dichomeris aenigmatica;North America;Nearctic;1966;Krauss, N. (1966). Biological control investigations on some Hawaiian weeds. Proceedings, Hawaiian Entomological Society. 19(2): 223-231
Dichomeris aenigmatica;South America;Neotropical;2024;Turner, R. et al. (2024). International Non-native Insect Establishment Data (0.2.1) [Data set]. Zenodo
Dichomeris heriguronis;Asia;Oriental;2010;Li, H. et al. (2010). Microlepidoptera of Hong Kong: Taxonomic study on the genus Dichomeris Hubner, 1818, with descriptions of three new species (Lepidoptera: Gelechiidae). SHILAP Revista de lepidopterologia. 38(149): 67-89
Hypena commixtalis;Australia;Australian;2024;de Prins, J., de Prins, W. (2024). Afromoths, online database of Afrotropical moth species (Lepidoptera).
Dichomeris marginella;Europe;Palearctic;2024;Turner, R. et al. (2024). International Non-native Insect Establishment Data (0.2.1) [Data set]. Zenodo
Dichomeris picrocarpa;Asia;Oriental;1991;Park, K. (1991). Gelechiidae (Lepidoptera) from North Korea with description of two new species. Annales historico-naturales Musei Natinonalis Hungarici. 83: 117-123
Dichomeris picrocarpa;Asia;Palearctic;1991;Park, K. (1991). Gelechiidae (Lepidoptera) from North Korea with description of two new species. Annales historico-naturales Musei Natinonalis Hungarici. 83: 117-123
Dichomeris picrocarpa;Asia;Sino-Japanese;1991;Park, K. (1991). Gelechiidae (Lepidoptera) from North Korea with description of two new species. Annales historico-naturales Musei Natinonalis Hungarici. 83: 117-123
Dichomeris picrocarpa;Asia;Palearctic;2024;Turner, R. et al. (2024). International Non-native Insect Establishment Data (0.2.1) [Data set]. Zenodo
Dichrorampha acuminatana;Europe;Palearctic;2020;Gilligan, T. et al. (2020). Immigrant Tortricidae: Holarctic versus Introduced Species in North America. Insects. 11(9):594
Dichrorampha acuminatana;Europe;Palearctic;2024;Turner, R. et al. (2024). International Non-native Insect Establishment Data (0.2.1) [Data set]. Zenodo
Dichrorampha aeratana;Europe;Palearctic;2020;Gilligan, T. et al. (2020). Immigrant Tortricidae: Holarctic versus Introduced Species in North America. Insects. 11(9):594
Dichrorampha aeratana;Europe;Palearctic;2024;Turner, R. et al. (2024). International Non-native Insect Establishment Data (0.2.1) [Data set]. Zenodo
Dichrorampha montanana;Europe;Palearctic;2020;Gilligan, T. et al. (2020). Immigrant Tortricidae: Holarctic versus Introduced Species in North America. Insects. 11(9):594
Dichrorampha montanana;Europe;Palearctic;2024;Turner, R. et al. (2024). International Non-native Insect Establishment Data (0.2.1) [Data set]. Zenodo
Dichrorampha petiverella;Europe;Palearctic;2020;Gilligan, T. et al. (2020). Immigrant Tortricidae: Holarctic versus Introduced Species in North America. Insects. 11(9):594
Dichrorampha petiverella;Europe;Palearctic;2024;Turner, R. et al. (2024). International Non-native Insect Establishment Data (0.2.1) [Data set]. Zenodo
Digrammia pallidata;North America;Nearctic;2010;Heard, T. et al. (2010). Biology, host specificity, release and establishment of Macaria pallidata and Leuciris fimbriaria (Lepidoptera: Geometridae), biological control agents of the weed Mimosa pigra. Biological Control. 55: 248-255
Digrammia pallidata;South America;Neotropical;2010;Heard, T. et al. (2010). Biology, host specificity, release and establishment of Macaria pallidata and Leuciris fimbriaria (Lepidoptera: Geometridae), biological control agents of the weed Mimosa pigra. Biological Control. 55: 248-255
Digrammia pallidata;North America;Panamanian;2010;Heard, T. et al. (2010). Biology, host specificity, release and establishment of Macaria pallidata and Leuciris fimbriaria (Lepidoptera: Geometridae), biological control agents of the weed Mimosa pigra. Biological Control. 55: 248-255
Digrammia pallidata;South America;Panamanian;2010;Heard, T. et al. (2010). Biology, host specificity, release and establishment of Macaria pallidata and Leuciris fimbriaria (Lepidoptera: Geometridae), biological control agents of the weed Mimosa pigra. Biological Control. 55: 248-255
Dinumma deponens;Asia;Oriental;2013;Adams, J. et al. (2013). Dinumma deponens, Walker 1858 (Erebidae) is here to stay. News of the Lepidopterists Society. 55(4): 176-177
Dinumma deponens;Asia;Palearctic;2013;Adams, J. et al. (2013). Dinumma deponens, Walker 1858 (Erebidae) is here to stay. News of the Lepidopterists Society. 55(4): 176-177
Dinumma deponens;Asia;Sino-Japanese;2013;Adams, J. et al. (2013). Dinumma deponens, Walker 1858 (Erebidae) is here to stay. News of the Lepidopterists Society. 55(4): 176-177
Dinumma deponens;Asia;Oriental;2024;Turner, R. et al. (2024). International Non-native Insect Establishment Data (0.2.1) [Data set]. Zenodo
Diplopseustis perieresalis;Australia;Australian;2006;Speidel, W. et al. (2006). The exotic pyraloid moth Diplopseustis perieresalis (Walker) expanding in the West Palaearctic Region (Crambidae: Spilomelinae). Nota Lepiderologica. 29(3): 185-192
Diplopseustis perieresalis;Oceania;Australian;2006;Speidel, W. et al. (2006). The exotic pyraloid moth Diplopseustis perieresalis (Walker) expanding in the West Palaearctic Region (Crambidae: Spilomelinae). Nota Lepiderologica. 29(3): 185-192
Diplopseustis perieresalis;Oceania;Oceanian;2006;Speidel, W. et al. (2006). The exotic pyraloid moth Diplopseustis perieresalis (Walker) expanding in the West Palaearctic Region (Crambidae: Spilomelinae). Nota Lepiderologica. 29(3): 185-192
Diplopseustis perieresalis;Asia;Oriental;2006;Speidel, W. et al. (2006). The exotic pyraloid moth Diplopseustis perieresalis (Walker) expanding in the West Palaearctic Region (Crambidae: Spilomelinae). Nota Lepiderologica. 29(3): 185-192
Diplopseustis perieresalis;Asia;Palearctic;2006;Speidel, W. et al. (2006). The exotic pyraloid moth Diplopseustis perieresalis (Walker) expanding in the West Palaearctic Region (Crambidae: Spilomelinae). Nota Lepiderologica. 29(3): 185-192
Diplopseustis perieresalis;Asia;Sino-Japanese;2006;Speidel, W. et al. (2006). The exotic pyraloid moth Diplopseustis perieresalis (Walker) expanding in the West Palaearctic Region (Crambidae: Spilomelinae). Nota Lepiderologica. 29(3): 185-192
Diplopseustis perieresalis;Asia;Palearctic;2024;Turner, R. et al. (2024). International Non-native Insect Establishment Data (0.2.1) [Data set]. Zenodo
Diplopseustis perieresalis;Asia;Oriental;2024;Turner, R. et al. (2024). International Non-native Insect Establishment Data (0.2.1) [Data set]. Zenodo
Disclisioprocta stellata;South America;Neotropical;2007;Arakelian, G. (2007). Bougainvillea Looper (Disclisioprocta stellata). Los Angeles County Department of Agricultural Commissioner/Weights and Measures. 1-2
Disclisioprocta stellata;South America;Neotropical;2024;Turner, R. et al. (2024). International Non-native Insect Establishment Data (0.2.1) [Data set]. Zenodo
Hypena commixtalis;Africa;Madagascan;2024;de Prins, J., de Prins, W. (2024). Afromoths, online database of Afrotropical moth species (Lepidoptera).
Ditula angustiorana;Europe;Palearctic;2024;Turner, R. et al. (2024). International Non-native Insect Establishment Data (0.2.1) [Data set]. Zenodo
Doloessa viridis;Australia;Australian;2002;Lim, G. (2002). Observations of Prasinoxena monospila and Doloessa viridis (Lepidoptera: Pyralidae) on the bark of Khaya ivorensis in Malaysia. Journal of Tropical Forest Science. 14(1): 158-161
Doloessa viridis;Oceania;Oceanian;2002;Lim, G. (2002). Observations of Prasinoxena monospila and Doloessa viridis (Lepidoptera: Pyralidae) on the bark of Khaya ivorensis in Malaysia. Journal of Tropical Forest Science. 14(1): 158-161
Doloessa viridis;Asia;Oriental;2002;Lim, G. (2002). Observations of Prasinoxena monospila and Doloessa viridis (Lepidoptera: Pyralidae) on the bark of Khaya ivorensis in Malaysia. Journal of Tropical Forest Science. 14(1): 158-161
Doloessa viridis;Asia;Sino-Japanese;2002;Lim, G. (2002). Observations of Prasinoxena monospila and Doloessa viridis (Lepidoptera: Pyralidae) on the bark of Khaya ivorensis in Malaysia. Journal of Tropical Forest Science. 14(1): 158-161
Doloessa viridis;Asia;Oriental;2024;Turner, R. et al. (2024). International Non-native Insect Establishment Data (0.2.1) [Data set]. Zenodo
Dryadaula advena;Oceania;Oceanian;2024;Turner, R. et al. (2024). International Non-native Insect Establishment Data (0.2.1) [Data set]. Zenodo
Dryadaula pactolia;Australia;Australian;2006;Yeates, G., Williams, P. (2006). Export of plant and animal species from an insular biota. In: Allen, R., Lee, W. (eds) (2006). Biological Invasions in New Zealand. Springer, Berlin, Germany. 85-100
Dryadaula terpsichorella;Oceania;Nearctic;2014;Lee, G. et al. (2014). External egg morphology of the Hawaiian dancing moth, Dryadaula terpsichorella (Lepidoptera: Tineidae). Journal of Natural History. 48(15-16): 969-974
Dryadaula terpsichorella;Oceania;Oceanian;2014;Lee, G. et al. (2014). External egg morphology of the Hawaiian dancing moth, Dryadaula terpsichorella (Lepidoptera: Tineidae). Journal of Natural History. 48(15-16): 969-974
Dryadaula terpsichorella;South America;Neotropical;2024;Turner, R. et al. (2024). International Non-native Insect Establishment Data (0.2.1) [Data set]. Zenodo
Dryobotodes tenebrosa;Europe;Palearctic;2017;Perez, J., Perez, R. (2017). Dryobotodes (Dichonioxa) tenebrosa (Esper,[1789])(Lepidoptera, Noctuidae, Hadeninae) en Orense (Galicia, NO Espana). Burbug 38
Dryobotodes tenebrosa;Europe;Palearctic;2024;Turner, R. et al. (2024). International Non-native Insect Establishment Data (0.2.1) [Data set]. Zenodo
Hypena commixtalis;Oceania;Oceanian;2024;de Prins, J., de Prins, W. (2024). Afromoths, online database of Afrotropical moth species (Lepidoptera).
Hypena commixtalis;Asia;Oriental;2024;de Prins, J., de Prins, W. (2024). Afromoths, online database of Afrotropical moth species (Lepidoptera).
Hypena commixtalis;Asia;Saharo-Arabian;2024;de Prins, J., de Prins, W. (2024). Afromoths, online database of Afrotropical moth species (Lepidoptera).
Duponchelia fovealis;Europe;Palearctic;2024;Turner, R. et al. (2024). International Non-native Insect Establishment Data (0.2.1) [Data set]. Zenodo
Hypena commixtalis;Asia;Sino-Japanese;2024;de Prins, J., de Prins, W. (2024). Afromoths, online database of Afrotropical moth species (Lepidoptera).
Earias ansorgei;Africa;Afrotropical;1969;Howarth, T. (1969). Some African Nymphalidae (Lepidoptera). Proceedings of the Royal Entomological Society of London, Series B, Taxonomy. 38(11): 141-156
Earias biplaga;Africa;Afrotropical;2016;de Prins, W., Mazzei, P. (2016). Some faunistic notes on selected moth species (Lepidoptera) from the Seychelles. Phelsuma. 24: 21-34
Earias biplaga;Africa;Madagascan;2016;de Prins, W., Mazzei, P. (2016). Some faunistic notes on selected moth species (Lepidoptera) from the Seychelles. Phelsuma. 24: 21-34
Earias biplaga;Oceania;Oceanian;2016;de Prins, W., Mazzei, P. (2016). Some faunistic notes on selected moth species (Lepidoptera) from the Seychelles. Phelsuma. 24: 21-34
Earias biplaga;Asia;Saharo-Arabian;2016;de Prins, W., Mazzei, P. (2016). Some faunistic notes on selected moth species (Lepidoptera) from the Seychelles. Phelsuma. 24: 21-34
Earias biplaga;Asia;Oriental;2016;de Prins, W., Mazzei, P. (2016). Some faunistic notes on selected moth species (Lepidoptera) from the Seychelles. Phelsuma. 24: 21-34
Earias cupreoviridis;Asia;Oriental;2016;Mazed, M. et al. (2016). Identification of okra shoot and fruit borer infesting okra and their distribution in Bangladesh. Bangladesh Journal of Agricultural Research. 41(4): 657-665
Earias cupreoviridis;Asia;Oriental;2014;Kravchenko, V. et al. (2014). Seven invasive owlet moths (Lepidoptera: Noctuidae) in Israel and their potential parasitoids (Hymenoptera: Chalcidoidea). Phytoparasitica. 42(3): 333-339
Earias cupreoviridis;Asia;Oriental;1965;Gentry, J. (1965). Crop insects of northeast Africa-southwest Asia (No. 273). Agricultural Research Service, US Department of Agriculture
Earias cupreoviridis;Asia;Saharo-Arabian;1965;Gentry, J. (1965). Crop insects of northeast Africa-southwest Asia (No. 273). Agricultural Research Service, US Department of Agriculture
Earias cupreoviridis;Asia;Sino-Japanese;1965;Gentry, J. (1965). Crop insects of northeast Africa-southwest Asia (No. 273). Agricultural Research Service, US Department of Agriculture
Earias cupreoviridis;Africa;Afrotropical;2014;Kravchenko, V. et al. (2014). Seven invasive owlet moths (Lepidoptera: Noctuidae) in Israel and their potential parasitoids (Hymenoptera: Chalcidoidea). Phytoparasitica. 42(3): 333-339
Earias cupreoviridis;Asia;Oriental;2014;Kravchenko, V. et al. (2014). Seven invasive owlet moths (Lepidoptera: Noctuidae) in Israel and their potential parasitoids (Hymenoptera: Chalcidoidea). Phytoparasitica. 42(3): 333-339
Earias insulana;Africa;Afrotropical;2008;Dantart, J., Cervello, A. (2008). Revision de les especies del genere Earias Hubner,[1825], a Catalunya (Lepidoptera, Nolidae). Butlletin de la Societat Catalana de Lepidopterologia. (99): 17-46
Earias insulana;Africa;Madagascan;2008;Dantart, J., Cervello, A. (2008). Revision de les especies del genere Earias Hubner,[1825], a Catalunya (Lepidoptera, Nolidae). Butlletin de la Societat Catalana de Lepidopterologia. (99): 17-46
Earias insulana;Asia;Oriental;2008;Dantart, J., Cervello, A. (2008). Revision de les especies del genere Earias Hubner,[1825], a Catalunya (Lepidoptera, Nolidae). Butlletin de la Societat Catalana de Lepidopterologia. (99): 17-46
Earias insulana;Europe;Palearctic;2008;Dantart, J., Cervello, A. (2008). Revision de les especies del genere Earias Hubner,[1825], a Catalunya (Lepidoptera, Nolidae). Butlletin de la Societat Catalana de Lepidopterologia. (99): 17-46
Earias insulana;Africa;Saharo-Arabian;2008;Dantart, J., Cervello, A. (2008). Revision de les especies del genere Earias Hubner,[1825], a Catalunya (Lepidoptera, Nolidae). Butlletin de la Societat Catalana de Lepidopterologia. (99): 17-46
Earias roseifera;Asia;Palearctic;2024;Turner, R. et al. (2024). International Non-native Insect Establishment Data (0.2.1) [Data set]. Zenodo
Earias roseifera;Asia;Oriental;2024;Turner, R. et al. (2024). International Non-native Insect Establishment Data (0.2.1) [Data set]. Zenodo
Pandesma anysa;Africa;Afrotropical;2024;de Prins, J., de Prins, W. (2024). Afromoths, online database of Afrotropical moth species (Lepidoptera).
Earias vittella;Africa;Afrotropical;2003;Nash, S. (2003). Earias vittella (Fabricius) (Lep.: Noctuidae) the first occurrence of wild-caught moths in Europe. Entomologists Record and Journal of Variation. 115: 187-188
Earias vittella;Australia;Australian;2003;Nash, S. (2003). Earias vittella (Fabricius) (Lep.: Noctuidae) the first occurrence of wild-caught moths in Europe. Entomologists Record and Journal of Variation. 115: 187-188
Earias vittella;Africa;Madagascan;2003;Nash, S. (2003). Earias vittella (Fabricius) (Lep.: Noctuidae) the first occurrence of wild-caught moths in Europe. Entomologists Record and Journal of Variation. 115: 187-188
Earias vittella;North America;Nearctic;2003;Nash, S. (2003). Earias vittella (Fabricius) (Lep.: Noctuidae) the first occurrence of wild-caught moths in Europe. Entomologists Record and Journal of Variation. 115: 187-188
Earias vittella;Oceania;Oceanian;2003;Nash, S. (2003). Earias vittella (Fabricius) (Lep.: Noctuidae) the first occurrence of wild-caught moths in Europe. Entomologists Record and Journal of Variation. 115: 187-188
Earias vittella;Asia;Oriental;2003;Nash, S. (2003). Earias vittella (Fabricius) (Lep.: Noctuidae) the first occurrence of wild-caught moths in Europe. Entomologists Record and Journal of Variation. 115: 187-188
Earias vittella;Asia;Oriental;2014;Kravchenko, V. et al. (2014). Seven invasive owlet moths (Lepidoptera: Noctuidae) in Israel and their potential parasitoids (Hymenoptera: Chalcidoidea). Phytoparasitica. 42(3): 333-339
Pandesma anysa;Asia;Oriental;2024;de Prins, J., de Prins, W. (2024). Afromoths, online database of Afrotropical moth species (Lepidoptera).
Earias vittella;Africa;Saharo-Arabian;2014;Kravchenko, V. et al. (2014). Seven invasive owlet moths (Lepidoptera: Noctuidae) in Israel and their potential parasitoids (Hymenoptera: Chalcidoidea). Phytoparasitica. 42(3): 333-339
Earias vittella;Asia;Saharo-Arabian;2003;Nash, S. (2003). Earias vittella (Fabricius) (Lep.: Noctuidae) the first occurrence of wild-caught moths in Europe. Entomologists Record and Journal of Variation. 115: 187-188
Earias vittella;Asia;Saharo-Arabian;2014;Kravchenko, V. et al. (2014). Seven invasive owlet moths (Lepidoptera: Noctuidae) in Israel and their potential parasitoids (Hymenoptera: Chalcidoidea). Phytoparasitica. 42(3): 333-339
Earias vittella;Asia;Sino-Japanese;2003;Nash, S. (2003). Earias vittella (Fabricius) (Lep.: Noctuidae) the first occurrence of wild-caught moths in Europe. Entomologists Record and Journal of Variation. 115: 187-188
Earias vittella;Asia;Palearctic;2024;Turner, R. et al. (2024). International Non-native Insect Establishment Data (0.2.1) [Data set]. Zenodo
Earias vittella;Asia;Oriental;2024;Turner, R. et al. (2024). International Non-native Insect Establishment Data (0.2.1) [Data set]. Zenodo
Pandesma anysa;Africa;Saharo-Arabian;2024;de Prins, J., de Prins, W. (2024). Afromoths, online database of Afrotropical moth species (Lepidoptera).
Ectaga garcia;South America;Neotropical;1994;Becker, V. (1994). A new Ectaga Walsingham (Lepidoptera, Oecophoridae) from southern South America. Revista Brasileira de Zoologia. 11: 391-394
Ectaga garcia;South America;Neotropical;2024;Turner, R. et al. (2024). International Non-native Insect Establishment Data (0.2.1) [Data set]. Zenodo
Ectoedemia heringella;Europe;Palearctic;2010;van Nieukerken, E. et al. (2010). Western Palaearctic Ectoedemia (Zimmermannia) Hering and Ectoedemia Busck s. str. (Lepidoptera: Nepticulidae): five new species and new data on distribution, hostplants and recognition. ZooKeys. 32: 1-82
Pardasena virgulana;Africa;Afrotropical;2024;de Prins, J., de Prins, W. (2024). Afromoths, online database of Afrotropical moth species (Lepidoptera).
Ectoedemia heringella;Africa;Saharo-Arabian;2010;van Nieukerken, E. et al. (2010). Western Palaearctic Ectoedemia (Zimmermannia) Hering and Ectoedemia Busck s. str. (Lepidoptera: Nepticulidae): five new species and new data on distribution, hostplants and recognition. ZooKeys. 32: 1-82
Pardasena virgulana;Africa;Madagascan;2024;de Prins, J., de Prins, W. (2024). Afromoths, online database of Afrotropical moth species (Lepidoptera).
Ectoedemia heringella;Asia;Saharo-Arabian;2010;van Nieukerken, E. et al. (2010). Western Palaearctic Ectoedemia (Zimmermannia) Hering and Ectoedemia Busck s. str. (Lepidoptera: Nepticulidae): five new species and new data on distribution, hostplants and recognition. ZooKeys. 32: 1-82
Ectoedemia heringella;Europe;Palearctic;2024;Turner, R. et al. (2024). International Non-native Insect Establishment Data (0.2.1) [Data set]. Zenodo
Ectomyelois ceratoniae;Europe;Palearctic;2024;Liu, C. et al. (2024). Climate change facilitates the potentially suitable habitats of the invasive crop insect Ectomyelois ceratoniae (Zeller). Atmosphere, 15(1), 119
Elachista saccharella;North America;Panamanian;2007;White, W. et al. (2007). Elachista saccharella (Lepidoptera: Elachistidae), a leafminer infesting sugarcane in Louisiana. Florida Entomologist. 90(4): 792-794
Elachista saccharella;North America;Nearctic;2007;White, W. et al. (2007). Elachista saccharella (Lepidoptera: Elachistidae), a leafminer infesting sugarcane in Louisiana. Florida Entomologist. 90(4): 792-794
Elachista synethes;Australia;Australian;2015;Vargas, H. et al. (2015). A morphological reappraisal of the immature stages and life history of Elachista synethes Meyrick (Lepidoptera, Elachistidae), an Australian leaf miner alien to Chile. Revista Brasileira de Entomologia. 59: 265-273
Elaphria deltoides;North America;Nearctic;2014;Specht, A. et al. (2014). First report of Elaphria agrotina and Elaphria deltoides (Lepidoptera: Noctuidae: Elaphriini) feeding on maize. Journal of Economic Entomology, 107(4), 1458-1461
Elaphria deltoides;South America;Neotropical;2014;Specht, A. et al. (2014). First report of Elaphria agrotina and Elaphria deltoides (Lepidoptera: Noctuidae: Elaphriini) feeding on maize. Journal of Economic Entomology, 107(4), 1458-1461
Elaphria deltoides;North America;Panamanian;2014;Specht, A. et al. (2014). First report of Elaphria agrotina and Elaphria deltoides (Lepidoptera: Noctuidae: Elaphriini) feeding on maize. Journal of Economic Entomology, 107(4), 1458-1461
Elaphria deltoides;South America;Panamanian;2014;Specht, A. et al. (2014). First report of Elaphria agrotina and Elaphria deltoides (Lepidoptera: Noctuidae: Elaphriini) feeding on maize. Journal of Economic Entomology, 107(4), 1458-1461
Elaphria deltoides;South America;Neotropical;2024;Turner, R. et al. (2024). International Non-native Insect Establishment Data (0.2.1) [Data set]. Zenodo
Elaphria nucicolora;North America;Nearctic;1958;Zimmerman, E. (1958). Insects of Hawaii. Volume 7, Macrolepidoptera. Hawaii: University of Hawaii Press, Honolulu, Hawaii, United States of America
Elaphria nucicolora;South America;Neotropical;1958;Zimmerman, E. (1958). Insects of Hawaii. Volume 7, Macrolepidoptera. Hawaii: University of Hawaii Press, Honolulu, Hawaii, United States of America
Elaphria nucicolora;North America;Nearctic;2024;Turner, R. et al. (2024). International Non-native Insect Establishment Data (0.2.1) [Data set]. Zenodo
Elasmopalpus lignosella;North America;Nearctic;2023;EFSA Panel on Plant Health (EFSA PLH Panel), et al. (2023). Pest risk assessment of Elasmopalpus lignosellus for the European Union. EFSA Journal. 21(5): e08004
Elasmopalpus lignosella;South America;Panamanian;2023;EFSA Panel on Plant Health (EFSA PLH Panel), et al. (2023). Pest risk assessment of Elasmopalpus lignosellus for the European Union. EFSA Journal. 21(5): e08004
Elasmopalpus lignosella;Africa;Afrotropical;2024;Turner, R. et al. (2024). International Non-native Insect Establishment Data (0.2.1) [Data set]. Zenodo
Elophila difflualis;Australia;Australian;2010;Chen, F. et al. (2010). A review of the genus Elophila Hubner, 1822 in China (Lepidoptera: Crambidae: Acentropinae). Aquatic Insects. 32(1): 35-60
Elophila difflualis;Asia;Oriental;2010;Chen, F. et al. (2010). A review of the genus Elophila Hubner, 1822 in China (Lepidoptera: Crambidae: Acentropinae). Aquatic Insects. 32(1): 35-60
Elophila difflualis;Asia;Saharo-Arabian;2010;Chen, F. et al. (2010). A review of the genus Elophila Hubner, 1822 in China (Lepidoptera: Crambidae: Acentropinae). Aquatic Insects. 32(1): 35-60
Elophila difflualis;Asia;Sino-Japanese;2010;Chen, F. et al. (2010). A review of the genus Elophila Hubner, 1822 in China (Lepidoptera: Crambidae: Acentropinae). Aquatic Insects. 32(1): 35-60
Elophila difflualis;Asia;Palearctic;2024;Turner, R. et al. (2024). International Non-native Insect Establishment Data (0.2.1) [Data set]. Zenodo
Elophila difflualis;Asia;Oriental;2024;Turner, R. et al. (2024). International Non-native Insect Establishment Data (0.2.1) [Data set]. Zenodo
Elophila melagynalis;Asia;Oriental;1985;Yoshiyasu, Y. (1985). A Systematic Study of the Nymphulinae and the Musotiminae of Japan (Lepidoptera: Pyralidae). Scientific Reports of the Kyoto Prefectural University: Agriculture. 37: 1-162
Elophila melagynalis;Asia;Sino-Japanese;1985;Yoshiyasu, Y. (1985). A Systematic Study of the Nymphulinae and the Musotiminae of Japan (Lepidoptera: Pyralidae). Scientific Reports of the Kyoto Prefectural University: Agriculture. 37: 1-162
Elophila nymphaeata;Asia;Palearctic;1984;Speidel, W. (1984). Revision der Acentropinae des palaearktischen Faunengebietes (Lepidoptera: Crambidae). Neue Entomologische Nachrichten. 12: 1-157
Elophila nymphaeata;Europe;Palearctic;1984;Speidel, W. (1984). Revision der Acentropinae des palaearktischen Faunengebietes (Lepidoptera: Crambidae). Neue Entomologische Nachrichten. 12: 1-157
Elophila nymphaeata;Africa;Saharo-Arabian;1984;Speidel, W. (1984). Revision der Acentropinae des palaearktischen Faunengebietes (Lepidoptera: Crambidae). Neue Entomologische Nachrichten. 12: 1-157
Elophila nymphaeata;Asia;Saharo-Arabian;1984;Speidel, W. (1984). Revision der Acentropinae des palaearktischen Faunengebietes (Lepidoptera: Crambidae). Neue Entomologische Nachrichten. 12: 1-157
Elophila nymphaeata;Asia;Sino-Japanese;1984;Speidel, W. (1984). Revision der Acentropinae des palaearktischen Faunengebietes (Lepidoptera: Crambidae). Neue Entomologische Nachrichten. 12: 1-157
Elophila obliteralis;North America;Nearctic;2009;Habeck, D., Cuda, J. (2009). Waterlily Leafcutter, Synclita obliteralis (Walker)(Insecta: Lepidoptera: Crambidae: Acentropinae). Univerity of Florida, IFAS Extension, EENY. 424: 1-4
Elophila obliteralis;North America;Nearctic;2012;Agassiz, D. (2012). The Acentropinae (Lepidoptera: Pyraloidea: Crambidae) of Africa. Zootaxa. 3494(1): 1-73
Elophila responsalis;Australia;Australian;2020;Whitaker, T. et al. (2020). Pyralids of Borneo - An Illustrated Guide (5th Edition). Southdene Sdn Bhd. Available Online at: http://www.pyralidsofborneo.org/index.php?index#
Elophila responsalis;Asia;Oriental;2020;Whitaker, T. et al. (2020). Pyralids of Borneo - An Illustrated Guide (5th Edition). Southdene Sdn Bhd. Available Online at: http://www.pyralidsofborneo.org/index.php?index#
Elophila responsalis;Asia;Sino-Japanese;2020;Whitaker, T. et al. (2020). Pyralids of Borneo - An Illustrated Guide (5th Edition). Southdene Sdn Bhd. Available Online at: http://www.pyralidsofborneo.org/index.php?index#
Emmelina devriesi;South America;Neotropical;2025;Shropshire, K., Tallamy, D. (2025). Lepidoptera of North American north of Mexico: An annotated list containing geographic ranges and host plant records. ZooKeys
Empyreuma affinis;North America;Panamanian;1992;Frank, J., McCoy, E. (1992). Introduction to the Behavioral Ecology of Immigration. The Immigration of Insects to Florida, with a Tabulation of Records Published Since 1970. The Florida Entomologist.75(1): 1-28
Empyreuma affinis;North America;Panamanian;1912;Rothschild, W. (1912). New Syntomidae. Novitates Zoologicae - A Journal of Zoology in Connection with the Tring Museum. 19: 151-186
Empyreuma affinis;Asia;Palearctic;2024;Turner, R. et al. (2024). International Non-native Insect Establishment Data (0.2.1) [Data set]. Zenodo
Pardasena virgulana;Asia;Saharo-Arabian;2024;de Prins, J., de Prins, W. (2024). Afromoths, online database of Afrotropical moth species (Lepidoptera).
Empyreuma pugione;South America;Neotropical;2024;Turner, R. et al. (2024). International Non-native Insect Establishment Data (0.2.1) [Data set]. Zenodo
Salbia haemorrhoidalis;South America;Neotropical;2024;de Prins, J., de Prins, W. (2024). Afromoths, online database of Afrotropical moth species (Lepidoptera).
Salbia haemorrhoidalis;North America;Panamanian;2024;de Prins, J., de Prins, W. (2024). Afromoths, online database of Afrotropical moth species (Lepidoptera).
Tinea pellionella;Europe;Palearctic;2024;de Prins, J., de Prins, W. (2024). Afromoths, online database of Afrotropical moth species (Lepidoptera).
Enarmonia formosana;Europe;Palearctic;2024;Turner, R. et al. (2024). International Non-native Insect Establishment Data (0.2.1) [Data set]. Zenodo
Endothenia quadrimaculana;Europe;Palearctic;2020;Gilligan, T. et al. (2020). Immigrant Tortricidae: Holarctic versus Introduced Species in North America. Insects. 11(9):594
Endothenia quadrimaculana;Europe;Palearctic;2024;Turner, R. et al. (2024). International Non-native Insect Establishment Data (0.2.1) [Data set]. Zenodo
Endothenia quadrimaculana;Asia;Palearctic;2024;Turner, R. et al. (2024). International Non-native Insect Establishment Data (0.2.1) [Data set]. Zenodo
Endrosis sarcitrella;Europe;Palearctic;1986;Cox, P. (1986). A survey of stored product Lepidoptera in New Zealand. New Zealand Journal of Experimental Agriculture. 14(1): 71-76
Endrosis sarcitrella;Europe;Palearctic;2024;Turner, R. et al. (2024). International Non-native Insect Establishment Data (0.2.1) [Data set]. Zenodo
Ennomos alniaria;Europe;Palearctic;1986;Covell Jr., C. et al. (1986). Ennomos alniaria (Lepidoptera: Geometridae), a European Moth Recently Discovered in British Columbia. The Canadian Entomologist. 118(5): 499-501
Ennomos alniaria;Europe;Palearctic;2024;Turner, R. et al. (2024). International Non-native Insect Establishment Data (0.2.1) [Data set]. Zenodo
Eoreuma loftini;North America;Nearctic;1984;Johnson, K. (1984). Identification of Eoreuma loftini (Dyar)(Lepidoptera: Pyralidae) in Texas, 1980: Forerunner for other sugarcane boring pest immigrants from Mexico?. Bulletin of the ESA. 30(3): 47-52
Eoreuma loftini;North America;Nearctic;2010;Hummel, N. et al. (2010). Monitoring and first discovery of the Mexican rice borer Eoreuma loftini (Lepidoptera: Crambidae) in Louisiana. Florida Entomologist. 93(1): 123-124
Eoreuma loftini;North America;Nearctic;2016;Beuzelin, J. et al. (2016). Biology and management of the Mexican rice borer (Lepidoptera: Crambidae) in rice in the United States. Journal of Integrated Pest Management. 7(1): 7
Epermenia aequidentellus;Europe;Palearctic;2010;Lopez-Vaamonde, C. et al. (2010). Lepidoptera. Chapter 11. BioRisk. 4: 603-668
Ephestia elutella;Europe;Palearctic;2024;Turner, R. et al. (2024). International Non-native Insect Establishment Data (0.2.1) [Data set]. Zenodo
Ephestia kuehniella;Europe;Palearctic;2008;Ryne, C., Bensch, S. (2008). Do anthropogenic transports facilitate stored-product pest moth dispersal? A molecular approach. Naturwissenschaften. 95: 155-159
Ephestia kuehniella;Africa;Saharo-Arabian;2008;Ryne, C., Bensch, S. (2008). Do anthropogenic transports facilitate stored-product pest moth dispersal? A molecular approach. Naturwissenschaften. 95: 155-159
Ephestia kuehniella;Europe;Palearctic;2024;Turner, R. et al. (2024). International Non-native Insect Establishment Data (0.2.1) [Data set]. Zenodo
Acleris comariana;North America;Nearctic;2012;Gilligan, T., Epstein, M. (2012). TortAI, Tortricids of Agricultural Importance to the United States (Lepidoptera: Tortricidae). Identification Technology Program (ITP), USDA/APHIS/PPQ/CPHST, Fort Collins, CO.
Ephestiodes gilvescentella;North America;Nearctic;2024;Turner, R. et al. (2024). International Non-native Insect Establishment Data (0.2.1) [Data set]. Zenodo
Ephestiopsis oenobarella;Australia;Australian;2011;Hoare, R. (2011). Lepidoptera of gumland heaths - a threatened and rare ecosystem of northern New Zealand. New Zealand Entomologist. 34(1): 67-76
Ephestiopsis oenobarella;Australia;Australian;2024;Turner, R. et al. (2024). International Non-native Insect Establishment Data (0.2.1) [Data set]. Zenodo
Epiblema strenuana;North America;Nearctic;2014;Zhou, Z. et al. (2014). Control of the invasive weed Ambrosia artemisiifolia with Ophraella communa and Epiblema strenuana. Biocontrol Science and Technology. 24(8): 950-964
Epichoristodes acerbella;Africa;Afrotropical;2006;Glavendekic, M. (2006). Epichoristodes acerbella (Walker)(Lepidoptera: Tortricidae): a new species in the fauna of Serbia. Acta Entomologica Serbica. 11(1): 77-81
Epichoristodes acerbella;Africa;Madagascan;2006;Glavendekic, M. (2006). Epichoristodes acerbella (Walker)(Lepidoptera: Tortricidae): a new species in the fauna of Serbia. Acta Entomologica Serbica. 11(1): 77-81
Epichoristodes acerbella;Africa;Afrotropical;2024;Turner, R. et al. (2024). International Non-native Insect Establishment Data (0.2.1) [Data set]. Zenodo
Epidromia pannosa;North America;Nearctic;1986;Solis, M. (1986). A new species of Epidromia (Noctuidae) from Florida. Journal of the Lepidopterists Society. 40(1): 8-19
Epidromia pannosa;South America;Neotropical;1986;Solis, M. (1986). A new species of Epidromia (Noctuidae) from Florida. Journal of the Lepidopterists Society. 40(1): 8-19
Epidromia pannosa;South America;Neotropical;2024;Turner, R. et al. (2024). International Non-native Insect Establishment Data (0.2.1) [Data set]. Zenodo
Epimorius testaceellus;South America;Neotropical;1992;Heppner, J. (1992). Biology and immature stages of the bromeliad pod borer, Epimorius testaceellus, in Florida (Lepidoptera: Pyralidae: Galleriinae). Tropical Lepidoptera Research. 3(1): 57-62
Epimorius testaceellus;North America;Panamanian;1992;Heppner, J. (1992). Biology and immature stages of the bromeliad pod borer, Epimorius testaceellus, in Florida (Lepidoptera: Pyralidae: Galleriinae). Tropical Lepidoptera Research. 3(1): 57-62
Epimorius testaceellus;South America;Neotropical;2024;Turner, R. et al. (2024). International Non-native Insect Establishment Data (0.2.1) [Data set]. Zenodo
Epinotia abbreviana;Europe;Palearctic;2020;Gilligan, T. et al. (2020). Immigrant Tortricidae: Holarctic versus Introduced Species in North America. Insects. 11(9):594
Epinotia abbreviana;Europe;Palearctic;2024;Turner, R. et al. (2024). International Non-native Insect Establishment Data (0.2.1) [Data set]. Zenodo
Epinotia algeriensis;Africa;Afrotropical;2010;Lopez-Vaamonde, C. et al. (2010). Lepidoptera. Chapter 11. BioRisk. 4: 603-668
Epinotia algeriensis;Africa;Saharo-Arabian;1990;Chambon, J. et al. (1990). Trois nouvelles Tordeuses dAlgerie, nuisibles aux Coniferes: Epinotia algeriensis n. sp.(Olethrentinae, Eucosmini), Lozotaenia cedrivora n. sp. et Dichela numidicola n. sp.(Tortricinae, Archipini)[Lep. Tortricidae]. Bulletin de la Societe entomologique de France. 95(3): 131-138
Epinotia algeriensis;Africa;Saharo-Arabian;2021;Pullaiah, T., Ielmini, M.R. (Eds.) (2021). Invasive Alien Species: Observations and Issues from Around the World. Volume 1: Issues and Invasions in Africa. Wiley. 380pp
Epinotia algeriensis;Africa;Afrotropical;2024;Turner, R. et al. (2024). International Non-native Insect Establishment Data (0.2.1) [Data set]. Zenodo
Acleris comariana;Europe;Palearctic;2012;Gilligan, T., Epstein, M. (2012). TortAI, Tortricids of Agricultural Importance to the United States (Lepidoptera: Tortricidae). Identification Technology Program (ITP), USDA/APHIS/PPQ/CPHST, Fort Collins, CO.
Epinotia cedricida;Asia;Palearctic;1999;Fabre, J. et al. (1999). Le point sur certains ravageurs du cedre de l Atlas en Afrique du nord, en France et en Europe. Foret Mediterraneenne. 20(4): 203-218
Epinotia cedricida;Africa;Saharo-Arabian;1999;Fabre, J. et al. (1999). Le point sur certains ravageurs du cedre de l Atlas en Afrique du nord, en France et en Europe. Foret Mediterraneenne. 20(4): 203-218
Acleris comariana;Asia;Sino-Japanese;2012;Gilligan, T., Epstein, M. (2012). TortAI, Tortricids of Agricultural Importance to the United States (Lepidoptera: Tortricidae). Identification Technology Program (ITP), USDA/APHIS/PPQ/CPHST, Fort Collins, CO.
Epinotia cedricida;Asia;Saharo-Arabian;1999;Fabre, J. et al. (1999). Le point sur certains ravageurs du cedre de l Atlas en Afrique du nord, en France et en Europe. Foret Mediterraneenne. 20(4): 203-218
Epinotia cedricida;Africa;Afrotropical;2024;Turner, R. et al. (2024). International Non-native Insect Establishment Data (0.2.1) [Data set]. Zenodo
Epinotia celtisana;North America;Nearctic;2016;Pohl, G. et al. (Unpublished). Annotated taxonomic checklist of the Lepidoptera of North America, North of Mexico. Working paper published online by the authors at ResearchGate.net. 766 pp
Epinotia celtisana;North America;Nearctic;2025;Shropshire, K., Tallamy, D. (2025). Lepidoptera of North American north of Mexico: An annotated list containing geographic ranges and host plant records. ZooKeys
Epinotia fraternana;Europe;Palearctic;2018;Trematerra, P. et al. (2018). Lepidoptera Tortricidae from Calabria (Southern Italy). Redia: Giornale di Zoologia. 101: 167-181
Epinotia nanana;Europe;Palearctic;1966;Daviault, L., Ducharme, R. (1966). Life history and habits of the green spruce leaf miner, Epinotia nanana (Treitschke)(Lepidoptera: Tortricidae). The Canadian Entomologist. 98(7): 693-699
Epinotia nanana;Europe;Palearctic;2024;Turner, R. et al. (2024). International Non-native Insect Establishment Data (0.2.1) [Data set]. Zenodo
Epinotia nigricana;Europe;Palearctic;2018;Trematerra, P. et al. (2018). Lepidoptera Tortricidae from Calabria (Southern Italy). Redia: Giornale di Zoologia. 101: 167-181
Epinotia subsequana;Europe;Palearctic;2003;Camarero, J. et al. (2003). The impact of a needleminer (Epinotia subsequana) outbreak on radial growth of silver fir (Abies alba) in the Aragon Pyrenees: a dendrochronological assessment. Dendrochronologia. 21(1): 3-12
Choristoneura rosaceana;North America;Nearctic;2012;Gilligan, T., Epstein, M. (2012). TortAI, Tortricids of Agricultural Importance to the United States (Lepidoptera: Tortricidae). Identification Technology Program (ITP), USDA/APHIS/PPQ/CPHST, Fort Collins, CO.
Epiphyas postvittana;Australia;Australian;2024;Turner, R. et al. (2024). International Non-native Insect Establishment Data (0.2.1) [Data set]. Zenodo
Episimus transferrana;North America;Nearctic;2008;Razowski, J., Brown, J. (2008). New species, new combinations, and new synonymies in Neotropical Episimus WALSINGHAM, 1892 (Lepidoptera: Tortricidae: Olethreutinae). Acta Zoologica Cracoviensia-Series B: Invertebrata. 51(1): 83-144
Episimus transferrana;South America;Neotropical;2008;Razowski, J., Brown, J. (2008). New species, new combinations, and new synonymies in Neotropical Episimus WALSINGHAM, 1892 (Lepidoptera: Tortricidae: Olethreutinae). Acta Zoologica Cracoviensia-Series B: Invertebrata. 51(1): 83-144
Episimus transferrana;North America;Panamanian;2008;Razowski, J., Brown, J. (2008). New species, new combinations, and new synonymies in Neotropical Episimus WALSINGHAM, 1892 (Lepidoptera: Tortricidae: Olethreutinae). Acta Zoologica Cracoviensia-Series B: Invertebrata. 51(1): 83-144
Episimus transferrana;North America;Nearctic;2024;Turner, R. et al. (2024). International Non-native Insect Establishment Data (0.2.1) [Data set]. Zenodo
Episimus transferrana;South America;Neotropical;2024;Turner, R. et al. (2024). International Non-native Insect Establishment Data (0.2.1) [Data set]. Zenodo
Episimus unguiculus;South America;Neotropical;2019;Cuda, J. et al. (2019). Risk assessment of Episimus unguiculus (Lepidoptera: Tortricidae), a biological control agent of Schinus terebinthifolia (Sapindales: Anacardiaceae) in Hawaii, USA. Biocontrol Science and Technology. 29(4): 365-387
Erannis defoliaria;Asia;Palearctic;2016;Jurc, M. et al. (2016). Potentially Important Insect Pests of Celtis australis in Slovenia, Croatia and Hungary. Sumarski list. 11: 577-588
Erannis defoliaria;Europe;Palearctic;2016;Jurc, M. et al. (2016). Potentially Important Insect Pests of Celtis australis in Slovenia, Croatia and Hungary. Sumarski list. 11: 577-588
Erannis defoliaria;Asia;Saharo-Arabian;2016;Jurc, M. et al. (2016). Potentially Important Insect Pests of Celtis australis in Slovenia, Croatia and Hungary. Sumarski list. 11: 577-588
Erannis defoliaria;Europe;Palearctic;2024;Turner, R. et al. (2024). International Non-native Insect Establishment Data (0.2.1) [Data set]. Zenodo
Erechthias capnitis;Australia;Australian;2020;Lee, D. et al. (2020). A review of the genus Erechthias Meyrick (Lepidoptera, Tineidae), with two newly recorded species from Korea. Journal of Asia-Pacific Biodiversity. 13(4): 625-630
Erechthias capnitis;Australia;Australian;2024;Turner, R. et al. (2024). International Non-native Insect Establishment Data (0.2.1) [Data set]. Zenodo
Erechthias flavistriata;Oceania;Oceanian;2024;Turner, R. et al. (2024). International Non-native Insect Establishment Data (0.2.1) [Data set]. Zenodo
Erechthias kerri;Oceania;Oceanian;2024;Turner, R. et al. (2024). International Non-native Insect Establishment Data (0.2.1) [Data set]. Zenodo
Erechthias minuscula;Africa;Afrotropical;2013;Davis, D., Mendel, H. (2013). The genus Erechthias Meyrick of Ascension Island, including discovery of a new brachypterous species (Lepidoptera, Tineidae). ZooKeys. 341: 1-20
Erechthias minuscula;Australia;Australian;2013;Davis, D., Mendel, H. (2013). The genus Erechthias Meyrick of Ascension Island, including discovery of a new brachypterous species (Lepidoptera, Tineidae). ZooKeys. 341: 1-20
Erechthias minuscula;North America;Nearctic;2013;Davis, D., Mendel, H. (2013). The genus Erechthias Meyrick of Ascension Island, including discovery of a new brachypterous species (Lepidoptera, Tineidae). ZooKeys. 341: 1-20
Erechthias minuscula;South America;Neotropical;2013;Davis, D., Mendel, H. (2013). The genus Erechthias Meyrick of Ascension Island, including discovery of a new brachypterous species (Lepidoptera, Tineidae). ZooKeys. 341: 1-20
Erechthias minuscula;Asia;Oriental;2013;Davis, D., Mendel, H. (2013). The genus Erechthias Meyrick of Ascension Island, including discovery of a new brachypterous species (Lepidoptera, Tineidae). ZooKeys. 341: 1-20
Erechthias minuscula;Africa;Saharo-Arabian;1978;Zimmerman, E. (1978). Insects of Hawaii. Vol. 9 Microlepidoptera. Part I. The University Press of Hawaii, Honolulu, Hawaii, United States of America
Erechthias minuscula;North America;Panamanian;2013;Davis, D., Mendel, H. (2013). The genus Erechthias Meyrick of Ascension Island, including discovery of a new brachypterous species (Lepidoptera, Tineidae). ZooKeys. 341: 1-20
Erechthias minuscula;Asia;Sino-Japanese;2013;Davis, D., Mendel, H. (2013). The genus Erechthias Meyrick of Ascension Island, including discovery of a new brachypterous species (Lepidoptera, Tineidae). ZooKeys. 341: 1-20
Erechthias minuscula;South America;Neotropical;2024;Turner, R. et al. (2024). International Non-native Insect Establishment Data (0.2.1) [Data set]. Zenodo
Erechthias pelotricha;Oceania;Oceanian;1971;Clarke, J, (1971). The Lepidoptera of Rapa Island. Smithsonian Contributions to Zoology. 56
Erechthias penicillata;Oceania;Oceanian;1978;Zimmerman, E. (1978). Insects of Hawaii. Vol. 9 Microlepidoptera. Part I. The University Press of Hawaii, Honolulu, Hawaii, United States of America
Erechthias penicillata;Oceania;Oceanian;2024;Turner, R. et al. (2024). International Non-native Insect Establishment Data (0.2.1) [Data set]. Zenodo
Erechthias simulans;Australia;Australian;1986;Clarke, J. (1986): Pyralidae and Microlepidoptera of the Marquesas Archipelago. Smithsonian Contributions to Zoology. 416
Erechthias simulans;Oceania;Oceanian;1986;Clarke, J. (1986): Pyralidae and Microlepidoptera of the Marquesas Archipelago. Smithsonian Contributions to Zoology. 416
Erechthias simulans;Oceania;Oceanian;2024;Turner, R. et al. (2024). International Non-native Insect Establishment Data (0.2.1) [Data set]. Zenodo
Erechthias zebrina;South America;Neotropical;2024;Turner, R. et al. (2024). International Non-native Insect Establishment Data (0.2.1) [Data set]. Zenodo
Erechthias zebrina;Asia;Oriental;2024;Turner, R. et al. (2024). International Non-native Insect Establishment Data (0.2.1) [Data set]. Zenodo
Erechthias zebrina;Oceania;Oceanian;2024;Turner, R. et al. (2024). International Non-native Insect Establishment Data (0.2.1) [Data set]. Zenodo
Erinnyis ello;North America;Nearctic;1976;Winder, J. (1976). Ecology and control of Erinnyis ello and E. alope, important insect pests in the New World. PNAS. 22(4): 449-466
Erinnyis ello;North America;Nearctic;1951;Cary, M. (1951). Distribution of Sphingidae (Lepidoptera: Heterocera) in the Antillean-Caribbean Region. Transactions of the American Entomological Society. 77(2): 63-129
Erinnyis ello;South America;Neotropical;1920;Moda, E. (1920). Sphingidae Of Para, Brazil. Novitates Zoologicae. 27: 333-424
Erinnyis ello;South America;Neotropical;2022;Smith, P. et al. (2022). An annotated catalogue of the Paraguayan Sphingidae (Lepidoptera). Journal of Insect Biodiversity. 31(2): 36-81
Erinnyis ello;North America;Panamanian;1920;Moda, E. (1920). Sphingidae Of Para, Brazil. Novitates Zoologicae. 27: 333-424
Erinnyis ello;North America;Panamanian;1976;Winder, J. (1976). Ecology and control of Erinnyis ello and E. alope, important insect pests in the New World. PNAS. 22(4): 449-466
Erinnyis ello;South America;Panamanian;1974;Seifert, R. (1974). The Sphingidae of Turrialba, Costa Rica. Journal of the New York Entomological Society. 82: 45-56
Erinnyis ello;South America;Panamanian;2022;Smith, P. et al. (2022). An annotated catalogue of the Paraguayan Sphingidae (Lepidoptera). Journal of Insect Biodiversity. 31(2): 36-81
Erionota thrax;Asia;Oriental;2015;Cock, M. (2015). A critical review of the literature on the pest Erionota spp.(Lepidoptera, Hesperiidae): taxonomy, distribution, food plants, early stages, natural enemies and biological control. CABI Reviews. 10(007): 1-30
Erionota thrax;Asia;Oriental;2024;Turner, R. et al. (2024). International Non-native Insect Establishment Data (0.2.1) [Data set]. Zenodo
Erionota torus;Asia;Oriental;2024;Turner, R. et al. (2024). International Non-native Insect Establishment Data (0.2.1) [Data set]. Zenodo
Esperia sulphurella;Europe;Palearctic;2023;Holland, P. et al. (2023). The genome sequence of the Sulphur Tubic, Esperia sulphurella (Fabricius, 1775). Wellcome Open Research. 8: 156
Esperia sulphurella;Europe;Palearctic;2024;Turner, R. et al. (2024). International Non-native Insect Establishment Data (0.2.1) [Data set]. Zenodo
Etainia sericopeza;Europe;Palearctic;2012;Davis, T. (2012). A Review of the Status of Microlepidoptera in Britain. Butterfly Conservation Report No. S12-02. Butterfly Conservation, Wareham
Etainia sericopeza;Europe;Palearctic;2024;Turner, R. et al. (2024). International Non-native Insect Establishment Data (0.2.1) [Data set]. Zenodo
Ethmia bipunctella;Europe;Palearctic;2018;Vidal E., (2018). Lepidopteros de O Courel (Lugo, Galicia, Espana, N. O. Peninsula Iberica) XV: Ethmiinae. (Insecta: Lepidoptera, Depressariidae). Arquivos Entomoloxicos. 19: 3-10
Ethmia bipunctella;Africa;Saharo-Arabian;2018;Vidal E., (2018). Lepidopteros de O Courel (Lugo, Galicia, Espana, N. O. Peninsula Iberica) XV: Ethmiinae. (Insecta: Lepidoptera, Depressariidae). Arquivos Entomoloxicos. 19: 3-10
Ethmia bipunctella;Europe;Palearctic;2024;Turner, R. et al. (2024). International Non-native Insect Establishment Data (0.2.1) [Data set]. Zenodo
Ethmia nigroapicella;Africa;Madagascan;2000;Kurr, A., Szasorv, C. (2000). Survey Of The Taiwanese Ethmiinae (Leprdoprera, Oecophoridae) With Descriptions Of Three New Species. Acta Zoologica Academiae Scientiaruh Hungaricae. 46(1): 53-78
Ethmia nigroapicella;Oceania;Nearctic;2000;Kurr, A., Szasorv, C. (2000). Survey Of The Taiwanese Ethmiinae (Leprdoprera, Oecophoridae) With Descriptions Of Three New Species. Acta Zoologica Academiae Scientiaruh Hungaricae. 46(1): 53-78
Ethmia nigroapicella;Oceania;Oceanian;2000;Kurr, A., Szasorv, C. (2000). Survey Of The Taiwanese Ethmiinae (Leprdoprera, Oecophoridae) With Descriptions Of Three New Species. Acta Zoologica Academiae Scientiaruh Hungaricae. 46(1): 53-78
Ethmia nigroapicella;Asia;Oriental;2000;Kurr, A., Szasorv, C. (2000). Survey Of The Taiwanese Ethmiinae (Leprdoprera, Oecophoridae) With Descriptions Of Three New Species. Acta Zoologica Academiae Scientiaruh Hungaricae. 46(1): 53-78
Ethmia nigroapicella;Africa;Afrotropical;2024;Turner, R. et al. (2024). International Non-native Insect Establishment Data (0.2.1) [Data set]. Zenodo
Ethmia terminella;Asia;Palearctic;2010;Lopez-Vaamonde, C. et al. (2010). Lepidoptera. Chapter 11. BioRisk. 4: 603-668
Ethmia terminella;Europe;Palearctic;2020;Kovacs, Z., Kovacs, S. (2020). Contributions to the knowledge of the Depressariidae, Peleopodidae, Ethmiidae and Fuchsiini (Lepidoptera, Gelechioidea) of Romania, with an annotated checklist. Travaux du Museum National d Histoire Naturelle Grigore Antipa. 63(2): 203-254
Ethmia terminella;Africa;Saharo-Arabian;2010;Lopez-Vaamonde, C. et al. (2010). Lepidoptera. Chapter 11. BioRisk. 4: 603-668
Etiella zinckenella;Europe;Palearctic;2024;Turner, R. et al. (2024). International Non-native Insect Establishment Data (0.2.1) [Data set]. Zenodo
Euacidalia brownsvillea;North America;Nearctic;2024;Turner, R. et al. (2024). International Non-native Insect Establishment Data (0.2.1) [Data set]. Zenodo
Metzneria paucipunctella;Europe;Palearctic;2018;Government of British Columbia (2018). Metzneria paucipunctella Zell.
Achyra affinitalis;Australia;Australian;2022;Grain Research and Development Corporation (2022). Weed Web Moth Fact Sheet.
Papilio polytes;Asia;Oriental;2013;Halloran, K., Wason, E. (2013). Papilio polytes (On-line), Animal Diversity Web. University of Michigan. Michigan, United States of America.
Eublemma accedens;Africa;Afrotropical;2022;Delabye, S. et al. (2022). Thirteen moth species (Lepidoptera, Erebidae, Noctuidae) newly recorded in South Africa, with comments on their distribution. Biodiversity Data Journal. 10: e89729
Eublemma accedens;Asia;Oriental;2022;Delabye, S. et al. (2022). Thirteen moth species (Lepidoptera, Erebidae, Noctuidae) newly recorded in South Africa, with comments on their distribution. Biodiversity Data Journal. 10: e89729
Eublemma accedens;Australia;Australian;2022;Delabye, S. et al. (2022). Thirteen moth species (Lepidoptera, Erebidae, Noctuidae) newly recorded in South Africa, with comments on their distribution. Biodiversity Data Journal. 10: e89729
Eublemma accedens;Oceania;Oceanian;2022;Delabye, S. et al. (2022). Thirteen moth species (Lepidoptera, Erebidae, Noctuidae) newly recorded in South Africa, with comments on their distribution. Biodiversity Data Journal. 10: e89729
Papilio polytes;Asia;Saharo-Arabian;2013;Halloran, K., Wason, E. (2013). Papilio polytes (On-line), Animal Diversity Web. University of Michigan. Michigan, United States of America.
Papilio polytes;Asia;Sino-Japanese;2013;Halloran, K., Wason, E. (2013). Papilio polytes (On-line), Animal Diversity Web. University of Michigan. Michigan, United States of America.
Lineodes integra;North America;Nearctic;2013;Hayden, J. et al. (2013). Digital Identification of Microlepidoptera on Solanaceae. USDA-APHIS-PPQ Identification Technology Program (ITP). Fort Collins, CO.
Eublemma recta;North America;Nearctic;2024;Turner, R. et al. (2024). International Non-native Insect Establishment Data (0.2.1) [Data set]. Zenodo
Lineodes integra;South America;Neotropical;2013;Hayden, J. et al. (2013). Digital Identification of Microlepidoptera on Solanaceae. USDA-APHIS-PPQ Identification Technology Program (ITP). Fort Collins, CO.
Lineodes integra;North America;Panamanian;2013;Hayden, J. et al. (2013). Digital Identification of Microlepidoptera on Solanaceae. USDA-APHIS-PPQ Identification Technology Program (ITP). Fort Collins, CO.
Euchromia lethe;Africa;Saharo-Arabian;1775;Fabricius J. (1775). Systema Entomologiae sistens insectorum classes, ordines, genera, species, adiectis synonymis, locis, descriptionibus, observationibus. Flensburgi et Lipsiae. 832pp
Euchromia lethe;Africa;Afrotropical;2019;Moreno, A. (2019). Contribucion al conocimiento del genero Euchromia Hübner,[1819] 1816 en Guinea Ecuatorial (Lepidoptera: Erebidae, Arctiinae, Euchromiini). SHILAP Revista de lepidopterologia. 47(188): 685-693
Euchromia lethe;Africa;Madagascan;2019;Moreno, A. (2019). Contribucion al conocimiento del genero Euchromia Hübner,[1819] 1816 en Guinea Ecuatorial (Lepidoptera: Erebidae, Arctiinae, Euchromiini). SHILAP Revista de lepidopterologia. 47(188): 685-693
Euchromius ocellea;Europe;Palearctic;2024;Turner, R. et al. (2024). International Non-native Insect Establishment Data (0.2.1) [Data set]. Zenodo
Ctenoplusia albostriata;Oceania;Australian;1985;Holloway, J. (1985). Moths of Borneo 14. Family Noctuidae. Subfamily: Euteliinae, Stictopterinae, Plusinae, Pantheinae. Malayan Nature Journal.
Ctenoplusia albostriata;Oceania;Oceanian;1985;Holloway, J. (1985). Moths of Borneo 14. Family Noctuidae. Subfamily: Euteliinae, Stictopterinae, Plusinae, Pantheinae. Malayan Nature Journal.
Euclasta gigantalis;Africa;Afrotropical;2024;Turner, R. et al. (2024). International Non-native Insect Establishment Data (0.2.1) [Data set]. Zenodo
Euclasta varii;Africa;Afrotropical;1973;Popescu-Gorj, A., Constantinescu, A. (1973). New African species of Euclasta (Lepidoptera, Pyraustinae). Revue roumaine de Biologie - Serie de Zoologie. 18(6): 393-402
Euclasta varii;Africa;Saharo-Arabian;1973;Popescu-Gorj, A., Constantinescu, A. (1973). New African species of Euclasta (Lepidoptera, Pyraustinae). Revue roumaine de Biologie - Serie de Zoologie. 18(6): 393-402
Euclasta varii;Asia;Saharo-Arabian;1973;Popescu-Gorj, A., Constantinescu, A. (1973). New African species of Euclasta (Lepidoptera, Pyraustinae). Revue roumaine de Biologie - Serie de Zoologie. 18(6): 393-402
Eucosma cana;Asia;Palearctic;2005;Zhang, A., Li, H. (2005). Catalogue of Eucosmini from China (Lepidoptera: Tortricidae) SHILAP Revista de Lepidopterologia. 33(131): 265-298
Eucosma cana;Europe;Palearctic;2005;Zhang, A., Li, H. (2005). Catalogue of Eucosmini from China (Lepidoptera: Tortricidae) SHILAP Revista de Lepidopterologia. 33(131): 265-298
Eucosma cana;Asia;Saharo-Arabian;2005;Zhang, A., Li, H. (2005). Catalogue of Eucosmini from China (Lepidoptera: Tortricidae) SHILAP Revista de Lepidopterologia. 33(131): 265-298
Eucosma cana;Asia;Sino-Japanese;2005;Zhang, A., Li, H. (2005). Catalogue of Eucosmini from China (Lepidoptera: Tortricidae) SHILAP Revista de Lepidopterologia. 33(131): 265-298
Eucosmomorpha albersana;Asia;Palearctic;1993;Gibson, L. (1993). Additional North American Records of Ecosmomorpha albersana (Tortricidae: Enarmoniini). Journal of the Lepidopterists Society. 47(4): 322-323
Eucosmomorpha albersana;Europe;Palearctic;1993;Gibson, L. (1993). Additional North American Records of Ecosmomorpha albersana (Tortricidae: Enarmoniini). Journal of the Lepidopterists Society. 47(4): 322-323
Ctenoplusia albostriata;Asia;Oriental;1985;Holloway, J. (1985). Moths of Borneo 14. Family Noctuidae. Subfamily: Euteliinae, Stictopterinae, Plusinae, Pantheinae. Malayan Nature Journal.
Stictoptera cucullioides;Australia;Australian;1985;Holloway, J. (1985). Moths of Borneo 14. Family Noctuidae. Subfamily: Euteliinae, Stictopterinae, Plusinae, Pantheinae. Malayan Nature Journal.
Stictoptera cucullioides;Oceania;Oceanian;1985;Holloway, J. (1985). Moths of Borneo 14. Family Noctuidae. Subfamily: Euteliinae, Stictopterinae, Plusinae, Pantheinae. Malayan Nature Journal.
Eudocima jordani;Australia;Australian;2024;Turner, R. et al. (2024). International Non-native Insect Establishment Data (0.2.1) [Data set]. Zenodo
Eudocima phalonia;Asia;Oriental;2021;Leroy, L. et al. (2021). The common fruit-piercing moth in the Pacific Region: a Survey of the current state of a significant Worldwide Economic Pest, Eudocima phalonia (Lepidoptera: Erebidae), with a focus on New Caledonia. Insects. 12(2): 117
Eudocima phalonia;Oceania;Oceanian;2024;Turner, R. et al. (2024). International Non-native Insect Establishment Data (0.2.1) [Data set]. Zenodo
Stictoptera cucullioides;Asia;Oriental;1985;Holloway, J. (1985). Moths of Borneo 14. Family Noctuidae. Subfamily: Euteliinae, Stictopterinae, Plusinae, Pantheinae. Malayan Nature Journal.
Hippotion rosetta;Australia;Australian;1987;Holloway, J. (1987). Moths of Borneo 3. Superfamily Bombycoidea: Families Lasiocampidae, Eupterotidae, Bombycidae, Brahmaeidae, Saturnidae, Sphingidae. Southene Sdn Bhd.
Hippotion rosetta;Oceania;Oceanian;1987;Holloway, J. (1987). Moths of Borneo 3. Superfamily Bombycoidea: Families Lasiocampidae, Eupterotidae, Bombycidae, Brahmaeidae, Saturnidae, Sphingidae. Southene Sdn Bhd.
Hippotion rosetta;Asia;Oriental;1987;Holloway, J. (1987). Moths of Borneo 3. Superfamily Bombycoidea: Families Lasiocampidae, Eupterotidae, Bombycidae, Brahmaeidae, Saturnidae, Sphingidae. Southene Sdn Bhd.
Eudocima salaminia;Asia;Oriental;2024;Turner, R. et al. (2024). International Non-native Insect Establishment Data (0.2.1) [Data set]. Zenodo
Eudocima salaminia;Australia;Australian;2024;Turner, R. et al. (2024). International Non-native Insect Establishment Data (0.2.1) [Data set]. Zenodo
Eudocima tyrannus;Asia;Oriental;2019;Singh, N. et al. (2019). New distributional records of Eudocima Billberg, 1820 (Lepidoptera: Erebidae: Calpinae) from Gangetic Plains (India). Records of the Zoological Survey of India. 119(3): 238-245
Eudocima tyrannus;Asia;Oriental;2020;Wu, S. et al. (2020). An annotated checklist of macro moths in mid-to high-mountain ranges of Taiwan (Lepidoptera: Macroheterocera). Formosan Entomologist. 40: 10-83
Eudocima tyrannus;Europe;Palearctic;2019;Singh, N. et al. (2019). New distributional records of Eudocima Billberg, 1820 (Lepidoptera: Erebidae: Calpinae) from Gangetic Plains (India). Records of the Zoological Survey of India. 119(3): 238-245
Eudonia psammitis;Oceania;Australian;1994;Patrick, B. (1994). Antipodes Island Lepidoptera. Journal of the Royal Society of New Zealand, 24(1), 91-116
Eulepidotis striaepuncta;North America;Panamanian;1992;Frank, J., McCoy, E. (1992). Introduction to the Behavioral Ecology of Immigration. The Immigration of Insects to Florida, with a Tabulation of Records Published Since 1970. The Florida Entomologist.75(1): 1-28
Eulepidotis striaepuncta;South America;Neotropical;2024;Turner, R. et al. (2024). International Non-native Insect Establishment Data (0.2.1) [Data set]. Zenodo
Hippotion rosetta;Asia;Sino-Japanese;1987;Holloway, J. (1987). Moths of Borneo 3. Superfamily Bombycoidea: Families Lasiocampidae, Eupterotidae, Bombycidae, Brahmaeidae, Saturnidae, Sphingidae. Southene Sdn Bhd.
Eulithis mellinata;Europe;Palearctic;2024;Turner, R. et al. (2024). International Non-native Insect Establishment Data (0.2.1) [Data set]. Zenodo
Eulithis prunata;Europe;Palearctic;2023;Boyes, D. et al. (2023). The genome sequence of the Phoenix, Eulithis prunata (Linnaeus, 1758). Wellcome Open Research. 8: 185
Eulithis prunata;Asia;Palearctic;2023;Boyes, D. et al. (2023). The genome sequence of the Phoenix, Eulithis prunata (Linnaeus, 1758). Wellcome Open Research. 8: 185
Eumeta variegatus;Australia;Australian;2018;Jeong, J. et al. (2018). Complete mitochondrial genome of the female-wingless bagworm moth, Eumeta variegata Snellen, 1879 (Lepidoptera: Psychidae). Mitochondrial DNA, Part B. 3(2): 1037-1039
Eumeta variegatus;Asia;Oriental;2018;Jeong, J. et al. (2018). Complete mitochondrial genome of the female-wingless bagworm moth, Eumeta variegata Snellen, 1879 (Lepidoptera: Psychidae). Mitochondrial DNA, Part B. 3(2): 1037-1039
Eumeta variegatus;Asia;Palearctic;2018;Jeong, J. et al. (2018). Complete mitochondrial genome of the female-wingless bagworm moth, Eumeta variegata Snellen, 1879 (Lepidoptera: Psychidae). Mitochondrial DNA, Part B. 3(2): 1037-1039
Eumeta variegatus;Asia;Sino-Japanese;2018;Jeong, J. et al. (2018). Complete mitochondrial genome of the female-wingless bagworm moth, Eumeta variegata Snellen, 1879 (Lepidoptera: Psychidae). Mitochondrial DNA, Part B. 3(2): 1037-1039
Eupithecia carpophagata;Europe;Palearctic;2022;Glerean, P. et al. (2022). Lepidoptera of the Prealpi Giulie Natural Park (Friuli Venezia Giulia, North-East Italy). GORTANIA - Botanica, Zoologia. 44: 29-72
Eupithecia carpophagata;Africa;Saharo-Arabian;2010;Lopez-Vaamonde, C. et al. (2010). Lepidoptera. Chapter 11. BioRisk. 4: 603-668
Eupithecia intricata;North America;Nearctic;2014;Mironov, V., Galsworthy, A. (2014). A survey of Eupithecia Curtis, 1825 (Lepidoptera, Geometridae, Larentiinae) in Mongolia with descriptions of two new species. Zootaxa. 3774(2): 101-130
Eupithecia intricata;Asia;Palearctic;2014;Mironov, V., Galsworthy, A. (2014). A survey of Eupithecia Curtis, 1825 (Lepidoptera, Geometridae, Larentiinae) in Mongolia with descriptions of two new species. Zootaxa. 3774(2): 101-130
Eupithecia intricata;Europe;Palearctic;2014;Mironov, V., Galsworthy, A. (2014). A survey of Eupithecia Curtis, 1825 (Lepidoptera, Geometridae, Larentiinae) in Mongolia with descriptions of two new species. Zootaxa. 3774(2): 101-130
Eupithecia lariciata;North America;Nearctic;2014;Mironov, V., Galsworthy, A. (2014). A survey of Eupithecia Curtis, 1825 (Lepidoptera, Geometridae, Larentiinae) in Mongolia with descriptions of two new species. Zootaxa. 3774(2): 101-130
Eupithecia lariciata;Asia;Palearctic;2014;Mironov, V., Galsworthy, A. (2014). A survey of Eupithecia Curtis, 1825 (Lepidoptera, Geometridae, Larentiinae) in Mongolia with descriptions of two new species. Zootaxa. 3774(2): 101-130
Eupithecia lariciata;Europe;Palearctic;2014;Mironov, V., Galsworthy, A. (2014). A survey of Eupithecia Curtis, 1825 (Lepidoptera, Geometridae, Larentiinae) in Mongolia with descriptions of two new species. Zootaxa. 3774(2): 101-130
Eupithecia lariciata;Asia;Sino-Japanese;2014;Mironov, V., Galsworthy, A. (2014). A survey of Eupithecia Curtis, 1825 (Lepidoptera, Geometridae, Larentiinae) in Mongolia with descriptions of two new species. Zootaxa. 3774(2): 101-130
Eupithecia lariciata;Asia;Oriental;2014;Mironov, V., Galsworthy, A. (2014). A survey of Eupithecia Curtis, 1825 (Lepidoptera, Geometridae, Larentiinae) in Mongolia with descriptions of two new species. Zootaxa. 3774(2): 101-130
Eupithecia phoeniceata;Africa;Saharo-Arabian;2007;de Prins, W. (2007). Interessante waarnemingen van Lepidoptera in Belgie in 2006 (Lepidoptera). Phegea. 35(1): 1-20
Eupithecia phoeniceata;Europe;Palearctic;2007;de Prins, W. (2007). Interessante waarnemingen van Lepidoptera in Belgie in 2006 (Lepidoptera). Phegea. 35(1): 1-20
Eupithecia pusillata;Europe;Palearctic;2025;Shropshire, K., Tallamy, D. (2025). Lepidoptera of North American north of Mexico: An annotated list containing geographic ranges and host plant records. ZooKeys
Eupithecia pusillata;Asia;Palearctic;2025;Shropshire, K., Tallamy, D. (2025). Lepidoptera of North American north of Mexico: An annotated list containing geographic ranges and host plant records. ZooKeys
Eupithecia ultimaria;Asia;Palearctic;2022;Koren, T. (2022). The Diversity of Moths (Lepidoptera: Heterocera) of Significant Landscape Donji Kamenjak and Medulin Archipelago, Istria, Croatia. Annales: Series Historia Naturalis. 32(1): 237-260
Eupithecia ultimaria;Europe;Palearctic;2022;Koren, T. (2022). The Diversity of Moths (Lepidoptera: Heterocera) of Significant Landscape Donji Kamenjak and Medulin Archipelago, Istria, Croatia. Annales: Series Historia Naturalis. 32(1): 237-260
Eupithecia ultimaria;Europe;Palearctic;2024;Turner, R. et al. (2024). International Non-native Insect Establishment Data (0.2.1) [Data set]. Zenodo
Euploea core;Asia;Oriental;2011;Muller, C., Tennent, W. (2011). Euploea core. The IUCN Red List of Threatened Species 2011: e.T160339A5362889
Euploea core;Asia;Sino-Japanese;2011;Muller, C., Tennent, W. (2011). Euploea core. The IUCN Red List of Threatened Species 2011: e.T160339A5362889
Euploea mulciber;Asia;Oriental;2013;Hao, J. et al. (2013). Complete mitogenomes of Euploea mulciber (Nymphalidae: Danainae) and Libythea celtis (Nymphalidae: Libytheinae) and their phylogenetic implications. International Scholarly Research Notices. 2013(1): 491636
Euploea mulciber;Asia;Oriental;2024;Turner, R. et al. (2024). International Non-native Insect Establishment Data (0.2.1) [Data set]. Zenodo
Euproctis chrysorrhoea;Europe;Palearctic;2023;Trajkovic, A., Zikic, V. (2023). Stuck in the caterpillars web: A half-century of biocontrol research and application on gregarious Lepidopteran pests in Europe. Sustainability. 15(4): 2881
Euproctis chrysorrhoea;Europe;Palearctic;2024;Turner, R. et al. (2024). International Non-native Insect Establishment Data (0.2.1) [Data set]. Zenodo
Euproctis fraterna;Asia;Oriental;2016;Nizamani, I. et al. (2016). Screening Of Jujube Varieties Against Euproctis Fraterna Moore. Science International-Lahore. 28(1): 447-453
Euproctis fraterna;Asia;Saharo-Arabian;2016;Nizamani, I. et al. (2016). Screening Of Jujube Varieties Against Euproctis Fraterna Moore. Science International-Lahore. 28(1): 447-453
Macaria abydata;North America;Nearctic;1993;Holloway, J. (1993). Moths of Borneo 11. Family Geometridae. Subfamily: Ennominae. Southdene Sdn.
Macaria abydata;South America;Neotropical;1993;Holloway, J. (1993). Moths of Borneo 11. Family Geometridae. Subfamily: Ennominae. Southdene Sdn.
Euscirrhopterus poeyi;North America;Nearctic;1966;Todd, E. (1966). Notes and descriptions of some neotropical agaristine moths (Lepidoptera: Noctuidae). Proceedings of the United States National Museum. 120(3560): 1-15
Euscirrhopterus poeyi;North America;Panamanian;1966;Todd, E. (1966). Notes and descriptions of some neotropical agaristine moths (Lepidoptera: Noctuidae). Proceedings of the United States National Museum. 120(3560): 1-15
Euscirrhopterus poeyi;South America;Neotropical;2024;Turner, R. et al. (2024). International Non-native Insect Establishment Data (0.2.1) [Data set]. Zenodo
Eustixia pupula;North America;Nearctic;1975;Munroe, E. (1975). Biogeography of North American Odontiinae (Lepidoptera: Pyralidae). The Canadian Entomologist. 107(2): 129-154
Macaria abydata;North America;Panamanian;1993;Holloway, J. (1993). Moths of Borneo 11. Family Geometridae. Subfamily: Ennominae. Southdene Sdn.
Eustixia pupula;North America;Nearctic;2024;Turner, R. et al. (2024). International Non-native Insect Establishment Data (0.2.1) [Data set]. Zenodo
Eutelia adulatrix;Africa;Afrotropical;2024;Joshi, R. et al. (2024). A Catalogue of Indian Euteliidae (Lepidoptera, Noctuoidea). Zootaxa. 5448(2): 151-182
Eutelia adulatrix;Asia;Palearctic;2024;Joshi, R. et al. (2024). A Catalogue of Indian Euteliidae (Lepidoptera, Noctuoidea). Zootaxa. 5448(2): 151-182
Eutelia adulatrix;Europe;Palearctic;2024;Joshi, R. et al. (2024). A Catalogue of Indian Euteliidae (Lepidoptera, Noctuoidea). Zootaxa. 5448(2): 151-182
Eutelia adulatrix;Asia;Saharo-Arabian;2024;Joshi, R. et al. (2024). A Catalogue of Indian Euteliidae (Lepidoptera, Noctuoidea). Zootaxa. 5448(2): 151-182
Eutelia adulatrix;Asia;Oriental;2024;Joshi, R. et al. (2024). A Catalogue of Indian Euteliidae (Lepidoptera, Noctuoidea). Zootaxa. 5448(2): 151-182
Eutorna phaulocosma;Australia;Australian;1987;Charles, J. et al. (1987). Preliminary studies of Eutorna phaulocosma (Lepidoptera: Oecophoridae) in New Zealand. New Zealand Journal of Zoology. 14(4): 519-526
Eutorna phaulocosma;Australia;Australian;2024;Turner, R. et al. (2024). International Non-native Insect Establishment Data (0.2.1) [Data set]. Zenodo
Euzophera osseatella;Europe;Palearctic;2019;Gumhalter, D. (2019). A revised checklist of pyraloid moths (Lepidoptera: Pyraloidea) in Croatia. Natura Croatica: Periodicum Musei Historiae Naturalis Croatici. 28(2): 271-288
Euzophera osseatella;Africa;Saharo-Arabian;2019;Gumhalter, D. (2019). A revised checklist of pyraloid moths (Lepidoptera: Pyraloidea) in Croatia. Natura Croatica: Periodicum Musei Historiae Naturalis Croatici. 28(2): 271-288
Euzophera pinguis;Asia;Palearctic;2022;Garre, M. et al. (2022). An annotated checklist of the Pyralidae of the region of Murcia (Spain) with new records, distribution and biological data (Lepidoptera, Pyraloidea, Pyralidae). Biodiversity Data Journal. 10: e79255
Euzophera pinguis;Europe;Palearctic;2022;Garre, M. et al. (2022). An annotated checklist of the Pyralidae of the region of Murcia (Spain) with new records, distribution and biological data (Lepidoptera, Pyraloidea, Pyralidae). Biodiversity Data Journal. 10: e79255
Evergestis aenealis;Asia;Palearctic;2018;Alipanah, H. et al. (2018). Taxonomic study of the genus Evergestis Hubner, 1825 (Lepidoptera: Crambidae: Glaphyriinae) in Iran with description of a new species. Zootaxa. 4420(1): 1-33
Evergestis aenealis;Europe;Palearctic;2018;Alipanah, H. et al. (2018). Taxonomic study of the genus Evergestis Hubner, 1825 (Lepidoptera: Crambidae: Glaphyriinae) in Iran with description of a new species. Zootaxa. 4420(1): 1-33
Evergestis aenealis;Asia;Saharo-Arabian;2018;Alipanah, H. et al. (2018). Taxonomic study of the genus Evergestis Hubner, 1825 (Lepidoptera: Crambidae: Glaphyriinae) in Iran with description of a new species. Zootaxa. 4420(1): 1-33
Evergestis pallidata;Asia;Palearctic;2022;Goater, B. et al. (2022). Pyraloidea I: (Acentropinae, Evergestinae, Heliothelinae, Schoenobiinae, Scopariinae) (Vol. 4). Brill. Leiden, Netherlands
Evergestis pallidata;Europe;Palearctic;2022;Goater, B. et al. (2022). Pyraloidea I: (Acentropinae, Evergestinae, Heliothelinae, Schoenobiinae, Scopariinae) (Vol. 4). Brill. Leiden, Netherlands
Evergestis pallidata;Africa;Saharo-Arabian;2022;Goater, B. et al. (2022). Pyraloidea I: (Acentropinae, Evergestinae, Heliothelinae, Schoenobiinae, Scopariinae) (Vol. 4). Brill. Leiden, Netherlands
Evergestis pallidata;Europe;Palearctic;2024;Turner, R. et al. (2024). International Non-native Insect Establishment Data (0.2.1) [Data set]. Zenodo
Exelastis montichristi;North America;Nearctic;2019;Matthews, D. et al. (2019). Plume moths recorded from the United States naval base, Guantanamo Bay, Cuba. News of the Lepidopterists Society. 61(1): 14-19
Exelastis montichristi;South America;Neotropical;2019;Matthews, D. et al. (2019). Plume moths recorded from the United States naval base, Guantanamo Bay, Cuba. News of the Lepidopterists Society. 61(1): 14-19
Exelastis montichristi;North America;Panamanian;2019;Matthews, D. et al. (2019). Plume moths recorded from the United States naval base, Guantanamo Bay, Cuba. News of the Lepidopterists Society. 61(1): 14-19
Exelastis montichristi;South America;Neotropical;2024;Turner, R. et al. (2024). International Non-native Insect Establishment Data (0.2.1) [Data set]. Zenodo
Exelastis pumilio;North America;Nearctic;2019;Matthews, D. et al. (2019). Plume moths recorded from the United States naval base, Guantanamo Bay, Cuba. News of the Lepidopterists Society. 61(1): 14-19
Exelastis pumilio;South America;Neotropical;2019;Matthews, D. et al. (2019). Plume moths recorded from the United States naval base, Guantanamo Bay, Cuba. News of the Lepidopterists Society. 61(1): 14-19
Exelastis pumilio;North America;Panamanian;2019;Matthews, D. et al. (2019). Plume moths recorded from the United States naval base, Guantanamo Bay, Cuba. News of the Lepidopterists Society. 61(1): 14-19
Exelastis pumilio;South America;Neotropical;2024;Turner, R. et al. (2024). International Non-native Insect Establishment Data (0.2.1) [Data set]. Zenodo
Exoteleia dodecella;Europe;Palearctic;1959;Martin, J. (1959). The Bionomics of the Pine Bud Moth, Exoteleia dodecella L.(Lepidoptera: Gelechiidae), in Ontario1. The Canadian Entomologist. 91(1): 5-14
Exoteleia dodecella;Europe;Palearctic;2024;Turner, R. et al. (2024). International Non-native Insect Establishment Data (0.2.1) [Data set]. Zenodo
Feltia subterranea;North America;Nearctic;2014;Prestes, A. (2014). A New Exotic Noctuid for the Hawaiian Archipelago: Feltia subterranea (Fabricius) (Lepidoptera: Noctuidae: Noctuinae). The Journal of the Lepidopterists Society. 68(3): 220-221
Feltia subterranea;South America;Neotropical;2014;Prestes, A. (2014). A New Exotic Noctuid for the Hawaiian Archipelago: Feltia subterranea (Fabricius) (Lepidoptera: Noctuidae: Noctuinae). The Journal of the Lepidopterists Society. 68(3): 220-221
Feltia subterranea;North America;Panamanian;2014;Prestes, A. (2014). A New Exotic Noctuid for the Hawaiian Archipelago: Feltia subterranea (Fabricius) (Lepidoptera: Noctuidae: Noctuinae). The Journal of the Lepidopterists Society. 68(3): 220-221
Feltia subterranea;South America;Panamanian;2014;Prestes, A. (2014). A New Exotic Noctuid for the Hawaiian Archipelago: Feltia subterranea (Fabricius) (Lepidoptera: Noctuidae: Noctuinae). The Journal of the Lepidopterists Society. 68(3): 220-221
Fomoria septembrella;Europe;Palearctic;2025;Shropshire, K., Tallamy, D. (2025). Lepidoptera of North American north of Mexico: An annotated list containing geographic ranges and host plant records. ZooKeys
Fundella argentina;South America;Neotropical;2006;Roque-Albelo, L. (2006). Diversity and ecology of the Lepidoptera in the Galapagos Islands, Ecuador. [PhD Thesis, Cardiff University]
Fundella argentina;South America;Neotropical;2024;Turner, R. et al. (2024). International Non-native Insect Establishment Data (0.2.1) [Data set]. Zenodo
Galleria mellonella;Asia;Palearctic;2020;Fuentes, N. et al. (2020). Multi-taxa inventory of naturalized species in Chile (including native Chilean species introduced in other areas of the national territory outside of their original range). NeoBiota. 60: 25-41
Galleria mellonella;Europe;Palearctic;2020;Fuentes, N. et al. (2020). Multi-taxa inventory of naturalized species in Chile (including native Chilean species introduced in other areas of the national territory outside of their original range). NeoBiota. 60: 25-41
Galleria mellonella;Asia;Palearctic;2024;Turner, R. et al. (2024). International Non-native Insect Establishment Data (0.2.1) [Data set]. Zenodo
Galleria mellonella;Asia;Oriental;2024;Turner, R. et al. (2024). International Non-native Insect Establishment Data (0.2.1) [Data set]. Zenodo
Galtara extensa;Africa;Madagascan;2008;Reimer, N. (2008). Field Release of Secusio extensa (Butler)(Lepidoptera: Arctiidae), for Biological Control of Fireweed, Senecio madagascariensis Poiret (Asterales: Asteraceae), in Hawaii. Draft Environmental Assessment. Attachment 4
Galtara extensa;Africa;Afrotropical;2024;Turner, R. et al. (2024). International Non-native Insect Establishment Data (0.2.1) [Data set]. Zenodo
Garella musculana;Asia;Oriental;2018;Yildiz, Y. et al. (2018). Erschoviella musculana Erschoff 1874, a new record and a new walnut pest in Turkey. Journal of Bartin Faculty of Forestry. 20(2): 296-302
Garella musculana;Asia;Oriental;2023;Scaccini, D. et al. (2023). First report of Garella musculana (Erschov, 1874) (Lepidoptera: Nolidae) in Italy with insights into its identity. Journal of Applied Entomology. 147: 239-243
Garella musculana;Asia;Palearctic;2018;Yildiz, Y. et al. (2018). Erschoviella musculana Erschoff 1874, a new record and a new walnut pest in Turkey. Journal of Bartin Faculty of Forestry. 20(2): 296-302
Garella musculana;Asia;Palearctic;2023;Scaccini, D. et al. (2023). First report of Garella musculana (Erschov, 1874) (Lepidoptera: Nolidae) in Italy with insights into its identity. Journal of Applied Entomology. 147: 239-243
Garella musculana;Europe;Palearctic;2018;Yildiz, Y. et al. (2018). Erschoviella musculana Erschoff 1874, a new record and a new walnut pest in Turkey. Journal of Bartin Faculty of Forestry. 20(2): 296-302
Garella musculana;Asia;Saharo-Arabian;2018;Yildiz, Y. et al. (2018). Erschoviella musculana Erschoff 1874, a new record and a new walnut pest in Turkey. Journal of Bartin Faculty of Forestry. 20(2): 296-302
Garella musculana;Asia;Saharo-Arabian;2023;Scaccini, D. et al. (2023). First report of Garella musculana (Erschov, 1874) (Lepidoptera: Nolidae) in Italy with insights into its identity. Journal of Applied Entomology. 147: 239-243
Garella musculana;Asia;Sino-Japanese;2023;Scaccini, D. et al. (2023). First report of Garella musculana (Erschov, 1874) (Lepidoptera: Nolidae) in Italy with insights into its identity. Journal of Applied Entomology. 147: 239-243
Garella musculana;Asia;Palearctic;2024;Turner, R. et al. (2024). International Non-native Insect Establishment Data (0.2.1) [Data set]. Zenodo
Garella nilotica;Africa;Afrotropical;2010;Muller, G. et al. (2010). The Nolidae of Jordan: Distribution, Phenology and Ecology. Entomofauna. 31(8): 69-84
Garella nilotica;Africa;Madagascan;2010;Muller, G. et al. (2010). The Nolidae of Jordan: Distribution, Phenology and Ecology. Entomofauna. 31(8): 69-84
Garella nilotica;Asia;Oriental;2010;Muller, G. et al. (2010). The Nolidae of Jordan: Distribution, Phenology and Ecology. Entomofauna. 31(8): 69-84
Garella nilotica;Africa;Saharo-Arabian;2010;Muller, G. et al. (2010). The Nolidae of Jordan: Distribution, Phenology and Ecology. Entomofauna. 31(8): 69-84
Garella nilotica;Asia;Saharo-Arabian;2010;Muller, G. et al. (2010). The Nolidae of Jordan: Distribution, Phenology and Ecology. Entomofauna. 31(8): 69-84
Garella nilotica;Asia;Sino-Japanese;2010;Muller, G. et al. (2010). The Nolidae of Jordan: Distribution, Phenology and Ecology. Entomofauna. 31(8): 69-84
Garella nilotica;North America;Nearctic;2024;Turner, R. et al. (2024). International Non-native Insect Establishment Data (0.2.1) [Data set]. Zenodo
Garella nilotica;Europe;Palearctic;2024;Turner, R. et al. (2024). International Non-native Insect Establishment Data (0.2.1) [Data set]. Zenodo
Garella nilotica;Oceania;Oceanian;2024;Turner, R. et al. (2024). International Non-native Insect Establishment Data (0.2.1) [Data set]. Zenodo
Gauna aegusalis;Australia;Australian;2001;Hoare, R. (2001). Adventive species of Lepidoptera recorded for the first time in New Zealand since 1988. New Zealand Entomologist. 24: 23-47
Gauna aegusalis;Australia;Australian;2024;Turner, R. et al. (2024). International Non-native Insect Establishment Data (0.2.1) [Data set]. Zenodo
Gelechia senticetella;Europe;Palearctic;2023;Karsholt, O. et al. (2023). Overview of the Gelechiidae moths (Lepidoptera) of Krk Island, Croatia: diversity, distribution and ecological insights. Gortania, Botanica, Zoologia. 45: 95-124
Mythimna separata;Australia;Australian;2024;Holloway, J. (2024). Moths of Borneo 12. Family Notuidae, Trifine. Subfamilies: Noctuinae, Heliothinae, Hadeninae, Acronictinae, Amphipyrinae, Agaristinae. Southdene Sdn.
Gelechia senticetella;Europe;Palearctic;2024;Turner, R. et al. (2024). International Non-native Insect Establishment Data (0.2.1) [Data set]. Zenodo
Mythimna separata;Asia;Oriental;2024;Holloway, J. (2024). Moths of Borneo 12. Family Notuidae, Trifine. Subfamilies: Noctuinae, Heliothinae, Hadeninae, Acronictinae, Amphipyrinae, Agaristinae. Southdene Sdn.
Glyphipterix simpliciella;Europe;Palearctic;2024;Turner, R. et al. (2024). International Non-native Insect Establishment Data (0.2.1) [Data set]. Zenodo
Glyphodes onychinalis;Australia;Australian;2008;Solis, M. (2008). New sightings of Glyphodes onychinalis (Guenee)(Pyraloidea: Crambidae: Spilomelinae), a recent arrival to the United States with a description of the larva reared on oleander (Nerium sp.) in California. News of the Lepidopterists Society. 50(3): 79-80
Glyphodes onychinalis;Oceania;Australian;2008;Solis, M. (2008). New sightings of Glyphodes onychinalis (Guenee)(Pyraloidea: Crambidae: Spilomelinae), a recent arrival to the United States with a description of the larva reared on oleander (Nerium sp.) in California. News of the Lepidopterists Society. 50(3): 79-80
Glyphodes onychinalis;Asia;Oriental;2008;Solis, M. (2008). New sightings of Glyphodes onychinalis (Guenee)(Pyraloidea: Crambidae: Spilomelinae), a recent arrival to the United States with a description of the larva reared on oleander (Nerium sp.) in California. News of the Lepidopterists Society. 50(3): 79-80
Glyphodes onychinalis;Africa;Saharo-Arabian;2008;Solis, M. (2008). New sightings of Glyphodes onychinalis (Guenee)(Pyraloidea: Crambidae: Spilomelinae), a recent arrival to the United States with a description of the larva reared on oleander (Nerium sp.) in California. News of the Lepidopterists Society. 50(3): 79-80
Glyphodes onychinalis;Asia;Saharo-Arabian;2008;Solis, M. (2008). New sightings of Glyphodes onychinalis (Guenee)(Pyraloidea: Crambidae: Spilomelinae), a recent arrival to the United States with a description of the larva reared on oleander (Nerium sp.) in California. News of the Lepidopterists Society. 50(3): 79-80
Glyphodes onychinalis;Asia;Sino-Japanese;2008;Solis, M. (2008). New sightings of Glyphodes onychinalis (Guenee)(Pyraloidea: Crambidae: Spilomelinae), a recent arrival to the United States with a description of the larva reared on oleander (Nerium sp.) in California. News of the Lepidopterists Society. 50(3): 79-80
Glyphodes onychinalis;Oceania;Oceanian;2008;Solis, M. (2008). New sightings of Glyphodes onychinalis (Guenee)(Pyraloidea: Crambidae: Spilomelinae), a recent arrival to the United States with a description of the larva reared on oleander (Nerium sp.) in California. News of the Lepidopterists Society. 50(3): 79-80
Glyphodes onychinalis;Asia;Oriental;2024;Turner, R. et al. (2024). International Non-native Insect Establishment Data (0.2.1) [Data set]. Zenodo
Glyphodes onychinalis;Africa;Afrotropical;2024;Turner, R. et al. (2024). International Non-native Insect Establishment Data (0.2.1) [Data set]. Zenodo
Glyphodes onychinalis;Australia;Australian;2024;Turner, R. et al. (2024). International Non-native Insect Establishment Data (0.2.1) [Data set]. Zenodo
Glyphodes pyloalis;Asia;Palearctic;2024;Turner, R. et al. (2024). International Non-native Insect Establishment Data (0.2.1) [Data set]. Zenodo
Glyphodes pyloalis;Asia;Oriental;2024;Turner, R. et al. (2024). International Non-native Insect Establishment Data (0.2.1) [Data set]. Zenodo
Gracillaria syringella;Asia;Palearctic;2024;de Prins, J., de Prins, W. (2024). Global Taxonomic Database of Gracillariidae (Lepidoptera). Avaliable at: http://www.gracillariidae.net
Gracillaria syringella;Europe;Palearctic;2024;de Prins, J., de Prins, W. (2024). Global Taxonomic Database of Gracillariidae (Lepidoptera). Avaliable at: http://www.gracillariidae.net
Gracillaria syringella;Europe;Palearctic;2024;Turner, R. et al. (2024). International Non-native Insect Establishment Data (0.2.1) [Data set]. Zenodo
Graellsia isabellae;Europe;Palearctic;1996;World Conservation Monitoring Centre (1996). Graellsia isabelae. The IUCN Red List of Threatened Species. 1996: e.T9427A12986143
Grammodes stolida;Africa;Afrotropical;2024;Turner, R. et al. (2024). International Non-native Insect Establishment Data (0.2.1) [Data set]. Zenodo
Grapholita delineana;Oceania;Oceanian;2012;Byun, B. et al. (2012). A review of the genus Grapholita (Lepidoptera, Tortricidae) in North Korea. Animal Systematics, Evolution and Diversity. 28(4): 291-296
Grapholita delineana;Asia;Oriental;2012;Byun, B. et al. (2012). A review of the genus Grapholita (Lepidoptera, Tortricidae) in North Korea. Animal Systematics, Evolution and Diversity. 28(4): 291-296
Grapholita delineana;Asia;Palearctic;2012;Byun, B. et al. (2012). A review of the genus Grapholita (Lepidoptera, Tortricidae) in North Korea. Animal Systematics, Evolution and Diversity. 28(4): 291-296
Grapholita delineana;Europe;Palearctic;2012;Byun, B. et al. (2012). A review of the genus Grapholita (Lepidoptera, Tortricidae) in North Korea. Animal Systematics, Evolution and Diversity. 28(4): 291-296
Grapholita delineana;Asia;Saharo-Arabian;2012;Byun, B. et al. (2012). A review of the genus Grapholita (Lepidoptera, Tortricidae) in North Korea. Animal Systematics, Evolution and Diversity. 28(4): 291-296
Grapholita delineana;Asia;Sino-Japanese;2012;Byun, B. et al. (2012). A review of the genus Grapholita (Lepidoptera, Tortricidae) in North Korea. Animal Systematics, Evolution and Diversity. 28(4): 291-296
Grapholita delineana;Europe;Palearctic;2024;Turner, R. et al. (2024). International Non-native Insect Establishment Data (0.2.1) [Data set]. Zenodo
Grapholita molesta;Asia;Palearctic;2020;Fuentes, N. et al. (2020). Multi-taxa inventory of naturalized species in Chile (including native Chilean species introduced in other areas of the national territory outside of their original range). NeoBiota. 60: 25-41
Grapholita molesta;Europe;Palearctic;2020;Fuentes, N. et al. (2020). Multi-taxa inventory of naturalized species in Chile (including native Chilean species introduced in other areas of the national territory outside of their original range). NeoBiota. 60: 25-41
Grapholita molesta;Asia;Palearctic;2024;Turner, R. et al. (2024). International Non-native Insect Establishment Data (0.2.1) [Data set]. Zenodo
Grapholita molesta;Asia;Oriental;2024;Turner, R. et al. (2024). International Non-native Insect Establishment Data (0.2.1) [Data set]. Zenodo
Grapholita prunivora;North America;Nearctic;2000;Mantey, K. et al. (2000). Laboratory rearing of lesser appleworm (Lepidoptera: Tortricidae). Journal of economic entomology. 93(3): 1021-1024
Gymnoscelis rufifasciata;Asia;Palearctic;1991;Argaman, Q., Wysoki, M. (1991). The flower-eating Gymnoscelis (Lep. Geometridae) in Israel. Tropical Pest Management. 37(2): 185
Gymnoscelis rufifasciata;Europe;Palearctic;1991;Argaman, Q., Wysoki, M. (1991). The flower-eating Gymnoscelis (Lep. Geometridae) in Israel. Tropical Pest Management. 37(2): 185
Gymnoscelis rufifasciata;Europe;Palearctic;2024;Turner, R. et al. (2024). International Non-native Insect Establishment Data (0.2.1) [Data set]. Zenodo
Gypsonoma aceriana;Europe;Palearctic;2024;Turner, R. et al. (2024). International Non-native Insect Establishment Data (0.2.1) [Data set]. Zenodo
Hadena compta;Asia;Palearctic;2007;Kravchenko, V. et al. (2007). The Hadeninae of Israel (Lepidoptera: Noctuidae). SHILAP Revista de Lepidopterologia. 35(140): 441-454
Hadena compta;Europe;Palearctic;2007;Kravchenko, V. et al. (2007). The Hadeninae of Israel (Lepidoptera: Noctuidae). SHILAP Revista de Lepidopterologia. 35(140): 441-454
Hadena compta;Africa;Saharo-Arabian;2007;Kravchenko, V. et al. (2007). The Hadeninae of Israel (Lepidoptera: Noctuidae). SHILAP Revista de Lepidopterologia. 35(140): 441-454
Hadena compta;Asia;Saharo-Arabian;2007;Kravchenko, V. et al. (2007). The Hadeninae of Israel (Lepidoptera: Noctuidae). SHILAP Revista de Lepidopterologia. 35(140): 441-454
Hadena compta;Asia;Sino-Japanese;2007;Kravchenko, V. et al. (2007). The Hadeninae of Israel (Lepidoptera: Noctuidae). SHILAP Revista de Lepidopterologia. 35(140): 441-454
Haplochrois theae;Asia;Palearctic;2024;Turner, R. et al. (2024). International Non-native Insect Establishment Data (0.2.1) [Data set]. Zenodo
Haplochrois theae;Asia;Oriental;2024;Turner, R. et al. (2024). International Non-native Insect Establishment Data (0.2.1) [Data set]. Zenodo
Borbo cinnara;Australia;Australian;2024;Inayoshi, Y. (2024). A Check List of Butterflies in Indo-China - Chiefly from Thailand, Laos and Vietnam.
Borbo cinnara;Oceania;Oceanian;2024;Inayoshi, Y. (2024). A Check List of Butterflies in Indo-China - Chiefly from Thailand, Laos and Vietnam.
Haplotinea insectella;Europe;Palearctic;2010;Lopez-Vaamonde, C. et al. (2010). Lepidoptera. Chapter 11. BioRisk. 4: 603-668
Haplotinea insectella;Africa;Saharo-Arabian;2010;Lopez-Vaamonde, C. et al. (2010). Lepidoptera. Chapter 11. BioRisk. 4: 603-668
Haritalodes derogata;Africa;Afrotropical;2025;Dalsaniya, N. et al. (2025). Life cycle and morphometrics of leaf roller, Haritalodes derogata (Fabricius) on cotton in Surat, Gujarat, India. Entomon. 50(1): 97-102
Haritalodes derogata;Australia;Australian;2025;Dalsaniya, N. et al. (2025). Life cycle and morphometrics of leaf roller, Haritalodes derogata (Fabricius) on cotton in Surat, Gujarat, India. Entomon. 50(1): 97-102
Haritalodes derogata;Africa;Madagascan;2025;Dalsaniya, N. et al. (2025). Life cycle and morphometrics of leaf roller, Haritalodes derogata (Fabricius) on cotton in Surat, Gujarat, India. Entomon. 50(1): 97-102
Haritalodes derogata;Asia;Oriental;2025;Dalsaniya, N. et al. (2025). Life cycle and morphometrics of leaf roller, Haritalodes derogata (Fabricius) on cotton in Surat, Gujarat, India. Entomon. 50(1): 97-102
Haritalodes derogata;Asia;Palearctic;2025;Dalsaniya, N. et al. (2025). Life cycle and morphometrics of leaf roller, Haritalodes derogata (Fabricius) on cotton in Surat, Gujarat, India. Entomon. 50(1): 97-102
Haritalodes derogata;Asia;Sino-Japanese;2025;Dalsaniya, N. et al. (2025). Life cycle and morphometrics of leaf roller, Haritalodes derogata (Fabricius) on cotton in Surat, Gujarat, India. Entomon. 50(1): 97-102
Hasora badra;Asia;Oriental;2023;Husain, A., Hasan, W. (2023). Skipper butterflies (Hesperiidae: Lepidoptera) common to Sulawesi (Indonesia) and India, with their host plants. International Journal of Agricultural and Applied Sciences. 4(2): 113-119
Hasora badra;Asia;Oriental;2012;Ministery of Environment - Sri Lanka (2012). The National Red List 2012 of Sri Lanka
Hasora badra;Asia;Oriental;1993;de Jong, R., Treadaway, C. (1993). The Hesperiidae (lepidoptera) of the Philippines. Zoologische Verhandelingen. 288(1): 1-125
Hasora badra;Asia;Sino-Japanese;2022;Sajan, K., Sapkota, A. (2022). Additional distribution records of butterflies (Lepidoptera: Rhopalocera) with seven species new to Nepal. Biodiversitas. 23(5): 2711-2738
Hecatera dysodea;Africa;Afrotropical;2010;Landolt, P. et al. (2010). First report of Hecatera dysodea (Denis and Schiffermuller)(Noctuidae) in the Pacific Northwest of the United States. The Journal of the Lepidopterists Society. 64(4): 192-196
Hecatera dysodea;Asia;Oriental;2010;Landolt, P. et al. (2010). First report of Hecatera dysodea (Denis and Schiffermuller)(Noctuidae) in the Pacific Northwest of the United States. The Journal of the Lepidopterists Society. 64(4): 192-196
Hecatera dysodea;Asia;Palearctic;2010;Landolt, P. et al. (2010). First report of Hecatera dysodea (Denis and Schiffermuller)(Noctuidae) in the Pacific Northwest of the United States. The Journal of the Lepidopterists Society. 64(4): 192-196
Hecatera dysodea;Europe;Palearctic;2010;Landolt, P. et al. (2010). First report of Hecatera dysodea (Denis and Schiffermuller)(Noctuidae) in the Pacific Northwest of the United States. The Journal of the Lepidopterists Society. 64(4): 192-196
Hecatera dysodea;Africa;Saharo-Arabian;2010;Landolt, P. et al. (2010). First report of Hecatera dysodea (Denis and Schiffermuller)(Noctuidae) in the Pacific Northwest of the United States. The Journal of the Lepidopterists Society. 64(4): 192-196
Hecatera dysodea;Asia;Sino-Japanese;2010;Landolt, P. et al. (2010). First report of Hecatera dysodea (Denis and Schiffermuller)(Noctuidae) in the Pacific Northwest of the United States. The Journal of the Lepidopterists Society. 64(4): 192-196
Hecatera dysodea;Europe;Palearctic;2024;Turner, R. et al. (2024). International Non-native Insect Establishment Data (0.2.1) [Data set]. Zenodo
Hedya nubiferana;Europe;Palearctic;2014;Josvai, J. et al. (2014). Performance of traps baited with female-targeted lure vs. pheromone traps for monitoring of the green budworm moth Hedya nubiferana Haw. in Hungary. Acta Phytopathologica et Entomologica Hungarica. 49(2): 223-233
Hedya nubiferana;Europe;Palearctic;2024;Turner, R. et al. (2024). International Non-native Insect Establishment Data (0.2.1) [Data set]. Zenodo
Hedya salicella;Asia;Palearctic;2017;Maharramova, S., Ayberk, H. (2017). New records of leafrollers reared in Azerbaijan (Lepidoptera: Tortricidae). Linzer Biologische Beitrage. 49(1): 677-686
Hedya salicella;Europe;Palearctic;2017;Maharramova, S., Ayberk, H. (2017). New records of leafrollers reared in Azerbaijan (Lepidoptera: Tortricidae). Linzer Biologische Beitrage. 49(1): 677-686
Hedya salicella;Europe;Palearctic;2020;Gilligan, T. et al. (2020). Immigrant Tortricidae: Holarctic versus Introduced Species in North America. Insects. 11(9):594
Hedya salicella;Africa;Saharo-Arabian;2017;Maharramova, S., Ayberk, H. (2017). New records of leafrollers reared in Azerbaijan (Lepidoptera: Tortricidae). Linzer Biologische Beitrage. 49(1): 677-686
Hedya salicella;Asia;Saharo-Arabian;2017;Maharramova, S., Ayberk, H. (2017). New records of leafrollers reared in Azerbaijan (Lepidoptera: Tortricidae). Linzer Biologische Beitrage. 49(1): 677-686
Hedya salicella;Europe;Palearctic;2024;Turner, R. et al. (2024). International Non-native Insect Establishment Data (0.2.1) [Data set]. Zenodo
Helcystogramma convolvuli;Africa;Afrotropical;2020;Bippus, M. (2020). Records of Lepidoptera from the Malagasy region with description of new species (Lepidoptera: Tortricidae, Noctuidae, Alucitidae, Choreutidae, Euteliidae, Gelechiidae, Blastobasidae, Pterophoridae, Tonzidae, Tineidae, Praydidae, Cosmopterigidae, Batrachedridae). Phelsuma. 28(2020): 60-100
Helcystogramma convolvuli;Africa;Madagascan;2020;Bippus, M. (2020). Records of Lepidoptera from the Malagasy region with description of new species (Lepidoptera: Tortricidae, Noctuidae, Alucitidae, Choreutidae, Euteliidae, Gelechiidae, Blastobasidae, Pterophoridae, Tonzidae, Tineidae, Praydidae, Cosmopterigidae, Batrachedridae). Phelsuma. 28(2020): 60-100
Helcystogramma convolvuli;Asia;Oriental;2020;Bippus, M. (2020). Records of Lepidoptera from the Malagasy region with description of new species (Lepidoptera: Tortricidae, Noctuidae, Alucitidae, Choreutidae, Euteliidae, Gelechiidae, Blastobasidae, Pterophoridae, Tonzidae, Tineidae, Praydidae, Cosmopterigidae, Batrachedridae). Phelsuma. 28(2020): 60-100
Heliconius erato;North America;Nearctic;1996;Jiggins, C. et al. (1996). What can hybrid zones tell us about speciation? The case of Heliconius erato and H. himera (Lepidoptera: Nymphalidae). Biological Journal of the Linnean Society. 59(3): 221-242
Heliconius erato;South America;Neotropical;1996;Jiggins, C. et al. (1996). What can hybrid zones tell us about speciation? The case of Heliconius erato and H. himera (Lepidoptera: Nymphalidae). Biological Journal of the Linnean Society. 59(3): 221-242
Heliconius erato;South America;Neotropical;1994;Brower, A. (1994). Rapid morphological radiation and convergence among races of the butterfly Heliconius erato inferred from patterns of mitochondrial DNA evolution. PNAS. 91(14): 6491-6495
Heliconius erato;North America;Panamanian;1994;Brower, A. (1994). Rapid morphological radiation and convergence among races of the butterfly Heliconius erato inferred from patterns of mitochondrial DNA evolution. PNAS. 91(14): 6491-6495
Heliconius erato;South America;Panamanian;1994;Brower, A. (1994). Rapid morphological radiation and convergence among races of the butterfly Heliconius erato inferred from patterns of mitochondrial DNA evolution. PNAS. 91(14): 6491-6495
Heliconius erato;North America;Panamanian;1996;Jiggins, C. et al. (1996). What can hybrid zones tell us about speciation? The case of Heliconius erato and H. himera (Lepidoptera: Nymphalidae). Biological Journal of the Linnean Society. 59(3): 221-242
Heliconius erato;South America;Panamanian;1996;Jiggins, C. et al. (1996). What can hybrid zones tell us about speciation? The case of Heliconius erato and H. himera (Lepidoptera: Nymphalidae). Biological Journal of the Linnean Society. 59(3): 221-242
Helicoverpa armigera;Africa;Afrotropical;2017;Tay, W. et al. (2017). Mitochondrial DNA and trade data support multiple origins of Helicoverpa armigera (Lepidoptera, Noctuidae) in Brazil. Scientific Reports. 7: 45302
Helicoverpa armigera;Australia;Australian;2017;Tay, W. et al. (2017). Mitochondrial DNA and trade data support multiple origins of Helicoverpa armigera (Lepidoptera, Noctuidae) in Brazil. Scientific Reports. 7: 45302
Helicoverpa armigera;Oceania;Australian;2017;Tay, W. et al. (2017). Mitochondrial DNA and trade data support multiple origins of Helicoverpa armigera (Lepidoptera, Noctuidae) in Brazil. Scientific Reports. 7: 45302
Helicoverpa armigera;Africa;Madagascan;2017;Tay, W. et al. (2017). Mitochondrial DNA and trade data support multiple origins of Helicoverpa armigera (Lepidoptera, Noctuidae) in Brazil. Scientific Reports. 7: 45302
Helicoverpa armigera;Oceania;Oceanian;2017;Tay, W. et al. (2017). Mitochondrial DNA and trade data support multiple origins of Helicoverpa armigera (Lepidoptera, Noctuidae) in Brazil. Scientific Reports. 7: 45302
Helicoverpa armigera;Asia;Oriental;2017;Tay, W. et al. (2017). Mitochondrial DNA and trade data support multiple origins of Helicoverpa armigera (Lepidoptera, Noctuidae) in Brazil. Scientific Reports. 7: 45302
Helicoverpa armigera;Asia;Palearctic;2017;Tay, W. et al. (2017). Mitochondrial DNA and trade data support multiple origins of Helicoverpa armigera (Lepidoptera, Noctuidae) in Brazil. Scientific Reports. 7: 45302
Helicoverpa armigera;Europe;Palearctic;2017;Tay, W. et al. (2017). Mitochondrial DNA and trade data support multiple origins of Helicoverpa armigera (Lepidoptera, Noctuidae) in Brazil. Scientific Reports. 7: 45302
Helicoverpa armigera;Africa;Saharo-Arabian;2017;Tay, W. et al. (2017). Mitochondrial DNA and trade data support multiple origins of Helicoverpa armigera (Lepidoptera, Noctuidae) in Brazil. Scientific Reports. 7: 45302
Helicoverpa armigera;Asia;Saharo-Arabian;2017;Tay, W. et al. (2017). Mitochondrial DNA and trade data support multiple origins of Helicoverpa armigera (Lepidoptera, Noctuidae) in Brazil. Scientific Reports. 7: 45302
Helicoverpa armigera;Asia;Sino-Japanese;2017;Tay, W. et al. (2017). Mitochondrial DNA and trade data support multiple origins of Helicoverpa armigera (Lepidoptera, Noctuidae) in Brazil. Scientific Reports. 7: 45302
Helicoverpa armigera;Europe;Palearctic;2024;Turner, R. et al. (2024). International Non-native Insect Establishment Data (0.2.1) [Data set]. Zenodo
Helicoverpa armigera;Asia;Oriental;2024;Turner, R. et al. (2024). International Non-native Insect Establishment Data (0.2.1) [Data set]. Zenodo
Helicoverpa armigera;Africa;Afrotropical;2024;Turner, R. et al. (2024). International Non-native Insect Establishment Data (0.2.1) [Data set]. Zenodo
Helicoverpa armigera;Australia;Australian;2024;Turner, R. et al. (2024). International Non-native Insect Establishment Data (0.2.1) [Data set]. Zenodo
Helicoverpa assulta;Africa;Afrotropical;1992;Cork, A. et al. (1992). Female sex pheromone of oriental tobacco budworm, Helicoverpa assulta (Guenee)(Lepidoptera: Noctuidae): Identification and field testing. Journal of Chemical Ecology. 18: 403-418
Helicoverpa assulta;Australia;Australian;1992;Cork, A. et al. (1992). Female sex pheromone of oriental tobacco budworm, Helicoverpa assulta (Guenee)(Lepidoptera: Noctuidae): Identification and field testing. Journal of Chemical Ecology. 18: 403-418
Helicoverpa assulta;Asia;Oriental;1992;Cork, A. et al. (1992). Female sex pheromone of oriental tobacco budworm, Helicoverpa assulta (Guenee)(Lepidoptera: Noctuidae): Identification and field testing. Journal of Chemical Ecology. 18: 403-418
Helicoverpa assulta;Asia;Palearctic;1992;Cork, A. et al. (1992). Female sex pheromone of oriental tobacco budworm, Helicoverpa assulta (Guenee)(Lepidoptera: Noctuidae): Identification and field testing. Journal of Chemical Ecology. 18: 403-418
Helicoverpa assulta;Asia;Sino-Japanese;1992;Cork, A. et al. (1992). Female sex pheromone of oriental tobacco budworm, Helicoverpa assulta (Guenee)(Lepidoptera: Noctuidae): Identification and field testing. Journal of Chemical Ecology. 18: 403-418
Helicoverpa assulta;Africa;Afrotropical;2022;Edde, P. (2022). Arthropod pests of tobacco (Nicotiana tabacum L.). In: Edde, P. (2022). Field crop arthropod pests of economic importance. 2-73
Helicoverpa assulta;Asia;Oriental;2022;Edde, P. (2022). Arthropod pests of tobacco (Nicotiana tabacum L.). In: Edde, P. (2022). Field crop arthropod pests of economic importance. 2-73
Helicoverpa assulta;Australia;Australian;2022;Edde, P. (2022). Arthropod pests of tobacco (Nicotiana tabacum L.). In: Edde, P. (2022). Field crop arthropod pests of economic importance. 2-73
Helicoverpa assulta;Oceania;Oceanian;2022;Edde, P. (2022). Arthropod pests of tobacco (Nicotiana tabacum L.). In: Edde, P. (2022). Field crop arthropod pests of economic importance. 2-73
Helicoverpa assulta;Asia;Palearctic;2024;Turner, R. et al. (2024). International Non-native Insect Establishment Data (0.2.1) [Data set]. Zenodo
Helicoverpa assulta;Asia;Oriental;2024;Turner, R. et al. (2024). International Non-native Insect Establishment Data (0.2.1) [Data set]. Zenodo
Helicoverpa assulta;Africa;Afrotropical;2024;Turner, R. et al. (2024). International Non-native Insect Establishment Data (0.2.1) [Data set]. Zenodo
Helicoverpa assulta;Australia;Australian;2024;Turner, R. et al. (2024). International Non-native Insect Establishment Data (0.2.1) [Data set]. Zenodo
Borbo cinnara;Asia;Oriental;2024;Inayoshi, Y. (2024). A Check List of Butterflies in Indo-China - Chiefly from Thailand, Laos and Vietnam.
Borbo cinnara;Asia;Oceanian;2024;Inayoshi, Y. (2024). A Check List of Butterflies in Indo-China - Chiefly from Thailand, Laos and Vietnam.
Leptosia nina;Asia;Oriental;2024;Inayoshi, Y. (2024). A Check List of Butterflies in Indo-China - Chiefly from Thailand, Laos and Vietnam.
Helicoverpa titicacae;South America;Neotropical;2020;Santander, F. et al. (2020). Primer registro de Helicoperva titicacae (Hardwick)(Lepidoptera: Noctuidae) en Chile. Revista Chilena de Entomologia. 46(1): 121-124
Helicoverpa titicacae;South America;Neotropical;2024;Turner, R. et al. (2024). International Non-native Insect Establishment Data (0.2.1) [Data set]. Zenodo
Helicoverpa zea;North America;Nearctic;2020;Zhao, H. et al. (2020). Climate Change Increases the Expansion Risk of Helicoverpa zea in China According to Potential Geographical Distribution Estimation. Insects. 13: 79
Helicoverpa zea;South America;Neotropical;2020;Zhao, H. et al. (2020). Climate Change Increases the Expansion Risk of Helicoverpa zea in China According to Potential Geographical Distribution Estimation. Insects. 13: 79
Helicoverpa zea;South America;Panamanian;2020;Zhao, H. et al. (2020). Climate Change Increases the Expansion Risk of Helicoverpa zea in China According to Potential Geographical Distribution Estimation. Insects. 13: 79
Helicoverpa zea;North America;Nearctic;2024;Turner, R. et al. (2024). International Non-native Insect Establishment Data (0.2.1) [Data set]. Zenodo
Heliozela catoptrias;Australia;Australian;2001;Hoare, R. (2001). Adventive species of Lepidoptera recorded for the first time in New Zealand since 1988. New Zealand Entomologist. 24: 23-47
Heliozela catoptrias;Australia;Australian;2024;Turner, R. et al. (2024). International Non-native Insect Establishment Data (0.2.1) [Data set]. Zenodo
Leptosia nina;Asia;Sino-Japanese;2024;Inayoshi, Y. (2024). A Check List of Butterflies in Indo-China - Chiefly from Thailand, Laos and Vietnam.
Hellinsia balanotes;North America;Nearctic;2024;Turner, R. et al. (2024). International Non-native Insect Establishment Data (0.2.1) [Data set]. Zenodo
Hellinsia balanotes;South America;Neotropical;2024;Turner, R. et al. (2024). International Non-native Insect Establishment Data (0.2.1) [Data set]. Zenodo
Hellinsia beneficus;North America;Nearctic;1983;Yano, K., Heppner, J. (1983). Description of Hamakua pamakani plume moth from Hawaii (Lepidoptera: Pterophoridae). Proceedings of the Hawaiian Entomological Society. 24(2): 335-341
Hellinsia beneficus;South America;Neotropical;2024;Turner, R. et al. (2024). International Non-native Insect Establishment Data (0.2.1) [Data set]. Zenodo
Hellula phidilealis;South America;Neotropical;2015;Holtz, A. et al. (2015). Pragas das brassicas. Instituto Federal de Ensino, Ciencia e Tecnologia do Espirito Santo (IFES)
Hellula phidilealis;South America;Neotropical;2024;Turner, R. et al. (2024). International Non-native Insect Establishment Data (0.2.1) [Data set]. Zenodo
Hellula undalis;Africa;Afrotropical;2011;Ebenebe, A. et al. (2011). The cabbage webworm (Hellula undalis) on tickweed (Cleome viscosa) in Samoa. The South Pacific Journal of Natural and Applied Sciences. 29(1): 1-6
Hellula undalis;Asia;Oriental;2011;Ebenebe, A. et al. (2011). The cabbage webworm (Hellula undalis) on tickweed (Cleome viscosa) in Samoa. The South Pacific Journal of Natural and Applied Sciences. 29(1): 1-6
Hellula undalis;Asia;Palearctic;2011;Ebenebe, A. et al. (2011). The cabbage webworm (Hellula undalis) on tickweed (Cleome viscosa) in Samoa. The South Pacific Journal of Natural and Applied Sciences. 29(1): 1-6
Hellula undalis;Europe;Palearctic;2011;Ebenebe, A. et al. (2011). The cabbage webworm (Hellula undalis) on tickweed (Cleome viscosa) in Samoa. The South Pacific Journal of Natural and Applied Sciences. 29(1): 1-6
Hellula undalis;Africa;Saharo-Arabian;2011;Ebenebe, A. et al. (2011). The cabbage webworm (Hellula undalis) on tickweed (Cleome viscosa) in Samoa. The South Pacific Journal of Natural and Applied Sciences. 29(1): 1-6
Hellula undalis;Asia;Sino-Japanese;2011;Ebenebe, A. et al. (2011). The cabbage webworm (Hellula undalis) on tickweed (Cleome viscosa) in Samoa. The South Pacific Journal of Natural and Applied Sciences. 29(1): 1-6
Hellula undalis;Europe;Palearctic;2024;Turner, R. et al. (2024). International Non-native Insect Establishment Data (0.2.1) [Data set]. Zenodo
Hellula undalis;Asia;Palearctic;2024;Turner, R. et al. (2024). International Non-native Insect Establishment Data (0.2.1) [Data set]. Zenodo
Hemiargus ceraunus;North America;Nearctic;2009;Daniels, J. (2009). Ceraunus Blue Butterfly, Hemiargus ceraunus (Fabricius)(Insecta: Lepidoptera: Lycaenidae): EENY 425/IN802, 2/2009. EDIS. 2009(2)
Hemiargus ceraunus;South America;Neotropical;2009;Daniels, J. (2009). Ceraunus Blue Butterfly, Hemiargus ceraunus (Fabricius)(Insecta: Lepidoptera: Lycaenidae): EENY 425/IN802, 2/2009. EDIS. 2009(2)
Hemiargus ceraunus;North America;Panamanian;2009;Daniels, J. (2009). Ceraunus Blue Butterfly, Hemiargus ceraunus (Fabricius)(Insecta: Lepidoptera: Lycaenidae): EENY 425/IN802, 2/2009. EDIS. 2009(2)
Hemiargus ceraunus;South America;Panamanian;2009;Daniels, J. (2009). Ceraunus Blue Butterfly, Hemiargus ceraunus (Fabricius)(Insecta: Lepidoptera: Lycaenidae): EENY 425/IN802, 2/2009. EDIS. 2009(2)
Hemiargus ramon;South America;Neotropical;1997;Roque Albelo, L. et al. (1997). Hemiargus ramon (Dognin, 1887) (Lycaenidae: Polyommatinae) A new resident butterfly of the Galapagos Islands. Noticias de Galapagos. 58: 29
Hemiargus ramon;South America;Neotropical;2024;Turner, R. et al. (2024). International Non-native Insect Establishment Data (0.2.1) [Data set]. Zenodo
Hemithea aestivaria;Asia;Palearctic;1979;Doganlar, M., Beirne, B. (1979). Hemithea aestivaria, a geometrid new to North America, established in British Columbia (Lepidoptera: Geometridae: Geometrinae). The Canadian Entomologist. 111(10): 1121-1121
Hemithea aestivaria;Europe;Palearctic;1979;Doganlar, M., Beirne, B. (1979). Hemithea aestivaria, a geometrid new to North America, established in British Columbia (Lepidoptera: Geometridae: Geometrinae). The Canadian Entomologist. 111(10): 1121-1121
Hemithea aestivaria;Europe;Palearctic;2024;Turner, R. et al. (2024). International Non-native Insect Establishment Data (0.2.1) [Data set]. Zenodo
Heringocrania unimaculella;Europe;Palearctic;1978;Davis, D. (1978). A revision of the North American moths of the superfamily Eriocranioidea with the proposal of a new family, Acanthopteroctetidae (Lepidoptera). Smithsonian Contributions to Zoology. 251
Herpetogramma basalis;Africa;Afrotropical;2018;Poltavsky, A. et al. (2018). The Pyraloidea (Lepidoptera) fauna of the woody savannah belt in Mali, West Africa. Zootaxa. 4457(1): 39-69
Herpetogramma basalis;Africa;Madagascan;2018;Poltavsky, A. et al. (2018). The Pyraloidea (Lepidoptera) fauna of the woody savannah belt in Mali, West Africa. Zootaxa. 4457(1): 39-69
Herpetogramma basalis;Asia;Oriental;2018;Poltavsky, A. et al. (2018). The Pyraloidea (Lepidoptera) fauna of the woody savannah belt in Mali, West Africa. Zootaxa. 4457(1): 39-69
Herpetogramma bipunctalis;North America;Nearctic;2021;Handfield, L., Handfield, D. (2021). A revision of the Canadian species of the Genus Herpetogramma Lederer, 1863 (Lepidoptera: Crambidae: Spilomelinae: Herpetogrammatini), with descriptions of three new species. Bonn Zoological Bulletin. 70(1): 173-199
Herpetogramma bipunctalis;South America;Neotropical;2013;Diez-Rodriguez, G. et al. (2013). Herpetogramma bipunctalis (Lepidoptera: Crambidae) biology and techniques for rearing on leaves of the blackberry (Rubus spp., Rosaceae). Brazilian Journal of Biology. 73: 179-184
Herpetogramma bipunctalis;North America;Panamanian;2013;Diez-Rodriguez, G. et al. (2013). Herpetogramma bipunctalis (Lepidoptera: Crambidae) biology and techniques for rearing on leaves of the blackberry (Rubus spp., Rosaceae). Brazilian Journal of Biology. 73: 179-184
Herpetogramma bipunctalis;North America;Nearctic;2024;Turner, R. et al. (2024). International Non-native Insect Establishment Data (0.2.1) [Data set]. Zenodo
Herpetogramma licarsisalis;Australia;Australian;1976;Tashiro, H. (1976). Biology of the grass webworm, Herpetogramma licarsisalis (Lepidoptera: Pyraustidae) in Hawaii. Annals of the Entomological Society of America. 69(5): 797-803
Herpetogramma licarsisalis;North America;Nearctic;1976;Tashiro, H. (1976). Biology of the grass webworm, Herpetogramma licarsisalis (Lepidoptera: Pyraustidae) in Hawaii. Annals of the Entomological Society of America. 69(5): 797-803
Herpetogramma licarsisalis;Oceania;Oceanian;1976;Tashiro, H. (1976). Biology of the grass webworm, Herpetogramma licarsisalis (Lepidoptera: Pyraustidae) in Hawaii. Annals of the Entomological Society of America. 69(5): 797-803
Herpetogramma licarsisalis;Asia;Oriental;1976;Tashiro, H. (1976). Biology of the grass webworm, Herpetogramma licarsisalis (Lepidoptera: Pyraustidae) in Hawaii. Annals of the Entomological Society of America. 69(5): 797-803
Papilio xuthus;Oceania;Nearctic;2024;Inayoshi, Y. (2024). A Check List of Butterflies in Indo-China - Chiefly from Thailand, Laos and Vietnam.
Herpetogramma licarsisalis;Asia;Sino-Japanese;1976;Tashiro, H. (1976). Biology of the grass webworm, Herpetogramma licarsisalis (Lepidoptera: Pyraustidae) in Hawaii. Annals of the Entomological Society of America. 69(5): 797-803
Papilio xuthus;Oceania;Oceanian;2024;Inayoshi, Y. (2024). A Check List of Butterflies in Indo-China - Chiefly from Thailand, Laos and Vietnam.
Herpetogramma licarsisalis;Europe;Palearctic;2024;Turner, R. et al. (2024). International Non-native Insect Establishment Data (0.2.1) [Data set]. Zenodo
Herpetogramma licarsisalis;Asia;Palearctic;2024;Turner, R. et al. (2024). International Non-native Insect Establishment Data (0.2.1) [Data set]. Zenodo
Herpetogramma licarsisalis;Asia;Oriental;2024;Turner, R. et al. (2024). International Non-native Insect Establishment Data (0.2.1) [Data set]. Zenodo
Herpetogramma licarsisalis;Australia;Australian;2024;Turner, R. et al. (2024). International Non-native Insect Establishment Data (0.2.1) [Data set]. Zenodo
Papilio xuthus;Asia;Oriental;2024;Inayoshi, Y. (2024). A Check List of Butterflies in Indo-China - Chiefly from Thailand, Laos and Vietnam.
Papilio xuthus;Asia;Palearctic;2024;Inayoshi, Y. (2024). A Check List of Butterflies in Indo-China - Chiefly from Thailand, Laos and Vietnam.
Papilio xuthus;Asia;Sino-Japanese;2024;Inayoshi, Y. (2024). A Check List of Butterflies in Indo-China - Chiefly from Thailand, Laos and Vietnam.
Herpetogramma phaeopteralis;South America;Neotropical;2024;Turner, R. et al. (2024). International Non-native Insect Establishment Data (0.2.1) [Data set]. Zenodo
Hileithia decostalis;South America;Neotropical;1992;Mather, B. (1992). Hileithia decostalis (Crambidae: Pyraustinae), new to the United States. Journal of the Lepidopterists Society. 46(2): 159-160
Hileithia decostalis;South America;Neotropical;2024;Turner, R. et al. (2024). International Non-native Insect Establishment Data (0.2.1) [Data set]. Zenodo
Hipparchia statilinus;Asia;Palearctic;2011;Tennent, W. (2011). Hipparchia statilinus. The IUCN Red List of Threatened Species. 2011: e.T160360A5364211
Hipparchia statilinus;Europe;Palearctic;2011;Tennent, W. (2011). Hipparchia statilinus. The IUCN Red List of Threatened Species. 2011: e.T160360A5364211
Hipparchia statilinus;Africa;Saharo-Arabian;2011;Tennent, W. (2011). Hipparchia statilinus. The IUCN Red List of Threatened Species. 2011: e.T160360A5364211
Hippotion celerio;Africa;Afrotropical;2018;Kaleka, A. et al. (2018). Studies on genus Hippotion Huebner (Sphingidae: Lepidoptera) from India. Journal of Entomological Research. 42(1): 129-134
Hippotion celerio;Australia;Australian;2018;Kaleka, A. et al. (2018). Studies on genus Hippotion Huebner (Sphingidae: Lepidoptera) from India. Journal of Entomological Research. 42(1): 129-134
Hippotion celerio;Asia;Oriental;2018;Kaleka, A. et al. (2018). Studies on genus Hippotion Huebner (Sphingidae: Lepidoptera) from India. Journal of Entomological Research. 42(1): 129-134
Hippotion celerio;Europe;Palearctic;2018;Kaleka, A. et al. (2018). Studies on genus Hippotion Huebner (Sphingidae: Lepidoptera) from India. Journal of Entomological Research. 42(1): 129-134
Hippotion celerio;Europe;Palearctic;2023;Latha, V., Nagashree. (2023). Hippotion celerio: an unfamiliar guest in our balcony. Insect Environment. 26(1): 32-34
Hippotion celerio;Africa;Saharo-Arabian;2018;Kaleka, A. et al. (2018). Studies on genus Hippotion Huebner (Sphingidae: Lepidoptera) from India. Journal of Entomological Research. 42(1): 129-134
Hippotion celerio;Africa;Saharo-Arabian;2023;Latha, V., Nagashree. (2023). Hippotion celerio: an unfamiliar guest in our balcony. Insect Environment. 26(1): 32-34
Hippotion celerio;Africa;Afrotropical;2023;Latha, V., Nagashree. (2023). Hippotion celerio: an unfamiliar guest in our balcony. Insect Environment. 26(1): 32-34
Hippotion celerio;Africa;Madagascan;2023;Latha, V., Nagashree. (2023). Hippotion celerio: an unfamiliar guest in our balcony. Insect Environment. 26(1): 32-34
Hippotion celerio;Asia;Saharo-Arabian;2023;Latha, V., Nagashree. (2023). Hippotion celerio: an unfamiliar guest in our balcony. Insect Environment. 26(1): 32-34
Hippotion celerio;Asia;Oriental;2023;Latha, V., Nagashree. (2023). Hippotion celerio: an unfamiliar guest in our balcony. Insect Environment. 26(1): 32-34
Hippotion celerio;Australia;Australian;2023;Latha, V., Nagashree. (2023). Hippotion celerio: an unfamiliar guest in our balcony. Insect Environment. 26(1): 32-34
Pieris canidia;Asia;Oriental;2024;Inayoshi, Y. (2024). A Check List of Butterflies in Indo-China - Chiefly from Thailand, Laos and Vietnam.
Pieris canidia;Asia;Palearctic;2024;Inayoshi, Y. (2024). A Check List of Butterflies in Indo-China - Chiefly from Thailand, Laos and Vietnam.
Pieris canidia;Asia;Sino-Japanese;2024;Inayoshi, Y. (2024). A Check List of Butterflies in Indo-China - Chiefly from Thailand, Laos and Vietnam.
Anomis erosa;North America;Nearctic;2024;Integrated Taxonomic Information System (ITIS) (2024). Integrated Taxonomic Information System (ITIS) on-line database.
Hippotion rosetta;Asia;Palearctic;2024;Turner, R. et al. (2024). International Non-native Insect Establishment Data (0.2.1) [Data set]. Zenodo
Hippotion rosetta;Asia;Oriental;2024;Turner, R. et al. (2024). International Non-native Insect Establishment Data (0.2.1) [Data set]. Zenodo
Hofmannophila pseudospretella;Europe;Palearctic;2010;Lopez-Vaamonde, C. et al. (2010). Lepidoptera. Chapter 11. BioRisk. 4: 603-668
Hofmannophila pseudospretella;Africa;Saharo-Arabian;2010;Lopez-Vaamonde, C. et al. (2010). Lepidoptera. Chapter 11. BioRisk. 4: 603-668
Hofmannophila pseudospretella;Europe;Palearctic;2024;Turner, R. et al. (2024). International Non-native Insect Establishment Data (0.2.1) [Data set]. Zenodo
Hofmannophila pseudospretella;Asia;Palearctic;2024;Turner, R. et al. (2024). International Non-native Insect Establishment Data (0.2.1) [Data set]. Zenodo
Homadaula anisocentra;Asia;Oriental;1983;North, R., Hart, E. (1983). Oviposition preference of the mimosa webworm, Homadaula anisocentra (Lepidoptera: Plutellidae). Environmental Entomology. 12(2): 546-551
Homadaula anisocentra;Asia;Sino-Japanese;2022;Mey, W. (2022). Taxonomic notes on Palearctic taxa of Galacticidae, a little-known family of Lepidoptera (Galacticoidea). Nota Lepidopterologica. 45: 169-190
Homadaula anisocentra;Asia;Palearctic;2022;Mey, W. (2022). Taxonomic notes on Palearctic taxa of Galacticidae, a little-known family of Lepidoptera (Galacticoidea). Nota Lepidopterologica. 45: 169-190
Homoeographa lanceolella;South America;Neotropical;2016;Vargas, H. (2016). Primer registro de Homoeographa lanceolella Ragonot (Lepidoptera: Pyralidae: Phycitinae) en Chile. Gayana (Concepcion). 80(2): 201-203
Homoeosoma stenotea;Africa;Afrotropical;2022;Falck, P. et al. (2022). New data on Pyraloidea from the Canary Islands, Spain 2 (Lepidoptera: Pyralidae, Crambidae. SHILAP Revista de Lepidopterologia. 50(199): 469-488
Homoeosoma stenotea;Africa;Madagascan;2022;Falck, P. et al. (2022). New data on Pyraloidea from the Canary Islands, Spain 2 (Lepidoptera: Pyralidae, Crambidae. SHILAP Revista de Lepidopterologia. 50(199): 469-488
Homoeosoma stenotea;Europe;Palearctic;2022;Falck, P. et al. (2022). New data on Pyraloidea from the Canary Islands, Spain 2 (Lepidoptera: Pyralidae, Crambidae. SHILAP Revista de Lepidopterologia. 50(199): 469-488
Homoeosoma stenotea;Africa;Saharo-Arabian;2022;Falck, P. et al. (2022). New data on Pyraloidea from the Canary Islands, Spain 2 (Lepidoptera: Pyralidae, Crambidae. SHILAP Revista de Lepidopterologia. 50(199): 469-488
Hyblaea puera;Asia;Oriental;1996;Nair, K., Mohanadas, K. (1996). Early events in the outbreak of the teak caterpillar, Hyblaea puera. International Journal of Ecolological Environmental Sciences. 22: 271-279
Hyblaea puera;Asia;Oriental;2002;Peres-Filho, O. et al. (2002). Ocorrencia de Hyblaea puera (Cramer, 1777) (Lepidoptera: Hyblaeidae) em Teca no Brasil. Bragantia, Campinas. 61(1): 59-60
Hyblaea puera;Asia;Sino-Japanese;2002;Peres-Filho, O. et al. (2002). Ocorrencia de Hyblaea puera (Cramer, 1777) (Lepidoptera: Hyblaeidae) em Teca no Brasil. Bragantia, Campinas. 61(1): 59-60
Hyblaea puera;Asia;Oriental;2024;Turner, R. et al. (2024). International Non-native Insect Establishment Data (0.2.1) [Data set]. Zenodo
Hydraecia micacea;Asia;Palearctic;2020;Weihrauch, F. (2020). Rosy rustic moth as a hop pest in the Hallertau: History and current situation. Mitteilungen der Deutschen Gesellschaft fur Allgemeine und Angewandte Entomologie. 22: 125-128
Hydraecia micacea;Europe;Palearctic;2020;Weihrauch, F. (2020). Rosy rustic moth as a hop pest in the Hallertau: History and current situation. Mitteilungen der Deutschen Gesellschaft fur Allgemeine und Angewandte Entomologie. 22: 125-128
Hydraecia micacea;Europe;Palearctic;1984;Carter, D. (1984). Pest Lepidoptera of Europe: with special reference to the British Isles (Vol. 31). Springer Science and Business Media. Berlin, Germany
Hydraecia micacea;Asia;Sino-Japanese;2020;Weihrauch, F. (2020). Rosy rustic moth as a hop pest in the Hallertau: History and current situation. Mitteilungen der Deutschen Gesellschaft fur Allgemeine und Angewandte Entomologie. 22: 125-128
Hydraecia micacea;Europe;Palearctic;2024;Turner, R. et al. (2024). International Non-native Insect Establishment Data (0.2.1) [Data set]. Zenodo
Hylephila phyleus;North America;Nearctic;2018;Griffith, T., Gillett-Kaufman, J. (2018). Fiery Skipper Hylephila phyleus (Drury)(Insecta: Lepidoptera: Hesperiidae): EENY-697/IN1194, 12/2017. EDIS. 2018(1): 1-4
Hylephila phyleus;South America;Neotropical;2018;Griffith, T., Gillett-Kaufman, J. (2018). Fiery Skipper Hylephila phyleus (Drury)(Insecta: Lepidoptera: Hesperiidae): EENY-697/IN1194, 12/2017. EDIS. 2018(1): 1-4
Hylephila phyleus;North America;Panamanian;2018;Griffith, T., Gillett-Kaufman, J. (2018). Fiery Skipper Hylephila phyleus (Drury)(Insecta: Lepidoptera: Hesperiidae): EENY-697/IN1194, 12/2017. EDIS. 2018(1): 1-4
Hylephila phyleus;South America;Neotropical;2024;Turner, R. et al. (2024). International Non-native Insect Establishment Data (0.2.1) [Data set]. Zenodo
Hyles euphorbiae;Asia;Palearctic;1983;Batra, S. (1983). Establishment of Hyles Euphorbiae (L.)(Lepidoptera: Sphingidae) in the United States for control of the weedy spurges Euphorbia esula L. and E. cyparissias L. Journal of the New York Entomological Society. 304-311
Hyles euphorbiae;Europe;Palearctic;1993;Meerman, J. (1993). Relationships within the Hyles euphorbiae-complex: a numerical taxonomy approach (Lepidoptera: Sphingidae). Entomologists Gazette. 44: 205-205
Hyles euphorbiae;Europe;Palearctic;2024;Turner, R. et al. (2024). International Non-native Insect Establishment Data (0.2.1) [Data set]. Zenodo
Hyles euphorbiae;Asia;Palearctic;2024;Turner, R. et al. (2024). International Non-native Insect Establishment Data (0.2.1) [Data set]. Zenodo
Hyles lineata;North America;Nearctic;2005;Hundsdoerfer, A. et al. (2005). A molecular phylogeny of the hawkmoth genus Hyles (Lepidoptera: Sphingidae, Macroglossinae). Molecular Phylogenetics and Evolution. 35(2): 442-458
Hyles lineata;South America;Neotropical;2005;Hundsdoerfer, A. et al. (2005). A molecular phylogeny of the hawkmoth genus Hyles (Lepidoptera: Sphingidae, Macroglossinae). Molecular Phylogenetics and Evolution. 35(2): 442-458
Hyles lineata;North America;Panamanian;2005;Hundsdoerfer, A. et al. (2005). A molecular phylogeny of the hawkmoth genus Hyles (Lepidoptera: Sphingidae, Macroglossinae). Molecular Phylogenetics and Evolution. 35(2): 442-458
Hyles lineata;North America;Nearctic;2024;Turner, R. et al. (2024). International Non-native Insect Establishment Data (0.2.1) [Data set]. Zenodo
Euacidalia brownsvillea;North America;Nearctic;2024;Integrated Taxonomic Information System (ITIS) (2024). Integrated Taxonomic Information System (ITIS) on-line database.
Hypena commixtalis;Australia;Australian;2013;Kononenko, V., Pinratana, A. (2013). Moths of Thailand. Noctuoidea. An illustrated Catalogue of Erebidae, Nolidae, Euteliidae and Noctuidae (Insecta, Lepidoptera) in Thailand. Brothers of St. Gabriel in Thailand. Bangkok
Acentria ephemerella;Europe;Palearctic;2024;Kipp, R. et al. (2024). Acentria ephemerella Olivier, 1791: U.S. Geological Survey, Nonindigenous Aquatic Species Database, Gainesville, FL, and NOAA Great Lakes Aquatic Nonindigenous Species Information System, Ann Arbor, MI.
Abaeis nicippe;North America;Nearctic;2024;Lotts, K., Naberhaus, T. (coords.) (2024). Butterflies and Moths of North America (Version 07082024).
Abaeis nicippe;North America;Panamanian;2024;Lotts, K., Naberhaus, T. (coords.) (2024). Butterflies and Moths of North America (Version 07082024).
Hypena commixtalis;Asia;Oriental;2013;Kononenko, V., Pinratana, A. (2013). Moths of Thailand. Noctuoidea. An illustrated Catalogue of Erebidae, Nolidae, Euteliidae and Noctuidae (Insecta, Lepidoptera) in Thailand. Brothers of St. Gabriel in Thailand. Bangkok
Anacampsis humilis;South America;Neotropical;2022;Mally, R. et al. (2022), Moths and butterflies on alien shores - global biogeography of non-native Lepidoptera. Dryad, Dataset.
Hypena commixtalis;Asia;Palearctic;2013;Kononenko, V., Pinratana, A. (2013). Moths of Thailand. Noctuoidea. An illustrated Catalogue of Erebidae, Nolidae, Euteliidae and Noctuidae (Insecta, Lepidoptera) in Thailand. Brothers of St. Gabriel in Thailand. Bangkok
Capua intractana;Australia;Australian;2022;Mally, R. et al. (2022), Moths and butterflies on alien shores - global biogeography of non-native Lepidoptera. Dryad, Dataset.
Carposina neurophorella;Australia;Australian;2022;Mally, R. et al. (2022), Moths and butterflies on alien shores - global biogeography of non-native Lepidoptera. Dryad, Dataset.
Cebysa leucotelus;Australia;Australian;2022;Mally, R. et al. (2022), Moths and butterflies on alien shores - global biogeography of non-native Lepidoptera. Dryad, Dataset.
Glyphipterix simpliciella;Europe;Palearctic;2022;Mally, R. et al. (2022), Moths and butterflies on alien shores - global biogeography of non-native Lepidoptera. Dryad, Dataset.
Imma mylias;Asia;Oriental;2022;Mally, R. et al. (2022), Moths and butterflies on alien shores - global biogeography of non-native Lepidoptera. Dryad, Dataset.
Isotenes miserana;Australia;Australian;2022;Mally, R. et al. (2022), Moths and butterflies on alien shores - global biogeography of non-native Lepidoptera. Dryad, Dataset.
Hypena opulenta;Europe;Palearctic;2020;Karn, R. et al. (2020). Hypena opulenta: a biological weed control agent for controlling an invasive weed species, swallow-wort: a review. Environment Contaminants Review. 3(1): 1-3
Hypena subidalis;South America;Neotropical;1992;Frank, J., McCoy, E. (1992). Introduction to the Behavioral Ecology of Immigration. The Immigration of Insects to Florida, with a Tabulation of Records Published Since 1970. The Florida Entomologist.75(1): 1-28
Hypena subidalis;South America;Neotropical;2024;Turner, R. et al. (2024). International Non-native Insect Establishment Data (0.2.1) [Data set]. Zenodo
Hyphantria cunea;North America;Nearctic;1967;Warren, L., Tadic, M. (1967). The Fall Webworm, Hyphantria cunea, Its Distribution and Natural Enemies: A World List (Lepidoptera: Arctiidae). Journal of the Kansas Entomological Society. 40(2): 194-202
Hyphantria cunea;North America;Nearctic;2024;Turner, R. et al. (2024). International Non-native Insect Establishment Data (0.2.1) [Data set]. Zenodo
Hypocala deflorata;Africa;Afrotropical;1958;Zimmerman, E. (1958). Insects of Hawaii. Volume 7, Macrolepidoptera. Hawaii: University of Hawaii Press, Honolulu, Hawaii, United States of America
Hypocala deflorata;Australia;Australian;1958;Zimmerman, E. (1958). Insects of Hawaii. Volume 7, Macrolepidoptera. Hawaii: University of Hawaii Press, Honolulu, Hawaii, United States of America
Hypocala deflorata;Oceania;Oceanian;1958;Zimmerman, E. (1958). Insects of Hawaii. Volume 7, Macrolepidoptera. Hawaii: University of Hawaii Press, Honolulu, Hawaii, United States of America
Hypocala deflorata;Asia;Oriental;1958;Zimmerman, E. (1958). Insects of Hawaii. Volume 7, Macrolepidoptera. Hawaii: University of Hawaii Press, Honolulu, Hawaii, United States of America
Hypocala deflorata;Asia;Oriental;2024;Turner, R. et al. (2024). International Non-native Insect Establishment Data (0.2.1) [Data set]. Zenodo
Hypolimnas misippus;Africa;Afrotropical;2021;Coetzer, A., Westrip, J. (2021). Hypolimnas misippus. The IUCN Red List of Threatened Species 2021: e.T62148588A161331411
Hypolimnas misippus;Australia;Australian;2021;Coetzer, A., Westrip, J. (2021). Hypolimnas misippus. The IUCN Red List of Threatened Species 2021: e.T62148588A161331411
Hypolimnas misippus;Africa;Madagascan;2021;Coetzer, A., Westrip, J. (2021). Hypolimnas misippus. The IUCN Red List of Threatened Species 2021: e.T62148588A161331411
Hypolimnas misippus;Oceania;Oceanian;2021;Coetzer, A., Westrip, J. (2021). Hypolimnas misippus. The IUCN Red List of Threatened Species 2021: e.T62148588A161331411
Hypolimnas misippus;Asia;Oriental;2021;Coetzer, A., Westrip, J. (2021). Hypolimnas misippus. The IUCN Red List of Threatened Species 2021: e.T62148588A161331411
Hypolimnas misippus;Asia;Palearctic;2021;Coetzer, A., Westrip, J. (2021). Hypolimnas misippus. The IUCN Red List of Threatened Species 2021: e.T62148588A161331411
Hypolimnas misippus;Europe;Palearctic;2021;Coetzer, A., Westrip, J. (2021). Hypolimnas misippus. The IUCN Red List of Threatened Species 2021: e.T62148588A161331411
Hypolimnas misippus;Africa;Saharo-Arabian;2021;Coetzer, A., Westrip, J. (2021). Hypolimnas misippus. The IUCN Red List of Threatened Species 2021: e.T62148588A161331411
Hypolimnas misippus;Asia;Saharo-Arabian;2021;Coetzer, A., Westrip, J. (2021). Hypolimnas misippus. The IUCN Red List of Threatened Species 2021: e.T62148588A161331411
Hypolimnas misippus;Asia;Sino-Japanese;2021;Coetzer, A., Westrip, J. (2021). Hypolimnas misippus. The IUCN Red List of Threatened Species 2021: e.T62148588A161331411
Stericta carbonalis;Australia;Australian;2022;Mally, R. et al. (2022), Moths and butterflies on alien shores - global biogeography of non-native Lepidoptera. Dryad, Dataset.
Unadilla maturella;South America;Neotropical;2022;Mally, R. et al. (2022), Moths and butterflies on alien shores - global biogeography of non-native Lepidoptera. Dryad, Dataset.
Zale minerea;North America;Nearctic;2022;Mally, R. et al. (2022), Moths and butterflies on alien shores - global biogeography of non-native Lepidoptera. Dryad, Dataset.
Empyreuma pugione;North America;Panamanian;1997;McAuslane, H. (1997). Featured Creatures - Empyreuma pugione (Linnaeus) (Insecta: Lepidoptera: Erebidae: Arctiinae).
Hypsipyla grandella;South America;Neotropical;2024;Turner, R. et al. (2024). International Non-native Insect Establishment Data (0.2.1) [Data set]. Zenodo
Hypsopygia costalis;Asia;Palearctic;2005;Pohl, G. et al. (2005). New records of microlepidoptera in Alberta, Canada. Journal of the Lepidopterists Society. 59(2): 61
Hypsopygia costalis;Europe;Palearctic;2005;Pohl, G. et al. (2005). New records of microlepidoptera in Alberta, Canada. Journal of the Lepidopterists Society. 59(2): 61
Hypsopygia mauritialis;Africa;Afrotropical;1958;Zimmerman, E. (1958). Insects of Hawaii. Volume 8, Lepidoptera: Pyraloidea. Hawaii: University of Hawaii Press, Honolulu, Hawaii, United States of America
Hypsopygia mauritialis;Australia;Australian;1958;Zimmerman, E. (1958). Insects of Hawaii. Volume 8, Lepidoptera: Pyraloidea. Hawaii: University of Hawaii Press, Honolulu, Hawaii, United States of America
Hypsopygia mauritialis;Africa;Madagascan;1958;Zimmerman, E. (1958). Insects of Hawaii. Volume 8, Lepidoptera: Pyraloidea. Hawaii: University of Hawaii Press, Honolulu, Hawaii, United States of America
Hypsopygia mauritialis;Oceania;Oceanian;1958;Zimmerman, E. (1958). Insects of Hawaii. Volume 8, Lepidoptera: Pyraloidea. Hawaii: University of Hawaii Press, Honolulu, Hawaii, United States of America
Hypsopygia mauritialis;Asia;Oriental;1958;Zimmerman, E. (1958). Insects of Hawaii. Volume 8, Lepidoptera: Pyraloidea. Hawaii: University of Hawaii Press, Honolulu, Hawaii, United States of America
Hypsopygia mauritialis;Asia;Sino-Japanese;1958;Zimmerman, E. (1958). Insects of Hawaii. Volume 8, Lepidoptera: Pyraloidea. Hawaii: University of Hawaii Press, Honolulu, Hawaii, United States of America
Hypsopygia mauritialis;Asia;Oriental;2024;Turner, R. et al. (2024). International Non-native Insect Establishment Data (0.2.1) [Data set]. Zenodo
Hypsopygia mauritialis;Africa;Afrotropical;2024;Turner, R. et al. (2024). International Non-native Insect Establishment Data (0.2.1) [Data set]. Zenodo
Idaea dimidiata;Europe;Palearctic;2023;Sims, I. et al. (2023). The genome sequence of the Single-dotted Wave, Idaea dimidiata (Hufnagel, 1767). Wellcome Open Research. 8: 557
Idaea dimidiata;Asia;Palearctic;2023;Sims, I. et al. (2023). The genome sequence of the Single-dotted Wave, Idaea dimidiata (Hufnagel, 1767). Wellcome Open Research. 8: 557
Cnaphalocrocis poeyalis;Oceania;Oceanian;2025;PaDIL (2025). The Pest and Disease Image Library (PaDIL).
Cnaphalocrocis poeyalis;Asia;Oriental;2025;PaDIL (2025). The Pest and Disease Image Library (PaDIL).
Cnaphalocrocis poeyalis;Africa;Afrotropical;2025;PaDIL (2025). The Pest and Disease Image Library (PaDIL).
Conogethes punctiferalis;Asia;Sino-Japanese;2025;PaDIL (2025). The Pest and Disease Image Library (PaDIL).
Imma mylias;Asia;Oriental;2024;Turner, R. et al. (2024). International Non-native Insect Establishment Data (0.2.1) [Data set]. Zenodo
Conogethes punctiferalis;Asia;Oriental;2025;PaDIL (2025). The Pest and Disease Image Library (PaDIL).
Conogethes punctiferalis;Oceania;Oceanian;2025;PaDIL (2025). The Pest and Disease Image Library (PaDIL).
Incurvaria rubiella;Europe;Palearctic;2025;Shropshire, K., Tallamy, D. (2025). Lepidoptera of North American north of Mexico: An annotated list containing geographic ranges and host plant records. ZooKeys
Iphiclides podalirius;Asia;Palearctic;2010;van Swaay, C. et al. (2010). Iphiclides podalirius (Europe assessment). The IUCN Red List of Threatened Species. 2010: e.T174405A7066031
Iphiclides podalirius;Asia;Palearctic;2014;van Swaay, C. et al. (2014). Iphiclides podalirius (Mediterranean assessment). The IUCN Red List of Threatened Species. 2014: e.T174405A53719929
Iphiclides podalirius;Europe;Palearctic;2014;van Swaay, C. et al. (2014). Iphiclides podalirius (Mediterranean assessment). The IUCN Red List of Threatened Species. 2014: e.T174405A53719929
Iphiclides podalirius;Europe;Palearctic;2010;van Swaay, C. et al. (2010). Iphiclides podalirius (Europe assessment). The IUCN Red List of Threatened Species. 2010: e.T174405A7066031
Iphiclides podalirius;Africa;Saharo-Arabian;2014;van Swaay, C. et al. (2014). Iphiclides podalirius (Mediterranean assessment). The IUCN Red List of Threatened Species. 2014: e.T174405A53719929
Iphiclides podalirius;Asia;Saharo-Arabian;2014;van Swaay, C. et al. (2014). Iphiclides podalirius (Mediterranean assessment). The IUCN Red List of Threatened Species. 2014: e.T174405A53719929
Eudocima jordani;Australia;Australian;2025;PaDIL (2025). The Pest and Disease Image Library (PaDIL).
Iridopsis fragilaria;North America;Nearctic;1966;Rindge, F. (1966). A revision of the moth genus Anacamptodes (Lepidoptera, Geometridae). Bulletin of the American Museum of Natural History. 132: 3
Ischyja manlia;Asia;Oriental;2005;Sohn, J. et al. (2005). A new record of Ischyja manlia (Cramer)(Lepidoptera: Noctuidae: Catocalinae) from Korea. Entomological Research. 35(2): 107-110
Ischyja manlia;Asia;Oriental;2024;Turner, R. et al. (2024). International Non-native Insect Establishment Data (0.2.1) [Data set]. Zenodo
Isophrictis striatella;Europe;Palearctic;2011;Gassmann, A. et al. (2011). Biological control of common tansy, Tanacetum vulgare. Annual Report, 2010. CABI Europe – Switzerland
Eudocima jordani;Oceania;Oceanian;2025;PaDIL (2025). The Pest and Disease Image Library (PaDIL).
Isotenes miserana;Australia;Australian;2024;Turner, R. et al. (2024). International Non-native Insect Establishment Data (0.2.1) [Data set]. Zenodo
Ithome lassula;North America;Nearctic;1989;Bullock, R. (1989). Native Ithome lassula (Lepidoptera: Cosmopterigidae) attacks Leucaena in Florida. The Florida Entomologist. 72(3): 548-550
Ithome lassula;North America;Nearctic;2024;Turner, R. et al. (2024). International Non-native Insect Establishment Data (0.2.1) [Data set]. Zenodo
Junonia atlites;Asia;Oriental;2018;Mehra, D. et al. (2018). A taxonomic study of six species of the genus Junonia Hubner,[1819](Insecta: Lepidoptera: Nymphalidae) from the northwestern Himalayan region in India. Journal of Threatened Taxa. 10(7): 11934-11947
Eudocima jordani;Oceania;Australian;2025;PaDIL (2025). The Pest and Disease Image Library (PaDIL).
Keiferia lycopersicella;North America;Nearctic;2024;Turner, R. et al. (2024). International Non-native Insect Establishment Data (0.2.1) [Data set]. Zenodo
Keiferia lycopersicella;South America;Neotropical;2024;Turner, R. et al. (2024). International Non-native Insect Establishment Data (0.2.1) [Data set]. Zenodo
Ketapangia leucochorda;Asia;Oriental;1995;Kumata, T. (1995). Ketapangia, a new genus for Macarostola leucochorda and Acrocercops regulifera [Gracillariidae, Lepidoptera]. Insecta matsumurana. New series: journal of the Faculty of Agriculture Hokkaido University, series entomology., 52, 133-148
Korscheltellus lupulina;Europe;Palearctic;2023;Jae-Young, L. et al. (2023). New Record of a Hepialid Moth Species, Korscheltellus lupulina (Lepidoptera: Hepialidae) from Korea. Animal Systematics, Evolution and Diversity. 39(4): 322-324
Ladoga camilla;Europe;Palearctic;2022;Vila, R. et al. (2022). The genome sequence of the white admiral, Limenitis camilla (Linnaeus, 1764). Wellcome Open Research. 7: 301
Ladoga camilla;Asia;Palearctic;2022;Vila, R. et al. (2022). The genome sequence of the white admiral, Limenitis camilla (Linnaeus, 1764). Wellcome Open Research. 7: 301
Ladoga camilla;Asia;Oriental;2022;Vila, R. et al. (2022). The genome sequence of the white admiral, Limenitis camilla (Linnaeus, 1764). Wellcome Open Research. 7: 301
Ladoga camilla;Asia;Sino-Japanese;2022;Vila, R. et al. (2022). The genome sequence of the white admiral, Limenitis camilla (Linnaeus, 1764). Wellcome Open Research. 7: 301
Lampides boeticus;Africa;Afrotropical;2021;Edge, D., Westrip, J. (2021). Lampides boeticus. The IUCN Red List of Threatened Species 2021: e.T174427A161341394
Lampides boeticus;Australia;Australian;2021;Edge, D., Westrip, J. (2021). Lampides boeticus. The IUCN Red List of Threatened Species 2021: e.T174427A161341394
Lampides boeticus;Oceania;Australian;2021;Edge, D., Westrip, J. (2021). Lampides boeticus. The IUCN Red List of Threatened Species 2021: e.T174427A161341394
Lampides boeticus;Africa;Madagascan;2021;Edge, D., Westrip, J. (2021). Lampides boeticus. The IUCN Red List of Threatened Species 2021: e.T174427A161341394
Lampides boeticus;North America;Nearctic;2021;Edge, D., Westrip, J. (2021). Lampides boeticus. The IUCN Red List of Threatened Species 2021: e.T174427A161341394
Lampides boeticus;Oceania;Nearctic;2021;Edge, D., Westrip, J. (2021). Lampides boeticus. The IUCN Red List of Threatened Species 2021: e.T174427A161341394
Lampides boeticus;Oceania;Oceanian;2021;Edge, D., Westrip, J. (2021). Lampides boeticus. The IUCN Red List of Threatened Species 2021: e.T174427A161341394
Lampides boeticus;Asia;Oriental;2021;Edge, D., Westrip, J. (2021). Lampides boeticus. The IUCN Red List of Threatened Species 2021: e.T174427A161341394
Lampides boeticus;Asia;Palearctic;2021;Edge, D., Westrip, J. (2021). Lampides boeticus. The IUCN Red List of Threatened Species 2021: e.T174427A161341394
Lampides boeticus;Europe;Palearctic;2021;Edge, D., Westrip, J. (2021). Lampides boeticus. The IUCN Red List of Threatened Species 2021: e.T174427A161341394
Lampides boeticus;Africa;Saharo-Arabian;2021;Edge, D., Westrip, J. (2021). Lampides boeticus. The IUCN Red List of Threatened Species 2021: e.T174427A161341394
Lampides boeticus;Asia;Saharo-Arabian;2021;Edge, D., Westrip, J. (2021). Lampides boeticus. The IUCN Red List of Threatened Species 2021: e.T174427A161341394
Lampides boeticus;Asia;Sino-Japanese;2021;Edge, D., Westrip, J. (2021). Lampides boeticus. The IUCN Red List of Threatened Species 2021: e.T174427A161341394
Lampides boeticus;North America;Panamanian;2021;Edge, D., Westrip, J. (2021). Lampides boeticus. The IUCN Red List of Threatened Species 2021: e.T174427A161341394
Lampides boeticus;Europe;Palearctic;2024;Turner, R. et al. (2024). International Non-native Insect Establishment Data (0.2.1) [Data set]. Zenodo
Lampides boeticus;Asia;Palearctic;2024;Turner, R. et al. (2024). International Non-native Insect Establishment Data (0.2.1) [Data set]. Zenodo
Lampides boeticus;Asia;Oriental;2024;Turner, R. et al. (2024). International Non-native Insect Establishment Data (0.2.1) [Data set]. Zenodo
Lampides boeticus;Africa;Afrotropical;2024;Turner, R. et al. (2024). International Non-native Insect Establishment Data (0.2.1) [Data set]. Zenodo
Lampides boeticus;Australia;Australian;2024;Turner, R. et al. (2024). International Non-native Insect Establishment Data (0.2.1) [Data set]. Zenodo
Lamprosema chagosalis;Africa;Madagascan;2015;Hayden, J., Troubridge, J. (2015). Nacoleia charesalis (Walker) spreading in Florida. News of the Lepidopterists Society. 57(1): 8-10
Lamprosema chagosalis;Oceania;Oceanian;2015;Hayden, J., Troubridge, J. (2015). Nacoleia charesalis (Walker) spreading in Florida. News of the Lepidopterists Society. 57(1): 8-10
Lamprosema chagosalis;Asia;Oriental;2015;Hayden, J., Troubridge, J. (2015). Nacoleia charesalis (Walker) spreading in Florida. News of the Lepidopterists Society. 57(1): 8-10
Lamprosema chagosalis;Asia;Sino-Japanese;2015;Hayden, J., Troubridge, J. (2015). Nacoleia charesalis (Walker) spreading in Florida. News of the Lepidopterists Society. 57(1): 8-10
Lantanophaga pusillidactylus;North America;Nearctic;2006;Gielis, C. (2006). Review of the Neotropical species of the family Pterophoridae, part I: Ochyroticinae, Deuterocopinae, Pterophorinae (Platyptiliini, Exelastini, Oxyptilini) (Lepidoptera). Zoologische Mededelingen. 80: 1-290
Lantanophaga pusillidactylus;South America;Neotropical;2006;Gielis, C. (2006). Review of the Neotropical species of the family Pterophoridae, part I: Ochyroticinae, Deuterocopinae, Pterophorinae (Platyptiliini, Exelastini, Oxyptilini) (Lepidoptera). Zoologische Mededelingen. 80: 1-290
Lantanophaga pusillidactylus;South America;Neotropical;2020;Demetriou, J. et al. (2020). A new tropical invader in Greece: The lantana plume moth Lantanophaga pusillidactylus (Lepidoptera: Pterophoridae). Entomologia Hellenica. 29(1): 1-7
Lantanophaga pusillidactylus;North America;Panamanian;2006;Gielis, C. (2006). Review of the Neotropical species of the family Pterophoridae, part I: Ochyroticinae, Deuterocopinae, Pterophorinae (Platyptiliini, Exelastini, Oxyptilini) (Lepidoptera). Zoologische Mededelingen. 80: 1-290
Lantanophaga pusillidactylus;North America;Panamanian;2020;Demetriou, J. et al. (2020). A new tropical invader in Greece: The lantana plume moth Lantanophaga pusillidactylus (Lepidoptera: Pterophoridae). Entomologia Hellenica. 29(1): 1-7
Lantanophaga pusillidactylus;North America;Nearctic;2024;Turner, R. et al. (2024). International Non-native Insect Establishment Data (0.2.1) [Data set]. Zenodo
Lantanophaga pusillidactylus;South America;Neotropical;2024;Turner, R. et al. (2024). International Non-native Insect Establishment Data (0.2.1) [Data set]. Zenodo
Lateroligia ophiogramma;Asia;Palearctic;2020;Crabo, L., Holden, D. (2020). A Review of Established Accidentally-Introduced Noctuoidea in the Pacific Northwest Region of North America, with First Report of the Eurasian Cutworm Mesapamea secalis (L.)(Noctuidae, Noctuinae, Apameini) for North America. The Journal of the Lepidopterists Society. 74(2): 95-105
Lateroligia ophiogramma;Europe;Palearctic;2011;Neil, K. (2011). Lateroligia ophiogramma (Esper)(Lepidoptera: Erebidae) in Nova Scotia, Canada. Journal of the Acadian Entomological Society. 7: 102-104
Lateroligia ophiogramma;Asia;Sino-Japanese;2011;Neil, K. (2011). Lateroligia ophiogramma (Esper)(Lepidoptera: Erebidae) in Nova Scotia, Canada. Journal of the Acadian Entomological Society. 7: 102-104
Lateroligia ophiogramma;Asia;Sino-Japanese;2020;Crabo, L., Holden, D. (2020). A Review of Established Accidentally-Introduced Noctuoidea in the Pacific Northwest Region of North America, with First Report of the Eurasian Cutworm Mesapamea secalis (L.)(Noctuidae, Noctuinae, Apameini) for North America. The Journal of the Lepidopterists Society. 74(2): 95-105
Lebeda nobilis;Asia;Oriental;2024;Turner, R. et al. (2024). International Non-native Insect Establishment Data (0.2.1) [Data set]. Zenodo
Lecithocera micromela;Australia;Australian;2001;Hoare, R. (2001). Adventive species of Lepidoptera recorded for the first time in New Zealand since 1988. New Zealand Entomologist. 24: 23-47
Lecithocera micromela;Australia;Australian;2024;Turner, R. et al. (2024). International Non-native Insect Establishment Data (0.2.1) [Data set]. Zenodo
Lepidoscia heliochares;Australia;Australian;2010;Patrick, B. (2010). Southern spread of moths in New Zealand. The Weta. 40: 32-38
Lepidoscia heliochares;Australia;Australian;2024;Turner, R. et al. (2024). International Non-native Insect Establishment Data (0.2.1) [Data set]. Zenodo
Lepidoscia protorna;Australia;Australian;2011;Hoare, R. (2011). Lepidoptera of gumland heaths - a threatened and rare ecosystem of northern New Zealand. New Zealand Entomologist. 34(1): 67-76
Lepidoscia protorna;Australia;Australian;2024;Turner, R. et al. (2024). International Non-native Insect Establishment Data (0.2.1) [Data set]. Zenodo
Lepidotarphius perornatella;Asia;Palearctic;2025;Shropshire, K., Tallamy, D. (2025). Lepidoptera of North American north of Mexico: An annotated list containing geographic ranges and host plant records. ZooKeys
Lepidotarphius perornatella;Asia;Oriental;2025;Shropshire, K., Tallamy, D. (2025). Lepidoptera of North American north of Mexico: An annotated list containing geographic ranges and host plant records. ZooKeys
Leptocroca sanguinolenta;Australia;Australian;2001;Hoare, R. (2001). Adventive species of Lepidoptera recorded for the first time in New Zealand since 1988. New Zealand Entomologist. 24: 23-47
Leptocroca sanguinolenta;Australia;Australian;2024;Turner, R. et al. (2024). International Non-native Insect Establishment Data (0.2.1) [Data set]. Zenodo
Eudocima salaminia;Australia;Australian;2025;PaDIL (2025). The Pest and Disease Image Library (PaDIL).
Eudocima salaminia;Oceania;Oceanian;2025;PaDIL (2025). The Pest and Disease Image Library (PaDIL).
Leptosia nina;Asia;Oriental;2024;Turner, R. et al. (2024). International Non-native Insect Establishment Data (0.2.1) [Data set]. Zenodo
Leucania comma;Europe;Palearctic;2024;Turner, R. et al. (2024). International Non-native Insect Establishment Data (0.2.1) [Data set]. Zenodo
Eudocima salaminia;Asia;Oriental;2025;PaDIL (2025). The Pest and Disease Image Library (PaDIL).
Eudocima salaminia;Oceania;Australian;2025;PaDIL (2025). The Pest and Disease Image Library (PaDIL).
Helicoverpa punctigera;Asia;Oriental;2025;PaDIL (2025). The Pest and Disease Image Library (PaDIL).
Leucania inconspicua;South America;Neotropical;2024;Turner, R. et al. (2024). International Non-native Insect Establishment Data (0.2.1) [Data set]. Zenodo
Leucania lobrega;South America;Neotropical;1992;Frank, J., McCoy, E. (1992). Introduction to the Behavioral Ecology of Immigration. The Immigration of Insects to Florida, with a Tabulation of Records Published Since 1970. The Florida Entomologist.75(1): 1-28
Leucania loreyi;Asia;Oriental;2020;Nam, H. et al. (2020). Development of a species diagnostic molecular tool for an invasive pest, Mythimna loreyi, using LAMP. Insects. 11(11): 817
Leucania loreyi;Asia;Palearctic;2020;Nam, H. et al. (2020). Development of a species diagnostic molecular tool for an invasive pest, Mythimna loreyi, using LAMP. Insects. 11(11): 817
Leucania loreyi;Asia;Saharo-Arabian;2020;Nam, H. et al. (2020). Development of a species diagnostic molecular tool for an invasive pest, Mythimna loreyi, using LAMP. Insects. 11(11): 817
Leucania loreyi;Asia;Sino-Japanese;2020;Nam, H. et al. (2020). Development of a species diagnostic molecular tool for an invasive pest, Mythimna loreyi, using LAMP. Insects. 11(11): 817
Helicoverpa punctigera;Australia;Australian;2025;PaDIL (2025). The Pest and Disease Image Library (PaDIL).
Helicoverpa punctigera;Oceania;Oceanian;2025;PaDIL (2025). The Pest and Disease Image Library (PaDIL).
Leucania stenographa;Asia;Oriental;2025;PaDIL (2025). The Pest and Disease Image Library (PaDIL).
Leucania stenographa;Asia;Palearctic;2025;PaDIL (2025). The Pest and Disease Image Library (PaDIL).
Leucania stenographa;Asia;Palearctic;2024;Turner, R. et al. (2024). International Non-native Insect Establishment Data (0.2.1) [Data set]. Zenodo
Leucania stenographa;Australia;Australian;2024;Turner, R. et al. (2024). International Non-native Insect Establishment Data (0.2.1) [Data set]. Zenodo
Leucania stenographa;Oceania;Oceanian;2024;Turner, R. et al. (2024). International Non-native Insect Establishment Data (0.2.1) [Data set]. Zenodo
Leucania striata;Asia;Oriental;1987;Yoshimatsu, S. (1987). Taxonomic study on Leucania striata Leech and its close relatives, with a description of a new species (Lepidoptera, Noctuidae). Lepidoptera Science. 38(2): 57-67
Leucania striata;Asia;Sino-Japanese;1987;Yoshimatsu, S. (1987). Taxonomic study on Leucania striata Leech and its close relatives, with a description of a new species (Lepidoptera, Noctuidae). Lepidoptera Science. 38(2): 57-67
Leucania striata;Asia;Palearctic;2024;Turner, R. et al. (2024). International Non-native Insect Establishment Data (0.2.1) [Data set]. Zenodo
Leucania striata;Asia;Oriental;2024;Turner, R. et al. (2024). International Non-native Insect Establishment Data (0.2.1) [Data set]. Zenodo
Leucinodes orbonalis;Australia;Australian;2015;Mally, R. et al. (2015). Discovery of an unknown diversity of Leucinodes species damaging Solanaceae fruits in sub-Saharan Africa and moving in trade (Insecta, Lepidoptera, Pyraloidea). ZooKeys. 472: 117-162
Leucinodes orbonalis;Asia;Oriental;2015;Mally, R. et al. (2015). Discovery of an unknown diversity of Leucinodes species damaging Solanaceae fruits in sub-Saharan Africa and moving in trade (Insecta, Lepidoptera, Pyraloidea). ZooKeys. 472: 117-162
Leucinodes orbonalis;Asia;Saharo-Arabian;2015;Mally, R. et al. (2015). Discovery of an unknown diversity of Leucinodes species damaging Solanaceae fruits in sub-Saharan Africa and moving in trade (Insecta, Lepidoptera, Pyraloidea). ZooKeys. 472: 117-162
Leucinodes orbonalis;Asia;Sino-Japanese;2015;Mally, R. et al. (2015). Discovery of an unknown diversity of Leucinodes species damaging Solanaceae fruits in sub-Saharan Africa and moving in trade (Insecta, Lepidoptera, Pyraloidea). ZooKeys. 472: 117-162
Leucinodes orbonalis;Asia;Palearctic;2024;Turner, R. et al. (2024). International Non-native Insect Establishment Data (0.2.1) [Data set]. Zenodo
Leucinodes orbonalis;Asia;Oriental;2024;Turner, R. et al. (2024). International Non-native Insect Establishment Data (0.2.1) [Data set]. Zenodo
Leucinodes orbonalis;Africa;Afrotropical;2024;Turner, R. et al. (2024). International Non-native Insect Establishment Data (0.2.1) [Data set]. Zenodo
Leuciris fimbriaria;North America;Nearctic;2009;Heard, T., Paynter, Q. (2009). Mimosa pigra (Leguminosae). In: Biological control of tropical weeds using arthropods. Cambridge University Press, Cambridge, UK. 256-273
Leuciris fimbriaria;South America;Neotropical;2002;Pitkin, L. (2002). Neotropical ennomine moths: a review of the genera (Lepidoptera: Geometridae). Zoological Journal of the Linnean Society. 135(2): 121-401
Leuciris fimbriaria;South America;Neotropical;2009;Heard, T., Paynter, Q. (2009). Mimosa pigra (Leguminosae). In: Biological control of tropical weeds using arthropods. Cambridge University Press, Cambridge, UK. 256-273
Leuciris fimbriaria;North America;Panamanian;2002;Pitkin, L. (2002). Neotropical ennomine moths: a review of the genera (Lepidoptera: Geometridae). Zoological Journal of the Linnean Society. 135(2): 121-401
Leuciris fimbriaria;North America;Panamanian;2009;Heard, T., Paynter, Q. (2009). Mimosa pigra (Leguminosae). In: Biological control of tropical weeds using arthropods. Cambridge University Press, Cambridge, UK. 256-273
Leuciris fimbriaria;South America;Panamanian;2002;Pitkin, L. (2002). Neotropical ennomine moths: a review of the genera (Lepidoptera: Geometridae). Zoological Journal of the Linnean Society. 135(2): 121-401
Leucoma salicis;Asia;Palearctic;1956;Kumata, T. (1956). A revision of the Japanese species of the genus Leucoma Stephens (Lepidoptera, Lymantriidae). Insecta Matsumurana. 20(3): 107-113
Leucoma salicis;Asia;Sino-Japanese;1956;Kumata, T. (1956). A revision of the Japanese species of the genus Leucoma Stephens (Lepidoptera, Lymantriidae). Insecta Matsumurana. 20(3): 107-113
Leucoma salicis;Asia;Sino-Japanese;1979;Wagner, T., Leonard, D. (1979). Aspects of Mating, Oviposition, and Flight in the Satin Moth, Leocoma salicis (Lepidoptera: Lymantriidae) 1. The Canadian Entomologist. 111(7): 833-840
Leucoma salicis;Europe;Palearctic;2024;Turner, R. et al. (2024). International Non-native Insect Establishment Data (0.2.1) [Data set]. Zenodo
Leucoptera coffeella;Africa;Afrotropical;2021;Dantas, J. et al. (2021). A comprehensive review of the coffee leaf miner Leucoptera coffeella (Lepidoptera: Lyonetiidae) - A major pest for the coffee crop in Brazil and others Neotropical countries. Insects. 12(12): 1130
Leucoptera coffeella;Africa;Madagascan;1984;Green, D. (1984). A Proposed Origin of the Coffee Leaf-miner, Leucoptera coffeella (Guerin-Meneville) (Lepidoptera: Lyonetiidae). Bulletin of the Entomological Society of America. 30(1): 30-31
Leucoptera coffeella;Africa;Saharo-Arabian;2021;Dantas, J. et al. (2021). A comprehensive review of the coffee leaf miner Leucoptera coffeella (Lepidoptera: Lyonetiidae) - A major pest for the coffee crop in Brazil and others Neotropical countries. Insects. 12(12): 1130
Leucoptera coffeella;Africa;Madagascan;2021;Dantas, J. et al. (2021). A comprehensive review of the coffee leaf miner Leucoptera coffeella (Lepidoptera: Lyonetiidae) - A major pest for the coffee crop in Brazil and others Neotropical countries. Insects. 12(12): 1130
Leucoptera laburnella;North America;Nearctic;2015;Pohl, G. et al. (2015). Checklist of the Lepidoptera of British Columbia, Canada. Entomological Society of British Columbia Occasional Paper. 3: 1-237
Leucoptera laburnella;Asia;Palearctic;2006;Seven, S. (2006). Lyonetiidae of Turkey with notes on their distribution and zoogeography (Lepidoptera). Zootaxa. 1245(1): 53-58
Leucoptera laburnella;Europe;Palearctic;2006;Seven, S. (2006). Lyonetiidae of Turkey with notes on their distribution and zoogeography (Lepidoptera). Zootaxa. 1245(1): 53-58
Leucoptera laburnella;Europe;Palearctic;2025;Shropshire, K., Tallamy, D. (2025). Lepidoptera of North American north of Mexico: An annotated list containing geographic ranges and host plant records. ZooKeys
Leucania stenographa;Europe;Palearctic;2025;PaDIL (2025). The Pest and Disease Image Library (PaDIL).
Leucania stenographa;Asia;Sino-Japanese;2025;PaDIL (2025). The Pest and Disease Image Library (PaDIL).
Ophiusa tirhaca;Africa;Afrotropical;2025;PaDIL (2025). The Pest and Disease Image Library (PaDIL).
Ophiusa tirhaca;Asia;Oriental;2025;PaDIL (2025). The Pest and Disease Image Library (PaDIL).
Leucoptera sinuella;Asia;Oriental;1964;Kuroko, H. (1964). Revisional studies on the family Lyonetiidae of Japan (Lepidoptera). ESAKIA. 4: 1-61
Leucoptera sinuella;Asia;Palearctic;2024;Canete-Salinas, P. et al. (2024). Use of satellite images to monitor Leucoptera sinuella leaf damage in poplar plantations in central Chile. New Forests. 1-14
Leucoptera sinuella;Europe;Palearctic;2024;Canete-Salinas, P. et al. (2024). Use of satellite images to monitor Leucoptera sinuella leaf damage in poplar plantations in central Chile. New Forests. 1-14
Leucoptera sinuella;Africa;Saharo-Arabian;1964;Kuroko, H. (1964). Revisional studies on the family Lyonetiidae of Japan (Lepidoptera). ESAKIA. 4: 1-61
Leucoptera sinuella;Europe;Palearctic;2024;Turner, R. et al. (2024). International Non-native Insect Establishment Data (0.2.1) [Data set]. Zenodo
Leucoptera spartifoliella;Europe;Palearctic;1964;Frick, K. (1964). Leucoptera spartifoliella, an introduced enemy of Scotch broom in the western United States. Journal of Economic Entomology. 57(4): 589-591
Leucoptera spartifoliella;Europe;Palearctic;2024;Turner, R. et al. (2024). International Non-native Insect Establishment Data (0.2.1) [Data set]. Zenodo
Lineodes elcodes;South America;Neotropical;2025;Shropshire, K., Tallamy, D. (2025). Lepidoptera of North American north of Mexico: An annotated list containing geographic ranges and host plant records. ZooKeys
Ophiusa tirhaca;Asia;Palearctic;2025;PaDIL (2025). The Pest and Disease Image Library (PaDIL).
Ophiusa tirhaca;Europe;Palearctic;2025;PaDIL (2025). The Pest and Disease Image Library (PaDIL).
Ophiusa tirhaca;Africa;Saharo-Arabian;2025;PaDIL (2025). The Pest and Disease Image Library (PaDIL).
Lineodes integra;North America;Nearctic;2024;Turner, R. et al. (2024). International Non-native Insect Establishment Data (0.2.1) [Data set]. Zenodo
Lineodes integra;South America;Neotropical;2024;Turner, R. et al. (2024). International Non-native Insect Establishment Data (0.2.1) [Data set]. Zenodo
Lineodes ochrea;Oceania;Oceanian;2024;Turner, R. et al. (2024). International Non-native Insect Establishment Data (0.2.1) [Data set]. Zenodo
Lioptilodes albistriolatus;North America;Nearctic;2019;Matthews, D. et al. (2019). Additions to the plume moth fauna of The Bahamas (Lepidoptera: Pterophoridae) with description of four new species. Insecta Mundi. 0708: 1-35
Lioptilodes albistriolatus;South America;Neotropical;2019;Matthews, D. et al. (2019). Additions to the plume moth fauna of The Bahamas (Lepidoptera: Pterophoridae) with description of four new species. Insecta Mundi. 0708: 1-35
Lipographis subosseella;North America;Panamanian;1992;Frank, J., McCoy, E. (1992). Introduction to the Behavioral Ecology of Immigration. The Immigration of Insects to Florida, with a Tabulation of Records Published Since 1970. The Florida Entomologist.75(1): 1-28
Lipographis subosseella;South America;Neotropical;2024;Turner, R. et al. (2024). International Non-native Insect Establishment Data (0.2.1) [Data set]. Zenodo
Lithophane leautieri;Europe;Palearctic;1999;de Vos, R. (1999). Trekvlinders in 1998 (negenenvijftigste jaarverslag) (Lepidoptera). Entomologische berichten. 59: 173-185
Lithophane leautieri;Europe;Palearctic;2010;Lopez-Vaamonde, C. et al. (2010). Lepidoptera. Chapter 11. BioRisk. 4: 603-668
Lithophane leautieri;Africa;Saharo-Arabian;2010;Lopez-Vaamonde, C. et al. (2010). Lepidoptera. Chapter 11. BioRisk. 4: 603-668
Litoprosopus haitiensis;North America;Panamanian;1992;Frank, J., McCoy, E. (1992). Introduction to the Behavioral Ecology of Immigration. The Immigration of Insects to Florida, with a Tabulation of Records Published Since 1970. The Florida Entomologist.75(1): 1-28
Litoprosopus haitiensis;South America;Neotropical;2024;Turner, R. et al. (2024). International Non-native Insect Establishment Data (0.2.1) [Data set]. Zenodo
Lobesia botrana;Asia;Palearctic;2011;Gilligan, T. et al. (2011). Discovery of Lobesia botrana (Denis and Schiffermuller) in California: An invasive species new to North America (Lepidoptera: Tortricidae). Proceedings of the Entomological Society of Washington. 1113(1): 14-30
Lobesia botrana;Europe;Palearctic;2011;Gilligan, T. et al. (2011). Discovery of Lobesia botrana (Denis and Schiffermuller) in California: An invasive species new to North America (Lepidoptera: Tortricidae). Proceedings of the Entomological Society of Washington. 1113(1): 14-30
Lobesia botrana;Africa;Saharo-Arabian;2011;Gilligan, T. et al. (2011). Discovery of Lobesia botrana (Denis and Schiffermuller) in California: An invasive species new to North America (Lepidoptera: Tortricidae). Proceedings of the Entomological Society of Washington. 1113(1): 14-30
Lobesia botrana;Asia;Saharo-Arabian;2011;Gilligan, T. et al. (2011). Discovery of Lobesia botrana (Denis and Schiffermuller) in California: An invasive species new to North America (Lepidoptera: Tortricidae). Proceedings of the Entomological Society of Washington. 1113(1): 14-30
Lobesia botrana;Asia;Sino-Japanese;2011;Gilligan, T. et al. (2011). Discovery of Lobesia botrana (Denis and Schiffermuller) in California: An invasive species new to North America (Lepidoptera: Tortricidae). Proceedings of the Entomological Society of Washington. 1113(1): 14-30
Lobesia botrana;Europe;Palearctic;2024;Turner, R. et al. (2024). International Non-native Insect Establishment Data (0.2.1) [Data set]. Zenodo
Lobesiodes euphorbiana;Europe;Palearctic;2020;Gilligan, T. et al. (2020). Immigrant Tortricidae: Holarctic versus Introduced Species in North America. Insects. 11(9):594
Lorita baccharivora;North America;Nearctic;1988;Diatloff, G., Palmer, W. (1988). The host specificity and biology of Aristotella ivae Busck (Gelechiidae) and Lorita baccharivora Pogue (Tortricidae), two microlepidoptera selected as biological control agents for Baccharis halimifolia (Asteraceae) in Australia. Proceedings of the Entomological Society of Washington. 90(4): 458-461
Lorita baccharivora;North America;Nearctic;2024;Turner, R. et al. (2024). International Non-native Insect Establishment Data (0.2.1) [Data set]. Zenodo
Ophiusa tirhaca;Asia;Sino-Japanese;2025;PaDIL (2025). The Pest and Disease Image Library (PaDIL).
Ophiusa tirhaca;Africa;Madagascan;2025;PaDIL (2025). The Pest and Disease Image Library (PaDIL).
Ophiusa trapezium;Oceania;Oceanian;2025;PaDIL (2025). The Pest and Disease Image Library (PaDIL).
Lorita scarificata;North America;Nearctic;2024;Turner, R. et al. (2024). International Non-native Insect Establishment Data (0.2.1) [Data set]. Zenodo
Loxomorpha flavidissimalis;North America;Nearctic;2019;Gonzalez-Hernandez, A. et al. (2019). First report of range expansion of the cactus webworm, Loxomorpha flavidissimalis (Grote)(Pyraloidea: Crambidae), to central Mexico and central Texas, USA. Florida Entomologist. 102(3): 638-641
Loxostege sticticalis;Asia;Palearctic;1938;Pepper, J. (1938). The effect of certain climatic factors on the distribution of the beet webworm (Loxostege sticticalis L.) in North America. Ecology. 19(4): 565-571
Loxostege sticticalis;Europe;Palearctic;1938;Pepper, J. (1938). The effect of certain climatic factors on the distribution of the beet webworm (Loxostege sticticalis L.) in North America. Ecology. 19(4): 565-571
Loxostege sticticalis;North America;Nearctic;2024;Turner, R. et al. (2024). International Non-native Insect Establishment Data (0.2.1) [Data set]. Zenodo
Loxostege sticticalis;Europe;Palearctic;2024;Turner, R. et al. (2024). International Non-native Insect Establishment Data (0.2.1) [Data set]. Zenodo
Loxostege sticticalis;Asia;Palearctic;2024;Turner, R. et al. (2024). International Non-native Insect Establishment Data (0.2.1) [Data set]. Zenodo
Ophiusa trapezium;Asia;Oriental;2025;PaDIL (2025). The Pest and Disease Image Library (PaDIL).
Lozotaenia cedrivora;Africa;Saharo-Arabian;1990;Chambon, J. et al. (1990). Trois nouvelles Tordeuses dAlgerie, nuisibles aux Coniferes: Epinotia algeriensis n. sp.(Olethrentinae, Eucosmini), Lozotaenia cedrivora n. sp. et Dichela numidicola n. sp.(Tortricinae, Archipini)[Lep. Tortricidae]. Bulletin de la Societe entomologique de France. 95(3): 131-138
Oxyodes scrobiculata;Asia;Oriental;2025;PaDIL (2025). The Pest and Disease Image Library (PaDIL).
Lozotaenia cedrivora;Africa;Afrotropical;2024;Turner, R. et al. (2024). International Non-native Insect Establishment Data (0.2.1) [Data set]. Zenodo
Luthrodes pandava;Asia;Oriental;2009;Wu, L. et al. (2009). Tracing the origin of Chilades pandava (Lepidoptera, Lycaenidae) found at Kinmen Island using mitochondrial COI and COII Genes. BioFormosa. 44(2): 61-68
Luthrodes pandava;Asia;Oriental;2010;Wu, L. et al. (2010). Elucidating genetic signatures of native and introduced populations of the Cycad Blue, Chilades pandava to Taiwan: a threat both to Sago Palm and to native Cycas populations worldwide. Biological Invasions. 12(8): 2649-2669
Luthrodes pandava;Asia;Sino-Japanese;2009;Wu, L. et al. (2009). Tracing the origin of Chilades pandava (Lepidoptera, Lycaenidae) found at Kinmen Island using mitochondrial COI and COII Genes. BioFormosa. 44(2): 61-68
Lycomorphodes sordida;North America;Nearctic;1992;Adams, J. (1992). A new lichen moth record for the United States: Lycomorphodes sordida (Arctiidae: Lithosiinae) from south Texas. Journal of the Lepidopterists Society. 46(2): 160-161
Lycomorphodes sordida;South America;Neotropical;1992;Adams, J. (1992). A new lichen moth record for the United States: Lycomorphodes sordida (Arctiidae: Lithosiinae) from south Texas. Journal of the Lepidopterists Society. 46(2): 160-161
Lycomorphodes sordida;North America;Panamanian;1992;Adams, J. (1992). A new lichen moth record for the United States: Lycomorphodes sordida (Arctiidae: Lithosiinae) from south Texas. Journal of the Lepidopterists Society. 46(2): 160-161
Lycomorphodes sordida;North America;Nearctic;2024;Turner, R. et al. (2024). International Non-native Insect Establishment Data (0.2.1) [Data set]. Zenodo
Lycomorphodes sordida;South America;Neotropical;2024;Turner, R. et al. (2024). International Non-native Insect Establishment Data (0.2.1) [Data set]. Zenodo
Lymantria dispar;Asia;Oriental;2007;Pogue, M. (2007). A Review of Selected Species of Lymantria Hubner (1819) (Lepidoptera: Noctuidae: Lymantriinae) from Subtropical and Temperate Regions of Asia, Including the Descriptions of Three New Species, Some Potentially Invasive to North America. U.S. Department of Agriculture, Forest Health Technology Enterprise Team. 223 pp
Lymantria dispar;Asia;Palearctic;2007;Pogue, M. (2007). A Review of Selected Species of Lymantria Hubner (1819) (Lepidoptera: Noctuidae: Lymantriinae) from Subtropical and Temperate Regions of Asia, Including the Descriptions of Three New Species, Some Potentially Invasive to North America. U.S. Department of Agriculture, Forest Health Technology Enterprise Team. 223 pp
Lymantria dispar;Asia;Palearctic;2020;Wu, Y. et al. (2020). Tracking invasions of a destructive defoliator, the gypsy moth (Erebidae: Lymantria dispar): Population structure, origin of intercepted specimens, and Asian introgression into North America. Evolutionary Applications. 13(8): 2056-2070
Lymantria dispar;Europe;Palearctic;2007;Pogue, M. (2007). A Review of Selected Species of Lymantria Hubner (1819) (Lepidoptera: Noctuidae: Lymantriinae) from Subtropical and Temperate Regions of Asia, Including the Descriptions of Three New Species, Some Potentially Invasive to North America. U.S. Department of Agriculture, Forest Health Technology Enterprise Team. 223 pp
Lymantria dispar;Europe;Palearctic;2020;Wu, Y. et al. (2020). Tracking invasions of a destructive defoliator, the gypsy moth (Erebidae: Lymantria dispar): Population structure, origin of intercepted specimens, and Asian introgression into North America. Evolutionary Applications. 13(8): 2056-2070
Lymantria dispar;Africa;Saharo-Arabian;2007;Pogue, M. (2007). A Review of Selected Species of Lymantria Hubner (1819) (Lepidoptera: Noctuidae: Lymantriinae) from Subtropical and Temperate Regions of Asia, Including the Descriptions of Three New Species, Some Potentially Invasive to North America. U.S. Department of Agriculture, Forest Health Technology Enterprise Team. 223 pp
Lymantria dispar;Asia;Saharo-Arabian;2007;Pogue, M. (2007). A Review of Selected Species of Lymantria Hubner (1819) (Lepidoptera: Noctuidae: Lymantriinae) from Subtropical and Temperate Regions of Asia, Including the Descriptions of Three New Species, Some Potentially Invasive to North America. U.S. Department of Agriculture, Forest Health Technology Enterprise Team. 223 pp
Lymantria dispar;Asia;Sino-Japanese;2007;Pogue, M. (2007). A Review of Selected Species of Lymantria Hubner (1819) (Lepidoptera: Noctuidae: Lymantriinae) from Subtropical and Temperate Regions of Asia, Including the Descriptions of Three New Species, Some Potentially Invasive to North America. U.S. Department of Agriculture, Forest Health Technology Enterprise Team. 223 pp
Lymantria dispar;Asia;Sino-Japanese;2020;Wu, Y. et al. (2020). Tracking invasions of a destructive defoliator, the gypsy moth (Erebidae: Lymantria dispar): Population structure, origin of intercepted specimens, and Asian introgression into North America. Evolutionary Applications. 13(8): 2056-2070
Lymantria dispar;Europe;Palearctic;2024;Turner, R. et al. (2024). International Non-native Insect Establishment Data (0.2.1) [Data set]. Zenodo
Phalaenoides glycinae;Australia;Australian;2025;PaDIL (2025). The Pest and Disease Image Library (PaDIL).
Serrodes mediopallens;Oceania;Oceanian;2025;PaDIL (2025). The Pest and Disease Image Library (PaDIL).
Serrodes mediopallens;Asia;Oriental;2025;PaDIL (2025). The Pest and Disease Image Library (PaDIL).
Thyas coronata;Asia;Oriental;2025;PaDIL (2025). The Pest and Disease Image Library (PaDIL).
Thyas coronata;Oceania;Oceanian;2025;PaDIL (2025). The Pest and Disease Image Library (PaDIL).
Daphnis nerii;Africa;Afrotropical;2024;Pittaway, A. (2024). Sphingidae of the Western Palaearctic (including Europe, North Africa, the Middle East, western Siberia and western Central Asia).
Daphnis nerii;Africa;Madagascan;2024;Pittaway, A. (2024). Sphingidae of the Western Palaearctic (including Europe, North Africa, the Middle East, western Siberia and western Central Asia).
Macaldenia palumba;Asia;Oriental;2013;Kirti, J., Singh, H. (2013). An inventory of subfamily Catocalinae (Noctuidae: Lepidoptera) from North-East India. Journal of Applied Biosciences. 39(1): 1-22
Macaldenia palumba;Asia;Oriental;2003;Holloway, J., Miller, S. (2003). The composition, generic placement and host-plant relationships of the joviana-group in the Parallelia generic complex (Lepidoptera: Noctuidae, Catocalinae). Invertebrate Systematics. 17(1): 111-128
Macaldenia palumba;Asia;Oriental;2024;Turner, R. et al. (2024). International Non-native Insect Establishment Data (0.2.1) [Data set]. Zenodo
Daphnis nerii;Asia;Oriental;2024;Pittaway, A. (2024). Sphingidae of the Western Palaearctic (including Europe, North Africa, the Middle East, western Siberia and western Central Asia).
Daphnis nerii;Asia;Palearctic;2024;Pittaway, A. (2024). Sphingidae of the Western Palaearctic (including Europe, North Africa, the Middle East, western Siberia and western Central Asia).
Daphnis nerii;Europe;Palearctic;2024;Pittaway, A. (2024). Sphingidae of the Western Palaearctic (including Europe, North Africa, the Middle East, western Siberia and western Central Asia).
Macaria liturata;Asia;Palearctic;2010;Lopez-Vaamonde, C. et al. (2010). Lepidoptera. Chapter 11. BioRisk. 4: 603-668
Daphnis nerii;Africa;Saharo-Arabian;2024;Pittaway, A. (2024). Sphingidae of the Western Palaearctic (including Europe, North Africa, the Middle East, western Siberia and western Central Asia).
Macaria liturata;Asia;Sino-Japanese;2010;Lopez-Vaamonde, C. et al. (2010). Lepidoptera. Chapter 11. BioRisk. 4: 603-668
Macaria liturata;Asia;Oriental;2010;Lopez-Vaamonde, C. et al. (2010). Lepidoptera. Chapter 11. BioRisk. 4: 603-668
Macarostola ida;Australia;Australian;2019;Hoare, R. et al. (2019). A new leaf-mining moth from New Zealand, Sabulopteryxbotanica sp. nov.(Lepidoptera, Gracillariidae, Gracillariinae), feeding on the rare endemic shrub Teucriumparvifolium (Lamiaceae), with a revised checklist of New Zealand Gracillariidae. ZooKeys. 865: 39
Macarostola ida;Australia;Australian;2024;Turner, R. et al. (2024). International Non-native Insect Establishment Data (0.2.1) [Data set]. Zenodo
Macristis geminipunctalis;North America;Panamanian;1992;Frank, J., McCoy, E. (1992). Introduction to the Behavioral Ecology of Immigration. The Immigration of Insects to Florida, with a Tabulation of Records Published Since 1970. The Florida Entomologist.75(1): 1-28
Macristis geminipunctalis;South America;Neotropical;2024;Turner, R. et al. (2024). International Non-native Insect Establishment Data (0.2.1) [Data set]. Zenodo
Daphnis nerii;Asia;Saharo-Arabian;2024;Pittaway, A. (2024). Sphingidae of the Western Palaearctic (including Europe, North Africa, the Middle East, western Siberia and western Central Asia).
Macroglossum pyrrhosticta;Asia;Oriental;2024;Turner, R. et al. (2024). International Non-native Insect Establishment Data (0.2.1) [Data set]. Zenodo
Macrorrhinia endonephele;North America;Nearctic;2020;Hayden, J., Landry, J. (2020). Arcola malloi (Pastrana), the alligatorweed stemborer, a new synonym of Macrorrhinia endonephele (Hampson)(Lepidoptera: Pyralidae: Phycitinae). Insecta Mundi. 768: 1-25
Macrorrhinia endonephele;South America;Neotropical;2020;Hayden, J., Landry, J. (2020). Arcola malloi (Pastrana), the alligatorweed stemborer, a new synonym of Macrorrhinia endonephele (Hampson)(Lepidoptera: Pyralidae: Phycitinae). Insecta Mundi. 768: 1-25
Macrorrhinia endonephele;North America;Panamanian;2020;Hayden, J., Landry, J. (2020). Arcola malloi (Pastrana), the alligatorweed stemborer, a new synonym of Macrorrhinia endonephele (Hampson)(Lepidoptera: Pyralidae: Phycitinae). Insecta Mundi. 768: 1-25
Macrorrhinia endonephele;South America;Panamanian;2020;Hayden, J., Landry, J. (2020). Arcola malloi (Pastrana), the alligatorweed stemborer, a new synonym of Macrorrhinia endonephele (Hampson)(Lepidoptera: Pyralidae: Phycitinae). Insecta Mundi. 768: 1-25
Macrosaccus robiniella;North America;Nearctic;2011;Davis, D., de Prins, J. (2011). Systematics and biology of the new genus Macrosaccus with descriptions of two new species (Lepidoptera, Gracillariidae). ZooKeys. 98: 29-82
Manduca quinquemaculatus;North America;Nearctic;1997;Borkent, C., Greenway, L. (1997). Sphinx Moths (Family Sphingidae) In British Columbia: Biological Notes and Field Key, Based on Specimens in the Collection at the Royal British Columbia Museum. Royal British Columbia Museum, forest renewal BC Report
Manduca quinquemaculatus;South America;Neotropical;2013;Kawahara, A. et al. (2013). Evolution of Manduca sexta hornworms and relatives: biogeographical analysis reveals an ancestral diversification in Central America. Molecular Phylogenetics and Evolution. 68(3): 381-386
Manduca quinquemaculatus;North America;Panamanian;2013;Kawahara, A. et al. (2013). Evolution of Manduca sexta hornworms and relatives: biogeographical analysis reveals an ancestral diversification in Central America. Molecular Phylogenetics and Evolution. 68(3): 381-386
Manduca quinquemaculatus;South America;Panamanian;2013;Kawahara, A. et al. (2013). Evolution of Manduca sexta hornworms and relatives: biogeographical analysis reveals an ancestral diversification in Central America. Molecular Phylogenetics and Evolution. 68(3): 381-386
Manduca quinquemaculatus;North America;Nearctic;2013;Kawahara, A. et al. (2013). Evolution of Manduca sexta hornworms and relatives: biogeographical analysis reveals an ancestral diversification in Central America. Molecular Phylogenetics and Evolution. 68(3): 381-386
Martyringa xeraula;Europe;Palearctic;2024;Turner, R. et al. (2024). International Non-native Insect Establishment Data (0.2.1) [Data set]. Zenodo
Martyringa xeraula;Asia;Palearctic;2024;Turner, R. et al. (2024). International Non-native Insect Establishment Data (0.2.1) [Data set]. Zenodo
Martyringa xeraula;Asia;Oriental;2024;Turner, R. et al. (2024). International Non-native Insect Establishment Data (0.2.1) [Data set]. Zenodo
Maruca vitrata;Asia;Oriental;2014;Agunbiade, T. et al. (2014). Genetic differentiation among Maruca vitrata F.(Lepidoptera: Crambidae) populations on cultivated cowpea and wild host plants: implications for insect resistance management and biological control strategies. PLoS One. 9(3): e92072
Maruca vitrata;Asia;Palearctic;2014;Agunbiade, T. et al. (2014). Genetic differentiation among Maruca vitrata F.(Lepidoptera: Crambidae) populations on cultivated cowpea and wild host plants: implications for insect resistance management and biological control strategies. PLoS One. 9(3): e92072
Maruca vitrata;Asia;Sino-Japanese;2014;Agunbiade, T. et al. (2014). Genetic differentiation among Maruca vitrata F.(Lepidoptera: Crambidae) populations on cultivated cowpea and wild host plants: implications for insect resistance management and biological control strategies. PLoS One. 9(3): e92072
Maruca vitrata;South America;Neotropical;2024;Turner, R. et al. (2024). International Non-native Insect Establishment Data (0.2.1) [Data set]. Zenodo
Maruca vitrata;Asia;Oriental;2024;Turner, R. et al. (2024). International Non-native Insect Establishment Data (0.2.1) [Data set]. Zenodo
Megalographa biloba;North America;Nearctic;2009;Lafontaine, J., Sullivan, J. (2009). A review of the genus Megalographa Lafontaine and Poole (Lepidoptera: Noctuidae: Plusiinae) with the description of a new species from Costa Rica. Insecta Mundi. 0077: 1-10
Megalographa biloba;South America;Neotropical;2009;Lafontaine, J., Sullivan, J. (2009). A review of the genus Megalographa Lafontaine and Poole (Lepidoptera: Noctuidae: Plusiinae) with the description of a new species from Costa Rica. Insecta Mundi. 0077: 1-10
Megalographa biloba;North America;Panamanian;2009;Lafontaine, J., Sullivan, J. (2009). A review of the genus Megalographa Lafontaine and Poole (Lepidoptera: Noctuidae: Plusiinae) with the description of a new species from Costa Rica. Insecta Mundi. 0077: 1-10
Megalographa biloba;South America;Neotropical;2024;Turner, R. et al. (2024). International Non-native Insect Establishment Data (0.2.1) [Data set]. Zenodo
Megalorhipida leucodactylus;Africa;Afrotropical;2003;Gielis, C. (2003). Review of the Pterophoridae (Lepidoptera) from the Philippines. Zoologische Mededelingen. 77: 409-424
Megalorhipida leucodactylus;North America;Nearctic;2003;Gielis, C. (2003). Review of the Pterophoridae (Lepidoptera) from the Philippines. Zoologische Mededelingen. 77: 409-424
Megalorhipida leucodactylus;South America;Neotropical;2003;Gielis, C. (2003). Review of the Pterophoridae (Lepidoptera) from the Philippines. Zoologische Mededelingen. 77: 409-424
Megalorhipida leucodactylus;Asia;Oriental;2003;Gielis, C. (2003). Review of the Pterophoridae (Lepidoptera) from the Philippines. Zoologische Mededelingen. 77: 409-424
Megalorhipida leucodactylus;North America;Panamanian;2003;Gielis, C. (2003). Review of the Pterophoridae (Lepidoptera) from the Philippines. Zoologische Mededelingen. 77: 409-424
Megalorhipida leucodactylus;Africa;Saharo-Arabian;2003;Gielis, C. (2003). Review of the Pterophoridae (Lepidoptera) from the Philippines. Zoologische Mededelingen. 77: 409-424
Megalorhipida leucodactylus;Asia;Saharo-Arabian;2003;Gielis, C. (2003). Review of the Pterophoridae (Lepidoptera) from the Philippines. Zoologische Mededelingen. 77: 409-424
Megalorhipida leucodactylus;Asia;Sino-Japanese;2003;Gielis, C. (2003). Review of the Pterophoridae (Lepidoptera) from the Philippines. Zoologische Mededelingen. 77: 409-424
Megalorhipida leucodactylus;South America;Neotropical;2024;Turner, R. et al. (2024). International Non-native Insect Establishment Data (0.2.1) [Data set]. Zenodo
Megalorhipida leucodactylus;Asia;Oriental;2024;Turner, R. et al. (2024). International Non-native Insect Establishment Data (0.2.1) [Data set]. Zenodo
Megalorhipida leucodactylus;Africa;Afrotropical;2024;Turner, R. et al. (2024). International Non-native Insect Establishment Data (0.2.1) [Data set]. Zenodo
Melipotis indomita;North America;Nearctic;2024;Turner, R. et al. (2024). International Non-native Insect Establishment Data (0.2.1) [Data set]. Zenodo
Melitara dentata;North America;Nearctic;2009;Simonsen, T. et al. (2009). Melitara Walker (Pyralidae) in western Canada: The documentation of M. subumbrella (Dyar) in the Prairie Provinces demonstrates the value of regional collections and species lists. Journal of the Lepidopteris Society. 63: 31-36
Melitara dentata;North America;Nearctic;2024;Turner, R. et al. (2024). International Non-native Insect Establishment Data (0.2.1) [Data set]. Zenodo
Melitara junctolineella;North America;Nearctic;1923;Hamlin, J. (1923). Seasonal adaptation of a northern hemisphere insect to the southern hemisphere. Journal of Economic Entomology. 16(5): 420-423
Melitara prodenialis;North America;Nearctic;2014;Paraiso, O. et al. (2014). Rearing a Native Cactus Moth, Melitara prodenialis (Lepidoptera: Pyralidae), on Artificial Diet and Opuntia Cladodes: Preliminary Comparisons. Florida Entomologist. 97(3): 1232-1236
Melitara prodenialis;North America;Nearctic;2009;Baker, A., Stiling, P. (2009). Comparing the effects of the exotic cactus-feeding moth, Cactoblastis cactorum (Berg) (Lepidoptera: Pyralidae) and the native cactus-feeding moth, Melitara prodenialis (Walker) (Lepidoptera: Pyralidae) on two species of Florida Opuntia. Biological Invasions. 11: 619-624
Melitara prodenialis;North America;Nearctic;2024;Turner, R. et al. (2024). International Non-native Insect Establishment Data (0.2.1) [Data set]. Zenodo
Melittia oedipus;Africa;Afrotropical;1995;Eichlin, T. (1995). New Data and a Redescription for Melittia oedipus, na African Vine Borer (Lepidoptera: Sesiidae). Tropical Lepidoptera. 6(1): 47-51
Melittia oedipus;Africa;Afrotropical;2024;Turner, R. et al. (2024). International Non-native Insect Establishment Data (0.2.1) [Data set]. Zenodo
Merophyas divulsana;Australia;Australian;1991;Whittle, C. et al. (1991). Sex pheromone of lucerne leafroller, Merophyas divulsana (Walker)(Lepidoptera: Tortricidae): evidence for two distinct populations. Journal of Chemical Ecology. 17: 1883-1895
Merophyas divulsana;Australia;Australian;2024;Turner, R. et al. (2024). International Non-native Insect Establishment Data (0.2.1) [Data set]. Zenodo
Mesapamea secalis;Europe;Palearctic;2020;Crabo, L., Holden, D. (2020). A Review of Established Accidentally-Introduced Noctuoidea in the Pacific Northwest Region of North America, with First Report of the Eurasian Cutworm Mesapamea secalis (L.)(Noctuidae, Noctuinae, Apameini) for North America. The Journal of the Lepidopterists Society. 74(2): 95-105
Mesapamea secalis;Europe;Palearctic;2024;Turner, R. et al. (2024). International Non-native Insect Establishment Data (0.2.1) [Data set]. Zenodo
Mesophleps adustipennis;North America;Nearctic;2022;Passoa, S. et al. (2022). Hosts, Morphological Notes, Distribution Records, and Systematics of Three Common Honduran Moths, Atteva aurea (Attevidae), Mesophleps adustipennis (Gelechiidae), and Hyblaea puera (Hyblaeidae). The Journal of the Lepidopterists' Society, 76(4), 268-278
Mesophleps adustipennis;South America;Neotropical;2022;Passoa, S. et al. (2022). Hosts, Morphological Notes, Distribution Records, and Systematics of Three Common Honduran Moths, Atteva aurea (Attevidae), Mesophleps adustipennis (Gelechiidae), and Hyblaea puera (Hyblaeidae). The Journal of the Lepidopterists' Society, 76(4), 268-278
Mesophleps adustipennis;North America;Panamanian;2022;Passoa, S. et al. (2022). Hosts, Morphological Notes, Distribution Records, and Systematics of Three Common Honduran Moths, Atteva aurea (Attevidae), Mesophleps adustipennis (Gelechiidae), and Hyblaea puera (Hyblaeidae). The Journal of the Lepidopterists' Society, 76(4), 268-278
Mesophleps adustipennis;South America;Panamanian;2022;Passoa, S. et al. (2022). Hosts, Morphological Notes, Distribution Records, and Systematics of Three Common Honduran Moths, Atteva aurea (Attevidae), Mesophleps adustipennis (Gelechiidae), and Hyblaea puera (Hyblaeidae). The Journal of the Lepidopterists' Society, 76(4), 268-278
Metzneria lappella;Asia;Palearctic;2010;Junnilainen, J. et al. (2010). The gelechiid fauna of the southern Ural Mountains, part II: list of recorded species with taxonomic notes (Lepidoptera: Gelechiidae). Zootaxa. 2367(1): 1-68
Metzneria lappella;Europe;Palearctic;2010;Junnilainen, J. et al. (2010). The gelechiid fauna of the southern Ural Mountains, part II: list of recorded species with taxonomic notes (Lepidoptera: Gelechiidae). Zootaxa. 2367(1): 1-68
Metzneria lappella;Europe;Palearctic;2024;Turner, R. et al. (2024). International Non-native Insect Establishment Data (0.2.1) [Data set]. Zenodo
Metzneria lappella;Asia;Palearctic;2024;Turner, R. et al. (2024). International Non-native Insect Establishment Data (0.2.1) [Data set]. Zenodo
Macroglossum pyrrhosticta;Asia;Oriental;2024;Pittaway, A., Kitching, I. (2024). Sphingidae of the Eastern Palaearctic (including Siberia, the Russian Far East, Mongolia, China, Taiwan, the Korean Peninsula and Japan).
Metzneria paucipunctella;Europe;Palearctic;2024;Turner, R. et al. (2024). International Non-native Insect Establishment Data (0.2.1) [Data set]. Zenodo
Mimudea puralis;Asia;Sino-Japanese;2010;Solis, M. et al. (2010). First Report of Ecpyrrhorrhoe puralis (South)(Pyraloidea: Crambidae: Pyraustinae) in North America: A Naturalized Exotic Pyraustine from Asia Feeding on Paulownia (Siebold and Zucc). The Journal of the Lepidopterists Society. 64(1): 33-35
Mimudea puralis;Asia;Oriental;2010;Solis, M. et al. (2010). First Report of Ecpyrrhorrhoe puralis (South)(Pyraloidea: Crambidae: Pyraustinae) in North America: A Naturalized Exotic Pyraustine from Asia Feeding on Paulownia (Siebold and Zucc). The Journal of the Lepidopterists Society. 64(1): 33-35
Macroglossum pyrrhosticta;Asia;Palearctic;2024;Pittaway, A., Kitching, I. (2024). Sphingidae of the Eastern Palaearctic (including Siberia, the Russian Far East, Mongolia, China, Taiwan, the Korean Peninsula and Japan).
Macroglossum pyrrhosticta;Asia;Sino-Japanese;2024;Pittaway, A., Kitching, I. (2024). Sphingidae of the Eastern Palaearctic (including Siberia, the Russian Far East, Mongolia, China, Taiwan, the Korean Peninsula and Japan).
Psilogramma increta;Asia;Oriental;2024;Pittaway, A., Kitching, I. (2024). Sphingidae of the Eastern Palaearctic (including Siberia, the Russian Far East, Mongolia, China, Taiwan, the Korean Peninsula and Japan).
Mirificarma eburnella;Europe;Palearctic;2024;Turner, R. et al. (2024). International Non-native Insect Establishment Data (0.2.1) [Data set]. Zenodo
Mirificarma eburnella;Asia;Palearctic;2024;Turner, R. et al. (2024). International Non-native Insect Establishment Data (0.2.1) [Data set]. Zenodo
Mocis conveniens;Africa;Afrotropical;2016;de Prins, W., Mazzei, P. (2016). Some faunistic notes on selected moth species (Lepidoptera) from the Seychelles. Phelsuma. 24: 21-34
Mocis conveniens;Africa;Madagascan;2016;de Prins, W., Mazzei, P. (2016). Some faunistic notes on selected moth species (Lepidoptera) from the Seychelles. Phelsuma. 24: 21-34
Mocis conveniens;Africa;Saharo-Arabian;2016;de Prins, W., Mazzei, P. (2016). Some faunistic notes on selected moth species (Lepidoptera) from the Seychelles. Phelsuma. 24: 21-34
Mompha epilobiella;Europe;Palearctic;2025;Shropshire, K., Tallamy, D. (2025). Lepidoptera of North American north of Mexico: An annotated list containing geographic ranges and host plant records. ZooKeys
Mompha epilobiella;Asia;Palearctic;2025;Shropshire, K., Tallamy, D. (2025). Lepidoptera of North American north of Mexico: An annotated list containing geographic ranges and host plant records. ZooKeys
Mompha locupletella;Europe;Palearctic;2025;Shropshire, K., Tallamy, D. (2025). Lepidoptera of North American north of Mexico: An annotated list containing geographic ranges and host plant records. ZooKeys
Mompha locupletella;Asia;Palearctic;2025;Shropshire, K., Tallamy, D. (2025). Lepidoptera of North American north of Mexico: An annotated list containing geographic ranges and host plant records. ZooKeys
Mompha raschkiella;Europe;Palearctic;2025;Shropshire, K., Tallamy, D. (2025). Lepidoptera of North American north of Mexico: An annotated list containing geographic ranges and host plant records. ZooKeys
Mompha subbistrigella;Europe;Palearctic;2025;Shropshire, K., Tallamy, D. (2025). Lepidoptera of North American north of Mexico: An annotated list containing geographic ranges and host plant records. ZooKeys
Mompha terminella;Europe;Palearctic;2025;Shropshire, K., Tallamy, D. (2025). Lepidoptera of North American north of Mexico: An annotated list containing geographic ranges and host plant records. ZooKeys
Mompha trithalama;South America;Neotropical;2007;Koster, S. et al. (2007). Two species of the Mompha trithalama-complex as possible biological control of Kosters curse and Velvet tree. XV European Congress of Lepidopterology - Berlin
Mompha trithalama;South America;Neotropical;2017;Cock, M. (2017) A preliminary catalogue of the moths (Lepidoptera except Papilionoidea) of Tobago, West Indies. Insecta Mundi. 585: 1-58
Mompha trithalama;South America;Neotropical;2024;Turner, R. et al. (2024). International Non-native Insect Establishment Data (0.2.1) [Data set]. Zenodo
Monema flavescens;Asia;Oriental;2024;EFSA Panel on Plant Health (EFSA PLH Panel), et al. (2024). Pest categorisation of Monema flavescens. EFSA Journal. 22(7): e8831
Monema flavescens;Asia;Palearctic;2024;EFSA Panel on Plant Health (EFSA PLH Panel), et al. (2024). Pest categorisation of Monema flavescens. EFSA Journal. 22(7): e8831
Monema flavescens;Asia;Palearctic;2013;Shibasaki, H. et al. (2013). Identification of the sex pheromone secreted by a nettle moth, Monema flavescens, using gas chromatography/Fourier transform infrared spectroscopy. Journal of Chemical Ecology. 39: 350-357
Monema flavescens;Asia;Sino-Japanese;2024;EFSA Panel on Plant Health (EFSA PLH Panel), et al. (2024). Pest categorisation of Monema flavescens. EFSA Journal. 22(7): e8831
Monema flavescens;Asia;Sino-Japanese;2013;Shibasaki, H. et al. (2013). Identification of the sex pheromone secreted by a nettle moth, Monema flavescens, using gas chromatography/Fourier transform infrared spectroscopy. Journal of Chemical Ecology. 39: 350-357
Monema flavescens;Asia;Palearctic;2024;Turner, R. et al. (2024). International Non-native Insect Establishment Data (0.2.1) [Data set]. Zenodo
Monochroa hornigi;Europe;Palearctic;2023;Karsholt, O. et al. (2023). Overview of the Gelechiidae moths (Lepidoptera) of Krk Island, Croatia: diversity, distribution and ecological insights. Gortania, Botanica, Zoologia. 45: 95-124
Monopis argillacea;Australia;Australian;2001;Hoare, R. (2001). Adventive species of Lepidoptera recorded for the first time in New Zealand since 1988. New Zealand Entomologist. 24: 23-47
Monopis argillacea;Australia;Australian;2024;Turner, R. et al. (2024). International Non-native Insect Establishment Data (0.2.1) [Data set]. Zenodo
Monopis crocicapitella;North America;Nearctic;2024;Turner, R. et al. (2024). International Non-native Insect Establishment Data (0.2.1) [Data set]. Zenodo
Monopis ethelella;Australia;Australian;2024;Turner, R. et al. (2024). International Non-native Insect Establishment Data (0.2.1) [Data set]. Zenodo
Monopis longella;Asia;Palearctic;2025;Shropshire, K., Tallamy, D. (2025). Lepidoptera of North American north of Mexico: An annotated list containing geographic ranges and host plant records. ZooKeys
Monopis meliorella;Australia;Australian;1978;Zimmerman, E. (1978). Insects of Hawaii. Vol. 9 Microlepidoptera. Part I. The University Press of Hawaii, Honolulu, Hawaii, United States of America
Monopis meliorella;Oceania;Australian;1978;Zimmerman, E. (1978). Insects of Hawaii. Vol. 9 Microlepidoptera. Part I. The University Press of Hawaii, Honolulu, Hawaii, United States of America
Monopis meliorella;Oceania;Oceanian;1978;Zimmerman, E. (1978). Insects of Hawaii. Vol. 9 Microlepidoptera. Part I. The University Press of Hawaii, Honolulu, Hawaii, United States of America
Monopis meliorella;Australia;Australian;2024;Turner, R. et al. (2024). International Non-native Insect Establishment Data (0.2.1) [Data set]. Zenodo
Monopis monachella;North America;Nearctic;2024;Turner, R. et al. (2024). International Non-native Insect Establishment Data (0.2.1) [Data set]. Zenodo
Monopis obviella;Europe;Palearctic;2005;Beltran, E. (2005). Presencia en Espana de Ypsolopha horridella (Treitschke, 1835), Monopis obviella ([Denis and Schiffermuller], 1775) y Aethes kasyi Razowski, 1962 (Insecta: Lepidoptera). SHILAP Revista de Lepidopterologia. 33(132): 441-447
Monopis obviella;Europe;Palearctic;2024;Turner, R. et al. (2024). International Non-native Insect Establishment Data (0.2.1) [Data set]. Zenodo
Moodna bisinuella;North America;Nearctic;1985;Neunzig, H. (1985). Notes on the larva and biology of Moodna bisinuella Hampson(Pyralidae: Phycitinae). Journal of the Lepidopterists Society. 39(1): 9-12
Moodna bisinuella;North America;Panamanian;1985;Neunzig, H. (1985). Notes on the larva and biology of Moodna bisinuella Hampson(Pyralidae: Phycitinae). Journal of the Lepidopterists Society. 39(1): 9-12
Moodna bisinuella;South America;Neotropical;2024;Turner, R. et al. (2024). International Non-native Insect Establishment Data (0.2.1) [Data set]. Zenodo
Morosaphycita oculiferella;Australia;Australian;2001;Hoare, R. (2001). Adventive species of Lepidoptera recorded for the first time in New Zealand since 1988. New Zealand Entomologist. 24: 23-47
Morosaphycita oculiferella;Australia;Australian;2024;Turner, R. et al. (2024). International Non-native Insect Establishment Data (0.2.1) [Data set]. Zenodo
Mouralia tinctoides;North America;Nearctic;1993;Landolt, P. (1993). Suitability of six species of Commelinaceae as larval hosts of Mouralia tinctoides (Lepidoptera: Noctuidae, Plusiinae). Florida Entomologist, 572-576
Mouralia tinctoides;South America;Neotropical;1993;Landolt, P. (1993). Suitability of six species of Commelinaceae as larval hosts of Mouralia tinctoides (Lepidoptera: Noctuidae, Plusiinae). Florida Entomologist, 572-576
Mouralia tinctoides;South America;Panamanian;1993;Landolt, P. (1993). Suitability of six species of Commelinaceae as larval hosts of Mouralia tinctoides (Lepidoptera: Noctuidae, Plusiinae). Florida Entomologist, 572-576
Mouralia tinctoides;North America;Panamanian;1993;Landolt, P. (1993). Suitability of six species of Commelinaceae as larval hosts of Mouralia tinctoides (Lepidoptera: Noctuidae, Plusiinae). Florida Entomologist, 572-576
Musotima nitidalis;Australia;Australian;2024;Sterling, M. et al. (2024). The genome sequence of the Golden-brown Fern moth, Musotima nitidalis (Walker,[1866]). Wellcome Open Research, 9: 132
Musotima nitidalis;Australia;Australian;2024;Turner, R. et al. (2024). International Non-native Insect Establishment Data (0.2.1) [Data set]. Zenodo
Musotima ochropteralis;Australia;Australian;1925;Turner, A. (1925). A revision of the Lepidoptera of Tasmania. Papers and Proceedings of the Royal Society of Tasmania. 118-151
Musotima ochropteralis;Australia;Australian;2024;Turner, R. et al. (2024). International Non-native Insect Establishment Data (0.2.1) [Data set]. Zenodo
Mussidia nigrivenella;Africa;Afrotropical;1999;Setamou, M. et al. (1999). Bionomics of Mussidia nigrivenella (Lepidoptera: Pyralidae) on three host plants. Bulletin of Entomological Research. 89(5): 465-471
Mussidia nigrivenella;Africa;Afrotropical;2019;Leraut, G. (2019). Contribution a la connaissance des Pyralidae Phycitinae de Madagascar, des Comores et des Mascareignes (III) - Revision et inventaire des especes presentes a Madagascar et dans les Mascareignes. Revue Francaise dEntomologie Generale. 1(2): 38-198
Mussidia nigrivenella;Africa;Madagascan;2019;Leraut, G. (2019). Contribution a la connaissance des Pyralidae Phycitinae de Madagascar, des Comores et des Mascareignes (III) - Revision et inventaire des especes presentes a Madagascar et dans les Mascareignes. Revue Francaise dEntomologie Generale. 1(2): 38-198
Mythimna languida;Africa;Afrotropical;2007;Kravchenko, V. et al. (2007). The Hadeninae of Israel (Lepidoptera: Noctuidae). SHILAP Revista de Lepidopterologia. 35(140): 441-454
Mythimna languida;Africa;Madagascan;2007;Kravchenko, V. et al. (2007). The Hadeninae of Israel (Lepidoptera: Noctuidae). SHILAP Revista de Lepidopterologia. 35(140): 441-454
Mythimna languida;Asia;Oriental;2007;Kravchenko, V. et al. (2007). The Hadeninae of Israel (Lepidoptera: Noctuidae). SHILAP Revista de Lepidopterologia. 35(140): 441-454
Mythimna languida;Asia;Saharo-Arabian;2007;Kravchenko, V. et al. (2007). The Hadeninae of Israel (Lepidoptera: Noctuidae). SHILAP Revista de Lepidopterologia. 35(140): 441-454
Psilogramma increta;Asia;Palearctic;2024;Pittaway, A., Kitching, I. (2024). Sphingidae of the Eastern Palaearctic (including Siberia, the Russian Far East, Mongolia, China, Taiwan, the Korean Peninsula and Japan).
Psilogramma increta;Asia;Sino-Japanese;2024;Pittaway, A., Kitching, I. (2024). Sphingidae of the Eastern Palaearctic (including Siberia, the Russian Far East, Mongolia, China, Taiwan, the Korean Peninsula and Japan).
Mythimna separata;Asia;Palearctic;2024;Turner, R. et al. (2024). International Non-native Insect Establishment Data (0.2.1) [Data set]. Zenodo
Acontia crocata;Asia;Oriental;2020;Roy, D. et al. (2020). DAISIE - Delivering Alien Invasive Species Inventories for Europe.
Agassiziella angulipennis;Asia;Oriental;2020;Roy, D. et al. (2020). DAISIE - Delivering Alien Invasive Species Inventories for Europe.
Agassiziella angulipennis;Asia;Palearctic;2020;Roy, D. et al. (2020). DAISIE - Delivering Alien Invasive Species Inventories for Europe.
Agassiziella angulipennis;Asia;Sino-Japanese;2020;Roy, D. et al. (2020). DAISIE - Delivering Alien Invasive Species Inventories for Europe.
Aglossa caprealis;Europe;Palearctic;2020;Roy, D. et al. (2020). DAISIE - Delivering Alien Invasive Species Inventories for Europe.
Mythimna unipuncta;North America;Nearctic;2024;Turner, R. et al. (2024). International Non-native Insect Establishment Data (0.2.1) [Data set]. Zenodo
Mythimna unipuncta;South America;Neotropical;2024;Turner, R. et al. (2024). International Non-native Insect Establishment Data (0.2.1) [Data set]. Zenodo
Nacoleia charesalis;Asia;Oriental;2025;Shropshire, K., Tallamy, D. (2025). Lepidoptera of North American north of Mexico: An annotated list containing geographic ranges and host plant records. ZooKeys
Nacoleia charesalis;Australia;Australian;2025;Shropshire, K., Tallamy, D. (2025). Lepidoptera of North American north of Mexico: An annotated list containing geographic ranges and host plant records. ZooKeys
Nacoleia octasema;Australia;Australian;2008;EFSA Panel on Plant Health (EFSA PLH Panel), et al. (2008). Pest risk assessment made by France on Nacoleia octasema considered by France as harmful in French overseas departments of French Guiana, Guadeloupe, Martinique and Reunion-Scientific Opinion of the Panel on Plant Health. The EFSA Journal. 671: 1-15
Nacoleia octasema;Oceania;Oceanian;2008;EFSA Panel on Plant Health (EFSA PLH Panel), et al. (2008). Pest risk assessment made by France on Nacoleia octasema considered by France as harmful in French overseas departments of French Guiana, Guadeloupe, Martinique and Reunion-Scientific Opinion of the Panel on Plant Health. The EFSA Journal. 671: 1-15
Nacoleia octasema;Asia;Oriental;2008;EFSA Panel on Plant Health (EFSA PLH Panel), et al. (2008). Pest risk assessment made by France on Nacoleia octasema considered by France as harmful in French overseas departments of French Guiana, Guadeloupe, Martinique and Reunion-Scientific Opinion of the Panel on Plant Health. The EFSA Journal. 671: 1-15
Nemapogon cloacella;Europe;Palearctic;2024;Turner, R. et al. (2024). International Non-native Insect Establishment Data (0.2.1) [Data set]. Zenodo
Nemapogon granella;Europe;Palearctic;2024;Turner, R. et al. (2024). International Non-native Insect Establishment Data (0.2.1) [Data set]. Zenodo
Nemapogon picarella;Europe;Palearctic;2009;Gaedike, R. (2009). New or poorly Tineidae from Mauretania, Morocco, Algeria, and Tunisia (Lepidoptera). Beitrage zur Entomologie. 59(2): 489-512
Nemapogon picarella;Asia;Palearctic;2009;Gaedike, R. (2009). New or poorly Tineidae from Mauretania, Morocco, Algeria, and Tunisia (Lepidoptera). Beitrage zur Entomologie. 59(2): 489-512
Nemapogon variatella;Europe;Palearctic;2025;Shropshire, K., Tallamy, D. (2025). Lepidoptera of North American north of Mexico: An annotated list containing geographic ranges and host plant records. ZooKeys
Nemapogon variatella;Africa;Saharo-Arabian;2025;Shropshire, K., Tallamy, D. (2025). Lepidoptera of North American north of Mexico: An annotated list containing geographic ranges and host plant records. ZooKeys
Nemapogon variatella;Asia;Palearctic;2025;Shropshire, K., Tallamy, D. (2025). Lepidoptera of North American north of Mexico: An annotated list containing geographic ranges and host plant records. ZooKeys
Nemapogon variatella;North America;Nearctic;2025;Shropshire, K., Tallamy, D. (2025). Lepidoptera of North American north of Mexico: An annotated list containing geographic ranges and host plant records. ZooKeys
Neogalea sunia;North America;Nearctic;2010;Reinert, J. et al. (2010). Resistance among lantana cultivars to the lantana stick caterpillar, Neogalea sunia (Lepidoptera: Noctuidae). Southwestern Entomologist. 35(1): 51-58
Neogalea sunia;South America;Neotropical;2010;Reinert, J. et al. (2010). Resistance among lantana cultivars to the lantana stick caterpillar, Neogalea sunia (Lepidoptera: Noctuidae). Southwestern Entomologist. 35(1): 51-58
Neogalea sunia;South America;Neotropical;2000;Koch, C., Waterhouse, D. (2000). The distribution and importance of arthropods associated with agriculture and forestry in Chile. Australian Centre for International Agricultural Research (ACIR). ACIR Monographs. Australia, Canberra. 234pp
Neogalea sunia;North America;Nearctic;2024;Turner, R. et al. (2024). International Non-native Insect Establishment Data (0.2.1) [Data set]. Zenodo
Neogalea sunia;South America;Neotropical;2024;Turner, R. et al. (2024). International Non-native Insect Establishment Data (0.2.1) [Data set]. Zenodo
Neoleucinodes elegantalis;North America;Nearctic;2017;da Silva, R. et al. (2017). Spatio-temporal dynamic climate model for Neoleucinodes elegantalis using CLIMEX. International Journal of Biometeorology. 61: 785-795
Neoleucinodes elegantalis;South America;Neotropical;2017;da Silva, R. et al. (2017). Spatio-temporal dynamic climate model for Neoleucinodes elegantalis using CLIMEX. International Journal of Biometeorology. 61: 785-795
Neoleucinodes elegantalis;North America;Panamanian;2017;da Silva, R. et al. (2017). Spatio-temporal dynamic climate model for Neoleucinodes elegantalis using CLIMEX. International Journal of Biometeorology. 61: 785-795
Neoleucinodes elegantalis;South America;Neotropical;2024;Turner, R. et al. (2024). International Non-native Insect Establishment Data (0.2.1) [Data set]. Zenodo
Neoleucinodes torvis;North America;Nearctic;1948;Capps, H. (1948). Status of the pyraustid moths of the genus Leucinodes in the New World, with descriptions of new genera and species. Proceedings of the United States National Museum. 98(3223): 69-83
Neoleucinodes torvis;North America;Panamanian;1948;Capps, H. (1948). Status of the pyraustid moths of the genus Leucinodes in the New World, with descriptions of new genera and species. Proceedings of the United States National Museum. 98(3223): 69-83
Neoleucinodes torvis;South America;Neotropical;2024;Turner, R. et al. (2024). International Non-native Insect Establishment Data (0.2.1) [Data set]. Zenodo
Neomariania rebeli;Africa;Saharo-Arabian;2010;Lopez-Vaamonde, C. et al. (2010). Lepidoptera. Chapter 11. BioRisk. 4: 603-668
Neomariania rebeli;Africa;Afrotropical;2024;Turner, R. et al. (2024). International Non-native Insect Establishment Data (0.2.1) [Data set]. Zenodo
Neomusotima conspurcatalis;Australia;Australian;2018;McCulloch, G. et al. (2018). Assessment of genetic structuring in the Lygodium fern moths Austromusotima camptozonale and Neomusotima conspurcatalis in their native range: implications for biological control. Biological Control. 121: 8-13
Neomusotima conspurcatalis;Australia;Australian;2004;Solis, M. et al. (2004). Species of Lygomusotima new genus and Neomusotima Yoshiyasu (Lepidoptera: Crambidae) from Australia and southeastern Asia feeding on Lygodium microphyllum (Schizaeaceae). Annals of the Entomological Society of America. 97(1): 64-76
Neomusotima conspurcatalis;Asia;Oriental;2012;Boughton, A., Pemberton, R. (2012). Biology and reproductive parameters of the brown lygodium moth, Neomusotima conspurcatalis-A new biological control agent of Old World climbing fern in Florida. Environmental Entomology. 41(2): 308-316
Neomusotima conspurcatalis;Asia;Oriental;2004;Solis, M. et al. (2004). Species of Lygomusotima new genus and Neomusotima Yoshiyasu (Lepidoptera: Crambidae) from Australia and southeastern Asia feeding on Lygodium microphyllum (Schizaeaceae). Annals of the Entomological Society of America. 97(1): 64-76
Neomusotima conspurcatalis;Asia;Oriental;2018;McCulloch, G. et al. (2018). Assessment of genetic structuring in the Lygodium fern moths Austromusotima camptozonale and Neomusotima conspurcatalis in their native range: implications for biological control. Biological Control. 121: 8-13
Neomusotima conspurcatalis;Oceania;Oceanian;2018;McCulloch, G. et al. (2018). Assessment of genetic structuring in the Lygodium fern moths Austromusotima camptozonale and Neomusotima conspurcatalis in their native range: implications for biological control. Biological Control. 121: 8-13
Neomusotima conspurcatalis;Asia;Oriental;2024;Turner, R. et al. (2024). International Non-native Insect Establishment Data (0.2.1) [Data set]. Zenodo
Neomusotima conspurcatalis;Australia;Australian;2024;Turner, R. et al. (2024). International Non-native Insect Establishment Data (0.2.1) [Data set]. Zenodo
Neurostrota gunniella;North America;Nearctic;2019;Prins, J. et al. (2019). An illustrated catalogue of the Neotropical Gracillariidae (Lepidoptera) with new data on primary types. Zootaxa. 4575: 1-110
Neurostrota gunniella;North America;Panamanian;2019;Prins, J. et al. (2019). An illustrated catalogue of the Neotropical Gracillariidae (Lepidoptera) with new data on primary types. Zootaxa. 4575: 1-110
Neurostrota gunniella;South America;Panamanian;2019;Prins, J. et al. (2019). An illustrated catalogue of the Neotropical Gracillariidae (Lepidoptera) with new data on primary types. Zootaxa. 4575: 1-110
Neurostrota gunniella;South America;Neotropical;2024;Turner, R. et al. (2024). International Non-native Insect Establishment Data (0.2.1) [Data set]. Zenodo
Neurothaumasia ankerella;Asia;Palearctic;2015;Gaedike, R. (2015). Tineidae I: (Dryadaulinae, Hapsiferinae, Euplocaminae, Scardiinae, Nemapogoninae and Meessiinae). Brill. Leiden, Netherlands
Neurothaumasia ankerella;Europe;Palearctic;2015;Gaedike, R. (2015). Tineidae I: (Dryadaulinae, Hapsiferinae, Euplocaminae, Scardiinae, Nemapogoninae and Meessiinae). Brill. Leiden, Netherlands
Neurothaumasia ankerella;Africa;Saharo-Arabian;2015;Gaedike, R. (2015). Tineidae I: (Dryadaulinae, Hapsiferinae, Euplocaminae, Scardiinae, Nemapogoninae and Meessiinae). Brill. Leiden, Netherlands
Neurothaumasia ankerella;Asia;Saharo-Arabian;2015;Gaedike, R. (2015). Tineidae I: (Dryadaulinae, Hapsiferinae, Euplocaminae, Scardiinae, Nemapogoninae and Meessiinae). Brill. Leiden, Netherlands
Niditinea fuscella;North America;Nearctic;2019;Gaedike, R. (2019). Tineidae II: (Myrmecozelinae, Perissomasticinae, Tineinae, Hieroxestinae, Teichobiinae and Stathmopolitinae). Brill. Leiden, Netherlands
Niditinea fuscella;Asia;Palearctic;2019;Gaedike, R. (2019). Tineidae II: (Myrmecozelinae, Perissomasticinae, Tineinae, Hieroxestinae, Teichobiinae and Stathmopolitinae). Brill. Leiden, Netherlands
Niditinea fuscella;Europe;Palearctic;2019;Gaedike, R. (2019). Tineidae II: (Myrmecozelinae, Perissomasticinae, Tineinae, Hieroxestinae, Teichobiinae and Stathmopolitinae). Brill. Leiden, Netherlands
Niditinea fuscella;Europe;Palearctic;2024;Turner, R. et al. (2024). International Non-native Insect Establishment Data (0.2.1) [Data set]. Zenodo
Niphograpta albiguttalis;South America;Neotropical;1999;Stanley, J. et al. (1999). Post release monitoring of Xubida infusella (Lep.: Pyralidae): an example of using pheromones for the early detection of establishing populations of biological control agents. Proceedings of the 10th International Symposium on Biological Control of Weeds. 753-759
Niphonyx segregata;Asia;Oriental;2018;Roble, S. (2018). First Virginia Records of Four Exotic Noctuoid Moths, with Additional Records for Two Other Introduced Species (Lepidoptera). Banisteria. 51: 42-51
Niphonyx segregata;Asia;Palearctic;2018;Roble, S. (2018). First Virginia Records of Four Exotic Noctuoid Moths, with Additional Records for Two Other Introduced Species (Lepidoptera). Banisteria. 51: 42-51
Niphonyx segregata;Asia;Sino-Japanese;2018;Roble, S. (2018). First Virginia Records of Four Exotic Noctuoid Moths, with Additional Records for Two Other Introduced Species (Lepidoptera). Banisteria. 51: 42-51
Noctua comes;Asia;Palearctic;1984;Neil, K. (1984). Noctua comes, a noctuid new to North America (Lepidoptera: Noctuidae: Noctuinae). The Canadian Entomologist. 116(3): 479-480
Noctua comes;Europe;Palearctic;1984;Neil, K. (1984). Noctua comes, a noctuid new to North America (Lepidoptera: Noctuidae: Noctuinae). The Canadian Entomologist. 116(3): 479-480
Noctua comes;Europe;Palearctic;2024;Turner, R. et al. (2024). International Non-native Insect Establishment Data (0.2.1) [Data set]. Zenodo
Noctua janthina;Europe;Palearctic;2024;Broad, G. et al. (2024). The genome sequence of Langmaids Yellow Underwing moth, Noctua janthina (Denis  Schiffermuller) 1775. Wellcome Open Research. 9: 592
Noctua janthina;Europe;Palearctic;2024;Turner, R. et al. (2024). International Non-native Insect Establishment Data (0.2.1) [Data set]. Zenodo
Noctua pronuba;Europe;Palearctic;2020;Brou Jr, V., Brou, C. (2020). Noctua pronuba (Linnaeus)(Lepidoptera: Noctuidae in Louisiana. Southern Lepidoptera News. 42: 329-330
Noctua pronuba;Africa;Saharo-Arabian;2020;Brou Jr, V., Brou, C. (2020). Noctua pronuba (Linnaeus)(Lepidoptera: Noctuidae in Louisiana. Southern Lepidoptera News. 42: 329-330
Noctua pronuba;Europe;Palearctic;2024;Turner, R. et al. (2024). International Non-native Insect Establishment Data (0.2.1) [Data set]. Zenodo
Noctua pronuba;Asia;Palearctic;2024;Turner, R. et al. (2024). International Non-native Insect Establishment Data (0.2.1) [Data set]. Zenodo
Nola cucullatella;Europe;Palearctic;1997;Moreno, A. (1997). Nola cucullatella (Linnaeus, 1758) un Complejo de Especies (Lepidoptera: Nolidae). Sesion Homenaje al Profesor Garcia de Viedma. Escuela Tecnica Superior de Ingenieros de Montes. 86-105
Nola cucullatella;Europe;Palearctic;2024;Turner, R. et al. (2024). International Non-native Insect Establishment Data (0.2.1) [Data set]. Zenodo
Nomophila noctuella;Europe;Palearctic;2024;Turner, R. et al. (2024). International Non-native Insect Establishment Data (0.2.1) [Data set]. Zenodo
Nomophila noctuella;Asia;Palearctic;2024;Turner, R. et al. (2024). International Non-native Insect Establishment Data (0.2.1) [Data set]. Zenodo
Nomophila noctuella;Asia;Oriental;2024;Turner, R. et al. (2024). International Non-native Insect Establishment Data (0.2.1) [Data set]. Zenodo
Nomophila noctuella;Africa;Afrotropical;2024;Turner, R. et al. (2024). International Non-native Insect Establishment Data (0.2.1) [Data set]. Zenodo
Notioplusia illustrata;North America;Nearctic;1978;Eichlin, T., Cunningham, H. (1978). The Plusiinae (Lepidoptera: Noctuidae) of America north of Mexico, emphasizing genitalic and larval morphology (No. 1567). Department of Agriculture, Agricultural Research Service. Washington D.C., United States of America
Notioplusia illustrata;South America;Neotropical;1978;Eichlin, T., Cunningham, H. (1978). The Plusiinae (Lepidoptera: Noctuidae) of America north of Mexico, emphasizing genitalic and larval morphology (No. 1567). Department of Agriculture, Agricultural Research Service. Washington D.C., United States of America
Notioplusia illustrata;North America;Panamanian;1978;Eichlin, T., Cunningham, H. (1978). The Plusiinae (Lepidoptera: Noctuidae) of America north of Mexico, emphasizing genitalic and larval morphology (No. 1567). Department of Agriculture, Agricultural Research Service. Washington D.C., United States of America
Notioplusia illustrata;South America;Panamanian;1978;Eichlin, T., Cunningham, H. (1978). The Plusiinae (Lepidoptera: Noctuidae) of America north of Mexico, emphasizing genitalic and larval morphology (No. 1567). Department of Agriculture, Agricultural Research Service. Washington D.C., United States of America
Notocelia cynosbatella;Asia;Palearctic;2012;Trematerra, P. (2012). Notes on some Lepidoptera Tortricidae from Central Asia. Journal of Entomological and Acarological Research. 44: e1
Notocelia cynosbatella;Europe;Palearctic;2012;Trematerra, P. (2012). Notes on some Lepidoptera Tortricidae from Central Asia. Journal of Entomological and Acarological Research. 44: e1
Notocelia cynosbatella;Europe;Palearctic;2020;Gilligan, T. et al. (2020). Immigrant Tortricidae: Holarctic versus Introduced Species in North America. Insects. 11(9):594
Notocelia cynosbatella;Asia;Saharo-Arabian;2012;Trematerra, P. (2012). Notes on some Lepidoptera Tortricidae from Central Asia. Journal of Entomological and Acarological Research. 44: e1
Notocelia cynosbatella;Europe;Palearctic;2024;Turner, R. et al. (2024). International Non-native Insect Establishment Data (0.2.1) [Data set]. Zenodo
Notocelia cynosbatella;Asia;Palearctic;2024;Turner, R. et al. (2024). International Non-native Insect Establishment Data (0.2.1) [Data set]. Zenodo
Notocelia rosaecolana;Asia;Palearctic;2013;Byun, B. et al. (2013). Two unrecorded species of Tortricidae (Lepidoptera) from North Korea, with notes on collection localities of North Korean Tortricids deposited at the Hungarian Natural History Museum. Korean Journal of Applied Entomology. 52(1): 53-59
Notocelia rosaecolana;Europe;Palearctic;2020;Gilligan, T. et al. (2020). Immigrant Tortricidae: Holarctic versus Introduced Species in North America. Insects. 11(9):594
Notocelia rosaecolana;Asia;Sino-Japanese;2013;Byun, B. et al. (2013). Two unrecorded species of Tortricidae (Lepidoptera) from North Korea, with notes on collection localities of North Korean Tortricids deposited at the Hungarian Natural History Museum. Korean Journal of Applied Entomology. 52(1): 53-59
Notocelia rosaecolana;Europe;Palearctic;2024;Turner, R. et al. (2024). International Non-native Insect Establishment Data (0.2.1) [Data set]. Zenodo
Notocelia rosaecolana;Asia;Palearctic;2024;Turner, R. et al. (2024). International Non-native Insect Establishment Data (0.2.1) [Data set]. Zenodo
Nyctemera amicus;Australia;Australian;2001;Hoare, R. (2001). Adventive species of Lepidoptera recorded for the first time in New Zealand since 1988. New Zealand Entomologist. 24: 23-47
Nyctemera amicus;Australia;Australian;2024;Turner, R. et al. (2024). International Non-native Insect Establishment Data (0.2.1) [Data set]. Zenodo
Nymphula manilensis;Asia;Oriental;2010;Chen, F. et al. (2010). A review of the genus Elophila Hubner, 1822 in China (Lepidoptera: Crambidae: Acentropinae). Aquatic Insects. 32(1): 35-60
Nymphula manilensis;Asia;Sino-Japanese;2010;Chen, F. et al. (2010). A review of the genus Elophila Hubner, 1822 in China (Lepidoptera: Crambidae: Acentropinae). Aquatic Insects. 32(1): 35-60
Nymphula manilensis;Asia;Oriental;2024;Turner, R. et al. (2024). International Non-native Insect Establishment Data (0.2.1) [Data set]. Zenodo
Ochsenheimeria vacculella;Europe;Palearctic;1975;Davis, D. (1975). A Review of Ochsenheimeriidae and the Introduction of the Cereal Stem Moth, Ochsenheimeria vacculella into the United States (Lepidoptera: Tineodea). Smithsonian Contributions to Zooology. 192: 1-20
Ochsenheimeria vacculella;Africa;Saharo-Arabian;1975;Davis, D. (1975). A Review of Ochsenheimeriidae and the Introduction of the Cereal Stem Moth, Ochsenheimeria vacculella into the United States (Lepidoptera: Tineodea). Smithsonian Contributions to Zooology. 192: 1-20
Ochsenheimeria vacculella;Europe;Palearctic;2024;Turner, R. et al. (2024). International Non-native Insect Establishment Data (0.2.1) [Data set]. Zenodo
Aglossa caprealis;Africa;Saharo-Arabian;2020;Roy, D. et al. (2020). DAISIE - Delivering Alien Invasive Species Inventories for Europe.
Ocnerostoma piniariella;Europe;Palearctic;2024;Turner, R. et al. (2024). International Non-native Insect Establishment Data (0.2.1) [Data set]. Zenodo
Ocrasa nostralis;Africa;Madagascan;2024;Witts, H. (2024). Hypsopygia nostralis (Guenee, 1854),(Lep.: Pyralidae), the Southern Hayworm: New to Britain. Entomologists Record and Journal of Variation. 136: 258-260
Ocrasa nostralis;North America;Nearctic;2024;Witts, H. (2024). Hypsopygia nostralis (Guenee, 1854),(Lep.: Pyralidae), the Southern Hayworm: New to Britain. Entomologists Record and Journal of Variation. 136: 258-260
Ocrasa nostralis;North America;Panamanian;2024;Witts, H. (2024). Hypsopygia nostralis (Guenee, 1854),(Lep.: Pyralidae), the Southern Hayworm: New to Britain. Entomologists Record and Journal of Variation. 136: 258-260
Ocrasa nostralis;South America;Neotropical;2024;Turner, R. et al. (2024). International Non-native Insect Establishment Data (0.2.1) [Data set]. Zenodo
Oecia oecophila;South America;Neotropical;2024;Turner, R. et al. (2024). International Non-native Insect Establishment Data (0.2.1) [Data set]. Zenodo
Oecophora bractella;Europe;Palearctic;2024;Turner, R. et al. (2024). International Non-native Insect Establishment Data (0.2.1) [Data set]. Zenodo
Oegoconia caradjai;Asia;Palearctic;2005;de Prins, W. (2005). Oegoconia caradjai, a new species for the Belgian fauna (Lepidoptera: Autostichidae). Phegea. 33: 12
Oegoconia caradjai;Europe;Palearctic;2005;de Prins, W. (2005). Oegoconia caradjai, a new species for the Belgian fauna (Lepidoptera: Autostichidae). Phegea. 33: 12
Oegoconia caradjai;Africa;Saharo-Arabian;2005;de Prins, W. (2005). Oegoconia caradjai, a new species for the Belgian fauna (Lepidoptera: Autostichidae). Phegea. 33: 12
Oegoconia caradjai;Europe;Palearctic;2024;Turner, R. et al. (2024). International Non-native Insect Establishment Data (0.2.1) [Data set]. Zenodo
Anatrachyntis simplex;Asia;Oriental;2020;Roy, D. et al. (2020). DAISIE - Delivering Alien Invasive Species Inventories for Europe.
Oiketicus kirbyi;South America;Neotropical;2024;Turner, R. et al. (2024). International Non-native Insect Establishment Data (0.2.1) [Data set]. Zenodo
Oinophila v-flava;Africa;Afrotropical;1978;Davis, D. (1978). The North American moths of the genera Phaeoses, Opogona, and Oinophila, with a discussion of their supergeneric affinities (Lepidoptera: Tineidae). Smithsonian Libraries. 282: 1-39
Oinophila v-flava;Europe;Palearctic;1978;Davis, D. (1978). The North American moths of the genera Phaeoses, Opogona, and Oinophila, with a discussion of their supergeneric affinities (Lepidoptera: Tineidae). Smithsonian Libraries. 282: 1-39
Oinophila v-flava;Europe;Palearctic;2024;Turner, R. et al. (2024). International Non-native Insect Establishment Data (0.2.1) [Data set]. Zenodo
Oligia latruncula;Asia;Palearctic;2010;Moyal, P. et al. (2010). Systematics and molecular phylogeny of two African stem borer genera, Sciomesa Tams and Bowden and Carelis Bowden (Lepidoptera: Noctuidae). Bulletin of Entomological Research. 100(6): 641-659
Oligia latruncula;Europe;Palearctic;2010;Moyal, P. et al. (2010). Systematics and molecular phylogeny of two African stem borer genera, Sciomesa Tams and Bowden and Carelis Bowden (Lepidoptera: Noctuidae). Bulletin of Entomological Research. 100(6): 641-659
Oligia latruncula;Europe;Palearctic;2024;Turner, R. et al. (2024). International Non-native Insect Establishment Data (0.2.1) [Data set]. Zenodo
Oligia strigilis;Asia;Palearctic;2024;Broad, G. et al. (2024). The genome sequence of the Marbled Minor moth, Oligia strigilis (Linnaeus, 1758). Wellcome Open Research. 9: 282
Oligia strigilis;Europe;Palearctic;2024;Broad, G. et al. (2024). The genome sequence of the Marbled Minor moth, Oligia strigilis (Linnaeus, 1758). Wellcome Open Research. 9: 282
Oligia strigilis;Europe;Palearctic;2024;Turner, R. et al. (2024). International Non-native Insect Establishment Data (0.2.1) [Data set]. Zenodo
Oligostigma polydectalis;Australia;Australian;2022;Goater, B. et al. (2022). Pyraloidea I: (Acentropinae, Evergestinae, Heliothelinae, Schoenobiinae, Scopariinae) (Vol. 4). Brill. Leiden, Netherlands
Oligostigma polydectalis;Asia;Oriental;2022;Goater, B. et al. (2022). Pyraloidea I: (Acentropinae, Evergestinae, Heliothelinae, Schoenobiinae, Scopariinae) (Vol. 4). Brill. Leiden, Netherlands
Omiodes indicata;Africa;Afrotropical;2016;Landry, B. (2016). Taxonomic revision of the Spilomelinae (Lepidoptera, Pyralidae sl) of the Galapagos Islands, Ecuador. Revue Suisse de Zoologie. 123(2): 315-399
Omiodes indicata;Africa;Madagascan;2016;Landry, B. (2016). Taxonomic revision of the Spilomelinae (Lepidoptera, Pyralidae sl) of the Galapagos Islands, Ecuador. Revue Suisse de Zoologie. 123(2): 315-399
Omiodes indicata;North America;Nearctic;2016;Landry, B. (2016). Taxonomic revision of the Spilomelinae (Lepidoptera, Pyralidae sl) of the Galapagos Islands, Ecuador. Revue Suisse de Zoologie. 123(2): 315-399
Omiodes indicata;South America;Neotropical;2016;Landry, B. (2016). Taxonomic revision of the Spilomelinae (Lepidoptera, Pyralidae sl) of the Galapagos Islands, Ecuador. Revue Suisse de Zoologie. 123(2): 315-399
Omiodes indicata;Asia;Oriental;2016;Landry, B. (2016). Taxonomic revision of the Spilomelinae (Lepidoptera, Pyralidae sl) of the Galapagos Islands, Ecuador. Revue Suisse de Zoologie. 123(2): 315-399
Omiodes indicata;North America;Panamanian;2016;Landry, B. (2016). Taxonomic revision of the Spilomelinae (Lepidoptera, Pyralidae sl) of the Galapagos Islands, Ecuador. Revue Suisse de Zoologie. 123(2): 315-399
Omiodes indicata;Asia;Oriental;2024;Turner, R. et al. (2024). International Non-native Insect Establishment Data (0.2.1) [Data set]. Zenodo
Omphisa anastomosalis;Oceania;Oceanian;1958;Zimmerman, E. (1958). Insects of Hawaii. Volume 8, Lepidoptera: Pyraloidea. Hawaii: University of Hawaii Press, Honolulu, Hawaii, United States of America
Omphisa anastomosalis;Asia;Oriental;1958;Zimmerman, E. (1958). Insects of Hawaii. Volume 8, Lepidoptera: Pyraloidea. Hawaii: University of Hawaii Press, Honolulu, Hawaii, United States of America
Omphisa anastomosalis;Asia;Palearctic;2024;Turner, R. et al. (2024). International Non-native Insect Establishment Data (0.2.1) [Data set]. Zenodo
Omphisa anastomosalis;Asia;Oriental;2024;Turner, R. et al. (2024). International Non-native Insect Establishment Data (0.2.1) [Data set]. Zenodo
Operophtera brumata;Asia;Palearctic;2017;Andersen, J. et al. (2017). Postglacial recolonization shaped the genetic diversity of the winter moth (Operophtera brumata) in Europe. Ecology and Evolution. 7: 3312-3323
Operophtera brumata;Europe;Palearctic;2017;Andersen, J. et al. (2017). Postglacial recolonization shaped the genetic diversity of the winter moth (Operophtera brumata) in Europe. Ecology and Evolution. 7: 3312-3323
Anatrachyntis simplex;Asia;Palearctic;2020;Roy, D. et al. (2020). DAISIE - Delivering Alien Invasive Species Inventories for Europe.
Operophtera brumata;Africa;Saharo-Arabian;2017;Andersen, J. et al. (2017). Postglacial recolonization shaped the genetic diversity of the winter moth (Operophtera brumata) in Europe. Ecology and Evolution. 7: 3312-3323
Operophtera brumata;Asia;Sino-Japanese;2017;Andersen, J. et al. (2017). Postglacial recolonization shaped the genetic diversity of the winter moth (Operophtera brumata) in Europe. Ecology and Evolution. 7: 3312-3323
Operophtera brumata;Europe;Palearctic;2024;Turner, R. et al. (2024). International Non-native Insect Establishment Data (0.2.1) [Data set]. Zenodo
Ophiusa disjungens;Australia;Australian;2005;Holloway, J. (2005). The Moths of Borneo, Parts 15  16 Noctuidae: Catocalinae. Southdene Sdn Bhd. Available online at: https://www.mothsofborneo.com/part-15-16/index.htm
Ophiusa disjungens;Oceania;Oceanian;2005;Holloway, J. (2005). The Moths of Borneo, Parts 15  16 Noctuidae: Catocalinae. Southdene Sdn Bhd. Available online at: https://www.mothsofborneo.com/part-15-16/index.htm
Ophiusa disjungens;Asia;Oriental;2005;Holloway, J. (2005). The Moths of Borneo, Parts 15  16 Noctuidae: Catocalinae. Southdene Sdn Bhd. Available online at: https://www.mothsofborneo.com/part-15-16/index.htm
Ophiusa disjungens;Asia;Oriental;2024;Turner, R. et al. (2024). International Non-native Insect Establishment Data (0.2.1) [Data set]. Zenodo
Ophiusa disjungens;Australia;Australian;2024;Turner, R. et al. (2024). International Non-native Insect Establishment Data (0.2.1) [Data set]. Zenodo
Anatrachyntis simplex;Asia;Sino-Japanese;2020;Roy, D. et al. (2020). DAISIE - Delivering Alien Invasive Species Inventories for Europe.
Antichloris viridis;South America;Neotropical;2020;Roy, D. et al. (2020). DAISIE - Delivering Alien Invasive Species Inventories for Europe.
Antichloris viridis;South America;Panamanian;2020;Roy, D. et al. (2020). DAISIE - Delivering Alien Invasive Species Inventories for Europe.
Apomyelois ceratoniae;Europe;Palearctic;2020;Roy, D. et al. (2020). DAISIE - Delivering Alien Invasive Species Inventories for Europe.
Apomyelois ceratoniae;Africa;Saharo-Arabian;2020;Roy, D. et al. (2020). DAISIE - Delivering Alien Invasive Species Inventories for Europe.
Argyresthia laevigatella;Europe;Palearctic;2020;Roy, D. et al. (2020). DAISIE - Delivering Alien Invasive Species Inventories for Europe.
Cacoecimorpha pronubana;Europe;Palearctic;2020;Roy, D. et al. (2020). DAISIE - Delivering Alien Invasive Species Inventories for Europe.
Ophiusa tirhaca;Asia;Palearctic;2024;Turner, R. et al. (2024). International Non-native Insect Establishment Data (0.2.1) [Data set]. Zenodo
Ophiusa tirhaca;Asia;Oriental;2024;Turner, R. et al. (2024). International Non-native Insect Establishment Data (0.2.1) [Data set]. Zenodo
Ophiusa tirhaca;Africa;Afrotropical;2024;Turner, R. et al. (2024). International Non-native Insect Establishment Data (0.2.1) [Data set]. Zenodo
Ophiusa tirhaca;Australia;Australian;2024;Turner, R. et al. (2024). International Non-native Insect Establishment Data (0.2.1) [Data set]. Zenodo
Cacoecimorpha pronubana;Africa;Saharo-Arabian;2020;Roy, D. et al. (2020). DAISIE - Delivering Alien Invasive Species Inventories for Europe.
Chrysoesthia sexguttella;Europe;Palearctic;2020;Roy, D. et al. (2020). DAISIE - Delivering Alien Invasive Species Inventories for Europe.
Ophiusa trapezium;Asia;Oriental;2024;Turner, R. et al. (2024). International Non-native Insect Establishment Data (0.2.1) [Data set]. Zenodo
Ophiusa trapezium;Australia;Australian;2024;Turner, R. et al. (2024). International Non-native Insect Establishment Data (0.2.1) [Data set]. Zenodo
Opisina arenosella;Asia;Oriental;2023;Lu, H. et al. (2023). Ecology, invasion history and biodiversity-driven management of the coconut black-headed caterpillar Opisina arenosella in Asia. Frontiers in Plant Science. 14: 1116221
Opogona aurisquamosa;Oceania;Oceanian;1978;Zimmerman, E. (1978). Insects of Hawaii. Vol. 9 Microlepidoptera. Part I. The University Press of Hawaii, Honolulu, Hawaii, United States of America
Opogona aurisquamosa;Oceania;Oceanian;2024;Turner, R. et al. (2024). International Non-native Insect Establishment Data (0.2.1) [Data set]. Zenodo
Opogona comptella;Australia;Australian;2001;Withers, T. (2001). Colonization of eucalypts in New Zealand by Australian insects. Austral Ecology. 26(5): 467-476
Opogona comptella;Australia;Australian;2024;Turner, R. et al. (2024). International Non-native Insect Establishment Data (0.2.1) [Data set]. Zenodo
Opogona omoscopa;Australia;Australian;2004;Fogliani, R., Strickland, G. (2004). Biological Control of Dock: Enhanced Distribution of the Dock Moth. Meat and Livestock Australia. Sidney, Australia
Opogona omoscopa;Africa;Afrotropical;2024;Turner, R. et al. (2024). International Non-native Insect Establishment Data (0.2.1) [Data set]. Zenodo
Opogona omoscopa;Australia;Australian;2024;Turner, R. et al. (2024). International Non-native Insect Establishment Data (0.2.1) [Data set]. Zenodo
Opogona purpuriella;Oceania;Oceanian;2001;Mariau, D. (2001). The fauna of oil palm and coconut: insect and mites pests and their natural enemies. Editions Quae
Opogona purpuriella;Oceania;Oceanian;2024;Turner, R. et al. (2024). International Non-native Insect Establishment Data (0.2.1) [Data set]. Zenodo
Coleophora laricella;Europe;Palearctic;2020;Roy, D. et al. (2020). DAISIE - Delivering Alien Invasive Species Inventories for Europe.
Cryphia algae;Asia;Oriental;2020;Roy, D. et al. (2020). DAISIE - Delivering Alien Invasive Species Inventories for Europe.
Cryphia algae;Asia;Palearctic;2020;Roy, D. et al. (2020). DAISIE - Delivering Alien Invasive Species Inventories for Europe.
Opogona sacchari;Africa;Afrotropical;2024;Turner, R. et al. (2024). International Non-native Insect Establishment Data (0.2.1) [Data set]. Zenodo
Opsitycha squalidella;Australia;Australian;2018;Hoare, R., Hudson, N. (2018). Adventive moths (Lepidoptera) established in mainland New Zealand: additions and new identifications since 2001. The Australian Entomologist. 45(3): 273-324
Opsitycha squalidella;Australia;Australian;2024;Turner, R. et al. (2024). International Non-native Insect Establishment Data (0.2.1) [Data set]. Zenodo
Oraesia emarginata;Africa;Afrotropical;2005;Holloway, J. (2005). The Moths of Borneo, Parts 15  16 Noctuidae: Catocalinae. Southdene Sdn Bhd. Available online at: https://www.mothsofborneo.com/part-15-16/index.htm
Oraesia emarginata;Asia;Oriental;2005;Holloway, J. (2005). The Moths of Borneo, Parts 15  16 Noctuidae: Catocalinae. Southdene Sdn Bhd. Available online at: https://www.mothsofborneo.com/part-15-16/index.htm
Oraesia emarginata;Asia;Oriental;2024;Turner, R. et al. (2024). International Non-native Insect Establishment Data (0.2.1) [Data set]. Zenodo
Oraesia emarginata;Africa;Afrotropical;2024;Turner, R. et al. (2024). International Non-native Insect Establishment Data (0.2.1) [Data set]. Zenodo
Oraesia excavata;Asia;Oriental;2011;Haines, W. et al. (2011). A New Record of the Fruit Piercing Moth Oraesia excavata (Butler)(Erebidae: Calpinae: Calpini) for Hawaii and the United States. The Journal of the Lepidopterists Society. 65(1): 53-57
Oraesia excavata;Asia;Palearctic;2011;Haines, W. et al. (2011). A New Record of the Fruit Piercing Moth Oraesia excavata (Butler)(Erebidae: Calpinae: Calpini) for Hawaii and the United States. The Journal of the Lepidopterists Society. 65(1): 53-57
Oraesia excavata;Asia;Sino-Japanese;2011;Haines, W. et al. (2011). A New Record of the Fruit Piercing Moth Oraesia excavata (Butler)(Erebidae: Calpinae: Calpini) for Hawaii and the United States. The Journal of the Lepidopterists Society. 65(1): 53-57
Oraesia excavata;Asia;Palearctic;2024;Turner, R. et al. (2024). International Non-native Insect Establishment Data (0.2.1) [Data set]. Zenodo
Orgyia antiqua;Asia;Palearctic;2020;Fuentes, N. et al. (2020). Multi-taxa inventory of naturalized species in Chile (including native Chilean species introduced in other areas of the national territory outside of their original range). NeoBiota. 60: 25-41
Orgyia antiqua;Europe;Palearctic;2020;Fuentes, N. et al. (2020). Multi-taxa inventory of naturalized species in Chile (including native Chilean species introduced in other areas of the national territory outside of their original range). NeoBiota. 60: 25-41
Orgyia antiqua;Europe;Palearctic;2024;Turner, R. et al. (2024). International Non-native Insect Establishment Data (0.2.1) [Data set]. Zenodo
Ornativalva erubescens;Africa;Afrotropical;2017;Lee, S. et al. (2017). Ornativalva erubescens (Walsingham) (Lepidoptera: Gelechiidae) Introduced in North America. The Journal of the Lepidopterists Society. 71(3): 141-145
Ornativalva erubescens;Asia;Oriental;2017;Lee, S. et al. (2017). Ornativalva erubescens (Walsingham) (Lepidoptera: Gelechiidae) Introduced in North America. The Journal of the Lepidopterists Society. 71(3): 141-145
Ornativalva erubescens;Africa;Saharo-Arabian;2017;Lee, S. et al. (2017). Ornativalva erubescens (Walsingham) (Lepidoptera: Gelechiidae) Introduced in North America. The Journal of the Lepidopterists Society. 71(3): 141-145
Ornativalva erubescens;Asia;Saharo-Arabian;2017;Lee, S. et al. (2017). Ornativalva erubescens (Walsingham) (Lepidoptera: Gelechiidae) Introduced in North America. The Journal of the Lepidopterists Society. 71(3): 141-145
Ornativalva erubescens;Europe;Palearctic;2024;Turner, R. et al. (2024). International Non-native Insect Establishment Data (0.2.1) [Data set]. Zenodo
Ostrinia furnacalis;Australia;Australian;1991;Nafus, D., Schreiner, I. (1991). Review of the biology and control of the Asian corn borer, Ostrinia furnacalis (Lep: Pyralidae). International Journal of Pest Management. 37(1): 41-56
Ostrinia furnacalis;Oceania;Oceanian;1991;Nafus, D., Schreiner, I. (1991). Review of the biology and control of the Asian corn borer, Ostrinia furnacalis (Lep: Pyralidae). International Journal of Pest Management. 37(1): 41-56
Ostrinia furnacalis;Asia;Oriental;1991;Nafus, D., Schreiner, I. (1991). Review of the biology and control of the Asian corn borer, Ostrinia furnacalis (Lep: Pyralidae). International Journal of Pest Management. 37(1): 41-56
Ostrinia furnacalis;Asia;Palearctic;1991;Nafus, D., Schreiner, I. (1991). Review of the biology and control of the Asian corn borer, Ostrinia furnacalis (Lep: Pyralidae). International Journal of Pest Management. 37(1): 41-56
Ostrinia furnacalis;Asia;Sino-Japanese;1991;Nafus, D., Schreiner, I. (1991). Review of the biology and control of the Asian corn borer, Ostrinia furnacalis (Lep: Pyralidae). International Journal of Pest Management. 37(1): 41-56
Ostrinia furnacalis;Asia;Palearctic;2024;Turner, R. et al. (2024). International Non-native Insect Establishment Data (0.2.1) [Data set]. Zenodo
Ostrinia furnacalis;Asia;Oriental;2024;Turner, R. et al. (2024). International Non-native Insect Establishment Data (0.2.1) [Data set]. Zenodo
Ostrinia furnacalis;Australia;Australian;2024;Turner, R. et al. (2024). International Non-native Insect Establishment Data (0.2.1) [Data set]. Zenodo
Ostrinia nubilalis;Europe;Palearctic;1970;Mutuura, A., Munroe, E. (1970). Taxonomy and distribution of the European corn borer and allied species: genus Ostrinia (Lepidoptera: Pyralidae). The Memoirs of the Entomological Society of Canada. 102(S71): 1-112
Ostrinia nubilalis;Asia;Saharo-Arabian;1970;Mutuura, A., Munroe, E. (1970). Taxonomy and distribution of the European corn borer and allied species: genus Ostrinia (Lepidoptera: Pyralidae). The Memoirs of the Entomological Society of Canada. 102(S71): 1-112
Ostrinia nubilalis;Europe;Palearctic;2024;Turner, R. et al. (2024). International Non-native Insect Establishment Data (0.2.1) [Data set]. Zenodo
Cryphia algae;Europe;Palearctic;2020;Roy, D. et al. (2020). DAISIE - Delivering Alien Invasive Species Inventories for Europe.
Oxyodes scrobiculata;Asia;Oriental;2024;Turner, R. et al. (2024). International Non-native Insect Establishment Data (0.2.1) [Data set]. Zenodo
Oxyodes scrobiculata;Australia;Australian;2024;Turner, R. et al. (2024). International Non-native Insect Establishment Data (0.2.1) [Data set]. Zenodo
Cryphia algae;Asia;Sino-Japanese;2020;Roy, D. et al. (2020). DAISIE - Delivering Alien Invasive Species Inventories for Europe.
Cydia grunertiana;Europe;Palearctic;2020;Roy, D. et al. (2020). DAISIE - Delivering Alien Invasive Species Inventories for Europe.
Paectes arcigera;North America;Panamanian;2013;Pogue, M. (2013). A review of the Paectes arcigera species complex (Guenee) (Lepidoptera, Euteliidae). ZooKeys. 264: 125-163
Paectes arcigera;South America;Neotropical;2024;Turner, R. et al. (2024). International Non-native Insect Establishment Data (0.2.1) [Data set]. Zenodo
Palpita flegia;North America;Nearctic;2025;Shropshire, K., Tallamy, D. (2025). Lepidoptera of North American north of Mexico: An annotated list containing geographic ranges and host plant records. ZooKeys
Palpita flegia;South America;Neotropical;2025;Shropshire, K., Tallamy, D. (2025). Lepidoptera of North American north of Mexico: An annotated list containing geographic ranges and host plant records. ZooKeys
Palpita persimilis;South America;Neotropical;2012;Hayden, J., Buss, L. (2012). Olive shootworm (Palpita persimilis) in Florida. Florida Department of Agriculture and Consumer Services - Division of Plant Industry - Entomology Circular. 426
Palpita persimilis;North America;Panamanian;2012;Hayden, J., Buss, L. (2012). Olive shootworm (Palpita persimilis) in Florida. Florida Department of Agriculture and Consumer Services - Division of Plant Industry - Entomology Circular. 426
Palpita persimilis;South America;Neotropical;2024;Turner, R. et al. (2024). International Non-native Insect Establishment Data (0.2.1) [Data set]. Zenodo
Palpita vitrealis;South America;Neotropical;2012;Yilmaz, C., Genc, H. (2012). Determination of the life cycle of the Olive Fruit Leaf Moth, Palpita unionalis (Lepidoptera: Pyralidae) in the laboratory. Florida Entomologist. 95: 162-170
Palpita vitrealis;Europe;Palearctic;2012;Yilmaz, C., Genc, H. (2012). Determination of the life cycle of the Olive Fruit Leaf Moth, Palpita unionalis (Lepidoptera: Pyralidae) in the laboratory. Florida Entomologist. 95: 162-170
Palpita vitrealis;Africa;Saharo-Arabian;2012;Yilmaz, C., Genc, H. (2012). Determination of the life cycle of the Olive Fruit Leaf Moth, Palpita unionalis (Lepidoptera: Pyralidae) in the laboratory. Florida Entomologist. 95: 162-170
Palpita vitrealis;Asia;Sino-Japanese;2012;Yilmaz, C., Genc, H. (2012). Determination of the life cycle of the Olive Fruit Leaf Moth, Palpita unionalis (Lepidoptera: Pyralidae) in the laboratory. Florida Entomologist. 95: 162-170
Palpita vitrealis;Africa;Afrotropical;2012;Yilmaz, C., Genc, H. (2012). Determination of the life cycle of the Olive Fruit Leaf Moth, Palpita unionalis (Lepidoptera: Pyralidae) in the laboratory. Florida Entomologist. 95: 162-170
Palpita vitrealis;Africa;Sino-Japanese;2012;Yilmaz, C., Genc, H. (2012). Determination of the life cycle of the Olive Fruit Leaf Moth, Palpita unionalis (Lepidoptera: Pyralidae) in the laboratory. Florida Entomologist. 95: 162-170
Palpita vitrealis;Asia;Oriental;2012;Yilmaz, C., Genc, H. (2012). Determination of the life cycle of the Olive Fruit Leaf Moth, Palpita unionalis (Lepidoptera: Pyralidae) in the laboratory. Florida Entomologist. 95: 162-170
Pandemis cerasana;Asia;Oriental;1980;Mutuura, A. (1980). Two Pandemis species introduced into British Columbia, with a comparison of native North American species (Lepidoptera: Tortricidae). The Canadian Entomologist. 112(6): 549-554
Pandemis cerasana;Asia;Palearctic;1980;Mutuura, A. (1980). Two Pandemis species introduced into British Columbia, with a comparison of native North American species (Lepidoptera: Tortricidae). The Canadian Entomologist. 112(6): 549-554
Pandemis cerasana;Asia;Sino-Japanese;1980;Mutuura, A. (1980). Two Pandemis species introduced into British Columbia, with a comparison of native North American species (Lepidoptera: Tortricidae). The Canadian Entomologist. 112(6): 549-554
Pandemis cerasana;Europe;Palearctic;2024;Turner, R. et al. (2024). International Non-native Insect Establishment Data (0.2.1) [Data set]. Zenodo
Pandemis heparana;Asia;Palearctic;1982;Gillespie, D., Gillespie, B. (1982). A list of plant-feeding Lepidoptera introduced into British Columbia. Journal of the Entomological Society of British Columbia. 79: 37-54
Pandemis heparana;Europe;Palearctic;1982;Gillespie, D., Gillespie, B. (1982). A list of plant-feeding Lepidoptera introduced into British Columbia. Journal of the Entomological Society of British Columbia. 79: 37-54
Pandemis heparana;Asia;Saharo-Arabian;1982;Gillespie, D., Gillespie, B. (1982). A list of plant-feeding Lepidoptera introduced into British Columbia. Journal of the Entomological Society of British Columbia. 79: 37-54
Pandemis heparana;Asia;Sino-Japanese;1982;Gillespie, D., Gillespie, B. (1982). A list of plant-feeding Lepidoptera introduced into British Columbia. Journal of the Entomological Society of British Columbia. 79: 37-54
Pandemis heparana;Europe;Palearctic;2024;Turner, R. et al. (2024). International Non-native Insect Establishment Data (0.2.1) [Data set]. Zenodo
Cydia illutana;Europe;Palearctic;2020;Roy, D. et al. (2020). DAISIE - Delivering Alien Invasive Species Inventories for Europe.
Cydia splendana;Europe;Palearctic;2020;Roy, D. et al. (2020). DAISIE - Delivering Alien Invasive Species Inventories for Europe.
Earias vernana;Europe;Palearctic;2020;Roy, D. et al. (2020). DAISIE - Delivering Alien Invasive Species Inventories for Europe.
Pandesma anysa;Asia;Oriental;2024;Turner, R. et al. (2024). International Non-native Insect Establishment Data (0.2.1) [Data set]. Zenodo
Pantydia sparsa;Australia;Australian;2011;Hoare, R. (2011). Lepidoptera of gumland heaths - a threatened and rare ecosystem of northern New Zealand. New Zealand Entomologist. 34(1): 67-76
Pantydia sparsa;Australia;Australian;2024;Turner, R. et al. (2024). International Non-native Insect Establishment Data (0.2.1) [Data set]. Zenodo
Earias vittella;Asia;Oriental;2020;Roy, D. et al. (2020). DAISIE - Delivering Alien Invasive Species Inventories for Europe.
Ectoedemia heringella;Europe;Palearctic;2020;Roy, D. et al. (2020). DAISIE - Delivering Alien Invasive Species Inventories for Europe.
Ectoedemia heringella;Africa;Saharo-Arabian;2020;Roy, D. et al. (2020). DAISIE - Delivering Alien Invasive Species Inventories for Europe.
Papilio demoleus;Australia;Australian;2020;Riaz, S. et al. (2020). Morphology, life cycle and management of two invasive subspecies of Papilio demoleus (Lepidoptera: Papilionidae): A review. Journal of Applied Entomology. 144: 845-856
Papilio demoleus;Oceania;Oceanian;2020;Riaz, S. et al. (2020). Morphology, life cycle and management of two invasive subspecies of Papilio demoleus (Lepidoptera: Papilionidae): A review. Journal of Applied Entomology. 144: 845-856
Papilio demoleus;Asia;Oriental;2020;Riaz, S. et al. (2020). Morphology, life cycle and management of two invasive subspecies of Papilio demoleus (Lepidoptera: Papilionidae): A review. Journal of Applied Entomology. 144: 845-856
Papilio demoleus;Asia;Palearctic;2020;Riaz, S. et al. (2020). Morphology, life cycle and management of two invasive subspecies of Papilio demoleus (Lepidoptera: Papilionidae): A review. Journal of Applied Entomology. 144: 845-856
Papilio demoleus;Asia;Saharo-Arabian;2020;Riaz, S. et al. (2020). Morphology, life cycle and management of two invasive subspecies of Papilio demoleus (Lepidoptera: Papilionidae): A review. Journal of Applied Entomology. 144: 845-856
Papilio demoleus;Asia;Sino-Japanese;2020;Riaz, S. et al. (2020). Morphology, life cycle and management of two invasive subspecies of Papilio demoleus (Lepidoptera: Papilionidae): A review. Journal of Applied Entomology. 144: 845-856
Papilio helenus;Asia;Oriental;2013;Goode, M., Burk, D. (2013). A new subspecies of Papilio helenus Linnaeus, 1758 (Lepidoptera: Papilionidae) from Simeulue Island, Indonesia. Butterflies (Teinopalpus). 63: 53-55
Papilio helenus;Asia;Sino-Japanese;2013;Goode, M., Burk, D. (2013). A new subspecies of Papilio helenus Linnaeus, 1758 (Lepidoptera: Papilionidae) from Simeulue Island, Indonesia. Butterflies (Teinopalpus). 63: 53-55
Papilio helenus;Asia;Palearctic;2013;Goode, M., Burk, D. (2013). A new subspecies of Papilio helenus Linnaeus, 1758 (Lepidoptera: Papilionidae) from Simeulue Island, Indonesia. Butterflies (Teinopalpus). 63: 53-55
Epinotia cedricida;Asia;Palearctic;2020;Roy, D. et al. (2020). DAISIE - Delivering Alien Invasive Species Inventories for Europe.
Epinotia cedricida;Africa;Saharo-Arabian;2020;Roy, D. et al. (2020). DAISIE - Delivering Alien Invasive Species Inventories for Europe.
Eupithecia phoeniceata;Europe;Palearctic;2020;Roy, D. et al. (2020). DAISIE - Delivering Alien Invasive Species Inventories for Europe.
Papilio polytes;Asia;Oriental;2014;Sekimura, T. et al. (2014). A model for population dynamics of the mimetic butterfly Papilio polytes in the Sakishima Islands, Japan. Journal of Theoretical Biology. 361: 133-140
Papilio polytes;Asia;Sino-Japanese;2014;Sekimura, T. et al. (2014). A model for population dynamics of the mimetic butterfly Papilio polytes in the Sakishima Islands, Japan. Journal of Theoretical Biology. 361: 133-140
Papilio polytes;Asia;Palearctic;2014;Sekimura, T. et al. (2014). A model for population dynamics of the mimetic butterfly Papilio polytes in the Sakishima Islands, Japan. Journal of Theoretical Biology. 361: 133-140
Eupithecia pulchellata;Europe;Palearctic;2020;Roy, D. et al. (2020). DAISIE - Delivering Alien Invasive Species Inventories for Europe.
Eurranthis plummistaria;Europe;Palearctic;2020;Roy, D. et al. (2020). DAISIE - Delivering Alien Invasive Species Inventories for Europe.
Eurranthis plummistaria;Africa;Saharo-Arabian;2020;Roy, D. et al. (2020). DAISIE - Delivering Alien Invasive Species Inventories for Europe.
Eustixia pupula;North America;Nearctic;2020;Roy, D. et al. (2020). DAISIE - Delivering Alien Invasive Species Inventories for Europe.
Gelechia sabinellus;Europe;Palearctic;2020;Roy, D. et al. (2020). DAISIE - Delivering Alien Invasive Species Inventories for Europe.
Papilio xuthus;Asia;Palearctic;2024;Turner, R. et al. (2024). International Non-native Insect Establishment Data (0.2.1) [Data set]. Zenodo
Paracorsia repandalis;Asia;Palearctic;2016;Scalercio, S. (2016). Interessanti novita faunistiche sui Pyraloidea dell Italia meridionale, con particolare riferimento agli ambienti forestali (Lepidoptera: Pyralidae, Crambidae). SHILAP Revista de Lepidopterologia. 44(175): 433-442
Paracorsia repandalis;Europe;Palearctic;2016;Scalercio, S. (2016). Interessanti novita faunistiche sui Pyraloidea dell Italia meridionale, con particolare riferimento agli ambienti forestali (Lepidoptera: Pyralidae, Crambidae). SHILAP Revista de Lepidopterologia. 44(175): 433-442
Paralipsa gularis;Asia;Oriental;1956;Smith, K. (1956). The occurrence and distribution of Aphomia gularis (Zell.)(Lep., Galleriidae), a pest of stored products. Bulletin of Entomological Research. 47(4): 655-667
Paralipsa gularis;Asia;Sino-Japanese;1956;Smith, K. (1956). The occurrence and distribution of Aphomia gularis (Zell.)(Lep., Galleriidae), a pest of stored products. Bulletin of Entomological Research. 47(4): 655-667
Paralipsa gularis;Asia;Sino-Japanese;2025;Shropshire, K., Tallamy, D. (2025). Lepidoptera of North American north of Mexico: An annotated list containing geographic ranges and host plant records. ZooKeys
Paralipsa gularis;Asia;Oriental;2025;Shropshire, K., Tallamy, D. (2025). Lepidoptera of North American north of Mexico: An annotated list containing geographic ranges and host plant records. ZooKeys
Paralipsa gularis;Europe;Palearctic;2024;Turner, R. et al. (2024). International Non-native Insect Establishment Data (0.2.1) [Data set]. Zenodo
Paralipsa gularis;Asia;Palearctic;2024;Turner, R. et al. (2024). International Non-native Insect Establishment Data (0.2.1) [Data set]. Zenodo
Paralipsa gularis;Asia;Oriental;2024;Turner, R. et al. (2024). International Non-native Insect Establishment Data (0.2.1) [Data set]. Zenodo
Paranthrene tabaniformis;Asia;Palearctic;2023;Zheng, Y. et al. (2023). Antennal and proboscis sensilla characteristics of Paranthrene tabaniformis (Lepidoptera: Sesiidae). Microscopy Research and Technique. 86(4): 452-464
Paranthrene tabaniformis;Europe;Palearctic;1956;Morris, R. (1956). Note on Paranthrene tabaniformis Rott., a moth new to North America (lepidoptera: Aegeriidae). The Canadian Entomologist. 88(11): 652
Parantica aglea;Oceania;Oceanian;2022;Li, X. et al. (2020). A new record of complete mitochondrial genome of Parantica aglea (Lepidoptera: Danainae) and its phylogeny. Mitochondrial DNA Part B. 5(2): 1257-1258
Parantica aglea;Asia;Oriental;2022;Li, X. et al. (2020). A new record of complete mitochondrial genome of Parantica aglea (Lepidoptera: Danainae) and its phylogeny. Mitochondrial DNA Part B. 5(2): 1257-1258
Parantica aglea;Asia;Oriental;2024;Turner, R. et al. (2024). International Non-native Insect Establishment Data (0.2.1) [Data set]. Zenodo
Parapediasia teterellus;North America;Nearctic;2020;Jie, L. et al. (2020). Potential distribution analysis of an invasive alien species Parapediasia teterrella (Lepidoptera, Crambidae) in East Asia. Journal of Asia-Pacific Entomology. 23(1): 219-223
Gelechia senticetella;Africa;Saharo-Arabian;2020;Roy, D. et al. (2020). DAISIE - Delivering Alien Invasive Species Inventories for Europe.
Parapoynx bilinealis;Asia;Oriental;2024;Turner, R. et al. (2024). International Non-native Insect Establishment Data (0.2.1) [Data set]. Zenodo
Parapoynx crisonalis;Australia;Australian;2017;Chen, Q. et al. (2017). Age-stage, two-sex life table of Parapoynx crisonalis (Lepidoptera: Pyralidae) at different temperatures. PloS one. 12(3): e0173380
Parapoynx crisonalis;Asia;Oriental;2017;Chen, Q. et al. (2017). Age-stage, two-sex life table of Parapoynx crisonalis (Lepidoptera: Pyralidae) at different temperatures. PloS one. 12(3): e0173380
Parapoynx crisonalis;Asia;Sino-Japanese;2017;Chen, Q. et al. (2017). Age-stage, two-sex life table of Parapoynx crisonalis (Lepidoptera: Pyralidae) at different temperatures. PloS one. 12(3): e0173380
Parapoynx crisonalis;Asia;Oriental;2024;Turner, R. et al. (2024). International Non-native Insect Establishment Data (0.2.1) [Data set]. Zenodo
Parapoynx diminutalis;Africa;Afrotropical;1996;Buckingham, G., Bennett, C. (1996). Laboratory biology of an immigrant Asian moth, Parapoynx diminutalis (Lepidoptera: Pyralidae), on Hydrilla verticillata (Hydrocharitaceae). Florida Entomologist. 79(3): 353-353
Haplochrois theae;Asia;Oriental;2020;Roy, D. et al. (2020). DAISIE - Delivering Alien Invasive Species Inventories for Europe.
Parapoynx diminutalis;Australia;Australian;1996;Buckingham, G., Bennett, C. (1996). Laboratory biology of an immigrant Asian moth, Parapoynx diminutalis (Lepidoptera: Pyralidae), on Hydrilla verticillata (Hydrocharitaceae). Florida Entomologist. 79(3): 353-353
Parapoynx diminutalis;Asia;Oriental;1989;Buckingham, G., Bennett, C. (1989). Laboratory host range of Parapoynx diminutalis (Lepidoptera: Pyralidae), an Asian aquatic moth adventive in Florida and Panama on Hydrilla verticillata (Hydrocharitaceae). Environmental Entomology. 18(3): 526-530
Parapoynx diminutalis;Asia;Oriental;1996;Buckingham, G., Bennett, C. (1996). Laboratory biology of an immigrant Asian moth, Parapoynx diminutalis (Lepidoptera: Pyralidae), on Hydrilla verticillata (Hydrocharitaceae). Florida Entomologist. 79(3): 353-353
Haplochrois theae;Asia;Palearctic;2020;Roy, D. et al. (2020). DAISIE - Delivering Alien Invasive Species Inventories for Europe.
Haplochrois theae;Asia;Sino-Japanese;2020;Roy, D. et al. (2020). DAISIE - Delivering Alien Invasive Species Inventories for Europe.
Parapoynx diminutalis;Asia;Palearctic;1996;Buckingham, G., Bennett, C. (1996). Laboratory biology of an immigrant Asian moth, Parapoynx diminutalis (Lepidoptera: Pyralidae), on Hydrilla verticillata (Hydrocharitaceae). Florida Entomologist. 79(3): 353-353
Parapoynx diminutalis;Asia;Saharo-Arabian;1996;Buckingham, G., Bennett, C. (1996). Laboratory biology of an immigrant Asian moth, Parapoynx diminutalis (Lepidoptera: Pyralidae), on Hydrilla verticillata (Hydrocharitaceae). Florida Entomologist. 79(3): 353-353
Parapoynx diminutalis;Asia;Saharo-Arabian;1989;Buckingham, G., Bennett, C. (1989). Laboratory host range of Parapoynx diminutalis (Lepidoptera: Pyralidae), an Asian aquatic moth adventive in Florida and Panama on Hydrilla verticillata (Hydrocharitaceae). Environmental Entomology. 18(3): 526-530
Parapoynx diminutalis;Asia;Sino-Japanese;1996;Buckingham, G., Bennett, C. (1996). Laboratory biology of an immigrant Asian moth, Parapoynx diminutalis (Lepidoptera: Pyralidae), on Hydrilla verticillata (Hydrocharitaceae). Florida Entomologist. 79(3): 353-353
Haplotinea ditella;Europe;Palearctic;2020;Roy, D. et al. (2020). DAISIE - Delivering Alien Invasive Species Inventories for Europe.
Parapoynx diminutalis;Asia;Palearctic;2024;Turner, R. et al. (2024). International Non-native Insect Establishment Data (0.2.1) [Data set]. Zenodo
Parapoynx diminutalis;Asia;Oriental;2024;Turner, R. et al. (2024). International Non-native Insect Establishment Data (0.2.1) [Data set]. Zenodo
Parapoynx diminutalis;Africa;Afrotropical;2024;Turner, R. et al. (2024). International Non-native Insect Establishment Data (0.2.1) [Data set]. Zenodo
Haplotinea ditella;Africa;Saharo-Arabian;2020;Roy, D. et al. (2020). DAISIE - Delivering Alien Invasive Species Inventories for Europe.
Herpetogramma licarsisalis;Asia;Oriental;2020;Roy, D. et al. (2020). DAISIE - Delivering Alien Invasive Species Inventories for Europe.
Herpetogramma licarsisalis;Asia;Palearctic;2020;Roy, D. et al. (2020). DAISIE - Delivering Alien Invasive Species Inventories for Europe.
Herpetogramma licarsisalis;Asia;Sino-Japanese;2020;Roy, D. et al. (2020). DAISIE - Delivering Alien Invasive Species Inventories for Europe.
Idaea inquinata;Asia;Palearctic;2020;Roy, D. et al. (2020). DAISIE - Delivering Alien Invasive Species Inventories for Europe.
Parapoynx fluctuosalis;Asia;Oriental;2024;Turner, R. et al. (2024). International Non-native Insect Establishment Data (0.2.1) [Data set]. Zenodo
Parapoynx fluctuosalis;Africa;Afrotropical;2024;Turner, R. et al. (2024). International Non-native Insect Establishment Data (0.2.1) [Data set]. Zenodo
Idaea inquinata;Europe;Palearctic;2020;Roy, D. et al. (2020). DAISIE - Delivering Alien Invasive Species Inventories for Europe.
Parapoynx obscuralis;North America;Nearctic;2024;Turner, R. et al. (2024). International Non-native Insect Establishment Data (0.2.1) [Data set]. Zenodo
Parapoynx polydectalis;Australia;Australian;2019;Purcell, M. et al. (2019). Exploration for candidate biological control agents of the submerged aquatic weed Hydrilla verticillata, in Asia and Australia 1996-2013. BioControl. 64: 233-247
Idaea inquinata;Africa;Saharo-Arabian;2020;Roy, D. et al. (2020). DAISIE - Delivering Alien Invasive Species Inventories for Europe.
Keiferia lycopersicella;South America;Neotropical;2020;Roy, D. et al. (2020). DAISIE - Delivering Alien Invasive Species Inventories for Europe.
Parapoynx polydectalis;Asia;Oriental;2019;Purcell, M. et al. (2019). Exploration for candidate biological control agents of the submerged aquatic weed Hydrilla verticillata, in Asia and Australia 1996-2013. BioControl. 64: 233-247
Lozotaenia cedrivora;Africa;Afrotropical;2020;Roy, D. et al. (2020). DAISIE - Delivering Alien Invasive Species Inventories for Europe.
Parapoynx polydectalis;Australia;Australian;2024;Turner, R. et al. (2024). International Non-native Insect Establishment Data (0.2.1) [Data set]. Zenodo
Parasa lepida;Asia;Oriental;2007;Yamazaki, K. et al. (2007). An analysis of spatial distribution in the exotic slug caterpillar Parasa lepida (Cramer)(Lepidoptera: Limacodidae) at an urban coastal site in central Japan. The Pan-Pacific Entomologist. 83(3): 193-199
Parasa lepida;Asia;Palearctic;2024;Turner, R. et al. (2024). International Non-native Insect Establishment Data (0.2.1) [Data set]. Zenodo
Parasa lepida;Asia;Oriental;2024;Turner, R. et al. (2024). International Non-native Insect Establishment Data (0.2.1) [Data set]. Zenodo
Parascotia fuliginaria;Europe;Palearctic;1991;Mikkola, K. et al. (1991). Zoogeography of the Holarctic species of the Noctuidae (Lepidoptera): impoftance of the Beringian refuge. Entomologica Fennica. 2(3): 157-173
Parascotia fuliginaria;Europe;Palearctic;2024;Turner, R. et al. (2024). International Non-native Insect Establishment Data (0.2.1) [Data set]. Zenodo
Paraswammerdamia albicapitella;Europe;Palearctic;2024;Turner, R. et al. (2024). International Non-native Insect Establishment Data (0.2.1) [Data set]. Zenodo
Paraswammerdamia lutarea;Asia;Palearctic;2019;Na, S. et al. (2019). Taxonomic review of the genus Swammerdamia Hubner (Lepidoptera: Yponomeutidae) from Korea. Journal of Asia-Pacific Biodiversity. 12(1): 74-78
Paraswammerdamia lutarea;Europe;Palearctic;1964;Zwolfer, H. (1964). Notes on the parasites of Swammerdamia lutarea Hw. and S. caesiella Hb.(Lep. Hyponomeutidae) in central Europe. Commonwealth Institute of Biological Control Technical Bulletin. 4: 121-146
Paraswammerdamia lutarea;Europe;Palearctic;2019;Na, S. et al. (2019). Taxonomic review of the genus Swammerdamia Hubner (Lepidoptera: Yponomeutidae) from Korea. Journal of Asia-Pacific Biodiversity. 12(1): 74-78
Paraswammerdamia lutarea;Europe;Palearctic;2024;Turner, R. et al. (2024). International Non-native Insect Establishment Data (0.2.1) [Data set]. Zenodo
Lozotaenia cedrivora;Africa;Saharo-Arabian;2020;Roy, D. et al. (2020). DAISIE - Delivering Alien Invasive Species Inventories for Europe.
Macaria liturata;Europe;Palearctic;2020;Roy, D. et al. (2020). DAISIE - Delivering Alien Invasive Species Inventories for Europe.
Ocnerostoma piniariella;Europe;Palearctic;2020;Roy, D. et al. (2020). DAISIE - Delivering Alien Invasive Species Inventories for Europe.
Operophtera brumata;Europe;Palearctic;2020;Roy, D. et al. (2020). DAISIE - Delivering Alien Invasive Species Inventories for Europe.
Parapoynx bilinealis;Asia;Oriental;2020;Roy, D. et al. (2020). DAISIE - Delivering Alien Invasive Species Inventories for Europe.
Parapoynx diminutalis;Africa;Afrotropical;2020;Roy, D. et al. (2020). DAISIE - Delivering Alien Invasive Species Inventories for Europe.
Parectopa alysidota;Australia;Australian;1980;van den Berg, M. (1980). Natural enemies of Acacia cyclops A. Cunn ex G. Don and Acacia saligna (Labill.) Wendl. in Western Australia. I. Lepidoptera. Phytophylactica. 12(3): 165-167
Parectopa robiniella;North America;Nearctic;2014;Baugnee, J. (2014). Parectopa robiniella (Lepidoptera: Gracillariidae), a leafminer of black locust Robinia pseudoacacia, new to the Belgian fauna. Phegea. 42(3): 55-57
Parectopa robiniella;North America;Nearctic;2024;Turner, R. et al. (2024). International Non-native Insect Establishment Data (0.2.1) [Data set]. Zenodo
Pareuchaetes insulata;North America;Nearctic;1993;Kluge, R., Caldwell, P. (1993). Host Specificity of Parachaetes insulata (Lepidoptera: Arctiidae), a Biological Control Agent for Chromolaena odorata (Compositae). Entomophaga. 38(4): 451-457
Pareuchaetes insulata;South America;Neotropical;1993;Kluge, R., Caldwell, P. (1993). Host Specificity of Parachaetes insulata (Lepidoptera: Arctiidae), a Biological Control Agent for Chromolaena odorata (Compositae). Entomophaga. 38(4): 451-457
Pareuchaetes insulata;North America;Panamanian;1993;Kluge, R., Caldwell, P. (1993). Host Specificity of Parachaetes insulata (Lepidoptera: Arctiidae), a Biological Control Agent for Chromolaena odorata (Compositae). Entomophaga. 38(4): 451-457
Pareuchaetes insulata;South America;Panamanian;1993;Kluge, R., Caldwell, P. (1993). Host Specificity of Parachaetes insulata (Lepidoptera: Arctiidae), a Biological Control Agent for Chromolaena odorata (Compositae). Entomophaga. 38(4): 451-457
Pareuchaetes insulata;South America;Neotropical;2024;Turner, R. et al. (2024). International Non-native Insect Establishment Data (0.2.1) [Data set]. Zenodo
Pareuchaetes pseudoinsulata;South America;Neotropical;1982;Cock, M., Holloway, J. (1982). The history of, and prospects for, the biological control of Chromolaena odorata (Compositae) by Pareuchaetes pseudoinsulata Rego Barros and allies (Lepidoptera: Arctiidae). Bulletin of Entomological Research. 72(2): 193-205
Parochmastis hilderi;Australia;Australian;1998;Smithers, C. (1998). A species list and bibliography of the insects recorded from Norfolk Island. Technical Reports of the Australian Museum. 13: 1-55
Parochmastis hilderi;Australia;Australian;2024;Turner, R. et al. (2024). International Non-native Insect Establishment Data (0.2.1) [Data set]. Zenodo
Pasiphila rectangulata;Asia;Palearctic;2005;Maier, C. (2005). Hosts, pattern of seasonal emergence and flight, and new distributional records of palearctic Pasiphila rectangulata (Lepidoptera: Geometridae) in the northeastern United States. Annals of the Entomological Society of America. 98(2): 214-218
Pasiphila rectangulata;Europe;Palearctic;2005;Maier, C. (2005). Hosts, pattern of seasonal emergence and flight, and new distributional records of palearctic Pasiphila rectangulata (Lepidoptera: Geometridae) in the northeastern United States. Annals of the Entomological Society of America. 98(2): 214-218
Pasiphila rectangulata;Europe;Palearctic;2024;Turner, R. et al. (2024). International Non-native Insect Establishment Data (0.2.1) [Data set]. Zenodo
Parapoynx diminutalis;Asia;Oriental;2020;Roy, D. et al. (2020). DAISIE - Delivering Alien Invasive Species Inventories for Europe.
Paysandisia archon;South America;Neotropical;2024;Turner, R. et al. (2024). International Non-native Insect Establishment Data (0.2.1) [Data set]. Zenodo
Pectinophora fusculella;Oceania;Oceanian;1900;Pagenstecher, A. (1900). Die Lepidopterenfauna des Bismarckarchipels. Mit Berucksichtigung der thiergeographischen und biologischen Verhaltnisse systematisch dargestellt. Zoologica. 12(29)
Pectinophora gossypiella;Asia;Oriental;2023;Matheson, P. et al. (2023). Genome-wide analysis reveals distinct global populations of pink bollworm (Pectinophora gossypiella). Scientific Reports. 13(1): 11762
Pectinophora gossypiella;Asia;Oriental;2024;Turner, R. et al. (2024). International Non-native Insect Establishment Data (0.2.1) [Data set]. Zenodo
Pectinophora gossypiella;Australia;Australian;2024;Turner, R. et al. (2024). International Non-native Insect Establishment Data (0.2.1) [Data set]. Zenodo
Pempelia genistella;Europe;Palearctic;1996;Yoshioka, E., Conant, P. (1996). Biological control of gorse in Hawaii. Proceedings of the IX International Symposium on Biological Control of Weeds. 371-375
Pempelia genistella;Europe;Palearctic;2024;Turner, R. et al. (2024). International Non-native Insect Establishment Data (0.2.1) [Data set]. Zenodo
Penicillaria jocosatrix;Asia;Oriental;2010;Sivasankaran, K. et al. (2010). A survey of Euteliinae (Lepidoptera: Noctuidae) of Nilgiris, Tamil Nadu, India. Entomon. 35(3): 175-182
Penicillaria jocosatrix;Asia;Palearctic;2024;Turner, R. et al. (2024). International Non-native Insect Establishment Data (0.2.1) [Data set]. Zenodo
Penicillaria jocosatrix;Asia;Oriental;2024;Turner, R. et al. (2024). International Non-native Insect Establishment Data (0.2.1) [Data set]. Zenodo
Pennisetia hylaeiformis;Asia;Palearctic;2010;Lopez-Vaamonde, C. et al. (2010). Lepidoptera. Chapter 11. BioRisk. 4: 603-668
Pennisetia hylaeiformis;Europe;Palearctic;2010;Lopez-Vaamonde, C. et al. (2010). Lepidoptera. Chapter 11. BioRisk. 4: 603-668
Pennisetia hylaeiformis;Europe;Palearctic;2024;Turner, R. et al. (2024). International Non-native Insect Establishment Data (0.2.1) [Data set]. Zenodo
Parapoynx diminutalis;Asia;Palearctic;2020;Roy, D. et al. (2020). DAISIE - Delivering Alien Invasive Species Inventories for Europe.
Pericyma cruegeri;Australia;Australian;2020;Ekka, R. et al. (2020). Outbreak of Poinciana looper moth, Pericyma cruegeri (Butler)(Lepidoptera: Erebidae) in the Korba district of Chhattisgarh. Journal of Pharmacognosy and Phytochemistry. 9(4S): 704-709
Pericyma cruegeri;Oceania;Oceanian;2020;Ekka, R. et al. (2020). Outbreak of Poinciana looper moth, Pericyma cruegeri (Butler)(Lepidoptera: Erebidae) in the Korba district of Chhattisgarh. Journal of Pharmacognosy and Phytochemistry. 9(4S): 704-709
Pericyma cruegeri;Asia;Oriental;2020;Ekka, R. et al. (2020). Outbreak of Poinciana looper moth, Pericyma cruegeri (Butler)(Lepidoptera: Erebidae) in the Korba district of Chhattisgarh. Journal of Pharmacognosy and Phytochemistry. 9(4S): 704-709
Pericyma cruegeri;Asia;Oriental;2024;Turner, R. et al. (2024). International Non-native Insect Establishment Data (0.2.1) [Data set]. Zenodo
Pericyma cruegeri;Africa;Afrotropical;2024;Turner, R. et al. (2024). International Non-native Insect Establishment Data (0.2.1) [Data set]. Zenodo
Peridroma saucia;South America;Neotropical;2024;Turner, R. et al. (2024). International Non-native Insect Establishment Data (0.2.1) [Data set]. Zenodo
Periploca orichalcella;North America;Nearctic;1969;Hodges, R. (1969). Nearctic Walshiidae: notes and new taxa (Lepidoptera: Gelechioidea). Smithsonian Contributions To Zoology. 18: 1-30
Periploca orichalcella;North America;Nearctic;2024;Turner, R. et al. (2024). International Non-native Insect Establishment Data (0.2.1) [Data set]. Zenodo
Perittia herrichiella;Europe;Palearctic;1995;Kaila, L. (1995). A Revision Of The North American Perittia (Onceroptila), With First Nearctic Records Of The Genus Mendesia (Elachistidae). Journal of the Lepidopterists Society. 49(3): 208-222
Perittia herrichiella;Europe;Palearctic;2024;Turner, R. et al. (2024). International Non-native Insect Establishment Data (0.2.1) [Data set]. Zenodo
Perittia lonicerae;Asia;Palearctic;1978;Zimmerman, E. (1978). Insects of Hawaii. Vol. 9 Microlepidoptera. Part I. The University Press of Hawaii, Honolulu, Hawaii, United States of America
Perittia lonicerae;Asia;Sino-Japanese;1978;Zimmerman, E. (1978). Insects of Hawaii. Vol. 9 Microlepidoptera. Part I. The University Press of Hawaii, Honolulu, Hawaii, United States of America
Perixera illepidaria;Oceania;Oceanian;2014;Kumar, V. et al. (2014). Outbreak of the looper, Perixera illepidaria (Lepidoptera: Geometridae) on litchi, Litchi chinensis (Sapindales: Sapindaceae)-a new pest record from India. Florida Entomologist. 97(1): 22-29
Perixera illepidaria;Asia;Oriental;2014;Kumar, V. et al. (2014). Outbreak of the looper, Perixera illepidaria (Lepidoptera: Geometridae) on litchi, Litchi chinensis (Sapindales: Sapindaceae)-a new pest record from India. Florida Entomologist. 97(1): 22-29
Perizoma alchemillata;Asia;Palearctic;1977;Morris, R., Bolte, K. (1977). The European Species Perizoma alchemillata (the Small Rivulet (BR.))(Lepidoptera: Geometridae) in Newfoundland). The Canadian Entomologist. 109(3): 385-387
Perizoma alchemillata;Europe;Palearctic;1977;Morris, R., Bolte, K. (1977). The European Species Perizoma alchemillata (the Small Rivulet (BR.))(Lepidoptera: Geometridae) in Newfoundland). The Canadian Entomologist. 109(3): 385-387
Perizoma alchemillata;Europe;Palearctic;2024;Turner, R. et al. (2024). International Non-native Insect Establishment Data (0.2.1) [Data set]. Zenodo
Parapoynx diminutalis;Asia;Sino-Japanese;2020;Roy, D. et al. (2020). DAISIE - Delivering Alien Invasive Species Inventories for Europe.
Phalaenoides glycinae;Australia;Australian;2024;Turner, R. et al. (2024). International Non-native Insect Establishment Data (0.2.1) [Data set]. Zenodo
Phereoeca allutella;Africa;Afrotropical;1978;Zimmerman, E. (1978). Insects of Hawaii. Vol. 9 Microlepidoptera. Part I. The University Press of Hawaii, Honolulu, Hawaii, United States of America
Phereoeca allutella;Africa;Madagascan;1978;Zimmerman, E. (1978). Insects of Hawaii. Vol. 9 Microlepidoptera. Part I. The University Press of Hawaii, Honolulu, Hawaii, United States of America
Phereoeca allutella;Oceania;Oceanian;1978;Zimmerman, E. (1978). Insects of Hawaii. Vol. 9 Microlepidoptera. Part I. The University Press of Hawaii, Honolulu, Hawaii, United States of America
Phereoeca allutella;Asia;Oriental;1978;Zimmerman, E. (1978). Insects of Hawaii. Vol. 9 Microlepidoptera. Part I. The University Press of Hawaii, Honolulu, Hawaii, United States of America
Phereoeca allutella;Europe;Palearctic;2024;Turner, R. et al. (2024). International Non-native Insect Establishment Data (0.2.1) [Data set]. Zenodo
Phereoeca praecox;Africa;Afrotropical;2024;Turner, R. et al. (2024). International Non-native Insect Establishment Data (0.2.1) [Data set]. Zenodo
Philobota chionoptera;Australia;Australian;2013;Gerard, P. (2013). Observations on Philobota sp (Lepidoptera Oecophoridae) near Hamilton in 2012. New Zealand Plant Protection. 66: 148-152
Philobota chionoptera;Australia;Australian;2024;Turner, R. et al. (2024). International Non-native Insect Establishment Data (0.2.1) [Data set]. Zenodo
Phobetron hipparchia;South America;Neotropical;1996;Gustafsson, B. (1996). Nigra fjiirilsarter importerade till Sverige med bananer. Entomologisk Tidskrift. 117(3): 123-124
Phobetron hipparchia;North America;Panamanian;1996;Gustafsson, B. (1996). Nigra fjiirilsarter importerade till Sverige med bananer. Entomologisk Tidskrift. 117(3): 123-124
Phobetron hipparchia;North America;Nearctic;1996;Gustafsson, B. (1996). Nigra fjiirilsarter importerade till Sverige med bananer. Entomologisk Tidskrift. 117(3): 123-124
Phoebis agarithe;North America;Nearctic;1986;Scott, J. (1986). Distribution of Caribbean Butterflies. Papilio. 3: 1-26
Phoebis agarithe;South America;Neotropical;1986;Scott, J. (1986). Distribution of Caribbean Butterflies. Papilio. 3: 1-26
Phoebis agarithe;North America;Panamanian;1986;Scott, J. (1986). Distribution of Caribbean Butterflies. Papilio. 3: 1-26
Phoebis agarithe;North America;Nearctic;2024;Turner, R. et al. (2024). International Non-native Insect Establishment Data (0.2.1) [Data set]. Zenodo
Phoebis agarithe;South America;Neotropical;2024;Turner, R. et al. (2024). International Non-native Insect Establishment Data (0.2.1) [Data set]. Zenodo
Phrissogonus laticostata;Australia;Australian;2004;McQuillan, P. (2004). An overview of the Tasmanian geometrid moth fauna (Lepidoptera: Geometridae) and its conservation status. Journal of Insect Conservation. 8(2): 209-220
Phtheochroa pulvillana;Asia;Palearctic;2022;Fazekas I. (2022). A synopsis of the bionomics and geographical distribution of Phtheochroa species in Hungary (Lepidoptera: Tortricidae, Cochylini). Lepidopterologica Hungarica. 18(1): 23-43
Phtheochroa pulvillana;Europe;Palearctic;2022;Fazekas I. (2022). A synopsis of the bionomics and geographical distribution of Phtheochroa species in Hungary (Lepidoptera: Tortricidae, Cochylini). Lepidopterologica Hungarica. 18(1): 23-43
Phthorimaea absoluta;South America;Neotropical;2018;Biondi, A. et al. (2018). Ecology, worldwide spread, and management of the invasive South American tomato pinworm, Tuta absoluta: past, present, and future. Annual review of entomology. 63(1): 239-258
Phthorimaea operculella;South America;Neotropical;2013;Kroschel, J., Zegarra, O. (2013). Attract-and-kill as a new strategy for the management of the potato tuber moths Phthorimaea operculella (Zeller) and Symmetrischema tangolias (Gyen) in potato: evaluation of its efficacy under potato field and storage conditions. Pest Management Science. 69(11): 1205-1215
Phthorimaea operculella;South America;Neotropical;2013;Subchev, M. et al. (2013). Seasonal flight of the potato tuber moth, Phthorimaea operculella (Zeller)(Lepidoptera: Gelechiidae) in three regions in Bulgaria established by pheromone traps. Acta Phytopathologica et Entomologica Hungarica. 48(1): 75-86
Phthorimaea operculella;North America;Panamanian;2012;Krsteska, V., Stojanoski, P. (2012) Phthorimaea operculella (Zeller, 1983), in the tobacco agro-ecosystem. In: International Conference on BioScience: Biotechnology and Biodiversity The Forth Joint UNS - PSU, Novi Sad
Phthorimaea operculella;South America;Neotropical;2024;Turner, R. et al. (2024). International Non-native Insect Establishment Data (0.2.1) [Data set]. Zenodo
Phyllocnistis citrella;Asia;Oriental;2000;Urbaneja, A. et al. (2000). Indigenous Natural Enemies Associated with Phyllocnistis citrella (Lepidoptera: Gracillariidae) in Eastern Spain. Biological Control. 18: 199-207
Phyllocnistis citrella;Asia;Oriental;2024;Turner, R. et al. (2024). International Non-native Insect Establishment Data (0.2.1) [Data set]. Zenodo
Phyllocnistis vitegenella;North America;Nearctic;2016;Ureche, C. (2016). First record of a new alien invasive species in Romania: Phyllocnistis vitegenella Clemens (Lepidoptera: Gracillariidae). Acta Oecologica Carpatica. 9: 133-138
Phyllocnistis vitegenella;North America;Nearctic;2024;Turner, R. et al. (2024). International Non-native Insect Establishment Data (0.2.1) [Data set]. Zenodo
Phyllonorycter blancardella;Asia;Palearctic;2007;Triberti, P. (2007). The Phyllonorycter species from Palaearctic Region feeding on Rosaceae (Lepidoptera, Gracillariidae). Bollettino del Museo Civico di Storia Naturale di Verona. 31: 147-221
Phyllonorycter blancardella;Europe;Palearctic;2007;Triberti, P. (2007). The Phyllonorycter species from Palaearctic Region feeding on Rosaceae (Lepidoptera, Gracillariidae). Bollettino del Museo Civico di Storia Naturale di Verona. 31: 147-221
Phyllonorycter blancardella;Europe;Palearctic;2024;Turner, R. et al. (2024). International Non-native Insect Establishment Data (0.2.1) [Data set]. Zenodo
Phyllonorycter emberizaepenella;Europe;Palearctic;2024;Turner, R. et al. (2024). International Non-native Insect Establishment Data (0.2.1) [Data set]. Zenodo
Phyllonorycter geniculella;Europe;Palearctic;2012;Davis, T. (2012). A Review of the Status of Microlepidoptera in Britain. Butterfly Conservation Report No. S12-02. Butterfly Conservation, Wareham
Parapoynx fluctuosalis;Africa;Afrotropical;2020;Roy, D. et al. (2020). DAISIE - Delivering Alien Invasive Species Inventories for Europe.
Parapoynx fluctuosalis;Africa;Madagascan;2020;Roy, D. et al. (2020). DAISIE - Delivering Alien Invasive Species Inventories for Europe.
Parapoynx fluctuosalis;Asia;Oriental;2020;Roy, D. et al. (2020). DAISIE - Delivering Alien Invasive Species Inventories for Europe.
Parapoynx fluctuosalis;Asia;Palearctic;2020;Roy, D. et al. (2020). DAISIE - Delivering Alien Invasive Species Inventories for Europe.
Phyllonorycter issikii;Asia;Palearctic;2024;Turner, R. et al. (2024). International Non-native Insect Establishment Data (0.2.1) [Data set]. Zenodo
Parapoynx fluctuosalis;Asia;Sino-Japanese;2020;Roy, D. et al. (2020). DAISIE - Delivering Alien Invasive Species Inventories for Europe.
Phyllonorycter leucographella;Europe;Palearctic;2007;Triberti, P. (2007). The Phyllonorycter species from Palaearctic Region feeding on Rosaceae (Lepidoptera, Gracillariidae). Bollettino del Museo Civico di Storia Naturale di Verona. 31: 147-221
Phyllonorycter leucographella;Europe;Palearctic;2024;Turner, R. et al. (2024). International Non-native Insect Establishment Data (0.2.1) [Data set]. Zenodo
Phyllonorycter leucographella;Asia;Palearctic;2024;Turner, R. et al. (2024). International Non-native Insect Establishment Data (0.2.1) [Data set]. Zenodo
Phyllonorycter leucographella;Asia;Oriental;2024;Turner, R. et al. (2024). International Non-native Insect Establishment Data (0.2.1) [Data set]. Zenodo
Phyllonorycter medicaginella;Europe;Palearctic;2012;Mishchenko, A., Yefremova, Z. (2012). Phyllonorycter medicaginella (Lepidoptera, Gracillariidae) and its parasitoids (Hymenoptera, Eulophidae) in the Middle Volga River basin. Entomological Review. 92(8): 845-850
Phyllonorycter mespilella;Europe;Palearctic;2007;Triberti, P. (2007). The Phyllonorycter species from Palaearctic Region feeding on Rosaceae (Lepidoptera, Gracillariidae). Bollettino del Museo Civico di Storia Naturale di Verona. 31: 147-221
Phyllonorycter mespilella;Africa;Saharo-Arabian;2007;Triberti, P. (2007). The Phyllonorycter species from Palaearctic Region feeding on Rosaceae (Lepidoptera, Gracillariidae). Bollettino del Museo Civico di Storia Naturale di Verona. 31: 147-221
Phyllonorycter mespilella;Europe;Palearctic;2024;Turner, R. et al. (2024). International Non-native Insect Establishment Data (0.2.1) [Data set]. Zenodo
Phyllonorycter messaniella;Europe;Palearctic;2007;Triberti, P. (2007). The Phyllonorycter species from Palaearctic Region feeding on Rosaceae (Lepidoptera, Gracillariidae). Bollettino del Museo Civico di Storia Naturale di Verona. 31: 147-221
Phyllonorycter messaniella;Europe;Palearctic;2010;Lopez-Vaamonde, C. et al. (2010). Lepidoptera. Chapter 11. BioRisk. 4: 603-668
Phyllonorycter messaniella;Africa;Saharo-Arabian;2007;Triberti, P. (2007). The Phyllonorycter species from Palaearctic Region feeding on Rosaceae (Lepidoptera, Gracillariidae). Bollettino del Museo Civico di Storia Naturale di Verona. 31: 147-221
Phyllonorycter messaniella;Europe;Palearctic;2024;Turner, R. et al. (2024). International Non-native Insect Establishment Data (0.2.1) [Data set]. Zenodo
Phyllonorycter platani;Europe;Palearctic;2018;Toth, V., Lakatos, F. (2018). Phylogeographic pattern of the plane leaf miner, Phyllonorycter platani (STAUDINGER, 1870)(Lepidoptera: Gracillariidae) in Europe. BMC Evolutionary Biology. 18: 1-12
Phyllonorycter platani;Europe;Palearctic;2024;Turner, R. et al. (2024). International Non-native Insect Establishment Data (0.2.1) [Data set]. Zenodo
Parapoynx obscuralis;North America;Nearctic;2020;Roy, D. et al. (2020). DAISIE - Delivering Alien Invasive Species Inventories for Europe.
Parapoynx polydectalis;Australia;Australian;2020;Roy, D. et al. (2020). DAISIE - Delivering Alien Invasive Species Inventories for Europe.
Physula albipunctilla;South America;Neotropical;2024;Turner, R. et al. (2024). International Non-native Insect Establishment Data (0.2.1) [Data set]. Zenodo
Pieris brassicae;Asia;Palearctic;2020;Fuentes, N. et al. (2020). Multi-taxa inventory of naturalized species in Chile (including native Chilean species introduced in other areas of the national territory outside of their original range). NeoBiota. 60: 25-41
Pieris brassicae;Europe;Palearctic;2020;Fuentes, N. et al. (2020). Multi-taxa inventory of naturalized species in Chile (including native Chilean species introduced in other areas of the national territory outside of their original range). NeoBiota. 60: 25-41
Pieris brassicae;Europe;Palearctic;2024;Turner, R. et al. (2024). International Non-native Insect Establishment Data (0.2.1) [Data set]. Zenodo
Parapoynx polydectalis;Oceania;Oceanian;2020;Roy, D. et al. (2020). DAISIE - Delivering Alien Invasive Species Inventories for Europe.
Parapoynx polydectalis;Asia;Oriental;2020;Roy, D. et al. (2020). DAISIE - Delivering Alien Invasive Species Inventories for Europe.
Pardasena virgulana;Europe;Palearctic;2020;Roy, D. et al. (2020). DAISIE - Delivering Alien Invasive Species Inventories for Europe.
Pieris canidia;Asia;Oriental;2024;Turner, R. et al. (2024). International Non-native Insect Establishment Data (0.2.1) [Data set]. Zenodo
Pieris rapae;Africa;Afrotropical;2014;van Swaay, C. et al. (2014). Pieris rapae (Mediterranean assessment). The IUCN Red List of Threatened Species. 2014: e.T174353A53720063
Pieris rapae;Africa;Saharo-Arabian;2014;van Swaay, C. et al. (2014). Pieris rapae (Mediterranean assessment). The IUCN Red List of Threatened Species. 2014: e.T174353A53720063
Pieris rapae;Asia;Palearctic;2010;van Swaay, C. et al. (2010). Pieris rapae (Europe assessment). The IUCN Red List of Threatened Species. 2010: e.T174353A7056010
Pieris rapae;Asia;Palearctic;2014;van Swaay, C. et al. (2014). Pieris rapae (Mediterranean assessment). The IUCN Red List of Threatened Species. 2014: e.T174353A53720063
Pieris rapae;Europe;Palearctic;2010;van Swaay, C. et al. (2010). Pieris rapae (Europe assessment). The IUCN Red List of Threatened Species. 2010: e.T174353A7056010
Pieris rapae;Europe;Palearctic;2014;van Swaay, C. et al. (2014). Pieris rapae (Mediterranean assessment). The IUCN Red List of Threatened Species. 2014: e.T174353A53720063
Pieris rapae;Asia;Saharo-Arabian;2010;van Swaay, C. et al. (2010). Pieris rapae (Europe assessment). The IUCN Red List of Threatened Species. 2010: e.T174353A7056010
Pieris rapae;Asia;Saharo-Arabian;2014;van Swaay, C. et al. (2014). Pieris rapae (Mediterranean assessment). The IUCN Red List of Threatened Species. 2014: e.T174353A53720063
Pieris rapae;Europe;Palearctic;2024;Turner, R. et al. (2024). International Non-native Insect Establishment Data (0.2.1) [Data set]. Zenodo
Pieris rapae;Asia;Palearctic;2024;Turner, R. et al. (2024). International Non-native Insect Establishment Data (0.2.1) [Data set]. Zenodo
Piletocera bufalis;North America;Nearctic;2016;Landry, B. (2016). Taxonomic revision of the Spilomelinae (Lepidoptera, Pyralidae sl) of the Galapagos Islands, Ecuador. Revue Suisse de Zoologie. 123(2): 315-399
Piletocera bufalis;South America;Neotropical;2016;Landry, B. (2016). Taxonomic revision of the Spilomelinae (Lepidoptera, Pyralidae sl) of the Galapagos Islands, Ecuador. Revue Suisse de Zoologie. 123(2): 315-399
Piletocera bufalis;North America;Panamanian;2016;Landry, B. (2016). Taxonomic revision of the Spilomelinae (Lepidoptera, Pyralidae sl) of the Galapagos Islands, Ecuador. Revue Suisse de Zoologie. 123(2): 315-399
Piletocera bufalis;North America;Nearctic;2024;Turner, R. et al. (2024). International Non-native Insect Establishment Data (0.2.1) [Data set]. Zenodo
Piletocera bufalis;South America;Neotropical;2024;Turner, R. et al. (2024). International Non-native Insect Establishment Data (0.2.1) [Data set]. Zenodo
Pilocrocis ramentalis;North America;Nearctic;2016;Landry, B. (2016). Taxonomic revision of the Spilomelinae (Lepidoptera, Pyralidae sl) of the Galapagos Islands, Ecuador. Revue Suisse de Zoologie. 123(2): 315-399
Pilocrocis ramentalis;South America;Neotropical;2016;Landry, B. (2016). Taxonomic revision of the Spilomelinae (Lepidoptera, Pyralidae sl) of the Galapagos Islands, Ecuador. Revue Suisse de Zoologie. 123(2): 315-399
Pilocrocis ramentalis;North America;Panamanian;2016;Landry, B. (2016). Taxonomic revision of the Spilomelinae (Lepidoptera, Pyralidae sl) of the Galapagos Islands, Ecuador. Revue Suisse de Zoologie. 123(2): 315-399
Pilocrocis ramentalis;North America;Nearctic;2024;Turner, R. et al. (2024). International Non-native Insect Establishment Data (0.2.1) [Data set]. Zenodo
Pilocrocis ramentalis;South America;Neotropical;2024;Turner, R. et al. (2024). International Non-native Insect Establishment Data (0.2.1) [Data set]. Zenodo
Platyedra subcinerea;Europe;Palearctic;2010;Lopez-Vaamonde, C. et al. (2010). Lepidoptera. Chapter 11. BioRisk. 4: 603-668
Platyedra subcinerea;Europe;Palearctic;2024;Turner, R. et al. (2024). International Non-native Insect Establishment Data (0.2.1) [Data set]. Zenodo
Platynota rostrana;North America;Nearctic;2017;der Gaag, D., der Straten, M. (2017). Short Pest Risk Analysis for Platynota rostrana and Platynota stultana. Netherlands Food and Consumer Product Safety Authority Ministry of Economic Affairs. November, 2017
Platynota rostrana;South America;Neotropical;2017;der Gaag, D., der Straten, M. (2017). Short Pest Risk Analysis for Platynota rostrana and Platynota stultana. Netherlands Food and Consumer Product Safety Authority Ministry of Economic Affairs. November, 2017
Platynota rostrana;North America;Panamanian;2017;der Gaag, D., der Straten, M. (2017). Short Pest Risk Analysis for Platynota rostrana and Platynota stultana. Netherlands Food and Consumer Product Safety Authority Ministry of Economic Affairs. November, 2017
Platynota rostrana;South America;Panamanian;2017;der Gaag, D., der Straten, M. (2017). Short Pest Risk Analysis for Platynota rostrana and Platynota stultana. Netherlands Food and Consumer Product Safety Authority Ministry of Economic Affairs. November, 2017
Platynota stultana;North America;Nearctic;2017;European and Mediterranean Plant Protection Organization (EPPO) (2017). Mini data sheet on Platynota stultana. EPPO Reporting Service. 1998/180, 2017/149
Platynota stultana;North America;Nearctic;2024;Turner, R. et al. (2024). International Non-native Insect Establishment Data (0.2.1) [Data set]. Zenodo
Platyptilia isodactylus;Asia;Palearctic;2008;Hao, S. (2008). New Recorded Species of Pterophoridae from China (Lepidoptera: Pterophoridae). Sichuan Journal of Zoology. 27(5): 815-817
Platyptilia isodactylus;Europe;Palearctic;2008;Hao, S. (2008). New Recorded Species of Pterophoridae from China (Lepidoptera: Pterophoridae). Sichuan Journal of Zoology. 27(5): 815-817
Platyptilia isodactylus;Europe;Palearctic;2024;Turner, R. et al. (2024). International Non-native Insect Establishment Data (0.2.1) [Data set]. Zenodo
Plesiomorpha flaviceps;Asia;Oriental;2018;Seliger, R., Hemmersbach, A. (2018). Zwei adventive Schmetterlingsarten neu fur Deutschland: Plesiomorpha flaviceps (Butler, 1881) und Prays citri (Milliere, 1873) (Lep., Geometridae et Praydidae). Melanargia. 30(2): 49-52
Plesiomorpha flaviceps;Asia;Palearctic;2018;Seliger, R., Hemmersbach, A. (2018). Zwei adventive Schmetterlingsarten neu fur Deutschland: Plesiomorpha flaviceps (Butler, 1881) und Prays citri (Milliere, 1873) (Lep., Geometridae et Praydidae). Melanargia. 30(2): 49-52
Plesiomorpha flaviceps;Asia;Sino-Japanese;2018;Seliger, R., Hemmersbach, A. (2018). Zwei adventive Schmetterlingsarten neu fur Deutschland: Plesiomorpha flaviceps (Butler, 1881) und Prays citri (Milliere, 1873) (Lep., Geometridae et Praydidae). Melanargia. 30(2): 49-52
Plesiomorpha flaviceps;Asia;Sino-Japanese;2018;Seliger, R., Hemmersbach, A. (2018). Zwei adventive Schmetterlingsarten neu fur Deutschland: Plesiomorpha flaviceps (Butler, 1881) und Prays citri (Milliere, 1873) (Lep., Geometridae et Praydidae). Melanargia. 30(2): 49-52
Plesiomorpha flaviceps;Asia;Oriental;2018;Seliger, R., Hemmersbach, A. (2018). Zwei adventive Schmetterlingsarten neu fur Deutschland: Plesiomorpha flaviceps (Butler, 1881) und Prays citri (Milliere, 1873) (Lep., Geometridae et Praydidae). Melanargia. 30(2): 49-52
Pleuroprucha asthenaria;North America;Nearctic;2025;Shropshire, K., Tallamy, D. (2025). Lepidoptera of North American north of Mexico: An annotated list containing geographic ranges and host plant records. ZooKeys
Pleuroprucha asthenaria;South America;Neotropical;2011;Fronza, E. et al. (2011). Butterflies and moths (Insecta: Lepidoptera) associated with erva-mate, the South American Holly (Ilex paraguariensis St. Hil.), in Rio Grande do Sul, Brazil. Check List, 7(4), 496-504
Pleuroprucha asthenaria;South America;Panamanian;2011;Fronza, E. et al. (2011). Butterflies and moths (Insecta: Lepidoptera) associated with erva-mate, the South American Holly (Ilex paraguariensis St. Hil.), in Rio Grande do Sul, Brazil. Check List, 7(4), 496-504
Pleuroprucha asthenaria;North America;Panamanian;2025;Shropshire, K., Tallamy, D. (2025). Lepidoptera of North American north of Mexico: An annotated list containing geographic ranges and host plant records. ZooKeys
Plodia interpunctella;South America;Neotropical;2024;Turner, R. et al. (2024). International Non-native Insect Establishment Data (0.2.1) [Data set]. Zenodo
Plutella porrectella;Asia;Palearctic;2010;Lopez-Vaamonde, C. et al. (2010). Lepidoptera. Chapter 11. BioRisk. 4: 603-668
Plutella porrectella;Europe;Palearctic;2022;Abram, P. et al. (2022). Natural History of Plutella armoraciae Busck, 1912, A Sympatric Congener of the Diamondback Moth, Plutella xylostella (L., 1758), in Southwestern Canada. The Journal of the Lepidopterists Society. 76(1): 25-39
Plutella xylostella;Asia;Palearctic;2020;Fuentes, N. et al. (2020). Multi-taxa inventory of naturalized species in Chile (including native Chilean species introduced in other areas of the national territory outside of their original range). NeoBiota. 60: 25-41
Plutella xylostella;Europe;Palearctic;2020;Fuentes, N. et al. (2020). Multi-taxa inventory of naturalized species in Chile (including native Chilean species introduced in other areas of the national territory outside of their original range). NeoBiota. 60: 25-41
Plutella xylostella;Europe;Palearctic;2024;Turner, R. et al. (2024). International Non-native Insect Establishment Data (0.2.1) [Data set]. Zenodo
Plutella xylostella;Asia;Palearctic;2024;Turner, R. et al. (2024). International Non-native Insect Establishment Data (0.2.1) [Data set]. Zenodo
Polydesma boarmoides;Australia;Australian;2005;Holloway, J. (2005). The Moths of Borneo, Parts 15  16 Noctuidae: Catocalinae. Southdene Sdn Bhd. Available online at: https://www.mothsofborneo.com/part-15-16/index.htm
Polydesma boarmoides;Oceania;Oceanian;2005;Holloway, J. (2005). The Moths of Borneo, Parts 15  16 Noctuidae: Catocalinae. Southdene Sdn Bhd. Available online at: https://www.mothsofborneo.com/part-15-16/index.htm
Polydesma boarmoides;Asia;Oriental;2005;Holloway, J. (2005). The Moths of Borneo, Parts 15  16 Noctuidae: Catocalinae. Southdene Sdn Bhd. Available online at: https://www.mothsofborneo.com/part-15-16/index.htm
Polydesma boarmoides;Asia;Oriental;2024;Turner, R. et al. (2024). International Non-native Insect Establishment Data (0.2.1) [Data set]. Zenodo
Polyommatus icarus;Europe;Palearctic;2021;Rivest, S., Kharouba, H. (2021). Anthropogenic disturbance promotes the abundance of a newly introduced butterfly, the European common blue (Polyommatus icarus, Lepidoptera: Lycaenidae), in Canada. Canadian Journal of Zoology. 99(8): 642-652
Polysoma eumetalla;Australia;Australian;1940;Turner, A. (1940). A revision of the Australian Gracilariidae (Lepidoptera).Transactions and Proceedings of the Royal Society of South Australia. 64(1): 57
Polysoma eumetalla;Australia;Australian;2024;Turner, R. et al. (2024). International Non-native Insect Establishment Data (0.2.1) [Data set]. Zenodo
Pontia daplidice;Asia;Palearctic;2011;Tennent, J. (2011). Pontia daplidice. The IUCN Red List of Threatened Species. 2011: e.T160251A5358607
Pontia daplidice;Europe;Palearctic;2011;Tennent, J. (2011). Pontia daplidice. The IUCN Red List of Threatened Species. 2011: e.T160251A5358607
Pontia daplidice;Africa;Saharo-Arabian;2011;Tennent, J. (2011). Pontia daplidice. The IUCN Red List of Threatened Species. 2011: e.T160251A5358607
Pontia daplidice;Asia;Saharo-Arabian;2011;Tennent, J. (2011). Pontia daplidice. The IUCN Red List of Threatened Species. 2011: e.T160251A5358607
Pontia daplidice;Europe;Palearctic;2024;Turner, R. et al. (2024). International Non-native Insect Establishment Data (0.2.1) [Data set]. Zenodo
Pontia daplidice;Asia;Palearctic;2024;Turner, R. et al. (2024). International Non-native Insect Establishment Data (0.2.1) [Data set]. Zenodo
Porphyrosela hardenbergiella;Australia;Australian;2001;Hoare, R. (2001). Adventive species of Lepidoptera recorded for the first time in New Zealand since 1988. New Zealand Entomologist. 24: 23-47
Porphyrosela hardenbergiella;Australia;Australian;2024;Turner, R. et al. (2024). International Non-native Insect Establishment Data (0.2.1) [Data set]. Zenodo
Porphyrosela minuta;South America;Neotropical;2017;Eiseman, C. et al. (2017). First North American records of Porphyrosela minuta Clarke (Lepidoptera: Gracillariidae), with notes on its native congener, P. desmodiella (Clemens). Proceedings of the Entomological Society of Washington. 119(1): 18-23
Porphyrosela minuta;South America;Neotropical;2024;Turner, R. et al. (2024). International Non-native Insect Establishment Data (0.2.1) [Data set]. Zenodo
Pardasena virgulana;Africa;Saharo-Arabian;2020;Roy, D. et al. (2020). DAISIE - Delivering Alien Invasive Species Inventories for Europe.
Pardasena virgulana;Africa;Afrotropical;2020;Roy, D. et al. (2020). DAISIE - Delivering Alien Invasive Species Inventories for Europe.
Peribatodes perversaria;Europe;Palearctic;2020;Roy, D. et al. (2020). DAISIE - Delivering Alien Invasive Species Inventories for Europe.
Phyllonorycter geniculella;Europe;Palearctic;2020;Roy, D. et al. (2020). DAISIE - Delivering Alien Invasive Species Inventories for Europe.
Phyllonorycter joannisi;Europe;Palearctic;2020;Roy, D. et al. (2020). DAISIE - Delivering Alien Invasive Species Inventories for Europe.
Praeacedes atomosella;Africa;Afrotropical;2020;Roy, D. et al. (2020). DAISIE - Delivering Alien Invasive Species Inventories for Europe.
Praeacedes atomosella;North America;Nearctic;2020;Roy, D. et al. (2020). DAISIE - Delivering Alien Invasive Species Inventories for Europe.
Praeacedes atomosella;South America;Neotropical;2024;Turner, R. et al. (2024). International Non-native Insect Establishment Data (0.2.1) [Data set]. Zenodo
Praeacedes atomosella;Asia;Oriental;2024;Turner, R. et al. (2024). International Non-native Insect Establishment Data (0.2.1) [Data set]. Zenodo
Praeacedes atomosella;Africa;Afrotropical;2024;Turner, R. et al. (2024). International Non-native Insect Establishment Data (0.2.1) [Data set]. Zenodo
Praeacedes atomosella;Oceania;Oceanian;2024;Turner, R. et al. (2024). International Non-native Insect Establishment Data (0.2.1) [Data set]. Zenodo
Praeacedes atomosella;Oceania;Nearctic;2020;Roy, D. et al. (2020). DAISIE - Delivering Alien Invasive Species Inventories for Europe.
Praeacedes atomosella;South America;Neotropical;2020;Roy, D. et al. (2020). DAISIE - Delivering Alien Invasive Species Inventories for Europe.
Praeacedes atomosella;Australia;Oceanian;2020;Roy, D. et al. (2020). DAISIE - Delivering Alien Invasive Species Inventories for Europe.
Prays citri;Asia;Palearctic;2024;Turner, R. et al. (2024). International Non-native Insect Establishment Data (0.2.1) [Data set]. Zenodo
Prays citri;Asia;Oriental;2024;Turner, R. et al. (2024). International Non-native Insect Establishment Data (0.2.1) [Data set]. Zenodo
Prays fraxinella;Europe;Palearctic;2025;Shropshire, K., Tallamy, D. (2025). Lepidoptera of North American north of Mexico: An annotated list containing geographic ranges and host plant records. ZooKeys
Prays nephelomima;Australia;Australian;2001;Hoare, R. (2001). Adventive species of Lepidoptera recorded for the first time in New Zealand since 1988. New Zealand Entomologist. 24: 23-47
Prays nephelomima;Australia;Australian;2024;Turner, R. et al. (2024). International Non-native Insect Establishment Data (0.2.1) [Data set]. Zenodo
Praeacedes atomosella;Oceania;Oceanian;2020;Roy, D. et al. (2020). DAISIE - Delivering Alien Invasive Species Inventories for Europe.
Prays oleae;Africa;Saharo-Arabian;2010;Lopez-Vaamonde, C. et al. (2010). Lepidoptera. Chapter 11. BioRisk. 4: 603-668
Prays peregrina;Asia;Oriental;2007;Agassiz, D. (2007). Prays peregrina sp. n. (Yponomeutidae) a presumed adventive species in Greater London. Nota Lepidopterologica. 30(2): 407-410
Prays peregrina;Asia;Palearctic;2024;Turner, R. et al. (2024). International Non-native Insect Establishment Data (0.2.1) [Data set]. Zenodo
Prays peregrina;Asia;Oriental;2024;Turner, R. et al. (2024). International Non-native Insect Establishment Data (0.2.1) [Data set]. Zenodo
Prepona laertes;North America;Nearctic;2017;Hayden, J. (2017). A Shoemaker Butterfly Prepona laertes (Lepidoptera: Nymphalidae):Department of Entomology and Nematology, UF/IFAS - EDIS: EENY684
Prepona laertes;South America;Neotropical;2017;Hayden, J. (2017). A Shoemaker Butterfly Prepona laertes (Lepidoptera: Nymphalidae):Department of Entomology and Nematology, UF/IFAS - EDIS: EENY684
Prepona laertes;North America;Panamanian;2017;Hayden, J. (2017). A Shoemaker Butterfly Prepona laertes (Lepidoptera: Nymphalidae):Department of Entomology and Nematology, UF/IFAS - EDIS: EENY684
Prepona laertes;South America;Neotropical;2024;Turner, R. et al. (2024). International Non-native Insect Establishment Data (0.2.1) [Data set]. Zenodo
Promalactis suzukiella;Asia;Oriental;2009;Adamski, D. et al. (2009). Redescription and immature stages of Promalactis suzukiella (Matsumura)(Gelechioidea: Oecophoridae), a new introduction into the United States. Proceedings of the Entomological Society of Washington. 111(1): 204-214
Promalactis suzukiella;Asia;Palearctic;2009;Adamski, D. et al. (2009). Redescription and immature stages of Promalactis suzukiella (Matsumura)(Gelechioidea: Oecophoridae), a new introduction into the United States. Proceedings of the Entomological Society of Washington. 111(1): 204-214
Promalactis suzukiella;Asia;Sino-Japanese;2009;Adamski, D. et al. (2009). Redescription and immature stages of Promalactis suzukiella (Matsumura)(Gelechioidea: Oecophoridae), a new introduction into the United States. Proceedings of the Entomological Society of Washington. 111(1): 204-214
Promalactis suzukiella;Asia;Palearctic;2024;Turner, R. et al. (2024). International Non-native Insect Establishment Data (0.2.1) [Data set]. Zenodo
Pseudocoremia suavis;Oceania;Australian;2004;Berndt, L. et al. (2004). Biology and rearing of Pseudocoremia suavis, an endemic looper (Lepidoptera: Geometridae) with a history of outbreaks on exotic conifers. New Zealand Entomologist. 27(1): 73-82
Pseudocoremia suavis;Oceania;Oceanian;2004;Berndt, L. et al. (2004). Biology and rearing of Pseudocoremia suavis, an endemic looper (Lepidoptera: Geometridae) with a history of outbreaks on exotic conifers. New Zealand Entomologist. 27(1): 73-82
Pseudocoremia suavis;Australia;Australian;2024;Turner, R. et al. (2024). International Non-native Insect Establishment Data (0.2.1) [Data set]. Zenodo
Praeacedes atomosella;Asia;Oriental;2020;Roy, D. et al. (2020). DAISIE - Delivering Alien Invasive Species Inventories for Europe.
Praeacedes atomosella;North America;Panamanian;2020;Roy, D. et al. (2020). DAISIE - Delivering Alien Invasive Species Inventories for Europe.
Prays citri;Asia;Oriental;2020;Roy, D. et al. (2020). DAISIE - Delivering Alien Invasive Species Inventories for Europe.
Prays citri;Asia;Palearctic;2020;Roy, D. et al. (2020). DAISIE - Delivering Alien Invasive Species Inventories for Europe.
Prays citri;Asia;Sino-Japanese;2020;Roy, D. et al. (2020). DAISIE - Delivering Alien Invasive Species Inventories for Europe.
Psilogramma increta;Asia;Palearctic;2024;Turner, R. et al. (2024). International Non-native Insect Establishment Data (0.2.1) [Data set]. Zenodo
Psilogramma increta;Asia;Oriental;2024;Turner, R. et al. (2024). International Non-native Insect Establishment Data (0.2.1) [Data set]. Zenodo
Prays oleae;Europe;Palearctic;2020;Roy, D. et al. (2020). DAISIE - Delivering Alien Invasive Species Inventories for Europe.
Psychoides filicivora;Asia;Oriental;2020;Roy, D. et al. (2020). DAISIE - Delivering Alien Invasive Species Inventories for Europe.
Psychoides filicivora;Asia;Palearctic;2020;Roy, D. et al. (2020). DAISIE - Delivering Alien Invasive Species Inventories for Europe.
Psyche casta;Europe;Palearctic;2022;Niitsu, S., Maeda, D. (2022). Discovery of Psyche casta (Pallas, 1767)(Psychidae, Psychinae) in Japan. Lepidoptera Science. 73(1): 7-11
Psyche casta;Africa;Saharo-Arabian;2022;Niitsu, S., Maeda, D. (2022). Discovery of Psyche casta (Pallas, 1767)(Psychidae, Psychinae) in Japan. Lepidoptera Science. 73(1): 7-11
Psyche casta;Europe;Palearctic;2024;Turner, R. et al. (2024). International Non-native Insect Establishment Data (0.2.1) [Data set]. Zenodo
Psychoides filicivora;Asia;Sino-Japanese;2020;Roy, D. et al. (2020). DAISIE - Delivering Alien Invasive Species Inventories for Europe.
Rhopobota naevana;Europe;Palearctic;2020;Roy, D. et al. (2020). DAISIE - Delivering Alien Invasive Species Inventories for Europe.
Schiffermuelleria amasiella;Asia;Palearctic;2020;Roy, D. et al. (2020). DAISIE - Delivering Alien Invasive Species Inventories for Europe.
Psychoides filicivora;Asia;Palearctic;2024;Turner, R. et al. (2024). International Non-native Insect Establishment Data (0.2.1) [Data set]. Zenodo
Psychoides filicivora;Asia;Oriental;2024;Turner, R. et al. (2024). International Non-native Insect Establishment Data (0.2.1) [Data set]. Zenodo
Pterolonche inspersa;Asia;Palearctic;1986;Vives Moreno, A. (1986). La familia Pterolonchidae Meyrick, 1918, de Espana y Portugal (Insecta, Lepidoptera). Eos: Revista Espanola de Entomologia. 62(1): 319-337
Pterolonche inspersa;Europe;Palearctic;1986;Vives Moreno, A. (1986). La familia Pterolonchidae Meyrick, 1918, de Espana y Portugal (Insecta, Lepidoptera). Eos: Revista Espanola de Entomologia. 62(1): 319-337
Pterolonche inspersa;Africa;Saharo-Arabian;1986;Vives Moreno, A. (1986). La familia Pterolonchidae Meyrick, 1918, de Espana y Portugal (Insecta, Lepidoptera). Eos: Revista Espanola de Entomologia. 62(1): 319-337
Pterolonche inspersa;Europe;Palearctic;2024;Turner, R. et al. (2024). International Non-native Insect Establishment Data (0.2.1) [Data set]. Zenodo
Ptichodis immunis;North America;Nearctic;2005;Becker, V., Miller, S. (2005). Moths: Lepidoptera. In: Lazell, J. (2005). Island: Fact and theory in nature (pp: 303-309). University of California Press
Ptichodis immunis;South America;Neotropical;2005;Becker, V., Miller, S. (2005). Moths: Lepidoptera. In: Lazell, J. (2005). Island: Fact and theory in nature (pp: 303-309). University of California Press
Ptichodis immunis;North America;Panamanian;2005;Becker, V., Miller, S. (2005). Moths: Lepidoptera. In: Lazell, J. (2005). Island: Fact and theory in nature (pp: 303-309). University of California Press
Ptichodis immunis;South America;Neotropical;2024;Turner, R. et al. (2024). International Non-native Insect Establishment Data (0.2.1) [Data set]. Zenodo
Pygospila tyres;Africa;Afrotropical;2022;Kalawate, A. et al. (2022). First Indian DNA barcode record for the moth species Pygospila tyres (Cramer, 1780) (Lepidoptera: Crambidae: Spilomelinae) distributed in Asia and Australia. Journal of Threatened Taxa. 14(2): 20637-20642
Pygospila tyres;Australia;Australian;2022;Kalawate, A. et al. (2022). First Indian DNA barcode record for the moth species Pygospila tyres (Cramer, 1780) (Lepidoptera: Crambidae: Spilomelinae) distributed in Asia and Australia. Journal of Threatened Taxa. 14(2): 20637-20642
Pygospila tyres;Oceania;Oceanian;2022;Kalawate, A. et al. (2022). First Indian DNA barcode record for the moth species Pygospila tyres (Cramer, 1780) (Lepidoptera: Crambidae: Spilomelinae) distributed in Asia and Australia. Journal of Threatened Taxa. 14(2): 20637-20642
Pygospila tyres;Asia;Oriental;2022;Kalawate, A. et al. (2022). First Indian DNA barcode record for the moth species Pygospila tyres (Cramer, 1780) (Lepidoptera: Crambidae: Spilomelinae) distributed in Asia and Australia. Journal of Threatened Taxa. 14(2): 20637-20642
Pygospila tyres;Africa;Saharo-Arabian;2022;Kalawate, A. et al. (2022). First Indian DNA barcode record for the moth species Pygospila tyres (Cramer, 1780) (Lepidoptera: Crambidae: Spilomelinae) distributed in Asia and Australia. Journal of Threatened Taxa. 14(2): 20637-20642
Pygospila tyres;Asia;Saharo-Arabian;2022;Kalawate, A. et al. (2022). First Indian DNA barcode record for the moth species Pygospila tyres (Cramer, 1780) (Lepidoptera: Crambidae: Spilomelinae) distributed in Asia and Australia. Journal of Threatened Taxa. 14(2): 20637-20642
Pygospila tyres;Asia;Sino-Japanese;2022;Kalawate, A. et al. (2022). First Indian DNA barcode record for the moth species Pygospila tyres (Cramer, 1780) (Lepidoptera: Crambidae: Spilomelinae) distributed in Asia and Australia. Journal of Threatened Taxa. 14(2): 20637-20642
Pygospila tyres;Oceania;Australian;2022;Kalawate, A. et al. (2022). First Indian DNA barcode record for the moth species Pygospila tyres (Cramer, 1780) (Lepidoptera: Crambidae: Spilomelinae) distributed in Asia and Australia. Journal of Threatened Taxa. 14(2): 20637-20642
Pyralis farinalis;Europe;Palearctic;2024;Turner, R. et al. (2024). International Non-native Insect Establishment Data (0.2.1) [Data set]. Zenodo
Pyralis manihotalis;Africa;Afrotropical;1990;Robinson, G., Kirke, C. (1990). Lepidoptera of Ascension Island - a review. Journal of Natural History. 24(1): 119-135
Pyralis manihotalis;South America;Neotropical;1990;Robinson, G., Kirke, C. (1990). Lepidoptera of Ascension Island - a review. Journal of Natural History. 24(1): 119-135
Pyralis manihotalis;Oceania;Oceanian;1990;Robinson, G., Kirke, C. (1990). Lepidoptera of Ascension Island - a review. Journal of Natural History. 24(1): 119-135
Pyralis manihotalis;Asia;Oriental;1990;Robinson, G., Kirke, C. (1990). Lepidoptera of Ascension Island - a review. Journal of Natural History. 24(1): 119-135
Pyralis manihotalis;North America;Panamanian;1990;Robinson, G., Kirke, C. (1990). Lepidoptera of Ascension Island - a review. Journal of Natural History. 24(1): 119-135
Pyralis manihotalis;Asia;Sino-Japanese;1990;Robinson, G., Kirke, C. (1990). Lepidoptera of Ascension Island - a review. Journal of Natural History. 24(1): 119-135
Pyralis manihotalis;Asia;Oriental;2024;Turner, R. et al. (2024). International Non-native Insect Establishment Data (0.2.1) [Data set]. Zenodo
Pyralis manihotalis;Africa;Afrotropical;2024;Turner, R. et al. (2024). International Non-native Insect Establishment Data (0.2.1) [Data set]. Zenodo
Pyralis manihotalis;Australia;Australian;2024;Turner, R. et al. (2024). International Non-native Insect Establishment Data (0.2.1) [Data set]. Zenodo
Pyramidobela angelarum;South America;Neotropical;2024;Turner, R. et al. (2024). International Non-native Insect Establishment Data (0.2.1) [Data set]. Zenodo
Pyrausta inornatalis;North America;Nearctic;2022;Osada, Y. (2022). Description of immature stages of the southern pink moth, Pyrausta inornatalis (Fernald, 1885)(Lepidoptera: Crambidae). Journal of Asia-Pacific Biodiversity. 15(4): 568-573
Pyrausta panopealis;North America;Nearctic;2006;Roque-Albelo, L. (2006). Diversity and ecology of the Lepidoptera in the Galapagos Islands, Ecuador. [PhD Thesis, Cardiff University]
Pyrausta panopealis;South America;Neotropical;2006;Roque-Albelo, L. (2006). Diversity and ecology of the Lepidoptera in the Galapagos Islands, Ecuador. [PhD Thesis, Cardiff University]
Pyrausta panopealis;North America;Panamanian;2006;Roque-Albelo, L. (2006). Diversity and ecology of the Lepidoptera in the Galapagos Islands, Ecuador. [PhD Thesis, Cardiff University]
Pyrausta panopealis;Asia;Palearctic;2024;Turner, R. et al. (2024). International Non-native Insect Establishment Data (0.2.1) [Data set]. Zenodo
Pyrausta panopealis;Asia;Oriental;2024;Turner, R. et al. (2024). International Non-native Insect Establishment Data (0.2.1) [Data set]. Zenodo
Pyrausta testalis;Europe;Palearctic;2016;Hayden, J., Minno, M. (2016). A persistent population of Hodebertia testalis, a milkweed leaftier, in Florida (Pyraloidea: Spilomelinae). News of The Lepidopterists Society. 58(4): 166-170
Pyrausta testalis;Africa;Afrotropical;2016;Hayden, J., Minno, M. (2016). A persistent population of Hodebertia testalis, a milkweed leaftier, in Florida (Pyraloidea: Spilomelinae). News of The Lepidopterists Society. 58(4): 166-170
Pyrausta testalis;Africa;Madagascan;2016;Hayden, J., Minno, M. (2016). A persistent population of Hodebertia testalis, a milkweed leaftier, in Florida (Pyraloidea: Spilomelinae). News of The Lepidopterists Society. 58(4): 166-170
Pyrausta testalis;Asia;Oriental;2016;Hayden, J., Minno, M. (2016). A persistent population of Hodebertia testalis, a milkweed leaftier, in Florida (Pyraloidea: Spilomelinae). News of The Lepidopterists Society. 58(4): 166-170
Pyrausta testalis;Australia;Australian;2016;Hayden, J., Minno, M. (2016). A persistent population of Hodebertia testalis, a milkweed leaftier, in Florida (Pyraloidea: Spilomelinae). News of The Lepidopterists Society. 58(4): 166-170
Pyroderces aellotricha;Oceania;Australian;1973;Dugdale, J. (1973). A note on Kermadec Islands Lepidoptera. New Zealand Entomologist. 5(2): 197-203
Pyropteron doryliformis;Europe;Palearctic;2004;Morley, T. et al. (2004). Establishment and dispersal of dock moth Pyropteron doryliformis (Ochsenheimer)(Lepidoptera: Sesiidae) in Victoria. In: Fourteenth Australian Weeds Conference: 381-384
Pyropteron doryliformis;Africa;Saharo-Arabian;2004;Morley, T. et al. (2004). Establishment and dispersal of dock moth Pyropteron doryliformis (Ochsenheimer)(Lepidoptera: Sesiidae) in Victoria. In: Fourteenth Australian Weeds Conference: 381-384
Pyropteron doryliformis;Europe;Palearctic;2024;Turner, R. et al. (2024). International Non-native Insect Establishment Data (0.2.1) [Data set]. Zenodo
Pyrrharctia isabella;North America;Nearctic;2009;Powell, J., Opler, P. (2009). Moths of western North America. University of California Press. Berkeley, California, United States of America. 516pp
Recurvaria nanella;Asia;Palearctic;2010;Junnilainen, J. et al. (2010). The gelechiid fauna of the southern Ural Mountains, part II: list of recorded species with taxonomic notes (Lepidoptera: Gelechiidae). Zootaxa. 2367(1): 1-68
Recurvaria nanella;Europe;Palearctic;2010;Junnilainen, J. et al. (2010). The gelechiid fauna of the southern Ural Mountains, part II: list of recorded species with taxonomic notes (Lepidoptera: Gelechiidae). Zootaxa. 2367(1): 1-68
Recurvaria nanella;Africa;Saharo-Arabian;2010;Junnilainen, J. et al. (2010). The gelechiid fauna of the southern Ural Mountains, part II: list of recorded species with taxonomic notes (Lepidoptera: Gelechiidae). Zootaxa. 2367(1): 1-68
Recurvaria nanella;Europe;Palearctic;2024;Turner, R. et al. (2024). International Non-native Insect Establishment Data (0.2.1) [Data set]. Zenodo
Rhectocraspeda periusalis;North America;Nearctic;2006;Roque-Albelo, L. (2006). Diversity and ecology of the Lepidoptera in the Galapagos Islands, Ecuador. [PhD Thesis, Cardiff University]
Rhectocraspeda periusalis;South America;Neotropical;2006;Roque-Albelo, L. (2006). Diversity and ecology of the Lepidoptera in the Galapagos Islands, Ecuador. [PhD Thesis, Cardiff University]
Rhectocraspeda periusalis;North America;Panamanian;2006;Roque-Albelo, L. (2006). Diversity and ecology of the Lepidoptera in the Galapagos Islands, Ecuador. [PhD Thesis, Cardiff University]
Rhectocraspeda periusalis;North America;Nearctic;2024;Turner, R. et al. (2024). International Non-native Insect Establishment Data (0.2.1) [Data set]. Zenodo
Rhectocraspeda periusalis;South America;Neotropical;2024;Turner, R. et al. (2024). International Non-native Insect Establishment Data (0.2.1) [Data set]. Zenodo
Rhizedra lutosa;Asia;Palearctic;1991;McCabe, T., Schweitzer, D. (1991). Rhizedra lutosa (Lepidoptera: Noctuidae) newly introduced to North America. Entomological News. 102(3): 130-132
Rhizedra lutosa;Europe;Palearctic;1991;McCabe, T., Schweitzer, D. (1991). Rhizedra lutosa (Lepidoptera: Noctuidae) newly introduced to North America. Entomological News. 102(3): 130-132
Rhizedra lutosa;Europe;Palearctic;2024;Turner, R. et al. (2024). International Non-native Insect Establishment Data (0.2.1) [Data set]. Zenodo
Rhizedra lutosa;Asia;Palearctic;2024;Turner, R. et al. (2024). International Non-native Insect Establishment Data (0.2.1) [Data set]. Zenodo
Rhopobota naevana;Asia;Oriental;2005;Zhang, A., Li, H. (2005). Catalogue of Eucosmini from China (Lepidoptera: Tortricidae) SHILAP Revista de Lepidopterologia. 33(131): 265-298
Rhopobota naevana;Asia;Palearctic;2005;Zhang, A., Li, H. (2005). Catalogue of Eucosmini from China (Lepidoptera: Tortricidae) SHILAP Revista de Lepidopterologia. 33(131): 265-298
Rhopobota naevana;Europe;Palearctic;2005;Zhang, A., Li, H. (2005). Catalogue of Eucosmini from China (Lepidoptera: Tortricidae) SHILAP Revista de Lepidopterologia. 33(131): 265-298
Sesamia nonagrioides;Europe;Palearctic;2020;Roy, D. et al. (2020). DAISIE - Delivering Alien Invasive Species Inventories for Europe.
Rhopobota naevana;Asia;Sino-Japanese;2005;Zhang, A., Li, H. (2005). Catalogue of Eucosmini from China (Lepidoptera: Tortricidae) SHILAP Revista de Lepidopterologia. 33(131): 265-298
Rhopobota naevana;Europe;Palearctic;2024;Turner, R. et al. (2024). International Non-native Insect Establishment Data (0.2.1) [Data set]. Zenodo
Rhyacionia buoliana;Australia;Australian;2020;Fuentes, N. et al. (2020). Multi-taxa inventory of naturalized species in Chile (including native Chilean species introduced in other areas of the national territory outside of their original range). NeoBiota. 60: 25-41
Rhyacionia buoliana;Europe;Palearctic;2024;Turner, R. et al. (2024). International Non-native Insect Establishment Data (0.2.1) [Data set]. Zenodo
Ribua innoxia;North America;Nearctic;2025;Shropshire, K., Tallamy, D. (2025). Lepidoptera of North American north of Mexico: An annotated list containing geographic ranges and host plant records. ZooKeys
Rothschildia orizaba;North America;Nearctic;1988;Gauld, I. (1988). The species of the Enicospilus americanus complex (Hymenoptera: Ichneumonidae) in eastern North America. Systernafic Entomology. 13: 31-53
Rusicada privata;Asia;Oriental;2025;Shropshire, K., Tallamy, D. (2025). Lepidoptera of North American north of Mexico: An annotated list containing geographic ranges and host plant records. ZooKeys
Rusicada privata;Asia;Sino-Japanese;2025;Shropshire, K., Tallamy, D. (2025). Lepidoptera of North American north of Mexico: An annotated list containing geographic ranges and host plant records. ZooKeys
Salbia haemorrhoidalis;North America;Nearctic;2016;Landry, B. (2016). Taxonomic revision of the Spilomelinae (Lepidoptera, Pyralidae sl) of the Galapagos Islands, Ecuador. Revue Suisse de Zoologie. 123(2): 315-399
Salbia haemorrhoidalis;South America;Neotropical;2016;Landry, B. (2016). Taxonomic revision of the Spilomelinae (Lepidoptera, Pyralidae sl) of the Galapagos Islands, Ecuador. Revue Suisse de Zoologie. 123(2): 315-399
Sitotroga cerealella;North America;Nearctic;2020;Roy, D. et al. (2020). DAISIE - Delivering Alien Invasive Species Inventories for Europe.
Tebenna micalis;Europe;Palearctic;2020;Roy, D. et al. (2020). DAISIE - Delivering Alien Invasive Species Inventories for Europe.
Salbia haemorrhoidalis;North America;Panamanian;2025;Cock, M. et al. (2025). Publicly-shared DNA barcodes and citizen science images provide new evidence on the establishment and spread of a lantana biological control agent, Orphanostigma haemorrhoidalis (Lepidoptera, Crambidae). CABI Agriculture and Bioscience. 6(1): 0010
Salbia haemorrhoidalis;South America;Panamanian;2025;Cock, M. et al. (2025). Publicly-shared DNA barcodes and citizen science images provide new evidence on the establishment and spread of a lantana biological control agent, Orphanostigma haemorrhoidalis (Lepidoptera, Crambidae). CABI Agriculture and Bioscience. 6(1): 0010
Salbia haemorrhoidalis;North America;Nearctic;2025;Cock, M. et al. (2025). Publicly-shared DNA barcodes and citizen science images provide new evidence on the establishment and spread of a lantana biological control agent, Orphanostigma haemorrhoidalis (Lepidoptera, Crambidae). CABI Agriculture and Bioscience. 6(1): 0010
Salbia haemorrhoidalis;South America;Neotropical;2025;Cock, M. et al. (2025). Publicly-shared DNA barcodes and citizen science images provide new evidence on the establishment and spread of a lantana biological control agent, Orphanostigma haemorrhoidalis (Lepidoptera, Crambidae). CABI Agriculture and Bioscience. 6(1): 0010
Samea ecclesialis;North America;Nearctic;2016;Landry, B. (2016). Taxonomic revision of the Spilomelinae (Lepidoptera, Pyralidae sl) of the Galapagos Islands, Ecuador. Revue Suisse de Zoologie. 123(2): 315-399
Samea ecclesialis;South America;Neotropical;2016;Landry, B. (2016). Taxonomic revision of the Spilomelinae (Lepidoptera, Pyralidae sl) of the Galapagos Islands, Ecuador. Revue Suisse de Zoologie. 123(2): 315-399
Samea ecclesialis;North America;Panamanian;2016;Landry, B. (2016). Taxonomic revision of the Spilomelinae (Lepidoptera, Pyralidae sl) of the Galapagos Islands, Ecuador. Revue Suisse de Zoologie. 123(2): 315-399
Samea ecclesialis;South America;Panamanian;2016;Landry, B. (2016). Taxonomic revision of the Spilomelinae (Lepidoptera, Pyralidae sl) of the Galapagos Islands, Ecuador. Revue Suisse de Zoologie. 123(2): 315-399
Samea multiplicalis;North America;Nearctic;1976;Knopf, K., Habeck, D. (1976). Life history and biology of Samea multiplicalis. Environmental Entomology. 5(3): 539-542
Samea multiplicalis;South America;Neotropical;1976;Knopf, K., Habeck, D. (1976). Life history and biology of Samea multiplicalis. Environmental Entomology. 5(3): 539-542
Samea multiplicalis;North America;Panamanian;1976;Knopf, K., Habeck, D. (1976). Life history and biology of Samea multiplicalis. Environmental Entomology. 5(3): 539-542
Samea multiplicalis;North America;Nearctic;2024;Turner, R. et al. (2024). International Non-native Insect Establishment Data (0.2.1) [Data set]. Zenodo
Samea multiplicalis;South America;Neotropical;2024;Turner, R. et al. (2024). International Non-native Insect Establishment Data (0.2.1) [Data set]. Zenodo
Sameodes cancellalis;Africa;Afrotropical;2018;Poltavsky, A. et al. (2018). The Pyraloidea (Lepidoptera) fauna of the woody savannah belt in Mali, West Africa. Zootaxa. 4457(1): 39-69
Sameodes cancellalis;Australia;Australian;2018;Poltavsky, A. et al. (2018). The Pyraloidea (Lepidoptera) fauna of the woody savannah belt in Mali, West Africa. Zootaxa. 4457(1): 39-69
Sameodes cancellalis;Africa;Madagascan;2018;Poltavsky, A. et al. (2018). The Pyraloidea (Lepidoptera) fauna of the woody savannah belt in Mali, West Africa. Zootaxa. 4457(1): 39-69
Sameodes cancellalis;Asia;Oceanian;2018;Poltavsky, A. et al. (2018). The Pyraloidea (Lepidoptera) fauna of the woody savannah belt in Mali, West Africa. Zootaxa. 4457(1): 39-69
Sameodes cancellalis;Asia;Oriental;2018;Poltavsky, A. et al. (2018). The Pyraloidea (Lepidoptera) fauna of the woody savannah belt in Mali, West Africa. Zootaxa. 4457(1): 39-69
Sameodes cancellalis;Asia;Saharo-Arabian;2018;Poltavsky, A. et al. (2018). The Pyraloidea (Lepidoptera) fauna of the woody savannah belt in Mali, West Africa. Zootaxa. 4457(1): 39-69
Samia cynthia;Asia;Palearctic;2003;Peigler, R., Naumann, S. (2003). A revision of the silkmoth genus Samia. University of the Incarnate Word, San Antonio. Texas, United States of America
Samia cynthia;Asia;Sino-Japanese;2003;Peigler, R., Naumann, S. (2003). A revision of the silkmoth genus Samia. University of the Incarnate Word, San Antonio. Texas, United States of America
Samia cynthia;Asia;Palearctic;2024;Turner, R. et al. (2024). International Non-native Insect Establishment Data (0.2.1) [Data set]. Zenodo
Samia cynthia;Asia;Oriental;2024;Turner, R. et al. (2024). International Non-native Insect Establishment Data (0.2.1) [Data set]. Zenodo
Sarisophora leucoscia;Australia;Australian;2001;Hoare, R. (2001). Adventive species of Lepidoptera recorded for the first time in New Zealand since 1988. New Zealand Entomologist. 24: 23-47
Sarisophora leucoscia;Australia;Australian;2024;Turner, R. et al. (2024). International Non-native Insect Establishment Data (0.2.1) [Data set]. Zenodo
Saturnia pyri;Europe;Palearctic;2024;Huemer, P. (2024). Unexpected diversity of moths (Lepidoptera) in the Gardens of Trauttmansdorff Castle (Prov. Bolzano-South Tyrol, Italy). Gredleriana. 24
Scardia amurensis;Asia;Palearctic;2016;Osada, Y. et al. (2016). A review of the Japanese species of the genus Scardia Treitschke (Lepidoptera, Tineidae), with description of a new species. Zootaxa. 4079(3): 363-371
Scardia amurensis;Asia;Sino-Japanese;2016;Osada, Y. et al. (2016). A review of the Japanese species of the genus Scardia Treitschke (Lepidoptera, Tineidae), with description of a new species. Zootaxa. 4079(3): 363-371
Scardia amurensis;Asia;Palearctic;2024;Turner, R. et al. (2024). International Non-native Insect Establishment Data (0.2.1) [Data set]. Zenodo
Sceliodes cordalis;Australia;Australian;2015;Hill, L. (2015). Eggfruit caterpillar,'Sceliodes cordalis'(Doubleday)(Lepidoptera: Pyralidae), a vagrant moth and indicator for likelihood of Queensland fruit fly establishment in Tasmania?. Plant Protection Quarterly. 30(1): 27-39
Sceliodes laisalis;Africa;Afrotropical;2015;Mally, R. et al. (2015). Discovery of an unknown diversity of Leucinodes species damaging Solanaceae fruits in sub-Saharan Africa and moving in trade (Insecta, Lepidoptera, Pyraloidea). ZooKeys. 472: 117-162
Sceliodes laisalis;Africa;Saharo-Arabian;2015;Mally, R. et al. (2015). Discovery of an unknown diversity of Leucinodes species damaging Solanaceae fruits in sub-Saharan Africa and moving in trade (Insecta, Lepidoptera, Pyraloidea). ZooKeys. 472: 117-162
Sceliodes laisalis;Africa;Afrotropical;2024;Turner, R. et al. (2024). International Non-native Insect Establishment Data (0.2.1) [Data set]. Zenodo
Tinea murariella;South America;Neotropical;2020;Roy, D. et al. (2020). DAISIE - Delivering Alien Invasive Species Inventories for Europe.
Schiffermuelleria amasiella;Asia;Palearctic;2016;Spill, F. (2016). Eratophyes amasiella (Herrich-Schaffer, 1854), une espece doecophoride nouvelle pour la France (Lep. Oecophoridae). oreina. 35: 12-13
Schiffermuelleria amasiella;Asia;Palearctic;2010;Lopez-Vaamonde, C. et al. (2010). Lepidoptera. Chapter 11. BioRisk. 4: 603-668
Schiffermuelleria amasiella;Asia;Palearctic;1987;Diakonoff, A., van Nieukerken, E. (1987). Eratophyes amasiella (Herrich-Schaffer) comb, nov., a senior synonym of E. aleatrix Diakonoff (Lepidoptera: Oecophoridae). Entomologische berichten. 47(7): 103-104
Tinea pallescentella;South America;Neotropical;2020;Roy, D. et al. (2020). DAISIE - Delivering Alien Invasive Species Inventories for Europe.
Trichophaga tapetzella;Africa;Afrotropical;2020;Roy, D. et al. (2020). DAISIE - Delivering Alien Invasive Species Inventories for Europe.
Schreckensteinia festaliella;Europe;Palearctic;2024;Turner, R. et al. (2024). International Non-native Insect Establishment Data (0.2.1) [Data set]. Zenodo
Sciota adelphella;Asia;Oriental;2014;Qi, M. et al. (2014). Taxonomic Review on the Genus Sciota (Lepidoptera, Pyralidae, Phycitinae) in Northeast China. Animal Systematics, Evolution and Diversity. 30(2): 59-64
Sciota adelphella;Asia;Palearctic;2014;Qi, M. et al. (2014). Taxonomic Review on the Genus Sciota (Lepidoptera, Pyralidae, Phycitinae) in Northeast China. Animal Systematics, Evolution and Diversity. 30(2): 59-64
Sciota adelphella;Europe;Palearctic;2014;Qi, M. et al. (2014). Taxonomic Review on the Genus Sciota (Lepidoptera, Pyralidae, Phycitinae) in Northeast China. Animal Systematics, Evolution and Diversity. 30(2): 59-64
Sciota adelphella;Europe;Palearctic;2024;Turner, R. et al. (2024). International Non-native Insect Establishment Data (0.2.1) [Data set]. Zenodo
Sclerocona acutella;Asia;Palearctic;2003;Wagner, D. et al. (2003). Sclerocona acutella (Eversmann)(Crambidae: Pyraustinae), naturalized along the eastern seaboard. Journal of the Lepidopterists Society. 57(4): 270-273
Sclerocona acutella;Europe;Palearctic;2003;Wagner, D. et al. (2003). Sclerocona acutella (Eversmann)(Crambidae: Pyraustinae), naturalized along the eastern seaboard. Journal of the Lepidopterists Society. 57(4): 270-273
Sclerocona acutella;Asia;Sino-Japanese;2003;Wagner, D. et al. (2003). Sclerocona acutella (Eversmann)(Crambidae: Pyraustinae), naturalized along the eastern seaboard. Journal of the Lepidopterists Society. 57(4): 270-273
Sclerocona acutella;Europe;Palearctic;2024;Turner, R. et al. (2024). International Non-native Insect Establishment Data (0.2.1) [Data set]. Zenodo
Scrobipalpa aptatella;Australia;Australian;2019;Bidzilya, O. et al. (2019). An annotated checklist of Gelechiidae (Lepidoptera) of Israel with description of two new species. Zootaxa. 4677(1): 1-68
Scrobipalpa atriplicella;Europe;Palearctic;2024;Turner, R. et al. (2024). International Non-native Insect Establishment Data (0.2.1) [Data set]. Zenodo
Scrobipalpa atriplicella;Asia;Palearctic;2024;Turner, R. et al. (2024). International Non-native Insect Establishment Data (0.2.1) [Data set]. Zenodo
Scrobipalpa obsoletella;Africa;Afrotropical;2010;Bidzilya, O., Li, H. (2010). The genus Scrobipalpa Janse (Lepidoptera, Gelechiidae) in China, with descriptions of 13 new species. Zootaxa. 2513(1): 1-26
Scrobipalpa obsoletella;Africa;Afrotropical;2019;Bidzilya, O. et al. (2019). An annotated checklist of Gelechiidae (Lepidoptera) of Israel with description of two new species. Zootaxa. 4677(1): 1-68
Scrobipalpa obsoletella;Asia;Palearctic;2010;Bidzilya, O., Li, H. (2010). The genus Scrobipalpa Janse (Lepidoptera, Gelechiidae) in China, with descriptions of 13 new species. Zootaxa. 2513(1): 1-26
Scrobipalpa obsoletella;Asia;Palearctic;2019;Bidzilya, O. et al. (2019). An annotated checklist of Gelechiidae (Lepidoptera) of Israel with description of two new species. Zootaxa. 4677(1): 1-68
Scrobipalpa obsoletella;Europe;Palearctic;2019;Bidzilya, O. et al. (2019). An annotated checklist of Gelechiidae (Lepidoptera) of Israel with description of two new species. Zootaxa. 4677(1): 1-68
Scrobipalpa obsoletella;Asia;Sino-Japanese;2010;Bidzilya, O., Li, H. (2010). The genus Scrobipalpa Janse (Lepidoptera, Gelechiidae) in China, with descriptions of 13 new species. Zootaxa. 2513(1): 1-26
Scrobipalpa obsoletella;North America;Nearctic;2024;Turner, R. et al. (2024). International Non-native Insect Establishment Data (0.2.1) [Data set]. Zenodo
Scrobipalpa obsoletella;Europe;Palearctic;2024;Turner, R. et al. (2024). International Non-native Insect Establishment Data (0.2.1) [Data set]. Zenodo
Scrobipalpa ocellatella;Asia;Palearctic;2019;Bidzilya, O. et al. (2019). An annotated checklist of Gelechiidae (Lepidoptera) of Israel with description of two new species. Zootaxa. 4677(1): 1-68
Scrobipalpa ocellatella;Europe;Palearctic;2019;Bidzilya, O. et al. (2019). An annotated checklist of Gelechiidae (Lepidoptera) of Israel with description of two new species. Zootaxa. 4677(1): 1-68
Scrobipalpa ocellatella;Africa;Saharo-Arabian;2019;Bidzilya, O. et al. (2019). An annotated checklist of Gelechiidae (Lepidoptera) of Israel with description of two new species. Zootaxa. 4677(1): 1-68
Scrobipalpa ocellatella;Asia;Saharo-Arabian;2019;Bidzilya, O. et al. (2019). An annotated checklist of Gelechiidae (Lepidoptera) of Israel with description of two new species. Zootaxa. 4677(1): 1-68
Scythris buszkoi;Europe;Palearctic;2003;Baran, T. (2003). Scythris buszkoi sp. n., a new species of Scythrididae from Europe (Gelechioidea). Nota Lepidopterologica. 26(3): 89-98
Scythris limbella;Europe;Palearctic;2025;Shropshire, K., Tallamy, D. (2025). Lepidoptera of North American north of Mexico: An annotated list containing geographic ranges and host plant records. ZooKeys
Scythris limbella;Asia;Palearctic;2025;Shropshire, K., Tallamy, D. (2025). Lepidoptera of North American north of Mexico: An annotated list containing geographic ranges and host plant records. ZooKeys
Scythris sinensis;Asia;Palearctic;2019;Tsvetanov, T., Zlatkov, B. (2019). Scythris sinensis (Felder  Rogenhofer, 1875), a new species for Bulgaria and the Balkan Peninsula (Insecta: Lepidoptera: Scythrididae). ZooNotes. 146: 1-2
Scythris sinensis;Europe;Palearctic;2019;Tsvetanov, T., Zlatkov, B. (2019). Scythris sinensis (Felder  Rogenhofer, 1875), a new species for Bulgaria and the Balkan Peninsula (Insecta: Lepidoptera: Scythrididae). ZooNotes. 146: 1-2
Scythris sinensis;Asia;Palearctic;2024;Turner, R. et al. (2024). International Non-native Insect Establishment Data (0.2.1) [Data set]. Zenodo
Scythropiodes issikii;Asia;Palearctic;2025;Shropshire, K., Tallamy, D. (2025). Lepidoptera of North American north of Mexico: An annotated list containing geographic ranges and host plant records. ZooKeys
Scythropiodes issikii;Asia;Oriental;2025;Shropshire, K., Tallamy, D. (2025). Lepidoptera of North American north of Mexico: An annotated list containing geographic ranges and host plant records. ZooKeys
Sedina buettneri;Europe;Palearctic;2001;Fox, R. (2001). Butterflies and moths. In: Hawksworth, D. (Ed.) (2001). The changing wildlife of Great Britain and Ireland. Taylor and Francis, Limited. Padstow, Cornwall, United Kingdom
Selania leplastriana;Europe;Palearctic;1997;Farrugia, C. (1997). Insect Pests on Cauliflower (Brassica oleracea Var. Botrytis) in Gozo (Maltese Islands, Central Mediterranean). The Central Mediterranean Naturalist. 2(4): 152-165
Selania leplastriana;Africa;Saharo-Arabian;1997;Farrugia, C. (1997). Insect Pests on Cauliflower (Brassica oleracea Var. Botrytis) in Gozo (Maltese Islands, Central Mediterranean). The Central Mediterranean Naturalist. 2(4): 152-165
Sericinus montela;Asia;Palearctic;2017;Hashimoto, K., Ohgushi, T. (2017). How do two specialist butterflies determine growth and biomass of a shared host plant?. Population Ecology. 59: 17-27
Sericinus montela;Asia;Sino-Japanese;2017;Hashimoto, K., Ohgushi, T. (2017). How do two specialist butterflies determine growth and biomass of a shared host plant?. Population Ecology. 59: 17-27
Sericinus montela;Asia;Palearctic;2024;Turner, R. et al. (2024). International Non-native Insect Establishment Data (0.2.1) [Data set]. Zenodo
Trichophaga tapetzella;Asia;Oriental;2020;Roy, D. et al. (2020). DAISIE - Delivering Alien Invasive Species Inventories for Europe.
Trichophaga tapetzella;Asia;Palearctic;2020;Roy, D. et al. (2020). DAISIE - Delivering Alien Invasive Species Inventories for Europe.
Sesamia inferens;Asia;Oriental;2018;Baladhiya, H. et al. (2018). A review on pink stem borer, Sesamia inferens Walker: a threat to cereals. Journal of Entomology and Zoology Studies. 6(3): 1235-1239
Sesamia inferens;Asia;Palearctic;2018;Baladhiya, H. et al. (2018). A review on pink stem borer, Sesamia inferens Walker: a threat to cereals. Journal of Entomology and Zoology Studies. 6(3): 1235-1239
Sesamia inferens;Asia;Sino-Japanese;2018;Baladhiya, H. et al. (2018). A review on pink stem borer, Sesamia inferens Walker: a threat to cereals. Journal of Entomology and Zoology Studies. 6(3): 1235-1239
Sesamia inferens;Asia;Palearctic;2024;Turner, R. et al. (2024). International Non-native Insect Establishment Data (0.2.1) [Data set]. Zenodo
Sesamia nonagrioides;Africa;Afrotropical;2010;Lopez-Vaamonde, C. et al. (2010). Lepidoptera. Chapter 11. BioRisk. 4: 603-668
Trichophaga tapetzella;Africa;Saharo-Arabian;2020;Roy, D. et al. (2020). DAISIE - Delivering Alien Invasive Species Inventories for Europe.
Sesamia nonagrioides;Africa;Saharo-Arabian;2010;Lopez-Vaamonde, C. et al. (2010). Lepidoptera. Chapter 11. BioRisk. 4: 603-668
Sesia apiformis;Asia;Palearctic;2011;Martin-Garcia, J. et al. (2011). Patterns and monitoring of Sesia apiformis infestations in poplar plantations at different spatial scales. Journal of Applied Entomology. 135(5): 382-392
Sesia apiformis;Europe;Palearctic;2011;Martin-Garcia, J. et al. (2011). Patterns and monitoring of Sesia apiformis infestations in poplar plantations at different spatial scales. Journal of Applied Entomology. 135(5): 382-392
Sesia apiformis;Europe;Palearctic;2024;Turner, R. et al. (2024). International Non-native Insect Establishment Data (0.2.1) [Data set]. Zenodo
Setomorpha rutella;Asia;Oriental;2024;Turner, R. et al. (2024). International Non-native Insect Establishment Data (0.2.1) [Data set]. Zenodo
Sibine apicalis;South America;Neotropical;2023;Pardey, A. (2023). 29. El gusano monturita, Acharia apicalis (Dyar, 1900), en palma de aceite. In: Centro de Investigacion en Palma de Aceite, C. (2023). Manejo de plagas para una palmicultura sostenible en Colombia Elaeis guineensis e hibrido OxG. Centro de Investigacion en Palma de Aceite, Cenipalma. 9789588360867
Sibine apicalis;North America;Panamanian;2023;Pardey, A. (2023). 29. El gusano monturita, Acharia apicalis (Dyar, 1900), en palma de aceite. In: Centro de Investigacion en Palma de Aceite, C. (2023). Manejo de plagas para una palmicultura sostenible en Colombia Elaeis guineensis e hibrido OxG. Centro de Investigacion en Palma de Aceite, Cenipalma. 9789588360867
Sibine apicalis;South America;Panamanian;2023;Pardey, A. (2023). 29. El gusano monturita, Acharia apicalis (Dyar, 1900), en palma de aceite. In: Centro de Investigacion en Palma de Aceite, C. (2023). Manejo de plagas para una palmicultura sostenible en Colombia Elaeis guineensis e hibrido OxG. Centro de Investigacion en Palma de Aceite, Cenipalma. 9789588360867
Simplicia cornicalis;Australia;Australian;2010;Dickel, T. et al. (2010) New North American Records Of The Asian Species, Simplicia cornicalis, in Florida and Louisiana. Lepidoptera Novae. 3(1): 53-56
Simplicia cornicalis;Oceania;Nearctic;2010;Dickel, T. et al. (2010) New North American Records Of The Asian Species, Simplicia cornicalis, in Florida and Louisiana. Lepidoptera Novae. 3(1): 53-56
Simplicia cornicalis;Oceania;Oceanian;2010;Dickel, T. et al. (2010) New North American Records Of The Asian Species, Simplicia cornicalis, in Florida and Louisiana. Lepidoptera Novae. 3(1): 53-56
Simplicia cornicalis;Asia;Oriental;2010;Dickel, T. et al. (2010) New North American Records Of The Asian Species, Simplicia cornicalis, in Florida and Louisiana. Lepidoptera Novae. 3(1): 53-56
Simplicia cornicalis;Asia;Palearctic;2024;Turner, R. et al. (2024). International Non-native Insect Establishment Data (0.2.1) [Data set]. Zenodo
Simplicia cornicalis;Asia;Oriental;2024;Turner, R. et al. (2024). International Non-native Insect Establishment Data (0.2.1) [Data set]. Zenodo
Simplicia cornicalis;Australia;Australian;2024;Turner, R. et al. (2024). International Non-native Insect Establishment Data (0.2.1) [Data set]. Zenodo
Sinica sinica;Asia;Oriental;2006;Schultz, P. et al. (2006). Biology and Distribution of Pryeria sinica, a New Pest of Euonymus Found in Virginia and Maryland. Plant Health Progress. 7(1): 49
Sinica sinica;Asia;Palearctic;2006;Schultz, P. et al. (2006). Biology and Distribution of Pryeria sinica, a New Pest of Euonymus Found in Virginia and Maryland. Plant Health Progress. 7(1): 49
Sinica sinica;Asia;Sino-Japanese;2006;Schultz, P. et al. (2006). Biology and Distribution of Pryeria sinica, a New Pest of Euonymus Found in Virginia and Maryland. Plant Health Progress. 7(1): 49
Sisyracera inabsconsalis;North America;Nearctic;2016;Landry, B. (2016). Taxonomic revision of the Spilomelinae (Lepidoptera, Pyralidae sl) of the Galapagos Islands, Ecuador. Revue Suisse de Zoologie. 123(2): 315-399
Sisyracera inabsconsalis;South America;Neotropical;2016;Landry, B. (2016). Taxonomic revision of the Spilomelinae (Lepidoptera, Pyralidae sl) of the Galapagos Islands, Ecuador. Revue Suisse de Zoologie. 123(2): 315-399
Sisyracera inabsconsalis;North America;Panamanian;2016;Landry, B. (2016). Taxonomic revision of the Spilomelinae (Lepidoptera, Pyralidae sl) of the Galapagos Islands, Ecuador. Revue Suisse de Zoologie. 123(2): 315-399
Sisyracera inabsconsalis;South America;Neotropical;2024;Turner, R. et al. (2024). International Non-native Insect Establishment Data (0.2.1) [Data set]. Zenodo
Sitochroa palealis;Asia;Palearctic;2008;Passoa, S. et al. (2008). Sitochroa palealis: a Palearctic pyraustine moth (Lepidoptera: Pyraloidea: Crambidae) newly introduced to North America. Proceedings of the Entomological Society of Washington. 110(2): 504-515
Sitochroa palealis;Europe;Palearctic;2008;Passoa, S. et al. (2008). Sitochroa palealis: a Palearctic pyraustine moth (Lepidoptera: Pyraloidea: Crambidae) newly introduced to North America. Proceedings of the Entomological Society of Washington. 110(2): 504-515
Sitochroa palealis;Africa;Saharo-Arabian;2008;Passoa, S. et al. (2008). Sitochroa palealis: a Palearctic pyraustine moth (Lepidoptera: Pyraloidea: Crambidae) newly introduced to North America. Proceedings of the Entomological Society of Washington. 110(2): 504-515
Sitochroa palealis;Asia;Sino-Japanese;2008;Passoa, S. et al. (2008). Sitochroa palealis: a Palearctic pyraustine moth (Lepidoptera: Pyraloidea: Crambidae) newly introduced to North America. Proceedings of the Entomological Society of Washington. 110(2): 504-515
Sitochroa palealis;Europe;Palearctic;2024;Turner, R. et al. (2024). International Non-native Insect Establishment Data (0.2.1) [Data set]. Zenodo
Sitotroga cerealella;North America;Nearctic;2024;Turner, R. et al. (2024). International Non-native Insect Establishment Data (0.2.1) [Data set]. Zenodo
Sitotroga cerealella;South America;Neotropical;2024;Turner, R. et al. (2024). International Non-native Insect Establishment Data (0.2.1) [Data set]. Zenodo
Antiblemma acclinalis;South America;Neotropical;2024;Savela, M. (2024). Lepidoptera and some other life forms.
Antichloris viridis;South America;Neotropical;2024;Savela, M. (2024). Lepidoptera and some other life forms.
Sphacelodes vulneraria;North America;Nearctic;2017;Ribeiro, L. et al. (2017). First record of Sphacelodes vulneraria (Lepidoptera: Geometridae) damaging Hovenia dulcis in Brazil. Pesquisa Florestal Brasileira. 37(91): 409-411
Sphacelodes vulneraria;South America;Neotropical;2017;Ribeiro, L. et al. (2017). First record of Sphacelodes vulneraria (Lepidoptera: Geometridae) damaging Hovenia dulcis in Brazil. Pesquisa Florestal Brasileira. 37(91): 409-411
Sphacelodes vulneraria;North America;Panamanian;2017;Ribeiro, L. et al. (2017). First record of Sphacelodes vulneraria (Lepidoptera: Geometridae) damaging Hovenia dulcis in Brazil. Pesquisa Florestal Brasileira. 37(91): 409-411
Sphacelodes vulneraria;South America;Neotropical;2024;Turner, R. et al. (2024). International Non-native Insect Establishment Data (0.2.1) [Data set]. Zenodo
Sphenarches anisodactylus;South America;Neotropical;2024;Turner, R. et al. (2024). International Non-native Insect Establishment Data (0.2.1) [Data set]. Zenodo
Sphenarches anisodactylus;Asia;Oriental;2024;Turner, R. et al. (2024). International Non-native Insect Establishment Data (0.2.1) [Data set]. Zenodo
Sphenarches anisodactylus;Africa;Afrotropical;2024;Turner, R. et al. (2024). International Non-native Insect Establishment Data (0.2.1) [Data set]. Zenodo
Sphinx pinastri;Asia;Palearctic;2020;Tugulea, H., Tugulea, A. (2020). Contributions to knowledge of the fauna of hawk-moths (Lepidoptera, Sphingidae) from the Republic of Moldova. Oltenia-studii si Comunicari Stiintele Naturii. 36(2): 105-112
Sphinx pinastri;Europe;Palearctic;2020;Tugulea, H., Tugulea, A. (2020). Contributions to knowledge of the fauna of hawk-moths (Lepidoptera, Sphingidae) from the Republic of Moldova. Oltenia-studii si Comunicari Stiintele Naturii. 36(2): 105-112
Sphinx pinastri;Asia;Sino-Japanese;2020;Tugulea, H., Tugulea, A. (2020). Contributions to knowledge of the fauna of hawk-moths (Lepidoptera, Sphingidae) from the Republic of Moldova. Oltenia-studii si Comunicari Stiintele Naturii. 36(2): 105-112
Sphinx pinastri;Asia;Oriental;2020;Tugulea, H., Tugulea, A. (2020). Contributions to knowledge of the fauna of hawk-moths (Lepidoptera, Sphingidae) from the Republic of Moldova. Oltenia-studii si Comunicari Stiintele Naturii. 36(2): 105-112
Sphyrelata amotella;Australia;Australian;2001;Hoare, R. (2001). Adventive species of Lepidoptera recorded for the first time in New Zealand since 1988. New Zealand Entomologist. 24: 23-47
Sphyrelata amotella;Australia;Australian;2024;Turner, R. et al. (2024). International Non-native Insect Establishment Data (0.2.1) [Data set]. Zenodo
Spilonota laricana;Europe;Palearctic;2020;Gilligan, T. et al. (2020). Immigrant Tortricidae: Holarctic versus Introduced Species in North America. Insects. 11(9):594
Spilonota laricana;Europe;Palearctic;2024;Turner, R. et al. (2024). International Non-native Insect Establishment Data (0.2.1) [Data set]. Zenodo
Spilonota ocellana;Asia;Palearctic;2011;Byun, B. (2011). A review of the genus Spilonota Stephens (Lepidoptera: Tortricidae) in North Korea. Entomological Research. 41(6): 242-246
Spilonota ocellana;Europe;Palearctic;1959;LeRoux, E., Reimer, C. (1959). Variation Between Samples of Immature Stages, and of Mortalities from Some Factors, of the Eye-Spotted Bud Moth, Spilonota ocellana (D. and S.)(Lepidoptera: Olethreutidae), and the Pistol Casebearer, Coleophora serratella (L.)(Lepidoptera: Coleophoridae), on Apple in Quebec. The Canadian Entomologist. 91(7): 428-449
Spilonota ocellana;Africa;Saharo-Arabian;2011;Byun, B. (2011). A review of the genus Spilonota Stephens (Lepidoptera: Tortricidae) in North Korea. Entomological Research. 41(6): 242-246
Spilonota ocellana;Europe;Palearctic;2024;Turner, R. et al. (2024). International Non-native Insect Establishment Data (0.2.1) [Data set]. Zenodo
Spodoptera cilium;Africa;Afrotropical;1975;Brown, E., Dewhurst, C. (1975). The genus Spodoptera (Lepidoptera, Noctuidae) in Africa and the near east. Bulletin of Entomological Research. 65(2): 221-262
Spodoptera cilium;Asia;Oriental;1975;Brown, E., Dewhurst, C. (1975). The genus Spodoptera (Lepidoptera, Noctuidae) in Africa and the near east. Bulletin of Entomological Research. 65(2): 221-262
Spodoptera cilium;Asia;Palearctic;1975;Brown, E., Dewhurst, C. (1975). The genus Spodoptera (Lepidoptera, Noctuidae) in Africa and the near east. Bulletin of Entomological Research. 65(2): 221-262
Spodoptera cilium;Europe;Palearctic;1975;Brown, E., Dewhurst, C. (1975). The genus Spodoptera (Lepidoptera, Noctuidae) in Africa and the near east. Bulletin of Entomological Research. 65(2): 221-262
Spodoptera cilium;Africa;Saharo-Arabian;1975;Brown, E., Dewhurst, C. (1975). The genus Spodoptera (Lepidoptera, Noctuidae) in Africa and the near east. Bulletin of Entomological Research. 65(2): 221-262
Spodoptera cilium;Asia;Saharo-Arabian;1975;Brown, E., Dewhurst, C. (1975). The genus Spodoptera (Lepidoptera, Noctuidae) in Africa and the near east. Bulletin of Entomological Research. 65(2): 221-262
Spodoptera cilium;Asia;Palearctic;2024;Turner, R. et al. (2024). International Non-native Insect Establishment Data (0.2.1) [Data set]. Zenodo
Spodoptera dolichos;North America;Nearctic;2015;Montezano, D. et al. (2015). Biotic potential and reproductive parameters of Spodoptera dolichos (Lepidoptera: Noctuidae) in the laboratory. Zoologia (Curitiba). 32(6): 485-491
Spodoptera dolichos;South America;Neotropical;2015;Montezano, D. et al. (2015). Biotic potential and reproductive parameters of Spodoptera dolichos (Lepidoptera: Noctuidae) in the laboratory. Zoologia (Curitiba). 32(6): 485-491
Spodoptera dolichos;North America;Panamanian;2015;Montezano, D. et al. (2015). Biotic potential and reproductive parameters of Spodoptera dolichos (Lepidoptera: Noctuidae) in the laboratory. Zoologia (Curitiba). 32(6): 485-491
Spodoptera eridania;North America;Nearctic;2023;Zhang, Y. et al. (2023). Global potential geographical distribution of the southern armyworm (Spodoptera eridania) under climate change. Biology. 12(7): 1040
Spodoptera eridania;South America;Neotropical;2023;Zhang, Y. et al. (2023). Global potential geographical distribution of the southern armyworm (Spodoptera eridania) under climate change. Biology. 12(7): 1040
Spodoptera eridania;North America;Panamanian;2023;Zhang, Y. et al. (2023). Global potential geographical distribution of the southern armyworm (Spodoptera eridania) under climate change. Biology. 12(7): 1040
Spodoptera eridania;South America;Panamanian;2023;Zhang, Y. et al. (2023). Global potential geographical distribution of the southern armyworm (Spodoptera eridania) under climate change. Biology. 12(7): 1040
Spodoptera exempta;Africa;Afrotropical;1986;Haggis, M. (1986). Distribution of the African armyworm, Spodoptera exempta (Walker)(Lepidoptera: Noctuidae), and the frequency of larval outbreaks in Africa and Arabia. Bulletin of Entomological Research. 76(1): 151-170
Spodoptera exempta;Australia;Australian;1986;Haggis, M. (1986). Distribution of the African armyworm, Spodoptera exempta (Walker)(Lepidoptera: Noctuidae), and the frequency of larval outbreaks in Africa and Arabia. Bulletin of Entomological Research. 76(1): 151-170
Spodoptera exempta;Oceania;Oceanian;1986;Haggis, M. (1986). Distribution of the African armyworm, Spodoptera exempta (Walker)(Lepidoptera: Noctuidae), and the frequency of larval outbreaks in Africa and Arabia. Bulletin of Entomological Research. 76(1): 151-170
Spodoptera exempta;Asia;Oriental;1986;Haggis, M. (1986). Distribution of the African armyworm, Spodoptera exempta (Walker)(Lepidoptera: Noctuidae), and the frequency of larval outbreaks in Africa and Arabia. Bulletin of Entomological Research. 76(1): 151-170
Spodoptera exempta;Africa;Saharo-Arabian;1986;Haggis, M. (1986). Distribution of the African armyworm, Spodoptera exempta (Walker)(Lepidoptera: Noctuidae), and the frequency of larval outbreaks in Africa and Arabia. Bulletin of Entomological Research. 76(1): 151-170
Spodoptera exempta;Asia;Saharo-Arabian;1986;Haggis, M. (1986). Distribution of the African armyworm, Spodoptera exempta (Walker)(Lepidoptera: Noctuidae), and the frequency of larval outbreaks in Africa and Arabia. Bulletin of Entomological Research. 76(1): 151-170
Spodoptera exempta;Africa;Afrotropical;2024;Turner, R. et al. (2024). International Non-native Insect Establishment Data (0.2.1) [Data set]. Zenodo
Spodoptera exigua;Asia;Oriental;2012;Farahani, S. et al. (2012). Life table of Spodoptera exigua (Lepidoptera: Noctuidae) on five soybean cultivars. Psyche: A Journal of Entomology. 2012(1): 513824
Spodoptera exigua;Asia;Palearctic;2012;Farahani, S. et al. (2012). Life table of Spodoptera exigua (Lepidoptera: Noctuidae) on five soybean cultivars. Psyche: A Journal of Entomology. 2012(1): 513824
Spodoptera exigua;Asia;Sino-Japanese;2012;Farahani, S. et al. (2012). Life table of Spodoptera exigua (Lepidoptera: Noctuidae) on five soybean cultivars. Psyche: A Journal of Entomology. 2012(1): 513824
Spodoptera exigua;Asia;Oriental;2024;Turner, R. et al. (2024). International Non-native Insect Establishment Data (0.2.1) [Data set]. Zenodo
Spodoptera frugiperda;North America;Nearctic;2023;Tay, W. et al. (2023). Spodoptera frugiperda: ecology, evolution, and management options of an invasive species. Annual Review of Entomology. 68(1): 299-317
Spodoptera frugiperda;North America;Nearctic;2017;Cock, M. et al. (2017). Molecular methods to detect Spodoptera frugiperda in Ghana, and implications for monitoring the spread of invasive species in developing countries. Scientific Reports. 7(1): 4103
Spodoptera frugiperda;South America;Neotropical;2023;Tay, W. et al. (2023). Spodoptera frugiperda: ecology, evolution, and management options of an invasive species. Annual Review of Entomology. 68(1): 299-317
Spodoptera frugiperda;South America;Neotropical;2017;Cock, M. et al. (2017). Molecular methods to detect Spodoptera frugiperda in Ghana, and implications for monitoring the spread of invasive species in developing countries. Scientific Reports. 7(1): 4103
Spodoptera frugiperda;North America;Panamanian;2017;Cock, M. et al. (2017). Molecular methods to detect Spodoptera frugiperda in Ghana, and implications for monitoring the spread of invasive species in developing countries. Scientific Reports. 7(1): 4103
Spodoptera frugiperda;North America;Panamanian;2023;Tay, W. et al. (2023). Spodoptera frugiperda: ecology, evolution, and management options of an invasive species. Annual Review of Entomology. 68(1): 299-317
Spodoptera frugiperda;North America;Nearctic;2024;Turner, R. et al. (2024). International Non-native Insect Establishment Data (0.2.1) [Data set]. Zenodo
Spodoptera frugiperda;South America;Neotropical;2024;Turner, R. et al. (2024). International Non-native Insect Establishment Data (0.2.1) [Data set]. Zenodo
Spodoptera littoralis;Africa;Afrotropical;2023;ElShahed, S. et al. (2023). Modeling the potential global distribution of the Egyptian cotton leafworm, Spodoptera littoralis under climate change. Scientific Reports. 13: 17314
Spodoptera littoralis;Africa;Saharo-Arabian;2023;ElShahed, S. et al. (2023). Modeling the potential global distribution of the Egyptian cotton leafworm, Spodoptera littoralis under climate change. Scientific Reports. 13: 17314
Spodoptera littoralis;Africa;Madagascan;2023;ElShahed, S. et al. (2023). Modeling the potential global distribution of the Egyptian cotton leafworm, Spodoptera littoralis under climate change. Scientific Reports. 13: 17314
Spodoptera litura;Australia;Australian;2019;Jung, J. et al. (2019). Effect of climate change on the potential distribution of the common cutworm (Spodoptera litura) in South Korea. Entomological Research. 49(12): 519-528
Spodoptera litura;Oceania;Australian;2019;Jung, J. et al. (2019). Effect of climate change on the potential distribution of the common cutworm (Spodoptera litura) in South Korea. Entomological Research. 49(12): 519-528
Spodoptera litura;Oceania;Oceanian;2019;Jung, J. et al. (2019). Effect of climate change on the potential distribution of the common cutworm (Spodoptera litura) in South Korea. Entomological Research. 49(12): 519-528
Spodoptera litura;Asia;Oriental;2019;Jung, J. et al. (2019). Effect of climate change on the potential distribution of the common cutworm (Spodoptera litura) in South Korea. Entomological Research. 49(12): 519-528
Spodoptera litura;Asia;Palearctic;2019;Jung, J. et al. (2019). Effect of climate change on the potential distribution of the common cutworm (Spodoptera litura) in South Korea. Entomological Research. 49(12): 519-528
Spodoptera litura;Africa;Saharo-Arabian;2019;Jung, J. et al. (2019). Effect of climate change on the potential distribution of the common cutworm (Spodoptera litura) in South Korea. Entomological Research. 49(12): 519-528
Spodoptera litura;Asia;Saharo-Arabian;2019;Jung, J. et al. (2019). Effect of climate change on the potential distribution of the common cutworm (Spodoptera litura) in South Korea. Entomological Research. 49(12): 519-528
Spodoptera litura;Asia;Sino-Japanese;2019;Jung, J. et al. (2019). Effect of climate change on the potential distribution of the common cutworm (Spodoptera litura) in South Korea. Entomological Research. 49(12): 519-528
Spodoptera litura;Asia;Palearctic;2024;Turner, R. et al. (2024). International Non-native Insect Establishment Data (0.2.1) [Data set]. Zenodo
Spodoptera litura;Asia;Oriental;2024;Turner, R. et al. (2024). International Non-native Insect Establishment Data (0.2.1) [Data set]. Zenodo
Spodoptera mauritia;Africa;Afrotropical;1956;Fletcher, D. (1956). Spodoptera mauritia (Boisduval) and S. triturata (Walker), two distinct species. Bulletin of Entomological Research. 47(2): 215-217
Spodoptera mauritia;Africa;Madagascan;1956;Fletcher, D. (1956). Spodoptera mauritia (Boisduval) and S. triturata (Walker), two distinct species. Bulletin of Entomological Research. 47(2): 215-217
Spodoptera mauritia;Oceania;Oceanian;1956;Fletcher, D. (1956). Spodoptera mauritia (Boisduval) and S. triturata (Walker), two distinct species. Bulletin of Entomological Research. 47(2): 215-217
Spodoptera mauritia;Asia;Oriental;1956;Fletcher, D. (1956). Spodoptera mauritia (Boisduval) and S. triturata (Walker), two distinct species. Bulletin of Entomological Research. 47(2): 215-217
Spodoptera mauritia;Asia;Palearctic;2024;Turner, R. et al. (2024). International Non-native Insect Establishment Data (0.2.1) [Data set]. Zenodo
Spodoptera mauritia;Asia;Oriental;2024;Turner, R. et al. (2024). International Non-native Insect Establishment Data (0.2.1) [Data set]. Zenodo
Spodoptera mauritia;Australia;Australian;2024;Turner, R. et al. (2024). International Non-native Insect Establishment Data (0.2.1) [Data set]. Zenodo
Spodoptera mauritia;Oceania;Oceanian;2024;Turner, R. et al. (2024). International Non-native Insect Establishment Data (0.2.1) [Data set]. Zenodo
Antichloris viridis;North America;Panamanian;2024;Savela, M. (2024). Lepidoptera and some other life forms.
Spoladea recurvalis;Africa;Afrotropical;2010;Lopez-Vaamonde, C. et al. (2010). Lepidoptera. Chapter 11. BioRisk. 4: 603-668
Spoladea recurvalis;South America;Neotropical;2010;Lopez-Vaamonde, C. et al. (2010). Lepidoptera. Chapter 11. BioRisk. 4: 603-668
Spoladea recurvalis;Asia;Oriental;2010;Lopez-Vaamonde, C. et al. (2010). Lepidoptera. Chapter 11. BioRisk. 4: 603-668
Spoladea recurvalis;Africa;Saharo-Arabian;2010;Lopez-Vaamonde, C. et al. (2010). Lepidoptera. Chapter 11. BioRisk. 4: 603-668
Spoladea recurvalis;Asia;Oriental;2024;Turner, R. et al. (2024). International Non-native Insect Establishment Data (0.2.1) [Data set]. Zenodo
Spulerina isonoma;Asia;Oriental;2024;Turner, R. et al. (2024). International Non-native Insect Establishment Data (0.2.1) [Data set]. Zenodo
Statherotis discana;Oceania;Oceanian;1993;Nasu, Y. et al. (1993). Statherotis discana (Felder et Rogenhofer)(Lepidoptera: Tortricidae) injurious to litchi from Japan. Applied Entomology and Zoology. 28(1): 97-101
Statherotis discana;Asia;Oriental;1993;Nasu, Y. et al. (1993). Statherotis discana (Felder et Rogenhofer)(Lepidoptera: Tortricidae) injurious to litchi from Japan. Applied Entomology and Zoology. 28(1): 97-101
Statherotis discana;Asia;Oriental;2024;Turner, R. et al. (2024). International Non-native Insect Establishment Data (0.2.1) [Data set]. Zenodo
Stathmopoda auriferella;Africa;Afrotropical;2018;Park, K. et al. (2018). Genus Stathmopoda Herrich-Shaffer (Lepidoptera, Stathmopodidae) from the Korean Peninsula with two new species. Journal of Asia-Pacific Biodiversity. 11(2): 259-266
Stathmopoda auriferella;Australia;Australian;2018;Park, K. et al. (2018). Genus Stathmopoda Herrich-Shaffer (Lepidoptera, Stathmopodidae) from the Korean Peninsula with two new species. Journal of Asia-Pacific Biodiversity. 11(2): 259-266
Stathmopoda auriferella;Asia;Oriental;2018;Park, K. et al. (2018). Genus Stathmopoda Herrich-Shaffer (Lepidoptera, Stathmopodidae) from the Korean Peninsula with two new species. Journal of Asia-Pacific Biodiversity. 11(2): 259-266
Stathmopoda auriferella;Asia;Palearctic;2018;Park, K. et al. (2018). Genus Stathmopoda Herrich-Shaffer (Lepidoptera, Stathmopodidae) from the Korean Peninsula with two new species. Journal of Asia-Pacific Biodiversity. 11(2): 259-266
Stathmopoda auriferella;Europe;Palearctic;2018;Park, K. et al. (2018). Genus Stathmopoda Herrich-Shaffer (Lepidoptera, Stathmopodidae) from the Korean Peninsula with two new species. Journal of Asia-Pacific Biodiversity. 11(2): 259-266
Stathmopoda auriferella;Asia;Saharo-Arabian;2018;Park, K. et al. (2018). Genus Stathmopoda Herrich-Shaffer (Lepidoptera, Stathmopodidae) from the Korean Peninsula with two new species. Journal of Asia-Pacific Biodiversity. 11(2): 259-266
Stathmopoda auriferella;Asia;Sino-Japanese;2018;Park, K. et al. (2018). Genus Stathmopoda Herrich-Shaffer (Lepidoptera, Stathmopodidae) from the Korean Peninsula with two new species. Journal of Asia-Pacific Biodiversity. 11(2): 259-266
Stathmopoda auriferella;Asia;Oriental;2024;Turner, R. et al. (2024). International Non-native Insect Establishment Data (0.2.1) [Data set]. Zenodo
Stathmopoda auriferella;Africa;Afrotropical;2024;Turner, R. et al. (2024). International Non-native Insect Establishment Data (0.2.1) [Data set]. Zenodo
Stathmopoda cephalaea;Australia;Australian;2001;Hoare, R. (2001). Adventive species of Lepidoptera recorded for the first time in New Zealand since 1988. New Zealand Entomologist. 24: 23-47
Stathmopoda cephalaea;Australia;Australian;2024;Turner, R. et al. (2024). International Non-native Insect Establishment Data (0.2.1) [Data set]. Zenodo
Stathmopoda melanochra;Australia;Australian;1944;Ramchandra R., Cherian, M. (1944). The Fluted Scale, Icerya purchasi Mask., as a Pest of Wattle in South India, and its Control by the biological method. The Madras Agricultural Journal. 32(3-4): 92-102
Stathmopoda melanochra;Australia;Australian;2024;Turner, R. et al. (2024). International Non-native Insect Establishment Data (0.2.1) [Data set]. Zenodo
Stegommata leptomitella;Australia;Australian;2001;Hoare, R. (2001). Adventive species of Lepidoptera recorded for the first time in New Zealand since 1988. New Zealand Entomologist. 24: 23-47
Stegommata leptomitella;Australia;Australian;2024;Turner, R. et al. (2024). International Non-native Insect Establishment Data (0.2.1) [Data set]. Zenodo
Stegommata sulfuratella;Australia;Australian;1999;Withers, T., Kay, M. (1999). Establishment of forestry and tree pests in New Zealand. Proceedings of the New Zealand Plant Protection Conference. 52: 278-278
Stegommata sulfuratella;Australia;Australian;2024;Turner, R. et al. (2024). International Non-native Insect Establishment Data (0.2.1) [Data set]. Zenodo
Stenolechia bathrodyas;Asia;Palearctic;1994;Park, K. (1994). Notes on Chorivalva and Stenolechia species in Korea, with new synonyms (Lepidoptera, Gelechiidae). Nota Lepiderologica. 16(3): 281-289
Stenolechia bathrodyas;Asia;Sino-Japanese;1994;Park, K. (1994). Notes on Chorivalva and Stenolechia species in Korea, with new synonyms (Lepidoptera, Gelechiidae). Nota Lepiderologica. 16(3): 281-289
Stenolechia bathrodyas;Asia;Palearctic;2024;Turner, R. et al. (2024). International Non-native Insect Establishment Data (0.2.1) [Data set]. Zenodo
Stenoma catenifer;North America;Nearctic;2008;Hoddle, M., Hoddle, C. (2008). Bioecology of Stenoma catenifer (Lepidoptera: Elachistidae) and associated larval parasitoids reared from Hass avocados in Guatemala. Journal of Economic Entomology. 101(3): 692-698
Stenoma catenifer;South America;Neotropical;2008;Hoddle, M., Hoddle, C. (2008). Bioecology of Stenoma catenifer (Lepidoptera: Elachistidae) and associated larval parasitoids reared from Hass avocados in Guatemala. Journal of Economic Entomology. 101(3): 692-698
Stenoma catenifer;North America;Panamanian;2008;Hoddle, M., Hoddle, C. (2008). Bioecology of Stenoma catenifer (Lepidoptera: Elachistidae) and associated larval parasitoids reared from Hass avocados in Guatemala. Journal of Economic Entomology. 101(3): 692-698
Stenoma catenifer;South America;Neotropical;2024;Turner, R. et al. (2024). International Non-native Insect Establishment Data (0.2.1) [Data set]. Zenodo
Stenoptilia millieridactylus;Europe;Palearctic;2010;Lopez-Vaamonde, C. et al. (2010). Lepidoptera. Chapter 11. BioRisk. 4: 603-668
Stenoptilia zophodactylus;Africa;Afrotropical;2010;Alipanah, H., Gielis, C. (2010). Notes on the tribes Platyptiliini and Exelastini from Iran (Lepidoptera: Pterophoridae). SHILAP Revista de Lepidopterologia. 38(149): 57-63
Stenoptilia zophodactylus;Asia;Oriental;2010;Alipanah, H., Gielis, C. (2010). Notes on the tribes Platyptiliini and Exelastini from Iran (Lepidoptera: Pterophoridae). SHILAP Revista de Lepidopterologia. 38(149): 57-63
Stenoptilia zophodactylus;Asia;Palearctic;2010;Alipanah, H., Gielis, C. (2010). Notes on the tribes Platyptiliini and Exelastini from Iran (Lepidoptera: Pterophoridae). SHILAP Revista de Lepidopterologia. 38(149): 57-63
Stenoptilia zophodactylus;Europe;Palearctic;2010;Alipanah, H., Gielis, C. (2010). Notes on the tribes Platyptiliini and Exelastini from Iran (Lepidoptera: Pterophoridae). SHILAP Revista de Lepidopterologia. 38(149): 57-63
Stenoptilia zophodactylus;South America;Neotropical;2024;Turner, R. et al. (2024). International Non-native Insect Establishment Data (0.2.1) [Data set]. Zenodo
Stenoptilia zophodactylus;Asia;Oriental;2024;Turner, R. et al. (2024). International Non-native Insect Establishment Data (0.2.1) [Data set]. Zenodo
Stenoptilia zophodactylus;Africa;Afrotropical;2024;Turner, R. et al. (2024). International Non-native Insect Establishment Data (0.2.1) [Data set]. Zenodo
Stenoptilodes brevipennis;North America;Nearctic;2006;Gielis, C. (2006). Review of the Neotropical species of the family Pterophoridae, part I: Ochyroticinae, Deuterocopinae, Pterophorinae (Platyptiliini, Exelastini, Oxyptilini) (Lepidoptera). Zoologische Mededelingen. 80: 1-290
Stenoptilodes brevipennis;South America;Neotropical;2006;Gielis, C. (2006). Review of the Neotropical species of the family Pterophoridae, part I: Ochyroticinae, Deuterocopinae, Pterophorinae (Platyptiliini, Exelastini, Oxyptilini) (Lepidoptera). Zoologische Mededelingen. 80: 1-290
Stenoptilodes brevipennis;North America;Panamanian;2006;Gielis, C. (2006). Review of the Neotropical species of the family Pterophoridae, part I: Ochyroticinae, Deuterocopinae, Pterophorinae (Platyptiliini, Exelastini, Oxyptilini) (Lepidoptera). Zoologische Mededelingen. 80: 1-290
Stenoptilodes brevipennis;South America;Neotropical;2024;Turner, R. et al. (2024). International Non-native Insect Establishment Data (0.2.1) [Data set]. Zenodo
Anticarsia gemmatalis;North America;Nearctic;2024;University of Florida (2024). Featured Creatures - Anticarsia gemmatalis (Hubner) (Insecta: Lepidoptera: Noctuidae).
Stericta carbonalis;Australia;Australian;2024;Turner, R. et al. (2024). International Non-native Insect Establishment Data (0.2.1) [Data set]. Zenodo
Anticarsia gemmatalis;South America;Neotropical;2024;University of Florida (2024). Featured Creatures - Anticarsia gemmatalis (Hubner) (Insecta: Lepidoptera: Noctuidae).
Anticarsia gemmatalis;North America;Panamanian;2024;University of Florida (2024). Featured Creatures - Anticarsia gemmatalis (Hubner) (Insecta: Lepidoptera: Noctuidae).
Anticarsia gemmatalis;South America;Panamanian;2024;University of Florida (2024). Featured Creatures - Anticarsia gemmatalis (Hubner) (Insecta: Lepidoptera: Noctuidae).
Stictoptera cucullioides;Asia;Oriental;2024;Turner, R. et al. (2024). International Non-native Insect Establishment Data (0.2.1) [Data set]. Zenodo
Stigmella anomalella;Europe;Palearctic;2025;Shropshire, K., Tallamy, D. (2025). Lepidoptera of North American north of Mexico: An annotated list containing geographic ranges and host plant records. ZooKeys
Stigmella atricapitella;Europe;Palearctic;2003;van Nieukerken, E., Johansson, R. (2003). The Quercus feeding Stigmella species of the West Palaearctic: new species, key and distribution (Lepidoptera: Nepticulidae). Tijdschrift voor Entomologie. 146: 307-370
Stigmella atricapitella;Europe;Palearctic;2010;Lopez-Vaamonde, C. et al. (2010). Lepidoptera. Chapter 11. BioRisk. 4: 603-668
Stigmella atricapitella;Africa;Saharo-Arabian;2003;van Nieukerken, E., Johansson, R. (2003). The Quercus feeding Stigmella species of the West Palaearctic: new species, key and distribution (Lepidoptera: Nepticulidae). Tijdschrift voor Entomologie. 146: 307-370
Stigmella aurella;Europe;Palearctic;2010;Lopez-Vaamonde, C. et al. (2010). Lepidoptera. Chapter 11. BioRisk. 4: 603-668
Stigmella centifoliella;Europe;Palearctic;2010;Lopez-Vaamonde, C. et al. (2010). Lepidoptera. Chapter 11. BioRisk. 4: 603-668
Stigmella microtheriella;Asia;Palearctic;1988;Dugdale, J. (1988). Lepidoptera - annotated catalogue, and keys to family-group taxa. In: Fauna of New Zealand vol. 14. Science Information Publishing Centre. DSIR. 264pp
Stigmella microtheriella;Europe;Palearctic;1988;Dugdale, J. (1988). Lepidoptera - annotated catalogue, and keys to family-group taxa. In: Fauna of New Zealand vol. 14. Science Information Publishing Centre. DSIR. 264pp
Stigmella microtheriella;Europe;Palearctic;2024;Turner, R. et al. (2024). International Non-native Insect Establishment Data (0.2.1) [Data set]. Zenodo
Stigmella minusculella;Europe;Palearctic;2025;Shropshire, K., Tallamy, D. (2025). Lepidoptera of North American north of Mexico: An annotated list containing geographic ranges and host plant records. ZooKeys
Stigmella multispicata;Asia;Palearctic;2018;van Nieukerken, E. et al. (2018). Stigmella multispicata Rociene and Stonis, an Asian leafminer on Siberian elm, now widespread in eastern North America (Lepidoptera, Nepticulidae). ZooKeys. 784: 95-125
Stigmella multispicata;Asia;Sino-Japanese;2018;van Nieukerken, E. et al. (2018). Stigmella multispicata Rociene and Stonis, an Asian leafminer on Siberian elm, now widespread in eastern North America (Lepidoptera, Nepticulidae). ZooKeys. 784: 95-125
Stigmella oxyacanthella;Europe;Palearctic;2025;Shropshire, K., Tallamy, D. (2025). Lepidoptera of North American north of Mexico: An annotated list containing geographic ranges and host plant records. ZooKeys
Stigmella pyri;Europe;Palearctic;2012;Davis, T. (2012). A Review of the Status of Microlepidoptera in Britain. Butterfly Conservation Report No. S12-02. Butterfly Conservation, Wareham
Stigmella speciosa;Europe;Palearctic;2012;Davis, T. (2012). A Review of the Status of Microlepidoptera in Britain. Butterfly Conservation Report No. S12-02. Butterfly Conservation, Wareham
Stigmella suberivora;Europe;Palearctic;2003;van Nieukerken, E., Johansson, R. (2003). The Quercus feeding Stigmella species of the West Palaearctic: new species, key and distribution (Lepidoptera: Nepticulidae). Tijdschrift voor Entomologie. 146: 307-370
Stigmella suberivora;Africa;Saharo-Arabian;2003;van Nieukerken, E., Johansson, R. (2003). The Quercus feeding Stigmella species of the West Palaearctic: new species, key and distribution (Lepidoptera: Nepticulidae). Tijdschrift voor Entomologie. 146: 307-370
Stoeberhinus testaceus;Oceania;Oceanian;1986;Clarke, J. (1986): Pyralidae and Microlepidoptera of the Marquesas Archipelago. Smithsonian Contributions to Zoology. 416
Stoeberhinus testaceus;Oceania;Oceanian;2024;Turner, R. et al. (2024). International Non-native Insect Establishment Data (0.2.1) [Data set]. Zenodo
Stomphastis thraustica;South America;Neotropical;2022;Taylor, D., Dhileepan, K. (2022). Application to release Stomphastis thraustica, an agent for the biological control of Jatropha gossypiifolia in Australia. Biosecurity Queensland, Department of Agriculture and Fisheries Australia
Strepsicrates infensa;Australia;Australian;2001;Withers, T. (2001). Colonization of eucalypts in New Zealand by Australian insects. Austral Ecology. 26(5): 467-476
Strepsicrates infensa;Australia;Australian;2024;Turner, R. et al. (2024). International Non-native Insect Establishment Data (0.2.1) [Data set]. Zenodo
Strepsicrates macropetana;Australia;Australian;2000;Mauchline, N. (2000). Important biological and ecological aspects of Strepsicrates macropetana Meyrick (Lepidoptera: Tortricidae): a thesis presented in partial fulfilment of the requirements for the degree of Master of Science in Plant Protection at Massey University [MsC Thesis, Massey University]
Strepsicrates semicanella;Australia;Australian;2005;Wakamura, S. et al. (2005). Sex pheromone components of an olethreutid moth, Strepsicrates semicanella (Walker)(Lepidoptera: Tortricidae), a pest of guava and eucalyptus in Okinawa. Applied Entomology and Zoology. 40(4): 637-642
Strepsicrates semicanella;Asia;Oriental;2005;Wakamura, S. et al. (2005). Sex pheromone components of an olethreutid moth, Strepsicrates semicanella (Walker)(Lepidoptera: Tortricidae), a pest of guava and eucalyptus in Okinawa. Applied Entomology and Zoology. 40(4): 637-642
Strepsicrates semicanella;Asia;Sino-Japanese;2005;Wakamura, S. et al. (2005). Sex pheromone components of an olethreutid moth, Strepsicrates semicanella (Walker)(Lepidoptera: Tortricidae), a pest of guava and eucalyptus in Okinawa. Applied Entomology and Zoology. 40(4): 637-642
Strepsicrates semicanella;Australia;Australian;2024;Turner, R. et al. (2024). International Non-native Insect Establishment Data (0.2.1) [Data set]. Zenodo
Strepsicrates smithiana;North America;Nearctic;2012;Vargas, H. (2012). Strepsicrates smithiana Walsingham (Lepidoptera, Tortricidae): first record from Chile and a newly documented host plant. Revista Brasileira de Entomologia. 56: 381-382
Strepsicrates smithiana;South America;Neotropical;2012;Vargas, H. (2012). Strepsicrates smithiana Walsingham (Lepidoptera, Tortricidae): first record from Chile and a newly documented host plant. Revista Brasileira de Entomologia. 56: 381-382
Strepsicrates smithiana;North America;Panamanian;2012;Vargas, H. (2012). Strepsicrates smithiana Walsingham (Lepidoptera, Tortricidae): first record from Chile and a newly documented host plant. Revista Brasileira de Entomologia. 56: 381-382
Strepsicrates smithiana;North America;Nearctic;2024;Turner, R. et al. (2024). International Non-native Insect Establishment Data (0.2.1) [Data set]. Zenodo
Strepsicrates smithiana;South America;Neotropical;2024;Turner, R. et al. (2024). International Non-native Insect Establishment Data (0.2.1) [Data set]. Zenodo
Strymon bazochii;North America;Nearctic;2014;Silva, N. et al. (2014). Larval biology of anthophagous Eumaeini (Lepidoptera: Lycaenidae, Theclinae) in the Cerrado of central Brazil. Journal of Insect Science. 14(184): 1-17
Strymon bazochii;South America;Neotropical;2014;Silva, N. et al. (2014). Larval biology of anthophagous Eumaeini (Lepidoptera: Lycaenidae, Theclinae) in the Cerrado of central Brazil. Journal of Insect Science. 14(184): 1-17
Strymon bazochii;North America;Panamanian;2014;Silva, N. et al. (2014). Larval biology of anthophagous Eumaeini (Lepidoptera: Lycaenidae, Theclinae) in the Cerrado of central Brazil. Journal of Insect Science. 14(184): 1-17
Strymon bazochii;South America;Neotropical;2024;Turner, R. et al. (2024). International Non-native Insect Establishment Data (0.2.1) [Data set]. Zenodo
Stylopalpia luniferella;North America;Panamanian;1901;Hampson, G. (1901). Lepidoptera - Phalaenae of the Bahamas. Annals of Natural History. 7: 246-261
Stylopalpia luniferella;South America;Neotropical;2024;Turner, R. et al. (2024). International Non-native Insect Establishment Data (0.2.1) [Data set]. Zenodo
Suastus gremius;Asia;Oriental;2022;Sunitha, T., Balagangatharan, P. (2022). Butterfly species diversity and abundance in Ramanathi Dam, Kadayam, Tenkasi Dist, Tamilnadu. Sciencia Acta Xaveriana - An International Science Journal. 13(1): 65-82
Suastus gremius;Asia;Oriental;2024;Turner, R. et al. (2024). International Non-native Insect Establishment Data (0.2.1) [Data set]. Zenodo
Swammerdamia pyrella;Asia;Palearctic;2019;Na, S. et al. (2019). Taxonomic review of the genus Swammerdamia Hubner (Lepidoptera: Yponomeutidae) from Korea. Journal of Asia-Pacific Biodiversity. 12(1): 74-78
Swammerdamia pyrella;Europe;Palearctic;2019;Na, S. et al. (2019). Taxonomic review of the genus Swammerdamia Hubner (Lepidoptera: Yponomeutidae) from Korea. Journal of Asia-Pacific Biodiversity. 12(1): 74-78
Swammerdamia pyrella;Europe;Palearctic;2024;Turner, R. et al. (2024). International Non-native Insect Establishment Data (0.2.1) [Data set]. Zenodo
Swammerdamia pyrella;Asia;Palearctic;2024;Turner, R. et al. (2024). International Non-native Insect Establishment Data (0.2.1) [Data set]. Zenodo
Symmetrischema capsica;South America;Neotropical;2024;Turner, R. et al. (2024). International Non-native Insect Establishment Data (0.2.1) [Data set]. Zenodo
Symmetrischema costaricanum;South America;Neotropical;1990;Povolny, D. (1990). Symmetrischema costaricanum sp. n., an obviously undescribed species from Central America (Insecta, Lepidoptera, Gelechiidae: Gnorimoschemini). Reichenbachia. 28: 59-63
Symmetrischema striatella;North America;Nearctic;2024;Austin, K., Rubinoff, D. (2024). New records of introduced Lepidoptera in the Hawaiian Islands for the year 2023. Bishop Museum Occasional Papers. 156: 111-121
Symmetrischema striatella;North America;Nearctic;2024;Turner, R. et al. (2024). International Non-native Insect Establishment Data (0.2.1) [Data set]. Zenodo
Symmetrischema tangolias;South America;Neotropical;2016;Sporleder, M. et al. (2016). Andean potato tuber moth, Symmetrischema tangolias (Gyen 1913). In: Kroschel, J. et al. (2016). Pest distribution and risk atlas for Africa. Potential global and regional distribution and abundance of agricultural and horticultural pests and associated biocontrol agents under current and future climates. International Potato Center (CIP), Lima, Peru
Symmetrischema tangolias;South America;Neotropical;2024;Turner, R. et al. (2024). International Non-native Insect Establishment Data (0.2.1) [Data set]. Zenodo
Symmoca signatella;Europe;Palearctic;2024;Turner, R. et al. (2024). International Non-native Insect Establishment Data (0.2.1) [Data set]. Zenodo
Synanthedon andrenaeformis;Europe;Palearctic;2010;Lopez-Vaamonde, C. et al. (2010). Lepidoptera. Chapter 11. BioRisk. 4: 603-668
Synanthedon myopaeformis;Africa;Afrotropical;2010;Lopez-Vaamonde, C. et al. (2010). Lepidoptera. Chapter 11. BioRisk. 4: 603-668
Synanthedon myopaeformis;Asia;Palearctic;2010;Lopez-Vaamonde, C. et al. (2010). Lepidoptera. Chapter 11. BioRisk. 4: 603-668
Synanthedon myopaeformis;Europe;Palearctic;2010;Lopez-Vaamonde, C. et al. (2010). Lepidoptera. Chapter 11. BioRisk. 4: 603-668
Synanthedon myopaeformis;Africa;Saharo-Arabian;2010;Lopez-Vaamonde, C. et al. (2010). Lepidoptera. Chapter 11. BioRisk. 4: 603-668
Synanthedon myopaeformis;Europe;Palearctic;2024;Turner, R. et al. (2024). International Non-native Insect Establishment Data (0.2.1) [Data set]. Zenodo
Synanthedon tipuliformis;Europe;Palearctic;1982;Hardy, R. (1982). The biology and behaviour of currant borer moth, Synanthedon tipuliformis (Clerck)(Lepidoptera: Aegeriidae) in Tasmania. Australian Journal of Entomology. 21(2): 103-109
Synanthedon tipuliformis;Europe;Palearctic;2024;Turner, R. et al. (2024). International Non-native Insect Establishment Data (0.2.1) [Data set]. Zenodo
Syndemis cedricola;Asia;Palearctic;2007;Seven, S., Ozdemir, M. (2007). The genus Dichelia Guenee, 1845 (Lepidoptera: Tortricidae) in Turkey. Acta Entomologica Slovenica. 15(2): 185-190
Syndemis cedricola;Africa;Saharo-Arabian;2023;Assaad, M. (2023). Ecology and impacts of insect communities on Lebanese cedar Cedrus libani A. Rich. [MSc Thesis, Universita degli Studi di Padova]
Syndemis cedricola;Asia;Saharo-Arabian;2007;Seven, S., Ozdemir, M. (2007). The genus Dichelia Guenee, 1845 (Lepidoptera: Tortricidae) in Turkey. Acta Entomologica Slovenica. 15(2): 185-190
Syngamia florella;North America;Nearctic;2019;Hayden, J. (2019). Syngamia florella (Stoll), the orange-spotted flower moth (Lepidoptera: Crambidae: Spilomelinae). FDACS-P-02105, 440
Syngamia florella;South America;Neotropical;2019;Hayden, J. (2019). Syngamia florella (Stoll), the orange-spotted flower moth (Lepidoptera: Crambidae: Spilomelinae). FDACS-P-02105, 440
Syngamia florella;North America;Panamanian;2019;Hayden, J. (2019). Syngamia florella (Stoll), the orange-spotted flower moth (Lepidoptera: Crambidae: Spilomelinae). FDACS-P-02105, 440
Syngamia florella;South America;Neotropical;2024;Turner, R. et al. (2024). International Non-native Insect Establishment Data (0.2.1) [Data set]. Zenodo
Syngrapha interrogationis;North America;Nearctic;2017;Saulich, A. et al. (2017). Seasonal cycles of noctuid moths of the subfamily Plusiinae (Lepidoptera, Noctuidae) of the Palaearctic: diversity and environmental control. Entomological Review, 97(2), 143-157
Syngrapha interrogationis;Europe;Palearctic;2017;Saulich, A. et al. (2017). Seasonal cycles of noctuid moths of the subfamily Plusiinae (Lepidoptera, Noctuidae) of the Palaearctic: diversity and environmental control. Entomological Review, 97(2), 143-157
Syngrapha interrogationis;Asia;Palearctic;2017;Saulich, A. et al. (2017). Seasonal cycles of noctuid moths of the subfamily Plusiinae (Lepidoptera, Noctuidae) of the Palaearctic: diversity and environmental control. Entomological Review, 97(2), 143-157
Syngrapha interrogationis;North America;Nearctic;2024;Turner, R. et al. (2024). International Non-native Insect Establishment Data (0.2.1) [Data set]. Zenodo
Syngrapha interrogationis;Europe;Palearctic;2024;Turner, R. et al. (2024). International Non-native Insect Establishment Data (0.2.1) [Data set]. Zenodo
Syngrapha interrogationis;Asia;Palearctic;2024;Turner, R. et al. (2024). International Non-native Insect Establishment Data (0.2.1) [Data set]. Zenodo
Syntomeida epilais;North America;Nearctic;2016;McAuslane, H. (2016). Oleander caterpillar, Syntomeida epilais Walker (Insecta: Lepidoptera: Arctiidae). U.S. Department of Agriculture. University of Florida. Florida, United States of America
Syntomeida epilais;South America;Neotropical;2016;McAuslane, H. (2016). Oleander caterpillar, Syntomeida epilais Walker (Insecta: Lepidoptera: Arctiidae). U.S. Department of Agriculture. University of Florida. Florida, United States of America
Syntomeida epilais;North America;Panamanian;2016;McAuslane, H. (2016). Oleander caterpillar, Syntomeida epilais Walker (Insecta: Lepidoptera: Arctiidae). U.S. Department of Agriculture. University of Florida. Florida, United States of America
Syntomeida epilais;South America;Panamanian;2016;McAuslane, H. (2016). Oleander caterpillar, Syntomeida epilais Walker (Insecta: Lepidoptera: Arctiidae). U.S. Department of Agriculture. University of Florida. Florida, United States of America
Tachystola acroxantha;Australia;Australian;2010;Patrick, B. (2010). Southern spread of moths in New Zealand. The Weta. 40: 32-38
Tachystola acroxantha;Australia;Australian;2024;Turner, R. et al. (2024). International Non-native Insect Establishment Data (0.2.1) [Data set]. Zenodo
Tachystola hemisema;Australia;Australian;2024;Austin, K., Rubinoff, D. (2024). New records of introduced Lepidoptera in the Hawaiian Islands for the year 2023. Bishop Museum Occasional Papers. 156: 111-121
Tachystola hemisema;Australia;Australian;2024;Turner, R. et al. (2024). International Non-native Insect Establishment Data (0.2.1) [Data set]. Zenodo
Targalla delatrix;Australia;Australian;2014;Watabiki, D., Yoshimatsu, S. (2014). Taxonomic study of Targalla delatrix (Guenee) and its close relatives from East and Southeast Asia with description of a new species (Lepidoptera: Euteliidae). Lepidoptera Science. 65(4): 158-178
Targalla delatrix;Oceania;Oceanian;2014;Watabiki, D., Yoshimatsu, S. (2014). Taxonomic study of Targalla delatrix (Guenee) and its close relatives from East and Southeast Asia with description of a new species (Lepidoptera: Euteliidae). Lepidoptera Science. 65(4): 158-178
Targalla delatrix;Asia;Oriental;2014;Watabiki, D., Yoshimatsu, S. (2014). Taxonomic study of Targalla delatrix (Guenee) and its close relatives from East and Southeast Asia with description of a new species (Lepidoptera: Euteliidae). Lepidoptera Science. 65(4): 158-178
Targalla delatrix;Asia;Oriental;2024;Turner, R. et al. (2024). International Non-native Insect Establishment Data (0.2.1) [Data set]. Zenodo
Tathorhynchus exsiccata;Asia;Oriental;2024;Turner, R. et al. (2024). International Non-native Insect Establishment Data (0.2.1) [Data set]. Zenodo
Tathorhynchus exsiccata;Africa;Afrotropical;2024;Turner, R. et al. (2024). International Non-native Insect Establishment Data (0.2.1) [Data set]. Zenodo
Tathorhynchus exsiccata;Australia;Australian;2024;Turner, R. et al. (2024). International Non-native Insect Establishment Data (0.2.1) [Data set]. Zenodo
Caloptilia triadicae;Asia;Oriental;2024;University of Florida (2024). Featured Creatures - Caloptilia triadicae (Davis) (Insecta: Lepidoptera: Gracillariidae).
Caloptilia triadicae;Asia;Sino-Japanese;2024;University of Florida (2024). Featured Creatures - Caloptilia triadicae (Davis) (Insecta: Lepidoptera: Gracillariidae).
Tecia solanivora;South America;Neotropical;2024;Turner, R. et al. (2024). International Non-native Insect Establishment Data (0.2.1) [Data set]. Zenodo
Coleophora limosipennella;Europe;Palearctic;2020;VanDyk, J. et al. (2020). BugGuide - Identification, Images, and Information For Insects, Spiders and Their Kin For the United States and Canada. Version 1.5. United States Geological Survey.
Terastia meticulosalis;Africa;Afrotropical;1958;Zimmerman, E. (1958). Insects of Hawaii. Volume 8, Lepidoptera: Pyraloidea. Hawaii: University of Hawaii Press, Honolulu, Hawaii, United States of America
Terastia meticulosalis;Australia;Australian;1958;Zimmerman, E. (1958). Insects of Hawaii. Volume 8, Lepidoptera: Pyraloidea. Hawaii: University of Hawaii Press, Honolulu, Hawaii, United States of America
Terastia meticulosalis;South America;Neotropical;1958;Zimmerman, E. (1958). Insects of Hawaii. Volume 8, Lepidoptera: Pyraloidea. Hawaii: University of Hawaii Press, Honolulu, Hawaii, United States of America
Terastia meticulosalis;Asia;Oriental;1958;Zimmerman, E. (1958). Insects of Hawaii. Volume 8, Lepidoptera: Pyraloidea. Hawaii: University of Hawaii Press, Honolulu, Hawaii, United States of America
Terastia meticulosalis;South America;Neotropical;2015;Sourakov, A. et al. (2015). On the taxonomy of the erythrina moths Agathodes and Terastia (Crambidae: Spilomelinae): Two different patterns of haplotype divergence and a new species of Terastia. Tropical Lepidoptera Research. 25(2): 80-97
Terastia meticulosalis;North America;Nearctic;2024;Turner, R. et al. (2024). International Non-native Insect Establishment Data (0.2.1) [Data set]. Zenodo
Dichomeris marginella;Europe;Palearctic;2020;VanDyk, J. et al. (2020). BugGuide - Identification, Images, and Information For Insects, Spiders and Their Kin For the United States and Canada. Version 1.5. United States Geological Survey.
Ditula angustiorana;Europe;Palearctic;2020;VanDyk, J. et al. (2020). BugGuide - Identification, Images, and Information For Insects, Spiders and Their Kin For the United States and Canada. Version 1.5. United States Geological Survey.
Ephestiodes gilvescentella;North America;Nearctic;2020;VanDyk, J. et al. (2020). BugGuide - Identification, Images, and Information For Insects, Spiders and Their Kin For the United States and Canada. Version 1.5. United States Geological Survey.
Thaumatotibia leucotreta;Africa;Afrotropical;2024;Turner, R. et al. (2024). International Non-native Insect Establishment Data (0.2.1) [Data set]. Zenodo
Eublemma recta;North America;Nearctic;2020;VanDyk, J. et al. (2020). BugGuide - Identification, Images, and Information For Insects, Spiders and Their Kin For the United States and Canada. Version 1.5. United States Geological Survey.
Eublemma recta;South America;Neotropical;2020;VanDyk, J. et al. (2020). BugGuide - Identification, Images, and Information For Insects, Spiders and Their Kin For the United States and Canada. Version 1.5. United States Geological Survey.
Eublemma recta;North America;Panamanian;2020;VanDyk, J. et al. (2020). BugGuide - Identification, Images, and Information For Insects, Spiders and Their Kin For the United States and Canada. Version 1.5. United States Geological Survey.
Thaumetopoea processionea;Europe;Palearctic;2012;Groenen, F., Meurisse, N. (2012). Historical distribution of the oak processionary moth Thaumetopoea processionea in Europe suggests recolonization instead of expansion. Agricultural and Forest Entomology. 14(2): 147-155
Thaumetopoea processionea;Europe;Palearctic;2024;Turner, R. et al. (2024). International Non-native Insect Establishment Data (0.2.1) [Data set]. Zenodo
Thecla limenia;North America;Panamanian;1986;Scott, J. (1986). Distribution of Caribbean Butterflies. Papilio. 3: 1-26
Thecla limenia;South America;Neotropical;2024;Turner, R. et al. (2024). International Non-native Insect Establishment Data (0.2.1) [Data set]. Zenodo
Eulithis mellinata;Asia;Palearctic;2020;VanDyk, J. et al. (2020). BugGuide - Identification, Images, and Information For Insects, Spiders and Their Kin For the United States and Canada. Version 1.5. United States Geological Survey.
Eulithis mellinata;Europe;Palearctic;2020;VanDyk, J. et al. (2020). BugGuide - Identification, Images, and Information For Insects, Spiders and Their Kin For the United States and Canada. Version 1.5. United States Geological Survey.
Hellinsia balanotes;North America;Nearctic;2020;VanDyk, J. et al. (2020). BugGuide - Identification, Images, and Information For Insects, Spiders and Their Kin For the United States and Canada. Version 1.5. United States Geological Survey.
Thera britannica;Europe;Palearctic;2023;Boyes, D. et al. (2023). The genome sequence of the spruce carpet moth, Thera britannica (Turner, 1925). Wellcome Open Research. 8: 114
Thera cupressata;Europe;Palearctic;2020;Vieira, V. (2020). First record of Thera cupressata (Geyer,[1831]) for the Azores islands (Portugal)(Lepidoptera: Geometridae). SHILAP Revista de Lepidopterologia. 48(189): 83-87
Thera cupressata;Europe;Palearctic;2024;Turner, R. et al. (2024). International Non-native Insect Establishment Data (0.2.1) [Data set]. Zenodo
Thera juniperata;Europe;Palearctic;2024;Turner, R. et al. (2024). International Non-native Insect Establishment Data (0.2.1) [Data set]. Zenodo
Theresimima ampellophaga;Asia;Palearctic;2020;Chireceanu, C. et al. (2020). Invasive Insect Species Detected on Grapevines in Romania during 2016-2019 and First Record of Erasmoneura vulnerata (Fitch, 1851) (Hemiptera: Cicadellidae). Acta Zoologica Bulgarica. 72(4): 649-659
Theresimima ampellophaga;Europe;Palearctic;2020;Chireceanu, C. et al. (2020). Invasive Insect Species Detected on Grapevines in Romania during 2016-2019 and First Record of Erasmoneura vulnerata (Fitch, 1851) (Hemiptera: Cicadellidae). Acta Zoologica Bulgarica. 72(4): 649-659
Theretra latreillii;Australia;Australian;2014;Rafi, M. et al. (2014). The Hawkmoth Fauna of Pakistan (Lepidoptera: Sphingidae). Zootaxa. 3794(3): 393-418
Theretra latreillii;Oceania;Oceanian;2014;Rafi, M. et al. (2014). The Hawkmoth Fauna of Pakistan (Lepidoptera: Sphingidae). Zootaxa. 3794(3): 393-418
Theretra latreillii;Asia;Oriental;2014;Rafi, M. et al. (2014). The Hawkmoth Fauna of Pakistan (Lepidoptera: Sphingidae). Zootaxa. 3794(3): 393-418
Theretra latreillii;Asia;Saharo-Arabian;2014;Rafi, M. et al. (2014). The Hawkmoth Fauna of Pakistan (Lepidoptera: Sphingidae). Zootaxa. 3794(3): 393-418
Theretra latreillii;Asia;Sino-Japanese;2014;Rafi, M. et al. (2014). The Hawkmoth Fauna of Pakistan (Lepidoptera: Sphingidae). Zootaxa. 3794(3): 393-418
Theretra nessus;Australia;Australian;2009;Leong, T., Lim, K. (2009). Final instar caterpillar and metamorphosis of the hawkmoth, Theretra nessus (Drury) in Singapore (Lepidoptera: Sphingidae: Macroglossinae). Nature in Singapore. 2: 503-510
Theretra nessus;Oceania;Oceanian;2009;Leong, T., Lim, K. (2009). Final instar caterpillar and metamorphosis of the hawkmoth, Theretra nessus (Drury) in Singapore (Lepidoptera: Sphingidae: Macroglossinae). Nature in Singapore. 2: 503-510
Theretra nessus;Asia;Oriental;2009;Leong, T., Lim, K. (2009). Final instar caterpillar and metamorphosis of the hawkmoth, Theretra nessus (Drury) in Singapore (Lepidoptera: Sphingidae: Macroglossinae). Nature in Singapore. 2: 503-510
Theretra nessus;Asia;Sino-Japanese;2009;Leong, T., Lim, K. (2009). Final instar caterpillar and metamorphosis of the hawkmoth, Theretra nessus (Drury) in Singapore (Lepidoptera: Sphingidae: Macroglossinae). Nature in Singapore. 2: 503-510
Theretra nessus;Asia;Oriental;2024;Turner, R. et al. (2024). International Non-native Insect Establishment Data (0.2.1) [Data set]. Zenodo
Herpetogramma phaeopteralis;North America;Nearctic;2020;VanDyk, J. et al. (2020). BugGuide - Identification, Images, and Information For Insects, Spiders and Their Kin For the United States and Canada. Version 1.5. United States Geological Survey.
Herpetogramma phaeopteralis;South America;Neotropical;2020;VanDyk, J. et al. (2020). BugGuide - Identification, Images, and Information For Insects, Spiders and Their Kin For the United States and Canada. Version 1.5. United States Geological Survey.
Thyas coronata;Australia;Australian;2008;Kawazu, K. et al. (2008). Lepidoptera captured on the East China Sea in 2005 and predicted migration sources. Entomological Science. 11(3): 315-322
Thyas coronata;Asia;Oriental;2008;Kawazu, K. et al. (2008). Lepidoptera captured on the East China Sea in 2005 and predicted migration sources. Entomological Science. 11(3): 315-322
Thyas coronata;Asia;Sino-Japanese;2008;Kawazu, K. et al. (2008). Lepidoptera captured on the East China Sea in 2005 and predicted migration sources. Entomological Science. 11(3): 315-322
Herpetogramma phaeopteralis;North America;Panamanian;2020;VanDyk, J. et al. (2020). BugGuide - Identification, Images, and Information For Insects, Spiders and Their Kin For the United States and Canada. Version 1.5. United States Geological Survey.
Incurvaria rubiella;Asia;Palearctic;2020;VanDyk, J. et al. (2020). BugGuide - Identification, Images, and Information For Insects, Spiders and Their Kin For the United States and Canada. Version 1.5. United States Geological Survey.
Thymelicus lineola;Asia;Oriental;1966;Burns, J. (1966). Expanding distribution and evolutionary potential of Thymelicus lineola (Lepidoptera: Hesperiidae), an introduced skipper, with special reference to its appearance in British Columbia. The Canadian Entomologist. 98(8): 859-866
Thymelicus lineola;Asia;Palearctic;1966;Burns, J. (1966). Expanding distribution and evolutionary potential of Thymelicus lineola (Lepidoptera: Hesperiidae), an introduced skipper, with special reference to its appearance in British Columbia. The Canadian Entomologist. 98(8): 859-866
Thymelicus lineola;Europe;Palearctic;1966;Burns, J. (1966). Expanding distribution and evolutionary potential of Thymelicus lineola (Lepidoptera: Hesperiidae), an introduced skipper, with special reference to its appearance in British Columbia. The Canadian Entomologist. 98(8): 859-866
Thymelicus lineola;Asia;Saharo-Arabian;1966;Burns, J. (1966). Expanding distribution and evolutionary potential of Thymelicus lineola (Lepidoptera: Hesperiidae), an introduced skipper, with special reference to its appearance in British Columbia. The Canadian Entomologist. 98(8): 859-866
Thymelicus lineola;Asia;Sino-Japanese;1966;Burns, J. (1966). Expanding distribution and evolutionary potential of Thymelicus lineola (Lepidoptera: Hesperiidae), an introduced skipper, with special reference to its appearance in British Columbia. The Canadian Entomologist. 98(8): 859-866
Thymelicus lineola;Europe;Palearctic;2024;Turner, R. et al. (2024). International Non-native Insect Establishment Data (0.2.1) [Data set]. Zenodo
Thymelicus lineola;Asia;Palearctic;2024;Turner, R. et al. (2024). International Non-native Insect Establishment Data (0.2.1) [Data set]. Zenodo
Thymelicus sylvestris;Europe;Palearctic;2019;Hinojosa, J. et al. (2019). A mirage of cryptic species: genomics uncover striking mitonuclear discordance in the butterfly Thymelicus sylvestris. Molecular Ecology. 28(17): 3857-3868
Thymelicus sylvestris;Africa;Saharo-Arabian;2019;Hinojosa, J. et al. (2019). A mirage of cryptic species: genomics uncover striking mitonuclear discordance in the butterfly Thymelicus sylvestris. Molecular Ecology. 28(17): 3857-3868
Thymelicus sylvestris;Europe;Palearctic;2024;Turner, R. et al. (2024). International Non-native Insect Establishment Data (0.2.1) [Data set]. Zenodo
Thyrinteina arnobia;North America;Nearctic;2024;Nanini, F. et al. (2024). Genetic diversity, population structure and ecological niche modeling of Thyrinteina arnobia (Lepidoptera: Geometridae), a native Eucalyptus pest in Brazil. Scientific Reports, 14(1), 20963
Thyrinteina arnobia;South America;Neotropical;2024;Nanini, F. et al. (2024). Genetic diversity, population structure and ecological niche modeling of Thyrinteina arnobia (Lepidoptera: Geometridae), a native Eucalyptus pest in Brazil. Scientific Reports, 14(1), 20963
Thyrinteina arnobia;South America;Panamanian;2024;Nanini, F. et al. (2024). Genetic diversity, population structure and ecological niche modeling of Thyrinteina arnobia (Lepidoptera: Geometridae), a native Eucalyptus pest in Brazil. Scientific Reports, 14(1), 20963
Thyrinteina arnobia;North America;Panamanian;2024;Nanini, F. et al. (2024). Genetic diversity, population structure and ecological niche modeling of Thyrinteina arnobia (Lepidoptera: Geometridae), a native Eucalyptus pest in Brazil. Scientific Reports, 14(1), 20963
Thysanoplusia orichalcea;Asia;Oriental;2008;Stringer, L. et al. (2008). Floral attractants for the female soybean looper, Thysanoplusia orichalcea (Lepidoptera: Noctuidae). Pest Management Science. 64(12): 1218-1221
Thysanoplusia orichalcea;Australia;Australian;2024;Turner, R. et al. (2024). International Non-native Insect Establishment Data (0.2.1) [Data set]. Zenodo
Tinea columbariella;Asia;Palearctic;1968;Strumpel, H. (1968). Tinea columbariella Wck. als Schadling an importierten Entenfedern. Anzeiger fur Schadlingskunde. 41: 84-88
Tinea columbariella;Europe;Palearctic;1968;Strumpel, H. (1968). Tinea columbariella Wck. als Schadling an importierten Entenfedern. Anzeiger fur Schadlingskunde. 41: 84-88
Tinea columbariella;Europe;Palearctic;2024;Turner, R. et al. (2024). International Non-native Insect Establishment Data (0.2.1) [Data set]. Zenodo
Tinea columbariella;Asia;Palearctic;2024;Turner, R. et al. (2024). International Non-native Insect Establishment Data (0.2.1) [Data set]. Zenodo
Tinea dubiella;Asia;Palearctic;2023;Kovacs, Z., Kovacs, S. (2023). An overview of the Romanian Meessiidae, Eriocottidae and Tineidae (Lepidoptera, Tineoidea) summarizing the current knowledge in an updated and annotated checklist. Entomologica Romanica. 27: 1-34
Tinea dubiella;Europe;Palearctic;1984;Carter, D. (1984). Pest Lepidoptera of Europe: with special reference to the British Isles (Vol. 31). Springer Science and Business Media. Berlin, Germany
Tinea dubiella;Europe;Palearctic;2023;Kovacs, Z., Kovacs, S. (2023). An overview of the Romanian Meessiidae, Eriocottidae and Tineidae (Lepidoptera, Tineoidea) summarizing the current knowledge in an updated and annotated checklist. Entomologica Romanica. 27: 1-34
Tinea dubiella;Africa;Saharo-Arabian;1984;Carter, D. (1984). Pest Lepidoptera of Europe: with special reference to the British Isles (Vol. 31). Springer Science and Business Media. Berlin, Germany
Tinea dubiella;Europe;Palearctic;2024;Turner, R. et al. (2024). International Non-native Insect Establishment Data (0.2.1) [Data set]. Zenodo
Tinea flavescentella;Europe;Palearctic;2019;Gaedike, R. (2019). Tineidae II: (Myrmecozelinae, Perissomasticinae, Tineinae, Hieroxestinae, Teichobiinae and Stathmopolitinae). Brill. Leiden, Netherlands
Tinea flavescentella;Africa;Saharo-Arabian;2019;Gaedike, R. (2019). Tineidae II: (Myrmecozelinae, Perissomasticinae, Tineinae, Hieroxestinae, Teichobiinae and Stathmopolitinae). Brill. Leiden, Netherlands
Tinea flavescentella;Europe;Palearctic;2024;Turner, R. et al. (2024). International Non-native Insect Establishment Data (0.2.1) [Data set]. Zenodo
Incurvaria rubiella;Europe;Palearctic;2020;VanDyk, J. et al. (2020). BugGuide - Identification, Images, and Information For Insects, Spiders and Their Kin For the United States and Canada. Version 1.5. United States Geological Survey.
Tinea murariella;Europe;Palearctic;2024;Turner, R. et al. (2024). International Non-native Insect Establishment Data (0.2.1) [Data set]. Zenodo
Iridopsis fragilaria;North America;Nearctic;2020;VanDyk, J. et al. (2020). BugGuide - Identification, Images, and Information For Insects, Spiders and Their Kin For the United States and Canada. Version 1.5. United States Geological Survey.
Tinea pallescentella;South America;Neotropical;2024;Turner, R. et al. (2024). International Non-native Insect Establishment Data (0.2.1) [Data set]. Zenodo
Lorita scarificata;North America;Nearctic;2020;VanDyk, J. et al. (2020). BugGuide - Identification, Images, and Information For Insects, Spiders and Their Kin For the United States and Canada. Version 1.5. United States Geological Survey.
Tinea pellionella;Europe;Palearctic;2024;Turner, R. et al. (2024). International Non-native Insect Establishment Data (0.2.1) [Data set]. Zenodo
Tinea translucens;Asia;Oriental;2010;Lopez-Vaamonde, C. et al. (2010). Lepidoptera. Chapter 11. BioRisk. 4: 603-668
Tinea translucens;Asia;Saharo-Arabian;2010;Lopez-Vaamonde, C. et al. (2010). Lepidoptera. Chapter 11. BioRisk. 4: 603-668
Tinea translucens;Asia;Oriental;2024;Turner, R. et al. (2024). International Non-native Insect Establishment Data (0.2.1) [Data set]. Zenodo
Tineola bisselliella;Africa;Afrotropical;2011;Plarre, R., Kruger-Carstensen, B. (2011). An attempt to reconstruct the natural and cultural history of the webbing clothes moth Tineola bisselliella Hummel (Lepidoptera: Tineidae). Journal of Entomological and Acarological Research. 43(2): 83-93
Tineola bisselliella;Africa;Afrotropical;2024;Turner, R. et al. (2024). International Non-native Insect Establishment Data (0.2.1) [Data set]. Zenodo
Lorita scarificata;South America;Neotropical;2020;VanDyk, J. et al. (2020). BugGuide - Identification, Images, and Information For Insects, Spiders and Their Kin For the United States and Canada. Version 1.5. United States Geological Survey.
Lorita scarificata;North America;Panamanian;2020;VanDyk, J. et al. (2020). BugGuide - Identification, Images, and Information For Insects, Spiders and Their Kin For the United States and Canada. Version 1.5. United States Geological Survey.
Melitara junctolineella;North America;Nearctic;2020;VanDyk, J. et al. (2020). BugGuide - Identification, Images, and Information For Insects, Spiders and Their Kin For the United States and Canada. Version 1.5. United States Geological Survey.
Mirificarma eburnella;Asia;Palearctic;2020;VanDyk, J. et al. (2020). BugGuide - Identification, Images, and Information For Insects, Spiders and Their Kin For the United States and Canada. Version 1.5. United States Geological Survey.
Tmolus echion;North America;Nearctic;1934;Carter, W. (1934). Notes on two Pests of Pineapple not known in Hawaii. Proceedings of the Hawaiian Entomological Society. 8(3): 395-397
Tmolus echion;North America;Panamanian;1934;Carter, W. (1934). Notes on two Pests of Pineapple not known in Hawaii. Proceedings of the Hawaiian Entomological Society. 8(3): 395-397
Tmolus echion;South America;Neotropical;2024;Turner, R. et al. (2024). International Non-native Insect Establishment Data (0.2.1) [Data set]. Zenodo
Tongeia filicaudis;Asia;Oriental;2006;Huang, H., Chen, Z. (2006). A new species of Tongeia Tutt, [1908] from Northeast Yunnan, China. Atalanta. 37(1) : 184-190
Tongeia filicaudis;Asia;Palearctic;2006;Huang, H., Chen, Z. (2006). A new species of Tongeia Tutt, [1908] from Northeast Yunnan, China. Atalanta. 37(1) : 184-190
Tongeia filicaudis;Asia;Sino-Japanese;2006;Huang, H., Chen, Z. (2006). A new species of Tongeia Tutt, [1908] from Northeast Yunnan, China. Atalanta. 37(1) : 184-190
Tongeia filicaudis;Asia;Palearctic;2024;Turner, R. et al. (2024). International Non-native Insect Establishment Data (0.2.1) [Data set]. Zenodo
Tongeia filicaudis;Asia;Oriental;2024;Turner, R. et al. (2024). International Non-native Insect Establishment Data (0.2.1) [Data set]. Zenodo
Trachylepidia fructicassiella;Africa;Afrotropical;1917;Hampson, G. (1917). A classification of the Pyralidae, subfamily Gallerianae. Novitates Zoologicae. 24(1): 17-58
Trachylepidia fructicassiella;Asia;Oriental;1917;Hampson, G. (1917). A classification of the Pyralidae, subfamily Gallerianae. Novitates Zoologicae. 24(1): 17-58
Trachylepidia fructicassiella;Africa;Saharo-Arabian;1917;Hampson, G. (1917). A classification of the Pyralidae, subfamily Gallerianae. Novitates Zoologicae. 24(1): 17-58
Trachylepidia fructicassiella;Asia;Oriental;2024;Turner, R. et al. (2024). International Non-native Insect Establishment Data (0.2.1) [Data set]. Zenodo
Trachypepla indolescens;Australia;Australian;2024;Turner, R. et al. (2024). International Non-native Insect Establishment Data (0.2.1) [Data set]. Zenodo
Triaxomera parasitella;Europe;Palearctic;2024;Turner, R. et al. (2024). International Non-native Insect Establishment Data (0.2.1) [Data set]. Zenodo
Trichophaga mormopis;Africa;Afrotropical;1978;Zimmerman, E. (1978). Insects of Hawaii. Vol. 9 Microlepidoptera. Part I. The University Press of Hawaii, Honolulu, Hawaii, United States of America
Trichophaga mormopis;Oceania;Oceanian;1978;Zimmerman, E. (1978). Insects of Hawaii. Vol. 9 Microlepidoptera. Part I. The University Press of Hawaii, Honolulu, Hawaii, United States of America
Trichophaga mormopis;Asia;Oriental;1978;Zimmerman, E. (1978). Insects of Hawaii. Vol. 9 Microlepidoptera. Part I. The University Press of Hawaii, Honolulu, Hawaii, United States of America
Trichophaga mormopis;Africa;Afrotropical;2024;Turner, R. et al. (2024). International Non-native Insect Establishment Data (0.2.1) [Data set]. Zenodo
Mirificarma eburnella;Europe;Palearctic;2020;VanDyk, J. et al. (2020). BugGuide - Identification, Images, and Information For Insects, Spiders and Their Kin For the United States and Canada. Version 1.5. United States Geological Survey.
Mirificarma eburnella;Africa;Saharo-Arabian;2020;VanDyk, J. et al. (2020). BugGuide - Identification, Images, and Information For Insects, Spiders and Their Kin For the United States and Canada. Version 1.5. United States Geological Survey.
Oegoconia quadripuncta;Europe;Palearctic;2020;VanDyk, J. et al. (2020). BugGuide - Identification, Images, and Information For Insects, Spiders and Their Kin For the United States and Canada. Version 1.5. United States Geological Survey.
Schreckensteinia festaliella;Asia;Palearctic;2020;VanDyk, J. et al. (2020). BugGuide - Identification, Images, and Information For Insects, Spiders and Their Kin For the United States and Canada. Version 1.5. United States Geological Survey.
Trichophaga tapetzella;Europe;Palearctic;2024;Turner, R. et al. (2024). International Non-native Insect Establishment Data (0.2.1) [Data set]. Zenodo
Trichoplusia ni;North America;Nearctic;2015;Holtz, A. et al. (2015). Pragas das brassicas. Instituto Federal de Ensino, Ciencia e Tecnologia do Espirito Santo (IFES)
Trichoplusia ni;North America;Nearctic;2024;Turner, R. et al. (2024). International Non-native Insect Establishment Data (0.2.1) [Data set]. Zenodo
Trilocha varians;Asia;Oriental;2021;Ramzan, M. et al. (2021). Distribution, biology and management strategies about a less studied insect pest (Trilocha varians) of Ficus: a review. Pakistan Journal of Agricultural Research. 34(3): 638-642
Trilocha varians;Asia;Saharo-Arabian;2021;Ramzan, M. et al. (2021). Distribution, biology and management strategies about a less studied insect pest (Trilocha varians) of Ficus: a review. Pakistan Journal of Agricultural Research. 34(3): 638-642
Trilocha varians;Asia;Sino-Japanese;2021;Ramzan, M. et al. (2021). Distribution, biology and management strategies about a less studied insect pest (Trilocha varians) of Ficus: a review. Pakistan Journal of Agricultural Research. 34(3): 638-642
Trissodoris honorariella;Oceania;Oceanian;1978;Zimmerman, E. (1978). Insects of Hawaii. Vol. 9 Microlepidoptera. Part II. The University Press of Hawaii, Honolulu, Hawaii, United States of America
Trissodoris honorariella;Asia;Oriental;1978;Zimmerman, E. (1978). Insects of Hawaii. Vol. 9 Microlepidoptera. Part II. The University Press of Hawaii, Honolulu, Hawaii, United States of America
Trissodoris honorariella;Asia;Oriental;2024;Turner, R. et al. (2024). International Non-native Insect Establishment Data (0.2.1) [Data set]. Zenodo
Trissodoris honorariella;Australia;Australian;2024;Turner, R. et al. (2024). International Non-native Insect Establishment Data (0.2.1) [Data set]. Zenodo
Trissodoris honorariella;Oceania;Oceanian;2024;Turner, R. et al. (2024). International Non-native Insect Establishment Data (0.2.1) [Data set]. Zenodo
Tucumania tapiacola;South America;Neotropical;1986;Hoffmann, J. (1986). Evidence that the two currently recognized nominal species of Tucumania Dyar (Lepidoptera: Phycitidae) are not distinct. Journal of the Entomological Society of Southern Africa. 49(2): 267-274
Tucumania tapiacola;South America;Neotropical;2024;Turner, R. et al. (2024). International Non-native Insect Establishment Data (0.2.1) [Data set]. Zenodo
Typhonia melana;Europe;Palearctic;2017;Bertaccini, E., Zilli, A. (2017). A new species of Typhonia from the Ligurian Alps (Lepidoptera: Psychidae). Fragmenta entomologica. 49(2): 137-144
Tyria jacobaeae;Europe;Palearctic;1996;Rudd, N., McEvoy, P. (1996). Local dispersal by the cinnabar moth Tyria jacobaeae. Ecological Applications. 6(1): 285-297
Tyria jacobaeae;Europe;Palearctic;2024;Turner, R. et al. (2024). International Non-native Insect Establishment Data (0.2.1) [Data set]. Zenodo
Tyta luctuosa;Asia;Oriental;1988;Rosenthal, S. et al. (1988). Biology of Tyta luctuosa [Lep.: Noctuidae] and its potential value as a biological control agent for the weed Convolvulus arvensis. Entomophaga. 33: 185-192
Tyta luctuosa;Asia;Palearctic;1988;Rosenthal, S. et al. (1988). Biology of Tyta luctuosa [Lep.: Noctuidae] and its potential value as a biological control agent for the weed Convolvulus arvensis. Entomophaga. 33: 185-192
Tyta luctuosa;Europe;Palearctic;1988;Rosenthal, S. et al. (1988). Biology of Tyta luctuosa [Lep.: Noctuidae] and its potential value as a biological control agent for the weed Convolvulus arvensis. Entomophaga. 33: 185-192
Tyta luctuosa;Africa;Saharo-Arabian;1988;Rosenthal, S. et al. (1988). Biology of Tyta luctuosa [Lep.: Noctuidae] and its potential value as a biological control agent for the weed Convolvulus arvensis. Entomophaga. 33: 185-192
Tyta luctuosa;Asia;Saharo-Arabian;1988;Rosenthal, S. et al. (1988). Biology of Tyta luctuosa [Lep.: Noctuidae] and its potential value as a biological control agent for the weed Convolvulus arvensis. Entomophaga. 33: 185-192
Tyta luctuosa;Asia;Sino-Japanese;1988;Rosenthal, S. et al. (1988). Biology of Tyta luctuosa [Lep.: Noctuidae] and its potential value as a biological control agent for the weed Convolvulus arvensis. Entomophaga. 33: 185-192
Schreckensteinia festaliella;Europe;Palearctic;2020;VanDyk, J. et al. (2020). BugGuide - Identification, Images, and Information For Insects, Spiders and Their Kin For the United States and Canada. Version 1.5. United States Geological Survey.
Unadilla maturella;South America;Neotropical;2024;Turner, R. et al. (2024). International Non-native Insect Establishment Data (0.2.1) [Data set]. Zenodo
Uraba lugens;Australia;Australian;2024;Turner, R. et al. (2024). International Non-native Insect Establishment Data (0.2.1) [Data set]. Zenodo
Uresiphita ornithopteralis;Australia;Australian;1978;Bashford, R. (1978). The biology of the Tree Lucerne MothUresiphita ornithopteralis(Guenee)(Lepidoptera: Pyralidae) in southern Tasmania. The Australian Entomologist. 5(4): 71-76
Uresiphita ornithopteralis;Australia;Australian;2024;Turner, R. et al. (2024). International Non-native Insect Establishment Data (0.2.1) [Data set]. Zenodo
Uresiphita polygonalis;Australia;Australian;2024;Turner, R. et al. (2024). International Non-native Insect Establishment Data (0.2.1) [Data set]. Zenodo
Usingeriessa onyxalis;North America;Nearctic;1995;Munroe, E. (1995). Usingeriessa onyxalis (Dyar) (Lepidoptera: Crambidae: Nymphulinae), a Moth With Presumably Aquatic Larvae, Newly Recorded From Hawaii, With a Synopsis of Hawaiian Nymphulinae. Bishop Museum Occasional Papers. 42: 39-42
Usingeriessa onyxalis;North America;Panamanian;1995;Munroe, E. (1995). Usingeriessa onyxalis (Dyar) (Lepidoptera: Crambidae: Nymphulinae), a Moth With Presumably Aquatic Larvae, Newly Recorded From Hawaii, With a Synopsis of Hawaiian Nymphulinae. Bishop Museum Occasional Papers. 42: 39-42
Usingeriessa onyxalis;South America;Neotropical;2024;Turner, R. et al. (2024). International Non-native Insect Establishment Data (0.2.1) [Data set]. Zenodo
Utetheisa ornatrix;North America;Nearctic;2010;Filho, J. et al. (2010). The three phases of the ensemble forecasting of niche models: geographic range and shifts in climatically suitable areas of Utetheisa ornatrix (Lepidoptera, Arctiidae). Revista Brasileira de Entomologia. 54(3): 339-349
Utetheisa ornatrix;South America;Neotropical;2010;Filho, J. et al. (2010). The three phases of the ensemble forecasting of niche models: geographic range and shifts in climatically suitable areas of Utetheisa ornatrix (Lepidoptera, Arctiidae). Revista Brasileira de Entomologia. 54(3): 339-349
Utetheisa ornatrix;North America;Panamanian;2010;Filho, J. et al. (2010). The three phases of the ensemble forecasting of niche models: geographic range and shifts in climatically suitable areas of Utetheisa ornatrix (Lepidoptera, Arctiidae). Revista Brasileira de Entomologia. 54(3): 339-349
Utetheisa ornatrix;South America;Panamanian;2010;Filho, J. et al. (2010). The three phases of the ensemble forecasting of niche models: geographic range and shifts in climatically suitable areas of Utetheisa ornatrix (Lepidoptera, Arctiidae). Revista Brasileira de Entomologia. 54(3): 339-349
Utetheisa pulchelloides;Asia;Oriental;2017;Freitas, A. (2017). Scientific Note: Biological notes on Utetheisa pulchelloides (Erebidae) in Tuamotu, French Polynesia. Tropical Lepidoptera Research. 27(2): 115-116
Utetheisa pulchelloides;Asia;Sino-Japanese;2017;Freitas, A. (2017). Scientific Note: Biological notes on Utetheisa pulchelloides (Erebidae) in Tuamotu, French Polynesia. Tropical Lepidoptera Research. 27(2): 115-116
Utetheisa pulchelloides;Australia;Australian;2017;Freitas, A. (2017). Scientific Note: Biological notes on Utetheisa pulchelloides (Erebidae) in Tuamotu, French Polynesia. Tropical Lepidoptera Research. 27(2): 115-116
Utetheisa pulchelloides;Oceania;Oceanian;2017;Freitas, A. (2017). Scientific Note: Biological notes on Utetheisa pulchelloides (Erebidae) in Tuamotu, French Polynesia. Tropical Lepidoptera Research. 27(2): 115-116
Vanessa atalanta;North America;Nearctic;2020;Walker, A. (2020). Vanessa atalanta. The IUCN Red List of Threatened Species. 2020: e.T174225A172421220
Vanessa atalanta;Asia;Palearctic;2020;Walker, A. (2020). Vanessa atalanta. The IUCN Red List of Threatened Species. 2020: e.T174225A172421220
Vanessa atalanta;Europe;Palearctic;2020;Walker, A. (2020). Vanessa atalanta. The IUCN Red List of Threatened Species. 2020: e.T174225A172421220
Vanessa atalanta;North America;Panamanian;2020;Walker, A. (2020). Vanessa atalanta. The IUCN Red List of Threatened Species. 2020: e.T174225A172421220
Vanessa atalanta;Africa;Saharo-Arabian;2020;Walker, A. (2020). Vanessa atalanta. The IUCN Red List of Threatened Species. 2020: e.T174225A172421220
Vanessa atalanta;Asia;Saharo-Arabian;2020;Walker, A. (2020). Vanessa atalanta. The IUCN Red List of Threatened Species. 2020: e.T174225A172421220
Vanessa atalanta;North America;Nearctic;2024;Turner, R. et al. (2024). International Non-native Insect Establishment Data (0.2.1) [Data set]. Zenodo
Vanessa cardui;Africa;Afrotropical;2020;Walker, A., Coetzer, A. (2020). Vanessa cardui. The IUCN Red List of Threatened Species. 2020: e.T174379A161326679
Vanessa cardui;Africa;Madagascan;2020;Walker, A., Coetzer, A. (2020). Vanessa cardui. The IUCN Red List of Threatened Species. 2020: e.T174379A161326679
Vanessa cardui;North America;Nearctic;2020;Walker, A., Coetzer, A. (2020). Vanessa cardui. The IUCN Red List of Threatened Species. 2020: e.T174379A161326679
Vanessa cardui;Asia;Oriental;2020;Walker, A., Coetzer, A. (2020). Vanessa cardui. The IUCN Red List of Threatened Species. 2020: e.T174379A161326679
Vanessa cardui;Asia;Palearctic;2020;Walker, A., Coetzer, A. (2020). Vanessa cardui. The IUCN Red List of Threatened Species. 2020: e.T174379A161326679
Vanessa cardui;Europe;Palearctic;2020;Walker, A., Coetzer, A. (2020). Vanessa cardui. The IUCN Red List of Threatened Species. 2020: e.T174379A161326679
Vanessa cardui;Africa;Saharo-Arabian;2020;Walker, A., Coetzer, A. (2020). Vanessa cardui. The IUCN Red List of Threatened Species. 2020: e.T174379A161326679
Vanessa cardui;Asia;Saharo-Arabian;2020;Walker, A., Coetzer, A. (2020). Vanessa cardui. The IUCN Red List of Threatened Species. 2020: e.T174379A161326679
Vanessa cardui;Asia;Sino-Japanese;2020;Walker, A., Coetzer, A. (2020). Vanessa cardui. The IUCN Red List of Threatened Species. 2020: e.T174379A161326679
Vanessa cardui;Asia;Palearctic;2024;Turner, R. et al. (2024). International Non-native Insect Establishment Data (0.2.1) [Data set]. Zenodo
Vanessa cardui;Africa;Afrotropical;2024;Turner, R. et al. (2024). International Non-native Insect Establishment Data (0.2.1) [Data set]. Zenodo
Vanessa carye;South America;Neotropical;2023;Escobar-Suarez, S. et al. (2023). A geometric morphometrics and genetics characterization of Vanessa carye in an extreme elevational gradient in the Chilean Altiplano. Zoologischer Anzeiger. 304: 105-112
Vanessa virginiensis;North America;Nearctic;2020;Walker, A. (2020). Vanessa virginiensis. The IUCN Red List of Threatened Species. 2020: e.T161254A882795
Vanessa virginiensis;South America;Neotropical;2020;Walker, A. (2020). Vanessa virginiensis. The IUCN Red List of Threatened Species. 2020: e.T161254A882795
Vanessa virginiensis;North America;Panamanian;2020;Walker, A. (2020). Vanessa virginiensis. The IUCN Red List of Threatened Species. 2020: e.T161254A882795
Vanessa virginiensis;South America;Panamanian;2020;Walker, A. (2020). Vanessa virginiensis. The IUCN Red List of Threatened Species. 2020: e.T161254A882795
Vanessa virginiensis;North America;Nearctic;2024;Turner, R. et al. (2024). International Non-native Insect Establishment Data (0.2.1) [Data set]. Zenodo
Vittaplusia vittata;Africa;Afrotropical;2014;Kravchenko, V. et al. (2014). Seven invasive owlet moths (Lepidoptera: Noctuidae) in Israel and their potential parasitoids (Hymenoptera: Chalcidoidea). Phytoparasitica. 42(3): 333-339
Vitula biviella;Europe;Palearctic;1999;Parsons, M., Clancy, S. (1999). Vitula biviella (Zeller)(Lepidoptera: Pyralidae), a newly recognised British species. Entomologists Gazette. 50(2): 77-82
Vitula biviella;Europe;Palearctic;2024;Turner, R. et al. (2024). International Non-native Insect Establishment Data (0.2.1) [Data set]. Zenodo
Vitula edmandsii;North America;Nearctic;2010;Lopez-Vaamonde, C. et al. (2010). Lepidoptera. Chapter 11. BioRisk. 4: 603-668
Wheeleria spilodactylus;Europe;Palearctic;2000;Menendez, R., Thomas, C. (2000). Metapopulation structure depends on spatial scale in the host-specific moth Wheeleria spilodactylus (Lepidoptera: Pterophoridae). Journal of Animal Ecology. 69(6): 935-951
Wheeleria spilodactylus;Africa;Saharo-Arabian;2000;Menendez, R., Thomas, C. (2000). Metapopulation structure depends on spatial scale in the host-specific moth Wheeleria spilodactylus (Lepidoptera: Pterophoridae). Journal of Animal Ecology. 69(6): 935-951
Wheeleria spilodactylus;Europe;Palearctic;2024;Turner, R. et al. (2024). International Non-native Insect Establishment Data (0.2.1) [Data set]. Zenodo
Xestia c-nigrum;North America;Nearctic;2025;Shropshire, K., Tallamy, D. (2025). Lepidoptera of North American north of Mexico: An annotated list containing geographic ranges and host plant records. ZooKeys
Xestia c-nigrum;Asia;Oriental;2025;Shropshire, K., Tallamy, D. (2025). Lepidoptera of North American north of Mexico: An annotated list containing geographic ranges and host plant records. ZooKeys
Xestia c-nigrum;Europe;Palearctic;2025;Shropshire, K., Tallamy, D. (2025). Lepidoptera of North American north of Mexico: An annotated list containing geographic ranges and host plant records. ZooKeys
Xestia c-nigrum;Asia;Palearctic;2025;Shropshire, K., Tallamy, D. (2025). Lepidoptera of North American north of Mexico: An annotated list containing geographic ranges and host plant records. ZooKeys
Xestia c-nigrum;North America;Panamanian;2025;Shropshire, K., Tallamy, D. (2025). Lepidoptera of North American north of Mexico: An annotated list containing geographic ranges and host plant records. ZooKeys
Xestia c-nigrum;North America;Nearctic;2024;Turner, R. et al. (2024). International Non-native Insect Establishment Data (0.2.1) [Data set]. Zenodo
Xestia c-nigrum;Europe;Palearctic;2024;Turner, R. et al. (2024). International Non-native Insect Establishment Data (0.2.1) [Data set]. Zenodo
Xestia c-nigrum;Asia;Palearctic;2024;Turner, R. et al. (2024). International Non-native Insect Establishment Data (0.2.1) [Data set]. Zenodo
Xestia xanthographa;Europe;Palearctic;2020;Crabo, L., Holden, D. (2020). A Review of Established Accidentally-Introduced Noctuoidea in the Pacific Northwest Region of North America, with First Report of the Eurasian Cutworm Mesapamea secalis (L.)(Noctuidae, Noctuinae, Apameini) for North America. The Journal of the Lepidopterists Society. 74(2): 95-105
Xestia xanthographa;Europe;Palearctic;2024;Turner, R. et al. (2024). International Non-native Insect Establishment Data (0.2.1) [Data set]. Zenodo
Xestia xanthographa;Asia;Palearctic;2024;Turner, R. et al. (2024). International Non-native Insect Establishment Data (0.2.1) [Data set]. Zenodo
Xestia xanthographa;Africa;Afrotropical;2024;Turner, R. et al. (2024). International Non-native Insect Establishment Data (0.2.1) [Data set]. Zenodo
Xubida infusellus;North America;Nearctic;2000;Julien, M. (2000). Biological control of water hyacinth with arthropods: a review to 2000. Aciar Proceedings, ACIAR. 1998: 8-20
Xubida infusellus;South America;Neotropical;2000;Julien, M. (2000). Biological control of water hyacinth with arthropods: a review to 2000. Aciar Proceedings, ACIAR. 1998: 8-20
Xubida infusellus;South America;Neotropical;2024;Turner, R. et al. (2024). International Non-native Insect Establishment Data (0.2.1) [Data set]. Zenodo
Xylesthia pruniramiella;North America;Nearctic;1999;Heppner, J., Frank, J. (1999). Bromeliad Pod Borer, Epimorius testaceellus Ragonot (Insecta: Lepidoptera: Pyralidae). EENY-040/IN167, 5/1999. EDIS, 1999
Xylesthia pruniramiella;South America;Neotropical;1999;Heppner, J., Frank, J. (1999). Bromeliad Pod Borer, Epimorius testaceellus Ragonot (Insecta: Lepidoptera: Pyralidae). EENY-040/IN167, 5/1999. EDIS, 1999
Xylesthia pruniramiella;North America;Panamanian;1999;Heppner, J., Frank, J. (1999). Bromeliad Pod Borer, Epimorius testaceellus Ragonot (Insecta: Lepidoptera: Pyralidae). EENY-040/IN167, 5/1999. EDIS, 1999
Xylesthia pruniramiella;North America;Nearctic;2024;Turner, R. et al. (2024). International Non-native Insect Establishment Data (0.2.1) [Data set]. Zenodo
Xystrologa grenadella;North America;Nearctic;2025;Shropshire, K., Tallamy, D. (2025). Lepidoptera of North American north of Mexico: An annotated list containing geographic ranges and host plant records. ZooKeys
Yponomeuta cagnagellus;Asia;Palearctic;1987;Hoebeke, E. (1987). Yponomeuta cagnagella (Lepidoptera: Yponomeutidae): A palearctic ermine moth in the United States, with notes on its recognition, seasonal history, and habits. Annals of the Entomological Society of America. 80(4): 462-467
Yponomeuta cagnagellus;Europe;Palearctic;1987;Hoebeke, E. (1987). Yponomeuta cagnagella (Lepidoptera: Yponomeutidae): A palearctic ermine moth in the United States, with notes on its recognition, seasonal history, and habits. Annals of the Entomological Society of America. 80(4): 462-467
Yponomeuta cagnagellus;Asia;Saharo-Arabian;1987;Hoebeke, E. (1987). Yponomeuta cagnagella (Lepidoptera: Yponomeutidae): A palearctic ermine moth in the United States, with notes on its recognition, seasonal history, and habits. Annals of the Entomological Society of America. 80(4): 462-467
Yponomeuta padella;Asia;Palearctic;2022;Beljaev, E. et al. (2022). Fauna of the geometrid moths (Lepidoptera, Geometridae) of the eastern Sikhote-Alin in the Botchinsky Reserve II. Subfamilies Larentiinae and Sterrhinae, and zoogeographical analysis. Amurian Zoological Journal. 14(4): 676-707
Yponomeuta padella;Europe;Palearctic;2022;Beljaev, E. et al. (2022). Fauna of the geometrid moths (Lepidoptera, Geometridae) of the eastern Sikhote-Alin in the Botchinsky Reserve II. Subfamilies Larentiinae and Sterrhinae, and zoogeographical analysis. Amurian Zoological Journal. 14(4): 676-707
Yponomeuta padella;Europe;Palearctic;2024;Turner, R. et al. (2024). International Non-native Insect Establishment Data (0.2.1) [Data set]. Zenodo
Yponomeuta plumbella;Europe;Palearctic;2015;Lewis, J., Sohn, J. (2015). Lepidoptera: Yponomeutoidea I (Argyresthiidae, Attevidae, Praydidae, Scythropiidae, and Yponomeutidae). Brill Academic Publishers, Leiden, Netherlands
Yponomeuta plumbella;Asia;Palearctic;2015;Lewis, J., Sohn, J. (2015). Lepidoptera: Yponomeutoidea I (Argyresthiidae, Attevidae, Praydidae, Scythropiidae, and Yponomeutidae). Brill Academic Publishers, Leiden, Netherlands
Ypsolopha dentella;Asia;Palearctic;2002;Gershenson, Z. et al. (2002). New records of Yponomeutoid moths (Lepidoptera, Yponomeutidae, Plutellidae) from Israel. Vestnik zoologii. 36(5): 77-80
Ypsolopha dentella;Europe;Palearctic;2024;Wenninger, A. (2024). Defoliation of haskap shoots by the honeysuckle moth in Southcentral Alaska. AKES Newsletter. 16(1)
Ypsolopha dentella;Europe;Palearctic;2024;Turner, R. et al. (2024). International Non-native Insect Establishment Data (0.2.1) [Data set]. Zenodo
Ypsolophus ustella;Europe;Palearctic;2015;Sohn, J. (2015). A Catalogue of the Type Specimens of Yponomeutoidea (Lepidoptera) in the Museum of Comparative Zoology with Revised Status of Pluteloptera ochrella. Breviora. 542(1): 1-19
Zebronia phenice;Africa;Afrotropical;1998;Kuhlmann, U. et al. (1998). Quantifying the impact of insect predators and parasitoids on populations of the apple ermine moth, Yponomeuta malinellus (Lepidoptera: Yponomeutidae), in Europe. Bulletin of Entomological Research. 88(2): 165-175
Zebronia phenice;Africa;Saharo-Arabian;1998;Kuhlmann, U. et al. (1998). Quantifying the impact of insect predators and parasitoids on populations of the apple ermine moth, Yponomeuta malinellus (Lepidoptera: Yponomeutidae), in Europe. Bulletin of Entomological Research. 88(2): 165-175
Zeiraphera griseana;North America;Nearctic;2005;Zhang, A., Li, H. (2005). Catalogue of Eucosmini from China (Lepidoptera: Tortricidae) SHILAP Revista de Lepidopterologia. 33(131): 265-298
Zeiraphera griseana;Asia;Oriental;2005;Zhang, A., Li, H. (2005). Catalogue of Eucosmini from China (Lepidoptera: Tortricidae) SHILAP Revista de Lepidopterologia. 33(131): 265-298
Zeiraphera griseana;Asia;Palearctic;2005;Zhang, A., Li, H. (2005). Catalogue of Eucosmini from China (Lepidoptera: Tortricidae) SHILAP Revista de Lepidopterologia. 33(131): 265-298
Zeiraphera griseana;Europe;Palearctic;2005;Zhang, A., Li, H. (2005). Catalogue of Eucosmini from China (Lepidoptera: Tortricidae) SHILAP Revista de Lepidopterologia. 33(131): 265-298
Zeiraphera griseana;Asia;Sino-Japanese;2005;Zhang, A., Li, H. (2005). Catalogue of Eucosmini from China (Lepidoptera: Tortricidae) SHILAP Revista de Lepidopterologia. 33(131): 265-298
Zelleria oleastrella;Asia;Palearctic;2011;Kacar, G., Ulusoy, M. (2011). Zelleria oleastrella (Milliere) (Lepidoptera: Yponomeutidae), a new record for the fauna of Turkey. Turkish Journal of Zoology. 35(6): 15
Zelleria oleastrella;Europe;Palearctic;2011;Kacar, G., Ulusoy, M. (2011). Zelleria oleastrella (Milliere) (Lepidoptera: Yponomeutidae), a new record for the fauna of Turkey. Turkish Journal of Zoology. 35(6): 15
Zelleria oleastrella;Africa;Saharo-Arabian;2011;Kacar, G., Ulusoy, M. (2011). Zelleria oleastrella (Milliere) (Lepidoptera: Yponomeutidae), a new record for the fauna of Turkey. Turkish Journal of Zoology. 35(6): 15
Zelleria oleastrella;Asia;Saharo-Arabian;2011;Kacar, G., Ulusoy, M. (2011). Zelleria oleastrella (Milliere) (Lepidoptera: Yponomeutidae), a new record for the fauna of Turkey. Turkish Journal of Zoology. 35(6): 15
Zelleria oleastrella;Africa;Afrotropical;2011;Kacar, G., Ulusoy, M. (2011). Zelleria oleastrella (Milliere) (Lepidoptera: Yponomeutidae), a new record for the fauna of Turkey. Turkish Journal of Zoology. 35(6): 15
Zeuzera pyrina;Africa;Afrotropical;1909;Howard, L., Chittenden, F. (1909). The Leopard Moth:(Zeuzera Pyrina Fab.). US Department of Agriculture Bureau of Entomology Circular. 109: July 6, 1909
Zeuzera pyrina;Asia;Palearctic;1909;Howard, L., Chittenden, F. (1909). The Leopard Moth:(Zeuzera Pyrina Fab.). US Department of Agriculture Bureau of Entomology Circular. 109: July 6, 1909
Zeuzera pyrina;Europe;Palearctic;1909;Howard, L., Chittenden, F. (1909). The Leopard Moth:(Zeuzera Pyrina Fab.). US Department of Agriculture Bureau of Entomology Circular. 109: July 6, 1909
Zeuzera pyrina;Africa;Saharo-Arabian;1909;Howard, L., Chittenden, F. (1909). The Leopard Moth:(Zeuzera Pyrina Fab.). US Department of Agriculture Bureau of Entomology Circular. 109: July 6, 1909
Zeuzera pyrina;Europe;Palearctic;2024;Turner, R. et al. (2024). International Non-native Insect Establishment Data (0.2.1) [Data set]. Zenodo
Zizina otis;Asia;Oriental;2008;Yago, M. et al. (2008). Molecular systematics and biogeography of the genus Zizina (Lepidoptera: Lycaenidae). Zootaxa. 1746(1): 15-38
Zizina otis;Asia;Oriental;2017;Mengal, F. et al. (2017). Faunistics of Butterflies (Lepidoptera: Rephalocera) with some new records from Quetta, Bolochistan, Pakistan. University of Sindh Journal of Animal Sciences. 3(1): 26-35
Zizina otis;Asia;Palearctic;2017;Mengal, F. et al. (2017). Faunistics of Butterflies (Lepidoptera: Rephalocera) with some new records from Quetta, Bolochistan, Pakistan. University of Sindh Journal of Animal Sciences. 3(1): 26-35
Zizina otis;Europe;Palearctic;2017;Mengal, F. et al. (2017). Faunistics of Butterflies (Lepidoptera: Rephalocera) with some new records from Quetta, Bolochistan, Pakistan. University of Sindh Journal of Animal Sciences. 3(1): 26-35
Zizina otis;Africa;Saharo-Arabian;2008;Yago, M. et al. (2008). Molecular systematics and biogeography of the genus Zizina (Lepidoptera: Lycaenidae). Zootaxa. 1746(1): 15-38
Zizina otis;Asia;Saharo-Arabian;2017;Mengal, F. et al. (2017). Faunistics of Butterflies (Lepidoptera: Rephalocera) with some new records from Quetta, Bolochistan, Pakistan. University of Sindh Journal of Animal Sciences. 3(1): 26-35
Zizina otis;Asia;Sino-Japanese;2017;Mengal, F. et al. (2017). Faunistics of Butterflies (Lepidoptera: Rephalocera) with some new records from Quetta, Bolochistan, Pakistan. University of Sindh Journal of Animal Sciences. 3(1): 26-35
Zizina otis;Asia;Sino-Japanese;2008;Yago, M. et al. (2008). Molecular systematics and biogeography of the genus Zizina (Lepidoptera: Lycaenidae). Zootaxa. 1746(1): 15-38
Zizina otis;Africa;Madagascan;2008;Yago, M. et al. (2008). Molecular systematics and biogeography of the genus Zizina (Lepidoptera: Lycaenidae). Zootaxa. 1746(1): 15-38
Zizina otis;Africa;Afrotropical;2008;Yago, M. et al. (2008). Molecular systematics and biogeography of the genus Zizina (Lepidoptera: Lycaenidae). Zootaxa. 1746(1): 15-38
Zizula hylax;Africa;Afrotropical;2013;Fric, Z., Hula, V. (2013). Zizula hylax (Fabricius, 1775) new butterfly species for Socotra (Lepidoptera: Lycaenidae). SHILAP Revista de Lepidopterologia. 41(164): 571-575
Zizula hylax;Australia;Australian;2013;Fric, Z., Hula, V. (2013). Zizula hylax (Fabricius, 1775) new butterfly species for Socotra (Lepidoptera: Lycaenidae). SHILAP Revista de Lepidopterologia. 41(164): 571-575
Zizula hylax;Oceania;Oceanian;2013;Fric, Z., Hula, V. (2013). Zizula hylax (Fabricius, 1775) new butterfly species for Socotra (Lepidoptera: Lycaenidae). SHILAP Revista de Lepidopterologia. 41(164): 571-575
Zizula hylax;Asia;Oriental;2013;Fric, Z., Hula, V. (2013). Zizula hylax (Fabricius, 1775) new butterfly species for Socotra (Lepidoptera: Lycaenidae). SHILAP Revista de Lepidopterologia. 41(164): 571-575
Zizula hylax;Africa;Saharo-Arabian;2013;Fric, Z., Hula, V. (2013). Zizula hylax (Fabricius, 1775) new butterfly species for Socotra (Lepidoptera: Lycaenidae). SHILAP Revista de Lepidopterologia. 41(164): 571-575
Zizula hylax;Asia;Oriental;2024;Turner, R. et al. (2024). International Non-native Insect Establishment Data (0.2.1) [Data set]. Zenodo
Zomariana doxasticana;Australia;Australian;2001;Hoare, R. (2001). Adventive species of Lepidoptera recorded for the first time in New Zealand since 1988. New Zealand Entomologist. 24: 23-47
Zomariana doxasticana;Australia;Australian;2024;Turner, R. et al. (2024). International Non-native Insect Establishment Data (0.2.1) [Data set]. Zenodo
Zophodia lucidalis;North America;Panamanian;1990;Habeck, D., Bennett, F. (1990). Cactoblastis cactorum Berg (Lepidoptera: Pyralidae), a phycitine new to Florida. Entomology Circular. 333
Zophodia lucidalis;North America;Nearctic;1990;Habeck, D., Bennett, F. (1990). Cactoblastis cactorum Berg (Lepidoptera: Pyralidae), a phycitine new to Florida. Entomology Circular. 333
Zygaena orana;Europe;Palearctic;2010;Dapporto, L., Dennis, R. (2010). Skipper impoverishment on large West Mediterranean islands (Lepidoptera Hesperioidea): deterministic, historical and stochastic factors. Biodiversity and conservation. 19: 2637-2649
Agonopterix heracliana;Europe;Palearctic;2006;Karsholt, O. et al. (2006). A new species of Agonopterix feeding on giant hogweed (Heracleum mantegazzianum) in the Caucasus, with a discussion of the nomenclature of A. heracliana (Linnaeus)(Depressariidae). Nota lepidopterologica, 28(3): 177-192
Leptologia lota;Europe;Palearctic;2024;Turner, R. et al. (2024). International Non-native Insect Establishment Data (0.2.1) [Data set]. Zenodo.
Ategumia matutinalis;North America;Panamanian;1992;Nakahara, L. et al. (1992). Review and status of biological control of Clidemia in Hawaii. Alien plant invasions in native ecosystems of Hawaii: management and research. University of Hawaii, Department of Botany, Cooperative National Park Resources Unit, Honolulu, HI.
