Reference Year,Reference,ReferenceID
2024,CAB International (CABI) (2024). CABI Invasive Species Compendium. Available at: https://www.cabidigitallibrary.org/product/QI,REF1
2020,"Gilligan, T., Brown, J. and Baixeras, J. (2020). Immigrant Tortricidae: Holarctic versus Introduced Species in North America. Insects. 11(594)",REF2
2024,European and Mediterranean Plant Protection Organization (EPPO) (2024). EPPO Global Database. Available at: https://gd.eppo.int,REF3
2009,"Fodor, E. and Haruta, O. (2009). Niche partition of two invasive insect species, Parectopa robiniella (Lepidoptera: Gracillariidae) and Phyllonorycter robiniella (Clem.) (Lepidoptera: Gracillariidae). Research Journal of Agricultural Science. 41(2): 261-269",REF4
2010,"Heard, T., Elliott, L., Anderson, B., White, L., Burrows, N., Mira, A., ... and Segura, R. (2010). Biology, host specificity, release and establishment of Macaria pallidata and Leuciris fimbriaria (Lepidoptera: Geometridae), biological control agents of the weed Mimosa pigra. Biological Control. 55: 248-255",REF5
2023,"Kirichenko, N., Karpun, N., Zhuravleva, E., Shoshina, E., Anikin, V. and Musolin, D. (2023). Invasion Genetics of the Horse-Chestnut Leaf Miner, Cameraria ohridella (Lepidoptera: Gracillariidae), in European Russia: A Case of Successful Involvement of Citizen Science in Studying an Alien Insect Pest. Insects. 14: 117",REF6
2020,"Krivosheina, M. and Ozerova, N. (2020). Horse-chestnut leafminer Cameraria ohridella: invasion history and prognosis. IOP Conference Services: Earth Environmental Sciences. 579: 012071",REF7
2015,Invasive Species Specialist Group ISSG (2015). The Global Invasive Species Database. Version 2015.1,REF8
2009,"Baker, A. and Stiling, P. (2009). Comparing the effects of the exotic cactus-feeding moth, Cactoblastis cactorum (Berg) (Lepidoptera: Pyralidae) and the native cactus-feeding moth, Melitara prodenialis (Walker) (Lepidoptera: Pyralidae) on two species of Florida Opuntia. Biological Invasions. 11: 619-624",REF9
2001,"Greenberg, S., Sappington, T., Legaspi Jr., B., Liu, T. and Setamou, M. (2001). Feeding and Life History of Spodoptera exigua (Lepidoptera: Noctuidae) on Different Host Plants. Annals of the Entomological Society of America. 94(4): 566-575",REF10
2021,"EFSA Panel on Plant Health (PLH), Bragard, C., Dehnen-Schmutz, K., Di Serio, F., Gonthier, P., Jacques, M., ... and MacLeod, A. (2021). Pest categorisation of Amyelois transitella. EFSA Journal. 19(6): 6666",REF11
2022,"U.S. Geological Survey (2022). United States Register of Introduced and Invasive Species (US-RIIS), all versions: U.S. Geological Survey data release, https://doi.org/10.5066/P92DN8D8",REF12
2024,"Dorman, S., Kaur, N., Anderson, N., Sim, R., Tanner, K., Walenta, D. and Cooper, W.  (2024). Flight phenology and landscape predictors of invasive Coleophora deauratella populations in Oregon and New Zealand red clover. Journal of Pest Science. 97: 631-643",REF13
1996,"Ellis, C. and Bjornson, S. (1996). The biology, importance, and biological control of Coleophroa deauratella (Lepidoptera: Coleophoridae), a new pest of red clover in North America. Proceedings of the Entomological Society of Ontario. 127: 115-124",REF14
2015,Government of Canada (2015). Forest Invasive Alien Species - Established species,REF15
2014,"Ermolaev, I. (2014). Biological Invasion of the Lime Leafminer Phyllonorycter issikii Kumata (Lepidoptera, Gracillariidae) in Europe. Contemporary Problems of Ecology. 7(3): 324-333",REF16
2016,"Sosa-Gomez, D., Specht, A., Paula-Moraes, S., Lopes-Lima, A., Yano, S., Micheli, A., ... and Azevedo-Filho, W. (2016). Timeline and geographical distribution of Helicoverpa armigera (Hubner) (Lepidoptera, Noctuidae: Heliothinae) in Brazil. Revista Brasileira de Entomologia. 60: 101-104",REF17
2003,"Shine, C., Reaser, J.  and Gutierrez, A. (eds.) (2003). Invasive alien species in the Austral Pacific Region: National Reports & Directory of Resources. Global Invasive Species Programme, Cape Town, South Africa.",REF18
2019,"Koshkin, E. and Bezborodov, V. (2019). First record of Sphecodina caudata (Bremer & Grey, 1852) (Lepidoptera, Sphingidae) from Amur Oblast, with an overview of its distribution in Russia. Check List. 15(5): 847-850",REF19
2022,"Chen, X., Ning, D., Xiao, Q., Jiang, Q., Lu, Y. and Xu, Y. (2022). Factors affecting the geographical distribution of invasive species in China. Journal of Integrative Agriculture. 21(4): 1116-1125",REF20
2018,Secretary of Agriculture of United States of America (2018). Erradication of Pinkball Moth - A Procalmation.,REF21
2015,"Perring, T., El-Shafie, H. and Wakil, W., (2015). Carob Moth, Lesser Date Moth, and Raisin Moth. In: W. Wakil et al. (eds.), Sustainable Pest Management in Date Palm: Current Status and Emerging Challenges, Sustainability in Plant and Crop Protection. Springer International Publishing. 109-167",REF22
2012,"Morgun, D. and Wiemers, M. (2012). First record of the lime swallowtail Papilio demoleus Linneaus, 1758 (Lepidoptera, Papilionidae) in Europe. Journal of Research on the Lepidoptera. 45: 85-89",REF23
2010,"Lopez-Vaamonde, C., Agassiz, D., Augustin, S., De Prins, J., De Prins, W., Gomboc, S., ... and Lees, D. (2010). Lepidoptera. Chapter 11. BioRisk 4: 603-668",REF24
2013,"Kirk, H., Dorn, S. and Mazzi, D. (2013). Worldwide population genetic structure of the oriental fruit moth (Grapholita molesta), a globally invasive pest. BMC Ecology. 13: 12",REF25
2019,"Goncalves, R., Mastrangelo, T., Rodrigues, J., Paulo, D., Omoto, C., Correa, A. and Azeredo-Espin, A. (2019). Invasion origin, rapid population expansion, and the lack of genetic structure of cotton bollworm (Helicoverpa armigera) in the Americas. Ecology and Evolution. 9: 7378-7401",REF26
2002,"Matsumoto, K. (2002). Papilio demoleus (Papilionidae) in Borneo and Bali. Journal of the Lepidopterists Society. 56(2): 108-111",REF27
2022,"Tay, W., Rane, R., Padovan, A., Walsh, T., Elfekih, S., Downes, S., ... and Gordon, K. (2022). Global population genomic signature of Spodoptera frugiperda (fall armyworm) supports complex introduction events across the Old World. Communications Biology. 5: 297",REF28
2016,"Cao, L., Wei, S., Hoffmann, A., Wen, J. and Chen, M. (2016). Rapid genetic structuring of populations of the invasive fall webworm in relation to spatial expansion and control campaigns. Diversity and Distributions. 22: 1276-1287",REF29
1970,"Warren, L. and Tadic, M. (1970). Fall web worm, Hyphantria cunea (Drury). Arkansas Agricultural Experimental Station Bulletin. 759: 1-106",REF30
2013,"Wei, S., Shi, B., Gong, Y., Jin, G., Chen, X. and Meng, X. (2013). Genetic Structure and Demographic History Reveal Migration of the Diamondback Moth Plutella xylostella (Lepidoptera: Plutellidae) from the Southern to Northern Regions of China. PLOS ONE. 8(4): e59654",REF31
2019,"Sandoval, A., Ide, S., Rothmann, S., Zuniga, E., Bosch, P. and Peragallo, M. (2019) Deteccion de Leucoptera sinuella (Reutti) (Lepidoptera: Lyonetiidae) en Chile, con la identificacion de algunos parasitoides asociados. Revista Chilena de Entomologia. 45: 65-77",REF32
2021,"He, L., Zhao, S., Ali, A., Ge, S. and Wu, K. (2021). Ambient Humidity Affects Development, Survival, and Reproduction of the Invasive Fall Armyworm, Spodoptera frugiperda (Lepidoptera: Noctuidae), in China. Journal of Economic Entomology. 114(3): 1145-1158",REF33
2020,"Chowdhury, S., Braby, M.F., Fuller, R.A. and Zalucki, M.P. (2020). Coasting along to a wider range: niche conservatism in the recent range expansion of the Tawny Coster, Acraea terpsicore (Lepidoptera: Nymphalidae). Diversity and Distributions. 27: 402-415.",REF34
2005,"Majka, C. (2005). The linden bark borer (Lepidoptera: Agonoxenidae) infesting European linden in Nova Scotia. Canadian Entomologist. 137: 620-621",REF35
2022,"Andreas, J., Price, J. and Grevstad, F. (2022). Common Gorse Biocontrol Agents: History and Ecology in North America. In: R. Winston, Ed. Biological Control of Weeds in North America. North American Invasive Species Management Association, Milwaukee, WI. NAISMA-BCW-2022-12-GORSE-A",REF36
2003,"Tanigoshi, L. and Stary, P. (2003). Hymenopterous parasitoids of the cherry bark tortrix, Enarmonia formosana (Scopoli) in central-east Europe (Hymenoptera, Ichneumonoidea; Lepidoptera, Tortricidae). Anzeiger fur Schadlingskunde: 76(4): 100-102",REF37
2010,"Lafontaine, J. and Schmidt, B. (2010). Annotated check list of the Noctuoidea (Insecta, Lepidoptera) of North America north of Mexico. ZooKeys. 40: 1-239",REF38
2020,"Griffin, B., Chandler, J., Andersen, J., Havill, N. and Elkinton, J. (2020). The Reliability of Genitalia Morphology to Monitor the Spread of the Invasive Winter Moth (Lepidoptera: Geometridae) in Eastern North America. Environmental Entomology. 49(6): 1492-1498",REF39
2001,"Maier, C. (2001).  Exotic lepidopteran leafminers in North American apple orchards: rise to prominence, management, and future threats. Biological Invasions. 3: 283-293",REF40
2012,"Aurelian, V., Evenden, M. and Judd, G. (2012). Small-plot studies comparing pheromone and juice baits for mass-trapping invasive Synanthedon myopaeformis in Canada. Entomologia Experimentalis et Applicata. 145: 102-114",REF41
2022,"National Plant Protection Organizations within the NAPPO region (2022). Report of carnation tortrix (Cacoecimorpha pronubana) in British Columbia, Canada (2022) / Rapport sur la presence de la tordeuse mediterraenne de loeillet (Cacoecimorpha pronubana) en Colombie-Britannique, Canada (2022). Available Online at: https://www.pestalerts.org/nappo/official-pest-reports/1032/",REF42
2016,"Mori, B., Davis, C. and Evenden, M. (2016). Genetic diversity and population structure identify the potential source of the invasive red clover casebearer moth, Coleophora deauratella, in North America. Biological Invasions. 18: 3595-3609",REF43
2003,"Tanigoshi, L. and Stary, P. (2003). Distribution, habitats and host plants of the cherry bark tortrix, Enarmonia formosana (Scopoli) in the Czech Republic (Lepidoptera, Tortricidae). Journal of Pest Science. 76: 41-43",REF44
1986,"Covell Jr., C., Ferguson, D. and Straley, G. (1986). Ennomos alniaria (Lepidoptera: Geometridae), a European Moth Recently Discovered in British Columbia. The Canadian Entomologist. 118(5): 499-501",REF45
2019,"Kirichenko, N., Triberti, P., Akulov, E., Ponomarenko, M. and Lopez-Vaamonde, C. (2019). Novel Data on the Taxonomic Diversity, Distribution, and Host Plants of Leafmining Moths of the Family Gracillariidae (Lepidoptera) in Siberia, Based on DNA Barcoding. Entomological Review. 99(6): 796-819",REF46
2009,"Suckling, D. and Brockerhoff, E. (2010). Invasion Biology, Ecology, and Management of the Light Brown Apple Moth (Tortricidae). Annual Review of Entomology. 55: 285-306",REF47
2019,"Ryan, S., Lombaert, E., Espeset, A., Vila, R., Talavera, G., Dinca, V., Doellman, M., Renshaw, M., Eng, M., Hornett, E., Li, Y., Pfrender, M. and Shoemaker, D. (2019). Global invasion history of the agricultural pest butterfly Pieris rapae revealed with genomics and citizen science. PNAS. 116(40): 20015-20024",REF48
2017,"Dawidowicz, L. and Rozwalka, R. (2017). Anatrachyntis badia (Hodges, 1962) (Lepidoptera: Cosmopterigidae): the first report from Turkey and a case of importation to Poland. Turkish Journal of Zoology. 41: 60-63",REF49
2008,"Blumberg, D. (2008). Review: Date Palm Arthropod Pests and Their Management in Israel. Phytoparasitica. 36(5): 411-448",REF50
2010,"Brown, J., Epstein, M., Gilligan, T., Passoa, S. and Powell, J. (2010). Biology, Identification, and History of the Light Brown Apple Moth, Epiphyas postvittana (Walker) (Lepidoptera: Tortricidae: Archipini) in California: An Example of the Importance of Local Faunal Surveys to Document the Establishment of Exotic Insects. American Entomologist. 56(1): 34-43",REF51
2011,"Gilligan, T., Epstein, M., Passoa, S., Powell, J., Sage, O. and Brown, J. (2011). Discovery of Lobesia botrana ([Denis & Schiffermuller]) in California: An invasive species new to North America (Lepidoptera: Tortricidae). Proceedings of the Entomological Society of Washington. 1113(1): 14-30",REF52
2010,"Medina, R., Rondon, S., Reyna, S. and Dickey, A. (2010). Population Structure of Phthorimaea operculella (Lepidoptera: Gelechiidae) in the United States. Environmental Entomology. 39(3):1037-1042",REF53
2011,"Gilligan, T., Epstein, M. and Hoffman, K. (2011). Discovery of false codling moth, Thaumatotibia leucotreta (Meyrick), in California (Lepidoptera: Tortricidae). Proceedings of the Entomological Society of Washington. 113(4): 426-435",REF54
2008,"Puillandre, N., Dupas, S., Dangles, O., Zeddam, J., Capdevielle-Dulac, C., Barbin, K., Torres-Leguizamon, M. and Silvain, J. (2008). Genetic bottleneck in invasive species: the potato tuber moth adds to the list. Biological Invasions. 10: 319-333",REF55
2022,"Takacs, A., Szaboky, C., Toth, B., Bozso, M., Kutas, J., Molnar, S., ... and Nagy, A. (2022). Bionomics and host plants of the invasive Cydia interscindana (Moschler, 1866) (Lepidoptera, Tortricidae), an emerging pest in the Carpathian Lowlands. Nota Lepidopterologica. 45: 53-64",REF56
2021,"Ermolaev, I. and Domrachev, T. (2021). The Influence of Number of Generations on the Dynamics of Lime Leaf Miner Phyllonorycter issikii (Kumata, 1963) (Lepidoptera, Gracillariidae) in Udmurtia. Russian Journal of Biological Invasions. 12(1): 53-66",REF57
2022,"Kirichenko, N., Zakharov, E. and Lopez-Vaamonde, C. (2022). Tracing the invasion of a leaf-mining moth in the Palearctic through DNA barcoding of historical herbaria. Scientific Reports. 12: 5065",REF58
2020,"Jing, D., Guo, J., Jiang, Y., Zhao, J., Sethi, A., He, K. and Wang, Z. (2020). Initial detections and spread of invasive Spodoptera frugiperda in China and comparisons with other noctuid larvae in cornfields using molecular techniques. Insect Science. 27: 780-790",REF59
2022,"Dean, C., Easley, J., Katz, A., Berlocher, S. and Berenbaum, M. (2022). Genetic Structure and Colonization of North America by Depressaria depressana (Fabricius 1775) (Lepidoptera: Depressariidae) over 15 Years Contrasts with Westward Expansion of Depressaria radiella (Goeze, 1783) over 160 Years. Insects, 13(9): 789",REF60
2018,"Broadley, H., Kelly, E., Elkinton, J., Kula, R. and Boettner, G. (2018). Identification and impact of hyperparasitoids and predators affecting Cyzenis albicans (Tachinidae), a recently introduced biological control agent of winter moth (Operophtera brumata L.) in the northeastern U.S.A. Biological Control. 121: 99-108",REF61
2017,"Poltavsky, A. and Ilyina, E. (2017). New Finds of Alien Lepidoptera Species in Dagestan. Russian Journal of Biological Invasions. 8(4): 347-350",REF62
2017,"Poltavsky, A. and Ilyina, E. (2017). Glyphodes pyloalis Walker, 1859 (Lepidoptera, Crambidae)‚aîA New Species of Tropical Snout-Moth for the Fauna of Dagestan. Russian Journal of Biological Invasions. 8(1): 101-103",REF63
2014,"Braby, M., Bertelsmeier, C., Sanderson, C. and Thistleton, B. (2014), Spatial distribution and range expansion of the Tawny Coster butterfly, Acraea terpsicore (Linnaeus, 1758) (Lepidoptera: Nymphalidae), in South-East Asia and Australia. Insect Conservation Diversity. 7: 132-143",REF64
2013,"Braby, M. (2013). The Tawny Coster Acraea terpsicore in the Northern Territory, a new butterfly for Australia. Nature Territory. Newsletter of the Northern Territory Field Naturalists Club Inc. February 2013, 5.",REF65
2010,"Burghardt, K., Tallamy, D., Philips, C. and Shropshire, K. (2010). Non-native plants reduce abundance, richness, and host specialization in lepidopteran communities. Ecosphere. 1(15): 11",REF66
2023,"Cotoras, D. and Pakarati, S. (2023). Detection of the Large White butterfly Pieris brassicae (Linnaeus, 1758) (Lepidoptera, Pieridae) in Rapa Nui (Easter Island). Nota Lepidopterologica. 46: 31-35",REF67
2023,"Tatarinova, A. and Kulakova, O. (2023). Expansion and Naturalization of Adventive Butterfly Species (Lepidoptera: Papilionoidea) on the Northeastern Part of the Russian Plain. Russian Journal of Biological Invasions. 14(3): 405-416",REF68
1992,"Frank, J. and McCoy, E. (1992). Introduction to the Behavioral Ecology of Immigration. The Immigration of Insects to Florida, with a Tabulation of Records Published Since 1970. The Florida Entomologist.75(1): 1-28",REF69
2022,"Calhoun, J. and Smith, R. (2022). Brephidium exilis (Lycaenidae) Colonizes the Tampa Bay Area as a New Florida State Record. Southern Lepidopterists News. 44(4): 487-493",REF70
2002,"Hight, S., Carpenter, J., Bloem, K., Bloem, S., Pemberton, R. and Stiling, P. (2002).Expanding Geographical Range of Cactoblastis catorum (Lepidoptera: Pyralidae) in North America. Florida Entomologist. 85(3): 527-529",REF71
1998,"Johnson, D. and Stiling, P. (1998). Distribution and Dispersal of Cactoblastis cactorum (Lepidoptera: Pyralidae), an Exotic Opuntia-Feeding Moth, in Florida. The Florida Entomologist. 81(1): 12-22",REF72
2012,"Hayden, J. (2012). Mexican rice borer, Eoreuma loftini (Dyar) (Lepidoptera: Crambidae: Crambinae) in Florida. Pest Alert Nov 13, 2012. Florida Department of Agriculture and Consumer Services, Division of Plant Industry, FL.",REF73
2022,"Kang, I., Wilson, B., Carter, B. and Diaz, R. (2022). A New Detection of the Invasive Mexican Rice Borer (Lepidoptera: Crambidae) From Georgia in the United States Based on Morphological and Molecular Data. Journal of Integrated Pest Management. 13(1): 171-175",REF74
2018,"Queiroz-Santos, L., Casagrande, M. and Specht, A. (2018). Morphological Characterization of Helicoverpa armigera (Hobner) (Lepidoptera: Noctuidae: Heliothinae). Neotropical Entomology. 47: 517-542",REF75
2019,"Lalonde, M. and Marcus, J. (2019). Entomological time travel: reconstructing the invasion history of the buckeye butterflies (genus Junonia) from Florida, USA. Biological Invasions. 21: 1947-1972",REF76
2009,"Boughton, A. and Pemberton, R. (2009). Establishment of an imported natural enemy, Neomusotima conspurcatalis (Lepidoptera: Crambidae) against an invasive weed, Old World climbing fern, Lygodium microphyllum, in Florida. Biocontrol Science and Technology. 19(7): 769-772",REF77
1990,"Davis, D. and Pena, J. (1990). Biology and Morphology of the Banana Moth, Opogona sacchari (Bojer), and its Introduction into Florida (Lepidoptera: Tineidae). Proceedings of the Entomological Society of Washington. 92(4): 593-618",REF78
1993,"Heppner, J. (1993). Citrus leafminer, Phyllocnistis citrella, in Florida (Lepidoptera: Gracillariidae: Phyllocnistinae). Tropical Lepididoptera. 4: 49-64",REF79
2008,"Meagher, R., Brambila, J. and Hung, E. (2008). Monitoring for Exotic Spodoptera Species (Lepidoptera: Noctuidae) in Florida. Florida Entomologist. 91(4): 517-522",REF80
2022,"Xu, M., Qi, G., Chen, H., Ma, J., Liu, J., Jiang, Y., ... and Hu, G. (2022). Overseas immigration of fall armyworm, Spodoptera frugiperda (Lepidoptera: Noctuidae), invading Korea and Japan in 2019. Insect Science. 29: 505-520",REF81
2022,"Mally, R., Turner, R., Blake, R., Fenn-Moltu, G., Bertelsmeier, C., Brockerhoff, E., ... and Liebhold, A. (2022), Moths and butterflies on alien shores - global biogeography of non-native Lepidoptera. Dryad, Dataset. Available at: https://doi.org/10.5061/dryad.31zcrjdnw",REF82
2021,"Turner, R., Blake, R., Mally, R., and Liebhold, A. (2024). International Non-native Insect Establishment Data (0.2.1) [Data set]. Zenodo.",REF83
2013,"Pogue, M. (2013). A review of the Paectes arcigera species complex (Guenee) (Lepidoptera, Euteliidae). ZooKeys. 264: 125–163",REF84
2021,"Chen, Y., Qu, X., Li, T., Iqbal, A., Wang, X., Ren, X., ... and Zang, L. (2021). Performances of six eupelmid egg parasitoids from China on Japanese giant silkworm Caligula japonica with different host age regimes. Journal of Pest Science. 94: 309-319",REF85
2013,"Men, Q., Chen, M., Zhang, Y. and Feng, J. (2013). Genetic structure and diversity of a newly invasive species, the codling moth, Cydia pomonella (L.) (Lepidoptera: Tortricidae) in China. Biological Invasions. 15: 447-458",REF86
2017,"Zhu, H., Kumar, S. and Neven, L. (2017). Codling Moth (Lepidoptera: Tortricidae) Establishment in China: Stages of Invasion and Potential Future Distribution. Journal of Insect Science. 17(4): 85",REF87
2018,"Pinzari, M., Zerunian, Z. and Pinzari, M. (2018). Is the alien species Clepsis peritana (Lepidoptera: Tortricidae) settling in Italy? Journal of Entomological and Arachnological Research. 50: 7551",REF88
2002,"Peres-Filho, O., Dorval, A. and Berti-Filho, E. (2002). Ocorrencia de Hyblaea puera (Cramer, 1777) (Lepidoptera: Hyblaeidae) em Teca no Brasil. Bragantia, Campinas. 61(1): 59-60",REF89
2006,"Raman, A., Muniappan, R., Silva-Krott, I. and Reddy, G. (2006). Induced-defense responses in the leaves of Chromolaena odorata consequent to infestation by Pareuchaetes pseudoinsulata (Lepidoptera: Arctiidae). Journal of Plant Diseases and Protection. 113(5): 234-239",REF90
1993,"Kluge, R. and Caldwell, P. (1993). Host Specificity of Parachaetes insulata (Lepidoptera: Arctiidae), a Biological Control Agent for Chromolaena odorata (Compositae). Entomophaga. 38(4): 451-457",REF91
2011,"Cerny, K. (2011). A Review of the subfamily Arctiinae (Lepidoptera: Arctiidae) from the Philippines. Entomofauna. 32(3): 29-92",REF92
2016,"Lu, B., Tang, Z., Bellis, G., Li, Y., Peng, Z., Jin, Q. and Wen, H. (2016). Life table analysis under constant temperature for Opisina arenosella (Lepidoptera: Xyloryctidae), an invasive moth of palm plants. Austral Entomology. 55: 334-339",REF93
2019,"Faraco, L., Ghisi, C., Marins, M., Ota, S. and Schuhli, G. (2019). Infestation of Mangroves by the Invasive Moth Hyblaea puera (Cramer, 1777) (Lepidoptera: Hyblaeidae). Brazilian Archives of Biology and Technology. 62: e19170516",REF94
2023,"Cock, M., Day, M. and Winston, R. (2023). Citizen science to monitor the establishment and spread of a biological control agent: the case of Pareuchaetes pseudoinsulata (Lepidoptera, Erebidae) for the control of Chromolaena odorata (Asteraceae) in South and South-East Asia. CABI Agriculture and Bioscience 4: 25",REF95
2018,"Jin, T., Lin, Y., Jin, Q., Wen, H. and Peng, Z. (2018). Design and selection of an artificial diet for the coconut black-headed caterpillar, Opisina arenosella, based on orthogonal array analysis. Journal of Integrative Agriculture. 17(12): 2758-2757",REF96
2003,"Baars, J. (2003). Geographic range, impact, and parasitism of lepidopteran species associated with the invasive weed Lantana camara in South Africa. Biological Control. 28: 293-301",REF97
2002,"Conant, P., Hara, A., Nagamine, W., Kishimoto, C. and Heu, R. (2002). Nettle caterpillar Darna pallivitta Moore (Lepidoptera: Limacodidae). New pest advisory No. 01-03. State of Hawaii, Department of Agriculture, Honolulu, HI.",REF98
2009,"Jang, E., Siderhurst, M., Conant, P. and Siderhurst, L. (2009). Phenology and population radiation of the nettle caterpillar, Darna pallivitta (Moore) (Lepidoptera: Limacodidae) in Hawaii. Chemoecology. 19: 7-12",REF99
2023,"Ramadan, M., Kaufman, L. and Wright, M. (2023). Insect and weed biological control in Hawaii: Recent case studies and trends. Biological Control. 179: 105170",REF100
2001,"Hoare, R. (2001). Adventive species of Lepidoptera recorded for the first time in New Zealand since 1988. New Zealand Entomologist. 24: 23-47",REF101
2018,"Krushelnycky, P., Starr, F., Starr, K., Abran, M., Thorne, M., Leary, J., Fukada, M. and Rubinoff, D. (2018). Performance of the biocontrol agent Secusio extensa (Lepidoptera: Erebidae) on its target host, Senecio madagascariensis (Madagascar fireweed), on an alternate host, Delairea odorata (Cape ivy), and on non-target plants, in Hawaii. Biological Control. 121: 234-246",REF102
2023,"Ramadan, M., Chun, S. and Oishi, D. (2023). Double impact of a weed biocontrol agent in Hawaii: Secusio extensa (Lepidoptera: Erebidae) releases for fireweed Senecio madagascariensis outspreads naturally to Cape ivy Delairea odorata. Conference: XVI International Symposium on Biological Control of Weeds May 7-12 2023 Puerto Iguazu, Argentina",REF103
2015,"Yamanaka, T., Morimoto, N., Nishida, G., Kiritani, K., Moriya, S. and Liebhold, A. (2015). Comparison of insect invasions in North America, Japan and their Islands. Biological Invasions. 17(10): 3049-3061",REF104
2004,"Guerrero, K., Veloz, D., Boyce, S. and Farrell, B. (2004). First New World documentation of an Old World citrus pest, the Lime Swallowtail Papilio demoleus (Lepidoptera: Papilionidae), in the Dominican Republic (Hispaniola). Ammerican Entomologist. 50(4): 227-229",REF105
2019,"Wu, Q., Jian, Y. and Kongming, W. (2019). Analysis of migration routes of the fall armyworm Spodoptera frugiperda (J. E. Smith) form Myanmar to China. Plant Protection. 45: 1-6",REF106
2019,"Ward, S. and Aukema, B. (2019). Climatic synchrony and increased outbreaks in allopatric populations of an invasive defoliator. Biological Invasions. 21:685-691",REF107
2018,"van Nieukerken, E., Gilrein, D. and Eiseman, E. (2018). Stigmella multispicata Rociene & Stonis, an Asian leafminer on Siberian elm, now widespread in eastern North America (Lepidoptera, Nepticulidae). ZooKeys. 784: 95-125",REF108
2010,"Tooker, J. and Fleischer, S. (2010). First report of western bean cutworm (Striacosta albicosta) in Pennsylvania. Crop Management. 9: 1-4",REF109
1996,"Matsumoto, K. and Noerdjito, A. (1996) Establishment of Papilio demoleus L. (Papilionidae) in Java. Journal of the Lepidopterists Society. 50: 139–140",REF110
2011,"Maharjan, R. and Jung, C. (2011). Rearing methods of potato tuber moth, Phthorimaea oper- culella (Zeller) (Lepidoptera: Gelechiidae). Korean Journal of Soil Zoology. 15: 53-57",REF111
2015,"Xu, X., Zhu, M., Li, L., Zhang, G., Zheng, Y., Li, T. and Sun, S. (2015). Cold hardiness characteristic of the overwintering pupae of fall webworm Hyphantria cunea (Drury) (Lepidoptera: Arctiidae) in the northeast of China. Journal of Asia-Pacific Entomology. 18: 39-45",REF112
2015,"Liu T., Cai Y., Wang C. and Li H. (2015). Biology of Chrysaster ostensackenella (Fitch), a new invasive pest of black locust Robinia pseudoacacia L. plantations, and a new record of a related species, in China. Chinese Journal of Applied Entomology. 52 (4): 942-950",REF113
2022,"Bras, A., Lombaert, E., Kenis, M., Li, H., Bernard, A., Rousselet, J., ... and Auger-Rozenberg, M. (2022). The fast invasion of Europe by the box tree moth: an additional example coupling multiple introduction events, bridgehead effects and admixture events. Biological Invasions. 24: 3865-3883",REF114
2024,Invasive Species Center (2024). Invasive Species - Meet the Species,REF115
2022,"Ning, J., Lu, P., Fan, J., Ren, L. and Zhao, L. (2022). American fall webworm in China: A new case of global biological invasions. The Innovation. 3(1): 100201",REF116
2010,"Elkinton, J., Boettner, G., Sremac, M., Gwiazdowski, R., Hunkins, R., Callahan, J., ... and Campbell, N. (2010). Survey for winter moth (Lepidoptera: Geometridae) in northeastern North America with pheromone-baited traps and hybridization with the native Bruce spanworm (Lepidoptera: Geometridae). Annals of the Entomological Society of America. 103: 135-145",REF117
2012,"Sauby, K., Marsico, T., Ervin, G. and Brooks, C. (2012). The Role of Host Identity in Determining the Distribution of the Invasive Moth Cactoblastis cactorum (Lepidoptera: Pyralidae) in Florida. Florida Entomologist. 95(3): 561-568",REF118
2008,"Reay-Jones, F., Wilson, L., Reagan, T., Legendre, B. and Way, M. (2008). Predicting Economic Losses from the Continued Spread of the Mexican Rice Borer (Lepidoptera: Crambidae). Journal of Economic Entomology. 101(2): 237-250",REF119
2015,"Wilson, B., Hardy, T., Beuzelin, J., VanWeelden, M., Reagan, T., Stout, M., ... and Carlton, C. (2015). Expansion of the Mexican rice borer (Lepidoptera: Crambidae) into rice and sugarcane in Louisiana. Environmental Entomology. 40: 757-766.",REF120
1977,"Higgins, L. (1977). The speckled wood (Pararge aegeria) in Madeira. Boletim do Museu Municipal do Funchal. 29: 26-32",REF121
2020,"Kolosova, Y. and Bolotov, I. (2020). Recent invasion of the Lime Swallowtail Papilio demoleus (Lepidoptera: Papilionidae) to Seychelles. Ecologica Montenegrina 28: 31-39",REF122
2008,"Elkinton, J., Preisser, E., Boettner, G. and Parry, D. (2008). Factors Influencing Larval Survival of the Invasive Browntail Moth (Lepidoptera: Lymantriidae) in Relict North American Populations. Environmental Entomology. 37(6): 1429-1437",REF123
1992,"European and Mediterranean Plant Protection Organization (EPPO) (1992). New pest on Mallorca. EPPO Reporting Service, 02 - 1992: 1992/03",REF124
2017,"Lourido, G. and Motta, C. (2017). First record of Xylophanes ploetzi (Moschler, 1876) (Lepidoptera, Sphingidae) from Brazil. Check List. 13 (6): 1055-1058",REF125
2005,"Frenot, Y., Chown, S., Whinam, J., Selkirk, P., Convey, P., Skotnicki, M. and Bergstrom, D. (2005). Biological invasions in the Antarctic: extent, impacts and implications. Biological Reviews. 80: 45-72",REF126
1992,"Chown, S. and Avenant, N. (1992) Status of Plutella xylostella at Marion Island six years after its colonisation. South African Journal of Antarctic Research. 22: 37-40",REF127
2013,"Mori, B. and Evenden, M. (2013). Factors Affecting Pheromone-Baited Trap Capture of Male Coleophora deauratella, an Invasive Pest of Clover in Canada. Journal Of Economic Entomology. 106(2): 844-854",REF128
2013,"Jankovic, M. and Petrovskii, S. (2013). Gypsy moth invasion in North America: A simulation study of the spatial pattern and the rate of spread. Ecological Complexity. 14: 132-144",REF129
2012,"Tobin, P., Bai, B., Eggen, D. and Leonard, D. (2012). The ecology, geopolitics, and economics of managing Lymantria dispar in the United States. International Journal of Pest Management. 58(3): 195-210",REF130
2020,"Balbi, E., Tosto, D., Flores, F. and Arneodo, J. (2020). Evidence for multiple maternal lineages of the invasive pest Helicoverpa armigera in Argentina. Phytoparasitica. 48:407-413",REF131
2006,"Caton, B., Dobbs, T. and Brodel, C. (2006). Arrivals of hitchhiking insect pests on international cargo aircraft at Miami International Airport. Biological Invasions. 8: 765-785",REF132
2023,"Cabral, M., Veloso, R., de Assis Junior, S., dos Santos, J., Leite, G., Zanuncio, J., ... and Soares, M. (2023) Bedellia Somnulentella (Lepidoptera: Bedelliidae): New hosts of the genus Ipomoea (Convolvulaceae) in Brazil. Journal of Plant Diseases and Protection. 130(1): 205-209",REF133
2021,"dos Santos, M., Gomes, G., Pinto, T., Silva, I., Leite, G. and Soares, M. (2021). Geographic distribution of the Ipomoea batatas (Convolvulaceae) pest, Bedellia somnulentella (Zeller) (Lepidoptera: Bedelliidae), in Minas Gerais state, Brazil. Journal of Plant Diseases and Protection. 28: 617-621",REF134
2018,"Ermolaev, I., Rubleva, E., Rysin, S. and Ermolaeva, M. (2018). Food Plants of Lime Leafminer Phyllonorycter issikii (Kumata, 1963) (Lepidoptera, Gracillariidae). Russian Journal of Biological Invasions. 9(3): 205-214",REF135
1990,"Overholt, W. and Smith, J. (1990). Colonization of Six Exotic Parasites (Hymenoptera) Against Diatraea grandiosella (Lepidoptera: Pyralidae) in Corn. Environmental Entomology. 19(6): 1889-1902",REF136
2021,"Nguyen, D., Chen, Y. and Herron, G. (2021). Preliminary characterisation of known pesticide resistance alleles in Spodoptera frugiperda (Lepidoptera: Noctuidae) in its invasive Australian range. Austral Entomology. 60: 782-790",REF137
2010,"Mason, P., Appleby, M., Juneja, S., Allen, J., and Landry, J. (2010). Biology and development of leek moth, Acrolepiopsis assectella (Lepidoptera: Acrolepiidae), in eastern Ontario. Canadian Entomologist. 142: 393-404",REF138
1998,"Rea, N. (1998). Biological control: Premises, ecological input and Mimosa pigra in the wetlands of Australian Top End. Wetlands Ecology and Management. 5: 227-242",REF139
2007,"Landry, J. (2007). Taxonomic review of the leek moth genus Acrolepiopsis (Lepidoptera: Acrolepiidae) in North America. The Canadian Entomologist. 139: 319-353",REF140
2013,"Murillo, H., Hunt, D. and VanLaerhoven, S. (2013). First records of Chrysodeixis chalcites (Lepidoptera: Noctuidae: Plusiinae) for east-central Canada. The Canadian Entomologist. 145(3): 338-342",REF141
1986,"Kimberling, D., Miller, J. and Penrose, R. (1986). Distribution and parasitism of winter moth, Operophtera-brumata (Lepidoptera, Geometridae), in western Oregon. Environmental Entomology. 15: 1042-1046",REF142
1997,"Handfield, L., Landry J., Landry, B., and Lafontaine, J. (1997). Liste des lepidopteres du Quebec et du Labrador. Fabreries, Supplement 7.",REF143
2017,"Teston, J. (2017) First record of Toulgoetarctia nigripuncta (Joicey & Talbot, 1918) (Lepidoptera: Erebidae: Arctiinae) from Brazil. Check List. 13(4): 289-291",REF144
2023,"Freires, J., Lage-Pinto, F. and Bernini, E. (2023). Estimation of the extent of defoliation in Avicennia L. (Acanthaceae) caused by caterpillars of Hyblaea puera (Cramer, 1777) in a tropical mangrove. Regional Studies in Marine Science. 68: 103240",REF145
2016,"Zawadneak, M., Goncalves, R., Pimentel, I., Schuber, J., Santos, B., Poltronieri, A. and Solis, M. (2016). First record of Duponchelia fovealis (Lepidoptera: Crambidae) in South America. Idesia. 34 (3): 91-95",REF146
2011,"Davis, D. and De Prins, J. (2011). Systematics and biology of the new genus Macrosaccus with descriptions of two new species (Lepidoptera, Gracillariidae). ZooKeys. 98: 29-82",REF147
2003,"Sefrova, H. (2003). Invasions of Lithocolletinae species in Europe - Causes, kinds, limits and ecological impact (Lepidoptera, Gracillariidae). Ekologia (Bratislava). 22(2): 132-142",REF148
2023,"Kirichenko, N., Kolyada, N. and Gomboc, S. (2023). First Discovery of the North American Leaf-Mining Moth Chrysaster ostensackenella (Lepidoptera: Gracillariidae) in Russia: The Genetic Diversity of a Novel Pest in Invaded vs Native Range. Insects.14: 642",REF149
2021,"Saguez, J., Neau, M., Rieux, C., Vallieres-Murray, M., Petrauskas, P., Mathieu, S., ... and Frechette, I. (2021). First Evidence of Western Bean Cutworm (Lepidoptera: Noctuidae) Overwintering in the Province of Quebec (Canada). Journal of Economic Entomology. 114(1): 174-179",REF150
2023,"ElShahed, S., Mostafa, Z., Radwan, M. and Hosni, E. (2023). Modeling the potential global distribution of the Egyptian cotton leafworm, Spodoptera littoralis under climate change. Scientific Reports. 13: 17314",REF151
1994,"Horak, M. (1994). A Review of Cadra Walker in Australia: Five New Native Species and the Two Introduced Pest Species (Lepidoptera: Pyralidae: Phycitinae). Australian Journal of Entomology. 33: 245-262",REF152
1966,"Haseler, W. (1966). The Status of Insects Introduced for the Biological Control of Weeds in Queensland. Australian Journal of Entomology. 5(1): 1-4",REF153
2013,"Silva-Brandao, K., Almeida, L., Moraes, S. and Consoli, F. (2013). Using population genetic methods to identify the origin of an invasive population and to diagnose cryptic subspecies of Telchin licus (Lepidoptera: Castniidae). Bulletin of Entomological Research. 03: 89-97",REF154
1987,"Reis Fo, W., Nora, I. and Melzer, R. (1987). Population dynamics of Grapholita molesta, Busk, 1916, and its adaptation on apple in south Brazil. In: International Workshop on Apple Culture in the Tropics and Subtropics 232: 204-208",REF155
2020,"Jie, L., Yang, J. and Li., W. (2020). Potential distribution analysis of an invasive alien species Parapediasia teterrella (Lepidoptera, Crambidae) in East Asia. Journal of Asia-Pacific Entomology. 23: 219-223",REF156
1980,"Bailey, P. (1980). An Attempt to Control Oriental Fruit Moth, Cydia molesta Busck. By Mass Releases of Macrocentrus ancylivorus Rohwer (Hymenoptera: Braconidae). Australian Journal of Entomology, 18: 211-212",REF157
2005,"Convey, P. (2005). Recent lepidopteran records from sub-Antarctic South Georgia. Polar Biology. 28: 108-110",REF158
2002,"Coulson, S., Hodkinson, I., Webb, N., Mikkola, K., Harrison, J. and Pedgley, D. (2002). Aerial colonization of high Arctic islands by invertebrates: the diamondback moth Plutella xylostella (Lepidoptera: Yponomeutidae) as a potential indicator species. Diversity and Distributions. 8: 327-334",REF159
1983,"Hardy, R. (1983). The Biology and Behaviour of the Clover Seed Moth Coleophora frischella (Lepidoptera: Coleophoridae) in Tasmania. Journal of the Australian Entomological Society. 22: 7-14",REF160
2013,"de Prins, J., de Prins, W., de Coninck, E., Kawahara, A., Milton, M. and Hebert, P. (2013). Taxonomic history and invasion biology of two Phyllonorycter leaf miners (Lepidoptera: Gracillariidae) with links to taxonomic and molecular datasets. Zootaxa. 3709 (4): 341-362",REF161
1981,"Johnson, K., and van Leerdam, M. (1981). Range extension of Acigona loftini into the Lower Rio Grande Valley of Texas. Sugar Y Azucar. 76: 34",REF162
2021,"Piggott, M., Tadle, F., Patel, S., Gomez, K. and Thistleton, B. (2021). Corn-strain or rice-strain? Detection of fall armyworm, Spodoptera frugiperda (JE Smith) (Lepidoptera: Noctuidae), in northern Australia. International Journal of Tropical Insect Science. 41: 2607–2615",REF163
1968,"Ito, Y. and Miyashita, K. (1968). Biology of Hyphantria cunea Drury (Lepidoptera: Aarctiidae) in Japan. V. Preliminary Life Tables and Mortality Data in Urban Areas. Researches on Population Ecology. X:177-209",REF164
2011,"Casagrande, R., Weed, A., Hazlehurst, A., Tewksbury,  L., Gassmann, A. and Bourchier, R. (2011). A petition for experimental open-field release of Hypena opulenta a potential biological control agent of swallow-worts (Vincetoxicum nigrum and V. rossicum) in North America. Appendix E, pp. 172. In Mason P., De Clerck-Floate, R., Gallant, B., Gillespie, D., Floate, K., Bourchier, R. and Boivin, G. (eds.) (2017). Guide for the first-time importation and release of arthropod biological control agents in Canada. Agriculture and Agri-Food, Canada.",REF165
1988,European and Mediterranean Plant Protection Organization (EPPO) (1988). Declaration on Phytosanitary Certificate for Canada regarding Yponomeuta malinellus. EPPO Reporting Service 2 7/1988,REF166
2005,"Lee, J. and Pemberton, W. (2005). Larval parasitoids of the apple ermine moth, Yponomeuta malinellus in Korea, Japan, and China. BioControl. 50: 247-258",REF167
2008,"Tobin, P. and Blackburn, L. (2008). Long-Distance Dispersal of the Gypsy Moth (Lepidoptera: Lymantriidae) Facilitated Its Initial Invasion of Wisconsin. Environmental Entomology. 37(1): 87-93",REF168
2019,"Chu, S., Cong, S., Li, R. and Hou, Y. (2019). Host Range of Herpetogramma basalis (Lepidoptera: Crambidae), a Biological Control Agent for the Invasive Weed Alternanthera philoxeroides (Centrospermae: Amaranthaceae) in China. Journal of Insect Science. 19(6): 1-7",REF169
2012,"Xu, J., Jiang, H., Aliya, G. and Zhang, R. (2012). Growth and patterns of population decline in Cydia pomonella adults in Gansu, Xinjiang and Inner Mongolia. Chinese Journal of Applied Entomology. 49: 89-95",REF170
2019,"Zhang, L., Jin, M., Zhang, D., Jiang, Y., Liu, J., Wu, K. and Xiao, Y. (2019). Molecular identification of invasive fall armyworm Spodoptera frugiperda in Yunnan Province. Plant Protection. 45: 19-24",REF171
2020,Invasive Species Specialist Group ISSG (2020). Global Register of Introduced and Invasive Species GRIIS. Available at: https://griis.org,REF172
2020,"Roy, D., Alderman, D., Anastasiu, P., Arianoutsou, M., Augustin, S., Bacher, S., ... and Reyserhove, L., (2020). DAISIE - Delivering Alien Invasive Species Inventories for Europe. Available at: http://www.europe-aliens.org/",REF173
2021,"Pullaiah, T. and Ielmini, M.R. (Eds.) (2021). Invasive Alien Species: Observations and Issues from Around the World. Volume 3: Issues and Invasions in Europe. Wiley. 326pp.",REF174
2022,"Martelli, F. and Paradiso, F. (2022). Invasion patterns and niche comparison of the butterfly Cacyreus marshalli among native and non-native range. Biological Invasions. 24: 3935-3952",REF175
2022,"Ermolaev, I. (2022). Parasitoids (Hymenoptera) as a Mortality Factor for Cameraria ohridella Deschka & Dimiƒa, 1986 (Lepidoptera, Gracillariidae). Russian Journal of Biological Invasions. 13(3): 284-300",REF176
2001,"Sefrova, H. and Lastuvka, Z. (2001) Dispersal of the horse-chestnut leafminer, Cameraria ohridella Deschka & Dimic, 1986, in Europe: its course, ways and causes (Lepidoptera: Gracillariidae). Entomologische Zeitschrift Stuttgart. 111: 194 -198",REF177
2021,"Kazilas, C., Kalaentzis, K., Demetriou, J., Koutsoukos, E., Strachinis, I. and Andriopoulos, P. (2021). Utilization of citizen science data to monitor alien species: the box tree moth Cydalima perspectalis (Walker, 1859) (Lepidoptera: Crambidae) invades natural vegetation in Greece. BioInvasions Records. 10(4): 1032-1044",REF178
2017,"Raineri, V., Bonechi, F., Caracciolo, D., Cresta, P. and Mariotti, M. (2017). Cydalima perspectalis (Walker, 1859) (Lepidoptera, Crambidae) and the threats for the Nature 2000 habitat 5110 in Liguria (NW Italy). Bollettino dei Musei e Degli Istituti Biologici della Universita di Genova. 79: 215-236",REF179
1978,European and Mediterranean Plant Protection Organization (EPPO) (1978). New record of Hyphantria cunea in Greece. EPPO Reporting Service. 1980/01,REF180
1987,European and Mediterranean Plant Protection Organization (EPPO) (1987). Status of Opogona sacchari in EPPO region. EPPO Reporting Service. 16: 1987/01,REF181
2005,"Muniappan, R., Reddy, G. and Lai, P. (2005). Distribution and biological control of Chromolaena odorata. In: Inderjit, S. (ed.), Invasive Plants: Ecological and Agricultural Aspects, pp. 223-233. Birkhauser Verlag, Basel, Switzerland",REF182
2020,"Munoz-Adalia, E. and Colinas, C. (2020). The invasive moth Paysandisia archon in Europe: Biology and control options. Journal of Applied Entomology. 144: 341-350",REF183
2019,"Kirichenko, N., Augustin, S. and Kenis, M. (2019). Invasive leafminers on woody plants: a global review of pathways, impact, and management. Journal of Pest Science. 92: 93-106",REF184
2016,"Hossain, M., Mian, M. and Muniappan, R. (2016). First Record of Tuta absoluta (Lepidoptera: Gelechiidae) from Bangladesh. Journal of Agricultural and Urban Entomology. 32(1):101-105",REF185
2013,"Potting, T. (2013). Pest Risk Analysis, Tuta absoluta, Tomato Leaf Miner Moth of South American Tomato Moth. Ministry of Agriculture, Nature and Food Quality, Wageningen (Netherlands).",REF186
2005,Plant Health Risk Assessment Unit - Canadian Food Inspection Agency (2005). Pest Risk Assessment: Duponchelia fovealis. PHPD Request: 2005-07.,REF187
2016,"Lance, D., Leonard, D., Mastro, V. and Walters, M. (2016). Mating Disruption as a Suppression Tactic in Programs Targeting Regulated Lepidopteran Pests in US. Journal of Chemical Ecology. 42: 590-605",REF188
2020,"Walker, A. (2020). Abaeis nicippe. The IUCN Red List of Threatened Species 2020: e.T173005000A173005029. https://dx.doi.org/10.2305/IUCN.UK.2020-3.RLTS.T173005000A173005029.en. Accessed on 07 March 2024.",REF189
2021,"Gubin, A. (2021). Four invasive alien phytophagous insects new to Armenia. Phytoparasitica. 49:163-166",REF190
2020,"Bombi, P. (2020). Potential conflict extent between two invasive alien pests, Rhynchophorus ferrugineus and Paysandisia archon, and the native populations of the Mediterranean fan palm. Journal for Nature Conservation. 58: 125927",REF191
2023,"Mori, E., Rustici, P., Dapporto, L., Pasquali, L. Petrucci, F. and Mazza, G. (2023). Invasions by the palm borer moth Paysandisia archon in Italy and assessment of its trophic spectrum. Biological Invasions. 25: 1373-1386",REF192
2009,"Garraway, E., Murphy, C. and Allen, G. (2009). Papilio demoleus (the lime swallowtail) (Lepidoptera: Papilionidae), a potential pest of citrus, expanding its range in the Caribbean. Tropical Lepidoptera Research. 19: 58-59",REF193
2015,"Kriticos, D., Ota, N., Hutchison, W., Beddow, J., Walsh, T., Tay, W., ... and Zalucki, M. (2015). The Potential Distribution of Invading Helicoverpa armigera in North America: Is It Just a Matter of Time?. PLOS ONE. 10(3): e0119618",REF194
2006,"Homziak, M. and Homziak, J. (2006). Papilio demoleus (Lepidoptera: Papilionidae): a new record for the United States, Commonwealth of Puerto Rico. Florida Entomologist. 89(4): 485-488",REF195
2006,European and Mediterranean Plant Protection Organization (EPPO) (2006). Tecia Solanivora. Bulletin OEPP/EPPO Bulletin. 36: 175-178,REF196
2021,"Pullaiah, T. and Ielmini, M.R. (Eds.) (2021). Invasive Alien Species: Observations and Issues from Around the World. Volume 1: Issues and Invasions in Africa. Wiley. 380pp.",REF197
2012,"Ouardi, K., Chouibani, M., Rahel, M. and Akel, E. (2012). Strategie Nationale de luttecontre la mineuse de la tomate Tuta absoluta Meyrick. EPPO Bulletin, 42: 281-290.",REF198
2021,"Pullaiah, T. and Ielmini, M.R. (Eds.) (2021). Invasive Alien Species: Observations and Issues from Around the World. Volume 4: Issues and Invasions in the Americas and the Caribbean. Wiley. 384pp.",REF199
2017,"Fernandez-Hernandez, D. and Minno, M. (2017). The slowly expanding range of Papilio demoleus Linnaeus (Lepidoptera: Papilionidae) in Cuba. Tropical Lepidoptera Research. 25(1), 8-14",REF200
2009,"Marko, K. and Verovnik, R. (2009). First record of Cacyreus marshalli (Lycaenidae) from the Balkan Peninsula. Nota Lepidopterologica. 32 (1): 81 - 82",REF201
2023,"Tsvetanov, T. and Zlatkov, B. (2023). Chrysoesthia sexguttella (Thunberg, 1794), a new species for Bulgaria (Insecta: Lepidoptera: Gelechiidae). Historia naturalis bulgarica. 45 (10): 271-274",REF202
2012,"Koren, T. and Crne, M. (2012). The first record of the box tree moth, Cydalima perspectalis (Walker, 1859) (Lepidoptera, Crambidae) in Croatia. Natura Croatica. 21: 507-510",REF203
2013,"Matosevic, D. (2013). Box Tree Moth (Cydalima perspectalis, Lepidoptera; Crambidae), New Invasive Insect Pest in Croatia. South-East Eur For 4 (2): 89-94",REF204
2013,"Pinya, S., Suarez-Fernandez, J. and Canyelles, X. (2013). Distribution and status of Antheraea pernyi (Guerin- Meneville, 1855) in the island of Mallorca (Spain) (Lepidoptera: Saturniidae). SHILAP Revista Lepidorologica. 41(163): 377-381",REF205
2009,"Augustin, S., Guichard, S., Heitland, W., Freise, J., Svatos, A. and Gilbert, M. (2009). Monitoring and dispersal of the invading Gracillariidae Cameraria ohridella. Journal of Applied Entomology. 133: 58-66",REF206
1977,European and Mediterranean Plant Protection Organization (EPPO) (1977). Report of Hypantria cunea D. in France. EPPO Reporting Service 01 - 1977: 1977/06,REF207
1990,"Whitebread, S. (1990). Phyllonorycter robiniella (Clemens, 1859) in Europe (Lepidoptera, Gracillariidae). Nota Lepiderologica. 12(4): 344-353",REF208
2012,"van Nieukerken, E., Wagner, D., Baldessari, M., Mazzon L., Angeli, G., Girolami V., ... and Doorenweerd, C. (2012). Antispila oinophylla new species (Lepidoptera, Heliozelidae), a new North American grapevine leafminer invading Italian vineyards: taxonomy, DNA barcodes and life cycle. ZooKeys. 170: 29-77",REF209
2022,"Huemer P. and Mayr, T. (2022) Chrysaster ostensackenella (Fitch, 1859), a potentially invasive species newly recorded from Europe (Lepidoptera, Gracillariidae). Check List. 18 (6): 1237-1242",REF210
2015,"Bernardo, U., van Nieukerken, E., Sasso, R., Gebiola, M., Gualtieri, L. and Viggiani, G. (2015). Characterization, distribution, biology and impact on Italian walnut orchards of the invasive North-American leafminer Coptodisca lucifluella (Lepidoptera: Heliozelidae). Bulletin of Entomological Research. 105: 210-224",REF211
2013,"Bella, S. (2013). The Box tree moth Cydalima perspectalis (Walker, 1859) continues to spread in Southern Europe: new records for Italy (Lepidoptera Pyraloidea Crambidae). Redia. 96: 51-55",REF212
2020,"Molfini, M., Zapparoli, M., Genovesi, P., Carnevali, L., Audisio, P., Di Giulio, A. and Bologna, M. (2020). A preliminary prioritized list of Italian alien terrestrial invertebrate species. Biological Invasions. 22: 2385-2399",REF213
2023,"Scaccini, D., Bramuzzo, D., Bostanci, C., Faccoli, M., Martinez-Sanudo, I., Matov, A., ... and Pozzebon, A. (2023). First report of Garella musculana (Erschov, 1874) (Lepidoptera: Nolidae) in Italy with insights into its identity. Journal of Applied Entomology. 147: 239-243",REF214
1988,"European and Mediterranean Plant Protection Organization (EPPO) (1988). Hyphantria cunea in Italy. EPPO Reporting Service, 03 - 1988: 1988/05",REF215
2020,"Bella, S. and Aguiar, A. (2020). Non-native insect pests from the Madeira Archipelago (Portugal): new records and further data (Insecta: Orthoptera, Hymenoptera). Fragmenta entomologica. 52 (2): 369-376",REF216
2005,"Bella, S. and Ferrauto, G. (2005). Presence of Megalorhipida leucodactyla (Lepidoptera Pterophoridae) in Sicily: new report for the Italian fauna and notes on the diffusion of its host plant Boerhavia repens L. ssp. viscosa (Choisy) Maire (Nyctaginaceae). Biological Invasions. 7: 577-587",REF217
2016,"Ureche, C. (2016). First record of a new alien invasive species in Romania: Phyllocnistis vitegenella Clemens (Lepidoptera: Gracillariidae). Acta Oecologica Carpatica. 9: 133-138",REF218
1997,"Posenato G., Girolami V. and Zangheri S. (1997). La minatrice americana un nuovo fillominatore della vite. LInformatore Agrario. 15: 75-77",REF219
2014,"Mazza, G., Strangi, A., Marianelli, L.,  Del Nista, D. and Roversi, P. (2014). Thaumatotibia leucotreta (Meyrick) (Lepidoptera Tortricidae) intercepted for the first time in Italy. Redia. 97: 147-149",REF220
2010,"Bagnoli, B., Rossi, E. and Tonola, A. (2010). Toscana [Tuscany]. In: Tuta absoluta: Guida alla conoscenza e recenti acquisizioni per una corretta difesa [Tuta absoluta: An Information Guide and Recent Acquisitions for Correct Pest Management] (Ed. Sannino, L. and Espinosa, B.), pp. 85-87. Edizioni Linformatore Agrario, Verona (Italy).",REF221
2015,"Corley, M., Rosete, J., Goncalves, A., Nunes, J., Pires, P. and Marabuto, E. (2015). New and interesting Portuguese Lepidoptera records from 2015 (Insecta: Lepidoptera). SHILAP Revista de Lepidopterologia. 44(176):  615-643",REF222
2006,"Marabuto, E. (2006). The occurrence of a neotropical hawkmoth in southern Portugal: Agrius cingulatus (Fabricius, 1775) (Lepidoptera: Sphingidae). Boletin de la Sociedad Entomologica Aragonesa. 38: 163-166",REF223
2017,"Corley, M., Ferreira, S., Lvovsky, A. and Rosete, J. (2017). Borkhausenia crimnodes Meyrick, 1912 (Lepidoptera, Oecophoridae), a southern hemisphere species resident in Portugal. Nota Lepidopterologica. 40(1): 15-24",REF224
2004,"Alario S. (2004). Paysandisia archon (Burmeister, 1880) (Lepidoptera, Castniidae), nuevas localizaciones en la Peninsula Iberica y su gestion. Boletin Sociedad Entomologica Aragonesa. 34:237-246",REF225
2012,"Peigler, R. (2012). Diverse evidence that Antheraea pernyi (lepidoptera: Saturniidae) is entirely of sericultural origin. Tropical Lepidoptera Research. 22, 93-99",REF226
2021,"Guerrero, J., Pozas, M. and Ortiz, A. (2021). First record and DNA barcoding of Donacaula niloticus (Zeller, 1867) from the Iberian Peninsula (Lepidoptera: Crambidae). Biodiversity Data Journal. 9: e70193",REF227
2000,"Urbaneja, A., Llacer, E., Tomas, O., Garrido, A. and Jacas, J. (2000). Indigenous Natural Enemies Associated with Phyllocnistis citrella (Lepidoptera: Gracillariidae) in Eastern Spain. Biological Control. 18: 199-207",REF228
2014,"Oztemiz, S. (2014).Tuta absoluta Povolny (Lepidoptera: Gelechiidae), the exotic pest in Turkey. Romanian Journal of Biology. 59(1): 47-58",REF229
2007,"Urbaneja, A., Vercher, R., Navarro, V., Porcuna, J. and Garcia-Mari, F. (2007). La polilla del tomate, Tuta absoluta [The tomato leaf miner: Tuta absoluta]. Phytoma Espana, 194, 16-24",REF230
2007,"Girardoz, S., Quicke, D. and Kenis, M. (2007). Factors favouring the development and maintenance of outbreaks in an invasive leaf miner Cameraria ohridella (Lepidoptera: Gracillariidae): a life table study. Agricultural and Forest Entomology. 9: 141-158",REF231
2015,"Timus, A. (2015). The Invasive Entomofauna of the Holometabola Group, Superorder Mecopteroidea for Republic of Moldova. Current Trends in Natural Sciences. 4(7): 50-58",REF232
2018,"Beaumont, H. (2018) The occurrence of Garella musculana (Erschov, 1874) (Lep.: Nolidae) in eastern Bulgaria. Entomologists Records and Journal of Variation. 130: 315-316.",REF233
1937,"Meyrick, E. (1937). Tortrix postvittana Walk (Microlepidoptera), a species new to Britain. Entomologist. 70: 256",REF234
2019,"Ba, N., Huesing, J., Dabire-Binso, C., Tamo, M., Pittendrigh, B. and Murdock, L. (2019). The legume pod borer, Maruca vitrata Fabricius (Lepidoptera: Crambidae), an important insect pest of cowpea: a review emphasizing West Africa. International Journal of Tropical Insect Science. 39: 93-106",REF235
2012,"Mindlin, M., de Waroux, O., Case, S. and Walsh, B. (2012). The arrival of oak processionary moth, a novel cause of itchy dermatitis, in the UK: Experience, lessons and recommendations. Public Health. 126: 778-781",REF236
2013,"Townsend, M., (2013). Oak processionary moth in the United Kingdom. Outlooks in Pest Management. 24, 32-38",REF237
2010,"Van Der Straten, M. and Muus, T. (2010). The box tree pyralid, Glyphodes perspectalis (Lepidoptera: Crambidae), an invasive alien moth ruining box tree. Proceedings of the Netherlands Entomological Society. 21: 107-111",REF238
2011,"Desneux, N., Luna, M., Guillemaud, T. and Urbeneja, A. (2011). The invasive South American tomato pinworm, Tuta absoluta, continues to spread in Afro-Eurasia and beyond: the new threat to tomato world production. Journal of Pest Science. 84: 403-408",REF239
2011,"Safian, S. and Horvath, B. (2011). Box Tree Moth - Cydalima perspectalis (Walker, 1859), new member in the Lepidoptera fauna of Hungary (Lepidoptera: Crambidae). Natura Somogyiensis. (19): 245-246",REF240
2023,"Safian, S., Katona, G. and Toth, B. (2023). First report of the palm borer moth, Paysandisia archon (Burmeister, 1879), in Hungary (Lepidoptera: Castniidae). Folia Entomologica Hungarica. 84: 137-143",REF241
1975,"European and Mediterranean Plant Protection Organization (EPPO) (1975). Phthorimaea openculella intercepted in Hungary. EPPO Reporting Service, 01 - 1975: 1975/06",REF242
2002,"Guichard, S. and Augustin, S. (2002). Acute spread in France of an invasive pest, the horse chestnut leafminer Cameraria ohridella Deschka & Dimic (Lep., Gracillariidae). Journal of Pest Science. 75: 145-149",REF243
2003,"Cizek, O., Bakesova, A., Kuras, T., Benes, J. and Konvicka, M. (2003). Vacant niche in alpine habitat: the case of an introduced population of the butterfly Erebia epiphron in the Krkonose Mountains. Acta Oecologica. 24: 15-23",REF244
2019,"Badano, D., Caracciolo, D., Mariotti, M. and Raineri, V. (2019). Destruction of a protected habitat by an invasive alien species: the case of Cydalima perspectalis (Walker, 1859) in the box tree formations of Liguria (North-West Italy) (Lepidoptera: Crambidae). SHILAP Revista de Lepidopterologia. 47(185): 87-95",REF245
2015,"Czerniakowski, Z. and Olbrycht, T. (2015). Invasive species and their role in historic park sites. Technical Transactions: Architecture. 5-A/2015: 34-40",REF246
2019,"Bury, J., Olbrycht, T., Mazur, K., Babula, P. and Czudec, P. (2019). First records of the invasive box tree moth Cydalima perspectalis (Walker, 1859) (Lepidoptera: Crambidae) in south-eastern Poland. Fragmenta Faunistica. 60 (2): 101-106",REF247
2010,"Walczak, U., Baraniak, E. and Jerzak, E. (2010). Host range of an invasive moth, Phyllonorycter leucographella. Journal of Applied Entomology. 134: 714-717",REF248
2017,"Yonow, T., Kriticos, D., Ota, N., Berg, J. and Hutchison, W. (2017). The potential global distribution of Chilo partellus, including consideration of irrigation and cropping patterns. Journal of Pest Science. 90:459-477",REF249
2016,"Bayram, A. and Tonga, A. (2016). First report of Chilo partellus in Turkey, a new invasive maize pest for Europe. Journal of Applied Entomology. 140: 236-240",REF250
2012,"Hizal, E. (2012). Two Invasive Alien Insect Species, Leptoglossus occidentals (Heteroptera: Coreidae) and Cydalima perspectalis (Lepidoptera: Crambidae), and their Distribution and Host Plants in Istanbul Province, Turkey. Florida Entomologist. 95(2): 344-349",REF251
2012,"Hizal, E., Kose, M., Yesil, C. and Kaynar, D. (2012). The New Pest Cydalima perspectalis (Walker, 1859) (Lepidoptera: Crambidae) in Turkey. Journal of Animal and Veterinary Advances. 1(3): 400-403",REF252
2021,"Bostanci, C., Yildirim, I., Aydogan, O., Yildiz, Y., Karoly Kiss, I., and Albas, E. (2021). First report of walnut (Juglans regia) pest Garella musculana in Romania. EPPO Bulletin. 51: 293-295",REF253
2022,"Yuksel, E., Ozdemir, E., Delialioglu, R. and  Canhilal, R. (2022). Insecticidal activities of the local entomopathogenic nematodes and cell-free supernatants from their symbiotic bacteria against the larvae of fall webworm, Hyphantria cunea. Experimental Parasitology. 242: 108380",REF254
2006,"Kocak, A., Kemal, M. and Akdeniz, I. (2006). A new genus and species to the Lepidoptera Fauna of Turkey and Syria (Papilionidae). Centre for Entomological Studies Ankara - Miscellaneous Papers. 97: 1-6",REF255
2024,"European and Mediterranean Plant Protection Organization (EPPO) (2024). First report of Spodoptera frugiperda in Romania. EPPO Reporting Service, 01 - 2024: 2024/003",REF256
2021,"Park, K. and Heppner, J. (2021). The apple-and-thorn skeletonizer, Choreutis pariana (Clerck), new for Korea (Lepidoptera: Choreutidae). Journal of Asia-Pacific Biodiversity. 14: 267e270",REF257
2019,"Koo, J., Kim, S. and Cho, S. (2019). Chrysaster ostensackenella (Fitch, 1859) (Lepidoptera: Gracillariidae) new to Korea. Korean Journal of Applied Entomology. 58 (3): 225-228",REF258
2012,"Hong, K., Lee, J., Lee, G. and Lee, S. (2012). The status quo of invasive alien insect species and plant quarantine in Korea. Journal of Asia-Pacific Entomology. 15: 521-532",REF259
2016,"Jung, J., Seo, B., Kim, Y. and Lee, S. (2016). Can Maruca vitrata (Lepidoptera: Crambidae) Over-winter in Suwon Area? Korean Journal of Applied Entomology. 55(4): 439-444",REF260
2019,"Lesovoya, N., Sykaloa, O., Chumakb, P., Vigerab, S. and Kliuchevychb, M. (2019). The Mediterranean Butterfly Phyllonorycter platani (Staudinger, 1870) in the Fomin Botanic Garden (Kiev, Ukraine). Russian Journal of Biological Invasions. 10(1): 104-107",REF261
2019,"Sandvik, H., Dolmen, D., Elven, R., Falkenhaug, T., Forsgren, E., Hansen, H., ... and Gederaas , L., (2019). Alien plants, animals, fungi and algae in Norway: an inventory of neobiota. Biological Invasions. 21: 2997-3012",REF262
2018,"Molnar, P., Bognar, C., Erdei, A., Fujii, T., Vagi, P., Josvai, J. and Karpati, Z. (2018). Identification of the Female-Produced Sex Pheromone of an Invasive Greenhouse Pest, the European Pepper Moth (Duponchelia fovealis). Journal of Chemical Ecology. 44: 257-267",REF263
2008,"Ivinskis, P. and Rimsaite, J. (2008). Phaneroptera falcate (Poda, 1761) (Orthoptera, Phaneropteridae) in Lithuania. Acta Zoologica Lituanica. 18(4): 270-272",REF264
2020,"Gahramanova, G., Mamay, M. and Mammadov, Z. (2020). Biological characteristics and efficacy of Bacillus thuringiensis var. thuringiensis against the cotton leaf roller, Syllepte derogata (Fabricius, 1775) (Lepidoptera: Crambidae). Journal of Biological Pest Control. 30: 85",REF265
1998,"Bond, K. (1998). Epiphyas postvittana, new to Ireland. Entomologists Record and Journal of Variation. 110: 250",REF266
2017,"Uulu, T., Ulusoy, M. and Caliskan, A. (2017). First record of tomato leafminer Tuta absoluta Meyrick (Lepidoptera: Gelechiidae) in Kyrgyzstan. Bulletin OEPP/EPPO Bulletin 47 (2): 285-287",REF267
2017,"Cock, M., Beseh, P., Buddie, A., Cafa, G. and Crozier, J. (2017). Molecular methods to detect Spodoptera frugiperda in Ghana, and implications for monitoring the spread of invasive species in developing countries. Scientific Reports. 7(1): 4103",REF268
2017,"Day, R., Abrahams, P., Bateman, M., Beale, T., Clottey, V., Cock, M. and Witt A. (2017). Fall armyworm: Impacts and implications for Africa. Outlooks on Pest Management. 28: 196-201",REF269
2018,"Saidov, N., Srinivasan, R., Mavlyanova, R. and Qurbonov, Z. (2018). First Report of Invasive South American Tomato Leaf Miner Tuta absoluta (Meyrick) (Lepidoptera: Gelechiidae) in Tajikistan. Florida Entomologist. 101(1): 147-149",REF270
2023,"Demetriou, J., Radea, C., Peyton, J., Groom, Q., Roques, A., Rabitsch, ... and Martinou, A. (2023). The Alien to Cyprus Entomofauna (ACE) database: a review of the current status of alien insects (Arthropoda, Insecta) including an updated species checklist, discussion on impacts and recommendations for informing management. NeoBiota. 83: 11-42",REF271
2014,"Kravchenko, V., Muller, G., Allan, S., and Yefremova, Z. (2014). Seven invasive owlet moths (Lepidoptera: Noctuidae) in Israel and their potential parasitoids (Hymenoptera: Chalcidoidea). Phytoparasitica. 42: 333-339",REF272
2013,"Ben-Yakir, D., Chen, M., Sinev, S. and Seplyarsky, V. (2013). Chilo partellus (Swinhoe) (Lepidoptera: Pyralidae) a new invasive species in Israel. Journal of Applied Entomology. 137: 398-400",REF273
2011,"Yaacoby, T. and Seplyarsky, V. (2011). Epiblema strenuana (Walker, 1863) (Lepidoptera: Tortricidae), a new species in Israel. Bulletin OEPP/EPPO Bulletin 41: 243-246",REF274
2019,"Kaspi, R., Steinitz, H., Nemny-Lavi, E., Lebedev, G., Melamed, E., and Gazit, Y. (2019). Nontarget host risk assessment of the egg parasitoid trichogrammatoidea cryptophlebiae (hymenoptera: Trichogrammatidae) for classical biological control of the false codling moth (Lepidoptera: Tortricidae) in Israel. Journal of Economic Entomology. 113(2): 1023-1027",REF275
2019,"Levi-Zada, A., Fefer, D., Madar, R., Steiner, S. and Kaspi, R. (2019). Evaluation of pheromone of false codling moth Thaumatotibia leucotreta in Israel by sequential SPME/GCMS analysis and field trials. Journal of Pest Science. 93: 519-529",REF276
1986,"Wysoki, M. (1986) New records of lepidopterous pests of macadamia in Israel. Phytoparasitica, 14(2).",REF277
2023,"Markhasiov, M. (2023). First record of Western Pygmy-Blue Brephidium exilis (Boisduval, 1852) in Iran. Atalanta. 54(1): 116-118",REF278
2021,"Farahani, S., Salehi, M., Farashiani, M., Kazerani, F., Kouhjani-Gorji, M., Trujeni, S., ... and Talebi, A. (2021). Life Cycle of Cydalima perspectalis (Walker, 1859) (Lepidoptera: Crambidae), an Invasive Exotic Pest in Hyrcanian Forests of Iran. Journal of Agricultural Science and Technology. 23(2): 361-370",REF279
2022,"Karami, A., Talebi, A., Gilasian, E., Fathipour, Y. and Mehrabadi, M. (2022). Native parasitoids of the fall webworm, Hyphantria cunea (Drury, 1773) (Lepidoptera, Erebidae), an invasive alien pest in northern Iran. Journal of Insect Biodiversity and Systematics. 09(1): 81-101",REF280
2022,"Falsafi, H., Alipanah, H., Ostovan, H., Hesami, S. and Zahiri, R. (2022). Forecasting the potential distribution of Spodoptera exigua and S. littoralis (Lepidoptera, Noctuidae) in Iran. Journal of Asia-Pacific Entomology. 25: 101956",REF281
2021,"Pullaiah, T. and Ielmini, M.R. (Eds.) (2021). Invasive Alien Species: Observations and Issues from Around the World. Volume 2: Issues and Invasions in Asia and the Pacific region. Wiley. 304pp.",REF282
2009,"Merit, X., Gayman, J., Merit, V. and Manil, L. (2009). Papilio demoleus [Linnaeus, 1758] - Une expansion mondiale (Lepidoptera: Papilionidae). Lepidopteres-Revue des Lepidopteristes de France. 18: 44-47",REF283
1960,"Ayoub, M.A. (1960). Phyllocnistis citrella Stainton, a main citrus pest in Saudi Arabia. Bulletin de la Societe entomologique d Egypte (Cairo). 44: 387-391",REF284
2019,"Mifsud, C., Magro, D. and Vella, A. (2019). First record and DNA barcode of the clearwing moth Tinthia tineiformis (Esper, 1789) from Malta, central Mediterranean. Check List. 15 (4): 595-599",REF285
2014,"Fric, Z., Dickinson, R., Fetouh, G., Larsen, T., Schon, W. and Wiemers, M. (2014). First record of the cycad blue, Chilades pandava, in Egypt - a new invasive butterfly species in the Mediterranean region and on the African continent (Lepidoptera: Lycaenidae). African Entomology. 22(2): 315-319",REF286
2020,"Gamil, W. (2020). Fall Armyworm Spodoptera frugiperda (J. E. Smith) (Lepidoptera: Noctuidae) Biological Aspects as A New Alien Invasive Pest in Egypt. Egyptian Academy Journal of Biological Science. 13(3): 189-196",REF287
2015,"Salem, S. and Abdel-Moniem, H. (2015). Evaluation of non-traditional approaches for controlling tomato moth, Tuta absoluta Meyrick (Lepidoptera, Gelechiidae), a new invasive pest in Egypt. Archives of Phytopathology and Plant Protection. 48(4): 319-326",REF288
2020,"Haddad, K., Kalaentzis, K. and Demetriou, J. (2020). On track to becoming a cosmopolitan invasive species: First record of the box tree moth Cydalima perspectalis (Lepidoptera: Crambidae) in the African continent. Entomologia Hellenica. 29: 27-32",REF289
2018,"Almi, A., Bradai, L., Bissati-Bouafia, S. and Korichi R. (2018). Appearance of Virachola livia (Klug, 1834) (Lepidoptera: Lycaenidae) and Study of Some Biological Parameters in and Arid Region of Algeria. Ciencia e Tecnica Vitivinicola. 33(10): 85-96",REF290
1977,"Larsen, T. (1977) Extension recente en Iraq de laire de Papilio demoleus Linnaeus. Entomops. 42: 37-38",REF291
1991,"European and Mediterranean Plant Protection Organization (EPPO) (1991). Spodoptera littoralis in Iraq. EPPO Reporting Service, 07 - 1991: 1991/16",REF292
2007,"Benyamini, D., Bruschini, C., Serra, G. and John, E. (2007) First confirmed records of Papilio demoleus (Linnaeus 1758) in Syria, with comments on the species‚ appearance in Turkey and the Dominican Republic. News of the Israeli Lepidopterists Society. 24(2), 4-11",REF293
1978,"European and Mediterranean Plant Protection Organization (EPPO) (1978). Official List of Dangerous Pests to Tunisia. EPPO Reporting Service, 01 - 1978: 1978/05",REF294
2020,"Ehsine, M. and Aoun, F. (2020). First report of the defoliator moth, Spoladea recurvalis (Fabricius, 1775) (Lepidoptera: Crambidae), in Tunisia. Bulletin OEPP/EPPO Bulletin. 50(2): 304-306",REF295
2011,"Ksentini, I., Jardak, T. and Zeghal, N. (2011). First report on Virachola livia Klug. (Lepidoptera: Lycaenidae) and its effects on different pomegranate varieties in Tunisia. Bulletin OEPP/EPPO Bulletin. 41: 178-182",REF296
1978,"Ba-Angood, S. (1978). On the biology and food preference of the Citrus leaf miner, Phyllocnistis citrella Stainton (Gracilariidae, Lepidoptera) in PDR of Yemen. Journal of Applied Entomology. 86(1-4): 53-57",REF297
2019,"Jallow, M., Dahab A., Albaho, M., Devi, V., Awadh, D. and Thomas, B. (2019). Baseline susceptibility and assessment of resistance risk to flubendiamide and chlorantraniliprole in Tuta absoluta (Lepidoptera: Gelechiidae) populations from Kuwait. Applied Entomology and Zoology. 54: 91-99",REF298
2020,"Delabye, S., Maicher, V., Safian, S., Potocky, P., Mertens, J., Przybylowicz, L., ... and Tropek, R. (2020). First records of 31 species of butterflies and moths (Lepidoptera) in Cameroon, with remarks on their elevational ranges. Biodiversity Data Journal. 8: e50543",REF299
2002,"du Plessis, H. (2002). Groundnut leaf miner, Aproaerema modicella in Southern Africa. International Arachis Newsletter. 22: 48-49",REF300
2019,"Kinyanjui, G., Khamis, F., Ombura, F., Kenya, E., Ekesi, S. and Mohamed, S. (2019). Infestation Levels and Molecular Identification Based on Mitochondrial COI Barcode Region of Five Invasive Gelechiidae Pest Species in Kenya. Journal of Economic Entomology. 112(2): 872-882",REF301
1947,"Pettey, F. (1947). The biological control of prickly pears in South Africa. Science Bulletin 271. Department of Agriculture, Union of South Africa. Entomology Series. 22:1-163",REF302
1991,"European and Mediterranean Plant Protection Organization (EPPO) (1991). First record of Cydia molesta in South Africa. EPPO Reporting Service, 03 - 1991: 1991/10",REF303
2015,"Li, Y., Duan, X., Qiao, X., Li, X., Wang, K., Men, Q. and Chen, M. (2015). Mitochondrial DNA revealed the extent of genetic diversity and invasion origin of populations from two separate invaded areas of a newly invasive pest, Cydia pomonella (L.) (Lepidoptera: Tortricidae) in China. Bulletin of Entomological Research. 105(4): 485-496",REF304
2021,"Nnzeru, L., Tshikhudo, P., Mudereri, B. and Moshobane, M. (2021). Pest interceptions on imported fresh fruits into South Africa. International Journal of Tropical Insect Science. 41: 3075-3086",REF305
2016,"Uyi, O., Zachariades, C., Hill, M. and McConnachie, A. (2016). Temperature-dependent performance and potential distribution of Pareuchaetes insulata, a biological control agent of Chromolaena odorata in South Africa. BioControl. 61: 815-825",REF306
1986,"Kamburov, S. (1986). New pests and beneficial insects on citrus in South Africa - Part I. Citrus and Subtropical Fruit Journal. 625: 6-7",REF307
2017,"Visser, D., Uys, V., Nieuwenhuis, R. and Pieterse, W. (2017). First records of the tomato leaf miner Tuta absoluta (Meyrick, 1917) (Lepidoptera: Gelechiidae) in South Africa. BioInvasions Records. 6(4): 301-305",REF308
1958,"Ingram, W. (1958) The lepidopterous stalk borers associated with Graminae in Uganda. Bulletin of Entomological Research. 49:367-383",REF309
2018,"Otim, M., Tay, W., Walsh, T., Kanyesigye, D., Adumo, S., Abongosi, J., ... and Agona, A. (2018) Detection of sister-species in invasive populations of the fall armyworm Spodoptera frugiperda (Lepidoptera: Noctuidae) from Uganda. PLoS ONE. 13(4): e0194571",REF310
2016,"Tumuhaise, V., Khamis, F., Agona, A., Sseruwu, G. and Mohamed, S. (2016). First record of Tuta absoluta (Lepidoptera: Gelechiidae) in Uganda. International Journal of Tropical Insect Science. 36(3): 135-139",REF311
1999,"Way, M. and Turner, P. (1999). The spotted borer Chilo sacchariphagus (Lepidoptera: Pyralidae: Crambidae), in Mozambique. Proceedings of the South African Sugar Technologists Association. 73: 112-113",REF312
2002,"Mbapila, J., Overholt, W. and Kayumbo, H. (2002). Comparative Development and Population Growth of an Exotic Stemborer, Chilo partellus (Swinhoe), and an Ecologically similar congener, C. orichalcociliellus (Strand) (Lepidoptera: Crambidae). Insect Science Applications. 22(1): 21-27",REF313
2021,"Sun, X., Hu, C., Jia, H., Wu, Q., Shen, X., Zhao, S., ... and Wu, K. (2021). Case study on the first immigration of fall armyworm, Spodoptera frugiperda invading into China. Journal of Integrative Agriculture. 20(3): 664-672",REF314
2021,"Durocher-Granger, L., Mfune, T., Musesha, M., Lowry, A., Reynolds, K., Buddie, A., ... and Kenis, M. (2021). Factors influencing the occurrence of fall armyworm parasitoids in Zambia. Journal of Pest Science. 94:1133-1146",REF315
2017,"Mutamiswa, R., Machekano, H. and Nyamukondiwa, C. (2017). First report of tomato leaf miner, Tuta absoluta (Meyrick) (Lepidoptera: Gelechiidae), in Botswana. Agriculture and Food Security. 6: 49",REF316
2011,"Uyi, O., Egbon, I. and Igbinosa, I. (2011). Discovery of, and studies on, Pareuchaetes pseudoinsulata (Lepidoptera: Arctiidae) in southern Nigeria. International Journal of Tropical Insect Science. 31(3): 199-203",REF317
1967,"Badawy, A. (1967). The morphology and biology of Phyllocnistis citrella Stainton., a citrus leaf-miner in the Sudan. Bulletin de la Societe entomologique d Egypte (Cairo). 51: 95-103",REF318
1997,"Hoy, M. and Nguyen, R. (1997). Classical Biological Control of the Citrus Leafminer Phyllocnistis citrella Stainton (Lepidoptera: Gracillaridae): Theory, Practice, Art and Science. Tropical Lepidoptera. 8(1): 1-19",REF319
2016,"Goergen, G., Kumar, P., Sankung, S., Togola, A. and Tamo, M. (2016). First Report of Outbreaks of the Fall Armyworm Spodoptera frugiperda (J E Smith) (Lepidoptera, Noctuidae), a New Alien Invasive Pest in West and Central Africa. PLoS One. 11: e0165632",REF320
2019,"Aigbedion-Atalor, P., Oke, A., Oladigbolu, A., Layade, A.,  Igbinosa, I. and Mohamed, S. (2019). Tuta absoluta (Lepidoptera: Gelechiidae) invasion in Nigeria: first report of its distribution. Journal of Plant Diseases and Protection. 126: 603-606",REF321
2016,"Chidege, M., Al-zaidi, S., Hassan, N., Julie, A., Kaaya, E. and Mrogoro, S. (2016). First record of tomato leaf miner Tuta absoluta (Meyrick) (Lepidoptera: Gelechiidae) in Tanzania. Agriculture and Food Security. 5: 17",REF322
2016,"Agboyi L., Ketoh, G., Martin, T., Glitho, I. and  Tamo, M. (2016). Pesticide resistance in Plutella xylostella (Lepidoptera: Plutellidae) populations from Togo and Benin. International Journal of Tropical Insect Science. 36(4): 204-210",REF323
2017,"Nagoshi, R., Koffi, D., Agboka, K., Tounou, K., Banerjee, R., Jurat-Fuentes, J. and Meagher, R. (2017). Comparative molecular analyses of invasive fall armyworm in Togo reveal strong similarities to populations from the eastern United States and the Greater Antilles. PLoS One. 12: e0181982",REF324
2021,"Fiaboe, K., Agboka, K., Agboyi, L., Koffi, D., Ofoe, R., Kpadonou, G., ... and Fening, O. (2021). First report and distribution of the South American tomato pinworm, Tuta absoluta (Meyrick) (Lepidoptera: Gelechiidae) in Togo. Phytoparasitica. 49:167-177",REF325
2000,"Timbilla, J. and Braimh, H. (2000). Establishment, Spread and Impact of Pareuchaetes pseudoinsulata (Lepidoptera: Arctiidae) an Exotic Predator of the Siam Weed, Chromolaena Odorata (Asteraceae: Eupatoriae) in Ghana. Proceedings of the X International Symposium on Biological Control of Weeds. 105-111",REF326
2020,"Nboyinea, J., Kusi, F., Abudulai,  M., Badii, B., Zakaria, M., Adu, G., ... and Yahayaa, A. (2020). A new pest, Spodoptera frugiperda (J.E. Smith), in tropical Africa: Its seasonal dynamics and damage in maize fields in northern Ghana. Crop Protection. 127: 104960",REF327
2018,"Brevault, T., Ndiaye, A., Badiane, D., Bal, A., Sembene, M., Silvie, P. and Haran, J. (2018). First records of the fall armyworm, Spodoptera frugiperda (Lepidoptera: Noctuidae), in Senegal. Entomologia Generalis. 37(2): 129-142",REF328
2013,"Pfeiffer, D., Muniappan, R., Sall, D., Paterne, D., Diongue, A. and Dieng, E. (2013). First record of Tuta absoluta (Lepidoptera: Gelechiidae) in Senegal. Florida Entomologist. 96(2): 661-662",REF329
2019,"Ndayizeye,  L., Manirakiza, O., Ntashavu, D., Ndayikeza, L. and Mbarushimana, D. (2019). First record of Tuta absoluta (Meyrick) (Lepidoptera: Gelechiidae) in Burundi. Bulletin OEPP/EPPO Bulletin. 49 (2), 388-390",REF330
2022,"Konan, K., NGoran, S., Fondio, L., Ochou, G., Kone, D., Desneux, N. and Martin, T. (2022). Geographical distribution and host range status of Tuta absoluta Meyrick (Lepidoptera: Gelechiidae) in Cote dIvoire. International Journal of Tropical Insect Science. 42: 365-377",REF331
2012,"Chung, A., Tangah, J. and Yahya, F. (2012). Infestation of Achaea janata Linnaeus (Lepidoptera: Noctuidae) in the mangroves of Sandakan, Sabah. In C. Mohammed, C. Beadle, J. Roux & S. Rahayu (eds.), Proceedings of the International Conference on the Impacts of Climate Change to Forest Pests & Diseases in the Tropics. 8-10 October, 2012, Yogyakarta, Indonesia. Pp. 222-225",REF332
2019,"European and Mediterranean Plant Protection Organization (EPPO) (2019). First report of Spodoptera frugiperda in Thailand. EPPO Reporting Service, 01 - 2019: 2019/006",REF333
2014,"Braby, M., Thistleton, B. and Neal, M. (2014). Host plants, biology and distribution of Acraea terpsicore (Linnaeus, 1758) (Lepidoptera: Nymphalidae): a new butterfly for northern Australia with potential invasive status. Austral Entomology. 53: 288-297",REF334
2019,"USDA (2019). Fall armyworm damages corn and threatens other crops in Vietnam. (United States Department of Agriculture, Foreign Agricultural Serves, 2019).",REF335
2020,"Gilal, A., Bashir, L., Faheem, M., Rajput, A., Soomro, J., Kunbhar, S., ... and Sahito, J. (2020). First Record of Invasive Fall Armyworm (Spodoptera frugiperda (Smith) (Lepidoptera: Noctuidae)) in Corn Fields of Sindh, Pakistan. Pakistan Journal of Agricultural Research. 33(2): 247-252",REF336
2021,"Ramzan, M., Abbas, D., Bukhari, F., Mehmood, S., Javed, A., Abbas, M., ... and Zaheer, M. (2021). Biology of Fall Armyworm, Spodoptera frugiperda (Lepidoptera: Noctuidae) A New Alien Invasive Pest in Pakistan. Indian Journal of Pure Applied Bioscience. 9(4), 186-191.",REF337
2021,"Vang, L., Khanh, C., Shibasaki, H. and Ando, T. (2021). Female sex pheromone secreted by Carmenta mimosa (Lepidoptera: Sesiidae), a biological control agent for an invasive weed in Vietnam. Bioscience, Biotechnology and Biochemestry. 76(11): 2153-2155",REF338
2020,"Hang, D., Liem, N., Lam, P., Wyckhuys, K., Thuy, N., Hang, T., ... and Viet, N. (2020). First record of fall armyworm Spodoptera frugiperda (J.E. Smith), (Lepidoptera: Noctuidae) on maize in Viet Nam. Zootaxa. 4772(2): 396-400",REF339
1966,"Simmonds, F., and Bennett, F. (1966). Biological control of Opuntia spp. by Cactoblastis cactorum in the Leeward Islands (West Indies). Entomophaga. 11: 183-189",REF340
2016,"Naik, S., Jayashankar, M. and Sridhar, V. (2016). Incidence of invasive Banana skipper,Erionota torus evans (Lepidoptera:Hesperiidae) in Karnataka. The Bioscan. 11(4): 2117-2120",REF341
2019,"Hussain, B., Sivakumar, G., Kannan, M., War, A. and Ballal, C. (2019). First record of a nucleopolyhedrovirus infecting brown-tail moth larvae, Euproctis chrysorrhoea (L.) (Lepidoptera: Lymantriidae) in India. Egyptian Journal of Biological Pest Control. 29: 11",REF342
2018,"Deshmukh, S., Kalleshwaraswamy, C., Asokan, R., Swamy, H., Maruthi, M., Pavithra, H., ... and Goergen, G. (2018). First report of the Fall armyworm, Spodoptera frugiperda (J E Smith) (Lepidoptera: Noctuidae), an alien invasive pest on maize in India. Pest Management in Horticultural Ecosystems. 24(1): 23-29",REF343
2018,"Ganiger, P., Yeshwanth, H., Muralimohan, K., Vinay, N., Kumar, A. and Chandrashekara, K. (2018). Occurrence of the new invasive pest, fall armyworm, Spodoptera frugiperda (JE Smith) (Lepidoptera: Noctuidae), in the maize fields of Karnataka, India. Current Science India. 115: 621-623",REF344
2014,"Sridhar, V., Chakravarthy, A., Asokan, R., Vinesh, L., Rebijith, K. and Vennila, S. (2014). New record of the invasive South American tomato leaf miner, Tuta absoluta (Meyrick) (Lepidoptera: Gelechiidae) in India. Pest Management in Horticultural Ecosystems. 20(2): 148-154",REF345
2007,National Institute for Agro-Environmental Sciences (2007). NIAES Asian-Pacific Alien Species Database.,REF346
2022,"Hsu, Y., Shen, Z., Huang, H., Huang, C. and Lu, C. (2022). Alien species revises systematic status: integrative species delimitation of two similar taxa of Symbrenthia Hobner, [1819] (Lepidoptera, Nymphalidae). PeerJ. 11: e14644",REF347
2019,"Yee, K., Aye, M., Htain, N., Oo, A., Kyi, P., Thein, M. and Saing, N. (2019). First detection report of the fall army worm Spodoptera frugiperda (Lepidoptra: Noctuidae) on maize in Myanmar. IPPC Official Pest Report, 2019.",REF348
2024,National Institute for Environmental Studies - Japan (2024). Invasive Species of Japan: Lepidopterans (provisional list),REF349
1995,"Morimoto, N. and Kiritani, K. (1995). Fauna of exotic insects in Japan. Bulletin of the National Institute of Agro-Environmental Sciences. 12: 87-120",REF350
2007,"Tanaka, S., Nishida, T. and Ohsaki, N. (2007). Sequential Rapid Adaptation of Indigenous Parasitoid Wasps to the Invasive Butterfly Pieris brassicae. Evolution. 61-8: 1791-1802",REF351
2022,"Osada, Y. (2022). Description of immature stages of the southern pink moth, Pyrausta inornatalis (Fernald, 1885) (Lepidoptera: Crambidae). Journal of Asia-Pacific Biodiversity. 15: 568e573",REF352
2005,"Paynter, Q. (2005). Evaluating the impact of biological control against Mimosa pigra in Australia. Journal of Applied Ecology. 42: 1054-1062",REF353
2024,"Australian Government Department of Agriculture, Water and Environment (2024). National Priority List of Exotic Environmental Pests, Weeds and Diseases Dataset (Public Summary Version 1.0)",REF354
1996,"Smith, D. and Beattie, G. (1996). Australian citrus IPM and citrus leafminer. In Hoy, M. (ed.), Managing the Citrus Leafminer, Proc. Intern. Conf., Orlando, Florida, April 23-25, 1996, 34-46. Gainesville: University of Florida. 119 pp.",REF355
2023,"de Prins, J., Taylor, D., Gonzalez, G., Dobson, J., Hereward, J., Shi, B., ... and Dhileepan, K. (2023). Taxonomic Delineation of the Old World Species Stomphastis thraustica (Lepidoptera: Gracillariidae) Feeding on Jatropha gossypiifolia (Euphorbiaceae) that Was Collected in the New World and Imported as a Biocontrol Agent to Australia. Neotropical Entomology. 52: 380-406",REF356
2006,MAF (2006). Two Auckland Pest Moth Populations Declared Eradicated: Media Release.,REF357
2010,"Berndt, L. and Allen, G. (2010). Biology and pest status of Uraba lugens Walker (Lepidoptera: Nolidae) in Australia and New Zealand. Australian Journal of Entomology. 49: 268-277",REF358
2011,"Withers, T., Potter, K., Berndt, L., Forgie, S., Paynter, Q. and Kriticos, D. (2011). Risk posed by the invasive defoliator Uraba lugens to New Zealand native flora. Agricultural and Forest Entomology. 13: 99-110",REF359
2016,"Bajracharya, A., Mainali, R., Bhat, B., Bista, S., Shashank, P. and Meshram, N. (2016). The first record of South American tomato leaf miner, Tuta absoluta (Meyrick 1917) (Lepidoptera: Gelechiidae) in Nepal. JEZS. 4(4): 1359-1363",REF360
2010,"Vargas, H. (2010). Angelabella tecomae (Lepidoptera: Gracillariidae): an exotic hostplant in northern Chile and first record from Peru. Revista Colombiana de Entomologia. 36 (2): 340-341",REF361
2017,"Tay, W., Walsh, T., Downes, S., Anderson, C., Jermiin, L., Wong, T., ... and Gordon, K. (2017). Mitochondrial DNA and trade data support multiple origins of Helicoverpa armigera (Lepidoptera, Noctuidae) in Brazil. Scientific Reports. 7: 45302",REF362
2020,Ministerio del Ambiente - Peru (2020). Plan de Accion Nacional sobre las Especies Exoticas Invasoras en Peru 2021-2025,REF363
1994,"Artigas, J. (1994) Entomologia Economica. Insectos de Interes Agricola, Forestal, Medico y Veterinario (nativos, introducidos y susceptibles de ser introducidos) vol II. Universidad de Concepcion. Concepcion, Chile. 943pp",REF364
1983,"Williams, J. (1983). The sugar cane stem borer (Chilo sacchariphagus) in Mauritius. Revue agricole et sucriere de la IIle Maurice. 62: 5-23",REF365
2018,"Manuel, J., Tennent, W., Buden, D. and Moore, A. (2018). First record of Doleschallia tongana (Lepidoptera: Nymphalidae) for Guam Island. F1000Research. 7: 366",REF366
1974,"Guerout, R. (1974). Occurrence of Phyllocnistis citrella in West Africa. Fruits (Paris). 29: 519-523",REF367
2019,"Trisyono, Y., Suputa, S., Aryuwandari, V., Hartaman, M. and Jumari, J. (2019). Occurrence of heavy infestation by the fall armyworm Spodoptera frugiperda, a new alien invasive pest, in corn Lampung Indonesia. Jurnal Perlindungan Tanaman Indonesia. 23(1): 156-160",REF368
2018,"Sharanabasappa, S., Kalleshwaraswamy, C., Asokan, R., Swamy, H., Maruthi, M., Pavithra, H., ... and Goergen, G. (2018). First report of the fall armyworm, Spodoptera frugiperda (JE Smith)(Lepidoptera: Noctuidae), an alien invasive pest on maize in India. Pest Management in Horticultural Ecosystems. 24(1): 23-29",REF369
2010,"Seplyarsky, V., Weiss, M. and Haberman, A. (2010). Tuta absoluta Povolny (Lepidoptera: Gelechiidae), a new invasive species in Israel. Phytoparasitica. 38:445–446",REF370
2020,"Sartiami, D., Dadang, Harahap, I., Kusumah Y. and Anwar, R. (2020). First record of fall armyworm (Spodoptera frugiperda) in Indonesia and its occurence in three provinces. IOP Conf. Series: Earth and Environmental Science. 468: 012021",REF371
2019,"Navasero, M., Navasero, M., Burgonio, G., Ardez, K., Ebuenga, M., Beltran, M., ... and Aquino, M. (2019). Detection of the fall armyworm, Spodoptera frugiperda (JE Smith)(Lepidoptera: Noctuidae) using larval morphological characters, and observations on its current local distribution in the Philippines. The Philippinne Entomologist. 33(2): 171-184",REF372
2020,"Paynter, Q., Poeschko, M. and Winks, C. (2020). Leaf heteroblasty explains unexpected spillover non-target attack on T Passiflora edulis by Heliconius erato cyrbia, a biological control agent for Passiflora rubra, in Rarotonga. Biological Control. 141: 104132",REF373
2014,"de Prins, W., Baugnee, J., Georis, A., Spronck, R. and Spronck, R. (2014). Choreutis nemorana (Lepidoptera: Choreutidae) well established in Belgium. Phegea. 42(2): 29-32",REF374
2012,"van Nieukerken, E., Doorenweerd, C., Ellis, W., Huisman, K., Koster, J., Mey, W., ... and Schreurs, A. (2012). Bucculatrix ainsliella Murtfeldt, a new North American invader already widespread on northern red oaks (Quercus rubra) in Western Europe (Bucculatricidae). Nota lepidopterologica. 35(2): 135-159",REF375
2020,"Takacs, A., Szaboky, C., Toth, B., Bozso, M., Kutas, J., Molnar, S. and Richter, I. (2020). Nearctic walnut leafminers invade Europe: first Coptodisca lucifluella (Clemens, 1860) and now Coptodisca juglandiella (Chambers, 1874)(Lepidoptera, Heliozelidae). Nota lepidopterologica. 43: 77-93",REF376
2015,"Pohl, G., Cannings, R., Landry, J., Holden, D. and Scudder, G. (2015). Checklist of the Lepidoptera of British Columbia, Canada: Entomological Society of British Columbia Occasional Paper. 3:1-237",REF377
2024,de Prins J. and de Prins W. (2024). Global Taxonomic Database of Gracillariidae (Lepidoptera). Avaliable at: http://www.gracillariidae.net,REF378
2020,"Weihrauch, F. (2020). Rosy rustic moth as a hop pest in the Hallertau: History and current situation. Mitteilungen der Deutschen Gesellschaft fur Allgemeine und Angewandte Entomologie. 22: 125-128",REF379
2015,"Mally, R., Korycinska, A., Agassiz, D., Hall, J., Hodgetts, J. and Nuss, M. (2015). Discovery of an unknown diversity of Leucinodes species damaging Solanaceae fruits in sub-Saharan Africa and moving in trade (Insecta, Lepidoptera, Pyraloidea). ZooKeys. 472: 117–162",REF380
1989,"Wallner, W. (1989). Overview of Pest Lymantriidae of North America. Proceedings: Lymantriidae: a Comparison of Features of New and Old World Tussock Moths: June 26-July 1, 1988, New Haven, Connecticut, 123, 65.",REF381
2021,"Dantas, J., Motta, I., Vidal, L., Nascimento, E., Bilio, J., Pupe, J., ... and Albuquerque, E. (2021). A comprehensive review of the coffee leaf miner Leucoptera coffeella (Lepidoptera: Lyonetiidae) - A major pest for the coffee crop in Brazil and others Neotropical countries. Insects. 12(12): 1130",REF382
2023,"Canete-Salinas, P., de la Fuente-Saiz, D., Yanez-Segovia, S., Guajardo, J., Venegas, J., Zamudio, F., ... and Fuentes-Contreras, E. (2024). Use of satellite images to monitor Leucoptera sinuella leaf damage in poplar plantations in central Chile. New Forests. 1-14",REF383
2020,"Hayden, J. and Landry, J. (2020). Arcola malloi (Pastrana), the alligatorweed stemborer, a new synonym of Macrorrhinia endonephele (Hampson)(Lepidoptera: Pyralidae: Phycitinae). Insecta mundi. 768: 1–25",REF384
2018,Government of British Columbia (2018). Metzneria paucipunctella Zell. Available at: https://www2.gov.bc.ca/assets/gov/farming-natural-resources-and-industry/forestry/agents/metzneria_paucipunctella.pdf,REF385
2019,"Prins, J., Arevalo-Maldonado, H., Davis, D., Landry, B., Vargas, H., Davis, M., ...  and Moreira, G. (2019). An illustrated catalogue of the Neotropical Gracillariidae (Lepidoptera) with new data on primary types. Zootaxa. 4575: 1–110",REF386
2015,"Gaedike, R. (2015). Tineidae I: (Dryadaulinae, Hapsiferinae, Euplocaminae, Scardiinae, Nemapogoninae and Meessiinae). In: Nuss, M., Karsholt, O., Mutanen, M. (Eds.). Microlepidoptera of Europe. Brill. Leiden, Netherlands.",REF387
1958,"Harris, P. (1958). Life-History and Natural Control in British Columbia of Ocnerostoma piniariella Zell.(Lepidoptera: Yponomeutidae), a Needle Miner on White Pine. The Canadian Entomologist. 90(10): 627-631",REF388
1958,"Zimmerman, E. (1958). Insects of Hawaii. Volume 8, Lepidoptera: Pyraloidea. Hawaii: University of Hawaii Press.",REF389
2023,"Lu, H., Lyu, B., Tang, J., Wu, Q., Wyckhuys, K., Le, K., ... and Zhang, Q. (2023). Ecology, invasion history and biodiversity-driven management of the coconut black-headed caterpillar Opisina arenosella in Asia. Frontiers in Plant Science. 14: 1116221",REF390
2019,"Bippus, M. (2019). Pyraloidea of Mauritius and neighbouring islands (Lepidoptera). Phelsuma 27: 36-57",REF391
1982,"Gillespie, D. and Gillespie, B. (1982). A list of plant-feeding Lepidoptera introduced into British Columbia. Journal of the Entomological Society of British Columbia.  79: 37-54",REF392
2012,"Oke, O., Adelaja, B., Emuh, C. and Taiwo, O. (2012). Establishment of the moth: Niphograpta albiguttalis (Warner) (Lepidoptera: Pyralidae), a biological control agent of water hyacinth (Eichhornia crassipes) in waterways of Lagos and Ogun states, southwestern Nigeria. International Journal of Environmental Studies. 69(3): 501-506",REF393
2022,"Abram, P., Thiessen, J., Clarke, P., Gillespie, D., Fernandez-Triana, J., Bennett, A., ... and Landry, J. (2022). Natural History of Plutella armoraciae Busck, 1912, A Sympatric Congener of the Diamondback Moth, Plutella xylostella (L., 1758), in Southwestern Canada. The Journal of the Lepidopterists Society. 76(1): 25-39",REF394
2006,"Schultz, P., Day, E., Bordas, A. and Bean, R. (2006). Biology and Distribution of Pryeria sinica, a New Pest of Euonymus Found in Virginia and Maryland. Plant Health Progress. 7(1): 49",REF395
1996,"Gustafsson, B. (1996). Nigra fjiirilsarter importerade till Sverige med bananer. Entomologisk Tidskrift. 117(3): 123-124",REF396
2012,"Mishchenko, A. and Yefremova, Z. (2012). Phyllonorycter medicaginella (Lepidoptera, Gracillariidae) and its parasitoids (Hymenoptera, Eulophidae) in the Middle Volga River basin. Entomological Review. 92(8): 845-850",REF397
2023,"Zhang, Y., Zhao, H., Qi, Y., Li, M., Yang, N., Guo, J., ... and Liu, W. (2023). Global potential geographical distribution of the southern armyworm (Spodoptera eridania) under climate change. Biology. 12(7): 1040",REF398
1991,"Ferguson, D., Hilburn, D. and Wright, B. (1991). The Lepidoptera of Bermuda: their food plants, biogeography, and means of dispersal. The Memoirs of the Entomological Society of Canada. 123(S158): 3-105",REF399
2014,"Baugnee, J. (2014). Parectopa robiniella (Lepidoptera: Gracillariidae), a leafminer of black locust Robinia pseudoacacia, new to the Belgian fauna. Phegea. 42(3): 55-57",REF400
2007,"Zalucki, M., Day, M. and Playford, J. (2007). Will biological control of Lantana camara ever succeed? Patterns, processes & prospects. Biological Control. 42: 251–261",REF401
2003,"Peigler, R. and Naumann, S. (2003). A revision of the silkmoth genus Samia.  University of the Incarnate Word, San Antonio. Texas, United States of America.",REF402
2003,"Wagner, D., Ferguson, D. and Glaser, J. (2003). Sclerocona acutella (Eversmann)(Crambidae: Pyraustinae), naturalized along the eastern seaboard. Journal ofthe Lepidopterists Society. 57(4): 270-273",REF403
2010,"Bidzilya, O. and Li, H. (2010). The genus Scrobipalpa Janse (Lepidoptera, Gelechiidae) in China, with descriptions of 13 new species. Zootaxa. 2513(1): 1-26",REF404
2017,"Hashimoto, K. and Ohgushi, T. (2017). How do two specialist butterflies determine growth and biomass of a shared host plant? Population Ecology. 59: 17–27",REF405
2009,"Habeck, D. and Cuda, J. (2009). Waterlily Leafcutter, Synclita obliteralis (Walker)(Insecta: Lepidoptera: Crambidae: Acentropinae). Univerity of Florida, IFAS Extension, EENY. 424: 1-4",REF406
1966,"Burns, J. (1966). Expanding distribution and evolutionary potential of Thymelicus lineola (Lepidoptera: Hesperiidae), an introduced skipper, with special reference to its appearance in British Columbia. The Canadian Entomologist. 98(8): 859-866",REF407
1984,"Carter, D. (1984). Pest Lepidoptera of Europe: with special reference to the British Isles (Vol. 31). Springer Science and Business Media. Berlin, Germany.",REF408
2015,"Rubinoff, D., Matsunaga, J., Starr, F., Starr, K. and Haines, W. (2015). The Sleepy Orange transits the Pacific: a new butterfly species for Hawaii. News of The Lepidopterists Society. 57(2): 72-73",REF409
2009,"Jacobs, J. and Mangold, J. (2009). Ecology and Management of Eurasian Watermilfoil (Myriophyllum spicatum L.). United States Department of Agriculture. Natural Resources Conservation Service. Invasive Species Technical Note No. MT-23",REF410
2022,CAB International (CABI) (2022). PlantwisePlus Knowledge Bank. Available at: https://plantwiseplusknowledgebank.org/,REF411
2009,European and Mediterranean Plant Protection Organization (EPPO) (2009). First report of an unsual insect species in Hungary: Acharia stimulea. EPPO Reporting Service. 2009(10): 2009/191,REF412
2024,"Wall, M. (2024). Hantsmoths: The Lepidoptera (Moths and Butterflies) of Hampshire and Isle of Wight. Available at: https://www.hantsmoths.org.uk/",REF413
2016,"Sachanowicz, K., Luczkowski, S. and Larysz, A. (2016). State of Knowledge of Butterfly Fauna of Albania, with Three New Species for the Country. Acta Zoologica Bulgarica. 68(4): 2016: 511-518",REF414
2020,"Geci, D., Musliu, M., Bilalli, A. and Ibrahimi, H. (2020). New records of Cydalima perspectalis (Walker, 1859)(Lepidoptera, Crambidae) from Albania and Kosovo. Natura Croatica: Periodicum Musei Historiae Naturalis Croatici. 29(1): 135-138",REF415
2007,"Sulifoa, J. and Ebenebe, A. (2007). Evaluation of pheromone trapping of diamondback moth (Plutella xylostella) as a tool for monitoring larval infestations in cabbage crops in Samoa. The South Pacific  Journal of Natural and Applied Sciences. 25(1): 43-46",REF416
1993,"Vargo, A., Ali, L., Fruen, K., Sworts, V. and Faaumu, S. (1993). The success of natural enemies in controlling introduced pests in American Samoa. Micronesica. 4: 69-77",REF417
2017,"Chidege, M., Abel, J., Afonso, Z., Tonini, M. and Fernandez, B. (2017). Tomato leaf miner, Tuta absoluta (Meyrick)(Lepidoptera: Gelechiidae) detected in namibe province Angola. Journal of Applied Life Sciences International. 12(4): 1-5",REF418
2023,"Cock, M., Deo, R., Gibson, M., Deacon, A., Tran, S., Kelly, M. and Wheeler, A. (2023). New records of butterflies and moths (Lepidoptera) from Tobago, West Indies, with two new combinations and one new synonym in Erebidae. Living World, J. Trinidad and Tobago Field Naturalists’ Club. 99-125.",REF419
2020,"Suelo, M., Cruz, R., Luceno, A. and Mohagan, A. (2020). Morphological Description and Ecological Status of Hawkmoths (Lepidoptera: Sphingidae) in Three Vegetation Types of Mt. Kitanglad, Lirongan, Lantapan, Bukidnon, Philippines. Biological Forum - An International Journal. 12(1): 18-28",REF420
2024,Integrated Taxonomic Information System (ITIS) (2024). Integrated Taxonomic Information System (ITIS) on-line database.  Available at: https://www.itis.gov,REF421
2024,"Richards, N. (2024).  Acalyptris platani (Muller-Rutz, 1934)(Lep.: Nepticulidae) new to the British Isles. Entomologists Record and Journal of Variation. 136: 36-38",REF422
2011,"Ballesteros-Mejia, L., Kitching, I. and Beck, J. (2011). Projecting the potential invasion of the pink spotted hawkmoth (Agrius cingulata) across Africa. International Journal of Pest Management. 57(2): 153-159",REF423
2020,"Petersen, W. and Looney, C. (2020). New Moth Records in Washington State (USA) Acquired from Exotic Pest Surveys. The Journal of the Lepidopterists Society. 74(1): 57-61",REF424
1995,"Grant, G., Retnakaran, A. and Howse, G. (1995). Oak leafshredder, Croesia semipurpurana. Pages 149-153 (Chapter 16) in: Armstrong, J. and Ives, W. (eds). Forest Insect Pests in Canada. Natural Resources Canada, Canadian Forest Service, Headquarters, Ottawa. 732 p.",REF425
2017,"Stojanovic, D., Vajgand, D., Radovic, D., Curcic, N. and Curcic, S. (2017). Expansion of the range of the introduced moth Acontia candefacta in southeastern Europe. Bulletin of Insectology. 70(1), 111-120",REF426
2005,"Pickles, A. (2005). Chrysodeixis eriosoma (Doubleday, 1843) (Lep.: Noctuidae) in Hampshire. The Entomologists Record and Journal of Variation. 117: 131-132",REF427
1986,"Heckford, R. (1986). A specimen of the Adoxophyes privatana (Walker) species-group (Lepidoptera; Tortricidae) bred from imported orchids. Entomologists Gazette. 37(3): 196",REF428
2010,"Handfield, L. and Handfield, D. (2010). Cucullia umbratica (Lepidoptera, Noctuidae), a new European noctuid in North America. ZooKeys. 39: 183-186",REF429
2018,"Seliger, R. and A. Hemmersbach (2018). Zwei adventive Schmetterlingsarten neu fur Deutschland: Plesiomorpha flaviceps (Butler, 1881) und Prays citri (Milliere, 1873) (Lep., Geometridae et Praydidae). Melanargia. 30(2): 49-52",REF430
1993,"Holloway, J. (1993). Moths of Borneo 11. Family Geometridae. Subfamily: Ennominae. Southdene Sdn. Available at: https://www.mothsofborneo.com/part-11/index.htm",REF431
2016,"Sporleder, M., Carhuapoma, P. and Kroschel, J. (2016). Andean potato tuber moth, Symmetrischema tangolias (Gyen 1913). In: Kroschel, J., Mujica, N., Carhuapoma, P. and Sporleder, M. (eds.). Pest distribution and risk atlas for Africa. Potential global and regional distribution and abundance of agricultural and horticultural pests and associated biocontrol agents under current and future climates. Lima (Peru). International Potato Center (CIP).",REF432
2020,"VanDyk, J., Sellers, E. and Bartlett, T. (2020). BugGuide - Identification, Images, & Information For Insects, Spiders & Their Kin For the United States & Canada. Version 1.5. United States Geological Survey.",REF433
2014,"Lee, G., Hayden, J. and Kawahara, A. (2014). External egg morphology of the Hawaiian dancing moth, Dryadaula terpsichorella (Lepidoptera: Tineidae). Journal of Natural History. 48(15-16): 969-974",REF434
2007,"Agassiz, D. (2007). Prays peregrina sp. n. (Yponomeutidae) a presumed adventive species in Greater London. Nota Lepidopterologica. 30(2): 407–410",REF435
2011,"Ebenebe, A., Achari, S., Chand, N., Krishna, A. and Baleisuva, S. (2011). The cabbage webworm (Hellula undalis) on tickweed (Cleome viscosa) in Samoa. The South Pacific Journal of Natural and Applied Sciences. 29(1): 1-6",REF436
2015,"Thoming, G. and Norli, H. (2015). Olfactory cues from different plant species in host selection by female pea moths. Journal of agricultural and food chemistry. 63(8): 2127-2136",REF437
2020,"Walker, A. (2020). Vanessa virginiensis. The IUCN Red List of Threatened Species 2020: e.T161254A882795",REF438
1959,"Martin, J. (1959). The Bionomics of the Pine Bud Moth, Exoteleia dodecella L.(Lepidoptera: Gelechiidae), in Ontario1. The Canadian Entomologist. 91(1): 5-14",REF439
1979,"Doganlar, M. and Beirne, B. (1979). Hemithea aestivaria, a geometrid new to North America, established in British Columbia (Lepidoptera: Geometridae: Geometrinae). The Canadian Entomologist. 111(10): 1121-1121",REF440
1984,"Neil, K. (1984). Noctua comes, a noctuid new to North America (Lepidoptera: Noctuidae: Noctuinae). The Canadian Entomologist. 116(3): 479-480",REF441
2020,"Brou Jr, V. and Brou, C. (2020). Noctua pronuba (Linnaeus)(Lepidoptera: Noctuidae in Louisiana. Southern Lepidoptera News. 42: 329-330",REF442
2005,"Maier, C. (2005). Hosts, pattern of seasonal emergence and flight, and new distributional records of palearctic Pasiphila rectangulata (Lepidoptera: Geometridae) in the northeastern United States. Annals of the Entomological Society of America. 98(2): 214-218",REF443
1995,"Kaila, L. (1995). A Revision Of The North American Perittia (Onceroptila), With First Nearctic Records Of The Genus Mendesia (Elachistidae). Journal of the Lepidopterists Society. 49(3): 208-222",REF444
1977,"Morris, R. and Bolte, K. (1977). The European Species Perizoma alchemillata (the Small Rivulet (BR.))(Lepidoptera: Geometridae) in Newfoundland). The Canadian Entomologist. 109(3): 385-387",REF445
2017,"Eiseman, C., Feldman, T., Lopresti, E. and Palmer, M. (2017). First North American records of Porphyrosela minuta Clarke (Lepidoptera: Gracillariidae), with notes on its native congener, P. desmodiella (Clemens). Proceedings of the Entomological Society of Washington. 119(1), 18-23",REF446
2022,"Niitsu, S. and Maeda, D. (2022). Discovery of Psyche casta (Pallas, 1767)(Psychidae, Psychinae) in Japan. Lepidoptera Science. 73(1): 7-11",REF447
1991,"McCabe, T. and Schweitzer, D. (1991). Rhizedra lutosa (Lepidoptera: Noctuidae) newly introduced to North America. Entomological News. 102(3): 130-132",REF448
2011,"Dickel, T., Brou Jr., V. and Heppner, J. (2010) New North American Records Of The Asian Species, Simplicia cornicalis, in Florida and Louisiana. Lepidoptera Novae. 3(1): 53-56",REF449
2008,"Passoa, S., Balogh, G. and Solis, M. (2008). Sitochroa palealis: a Palearctic pyraustine moth (Lepidoptera: Pyraloidea: Crambidae) newly introduced to North America. Proceedings of the entomological society of Washington. 110(2): 504-515",REF450
1959,"LeRoux, E. and Reimer, C. (1959). Variation Between Samples of Immature Stages, and of Mortalities from Some Factors, of the Eye-Spotted Bud Moth, Spilonota ocellana (D. & S.)(Lepidoptera: Olethreutidae), and the Pistol Casebearer, Coleophora serratella (L.)(Lepidoptera: Coleophoridae), on Apple in Quebec. The Canadian Entomologist. 91(7): 428-449",REF451
1959,"Armstrong, T. (1959). Swammerdamia caesiella Hbn.(Lepidoptera: Yponomeutidae), a New Pest of Japanese Plum in the Niagara Peninsula, Ontario. The Canadian Entomologist. 91(6): 340-345",REF452
2019,"Na, S., Ulziijargal, B., Lee, D. and Bae, Y. (2019). Taxonomic review of the genus Swammerdamia Hubner (Lepidoptera: Yponomeutidae) from Korea. Journal of Asia-Pacific Biodiversity. 12(1): 74-78",REF453
1989,"Bullock, R. (1989). Native Ithome lassula (Lepidoptera: Cosmopterigidae) attacks Leucaena in Florida. The Florida Entomologist. 72(3): 548-550",REF454
2024,"Wenninger, A. (2024). Defoliation of haskap shoots by the honeysuckle moth in Southcentral Alaska. AKES Newsletter, 16(1)",REF455
1993,"Landry, J. and Wright, B. (1993). Systematics of the Nearctic species of metallic-green Coleophora (Lepidoptera: Coleophoridae). The Canadian Entomologist, 125(3): 549-618",REF456
2021,"Wells, B. and Minteer, C. (2021). Alligatorweed Stem Borer (suggested common name) Arcola malloi Pastrana (Insecta: Lepidoptera: Pyralidae: Phycitinae): EENY764/IN1300, 8/2020. EDIS, 2021(1), 4-4",REF457
1988,"Diatloff, G. and Palmer, W. (1988). The host specificity and biology of Aristotella ivae Busck (Gelechiidae) and Lorita baccharivora Pogue (Tortricidae), two microlepidoptera selected as biological control agents for Baccharis halimifolia (Asteraceae) in Australia. Proceedings of the Entomological Society of Washington, 90(4), 458-461",REF458
1990,"McClay, A., McFadyen, R. and Bradley, J. (1990). Biology of Bucculatrix parthenica Bradley sp. n.(Lepidoptera: Bucculatricidae) and its establishment in Australia as a biological control agent for Parthenium hysterophorus (Asteraceae). Bulletin of Entomological Research, 80(4): 427-432",REF459
1985,"McFadyen, R. (1985). Larval characteristics of Cactoblaslis spp. (Lepidoptera: Pyralidae) and the selection of species for biological control of prickly pears ( Opuntia spp.). Bulletin of Entomological Research, 75(1): 159–168",REF460
2004,"Sagliocco, J. and Weiss, J. (2004). Importation, establishment and preliminary impact assessment of Chamaesphecia mysiniformis (Lepidoptera: Sesiidae) for the biological control of horehound in Australia. Fourteenth Australian Weeds Conference. 388-390",REF461
2000,"Julien, M. (2000). Biological control of water hyacinth with arthropods: a review to 2000. Aciar Proceedings, ACIAR; 1998: 8-20",REF462
1986,"Hoffmann, J. (1986). Evidence that the two currently recognized nominal species of Tucumania Dyar (Lepidoptera: Phycitidae) are not distinct. Journal of the Entomological Society of Southern Africa, 49(2): 267-274",REF463
2008,"Stringer, L., El-Sayed, A., Cole, L., Manning, L. and Suckling, D. (2008). Floral attractants for the female soybean looper, Thysanoplusia orichalcea (Lepidoptera: Noctuidae). Pest Management Science, 64(12), 1218-1221",REF464
2025,PaDIL (2025). The Pest and Disease Image Library (PaDIL). Available at: https://www.padil.gov.au/ ,REF465
2004,"Morley, T., Faulkner, S. and Faithfull, I. (2004). Establishment and dispersal of dock moth Pyropteron doryliformis (Ochsenheimer)(Lepidoptera: Sesiidae) in Victoria.In Fourteenth Australian Weeds Conference: 381-384",REF466
1989,"Adair, R. and Scott, J. (1989). The life-history and host specificity of Comostolopsis germana Prout (Lepidoptera: Geometridae), a biological control agent of Chrysanthemoides monilifera (Compositae). Bulletin of Entomological Research, 79(4): 649-657",REF467
2009,"Royer, J. (2009). Spread of red-banded mango caterpillar, Deanolis sublimbalis Snellen (Lepidoptera: Pyralidae), in Cape York Peninsula, Australia. The Australian Entomologist, 36(3): 119-130",REF468
1998,"Day, M., Willson, B. and Latimer, K. (1998). The life history and host range of Ectagagarcia, a biological control agent for Lantana camra and L. montevidensis in Australia. BioControl, 43(3): 325-338",REF469
1990,"McFadyen, R. and Marohasy, J. (1990). A leaf feeding moth, Euclasta whalleyi [Lep.: Pyralidae] for the biological control of Cryptostegia grandiflora [Asclepiadaceae] in Queensland, Australia. Entomophaga, 35: 431-435",REF470
1926,"Donn, A. P. (1926). The Campaign against Prickly. Pear in Australia. Nature volume 117: 625–626",REF471
2011,"Leiss, K. (2011). Management practices for control of ragwort species. Phytochemistry Reviews, 10(1): 153-163",REF472
2000,"Ireson, J., Holloway, R. and Chatterton, W. (2000). Progress on the rearing, release and establishment of the horehound plume moth, Wheeleria spilodactylus (Curtis), for the biological control of horehound in Tasmania. Plant Protection Quarterly, 15(1): 33-35",REF473
2024,"Witts, H. (2024). Hypsopygia nostralis (Guenée, 1854),(Lep.: Pyralidae), the Southern Hayworm: New to Britain. Entomologists Record & Journal of Variation, 136: 258-260",REF474
1993,"Gibson, L. (1993). Additional North American Records of Ecosmomorpha albersana (Tortricidae: Enarmoniini). Journal of the Lepidopterists Society, 47(4): 322-323",REF475
2013,"Ireson, J., Gourlay, A., Sagliocco, J., Holloway, R., Chatterton, W. and Corkrey, R. (2013). Host testing, establishment and biology of the gorse soft shoot moth, Agonopterix umbellana (Fabricius)(Lepidoptera: Oecophoridae), a potential biological control agent for gorse, Ulex europaeus L.(Fabaceae), in Australia. Biological Control, 67(3), 451-461",REF476
2014,"Zhou, Z., Chen, H., Zheng, X., Guo, J., Guo, W., Li, M., ... and Wan, F. (2014). Control of the invasive weed Ambrosia artemisiifolia with Ophraella communa and Epiblema strenuana. Biocontrol Science and Technology, 24(8): 950-964",REF477
2020,"Sarazu-Pillado, R., Gonzalez-Hernandez, H., Cortez-Mondaca, E., Valdez-Carrazco, J., Almela, J. and Lomeli-Flores, R. (2020). Primer Reporte del Gusano Telarañero en Ajonjoli en el Norte de Sinaloa, Mexico. Southwestern Entomologist. 45(2): 575-578",REF478
2008,"Razowski, J., Landry, B. and Roque-Albelo, L. (2008). The Tortricidae (Lepidoptera) of the Galapagos Islands, Ecuador. Revue suisse de zoologie, 115(1): 185",REF479
2020,"Landry, B. (2020). Taxonomic revision of the Spilomelinae (Lepidoptera, Pyralidae sl) of the Galápagos Islands, Ecuador. Revue suisse de Zoologie, 123(2): 315-399",REF480
2018,"Perez, C. E., Guillem, R. M., & Honey, M. R. (2018). Agathodes designalis (Guenee, 1854) from Gibraltar-an adventive species new to Europe (Lepidoptera: Crambidae, Spilomelinae). SHILAP Revista de lepidopterologia, 46(184), 615-617",REF481
2024,"Austin, K. and Rubinoff, D. (2024). New records of introduced Lepidoptera in the Hawaiian Islands for the year 2023. Bishop Museum Occasional Papers 156: 111–121",REF482
2023,"Austin, K. and Rubinoff, D. (2023). New records of introduced Lepidoptera in the Hawaiian Islands for the year 2022. Bishop Museum Occasional Papers 148: 175–184 ",REF483
1999,"Holloway, J. (1999). The Moths of Borneo, Part 18 Nolidae, Subfamilies: Sterrhinae and Larentiinae. Southdene Sdn Bhd. Available online at: https://www.mothsofborneo.com/part-18/index.htm",REF484
2019,"Choudhary, J., Mali, S., Fand, B. and Das, B. (2019). Predicting the invasion potential of indigenous restricted mango fruit borer, Citripestis eutraphera (Lepidoptera: Pyralidae) in India based on MaxEnt modelling. Current Science, 116(4): 636-642",REF485
2014,"Jayanthi, P., Verghese, A., Shashank, P. and Kempraj, V. (2014). Spread of indigenous restricted fruit borer, Citripestis eutraphera (Meyrick)(Lepidoptera: Pyralidae) in mango: Time for domestic quarantine regulatory reforms. Pest Management in Horticultural Ecosystems, 20(2): 227-230",REF486
1944,"Ramchandra R. and Cherian, M. (1944). The Fluted Scale, Icerya purchasi Mask., as a Pest of Wattle in South India, and its Control by the biological method. The Madras Agricultural Journal, 32(3-4): 92-102",REF487
2011,"Hirai, N., Sakamoto, Y. and Ishii, M. (2011). Effects of photoperiod and temperature on development and diapause in a noctuid moth, Asota ficus (Fabricius)(Lepidoptera: Noctuidae), of the Osaka population. Lepidoptera Science, 62(4): 166-174",REF488
2022,"Osada, Y. (2022). Description of immature stages of the southern pink moth, Pyrausta inornatalis (Fernald, 1885)(Lepidoptera: Crambidae). Journal of Asia-Pacific Biodiversity, 15(4): 568-573",REF489
2005,"White, W., Adamski, D., Brown, J., Reagan, T., Villanueva-Jimenez, J., Mendez-Lopez, M. and Way, M. (2005). Survey results for the sugarcane pest, Blastobasis graminea (Lepidoptera: Coleophoridae), in Texas and Louisiana in 2002. Southwestern Entomologist, 30(2): 85-91",REF490
2016,"Nájera-Miramontes, D., Ordonez-Garcia, M., Rios-Velasco, C., Berlanga-Reyes, D., Acosta-Muniz, C., Zamudio-Flores, P., ... and Jacobo-Cuellar, J. (2016). Depredacion por Podisus maculiventris (Say) sobre larvas de Choristoneura rosaceana (Harris). Acta zoologica mexicana, 32(2): 147-152",REF491
2012,"Mille, C., Munzinger, J. and Jourdan, H. (2012). First record of the Australian guava moth Coscinoptycha improbana Meyrick (Lepidoptera: Carposinidae) in New Caledonia: Implication for quarantine and biosecurity surveys in insular territories. Journal of Asia-Pacific Entomology, 15(2): 283-285",REF492
1979,"Roberts, L. (1979). Insects from the Cavalli Islands. Tane, 25: 125-131",REF493
2001,"Withers, T. (2001). Colonization of eucalypts in New Zealand by Australian insects. Austral Ecology, 26(5): 467-476",REF494
2002,"Hill, R. and Gourlay, A. (2002). Host-range testing, introduction, and establishment of Cydia succedana (Lepidoptera: Tortricidae) for biological control of gorse, Ulex europaeus L., in New Zealand. Biological Control, 25(2): 173-186",REF495
2005,"Hoare, R. (2005): Hierodoris (Insecta: Lepidoptera: Gelechoidea: Oecophoridae), and overview of Oecophoridae. Fauna of New Zealand, 54, 100pp",REF496
1987,"Charles, J., Dugdale, J. and White, V. (1987). Preliminary studies of Eutorna phaulocosma (Lepidoptera: Oecophoridae) in New Zealand. New Zealand journal of zoology, 14(4): 519-526",REF497
1977,"Richardson, C. (1977). Notes on some insects intercepted entering New Zealand in 1975. New Zealand Entomologist, 6(3): 309-311",REF498
2020,"Heckford, R. and Beavan, S. (2020). Discovery in Cornwall, England, of the larva of the Tasmanian species Barea asbolaea (Meyrick, 1883)(Lepidoptera: Oecophoridae), together with an account of all the early stages. Entomologists Gazette, 71(2): 75-92",REF499
2012,"Davis, T. (2012). A Review of the Status of Microlepidoptera in Britain. Butterfly Conservation Report No. S12-02. Butterfly Conservation, Wareham.",REF500
2007,"Smith, R., Baker, R., Malumphy, C., Hockland, S., Hammon, R., Ostojá-Starzewski, J. and Collins, D. (2007). Recent non-native invertebrate plant pest establishments in Great Britain: origins, pathways, and trends. Agricultural and Forest Entomology, 9(4): 307-326",REF501
2019,"Fox, R., Parsons, M. and Harrower, C. (2019). A review of the status of the macro-moths of Great Britain Butterfly Conservation report to Natural England, 2019. Butterfly Conservation Report No. S19-17. Butterfly Conservation, Wareham.",REF502
2019,"Knill-Jones, R. (2019). Conistra rubiginosa (Scopoli 1763) Black-spotted Chestnut. A brief summary of recent records in England. Entomologist s Record and Journal of Variation, 131: 103-104",REF503
2020,"Fuentes, N., Marticorena, A., Saldana, A. Jerez, R., Ortiz, J., Victoriano, P., and ... Rey-Aguirre, A. (2020). Multi-taxa inventory of naturalized species in Chile (including native Chilean species introduced in other areas of the national territory outside of their original range). Neobiota. 60: 25-41",REF504
2024,"Lotts, K. and Naberhaus, T. (coords.) (2024). Butterflies and Moths of North America. http://www.butterfliesandmoths.org/ (Version 07082024).",REF505
2007,"van Nieukerken, E. (2007). Acalyptris Meyrick: revision of the platani and staticis groups in Europe and the Mediterranean (Lepidoptera: Nepticulidae). Zootaxa. 1436: 1–48",REF506
2024,"Kipp, R., Larson, J. and Fusaro, A. (2024). Acentria ephemerella Olivier, 1791: U.S. Geological Survey, Nonindigenous Aquatic Species Database, Gainesville, FL, and NOAA Great Lakes Aquatic Nonindigenous Species Information System, Ann Arbor, MI, https://nas.er.usgs.gov/queries/GreatLakes/FactSheet.aspx?Species_ID=2362, Revision Date: 9/13/2019, Access Date: 7/8/2024",REF507
1978,"Zimmerman, E. (1978). Insects of Hawaii. Vol. 9 Microlepidoptera. Part I. The University Press of Hawaii, Honolulu.",REF508
1978,"Zimmerman, E. (1978). Insects of Hawaii. Vol. 9 Microlepidoptera. Part II. The University Press of Hawaii, Honolulu.",REF509
2009,"Alipanah, H. (2009). A brief study on the tribes Tortricini and Archipini (Lepidoptera: Tortricinae) from Iran. Entomofauna. 10: 137-152",REF510
1999,"Barnett, L., Emms, C. and Holloway, J. (1999). The moths of the Chagos Archipelago with notes on their biogeography. Journal of Natural History. 33(7): 1021–1038",REF511
2021,"Boyes, D., Crowley, L. and Holland, P. (2021). The genome sequence of the sycamore, Acronicta aceris (Linnaeus, 1758). Wellcome Open Research. 6:326",REF512
1996,"Clarke, J. (1986): Pyralidae and Microlepidoptera of the Marquesas Archipelago. Smithsonian Contributions to Zoology. 416: 1-485",REF513
2006,"da Silva, D., Dell ErbaII, R., KaminskiI, L., Moreira, G. (2006). External morphology of the immature stages of neotropical heliconians: V. Agraulis vanillae maculosa (Lepidoptera, Nymphalidae, Heliconiinae). Iheringia, Serie Zoologica. 96 (2)",REF514
2022,"Garre, M., Girdley, J., Guerrero, J., Rubio, R. and Ortiz, A. (2022). An annotated checklist of the Pyralidae of the region of Murcia (Spain) with new records, distribution and biological data (Lepidoptera, Pyraloidea, Pyralidae). Biodiversity Data Journal. 10: e79255",REF515
2012,"Gilligan, T. and Epstein, M. (2012). TortAI, Tortricids of Agricultural Importance to the United States (Lepidoptera: Tortricidae). Identification Technology Program (ITP), USDA/APHIS/PPQ/CPHST, Fort Collins, CO. [accessed at https://idtools.org/id/tortai/index.html].",REF516
1982,"Guenee, A. (1852). Noctuelites II. in Boisduval and Guenee: Histoire naturelle des insectes",REF517
2019,"Irungbam, J. and Irungbam, M. (2019). Contributions to the knowledge of moths of Bombycoidea Latreille, 1802 (Lepidoptera: Heterocera) of Bhutan with new records. Journal of Threatened Taxa. 11(8): 14022-14050",REF518
2010,"Patrick, B. (2010). Southern spread of moths in New Zealand. The Weta. 40: 32-38",REF519
2010,"Pogue, M. (2010). The Acontiinae and Eustrotiinae (Lepidoptera: Noctuidae) of Great Smoky Mountains National Park. Zootaxa. 2499: 1–20",REF520
1974,"Powell, J. and Burns, J. (1971). Colonization of the northeastern United States by two Palearctic moths (Lepidoptera: Tortricidae). Psyche: A Journal of Entomology. 78(1-2): 38-48",REF521
2014,"Rafi, M., Sultan, A., Kitching, I., Pittaway, A., Markhasiov, M., Khan, M. and Naz, F. (2014). The Hawkmoth Fauna of Pakistan (Lepidoptera: Sphingidae). Zootaxa. 3794(3): 393-418",REF522
1997,"Showers, W. (1997). Migratory Ecology of the Black Cutworm. Annual Review of Entomology. 42: 393–425",REF523
1946,"Swezey, O. (1946). Lepidoptera, Geometridae, Arctiidae, Agrotidae, and Pyralidae of Guam. In: Insects of Guam II. Bernice P. Bishop Museum Bulletin. 189: 163-185",REF524
2002,"Barnes, M. (2002). A preliminary illustrated catalogue of the larger moths of Jamaica. Available at: http://www.mbarnes.force9.co.uk/jamaicamoths/jamaicahome.htm",REF525
1995,"Hill, R., ODonnell, D., Gourlay, A., and Speed, C. (1995). Suitability of Agonopterix ulicetella (Lepidoptera: Oecophoridae) as a Control for Ulex europaeus. Biocontrol Science and Technology. 5: 3-10",REF526
1984,"Clarke, B. and Gates-Clarke, J. (1984). Insects of Micronesia, Microlepidoptera: Gelechioidea. Insects of Micronesia. 9(2): 145-155",REF527
2004,"Wen, L. (2004). Prospect on the parasitical enemies and its natural control effect of Agrius convolvuli. Chinese Journal of Biological Control. 20(4): 273",REF528
1958,"Zimmerman, E. (1958). Insects of Hawaii. Volume 7, Macrolepidoptera. Hawaii: University of Hawaii Press.",REF529
2009,"Holloway, J. (2009) Moths of Borneo 13. Family Noctuidae, subfamilies Pantheinae (part), Bagisarinae, Acontiinae, Aediinae, Eustrotiinae, Bryophilinae, Araeopteroinae, Aventiinae, Eublemminae and further miscellaneous genera. Malayan Nature Journal. 62 (1) : 1-240",REF530
2019,"Yang, Z. and Landry, J.-F. (2019). Allopatric separation represents an overlooked cryptic species in the Anania hortulata species complex (Lepidoptera: Crambidae: Pyraustinae): congruence between genetic and morphological evidence. The Canadian Entomologist. 00: 1-24",REF531
2022,"Pfeiler, E., Nazario-Yepiz, N., Hernandez-Cervantes, P., and Markow, T. (2022). Phenotypic diversity, population genetics and interspecific relationships of the Neotropical banded peacock butterfly Anartia fatima (Nymphalidae: Nymphalinae). Biological Journal of the Linnean Society. 136(1): 135-144",REF532
1921,"Meyrick, E. (1921). Descriptions of South African Micro-Lepidoptera. Annals of the Transvaal Museum. 8(2):54",REF533
1998,"Smithers, C. (1998). A species list and bibliography of the insects recorded from Norfolk Island. Australian Museum.",REF534
2015,"Varshney, R. and Smetacek, P. (Eds.). (2015). A synoptic catalogue of the butterflies of India. Butterfly Research Centre",REF535
2017,"Al Haidar, I., Ahsan, M., Abbas, S. and Kabir, M. (2017). Species diversity and habitat preference of butterflies (Insecta: Lepidoptera) in Inani Reserve Forest of Cox’s Bazar, Bangladesh. Journal of Insect Biodiversity and Systematics. 3(1): 47-67",REF536
2024,"Pittaway, A. (2024). Sphingidae of the Western Palaearctic (including Europe, North Africa, the Middle East, western Siberia and western Central Asia). Available at: https://tpittaway.tripod.com/sphinx/list.htm",REF537
1967,"Warren, L. and Tadic, M. (1967). The Fall Webworm, Hyphantria cunea, Its Distribution and Natural Enemies: A World List (Lepidoptera: Arctiidae). Journal of the Kansas Entomological Society. 40(2): 194–202",REF538
2018,"Hua, C., Salzman, S. and Pierce, N. (2018). A first record of Anatrachyntis badia (Hodges 1962)(Lepidoptera: Cosmopterigidae) on Zamia integrifolia (Zamiaceae). Florida Entomologist. 335-338",REF539
1996,"Kononenko, V., Ahn, S. and Ronkay, L. (1998). Illustrated catalogue of Noctuidae in Korea (Lepidoptera). Insect of Korea. Series 3. Korea Research Institute of Bioscience and Biotechnology : Center for Insect Systematics",REF540
2004,"Kravchenko, V., Muller, G., Orlova, O. and Seplyarskaya, V. (2004). The Catocalinae (Lepidoptera: Noctuidae) of Israel. Russian Entomological Journal. 13(3): 175-186",REF541
2011,"Matthews, D. and Watkins, R. (2011). Extralimital records of the sage plume moth, Anstenoptilia marmarodactyla (Lepidoptera: Pterophoridae). Southern Lepidopterists News, 33(4), 175-177",REF542
2017,"Li, W., Zhang, Z., Lin, L. and Terenius, O. (2017). Antheraea pernyi (Lepidoptera: Saturniidae) and its importance in sericulture, food consumption, and traditional Chinese medicine. Journal of economic entomology, 110(4): 1404-141",REF543
2012,"Kundu, S., Kundu, B., Talukdar, S., Bano, S., Nayak, S., Kundu, J., ... and Ghosh, A. (2012), Nonmulberry silk biopolymers. Biopolymers. 97: 455-467",REF544
2015,"Nahirnic, A. and Stoyan, B. (2015). The first report of Japanese oak silkmoth Antheraea yamamai (Guerin-Meneville, 1861)(Lepidoptera: Saturniidae) in Montenegro. ZooNotes. 82: 1-4",REF545
2012,"Morais, E., Picanço, M., Semeão, A., Barreto, R., Rosado, J. and Martins, J. (2012). Lepidopterans as potential agents for the biological control of the invasive plant, Miconia calvescens. Journal of Insect Science. 12(1): 63",REF546
2024,"Savela, M. (2024). Lepidoptera and some other life forms. Available at: https://ftp.funet.fi/index/Tree_of_life/intro.html",REF547
2020,"van Nieukerken, E. and Eiseman, C. (2020). Splitting the leafmining shield-bearer moth genus Antispila Hubner (Lepidoptera, Heliozelidae): North American species with reduced venation placed in Aspilanta new genus, with a review of heliozelid morphology. ZooKeys. 957: 105.",REF548
2011,"Gyulai, P., Ronkay, L. and Saldatis, A. (2011) New Noctuidae species from China and the Himalayas (Lepidoptera, Noctuoidea). Esperiana Band. 16: 166-197",REF549
2011,"Warren, A. and Calhoun, J. (2011). Notes on the historical occurrence of Aphrissa neleis in southern Florida, USA (Lepidoptera: Pieridae: Coliadinae). News of the Lepidopterists Society. 53(1): 3-7",REF550
1993,"Shanower, T., Wightman, J. and Gutierrez, A. (1993). Biology and control of the groundnut leafminer, Aproaerema modicella (Deventer)(Lepidoptera: Gelechiidae). Crop Protection. 12(1): 3-10",REF551
2001,"Fibiger, M. and Agassiz, D. (2001). Araeopteron ecphaea, a small noctuid moth in the West Palaearctic (Noctuidae: Acontiinae). Nota lepidopterologica. 24(1): 29-35",REF552
2008,"Hoebeke, E., Wheeler, A. and Brown, J. (2008). Archips xylosteana (L.)(Lepidoptera: Tortricidae), a palearctic leafroller new to North America. Proceedings of the Entomological Society of Washington. 110(3): 789-795",REF553
2008,"Aldryhim, Y. (2008). Greater Date Moth, Arenipses sabella Hmps. (Lepidoptera: Pyralidae). In: Capinera, J.L. (eds) Encyclopedia of Entomology. Springer, Dordrecht. pp 1716–1717",REF554
2004,"Agassiz, D. (2004). Cypress trees and their moths. British wildlife. 15(4): 265-268",REF555
2022,"Au, M. and Wright, M. (2022). Ramie Moth, Arcte coerula (Lepidoptera: Noctuidae): A New Invasive Pest in Hawaii on Endemic Plants. Proceedings of the Hawaiian Entomological Society. 54: 63-76",REF556
2007,"Choldumrongkul, S., Tubtim, N. and Ratanachan, S. (2007). Geographical distribution and status of Actias Moths in Thailand. Walailak Journal of Science and Technology (WJST). 4(2): 203-213",REF557
2016,"Chutia, B., Nath, C. and Kakati, L. (2016). Conservation strategies of Actias selene Hubner: A wild silk moth in Nagaland, India. Environment Conservation Journal. 17(1): 41-45",REF558
1975,"Field, W. (1975). Ctenuchid moths of Ceramidia Butler, Ceramidiodes Hampson, and the caca species group of Antichloris Hubner. Smithsonian Contributions to Zoology. 198: 45pp",REF559
2019,"Falck, P., Karsholt, O. and Slamka, F. (2019). New data on Pyraloidea from the Canary Islands, Spain (Lepidoptera: Pyraloidea). SHILAP Revista de lepidopterologia. 47(185): 33-48",REF560
2023,"Karsholt, O., Baldizzone, G. and Gomboc, S. (2023). Overview of the Gelechiidae Moths (Lepidoptera) of Krk Island, Croatia: Diversity, Distribution and Ecological Insights. GORTANIA Botanica, Zoologia. 45: 95-124",REF561
1969,"Moriuti, S. (1969). Argyresthiidae (Lepidoptera) of Japan. Bulletin of the University of Osaka Prefecture. 1-50",REF562
2014,"Ekrem, T., Kevan, P., Woodcock, T. and Hebert, P. (2014). The most northerly Black Witch (Ascalapha odorata): a tropical moth in the Canadian Arctic. The Canadian Field-Naturalist. 128(1): 77-79",REF563
2006,"Koster, S. and Sammut, P. (2006). Faunistic notes on Momphidae, Batrachedridae, Stathmopodidae and Cosmopterigidae from the Maltese Islands. Nota lepidopterologica. 29(1): 49",REF564
2016,"Landry, B. (2016). Taxonomic revision of the Spilomelinae (Lepidoptera, Pyralidae sl) of the Galapagos Islands, Ecuador. Revue suisse de Zoologie, 123(2), 315-399.",REF565
2018,"Wei, X., Wan, J. and Du, X. (2018). Fauna of Spilomelinae from Wuzhi Mountain Nature Reserve, Hainan Island, China (Lepidoptera: Pyraloidea, Crambidae). SHILAP Revista de lepidopterologia. 46(181): 19-26",REF566
2021,"Chettri, P. and Yonle, R. (2021). Partial checklist of moths (Lepidoptera) of Darjeeling hills, West Bengal, India. International Journal of Entomology Research. 6(3): 89-99",REF567
2005,"Kendrick, R. (2005). Kadoorie Farm and Botanic Garden 2005 Fauna Checklist. RIB International Ltd., Kowloon Bay, Hong Kong",REF568
2022,"Brou, V. and Brou, C. (2022). Abita Entomological Study Site. Southern Lepidopterists News. 44(5): 409-460",REF569
2005,"Bidzilya, O. (2005) A review of the genus Athrips (Lepidoptera, Gelechiidae) in the Palaearctic region. Deutsche Entomologische Zeitschrift. 52(1): 3-72",REF570
2024,"Inayoshi, Y. (2024). A Check List of Butterflies in Indo-China - Chiefly from Thailand, Laos and Vietnam. Available at: https://yutaka.it-n.jp/index.html",REF571
2023,"Kim, S., Han, T. and Park, K. (2023). One Newly Recorded Species, Autosticha kyotensis (Lepidoptera: Autostichidae) from Korea with a World Checklist of the Genus. Korean Journal of Applied Entomology. 62(2):61-67",REF572
2017,"Park, K. and Kim, S. (2017). Faunistic data of micromoths (Lepidoptera) in North Korea. Journal of Asia-Pacific Biodiversity. 10(1): 73-80",REF573
2002,"Becker, V. and Miller, S. (2002). Large moths of Guana Island, British Virgin Islands: a survey of efficient colonizers (Lepidoptera: Sphingidae, Notodontidae, Noctuidae, Arctiidae, Geometridae, Hyblaeidae, Cossidae). Journal of the Lepidopterists Society. 56(1): 9-44",REF574
1946,"Ramos, J. (1946). The insects of Mona Island (West Indies). The Journal of Agriculture of the University of Puerto Rico. 30(1):1-73",REF575
2015,"Sohn, J., Park, K. and Cho, S. (2015). Seven species of Olethreutinae (Lepidoptera: Tortricidae) new to Korea. Journal of Asia-Pacific Biodiversity. 8(2): 133-138",REF576
2017,"Mustelin, T., Lucas, V. and Crabo, L. (2017). Survey of the Lepidoptera in the North-Central Olympic National Park, Washington, USA. The Journal of the Lepidopterists Society. 72(4): 284-295",REF577
1978,"Carpenter, J., McMillen, J., Wengert, E. and Elmer, H. (1978). Pests and diseases of the date palms. Agriculture Handbook. 524:1-40",REF578
1966,"Hodges, R. (1966). Review of New World Species of Batrachedra, with Description of Three New Genera (Lepidoptera: Gelechioidea). Transactions of the American Entomological Society. 92(4): 585–651",REF579
1991,"Taft, W., Smitley, D. and Snow, J. (1991). A guide to the clearwing borers (Sesiidae) of the north central United States. North Central Regional Publication. 394: 1-30",REF580
2009,"de Prins, W., de Prins, G. and Larsen, K. (2009). Blastobasis adustella (Lepidoptera: Coleophoridae, Blastobasinae), new to the Belgian list. Phegea. 37(3): 111-118",REF581
2004,"Karsholt, O. and Sinev, S. (2004). Contribution to the Lepidoptera fauna of the Madeira Islands Part 4. Blastobasidae. Beitrage zur Entomologie. 54(2): 387-463",REF582
2023,"Pinzari, M. and Pinzari, M. (2023). Blastobasis tarda Meyrick, 1902 an alien species from Australia new to Italy (Lepidoptera: Blastobasidae). SHILAP Revista de lepidopterologia. 51(201): 51-54",REF583
2003,"Melastome, A., Starr, F., Starr, K. and Loope, L. (2003). Melastoma candidum. Pacific Island Ecosystems at Risk (PIER) Report. 6pp",REF584
2000,"Littlefield, J., Birdsall, J., Helsley, J. and Markin, G. (2000). A petition for the introduction and field release of the Chondrilla root moth, Bradyrrhoa gilveolella (Treitschke), for the biological control of rush skeletonweed in North America. USDA-APHIS Biological Control of Weeds Petition.",REF585
1956,"Haidari, H. (1956). The biology and control of the cotton leaf perforator. [Master of Sciences Thesis, The University of Arizona]. UA Campus Repository",REF586
2011,"Gilligan, T., Brown, J. and Hoddle, M. (2011). A new avocado pest in Central America (Lepidoptera: Tortricidae) with a key to Lepidoptera larvae threatening avocados in California. Zootaxa. 3137(1): 31-45",REF587
2008,"Quacchia, A., Ferracini, C., Bonelli, S., Balletto, E. and Alma, A. (2008). Can the Geranium Bronze, Cacyreus marshalli, become a threat for European biodiversity? Biodiversity and Conservation. 17: 1429-1437",REF588
1968,"Prevett, P. (1968). Some laboratory observations on the life-cycle of Cadra calidella (Guen.)(Lepidoptera: Phycitidae). Journal of Stored Products Research. 4(3): 233-238",REF589
1913,"Chittenden, F. (1913). The Florida fern caterpillar (No. 125). US Department of Agriculture, Bureau of Entomology.",REF590
2024,"de Prins J. and de Prins W. (2024). Afromoths, online database of Afrotropical moth species (Lepidoptera). Available at: http://www.afromoths.net",REF591
2011,"Sugiura, S. (2011). Structure and dynamics of the parasitoid community shared by two herbivore species on different host plants. Arthropod-Plant Interactions. 5: 29-38",REF592
2016,"Gernaat, H. (2016). Notes on the early stages of Antichloris eriphia (Erebidae: Arctiinae) in Suriname. The Journal of the Lepidopterists Society. 70(4): 311-314",REF593
1911,"Moore, F. and Swinhoe, C. (1911). Lepidoptera Indica - Volume IX - Rhopalocera. Lovell Reeve and Co. Limited. United Kingdom, London.",REF594
2016,"Buthelezi, N., Zharare, G. and Conlong, D. (2016). Molecular and behavioural evidence suggesting a re-examination of the taxonomy of Aproaerema simplexella (Walker), Aproaerema modicella (Deventer) and Stomopteryx subsecivella Zeller (Lepidoptera: Gelechiidae). African Entomology. 24(1): 16-23",REF595
2020,"Crabo, L. and Holden, D. (2020). A Review of Established Accidentally-Introduced Noctuoidea in the Pacific Northwest Region of North America, with First Report of the Eurasian Cutworm Mesapamea secalis (L.)(Noctuidae, Noctuinae, Apameini) for North America. The Journal of the Lepidopterists Society. 74(2): 95-105",REF596
2021,"Kocak, O. and Cerci, B. (2021). Lepidoptera fauna of Karaman with two new records for Turkey. Munis Entomology and Zoology. 16 (2): 1171-1234",REF597
1985,"Meyrick, E. (1895). A Handbook of British Lepidoptera. Macmillan and Co. United Kingdom, London. 843pp",REF598
1883,"Grote, A. (1883). Introduction to a Study of the North American Noctuidae. Proceedings of the American Philosophical Society. 21(114): 134-176",REF599
2017,"Gordon, A. and Lyons, C. (2017). Current status of Carposina autologa (Lepidoptera: Carposinidae), a biological control agent of silky hakea, Hakea sericea (Proteaceae) and rock hakea, Hakea gibbosa (Proteaceae) in the Western Cape, South Africa. African Entomology. 25(1): 250-253",REF600
2000,"Koch, C. and Waterhouse, D. (2000). The distribution and importance of arthropods associated with agriculture and forestry in Chile. Australian Centre for International Agricultural Research (ACIR). ACIR Monographs. Australia, Canberra. 234pp.",REF601
1979,"Morris, R. (1979). A review of the life history, population levels, and spread of the Antler moth, Cerapteryx graminis (Lepidoptera: Noctuidae), in Newfoundland. The Canadian Entomologist. 111(8): 933-938",REF602
2001,"Kruger M. (2001). A revision of the tribe Macariini (Lepidoptera: Geometridae: Ennominae) of Africa, Madagascar and Arabia. Bulletin of the Natural History Museum - Entomology series. 70(1): 1-502",REF603
2009,"Wu, L., Lees, D. and Hsu, Y. (2009). Tracing the origin of Chilades pandava (Lepidoptera, Lycaenidae) found at Kinmen Island using mitochondrial COI and COII Genes. BioFormosa. 44(2): 61-68",REF604
1990,"Harris, K. (1990). Keynote address: bioecology of Chilo species. International Journal of Tropical Insect Science. 11(4): 467-477",REF605
2006,"Goebel, R. (2006). The effect of temperature on development and reproduction of the sugarcane stalk borer, Chilo sacchariphagus (Bojer 1856)(Lepidoptera: Crambidae). African Entomology. 14(1): 103-111",REF606
2013,"Pogue, M. (2013). Revised status of Chloridea Duncan and (Westwood), 1841, for the Heliothis virescens species group (Lepidoptera: Noctuidae: Heliothinae) based on morphology and three genes. Systematic Entomology. 38: 523–542",REF607
1993,"Yoshimatsu, S., Miyara, A., Arakaki, N. and Kawasaki, K. (1993). Occurrence of Chlumetia brevisigna HOLLOWAY (Lepidoptera: Noctuidae) on Mango in Japan. Applied entomology and zoology. 28(3): 401-403",REF608
2002,"Dombroskie, J. (2002). The metalmark moths (Lepidoptera: Choreutidae) of Ontario. Ontario Lepidoptera. 59-70.",REF609
1961,"Kumata, T. (1961). Descriptions of a new genus and a new species of Gracillariidae from Japan (Lepidoptera). Insecta matsumurana. 24(1): 52-56",REF610
2014,"Caliskan, S. (2014). Review of the the genus Chrysoclista Stainton, 1854 (Lepidoptera: Agonoxenidae) in Turkey with a new species. Journal of the Entomological Research Society. 16(3): 67-73",REF611
1979,"Roberts, L. (1979). Biology of Chrysodeixis eriosoma (Lepidoptera: Noctuidae) in New Zealand. New Zealand Entomologist. 7(1): 52-58",REF612
1997,"Vieira, V. (1997). Lepidoptera of the Azores Islands. Boletim do Museu Municipal do Funchal. 49(273): 5-76",REF613
1971,"Powell, J. and Burns, J. (1971). Colonization of the northeastern United States by two Palearctic moths (Lepidoptera: Tortricidae). Psyche: A Journal of Entomology. 78(1): 38-48",REF614
1996,"Dang, P., Duncan, R. and Fitzpatrick, S. (1996). Occurrence of two palaearctic species of Clepsis Guenee, C. spectrana Treitshcke and C. consimilana (Huebner)(Tortricidae), in British Columbia, Canada. Journal of The Lepidopterist Society. 50: 321-328",REF615
1968,"Poonyathawon, P. (1968). Insect parasites of the omnivorous leaf tier, Cnephasia longana (Haworth) in Oregon. [MSc Thesis, Oregon State University].",REF616
2013,"Sun, Y. and Li, H. (2013). Cochylis Treitschke in China: one new species and five new records (Lepidoptera, Tortricidae, Cochylini). ZooKeys. 258: 85–96",REF617
1992,"McLaren, D. (1992). Observations on the life cycle and establishment of Cochylis atricapitana (Lep: Cochylidae), a moth used for biological control of Senecio jacobaea in Australia. Entomophaga. 37: 641-648",REF618
2013,"Turner, S. and Cesselli, S. (2013). Operational field guide to the establishment of tansy ragwort biocontrol agents in British Columbia. Prov. B.C. Victoria, B.C.",REF619
1993,"Hoebeke, E., Wheeler Jr, A. and Degregorio, R. (1993). Coleophora colutella (Lepidoptera: Coleophoridae): a Palearctic pest of crownvetch, Coronilla varia (Fabaceae), new to North America. Annals of the Entomological Society of America. 86(2): 134-141",REF620
2001,"Anikin, V. and Shchurov, V. (2001). Casebearers from Caucasus (Lepidoptera: Coleophoridae). Zoosystematica Rossica. 10: 171-179",REF621
2006,"Corley, M., Maravalhas, E. and de Carvalho, J. (2006). Miscellaneous additions to the Lepidoptera of Portugal (Insecta: Lepidoptera). SHILAP Revista de lepidopterologia. 34(136): 407-427",REF622
2013,"Landry, J., Nazari, V., Dewaard, J. , Mutanen, M., Lopez-Vaamonde, C., Huemer, P. and Hebert, P. (2013). Shared but overlooked: 30 species of Holarctic Microlepidoptera revealed by DNA barcodes and morphology. Zootaxa. 3749(1): 1-93",REF623
1976,"Khan, A. and Baloch, G. (1976). Coleophora klimeschiella [Lep.: Coleophoridae] a promising biocontrol agent for russian thistles, Salsola spp. Entomophaga 21 (4): 425-428",REF624
2018,"Richter, I. (2018). New findings of the case-bearing moths (genus Coleophora Hubner, 1822) from the Balkan Peninsula with description of two new species (Lepidoptera, Coleophoridae). Microlepidoptera.hu. 13(1): 43-52",REF625
2011,"Tabakovic-Tosic, M., Tosic, D., Rajkovic, S., Golubovic-Curguz, V. and Rakonjac, L. (2011). Invasion species Coleophora laricella- One of the main limiting factor of Larix decidua during the forest aforestation and recultivation. African Journal of Agricultural Research. 6(4): 866-872",REF626
1990,"Muller, H. and Goeden, R. (1990). Parasitoids acquired by Coleophora parthenica [Lepidoptera: Coleophoridae] ten years after its introduction into southern California for the biological control of Russian thistle. Entomophaga. 35: 257-268",REF627
1990,"Muller, H., Nuessly, G. and Goeden, R. (1990). Natural enemies and host-plant asynchrony contributing to the failure of the introduced moth, Coleophora parthenica Meyrick (Lepidoptera: Coleophoridae), to control Russian thistle. Agriculture, ecosystems & environment. 32(1): 133-142",REF628
2024,"Anikin, V. and Knyazev, S. (2024). Additions to the fauna of casebearer moths (Lepidoptera, Coleophoridae) of Omsk Region, Russia. Results of expeditions in 2021-2023. Ecologica Montenegrina. 75: 89-97",REF629
1966,"McLeod, J. (1966). Notes on the Biology of a Spruce Needle-miner, Pulicalvaria piceaella (Kearfott)(Lepidoptera: Gelechiidae) 1. The Canadian Entomologist. 98(3): 225-236",REF630
2019,"Martinez, J., Crane, J., Wasielewski, J., Miller, J. and Carrillo, D. (2019). Lepidoptera pests of sapodilla (Manilkara zapota (L.) van Royen) in south Florida, with some comments on life history and natural control. Insecta Mundi. 0739: 1-26",REF631
1986,"Bradley, J. (1986). Identity of the South-East Asian cocoa moth, Conopomorpha cramerella (Snellen)(Lepidoptera: Gracillariidae), with descriptions of three allied new species. Bulletin of Entomological Research. 76(1): 41-51",REF632
2022,"Chireceanu, C., Mustaea, R. and Teodoru, A. (2022). The walnut shield bearer Coptodisca lucifluella (Clemens, 1860)(Lepidoptera: Heliozelidae)-the first record in Romania. Romanian Journal for Plant Protection. 15: 15-23",REF633
1964,"Hodges, R. (1964) A new species of Crasimorpha reared from Schinus. Proceedings of the Entomological Society of Washington.  65: 303-305",REF634
1995,"Palmer, W. and Pullen, K. (1995). The phytophagous arthropods associated with Lantana camara, L. hirsuta, L. urticifolia, and L. urticoides (Verbenaceae) in North America. Biological Control. 5(1): 54-72",REF635
2019,"Lee, T., Ko, J., Lee, D., Kim, H., Cha, Y., Bayarsaikhan, U., ... and Bae, Y. (2019). Two species of Pyraustine moths new to Korea (Lepidoptera: Crambidae). Journal of Asia-Pacific Biodiversity. 12(1): 79-82",REF636
2011,"Brown, J., Segura, R., Santiago-Jimenez, Q., Rota, J. and Heard, T. (2011). Tortricid moths reared from the invasive weed Mexican palo verde, Parkinsonia aculeata, with comments on their host specificity, biology, geographic distribution, and systematics. Journal of Insect Science. 11: 7",REF637
2015,"Gomboc, S. and Koren, T. (2015). The distribution of Cryphia ochsi Boursin, 1940 and Cryphia algae (Fabricius, 1775)(Lepidoptera: Noctuidae) in Slovenia and Croatia. Acta entomologica slovenica. 23(2): 117-34",REF638
1900,"Moore, F. and Swinhoe, C. (1900). Lepidoptera Indica - Volume IV - Rhopalocera. Lovell Reeve and Co. Limited. United Kingdom, London.",REF639
2007,"Powell, N. (2007). First report of the Palearctic species Cydia coniferana (Tortricidae) in the western United States. Journal of the Lepidopterists Society. 61(3): 172-175",REF640
2007,"Smith, R., Baker, R., Malumphy, C., Hockland, S., Hammon, R., Ostoja-Starzewski, J. and Collins, D. (2007). Recent non-native invertebrate plant pest establishments in Great Britain: origins, pathways, and trends. Agricultural and Forest Entomology. 9(4): 307-326",REF641
2004,"Bong-Kyu, B., Cheng-de, L. and Li-zhi, Z. (2004). Cymolomia hartigiana (Saxesen, 1840)(Lepidoptera: Tortricidae) attacking to Abies nephrolepis max. new to Daxinganling, Heilongjiang, China. Journal of Forestry Research. 15(1): 67-68",REF642
2021,"Westrip, J. (2021). Danaus chrysippus (errata version published in 2022). The IUCN Red List of Threatened Species 2021: e.T174455A222994680",REF643
2022,"Walker, A., Oberhauser, K., Pelton, E. and Pleasants, J. (2022). Danaus plexippus (errata version published in 2022). The IUCN Red List of Threatened Species 2022: e.T159971A219149911",REF644
2013,"Hanif, H., Khan, S., Khan, M. and Raza, M. (2013). First record of Deilephila elpenor L. moth from Chakwal Punjab Pakistan. International Journal of Fauna and Biological Studies. 3(2): 10-13",REF645
1992,"Bestmann, H., Erler, J., Garbe, W., Kern, F., Martischonok, V., Schafer, D., ... and Wasserthal, L. (1992). Pheromone components of the female elephant hawk-moth, Deilephila elpenor, and the silver-striped hawk-moth, Hippotion celerio. Experientia. 48: 610-613",REF646
2020,"Flo, D., Rafoss, T., Wendell, M. and Sundheim, L. (2020). The Siberian moth (Dendrolimus sibiricus), a pest risk assessment for Norway. Forest Ecosystems. 7: 1-11",REF647
2007,"Seven, S. and Ozdemir, M. (2007). The genus Dichelia Guenee, 1845 (Lepidoptera: Tortricidae) in Turkey. Acta entomologica slovenica. 15(2): 185-190",REF648
2018,"Jeong, J., Kim, M., Kim, S., Choi, S. and Kim, I. (2018). DNA data and morphology suggest an occurrence of Dendrolimus sibiricus Tschetverikov, 1908 (Lepidoptera: Lasiocampidae) instead of D. superans Butler, 1877, in South Korea. Entomological Research. 48(2): 108-121",REF649
2004,"Patrick, B. (2004). Parsnip moth established in New Zealand. Weta. 27: 8-12",REF650
2018,"Biondi, A., Guedes, R., Wan, F. and Desneux, N. (2018). Ecology, worldwide spread, and management of the invasive South American tomato pinworm, Tuta absoluta: past, present, and future. Annual review of entomology. 63(1): 239-258",REF651
1997,"Kumata, T. and Horak, M. (1997). The native Dialectica aemula (Meyrick) and the introduced Dialectica scalariella (Zeller)(Lepidoptera: Gracillariidae) in Australia: characterisation of two closely related species on Boraginaceae. Australian Journal of Entomology. 36(1): 25-35",REF652
2023,"Langdon, W. (2023). Dialectica scalariella (Zeller, 1850)(Lep.: Gracillariidae) at Dungeness, Kent: The first British Breeding Record. Entomologists Record & Journal of Variation. 135: 6-18",REF653
2024,"EFSA Panel on Plant Health (PLH), Bragard, C., Baptista, P., Chatzivassiliou, E., Di Serio, F., Gonthier, P., ... and MacLeod, A. (2024). Pest categorisation of Diaphania indica. EFSA Journal. 22(5): e8806",REF654
2018,"Dai, L., Zhou, X., Kausar, S., Abbas, M., Wu, L. and Zhou, H. (2018). Mitochondrial genome of Diaphania indica (saunders)(Lepidoptera: Pyraloidea) and implications for its phylogeny. International Journal of Biological Macromolecules. 108: 981-989",REF655
2012,"Misra, S., Sushi, S. and Rajak, D. (2012). Biocontrol strategy for major invasive weeds of neotropical origin in India. Bioherald: International Journal of Biodiversity and Environment. 2(2): 134-142",REF656
1856,"Walker, F. (1856). List of the Specimens of Lepidopterous Insects in the Collection of the British Museum - Part 10 Noctuidae. E. Newman, Devonshire Street, Bishopsgate. London, United Kingdom. 982pp.",REF657
1966,"Krauss, N. (1966). Biological control investigations on some Hawaiian weeds. Proceedings, Hawaiian Entomological Society. 19(2): 223-231",REF658
2006,"Speidel, W., Nieukerken, E., Honey, M. and Koster, S. (2006). The exotic pyraloid moth Diplopseustis perieresalis (Walker) expanding in the West Palaearctic Region (Crambidae: Spilomelinae). Nota lepiderologica. 29(3): 185–192",REF659
2003,"Nash, S. (2003). Earias vittella (Fabricius) (Lep.: Noctuidae) the first occurrence of wild-caught moths in Europe. Entomologist’s Record and Journal of Variation 115: 187–188",REF660
2016,"de Prins, W. and Mazzei, P. (2016). Some faunistic notes on selected moth species (Lepidoptera) from the Seychelles. Phelsuma. 24: 21-34",REF661
2016,"Mazed, M., Alam, M., Miah, M., Hossain, M. and Mian, M. (2016). Identification of okra shoot and fruit borer infesting okra and their distribution in Bangladesh. Bangladesh Journal of Agricultural Research. 41(4): 657-665",REF662
2010,"van Nieukerken, E., Lastuvka, A. and Lastuvka, Z. (2010). Western Palaearctic Ectoedemia (Zimmermannia) Hering and Ectoedemia Busck s. str. (Lepidoptera: Nepticulidae): five new species and new data on distribution, hostplants and recognition. ZooKeys. 32: 1-82",REF663
2010,"Chen, F., Wu, C. and Xue, D. (2010). A review of the genus Elophila Hubner, 1822 in China (Lepidoptera: Crambidae: Acentropinae). Aquatic insects. 32(1): 35-60",REF664
1985,"Yoshiyasu, Y. (1985). A Systematic Study of the Nymphulinae and the Musotiminae of Japan (Lepidoptera: Pyralidae). Scienctific Reports of the Kyoto Prefectural University: Agriculture. 37: 1–162",REF665
1984,"Speidel, W. (1984). Revision der Acentropinae des palaearktischen Faunengebietes (Lepidoptera: Crambidae). Neue entomologische Nachrichten. 12: 1–157",REF666
2012,"Agassiz, D. (2012). The Acentropinae (Lepidoptera: Pyraloidea: Crambidae) of Africa. Zootaxa. 3494(1): 1-73",REF667
1912,"Rothschild, W. (1912). New Syntomidae. Novitates Zoologicae - A Journal of Zoology in Connection with the Tring Museum. 19: 151-186",REF668
1986,"Cox, P. (1986). A survey of stored product Lepidoptera in New Zealand. New Zealand journal of experimental agriculture. 14(1): 71-76",REF669
1986,"Covell, C., Ferguson, D. and Straley, G. (1986). Ennomos alniaria (Lepidoptera: Geometridae), a European moth recently discovered in British Columbia. The Canadian Entomologist. 118(5): 499-501",REF670
2008,"Ryne, C. and Bensch, S. (2008). Do anthropogenic transports facilitate stored-product pest moth dispersal? A molecular approach. Naturwissenschaften. 95: 155-159",REF671
2006,"Glavendekic, M. (2006). Epichoristodes acerbella (Walker)(Lepidoptera: Tortricidae): a new species in the fauna of Serbia. Acta Entomologica Serbica. 11(1): 77-81",REF672
1990,"Chambon, J., Fabre, J. and Khemici, M. (1990). Trois nouvelles tordeuses dAlgerie, nuisibles aux coniferes: Epinotia algeriensis sp. n. (Olethreutinae, Eucosmini), Lozotaenia cedrivora sp. n. et Dichelia numidicola sp. n. (Tortricinae, Archipini) [Lepidoptera Tortricidae]. Bulletin de la Societe Entemologique de France. 95: 131-138",REF673
1999,"Fabre, J., Mouna, M., Du Merle, P. and Benhalima, S. (1999). Le point sur certains ravageurs du cedre de l’Atlas en Afrique du nord, en France et en Europe. Forêt Mediterraneenne.  20(4): 203-218",REF674
2000,"Day, M. and Neser, S. (2000). Factors influencing the biological control of Lantana camara in Australia and South Africa. Proceedings of the X Symposium on Biological Control of Weeds. 897-908",REF675
2016,"Pohl, G., Patterson, B. and Pelham, J. (Unpublished). Annotated taxonomic checklist of the Lepidoptera of North America, North of Mexico. Working paper published online by the authors at ResearchGate.net. 766 pp.",REF676
2019,"Cuda, J., Gillmore, J., Conant, P., Medal, J. and Pedrosa-Macedo, J. (2019). Risk assessment of Episimus unguiculus (Lepidoptera: Tortricidae), a biological control agent of Schinus terebinthifolia (Sapindales: Anacardiaceae) in Hawaii, USA. Biocontrol Science and Technology. 29(4): 365–387",REF677
2016,"Jurc, M., Csoka, G. and Hrasovec, B. (2016). Potentially Important Insect Pests of Celtis australis in Slovenia, Croatia and Hungary. Sumarski list. 11: 577–588",REF678
1976,"Winder, J. (1976). Ecology and control of Erinnyis ello and E. alope, important insect pests in the New World. PANS. 22(4): 449-466",REF679
1920,"Moda, E. (1920). Sphingidae Of Para, Brazil. Novitates Zoologicae 27: 333-424",REF680
2022,"Smith, P., Kitching, I., Rios, S. and Haxaire, J. (2022). An annotated catalogue of the Paraguayan Sphingidae (Lepidoptera). Journal of Insect Biodiversity. 31(2): 36-81",REF681
1974,"Seifert, R. (1974). The Sphingidae of Turrialba, Costa Rica. Journal of the New York Entomological Society. 82: 45-56",REF682
1951,"Cary, M. (1951). Distribution of Sphingidae (Lepidoptera: Heterocera) in the Antillean-Caribbean Region. Transactions of the American Entomological Society. 77(2): 63-129",REF683
2010,"Okolle, J., Abu Hassan, A., Mashhor, M. and Tripathi, L. (2010). Bioecology and management of the banana skipper (Erionota thrax). Tree and Forestry Science and Biotechnology. 4(1): 22-31",REF684
2015,"Cock, M. (2015). A critical review of the literature on the pest Erionota spp.(Lepidoptera, Hesperiidae): taxonomy, distribution, food plants, early stages, natural enemies and biological control. CABI Reviews. 10(007): 1-30",REF685
2020,"Kovacs, Z. and Kovacs, S. (2020). Contributions to the knowledge of the Depressariidae, Peleopodidae, Ethmiidae and Fuchsiini (Lepidoptera, Gelechioidea) of Romania, with an annotated checklist. Travaux du Museum National d’Histoire Naturelle Grigore Antipa. 63(2): 203-254",REF686
2020,"Walker, A. and Coetzer, A. (2020). Vanessa cardui. The IUCN Red List of Threatened Species 2020: e.T174379A161326679.",REF687
2020,"Walker, A. (2020). Vanessa atalanta. The IUCN Red List of Threatened Species 2020: e.T174225A172421220.",REF688
1775,"Fabricius J. (1775). Systema Entomologiae sistens insectorum classes, ordines, genera, species, adiectis synonymis, locis, descriptionibus, observationibus. Flensburgi et Lipsiae. 832pp",REF689
2005,"Zhang, A. and Li, H. (2005). Catalogue of Eucosmini from China (Lepidoptera: Tortricidae). SHILAP Revista de lepidopterologia. 33(131): 265-298",REF690
2014,"Mironov, V. and Galsworthy, A. (2014). A survey of Eupithecia Curtis, 1825 (Lepidoptera, Geometridae, Larentiinae) in Mongolia with descriptions of two new species. Zootaxa. 3774(2): 101-130",REF691
2006,"de Prins, W. (2007). Interessante waarnemingen van Lepidoptera in Belgie in 2006 (Lepidoptera). Phegea. 35(1): 1–20",REF692
2005,"Sefrova, H. and Lastuvka, Z. (2005). Catalogue of alien animal species in the Czech Republic. Acta Universitatis Agriculturae et Silviculturae Mendelianae Brunensis. 53(4): 151",REF693
2023,"Trajkovic, A. and Zikic, V. (2023). Stuck in the caterpillars’ web: A half-century of biocontrol research and application on gregarious Lepidopteran pests in Europe. Sustainability. 15(4): 2881",REF694
1975,"Munroe, E. (1975). Biogeography of North American Odontiinae (Lepidoptera: Pyralidae). The Canadian Entomologist. 107(2): 129-154",REF695
2018,"Alipanah, H., Khodadad, M., Rajaei, H. and Haseli, M. (2018). Taxonomic study of the genus Evergestis Hubner, 1825 (Lepidoptera: Crambidae: Glaphyriinae) in Iran with description of a new species. Zootaxa. 4420(1): 1-33",REF696
2008,"Reimer, N. (2008). Field Release of Secusio extensa (Butler)(Lepidoptera: Arctiidae), for Biological Control of Fireweed, Senecio madagascariensis Poiret (Asterales: Asteraceae), in Hawaii. Draft Environmental Assessment. Attachment 4.",REF697
2012,"Byun, B., Lee, B., Bae, K. and Lee, K. (2012). A review of the genus Grapholita (Lepidoptera, Tortricidae) in North Korea. Animal Systematics, Evolution and Diversity. 28(4): 291-296",REF698
2007,"Kravchenko, V., Fibiger, M., Mooser, J., Junnila, A. and Muller, G. C. (2007). The Hadeninae of Israel (Lepidoptera: Noctuidae). SHILAP Revista de lepidopterologia. 35(140): 441-454",REF699
2023,"Husain, A. and Hasan, W. (2023). Skipper butterflies (Hesperiidae: Lepidoptera) common to Sulawesi (Indonesia) and India, with their host plants. International Journal of Agricultural and Applied Sciences. 4(2): 113-119",REF700
2022,"Sajan, K. and Sapkota, A. (2022). Additional distribution records of butterflies (Lepidoptera: Rhopalocera) with seven species new to Nepal. Biodiversitas. 23(5): 2711-2738",REF701
2012,Ministery of Environment - Sri Lanka (2012). The National Red List 2012 of Sri Lanka,REF702
2014,"Josvai, J., Koczor, S. and Toth, M. (2014). Performance of traps baited with female-targeted lure vs. pheromone traps for monitoring of the green budworm moth Hedya nubiferana Haw. in Hungary. Acta Phytopathologica et Entomologica Hungarica. 49(2): 223-233",REF703
1983,"Yano, K. and Heppner, J. (1983). Description of Hamakua pamakani plume moth from Hawaii (Lepidoptera: Pterophoridae). Proceedings, Hawaiian Entomological Society. 24(2): 335-341",REF704
2018,"Poltavsky, A., Kravchenko, V., Traore, M., Traore, S., Gergely, P., Witt, T., ... and Muller, G. (2018). The Pyraloidea (Lepidoptera) fauna of the woody savannah belt in Mali, West Africa. Zootaxa. 4457(1): 39-69",REF705
2021,"Handfield, L. and Handfield, D. (2021). A revision of the Canadian species of the Genus Herpetogramma Lederer, 1863 (Lepidoptera: Crambidae: Spilomelinae: Herpetogrammatini), with descriptions of three new species. Bonn zoological Bulletin. 70(1): 173-199",REF706
2013,"Diez-Rodriguez, G., Hubner, L., Antunes, L. and Nava, D. (2013). Herpetogramma bipunctalis (Lepidoptera: Crambidae) biology and techniques for rearing on leaves of the blackberry (Rubus spp., Rosaceae). Brazilian Journal of Biology. 73: 179-184",REF707
1976,"Tashiro, H. (1976). Biology of the grass webworm, Herpetogramma licarsisalis (Lepidoptera: Pyraustidae) in Hawaii. Annals of the Entomological Society of America. 69(5): 797-803",REF708
1983,"North, R. and Hart, E. (1983). Oviposition preference of the mimosa webworm, Homadaula anisocentra (Lepidoptera: Plutellidae). Environmental Entomology. 12(2): 546-551",REF709
2022,"Mey, W. (2022). Taxonomic notes on Palearctic taxa of Galacticidae, a little-known family of Lepidoptera (Galacticoidea). Nota Lepidopterologica. 45: 169-190",REF710
2022,"Falck, P., Karsholt, O. and Slamka, F. (2022). New data on Pyraloidea from the Canary Islands, Spain 2 (Lepidoptera: Pyralidae, Crambidae. SHILAP Revista de lepidopterologia. 50(199): 469-488",REF711
2012,"Krsteska, V. and Stojanoski, P. (2012) Phthorimaea operculella (Zeller, 1983), in the tobacco agro-ecosystem. In: International Conference on BioScience: Biotechnology and Biodiversity The Forth Joint UNS – PSU, Novi Sad.",REF712
2013,"Subchev, M., Toshova, T., Atanasova, D., Petrova, V. and Toth, M. (2013). Seasonal flight of the potato tuber moth, Phthorimaea operculella (Zeller)(Lepidoptera: Gelechiidae) in three regions in Bulgaria established by pheromone traps. Acta Phytopathologica et Entomologica Hungarica. 48(1): 75-86",REF713
2013,"Kroschel, J. and Zegarra, O. (2013). Attract-and-kill as a new strategy for the management of the potato tuber moths Phthorimaea operculella (Zeller) and Symmetrischema tangolias (Gyen) in potato: evaluation of its efficacy under potato field and storage conditions. Pest management science. 69(11): 1205-1215",REF714
1996,"Nair, K. and Mohanadas, K. (1996). Early events in the outbreak of the teak caterpillar, Hyblaea puera. International Journal of Ecolological Environmental Sciences. 22: 271-279",REF715
1983,"Batra, S. (1983). Establishment of Hyles Euphorbiae (L.)(Lepidoptera: Sphingidae) in the United States for control of the weedy spurges Euphorbia esula L. and E. cyparissias L. Journal of the New York Entomological Society. 304-311",REF716
2013,"Kononenko, V. and Pinratana, A. (2013). Moths of Thailand. Noctuoidea. An illustrated Catalogue of Erebidae, Nolidae, Euteliidae and Noctuidae (Insecta, Lepidoptera) in Thailand. Brothers of St. Gabriel in Thailand. Bangkok.",REF717
2020,"Karn, R., Paudel, A. and Pandey, S. (2020). Hypena opulenta: a biological weed control agent for controlling an invasive weed species, swallow-wort: a review. Environment Contaminants Review. 3(1): 1-3",REF718
2005,"Pohl, G., Bird, C., Landry, J. and Anweiler, G. (2005). New records of microlepidoptera in Alberta, Canada. Journal of the Lepidopterists Society. 59(2): 61",REF719
1971,"Bosman, T. and Brand, J. (1971). Biological studies of the sex pheromone of Kotochalia junodi Heyl.(Lepidoptera: Psychidae) and its partial purification. Journal of the Entomological Society of Southern Africa. 34(1): 73-78",REF720
1971,"Austara, O. and Jones, T. (1971). Host list and distribution of lepidopterous defoliators of exotic softwoods in East Africa. East African Agricultural and Forestry Journal. 36(4): 401-413",REF721
2020,"Demetriou, J., Kazilas, C., Koutsoukos, E. and Kalaentzis, K. (2020). ? new tropical invader in Greece: The lantana plume moth Lantanophaga pusillidactylus (Lepidoptera: Pterophoridae). Entomologia Hellenica. 29(1): 1-7",REF722
2006,"Gielis, C. (2006). Review of the Neotropical species of the family Pterophoridae, part I: Ochyroticinae, Deuterocopinae, Pterophorinae (Platyptiliini, Exelastini, Oxyptilini) (Lepidoptera). Zoologische Mededelingen. 80: 1-290",REF723
2011,"Neil, K. (2011). Lateroligia ophiogramma (Esper)(Lepidoptera: Erebidae) in Nova Scotia, Canada. Journal of the Acadian Entomological Society. 7:102-104",REF724
2016,"Peigler, R. and Naumann, S. (2016) What exactly is Antheraea paphia (Linnaeus, 1758)? (Lepidoptera, Saturnidae). Atalanta. 47(3): 500-520",REF725
2020,"Walker, A. (2020). Antheraea polyphemus. The IUCN Red List of Threatened Species 2020: e.T173004714A173004732.",REF726
2013,"Amer, A. (2013). Catocalinae Of Egypt (Lepidoptera, Noctuidae). Al-Azhar Bulletin Of Science. 24(1-C): 1-16",REF727
2014,"Baron, T. (2014). Collection records of Noctuoidea and Bombycoidea (Lepidoptera) from a location near Marmaris in South-Western Anatolia, Turkey. Esperiana Band. 19: 263-296",REF728
2010,"Junnilainen, J., Karsholt, O., Nupponen, K., Kaitila, J., Nupponen, T. and Olschwang, V. (2010). The gelechiid fauna of the southern Ural Mountains, part II: list of recorded species with taxonomic notes (Lepidoptera: Gelechiidae). Zootaxa. 2367(1): 1-68",REF729
1978,"Eichlin, T. and Cunningham, H. (1978). The Plusiinae (Lepidoptera: Noctuidae) of America north of Mexico, emphasizing genitalic and larval morphology (No. 1567). Department of Agriculture, Agricultural Research Service. Washington D.C., United States of America.",REF730
2017,"Cong, Q., Shen, J., Li, W., Borek, D., Otwinowski, Z. and Grishin, N. (2017). The first complete genomes of Metalmarks and the classification of butterfly families. Genomics. 109(5): 485-493",REF731
1908,"Braun, A. (1908). Revision of the North American species of the genus Lithocolletis Hubner. Biological Laboratory of the University of Cincinnati. Cincinnati, United States of America.",REF732
2023,"Rodriguez, A., Trilleras, C., Bazurto, L., de la Torre, R., Aldana, I., Arias, L., ... and Villarraga, N. (2023). Capiitulo XIII Insectos asociados a los cultivares hi´bridos interespeci´ficos OxG. In: Romero, H. Los hibridos interespecificos OxG de palma de aceite. Cenipalma. Bogota D.C., Colombia.",REF733
2012,"Miller, J, Matthews, D., Warren, A., Solis, M., Harvey, D., Gentili-Poole, P., ... and Covell, C. (2012). An annotated list of the Lepidoptera of Honduras. Insecta Mundi. 205: 1-72",REF734
2004,"Aguila, R. (2004). Lepidoptera (Insecta) de Topes de Collantes, Sancti Spiritus, Cuba. Boletin de la SEA Sociedad Entomologica Aragonisa. 34: 151-159",REF735
2000,"Braby, M. (2000). Butterflies of Australia: their identification, biology and distribution. CSIRO publishing. Collingwood, Australia.",REF736
2013,"Sarmiento-Cordero, M. and Contreras-Ramos, A. (2013). Phenology of Copaxa lavendera (Westwood)(Lepidoptera, Saturniidae) from Sierra de Las Navajas, Hidalgo, Mexico. The Pan-Pacific Entomologist. 88(4): 399-406",REF737
2017,"Barrios-Diaz, B., Sanchez-Garcia, L., Equihua–Martinez, A., Vazquez-Huerta, G. and Barrios-Diaz, J. (2017). Identificacion de lepidopteros asociados al follaje de encino (Quercus spp.), en el municipio de Tetela de Ocampo, Puebla. Folia Entomologica Mexicana. 4: 537-543",REF738
2011,"Ale, B., Zalucki, M. and Furlong, M. (2011). Host plant selection by Crocidolomia pavonana F. (Lepidoptera: Crambidae): effect of herbivory and adult experience. The 6th International Workshop on Management of the Diamondback Moth and Other Crucifer Insect Pests. 70-75",REF739
2012,"West, D., Lal, I., Leamy, M. and Hu, D. (2012). Locomotion of Mexican jumping beans. Bioinspiration and Biomimetics. 7(3): 036014",REF740
2023,"Escobar-Suarez, S., Villalobos-Leiva, A., Fabres, A., Ordenes-Claveria, R., Cruz-Jofre, F., Laroze, D., ... and Benitez, H. (2023). A geometric morphometrics and genetics characterization of Vanessa carye in an extreme elevational gradient in the Chilean Altiplano. Zoologischer Anzeiger. 304: 105-112",REF741
2010,"Atluri, J., Rayalu, M. and Deepika, D. (2010). Life History and Larval Performance of the Common Tiger Butterfly, Danaus genuita Cramer (Lepidoptera",REF742
1930,"Meyrick, E. (1930). Exotic Microlepidoptera - Vol. III. Taylor & Francis. United Kingdom",REF743
2016,"Harrison, T., Dean, C., Parks, K. and Berenbaum, M. (2016). Depressaria depressana (Fabricius)(Depressariidae), new to the Midwestern USA. The Journal of the Lepidopterists Society. 70(2): 169-173",REF744
2016,"Solis, M. and Metz, M. (2016). An illustrated guide to the identification of the known species of Diatraea Guilding (Lepidoptera, Crambidae, Crambinae) based on genitalia. ZooKeys. 565: 73–121",REF745
2014,"Joyce, A., White, W., Nuessly, G., Solis, M., Scheffer, S., Lewis, M. and Medina, R. (2014). Geographic population structure of the sugarcane borer, Diatraea saccharalis (F.)(Lepidoptera: Crambidae), in the southern United States. PLoS One. 9(10): e110036",REF746
1969,"Howarth, T. (1969). Some African Nymphalidae (Lepidoptera). Proceedings of the Royal Entomological Society of London. Series B, Taxonomy. 38(11): 141-156",REF747
2018,"Yildiz, Y., Yildirim, I., Bostanci, C. and Aydogan, O. (2018). Erschoviella musculana Erschoff 1874, a new record and a new walnut pest in Turkey. Journal of Bartin Faculty of Forestry. 20(2): 296-302",REF748
2000,"Kurr, A. and Szasorv, C. (2000). Survey Of The Taiwanese Ethmiinae (Leprdoprera, Oecophoridae) With Descriptions Of Three New Species. Acta Zoologica Academiae Scientiaruh Hungaricae. 46(1):  53-78",REF749
2019,"Singh, N., Ahmad, J., Kaustubh, K. and Joshi, R. (2019). New distributional records of Eudocima Billberg, 1820 (Lepidoptera: Erebidae: Calpinae) from Gangetic Plains (India). Records of the Zoological Survey of India. 119(3): 238-245",REF750
2002,"Wu, S., Fu, C., Tzuoo, H., Shih, L., Chang, W. and Lin, H. (2020). An annotated checklist of macro moths in mid-to high-mountain ranges of Taiwan (Lepidoptera: Macroheterocera). Formosan Entomologist. 40: 10-83",REF751
2016,"Nizamani, I., Rustamani, M., Khaskheli, M., Bukero, A., Khatri, I. and Nizaman, S. (2016).  Screening Of Jujube Varieties Against Euproctis Fraterna Moore. Science International-Lahore. 28(1): 447-453",REF752
2011,"Tennent, W. (2011). Hipparchia statilinus. The IUCN Red List of Threatened Species 2011: e.T160360A5364211",REF753
2021,"Edge, D. and Westrip, J. (2021). Lampides boeticus. The IUCN Red List of Threatened Species 2021: e.T174427A161341394",REF754
2019,"Gumhalter, D. (2019). A revised checklist of pyraloid moths (Lepidoptera: Pyraloidea) in Croatia. Natura Croatica: Periodicum Musei Historiae Naturalis Croatici. 28(2): 271-288",REF755
2022,"Goater, B., Nuss, M. and Speidel, W. (2022). Pyraloidea I:(Acentropinae, Evergestinae, Heliothelinae, Schoenobiinae, Scopariinae) (Vol. 4). Brill. Leiden, Netherlands.",REF756
2021,"Poland, T., Weynand, T., Finch, D., Miniat, C., Hayes, D. and Lopez, V. (Eds.). (2021). Invasive Species in Forests and Rangelands of the United States. A comprehensive Science Synthesis for the United States Forest Sector. Springer Nature Switzerland AG. Cham, Switzerland.",REF757
1996,World Conservation Monitoring Centre (1996). Graellsia isabelae. The IUCN Red List of Threatened Species 1996: e.T9427A12986143,REF758
1996,"Jiggins, C., McMillan, W., Neukirchen, W. and Mallet, J. (1996). What can hybrid zones tell us about speciation? The case of Heliconius erato and H. himera (Lepidoptera: Nymphalidae). Biological Journal of the Linnean Society. 59(3): 221-242",REF759
1994,"Brower, A. (1994). Rapid morphological radiation and convergence among races of the butterfly Heliconius erato inferred from patterns of mitochondrial DNA evolution. PNAS. 91(14): 6491-6495",REF760
1981,"Godfrey, G. (1981). Identification and descriptions of the ultimate instar larvae of Hydraecia immanis (hop vine borer) and H. micacea (potato stem borer)(Lepidoptera, Noctuidae). Biological notes. 114",REF761
2014,"van Swaay, C., Wynhoff, I., Wiemers, M., Katbeh-Bader, A., Power, A., Benyamini, D., ... and Beshkov, S. (2014). Iphiclides podalirius (Mediterranean assessment). The IUCN Red List of Threatened Species 2014: e.T174405A53719929",REF762
2010,"van Swaay, C., Wynhoff, I., Verovnik, R., Wiemers, M., Lopez Munguira, M., Maes, D., ... and Settele, J. (2010). Iphiclides podalirius (Europe assessment). The IUCN Red List of Threatened Species 2010: e.T174405A7066031",REF763
2018,"Mehra, D., Kirti, J. and Sidhu, A. (2018). A taxonomic study of six species of the genus Junonia Hubner,[1819](Insecta: Lepidoptera: Nymphalidae) from the northwestern Himalayan region in India. Journal of threatened taxa. 10(7): 11934-11947",REF764
2009,"Heard, T. and Paynter, Q. (2009). Mimosa pigra (Leguminosae). In: Biological control of tropical weeds using arthropods. Cambridge University Press, Cambridge, UK. 256-273.",REF765
2002,"Pitkin, L. (2002). Neotropical ennomine moths: a review of the genera (Lepidoptera: Geometridae). Zoological journal of the Linnean Society. 135(2): 121-401",REF766
1956,"Kumata, T. (1956). A revision of the Japanese species of the genus Leucoma Stephens (Lepidoptera, Lymantriidae). Insecta matsumurana. 20(3): 107-113",REF767
1984,"Green, D. (1984). A Proposed Origin of the Coffee Leaf-miner, Leucoptera coffeella (Guerin-Meneville) (Lepidoptera: Lyonetiidae). Bulletin of the Entomological Society of America. 30(1): 30–31",REF768
1964,"Kuroko, H. (1964). Revisional studies on the family Lyonetiidae of Japan (Lepidoptera). ESAKIA. 4: 1-61",REF769
2001,"Agassiz, D. (2001). The invasion and spread of Lepidoptera in Britain. In Proceedings, Symposium: Belgian fauna and alien species. 14: 171-178",REF770
1999,"de Vos, R. (1999). Trekvlinders in 1998 (negenenvijftigste jaarverslag) (Lepidoptera). Entomologische berichten. 59: 173-185",REF771
1990,"Chambon, J., Fabre, J. and Kemeci, M. (1990). Trois nouvelles Tordeuses dAlgerie, nuisibles aux Coniferes: Epinotia algeriensis n. sp.(Olethrentinae, Eucosmini), Lozotaenia cedrivora n. sp. et Dichela numidicola n. sp.(Tortricinae, Archipini)[Lep. Tortricidae]. Bulletin de la Societe entomologique de France. 95(3): 131-138",REF772
2020,"Wu, Y., Bogdanowicz, S., Andres, J., Vieira, K., Wang, B., Cosse, A. and Pfister, S. (2020). Tracking invasions of a destructive defoliator, the gypsy moth (Erebidae: Lymantria dispar): Population structure, origin of intercepted specimens, and Asian introgression into North America. Evolutionary applications. 13(8): 2056-2070",REF773
2007,"Pogue, M. (2007). A Review of Selected Species of Lymantria Hubner (1819) (Lepidoptera: Noctuidae: Lymantriinae) from Subtropical and Temperate Regions of Asia, Including the Descriptions of Three New Species, Some Potentially Invasive to North America. U.S. Department of Agriculture, Forest Health Technology Enterprise Team. 223 pp",REF774
2013,"Kawahara, A., Breinholt, J., Ponce, F., Haxaire, J., Xiao, L., Lamarre, G., ... and Kitching, I. (2013). Evolution of Manduca sexta hornworms and relatives: biogeographical analysis reveals an ancestral diversification in Central America. Molecular Phylogenetics and Evolution. 68(3): 381-386",REF775
2014,"Paraiso, O., Smith, T., Hight, S., and Davis, B. (2014). Rearing a Native Cactus Moth, Melitara prodenialis (Lepidoptera: Pyralidae), on Artificial Diet and Opuntia Cladodes: Preliminary Comparisons. Florida Entomologist. 97(3): 1232-1236",REF776
2007,"Koster, S., Alpizar, M., Badenes-Perez, F.and Nishida, K. (2007). Two species of the Mompha trithalama-complex as possible biological control of Koster’s curse and Velvet tree. XV European Congress of Lepidopterology - Berlin.",REF777
2024,"EFSA Panel on Plant Health (PLH), Bragard, C., Baptista, P., Chatzivassiliou, E., Di Serio, F., Gonthier, P., ... and MacLeod, A. (2024). Pest categorisation of Monema flavescens. EFSA Journal. 22(7): e8831",REF778
2019,"Leraut, G. (2019). Contribution a la connaissance des Pyralidae Phycitinae de Madagascar, des Comores et des Mascareignes (III) – Revision et inventaire des especes presentes a Madagascar et dans les Mascareignes. Revue Française dEntomologie Generale. 1(2): 38-198",REF779
1999,"Setamou, M., Schulthess, F., Bosque-Perez, N., Poehling, H. and Borgemeister, C. (1999). Bionomics of Mussidia nigrivenella (Lepidoptera: Pyralidae) on three host plants. Bulletin of Entomological Research. 89(5): 465-471",REF780
2008,"EFSA Panel on Plant Health (PLH), Baker, R., Caffier, D., Choiseul, J. W., De Clercq, P., Dormannsne-Simon, E., ... and Vloutoglou, I. (2008). Pest risk assessment made by France on Nacoleia octasema considered by France as harmful in French overseas departments of French Guiana, Guadeloupe, Martinique and Reunion-Scientific Opinion of the Panel on Plant Health. The EFSA Journal. 671: 1-15",REF781
2018,"McCulloch, G., Makinson, J., Zonneveld, R., Purcell, M., Raghu, S. and Walter, G. (2018). Assessment of genetic structuring in the Lygodium fern moths Austromusotima camptozonale and Neomusotima conspurcatalis in their native range: implications for biological control. Biological Control. 121: 8-13",REF782
2012,"Boughton, A. and Pemberton, R. (2012). Biology and reproductive parameters of the brown lygodium moth, Neomusotima conspurcatalis-A new biological control agent of Old World climbing fern in Florida. Environmental entomology. 41(2): 308-316",REF783
2004,"Solis, M., Yen, S. and Goolsby, J. (2004). Species of Lygomusotima new genus and Neomusotima Yoshiyasu (Lepidoptera: Crambidae) from Australia and southeastern Asia feeding on Lygodium microphyllum (Schizaeaceae). Annals of the Entomological Society of America. 97(1): 64-76",REF784
2012,"Trematerra, P. (2012). Notes on some Lepidoptera Tortricidae from Central Asia. Journal of Entomological and Acarological Research. 44: e1",REF785
2013,"Byun, B., Lee, B., Bae, K. and Choi, J. (2013). Two unrecorded species of Tortricidae (Lepidoptera) from North Korea, with notes on collection localities of North Korean Tortricids deposited at the Hungarian Natural History Museum. Korean journal of applied entomology. 52(1): 53-59",REF786
2017,"Chen, Q., Li, N., Wang, X., Ma, L., Huang, J. and Huang, G. (2017). Age-stage, two-sex life table of Parapoynx crisonalis (Lepidoptera: Pyralidae) at different temperatures. PloS one. 12(3): e0173380",REF787
2017,"Andersen, J., Havill, N., Caccone, A. and Elkinton, J. (2017). Postglacial recolonization shaped the genetic diversity of the winter moth (Operophtera brumata) in Europe. Ecology and Evolution. 7: 3312–3323",REF788
2020,"Jie, L., Yang, J. and Li, W. (2020). Potential distribution analysis of an invasive alien species Parapediasia teterrella (Lepidoptera, Crambidae) in East Asia. Journal of Asia-Pacific Entomology. 23(1): 219-223",REF789
2004,"Fogliani, R. and Strickland, G. (2004). Biological Control of Dock: Enhanced Distribution of the Dock Moth. Meat and Livestock Australia. Sidney, Australia.",REF790
1991,"Nafus, D. and Schreiner, I. (1991). Review of the biology and control of the Asian corn borer, Ostrinia furnacalis (Lep: Pyralidae). International Journal of Pest Management. 37(1): 41-56",REF791
2012,"Yilmaz, C. and Genc, H. (2012). Determination of the life cycle of the Olive Fruit Leaf Moth, Palpita unionalis (Lepidoptera: Pyralidae) in the laboratory. Florida Entomologist. 95: 162-170",REF792
1970,"Mutuura, A. and Munroe, E. (1970). Taxonomy and distribution of the European corn borer and allied species: genus Ostrinia (Lepidoptera: Pyralidae). The Memoirs of the Entomological Society of Canada. 102(S71): 1-112",REF793
1980,"Mutuura, A. (1980). Two Pandemis species introduced into British Columbia, with a comparison of native North American species (Lepidoptera: Tortricidae). The Canadian Entomologist. 112(6): 549-554",REF794
1999,"Stanley, J., Julien, M., Rumbo, E. and White, A. (1999). Post release monitoring of Xubida infusella (Lep.: Pyralidae): an example of using pheromones for the early detection of establishing populations of biological control agents. In: Proceedings of the 10th International Symposium on Biological Control of Weeds, Montana State University, Bozeman, MT. 4-14",REF795
2023,"Pardey, A. (2023). 29. El gusano monturita, Acharia apicalis (Dyar, 1900), en palma de aceite. In: Centro de Investigacion en Palma de Aceite, C. (2023). Manejo de plagas para una palmicultura sostenible en Colombia Elaeis guineensis e hibrido OxG. Centro de Investigacion en Palma de Aceite, Cenipalma. 9789588360867",REF796
2023,"Tay, W., Meagher Jr, R., Czepak, C. and Groot, A. (2023). Spodoptera frugiperda: ecology, evolution, and management options of an invasive species. Annual Review of Entomology. 68(1): 299-317",REF797
2019,"Jung, J., Byeon, D., Jung, S. and Lee, W. (2019). Effect of climate change on the potential distribution of the common cutworm (Spodoptera litura) in South Korea. Entomological Research. 49(12): 519-528",REF798
1987,"Hoebeke, E. (1987). Yponomeuta cagnagella (Lepidoptera: Yponomeutidae): A palearctic ermine moth in the United States, with notes on its recognition, seasonal history, and habits. Annals of the Entomological Society of America. 80(4): 462-467",REF799
2020,"Riaz, S., Johnson, J., Rasheed, T. and Wiemers, M. (2020). Morphology, life cycle and management of two invasive subspecies of Papilio demoleus (Lepidoptera: Papilionidae): A review. Journal of Applied Entomology. 144: 845–856",REF800
2013,"Kirti, J. and Singh, H. (2013). An inventory of subfamily Catocalinae (Noctuidae: Lepidoptera) from North-East India. Journal of Applied Biosciences. 39(1): 1-22",REF801
1996,"Buckingham, G. and Bennett, C. (1996). Laboratory biology of an immigrant Asian moth, Parapoynx diminutalis (Lepidoptera: Pyralidae), on Hydrilla verticillata (Hydrocharitaceae). Florida Entomologist. 79(3): 353-353",REF802
1989,"Buckingham, G. and Bennett, C. (1989). Laboratory host range of Parapoynx diminutalis (Lepidoptera: Pyralidae), an Asian aquatic moth adventive in Florida and Panama on Hydrilla verticillata (Hydrocharitaceae). Environmental Entomology. 18(3): 526-530",REF803
2017,"der Gaag, D. and der Straten, M. (2017). Short Pest Risk Analysis for Platynota rostrana and Platynota stultana. Netherlands Food and Consumer Product Safety Authority Ministry of Economic Affairs. November, 2017.",REF804
2019,"Bidzilya, O., Karsholt, O., Kravchenko, V. and Sumpich, J. (2019). An annotated checklist of Gelechiidae (Lepidoptera) of Israel with description of two new species. Zootaxa. 4677(1): 1-68",REF805
2015,"Montezano, D., Sosa-Gomez, D., Paula-Moraes, S., Roque-Specht, V., Fronza, E., Barros, N. and Specht, A. (2015). Biotic potential and reproductive parameters of Spodoptera dolichos (Lepidoptera: Noctuidae) in the laboratory. Zoologia (Curitiba). 32(6): 485-491",REF806
2023,"ElShahed, S. M., Mostafa, Z., Radwan, M. and Hosni, E. (2023). Modeling the potential global distribution of the Egyptian cotton leafworm, Spodoptera littoralis under climate change. Scientific Reports. 13(1): 17314",REF807
2022,"Kalawate, A., Shabnam, A. and Dinesh, K. (2022). First Indian DNA barcode record for the moth species Pygospila tyres (Cramer, 1780) (Lepidoptera: Crambidae: Spilomelinae) distributed in Asia and Australia. Journal of Threatened Taxa. 14(2): 20637–20642",REF808
2009,"Powell, J. and Opler, P. (2009). Moths of western North America. University of California Press. Berkeley, California, United States of America. 516pp",REF809
2018,"Poltavsky, A., Kravchenko, V., Traore, M., Traore, S., Gergely, P., Witt, T., ... and Muller, G. (2018). The Pyraloidea (Lepidoptera) fauna of the woody savannah belt in Mali, West Africa. Zootaxa. 4457(1): 39–69",REF810
2024,"Huemer, P. (2024). Unexpected diversity of moths (Lepidoptera) in the Gardens of Trauttmansdorff Castle (Prov. Bolzano-South Tyrol, Italy). Gredleriana. 24",REF811
1997,"Farrugia, C. (1997). Insect Pests on Cauliflower (Brassica oleracea Var. Botrytis) in Gozo (Maltese Islands, Central Mediterranean). The Central Mediterranean Naturalist. 2(4): 152-165",REF812
2020,"Tugulea, H. and Tugulea, A. (2020). Contributions to knowledge of the fauna of hawk-moths (Lepidoptera, Sphingidae) from the Republic of Moldova. Oltenia-studii si comunicari stiintele naturii. 36(2): 105-112",REF813
2020,"Chireceanu, C., Bosoi, M., Podrumar, T., Ghica, M., Teodoru, A., Chiriloaie-Palade, A. and Zaharia, R. (2020). Invasive Insect Species Detected on Grapevines in Romania during 2016–2019 and First Record of Erasmoneura vulnerata (Fitch, 1851) (Hemiptera: Cicadellidae). Acta Zoologica Bulgarica. 72(4): 649-659",REF814
2010,"van Swaay, C., Wynhoff, I., Verovnik, R., Wiemers, M., Lopez Munguira, M., Maes, D., ... and Settele, J. (2010). Pieris rapae (Europe assessment). The IUCN Red List of Threatened Species 2010: e.T174353A7056010",REF815
2014,"van Swaay, C., Wynhoff, I., Wiemers, M., Katbeh-Bader, A., Power, A., Benyamini, D., ... and Beshkov, S. (2014). Pieris rapae (Mediterranean assessment). The IUCN Red List of Threatened Species 2014: e.T174353A53720063",REF816
2013,"Halloran, K. and Wason, E. (2013). ""Papilio polytes"" (On-line), Animal Diversity Web. University of Michigan. Michigan, United States of America. Available at: https://animaldiversity.org/accounts/Papilio_polytes/",REF817
1956,"Smith, K. (1956). The occurrence and distribution of Aphomia gularis (Zell.)(Lep., Galleriidae), a pest of stored products. Bulletin of entomological research. 47(4): 655-667",REF818
2019,"Purcell, M., Harms, N., Grodowitz, M., Zhang, J., Ding, J., Wheeler, G., ... and de Chenon, R. (2019). Exploration for candidate biological control agents of the submerged aquatic weed Hydrilla verticillata, in Asia and Australia 1996–2013. BioControl. 64: 233-247",REF819
2007,"Yamazaki, K., Kitamoto, T., Yariyama, Y. and Sugiura, S. (2007). An analysis of spatial distribution in the exotic slug caterpillar Parasa lepida (Cramer)(Lepidoptera: Limacodidae) at an urban coastal site in central Japan. The Pan-Pacific Entomologist. 83(3): 193-199",REF820
1993,"Kluge, R. and Caldwell, P. (1993). Host specificity of Pareuchaetes insulata (Lep.: Arctiidae), a biological control agent for Chromolaena odorata (Compositae). Entomophaga. 38: 451-457",REF821
1982,"Cock, M. and Holloway, J. (1982). The history of, and prospects for, the biological control of Chromolaena odorata (Compositae) by Pareuchaetes pseudoinsulata Rego Barros and allies (Lepidoptera: Arctiidae). Bulletin of Entomological Research. 72(2): 193-205",REF822
2023,"Matheson, P., Parvizi, E., Fabrick, J., Siddiqui, H., Tabashnik, B., Walsh, T. and McGaughran, A. (2023). Genome-wide analysis reveals distinct global populations of pink bollworm (Pectinophora gossypiella). Scientific Reports. 13(1): 11762",REF823
2010,"Sivasankaran, K., Madani, J., Ignacimuthu, S. and Paulraj, M. G. (2010). A survey of Euteliinae (Lepidoptera: Noctuidae) of Nilgiris, Tamil Nadu, India. Entomon. 35(3): 175-182",REF824
2004,"Beshkov, S., Wegner, H., Beron, P. and Popov, A. (2004). Macrolepidoptera of the Greek part of the Eastern Rhodopes. Biodiversity of Bulgaria. 2: 677-722",REF825
2007,"Triberti, P. (2007). The Phyllonorycter species from Palaearctic Region feeding on Rosaceae (Lepidoptera, Gracillariidae). Bollettino del Museo Civico di Storia Naturale di Verona. 31: 147-221",REF826
1986,"Vives Moreno, A. (1986). La familia Pterolonchidae Meyrick, 1918, de España y Portugal (Insecta, Lepidoptera). Eos: revista espan~ola de entomologia. 62(1): 319-337",REF827
2008,"Ramadan, M., Markin, G. and Johnson, M. (2008). Field biology of Pyrausta perelegans (Lepidoptera: Crambidae): a flower bud-feeder on Passiflora mollissima, an invasive vine in Hawaiian forests. Tropical Lepidoptera Research. 18(2): 113-121",REF828
2019,"Joshi, R., Singh, N. and Laszlo, G. (2019). An updated checklist of subfamily Nolinae (Lepidoptera, Nolidae) from India. Records of the Zoological Survey of India. 119(3): 263-281",REF829
2016,"Spill, F. (2016). Eratophyes amasiella (Herrich-Schaffer, 1854), une espece d oecophoride nouvelle pour la France (Lep. Oecophoridae). oreina. 35: 12-13",REF830
2001,"Fox, R. (2001). Butterflies and moths. In: Hawksworth, D. (Ed.) (2001). The changing wildlife of Great Britain and Ireland. Taylor and Francis, Limited. Padstow, Cornwall, United Kingdom.",REF831
1986,"Haggis, M. (1986). Distribution of the African armyworm, Spodoptera exempta (Walker)(Lepidoptera: Noctuidae), and the frequency of larval outbreaks in Africa and Arabia. Bulletin of Entomological Research. 76(1): 151-170",REF832
1956,"Fletcher, D. (1956). Spodoptera mauritia (Boisduval) and S. triturata (Walker), two distinct species. Bulletin of Entomological Research. 47(2): 215-217",REF833
1993,"Nasu, Y., Kawasaki, K. and Arakaki, N. (1993). Statherotis discana (Felder et Rogenhofer)(Lepidoptera: Tortricidae) injurious to litchi from Japan. Applied Entomology and Zoology. 28(1): 97-101",REF834
2017,"Bertaccini, E. and Zilli, A. (2017). A new species of Typhonia from the Ligurian Alps (Lepidoptera: Psychidae). Fragmenta entomologica. 49(2): 137-144",REF835
2012,"Groenen, F. and Meurisse, N. (2012). Historical distribution of the oak processionary moth Thaumetopoea processionea in Europe suggests recolonization instead of expansion. Agricultural and forest entomology. 14(2): 147-155",REF836
2020,"Vieira, V. (2020). First record of Thera cupressata (Geyer,[1831]) for the Azores islands (Portugal)(Lepidoptera: Geometridae). SHILAP Revista de Lepidopterologia. 48(189): 83-87",REF837
2019,"Francischini, F. J., Cordeiro, E. M., de Campos, J. B., Alves-Pereira, A., Viana, J. P. G., Wu, X., ... and Zucchi, M. (2019). Diatraea saccharalis history of colonization in the Americas. The case for human-mediated dispersal. PLoS One. 14(7): e0220031",REF838
2003,"van Nieukerken, E. and Johansson, R. (2003). The Quercus feeding Stigmella species of the West Palaearctic: new species, key and distribution (Lepidoptera: Nepticulidae). Tijdschrift voor Entomologie. 146: 307-370",REF839
2022,"Taylor, D. and Dhileepan, K. (2022). Application to release Stomphastis thraustica, an agent for the biological control of Jatropha gossypiifolia in Australia. Biosecurity Queensland, Department of Agriculture and Fisheries Australia.",REF840
2014,"Silva, N., Duarte, M., Araujo, E. and Morais, H. (2014). Larval biology of anthophagous Eumaeini (Lepidoptera: Lycaenidae, Theclinae) in the Cerrado of central Brazil. Journal of Insect Science. 14(184): 1-17",REF841
2012,"Vargas, H. (2012). Strepsicrates smithiana Walsingham (Lepidoptera, Tortricidae): first record from Chile and a newly documented host plant. Revista Brasileira de Entomologia. 56, 381-382",REF842
2022,"Sunitha, T. and Balagangatharan, P. (2022). Butterfly species diversity and abundance in Ramanathi Dam, Kadayam, Tenkasi Dist, Tamilnadu. Sciencia Acta Xaveriana - An International Science Journal. 13(1): 65-82",REF843
2016,"McAuslane, H. (2016). Oleander caterpillar, Syntomeida epilais Walker (Insecta: Lepidoptera: Arctiidae). U.S. Department of Agriculture. University of Florida. Florida, United States of America.",REF844
2010,"Dapporto, L. and Dennis, R. (2010). Skipper impoverishment on large West Mediterranean islands (Lepidoptera Hesperioidea): deterministic, historical and stochastic factors. Biodiversity and conservation. 19: 2637-2649",REF845
1988,"Rosenthal, S., Clement, S., Hostettler, N. and Mimmocchi, T. (1988). Biology of Tyta luctuosa [Lep.: Noctuidae] and its potential value as a biological control agent for the weed Convolvulus arvensis. Entomophaga. 33: 185-192",REF846
1996,"Rudd, N. and McEvoy, P. (1996). Local dispersal by the cinnabar moth Tyria jacobaeae. Ecological Applications. 6(1): 285-297",REF847
2016,"Erenler, H., Leonardi, R., Gillman, M., Maes, J. and Tellez, E. (2016). Butterfly Diversity at Lost Canyon Nature Reserve, Nicaragua, including a new country record. Revista Nicaraguense de Entomologia. 106",REF848
2023,"Wahlberg, E. (Ed.) (2023). The Nymphalidae Systematics Group - The butterflies. Available online at: Nymphalidae.com",REF849
2023,"Kovacs, Z. and Kovacs, S. (2023). An overview of the Romanian Meessiidae, Eriocottidae and Tineidae (Lepidoptera, Tineoidea) summarizing the current knowledge in an updated and annotated checklist. Entomologica romanica. 27: 1-34",REF850
2019,"Gaedike, R. (2019). Tineidae II: (Myrmecozelinae, Perissomasticinae, Tineinae, Hieroxestinae, Teichobiinae and Stathmopolitinae). Brill. Leiden, Netherlands.",REF851
1934,"Carter, W. (1934). Notes on two Pests of Pineapple not known in Hawaii. Proceedings of the Hawaiian Entomological Society. 8(3): 395-397",REF852
2021,"Ramzan, M., Naeem-Ullah, U., Sial, M., Iqbal, N. and Saeed, S. (2021). Distribution, biology and management strategies about a less studied insect pest (Trilocha varians) of Ficus: a review. Pakistan Journal of Agricultural Research. 34(3): 638-642",REF853
2022,"Beljaev, E., Vasilenko, S. and Dubatolov, V. (2022). Fauna of the geometrid moths (Lepidoptera, Geometridae) of the eastern Sikhote-Alin in the Botchinsky Reserve II. Subfamilies Larentiinae and Sterrhinae, and zoogeographical analysis. Amurian Zoological Journal. 14(4): 676-707",REF854
1998,"Kuhlmann, U., Carl, K. and Mills, N. (1998). Quantifying the impact of insect predators and parasitoids on populations of the apple ermine moth, Yponomeuta malinellus (Lepidoptera: Yponomeutidae), in Europe. Bulletin of entomological research. 88(2): 165-175",REF855
2011,"Kacar, G. and Ulusoy, M. (2011). Zelleria oleastrella (Milliere) (Lepidoptera: Yponomeutidae), a new record for the fauna of Turkey. Turkish Journal of Zoology. 35(6): 15",REF856
1909,"Howard, L. and Chittenden, F. (1909). The Leopard Moth:(Zeuzera Pyrina Fab.).  US Department of Agriculture Bureau of Entomology Circular. 109: July 6, 1909",REF857
2017,"Mengal, F., Khan, I., Rafi, M., Durrani, S., Qasim, M., Makai, G., ... and Jajja, N. (2017). Faunistics of Butterflies (Lepidoptera: Rephalocera) with some new records from Quetta, Bolochistan, Pakistan. University of Sindh Journal of Animal Sciences. 3(1): 26-35",REF858
2008,"Yago, M., Hirai, N., Kondo, M., Tanikawa, T., Ishii, M., Wang, M., ... and Ueshima, R. (2008). Molecular systematics and biogeography of the genus Zizina (Lepidoptera: Lycaenidae). Zootaxa. 1746(1): 15-38",REF859
2016,"Peterson, M. and Edwards, P. (2016). Beach moth (Anarta edwardsii) recovery strategy: chapter 2. in Recovery Plan for Edwards’ Beach Moth (Anarta edwardsii) in British Columbia. B.C. Ministry of Environment, Victoria, BC. 23 pp.",REF860
1984,"Weidemeyer, J. (1864). Catalogue of North American Butterflies. Proceedings of the Entomological Society. 2(1): 143-154",REF861
1980,"Puttler, B., Gordh, G. and Long, S. (1980). Bionomics of Euplectrus puttleri, new species, an introduced parasite of the velvetbean caterpillar, Anticarsia gemmatalis from South America. Annals of the Entomological Society of America. 73(1): 28-35",REF862
2024,University of Florida (2024). Featured Creatures - Anticarsia gemmatalis (Hubner) (Insecta: Lepidoptera: Noctuidae). Available at: https://entnemdept.ufl.edu/creatures/,REF863
1956,"Heinrich, C. (1956). Checklist of American Phycitinae. Bulletin of the United States National Museum. 207: 316–329",REF864
2024,"Austin, K. and Rubinoff, D. (2024). New records of introduced Lepidoptera in the Hawaiian Islands for the year 2023. British Museum Occasional Papers. 156: 111-121",REF865
2021,"Shaw, T., Paula-Moraes, S., Hahn, P. and Specht, A. (2021). Seasonal flight patterns of Chrysodeixis includens (Lepidoptera: Noctuidae) in the Florida panhandle and inventory of plusiine species cross-attracted to synthetic pheromone. Journal of Economic Entomology. 114(6): 2315-2325",REF866
1978,"Eichlin, T. and Cunningham, H. (1978). The Plusiinae (Lepidoptera: Noctuidae) of America north of Mexico, emphasizing genitalic and larval morphology (No. 1567). Department of Agriculture, Agricultural Research Service.",REF867
1991,"Dickel, T. (1991). New Records of Noctuid Moths from Florida. Tropical Lepidoptera. 2(1): 53-58",REF868
2024,University of Florida (2024). Featured Creatures - Caloptilia triadicae (Davis) (Insecta: Lepidoptera: Gracillariidae). Available at: https://entnemdept.ufl.edu/creatures/,REF869
2020,"Zhao, H., Xian, X., Zhao, Z., Zhang, G., Liu, W. and Wan, F. (2020). Climate Change Increases the Expansion Risk of Helicoverpa zea in China According to Potential Geographical Distribution Estimation. Insects. 13: 79",REF870
2017,"Ronkay, L., Ronkay, G., Gyulai, P. and Varga, Z. (2017). Xyleninae I. A Taxonomic Atlas of the Eurasian and North African Noctuoidea.",REF871
2024,"Holloway, J. (2024). Moths of Borneo 12. Family Notuidae, Trifine. Subfamilies: Noctuinae, Heliothinae, Hadeninae, Acronictinae, Amphipyrinae, Agaristinae. Southdene Sdn. Available at: https://www.mothsofborneo.com/part-12/index.htm",REF872
1956,"Namba, R. (1956). Cryptophlebia illepida (Butler)(Lepidoptera: Eucosmidae) and other insect pests of the macadamia nut in Hawaii. Proceedings of the Hawaiian Entomological Society. 16(2): 284-297",REF873
2006,"Matthews, D. and Duncan, M. (2006). Additional records of Cyclargus ammon (Lycaenidae: Lycaeninae) in the Florida Keys. Journal of the Lepidopterists Society. 60(2): 97-99.",REF874
2005,"Capinera, J. (2005). Melonworm, Diaphania hyalinata Linnaeus (Insecta: Lepidoptera: Pyralidae). EENY163. Florida Cooperation Extension Service, Institute of Food and Agricultural Sciences, University of Florida, Gainesville, Florida.",REF875
1991,"Mikkola, K., Lafontaine, D. and Kononenko, V. (1991). Zoogeography of the Holarctic species of the Noctuidae (Lepidoptera): impoftance of the Beringian refuge. Entomologica Fennica. 2(3): 157-173",REF876
1978,"Deloach, C. and Cordo, H.(1978). Life History and Ecology of the Moth Sameodes albiguttalis, a Candidate for Biological Control of Waterhyacinth. Environmental Entomology. 7(2): 309–321.",REF877
1978,"Scott, J. (1986). Distribution of Caribbean Butterflies. Papilio. 3: 1-26.",REF878
2010,"Solis, M., Scholtens, B., Adams, J. and Funk, D. (2010). First Report of Ecpyrrhorrhoe puralis (South)(Pyraloidea: Crambidae: Pyraustinae) in North America: A Naturalized Exotic Pyraustine from Asia Feeding on Paulownia Siebold & Zucc. The Journal of the Lepidopterists Society. 64(1): 33-35",REF879
2015,"Hayden, J. and Troubridge, J. (2015). Nacoleia charesalis (Walker) spreading in Florida. News of the Lepidopterists Society. 57(1): 8-10",REF880
2003,"Trematerra, P. and Jel, J. (2003). Aethes rubiginana (Walsingham, 1903) in Francia ed Epibactra sareptana (Herrich-Schaffer, 1861) in Italia (Lepidoptera Tortricidae ). Bollettino di Zoologia Agraria e di Bachicoltura. 35(2): 107-110",REF881
2019,"Gaedike, R. (2019) Tineidae II : Myrmecozelinae, Perissomasticinae, Tineinae, Hieroxestinae, Teichobiinae and Stathmopolitinae. Microlepidoptera of Europe. Vol. 9. Leiden : Brill",REF882
2011,"Streltzov A. (2011). Sciota marmorata – a new species of phycitid moths (Lepidoptera: Pyraloidea, Phycitidae) in the fauna of the Far East of Russia. Amurian zoological journal. 3(1): 52",REF883
2022,"Goater, B., Nuss, M. and Speidel, W. (2022). Pyraloidea I:(Acentropinae, Evergestinae, Heliothelinae, Schoenobiinae, Scopariinae) (Vol. 4). In: Nuss, M., Karsholt, O., Mutanen, M. (Eds.). Microlepidoptera of Europe. Brill. Leiden, Netherlands.",REF884
2022,"Fazekas I. (2022). A synopsis of the bionomics and geographical distribution of Phtheochroa species in Hungary (Lepidoptera: Tortricidae, Cochylini). Lepidopterologica Hungarica. 18(1): 23–43",REF885
2005,"Zhang, A. and Li, H. (2005). Catalogue of Eucosmini from China (Lepidoptera: Tortricidae) SHILAP Revista de Lepidopterologia. 33(131): 265-298",REF886
1956,"Morris, R. (1956). Note on Paranthrene tabaniformis Rott., a moth new to North America (lepidoptera: Aegeriidae). The Canadian Entomologist. 88(11): 652",REF887
2023,"Zheng, Y., Dong, Y. and Yang, Z. (2023). Antennal and proboscis sensilla characteristics of Paranthrene tabaniformis (Lepidoptera: Sesiidae). Microscopy Research and Technique. 86(4): 452-464",REF888
1971,"Clarke, J, (1971). The Lepidoptera of Rapa Island. Smithsonian Contributions to Zoology. 56: 1-282",REF889
2019,"Matthews, D., Miller, J., Simon, M. and Goss, G. (2019). Additions to the plume moth fauna of The Bahamas (Lepidoptera: Pterophoridae) with description of four new species. Insecta Mundi. 0708: 1-35",REF890
2012,"Li, H. and Sattler, K. (2012). A taxonomic revision of the genus Mesophleps Hubner, 1825 (Lepidoptera: Gelechiidae). Zootaxa. 3373: 1-82.",REF891
2012,"Farahani, S., Talebi, A. and Fathipour, Y. (2012). Life table of Spodoptera exigua (Lepidoptera: Noctuidae) on five soybean cultivars. Psyche: A Journal of Entomology. 2012(1): 513824.",REF892
2003,"Gielis, C. (2003). Review of the Pterophoridae (Lepidoptera) from the Philippines. Zoologische Mededelingen. 77: 409-424",REF893
2024,"Mahi, T., Harizia, A., Canelo, T., Benguerai, A. and Bonal, R. (2024). Tracing the origin of the alien pest Cydia pomonella in Algeria through a worldwide comparison of the species’ DNA barcodes. Agricultural and Forest Entomology. 1-11",REF894
2018,"Toth, V. and Lakatos, F. (2018). Phylogeographic pattern of the plane leaf miner, Phyllonorycter platani (STAUDINGER, 1870)(Lepidoptera: Gracillariidae) in Europe. BMC Evolutionary Biology. 18: 1-12",REF895
1982,"Hardy, R. (1982). The biology and behaviour of currant borer moth, Synanthedon tipuliformis (Clerck)(Lepidoptera: Aegeriidae) in Tasmania. Australian Journal of Entomology. 21(2): 103-109",REF896
1900,"Pagenstecher, A. (1900). Die Lepidopterenfauna des Bismarckarchipels. Mit Berucksichtigung der thiergeographischen und biologischen Verhaltnisse systematisch dargestellt.  Zoologica. 12(29)",REF897
2007,"Arakelian, G. (2007). Bougainvillea Looper (Disclisioprocta stellata). Los Angeles County Department of Agricultural Commissioner/Weights and Measures. 1-2",REF898
2013,"Davis, D. and Mendel, H. (2013). The genus Erechthias Meyrick of Ascension Island, including discovery of a new brachypterous species (Lepidoptera, Tineidae). ZooKeys 341: 1–20",REF899
2024,"Pittaway, A. and Kitching, I. (2024). Sphingidae of the Eastern Palaearctic (including Siberia, the Russian Far East, Mongolia, China, Taiwan, the Korean Peninsula and Japan). Available at: https://tpittaway.tripod.com/china/china.htm",REF900
1938,"Pepper, J. (1938). The effect of certain climatic factors on the distribution of the beet webworm (Loxostege sticticalis L.) in North America. Ecology. 19(4): 565-571",REF901
1985,"Holloway, J. (1985). Moths of Borneo 14. Family Noctuidae. Subfamily: Euteliinae, Stictopterinae, Plusinae, Pantheinae. Malayan Nature Journal. Available at: https://www.mothsofborneo.com/part-14/index.htm",REF902
2008,"Solis, M. (2008). New sightings of Glyphodes onychinalis (Guenee)(Pyraloidea: Crambidae: Spilomelinae), a recent arrival to the United States with a description of the larva reared on oleander (Nerium sp.) in California. News of the Lepidopterists Society. 50(3/4): 79-80",REF903
1975,"Sinclair, E. (1975). A life system study of Cryptophlebia ombrodelta (Lower)(Lepidoptera: Tortricidae) in southeast Queensland. Doctoral Dissertation, University of Queensland",REF904
2001,"Vargas, H., Vargas, H., Bobadilla, D. and Parra, L. (2001). Notas sobre la polilla de la flor del olivo Cyclophora nanaria Walker (Lepidoptera: Geometridae",REF905
2014,"Prestes, A. (2014). A New Exotic Noctuid for the Hawaiian Archipelago: Feltia subterranea (Fabricius) (Lepidoptera: Noctuidae: Noctuinae). The Journal of the Lepidopterists Society. 68(3): 220-221",REF906
1991,"Argaman, Q. and Wysoki, M. (1991). The flower-eating Gymnoscelis (Lep. Geometridae) in Israel. Tropical Pest Management. 37(2): 185",REF907
1987,"Holloway, J. (1987). Moths of Borneo 3. Superfamily Bombycoidea: Families Lasiocampidae, Eupterotidae, Bombycidae, Brahmaeidae, Saturnidae, Sphingidae. Southene Sdn Bhd.",REF908
1966,"Daviault, L. and Ducharme, R. (1966). Life history and habits of the green spruce leaf miner, Epinotia nanana (Treitschke)(Lepidoptera: Tortricidae). The Canadian Entomologist. 98(7): 693-699",REF909
2018,"Griffith, T. and Gillett-Kaufman, J. (2018). Fiery Skipper Hylephila phyleus (Drury)(Insecta: Lepidoptera: Hesperiidae): EENY-697/IN1194, 12/2017. EDIS, 2018(1):1-4",REF910
2011,"Haines, W., Starr, F., Starr, K. and King, W. (2011). A New Record of the Fruit Piercing Moth Oraesia excavata (Butler)(Erebidae: Calpinae: Calpini) for Hawaii and the United States. The Journal of the Lepidopterists Society. 65(1): 53-57",REF911
2014,"Agunbiade, T., Coates, B., Datinon, B., Djouaka, R., Sun, W., Tamo, M. and Pittendrigh, B. (2014). Genetic differentiation among Maruca vitrata F.(Lepidoptera: Crambidae) populations on cultivated cowpea and wild host plants: implications for insect resistance management and biological control strategies. PLoS One. 9(3): e92072",REF912
1987,"Yoshimatsu, S. (1987). Taxonomic study on Leucania striata Leech and its close relatives, with a description of a new species (Lepidoptera, Noctuidae). Lepidoptera Science. 38(2): 57-67",REF913
1965,"Arthur, M. (1965). Ecological studies on Polydesma umbricola Boisd. in Hawaii (Lepidoptera: Noctuidae). University of Hawaii (Doctoral dissertation [Honolulu])",REF914
2014,"Watabiki, D. and Yoshimatsu, S. (2014). Taxonomic study of Targalla delatrix (Guenee) and its close relatives from East and Southeast Asia with description of a new species (Lepidoptera: Euteliidae). Lepidoptera Science, 65(4): 158-178",REF915
2019,"Tsvetanov, T. and Zlatkov, B. (2019). Scythris sinensis (Felder & Rogenhofer, 1875), a new species for Bulgaria and the Balkan Peninsula (Insecta: Lepidoptera: Scythrididae). ZooNotes. 146: 1-2",REF916
2022,"Kambor, J. (2022). Apple moth-an occasional pest of Swiss apple orchards. Vignes et Vergers. 54(5): 12-13",REF917
1988,"Contant, H. (1988). Modification of microclimate by the blueberry leaf-tier, Cheimophila salicella (Hbn.)(Lepidoptera: Oecophoridae) [PhD Dissertation, University of British Columbia]",REF918
1991,"Park, K. (1991). Gelechiidae (Lepidoptera) from North Korea with description of two new species. Annales historico-naturales Musei Natinonalis Hungarici. 83: 117-123",REF919
1986,"Solis, M. (1986). A new species of Epidromia (Noctuidae) from Florida. Journal of the Lepidopterists Society. 40(1): 8-19.",REF920
1992,"Heppner, J. (1992). Biology and immature stages of the bromeliad pod borer, Epimorius testaceellus, in Florida (Lepidoptera: Pyralidae: Galleriinae). Tropical Lepidoptera Research: 57-62",REF921
2023,"Holland, P. (2023). The genome sequence of the Sulphur Tubic, Esperia sulphurella (Fabricius, 1775). Wellcome Open Research. 8: 156",REF922
2018,"Vidal E., (2018). Lepidopteros de O Courel (Lugo, Galicia, España, N. O. Peninsula Iberica) XV: Ethmiinae. (Insecta: Lepidoptera, Depressariidae). Arquivos Entomoloxicos. 19: 3-10",REF923
1966,"Todd, E. (1966). Notes and descriptions of some neotropical agaristine moths (Lepidoptera: Noctuidae). Proceedings of the United States National Museum. 120(3560): 1-15",REF924
2010,"Muller, G., Kravchenko, V., Revay, E., Speidel, W., Mooder, J., Beredin, S. and Witt, T. (2010). The Nolidae of Jordan: Distribution, Phenology and Ecology. Entomofauna., 31(8): 69-84",REF925
2010,"Landolt, P., Worth, R. and Zack, R. (2010). First report of Hecatera dysodea (Denis and Schiffermuller)(Noctuidae) in the Pacific Northwest of the United States. The Journal of the Lepidopterists Society. 64(4): 192-196",REF926
1992,"Mather, B. (1992) Hileithia decostalis (Crambidae: Pyraustinae), new to the United States. Journal of the Lepidopterists Society 46(2): 159-160",REF927
2019,"Hinojosa, J., Koubinova, D., Szenteczki, M., Pitteloud, C., Dinca, V., Alvarez, N. and Vila, R. (2019). A mirage of cryptic species: genomics uncover striking mitonuclear discordance in the butterfly Thymelicus sylvestris. Molecular ecology. 28(17): 3857-3868",REF928
1992,"Adams, J. (1992). A new lichen moth record for the United States: Lycomorphodes sordida (Arctiidae: Lithosiinae) from south Texas. Journal of the Lepidopterists Society. 46(2): 160-161",REF929
1985,"Neunzig, H. (1985). Notes on the larva and biology of Moodna bisinuella Hampson(Pyralidae: Phycitinae). Journal of the Lepidopterists Society. 39(1): 9-12",REF930
2018,"Roble, S. (2018). First Virginia Records of Four Exotic Noctuoid Moths, with Additional Records for Two Other Introduced Species (Lepidoptera). Banisteria. 51: 42-51",REF931
1975,"Davis, D. (1975). A Review of Ochsenheimeriidae and the Introduction of the Cereal Stem Moth, Ochsenheimeria vacculella into the United States (Lepidoptera: Tineodea). Smithsonian Contributions to Zooology. 192: 1-20",REF932
2017,"Lee, S., Watkinson, I., and Vargo, J. (2017). Ornativalva erubescens (Walsingham) (Lepidoptera: Gelechiidae) Introduced in North America. The Journal of the Lepidopterists Society. 71(3): 141-145",REF933
1990,"Habeck, D. and Bennett, F. (1990). Cactoblastis cactorum Berg (Lepidoptera: Pyralidae), a phycitine new to Florida. Entomology Circular. 333",REF934
2012,"Hayden, J. and Buss, L. (2012). Olive shootworm (Palpita persimilis) in Florida. Florida Department of Agriculture and Consumer Services - Division of Plant Industry - Entomology Circular. 426",REF935
2016,"Scalercio, S. (2016). Interessanti novita faunistiche sui Pyraloidea dell Italia meridionale, con particolare riferimento agli ambienti forestali (Lepidoptera: Pyralidae, Crambidae). SHILAP Revista de Lepidopterologia. 44(175): 433-442",REF936
2017,"Hayden, J. (2017). A Shoemaker Butterfly Prepona laertes (Lepidoptera: Nymphalidae):Department of Entomology and Nematology, UF/IFAS - EDIS: EENY684",REF937
2009,"Adamski, D., Hevel, G. and Pultyniewicz, A. (2009). Redescription and immature stages of Promalactis suzukiella (Matsumura)(Gelechioidea: Oecophoridae), a new introduction into the United States. Proceedings of the Entomological Society of Washington. 111(1): 204-214",REF938
2005,"Becker, V. and Miller, S. (2005). Moths: Lepidoptera. In: Lazell, J. (2005). Island: Fact and theory in nature (pp: 303-309). University of California Press.",REF939
2016,"Osada, Y., Sakai, M. and Hirowatari, T. (2016). A review of the Japanese species of the genus Scardia Treitschke (Lepidoptera, Tineidae), with description of a new species. Zootaxa. 4079(3): 363-371",REF940
2011,"Martin-Garcia, J., Jactel, H. and Diez, J. (2011). Patterns and monitoring of Sesia apiformis infestations in poplar plantations at different spatial scales. Journal of Applied Entomology. 135(5): 382-392",REF941
2011,"Byun, B. (2011). A review of the genus Spilonota Stephens (Lepidoptera: Tortricidae) in North Korea. Entomological Research. 41(6): 242-246",REF942
1917,"Hampson, G. (1917). A classification of the Pyralidae, subfamily Gallerianae. Novitates Zoologicae. 24(1): 17-58",REF943
2005,"Hundsdoerfer, A., Kitching, I. and Wink, M. (2005). A molecular phylogeny of the hawkmoth genus Hyles (Lepidoptera: Sphingidae, Macroglossinae). Molecular Phylogenetics and Evolution. 35(2): 442-458",REF944
1989,"Hodges, R. (1969). Nearctic Walshiidae: notes and new taxa (Lepidoptera: Gelechioidea). Smithsonian Contributions To Zoology. 18: 1-30",REF945
1964,"Frick, K. (1964). Leucoptera spartifoliella, an introduced enemy of Scotch broom in the western United States. Journal of Economic Entomology. 57(4): 589-591",REF946
2007,"White, W., Reagan, T., Carlton, C., Akbar, W. and Beuzelin, J. (2007). Elachista saccharella (Lepidoptera: Elachistidae), a leafminer infesting sugarcane in Louisiana. Florida Entomologist. 90(4): 792-794",REF947
2013,"Adams, J., Zandt, P. and Neal, T. (2013). Dinumma deponens, Walker 1858 (Erebidae) is here to stay. News of the Lepidopterists Society. 55(4): 176-177",REF948
2013,"McAuslane, H. (1997). Featured Creatures - Empyreuma pugione (Linnaeus) (Insecta: Lepidoptera: Erebidae: Arctiinae). Available at: https://entnemdept.ufl.edu/creatures/orn/spotted_oleander_caterpillar.htm",REF949
2013,"Moreno, A. (1997). Nola cucullatella (Linnaeus, 1758) un Complejo de Especies (Lepidoptera: Nolidae). Sesion Homenaje al Profesor Garcia de Viedma. Escuela Tecnica Superior de Ingenieros de Montes. 86-105",REF950
2024,"Broad, G., Natural History Museum Genome Acquisition Lab, Darwin Tree of Life Barcoding collective. (2024). The genome sequence of the Marbled Minor moth, Oligia strigilis (Linnaeus, 1758). Wellcome Open Research. 9: 282",REF951
2022,Grain Research and Development Corporation (2022). Weed Web Moth Fact Sheet. Available at: https://grdc.com.au/resources-and-publications/all-publications/factsheets/2022/weed-web-moth-fact-sheet,REF952
2006,"Roque-Albelo, L. (2006). Diversity and ecology of the Lepidoptera in the Galapagos Islands, Ecuador. [PhD Thesis, Cardiff University]",REF953
1980,"Van den Berg, M. (1980). Natural enemies of Acacia cyclops A. Cunn ex G. Don and Acacia saligna (Labill.) Wendl. in Western Australia. I. Lepidoptera. Phytophylactica, 12(3), 165-167",REF954
2016,"Gaedike, R. (2016). New and poorly known Acrolepiinae from the Palaearctic, Afrotropical, Neotropical and Oriental regions (Lepidoptera: Glyphipterigidae). Contributions to Entomology, 66(2), 257-264",REF955
1972,"Barrow, R. (1972). The bionomics of Ancyclostomia stercorea (zeller): a pod-borer on pigeon pea in Trinidad. [PhD Thesis, McGill University, Quebec]",REF956
1956,"Bradley, J. (1956). Records and descriptions of microlepidoptera from Lord Howe Island and Norfolk Island collected by the British Museum (Natural History) Rennell Island Expedition, 1953. Bulletin of the British Museum (Natural History) - Entomology Series. 4(4): 143-164",REF957
2024,"Sarazu-Pillado, R., Gonzalez-Hernandez, H., Lomeli-Flores, J., Valdez-Carrasco, J., Cortez-Mondaca, E. and Guzman-Franco, A. (2024). Parasitoid wasps associated with Antigastra catalaunalis (Lepidoptera, Crambidae) in Northern Sinaloa, Mexico. Journal of Hymenoptera Research. 97: 741-754",REF958
2022,"Boyes, D. (2022). The genome sequence of the lesser treble-bar moth, Aplocera efformata (Guene´e, 1857). Wellcome Open Research. 7: 303.",REF959
1990,"Leps, J. and Spitzer, K. (1990). Ecological determinants of butterfly communities (Lepidoptera, Papilionoidea) in the Tam Dao mountains, Vietnam. Acta Entomologica Bohemoslovaca, 87(3): 182-194",REF960
2011,"Gordon, A. (2011). Biological control endeavours against Australian myrtle, Leptospermum laevigatum (Gaertn.) F. Muell.(Myrtaceae), in South Africa. African Entomology, 19(1): 349-355",REF961
1964,"Diakonoff, A. (1964). Further records and descriptions of the species of Bactra Stephens (Lepidoptera, Tortricidae). Zoölogische Verhandelingen, 70(1): 1-81",REF962
1997,"Ferguson, D. (1997). Review of the New World Bagisarinae with description of two new species from the Southern United States (Noctuidae). Journal of the Lepidopterists Society, 51: 344-357",REF963
1887,"Meyrick, E. (1887). On Pyralidina from Australia and the South Pacific. The Transactions of the Entomological Society of London for the Year of 1887: 185-268",REF964
1987,"Diatloff, G. (1987). Host Specificity and Biology of Buccalatrix ivella Busck, a Potential Biological Control Agent for Baccharis halimifolia L. in Australia. Journal of the Lepidopterists Society, 41(1): 23-28",REF965
1982,"Young, A. (1982). Notes on the interaction of the skipper butterfly Calpodes ethlius (Lepidoptera: Hesperiidae) with its larval host plant Canna edulis (Cannaceae) in Mazatlan, State of Sinaloa, Mexico. Journal of the New York Entomological Society, 90(2): 99-114",REF966
1982,"De-Gregorio, J. (1982). Las Platyperigea Smith, 1894 (insectivora. Lepidoptera) de Cataluña y Baleares. Bolletin de la Societat dHistoria Natural de les Balears, 26: 151-156",REF967
2011,"Ishizuka, K., Shinkawa, T., Endo, H. and Nonaka, M. (2011). Molecular phylogeny of Japanese Catocala moths based on nucleotide sequences of the mitochondrial ND5 gene. Zoological science, 28(12): 910-915",REF968
1995,"Sagliocco, J. and Coupland, J. (1995). Biology and host specificity of Chamaesphecia mysiniformis (Lepidoptera: Sesiidae), a potential biological control agent of Marrubium vulgare (Lamiaceae) in Australia. Biocontrol Science and Technology, 5(4): 509-516",REF969
2003,"Burton, J. (2003). The apparent influence of climatic change on recent changes of range by European insects (Lepidoptera, Orthoptera). Proceedings of the 13th International colloquium European Invertebrate Survey, Leiden, September 2001: pp. 13-21",REF970
2006,"ten Holt, H. and Kuchlein, J. (2006). Additional data on the distribution and early stages of Chrysoesthia verrucosa (Lepidoptera: Gelechiidae).Phegea, 34(1): 13-16",REF971
2013,"Fric, Z. and Hula, V. (2013).  Zizula hylax (Fabricius, 1775) new butterfly species for Socotra (Lepidoptera: Lycaenidae). SHILAP Revista de Lepidopterologia. 41(164): 571-575",REF972
2002,"Gershenson, Z, Pavlícek, T., Chikatunov, V. and Nevo, E. (2002). New records of Yponomeutoid moths (Lepidoptera, Yponomeutidae, Plutellidae) from Israel. Vestnik zoologii, 36(5): 77—80",REF973
1999,"Heppner, J. and Frank, J. (1999). Bromeliad Pod Borer, Epimorius testaceellus Ragonot (Insecta: Lepidoptera: Pyralidae). EENY-040/IN167, 5/1999. EDIS, 1999.",REF974
2000,"Menendez, R. and Thomas, C. (2000). Metapopulation structure depends on spatial scale in the host-specific moth Wheeleria spilodactylus (Lepidoptera: Pterophoridae). Journal of Animal Ecology, 69(6): 935-951",REF975
1999,"Parsons, M. and Clancy, S. (1999). Vitula biviella (Zeller)(Lepidoptera: Pyralidae), a newly recognised British species. Entomologists Gazette 50(2): 77-82",REF976
1978,"Bashford, R. (1978). The biology of the Tree Lucerne MothUresiphita ornithopteralis(Guenee)(Lepidoptera: Pyralidae) in southern Tasmania. The Australian Entomologist, 5(4): 71-76",REF977
2006,"Huang, H. and Chen, Z. (2006) A new species of Tongeia Tutt, [1908] from Northeast Yunnan, China. Atalanta, 37(1) : 184-190",REF978
2019,"Liu, X., Wang, D., Yang, Z., Zhou, H., Zhao, Q. and Fan, T. (2019). Bright silver brilliancy from irregular microstructures in butterfly Curetis acuta moore. Advanced Optical Materials, 7(18): 1900687",REF979
2024,"Broad, G. (2024). The genome sequence of Langmaid’s Yellow Underwing moth, Noctua janthina (Denis & Schiffermüller) 1775. Wellcome Open Research, 9: 592",REF980
1968,"Strumpel, H. (1968). Tinea columbariella Wck. als Schädling an importierten Entenfedern. Anzeiger für Schadlingskunde, 41: 84-88",REF981
2019,"Hayden, J. (2019). Syngamia florella (Stoll), the orange-spotted flower moth (Lepidoptera: Crambidae: Spilomelinae). FDACS-P-02105, 440",REF982
2023,"Becker, V. (2023). The identity of Syllepte incomptalis Hübner (Lepidoptera: Crambidae: Spilomelinae) with synonymies, new combinations and new species. Revista Brasileira de Entomologia, 67: e20220093",REF983
1901,"Hampson, G. (1901). Lepidoptera - Phalaenae of the Bahamas. Annals of Natural History 7: 246-261",REF984
2005,"Wakamura, S., Arakaki, N. and Kinjo, K. (2005). Sex pheromone components of an olethreutid moth, Strepsicrates semicanella (Walker)(Lepidoptera: Tortricidae), a pest of guava and eucalyptus in Okinawa. Applied entomology and zoology, 40(4): 637-642",REF985
2000,"Mauchline, N. (2000). Important biological and ecological aspects of Strepsicrates macropetana Meyrick (Lepidoptera: Tortricidae): a thesis presented in partial fulfilment of the requirements for the degree of Master of Science in Plant Protection at Massey University [MsC Thesis, Massey University]",REF986
1988,"Dugdale, J. (1988). Lepidoptera - annotated catalogue, and keys to family-group taxa. in Fauna of New Zealand vol. 14, Science Information Publishing Centre, DSIR. 264pp",REF987
2010,"Alipanah, H. and Gielis, C. (2010). Notes on the tribes Platyptiliini and Exelastini from Iran (Lepidoptera: Pterophoridae). SHILAP Revista de Lepidopterologia, 38(149):57-63",REF988
1999,"Withers, T. and Kay, M. (1999). Establishment of forestry and tree pests in New Zealand. In Proceedings of the New Zealand Plant Protection Conference, 52: 278-278",REF989
2018,"Park, K., Cho, S., Na, S., Shin, Y. and Kim, S. (2018). Genus Stathmopoda Herrich-Shaffer (Lepidoptera, Stathmopodidae) from the Korean Peninsula with two new species. Journal of Asia-Pacific Biodiversity, 11(2): 259-266",REF990
1975,"Brown, E. and Dewhurst, C. (1975). The genus Spodoptera (Lepidoptera, Noctuidae) in Africa and the near east. Bulletin of entomological research, 65(2): 221-262",REF991
2017,"Ribeiro, L., Correa, C. and Castilhos, R. (2017). First record of Sphacelodes vulneraria (Lepidoptera: Geometridae) damaging Hovenia dulcis in Brazil. Pesquisa Florestal Brasileira, 37(91): 409-411",REF992
2005,"Sihvonen, P. (2005). Check-list of Chinese Scopula Schrank species and an analysis of species diversity (Lepidoptera: Geometridae: Sterrhinae). Journal of Asia-Pacific Entomology, 8(1): 29-36",REF993
2019,"Emmerson, A. and Hoare, R. (2019). Lepidoptera from Redvale, Albany, north of Auckland, New Zealand, 2004-2016: an annotated list. The Weta, 53: 43-70",REF994
1976,"Knopf, K. and Habeck, D. (1976). Life history and biology of Samea multiplicalis. Environmental Entomology, 5(3): 539-542",REF995
2017,"Hoare, R. (2017). Noctuinae (Insecta: Lepidoptera: Noctuidae) part 1: Austramathes, Cosmodes, Proteuxoa, Physetica. Lincoln, N.Z. : Landcare Research",REF996
2014,"Kumar, V., Reddy, P., Anal, A. and Nath, V. (2014). Outbreak of the looper, Perixera illepidaria (Lepidoptera: Geometridae) on litchi, Litchi chinensis (Sapindales: Sapindaceae)-a new pest record from India. Florida Entomologist, 97(1): 22-29",REF997
2013,"Hayden, J., Lee, S., Passoa,S., Young, J., Landry, J., Nazari, V., ... and Ahlmark, K. (2013). Digital Identification of Microlepidoptera on Solanaceae. USDA-APHIS-PPQ Identification Technology Program (ITP). Fort Collins, CO. Available at: https://idtools.org/microlep_solan/ ",REF998
2020,"Li, X., Wang, Y., Rong, W., Liu, X. and Li, R. (2020). A new record of complete mitochondrial genome of Parantica aglea (Lepidoptera: Danainae) and its phylogeny. Mitochondrial DNA Part B, 5(2): 1257-1258",REF999
2023,"Gao, L., Yan, R., He, W. and Wu, K. (2023). Use of food attractant to monitor and forecast population dynamics of Cnaphalocrocis medinalis (Lepidoptera: Pyralidae), a long-distance migratory pest. Agronomy, 13(8): 2141",REF1000
2023,"Kamtchou, Y., Haman, A., Kentsop Tsafong, R., Mbianda, A., Simo, H. and Tindo, M. (2023). Overall dominance of Spodoptera frugiperda Smith (Lepidoptera: Noctuidae) within the lepidopteran pests community infesting maize fields in the Littoral Region of Cameroon. International Journal of Tropical Insect Science, 43(1): 163-172",REF1001
2003,"Mckenna, D. and Berenbaum, M. (2003). A field investication of depressaria (elachistidae) iiost piants and ecolocy in the western united states. Journal of the Lepidopterists Society, 57(1): 36-42",REF1002
2015,"Anderson, S., Bellis, G., Thistleton, B., Tran-Nguyen, L., Edwards, T., Hobern, D., ... and Walker, J. (2015). New distribution records of the Star Fruit Flower Moth (Diacrotricha fasciola)(Lepidoptera: Pterophoridae) in Australia and Timor-Leste. Northern Territory Naturalist, 26: 76-84",REF1003
1994,"Becker, V. (1994). A new Ectaga Walsingham (Lepidoptera, Oecophoridae) from southern South America. Revista Brasileira de Zoologia, 11: 391-394",REF1004
2011,"Hoare, R. (2011). Lepidoptera of gumland heaths — a threatened and rare ecosystem of northern New Zealand, New Zealand Entomologist, 34(1): 67-76",REF1005
2008,"Razowski, J. and Brown, J. (2008). New species, new combinations, and new synonymies in Neotropical Episimus WALSINGHAM, 1892 (Lepidoptera: Tortricidae: Olethreutinae). Acta Zoologica Cracoviensia-Series B: Invertebrata, 51(1): 83-144",REF1006
2020,"Lee, D., Lee, B., Shin, Y., Lee, T., Cha, Y. and Bae, Y. (2020). A review of the genus Erechthias Meyrick (Lepidoptera, Tineidae), with two newly recorded species from Korea. Journal of Asia-Pacific Biodiversity, 13(4): 625-630",REF1007
2005,"Capinera, J. (2005). Melonworm, Diaphania hyalinata Linnaeus (Insecta: Lepidoptera: Pyralidae). Florida Cooperation Extension Service, Institute of Food and Agricultural Sciences, University of Florida, Gainesville, Florida: EENY163",REF1008
1997,"Holloway, J. (1997). The Moths of Borneo, Part 10 Geometridae, Subfamilies: Sterrhinae and Larentiinae. Southdene Sdn Bhd. Available online at: https://www.mothsofborneo.com/part-10/index.htm",REF1009
2013,"Hao, J., Sun, M., Shi, Q., Sun, X., Shao, L. and Yang, Q. (2013). Complete mitogenomes of Euploea mulciber (Nymphalidae: Danainae) and Libythea celtis (Nymphalidae: Libytheinae) and their phylogenetic implications. International Scholarly Research Notices, 2013(1): 491636",REF1010
2024,"Joshi, R., Singh, N., Ahmad, J. and Farooqui, S. A. (2024). A Catalogue of Indian Euteliidae (Lepidoptera, Noctuoidea). Zootaxa, 5448(2): 151-182",REF1011
2020,"Santander, F., Ilabaca-Soto, D. and Aracena, I. (2020). Primer registro de Helicoperva titicacae (Hardwick)(Lepidoptera: Noctuidae) en Chile. Revista chilena de entomologia, 46(1): 121-124",REF1012
2006,"Yeates, G. and Williams, P. (2006). Export of plant and animal species from an insular biota. In Biological Invasions in New Zealand (pp. 85-100). Berlin, Heidelberg: Springer Berlin Heidelberg",REF1013
2009,"Daniels, J. (2009). Ceraunus Blue Butterfly, Hemiargus ceraunus (Fabricius)(Insecta: Lepidoptera: Lycaenidae): EENY 425/IN802, 2/2009. EDIS, 2009(2)",REF1014
1997,"Roque Albelo, L., Bedon, V. and Lamas, G. (1997). Hemiargus ramon (Dognin, 1887) (Lycaenidae: Polyommatinae) A new resident butterfly of the Galápagos Islands. Noticias de Galapagos, 58: 29",REF1015
2016,"Vargas, H. (2016). Primer registro de Homoeographa lanceolella Ragonot (Lepidoptera: Pyralidae: Phycitinae) en Chile. Gayana (Concepción), 80(2): 201-203",REF1016
1991,"Gielis, C. (1991). Review of the Pterophoridae (Lepidoptera) from Argentina and Chile. Zoologische Mededelingen. 269: 4-164",REF1017
2019,"Gonzalez-Hernandez, A., Lopez-Martinez, V., Solis, M., Guillen-Sanchez, D. and Burgos-Solorio, A. (2019). First report of range expansion of the cactus webworm, Loxomorpha flavidissimalis (Grote)(Pyraloidea: Crambidae), to central Mexico and central Texas, USA. Florida Entomologist, 102(3): 638-641",REF1018
2003,"Holloway, J. and Miller, S. (2003). The composition, generic placement and host-plant relationships of the joviana-group in the Parallelia generic complex (Lepidoptera: Noctuidae, Catocalinae). Invertebrate Systematics, 17(1): 111-128",REF1019
2019,"Hoare, R., Patrick, B. and Buckley, T. (2019). A new leaf-mining moth from New Zealand, Sabulopteryxbotanica sp. nov.(Lepidoptera, Gracillariidae, Gracillariinae), feeding on the rare endemic shrub Teucriumparvifolium (Lamiaceae), with a revised checklist of New Zealand Gracillariidae. ZooKeys, 865: 39",REF1020
2009,"Simonsen, T., Dombroskie, J. and Pohl, G. (2009). Melitara Walker (Pyralidae) in western Canada: The documentation of M. subumbrella (Dyar) in the Prairie Provinces demonstrates the value of regional collections and species lists. Journal of the Lepidopteris Society, 63: 31-36",REF1021
1991,"Whittle, C., Bellas, T. and Bishop, A. (1991). Sex pheromone of lucerne leafroller, Merophyas divulsana (Walker)(Lepidoptera: Tortricidae): evidence for two distinct populations. Journal of chemical ecology, 17: 1883-1895",REF1022
2024,"Sterling, M., Barclay, M. and Lees, D. (2024). The genome sequence of the Golden-brown Fern moth, Musotima nitidalis (Walker,[1866]). Wellcome Open Research, 9: 132",REF1023
2005,"De Prins, W. (2005). Oegoconia caradjai, a new species for the Belgian fauna (Lepidoptera: Autostichidae). Phegea, 33: 12",REF1024
2001,"Mariau, D. (2001). The fauna of oil palm and coconut: insect and mites pests and their natural enemies. Editions Quae.",REF1025
2008,"Hao, S. (2008). New Recorded Species of Pterophoridae from China (Lepidoptera: Pterophoridae). Sichuan Journal of Zoology, 27(5): 815-817",REF1026
2011,"Tennent, J. (2011). Pontia daplidice. The IUCN Red List of Threatened Species 2011: e.T160251A5358607",REF1027
2007,"Khramov, P. (Ed.) (2007). Insecta.pro: international entomological community. Available online at: https://insecta.pro",REF1028
2017,"Maharramova, S. and Ayberk, H. (2017). New records of leafrollers reared in Azerbaijan (Lepidoptera: Tortricidae). Linz Biol Beitr. 49(1): 677-686",REF1029
2021,"Goglia, L. (2021). Faunistic Notes on Lepidoptera Tortricidae from Calabria (South Italy) - Contribution to the knowledge of the Lepidoptera Tortricidae fauna of Mediterranean ecosystems. [PhD Thesis, Universita degli Studi della Tuscia and Universita degli Studi del Molise]",REF1030
2023,"Tabell, J., Kullberg, J., Mutanen, M., Tokar, Z. and Sihvonen, P. (2023). New and little known Coleophora Hubner, 1822 species from Morocco. Part I.(Lepidoptera, Coleophoridae). Zootaxa 5374 (2): 151–195",REF1031
2021,"Coetzer, A. and Westrip, J. (2021). Hypolimnas misippus. The IUCN Red List of Threatened Species 2021: e.T62148588A161331411",REF1032
2017,"Da Silva, R., Kumar, L., Shabani, F., Da Silva, E., da Silva Galdino, T. and Picanço, M. (2017). Spatio-temporal dynamic climate model for Neoleucinodes elegantalis using CLIMEX. International Journal of Biometeorology, 61: 785-795",REF1033
2008,"Hoddle, M. and Hoddle, C. (2008). Bioecology of Stenoma catenifer (Lepidoptera: Elachistidae) and associated larval parasitoids reared from Hass avocados in Guatemala. Journal of Economic Entomology, 101(3): 692-698",REF1034
2015,"Holtz, A., Rondelli, V., Celestino, F., Bestete, L. and Carvalho, J. (Eds.) (2015). Pragas das brassicas. Instituto Federal de Ensino, Ciência e Tecnologia do Espirito Santo (IFES).",REF1035
1995,"Munroe, E. (1995). Usingeriessa onyxalis (Dyar) (Lepidoptera: Crambidae: Nymphulinae), a Moth With Presumably Aquatic Larvae, Newly Recorded From Hawaii, With a Synopsis of Hawaiian Nymphulinae. Bishop Museum Occasional Papers. 42: 39–42",REF1036
1914,"Dyar, H. (1914). Description of new species of lepidoptera from Mexico. Proceedings of th United States National Museum. 47: 365-409",REF1037
1983,"Passoa, S. (1983). A new clear wing moth (Sesiidae) from Central America: a stem borer in Mimosa pigra. The Journal of the Lepidopterists Society. 37: 193-206",REF1038
2017,"EPPO (2017). Mini data sheet on Platynota stultana. EPPO RS 1998/180, 2017/149",REF1039
2011,"Muller, C. and Tennent, W. (2011). Euploea core. The IUCN Red List of Threatened Species 2011: e.T160339A5362889",REF1040
2015,"Ong, S. and Farid, A. (2015) Defoliators Of Sesenduii Endospermum Diadenum. FRIM Technical Information. 75: 1-3",REF1041
1973,"Popescu-Gorj A. and Constantinescu A. (1973). New African species of Euclasta (Lepidoptera, Pyraustinae). Revue roumaine de Biologie - Serie de Zoologie. 18(6): 393–402",REF1042
2012,"Lok, A., Ang, W., Tan, H., Corlett, T. and Tan, P. (Eds.) (2012). The Native Fauna of the Native Garden at Hortpark: Birds, Fishes, Amphibians, Reptiles, Butterflies, Moths, Damselflies and Dragonflies. Raffles Museum of Biodiversity Research, National University of Singapore and Centre for Urban Greenery and Ecology, National Parks Board. Singapore.",REF1043
2002,"Lim, G. (2002). Observations of Prasinoxena monospila and Doloessa viridis (Lepidoptera: Pyralidae) on the bark of Khaya ivorensis in Malaysia. Journal of Tropical Forest Science. 14(1): 158-161",REF1044
2020,"Ekka, R., Shaw, S., Meshram, Y. and Swamy, S. (2020). Outbreak of Poinciana looper moth, Pericyma cruegeri (Butler)(Lepidoptera: Erebidae) in the Korba district of Chhattisgarh. Journal of Pharmacognosy and Phytochemistry. 9(4S): 704-709",REF1045
1994,"Waterhouse, D. (1994). Biological Control of Weeds: Southeast Asian Prospects. Australian Centre for International Agricultural Research - ACIAR. Ausralia, Camberra. 302pp",REF1046
2014,"Qi, M., Park, B., Han, H. and Bae, Y. (2014). Taxonomic Review on the Genus Sciota (Lepidoptera, Pyralidae, Phycitinae) in Northeast China. Animal Systematics, Evolution and Diversity, 30(2): 59-64",REF1047
2009,"Gielis, C. and Karsholt, O. (2009). Additional records of Pterophoridae from the Cape Verde Islands, with description of a new species of Agdistis Hübner. Nota lepidopterologica, 32(2): 139-144",REF1048
2005,"Holloway, J. (2005). The Moths of Borneo, Parts 15 & 16 Noctuidae: Catocalinae. Southdene Sdn Bhd. Available online at: https://www.mothsofborneo.com/part-15-16/index.htm",REF1049
2005,"Sohn, J., Choi, S. and Cho, S. (2005). A new record of Ischyja manlia (Cramer)(Lepidoptera: Noctuidae: Catocalinae) from Korea. Entomological Research, 35(2): 107-110",REF1050
2013,"Goode, M. and Burk, D. (2013). A new subspecies of Papilio helenus Linnaeus, 1758 (Lepidoptera: Papilionidae) from Simeulue Island, Indonesia. Butterflies (Teinopalpus), (63): 53-55",REF1051
2012,"Hausmann, A. and Viidalepp, J. (2012). The Geometrid Moths of Europe, Volume: 3 - Larentinae I. Apollo Books",REF1052
1996,"Sakamaki, Y. (1996). A revision of the Japanese species of the genus Monochroa (Lepidoptera, Gelechiidae). Lepidoptera Science, 47(4): 243-265",REF1053
2000,"Julien, M. (2000). Biological control of water hyacinth with arthropods: a review to 2000. Aciar Proceedings, ACIAR",REF1054
2019,"Matthews, D., Lott, T., Miller, J., Toomey, J.and Portell, R. (2019). Plume moths recorded from the United States naval base, Guantanamo Bay, Cuba. News of the Lepidopterists Society, 61(1): 14-19",REF1055
2015,"Sohn, J-C. (2015). A Catalogue of the Type Specimens of Yponomeutoidea (Lepidoptera) in the Museum of Comparative Zoology with Revised Status of Pluteloptera ochrella. Breviora. 542(1): 1-19",REF1056
1990,"Robinson, G. and Kirke, C. (1990). Lepidoptera of Ascension Island — a review. Journal of natural history. 24(1): 119-135.",REF1057
2023,"EFSA Panel on Plant Health (PLH), Bragard, C., Baptista, P., Chatzivassiliou, E., Di Serio, F., Gonthier, P., ... and Van der Werf, W. (2023). Pest risk assessment of Elasmopalpus lignosellus for the European Union. EFSA Journal. 21(5): e08004",REF1058
1974,"Coshan, P. (1974). The biology of Coleophora serratella (L.)(Lepidoptera: Coleophoridae). Transactions of the Royal Entomological Society of London. 126(2): 169-188",REF1059
2018,"Baladhiya, H., Sisodiya, D. and Pathan, N. (2018). A review on pink stem borer, Sesamia inferens Walker: a threat to cereals. Journal of Entomology and Zoology Studies. 6(3): 1235-1239",REF1060
2010,"Moyal, P., Le Ru, B., Conlong, D., Cugala, D., Defabachew, B., Matama-Kauma, T., ... and Van den Berg, J. (2010). Systematics and molecular phylogeny of two African stem borer genera, Sciomesa Tams and Bowden and Carelis Bowden (Lepidoptera: Noctuidae). Bulletin of Entomological Research. 100(6): 641-659",REF1061
1965,"Gentry, J. (1965). Crop insects of northeast Africa-southwest Asia (No. 273). Agricultural Research Service, US Department of Agriculture.",REF1062
2005,"Gong, C. (2005) The first record of the Eremic Lycaenid Deudorix livia (Klug, 1834) in Europe. Atalanta, 36(1): 109-112",REF1063
1979,"Wagner, T. and Leonard, D. E. (1979). Aspects of Mating, Oviposition, and Flight in the Satin Moth, Leocoma salicis (Lepidoptera: Lymantriidae) 1. The Canadian Entomologist. 111(7): 833-840",REF1064
2022,"Glerean, P., Deutsch, H., Morandini, C., Morin, L. and Huemer, P. (2022) Lepidoptera of the Prealpi Giulie Natural Park (Friuli Venezia Giulia, North-East Italy). GORTANIA - Botanica, Zoologia. 44: 29-72",REF1065
2011,"Plarre, R. and Kruger-Carstensen, B. (2011). An attempt to reconstruct the natural and cultural history of the webbing clothes moth Tineola bisselliella Hummel (Lepidoptera: Tineidae). Journal of Entomological and Acarological Research. 43(2): 83-93",REF1066
2010,"Filho, J., Ferro, V. , Santos, T., Nabout, J., Dobrovolski, R. and De Marco Jr, P. (2010). The three phases of the ensemble forecasting of niche models: geographic range and shifts in climatically suitable areas of Utetheisa ornatrix (Lepidoptera, Arctiidae). Revista Brasileira de Entomologia 54(3): 339–349",REF1067
2022,"Cooley, T. and Reardon, R. (2022). Field Guide to the Slug Moths (Lepidoptera: Limacodidae) of West Virginia. Forest Service U.S. Department of Agriculture. 84pp",REF1068
2003,"Camarero, J., Martin, E. and Gil-Pelegrin, E. (2003). The impact of a needleminer (Epinotia subsequana) outbreak on radial growth of silver fir (Abies alba) in the Aragon Pyrenees: a dendrochronological assessment. Dendrochronologia. 21(1): 3-12",REF1069
2023,"Boyes, D. and Holland, P. (2023). The genome sequence of the spruce carpet moth, Thera britannica (Turner, 1925). Wellcome Open Research. 8: 114",REF1070
2018,"Trematerra, P., Goglia, L., Scalercio, S. and Colacci, M. (2018). Lepidoptera Tortricidae from Calabria (Southern Italy). Redia: Giornale di Zoologia. 101: 167-181",REF1071
1996,"Yoshioka, E. and Conant, P. (1996). Biological control of gorse in Hawaii. Proceedings of the IX International Symposium on Biological Control of Weeds. 371-375",REF1072
2021,"Leroy, L., Mille, C. and Fogliani, B. (2021). The common fruit-piercing moth in the Pacific Region: a Survey of the current state of a significant Worldwide Economic Pest, Eudocima phalonia (Lepidoptera: Erebidae), with a focus on New Caledonia. Insects, 12(2): 117",REF1073
1988,"Gauld, I. (1988). The species of the Enicospilus americanus complex (Hymenoptera: Ichneumonidae) in eastern North America. Systernafic Entomology. 13: 31-53",REF1074
2014,"Konecna, H. and Sefrova, H. (2014). Morphology, biology and control possibilities of two Argyresthia species–A. thuiella and A. trifasciata (Lepidoptera: Argyresthiidae). Acta Universitatis Agriculturae et Silviculturae Mendelianae Brunensis. 62(3): 529-538",REF1075
2010,"Kulfan, J., Kula, E., Zach, P., Dvorackova, K., Patocka, J. and Krsiak, B. (2010). Caterpillar assemblages on introduced blue spruce: differences from native Norway spruce. Allgemeine Forst und Jagdzeitung. 181: 188-194",REF1076
1982,"Mutuura, A. (1982). Cnephasia stephensiana, a species newly recorded from Canada and compared with the previously recorded C. interjectana (Lepidoptera: Tortricidae). The Canadian Entomologist. 114(8): 667-671",REF1077
1974,"Reed, W. (1974). Populations and host-plant preferences of Earias spp.(Lepidoptera, Noctuidae) in East Africa. Bulletin of Entomological Research. 64(1): 33-44",REF1078
2009,"Min-Younga, K. and Park, K. (2009). A taxonomic review of the genus Coleophora Hubner (Lepidoptera: Coleophoridae) in Korea. Journal of Asia-Pacific Entomology. 12: 183–198",REF1079
2007,"Kravchenko, V., Fibiger, M., Mooser, J., Junnila, A. and Muller, G. (2007). The Hadeninae of Israel (Lepidoptera: Noctuidae). SHILAP Revista de lepidopterologia. 35(140): 441-454",REF1080
2004,"Berndt, L., Brockerhoff, E., Jactel, H., Weiss, T. and Beaton, J. (2004). Biology and rearing of Pseudocoremia suavis, an endemic looper (Lepidoptera: Geometridae) with a history of outbreaks on exotic conifers. New Zealand Entomologist. 27(1): 73-82",REF1081
2020,"Whitaker, T., Sutton, S. and Barlow, H. (2020). Pyralids of Borneo - An Illustrated Guide (5th Edition). Southdene Sdn Bhd. Available Online at: http://www.pyralidsofborneo.org/index.php?index#",REF1082
1993,"de Jong, R. and Treadaway, C. G. (1993). The Hesperiidae (lepidoptera) of the Philippines. Zoologische Verhandelingen. 288(1): 1-125",REF1083
2017,"Hardy, P. and Lawrence, J. (2017). Field guide to butterflies of the Philippines. Siri Scientific Press.",REF1084
1993,"Meerman, J. (1993). Relationships within the Hyles euphorbiae-complex: a numerical taxonomy approach (Lepidoptera: Sphingidae). Entomologists Gazette. 44: 205-205",REF1085
2013,"Shibasaki, H., Yamamoto, M., Yan, Q., Naka, H., Suzuki, T. and Ando, T. (2013). Identification of the sex pheromone secreted by a nettle moth, Monema flavescens, using gas chromatography/Fourier transform infrared spectroscopy. Journal of chemical ecology. 39: 350-357",REF1086
2020,"Corley, M. , Nunes, J., Rosete, J., Terry, R. and Ferreira, S. (2020). New and interesting Portuguese Lepidoptera records from 2019 (Insecta: Lepidoptera). SHILAP Revista de lepidopterologia. 48(192): 609-641",REF1087
2020,"Rao, B. and Sivaperuman, C. (2020). Annotated checklist of Pyraloid moths (Lepidoptera, Pyraloidea) of Andaman and Nicobar Islands. Journal of the Andaman Science Association. 25(1): 15-26",REF1088
1994,"Park, K. (1994). Notes on Chorivalva and Stenolechia species in Korea, with new synonyms (Lepidoptera, Gelechiidae). Nota. Lepiderologica. 16(3): 281-289",REF1089
1994,"Donald, J. (1994). Apamea unamis (Hubner) (Noctuidae: Amphipyrinae). Journal of the Lepidopterists Society, 48(2), 121-127",REF1090
2020,"Marianelli, L., Iovinella, I., Strangi, A., Madonni, L., Efetov, K., Tarmann, G., ... and Roversi, P. (2020). First record of the pest Artona (Fuscartona) martini Efetov, 1997 (Lepidoptera Zygaenidae Procridinae Artonini) in European territory. Redia: Journal of Zoology/Giornale di Zoologia. 103: 3-7",REF1091
1995,"Eichlin, T. (1995). New Data and a Redescription for Melittia oedipus, na African Vine Borer (Lepidoptera: Sesiidae). Tropical Lepidoptera 6(1): 47-51",REF1092
2006,"Koster, S. and Sammut, P.(2006). Faunistic notes on Momphidae, Batrachedridae, Stathmopodidae and Cosmopterigidae from the Maltese Islands. Nota lepidopterologica. 29(1): 49-63",REF1093
2010,"Reinert, J., George, S., Mackay, W. and Campos, C. (2010). Resistance among lantana cultivars to the lantana stick caterpillar, Neogalea sunia (Lepidoptera: Noctuidae). Southwestern Entomologist. 35(1): 51-58",REF1094
1982,"Holloway, J. (1982) Further notes on the Lepidoptera of Norfolk Island, with particular reference to migrant species. Journal of Natural History, 16(3): 351-365",REF1095
2012,"Buthelezi, N., Conlong, D. and Zharare, G. (2012). The groundnut leaf miner collected from South Africa is identified by mtDNA CO1 gene analysis as the Australian soybean moth (Aproaerema simplixella)(Walker)(Lepidoptera: Gelechiidae). African Journal of Agricultural Research. 7(38): 5285-5292",REF1096
2024,Commonwealth Scientific and Industrial Research Organization (CSIRO) (2024). Australian Moths Online - Australian National Insect Collection. Available at: https://moths.csiro.au/,REF1097
2000,"Common, I. (2000). Oecophorine genera of Australia III: the Barea group and unplaced genera (Lepidoptera: Oecophoridae) (Vol. 8). Csiro Publishing.",REF1098
1997,"Borkent, C. and Greenway, L. (1997). Sphinx Moths (Family Sphingidae) In British Columbia: Biological Notes and Field Key, Based on Specimens in the Collection at the Royal British Columbia Museum. Royal British Columbia Museum, forest renewal BC Report.",REF1099
2022,"Adamski, D. and Brown, R. L. (2022). Larval, pupal, and adult morphology of the acorn moth, Blastobasis glandulella (Riley, 1871)(Lepidoptera: Gelechioidea: Blastobasidae). The Journal of the Lepidopterists Society. 76(1): 10-20",REF1100
2023,"Assaad, M. (2023). Ecology and impacts of insect communities on Lebanese cedar Cedrus libani A. Rich. [MSc Thesis, Universita degli Studi di Padova].",REF1101
1960,"Gozmany L. (1960). The results of the zoological collecting trip to Egypt in 1957, of the Natural History Museum, Budapest. 8. Egyptian Microlepidoptera II.",REF1102
2017,"Cock, M. (2017) A preliminary catalogue of the moths (Lepidoptera except Papilionoidea) of Tobago, West Indies. Insecta Mundi. 585: 1–58",REF1103
1987,"Diakonoff, A. and van Nieukerken, E. (1987). Eratophyes amasiella (Herrich-Schaffer) comb, nov., a senior synonym of E. aleatrix Diakonoff (Lepidoptera: Oecophoridae). Entomologische berichten. 47(7): 103-104.",REF1104
2003,"Baran, T. (2003). Scythris buszkoi sp. n., a new species of Scythrididae from Europe (Gelechioidea). Nota Lepidopterologica. 26(3): 89-98",REF1105
