Species,AcceptedSpecies,Family,Genus,SpeciesID,AcceptedSpeciesID
Spodoptera eridania,Spodoptera eridania,Noctuidae,Spodoptera,SP1,SP1
Phyllocnistis citrella,Phyllocnistis citrella,Gracillariidae,Phyllocnistis,SP2,SP2
Hypsipyla grandella,Hypsipyla grandella,Pyralidae,Hypsipyla,SP3,SP3
Hyphantria cunea,Hyphantria cunea,Erebidae,Hyphantria,SP4,SP4
Phthorimaea operculella,Phthorimaea operculella,Gelechiidae,Phthorimaea,SP5,SP5
Pieris rapae,Pieris rapae,Pieridae,Pieris,SP6,SP6
Cactoblastis cactorum,Cactoblastis cactorum,Pyralidae,Cactoblastis,SP7,SP7
Spodoptera frugiperda,Spodoptera frugiperda,Noctuidae,Spodoptera,SP8,SP8
Helicoverpa zea,Helicoverpa zea,Noctuidae,Helicoverpa,SP9,SP9
Duponchelia fovealis,Duponchelia fovealis,Crambidae,Duponchelia,SP10,SP10
Ostrinia nubilalis,Ostrinia nubilalis,Crambidae,Ostrinia,SP11,SP11
Agrotis ipsilon,Agrotis ipsilon,Noctuidae,Agrotis,SP12,SP12
Pyroderces rileyi,Anatrachyntis rileyi,Cosmopterigidae,Anatrachyntis,SP13,SP338
Plutella xylostella,Plutella xylostella,Plutellidae,Plutella,SP14,SP14
Grapholita molesta,Grapholita molesta,Tortricidae,Grapholita,SP15,SP15
Galleria mellonella,Galleria mellonella,Pyralidae,Galleria,SP16,SP16
Pectinophora gossypiella,Pectinophora gossypiella,Gelechiidae,Pectinophora,SP17,SP17
Gymnandrosoma aurantianum,Gymnandrosoma aurantianum,Tortricidae,Gymnandrosoma,SP18,SP18
Coleophora deauratella,Coleophora deauratella,Coleophoridae,Coleophora,SP19,SP19
Zeiraphera diniana,Zeiraphera griseana,Tortricidae,Zeiraphera,SP20,SP1159
Orthotaenia undulana,Orthotaenia undulana,Tortricidae,Orthotaenia,SP21,SP21
Spodoptera exempta,Spodoptera exempta,Noctuidae,Spodoptera,SP22,SP22
Helicoverpa armigera,Helicoverpa armigera,Noctuidae,Helicoverpa,SP23,SP23
Neoleucinodes elegantalis,Neoleucinodes elegantalis,Crambidae,Neoleucinodes,SP24,SP24
Crocidosema plebejana,Crocidosema plebejana,Tortricidae,Crocidosema,SP25,SP25
Erionota thrax,Erionota thrax,Hesperiidae,Erionota,SP26,SP26
Sitotroga cerealella,Sitotroga cerealella,Gelechiidae,Sitotroga,SP27,SP27
Spodoptera litura,Spodoptera litura,Noctuidae,Spodoptera,SP28,SP28
Conogethes punctiferalis,Conogethes punctiferalis,Crambidae,Conogethes,SP29,SP29
Phthorimaea absoluta,Phthorimaea absoluta,Gelechiidae,Phthorimaea,SP30,SP30
Papilio demoleus,Papilio demoleus,Papilionidae,Papilio,SP31,SP31
Chilo partellus,Chilo partellus,Crambidae,Chilo,SP32,SP32
Carposina sasakii,Carposina sasakii,Carposinidae,Carposina,SP33,SP33
Lymantria dispar,Lymantria dispar,Erebidae,Lymantria,SP34,SP34
Mythimna unipuncta,Mythimna unipuncta,Noctuidae,Mythimna,SP35,SP35
Erionota torus,Erionota torus,Hesperiidae,Erionota,SP36,SP36
Lymantria mathura,Lymantria mathura,Erebidae,Lymantria,SP37,SP37
Spodoptera littoralis,Spodoptera littoralis,Noctuidae,Spodoptera,SP38,SP38
Pieris brassicae,Pieris brassicae,Pieridae,Pieris,SP39,SP39
Chilo suppressalis,Chilo suppressalis,Crambidae,Chilo,SP40,SP40
Opogona sacchari,Opogona sacchari,Tineidae,Opogona,SP41,SP41
Cydalima perspectalis,Cydalima perspectalis,Crambidae,Cydalima,SP42,SP42
Noctua pronuba,Noctua pronuba,Noctuidae,Noctua,SP43,SP43
Cryptoblabes gnidiella,Cryptoblabes gnidiella,Pyralidae,Cryptoblabes,SP44,SP44
Chrysodeixis chalcites,Chrysodeixis chalcites,Noctuidae,Chrysodeixis,SP45,SP45
Autographa gamma,Autographa gamma,Noctuidae,Autographa,SP46,SP46
Epiphyas postvittana,Epiphyas postvittana,Tortricidae,Epiphyas,SP47,SP47
Prays citri,Prays citri,Praydidae,Prays,SP48,SP48
Stenoma catenifer,Stenoma catenifer,Depressariidae,Stenoma,SP49,SP49
Leucoptera malifoliella,Leucoptera malifoliella,Lyonetiidae,Leucoptera,SP50,SP50
Dendrolimus punctatus,Dendrolimus punctata,Lasiocampidae,Dendrolimus,SP51,SP1553
Adoxophyes orana,Adoxophyes orana,Tortricidae,Adoxophyes,SP52,SP52
Conopomorpha cramerella,Conopomorpha cramerella,Gracillariidae,Conopomorpha,SP53,SP53
Parapoynx crisonalis,Parapoynx crisonalis,Crambidae,Parapoynx,SP54,SP54
Cacoecimorpha pronubana,Cacoecimorpha pronubana,Tortricidae,Cacoecimorpha,SP55,SP55
Gypsonoma aceriana,Gypsonoma aceriana,Tortricidae,Gypsonoma,SP56,SP56
Rhyacionia buoliana,Rhyacionia buoliana,Tortricidae,Rhyacionia,SP57,SP57
Argyresthia pruniella,Argyresthia pruniella,Argyresthiidae,Argyresthia,SP58,SP58
Acleris variegana,Acleris variegana,Tortricidae,Acleris,SP59,SP59
Caloptilia syringella,Gracillaria syringella,Gracillariidae,Gracillaria,SP60,SP1315
Enarmonia formosana,Enarmonia formosana,Tortricidae,Enarmonia,SP61,SP61
Lobesia botrana,Lobesia botrana,Tortricidae,Lobesia,SP62,SP62
Ectomyelois ceratoniae,Ectomyelois ceratoniae,Pyralidae,Ectomyelois,SP63,SP63
Thaumatotibia leucotreta,Thaumatotibia leucotreta,Tortricidae,Thaumatotibia,SP64,SP64
Athrips rancidella,Athrips rancidella,Gelechiidae,Athrips,SP65,SP65
Opogona omoscopa,Opogona omoscopa,Tineidae,Opogona,SP66,SP66
Cameraria ohridella,Cameraria ohridella,Gracillariidae,Cameraria,SP67,SP67
Acrolepiopsis assectella,Acrolepia assectella,Glyphipterigidae,Acrolepia,SP68,SP569
Phyllonorycter issikii,Phyllonorycter issikii,Gracillariidae,Phyllonorycter,SP69,SP69
Paranthrene tabaniformis,Paranthrene tabaniformis,Sesiidae,Paranthrene,SP70,SP70
Dendrolimus sibiricus,Dendrolimus sibiricus,Lasiocampidae,Dendrolimus,SP71,SP71
Archips fuscocupreanus,Archips fuscocupreanus,Tortricidae,Archips,SP72,SP72
Antispila oinophylla,Antispila oinophylla,Heliozelidae,Antispila,SP73,SP73
Zeuzera pyrina,Zeuzera pyrina,Cossidae,Zeuzera,SP74,SP74
Thaumetopoea pityocampa,Thaumetopoea pityocampa,Notodontidae,Thaumetopoea,SP75,SP75
Cacyreus marshalli,Cacyreus marshalli,Lycaenidae,Cacyreus,SP76,SP76
Eupoecilia ambiguella,Eupoecilia ambiguella,Tortricidae,Eupoecilia,SP77,SP77
Paysandisia archon,Paysandisia archon,Castniidae,Paysandisia,SP78,SP78
Grapholita funebrana,Grapholita funebrana,Tortricidae,Grapholita,SP79,SP79
Phyllocnistis vitegenella,Phyllocnistis vitegenella,Gracillariidae,Phyllocnistis,SP80,SP80
Syntomeida epilais,Syntomeida epilais,Erebidae,Syntomeida,SP81,SP81
Ephestia kuehniella,Ephestia kuehniella,Pyralidae,Ephestia,SP82,SP82
Darna pallivitta,Oxyplax pallivitta,Limacodidae,Oxyplax,SP83,SP1554
Megalorhipida leucodactylus,Megalorhipida leucodactylus,Pterophoridae,Megalorhipida,SP84,SP84
Praeacedes atomosella,Praeacedes atomosella,Tineidae,Praeacedes,SP85,SP85
Agrius cingulatus,Agrius cingulata,Sphingidae,Agrius,SP86,SP403
Garella musculana,Garella musculana,Nolidae,Garella,SP87,SP87
Eurema blanda,Eurema blanda,Pieridae,Eurema,SP88,SP88
Sesamia grisescens,Sesamia grisescens,Noctuidae,Sesamia,SP89,SP89
Tineola bisselliella,Tineola bisselliella,Tineidae,Tineola,SP90,SP90
Archips xylosteanus,Archips xylosteana,Tortricidae,Archips,SP91,SP1442
Acraea terpsicore,Acraea terpsicore,Nymphalidae,Acraea,SP92,SP92
Plutella porrectella,Plutella porrectella,Plutellidae,Plutella,SP93,SP93
Maliarpha separatella,Maliarpha separatella,Pyralidae,Maliarpha,SP94,SP94
Teia anartoides,Teia anartoides,Erebidae,Teia,SP95,SP95
Lymantria monacha,Lymantria monacha,Erebidae,Lymantria,SP96,SP96
Crocidosema aporema,Crocidosema aporema,Tortricidae,Crocidosema,SP97,SP97
Dendrolimus pini,Dendrolimus pini,Lasiocampidae,Dendrolimus,SP98,SP98
Phyllonorycter messaniella,Phyllonorycter messaniella,Gracillariidae,Phyllonorycter,SP99,SP99
Tebenna micalis,Tebenna micalis,Choreutidae,Tebenna,SP100,SP100
Spodoptera ornithogalli,Spodoptera ornithogalli,Noctuidae,Spodoptera,SP101,SP101
Carmenta mimosa,Carmenta mimosa,Sesiidae,Carmenta,SP102,SP102
Leuciris fimbriaria,Leuciris fimbriaria,Geometridae,Leuciris,SP103,SP103
Macaria pallidata,Digrammia pallidata,Geometridae,Digrammia,SP104,SP1555
Keiferia lycopersicella,Keiferia lycopersicella,Gelechiidae,Keiferia,SP105,SP105
Malacosoma disstria,Malacosoma disstria,Lasiocampidae,Malacosoma,SP106,SP106
Choristoneura parallela,Choristoneura parallela,Tortricidae,Choristoneura,SP107,SP107
Chloridea virescens,Chloridea virescens,Noctuidae,Chloridea,SP108,SP108
Orgyia leucostigma,Orgyia leucostigma,Erebidae,Orgyia,SP109,SP109
Spodoptera exigua,Spodoptera exigua,Noctuidae,Spodoptera,SP110,SP110
Amyelois transitella,Amyelois transitella,Pyralidae,Amyelois,SP111,SP111
Telchin licus,Castnia licus,Castniidae,Castnia,SP112,SP1556
Choristoneura orae,Choristoneura orae,Tortricidae,Choristoneura,SP113,SP113
Choristoneura fumiferana,Choristoneura fumiferana,Tortricidae,Choristoneura,SP114,SP114
Choristoneura conflictana,Choristoneura conflictana,Tortricidae,Choristoneura,SP115,SP115
Lambdina fiscellaria,Lambdina fiscellaria,Geometridae,Lambdina,SP116,SP116
Archips cerasivorana,Archips cerasivorana,Tortricidae,Archips,SP117,SP117
Archips rosana,Archips rosana,Tortricidae,Archips,SP118,SP118
Hofmannophila pseudospretella,Hofmannophila pseudospretella,Oecophoridae,Hofmannophila,SP119,SP119
Schreckensteinia festaliella,Schreckensteinia festaliella,Schreckensteiniidae,Schreckensteinia,SP120,SP120
Phtheochroa vulneratana,Phtheochroa vulneratana,Tortricidae,Phtheochroa,SP121,SP121
Spodoptera praefica,Spodoptera praefica,Noctuidae,Spodoptera,SP122,SP122
Choristoneura occidentalis,Choristoneura occidentalis,Tortricidae,Choristoneura,SP123,SP123
Choristoneura pinus,Choristoneura pinus,Tortricidae,Choristoneura,SP124,SP124
Choristoneura rosaceana,Choristoneura rosaceana,Tortricidae,Choristoneura,SP125,SP125
Choristoneura lambertiana,Choristoneura lambertiana,Tortricidae,Choristoneura,SP126,SP126
Grapholita packardi,Grapholita packardi,Tortricidae,Grapholita,SP127,SP127
Orgyia pseudotsugata,Orgyia pseudotsugata,Erebidae,Orgyia,SP128,SP128
Acleris minuta,Acleris minuta,Tortricidae,Acleris,SP129,SP129
Acleris nivisellana,Acleris nivisellana,Tortricidae,Acleris,SP130,SP130
Acleris robinsoniana,Acleris robinsoniana,Tortricidae,Acleris,SP131,SP131
Acleris variana,Acleris variana,Tortricidae,Acleris,SP132,SP132
Cydia nigricana,Cydia nigricana,Tortricidae,Cydia,SP133,SP133
Eana argentana,Eana argentana,Tortricidae,Eana,SP134,SP134
Notocelia cynosbatella,Notocelia cynosbatella,Tortricidae,Notocelia,SP135,SP135
Orgyia antiqua,Orgyia antiqua,Erebidae,Orgyia,SP136,SP136
Erinnyis ello,Erinnyis ello,Sphingidae,Erinnyis,SP137,SP137
Maruca vitrata,Maruca vitrata,Crambidae,Maruca,SP138,SP138
Diatraea saccharalis,Diatraea saccharalis,Crambidae,Diatraea,SP139,SP139
Othreis fullonia,Eudocima phalonia,Erebidae,Eudocima,SP140,SP467
Sphecodina caudata,Sphecodina caudata,Sphingidae,Sphecodina,SP141,SP141
Earias vittella,Earias vittella,Nolidae,Earias,SP142,SP142
Lampides boeticus,Lampides boeticus,Lycaenidae,Lampides,SP143,SP143
Spodoptera mauritia,Spodoptera mauritia,Noctuidae,Spodoptera,SP144,SP144
Sesamia inferens,Sesamia inferens,Noctuidae,Sesamia,SP145,SP145
Leucinodes orbonalis,Leucinodes orbonalis,Crambidae,Leucinodes,SP146,SP146
Cephonodes hylas,Cephonodes hylas,Sphingidae,Cephonodes,SP147,SP147
Earias insulana,Earias insulana,Nolidae,Earias,SP148,SP148
Opisina arenosella,Opisina arenosella,Xyloryctidae,Opisina,SP149,SP149
Parapoynx stagnalis,Parapoynx stagnalis,Crambidae,Parapoynx,SP150,SP150
Scirpophaga incertulas,Scirpophaga incertulas,Crambidae,Scirpophaga,SP151,SP151
Chilo infuscatellus,Chilo infuscatellus,Crambidae,Chilo,SP152,SP152
Tuta absoluta,Phthorimaea absoluta,Gelechiidae,Phthorimaea,SP153,SP30
Diaphania indica,Diaphania indica,Crambidae,Diaphania,SP154,SP154
Anomis flava,Anomis flava,Erebidae,Anomis,SP155,SP155
Platynota stultana,Platynota stultana,Tortricidae,Platynota,SP156,SP156
Anarsia lineatella,Anarsia lineatella,Gelechiidae,Anarsia,SP157,SP157
Eugnosta argyroplaca,Eugnosta argyroplaca,Tortricidae,Eugnosta,SP158,SP158
Grapholita prunivora,Grapholita prunivora,Tortricidae,Grapholita,SP159,SP159
Homona coffearia,Homona coffearia,Tortricidae,Homona,SP160,SP160
Tiracola plagiata,Tiracola plagiata,Noctuidae,Tiracola,SP161,SP161
Chrysodeixis eriosoma,Chrysodeixis eriosoma,Noctuidae,Chrysodeixis,SP162,SP162
Agrotis segetum,Agrotis segetum,Noctuidae,Agrotis,SP163,SP163
Cydia splendana,Cydia splendana,Tortricidae,Cydia,SP164,SP164
Cydia pomonella,Cydia pomonella,Tortricidae,Cydia,SP165,SP165
Cadra cautella,Cadra cautella,Pyralidae,Cadra,SP166,SP166
Chrysoesthia sexguttella,Chrysoesthia sexguttella,Gelechiidae,Chrysoesthia,SP167,SP167
Coleophora versurella,Coleophora versurella,Coleophoridae,Coleophora,SP168,SP168
Corcyra cephalonica,Corcyra cephalonica,Pyralidae,Corcyra,SP169,SP169
Danaus plexippus,Danaus plexippus,Nymphalidae,Danaus,SP170,SP170
Epermenia aequidentellus,Epermenia aequidentellus,Epermeniidae,Epermenia,SP171,SP171
Ephestia elutella,Ephestia elutella,Pyralidae,Ephestia,SP172,SP172
Lantanophaga pusillidactylus,Lantanophaga pusillidactylus,Pterophoridae,Lantanophaga,SP173,SP173
Platyedra subcinerea,Platyedra subcinerea,Gelechiidae,Platyedra,SP174,SP174
Plodia interpunctella,Plodia interpunctella,Pyralidae,Plodia,SP175,SP175
Spoladea recurvalis,Spoladea recurvalis,Crambidae,Spoladea,SP176,SP176
Stigmella aurella,Stigmella aurella,Nepticulidae,Stigmella,SP177,SP177
Perileucoptera coffeella,Leucoptera coffeella,Lyonetiidae,Leucoptera,SP178,SP1546
Diplopseustis perieresalis,Diplopseustis perieresalis,Crambidae,Diplopseustis,SP179,SP179
Antheraea pernyi,Antheraea pernyi,Saturniidae,Antheraea,SP180,SP180
Araeopteron ecphaea,Araeopteron ecphaea,Noctuidae,Araeopteron,SP181,SP181
Prays endocarpa,Prays endocarpa,Praydidae,Prays,SP182,SP182
Leucoptera sinuella,Leucoptera sinuella,Lyonetiidae,Leucoptera,SP183,SP183
Chrysoclista linneella,Chrysoclista linneela,Elachistidae,Chrysoclista,SP184,SP1557
Platynota idaeusalis,Platynota idaeusalis,Tortricidae,Platynota,SP185,SP185
Operophtera brumata,Operophtera brumata,Geometridae,Operophtera,SP186,SP186
Acleris senescens,Acleris senescens,Tortricidae,Acleris,SP187,SP187
Agonopterix nervosa,Agonopterix nervosa,Depressariidae,Agonopterix,SP188,SP188
Argyrotaenia franciscana,Argyrotaenia franciscana,Tortricidae,Argyrotaenia,SP189,SP189
Clepsis consimilana,Clepsis consimilana,Tortricidae,Clepsis,SP190,SP190
Cydia coniferana,Cydia coniferana,Tortricidae,Cydia,SP191,SP191
Epinotia nanana,Epinotia nanana,Tortricidae,Epinotia,SP192,SP192
Epinotia salicicolana,Epinotia salicicolana,Tortricidae,Epinotia,SP193,SP193
Hedya nubiferana,Hedya nubiferana,Tortricidae,Hedya,SP194,SP194
Pelochrista medullana,Pelochrista medullana,Tortricidae,Pelochrista,SP195,SP195
Noctua comes,Noctua comes,Noctuidae,Noctua,SP196,SP196
Phyllonorycter blancardella,Phyllonorycter blancardella,Gracillariidae,Phyllonorycter,SP197,SP197
Synanthedon myopaeformis,Synanthedon myopaeformis,Sesiidae,Synanthedon,SP198,SP198
Ennomos alniaria,Ennomos alniaria,Geometridae,Ennomos,SP199,SP199
Caloptilia alnivorella,Caloptilia alnivorella,Gracillariidae,Caloptilia,SP200,SP200
Choristoneura carnana,Choristoneura carnana,Tortricidae,Choristoneura,SP201,SP201
Choristoneura retiniana,Choristoneura retiniana,Tortricidae,Choristoneura,SP202,SP202
Anatrachyntis badia,Anatrachyntis badia,Cosmopterigidae,Anatrachyntis,SP203,SP203
Eugnosta californica,Eugnosta californica,Tortricidae,Eugnosta,SP204,SP204
Cadra figulilella,Cadra figulilella,Pyralidae,Cadra,SP205,SP205
Phyllonorycter mespilella,Phyllonorycter mespilella,Gracillariidae,Phyllonorycter,SP206,SP206
Mamestra brassicae,Mamestra brassicae,Noctuidae,Mamestra,SP207,SP207
Sesamia cretica,Sesamia cretica,Noctuidae,Sesamia,SP208,SP208
Tecia solanivora,Tecia solanivora,Gelechiidae,Tecia,SP209,SP209
Scrobipalpa ocellatella,Scrobipalpa ocellatella,Gelechiidae,Scrobipalpa,SP210,SP210
Prays oleae,Prays oleae,Praydidae,Prays,SP211,SP211
Danaus chrysippus,Danaus chrysippus,Nymphalidae,Danaus,SP212,SP212
Chrysodeixis acuta,Chrysodeixis acuta,Noctuidae,Chrysodeixis,SP213,SP213
Cydia interscindana,Cydia interscindana,Tortricidae,Cydia,SP214,SP214
Macrosaccus robiniella,Macrosaccus robiniella,Gracillariidae,Macrosaccus,SP215,SP215
Thaumetopoea processionea,Thaumetopoea processionea,Notodontidae,Thaumetopoea,SP216,SP216
Grapholita delineana,Grapholita delineana,Tortricidae,Grapholita,SP217,SP217
Euproctis chrysorrhoea,Euproctis chrysorrhoea,Erebidae,Euproctis,SP218,SP218
Acleris semipurpurana,Acleris semipurpurana,Tortricidae,Acleris,SP219,SP219
Depressaria depressana,Depressaria depressana,Depressariidae,Depressaria,SP220,SP220
Caloptilia roscipennella,Caloptilia roscipennella,Gracillariidae,Caloptilia,SP221,SP221
Phyllonorycter platani,Phyllonorycter platani,Gracillariidae,Phyllonorycter,SP222,SP222
Dyspessa ulula,Dyspessa ulula,Cossidae,Dyspessa,SP223,SP223
Tinea translucens,Tinea translucens,Tineidae,Tinea,SP224,SP224
Glyphodes perspectalis,Cydalima perspectalis,Crambidae,Cydalima,SP225,SP42
Glyphodes pyloalis,Glyphodes pyloalis,Crambidae,Glyphodes,SP226,SP226
Hellula undalis,Hellula undalis,Crambidae,Hellula,SP227,SP227
Palpita vitrealis,Palpita vitrealis,Crambidae,Palpita,SP228,SP228
Ancylis comptana,Ancylis comptana,Tortricidae,Ancylis,SP229,SP229
Caloptilia azaleela,Caloptilia azaleella,Gracillariidae,Caloptilia,SP230,SP430
Dendrolimus superans,Dendrolimus superans,Lasiocampidae,Dendrolimus,SP231,SP231
Dendrolimus spectabilis,Dendrolimus spectabilis,Lasiocampidae,Dendrolimus,SP232,SP232
Grapholita inopinata,Grapholita inopinata,Tortricidae,Grapholita,SP233,SP233
Rhizedra lutosa,Rhizedra lutosa,Noctuidae,Rhizedra,SP234,SP234
Aglais io,Aglais io,Nymphalidae,Aglais,SP235,SP235
Argynnis paphia,Argynnis paphia,Nymphalidae,Argynnis,SP236,SP236
Coenonympha glycerion,Coenonympha iphis,Nymphalidae,Coenonympha,SP237,SP1558
Cupido argiades,Elkalyce argiades,Lycaenidae,Elkalyce,SP238,SP1559
Iphiclides podalirius,Iphiclides podalirius,Papilionidae,Iphiclides,SP239,SP239
Maniola jurtina,Maniola jurtina,Nymphalidae,Maniola,SP240,SP240
Pararge aegeria,Pararge aegeria,Nymphalidae,Pararge,SP241,SP241
Thymelicus sylvestris,Thymelicus sylvestris,Hesperiidae,Thymelicus,SP242,SP242
Acleris issikii,Acleris issikii,Tortricidae,Acleris,SP243,SP243
Acrobasis pirivorella,Acrobasis pirivorella,Pyralidae,Acrobasis,SP244,SP244
Eoreuma loftini,Eoreuma loftini,Crambidae,Eoreuma,SP245,SP245
Platynota flavedana,Platynota flavedana,Tortricidae,Platynota,SP246,SP246
Callopistria floridensis,Callopistria floridensis,Noctuidae,Callopistria,SP247,SP247
Achaea ablunaris,Achaea ablunaris,Erebidae,Achaea,SP248,SP248
Aglaonice hirtipalpis,Aglaonice hirtipalpis,Erebidae,Aglaonice,SP249,SP249
Anartia chrysopelea,Anartia lytraea,Nymphalidae,Anartia,SP250,SP1263
Anomis luridula,Anomis luridula,Erebidae,Anomis,SP251,SP251
Anypsipyla univitella,Anypsipyla univitella,Pyralidae,Anypsipyla,SP252,SP252
Bema neuricella,Bema neuricella,Pyralidae,Bema,SP253,SP253
Bleptina araealis,Bleptina araealis,Erebidae,Bleptina,SP254,SP254
Callopistria jamaicensis,Callopistria jamaicensis,Noctuidae,Callopistria,SP255,SP255
Condica punctifera,Condica punctifera,Noctuidae,Condica,SP256,SP256
Cryptaspasma lugubris,Cryptaspasma lugubris,Tortricidae,Cryptaspasma,SP257,SP257
Dypterygia punctirena,Dypterygia punctirena,Noctuidae,Dypterygia,SP258,SP258
Elaphria deltoides,Elaphria deltoides,Noctuidae,Elaphria,SP259,SP259
Electrostrymon angelia,Thecla angelia,Lycaenidae,Thecla,SP260,SP1560
Elousa albicans,Elousa albicans,Erebidae,Elousa,SP261,SP261
Empyreuma affinis,Empyreuma affinis,Erebidae,Empyreuma,SP262,SP262
Epidromia pannosa,Epidromia pannosa,Erebidae,Epidromia,SP263,SP263
Manbuta pyraliformis,Manbuta pyraliformis,Erebidae,Manbuta,SP264,SP264
Epimorius testaceellus,Epimorius testaceellus,Pyralidae,Epimorius,SP265,SP265
Ethmia submissa,Ethmia submissa,Ethmiidae,Ethmia,SP266,SP266
Eulepidotis striaepuncta,Eulepidotis striaepuncta,Erebidae,Eulepidotis,SP267,SP267
Euscirrhopterus poeyi,Euscirrhopterus poeyi,Noctuidae,Euscirrhopterus,SP268,SP268
Gonodontia bidens,Gonodonta bidens,Erebidae,Gonodonta,SP269,SP1314
Hamadryas amphichloe,Hamadryas februa,Nymphalidae,Hamadryas,SP270,SP1561
Hypena subidalis,Hypena subidalis,Erebidae,Hypena,SP271,SP271
Leucania dorsalis,Leucania dorsalis,Noctuidae,Leucania,SP272,SP272
Leucania inconspicua,Leucania inconspicua,Noctuidae,Leucania,SP273,SP273
Leucania opalisans,Leucania lobrega,Noctuidae,Leucania,SP274,SP1562
Leucania senescens,Leucania senescens,Noctuidae,Leucania,SP275,SP275
Lipographis subosseella,Lipographis subosseella,Pyralidae,Lipographis,SP276,SP276
Litoprosopus haitiensis,Litoprosopus haitiensis,Erebidae,Litoprosopus,SP277,SP277
Macristis geminipunctalis,Macristis geminipunctalis,Erebidae,Macristis,SP278,SP278
Maruca testulalis,Maruca vitrata,Crambidae,Maruca,SP279,SP138
Mocis cubana,Mocis cubana,Erebidae,Mocis,SP280,SP280
Neoleucinoides torvus,Neoleucinodes torvis,Crambidae,Neoleucinodes,SP281,SP1330
Neotuerta hemicycla,Neotuerta hemicycla,Noctuidae,Neotuerta,SP282,SP282
Opogona purpuriella,Opogona purpuriella,Tineidae,Opogona,SP283,SP283
Zophodia lucidalis,Zophodia lucidalis,Pyralidae,Zophodia,SP284,SP284
Paectes lunodes,Paectes lunodes,Euteliidae,Paectes,SP285,SP285
Parapoynx diminutalis,Parapoynx diminutalis,Crambidae,Parapoynx,SP286,SP286
Phoebis orbis,Aphrissa orbis,Pieridae,Aphrissa,SP287,SP1269
Physula albipunctilla,Physula albipunctilla,Erebidae,Physula,SP288,SP288
Pseudaletia sequax,Mythimna sequax,Noctuidae,Mythimna,SP289,SP1563
Ptichodis immunis,Ptichodis immunis,Erebidae,Ptichodis,SP290,SP290
Spodoptera androgea,Spodoptera androgea,Noctuidae,Spodoptera,SP291,SP291
Sporylus cubensis,Scorylus cubensis,Pyralidae,Scorylus,SP292,SP1356
Strymon limenia,Thecla limenia,Lycaenidae,Thecla,SP293,SP1367
Stylopalpis lunigerella,Stylopalpia luniferella,Pyralidae,Stylopalpia,SP294,SP1361
Urania fulgens,Urania fulgens,Uraniidae,Urania,SP295,SP295
Crocidosema lantana,Crocidosema lantana,Tortricidae,Crocidosema,SP296,SP296
Brephidium exilis,Brephidium exilis,Lycaenidae,Brephidium,SP297,SP297
Simplicia cornicalis,Simplicia cornicalis,Erebidae,Simplicia,SP298,SP298
Junonia zonalis,Junonia lavinia,Nymphalidae,Junonia,SP299,SP1564
Neomusotima conspurcatalis,Neomusotima conspurcatalis,Pyralidae,Neomusotima,SP300,SP300
Acrolepiopsis jaspidata,Acrolepia jaspidata,Glyphipterigidae,Acrolepia,SP301,SP1565
Agathodes designalis,Agathodes designalis,Crambidae,Agathodes,SP302,SP302
Ancylostomia stercorea,Ancylostomia stercorea,Crambidae,Ancylostomia,SP303,SP303
Asciodes gordialis,Asciodes gordialis,Crambidae,Asciodes,SP304,SP304
Asciodes quietalis,Asciodes gordialis,Crambidae,Asciodes,SP305,SP304
Bactra philocherda,Bactra philocherda,Tortricidae,Bactra,SP306,SP306
Bagisara repanda,Bagisara repanda,Noctuidae,Bagisara,SP307,SP307
Calpodes ethlius,Calpodes ethlius,Hesperiidae,Calpodes,SP308,SP308
Aphomia cephalonica,Corcyra cephalonica,Pyralidae,Corcyra,SP309,SP169
Crocidosema synneurota,Crocidosema synneurota,Tortricidae,Crocidosema,SP310,SP310
Diaphania hyalinata,Diaphania hyalinata,Crambidae,Diaphania,SP311,SP311
Diaphania nitidalis,Cryptographis nitidalis,Crambidae,Cryptographis,SP312,SP354
Disclisioprocta stellata,Disclisioprocta stellata,Geometridae,Disclisioprocta,SP313,SP313
Episimus transferrana,Episimus transferrana,Tortricidae,Episimus,SP314,SP314
Erechthias minuscula,Erechthias minuscula,Tineidae,Erechthias,SP315,SP315
Etiella zinckenella,Etiella zinckenella,Pyralidae,Etiella,SP316,SP316
Eublemma recta,Eublemma recta,Noctuidae,Eublemma,SP317,SP317
Exelastis montichristi,Exelastis montichristi,Pterophoridae,Exelastis,SP318,SP318
Exelastis pumilio,Exelastis pumilio,Pterophoridae,Exelastis,SP319,SP319
Fundella argentina,Fundella argentina,Pyralidae,Fundella,SP320,SP320
Heliocheilus cystiphora,Heliocheilus cystiphora,Noctuidae,Heliocheilus,SP321,SP321
Hemiargus ceraunus,Hemiargus ceraunus,Lycaenidae,Hemiargus,SP322,SP322
Herpetogramma bipunctalis,Herpetogramma bipunctalis,Crambidae,Herpetogramma,SP323,SP323
Herpetogramma phaeopteralis,Herpetogramma phaeopteralis,Crambidae,Herpetogramma,SP324,SP324
Hymenia perspectalis,Hymenia perspectalis,Crambidae,Hymenia,SP325,SP325
Lineodes integra,Lineodes integra,Crambidae,Lineodes,SP326,SP326
Cnaphalocrocis trapezalis,Cnaphalocrocis trapezalis,Crambidae,Cnaphalocrocis,SP327,SP327
Ocrasa nostralis,Ocrasa nostralis,Pyralidae,Ocrasa,SP328,SP328
Oecia oecophila,Oecia oecophila,Autostichidae,Oecia,SP329,SP329
Omiodes indicata,Omiodes indicata,Crambidae,Omiodes,SP330,SP330
Paectes arcigera,Paectes arcigera,Euteliidae,Paectes,SP331,SP331
Piletocera bufalis,Piletocera bufalis,Crambidae,Piletocera,SP332,SP332
Phereoeca allutella,Phereoeca allutella,Tineidae,Phereoeca,SP333,SP333
Pilocrocis ramentalis,Pilocrocis ramentalis,Crambidae,Pilocrocis,SP334,SP334
Ponometia exigua,Acontia exigua,Noctuidae,Acontia,SP335,SP1566
Pyralis manihotalis,Pyralis manihotalis,Pyralidae,Pyralis,SP336,SP336
Pyrausta panopealis,Pyrausta panopealis,Crambidae,Pyrausta,SP337,SP337
Anatrachyntis rileyi,Anatrachyntis rileyi,Cosmopterigidae,Anatrachyntis,SP338,SP338
Rhectocraspeda periusalis,Rhectocraspeda periusalis,Crambidae,Psara,SP339,SP339
Samea castellalis,Samea ecclesialis,Crambidae,Samea,SP340,SP1567
Setomorpha rutella,Setomorpha rutella,Tineidae,Setomorpha,SP341,SP341
Sisyracera inabsconsalis,Sisyracera inabsconsalis,Crambidae,Sisyracera,SP342,SP342
Sphacelodes vulneraria,Sphacelodes vulneraria,Geometridae,Sphacelodes,SP343,SP343
Spragueia margana,Acontia margana,Noctuidae,Acontia,SP344,SP1568
Stenoptilodes brevipennis,Stenoptilodes brevipennis,Pterophoridae,Stenoptilodes,SP345,SP345
Strepsicrates smithiana,Strepsicrates smithiana,Tortricidae,Strepsicrates,SP346,SP346
Syngamia florella,Syngamia florella,Crambidae,Syngamia,SP347,SP347
Terastia meticulosalis,Terastia meticulosalis,Crambidae,Terastia,SP348,SP348
Trichophaga mormopis,Trichophaga mormopis,Tineidae,Trichophaga,SP349,SP349
Rheumaptera affirmata,Rheumaptera affirmata,Geometridae,Rheumaptera,SP350,SP350
Unadilla maturella,Unadilla maturella,Pyralidae,Unadilla,SP351,SP351
Xylesthia pruniramiella,Xylesthia pruniramiella,Tineidae,Xylesthia,SP352,SP352
Zeuctostyla vidrierata,Zeuctostyla vidrierata,Geometridae,Zeuctostyla,SP353,SP353
Cryptographis nitidalis,Cryptographis nitidalis,Crambidae,Cryptographis,SP354,SP354
Epinotia lantana,Epinotia lantana,Tortricidae,Epinotia,SP355,SP355
Hemiargus ramon,Hemiargus ramon,Lycaenidae,Hemiargus,SP356,SP356
Spodoptera sunia,Spodoptera sunia,Noctuidae,Spodoptera,SP357,SP357
Heliocontia margana,Heliocontia margana,Noctuidae,Heliocontia,SP358,SP358
Stegasta bosqueella,Stegasta bosqueella,Gelechiidae,Stegasta,SP359,SP359
Trichoplusia ni,Trichoplusia ni,Noctuidae,Trichoplusia,SP360,SP360
Paectes nana,Paectes arcigera,Euteliidae,Paectes,SP361,SP331
Saturnia japonica,Saturnia japonica,Saturniidae,Saturnia,SP362,SP362
Clepsis peritana,Clepsis peritana,Tortricidae,Clepsis,SP363,SP363
Hyblaea puera,Hyblaea puera,Hyblaeidae,Hyblaea,SP364,SP364
Pareuchaetes pseudoinsulata,Pareuchaetes pseudoinsulata,Erebidae,Pareuchaetes,SP365,SP365
Achaea janata,Achaea janata,Erebidae,Achaea,SP366,SP366
Adoxophyes melia,Adoxophyes melia,Tortricidae,Adoxophyes,SP367,SP367
Agathodes ostentalis,Agathodes ostentalis,Crambidae,Agathodes,SP368,SP368
Agonoxena pyrogramma,Agonoxena pyrogramma,Elachistidae,Agonoxena,SP369,SP369
Agrius convolvuli,Agrius convolvuli,Sphingidae,Agrius,SP370,SP370
Anisodes illepidaria,Perixera illepidaria,Geometridae,Perixera,SP371,SP771
Anua coronata,Thyas coronata,Erebidae,Thyas,SP372,SP1569
Anua tongaensis,Ophiusa disjungens,Erebidae,Ophiusa,SP373,SP510
Badamia exclamationis,Badamia exclamationis,Hesperiidae,Badamia,SP374,SP374
Crocidolomia pavenana,Crocidolomia pavonana,Crambidae,Crocidolomia,SP375,SP651
Cryptophlebia ombrodelta,Cryptophlebia ombrodelta,Tortricidae,Cryptophlebia,SP376,SP376
Cryptophlebia peltastica,Cryptophlebia peltastica,Tortricidae,Cryptophlebia,SP377,SP377
Dudua aprobola,Dudua aprobola,Tortricidae,Dudua,SP378,SP378
Eudocima fullonia,Eudocima phalonia,Erebidae,Eudocima,SP379,SP467
Euploea leucostictos,Euploea leucostictos,Nymphalidae,Euploea,SP380,SP380
Grammodes geometrica,Grammodes geometrica,Erebidae,Grammodes,SP381,SP381
Hippotion celerio,Hippotion celerio,Sphingidae,Hippotion,SP382,SP382
Hypolimnas bolina,Hypolimnas bolina,Nymphalidae,Hypolimnas,SP383,SP383
Hedylepta diemenalis,Omiodes diemenalis,Crambidae,Omiodes,SP384,SP1570
Marasmia trapezalis,Marasmia trapezalis,Crambidae,Cnaphalocrocis,SP385,SP385
Marasmia venilialis,Cnaphalocrocis poeyalis,Crambidae,Cnaphalocrocis,SP386,SP738
Melanitis leda,Melanitis leda,Nymphalidae,Melanitis,SP387,SP387
Mythimna loreyi,Leucania loreyi,Noctuidae,Leucania,SP388,SP756
Nymphula fluctuosalis,Parapoynx fluctuosalis,Crambidae,Parapoynx,SP389,SP516
Ostrinia furnacalis,Ostrinia furnacalis,Crambidae,Ostrinia,SP390,SP390
Papilio polytes,Papilio polytes,Papilionidae,Papilio,SP391,SP391
Penicillaria jocosatrix,Penicillaria jocosatrix,Euteliidae,Penicillaria,SP392,SP392
Pericyma cruegeri,Pericyma cruegeri,Erebidae,Pericyma,SP393,SP393
Sphenarches caffer,Sphenarches caffer,Pterophoridae,Sphenarches,SP394,SP394
Susumia exigua,Susumia exigua,Crambidae,Cnaphalocrocis,SP395,SP395
Theretra pinastrina,Theretra silhetensis,Sphingidae,Theretra,SP396,SP1571
Trissodoris guamensis,Trissodoris guamensis,Cosmopterigidae,Trissodoris,SP397,SP397
Abaeis nicippe,Abaeis nicippe,Pieridae,Abaeis,SP398,SP398
Achroia grisella,Achroia grisella,Pyralidae,Achroia,SP399,SP399
Acrolepiopsis sapporensis,Acrolepiopsis sapporensis,Glyphipterigidae,Acrolepia,SP400,SP400
Agonoxena argaula,Agonoxena argaula,Elachistidae,Agonoxena,SP401,SP401
Agraulis vanillae,Dione vanillae,Nymphalidae,Dione,SP402,SP1572
Agrius cingulata,Agrius cingulata,Sphingidae,Agrius,SP403,SP403
Alucita objurgatella,Alucita objurgatella,Alucitidae,Alucita,SP404,SP404
Amorbia emigratella,Amorbia emigratella,Tortricidae,Amorbia,SP405,SP405
Amyna axis,Amyna axis,Noctuidae,Amyna,SP406,SP406
Amyna natalis,Amyna natalis,Noctuidae,Amyna,SP407,SP407
Anacamptodes fragilaria,Iridopsis fragilaria,Geometridae,Iridopsis,SP408,SP575
Anarta edwardsii,Anarta edwardsii,Noctuidae,Anarta,SP409,SP409
Anatrachyntis incertulella,Pyroderces incertulella,Cosmopterigidae,Pyroderces,SP410,SP1573
Anstenoptilia marmarodactyla,Anstenoptilia marmarodactyla,Pterophoridae,Anstenoptilia,SP411,SP411
Antiblemma acclinalis,Antiblemma acclinalis,Erebidae,Antiblemma,SP412,SP412
Ascalapha odorata,Ascalapha odorata,Erebidae,Ascalapha,SP413,SP413
Assara seminivale,Assara seminivale,Pyralidae,Assara,SP414,SP414
Petrochroa dimorpha,Petrochroa dimorpha,Elachistidae,Petrochroa,SP415,SP415
Aphthonetus triaula,Aphthonetus triaula,Cosmopterigidae,Aphthonetus,SP416,SP416
Ategumia adipalis,Ategumia adipalis,Crambidae,Ategumia,SP417,SP417
Ategumia ebulealis,Ategumia ebulealis,Crambidae,Ategumia,SP418,SP418
Athetis thoracica,Athetis thoracica,Noctuidae,Athetis,SP419,SP419
Autosticha pelodes,Autosticha pelodes,Autostichidae,Autosticha,SP420,SP420
Bactra straminea,Bactra straminea,Tortricidae,Bactra,SP421,SP421
Bactra venosana,Bactra venosana,Tortricidae,Bactra,SP422,SP422
Bedellia orchilella,Bedellia orchilella,Bedelliidae,Bedellia,SP423,SP423
Blastobasis inana,Blastobasis inana,Blastobasidae,Blastobasis,SP424,SP424
Bocana manifestalis,Bocana manifestalis,Erebidae,Bocana,SP425,SP425
Bocchoris fatualis,Bocchoris fatualis,Crambidae,Bocchoris,SP426,SP426
Brachycyttarus griseus,Brachycyttarus griseus,Psychidae,Brachycyttarus,SP427,SP427
Bucculatrix thurberiella,Bucculatrix thurberiella,Bucculatricidae,Bucculatrix,SP428,SP428
Callopistria maillardi,Callopistria maillardi,Noctuidae,Callopistria,SP429,SP429
Caloptilia azaleella,Caloptilia azaleella,Gracillariidae,Caloptilia,SP430,SP430
Caloptilia coruscans,Caloptilia coruscans,Gracillariidae,Caloptilia,SP431,SP431
Caloptilia mabaella,Caloptilia mabaella,Gracillariidae,Caloptilia,SP432,SP432
Batrachedra microstigma,Batrachedra microstigma,Batrachedridae,Batrachedra,SP433,SP433
Dryadaula advena,Dryadaula advena,Dryadaulidae,Dryadaula,SP434,SP434
Condica dolorosa,Condica dolorosa,Noctuidae,Condica,SP435,SP435
Condica illecta,Condica illecta,Noctuidae,Condica,SP436,SP436
Crasimorpha infuscata,Crasimorpha infuscata,Gelechiidae,Crasimorpha,SP437,SP437
Cremastobombycia lantanella,Cremastobombycia lantanella,Gracillariidae,Cremastobombycia,SP438,SP438
Acleris zimmermani,Acleris zimmermani,Tortricidae,Acleris,SP439,SP439
Crypsithyrodes concolorella,Crypsithyrodes concolorella,Tineidae,Crypsithyrodes,SP440,SP440
Cryptophlebia illepida,Cryptophlebia illepida,Tortricidae,Cryptophlebia,SP441,SP441
Ctenoplusia albostriata,Ctenoplusia albostriata,Noctuidae,Ctenoplusia,SP442,SP442
Cyclophora nanaria,Cyclophora nanaria,Geometridae,Cyclophora,SP443,SP443
Erechthias flavistriata,Erechthias flavistriata,Tineidae,Erechthias,SP444,SP444
Erechthias kerri,Erechthias kerri,Tineidae,Erechthias,SP445,SP445
Erechthias penicillata,Erechthias penicillata,Tineidae,Erechthias,SP446,SP446
Daphnis nerii,Daphnis nerii,Sphingidae,Daphnis,SP447,SP447
Diastema tigris,Diastema tigris,Noctuidae,Diastema,SP448,SP448
Dichomeris acuminatus,Dichomeris acuminatus,Gelechiidae,Dichomeris,SP449,SP449
Dichomeris aenigmatica,Dichomeris aenigmatica,Gelechiidae,Dichomeris,SP450,SP450
Anarta trifolii,Anarta trifolii,Noctuidae,Anarta,SP451,SP451
Dryadaula terpsichorella,Dryadaula terpsichorella,Dryadaulidae,Dryadaula,SP452,SP452
Apomyelois ceratoniae,Apomyelois ceratoniae,Pyralidae,Apomyelois,SP453,SP453
Elaphria nucicolora,Elaphria nucicolora,Noctuidae,Elaphria,SP454,SP454
Elasmopalpus lignosella,Elasmopalpus lignosella,Pyralidae,Elasmopalpus,SP455,SP455
Leucocosmia nonagrica,Athetis nonagrica,Noctuidae,Athetis,SP456,SP1574
Endrosis sarcitrella,Endrosis sarcitrella,Oecophoridae,Endrosis,SP457,SP457
Ephestiodes gilvescentella,Ephestiodes gilvescentella,Pyralidae,Ephestiodes,SP458,SP458
Episimus unguiculus,Episimus unguiculus,Tortricidae,Episimus,SP459,SP459
Erechthias simulans,Erechthias simulans,Tineidae,Erechthias,SP460,SP460
Erechthias zebrina,Erechthias zebrina,Tineidae,Erechthias,SP461,SP461
Ethmia nigroapicella,Ethmia nigroapicella,Ethmiidae,Ethmia,SP462,SP462
Euacidalia brownsvillea,Euacidalia brownsvillea,Geometridae,Euacidalia,SP463,SP463
Eublemma accedens,Eublemma accedens,Noctuidae,Eublemma,SP464,SP464
Eublemma anachoresis,Eublemma anachoresis,Noctuidae,Eublemma,SP465,SP465
Euchromius ocellea,Euchromius ocellea,Crambidae,Euchromius,SP466,SP466
Eudocima phalonia,Eudocima phalonia,Erebidae,Eudocima,SP467,SP467
Feltia subterranea,Feltia subterranea,Noctuidae,Feltia,SP468,SP468
Gymnoscelis rufifasciata,Gymnoscelis rufifasciata,Geometridae,Gymnoscelis,SP469,SP469
Heliothis virescens,Heliothis virescens,Noctuidae,Heliothis,SP470,SP470
Hellula phidilealis,Hellula phidilealis,Crambidae,Hellula,SP471,SP471
Herpetogramma licarsisalis,Herpetogramma licarsisalis,Crambidae,Herpetogramma,SP472,SP472
Hippotion rosetta,Hippotion rosetta,Sphingidae,Hippotion,SP473,SP473
Hylephila phyleus,Hylephila phyleus,Hesperiidae,Hylephila,SP474,SP474
Hyles lineata,Hyles lineata,Sphingidae,Hyles,SP475,SP475
Hypena jussalis,Hypena jussalis,Erebidae,Hypena,SP476,SP476
Hypena laceratalis,Hypena commixtalis,Erebidae,Hypena,SP477,SP1575
Hypena strigatus,Hypena strigatus,Erebidae,Hypena,SP478,SP478
Hyperectis dioctias,Hyperectis dioctias,Crambidae,Hyperectis,SP479,SP479
Hypocala deflorata,Hypocala deflorata,Erebidae,Hypocala,SP480,SP480
Hypsopygia mauritialis,Hypsopygia mauritialis,Pyralidae,Hypsopygia,SP481,SP481
Imma mylias,Imma mylias,Immidae,Imma,SP482,SP482
Ithome concolorella,Periploca orichalcella,Cosmopterigidae,Periploca,SP483,SP557
Ithome lassula,Ithome lassula,Cosmopterigidae,Ithome,SP484,SP484
Leucania obsoleta,Leucania obsoleta,Noctuidae,Leucania,SP485,SP485
Mythimna loreyimima,Leucania loreyimima,Noctuidae,Leucania,SP486,SP558
Leucania scottii,Leucania scottii,Noctuidae,Leucania,SP487,SP487
Leucania striata,Leucania striata,Noctuidae,Leucania,SP488,SP488
Lindera tessellatella,Lindera tessellatella,Tineidae,Lindera,SP489,SP489
Lineodes ochrea,Lineodes ochrea,Crambidae,Lineodes,SP490,SP490
Lioptilodes parvus,Lioptilodes parvus,Pterophoridae,Lioptilodes,SP491,SP491
Lorita scarificata,Lorita scarificata,Tortricidae,Lorita,SP492,SP492
Lycophotia porphyrea,Lycophotia porphyrea,Noctuidae,Lycophotia,SP493,SP493
Psamatodes abydata,Macaria abydata,Geometridae,Macaria,SP494,SP584
Macroglossum pyrrhosticta,Macroglossum pyrrhosticta,Sphingidae,Macroglossum,SP495,SP495
Megalographa biloba,Megalographa biloba,Noctuidae,Megalographa,SP496,SP496
Melipotis indomita,Melipotis indomita,Erebidae,Melipotis,SP497,SP497
Melitara prodenialis,Melitara prodenialis,Pyralidae,Melitara,SP498,SP498
Mompha trithalama,Mompha trithalama,Momphidae,Mompha,SP499,SP499
Monopis crocicapitella,Monopis crocicapitella,Tineidae,Monopis,SP500,SP500
Monopis meliorella,Monopis meliorella,Tineidae,Monopis,SP501,SP501
Monopis monachella,Monopis monachella,Tineidae,Monopis,SP502,SP502
Nemapogon granella,Nemapogon granella,Tineidae,Nemapogon,SP503,SP503
Neogalea sunia,Neogalea sunia,Noctuidae,Neogalea,SP504,SP504
Niditinea fuscella,Niditinea fuscella,Tineidae,Niditinea,SP505,SP505
Nomophila noctuella,Nomophila noctuella,Crambidae,Nomophila,SP506,SP506
Hellinsia beneficus,Hellinsia beneficus,Pterophoridae,Hellinsia,SP507,SP507
Oinophila v-flava,Oinophila v-flava,Tineidae,Oinophila,SP508,SP508
Omphisa anastomosalis,Omphisa anastomosalis,Crambidae,Omphisa,SP509,SP509
Ophiusa disjungens,Ophiusa disjungens,Erebidae,Ophiusa,SP510,SP510
Opogona aurisquamosa,Opogona aurisquamosa,Tineidae,Opogona,SP511,SP511
Oraesia excavata,Oraesia excavata,Erebidae,Oraesia,SP512,SP512
Pandesma anysa,Pandesma anysa,Erebidae,Pandesma,SP513,SP513
Papilio xuthus,Papilio xuthus,Papilionidae,Papilio,SP514,SP514
Aphomia gularis,Paralipsa gularis,Pyralidae,Paralipsa,SP515,SP561
Parapoynx fluctuosalis,Parapoynx fluctuosalis,Crambidae,Parapoynx,SP516,SP516
Pectinophora scutigera,Pectinophora fusculella,Gelechiidae,Pectinophora,SP517,SP1576
Pempelia genistella,Pempelia genistella,Pyralidae,Pempelia,SP518,SP518
Pennisetia marginata,Pennisetia marginatum,Sesiidae,Pennisetia,SP519,SP1577
Peridroma saucia,Peridroma saucia,Noctuidae,Peridroma,SP520,SP520
Perittia lonicerae,Perittia lonicerae,Elachistidae,Perittia,SP521,SP521
Phoebis agarithe,Phoebis agarithe,Pieridae,Phoebis,SP522,SP522
Polydesma boarmoides,Polydesma boarmoides,Erebidae,Polydesma,SP523,SP523
Polydesma umbricola,Polydesma umbricola,Erebidae,Polydesma,SP524,SP524
Psilogramma increta,Psilogramma increta,Sphingidae,Psilogramma,SP525,SP525
Pyrausta perelegans,Pyrausta perelegans,Crambidae,Pyrausta,SP526,SP526
Orphanostigma haemorrhoidalis,Salbia haemorrhoidalis,Crambidae,Salbia,SP527,SP563
Scopula personata,Scopula personata,Geometridae,Scopula,SP528,SP528
Galtara extensa,Galtara extensa,Erebidae,Galtara,SP529,SP529
Rhynchopalpus brunella,Rhynchopalpus brunella,Nolidae,Rhynchopalpus,SP530,SP530
Simplicia caeneusalis,Simplicia cornicalis,Erebidae,Simplicia,SP531,SP298
Stenoptilodes littoralis,Stenoptilodes littoralis,Pterophoridae,Stenoptilodes,SP532,SP532
Stenoptilodes taprobanes,Stenoptilodes taprobanes,Pterophoridae,Stenoptilodes,SP533,SP533
Stictoptera cucullioides,Stictoptera cucullioides,Euteliidae,Stictoptera,SP534,SP534
Stoeberhinus testaceus,Stoeberhinus testaceus,Autostichidae,Stoeberhinus,SP535,SP535
Strymon bazochii,Strymon bazochii,Lycaenidae,Strymon,SP536,SP536
Tmolus echion,Tmolus echion,Lycaenidae,Tmolus,SP537,SP537
Elophila obliteralis,Elophila obliteralis,Crambidae,Elophila,SP538,SP538
Targalla delatrix,Targalla delatrix,Euteliidae,Targalla,SP539,SP539
Theretra nessus,Theretra nessus,Sphingidae,Theretra,SP540,SP540
Tinea pellionella,Tinea pellionella,Tineidae,Tinea,SP541,SP541
Anarta decepta,Anarta decepta,Noctuidae,Anarta,SP542,SP542
Trissodoris honorariella,Trissodoris honorariella,Cosmopterigidae,Trissodoris,SP543,SP543
Uresiphita polygonalis,Uresiphita polygonalis,Crambidae,Uresiphita,SP544,SP544
Usingeriessa onyxalis,Usingeriessa onyxalis,Crambidae,Usingeriessa,SP545,SP545
Vanessa atalanta,Vanessa atalanta,Nymphalidae,Vanessa,SP546,SP546
Vanessa cardui,Vanessa cardui,Nymphalidae,Vanessa,SP547,SP547
Vanessa virginiensis,Vanessa virginiensis,Nymphalidae,Vanessa,SP548,SP548
Zizina otis,Zizina otis,Lycaenidae,Zizina,SP549,SP549
Arcte coerula,Arcte coerula,Erebidae,Arcte,SP550,SP550
Pseudopyrausta santatalis,Pseudopyrausta santatalis,Crambidae,Pseudopyrausta,SP551,SP551
Coleophora klimeschiella,Coleophora klimeschiella,Coleophoridae,Coleophora,SP552,SP552
Miresa pallivitta,Oxyplax pallivitta,Limacodidae,Oxyplax,SP553,SP1554
Discestra trifolii,Anarta trifolii,Noctuidae,Anarta,SP554,SP451
Episimus utilis,Episimus unguiculus,Tortricidae,Episimus,SP555,SP459
Agrotis subterranea,Agrotis subterranea,Noctuidae,Agrotis,SP556,SP556
Periploca orichalcella,Periploca orichalcella,Cosmopterigidae,Periploca,SP557,SP557
Leucania loreyimima,Leucania loreyimima,Noctuidae,Leucania,SP558,SP558
Thessalia theona,Thessalia theona,Nymphalidae,Thessalia,SP559,SP559
Melittia oedipus,Melittia oedipus,Sesiidae,Melittia,SP560,SP560
Paralipsa gularis,Paralipsa gularis,Pyralidae,Paralipsa,SP561,SP561
Swezeyula lonicerae,Perittia lonicerae,Elachistidae,Perittia,SP562,SP521
Salbia haemorrhoidalis,Salbia haemorrhoidalis,Crambidae,Salbia,SP563,SP563
Synclita obliteralis,Synclita obliteralis,Crambidae,Synclita,SP564,SP564
Trichoclea postica,Anarta decepta,Noctuidae,Anarta,SP565,SP542
Berresa natalis,Amyna natalis,Noctuidae,Amyna,SP566,SP407
Trichoclea edwardsii,Anarta edwardsii,Noctuidae,Anarta,SP567,SP409
Strymon megarus,Thecla megarus,Lycaenidae,Thecla,SP568,SP1578
Acrolepia assectella,Acrolepia assectella,Glyphipterigidae,Acrolepia,SP569,SP569
Argyrogramma verruca,Argyrogramma verruca,Noctuidae,Argyrogramma,SP570,SP570
Choropleca terpsichorella,Dryadaula terpsichorella,Dryadaulidae,Dryadaula,SP571,SP452
Erechthias pelotricha,Erechthias pelotricha,Tineidae,Erechthias,SP572,SP572
Eucosma impatiens,Ancylis impatiens,Tortricidae,Ancylis,SP573,SP1579
Hypena strigata,Hypena strigatus,Erebidae,Hypena,SP574,SP478
Iridopsis fragilaria,Iridopsis fragilaria,Geometridae,Iridopsis,SP575,SP575
Lioptilodes albistriolatus,Lioptilodes albistriolatus,Pterophoridae,Lioptilodes,SP576,SP576
Mesophleps palpigera,Mesophleps palpigera,Gelechiidae,Mesophleps,SP577,SP577
Psilogramma menephron,Psilogramma menephron,Sphingidae,Psilogramma,SP578,SP578
Semiothisa santaremaria,Semiothisa santaremaria,Geometridae,Semiothisa,SP579,SP579
Stictoptera poecilosoma,Stictoptera poecilosoma,Euteliidae,Stictoptera,SP580,SP580
Trachylepidia fructicassiella,Trachylepidia fructicassiella,Pyralidae,Trachylepidia,SP581,SP581
Nyctemera apicalis,Nyctemera apicalis,Erebidae,Nyctemera,SP582,SP582
Dichomeris acuminata,Dichomeris acuminatus,Gelechiidae,Dichomeris,SP583,SP449
Macaria abydata,Macaria abydata,Geometridae,Macaria,SP584,SP584
Mythimna obsoleta,Leucania obsoleta,Noctuidae,Leucania,SP585,SP485
Neogalea esula,Neogalea sunia,Noctuidae,Neogalea,SP586,SP504
Selca brunella,Manoba brunellus,Nolidae,Manoba,SP587,SP1551
Lantanophaga pusillidactyla,Lantanophaga pusillidactylus,Pterophoridae,Lantanophaga,SP588,SP173
Elasmopalpus lignosellus,Elasmopalpus lignosella,Pyralidae,Elasmopalpus,SP589,SP455
Euchromius ocelleus,Euchromius ocellea,Crambidae,Euchromius,SP590,SP466
Hyposopygia mauritialis,Hypsopygia mauritialis,Pyralidae,Hypsopygia,SP591,SP481
Pseudopyrausta acutangulalis,Pseudopyrausta acutangulalis,Crambidae,Pseudopyrausta,SP592,SP592
Terastia subjectalis,Terastia subjectalis,Crambidae,Terastia,SP593,SP593
Hyalophora euryalus,Hyalophora euryalus,Saturniidae,Hyalophora,SP594,SP594
Macroglossum pyrrhostictum,Macroglossum pyrrhosticta,Sphingidae,Macroglossum,SP595,SP495
Oinophila v-flavum,Oinophila v-flava,Tineidae,Oinophila,SP596,SP508
Coleophora laricella,Coleophora laricella,Coleophoridae,Coleophora,SP597,SP597
Notocelia rosaecolana,Notocelia rosaecolana,Tortricidae,Notocelia,SP598,SP598
Stigmella multispicata,Stigmella multispicata,Nepticulidae,Stigmella,SP599,SP599
Striacosta albicosta,Striacosta albicosta,Noctuidae,Striacosta,SP600,SP600
Gonepteryx rhamni,Gonepteryx rhamni,Pieridae,Gonepteryx,SP601,SP601
Hesperia sylvanus,Ochlodes venata,Hesperiidae,Ochlodes,SP602,SP1580
Pontia edusa,Pontia edusa,Pieridae,Pontia,SP603,SP603
Nacoleia octasema,Nacoleia octasema,Crambidae,Nacoleia,SP604,SP604
Phyllonorycter ermani,Phyllonorycter ermani,Gracillariidae,Phyllonorycter,SP605,SP605
Chilo sacchariphagus,Chilo sacchariphagus,Crambidae,Chilo,SP606,SP606
Chrysaster hagicola,Chrysaster hagicola,Gracillariidae,Chrysaster,SP607,SP607
Parornix pfaffenzelleri,Parornix pfaffenzelleri,Gracillariidae,Parornix,SP608,SP608
Apatura ilia,Apatura ilia,Nymphalidae,Apatura,SP609,SP609
Aphantopus hyperantus,Aphantopus hyperantus,Nymphalidae,Aphantopus,SP610,SP610
Clossiana dia,Clossiana dia,Nymphalidae,Clossiana,SP611,SP611
Glaucopsyche alexis,Glaucopsyche alexis,Lycaenidae,Glaucopsyche,SP612,SP612
Hyponephele lycaon,Hyponephele lycaon,Nymphalidae,Hyponephele,SP613,SP613
Lopinga achine,Lopinga achine,Nymphalidae,Pararge,SP614,SP614
Lycaena dispar,Lycaena dispar,Lycaenidae,Lycaena,SP615,SP615
Nymphalis polychloros,Nymphalis polychloros,Nymphalidae,Nymphalis,SP616,SP616
Nymphalis vaualbum,Polygonia vaualbum,Nymphalidae,Polygonia,SP617,SP1581
Phyllocnistis gracilistylella,Phyllocnistis gracilistylella,Gracillariidae,Phyllocnistis,SP618,SP618
Phyllonorycter viciae,Phyllonorycter viciae,Gracillariidae,Phyllonorycter,SP619,SP619
Apatura iris,Apatura iris,Nymphalidae,Apatura,SP620,SP620
Colias croceus,Colias croceus,Pieridae,Colias,SP621,SP621
Limenitis camilla,Limenitis camilla,Nymphalidae,,SP622,SP622
Chrysaster ostensackenella,Chrysaster ostensackenella,Gracillariidae,Chrysaster,SP623,SP623
Coleophora coracipennella,Coleophora coracipennella,Coleophoridae,Coleophora,SP624,SP624
Stigmella atricapitella,Stigmella atricapitella,Nepticulidae,Stigmella,SP625,SP625
Dichrorampha acuminatana,Dichrorampha acuminatana,Tortricidae,Dichrorampha,SP626,SP626
Dichrorampha petiverella,Dichrorampha petiverella,Tortricidae,Dichrorampha,SP627,SP627
Xylophanes ploetzi,Xylophanes ploetzi,Sphingidae,Xylophanes,SP628,SP628
Lobesiodes euphorbiana,Lobesiodes euphorbiana,Tortricidae,Lobesiodes,SP629,SP629
Crocidolomia binotalis,Crocidolomia pavonana,Crambidae,Crocidolomia,SP630,SP651
Heliothis zea,Helicoverpa zea,Noctuidae,Helicoverpa,SP631,SP9
Heliothis armigera,Helicoverpa armigera,Noctuidae,Helicoverpa,SP632,SP23
Pseudaletia unipunctata,Mythimna unipuncta,Noctuidae,Mythimna,SP633,SP35
Hedya salicella,Hedya salicella,Tortricidae,Hedya,SP634,SP634
Spilonota ocellana,Spilonota ocellana,Tortricidae,Spilonota,SP635,SP635
Auratonota dispersa,Auratonota dispersa,Tortricidae,Auratonota,SP636,SP636
Eulepidotis mabis,Eulepidotis mabis,Erebidae,Eulepidotis,SP637,SP637
Pararcte schneideriana,Pararcte schneideriana,Erebidae,Pararcte,SP638,SP638
Phalaenophana fadusalis,Phalaenophana fadusalis,Erebidae,Phaeolita,SP639,SP639
Bedellia somnulentella,Bedellia somnulentella,Bedelliidae,Bedellia,SP640,SP640
Appias lyncida,Appias lyncida,Pieridae,Appias,SP641,SP641
Ariadne ariadne,Ariadne ariadne,Nymphalidae,Ariadne,SP642,SP642
Pieris canidia,Pieris canidia,Pieridae,Pieris,SP643,SP643
Parathyma perius,Parathyma perius,Nymphalidae,Parathyma,SP644,SP644
Artona funeralis,Artona funeralis,Zygaenidae,Artona,SP645,SP645
Borbo cinnara,Borbo cinnara,Hesperiidae,Borbo,SP646,SP646
Luthrodes pandava,Luthrodes pandava,Lycaenidae,Luthrodes,SP647,SP647
Chlumetia brevisigna,Chlumetia brevisigna,Euteliidae,Chlumetia,SP648,SP648
Conopomorpha litchiella,Conopomorpha litchiella,Gracillariidae,Conopomorpha,SP649,SP649
Conopomorpha sinensis,Conopomorpha sinensis,Gracillariidae,Conopomorpha,SP650,SP650
Crocidolomia pavonana,Crocidolomia pavonana,Crambidae,Crocidolomia,SP651,SP651
Cupha erymanthis,Cupha erymanthis,Nymphalidae,Cupha,SP652,SP652
Diacrotricha fasciola,Diacrotricha fasciola,Pterophoridae,Diacrotricha,SP653,SP653
Doloessa viridis,Doloessa viridis,Pyralidae,Doloessa,SP654,SP654
Eumeta japonica,Eumeta japonica,,,SP655,SP655
Euploea mulciber,Euploea mulciber,Nymphalidae,Euploea,SP656,SP656
Leptosia nina,Leptosia nina,Pieridae,Leptosia,SP657,SP657
Manatha taiwana,Manatha taiwana,Psychidae,Manatha,SP658,SP658
Macaldenia palumba,Macaldenia palumba,Erebidae,Macaldenia,SP659,SP659
Atrophaneura aristolochiae,Pachliopta aristolochiae,Papilionidae,Pachliopta,SP660,SP685
Parantica aglea,Parantica aglea,Nymphalidae,Parantica,SP661,SP661
Parapediasia teterrellus,Parapediasia teterellus,Crambidae,Parapediasia,SP662,SP1582
Parasa lepida,Parasa lepida,Limacodidae,Parasa,SP663,SP663
Pyralis farinalis,Pyralis farinalis,Pyralidae,Pyralis,SP664,SP664
Statherotis discana,Statherotis discana,Tortricidae,Statherotis,SP665,SP665
Suastus gremius,Suastus gremius,Hesperiidae,Suastus,SP666,SP666
Zizula hylax,Zizula hylax,Lycaenidae,Zizula,SP667,SP667
Spilonota laricana,Spilonota laricana,Tortricidae,Spilonota,SP668,SP668
Diatraea grandiosella,Diatraea grandiosella,Crambidae,Diatraea,SP669,SP669
Scrobipalpa aptatella,Scrobipalpa aptatella,Gelechiidae,Scrobipalpa,SP670,SP670
Cymolomia hartigiana,Cymolomia hartigiana,Tortricidae,Cymolomia,SP671,SP671
Depressaria radiella,Depressaria radiella,Depressariidae,Depressaria,SP672,SP672
Epiblema sticticana,Epiblema sticticana,Tortricidae,Epiblema,SP673,SP673
Epinotia abbreviana,Epinotia abbreviana,Tortricidae,Epinotia,SP674,SP674
Eucosma cana,Eucosma cana,Tortricidae,Eucosma,SP675,SP675
Dichrorampha montanana,Dichrorampha montanana,Tortricidae,Dichrorampha,SP676,SP676
Neurostrota gunniella,Neurostrota gunniella,Gracillariidae,Neurostrota,SP677,SP677
Callisto insperatella,Callisto insperatella,Gracillariidae,Callisto,SP678,SP678
Phyllonorycter lantanella,Phyllonorycter lantanella,Gracillariidae,Phyllonorycter,SP679,SP679
Argynnis niobe,Fabriciana niobe,Nymphalidae,Fabriciana,SP680,SP1583
Colias myrmidone,Colias myrmidone,Pieridae,Colias,SP681,SP681
Spodoptera cilium,Spodoptera cilium,Noctuidae,Spodoptera,SP682,SP682
Parapediasia teterrella,Parapediasia teterellus,Crambidae,Parapediasia,SP683,SP1582
Edales pandava,Edales pandava,Lycaenidae,Edales,SP684,SP684
Pachliopta aristolochiae,Pachliopta aristolochiae,Papilionidae,Pachliopta,SP685,SP685
Milionia basalis,Milionia basalis,Geometridae,Milionia,SP686,SP686
Hasora badra,Hasora badra,Hesperiidae,Hasora,SP687,SP687
Asota ficus,Asota ficus,Erebidae,Asota,SP688,SP688
Chilades pandava,Edales pandava,Lycaenidae,Edales,SP689,SP684
Athyma perius,Parathyma perius,Nymphalidae,Parathyma,SP690,SP644
Hestina assimilis,Hestina assimilis,Nymphalidae,Hestina,SP691,SP691
Phalanta phalantha,Phalanta phalantha,Nymphalidae,Phalanta,SP692,SP692
Acherontia lachesis,Acherontia lachesis,Sphingidae,Acherontia,SP693,SP693
Phyllonorycter pumilae,Phyllonorycter pumilae,Gracillariidae,Phyllonorycter,SP694,SP694
Dichrorampha aeratana,Dichrorampha aeratana,Tortricidae,Dichrorampha,SP695,SP695
Endothenia quadrimaculana,Endothenia quadrimaculana,Tortricidae,Endothenia,SP696,SP696
Hecatera dysodea,Hecatera dysodea,Noctuidae,Hecatera,SP697,SP697
Toulgoetarctia nigripuncta,Araeomolis nigripuncta,Erebidae,Araeomolis,SP698,SP1584
Colias hyale,Colias hyale,Pieridae,Colias,SP699,SP699
Acontia candefacta,Acontia candefacta,Noctuidae,Acontia,SP700,SP700
Epichoristodes acerbella,Epichoristodes acerbella,Tortricidae,Epichoristodes,SP701,SP701
Polyommatus icarus,Polyommatus icarus,Lycaenidae,Polyommatus,SP702,SP702
Polyommatus semiargus,Cyaniris semiargus,Lycaenidae,Cyaniris,SP703,SP1585
Malacosoma parallela,Malacosoma parallela,Lasiocampidae,Malacosoma,SP704,SP704
Parectopa robiniella,Parectopa robiniella,Gracillariidae,Parectopa,SP705,SP705
Melanargia russia,Melanargia japygia,Nymphalidae,Melanargia,SP706,SP1586
Coleophora frischella,Coleophora frischella,Coleophoridae,Coleophora,SP707,SP707
Phyllonorycter trifasciella,Phyllonorycter trifasciella,Gracillariidae,Phyllonorycter,SP708,SP708
Spinipogon harmozones,Spinipogon harmozones,Tortricidae,Spinipogon,SP709,SP709
Hypena opulenta,Hypena opulenta,Erebidae,Hypena,SP710,SP710
Fixsenia pruni,Fixsenia pruni,Lycaenidae,Fixsenia,SP711,SP711
Limenitis populi,Limenitis populi,Nymphalidae,Limenitis,SP712,SP712
Dichelia histrionana,Dichelia histrionana,Tortricidae,Dichelia,SP713,SP713
Yponomeuta malinellus,Yponomeuta padella,Yponomeutidae,Yponomeuta,SP714,SP1375
Brenthis ino,Brenthis ino,Nymphalidae,Brenthis,SP715,SP715
Herpetogramma basalis,Herpetogramma basalis,Crambidae,Herpetogramma,SP716,SP716
Acraea terpiscore,Acraea terpsicore,Nymphalidae,Acraea,SP717,SP92
Actinotia hyperici,Chloantha hyperici,Noctuidae,Chloantha,SP718,SP1587
Agonopterix alstroemeriana,Agonopterix alstroemeriana,Depressariidae,Agonopterix,SP719,SP719
Aglossa caprealis,Aglossa caprealis,Pyralidae,Aglossa,SP720,SP720
Anomis involuta,Zale minerea,Erebidae,Zale,SP721,SP1588
Antigastra catalaunalis,Antigastra catalaunalis,Crambidae,Antigastra,SP722,SP722
Aplocera efformata,Aplocera efformata,Geometridae,Aplocera,SP723,SP723
Aplocera plagiata,Aplocera plagiata,Geometridae,Aplocera,SP724,SP724
Macrorrhinia endonephele,Macrorrhinia endonephele,Pyralidae,Macrorrhinia,SP725,SP725
Aristotelia ivae,Aristotelia ivae,Gelechiidae,Aristotelia,SP726,SP726
Notioplusia illustrata,Notioplusia illustrata,Noctuidae,Notioplusia,SP727,SP727
Bombyx mori,Bombyx mori,Bombycidae,Bombyx,SP728,SP728
Bradyrrhoa gilveolella,Bradyrrhoa gilveolella,Pyralidae,Bradyrrhoa,SP729,SP729
Bucculatrix gossypii,Bucculatrix gossypii,Bucculatricidae,Bucculatrix,SP730,SP730
Bucculatrix ivella,Bucculatrix ivella,Bucculatricidae,Bucculatrix,SP731,SP731
Bucculatrix parthenica,Bucculatrix parthenica,Bucculatricidae,Bucculatrix,SP732,SP732
Chamaesphecia mysiniformis,Chamaesphecia mysiniformis,Sesiidae,Chamaesphecia,SP733,SP733
Chilo polychrysa,Chilo polychrysa,Crambidae,Chilo,SP734,SP734
Chlumetia euthysticha,Chlumetia euthysticha,Euteliidae,Chlumetia,SP735,SP735
Citripestis eutraphera,Citripestis eutraphera,Pyralidae,Citripestis,SP736,SP736
Cnaphalocrocis medinalis,Cnaphalocrocis medinalis,Crambidae,Cnaphalocrocis,SP737,SP737
Cnaphalocrocis poeyalis,Cnaphalocrocis poeyalis,Crambidae,Cnaphalocrocis,SP738,SP738
Eublemma scitula,Eublemma scitula,Noctuidae,Eublemma,SP739,SP739
Cochylis atricapitana,Cochylis atricapitana,Tortricidae,Cochylis,SP740,SP740
Coleophora alcyonipennella,Coleophora alcyonipennella,Coleophoridae,Coleophora,SP741,SP741
Comostolopsis germana,Comostolopsis germana,Geometridae,Comostolopsis,SP742,SP742
Cryptoblabes adoceta,Cryptoblabes adoceta,Pyralidae,Cryptoblabes,SP743,SP743
Deanolis sublimbalis,Deanolis sublimbalis,Crambidae,Deanolis,SP744,SP744
Dialectica scalariella,Dialectica scalariella,Gracillariidae,Dialectica,SP745,SP745
Ectaga garcia,Ectaga garcia,Depressariidae,Ectaga,SP746,SP746
Epiblema strenuana,Epiblema strenuana,Tortricidae,Epiblema,SP747,SP747
Euclasta gigantalis,Euclasta gigantalis,Crambidae,Euclasta,SP748,SP748
Eudocima jordani,Eudocima jordani,Erebidae,Eudocima,SP749,SP749
Eudocima salaminia,Eudocima salaminia,Erebidae,Eudocima,SP750,SP750
Grammodes stolida,Grammodes stolida,Erebidae,Grammodes,SP751,SP751
Helicoverpa assulta,Helicoverpa assulta,Noctuidae,Helicoverpa,SP752,SP752
Hellinsia balanotes,Hellinsia balanotes,Pterophoridae,Hellinsia,SP753,SP753
Ischyja manlia,Ischyja manlia,Erebidae,Ischyja,SP754,SP754
Leptocneria reducta,Leptocneria reducta,Erebidae,Leptocneria,SP755,SP755
Leucania loreyi,Leucania loreyi,Noctuidae,Leucania,SP756,SP756
Leucania stenographa,Leucania stenographa,Noctuidae,Leucania,SP757,SP757
Leucoptera spartifoliella,Leucoptera spartifoliella,Lyonetiidae,Leucoptera,SP758,SP758
Lorita baccharivora,Lorita baccharivora,Tortricidae,Lorita,SP759,SP759
Loxomorpha flavidissimalis,Loxomorpha flavidissimalis,Crambidae,Loxomorpha,SP760,SP760
Mampava rhodoneura,Mampava rhodoneura,Pyralidae,Mampava,SP761,SP761
Melitara dentata,Melitara dentata,Pyralidae,Melitara,SP762,SP762
Niphograpta albiguttalis,Niphograpta albiguttalis,Crambidae,Niphograpta,SP763,SP763
Melitara junctolineella,Melitara junctolineella,Pyralidae,Melitara,SP764,SP764
Ophiusa coronata,Thyas coronata,Erebidae,Thyas,SP765,SP1569
Ophiusa tirhaca,Ophiusa tirhaca,Erebidae,Ophiusa,SP766,SP766
Ophiusa trapezium,Ophiusa trapezium,Erebidae,Ophiusa,SP767,SP767
Oraesia emarginata,Oraesia emarginata,Erebidae,Oraesia,SP768,SP768
Oxyodes scrobiculata,Oxyodes scrobiculata,Erebidae,Oxyodes,SP769,SP769
Patagoniodes farinaria,Patagoniodes farinaria,Pyralidae,Patagoniodes,SP770,SP770
Perixera illepidaria,Perixera illepidaria,Geometridae,Perixera,SP771,SP771
Psorosticha zizyphi,Psorosticha zizyphi,Depressariidae,Psorosticha,SP772,SP772
Pyropteron doryliformis,Pyropteron doryliformis,Sesiidae,Pyropteron,SP773,SP773
Samea multiplicalis,Samea multiplicalis,Crambidae,Samea,SP774,SP774
Samia cynthia,Samia cynthia,Saturniidae,Samia,SP775,SP775
Scirpophaga innotata,Scirpophaga innotata,Crambidae,Scirpophaga,SP776,SP776
Serrodes mediopallens,Serrodes mediopallens,Erebidae,Serrodes,SP777,SP777
Sphenarches anisodactylus,Sphenarches anisodactylus,Pterophoridae,Sphenarches,SP778,SP778
Spulerina isonoma,Spulerina isonoma,Gracillariidae,Spulerina,SP779,SP779
Symmetrischema tangolias,Symmetrischema tangolias,Gelechiidae,Symmetrischema,SP780,SP780
Synanthedon tipuliformis,Synanthedon tipuliformis,Sesiidae,Synanthedon,SP781,SP781
Thysanoplusia orichalcea,Thysanoplusia orichalcea,Noctuidae,Thysanoplusia,SP782,SP782
Tinea columbariella,Tinea columbariella,Tineidae,Tinea,SP783,SP783
Tinea dubiella,Tinea dubiella,Tineidae,Tinea,SP784,SP784
Tinea flavescentella,Tinea flavescentella,Tineidae,Tinea,SP785,SP785
Tinea murariella,Tinea murariella,Tineidae,Tinea,SP786,SP786
Tinea pallescentella,Tinea pallescentella,Tineidae,Tinea,SP787,SP787
Trichophaga tapetzella,Trichophaga tapetzella,Tineidae,Trichophaga,SP788,SP788
Tucumania tapiacola,Tucumania tapiacola,Pyralidae,Tucumania,SP789,SP789
Tyria jacobaeae,Tyria jacobaeae,Erebidae,Tyria,SP790,SP790
Wheeleria spilodactylus,Wheeleria spilodactylus,Pterophoridae,Wheeleria,SP791,SP791
Xubida infusellus,Xubida infusellus,Crambidae,Xubida,SP792,SP792
Aglossa dimidiatus,Aglossa dimidiatus,Pyralidae,Aglossa,SP793,SP793
Grapholita dimorpha,Grapholita dimorpha,Tortricidae,Grapholita,SP794,SP794
Lebeda nobilis,Lebeda nobilis,Lasiocampidae,Lebeda,SP795,SP795
Loxostege sticticalis,Loxostege sticticalis,Crambidae,Loxostege,SP796,SP796
Martyringa xeraula,Martyringa xeraula,Lecithoceridae,Martyringa,SP797,SP797
Pontia daplidice,Pontia daplidice,Pieridae,Pontia,SP798,SP798
Sericinus montela,Sericinus montela,Papilionidae,Sericinus,SP799,SP799
Sinibotys butleri,Crocidophora butleri,Crambidae,Crocidophora,SP800,SP969
Spilonota lechriaspis,Spilonota lechriaspis,Tortricidae,Spilonota,SP801,SP801
Stenoptilia zophodactylus,Stenoptilia zophodactylus,Pterophoridae,Stenoptilia,SP802,SP802
Thymelicus lineola,Thymelicus lineola,Hesperiidae,Thymelicus,SP803,SP803
Tongeia filicaudis,Tongeia filicaudis,Lycaenidae,Tongeia,SP804,SP804
Achyra affinitalis,Achyra affinitalis,Crambidae,Achyra,SP805,SP805
Acleris comariana,Acleris comariana,Tortricidae,Acleris,SP806,SP806
Gracilaria alysidota,Parectopa alysidota,Gracillariidae,Parectopa,SP807,SP1589
Acrocercops laciniella,Acrocercops laciniella,Gracillariidae,Acrocercops,SP808,SP808
Aglossa pinguinalis,Aglossa pinguinalis,Pyralidae,Aglossa,SP809,SP809
Agonopterix assimillella,Agonopterix assimilella,Depressariidae,Agonopterix,SP810,SP974
Agonopterix umbellana,Agonopterix umbellana,Depressariidae,Agonopterix,SP811,SP811
Anarsia dryinopa,Anarsia dryinopa,Gelechiidae,Anarsia,SP812,SP812
Anisoplaca cosmia,Anisoplaca cosmia,Gelechiidae,Anisoplaca,SP813,SP813
Artigisa melanephele,Artigisa melanephele,Erebidae,Artigisa,SP814,SP814
Artona martini,Artona martini,Zygaenidae,Artona,SP815,SP815
Athetis tenuis,Athetis tenuis,Noctuidae,Athetis,SP816,SP816
Balanomis encyclia,Balanomis encyclia,Pyralidae,Balanomis,SP817,SP817
Barea codrella,Barea codrella,Oecophoridae,Barea,SP818,SP818
Barea confusella,Barea confusella,Oecophoridae,Barea,SP819,SP819
Barea consignatella,Barea consignatella,Oecophoridae,Barea,SP820,SP820
Barea exarcha,Barea exarcha,Oecophoridae,Barea,SP821,SP821
Bilobata subsecivella,Bilobata subsecivella,Gelechiidae,Bilobata,SP822,SP822
Blastobasis marmorosella,Blastobasis marmorosella,Blastobasidae,Blastobasis,SP823,SP823
Blastobasis tarda,Blastobasis tarda,Blastobasidae,Blastobasis,SP824,SP824
Angustalius malacelloides,Bleszynskia malacelloides,Crambidae,Bleszynskia,SP825,SP975
Sperchia intractana,Sperchia intractana,Tortricidae,Sperchia,SP826,SP826
Carposina neurophorella,Carposina neurophorella,Carposinidae,Carposina,SP827,SP827
Cebysa leucotelus,Cebysa leucotelus,Psychidae,Cebysa,SP828,SP828
Chloroclystis filata,Chloroclystis filata,Geometridae,Chloroclystis,SP829,SP829
Chrysoesthia drurella,Chrysoesthia drurella,Gelechiidae,Chrysoesthia,SP830,SP830
Merophyas divulsana,Merophyas divulsana,Tortricidae,Merophyas,SP831,SP831
Coleophora mayrella,Coleophora mayrella,Coleophoridae,Coleophora,SP832,SP832
Coleophora striatipennella,Coleophora striatipennella,Coleophoridae,Coleophora,SP833,SP833
Coscinoptycha improbana,Coscinoptycha improbana,Carposinidae,Coscinoptycha,SP834,SP834
Cosmodes elegans,Cosmodes elegans,Noctuidae,Cosmodes,SP835,SP835
Cosmopterix attenuatella,Cosmopterix attenuatella,Cosmopterigidae,Cosmopterix,SP836,SP836
Ctenoplusia limbirena,Ctenoplusia limbirena,Noctuidae,Ctenoplusia,SP837,SP837
Culladia cuneiferellus,Culladia cuneiferellus,Crambidae,Culladia,SP838,SP838
Cyclophora obstataria,Cyclophora obstataria,Geometridae,Cyclophora,SP839,SP839
Cydia succedana,Cydia succedana,Tortricidae,Cydia,SP840,SP840
Dasypodia cymatodes,Dasypodia cymatodes,Erebidae,Dasypodia,SP841,SP841
Dasypodia selenophora,Dasypodia selenophora,Erebidae,Dasypodia,SP842,SP842
Ephestiopsis oenobarella,Ephestiopsis oenobarella,Pyralidae,Ephestiopsis,SP843,SP843
Erechthias capnitis,Erechthias capnitis,Tineidae,Erechthias,SP844,SP844
Eutorna phaulocosma,Eutorna phaulocosma,Depressariidae,Eutorna,SP845,SP845
Gauna aegusalis,Gauna aegusalis,Pyralidae,Gauna,SP846,SP846
Glyphipterix simpliciella,Glyphipterix simpliciella,Glyphipterigidae,Glyphipterix,SP847,SP847
Glyphodes onychinalis,Glyphodes onychinalis,Crambidae,Glyphodes,SP848,SP848
Haritalodes derogata,Haritalodes derogata,Crambidae,Haritalodes,SP849,SP849
Heliozela catoptrias,Heliozela catoptrias,Heliozelidae,Heliozela,SP850,SP850
Isotenes miserana,Isotenes miserana,Tortricidae,Isotenes,SP851,SP851
Lecithocera micromela,Lecithocera micromela,Lecithoceridae,Lecithocera,SP852,SP852
Lepidoscia heliochares,Lepidoscia heliochares,Psychidae,Lepidoscia,SP853,SP853
Lepidoscia protorna,Lepidoscia protorna,Psychidae,Lepidoscia,SP854,SP854
Leptocroca sanguinolenta,Leptocroca sanguinolenta,Oecophoridae,Leptocroca,SP855,SP855
Limenitis glorifica,Ladoga camilla,Nymphalidae,Ladoga,SP856,SP1590
Macarostola ida,Macarostola ida,Gracillariidae,Macarostola,SP857,SP857
Aristotelia leptocrossa,Monochroa hornigi,Gelechiidae,Monochroa,SP858,SP1591
Monopis argillacea,Monopis argillacea,Tineidae,Monopis,SP859,SP859
Monopis ethelella,Monopis ethelella,Tineidae,Monopis,SP860,SP860
Morosaphycita oculiferella,Morosaphycita oculiferella,Pyralidae,Morosaphycita,SP861,SP861
Musotima ochropteralis,Musotima ochropteralis,Pyralidae,Musotima,SP862,SP862
Mythimna separata,Mythimna separata,Noctuidae,Mythimna,SP863,SP863
Nyctemera amicus,Nyctemera amicus,Erebidae,Nyctemera,SP864,SP864
Oegoconia caradjai,Oegoconia caradjai,Autostichidae,Oegoconia,SP865,SP865
Opodiphthera eucalypti,Opodiphthera eucalypti,Saturniidae,Opodiphthera,SP866,SP866
Opogona comptella,Opogona comptella,Tineidae,Opogona,SP867,SP867
Opsitycha squalidella,Opsitycha squalidella,Oecophoridae,Opsitycha,SP868,SP868
Pantydia sparsa,Pantydia sparsa,Erebidae,Pantydia,SP869,SP869
Parochmastis hilderi,Parochmastis hilderi,Tineidae,Parochmastis,SP870,SP870
Phalaenoides glycinae,Phalaenoides glycinae,Noctuidae,Phalaenoides,SP871,SP871
Philobota chionoptera,Philobota chionoptera,Oecophoridae,Philobota,SP872,SP872
Phrissogonus laticostata,Phrissogonus laticostata,Geometridae,Phrissogonus,SP873,SP873
Platyptilia isodactyla,Platyptilia isodactylus,Pterophoridae,Platyptilia,SP874,SP979
Polysoma eumetalla,Polysoma eumetalla,Gracillariidae,Polysoma,SP875,SP875
Porphyrosela hardenbergiella,Porphyrosela hardenbergiella,Gracillariidae,Porphyrosela,SP876,SP876
Prays nephelomima,Prays nephelomima,Praydidae,Prays,SP877,SP877
Proteuxoa sanguinipuncta,Proteuxoa sanguinipuncta,Noctuidae,Proteuxoa,SP878,SP878
Sarisophora leucoscia,Sarisophora leucoscia,Lecithoceridae,Sarisophora,SP879,SP879
Scrobipalpa obsoletella,Scrobipalpa obsoletella,Gelechiidae,Scrobipalpa,SP880,SP880
Sigilliclystis insigillata,Chloroclystis insigillata,Geometridae,Chloroclystis,SP881,SP980
Sphyrelata amotella,Sphyrelata amotella,Oecophoridae,Sphyrelata,SP882,SP882
Stathmopoda cephalaea,Stathmopoda cephalaea,Stathmopodidae,Stathmopoda,SP883,SP883
Stathmopoda crocophanes,Stathmopoda crocophanes,Stathmopodidae,Stathmopoda,SP884,SP884
Stathmopoda melanochra,Stathmopoda melanochra,Stathmopodidae,Stathmopoda,SP885,SP885
Stegommata leptomitella,Stegommata leptomitella,Lyonetiidae,Stegommata,SP886,SP886
Stegommata sulfuratella,Stegommata sulfuratella,Lyonetiidae,Stegommata,SP887,SP887
Stericta carbonalis,Stericta carbonalis,Pyralidae,Stericta,SP888,SP888
Stigmella microtheriella,Stigmella microtheriella,Nepticulidae,Stigmella,SP889,SP889
Strepsicrates infensa,Strepsicrates infensa,Tortricidae,Strepsicrates,SP890,SP890
Strepsicrates macropetana,Strepsicrates macropetana,Tortricidae,Strepsicrates,SP891,SP891
Symmetrischema striatella,Symmetrischema striatella,Gelechiidae,Symmetrischema,SP892,SP892
Tachystola acroxantha,Tachystola acroxantha,Oecophoridae,Tachystola,SP893,SP893
Tachystola hemisema,Tachystola hemisema,Oecophoridae,Tachystola,SP894,SP894
Trachypepla indolescens,Trachypepla indolescens,Oecophoridae,Trachypepla,SP895,SP895
Uraba lugens,Uraba lugens,Nolidae,Uraba,SP896,SP896
Uresiphita ornithopteralis,Uresiphita ornithopteralis,Crambidae,Uresiphita,SP897,SP897
Zomariana doxasticana,Zomariana doxasticana,Tortricidae,Zomariana,SP898,SP898
Aristaea thalassias,Aristaea thalassias,Gracillariidae,Aristaea,SP899,SP899
Carposina autologa,Carposina autologa,Carposinidae,Carposina,SP900,SP900
Pareuchaetes insulata,Pareuchaetes insulata,Erebidae,Pareuchaetes,SP901,SP901
Palpita persimilis,Palpita persimilis,Crambidae,Palpita,SP902,SP902
Oiketicus kirbyi,Oiketicus kirbyi,Psychidae,Oiketicus,SP903,SP903
Achyra similalis,Achyra similalis,Crambidae,Achyra,SP904,SP904
Anacampsis humilis,Anacampsis humilis,Gelechiidae,Anacampsis,SP905,SP905
Agonopterix ulicetella,Agonopterix ulicetella,Depressariidae,Agonopterix,SP906,SP906
Helicoverpa titicacae,Helicoverpa titicacae,Noctuidae,Helicoverpa,SP907,SP907
Homoeographa lamceolella,Homoeographa lanceolella,,Homoeographa,SP908,SP1592
Scrobipalpula densata,Scrobipalpula densata,Gelechiidae,Scrobipalpula,SP909,SP909
Strepsicrates semicanella,Strepsicrates semicanella,Tortricidae,Strepsicrates,SP910,SP910
Argyresthia cupressella,Argyresthia cupressella,Argyresthiidae,Argyresthia,SP911,SP911
Argyresthia trifasciata,Argyresthia trifasciata,Argyresthiidae,Argyresthia,SP912,SP912
Barea asbolaea,Barea asbolaea,Oecophoridae,Barea,SP913,SP913
Bisigna procerella,Schiffermuelleria procerella,Oecophoridae,Schiffermuelleria,SP914,SP1593
Bucculatrix ulmifoliae,Bucculatrix ulmifoliae,Bucculatricidae,Bucculatrix,SP915,SP915
Caloptilia rufipennella,Caloptilia rufipennella,Gracillariidae,Caloptilia,SP916,SP916
Caradrina kadenii,Caradrina kadenii,Noctuidae,Caradrina,SP917,SP917
Catocala fraxini,Catocala fraxini,Erebidae,Catocala,SP918,SP918
Clostera anachoreta,Clostera anachoreta,Notodontidae,Clostera,SP919,SP919
Cochylis molliculana,Cochylis molliculana,Tortricidae,Cochylis,SP920,SP920
Coleophora aestuariella,Coleophora aestuariella,Coleophoridae,Coleophora,SP921,SP921
Coleophora calycotomella,Coleophora calycotomella,Coleophoridae,Coleophora,SP922,SP922
Coleophora fuscicornis,Coleophora fuscicornis,Coleophoridae,Coleophora,SP923,SP923
Coleophora linosyridella,Coleophora linosyridella,Coleophoridae,Coleophora,SP924,SP924
Conistra rubiginosa,Conistra rubiginosa,Noctuidae,Conistra,SP925,SP925
Cosmopterix pulchrimella,Cosmopterix pulchrimella,Cosmopterigidae,Cosmopterix,SP926,SP926
Cryphia algae,Cryphia algae,Noctuidae,Cryphia,SP927,SP927
Cyclophora puppillaria,Cyclophora puppillaria,Geometridae,Cyclophora,SP928,SP928
Cyclophora ruficiliaria,Cyclophora ruficiliaria,Geometridae,Cyclophora,SP929,SP929
Cydia illutana,Cydia illutana,Tortricidae,Cydia,SP930,SP930
Cydia medicaginis,Cydia medicaginis,Tortricidae,Cydia,SP931,SP931
Dioryctria schuetzeella,Dioryctria schuetzeella,Pyralidae,Dioryctria,SP932,SP932
Dioryctria sylvestrella,Dioryctria sylvestrella,Pyralidae,Dioryctria,SP933,SP933
Dryobota labecula,Dryobota labecula,Noctuidae,Dryobota,SP934,SP934
Dryobotodes tenebrosa,Dryobotodes tenebrosa,Noctuidae,Dryobotodes,SP935,SP935
Ectoedemia erythrogenella,Ectoedemia erythrogenella,Nepticulidae,Ectoedemia,SP936,SP936
Ectoedemia hannoverella,Ectoedemia hannoverella,Nepticulidae,Ectoedemia,SP937,SP937
Ectoedemia heringella,Ectoedemia heringella,Nepticulidae,Ectoedemia,SP938,SP938
Ectoedemia sericopeza,Etainia sericopeza,Nepticulidae,Etainia,SP939,SP1308
Coptotriche heinemanni,Coptotriche heinemanni,Tischeriidae,Coptotriche,SP940,SP940
Eucosma metzneriana,Eucosma metzneriana,Tortricidae,Eucosma,SP941,SP941
Eupithecia ultimaria,Eupithecia ultimaria,Geometridae,Eupithecia,SP942,SP942
Evergestis limbata,Evergestis limbata,Crambidae,Evergestis,SP943,SP943
Gelechia senticetella,Gelechia senticetella,Gelechiidae,Gelechia,SP944,SP944
Friedlanderia cicatricella,Friedlanderia cicatricella,Crambidae,Friedlanderia,SP945,SP945
Hyles gallii,Hyles gallii,Sphingidae,Hyles,SP946,SP946
Hypena obsitalis,Hypena obsitalis,Erebidae,Hypena,SP947,SP947
Lampronia flavimitrella,Incurvaria flavimitrella,Incurvariidae,Incurvaria,SP948,SP1594
Macaria signaria,Macaria signaria,Geometridae,Macaria,SP949,SP949
Macdunnoughia confusa,Macdunnoughia confusa,Noctuidae,Macdunnoughia,SP950,SP950
Monochroa moyses,Monochroa moyses,Gelechiidae,Monochroa,SP951,SP951
Monochroa niphognatha,Monochroa niphognatha,Gelechiidae,Monochroa,SP952,SP952
Musotima nitidalis,Musotima nitidalis,Pyralidae,Musotima,SP953,SP953
Mythimna albipuncta,Mythimna albipuncta,Noctuidae,Mythimna,SP954,SP954
Noctua janthina,Noctua janthina,Noctuidae,Noctua,SP955,SP955
Pechipogo plumigeralis,Pechipogo plumigeralis,Erebidae,Pechipogo,SP956,SP956
Pennisetia hylaeiformis,Pennisetia hylaeiformis,Sesiidae,Pennisetia,SP957,SP957
Peribatodes secundaria,Peribatodes secundaria,Geometridae,Peribatodes,SP958,SP958
Phyllocnistis xenia,Phyllocnistis xenia,Gracillariidae,Phyllocnistis,SP959,SP959
Phyllonorycter leucographella,Phyllonorycter leucographella,Gracillariidae,Phyllonorycter,SP960,SP960
Prays peregrina,Prays peregrina,Praydidae,Prays,SP961,SP961
Pseudocoremia suavis,Pseudocoremia suavis,Geometridae,Pseudocoremia,SP962,SP962
Sciota adelphella,Sciota adelphella,Pyralidae,Sciota,SP963,SP963
Sclerocona acutella,Sclerocona acutella,Crambidae,Calamochrous,SP964,SP964
Scythris inspersella,Scythris inspersella,Scythrididae,Scythris,SP965,SP965
Thera cupressata,Thera cupressata,Geometridae,Thera,SP966,SP966
Tinagma balteolella,Tinagma balteolella,Douglasiidae,Tinagma,SP967,SP967
Vitula biviella,Vitula biviella,Pyralidae,Vitula,SP968,SP968
Crocidophora butleri,Crocidophora butleri,Crambidae,Crocidophora,SP969,SP969
Curetis acuta,Curetis acuta,Lycaenidae,Curetis,SP970,SP970
Papilio helenus,Papilio helenus,Papilionidae,Papilio,SP971,SP971
Eurema mandarina,Eurema mandarina,Pieridae,Eurema,SP972,SP972
Eumeta variegata,Eumeta variegatus,Psychidae,Eumeta,SP973,SP1595
Agonopterix assimilella,Agonopterix assimilella,Depressariidae,Agonopterix,SP974,SP974
Bleszynskia malacelloides,Bleszynskia malacelloides,Crambidae,Bleszynskia,SP975,SP975
Capua intractana,Capua intractana,Tortricidae,Capua,SP976,SP976
Depressaria pastinacella,Depressaria pastinacella,Depressariidae,Depressaria,SP977,SP977
Chloroclystis laticostata,Chloroclystis laticostata,Geometridae,Chloroclystis,SP978,SP978
Platyptilia isodactylus,Platyptilia isodactylus,Pterophoridae,Platyptilia,SP979,SP979
Chloroclystis insigillata,Chloroclystis insigillata,Geometridae,Chloroclystis,SP980,SP980
Stathmopoda auriferella,Stathmopoda auriferella,Stathmopodidae,Stathmopoda,SP981,SP981
Acalyptris platani,Acalyptris platani,Nepticulidae,Acalyptris,SP982,SP982
Sibine apicalis,Sibine apicalis,Limacodidae,Sibine,SP983,SP983
Acleris undulana,Acleris undulana,Tortricidae,Acleris,SP984,SP984
Acontia crocata,Acontia crocata,Noctuidae,Acontia,SP985,SP985
Actias selene,Actias selene,Saturniidae,Actias,SP986,SP986
Adoxophyes privatana,Adoxophyes privatana,Tortricidae,Adoxophyes,SP987,SP987
Eudocima tyrannus,Eudocima tyrannus,Erebidae,Eudocima,SP988,SP988
Aethes rubiginana,Aethes rubiginana,Tortricidae,Aethes,SP989,SP989
Anatrachyntis simplex,Anatrachyntis simplex,Cosmopterigidae,Anatrachyntis,SP990,SP990
Antheraea yamamai,Antheraea yamamai,Saturniidae,Antheraea,SP991,SP991
Mythimna languida,Mythimna languida,Noctuidae,Mythimna,SP992,SP992
Anchonoma xaraula,Anchonoma xaraula,Lecithoceridae,Martyringa,SP993,SP993
Anomis erosa,Anomis erosa,Erebidae,Anomis,SP994,SP994
Antheraea paphia,Antheraea paphia,Saturniidae,Antheraea,SP995,SP995
Antheraea polyphemus,Antheraea polyphemus,Saturniidae,Antheraea,SP996,SP996
Antichloris eriphia,Antichloris eriphia,Erebidae,Antichloris,SP997,SP997
Antichloris steinbachi,Antichloris steinbachi,Erebidae,Antichloris,SP998,SP998
Antichloris viridis,Antichloris viridis,Erebidae,Antichloris,SP999,SP999
Apamea crenata,Apamea crenata,Noctuidae,Apamea,SP1000,SP1000
Apamea remissa,Apamea remissa,Noctuidae,Apamea,SP1001,SP1001
Aphnaeus schistacea,Aphnaeus schistacea,Lycaenidae,Aphnaeus,SP1002,SP1002
Aphomia sabella,Arenipses sabella,Pyralidae,Arenipses,SP1003,SP1200
Argyresthia laevigatella,Argyresthia laevigatella,Argyresthiidae,Argyresthia,SP1004,SP1004
Argyresthia thuiella,Argyresthia thuiella,Argyresthiidae,Argyresthia,SP1005,SP1005
Blastobasis adustella,Blastobasis adustella,Blastobasidae,Blastobasis,SP1006,SP1006
Apopestes spectrum,Apopestes spectrum,Erebidae,Apopestes,SP1007,SP1007
Aproaerema anthyllidella,Aproaerema anthyllidella,Gelechiidae,Aproaerema,SP1008,SP1008
Argyresthia curvella,Argyresthia curvella,Argyresthiidae,Argyresthia,SP1009,SP1009
Argyresthia fundella,Argyresthia fundella,Argyresthiidae,Argyresthia,SP1010,SP1010
Autosticha modicella,Autosticha modicella,Autostichidae,Autosticha,SP1011,SP1011
Batrachedra knabi,Batrachedra knabi,Batrachedridae,Batrachedra,SP1012,SP1012
Blastobasis decolorella,Blastobasis decolorella,Blastobasidae,Blastobasis,SP1013,SP1013
Blastobasis glandulella,Blastobasis glandulella,Blastobasidae,Blastobasis,SP1014,SP1014
Blastobasis lacticolella,Blastobasis lacticolella,Blastobasidae,Blastobasis,SP1015,SP1015
Blastobasis maroccanella,Blastobasis maroccanella,Blastobasidae,Blastobasis,SP1016,SP1016
Blastobasis vittata,Blastobasis vittata,Blastobasidae,Blastobasis,SP1017,SP1017
Borkhausenia nefrax,Borkhausenia nefrax,Oecophoridae,Borkhausenia,SP1018,SP1018
Bucculatrix chrysanthemella,Bucculatrix chrysanthemella,Bucculatricidae,Bucculatrix,SP1019,SP1019
Cadra calidella,Cadra calidella,Pyralidae,Cadra,SP1020,SP1020
Bucculatrix ainsliella,Bucculatrix ainsliella,Bucculatricidae,Bucculatrix,SP1021,SP1021
Bupalus piniaria,Bupalus piniaria,Geometridae,Bupalus,SP1022,SP1022
Cameraria gaultheriella,Cameraria gaultheriella,Gracillariidae,Cameraria,SP1023,SP1023
Caphys biliniata,Caphys biliniata,Pyralidae,Caphys,SP1024,SP1024
Cathayia insularum,Pseudarenipses insularum,Pyralidae,Pseudarenipses,SP1025,SP1192
Chiasmia aestimaria,Chiasmia aestimaria,Geometridae,Chiasmia,SP1026,SP1026
Coleophora spiraeella,Coleophora spiraeella,Coleophoridae,Coleophora,SP1027,SP1027
Choreutis nemorana,Anthophila nemorana,Choreutidae,Anthophila,SP1028,SP1544
Choristoneura lafauryana,Choristoneura lafauryana,Tortricidae,Choristoneura,SP1029,SP1029
Choristoneura freemani,Choristoneura freemani,Tortricidae,Choristoneura,SP1030,SP1030
Clavigesta sylvestrana,Clavigesta sylvestrana,Tortricidae,Clavigesta,SP1031,SP1031
Cnephasia pumicana,Cnephasia pasiuana,Tortricidae,Cnephasia,SP1032,SP1486
Coleophora coxi,Coleophora texanella,Coleophoridae,Coleophora,SP1033,SP1035
Coleophora serratella,Coleophora serratella,Coleophoridae,Coleophora,SP1034,SP1034
Coleophora texanella,Coleophora texanella,Coleophoridae,Coleophora,SP1035,SP1035
Coleotechnites piceaella,Coleotechnites piceaella,Gelechiidae,Coleotechnites,SP1036,SP1036
Cryptophlebia leucotreta,Thaumatotibia leucotreta,Tortricidae,Thaumatotibia,SP1037,SP64
Cydia conicolana,Cydia conicolana,Tortricidae,Cydia,SP1038,SP1038
Comotia torsicornis,Comotia torsicornis,Pyralidae,Comotia,SP1039,SP1039
Copaxa lavendera,Copaxa lavendera,Saturniidae,Copaxa,SP1040,SP1040
Cydia deshaisiana,Cydia saltitans,Tortricidae,Cydia,SP1041,SP1596
Cydia grunertiana,Cydia grunertiana,Tortricidae,Cydia,SP1042,SP1042
Cydia millenniana,Cydia millenniana,Tortricidae,Cydia,SP1043,SP1043
Cydia pactolana,Cydia pactolana,Tortricidae,Cydia,SP1044,SP1044
Cynthia cardui,Vanessa cardui,Nymphalidae,Vanessa,SP1045,SP547
Dryadaula pactolia,Dryadaula pactolia,Dryadaulidae,Dryadaula,SP1046,SP1046
Eilema caniola,Eilema caniola,Erebidae,Eilema,SP1047,SP1047
Elophila manilensis,Nymphula manilensis,Crambidae,Nymphula,SP1048,SP1105
Epinotia cedricida,Epinotia cedricida,Tortricidae,Epinotia,SP1049,SP1049
Epinotia nigricana,Epinotia nigricana,Tortricidae,Epinotia,SP1050,SP1050
Erannis defoliaria,Erannis defoliaria,Geometridae,Erannis,SP1051,SP1051
Eratophyes amasiella,Schiffermuelleria amasiella,Oecophoridae,Schiffermuelleria,SP1052,SP1597
Euchromia lethe,Euchromia lethe,Erebidae,Euchromia,SP1053,SP1053
Eupithecia abietaria,Eupithecia abietaria,Geometridae,Eupithecia,SP1054,SP1054
Eupithecia lariciata,Eupithecia lariciata,Geometridae,Eupithecia,SP1055,SP1055
Eupithecia phoeniceata,Eupithecia phoeniceata,Geometridae,Eupithecia,SP1056,SP1056
Dasyses incrustata,Dasyses incrustata,Tineidae,Dasyses,SP1057,SP1057
Deilephila elpenor,Deilephila elpenor,Sphingidae,Deilephila,SP1058,SP1058
Dichelia cedricola,Syndemis cedricola,Tortricidae,Syndemis,SP1059,SP1598
Ditula angustiorana,Ditula angustiorana,Tortricidae,Ditula,SP1060,SP1060
Earisa ansargei,Earias ansorgei,Nolidae,Earias,SP1061,SP1212
Elophila nymphaeata,Elophila nymphaeata,Crambidae,Elophila,SP1062,SP1062
Emmelina monodactyla,Emmelina monodactyla,Pterophoridae,Emmelina,SP1063,SP1063
Eodiatraea rufescens,Diatraea rufescens,Crambidae,Diatraea,SP1064,SP1599
Ephestia unicolorella,Ephestia unicolorella,Pyralidae,Ephestia,SP1065,SP1065
Epinotia fraternana,Epinotia fraternana,Tortricidae,Epinotia,SP1066,SP1066
Epinotia laracana,Epinotia celtisana,Tortricidae,Epinotia,SP1067,SP1600
Epinotia subsequana,Epinotia subsequana,Tortricidae,Epinotia,SP1068,SP1068
Eupithecia indigata,Eupithecia indigata,Geometridae,Eupithecia,SP1069,SP1069
Eupithecia intricata,Eupithecia intricata,Geometridae,Eupithecia,SP1070,SP1070
Eupithecia pulchellata,Eupithecia pulchellata,Geometridae,Eupithecia,SP1071,SP1071
Euproctis fraterna,Euproctis fraterna,Erebidae,Euproctis,SP1072,SP1072
Eustixia pupula,Eustixia pupula,Crambidae,Eustixia,SP1073,SP1073
Eutelia adulatrix,Eutelia adulatrix,Euteliidae,Eutelia,SP1074,SP1074
Euzophera osseatella,Euzophera osseatella,Pyralidae,Euzophera,SP1075,SP1075
Euzophera pinguis,Euzophera pinguis,Pyralidae,Euzophera,SP1076,SP1076
Evergestis aenealis,Evergestis aenealis,Crambidae,Evergestis,SP1077,SP1077
Gelechia sabinellus,Gelechia sabinellus,Gelechiidae,Gelechia,SP1078,SP1078
Idaea inquinata,Idaea inquinata,Geometridae,Idaea,SP1079,SP1079
Lithophane leautieri,Lithophane leautieri,Noctuidae,Lithophane,SP1080,SP1080
Oegoconia novimundi,Oegoconia quadripuncta,Autostichidae,Oegoconia,SP1081,SP1548
Hadena compta,Hadena compta,Noctuidae,Hadena,SP1082,SP1082
Haplochrois theae,Haplochrois theae,Elachistidae,Haplochrois,SP1083,SP1083
Haplotinea insectella,Haplotinea insectella,Tineidae,Haplotinea,SP1084,SP1084
Heringocrania unimaculella,Heringocrania unimaculella,Eriocraniidae,Heringocrania,SP1085,SP1085
Hipparchia statilinus,Hipparchia statilinus,Nymphalidae,Hipparchia,SP1086,SP1086
Homadaula albizziae,Homadaula anisocentra,Galacticidae,Homadaula,SP1087,SP1389
Hyles euphorbiae,Hyles euphorbiae,Sphingidae,Hyles,SP1088,SP1088
Hypolimnas misippus,Hypolimnas misippus,Nymphalidae,Hypolimnas,SP1089,SP1089
Hypsopygia costalis,Hypsopygia costalis,Pyralidae,Hypsopygia,SP1090,SP1090
Kotochalia junodi,Chaliopsis junodi,Psychidae,Chaliopsis,SP1091,SP1601
Laspeyresia pomonella,Cydia pomonella,Tortricidae,Cydia,SP1092,SP165
Leucoma salicis,Leucoma salicis,Erebidae,Leucoma,SP1093,SP1093
Leucoptera laburnella,Leucoptera laburnella,Lyonetiidae,Leucoptera,SP1094,SP1094
Libythea celtis,Libythea celtis,Nymphalidae,Libythea,SP1095,SP1095
Macaria liturata,Macaria liturata,Geometridae,Macaria,SP1096,SP1096
Manduca quinquemaculatus,Manduca quinquemaculatus,Sphingidae,Manduca,SP1097,SP1097
Monema flavescens,Monema flavescens,Limacodidae,Monema,SP1098,SP1098
Mussidia nigrivenella,Mussidia nigrivenella,Pyralidae,Mussidia,SP1099,SP1099
Myrlaea marmorata,Myrlaea marmorata,Pyralidae,Myrlaea,SP1100,SP1100
Nemapogon variatella,Nemapogon variatella,Tineidae,Nemapogon,SP1101,SP1101
Neurothaumasia ankerella,Neurothaumasia ankerella,Tineidae,Neurothaumasia,SP1102,SP1102
Nymphula crisonalis,Parapoynx crisonalis,Crambidae,Parapoynx,SP1103,SP54
Nymphula enixalis,Elophila difflualis,Crambidae,Elophila,SP1104,SP1199
Nymphula manilensis,Nymphula manilensis,Crambidae,Nymphula,SP1105,SP1105
Elophila responsalis,Elophila responsalis,Crambidae,Elophila,SP1106,SP1106
Ocnerostoma friesei,Ocnerostoma friesei,Yponomeutidae,Ocnerostoma,SP1107,SP1107
Oligostigma polydectalis,Oligostigma polydectalis,Crambidae,Oligostigma,SP1108,SP1108
Orgyia turbata,Clethrogyna turbata,Erebidae,Clethrogyna,SP1109,SP1602
Parapoynx bilinealis,Parapoynx bilinealis,Crambidae,Parapoynx,SP1110,SP1110
Phtheochroa pulvillana,Phtheochroa pulvillana,Tortricidae,Phtheochroa,SP1111,SP1111
Phyllonorycter geniculella,Phyllonorycter geniculella,Gracillariidae,Phyllonorycter,SP1112,SP1112
Phyllonorycter robiniella,Macrosaccus robiniella,Gracillariidae,Macrosaccus,SP1113,SP215
Panolis flammea,Panolis flammea,Noctuidae,Panolis,SP1114,SP1114
Parapoynx diminulatis,Parapoynx diminutalis,Crambidae,Parapoynx,SP1115,SP286
Pardasena virgulana,Pardasena virgulana,Nolidae,Pardasena,SP1116,SP1116
Phobetron hipparchia,Phobetron hipparchia,Limacodidae,Phobetron,SP1117,SP1117
Phycita diaphana,Phycita diaphana,Pyralidae,Phycita,SP1118,SP1118
Phyllonorycter comparella,Phyllonorycter comparella,Gracillariidae,Phyllonorycter,SP1119,SP1119
Phyllonorycter leucographellus,Phyllonorycter leucographella,Gracillariidae,Phyllonorycter,SP1120,SP960
Phyllonorycter medicaginella,Phyllonorycter medicaginella,Gracillariidae,Phyllonorycter,SP1121,SP1121
Phyllonorycter strigulatella,Phyllonorycter strigulatella,Gracillariidae,Phyllonorycter,SP1122,SP1122
Platynota rostrana,Platynota rostrana,Tortricidae,Platynota,SP1123,SP1123
Psychoides filicivora,Psychoides filicivora,Tineidae,Psychoides,SP1124,SP1124
Spodoptera dolichos,Spodoptera dolichos,Noctuidae,Spodoptera,SP1125,SP1125
Ponometia candefacta,Acontia candefacta,Noctuidae,Acontia,SP1126,SP700
Pryeria sinica,Sinica sinica,Zygaenidae,Sinica,SP1127,SP1547
Ptycholomoides aeriferana,Ptycholomoides aeriferana,Tortricidae,Ptycholomoides,SP1128,SP1128
Pygospila tyres,Pygospila tyres,Crambidae,Pygospila,SP1129,SP1129
Pyrrharctia isabella,Pyrrharctia isabella,Erebidae,Pyrrharctia,SP1130,SP1130
Rhopobota naevana,Rhopobota naevana,Tortricidae,Rhopobota,SP1131,SP1131
Plesiomorpha flaviceps,Plesiomorpha flaviceps,Geometridae,Plesiomorpha,SP1132,SP1132
Rothschildia orizaba,Rothschildia orizaba,Saturniidae,Rothschildia,SP1133,SP1133
Sameodes cancellalis,Sameodes cancellalis,Crambidae,Sameodes,SP1134,SP1134
Saturnia pyri,Saturnia pyri,Saturniidae,Saturnia,SP1135,SP1135
Sceliodes laisalis,Sceliodes laisalis,Crambidae,Sceliodes,SP1136,SP1136
Scopula imitaria,Scopula imitaria,Geometridae,Scopula,SP1137,SP1137
Scythris buszkoi,Scythris buszkoi,Scythrididae,Scythris,SP1138,SP1138
Selania leplastriana,Selania leplastriana,Tortricidae,Selania,SP1139,SP1139
Sibine stimulea,Acharia stimulea,Limacodidae,Acharia,SP1140,SP1201
Sphinx pinastri,Sphinx pinastri,Sphingidae,Sphinx,SP1141,SP1141
Thera britannica,Thera britannica,Geometridae,Thera,SP1142,SP1142
Theresimima ampellophaga,Theresimima ampellophaga,Zygaenidae,Theresimima,SP1143,SP1143
Vitula edmandsii,Vitula edmandsii,Pyralidae,Vitula,SP1144,SP1144
Stenoptilia millieridactyla,Stenoptilia millieridactylus,Pterophoridae,Stenoptilia,SP1145,SP1248
Stigmella pyri,Stigmella pyri,Nepticulidae,Stigmella,SP1146,SP1146
Stigmella speciosa,Stigmella speciosa,Nepticulidae,Stigmella,SP1147,SP1147
Stigmella suberivora,Stigmella suberivora,Nepticulidae,Stigmella,SP1148,SP1148
Syncopacma polychromella,Aproaerema polychromella,Gelechiidae,Aproaerema,SP1149,SP1603
Theretra latreillei,Theretra latreillii,Sphingidae,Theretra,SP1150,SP1604
Tinea laricella,Coleophora laricella,Coleophoridae,Coleophora,SP1151,SP597
Tinea serratella,Tinea serratella,Tineidae,Tinea,SP1152,SP1152
Typhonia beatricis,Typhonia melana,Psychidae,Typhonia,SP1153,SP1605
Utetheisa ornatrix,Utetheisa ornatrix,Erebidae,Utetheisa,SP1154,SP1154
Virachola antalus,Deudorix antalus,Lycaenidae,Deudorix,SP1155,SP1606
Deudorix livia,Deudorix livia,Lycaenidae,Deudorix,SP1156,SP1156
Xanthorhoe biriviata,Xanthorhoe biriviata,Geometridae,Xanthorhoe,SP1157,SP1157
Zebronia phenice,Zebronia phenice,Crambidae,Zebronia,SP1158,SP1158
Zeiraphera griseana,Zeiraphera griseana,Tortricidae,Zeiraphera,SP1159,SP1159
Zygaena orana,Zygaena orana,Zygaenidae,Zygaena,SP1160,SP1160
Earias biplaga,Earias biplaga,Nolidae,Earias,SP1161,SP1161
Earias cupreoviridis,Earias cupreoviridis,Nolidae,Earias,SP1162,SP1162
Eldana saccharina,Eldana saccharina,Pyralidae,Eldana,SP1163,SP1163
Eupalamides cyparissias,Eupalamides cyparissias,Castniidae,Eupalamides,SP1164,SP1164
Exelastis atomosa,Exelastis atomosa,Pterophoridae,Exelastis,SP1165,SP1165
Leucinodes laisalis,Leucinodes laisalis,Crambidae,Leucinodes,SP1166,SP1166
Megastes grandalis,Megastes grandalis,Crambidae,Megastes,SP1167,SP1167
Megastes pusialis,Megastes pusialis,Crambidae,Megastes,SP1168,SP1168
Parasa vivida,Parasa vivida,Limacodidae,Parasa,SP1169,SP1169
Parnara guttata,Parnara guttatus,Hesperiidae,Parnara,SP1170,SP1607
Sacadodes pyralis,Sacadodes pyralis,Noctuidae,Sacadodes,SP1171,SP1171
Sesamia uniformis,Sesamia uniformis,Noctuidae,Sesamia,SP1172,SP1172
Anomis illita,Anomis illita,Erebidae,Anomis,SP1173,SP1173
Chilo agamemnon,Chilo agamemnon,Crambidae,Chilo,SP1174,SP1174
Diparopsis castanea,Diparopsis castanea,Noctuidae,Diparopsis,SP1175,SP1175
Epicampoptera marantica,Epicampoptera marantica,Drepanidae,Epicampoptera,SP1176,SP1176
Euzopherodes vapidella,Euzopherodes vapidella,Pyralidae,Euzopherodes,SP1177,SP1177
Leucoptera meyricki,Leucoptera meyricki,Lyonetiidae,Leucoptera,SP1178,SP1178
Leucoptera coma,Leucoptera coma,Lyonetiidae,Leucoptera,SP1179,SP1179
Leucoptera caffeina,Leucoptera caffeina,Lyonetiidae,Leucoptera,SP1180,SP1180
Sesamia calamistis,Sesamia calamistis,Noctuidae,Sesamia,SP1181,SP1181
Stenoma decora,Stenoma decora,Depressariidae,Stenoma,SP1182,SP1182
Pimelephila ghesquierei,Pimelephila ghesquierei,Crambidae,Pimelephila,SP1183,SP1183
Acleris nishidai,Acleris nishidai,Tortricidae,Acleris,SP1184,SP1184
Blastobasis graminea,Blastobasis graminea,Blastobasidae,Blastobasis,SP1185,SP1185
Archips podana,Archips podana,Tortricidae,Archips,SP1186,SP1186
Bathytricha truncata,Bathytricha truncata,Noctuidae,Bathytricha,SP1187,SP1187
Busseola fusca,Busseola fusca,Noctuidae,Busseola,SP1188,SP1188
Parapoynx polydectalis,Parapoynx polydectalis,Crambidae,Parapoynx,SP1189,SP1189
Lozotaenia cedrivora,Lozotaenia cedrivora,Tortricidae,Lozotaenia,SP1190,SP1190
Epinotia algeriensis,Epinotia algeriensis,Tortricidae,Epinotia,SP1191,SP1191
Pseudarenipses insularum,Pseudarenipses insularum,Pyralidae,Pseudarenipses,SP1192,SP1192
Bifascioides leucomelanellus,Bifascioides leucomelanella,Cosmopterigidae,Bifascioides,SP1193,SP1608
Ascalenia acaciella,Ascalenia acaciella,Cosmopterigidae,Ascalenia,SP1194,SP1194
Neomariania rebeli,Neomariania rebeli,Cosmopterigidae,Neomariania,SP1195,SP1195
Parapoynx obscuralis,Parapoynx obscuralis,Crambidae,Parapoynx,SP1196,SP1196
Agassiziella angulipennis,Agassiziella angulipennis,Crambidae,Agassiziella,SP1197,SP1197
Blastobasis rebeli,Blastobasis rebeli,Blastobasidae,Blastobasis,SP1198,SP1198
Elophila difflualis,Elophila difflualis,Crambidae,Elophila,SP1199,SP1199
Arenipses sabella,Arenipses sabella,Pyralidae,Arenipses,SP1200,SP1200
Acharia stimulea,Acharia stimulea,Limacodidae,Acharia,SP1201,SP1201
Elophila melagynalis,Elophila melagynalis,Crambidae,Elophila,SP1202,SP1202
Gisilia stereodoxa,Gisilia stereodoxa,Cosmopterigidae,Gisilia,SP1203,SP1203
Peribatodes perversaria,Peribatodes perversaria,Geometridae,Peribatodes,SP1204,SP1204
Papilio demodocus,Papilio demodocus,Papilionidae,Papilio,SP1205,SP1205
Actias isabellae,Graellsia isabellae,Saturniidae,Graellsia,SP1206,SP1437
Aloa lactinea,Aloa lactinea,Erebidae,Aloa,SP1207,SP1207
Araschnia levana,Araschnia levana,Nymphalidae,Araschnia,SP1208,SP1208
Argyresthia bonnetella,Argyresthia bonnetella,Argyresthiidae,Argyresthia,SP1209,SP1209
Caloptilla rufipennella,Caloptilia rufipennella,Gracillariidae,Caloptilia,SP1210,SP916
Crambus leucoschalis,Crambus leucoschalis,Crambidae,Crambus,SP1211,SP1211
Earias ansorgei,Earias ansorgei,Nolidae,Earias,SP1212,SP1212
Ethmia terminella,Ethmia terminella,Ethmiidae,Ethmia,SP1213,SP1213
Euclasta varii,Euclasta varii,Crambidae,Euclasta,SP1214,SP1214
Eupithecia sinuosaria,Eupithecia sinuosaria,Geometridae,Eupithecia,SP1215,SP1215
Feltia subgothica,Feltia subgothica,Noctuidae,Feltia,SP1216,SP1216
Idaea bonifata,Idaea bonifata,Geometridae,Idaea,SP1217,SP1217
Kirinia roxelana,Kirinia roxelana,Nymphalidae,Kirinia,SP1218,SP1218
Laspeyresia milleniana,Cydia millenniana,Tortricidae,Cydia,SP1219,SP1043
Nemapogon gerasimovi,Nemapogon gerasimovi,Tineidae,Nemapogon,SP1220,SP1220
Pyroderces argyrogrammos,Pyroderces argyrogrammos,Cosmopterigidae,Pyroderces,SP1221,SP1221
Sciota marmorata,Sciota marmorata,Pyralidae,Sciota,SP1222,SP1222
Stigmella heringella,Ectoedemia heringella,Nepticulidae,Ectoedemia,SP1223,SP938
Zizeeria knysna,Zizeeria knysna,Lycaenidae,Zizeeria,SP1224,SP1224
Heteropterus morpheus,Heteropterus morpheus,Hesperiidae,Heteropterus,SP1225,SP1225
Sedina buettneri,Sedina buettneri,Noctuidae,Sedina,SP1226,SP1226
Azeta repugnalis,Azeta repugnalis,Erebidae,Azeta,SP1227,SP1227
Rapala manea,Rapala manea,Lycaenidae,Rapala,SP1228,SP1228
Euplexia lucipara,Euplexia lucipara,Noctuidae,Euplexia,SP1229,SP1229
Eurranthis plummistaria,Eurranthis plummistaria,Geometridae,Eurranthis,SP1230,SP1230
Synanthedon andrenaeformis,Synanthedon andrenaeformis,Sesiidae,Synanthedon,SP1231,SP1231
Ocnerostoma piniariella,Ocnerostoma piniariella,Yponomeutidae,Ocnerostoma,SP1232,SP1232
Acharia apicalis,Sibine apicalis,Limacodidae,Sibine,SP1233,SP983
Acronicta aceris,Acronicta aceris,Noctuidae,Acronicta,SP1234,SP1234
Anartia fatima,Anartia fatima,Nymphalidae,Anartia,SP1235,SP1235
Cabera leptographa,Cabera leptographa,Geometridae,Cabera,SP1236,SP1236
Esperia sulphurella,Esperia sulphurella,Oecophoridae,Dafa,SP1237,SP1237
Eupithecia carpophagata,Eupithecia carpophagata,Geometridae,Eupithecia,SP1238,SP1238
Lithostege griseata,Lithostege griseata,Geometridae,Lithostege,SP1239,SP1239
Neptis rivularis,Neptis rivularis,Nymphalidae,Neptis,SP1240,SP1240
Phyllonorycter joannisi,Phyllonorycter joannisi,Gracillariidae,Phyllonorycter,SP1241,SP1241
Roeslerstammia erxlebella,Roeslerstammia erxlebella,Roeslerstammiidae,Roeslerstammia,SP1242,SP1242
Spatalia argentina,Spatalia argentina,Notodontidae,Spatalia,SP1243,SP1243
Zophodia grossulariella,Zophodia convolutella,Pyralidae,Zophodia,SP1244,SP1552
Eccopisa effractella,Eccopisa effractella,Pyralidae,Eccopisa,SP1245,SP1245
Blastobasis phycidella,Blastobasis phycidella,Blastobasidae,Blastobasis,SP1246,SP1246
Haplotinea ditella,Haplotinea ditella,Tineidae,Haplotinea,SP1247,SP1247
Stenoptilia millieridactylus,Stenoptilia millieridactylus,Pterophoridae,Stenoptilia,SP1248,SP1248
Zelleria oleastrella,Zelleria oleastrella,Yponomeutidae,Zelleria,SP1249,SP1249
Earias vernana,Earias vernana,Nolidae,Earias,SP1250,SP1250
Stigmella centifoliella,Stigmella centifoliella,Nepticulidae,Stigmella,SP1251,SP1251
Daraba laisalis,Leucinodes laisalis,Crambidae,Leucinodes,SP1252,SP1166
Acentria ephemerella,Acentria ephemerella,Crambidae,Acentria,SP1253,SP1253
Acleris forsskaleana,Acleris forsskaleana,Tortricidae,Acleris,SP1254,SP1254
Acleris holmiana,Acleris holmiana,Tortricidae,Acleris,SP1255,SP1255
Acleris rhombana,Acleris rhombana,Tortricidae,Acleris,SP1256,SP1256
Acrobasis suavella,Acrobasis suavella,Pyralidae,Acrobasis,SP1257,SP1257
Agapeta zoegana,Agapeta zoegana,Tortricidae,Agapeta,SP1258,SP1258
Agrochola lota,Agrochola lota,Noctuidae,Agrochola,SP1259,SP1259
Amphipyra tragopoginis,Amphipyra tragopoginis,Noctuidae,Amphipyra,SP1260,SP1260
Anacampsis populella,Anacampsis populella,Gelechiidae,Anacampsis,SP1261,SP1261
Anania hortulata,Anania hortulata,Crambidae,Anania,SP1262,SP1262
Anartia lytraea,Anartia lytraea,Nymphalidae,Anartia,SP1263,SP1263
Anomis argillacea,Anomis argillacea,Erebidae,Anomis,SP1264,SP1264
Anomis privata,Anomis privata,Erebidae,Anomis,SP1265,SP1265
Anticarsia gemmatalis,Anticarsia gemmatalis,Erebidae,Anticarsia,SP1266,SP1266
Apamea unanimis,Apamea unanimis,Noctuidae,Apamea,SP1267,SP1267
Aphomia sociella,Aphomia sociella,Pyralidae,Aphomia,SP1268,SP1268
Aphrissa orbis,Aphrissa orbis,Pieridae,Aphrissa,SP1269,SP1269
Apterona crenulella,Apterona helicoidella,Psychidae,Apterona,SP1270,SP1271
Apterona helicoidella,Apterona helicoidella,Psychidae,Apterona,SP1271,SP1271
Apterona helix,Apterona helicoidella,Psychidae,Apterona,SP1272,SP1271
Archips oporana,Archips oporana,Tortricidae,Archips,SP1273,SP1273
Argyresthia conjugella,Argyresthia conjugella,Argyresthiidae,Argyresthia,SP1274,SP1274
Autosticha kyotensis,Autosticha kyotensis,Autostichidae,Autosticha,SP1275,SP1275
Batia lunaris,Batia lunaris,Oecophoridae,Batia,SP1276,SP1276
Calophasia lunula,Calophasia lunula,Noctuidae,Calophasia,SP1277,SP1277
Caloptilia negundella,Caloptilia negundella,Gracillariidae,Caloptilia,SP1278,SP1278
Caloptilia triadicae,Caloptilia triadicae,Gracillariidae,Caloptilia,SP1279,SP1279
Caradrina clavipalpis,Caradrina clavipalpis,Noctuidae,Caradrina,SP1280,SP1280
Caradrina morpheus,Caradrina morpheus,Noctuidae,Caradrina,SP1281,SP1281
Carcina quercana,Carcina quercana,Peleopodidae,Carcina,SP1282,SP1282
Cerapteryx graminis,Cerapteryx graminis,Noctuidae,Cerapteryx,SP1283,SP1283
Choreutis pariana,Choreutis pariana,Choreutidae,Choreutis,SP1284,SP1284
Chrysodeixis includens,Chrysodeixis includens,Noctuidae,Chrysodeixis,SP1285,SP1285
Clepsis spectrana,Clepsis spectrana,Tortricidae,Clepsis,SP1286,SP1286
Cnephasia asseclana,Cnephasia asseclana,Tortricidae,Cnephasia,SP1287,SP1287
Cnephasia longana,Cnephasia longana,Tortricidae,Cnephasia,SP1288,SP1288
Cnephasia stephensiana,Cnephasia stephensiana,Tortricidae,Cnephasia,SP1289,SP1289
Coleophora badiipennella,Coleophora badiipennella,Coleophoridae,Coleophora,SP1290,SP1290
Coleophora colutella,Coleophora colutella,Coleophoridae,Coleophora,SP1291,SP1291
Coleophora limosipennella,Coleophora limosipennella,Coleophoridae,Coleophora,SP1292,SP1292
Coleophora parthenica,Coleophora parthenica,Coleophoridae,Coleophora,SP1293,SP1293
Coleophora ulmifoliella,Coleophora ulmifoliella,Coleophoridae,Coleophora,SP1294,SP1294
Cucullia umbratica,Cucullia umbratica,Noctuidae,Cucullia,SP1295,SP1295
Cyclargus ammon,Cyclargus ammon,Lycaenidae,Cyclargus,SP1296,SP1296
Dasystoma salicella,Dasystoma salicella,Lypusidae,Dasystoma,SP1297,SP1297
Depressaria daucella,Depressaria apiella,Depressariidae,Depressaria,SP1298,SP1609
Dichomeris ligulella,Dichomeris ligulella,Gelechiidae,Dichomeris,SP1299,SP1299
Dichomeris marginella,Dichomeris marginella,Gelechiidae,Dichomeris,SP1300,SP1300
Dichomeris picrocarpa,Dichomeris picrocarpa,Gelechiidae,Dichomeris,SP1301,SP1301
Elachista saccharella,Elachista saccharella,Elachistidae,Elachista,SP1302,SP1302
Digrammia hebetata,Digrammia rippertaria,Geometridae,Digrammia,SP1303,SP1610
Dinumma deponens,Dinumma deponens,Erebidae,Dinumma,SP1304,SP1304
Ecpyrrhorrhoe puralis,Mimudea puralis,Crambidae,Mimudea,SP1305,SP1611
Empyreuma pugione,Empyreuma pugione,Erebidae,Empyreuma,SP1306,SP1306
Epicallima formosella,Callima formosella,Oecophoridae,Callima,SP1307,SP1612
Etainia sericopeza,Etainia sericopeza,Nepticulidae,Etainia,SP1308,SP1308
Ethmia bipunctella,Ethmia bipunctella,Ethmiidae,Ethmia,SP1309,SP1309
Eulithis mellinata,Eulithis mellinata,Geometridae,Eulithis,SP1310,SP1310
Evergestis pallidata,Evergestis pallidata,Crambidae,Evergestis,SP1311,SP1311
Exoteleia dodecella,Exoteleia dodecella,Gelechiidae,Exoteleia,SP1312,SP1312
Garella nilotica,Garella nilotica,Nolidae,Garella,SP1313,SP1313
Gonodonta bidens,Gonodonta bidens,Erebidae,Gonodonta,SP1314,SP1314
Gracillaria syringella,Gracillaria syringella,Gracillariidae,Gracillaria,SP1315,SP1315
Hemithea aestivaria,Hemithea aestivaria,Geometridae,Hemithea,SP1316,SP1316
Hileithia decostalis,Hileithia decostalis,Crambidae,Hileithia,SP1317,SP1317
Hydraecia micacea,Hydraecia micacea,Noctuidae,Hydraecia,SP1318,SP1318
Lampronia corticella,Incurvaria rubiella,Incurvariidae,Incurvaria,SP1319,SP1613
Lamprosema charesalis,Lamprosema chagosalis,Crambidae,Lamprosema,SP1320,SP1614
Lateroligia ophiogramma,Lateroligia ophiogramma,Noctuidae,Lateroligia,SP1321,SP1321
Leucania comma,Leucania comma,Noctuidae,Leucania,SP1322,SP1322
Lobesia euphorbiana,Lobesiodes euphorbiana,Tortricidae,Lobesiodes,SP1323,SP629
Lycomorphodes sordida,Lycomorphodes sordida,Erebidae,Lycomorphodes,SP1324,SP1324
Mesapamea secalis,Mesapamea secalis,Noctuidae,Mesapamea,SP1325,SP1325
Metzneria lappella,Metzneria lappella,Gelechiidae,Metzneria,SP1326,SP1326
Metzneria paucipunctella,Metzneria paucipunctella,Gelechiidae,Metzneria,SP1327,SP1327
Monopis obviella,Monopis obviella,Tineidae,Monopis,SP1328,SP1328
Moodna bisinuella,Moodna bisinuella,Pyralidae,Moodna,SP1329,SP1329
Neoleucinodes torvis,Neoleucinodes torvis,Crambidae,Neoleucinodes,SP1330,SP1330
Niphonyx segregata,Niphonyx segregata,Noctuidae,Niphonyx,SP1331,SP1331
Nola cucullatella,Nola cucullatella,Nolidae,Nola,SP1332,SP1332
Ochsenheimeria vacculella,Ochsenheimeria vacculella,Ypsolophidae,Ochsenheimeria,SP1333,SP1333
Oligia latruncula,Oligia latruncula,Noctuidae,Oligia,SP1334,SP1334
Oligia strigilis,Oligia strigilis,Noctuidae,Oligia,SP1335,SP1335
Omphaloscelis lunosa,Anchoscelis lunosa,Noctuidae,Agrochola,SP1336,SP1615
Ornativalva erubescens,Ornativalva erubescens,Gelechiidae,Ornativalva,SP1337,SP1337
Pandemis cerasana,Pandemis cerasana,Tortricidae,Pandemis,SP1338,SP1338
Pandemis heparana,Pandemis heparana,Tortricidae,Pandemis,SP1339,SP1339
Paracorsia repandalis,Paracorsia repandalis,Crambidae,Paracorsia,SP1340,SP1340
Parascotia fuliginaria,Parascotia fuliginaria,Erebidae,Parascotia,SP1341,SP1341
Paraswammerdamia nebulella,Paraswammerdamia lutarea,Yponomeutidae,Paraswammerdamia,SP1342,SP1426
Pasiphila rectangulata,Pasiphila rectangulata,Geometridae,Pasiphila,SP1343,SP1343
Perittia herrichiella,Perittia herrichiella,Elachistidae,Perittia,SP1344,SP1344
Perizoma alchemillata,Perizoma alchemillata,Geometridae,Perizoma,SP1345,SP1345
Phyllonorycter apparella,Phyllonorycter apparella,Gracillariidae,Phyllonorycter,SP1346,SP1346
Phyllonorycter emberizaepenella,Phyllonorycter emberizaepenella,Gracillariidae,Phyllonorycter,SP1347,SP1347
Porphyrosela minuta,Porphyrosela minuta,Gracillariidae,Porphyrosela,SP1348,SP1348
Prepona laertes,Prepona laertes,Nymphalidae,Prepona,SP1349,SP1349
Promalactis suzukiella,Promalactis suzukiella,Oecophoridae,Promalactis,SP1350,SP1350
Psyche casta,Psyche casta,Psychidae,Psyche,SP1351,SP1351
Pterolonche inspersa,Pterolonche inspersa,Pterolonchidae,Pterolonche,SP1352,SP1352
Recurvaria nanella,Recurvaria nanella,Gelechiidae,Recurvaria,SP1353,SP1353
Remigia conveniens,Mocis conveniens,Erebidae,Mocis,SP1354,SP1616
Scardia amurensis,Scardia amurensis,Tineidae,Scardia,SP1355,SP1355
Scorylus cubensis,Scorylus cubensis,Pyralidae,Scorylus,SP1356,SP1356
Scythris sinensis,Scythris sinensis,Scythrididae,Scythris,SP1357,SP1357
Sesia apiformis,Sesia apiformis,Sesiidae,Sesia,SP1358,SP1358
Sitochroa palealis,Sitochroa palealis,Crambidae,Sitochroa,SP1359,SP1359
Stenolechia bathrodyas,Stenolechia bathrodyas,Gelechiidae,Stenolechia,SP1360,SP1360
Stylopalpia luniferella,Stylopalpia luniferella,Pyralidae,Stylopalpia,SP1361,SP1361
Swammerdamia caesiella,Swammerdamia lutarea,Yponomeutidae,Swammerdamia,SP1362,SP1617
Swammerdamia pyrella,Swammerdamia pyrella,Yponomeutidae,Swammerdamia,SP1363,SP1363
Symmetrischema capsica,Symmetrischema capsica,Gelechiidae,Symmetrischema,SP1364,SP1364
Syngrapha interrogationis,Syngrapha interrogationis,Noctuidae,Syngrapha,SP1365,SP1365
Tathorhynchus exsiccata,Tathorhynchus exsiccata,Noctuidae,Tathorhynchus,SP1366,SP1366
Thecla limenia,Thecla limenia,Lycaenidae,Thecla,SP1367,SP1367
Thera juniperata,Thera juniperata,Geometridae,Thera,SP1368,SP1368
Tyta luctuosa,Tyta luctuosa,Erebidae,Tyta,SP1369,SP1369
Urbanus dorantes,Urbanus dorantes,Hesperiidae,Urbanus,SP1370,SP1370
Xestia c-nigrum,Xestia c-nigrum,Noctuidae,Xestia,SP1371,SP1371
Xestia dolosa,Xestia dolosa,Noctuidae,Xestia,SP1372,SP1372
Xestia xanthographa,Xestia xanthographa,Noctuidae,Xestia,SP1373,SP1373
Yponomeuta cagnagella,Yponomeuta cagnagellus,Yponomeutidae,Yponomeuta,SP1374,SP1618
Yponomeuta padella,Yponomeuta padella,Yponomeutidae,Yponomeuta,SP1375,SP1375
Ypsolopha dentella,Ypsolopha dentella,Ypsolophidae,Ypsolopha,SP1376,SP1376
Ypsolopha ustella,Ypsolophus ustella,Plutellidae,Ypsolophus,SP1377,SP1619
Aristaea onychota,Aristaea onychota,Gracillariidae,Aristaea,SP1378,SP1378
Homeosoma stenotea,Homoeosoma stenotea,Pyralidae,Homoeosoma,SP1379,SP1620
Cizara ardeniae,Cizara ardeniae,Sphingidae,Cizara,SP1380,SP1380
Heteroteucha dichroella,Heteroteucha dichroella,Oecophoridae,Heteroteucha,SP1381,SP1381
Orgyia thyellina,Orgyia thyellina,Erebidae,Orgyia,SP1382,SP1382
Tyria jacobaea,Tyria jacobaeae,Erebidae,Tyria,SP1383,SP790
Agryresthia conjugella,Argyresthia conjugella,Argyresthiidae,Argyresthia,SP1384,SP1274
Aethes rutilana,Aethes rutilana,Tortricidae,Aethes,SP1385,SP1385
Coleophora fuscedinella,Coleophora serratella,Coleophoridae,Coleophora,SP1386,SP1034
Coleophora ulmifolliela,Coleophora ulmifoliella,Coleophoridae,Coleophora,SP1387,SP1294
Ethmia bipuctella,Ethmia bipunctella,Ethmiidae,Ethmia,SP1388,SP1309
Homadaula anisocentra,Homadaula anisocentra,Galacticidae,Homadaula,SP1389,SP1389
Chrysoesthia sexgutella,Chrysoesthia sexguttella,Gelechiidae,Chrysoesthia,SP1390,SP167
Mirificarma eburnella,Mirificarma eburnella,Gelechiidae,Mirificarma,SP1391,SP1391
Chloroclystis rectangulata,Pasiphila rectangulata,Geometridae,Pasiphila,SP1392,SP1343
Eulithus mellinata,Eulithis mellinata,Geometridae,Eulithis,SP1393,SP1310
Semiothisa hebesata,Chiasmia hebesata,Geometridae,Chiasmia,SP1394,SP1621
Lampronia rubiella,Incurvaria rubiella,Incurvariidae,Incurvaria,SP1395,SP1613
Cnidocampa flavescens,Monema flavescens,Limacodidae,Monema,SP1396,SP1098
Stilpnotia salicis,Leucoma salicis,Erebidae,Leucoma,SP1397,SP1093
Obrussa sericopeza,Etainia sericopeza,Nepticulidae,Etainia,SP1398,SP1308
Alabama argillacea,Anomis argillacea,Erebidae,Anomis,SP1399,SP1264
Characoma nilitica,Characoma nilotica,Nolidae,Garella,SP1400,SP1622
Hadula trifolii,Hadula trifolii,Noctuidae,Hadula,SP1401,SP1401
Mocis latipes,Mocis latipes,Erebidae,Mocis,SP1402,SP1402
Pseudoplusia includens,Acontia margaritata,Noctuidae,Acontia,SP1403,SP1623
Xestia adela,Xestia c-nigrum,Noctuidae,Xestia,SP1404,SP1371
Cheimophila salicella,Dasystoma salicella,Lypusidae,Dasystoma,SP1405,SP1297
Dafa formosella,Callima formosella,Oecophoridae,Callima,SP1406,SP1612
Cnaemidophorus rhododactylus,Cnaemidophorus rhododactyla,Pterophoridae,Cnaemidophorus,SP1407,SP1624
Anagasta kuehniella,Ephestia kuehniella,Pyralidae,Ephestia,SP1408,SP82
Ephestia cautella,Cadra cautella,Pyralidae,Cadra,SP1409,SP166
Eurrhypara hortulata,Anania hortulata,Crambidae,Anania,SP1410,SP1262
Vogtia malloi,Arcola malloi,Pyralidae,Arcola,SP1411,SP1549
Monopis ferruginella,Monopis obviella,Tineidae,Monopis,SP1412,SP1328
Auratonota dominica,Auratonota dominica,Tortricidae,Auratonota,SP1413,SP1413
Cacoeciamorpha pronubana,Cacoecimorpha pronubana,Tortricidae,Cacoecimorpha,SP1414,SP55
Cnephasia interjectana,Cnephasia asseclana,Tortricidae,Cnephasia,SP1415,SP1287
Croesia forskaleana,Acleris forsskaleana,Tortricidae,Acleris,SP1416,SP1254
Croesia holmiana,Acleris holmiana,Tortricidae,Acleris,SP1417,SP1255
Cydia molesta,Grapholita molesta,Tortricidae,Grapholita,SP1418,SP15
Dichrorampha vancouverana,Dichrorampha vancouverana,Tortricidae,Dichrorampha,SP1419,SP1419
Epiblema cynosbatella,Notocelia cynosbatella,Tortricidae,Notocelia,SP1420,SP135
Epinotia solandriana,Epinotia solandriana,Tortricidae,Epinotia,SP1421,SP1421
Eucosmomorpha albersana,Eucosmomorpha albersana,Tortricidae,Eucosmomorpha,SP1422,SP1422
Rhopobota unipuntana,Rhopobota naevana,Tortricidae,Rhopobota,SP1423,SP1131
Sparganothis pilleriana,Sparganothis pilleriana,Tortricidae,Sparganothis,SP1424,SP1424
Spilonota lariciana,Spilonota laricana,Tortricidae,Spilonota,SP1425,SP668
Paraswammerdamia lutarea,Paraswammerdamia lutarea,Yponomeutidae,Paraswammerdamia,SP1426,SP1426
Swammerdamia lutaria,Swammerdamia lutarea,Yponomeutidae,Swammerdamia,SP1427,SP1617
Coleophora anatipennella,Coleophora anatipennella,Coleophoridae,Coleophora,SP1428,SP1428
Aglossa dimidiata,Aglossa dimidiatus,Pyralidae,Aglossa,SP1429,SP793
Margaritia sticticalis,Loxostege sticticalis,Crambidae,Loxostege,SP1430,SP796
Scripophaga incertulas,Scirpophaga incertulas,Crambidae,Scirpophaga,SP1431,SP151
Synanthedon tipuliforme,Synanthedon tipuliformis,Sesiidae,Synanthedon,SP1432,SP781
Caradrina ingrata,Caradrina ingrata,Noctuidae,Caradrina,SP1433,SP1433
Cydia milleniana,Cydia millenniana,Tortricidae,Cydia,SP1434,SP1043
Cydia strobilella,Cydia strobilella,Tortricidae,Cydia,SP1435,SP1435
Diaphania perspectalis,Cydalima perspectalis,Crambidae,Cydalima,SP1436,SP42
Graellsia isabellae,Graellsia isabellae,Saturniidae,Graellsia,SP1437,SP1437
Pennisetia hylaeformis,Pennisetia hylaeiformis,Sesiidae,Pennisetia,SP1438,SP957
Polychrysia moneta,Polychrysia moneta,Noctuidae,Polychrysia,SP1439,SP1439
Sclerocona acutellus,Sclerocona acutella,Crambidae,Calamochrous,SP1440,SP964
Sesamia nonagrioides,Sesamia nonagrioides,Noctuidae,Sesamia,SP1441,SP1441
Archips xylosteana,Archips xylosteana,Tortricidae,Archips,SP1442,SP1442
Eugnosta chemsakiana,Eugnosta chemsakiana,Tortricidae,Eugnosta,SP1443,SP1443
Thyraylia nana,Thyraylia nana,Tortricidae,Thyraylia,SP1444,SP1444
Batrachedra amydraula,Batrachedra amydraula,Batrachedridae,Batrachedra,SP1445,SP1445
Galleria melonella,Galleria mellonella,Pyralidae,Galleria,SP1446,SP16
Coptodisca lucifluella,Coptodisca lucifluella,Heliozelidae,Coptodisca,SP1447,SP1447
Megalorhipida leucodactyla,Megalorhipida leucodactylus,Pterophoridae,Megalorhipida,SP1448,SP84
Phyllocnistis vitigenella,Phyllocnistis vitegenella,Gracillariidae,Phyllocnistis,SP1449,SP80
Acrobasis fallouella,Acrobasis glaucella,Pyralidae,Acrobasis,SP1450,SP1625
Aethes flagellana,Aethes flagellana,Tortricidae,Aethes,SP1451,SP1451
Agonopterix aspersella,Agonopterix aspersella,Depressariidae,Agonopterix,SP1452,SP1452
Ancylosis albidella,Ancylosis albidella,Pyralidae,Ancylosis,SP1453,SP1453
Atemelia torquatella,Atemelia torquatella,Yponomeutidae,Atemelia,SP1454,SP1454
Brachodes funebris,Brachodes funebris,Brachodidae,Atychia,SP1455,SP1455
Caloptilia cuculipennella,Caloptilia cuculipennella,Gracillariidae,Caloptilia,SP1456,SP1456
Celypha striana,Celypha striana,Tortricidae,Celypha,SP1457,SP1457
Clostera curtula,Clostera curtula,Notodontidae,Clostera,SP1458,SP1458
Cnephasia heinemanni,Cnephasia heinemanni,Tortricidae,Cnephasia,SP1459,SP1459
Cochylidia moguntiana,Cochylidia moguntiana,Tortricidae,Cochylidia,SP1460,SP1460
Coleophora ononidella,Coleophora ononidella,Coleophoridae,Coleophora,SP1461,SP1461
Coleophora staehelinella,Coleophora staehelinella,Coleophoridae,Coleophora,SP1462,SP1462
Cucullia reisseri,Cucullia reisseri,Noctuidae,Cucullia,SP1463,SP1463
Depressaria velox,Depressaria velox,Depressariidae,Depressaria,SP1464,SP1464
Depressaria veneficella,Depressaria veneficella,Depressariidae,Depressaria,SP1465,SP1465
Dichomeris helianthemi,Dichomeris helianthemi,Gelechiidae,Dichomeris,SP1466,SP1466
Elachista igaloensis,Elachista igaloensis,Elachistidae,Elachista,SP1467,SP1467
Ethmia fumidella,Ethmia fumidella,Ethmiidae,Ethmia,SP1468,SP1468
Eupithecia rosmarinata,Eupithecia rosmarinata,Geometridae,Eupithecia,SP1469,SP1469
Eupithecia semigraphata,Eupithecia semigraphata,Geometridae,Eupithecia,SP1470,SP1470
Grapholita tenebrosana,Grapholita tenebrosana,Tortricidae,Grapholita,SP1471,SP1471
Haplochrois ochraceella,Haplochrois ochraceella,Elachistidae,Haplochrois,SP1472,SP1472
Heterogenea asella,Heterogenea asella,Limacodidae,Heterogenea,SP1473,SP1473
Hydrelia flammeolaria,Hydrelia flammeolaria,Geometridae,Hydrelia,SP1474,SP1474
Lasionycta proxima,Lasionycta proxima,Noctuidae,Lasionycta,SP1475,SP1475
Meganephria bimaculosa,Meganephria bimaculosa,Noctuidae,Meganephria,SP1476,SP1476
Neomariania partinicensis,Neomariania partinicensis,Cosmopterigidae,Neomariania,SP1477,SP1477
Nola thymula,Nola thymula,Nolidae,Nola,SP1478,SP1478
Pammene gallicolana,Pammene gallicolana,Tortricidae,Pammene,SP1479,SP1479
Phalonidia affinitana,Phalonidia affinitana,Tortricidae,Phalonidia,SP1480,SP1480
Stenoptilia pterodactyla,Stenoptilia pterodactyla,Pterophoridae,Stenoptilia,SP1481,SP1481
Stigmella desperatella,Stigmella desperatella,Nepticulidae,Stigmella,SP1482,SP1482
Syncopacma buvati,Aproaerema buvati,Gelechiidae,Aproaerema,SP1483,SP1626
Borkhausenia crimnodes,Borkhausenia crimnodes,Oecophoridae,Borkhausenia,SP1484,SP1484
Donacaula niloticus,Schoenobius niloticus,Crambidae,Schoenobius,SP1485,SP1627
Cnephasia pasiuana,Cnephasia pasiuana,Tortricidae,Cnephasia,SP1486,SP1486
Grapholitha delineana,Grapholita delineana,Tortricidae,Grapholita,SP1487,SP217
Grapholitha molesta,Grapholita molesta,Tortricidae,Grapholita,SP1488,SP15
Phthorimaea openculella,Phthorimaea operculella,Gelechiidae,Phthorimaea,SP1489,SP5
Erebia epiphron,Erebia epiphron,Nymphalidae,Erebia,SP1490,SP1490
Trilocha varians,Trilocha varians,Bombycidae,Trilocha,SP1491,SP1491
Anomis sabulifera,Anomis sabulifera,Erebidae,Anomis,SP1492,SP1492
Trichoplusia vittata,Vittaplusia vittata,Noctuidae,Vittaplusia,SP1493,SP1628
Tinthia tineiformis,Microsphecia tineiformis,Sesiidae,Microsphecia,SP1494,SP1629
Hyphantrea cunea,Hyphantria cunea,Erebidae,Hyphantria,SP1495,SP4
Spodoptora litura,Spodoptera litura,Noctuidae,Spodoptera,SP1496,SP28
Acraea macaria,Acraea macarista,Nymphalidae,Acraea,SP1497,SP1630
Anapisa holobrunnea,Anapisa holobrunnea,Erebidae,Anapisa,SP1498,SP1498
Anapisa metarctioides,Apisa metarctiodes,Erebidae,Apisa,SP1499,SP1631
Archinadata aurivilliusi,Archinadata aurivilliusi,Notodontidae,Archinadata,SP1500,SP1500
Archithosia makomensis,Archithosia makomensis,Erebidae,Archithosia,SP1501,SP1501
Balacra compsa,Balacra compsa,Erebidae,Balacra,SP1502,SP1502
Borbo borbonica,Borbo borbonica,Hesperiidae,Borbo,SP1503,SP1503
Brachychira punctulata,Brachychira punctulata,Notodontidae,Brachychira,SP1504,SP1504
Calligraphidia opulenta,Calligraphidia opulenta,Erebidae,Calligraphidia,SP1505,SP1505
Daphaenisca inexpectata,Daphaenisca inexpectata,Erebidae,Daphaenisca,SP1506,SP1506
Dasychira punctifera,Dasychira punctifera,Erebidae,Dasychira,SP1507,SP1507
Euphaedra temeraria,Euphaedra temeraria,Nymphalidae,Euphaedra,SP1508,SP1508
Euproctis ceramozona,Euproctis ceramozona,Erebidae,Euproctis,SP1509,SP1509
Eurema floricola,Eurema floricola,Pieridae,Eurema,SP1510,SP1510
Gargettoscrancia albolineata,Gargettoscrancia albolineata,Notodontidae,Gargettoscrancia,SP1511,SP1511
Hippurarctia judith,Hippurarctia judith,Erebidae,Hippurarctia,SP1512,SP1512
Hypotrabala castanea,Hypotrabala castanea,Lasiocampidae,Hypotrabala,SP1513,SP1513
Ligulosia costimaculata,Ligulosia costimaculata,Erebidae,Ligulosia,SP1514,SP1514
Lomadonta saturata,Lomadonta saturata,Erebidae,Lomadonta,SP1515,SP1515
Meza mabillei,Meza mabillei,Hesperiidae,Meza,SP1516,SP1516
Mimopacha tripunctata,Mimopacha tripunctata,Lasiocampidae,Mimopacha,SP1517,SP1517
Neptis metella,Neptis metella,Nymphalidae,Neptis,SP1518,SP1518
Orgyia basalis,Orgyia basalis,,,SP1519,SP1519
Pachytrina gliharta,Pachytrina gliharta,Lasiocampidae,Pachytrina,SP1520,SP1520
Palaeugoa spurrelli,Palaeugoa spurrelli,Erebidae,Palaeugoa,SP1521,SP1521
Pirga ubangiana,Pirga ubangiana,Erebidae,Pirga,SP1522,SP1522
Pseudobarobata denticulata,Pseudobarobata denticulata,Notodontidae,Pseudobarobata,SP1523,SP1523
Pseudobarobata integra,Pseudobarobata integra,Notodontidae,Pseudobarobata,SP1524,SP1524
Rhypopteryx rubripunctata,Rhypopteryx rubripunctata,Erebidae,Rhypopteryx,SP1525,SP1525
Stenoglene plagiatus,Stenoglene plagiatus,Eupterotidae,Stenoglene,SP1526,SP1526
Telchinia encedana,Telchinia encedon,Nymphalidae,Acraea,SP1527,SP1632
Uripao albizonata,Uripao albizonata,Erebidae,Uripao,SP1528,SP1528
Aproaerema modicella,Aproaerema modicella,Gelechiidae,Aproaerema,SP1529,SP1529
Aproaerema simplixella,Aproaerema simplexella,Gelechiidae,Aproaerema,SP1530,SP1633
Pareuchaetes aurata,Pareuchaetes aurata,Erebidae,Pareuchaetes,SP1531,SP1531
Symbrenthia lilaea,Symbrenthia hypselis,Nymphalidae,Symbrenthia,SP1532,SP1634
Leucimodes orbonalis,Leucinodes orbonalis,Crambidae,Leucinodes,SP1533,SP146
Nemapogon granellus,Nemapogon granella,Tineidae,Nemapogon,SP1534,SP503
Conopomorpha litchiela,Conopomorpha litchiella,Gracillariidae,Conopomorpha,SP1535,SP649
Ephestia kuehniela,Ephestia kuehniella,Pyralidae,Ephestia,SP1536,SP82
Phthorimuea operculela,Phthorimaea operculella,Gelechiidae,Phthorimaea,SP1537,SP5
Sitotroga cerealela,Sitotroga cerealella,Gelechiidae,Sitotroga,SP1538,SP27
Pyrausta inornatalis,Pyrausta inornatalis,Crambidae,Pyrausta,SP1539,SP1539
Stomphastis thraustica,Stomphastis thraustica,Gracillariidae,Stomphastis,SP1540,SP1540
Angelabella tecomae,Angelabella tecomae,Gracillariidae,Angelabella,SP1541,SP1541
Doleschallia tongana,Doleschallia bisaltide,Nymphalidae,Doleschallia,SP1542,SP1635
Heliconius erato,Heliconius erato,Nymphalidae,Heliconius,SP1543,SP1543
Anthophila nemorana,Anthophila nemorana,Choreutidae,Anthophila,SP1544,SP1544
Coptodisca juglandiella,Coptodisca juglandiella,Heliozelidae,Coptodisca,SP1545,SP1545
Leucoptera coffeella,Leucoptera coffeella,Lyonetiidae,Leucoptera,SP1546,SP1546
Sinica sinica,Sinica sinica,Zygaenidae,Sinica,SP1547,SP1547
Oegoconia quadripuncta,Oegoconia quadripuncta,Autostichidae,Oegoconia,SP1548,SP1548
Arcola malloi,Arcola malloi,Pyralidae,Arcola,SP1549,SP1549
Cactoblastis doddi,Cactoblastis doddi,Pyralidae,Cactoblastis,SP1550,SP1550
Manoba brunellus,Manoba brunellus,Nolidae,Manoba,SP1551,SP1551
Zophodia convolutella,Zophodia convolutella,Pyralidae,Zophodia,SP1552,SP1552
Dendrolimus punctata,Dendrolimus punctata,Lasiocampidae,Dendrolimus,SP1553,SP1553
Oxyplax pallivitta,Oxyplax pallivitta,Limacodidae,Oxyplax,SP1554,SP1554
Digrammia pallidata,Digrammia pallidata,Geometridae,Digrammia,SP1555,SP1555
Castnia licus,Castnia licus,Castniidae,Castnia,SP1556,SP1556
Chrysoclista linneela,Chrysoclista linneela,Elachistidae,Chrysoclista,SP1557,SP1557
Coenonympha iphis,Coenonympha iphis,Nymphalidae,Coenonympha,SP1558,SP1558
Elkalyce argiades,Elkalyce argiades,Lycaenidae,Elkalyce,SP1559,SP1559
Thecla angelia,Thecla angelia,Lycaenidae,Thecla,SP1560,SP1560
Hamadryas februa,Hamadryas februa,Nymphalidae,Hamadryas,SP1561,SP1561
Leucania lobrega,Leucania lobrega,Noctuidae,Leucania,SP1562,SP1562
Mythimna sequax,Mythimna sequax,Noctuidae,Mythimna,SP1563,SP1563
Junonia lavinia,Junonia lavinia,Nymphalidae,Junonia,SP1564,SP1564
Acrolepia jaspidata,Acrolepia jaspidata,Glyphipterigidae,Acrolepia,SP1565,SP1565
Acontia exigua,Acontia exigua,Noctuidae,Acontia,SP1566,SP1566
Samea ecclesialis,Samea ecclesialis,Crambidae,Samea,SP1567,SP1567
Acontia margana,Acontia margana,Noctuidae,Acontia,SP1568,SP1568
Thyas coronata,Thyas coronata,Erebidae,Thyas,SP1569,SP1569
Omiodes diemenalis,Omiodes diemenalis,Crambidae,Omiodes,SP1570,SP1570
Theretra silhetensis,Theretra silhetensis,Sphingidae,Theretra,SP1571,SP1571
Dione vanillae,Dione vanillae,Nymphalidae,Dione,SP1572,SP1572
Pyroderces incertulella,Pyroderces incertulella,Cosmopterigidae,Pyroderces,SP1573,SP1573
Athetis nonagrica,Athetis nonagrica,Noctuidae,Athetis,SP1574,SP1574
Hypena commixtalis,Hypena commixtalis,Erebidae,Hypena,SP1575,SP1575
Pectinophora fusculella,Pectinophora fusculella,Gelechiidae,Pectinophora,SP1576,SP1576
Pennisetia marginatum,Pennisetia marginatum,Sesiidae,Pennisetia,SP1577,SP1577
Thecla megarus,Thecla megarus,Lycaenidae,Thecla,SP1578,SP1578
Ancylis impatiens,Ancylis impatiens,Tortricidae,Ancylis,SP1579,SP1579
Ochlodes venata,Ochlodes venata,Hesperiidae,Ochlodes,SP1580,SP1580
Polygonia vaualbum,Polygonia vaualbum,Nymphalidae,Polygonia,SP1581,SP1581
Parapediasia teterellus,Parapediasia teterellus,Crambidae,Parapediasia,SP1582,SP1582
Fabriciana niobe,Fabriciana niobe,Nymphalidae,Fabriciana,SP1583,SP1583
Araeomolis nigripuncta,Araeomolis nigripuncta,Erebidae,Araeomolis,SP1584,SP1584
Cyaniris semiargus,Cyaniris semiargus,Lycaenidae,Cyaniris,SP1585,SP1585
Melanargia japygia,Melanargia japygia,Nymphalidae,Melanargia,SP1586,SP1586
Chloantha hyperici,Chloantha hyperici,Noctuidae,Chloantha,SP1587,SP1587
Zale minerea,Zale minerea,Erebidae,Zale,SP1588,SP1588
Parectopa alysidota,Parectopa alysidota,Gracillariidae,Parectopa,SP1589,SP1589
Ladoga camilla,Ladoga camilla,Nymphalidae,Ladoga,SP1590,SP1590
Monochroa hornigi,Monochroa hornigi,Gelechiidae,Monochroa,SP1591,SP1591
Homoeographa lanceolella,Homoeographa lanceolella,,Homoeographa,SP1592,SP1592
Schiffermuelleria procerella,Schiffermuelleria procerella,Oecophoridae,Schiffermuelleria,SP1593,SP1593
Incurvaria flavimitrella,Incurvaria flavimitrella,Incurvariidae,Incurvaria,SP1594,SP1594
Eumeta variegatus,Eumeta variegatus,Psychidae,Eumeta,SP1595,SP1595
Cydia saltitans,Cydia saltitans,Tortricidae,Cydia,SP1596,SP1596
Schiffermuelleria amasiella,Schiffermuelleria amasiella,Oecophoridae,Schiffermuelleria,SP1597,SP1597
Syndemis cedricola,Syndemis cedricola,Tortricidae,Syndemis,SP1598,SP1598
Diatraea rufescens,Diatraea rufescens,Crambidae,Diatraea,SP1599,SP1599
Epinotia celtisana,Epinotia celtisana,Tortricidae,Epinotia,SP1600,SP1600
Chaliopsis junodi,Chaliopsis junodi,Psychidae,Chaliopsis,SP1601,SP1601
Clethrogyna turbata,Clethrogyna turbata,Erebidae,Clethrogyna,SP1602,SP1602
Aproaerema polychromella,Aproaerema polychromella,Gelechiidae,Aproaerema,SP1603,SP1603
Theretra latreillii,Theretra latreillii,Sphingidae,Theretra,SP1604,SP1604
Typhonia melana,Typhonia melana,Psychidae,Typhonia,SP1605,SP1605
Deudorix antalus,Deudorix antalus,Lycaenidae,Deudorix,SP1606,SP1606
Parnara guttatus,Parnara guttatus,Hesperiidae,Parnara,SP1607,SP1607
Bifascioides leucomelanella,Bifascioides leucomelanella,Cosmopterigidae,Bifascioides,SP1608,SP1608
Depressaria apiella,Depressaria apiella,Depressariidae,Depressaria,SP1609,SP1609
Digrammia rippertaria,Digrammia rippertaria,Geometridae,Digrammia,SP1610,SP1610
Mimudea puralis,Mimudea puralis,Crambidae,Mimudea,SP1611,SP1611
Callima formosella,Callima formosella,Oecophoridae,Callima,SP1612,SP1612
Incurvaria rubiella,Incurvaria rubiella,Incurvariidae,Incurvaria,SP1613,SP1613
Lamprosema chagosalis,Lamprosema chagosalis,Crambidae,Lamprosema,SP1614,SP1614
Anchoscelis lunosa,Anchoscelis lunosa,Noctuidae,Agrochola,SP1615,SP1615
Mocis conveniens,Mocis conveniens,Erebidae,Mocis,SP1616,SP1616
Swammerdamia lutarea,Swammerdamia lutarea,Yponomeutidae,Swammerdamia,SP1617,SP1617
Yponomeuta cagnagellus,Yponomeuta cagnagellus,Yponomeutidae,Yponomeuta,SP1618,SP1618
Ypsolophus ustella,Ypsolophus ustella,Plutellidae,Ypsolophus,SP1619,SP1619
Homoeosoma stenotea,Homoeosoma stenotea,Pyralidae,Homoeosoma,SP1620,SP1620
Chiasmia hebesata,Chiasmia hebesata,Geometridae,Chiasmia,SP1621,SP1621
Characoma nilotica,Characoma nilotica,Nolidae,Garella,SP1622,SP1622
Acontia margaritata,Acontia margaritata,Noctuidae,Acontia,SP1623,SP1623
Cnaemidophorus rhododactyla,Cnaemidophorus rhododactyla,Pterophoridae,Cnaemidophorus,SP1624,SP1624
Acrobasis glaucella,Acrobasis glaucella,Pyralidae,Acrobasis,SP1625,SP1625
Aproaerema buvati,Aproaerema buvati,Gelechiidae,Aproaerema,SP1626,SP1626
Schoenobius niloticus,Schoenobius niloticus,Crambidae,Schoenobius,SP1627,SP1627
Vittaplusia vittata,Vittaplusia vittata,Noctuidae,Vittaplusia,SP1628,SP1628
Microsphecia tineiformis,Microsphecia tineiformis,Sesiidae,Microsphecia,SP1629,SP1629
Acraea macarista,Acraea macarista,Nymphalidae,Acraea,SP1630,SP1630
Apisa metarctiodes,Apisa metarctiodes,Erebidae,Apisa,SP1631,SP1631
Telchinia encedon,Telchinia encedon,Nymphalidae,Acraea,SP1632,SP1632
Aproaerema simplexella,Aproaerema simplexella,Gelechiidae,Aproaerema,SP1633,SP1633
Symbrenthia hypselis,Symbrenthia hypselis,Nymphalidae,Symbrenthia,SP1634,SP1634
Doleschallia bisaltide,Doleschallia bisaltide,Nymphalidae,Doleschallia,SP1635,SP1635
