Cryptogenic,Introduced,Dispersal,Established,Eradicated,Intentional_Release,Year,AreaID,RealmID,SpeciesID,ReferenceID
,,,1.0,0.0,,,BRA.1_1,RLM1,SP1,REF1
,,,1.0,0.0,,,BRA.1_1,RLM1,SP2,REF1
,,,1.0,0.0,,,BRA.1_1,RLM1,SP3,REF1
,,,1.0,0.0,,,USA.1_1,RLM2,SP1,REF1
,,,1.0,0.0,,,USA.1_2,RLM2,SP1,REF1
,,,1.0,0.0,,,USA.2_1,RLM2,SP1,REF1
,,,1.0,0.0,,,USA.1_1,RLM2,SP4,REF1
,,,1.0,0.0,,,USA.1_2,RLM2,SP4,REF1
,,,1.0,0.0,,,USA.2_1,RLM2,SP4,REF1
,,,1.0,0.0,,,USA.1_1,RLM2,SP5,REF1
,,,1.0,0.0,,,USA.1_2,RLM2,SP5,REF1
,,,1.0,0.0,,,USA.2_1,RLM2,SP5,REF1
,,,1.0,0.0,,,USA.1_1,RLM2,SP6,REF1
,,,1.0,0.0,,,USA.1_2,RLM2,SP6,REF1
,,,1.0,0.0,,,USA.2_1,RLM2,SP6,REF1
,,,1.0,0.0,,,USA.1_1,RLM2,SP2,REF1
,,,1.0,0.0,,,USA.1_2,RLM2,SP2,REF1
,,,1.0,0.0,,,USA.2_1,RLM2,SP2,REF1
,1.0,,1.0,0.0,,,USA.1_1,RLM2,SP7,REF1
,1.0,,1.0,0.0,,,USA.1_2,RLM2,SP7,REF1
,1.0,,1.0,0.0,,,USA.2_1,RLM2,SP7,REF1
,,,1.0,0.0,,,USA.1_1,RLM2,SP8,REF1
,,,1.0,0.0,,,USA.1_2,RLM2,SP8,REF1
,,,1.0,0.0,,,USA.2_1,RLM2,SP8,REF1
,,,1.0,0.0,,,USA.1_1,RLM2,SP9,REF1
,,,1.0,0.0,,,USA.1_2,RLM2,SP9,REF1
,,,1.0,0.0,,,USA.2_1,RLM2,SP9,REF1
,,,1.0,0.0,,,USA.1_1,RLM2,SP10,REF1
,,,1.0,0.0,,,USA.1_2,RLM2,SP10,REF1
,,,1.0,0.0,,,USA.2_1,RLM2,SP10,REF1
,,,1.0,0.0,,,USA.1_1,RLM2,SP11,REF1
,,,1.0,0.0,,,USA.1_2,RLM2,SP11,REF1
,,,1.0,0.0,,,USA.2_1,RLM2,SP11,REF1
0.0,,,1.0,0.0,,,USA.1_1,RLM2,SP12,REF1
0.0,,,1.0,0.0,,,USA.1_2,RLM2,SP12,REF1
0.0,,,1.0,0.0,,,USA.2_1,RLM2,SP12,REF1
,1.0,,1.0,0.0,,,USA.1_1,RLM2,SP13,REF1
,1.0,,1.0,0.0,,,USA.1_2,RLM2,SP13,REF1
,1.0,,1.0,0.0,,,USA.2_1,RLM2,SP13,REF1
,,,1.0,0.0,,,USA.1_1,RLM2,SP14,REF1
,,,1.0,0.0,,,USA.1_2,RLM2,SP14,REF1
,,,1.0,0.0,,,USA.2_1,RLM2,SP14,REF1
,,,1.0,0.0,,,USA.1_1,RLM2,SP15,REF1
,,,1.0,0.0,,,USA.1_2,RLM2,SP15,REF1
,,,1.0,0.0,,,USA.2_1,RLM2,SP15,REF1
,1.0,,1.0,0.0,,,USA.1_1,RLM2,SP16,REF1
,1.0,,1.0,0.0,,,USA.1_2,RLM2,SP16,REF1
,1.0,,1.0,0.0,,,USA.2_1,RLM2,SP16,REF1
,,,1.0,0.0,,,BRA.1_1,RLM1,SP17,REF1
,,,1.0,0.0,,1994.0,BRA.1_1,RLM1,SP18,REF1
,,,1.0,0.0,,,,RLM2,SP6,REF1
,,,1.0,0.0,,,CAN.1_1,RLM2,SP6,REF1
,1.0,,1.0,0.0,,,CAN.1_1,RLM2,SP19,REF1
,,,1.0,0.0,,,CAN.1_1,RLM2,SP11,REF1
0.0,,,1.0,0.0,,,CAN.1_1,RLM2,SP12,REF1
,,,1.0,0.0,,,CAN.1_1,RLM2,SP14,REF1
,,,1.0,0.0,,,CAN.1_1,RLM2,SP20,REF1
1.0,,,1.0,0.0,0.0,,CAN.1_1,RLM2,SP21,REF2
,,,1.0,0.0,,,SYC.1_1,RLM3,SP22,REF1
,,,1.0,0.0,,,BRA.1_1,RLM1,SP8,REF1
,,,1.0,0.0,,,BRA.1_1,RLM1,SP23,REF1
,,,1.0,0.0,,,BRA.1_1,RLM1,SP24,REF1
,,,1.0,0.0,,,BRA.1_1,RLM1,SP25,REF1
,,,1.0,0.0,,1993.0,BRA.1_1,RLM1,SP18,REF1
,,,1.0,0.0,,,IND.2_1,RLM4,SP26,REF1
,,,1.0,0.0,,,IND.2_1,RLM4,SP27,REF1
,,,1.0,0.0,,,IND.2_1,RLM4,SP2,REF1
,,,1.0,0.0,,,IND.2_1,RLM4,SP23,REF1
,1.0,,1.0,0.0,,,IND.2_1,RLM4,SP28,REF1
,,,1.0,0.0,,,IND.2_1,RLM4,SP14,REF1
,,,1.0,0.0,,,IND.1_1,RLM4,SP29,REF1
,,,1.0,0.0,,,IND.1_1,RLM4,SP30,REF1
,,,1.0,0.0,,,IND.1_1,RLM4,SP26,REF1
,,,1.0,0.0,,,IND.1_1,RLM4,SP17,REF1
,,,1.0,0.0,,,IND.1_1,RLM4,SP27,REF1
,,,1.0,0.0,,,IND.1_1,RLM4,SP2,REF1
,1.0,,1.0,0.0,,2018.0,IND.1_1,RLM4,SP8,REF1
,,,1.0,0.0,,,IND.1_1,RLM4,SP23,REF1
,,,1.0,0.0,,,IND.1_1,RLM4,SP31,REF1
0.0,,,1.0,0.0,,,IND.1_1,RLM4,SP12,REF1
,,,1.0,0.0,,,IND.1_1,RLM4,SP32,REF1
,1.0,,1.0,0.0,,,IND.1_1,RLM4,SP28,REF1
,,,1.0,0.0,,,IND.1_1,RLM4,SP14,REF1
,,,1.0,0.0,,,CHN.1_1,RLM5,SP33,REF1
,,,1.0,0.0,,,CHN.2_1,RLM5,SP33,REF1
,,,1.0,0.0,,,CHN.3_1,RLM5,SP33,REF1
,,,1.0,0.0,,,CHN.1_1,RLM5,SP29,REF1
,,,1.0,0.0,,,CHN.2_1,RLM5,SP29,REF1
,,,1.0,0.0,,,CHN.3_1,RLM5,SP29,REF1
,,,1.0,0.0,,,CHN.1_1,RLM5,SP4,REF1
,,,1.0,0.0,,,CHN.2_1,RLM5,SP4,REF1
,,,1.0,0.0,,,CHN.3_1,RLM5,SP4,REF1
,,,1.0,0.0,,,CHN.1_1,RLM5,SP6,REF1
,,,1.0,0.0,,,CHN.2_1,RLM5,SP6,REF1
,,,1.0,0.0,,,CHN.3_1,RLM5,SP6,REF1
,,,1.0,0.0,,,CHN.1_1,RLM5,SP17,REF1
,,,1.0,0.0,,,CHN.2_1,RLM5,SP17,REF1
,,,1.0,0.0,,,CHN.3_1,RLM5,SP17,REF1
,,,1.0,0.0,,,CHN.1_1,RLM5,SP8,REF1
,,,1.0,0.0,,,CHN.2_1,RLM5,SP8,REF1
,,,1.0,0.0,,,CHN.3_1,RLM5,SP8,REF1
,,,1.0,0.0,,,CHN.1_1,RLM5,SP23,REF1
,,,1.0,0.0,,,CHN.2_1,RLM5,SP23,REF1
,,,1.0,0.0,,,CHN.3_1,RLM5,SP23,REF1
,,,1.0,0.0,,,CHN.1_1,RLM5,SP34,REF1
,,,1.0,0.0,,,CHN.2_1,RLM5,SP34,REF1
,,,1.0,0.0,,,CHN.3_1,RLM5,SP34,REF1
0.0,,,1.0,0.0,,,CHN.1_1,RLM5,SP12,REF1
0.0,,,1.0,0.0,,,CHN.2_1,RLM5,SP12,REF1
0.0,,,1.0,0.0,,,CHN.3_1,RLM5,SP12,REF1
,,,1.0,0.0,,,CHN.1_1,RLM5,SP28,REF1
,,,1.0,0.0,,,CHN.2_1,RLM5,SP28,REF1
,,,1.0,0.0,,,CHN.3_1,RLM5,SP28,REF1
,,,1.0,0.0,,,CHN.1_1,RLM5,SP14,REF1
,,,1.0,0.0,,,CHN.2_1,RLM5,SP14,REF1
,,,1.0,0.0,,,CHN.3_1,RLM5,SP14,REF1
,,,1.0,0.0,,,USA.1_1,RLM2,SP17,REF1
,,,1.0,0.0,,,USA.1_2,RLM2,SP17,REF1
,,,1.0,0.0,,,USA.2_1,RLM2,SP17,REF1
,,,1.0,0.0,,,USA.1_1,RLM2,SP34,REF1
,,,1.0,0.0,,,USA.1_2,RLM2,SP34,REF1
,,,1.0,0.0,,,USA.2_1,RLM2,SP34,REF1
,,,1.0,0.0,,,USA.1_1,RLM2,SP35,REF1
,,,1.0,0.0,,,USA.1_2,RLM2,SP35,REF1
,,,1.0,0.0,,,USA.2_1,RLM2,SP35,REF1
,,,1.0,0.0,,,IND.1_1,RLM5,SP36,REF1
,,,1.0,0.0,,,IND.1_1,RLM5,SP27,REF1
,,,1.0,0.0,,,IND.1_1,RLM5,SP2,REF1
,,,1.0,0.0,,,IND.1_1,RLM5,SP8,REF1
,,,1.0,0.0,,,IND.1_1,RLM5,SP37,REF1
,,,1.0,0.0,,,IND.1_1,RLM5,SP14,REF1
,1.0,,1.0,0.0,,1974.0,GBR.3_1,RLM6,SP7,REF1
,,,1.0,0.0,,,GBR.3_1,RLM6,SP23,REF1
,1.0,,1.0,0.0,,,GBR.3_1,RLM6,SP25,REF1
,,,1.0,0.0,,,GBR.3_1,RLM6,SP38,REF1
,,,1.0,0.0,,,IND.1_1,RLM4,SP39,REF1
,,,1.0,0.0,,,IND.1_1,RLM4,SP5,REF1
,,,1.0,0.0,,,IND.1_1,RLM4,SP8,REF1
,,,1.0,0.0,,,IND.1_1,RLM4,SP37,REF1
,,,1.0,0.0,,,IND.1_1,RLM4,SP40,REF1
,,,1.0,0.0,,,,RLM7,SP39,REF1
,1.0,,1.0,0.0,,,,RLM7,SP30,REF1
,,,1.0,0.0,,,,RLM7,SP5,REF1
,,,1.0,0.0,,,,RLM7,SP2,REF1
,1.0,,1.0,0.0,,,,RLM7,SP41,REF1
,,,1.0,0.0,,,,RLM7,SP23,REF1
,,,1.0,0.0,,,,RLM7,SP42,REF1
,,,1.0,0.0,,,,RLM7,SP43,REF1
,1.0,,1.0,0.0,,,,RLM7,SP44,REF1
,,,1.0,0.0,,,,RLM7,SP45,REF1
0.0,,,1.0,0.0,,,,RLM7,SP12,REF1
,,,1.0,0.0,,,,RLM7,SP38,REF1
,,,1.0,0.0,,,,RLM7,SP46,REF1
,,,1.0,0.0,,,,RLM7,SP28,REF1
,,,1.0,0.0,,,,RLM7,SP47,REF1
,,,1.0,0.0,,,,RLM7,SP14,REF1
,,,1.0,0.0,,,,RLM7,SP15,REF1
,,,1.0,0.0,,,,RLM7,SP48,REF1
,1.0,,1.0,0.0,,,,RLM7,SP16,REF1
,,,1.0,0.0,,,BRA.1_1,RLM1,SP30,REF1
,,,1.0,0.0,,,BRA.1_1,RLM1,SP5,REF1
,,,1.0,0.0,,,BRA.1_1,RLM1,SP9,REF1
,,,1.0,0.0,,1931.0,BRA.1_1,RLM1,SP18,REF1
,,,1.0,0.0,,,BRA.1_1,RLM1,SP49,REF1
,,,1.0,0.0,,,BRA.1_1,RLM1,SP14,REF1
,,,1.0,0.0,,,CHN.1_1,RLM5,SP50,REF1
,,,1.0,0.0,,,CHN.2_1,RLM5,SP50,REF1
,,,1.0,0.0,,,CHN.3_1,RLM5,SP50,REF1
,,,1.0,0.0,,,CHN.1_1,RLM5,SP41,REF1
,,,1.0,0.0,,,CHN.2_1,RLM5,SP41,REF1
,,,1.0,0.0,,,CHN.3_1,RLM5,SP41,REF1
,,,1.0,0.0,,,CHN.1_1,RLM5,SP51,REF1
,,,1.0,0.0,,,CHN.2_1,RLM5,SP51,REF1
,,,1.0,0.0,,,CHN.3_1,RLM5,SP51,REF1
,,,1.0,0.0,,,CHN.1_1,RLM5,SP52,REF1
,,,1.0,0.0,,,CHN.2_1,RLM5,SP52,REF1
,,,1.0,0.0,,,CHN.3_1,RLM5,SP52,REF1
,,,1.0,0.0,,,CHN.1_1,RLM5,SP40,REF1
,,,1.0,0.0,,,CHN.2_1,RLM5,SP40,REF1
,,,1.0,0.0,,,CHN.3_1,RLM5,SP40,REF1
,,,1.0,0.0,,,IND.1_1,RLM4,SP22,REF1
,,,1.0,0.0,,,IND.1_1,RLM4,SP53,REF1
,,,1.0,0.0,,,IND.1_1,RLM4,SP54,REF1
,,,1.0,0.0,,,PNG.1_1,RLM3,SP23,REF1
,,,1.0,0.0,,,JPN.1_1,RLM4,SP41,REF1
,,,1.0,0.0,,,JPN.1_1,RLM4,SP28,REF1
,,,1.0,0.0,,,CAN.1_1,RLM2,SP55,REF1
,,,1.0,0.0,,,CAN.1_1,RLM2,SP4,REF1
,,,1.0,0.0,,,CAN.1_1,RLM2,SP5,REF1
,,,1.0,0.0,,,CAN.1_1,RLM2,SP9,REF1
,,,1.0,0.0,,,CAN.1_1,RLM2,SP56,REF1
,,,1.0,0.0,,,CAN.1_1,RLM2,SP57,REF1
,1.0,,1.0,0.0,,2007.0,CAN.1_1,RLM2,SP58,REF1
,,,1.0,0.0,,,CAN.1_1,RLM2,SP10,REF1
,,,1.0,0.0,,,CAN.1_1,RLM2,SP43,REF1
,,,1.0,0.0,,1993.0,CAN.1_1,RLM2,SP34,REF1
,,,1.0,0.0,,,CAN.1_1,RLM2,SP59,REF1
,,,1.0,0.0,,,CAN.1_1,RLM2,SP60,REF1
,1.0,,1.0,0.0,,1989.0,CAN.1_1,RLM2,SP61,REF1
,1.0,,1.0,0.0,,,CAN.1_1,RLM2,SP16,REF1
,,,1.0,0.0,,,USA.1_1,RLM2,SP55,REF1
,,,1.0,0.0,,,USA.1_2,RLM2,SP55,REF1
,,,1.0,0.0,,,USA.2_1,RLM2,SP55,REF1
,,,1.0,0.0,,,USA.1_1,RLM2,SP22,REF1
,,,1.0,0.0,,,USA.1_2,RLM2,SP22,REF1
,,,1.0,0.0,,,USA.2_1,RLM2,SP22,REF1
,,,1.0,0.0,,,USA.1_1,RLM2,SP62,REF1
,,,1.0,0.0,,,USA.1_2,RLM2,SP62,REF1
,,,1.0,0.0,,,USA.2_1,RLM2,SP62,REF1
,1.0,,1.0,0.0,,1911.0,USA.1_1,RLM2,SP25,REF1
,1.0,,1.0,0.0,,1911.0,USA.1_2,RLM2,SP25,REF1
,1.0,,1.0,0.0,,1911.0,USA.2_1,RLM2,SP25,REF1
,1.0,,1.0,0.0,,,USA.1_1,RLM2,SP63,REF1
,1.0,,1.0,0.0,,,USA.1_2,RLM2,SP63,REF1
,1.0,,1.0,0.0,,,USA.2_1,RLM2,SP63,REF1
,1.0,,1.0,0.0,,,USA.1_1,RLM2,SP47,REF1
,1.0,,1.0,0.0,,,USA.1_2,RLM2,SP47,REF1
,1.0,,1.0,0.0,,,USA.2_1,RLM2,SP47,REF1
,,,1.0,0.0,,,USA.1_1,RLM2,SP64,REF1
,,,1.0,0.0,,,USA.1_2,RLM2,SP64,REF1
,,,1.0,0.0,,,USA.2_1,RLM2,SP64,REF1
,,,1.0,0.0,,,USA.1_1,RLM2,SP65,REF1
,,,1.0,0.0,,,USA.1_2,RLM2,SP65,REF1
,,,1.0,0.0,,,USA.2_1,RLM2,SP65,REF1
,,,1.0,0.0,,,USA.1_1,RLM2,SP66,REF1
,,,1.0,0.0,,,USA.1_2,RLM2,SP66,REF1
,,,1.0,0.0,,,USA.2_1,RLM2,SP66,REF1
,,,1.0,0.0,,,,RLM7,SP67,REF1
,,,1.0,0.0,,,,RLM7,SP39,REF1
,,,1.0,0.0,,,,RLM7,SP17,REF1
,,,1.0,0.0,,,,RLM7,SP62,REF1
,,,1.0,0.0,,,,RLM7,SP19,REF1
,,,1.0,0.0,,,,RLM7,SP41,REF1
,,,1.0,0.0,,,,RLM7,SP56,REF1
,,,1.0,0.0,,,,RLM7,SP68,REF1
,1.0,,1.0,0.0,,2001.0,,RLM7,SP69,REF1
,1.0,,1.0,0.0,,,,RLM7,SP35,REF1
,,,1.0,0.0,,,,RLM7,SP70,REF1
,,,1.0,0.0,,,,RLM7,SP46,REF1
,,,1.0,0.0,,,,RLM7,SP71,REF1
,,,1.0,0.0,,,,RLM7,SP28,REF1
,,,1.0,0.0,,,,RLM7,SP14,REF1
,,,1.0,0.0,,,,RLM7,SP15,REF1
,1.0,,1.0,0.0,,,,RLM7,SP16,REF1
,,,1.0,0.0,,,GBR.7_1,RLM3,SP28,REF1
,1.0,,1.0,0.0,,,IND.1_1,RLM4,SP30,REF1
,,,1.0,0.0,,,CHN.1_1,RLM5,SP2,REF1
,,,1.0,0.0,,,CHN.2_1,RLM5,SP2,REF1
,,,1.0,0.0,,,CHN.3_1,RLM5,SP2,REF1
,,,1.0,0.0,,,USA.1_1,RLM2,SP43,REF1
,,,1.0,0.0,,,USA.1_2,RLM2,SP43,REF1
,,,1.0,0.0,,,USA.2_1,RLM2,SP43,REF1
,1.0,,1.0,0.0,,1982.0,USA.1_1,RLM2,SP72,REF1
,1.0,,1.0,0.0,,1982.0,USA.1_2,RLM2,SP72,REF1
,1.0,,1.0,0.0,,1982.0,USA.2_1,RLM2,SP72,REF1
,,,1.0,0.0,,,USA.1_1,RLM2,SP57,REF1
,,,1.0,0.0,,,USA.1_2,RLM2,SP57,REF1
,,,1.0,0.0,,,USA.2_1,RLM2,SP57,REF1
,,,1.0,0.0,,,USA.1_1,RLM2,SP73,REF1
,,,1.0,0.0,,,USA.1_2,RLM2,SP73,REF1
,,,1.0,0.0,,,USA.2_1,RLM2,SP73,REF1
,,,1.0,0.0,,,USA.1_1,RLM2,SP74,REF1
,,,1.0,0.0,,,USA.1_2,RLM2,SP74,REF1
,,,1.0,0.0,,,USA.2_1,RLM2,SP74,REF1
,,,1.0,0.0,,,IND.1_1,RLM4,SP6,REF1
,1.0,,1.0,0.0,,,IND.1_1,RLM4,SP44,REF1
,,,1.0,0.0,,,IND.1_1,RLM4,SP45,REF1
,,,1.0,0.0,,,IND.1_1,RLM4,SP28,REF1
,,,1.0,0.0,,,BRA.1_1,RLM1,SP18,REF1
,,,1.0,0.0,,,CHL.1_1,RLM3,SP39,REF1
,,,1.0,0.0,,,CHL.1_1,RLM3,SP30,REF1
,,,1.0,0.0,,,CHL.1_1,RLM3,SP9,REF1
,,,1.0,0.0,,,CHL.1_1,RLM3,SP45,REF1
,,,1.0,0.0,,,,RLM7,SP33,REF1
,,,1.0,0.0,,,,RLM7,SP39,REF1
,,,1.0,0.0,,,,RLM7,SP30,REF1
,,,1.0,0.0,,,,RLM7,SP57,REF1
,,,1.0,0.0,,,,RLM7,SP52,REF1
,,,1.0,0.0,,,,RLM7,SP34,REF1
,,,1.0,0.0,,,,RLM7,SP68,REF1
,,,1.0,0.0,,,,RLM7,SP70,REF1
,,,1.0,0.0,,,,RLM7,SP40,REF1
,,,1.0,0.0,,,,RLM7,SP46,REF1
,,,1.0,0.0,,,,RLM7,SP71,REF1
,,,1.0,0.0,,,,RLM7,SP15,REF1
,1.0,,1.0,0.0,,,,RLM7,SP16,REF1
,,,1.0,0.0,,,GBR.1_1,RLM7,SP55,REF1
,,,1.0,0.0,,,GBR.1_1,RLM7,SP67,REF1
,,,1.0,0.0,,,GBR.1_1,RLM7,SP39,REF1
,,,1.0,0.0,,,GBR.1_1,RLM7,SP30,REF1
,,,1.0,0.0,,,GBR.1_1,RLM7,SP75,REF1
,,,1.0,0.0,,,GBR.1_1,RLM7,SP5,REF1
,,,1.0,0.0,,,GBR.1_1,RLM7,SP50,REF1
,,,1.0,0.0,,,GBR.1_1,RLM7,SP62,REF1
,,,1.0,0.0,,,GBR.1_1,RLM7,SP41,REF1
,,,1.0,0.0,,,GBR.1_1,RLM7,SP23,REF1
,,,1.0,0.0,,,GBR.1_1,RLM7,SP76,REF1
,,,1.0,0.0,,,GBR.1_1,RLM7,SP42,REF1
,,,1.0,0.0,,,GBR.1_1,RLM7,SP57,REF1
,,,1.0,0.0,,,GBR.1_1,RLM7,SP10,REF1
,,,1.0,0.0,,,GBR.1_1,RLM7,SP43,REF1
,,,1.0,0.0,,,GBR.1_1,RLM7,SP52,REF1
,,,1.0,0.0,,,GBR.1_1,RLM7,SP68,REF1
,,,1.0,0.0,,,GBR.1_1,RLM7,SP11,REF1
0.0,,,1.0,0.0,,,GBR.1_1,RLM7,SP12,REF1
,,,1.0,0.0,,,GBR.1_1,RLM7,SP77,REF1
,,,1.0,0.0,,,GBR.1_1,RLM7,SP38,REF1
,,,1.0,0.0,,,GBR.1_1,RLM7,SP78,REF1
,,,1.0,0.0,,,GBR.1_1,RLM7,SP46,REF1
,,,1.0,0.0,,,GBR.1_1,RLM7,SP28,REF1
,,,1.0,0.0,,,GBR.1_1,RLM7,SP47,REF1
,,,1.0,0.0,,,GBR.1_1,RLM7,SP79,REF1
,,,1.0,0.0,,,BRA.1_1,RLM1,SP10,REF1
0.0,,,1.0,0.0,,,BRA.1_1,RLM1,SP12,REF1
,,,1.0,0.0,,1991.0,BRA.1_1,RLM1,SP18,REF1
,,,1.0,0.0,,,USA.1_1,RLM2,SP27,REF1
,,,1.0,0.0,,,USA.1_2,RLM2,SP27,REF1
,,,1.0,0.0,,,USA.2_1,RLM2,SP27,REF1
,,,1.0,0.0,,1993.0,USA.1_1,RLM2,SP2,REF1
,,,1.0,0.0,,1993.0,USA.1_2,RLM2,SP2,REF1
,,,1.0,0.0,,1993.0,USA.2_1,RLM2,SP2,REF1
,1.0,,1.0,0.0,,1989.0,USA.1_1,RLM2,SP7,REF1
,1.0,,1.0,0.0,,1989.0,USA.1_2,RLM2,SP7,REF1
,1.0,,1.0,0.0,,1989.0,USA.2_1,RLM2,SP7,REF1
,1.0,,1.0,0.0,,,USA.1_1,RLM2,SP41,REF1
,1.0,,1.0,0.0,,,USA.1_2,RLM2,SP41,REF1
,1.0,,1.0,0.0,,,USA.2_1,RLM2,SP41,REF1
,,,1.0,0.0,,,USA.1_1,RLM2,SP23,REF1
,,,1.0,0.0,,,USA.1_2,RLM2,SP23,REF1
,,,1.0,0.0,,,USA.2_1,RLM2,SP23,REF1
,1.0,,1.0,0.0,,1918.0,USA.1_1,RLM2,SP25,REF1
,1.0,,1.0,0.0,,1918.0,USA.1_2,RLM2,SP25,REF1
,1.0,,1.0,0.0,,1918.0,USA.2_1,RLM2,SP25,REF1
,,,1.0,0.0,,,USA.1_1,RLM2,SP63,REF1
,,,1.0,0.0,,,USA.1_2,RLM2,SP63,REF1
,,,1.0,0.0,,,USA.2_1,RLM2,SP63,REF1
,,,1.0,0.0,,,USA.1_1,RLM2,SP28,REF1
,,,1.0,0.0,,,USA.1_2,RLM2,SP28,REF1
,,,1.0,0.0,,,USA.2_1,RLM2,SP28,REF1
,,,1.0,0.0,,,USA.1_1,RLM2,SP80,REF1
,,,1.0,0.0,,,USA.1_2,RLM2,SP80,REF1
,,,1.0,0.0,,,USA.2_1,RLM2,SP80,REF1
,,,1.0,0.0,,,USA.1_1,RLM2,SP81,REF1
,,,1.0,0.0,,,USA.1_2,RLM2,SP81,REF1
,,,1.0,0.0,,,USA.2_1,RLM2,SP81,REF1
,1.0,,1.0,0.0,,1987.0,CHN.1_1,RLM5,SP33,REF1
,1.0,,1.0,0.0,,1987.0,CHN.2_1,RLM5,SP33,REF1
,1.0,,1.0,0.0,,1987.0,CHN.3_1,RLM5,SP33,REF1
,,,1.0,0.0,,,CHN.1_1,RLM5,SP26,REF1
,,,1.0,0.0,,,CHN.2_1,RLM5,SP26,REF1
,,,1.0,0.0,,,CHN.3_1,RLM5,SP26,REF1
,,,1.0,0.0,,,CHN.1_1,RLM5,SP27,REF1
,,,1.0,0.0,,,CHN.2_1,RLM5,SP27,REF1
,,,1.0,0.0,,,CHN.3_1,RLM5,SP27,REF1
,,,1.0,0.0,,,CHN.1_1,RLM5,SP31,REF1
,,,1.0,0.0,,,CHN.2_1,RLM5,SP31,REF1
,,,1.0,0.0,,,CHN.3_1,RLM5,SP31,REF1
,,,1.0,0.0,,,CHN.1_1,RLM7,SP33,REF1
,,,1.0,0.0,,,CHN.2_1,RLM7,SP33,REF1
,,,1.0,0.0,,,CHN.3_1,RLM7,SP33,REF1
,,,1.0,0.0,,,CHN.1_1,RLM7,SP2,REF1
,,,1.0,0.0,,,CHN.2_1,RLM7,SP2,REF1
,,,1.0,0.0,,,CHN.3_1,RLM7,SP2,REF1
,,,1.0,0.0,,,CHN.1_1,RLM7,SP8,REF1
,,,1.0,0.0,,,CHN.2_1,RLM7,SP8,REF1
,,,1.0,0.0,,,CHN.3_1,RLM7,SP8,REF1
,,,1.0,0.0,,,CHN.1_1,RLM7,SP11,REF1
,,,1.0,0.0,,,CHN.2_1,RLM7,SP11,REF1
,,,1.0,0.0,,,CHN.3_1,RLM7,SP11,REF1
0.0,,,1.0,0.0,,,CHN.1_1,RLM7,SP12,REF1
0.0,,,1.0,0.0,,,CHN.2_1,RLM7,SP12,REF1
0.0,,,1.0,0.0,,,CHN.3_1,RLM7,SP12,REF1
,,,1.0,0.0,,1977.0,BRA.1_1,RLM1,SP18,REF1
,,,1.0,0.0,,,CHN.1_1,RLM4,SP33,REF1
,,,1.0,0.0,,,CHN.2_1,RLM4,SP33,REF1
,,,1.0,0.0,,,CHN.3_1,RLM4,SP33,REF1
,,,1.0,0.0,,,CHN.1_1,RLM4,SP29,REF1
,,,1.0,0.0,,,CHN.2_1,RLM4,SP29,REF1
,,,1.0,0.0,,,CHN.3_1,RLM4,SP29,REF1
,,,1.0,0.0,,,CHN.1_1,RLM4,SP26,REF1
,,,1.0,0.0,,,CHN.2_1,RLM4,SP26,REF1
,,,1.0,0.0,,,CHN.3_1,RLM4,SP26,REF1
,,,1.0,0.0,,,CHN.1_1,RLM4,SP6,REF1
,,,1.0,0.0,,,CHN.2_1,RLM4,SP6,REF1
,,,1.0,0.0,,,CHN.3_1,RLM4,SP6,REF1
,,,1.0,0.0,,,CHN.1_1,RLM4,SP2,REF1
,,,1.0,0.0,,,CHN.2_1,RLM4,SP2,REF1
,,,1.0,0.0,,,CHN.3_1,RLM4,SP2,REF1
,,,1.0,0.0,,,CHN.1_1,RLM4,SP8,REF1
,,,1.0,0.0,,,CHN.2_1,RLM4,SP8,REF1
,,,1.0,0.0,,,CHN.3_1,RLM4,SP8,REF1
,,,1.0,0.0,,,CHN.1_1,RLM4,SP41,REF1
,,,1.0,0.0,,,CHN.2_1,RLM4,SP41,REF1
,,,1.0,0.0,,,CHN.3_1,RLM4,SP41,REF1
,,,1.0,0.0,,,CHN.1_1,RLM4,SP23,REF1
,,,1.0,0.0,,,CHN.2_1,RLM4,SP23,REF1
,,,1.0,0.0,,,CHN.3_1,RLM4,SP23,REF1
,1.0,,1.0,0.0,,,CHN.1_1,RLM4,SP63,REF1
,1.0,,1.0,0.0,,,CHN.2_1,RLM4,SP63,REF1
,1.0,,1.0,0.0,,,CHN.3_1,RLM4,SP63,REF1
,,,1.0,0.0,,,CHN.1_1,RLM4,SP31,REF1
,,,1.0,0.0,,,CHN.2_1,RLM4,SP31,REF1
,,,1.0,0.0,,,CHN.3_1,RLM4,SP31,REF1
0.0,,,1.0,0.0,,,CHN.1_1,RLM4,SP12,REF1
0.0,,,1.0,0.0,,,CHN.2_1,RLM4,SP12,REF1
0.0,,,1.0,0.0,,,CHN.3_1,RLM4,SP12,REF1
,1.0,,1.0,0.0,,,CHN.1_1,RLM4,SP28,REF1
,1.0,,1.0,0.0,,,CHN.2_1,RLM4,SP28,REF1
,1.0,,1.0,0.0,,,CHN.3_1,RLM4,SP28,REF1
,,,1.0,0.0,,,CHN.1_1,RLM4,SP14,REF1
,,,1.0,0.0,,,CHN.2_1,RLM4,SP14,REF1
,,,1.0,0.0,,,CHN.3_1,RLM4,SP14,REF1
,,,1.0,0.0,,,CHN.1_1,RLM4,SP15,REF1
,,,1.0,0.0,,,CHN.2_1,RLM4,SP15,REF1
,,,1.0,0.0,,,CHN.3_1,RLM4,SP15,REF1
,1.0,,1.0,0.0,,,CHN.1_1,RLM4,SP16,REF1
,1.0,,1.0,0.0,,,CHN.2_1,RLM4,SP16,REF1
,1.0,,1.0,0.0,,,CHN.3_1,RLM4,SP16,REF1
,,,1.0,0.0,,,CHN.1_1,RLM4,SP5,REF1
,,,1.0,0.0,,,CHN.2_1,RLM4,SP5,REF1
,,,1.0,0.0,,,CHN.3_1,RLM4,SP5,REF1
,,,1.0,0.0,,,CHN.1_1,RLM4,SP40,REF1
,,,1.0,0.0,,,CHN.2_1,RLM4,SP40,REF1
,,,1.0,0.0,,,CHN.3_1,RLM4,SP40,REF1
,,,1.0,0.0,,,CHN.1_1,RLM5,SP5,REF1
,,,1.0,0.0,,,CHN.2_1,RLM5,SP5,REF1
,,,1.0,0.0,,,CHN.3_1,RLM5,SP5,REF1
,1.0,,1.0,0.0,,,CHN.1_1,RLM5,SP28,REF1
,1.0,,1.0,0.0,,,CHN.2_1,RLM5,SP28,REF1
,1.0,,1.0,0.0,,,CHN.3_1,RLM5,SP28,REF1
,,,1.0,0.0,,,IND.1_1,RLM4,SP35,REF1
,,,1.0,0.0,,,,RLM4,SP8,REF1
,,,1.0,0.0,,,,RLM4,SP41,REF1
,,,1.0,0.0,,,,RLM4,SP23,REF1
,1.0,,1.0,0.0,,,,RLM4,SP63,REF1
,,,1.0,0.0,,,,RLM4,SP31,REF1
,,,1.0,0.0,,,,RLM4,SP28,REF1
,,,1.0,0.0,,,,RLM4,SP14,REF1
,,,1.0,0.0,,,IND.1_1,RLM4,SP82,REF1
,1.0,,1.0,0.0,,,,RLM2,SP22,REF1
,,,1.0,0.0,,,,RLM2,SP29,REF1
,,,1.0,0.0,,,,RLM2,SP5,REF1
,1.0,,1.0,0.0,,1975.0,,RLM2,SP26,REF1
,1.0,,1.0,0.0,,1897.0,,RLM2,SP6,REF1
,,,1.0,0.0,,,,RLM2,SP17,REF1
,1.0,,1.0,0.0,,2000.0,,RLM2,SP2,REF1
,1.0,,1.0,0.0,,1950.0,,RLM2,SP7,REF1
,1.0,,1.0,0.0,,,,RLM2,SP9,REF1
,1.0,,1.0,0.0,,,,RLM2,SP41,REF1
,1.0,,1.0,0.0,,1905.0,,RLM2,SP44,REF1
,1.0,,1.0,0.0,,,,RLM2,SP63,REF1
,,,1.0,0.0,,,,RLM2,SP45,REF1
,,,1.0,0.0,,,,RLM2,SP68,REF1
,1.0,,1.0,0.0,,,,RLM2,SP35,REF1
0.0,,,1.0,0.0,,,,RLM2,SP12,REF1
,1.0,,1.0,0.0,,,,RLM2,SP40,REF1
,1.0,,1.0,0.0,,2001.0,,RLM2,SP83,REF1
,1.0,,1.0,0.0,,1892.0,,RLM2,SP13,REF1
,,,1.0,0.0,,,,RLM2,SP28,REF1
,1.0,,1.0,0.0,,,,RLM2,SP47,REF1
,,,1.0,0.0,,,,RLM2,SP14,REF1
,1.0,,1.0,0.0,,1881.0,,RLM2,SP84,REF1
,1.0,,1.0,0.0,,,,RLM2,SP85,REF1
,,,1.0,0.0,,,,RLM2,SP86,REF1
,1.0,,1.0,0.0,,,,RLM2,SP16,REF1
,1.0,,1.0,0.0,,1995.0,CHN.1_1,RLM5,SP41,REF1
,1.0,,1.0,0.0,,1995.0,CHN.2_1,RLM5,SP41,REF1
,1.0,,1.0,0.0,,1995.0,CHN.3_1,RLM5,SP41,REF1
,,,1.0,0.0,,,CHN.1_1,RLM5,SP11,REF1
,,,1.0,0.0,,,CHN.2_1,RLM5,SP11,REF1
,,,1.0,0.0,,,CHN.3_1,RLM5,SP11,REF1
,,,1.0,0.0,,,CHN.1_1,RLM5,SP37,REF1
,,,1.0,0.0,,,CHN.2_1,RLM5,SP37,REF1
,,,1.0,0.0,,,CHN.3_1,RLM5,SP37,REF1
,,,1.0,0.0,,,CHN.1_1,RLM5,SP15,REF1
,,,1.0,0.0,,,CHN.2_1,RLM5,SP15,REF1
,,,1.0,0.0,,,CHN.3_1,RLM5,SP15,REF1
,,,1.0,0.0,,,CHN.1_1,RLM5,SP20,REF1
,,,1.0,0.0,,,CHN.2_1,RLM5,SP20,REF1
,,,1.0,0.0,,,CHN.3_1,RLM5,SP20,REF1
,,,1.0,0.0,,,CHN.1_1,RLM7,SP26,REF1
,,,1.0,0.0,,,CHN.2_1,RLM7,SP26,REF1
,,,1.0,0.0,,,CHN.3_1,RLM7,SP26,REF1
,,,1.0,0.0,,,CHN.1_1,RLM7,SP23,REF1
,,,1.0,0.0,,,CHN.2_1,RLM7,SP23,REF1
,,,1.0,0.0,,,CHN.3_1,RLM7,SP23,REF1
,,,1.0,0.0,,,CHN.1_1,RLM7,SP34,REF1
,,,1.0,0.0,,,CHN.2_1,RLM7,SP34,REF1
,,,1.0,0.0,,,CHN.3_1,RLM7,SP34,REF1
,,,1.0,0.0,,,CHN.1_1,RLM7,SP70,REF1
,,,1.0,0.0,,,CHN.2_1,RLM7,SP70,REF1
,,,1.0,0.0,,,CHN.3_1,RLM7,SP70,REF1
,,,1.0,0.0,,,CHN.1_1,RLM7,SP71,REF1
,,,1.0,0.0,,,CHN.2_1,RLM7,SP71,REF1
,,,1.0,0.0,,,CHN.3_1,RLM7,SP71,REF1
,,,1.0,0.0,,,CHN.1_1,RLM7,SP79,REF1
,,,1.0,0.0,,,CHN.2_1,RLM7,SP79,REF1
,,,1.0,0.0,,,CHN.3_1,RLM7,SP79,REF1
,,,1.0,0.0,,,CHN.1_1,RLM7,SP15,REF1
,,,1.0,0.0,,,CHN.2_1,RLM7,SP15,REF1
,,,1.0,0.0,,,CHN.3_1,RLM7,SP15,REF1
,,,1.0,0.0,,,IND.1_1,RLM4,SP79,REF1
,,,1.0,0.0,,,JPN.1_1,RLM5,SP39,REF1
,,,1.0,0.0,,,JPN.1_1,RLM5,SP62,REF1
,,,1.0,0.0,,,JPN.1_1,RLM5,SP23,REF1
,,,1.0,0.0,,,JPN.1_1,RLM5,SP42,REF1
,,,1.0,0.0,,,JPN.1_1,RLM5,SP52,REF1
,,,1.0,0.0,,,JPN.1_1,RLM5,SP34,REF1
,,,1.0,0.0,,,JPN.1_1,RLM5,SP37,REF1
0.0,,,1.0,0.0,,,JPN.1_1,RLM5,SP12,REF1
,,,1.0,0.0,,,JPN.1_1,RLM5,SP70,REF1
,,,1.0,0.0,,,JPN.1_1,RLM5,SP46,REF1
,,,1.0,0.0,,,JPN.1_1,RLM5,SP28,REF1
,,,1.0,0.0,,,JPN.1_1,RLM5,SP14,REF1
,,,1.0,0.0,,,JPN.1_1,RLM5,SP15,REF1
,,,1.0,0.0,,,JPN.1_1,RLM5,SP29,REF1
,,,1.0,0.0,,,JPN.1_1,RLM5,SP4,REF1
,,,1.0,0.0,,,JPN.1_1,RLM5,SP5,REF1
,,,1.0,0.0,,,JPN.1_1,RLM5,SP2,REF1
,1.0,,1.0,0.0,,,JPN.1_1,RLM5,SP41,REF1
,1.0,,1.0,0.0,,,JPN.1_1,RLM5,SP13,REF1
,1.0,,1.0,0.0,,,JPN.1_1,RLM5,SP16,REF1
,,,1.0,0.0,,,CHN.1_1,RLM5,SP39,REF1
,,,1.0,0.0,,,CHN.2_1,RLM5,SP39,REF1
,,,1.0,0.0,,,CHN.3_1,RLM5,SP39,REF1
,1.0,,1.0,0.0,,,CHN.1_1,RLM7,SP4,REF1
,1.0,,1.0,0.0,,,CHN.2_1,RLM7,SP4,REF1
,1.0,,1.0,0.0,,,CHN.3_1,RLM7,SP4,REF1
,,,1.0,0.0,,,CHN.1_1,RLM7,SP40,REF1
,,,1.0,0.0,,,CHN.2_1,RLM7,SP40,REF1
,,,1.0,0.0,,,CHN.3_1,RLM7,SP40,REF1
,,,1.0,0.0,,,CHN.1_1,RLM7,SP28,REF1
,,,1.0,0.0,,,CHN.2_1,RLM7,SP28,REF1
,,,1.0,0.0,,,CHN.3_1,RLM7,SP28,REF1
,,,1.0,0.0,,,CHN.1_1,RLM7,SP14,REF1
,,,1.0,0.0,,,CHN.2_1,RLM7,SP14,REF1
,,,1.0,0.0,,,CHN.3_1,RLM7,SP14,REF1
,,,1.0,0.0,,,IDN.1_1,RLM4,SP22,REF1
,,,1.0,0.0,,,IDN.1_1,RLM4,SP17,REF1
,,,1.0,0.0,,,IDN.1_1,RLM4,SP2,REF1
,,,1.0,0.0,,,IDN.1_1,RLM4,SP23,REF1
,,,1.0,0.0,,,IDN.1_1,RLM4,SP53,REF1
,,,1.0,0.0,,,IDN.1_1,RLM4,SP28,REF1
,,,1.0,0.0,,,IDN.1_1,RLM4,SP14,REF1
,,,1.0,0.0,,,IND.1_1,RLM4,SP87,REF1
,,,1.0,0.0,,,IDN.1_1,RLM4,SP29,REF1
,,,1.0,0.0,,,IDN.1_1,RLM4,SP5,REF1
,,,1.0,0.0,,,IDN.1_1,RLM4,SP26,REF1
,,,1.0,0.0,,,IDN.1_1,RLM4,SP8,REF1
,,,1.0,0.0,,,IDN.1_1,RLM4,SP31,REF1
0.0,,,1.0,0.0,,,IDN.1_1,RLM4,SP12,REF1
,,,1.0,0.0,,,IDN.1_1,RLM4,SP32,REF1
,,,1.0,0.0,,,IDN.1_1,RLM4,SP88,REF1
,,,1.0,0.0,,,CHN.1_1,RLM7,SP6,REF1
,,,1.0,0.0,,,CHN.2_1,RLM7,SP6,REF1
,,,1.0,0.0,,,CHN.3_1,RLM7,SP6,REF1
,,,1.0,0.0,,,CHN.1_1,RLM7,SP52,REF1
,,,1.0,0.0,,,CHN.2_1,RLM7,SP52,REF1
,,,1.0,0.0,,,CHN.3_1,RLM7,SP52,REF1
,,,1.0,0.0,,,CHN.1_1,RLM7,SP37,REF1
,,,1.0,0.0,,,CHN.2_1,RLM7,SP37,REF1
,,,1.0,0.0,,,CHN.3_1,RLM7,SP37,REF1
,1.0,,1.0,0.0,,,CHN.1_1,RLM7,SP28,REF1
,1.0,,1.0,0.0,,,CHN.2_1,RLM7,SP28,REF1
,1.0,,1.0,0.0,,,CHN.3_1,RLM7,SP28,REF1
,,,1.0,0.0,,,IND.1_1,RLM4,SP36,REF1
,1.0,,1.0,0.0,,2014.0,IND.1_1,RLM4,SP30,REF1
,1.0,,1.0,0.0,,2014.0,IND.1_1,RLM4,SP36,REF1
,,,1.0,0.0,,,IND.1_1,RLM4,SP88,REF1
,,,1.0,0.0,,,NZL.1_1,RLM8,SP23,REF1
,,,1.0,0.0,,,NZL.1_1,RLM8,SP28,REF1
,,,1.0,0.0,,,JPN.1_1,RLM5,SP8,REF1
,1.0,,1.0,0.0,,,IDN.1_1,RLM4,SP31,REF1
,,,1.0,0.0,,,CHN.1_1,RLM7,SP4,REF1
,,,1.0,0.0,,,CHN.2_1,RLM7,SP4,REF1
,,,1.0,0.0,,,CHN.3_1,RLM7,SP4,REF1
,,,1.0,0.0,,1994.0,USA.1_1,RLM2,SP2,REF1
,,,1.0,0.0,,1994.0,USA.1_2,RLM2,SP2,REF1
,,,1.0,0.0,,1994.0,USA.2_1,RLM2,SP2,REF1
,,,1.0,0.0,,,USA.1_1,RLM2,SP7,REF1
,,,1.0,0.0,,,USA.1_2,RLM2,SP7,REF1
,,,1.0,0.0,,,USA.2_1,RLM2,SP7,REF1
,1.0,,1.0,0.0,,1916.0,USA.1_1,RLM2,SP25,REF1
,1.0,,1.0,0.0,,1916.0,USA.1_2,RLM2,SP25,REF1
,1.0,,1.0,0.0,,1916.0,USA.2_1,RLM2,SP25,REF1
,,,1.0,0.0,,,,RLM7,SP55,REF1
,,,1.0,0.0,,,,RLM7,SP39,REF1
,,,1.0,0.0,,,,RLM7,SP5,REF1
,,,1.0,0.0,,,,RLM7,SP50,REF1
,,,1.0,0.0,,,,RLM7,SP6,REF1
,1.0,,1.0,0.0,,1995.0,,RLM7,SP2,REF1
,1.0,,1.0,0.0,,,,RLM7,SP41,REF1
,,,1.0,0.0,,,,RLM7,SP23,REF1
,1.0,,1.0,0.0,,,,RLM7,SP25,REF1
,,,1.0,0.0,,,,RLM7,SP57,REF1
,,,1.0,0.0,,,,RLM7,SP10,REF1
,,,1.0,0.0,,,,RLM7,SP44,REF1
,1.0,,1.0,0.0,,,,RLM7,SP35,REF1
,,,1.0,0.0,,,,RLM7,SP38,REF1
,1.0,,1.0,0.0,,1979.0,,RLM7,SP85,REF1
,1.0,,1.0,0.0,,1923.0,,RLM7,SP66,REF1
,1.0,,1.0,0.0,,1995.0,,RLM7,SP48,REF1
,1.0,,1.0,0.0,,,,RLM7,SP16,REF1
,1.0,,1.0,0.0,,2017.0,IND.1_1,RLM4,SP30,REF1
,1.0,,1.0,0.0,,,IND.1_1,RLM4,SP8,REF1
,,,1.0,0.0,,,IND.1_1,RLM4,SP1,REF1
,,,1.0,0.0,,,IDN.1_1,RLM3,SP26,REF1
,,,1.0,0.0,,,IDN.1_1,RLM3,SP23,REF1
,,,1.0,0.0,,,IDN.1_1,RLM3,SP89,REF1
,,,1.0,0.0,,,IDN.1_1,RLM3,SP53,REF1
,,,1.0,0.0,,,IDN.1_1,RLM3,SP28,REF1
,,,1.0,0.0,,,IDN.1_1,RLM3,SP14,REF1
,,,1.0,0.0,,,IND.1_1,RLM4,SP4,REF1
,,,1.0,0.0,,,IND.1_1,RLM4,SP51,REF1
,,,1.0,0.0,,,CAN.1_1,RLM2,SP8,REF1
,,,1.0,0.0,,,CAN.1_1,RLM2,SP35,REF1
,,,1.0,0.0,,,BRA.1_1,RLM1,SP27,REF1
,,,1.0,0.0,,1970.0,BRA.1_1,RLM1,SP18,REF1
,1.0,,1.0,0.0,,,USA.1_1,RLM2,SP19,REF1
,1.0,,1.0,0.0,,,USA.1_2,RLM2,SP19,REF1
,1.0,,1.0,0.0,,,USA.2_1,RLM2,SP19,REF1
,1.0,,1.0,0.0,,,USA.1_1,RLM2,SP72,REF1
,1.0,,1.0,0.0,,,USA.1_2,RLM2,SP72,REF1
,1.0,,1.0,0.0,,,USA.2_1,RLM2,SP72,REF1
,,,1.0,0.0,,,USA.1_1,RLM2,SP42,REF1
,,,1.0,0.0,,,USA.1_2,RLM2,SP42,REF1
,,,1.0,0.0,,,USA.2_1,RLM2,SP42,REF1
,,,1.0,0.0,,1933.0,BRA.1_1,RLM1,SP18,REF1
,,,1.0,0.0,,,BRA.1_1,RLM1,SP15,REF1
,1.0,,1.0,0.0,,,USA.1_1,RLM2,SP57,REF1
,1.0,,1.0,0.0,,,USA.1_2,RLM2,SP57,REF1
,1.0,,1.0,0.0,,,USA.2_1,RLM2,SP57,REF1
,,,1.0,0.0,,,USA.1_1,RLM2,SP70,REF1
,,,1.0,0.0,,,USA.1_2,RLM2,SP70,REF1
,,,1.0,0.0,,,USA.2_1,RLM2,SP70,REF1
,,,1.0,0.0,,,CAN.1_1,RLM2,SP42,REF1
,1.0,,1.0,0.0,,,CAN.1_1,RLM2,SP57,REF1
,,,1.0,0.0,,,CAN.1_1,RLM2,SP34,REF1
,,,1.0,0.0,,,CAN.1_1,RLM2,SP68,REF1
,1.0,,1.0,0.0,,,USA.1_1,RLM2,SP25,REF1
,1.0,,1.0,0.0,,,USA.1_2,RLM2,SP25,REF1
,1.0,,1.0,0.0,,,USA.2_1,RLM2,SP25,REF1
,,,1.0,0.0,,,AUS.1_1,RLM8,SP22,REF1
,,,1.0,0.0,,,AUS.1_1,RLM8,SP5,REF1
,,,1.0,0.0,,,AUS.1_1,RLM8,SP2,REF1
,,,1.0,0.0,,,AUS.1_1,RLM8,SP7,REF1
,1.0,,1.0,0.0,,2020.0,AUS.1_1,RLM8,SP8,REF1
,,,1.0,0.0,,,AUS.1_1,RLM8,SP23,REF1
,1.0,,1.0,0.0,,,AUS.1_1,RLM8,SP25,REF1
,,,1.0,0.0,,,AUS.1_1,RLM8,SP31,REF1
0.0,,,1.0,0.0,,,AUS.1_1,RLM8,SP12,REF1
,1.0,,1.0,0.0,,,AUS.1_1,RLM8,SP28,REF1
,,,1.0,0.0,,,AUS.1_1,RLM8,SP47,REF1
,,,1.0,0.0,,,AUS.1_1,RLM8,SP14,REF1
,,,1.0,0.0,,,AUS.1_1,RLM8,SP15,REF1
,,,1.0,0.0,,,AUS.1_1,RLM8,SP90,REF1
,1.0,,1.0,0.0,,,AUS.1_1,RLM8,SP16,REF1
,1.0,,1.0,0.0,,2005.0,CAN.1_1,RLM2,SP91,REF1
,,,1.0,0.0,,,,RLM7,SP5,REF1
,1.0,,1.0,0.0,,1990.0,,RLM7,SP69,REF1
,,,1.0,0.0,,,AUS.1_1,RLM8,SP17,REF1
,,,1.0,0.0,,,AUS.1_1,RLM8,SP53,REF1
,1.0,,1.0,0.0,,,AUS.1_1,RLM8,SP40,REF1
,,,1.0,0.0,,,AUS.1_1,RLM8,SP28,REF1
,,,1.0,0.0,,,AUS.1_1,RLM8,SP92,REF1
,1.0,,1.0,0.0,,,CAN.1_1,RLM2,SP58,REF1
,,,1.0,0.0,,2018.0,CAN.1_1,RLM2,SP42,REF1
,1.0,,1.0,0.0,,2008.0,CAN.1_1,RLM2,SP45,REF1
,1.0,,1.0,0.0,,,CAN.1_1,RLM2,SP68,REF1
,,,1.0,0.0,,,CAN.1_1,RLM2,SP15,REF1
,,,1.0,0.0,,,CAN.1_1,RLM2,SP73,REF1
,,,1.0,0.0,,,CAN.1_1,RLM2,SP80,REF1
,,,1.0,0.0,,,CAN.1_1,RLM2,SP93,REF1
,1.0,,1.0,0.0,,2000.0,USA.1_1,RLM2,SP61,REF1
,1.0,,1.0,0.0,,2000.0,USA.1_2,RLM2,SP61,REF1
,1.0,,1.0,0.0,,2000.0,USA.2_1,RLM2,SP61,REF1
,,,1.0,0.0,,1984.0,BRA.1_1,RLM1,SP18,REF1
,,,1.0,0.0,,,MYS.1_1,RLM4,SP22,REF1
,,,1.0,0.0,,,MYS.1_1,RLM4,SP26,REF1
,,,1.0,0.0,,,MYS.1_1,RLM4,SP27,REF1
,,,1.0,0.0,,,MYS.1_1,RLM4,SP2,REF1
,,,1.0,0.0,,,MYS.1_1,RLM4,SP23,REF1
,,,1.0,0.0,,,MYS.1_1,RLM4,SP31,REF1
,,,1.0,0.0,,,MYS.1_1,RLM4,SP53,REF1
,,,1.0,0.0,,,MYS.1_1,RLM4,SP28,REF1
,,,1.0,0.0,,,MYS.1_1,RLM4,SP14,REF1
,1.0,,1.0,0.0,,,MYS.1_1,RLM4,SP16,REF1
,,,1.0,0.0,,,USA.1_1,RLM2,SP46,REF1
,,,1.0,0.0,,,USA.1_2,RLM2,SP46,REF1
,,,1.0,0.0,,,USA.2_1,RLM2,SP46,REF1
,,,1.0,0.0,,1996.0,BRA.1_1,RLM1,SP2,REF1
,,,1.0,0.0,,,IND.1_1,RLM4,SP34,REF1
,,,1.0,0.0,,,IND.1_1,RLM4,SP94,REF1
,,,1.0,0.0,,,CHN.1_1,RLM5,SP63,REF1
,,,1.0,0.0,,,CHN.2_1,RLM5,SP63,REF1
,,,1.0,0.0,,,CHN.3_1,RLM5,SP63,REF1
,1.0,,1.0,0.0,,1970.0,CAN.1_1,RLM2,SP19,REF1
,,,1.0,0.0,,,AUS.1_1,RLM8,SP29,REF1
,,,1.0,0.0,,,AUS.1_1,RLM8,SP45,REF1
,,,1.0,0.0,,,AUS.1_1,RLM8,SP95,REF1
,,,1.0,0.0,,,IND.1_1,RLM4,SP63,REF1
,,,1.0,0.0,,1919.0,BRA.1_1,RLM1,SP18,REF1
,,,1.0,0.0,,1967.0,BRA.1_1,RLM1,SP46,REF1
,1.0,,1.0,0.0,,,BRA.1_1,RLM1,SP44,REF1
,,,1.0,0.0,,1937.0,BRA.1_1,RLM1,SP46,REF1
,,,1.0,0.0,,1989.0,BRA.1_1,RLM1,SP18,REF1
,,,1.0,0.0,,,,RLM7,SP27,REF1
,,,1.0,0.0,,,,RLM7,SP57,REF1
,,,1.0,0.0,,,,RLM7,SP52,REF1
,,,1.0,0.0,,,,RLM7,SP11,REF1
0.0,,,1.0,0.0,,,,RLM7,SP12,REF1
,,,1.0,0.0,,,,RLM7,SP77,REF1
,,,1.0,0.0,,,,RLM7,SP79,REF1
,,,1.0,0.0,,,,RLM7,SP4,REF1
,,,1.0,0.0,,,,RLM7,SP19,REF1
,,,1.0,0.0,,,,RLM7,SP23,REF1
,1.0,,1.0,0.0,,,,RLM7,SP42,REF1
0.0,,,1.0,0.0,,,,RLM7,SP12,REF1
,,,1.0,0.0,,,,RLM7,SP28,REF1
,,,1.0,0.0,,,,RLM7,SP14,REF1
,1.0,,1.0,0.0,,1971.0,JPN.1_1,RLM4,SP36,REF1
,,,1.0,0.0,,,JPN.1_1,RLM4,SP26,REF1
,,,1.0,0.0,,,JPN.1_1,RLM4,SP2,REF1
,1.0,,1.0,0.0,,,JPN.1_1,RLM4,SP41,REF1
,,,1.0,0.0,,,JPN.1_1,RLM4,SP42,REF1
,,,1.0,0.0,,,JPN.1_1,RLM4,SP96,REF1
,1.0,,1.0,0.0,,,JPN.1_1,RLM4,SP25,REF1
,,,1.0,0.0,,,JPN.1_1,RLM4,SP34,REF1
,,,1.0,0.0,,1995.0,JPN.1_1,RLM4,SP83,REF1
,1.0,,1.0,0.0,,,JPN.1_1,RLM4,SP13,REF1
,,,1.0,0.0,,,JPN.1_1,RLM4,SP14,REF1
,,,1.0,0.0,,,BRA.1_1,RLM1,SP41,REF1
,,,1.0,0.0,,1935.0,BRA.1_1,RLM1,SP18,REF1
,1.0,,1.0,0.0,,,BRA.1_1,RLM1,SP41,REF1
,,,1.0,0.0,,,BRA.1_1,RLM1,SP97,REF1
,,,1.0,0.0,,,BRA.1_1,RLM1,SP63,REF1
,,,1.0,0.0,,,GBR.1_1,RLM7,SP98,REF1
,,,1.0,0.0,,,CHN.1_1,RLM5,SP69,REF1
,,,1.0,0.0,,,CHN.2_1,RLM5,SP69,REF1
,,,1.0,0.0,,,CHN.3_1,RLM5,SP69,REF1
,1.0,,1.0,0.0,,,JPN.1_1,RLM5,SP25,REF1
,,,1.0,0.0,,,,RLM7,SP79,REF1
,,,1.0,0.0,,,,RLM7,SP20,REF1
,,,1.0,0.0,,,IND.1_1,RLM5,SP39,REF1
,,,1.0,0.0,,,IND.1_1,RLM5,SP26,REF1
,,,1.0,0.0,,,IND.1_1,RLM5,SP23,REF1
,,,1.0,0.0,,,IND.1_1,RLM5,SP31,REF1
,1.0,,1.0,0.0,,,IND.1_1,RLM5,SP28,REF1
,,,1.0,0.0,,,AUS.1_1,RLM8,SP25,REF1
,1.0,,1.0,0.0,,1944.0,USA.1_1,RLM2,SP25,REF1
,1.0,,1.0,0.0,,1944.0,USA.1_2,RLM2,SP25,REF1
,1.0,,1.0,0.0,,1944.0,USA.2_1,RLM2,SP25,REF1
,,,1.0,0.0,,,,RLM7,SP4,REF1
,1.0,,1.0,0.0,,,,RLM7,SP30,REF1
,,,1.0,0.0,,,,RLM7,SP5,REF1
,,,1.0,0.0,,,,RLM7,SP23,REF1
,1.0,,1.0,0.0,,,,RLM7,SP42,REF1
,1.0,,1.0,0.0,,,,RLM7,SP63,REF1
,1.0,,1.0,0.0,,1985.0,,RLM7,SP69,REF1
,,,1.0,0.0,,,,RLM7,SP87,REF1
,,,1.0,0.0,,,AUS.1_1,RLM8,SP6,REF1
,1.0,,1.0,0.0,,2021.0,AUS.1_1,RLM8,SP8,REF1
,1.0,,1.0,0.0,,,USA.1_1,RLM2,SP97,REF1
,1.0,,1.0,0.0,,,USA.1_2,RLM2,SP97,REF1
,1.0,,1.0,0.0,,,USA.2_1,RLM2,SP97,REF1
,1.0,,1.0,0.0,,,IND.1_1,RLM5,SP30,REF1
0.0,,,1.0,0.0,,,IND.1_1,RLM5,SP12,REF1
,,,1.0,0.0,,,IND.1_1,RLM5,SP32,REF1
,,,1.0,0.0,,,IND.1_1,RLM5,SP28,REF1
,,,1.0,0.0,,,USA.1_1,RLM2,SP68,REF1
,,,1.0,0.0,,,USA.1_2,RLM2,SP68,REF1
,,,1.0,0.0,,,USA.2_1,RLM2,SP68,REF1
,,,1.0,0.0,,,USA.1_1,RLM2,SP16,REF1
,,,1.0,0.0,,,USA.1_2,RLM2,SP16,REF1
,,,1.0,0.0,,,USA.2_1,RLM2,SP16,REF1
,,,1.0,0.0,,,AUS.1_1,RLM8,SP99,REF1
,,,1.0,0.0,,,AUS.1_1,RLM8,SP100,REF1
,,,1.0,0.0,,,USA.1_1,RLM2,SP19,REF1
,,,1.0,0.0,,,USA.1_2,RLM2,SP19,REF1
,,,1.0,0.0,,,USA.2_1,RLM2,SP19,REF1
,1.0,,1.0,0.0,,2011.0,USA.1_1,RLM2,SP58,REF1
,1.0,,1.0,0.0,,2011.0,USA.1_2,RLM2,SP58,REF1
,1.0,,1.0,0.0,,2011.0,USA.2_1,RLM2,SP58,REF1
,1.0,,1.0,0.0,,1991.0,USA.1_1,RLM2,SP61,REF1
,1.0,,1.0,0.0,,1991.0,USA.1_2,RLM2,SP61,REF1
,1.0,,1.0,0.0,,1991.0,USA.2_1,RLM2,SP61,REF1
,,,1.0,0.0,,,AUS.1_1,RLM8,SP63,REF1
,1.0,,1.0,0.0,,,AUS.1_1,RLM8,SP47,REF1
,,,1.0,0.0,,,,RLM7,SP56,REF1
,,,1.0,0.0,,,,RLM7,SP69,REF1
,,,1.0,0.0,,,CHN.1_1,RLM7,SP30,REF1
,,,1.0,0.0,,,CHN.2_1,RLM7,SP30,REF1
,,,1.0,0.0,,,CHN.3_1,RLM7,SP30,REF1
,,,1.0,0.0,,,FSM.1_1,RLM3,SP28,REF1
,,,1.0,0.0,,,CHN.1_1,RLM4,SP39,REF1
,,,1.0,0.0,,,CHN.2_1,RLM4,SP39,REF1
,,,1.0,0.0,,,CHN.3_1,RLM4,SP39,REF1
,,,1.0,0.0,,,CHN.1_1,RLM4,SP17,REF1
,,,1.0,0.0,,,CHN.2_1,RLM4,SP17,REF1
,,,1.0,0.0,,,CHN.3_1,RLM4,SP17,REF1
,,,1.0,0.0,,,CHN.1_1,RLM4,SP28,REF1
,,,1.0,0.0,,,CHN.2_1,RLM4,SP28,REF1
,,,1.0,0.0,,,CHN.3_1,RLM4,SP28,REF1
,,,1.0,0.0,,,TZA.2_1,RLM6,SP32,REF1
,,,1.0,0.0,,,CHN.1_1,RLM5,SP38,REF1
,,,1.0,0.0,,,CHN.2_1,RLM5,SP38,REF1
,,,1.0,0.0,,,CHN.3_1,RLM5,SP38,REF1
,,,1.0,0.0,,,BRA.1_1,RLM1,SP101,REF3
0.0,1.0,0.0,1.0,0.0,1.0,1989.0,AUS.1_1,RLM8,SP102,REF4
0.0,1.0,0.0,1.0,0.0,1.0,2001.0,AUS.1_1,RLM8,,REF5
0.0,1.0,0.0,1.0,0.0,1.0,1998.0,AUS.1_1,RLM8,SP104,REF5
0.0,1.0,,1.0,0.0,0.0,,,RLM7,,REF6
0.0,1.0,,1.0,0.0,0.0,2010.0,,RLM7,,REF7
0.0,1.0,,1.0,0.0,0.0,,,RLM7,SP4,REF8
,,,1.0,0.0,,,USA.1_1,RLM2,SP9,REF3
,,,1.0,0.0,,,USA.1_2,RLM2,SP9,REF3
,,,1.0,0.0,,,USA.2_1,RLM2,SP9,REF3
,,,1.0,0.0,,,USA.1_1,RLM2,SP105,REF3
,,,1.0,0.0,,,USA.1_2,RLM2,SP105,REF3
,,,1.0,0.0,,,USA.2_1,RLM2,SP105,REF3
,,,1.0,0.0,,,USA.1_1,RLM2,SP106,REF3
,,,1.0,0.0,,,USA.1_2,RLM2,SP106,REF3
,,,1.0,0.0,,,USA.2_1,RLM2,SP106,REF3
,,,1.0,0.0,,,USA.1_1,RLM2,SP2,REF3
,,,1.0,0.0,,,USA.1_2,RLM2,SP2,REF3
,,,1.0,0.0,,,USA.2_1,RLM2,SP2,REF3
,,,1.0,0.0,,,USA.1_1,RLM2,SP1,REF3
,,,1.0,0.0,,,USA.1_2,RLM2,SP1,REF3
,,,1.0,0.0,,,USA.2_1,RLM2,SP1,REF3
,,,1.0,0.0,,,USA.1_1,RLM2,SP8,REF3
,,,1.0,0.0,,,USA.1_2,RLM2,SP8,REF3
,,,1.0,0.0,,,USA.2_1,RLM2,SP8,REF3
,,,1.0,0.0,,,USA.1_1,RLM2,SP101,REF3
,,,1.0,0.0,,,USA.1_2,RLM2,SP101,REF3
,,,1.0,0.0,,,USA.2_1,RLM2,SP101,REF3
,,,1.0,0.0,,,USA.1_1,RLM2,SP107,REF3
,,,1.0,0.0,,,USA.1_2,RLM2,SP107,REF3
,,,1.0,0.0,,,USA.2_1,RLM2,SP107,REF3
,,,1.0,0.0,,,USA.1_1,RLM2,SP11,REF3
,,,1.0,0.0,,,USA.1_2,RLM2,SP11,REF3
,,,1.0,0.0,,,USA.2_1,RLM2,SP11,REF3
,,,1.0,0.0,,,USA.1_1,RLM2,SP5,REF3
,,,1.0,0.0,,,USA.1_2,RLM2,SP5,REF3
,,,1.0,0.0,,,USA.2_1,RLM2,SP5,REF3
,,,1.0,0.0,,,USA.1_1,RLM2,SP4,REF3
,,,1.0,0.0,,,USA.1_2,RLM2,SP4,REF3
,,,1.0,0.0,,,USA.2_1,RLM2,SP4,REF3
,,,1.0,0.0,,,USA.1_1,RLM2,SP108,REF3
,,,1.0,0.0,,,USA.1_2,RLM2,SP108,REF3
,,,1.0,0.0,,,USA.2_1,RLM2,SP108,REF3
,,,1.0,0.0,,,USA.1_1,RLM2,SP109,REF3
,,,1.0,0.0,,,USA.1_2,RLM2,SP109,REF3
,,,1.0,0.0,,,USA.2_1,RLM2,SP109,REF3
,,,1.0,0.0,,,USA.1_1,RLM2,SP7,REF3
,,,1.0,0.0,,,USA.1_2,RLM2,SP7,REF3
,,,1.0,0.0,,,USA.2_1,RLM2,SP7,REF3
0.0,1.0,1.0,1.0,0.0,0.0,,USA.1_1,RLM2,SP7,REF9
0.0,1.0,1.0,1.0,0.0,0.0,,USA.1_2,RLM2,SP7,REF9
0.0,1.0,1.0,1.0,0.0,0.0,,USA.2_1,RLM2,SP7,REF9
0.0,1.0,,1.0,0.0,0.0,,USA.1_1,RLM2,SP110,REF10
0.0,1.0,,1.0,0.0,0.0,,USA.1_2,RLM2,SP110,REF10
0.0,1.0,,1.0,0.0,0.0,,USA.2_1,RLM2,SP110,REF10
0.0,1.0,,1.0,0.0,0.0,,USA.1_1,RLM2,SP111,REF11
0.0,1.0,,1.0,0.0,0.0,,USA.1_2,RLM2,SP111,REF11
0.0,1.0,,1.0,0.0,0.0,,USA.2_1,RLM2,SP111,REF11
,,,1.0,0.0,,,BRA.1_1,RLM1,SP1,REF3
,,,1.0,0.0,,,BRA.1_1,RLM1,SP17,REF3
,,,1.0,0.0,,,BRA.1_1,RLM1,SP18,REF3
,,,1.0,0.0,,,BRA.1_1,RLM1,SP112,REF3
,,,1.0,0.0,,,,RLM2,SP113,REF3
,,,1.0,0.0,,,,RLM2,SP114,REF3
,,,1.0,0.0,,,,RLM2,SP115,REF3
,,,1.0,0.0,,,,RLM2,SP116,REF3
1.0,,,1.0,0.0,0.0,,,RLM2,SP117,REF12
0.0,1.0,,1.0,0.0,0.0,1889.0,,RLM2,SP118,REF12
0.0,1.0,,1.0,0.0,0.0,,,RLM2,SP82,REF12
,1.0,,1.0,0.0,0.0,,,RLM2,SP119,REF12
,1.0,,1.0,0.0,0.0,,,RLM2,SP43,REF12
0.0,1.0,,1.0,0.0,0.0,,,RLM2,SP57,REF12
0.0,1.0,,1.0,0.0,0.0,2008.0,,RLM2,SP120,REF12
1.0,0.0,,0.0,0.0,0.0,,,RLM2,SP121,REF2
,,,1.0,0.0,,,CAN.1_1,RLM2,SP106,REF3
,,,1.0,0.0,,,CAN.1_1,RLM2,SP122,REF3
,,,1.0,0.0,,,CAN.1_1,RLM2,,REF3
,,,1.0,0.0,,,CAN.1_1,RLM2,,REF3
,,,1.0,0.0,,,CAN.1_1,RLM2,SP114,REF3
,,,1.0,0.0,,,CAN.1_1,RLM2,SP125,REF3
,,,1.0,0.0,,,CAN.1_1,RLM2,SP126,REF3
,,,1.0,0.0,,,CAN.1_1,RLM2,SP115,REF3
,,,1.0,0.0,,,CAN.1_1,RLM2,SP11,REF3
,,,1.0,0.0,,,CAN.1_1,RLM2,SP116,REF3
,,,1.0,0.0,,,CAN.1_1,RLM2,SP127,REF3
,,,1.0,0.0,,,CAN.1_1,RLM2,SP109,REF3
,,,1.0,0.0,,,CAN.1_1,RLM2,SP128,REF3
,,,1.0,0.0,,,CAN.1_1,RLM2,SP129,REF3
,,,1.0,0.0,,,CAN.1_1,RLM2,SP130,REF3
,,,1.0,0.0,,,CAN.1_1,RLM2,SP131,REF3
,,,1.0,0.0,,,CAN.1_1,RLM2,SP132,REF3
,,,1.0,0.0,,,CAN.1_1,RLM2,,REF3
0.0,1.0,,1.0,0.0,0.0,,CAN.1_1,RLM2,SP133,REF2
1.0,,,1.0,0.0,0.0,,CAN.1_1,RLM2,SP134,REF2
0.0,1.0,,1.0,0.0,0.0,,CAN.1_1,RLM2,SP135,REF2
0.0,1.0,,1.0,0.0,0.0,2006.0,CAN.1_1,RLM2,SP19,REF13
0.0,1.0,,1.0,0.0,0.0,2006.0,CAN.1_1,RLM2,SP19,REF14
0.0,1.0,,1.0,0.0,0.0,,CAN.1_1,RLM2,,REF15
0.0,1.0,,1.0,0.0,0.0,2012.0,,RLM7,SP69,REF16
0.0,1.0,,1.0,0.0,0.0,2012.0,BRA.1_1,RLM1,SP23,REF17
,,,1.0,0.0,,,BRA.1_1,RLM1,SP24,REF3
,,,1.0,0.0,,,BRA.1_1,RLM1,SP8,REF3
,,,1.0,0.0,,,BRA.1_1,RLM1,SP23,REF3
,,,1.0,0.0,,,BRA.1_1,RLM1,SP108,REF3
,,,1.0,0.0,,,BRA.1_1,RLM1,SP137,REF3
,,,1.0,0.0,,,BRA.1_1,RLM1,SP138,REF3
,,,1.0,0.0,,,BRA.1_1,RLM1,SP139,REF3
,,,0.0,0.0,,,BRA.1_1,RLM1,SP108,REF3
0.0,1.0,,1.0,0.0,0.0,,USA.5_1,RLM3,,REF18
0.0,1.0,,1.0,0.0,0.0,,USA.5_1,RLM3,SP140,REF18
0.0,1.0,,1.0,0.0,0.0,,USA.5_1,RLM3,SP14,REF18
0.0,0.0,1.0,1.0,0.0,0.0,2019.0,,RLM7,SP141,REF19
,,,1.0,0.0,,,IND.2_1,RLM4,SP142,REF3
,,,1.0,0.0,,,IND.2_1,RLM4,SP143,REF3
,,,1.0,0.0,,,IND.2_1,RLM4,SP2,REF3
,,,1.0,0.0,,,IND.2_1,RLM4,SP28,REF3
,,,1.0,0.0,,,IND.2_1,RLM4,SP144,REF3
,,,1.0,0.0,,,IND.2_1,RLM4,SP145,REF3
,,,1.0,0.0,,,IND.2_1,RLM4,SP146,REF3
,,,1.0,0.0,,,IND.2_1,RLM4,SP138,REF3
,,,1.0,0.0,,,IND.2_1,RLM4,SP23,REF3
,0.0,,1.0,0.0,,,IND.2_1,RLM4,SP147,REF3
,,,1.0,0.0,,,IND.1_1,RLM4,SP148,REF3
,,,1.0,0.0,,,IND.1_1,RLM4,SP142,REF3
,,,1.0,0.0,,,IND.1_1,RLM4,SP149,REF3
,,,1.0,0.0,,,IND.1_1,RLM4,SP150,REF3
,,,1.0,0.0,,,IND.1_1,RLM4,SP2,REF3
,,,1.0,0.0,,,IND.1_1,RLM4,SP151,REF3
,,,1.0,0.0,,,IND.1_1,RLM4,SP8,REF3
,,,1.0,0.0,,,IND.1_1,RLM4,SP28,REF3
,,,1.0,0.0,,,IND.1_1,RLM4,SP144,REF3
,,,1.0,0.0,,,IND.1_1,RLM4,SP32,REF3
,,,1.0,0.0,,,IND.1_1,RLM4,SP40,REF3
,,,1.0,0.0,,,IND.1_1,RLM4,SP152,REF3
,,,1.0,0.0,,,IND.1_1,RLM4,SP145,REF3
,,,1.0,0.0,,,IND.1_1,RLM4,SP146,REF3
,,,1.0,0.0,,,IND.1_1,RLM4,SP138,REF3
,,,1.0,0.0,,,IND.1_1,RLM4,SP23,REF3
,,,1.0,0.0,,,IND.1_1,RLM4,SP17,REF3
,,,1.0,0.0,,,IND.1_1,RLM4,SP153,REF3
,,,1.0,0.0,,,IND.1_1,RLM4,SP154,REF3
,,,1.0,0.0,,,CHN.1_1,RLM5,SP151,REF3
,,,1.0,0.0,,,CHN.2_1,RLM5,SP151,REF3
,,,1.0,0.0,,,CHN.3_1,RLM5,SP151,REF3
,,,1.0,0.0,,,CHN.1_1,RLM5,SP8,REF3
,,,1.0,0.0,,,CHN.2_1,RLM5,SP8,REF3
,,,1.0,0.0,,,CHN.3_1,RLM5,SP8,REF3
,,,1.0,0.0,,,CHN.1_1,RLM5,SP28,REF3
,,,1.0,0.0,,,CHN.2_1,RLM5,SP28,REF3
,,,1.0,0.0,,,CHN.3_1,RLM5,SP28,REF3
,,,1.0,0.0,,,CHN.1_1,RLM5,SP40,REF3
,,,1.0,0.0,,,CHN.2_1,RLM5,SP40,REF3
,,,1.0,0.0,,,CHN.3_1,RLM5,SP40,REF3
,,,1.0,0.0,,,CHN.1_1,RLM5,SP155,REF3
,,,1.0,0.0,,,CHN.2_1,RLM5,SP155,REF3
,,,1.0,0.0,,,CHN.3_1,RLM5,SP155,REF3
,,,1.0,0.0,,,CHN.1_1,RLM5,SP145,REF3
,,,1.0,0.0,,,CHN.2_1,RLM5,SP145,REF3
,,,1.0,0.0,,,CHN.3_1,RLM5,SP145,REF3
,,,1.0,0.0,,,CHN.1_1,RLM5,SP23,REF3
,,,1.0,0.0,,,CHN.2_1,RLM5,SP23,REF3
,,,1.0,0.0,,,CHN.3_1,RLM5,SP23,REF3
,,,1.0,0.0,,,CHN.1_1,RLM5,SP4,REF3
,,,1.0,0.0,,,CHN.2_1,RLM5,SP4,REF3
,,,1.0,0.0,,,CHN.3_1,RLM5,SP4,REF3
,,,1.0,0.0,,,CHN.1_1,RLM5,SP17,REF3
,,,1.0,0.0,,,CHN.2_1,RLM5,SP17,REF3
,,,1.0,0.0,,,CHN.3_1,RLM5,SP17,REF3
,,,1.0,0.0,,,CHN.1_1,RLM5,SP33,REF3
,,,1.0,0.0,,,CHN.2_1,RLM5,SP33,REF3
,,,1.0,0.0,,,CHN.3_1,RLM5,SP33,REF3
0.0,1.0,,1.0,0.0,0.0,,CHN.1_1,RLM5,SP4,REF20
0.0,1.0,,1.0,0.0,0.0,,CHN.2_1,RLM5,SP4,REF20
0.0,1.0,,1.0,0.0,0.0,,CHN.3_1,RLM5,SP4,REF20
0.0,1.0,,1.0,0.0,0.0,,CHN.1_1,RLM5,SP8,REF20
0.0,1.0,,1.0,0.0,0.0,,CHN.2_1,RLM5,SP8,REF20
0.0,1.0,,1.0,0.0,0.0,,CHN.3_1,RLM5,SP8,REF20
,,,1.0,0.0,,,,RLM5,SP2,REF3
,,,1.0,0.0,,,,RLM5,SP8,REF3
,,,1.0,0.0,,,,RLM5,SP28,REF3
,,,1.0,0.0,,,USA.1_1,RLM2,SP137,REF3
,,,1.0,0.0,,,USA.1_2,RLM2,SP137,REF3
,,,1.0,0.0,,,USA.2_1,RLM2,SP137,REF3
,,,1.0,0.0,,,USA.1_1,RLM2,SP156,REF3
,,,1.0,0.0,,,USA.1_2,RLM2,SP156,REF3
,,,1.0,0.0,,,USA.2_1,RLM2,SP156,REF3
,,,1.0,0.0,,,USA.1_1,RLM2,SP114,REF3
,,,1.0,0.0,,,USA.1_2,RLM2,SP114,REF3
,,,1.0,0.0,,,USA.2_1,RLM2,SP114,REF3
,,,1.0,0.0,,,USA.1_1,RLM2,SP125,REF3
,,,1.0,0.0,,,USA.1_2,RLM2,SP125,REF3
,,,1.0,0.0,,,USA.2_1,RLM2,SP125,REF3
,,,1.0,0.0,,,USA.1_1,RLM2,SP115,REF3
,,,1.0,0.0,,,USA.1_2,RLM2,SP115,REF3
,,,1.0,0.0,,,USA.2_1,RLM2,SP115,REF3
,,,0.0,1.0,,,USA.1_1,RLM2,SP17,REF3
,,,0.0,1.0,,,USA.1_2,RLM2,SP17,REF3
,,,0.0,1.0,,,USA.2_1,RLM2,SP17,REF3
,,,1.0,0.0,,,USA.1_1,RLM2,SP128,REF3
,,,1.0,0.0,,,USA.1_2,RLM2,SP128,REF3
,,,1.0,0.0,,,USA.2_1,RLM2,SP128,REF3
,,,1.0,0.0,,,USA.1_1,RLM2,,REF3
,,,1.0,0.0,,,USA.1_2,RLM2,,REF3
,,,1.0,0.0,,,USA.2_1,RLM2,,REF3
,,,1.0,0.0,,,USA.1_1,RLM2,SP157,REF3
,,,1.0,0.0,,,USA.1_2,RLM2,SP157,REF3
,,,1.0,0.0,,,USA.2_1,RLM2,SP157,REF3
0.0,0.0,,0.0,1.0,0.0,,USA.1_1,RLM2,SP158,REF2
0.0,0.0,,0.0,1.0,0.0,,USA.1_2,RLM2,SP158,REF2
0.0,0.0,,0.0,1.0,0.0,,USA.2_1,RLM2,SP158,REF2
0.0,1.0,,0.0,1.0,0.0,2018.0,USA.1_1,RLM2,SP17,REF21
0.0,1.0,,0.0,1.0,0.0,2018.0,USA.1_2,RLM2,SP17,REF21
0.0,1.0,,0.0,1.0,0.0,2018.0,USA.2_1,RLM2,SP17,REF21
,,,1.0,0.0,,,USA.1_1,RLM2,SP15,REF3
,,,1.0,0.0,,,USA.1_2,RLM2,SP15,REF3
,,,1.0,0.0,,,USA.2_1,RLM2,SP15,REF3
,,,1.0,0.0,,,USA.1_1,RLM2,SP127,REF3
,,,1.0,0.0,,,USA.1_2,RLM2,SP127,REF3
,,,1.0,0.0,,,USA.2_1,RLM2,SP127,REF3
,,,1.0,0.0,,,USA.1_1,RLM2,SP159,REF3
,,,1.0,0.0,,,USA.1_2,RLM2,SP159,REF3
,,,1.0,0.0,,,USA.2_1,RLM2,SP159,REF3
,,,1.0,0.0,,,IND.1_1,RLM5,SP37,REF3
,,,1.0,0.0,,,IND.1_1,RLM5,SP2,REF3
,,,1.0,0.0,,,IND.1_1,RLM5,SP8,REF3
,,,1.0,0.0,,,IND.1_1,RLM4,SP26,REF3
,,,1.0,0.0,,,IND.1_1,RLM4,SP160,REF3
,,,1.0,0.0,,,IND.1_1,RLM4,SP143,REF3
,,,1.0,0.0,,,IND.1_1,RLM4,SP37,REF3
,,,1.0,0.0,,,IND.1_1,RLM4,SP39,REF3
,,,1.0,0.0,,,IND.1_1,RLM4,SP161,REF3
,,,1.0,0.0,,,IND.1_1,RLM4,SP162,REF3
1.0,,,1.0,0.0,,,IND.1_1,RLM4,SP163,REF3
,,,1.0,0.0,,,IND.1_1,RLM4,SP5,REF3
,,,1.0,0.0,,,,RLM7,SP164,REF3
,,,1.0,0.0,,,,RLM7,SP143,REF3
,,,1.0,0.0,,,,RLM7,SP2,REF3
,,,1.0,0.0,,,,RLM7,SP39,REF3
,,,1.0,0.0,,,,RLM7,SP48,REF3
1.0,,,1.0,0.0,,,,RLM7,SP163,REF3
,,,1.0,0.0,,,,RLM7,SP165,REF3
,,,1.0,0.0,,,,RLM7,SP47,REF3
,,,1.0,0.0,,,,RLM7,SP15,REF3
,,,1.0,0.0,,,,RLM7,SP41,REF3
,,,1.0,0.0,,,,RLM7,SP38,REF3
,,,1.0,0.0,,,,RLM7,SP5,REF3
,,,1.0,0.0,,,,RLM7,SP23,REF3
0.0,,,1.0,0.0,0.0,,,RLM7,SP63,REF22
0.0,1.0,,1.0,0.0,0.0,1997.0,,RLM7,SP2,REF23
1.0,,,1.0,0.0,0.0,,,RLM7,SP166,REF24
0.0,1.0,,1.0,0.0,0.0,,,RLM7,SP167,REF24
0.0,1.0,,1.0,0.0,0.0,,,RLM7,SP168,REF24
1.0,,,1.0,0.0,0.0,,,RLM7,SP169,REF24
0.0,1.0,,1.0,0.0,0.0,,,RLM7,SP170,REF24
0.0,1.0,,1.0,0.0,0.0,,,RLM7,SP171,REF24
1.0,,,1.0,0.0,0.0,,,RLM7,SP172,REF24
1.0,,,1.0,0.0,0.0,,,RLM7,SP82,REF24
0.0,1.0,,1.0,0.0,0.0,,,RLM7,SP47,REF24
0.0,1.0,,1.0,0.0,0.0,,,RLM7,SP15,REF24
1.0,,,1.0,0.0,0.0,,,RLM7,SP173,REF24
0.0,1.0,,1.0,0.0,0.0,,,RLM7,SP66,REF24
0.0,1.0,,1.0,0.0,0.0,,,RLM7,SP41,REF24
0.0,1.0,,1.0,0.0,0.0,,,RLM7,SP5,REF24
0.0,1.0,,1.0,0.0,0.0,,,RLM7,SP2,REF24
0.0,1.0,,1.0,0.0,0.0,,,RLM7,SP99,REF24
0.0,1.0,,1.0,0.0,0.0,,,RLM7,SP174,REF24
0.0,1.0,,1.0,0.0,0.0,,,RLM7,SP175,REF24
1.0,,,1.0,0.0,0.0,,,RLM7,SP85,REF24
0.0,1.0,,1.0,0.0,0.0,,,RLM7,SP48,REF24
0.0,1.0,,1.0,0.0,0.0,,,RLM7,SP27,REF24
0.0,1.0,,1.0,0.0,0.0,,,RLM7,SP176,REF24
0.0,1.0,,1.0,0.0,0.0,,,RLM7,SP177,REF24
0.0,1.0,,1.0,0.0,0.0,2011.0,,RLM7,SP15,REF25
,,,1.0,0.0,,,BRA.1_1,RLM1,SP9,REF3
,,,1.0,0.0,,,BRA.1_1,RLM1,SP5,REF3
,,,1.0,0.0,,,BRA.1_1,RLM1,SP153,REF3
,,,1.0,0.0,,,BRA.1_1,RLM1,SP178,REF3
0.0,1.0,,1.0,0.0,0.0,2013.0,BRA.1_1,RLM1,SP23,REF26
,,,1.0,0.0,,,,RLM7,SP148,REF3
,,,1.0,0.0,,,,RLM7,SP34,REF3
,,,1.0,0.0,,,,RLM7,SP2,REF3
,,,1.0,0.0,,,,RLM7,SP39,REF3
,,,1.0,0.0,,,,RLM7,SP75,REF3
1.0,,,1.0,0.0,,,,RLM7,SP163,REF3
,,,1.0,0.0,,,,RLM7,SP78,REF3
,,,1.0,0.0,,,,RLM7,SP38,REF3
,,,1.0,0.0,,,,RLM7,SP62,REF3
,,,0.0,0.0,,,,RLM7,SP5,REF3
,,,1.0,0.0,,,,RLM7,SP153,REF3
,,,1.0,0.0,,,,RLM7,SP68,REF3
,,,1.0,0.0,,,,RLM7,SP55,REF3
,,,1.0,0.0,,,,RLM7,SP76,REF3
,,,1.0,0.0,,,,RLM7,SP55,REF1
,,,1.0,0.0,,,,RLM7,SP39,REF1
,,,1.0,0.0,,,,RLM7,SP30,REF1
,,,1.0,0.0,,,,RLM7,SP75,REF1
,,,1.0,0.0,,,,RLM7,SP5,REF1
,,,1.0,0.0,,,,RLM7,SP2,REF1
,,,1.0,0.0,,,,RLM7,SP62,REF1
,,,1.0,0.0,,,,RLM7,SP76,REF1
,,,1.0,0.0,,,,RLM7,SP42,REF1
,,,1.0,0.0,,,,RLM7,SP34,REF1
,,,1.0,0.0,,,,RLM7,SP45,REF1
,,,1.0,0.0,,,,RLM7,SP68,REF1
,,,1.0,0.0,,,,RLM7,SP38,REF1
,1.0,,1.0,0.0,,2003.0,,RLM7,SP78,REF1
,1.0,,1.0,0.0,,2006.0,,RLM7,SP179,REF1
,,,1.0,0.0,,,,RLM7,SP48,REF1
,1.0,,1.0,0.0,,,,RLM7,SP16,REF1
0.0,1.0,,1.0,0.0,0.0,,,RLM7,SP180,REF24
0.0,1.0,,1.0,0.0,0.0,,,RLM7,SP181,REF24
0.0,1.0,,1.0,0.0,0.0,,,RLM7,SP76,REF24
0.0,1.0,,1.0,0.0,0.0,,,RLM7,SP179,REF24
0.0,1.0,,1.0,0.0,0.0,,,RLM7,SP78,REF24
0.0,1.0,,1.0,0.0,0.0,,,RLM7,SP153,REF24
1.0,,,1.0,0.0,0.0,1991.0,IDN.1_1,RLM4,SP31,REF27
0.0,1.0,,1.0,0.0,0.0,2020.0,AUS.1_1,RLM8,SP8,REF28
0.0,1.0,1.0,1.0,0.0,0.0,2006.0,CHN.1_1,RLM5,,REF29
0.0,1.0,1.0,1.0,0.0,0.0,2006.0,CHN.2_1,RLM5,,REF29
0.0,1.0,1.0,1.0,0.0,0.0,2006.0,CHN.3_1,RLM5,,REF29
0.0,1.0,1.0,1.0,0.0,0.0,1962.0,MNE.1_1,RLM7,,REF30
0.0,1.0,,1.0,0.0,0.0,,,RLM7,,REF6
0.0,1.0,,1.0,0.0,0.0,,CHN.1_1,RLM5,SP4,REF8
0.0,1.0,,1.0,0.0,0.0,,CHN.2_1,RLM5,SP4,REF8
0.0,1.0,,1.0,0.0,0.0,,CHN.3_1,RLM5,SP4,REF8
,,,1.0,0.0,,,CHN.1_1,RLM5,SP15,REF3
,,,1.0,0.0,,,CHN.2_1,RLM5,SP15,REF3
,,,1.0,0.0,,,CHN.3_1,RLM5,SP15,REF3
,,,1.0,0.0,,,CHN.1_1,RLM5,SP41,REF3
,,,1.0,0.0,,,CHN.2_1,RLM5,SP41,REF3
,,,1.0,0.0,,,CHN.3_1,RLM5,SP41,REF3
0.0,1.0,1.0,1.0,0.0,0.0,2004.0,CHN.1_1,RLM5,,REF29
0.0,1.0,1.0,1.0,0.0,0.0,2004.0,CHN.2_1,RLM5,,REF29
0.0,1.0,1.0,1.0,0.0,0.0,2004.0,CHN.3_1,RLM5,,REF29
0.0,1.0,,1.0,0.0,0.0,,CHN.1_1,RLM5,SP165,REF20
0.0,1.0,,1.0,0.0,0.0,,CHN.2_1,RLM5,SP165,REF20
0.0,1.0,,1.0,0.0,0.0,,CHN.3_1,RLM5,SP165,REF20
0.0,1.0,,1.0,0.0,0.0,,CHN.1_1,RLM5,SP14,REF31
0.0,1.0,,1.0,0.0,0.0,,CHN.2_1,RLM5,SP14,REF31
0.0,1.0,,1.0,0.0,0.0,,CHN.3_1,RLM5,SP14,REF31
0.0,1.0,,1.0,0.0,0.0,2008.0,,RLM7,,REF7
,,,1.0,0.0,,,IND.1_1,RLM4,SP182,REF3
,,,1.0,0.0,,,IND.1_1,RLM4,SP22,REF3
0.0,1.0,0.0,1.0,0.0,0.0,2019.0,CHL.1_1,RLM1,SP183,REF32
0.0,1.0,,1.0,0.0,0.0,2019.0,CHN.1_1,RLM5,SP8,REF33
0.0,1.0,,1.0,0.0,0.0,2019.0,CHN.2_1,RLM5,SP8,REF33
0.0,1.0,,1.0,0.0,0.0,2019.0,CHN.3_1,RLM5,SP8,REF33
1.0,0.0,,1.0,0.0,0.0,2016.0,BRN.1_1,RLM4,SP92,REF34
1.0,,,1.0,0.0,0.0,1996.0,BRN.1_1,RLM4,SP31,REF27
0.0,1.0,,1.0,0.0,0.0,1819.0,USA.1_1,RLM2,SP165,REF2
0.0,1.0,,1.0,0.0,0.0,1819.0,USA.1_2,RLM2,SP165,REF2
0.0,1.0,,1.0,0.0,0.0,1819.0,USA.2_1,RLM2,SP165,REF2
0.0,1.0,,1.0,0.0,0.0,,USA.1_1,RLM2,SP184,REF35
0.0,1.0,,1.0,0.0,0.0,,USA.1_2,RLM2,SP184,REF35
0.0,1.0,,1.0,0.0,0.0,,USA.2_1,RLM2,SP184,REF35
0.0,1.0,,1.0,0.0,0.0,2013.0,BRA.1_1,RLM1,SP23,REF17
,,,1.0,0.0,,,CAN.1_1,RLM2,SP9,REF3
,,,0.0,0.0,,,CAN.1_1,RLM2,SP105,REF3
,,,0.0,0.0,,,CAN.1_1,RLM2,SP34,REF3
,,,1.0,0.0,,,CAN.1_1,RLM2,SP185,REF3
,,,1.0,0.0,,,CAN.1_1,RLM2,SP113,REF3
,,,1.0,0.0,,,CAN.1_1,RLM2,SP165,REF3
,,,0.0,0.0,,,CAN.1_1,RLM2,SP15,REF3
,,,1.0,0.0,,,CAN.1_1,RLM2,SP186,REF3
,,,0.0,0.0,,,CAN.1_1,RLM2,SP5,REF3
,,,1.0,0.0,,,CAN.1_1,RLM2,SP57,REF3
,,,1.0,0.0,,,CAN.1_1,RLM2,SP4,REF3
,,,1.0,0.0,,,CAN.1_1,RLM2,SP159,REF3
,,,1.0,0.0,,,CAN.1_1,RLM2,SP187,REF3
,,,1.0,0.0,,,CAN.1_1,RLM2,SP55,REF3
,,,1.0,0.0,,,CAN.1_1,RLM2,SP157,REF3
0.0,1.0,0.0,1.0,0.0,0.0,1915.0,CAN.1_1,RLM2,SP188,REF36
0.0,0.0,,1.0,0.0,0.0,,CAN.1_1,RLM2,SP189,REF2
0.0,1.0,,1.0,0.0,0.0,,CAN.1_1,RLM2,SP190,REF2
0.0,1.0,,1.0,0.0,0.0,2005.0,CAN.1_1,RLM2,SP191,REF2
0.0,1.0,,1.0,0.0,0.0,1933.0,CAN.1_1,RLM2,SP133,REF2
0.0,1.0,,,0.0,0.0,1965.0,CAN.1_1,RLM2,SP192,REF2
1.0,,,1.0,0.0,0.0,2007.0,CAN.1_1,RLM2,SP193,REF2
0.0,1.0,,1.0,0.0,0.0,1980.0,CAN.1_1,RLM2,SP56,REF2
0.0,1.0,,1.0,0.0,0.0,1914.0,CAN.1_1,RLM2,SP194,REF2
0.0,1.0,,1.0,0.0,0.0,1978.0,CAN.1_1,RLM2,SP135,REF2
0.0,1.0,,0.0,0.0,1.0,,CAN.1_1,RLM2,SP195,REF2
0.0,1.0,,1.0,0.0,0.0,1989.0,CAN.1_1,RLM2,SP61,REF37
,,,1.0,0.0,0.0,1982.0,CAN.1_1,RLM2,SP196,REF38
0.0,1.0,,1.0,0.0,0.0,1970.0,CAN.1_1,RLM2,SP186,REF39
0.0,1.0,,1.0,0.0,0.0,,CAN.1_1,RLM2,SP197,REF40
0.0,1.0,,1.0,0.0,0.0,2006.0,CAN.1_1,RLM2,SP198,REF41
0.0,1.0,,1.0,0.0,0.0,2021.0,CAN.1_1,RLM2,SP55,REF42
0.0,1.0,,1.0,0.0,0.0,,CAN.1_1,RLM2,SP19,REF43
0.0,1.0,,1.0,0.0,0.0,1989.0,CAN.1_1,RLM2,SP61,REF44
0.0,1.0,,1.0,0.0,0.0,1982.0,CAN.1_1,RLM2,SP199,REF45
0.0,1.0,1.0,0.0,1.0,0.0,1912.0,CAN.1_1,RLM2,SP34,REF15
0.0,1.0,,1.0,0.0,0.0,,CAN.1_1,RLM2,SP186,REF15
0.0,1.0,,1.0,0.0,0.0,1977.0,CAN.1_1,RLM2,SP186,REF15
0.0,1.0,,0.0,1.0,0.0,1927.0,CAN.1_1,RLM2,SP57,REF15
0.0,1.0,,1.0,0.0,0.0,2009.0,,RLM7,,REF7
1.0,,,1.0,0.0,0.0,2017.0,,RLM7,SP200,REF46
,,,0.0,0.0,,,USA.1_1,RLM2,SP10,REF3
,,,0.0,0.0,,,USA.1_2,RLM2,SP10,REF3
,,,0.0,0.0,,,USA.2_1,RLM2,SP10,REF3
,,,1.0,0.0,,,USA.1_1,RLM2,SP34,REF3
,,,1.0,0.0,,,USA.1_2,RLM2,SP34,REF3
,,,1.0,0.0,,,USA.2_1,RLM2,SP34,REF3
,,,0.0,0.0,,,USA.1_1,RLM2,SP22,REF3
,,,0.0,0.0,,,USA.1_2,RLM2,SP22,REF3
,,,0.0,0.0,,,USA.2_1,RLM2,SP22,REF3
,,,1.0,0.0,,,USA.1_1,RLM2,SP122,REF3
,,,1.0,0.0,,,USA.1_2,RLM2,SP122,REF3
,,,1.0,0.0,,,USA.2_1,RLM2,SP122,REF3
,,,1.0,0.0,,,USA.1_1,RLM2,SP201,REF3
,,,1.0,0.0,,,USA.1_2,RLM2,SP201,REF3
,,,1.0,0.0,,,USA.2_1,RLM2,SP201,REF3
,,,1.0,0.0,,,USA.1_1,RLM2,SP202,REF3
,,,1.0,0.0,,,USA.1_2,RLM2,SP202,REF3
,,,1.0,0.0,,,USA.2_1,RLM2,SP202,REF3
,,,1.0,0.0,,,USA.1_1,RLM2,SP126,REF3
,,,1.0,0.0,,,USA.1_2,RLM2,SP126,REF3
,,,1.0,0.0,,,USA.2_1,RLM2,SP126,REF3
,,,1.0,0.0,,,USA.1_1,RLM2,SP165,REF3
,,,1.0,0.0,,,USA.1_2,RLM2,SP165,REF3
,,,1.0,0.0,,,USA.2_1,RLM2,SP165,REF3
,,,1.0,0.0,,,USA.1_1,RLM2,SP47,REF3
,,,1.0,0.0,,,USA.1_2,RLM2,SP47,REF3
,,,1.0,0.0,,,USA.2_1,RLM2,SP47,REF3
,,,0.0,1.0,,,USA.1_1,RLM2,SP62,REF3
,,,0.0,1.0,,,USA.1_2,RLM2,SP62,REF3
,,,0.0,1.0,,,USA.2_1,RLM2,SP62,REF3
,,,1.0,0.0,,,USA.1_1,RLM2,SP116,REF3
,,,1.0,0.0,,,USA.1_2,RLM2,SP116,REF3
,,,1.0,0.0,,,USA.2_1,RLM2,SP116,REF3
,,,1.0,0.0,,,USA.1_1,RLM2,SP203,REF3
,,,1.0,0.0,,,USA.1_2,RLM2,SP203,REF3
,,,1.0,0.0,,,USA.2_1,RLM2,SP203,REF3
,,,0.0,0.0,,,USA.1_1,RLM2,SP64,REF3
,,,0.0,0.0,,,USA.1_2,RLM2,SP64,REF3
,,,0.0,0.0,,,USA.2_1,RLM2,SP64,REF3
,,,1.0,0.0,,,USA.1_1,RLM2,SP130,REF3
,,,1.0,0.0,,,USA.1_2,RLM2,SP130,REF3
,,,1.0,0.0,,,USA.2_1,RLM2,SP130,REF3
,,,1.0,0.0,,,USA.1_1,RLM2,SP187,REF3
,,,1.0,0.0,,,USA.1_2,RLM2,SP187,REF3
,,,1.0,0.0,,,USA.2_1,RLM2,SP187,REF3
,,,0.0,0.0,,,USA.1_1,RLM2,SP55,REF3
,,,0.0,0.0,,,USA.1_2,RLM2,SP55,REF3
,,,0.0,0.0,,,USA.2_1,RLM2,SP55,REF3
0.0,1.0,,1.0,0.0,0.0,2007.0,USA.1_1,RLM2,SP47,REF47
0.0,1.0,,1.0,0.0,0.0,2007.0,USA.1_2,RLM2,SP47,REF47
0.0,1.0,,1.0,0.0,0.0,2007.0,USA.2_1,RLM2,SP47,REF47
0.0,1.0,1.0,1.0,0.0,0.0,,USA.1_1,RLM2,SP188,REF36
0.0,1.0,1.0,1.0,0.0,0.0,,USA.1_2,RLM2,SP188,REF36
0.0,1.0,1.0,1.0,0.0,0.0,,USA.2_1,RLM2,SP188,REF36
0.0,1.0,0.0,1.0,0.0,0.0,1879.0,USA.1_1,RLM2,SP6,REF48
0.0,1.0,0.0,1.0,0.0,0.0,1879.0,USA.1_2,RLM2,SP6,REF48
0.0,1.0,0.0,1.0,0.0,0.0,1879.0,USA.2_1,RLM2,SP6,REF48
0.0,1.0,,1.0,0.0,0.0,1940.0,USA.1_1,RLM2,SP111,REF49
0.0,1.0,,1.0,0.0,0.0,1940.0,USA.1_2,RLM2,SP111,REF49
0.0,1.0,,1.0,0.0,0.0,1940.0,USA.2_1,RLM2,SP111,REF49
0.0,0.0,,1.0,0.0,0.0,,USA.1_1,RLM2,SP189,REF2
0.0,0.0,,1.0,0.0,0.0,,USA.1_2,RLM2,SP189,REF2
0.0,0.0,,1.0,0.0,0.0,,USA.2_1,RLM2,SP189,REF2
1.0,0.0,,0.0,0.0,0.0,,USA.1_1,RLM2,SP204,REF2
1.0,0.0,,0.0,0.0,0.0,,USA.1_2,RLM2,SP204,REF2
1.0,0.0,,0.0,0.0,0.0,,USA.2_1,RLM2,SP204,REF2
1.0,,,1.0,0.0,0.0,,USA.1_1,RLM2,SP21,REF2
1.0,,,1.0,0.0,0.0,,USA.1_2,RLM2,SP21,REF2
1.0,,,1.0,0.0,0.0,,USA.2_1,RLM2,SP21,REF2
0.0,1.0,,0.0,0.0,0.0,2008.0,USA.1_1,RLM2,SP64,REF2
0.0,1.0,,0.0,0.0,0.0,2008.0,USA.1_2,RLM2,SP64,REF2
0.0,1.0,,0.0,0.0,0.0,2008.0,USA.2_1,RLM2,SP64,REF2
0.0,1.0,,1.0,0.0,0.0,,USA.1_1,RLM2,SP205,REF50
0.0,1.0,,1.0,0.0,0.0,,USA.1_2,RLM2,SP205,REF50
0.0,1.0,,1.0,0.0,0.0,,USA.2_1,RLM2,SP205,REF50
0.0,1.0,,1.0,0.0,0.0,,USA.1_1,RLM2,SP63,REF50
0.0,1.0,,1.0,0.0,0.0,,USA.1_2,RLM2,SP63,REF50
0.0,1.0,,1.0,0.0,0.0,,USA.2_1,RLM2,SP63,REF50
0.0,1.0,,1.0,0.0,0.0,2006.0,USA.1_1,RLM2,SP47,REF51
0.0,1.0,,1.0,0.0,0.0,2006.0,USA.1_2,RLM2,SP47,REF51
0.0,1.0,,1.0,0.0,0.0,2006.0,USA.2_1,RLM2,SP47,REF51
0.0,1.0,,1.0,0.0,0.0,1940.0,USA.1_1,RLM2,SP15,REF25
0.0,1.0,,1.0,0.0,0.0,1940.0,USA.1_2,RLM2,SP15,REF25
0.0,1.0,,1.0,0.0,0.0,1940.0,USA.2_1,RLM2,SP15,REF25
0.0,1.0,,0.0,1.0,0.0,2009.0,USA.1_1,RLM2,SP62,REF52
0.0,1.0,,0.0,1.0,0.0,2009.0,USA.1_2,RLM2,SP62,REF52
0.0,1.0,,0.0,1.0,0.0,2009.0,USA.2_1,RLM2,SP62,REF52
0.0,1.0,,1.0,0.0,0.0,1856.0,USA.1_1,RLM2,,REF53
0.0,1.0,,1.0,0.0,0.0,1856.0,USA.1_2,RLM2,,REF53
0.0,1.0,,1.0,0.0,0.0,1856.0,USA.2_1,RLM2,,REF53
0.0,1.0,,1.0,0.0,0.0,1936.0,USA.1_1,RLM2,SP206,REF40
0.0,1.0,,1.0,0.0,0.0,1936.0,USA.1_2,RLM2,SP206,REF40
0.0,1.0,,1.0,0.0,0.0,1936.0,USA.2_1,RLM2,SP206,REF40
0.0,1.0,0.0,0.0,0.0,0.0,2008.0,USA.1_1,RLM2,SP64,REF54
0.0,1.0,0.0,0.0,0.0,0.0,2008.0,USA.1_2,RLM2,SP64,REF54
0.0,1.0,0.0,0.0,0.0,0.0,2008.0,USA.2_1,RLM2,SP64,REF54
0.0,1.0,,1.0,0.0,0.0,1940.0,USA.1_1,RLM2,SP111,REF11
0.0,1.0,,1.0,0.0,0.0,1940.0,USA.1_2,RLM2,SP111,REF11
0.0,1.0,,1.0,0.0,0.0,1940.0,USA.2_1,RLM2,SP111,REF11
0.0,1.0,,1.0,0.0,0.0,,BRA.1_1,RLM1,SP15,REF25
,,,1.0,0.0,,,,RLM7,SP148,REF3
,,,1.0,0.0,,,,RLM7,SP207,REF3
,,,1.0,0.0,,,,RLM7,SP143,REF3
,,,1.0,0.0,,,,RLM7,SP39,REF3
,,,1.0,0.0,,,,RLM7,SP48,REF3
,,,1.0,0.0,,,,RLM7,SP208,REF3
,,,1.0,0.0,,,,RLM7,SP8,REF3
,,,1.0,0.0,,,,RLM7,SP209,REF3
1.0,,,1.0,0.0,,,,RLM7,SP163,REF3
,,,1.0,0.0,,,,RLM7,SP44,REF3
,,,1.0,0.0,,,,RLM7,SP165,REF3
,,,1.0,0.0,,,,RLM7,SP41,REF3
,,,1.0,0.0,,,,RLM7,SP210,REF3
,,,1.0,0.0,,,,RLM7,SP38,REF3
,,,1.0,0.0,,,,RLM7,SP5,REF3
,,,1.0,0.0,,,,RLM7,SP211,REF3
,,,1.0,0.0,,,,RLM7,SP23,REF3
,,,1.0,0.0,,,,RLM7,SP153,REF3
,,,1.0,0.0,,,,RLM7,SP203,REF3
,,,1.0,0.0,,,,RLM7,SP76,REF3
,,,1.0,0.0,,,,RLM7,SP39,REF1
,1.0,,1.0,0.0,,2008.0,,RLM7,SP30,REF1
,,,1.0,0.0,,,,RLM7,SP5,REF1
,,,1.0,0.0,,,,RLM7,SP6,REF1
,,,1.0,0.0,,,,RLM7,SP8,REF1
,1.0,,1.0,0.0,,,,RLM7,SP41,REF1
,,,1.0,0.0,,,,RLM7,SP23,REF1
,,,1.0,0.0,,,,RLM7,SP76,REF1
,1.0,,1.0,0.0,,,,RLM7,SP25,REF1
,,,1.0,0.0,,,,RLM7,SP44,REF1
,1.0,,1.0,0.0,,,,RLM7,SP35,REF1
,1.0,,1.0,0.0,,1999.0,,RLM7,SP209,REF1
,,,1.0,0.0,,,,RLM7,SP38,REF1
,,,1.0,0.0,,,,RLM7,SP48,REF1
,1.0,,1.0,0.0,,,,RLM7,SP16,REF1
0.0,,,1.0,0.0,0.0,,,RLM7,SP63,REF22
0.0,1.0,0.0,1.0,0.0,0.0,1999.0,,RLM7,SP209,REF55
0.0,1.0,,1.0,0.0,0.0,,,RLM7,SP212,REF24
0.0,1.0,,1.0,0.0,0.0,,,RLM7,SP170,REF24
0.0,1.0,,1.0,0.0,0.0,,,RLM7,SP41,REF24
1.0,,,1.0,0.0,0.0,,,RLM7,SP213,REF24
0.0,1.0,1.0,1.0,0.0,0.0,2003.0,CHN.1_1,RLM5,,REF29
0.0,1.0,1.0,1.0,0.0,0.0,2003.0,CHN.2_1,RLM5,,REF29
0.0,1.0,1.0,1.0,0.0,0.0,2003.0,CHN.3_1,RLM5,,REF29
0.0,1.0,,1.0,0.0,0.0,2017.0,,RLM7,SP214,REF56
,,,1.0,0.0,,,,RLM7,SP98,REF3
,,,1.0,0.0,,,,RLM7,SP69,REF3
,,,1.0,0.0,,,,RLM7,SP28,REF3
,,,1.0,0.0,,,,RLM7,SP67,REF3
,,,1.0,0.0,,,,RLM7,SP15,REF3
,,,1.0,0.0,,,,RLM7,SP50,REF3
,,,1.0,0.0,,,,RLM7,SP186,REF3
,,,1.0,0.0,,,,RLM7,SP41,REF3
,,,1.0,0.0,,,,RLM7,SP62,REF3
,,,1.0,0.0,,,,RLM7,SP215,REF3
,,,1.0,0.0,,,,RLM7,SP71,REF3
,,,1.0,0.0,,,,RLM7,SP68,REF3
,,,1.0,0.0,,,GBR.1_1,RLM7,SP34,REF3
,,,1.0,0.0,,,GBR.1_1,RLM7,SP39,REF3
,,,0.0,0.0,,,GBR.1_1,RLM7,SP5,REF3
,,,0.0,0.0,,,GBR.1_1,RLM7,SP23,REF3
,1.0,,1.0,0.0,,,GBR.1_1,RLM7,SP30,REF1
,,,1.0,0.0,,,GBR.1_1,RLM7,SP6,REF1
,,,1.0,0.0,,,GBR.1_1,RLM7,SP19,REF1
,,,1.0,0.0,,,GBR.1_1,RLM7,SP34,REF1
,,,1.0,0.0,,,GBR.1_1,RLM7,SP216,REF1
,1.0,,1.0,0.0,,,GBR.1_1,RLM7,SP16,REF1
0.0,1.0,,1.0,0.0,0.0,,,RLM7,SP69,REF57
0.0,1.0,0.0,1.0,0.0,0.0,1987.0,,RLM7,SP69,REF58
0.0,1.0,,1.0,0.0,0.0,2019.0,CHN.1_1,RLM5,,REF59
0.0,1.0,,1.0,0.0,0.0,2019.0,CHN.2_1,RLM5,,REF59
0.0,1.0,,1.0,0.0,0.0,2019.0,CHN.3_1,RLM5,,REF59
0.0,1.0,,1.0,0.0,0.0,2017.0,USA.1_1,RLM2,SP217,REF2
0.0,1.0,,1.0,0.0,0.0,2017.0,USA.1_2,RLM2,SP217,REF2
0.0,1.0,,1.0,0.0,0.0,2017.0,USA.2_1,RLM2,SP217,REF2
1.0,0.0,,0.0,0.0,0.0,,USA.1_1,RLM2,SP121,REF2
1.0,0.0,,0.0,0.0,0.0,,USA.1_2,RLM2,SP121,REF2
1.0,0.0,,0.0,0.0,0.0,,USA.2_1,RLM2,SP121,REF2
,,,1.0,0.0,,,USA.1_1,RLM2,SP218,REF3
,,,1.0,0.0,,,USA.1_2,RLM2,SP218,REF3
,,,1.0,0.0,,,USA.2_1,RLM2,SP218,REF3
,,,1.0,0.0,,,USA.1_1,RLM2,SP186,REF3
,,,1.0,0.0,,,USA.1_2,RLM2,SP186,REF3
,,,1.0,0.0,,,USA.2_1,RLM2,SP186,REF3
,,,1.0,0.0,,,USA.1_1,RLM2,SP57,REF3
,,,1.0,0.0,,,USA.1_2,RLM2,SP57,REF3
,,,1.0,0.0,,,USA.2_1,RLM2,SP57,REF3
,,,1.0,0.0,,,USA.1_1,RLM2,SP129,REF3
,,,1.0,0.0,,,USA.1_2,RLM2,SP129,REF3
,,,1.0,0.0,,,USA.2_1,RLM2,SP129,REF3
,,,1.0,0.0,,,USA.1_1,RLM2,SP219,REF3
,,,1.0,0.0,,,USA.1_2,RLM2,SP219,REF3
,,,1.0,0.0,,,USA.2_1,RLM2,SP219,REF3
,,,1.0,0.0,,,USA.1_1,RLM2,SP132,REF3
,,,1.0,0.0,,,USA.1_2,RLM2,SP132,REF3
,,,1.0,0.0,,,USA.2_1,RLM2,SP132,REF3
,,,1.0,0.0,,,USA.1_1,RLM2,SP73,REF3
,,,1.0,0.0,,,USA.1_2,RLM2,SP73,REF3
,,,1.0,0.0,,,USA.2_1,RLM2,SP73,REF3
0.0,1.0,,1.0,0.0,0.0,2010.0,USA.1_1,RLM2,SP220,REF60
0.0,1.0,,1.0,0.0,0.0,2010.0,USA.1_2,RLM2,SP220,REF60
0.0,1.0,,1.0,0.0,0.0,2010.0,USA.2_1,RLM2,SP220,REF60
0.0,1.0,,1.0,0.0,0.0,,USA.1_1,RLM2,SP186,REF61
0.0,1.0,,1.0,0.0,0.0,,USA.1_2,RLM2,SP186,REF61
0.0,1.0,,1.0,0.0,0.0,,USA.2_1,RLM2,SP186,REF61
0.0,1.0,,1.0,0.0,0.0,,USA.1_1,RLM2,SP197,REF40
0.0,1.0,,1.0,0.0,0.0,,USA.1_2,RLM2,SP197,REF40
0.0,1.0,,1.0,0.0,0.0,,USA.2_1,RLM2,SP197,REF40
,,,1.0,0.0,,,FRA.2_1,RLM7,SP218,REF3
,,,1.0,0.0,,,FRA.2_1,RLM7,SP34,REF3
,,,1.0,0.0,,,FRA.2_1,RLM7,SP2,REF3
,,,1.0,0.0,,,FRA.2_1,RLM7,SP39,REF3
,,,1.0,0.0,,,FRA.2_1,RLM7,SP48,REF3
,,,1.0,0.0,,,FRA.2_1,RLM7,SP208,REF3
,,,1.0,0.0,,,FRA.2_1,RLM7,SP75,REF3
,,,1.0,0.0,,,FRA.2_1,RLM7,SP44,REF3
,,,1.0,0.0,,,FRA.2_1,RLM7,SP165,REF3
,,,1.0,0.0,,,FRA.2_1,RLM7,SP186,REF3
,,,1.0,0.0,,,FRA.2_1,RLM7,SP210,REF3
,,,1.0,0.0,,,FRA.2_1,RLM7,SP62,REF3
,,,1.0,0.0,,,FRA.2_1,RLM7,SP96,REF3
,,,0.0,0.0,,,FRA.2_1,RLM7,SP5,REF3
,,,1.0,0.0,,,FRA.2_1,RLM7,SP211,REF3
,,,1.0,0.0,,,FRA.2_1,RLM7,SP153,REF3
,,,1.0,0.0,,,FRA.2_1,RLM7,SP68,REF3
,,,1.0,0.0,,,FRA.2_1,RLM7,SP55,REF3
,,,1.0,0.0,,,FRA.2_1,RLM7,SP76,REF3
,,,1.0,0.0,,,FRA.2_1,RLM7,SP55,REF1
,,,1.0,0.0,,,FRA.2_1,RLM7,SP39,REF1
,,,1.0,0.0,,,FRA.2_1,RLM7,SP30,REF1
,,,1.0,0.0,,,FRA.2_1,RLM7,SP75,REF1
,,,1.0,0.0,,,FRA.2_1,RLM7,SP5,REF1
,,,1.0,0.0,,,FRA.2_1,RLM7,SP6,REF1
,,,1.0,0.0,,,FRA.2_1,RLM7,SP2,REF1
,,,1.0,0.0,,,FRA.2_1,RLM7,SP62,REF1
,,,1.0,0.0,,,FRA.2_1,RLM7,SP76,REF1
,,,1.0,0.0,,,FRA.2_1,RLM7,SP44,REF1
,,,1.0,0.0,,,FRA.2_1,RLM7,SP34,REF1
,,,1.0,0.0,,,FRA.2_1,RLM7,SP68,REF1
,1.0,,1.0,0.0,,,FRA.2_1,RLM7,SP35,REF1
0.0,,,1.0,0.0,,,FRA.2_1,RLM7,SP12,REF1
,1.0,,1.0,0.0,,1996.0,FRA.2_1,RLM7,SP66,REF1
,,,1.0,0.0,,,FRA.2_1,RLM7,SP48,REF1
,1.0,,1.0,0.0,,,FRA.2_1,RLM7,SP16,REF1
0.0,,,1.0,0.0,0.0,,FRA.2_1,RLM7,SP63,REF22
0.0,1.0,,1.0,0.0,0.0,,FRA.2_1,RLM7,SP181,REF24
0.0,1.0,,1.0,0.0,0.0,,FRA.2_1,RLM7,SP76,REF24
1.0,,,1.0,0.0,0.0,,FRA.2_1,RLM7,SP166,REF24
1.0,,,1.0,0.0,0.0,,FRA.2_1,RLM7,SP205,REF24
0.0,1.0,,1.0,0.0,0.0,,FRA.2_1,RLM7,SP221,REF24
0.0,1.0,1.0,1.0,0.0,0.0,,FRA.2_1,RLM7,SP67,REF24
0.0,1.0,,1.0,0.0,0.0,,FRA.2_1,RLM7,SP40,REF24
1.0,,,1.0,0.0,0.0,,FRA.2_1,RLM7,SP222,REF24
0.0,1.0,,1.0,0.0,0.0,,FRA.2_1,RLM7,SP48,REF24
1.0,,,1.0,0.0,0.0,,FRA.2_1,RLM7,SP90,REF24
0.0,1.0,,1.0,0.0,0.0,,FRA.2_1,RLM7,SP153,REF24
,,,1.0,0.0,,,,RLM7,SP148,REF3
,,,1.0,0.0,,,,RLM7,SP143,REF3
,,,1.0,0.0,,,,RLM7,SP2,REF3
,,,1.0,0.0,,,,RLM7,SP39,REF3
,,,1.0,0.0,,,,RLM7,SP208,REF3
,,,1.0,0.0,,,,RLM7,SP8,REF3
,,,1.0,0.0,,,,RLM7,SP75,REF3
,,,1.0,0.0,,,,RLM7,SP78,REF3
,,,1.0,0.0,,,,RLM7,SP38,REF3
,,,1.0,0.0,,,,RLM7,SP62,REF3
,,,0.0,0.0,,,,RLM7,SP5,REF3
,,,1.0,0.0,,,,RLM7,SP211,REF3
,,,1.0,0.0,,,,RLM7,SP153,REF3
,,,1.0,0.0,,,,RLM7,SP55,REF3
,,,1.0,0.0,,,,RLM7,SP157,REF3
,,,1.0,0.0,,,,RLM7,SP76,REF3
,,,1.0,0.0,,,,RLM7,SP55,REF1
,,,1.0,0.0,,,,RLM7,SP39,REF1
,,,1.0,0.0,,,,RLM7,SP208,REF1
,1.0,,1.0,0.0,,,,RLM7,SP30,REF1
,,,1.0,0.0,,,,RLM7,SP75,REF1
,,,1.0,0.0,,,,RLM7,SP5,REF1
,,,1.0,0.0,,,,RLM7,SP2,REF1
,,,1.0,0.0,,,,RLM7,SP62,REF1
,,,1.0,0.0,,,,RLM7,SP76,REF1
,,,1.0,0.0,,,,RLM7,SP10,REF1
,,,1.0,0.0,,,,RLM7,SP38,REF1
,,,1.0,0.0,,,,RLM7,SP78,REF1
,,,1.0,0.0,,,,RLM7,SP223,REF1
,,,1.0,0.0,,,,RLM7,SP48,REF1
0.0,,,1.0,0.0,0.0,,,RLM7,SP63,REF22
1.0,,,1.0,0.0,0.0,,,RLM7,SP166,REF24
1.0,,,1.0,0.0,0.0,,,RLM7,SP205,REF24
1.0,,,1.0,0.0,0.0,,,RLM7,SP172,REF24
1.0,,,1.0,0.0,0.0,,,RLM7,SP82,REF24
0.0,1.0,,1.0,0.0,0.0,,,RLM7,SP78,REF24
0.0,1.0,,1.0,0.0,0.0,,,RLM7,SP17,REF24
0.0,1.0,,1.0,0.0,0.0,,,RLM7,SP175,REF24
0.0,1.0,,1.0,0.0,0.0,,,RLM7,SP48,REF24
0.0,1.0,,1.0,0.0,0.0,,,RLM7,SP224,REF24
0.0,1.0,,1.0,0.0,0.0,,UKR.1_1,RLM7,,REF6
0.0,1.0,,1.0,0.0,0.0,2016.0,,RLM7,SP225,REF62
0.0,1.0,,1.0,0.0,0.0,2015.0,,RLM7,SP226,REF62
0.0,,,1.0,0.0,0.0,2015.0,,RLM7,SP227,REF62
0.0,1.0,,1.0,0.0,0.0,2016.0,,RLM7,SP228,REF62
0.0,1.0,,1.0,0.0,0.0,2015.0,,RLM7,SP226,REF63
0.0,1.0,1.0,1.0,0.0,0.0,1981.0,CHN.1_1,RLM7,,REF29
0.0,1.0,1.0,1.0,0.0,0.0,1981.0,CHN.2_1,RLM7,,REF29
0.0,1.0,1.0,1.0,0.0,0.0,1981.0,CHN.3_1,RLM7,,REF29
0.0,1.0,1.0,1.0,0.0,0.0,1979.0,CHN.1_1,RLM7,,REF29
0.0,1.0,1.0,1.0,0.0,0.0,1979.0,CHN.2_1,RLM7,,REF29
0.0,1.0,1.0,1.0,0.0,0.0,1979.0,CHN.3_1,RLM7,,REF29
0.0,0.0,,1.0,0.0,0.0,2012.0,AUS.1_1,RLM8,SP92,REF34
0.0,0.0,,1.0,0.0,0.0,2012.0,AUS.1_1,RLM8,SP92,REF64
0.0,0.0,,1.0,0.0,0.0,2012.0,AUS.1_1,RLM8,SP92,REF65
0.0,1.0,,1.0,0.0,0.0,,USA.1_1,RLM2,SP229,REF66
0.0,1.0,,1.0,0.0,0.0,,USA.1_2,RLM2,SP229,REF66
0.0,1.0,,1.0,0.0,0.0,,USA.2_1,RLM2,SP229,REF66
0.0,1.0,,1.0,0.0,0.0,,USA.1_1,RLM2,SP230,REF66
0.0,1.0,,1.0,0.0,0.0,,USA.1_2,RLM2,SP230,REF66
0.0,1.0,,1.0,0.0,0.0,,USA.2_1,RLM2,SP230,REF66
0.0,1.0,1.0,1.0,0.0,0.0,,USA.1_1,RLM2,SP34,REF66
0.0,1.0,1.0,1.0,0.0,0.0,,USA.1_2,RLM2,SP34,REF66
0.0,1.0,1.0,1.0,0.0,0.0,,USA.2_1,RLM2,SP34,REF66
,,,1.0,0.0,,,IND.1_1,RLM4,SP44,REF3
,,,1.0,0.0,,,USA.1_1,RLM2,SP215,REF3
,,,1.0,0.0,,,USA.1_2,RLM2,SP215,REF3
,,,1.0,0.0,,,USA.2_1,RLM2,SP215,REF3
,,,1.0,0.0,,,CHL.1_1,RLM3,SP9,REF3
,,,1.0,0.0,0.0,2020.0,CHL.1_1,RLM3,SP39,REF67
0.0,1.0,0.0,1.0,0.0,0.0,1700.0,,RLM7,SP6,REF48
,,,1.0,0.0,,,,RLM7,SP98,REF3
,,,0.0,0.0,,,,RLM7,SP231,REF3
,,,1.0,0.0,,,,RLM7,SP207,REF3
,,,1.0,0.0,,,,RLM7,SP34,REF3
,,,1.0,0.0,,,,RLM7,SP39,REF3
,,,0.0,0.0,,,,RLM7,SP40,REF3
,,,1.0,0.0,,,,RLM7,SP52,REF3
1.0,,,1.0,0.0,,,,RLM7,SP163,REF3
,,,1.0,0.0,,,,RLM7,SP165,REF3
,,,1.0,0.0,,,,RLM7,SP232,REF3
,,,1.0,0.0,,,,RLM7,SP15,REF3
,,,1.0,0.0,,,,RLM7,SP233,REF3
,,,1.0,0.0,,,,RLM7,SP79,REF3
,,,1.0,0.0,,,,RLM7,SP96,REF3
,,,1.0,0.0,,,,RLM7,SP57,REF3
,,,1.0,0.0,,,,RLM7,SP71,REF3
,,,0.0,0.0,,,,RLM7,SP153,REF3
,,,1.0,0.0,,,,RLM7,SP68,REF3
,,,0.0,0.0,,,,RLM7,SP33,REF3
0.0,1.0,0.0,1.0,0.0,0.0,1855.0,USA.1_1,RLM2,SP6,REF48
0.0,1.0,0.0,1.0,0.0,0.0,1855.0,USA.1_2,RLM2,SP6,REF48
0.0,1.0,0.0,1.0,0.0,0.0,1855.0,USA.2_1,RLM2,SP6,REF48
,,,1.0,0.0,0.0,1991.0,USA.1_1,RLM2,SP234,REF38
,,,1.0,0.0,0.0,1991.0,USA.1_2,RLM2,SP234,REF38
,,,1.0,0.0,0.0,1991.0,USA.2_1,RLM2,SP234,REF38
1.0,,1.0,0.0,0.0,0.0,2001.0,,RLM7,SP235,REF68
0.0,0.0,1.0,1.0,0.0,0.0,1993.0,,RLM7,,REF68
0.0,0.0,1.0,1.0,0.0,0.0,2005.0,,RLM7,SP237,REF68
0.0,0.0,1.0,0.0,0.0,0.0,2018.0,,RLM7,SP238,REF68
0.0,0.0,1.0,0.0,0.0,0.0,1999.0,,RLM7,SP239,REF68
,,,1.0,0.0,0.0,1995.0,,RLM7,SP240,REF68
0.0,0.0,1.0,1.0,0.0,0.0,2005.0,,RLM7,SP241,REF68
0.0,0.0,1.0,1.0,0.0,0.0,2008.0,,RLM7,SP242,REF68
,,,1.0,0.0,,,GBR.1_1,RLM7,SP77,REF3
,,,1.0,0.0,,,GBR.1_1,RLM7,SP218,REF3
,,,0.0,1.0,,,GBR.1_1,RLM7,SP28,REF3
,,,0.0,0.0,,,GBR.1_1,RLM7,SP75,REF3
,,,1.0,0.0,,,GBR.1_1,RLM7,SP52,REF3
1.0,,,1.0,0.0,,,GBR.1_1,RLM7,SP163,REF3
,,,1.0,0.0,,,GBR.1_1,RLM7,SP67,REF3
,,,1.0,0.0,,,GBR.1_1,RLM7,SP165,REF3
,,,1.0,0.0,,,GBR.1_1,RLM7,SP47,REF3
,,,1.0,0.0,,,GBR.1_1,RLM7,SP79,REF3
,,,1.0,0.0,,,GBR.1_1,RLM7,SP50,REF3
,,,1.0,0.0,,,GBR.1_1,RLM7,SP186,REF3
,,,1.0,0.0,,,GBR.1_1,RLM7,SP41,REF3
,,,0.0,1.0,,,GBR.1_1,RLM7,SP78,REF3
,,,1.0,0.0,,,GBR.1_1,RLM7,SP210,REF3
,,,0.0,0.0,,,GBR.1_1,RLM7,SP38,REF3
,,,1.0,0.0,,,GBR.1_1,RLM7,SP62,REF3
,,,1.0,0.0,,,GBR.1_1,RLM7,SP11,REF3
,,,1.0,0.0,,,GBR.1_1,RLM7,SP57,REF3
,,,0.0,1.0,,,GBR.1_1,RLM7,SP23,REF3
,,,1.0,0.0,,,GBR.1_1,RLM7,SP153,REF3
,,,1.0,0.0,,,GBR.1_1,RLM7,SP68,REF3
,,,1.0,0.0,,,GBR.1_1,RLM7,SP55,REF3
,,,0.0,0.0,,,GBR.1_1,RLM7,SP76,REF3
0.0,,,1.0,0.0,0.0,,GBR.1_1,RLM7,SP63,REF22
0.0,1.0,,1.0,0.0,0.0,2014.0,BRA.1_1,RLM1,SP23,REF17
,,,1.0,0.0,,,BRA.1_1,RLM1,SP2,REF3
,,,1.0,0.0,,,BRA.1_1,RLM1,SP49,REF3
,,,1.0,0.0,,,,RLM7,SP77,REF3
,,,1.0,0.0,,,,RLM7,SP218,REF3
,,,1.0,0.0,,,,RLM7,SP207,REF3
,,,1.0,0.0,,,,RLM7,SP39,REF3
,,,1.0,0.0,,,,RLM7,SP52,REF3
1.0,,,1.0,0.0,,,,RLM7,SP163,REF3
,,,1.0,0.0,,,,RLM7,SP165,REF3
,,,1.0,0.0,,,,RLM7,SP79,REF3
,,,1.0,0.0,,,,RLM7,SP210,REF3
,,,1.0,0.0,,,,RLM7,SP96,REF3
,,,1.0,0.0,,,,RLM7,SP11,REF3
,,,1.0,0.0,,,,RLM7,SP211,REF3
,,,1.0,0.0,,,,RLM7,SP57,REF3
,,,1.0,0.0,,,,RLM7,SP46,REF3
,,,1.0,0.0,,,,RLM7,SP231,REF3
,,,1.0,0.0,,,,RLM7,SP77,REF3
,,,1.0,0.0,,,,RLM7,SP37,REF3
,,,1.0,0.0,,,,RLM7,SP69,REF3
,,,1.0,0.0,,,,RLM7,SP28,REF3
,,,1.0,0.0,,,,RLM7,SP40,REF3
,,,1.0,0.0,,,,RLM7,SP162,REF3
,,,1.0,0.0,,,,RLM7,SP152,REF3
,,,0.0,0.0,,,,RLM7,SP165,REF3
,,,1.0,0.0,,,,RLM7,SP186,REF3
,,,1.0,0.0,,,,RLM7,SP4,REF3
,,,1.0,0.0,,,,RLM7,SP243,REF3
,,,1.0,0.0,,,,RLM7,SP244,REF3
,,,1.0,0.0,,,,RLM7,SP157,REF3
,,,1.0,0.0,,,,RLM7,SP33,REF3
,,,1.0,0.0,,,USA.1_1,RLM2,SP80,REF3
,,,1.0,0.0,,,USA.1_2,RLM2,SP80,REF3
,,,1.0,0.0,,,USA.2_1,RLM2,SP80,REF3
,,,0.0,0.0,,,USA.1_1,RLM2,SP28,REF3
,,,0.0,0.0,,,USA.1_2,RLM2,SP28,REF3
,,,0.0,0.0,,,USA.2_1,RLM2,SP28,REF3
,,,1.0,0.0,,,USA.1_1,RLM2,SP245,REF3
,,,1.0,0.0,,,USA.1_2,RLM2,SP245,REF3
,,,1.0,0.0,,,USA.2_1,RLM2,SP245,REF3
,,,1.0,0.0,,,USA.1_1,RLM2,SP41,REF3
,,,1.0,0.0,,,USA.1_2,RLM2,SP41,REF3
,,,1.0,0.0,,,USA.2_1,RLM2,SP41,REF3
,,,1.0,0.0,,,USA.1_1,RLM2,SP31,REF3
,,,1.0,0.0,,,USA.1_2,RLM2,SP31,REF3
,,,1.0,0.0,,,USA.2_1,RLM2,SP31,REF3
,,,1.0,0.0,,,USA.1_1,RLM2,SP246,REF3
,,,1.0,0.0,,,USA.1_2,RLM2,SP246,REF3
,,,1.0,0.0,,,USA.2_1,RLM2,SP246,REF3
,,,0.0,0.0,,,USA.1_1,RLM2,SP23,REF3
,,,0.0,0.0,,,USA.1_2,RLM2,SP23,REF3
,,,0.0,0.0,,,USA.2_1,RLM2,SP23,REF3
,,,1.0,0.0,,,USA.1_1,RLM2,SP139,REF3
,,,1.0,0.0,,,USA.1_2,RLM2,SP139,REF3
,,,1.0,0.0,,,USA.2_1,RLM2,SP139,REF3
,,,1.0,0.0,,,USA.1_1,RLM2,SP154,REF3
,,,1.0,0.0,,,USA.1_2,RLM2,SP154,REF3
,,,1.0,0.0,,,USA.2_1,RLM2,SP154,REF3
,,,1.0,0.0,,,USA.1_1,RLM2,SP247,REF3
,,,1.0,0.0,,,USA.1_2,RLM2,SP247,REF3
,,,1.0,0.0,,,USA.2_1,RLM2,SP247,REF3
0.0,1.0,1.0,1.0,0.0,0.0,1924.0,USA.1_1,RLM2,SP110,REF12
0.0,1.0,1.0,1.0,0.0,0.0,1924.0,USA.1_2,RLM2,SP110,REF12
0.0,1.0,1.0,1.0,0.0,0.0,1924.0,USA.2_1,RLM2,SP110,REF12
0.0,,1.0,1.0,0.0,0.0,1989.0,USA.1_1,RLM2,SP248,REF69
0.0,,1.0,1.0,0.0,0.0,1989.0,USA.1_2,RLM2,SP248,REF69
0.0,,1.0,1.0,0.0,0.0,1989.0,USA.2_1,RLM2,SP248,REF69
0.0,,1.0,,0.0,0.0,1984.0,USA.1_1,RLM2,SP249,REF69
0.0,,1.0,,0.0,0.0,1984.0,USA.1_2,RLM2,SP249,REF69
0.0,,1.0,,0.0,0.0,1984.0,USA.2_1,RLM2,SP249,REF69
0.0,,1.0,,0.0,0.0,1972.0,USA.1_1,RLM2,SP250,REF69
0.0,,1.0,,0.0,0.0,1972.0,USA.1_2,RLM2,SP250,REF69
0.0,,1.0,,0.0,0.0,1972.0,USA.2_1,RLM2,SP250,REF69
0.0,1.0,1.0,1.0,0.0,0.0,1989.0,USA.1_1,RLM2,SP251,REF69
0.0,1.0,1.0,1.0,0.0,0.0,1989.0,USA.1_2,RLM2,SP251,REF69
0.0,1.0,1.0,1.0,0.0,0.0,1989.0,USA.2_1,RLM2,SP251,REF69
1.0,,1.0,1.0,0.0,0.0,1983.0,USA.1_1,RLM2,SP252,REF69
1.0,,1.0,1.0,0.0,0.0,1983.0,USA.1_2,RLM2,SP252,REF69
1.0,,1.0,1.0,0.0,0.0,1983.0,USA.2_1,RLM2,SP252,REF69
0.0,,1.0,,0.0,0.0,1984.0,USA.1_1,RLM2,SP253,REF69
0.0,,1.0,,0.0,0.0,1984.0,USA.1_2,RLM2,SP253,REF69
0.0,,1.0,,0.0,0.0,1984.0,USA.2_1,RLM2,SP253,REF69
0.0,,1.0,1.0,0.0,0.0,1986.0,USA.1_1,RLM2,SP254,REF69
0.0,,1.0,1.0,0.0,0.0,1986.0,USA.1_2,RLM2,SP254,REF69
0.0,,1.0,1.0,0.0,0.0,1986.0,USA.2_1,RLM2,SP254,REF69
0.0,1.0,1.0,1.0,0.0,0.0,1989.0,USA.1_1,RLM2,SP7,REF69
0.0,1.0,1.0,1.0,0.0,0.0,1989.0,USA.1_2,RLM2,SP7,REF69
0.0,1.0,1.0,1.0,0.0,0.0,1989.0,USA.2_1,RLM2,SP7,REF69
0.0,1.0,1.0,1.0,0.0,0.0,1987.0,USA.1_1,RLM2,SP255,REF69
0.0,1.0,1.0,1.0,0.0,0.0,1987.0,USA.1_2,RLM2,SP255,REF69
0.0,1.0,1.0,1.0,0.0,0.0,1987.0,USA.2_1,RLM2,SP255,REF69
0.0,,1.0,,0.0,0.0,1978.0,USA.1_1,RLM2,SP256,REF69
0.0,,1.0,,0.0,0.0,1978.0,USA.1_2,RLM2,SP256,REF69
0.0,,1.0,,0.0,0.0,1978.0,USA.2_1,RLM2,SP256,REF69
1.0,,,,0.0,0.0,1981.0,USA.1_1,RLM2,SP257,REF69
1.0,,,,0.0,0.0,1981.0,USA.1_2,RLM2,SP257,REF69
1.0,,,,0.0,0.0,1981.0,USA.2_1,RLM2,SP257,REF69
1.0,,1.0,1.0,0.0,0.0,1985.0,USA.1_1,RLM2,SP258,REF69
1.0,,1.0,1.0,0.0,0.0,1985.0,USA.1_2,RLM2,SP258,REF69
1.0,,1.0,1.0,0.0,0.0,1985.0,USA.2_1,RLM2,SP258,REF69
1.0,,1.0,1.0,0.0,0.0,1983.0,USA.1_1,RLM2,SP259,REF69
1.0,,1.0,1.0,0.0,0.0,1983.0,USA.1_2,RLM2,SP259,REF69
1.0,,1.0,1.0,0.0,0.0,1983.0,USA.2_1,RLM2,SP259,REF69
0.0,,1.0,,0.0,0.0,1973.0,USA.1_1,RLM2,SP260,REF69
0.0,,1.0,,0.0,0.0,1973.0,USA.1_2,RLM2,SP260,REF69
0.0,,1.0,,0.0,0.0,1973.0,USA.2_1,RLM2,SP260,REF69
0.0,,1.0,,0.0,0.0,1984.0,USA.1_1,RLM2,SP261,REF69
0.0,,1.0,,0.0,0.0,1984.0,USA.1_2,RLM2,SP261,REF69
0.0,,1.0,,0.0,0.0,1984.0,USA.2_1,RLM2,SP261,REF69
0.0,1.0,1.0,1.0,0.0,0.0,1978.0,USA.1_1,RLM2,SP262,REF69
0.0,1.0,1.0,1.0,0.0,0.0,1978.0,USA.1_2,RLM2,SP262,REF69
0.0,1.0,1.0,1.0,0.0,0.0,1978.0,USA.2_1,RLM2,SP262,REF69
0.0,,1.0,,0.0,0.0,1983.0,USA.1_1,RLM2,SP263,REF69
0.0,,1.0,,0.0,0.0,1983.0,USA.1_2,RLM2,SP263,REF69
0.0,,1.0,,0.0,0.0,1983.0,USA.2_1,RLM2,SP263,REF69
0.0,,1.0,,0.0,0.0,1983.0,USA.1_1,RLM2,SP264,REF69
0.0,,1.0,,0.0,0.0,1983.0,USA.1_2,RLM2,SP264,REF69
0.0,,1.0,,0.0,0.0,1983.0,USA.2_1,RLM2,SP264,REF69
0.0,,1.0,,0.0,0.0,1974.0,USA.1_1,RLM2,SP265,REF69
0.0,,1.0,,0.0,0.0,1974.0,USA.1_2,RLM2,SP265,REF69
0.0,,1.0,,0.0,0.0,1974.0,USA.2_1,RLM2,SP265,REF69
0.0,,1.0,,0.0,0.0,1987.0,USA.1_1,RLM2,SP266,REF69
0.0,,1.0,,0.0,0.0,1987.0,USA.1_2,RLM2,SP266,REF69
0.0,,1.0,,0.0,0.0,1987.0,USA.2_1,RLM2,SP266,REF69
0.0,,1.0,,0.0,0.0,1984.0,USA.1_1,RLM2,SP267,REF69
0.0,,1.0,,0.0,0.0,1984.0,USA.1_2,RLM2,SP267,REF69
0.0,,1.0,,0.0,0.0,1984.0,USA.2_1,RLM2,SP267,REF69
0.0,,1.0,,0.0,0.0,1987.0,USA.1_1,RLM2,SP268,REF69
0.0,,1.0,,0.0,0.0,1987.0,USA.1_2,RLM2,SP268,REF69
0.0,,1.0,,0.0,0.0,1987.0,USA.2_1,RLM2,SP268,REF69
0.0,,1.0,,0.0,0.0,1981.0,USA.1_1,RLM2,SP269,REF69
0.0,,1.0,,0.0,0.0,1981.0,USA.1_2,RLM2,SP269,REF69
0.0,,1.0,,0.0,0.0,1981.0,USA.2_1,RLM2,SP269,REF69
0.0,,1.0,,0.0,0.0,1978.0,USA.1_1,RLM2,SP270,REF69
0.0,,1.0,,0.0,0.0,1978.0,USA.1_2,RLM2,SP270,REF69
0.0,,1.0,,0.0,0.0,1978.0,USA.2_1,RLM2,SP270,REF69
0.0,,1.0,,0.0,0.0,1985.0,USA.1_1,RLM2,SP271,REF69
0.0,,1.0,,0.0,0.0,1985.0,USA.1_2,RLM2,SP271,REF69
0.0,,1.0,,0.0,0.0,1985.0,USA.2_1,RLM2,SP271,REF69
0.0,1.0,1.0,1.0,0.0,0.0,1984.0,USA.1_1,RLM2,SP272,REF69
0.0,1.0,1.0,1.0,0.0,0.0,1984.0,USA.1_2,RLM2,SP272,REF69
0.0,1.0,1.0,1.0,0.0,0.0,1984.0,USA.2_1,RLM2,SP272,REF69
0.0,,1.0,,0.0,0.0,1984.0,USA.1_1,RLM2,SP273,REF69
0.0,,1.0,,0.0,0.0,1984.0,USA.1_2,RLM2,SP273,REF69
0.0,,1.0,,0.0,0.0,1984.0,USA.2_1,RLM2,SP273,REF69
0.0,1.0,1.0,1.0,0.0,0.0,,USA.1_1,RLM2,SP274,REF69
0.0,1.0,1.0,1.0,0.0,0.0,,USA.1_2,RLM2,SP274,REF69
0.0,1.0,1.0,1.0,0.0,0.0,,USA.2_1,RLM2,SP274,REF69
0.0,1.0,1.0,1.0,0.0,0.0,,USA.1_1,RLM2,SP275,REF69
0.0,1.0,1.0,1.0,0.0,0.0,,USA.1_2,RLM2,SP275,REF69
0.0,1.0,1.0,1.0,0.0,0.0,,USA.2_1,RLM2,SP275,REF69
0.0,,1.0,,0.0,0.0,1981.0,USA.1_1,RLM2,SP276,REF69
0.0,,1.0,,0.0,0.0,1981.0,USA.1_2,RLM2,SP276,REF69
0.0,,1.0,,0.0,0.0,1981.0,USA.2_1,RLM2,SP276,REF69
0.0,,1.0,,0.0,0.0,1988.0,USA.1_1,RLM2,SP277,REF69
0.0,,1.0,,0.0,0.0,1988.0,USA.1_2,RLM2,SP277,REF69
0.0,,1.0,,0.0,0.0,1988.0,USA.2_1,RLM2,SP277,REF69
0.0,1.0,1.0,1.0,0.0,0.0,1971.0,USA.1_1,RLM2,SP34,REF69
0.0,1.0,1.0,1.0,0.0,0.0,1971.0,USA.1_2,RLM2,SP34,REF69
0.0,1.0,1.0,1.0,0.0,0.0,1971.0,USA.2_1,RLM2,SP34,REF69
0.0,,1.0,,0.0,0.0,1985.0,USA.1_1,RLM2,SP278,REF69
0.0,,1.0,,0.0,0.0,1985.0,USA.1_2,RLM2,SP278,REF69
0.0,,1.0,,0.0,0.0,1985.0,USA.2_1,RLM2,SP278,REF69
0.0,,1.0,,0.0,0.0,1980.0,USA.1_1,RLM2,SP279,REF69
0.0,,1.0,,0.0,0.0,1980.0,USA.1_2,RLM2,SP279,REF69
0.0,,1.0,,0.0,0.0,1980.0,USA.2_1,RLM2,SP279,REF69
0.0,,1.0,,0.0,0.0,1989.0,USA.1_1,RLM2,SP280,REF69
0.0,,1.0,,0.0,0.0,1989.0,USA.1_2,RLM2,SP280,REF69
0.0,,1.0,,0.0,0.0,1989.0,USA.2_1,RLM2,SP280,REF69
0.0,,1.0,,0.0,0.0,1985.0,USA.1_1,RLM2,SP281,REF69
0.0,,1.0,,0.0,0.0,1985.0,USA.1_2,RLM2,SP281,REF69
0.0,,1.0,,0.0,0.0,1985.0,USA.2_1,RLM2,SP281,REF69
0.0,,1.0,,0.0,0.0,1982.0,USA.1_1,RLM2,SP282,REF69
0.0,,1.0,,0.0,0.0,1982.0,USA.1_2,RLM2,SP282,REF69
0.0,,1.0,,0.0,0.0,1982.0,USA.2_1,RLM2,SP282,REF69
0.0,1.0,1.0,,0.0,0.0,1986.0,USA.1_1,RLM2,SP283,REF69
0.0,1.0,1.0,,0.0,0.0,1986.0,USA.1_2,RLM2,SP283,REF69
0.0,1.0,1.0,,0.0,0.0,1986.0,USA.2_1,RLM2,SP283,REF69
0.0,1.0,1.0,,0.0,0.0,1963.0,USA.1_1,RLM2,SP41,REF69
0.0,1.0,1.0,,0.0,0.0,1963.0,USA.1_2,RLM2,SP41,REF69
0.0,1.0,1.0,,0.0,0.0,1963.0,USA.2_1,RLM2,SP41,REF69
0.0,,1.0,,0.0,0.0,1989.0,USA.1_1,RLM2,SP284,REF69
0.0,,1.0,,0.0,0.0,1989.0,USA.1_2,RLM2,SP284,REF69
0.0,,1.0,,0.0,0.0,1989.0,USA.2_1,RLM2,SP284,REF69
0.0,,1.0,,0.0,0.0,1989.0,USA.1_1,RLM2,SP285,REF69
0.0,,1.0,,0.0,0.0,1989.0,USA.1_2,RLM2,SP285,REF69
0.0,,1.0,,0.0,0.0,1989.0,USA.2_1,RLM2,SP285,REF69
0.0,,1.0,,0.0,0.0,1976.0,USA.1_1,RLM2,SP286,REF69
0.0,,1.0,,0.0,0.0,1976.0,USA.1_2,RLM2,SP286,REF69
0.0,,1.0,,0.0,0.0,1976.0,USA.2_1,RLM2,SP286,REF69
0.0,,1.0,,0.0,0.0,1973.0,USA.1_1,RLM2,SP287,REF69
0.0,,1.0,,0.0,0.0,1973.0,USA.1_2,RLM2,SP287,REF69
0.0,,1.0,,0.0,0.0,1973.0,USA.2_1,RLM2,SP287,REF69
0.0,,1.0,,0.0,0.0,1980.0,USA.1_1,RLM2,SP288,REF69
0.0,,1.0,,0.0,0.0,1980.0,USA.1_2,RLM2,SP288,REF69
0.0,,1.0,,0.0,0.0,1980.0,USA.2_1,RLM2,SP288,REF69
0.0,,1.0,,0.0,0.0,,USA.1_1,RLM2,SP289,REF69
0.0,,1.0,,0.0,0.0,,USA.1_2,RLM2,SP289,REF69
0.0,,1.0,,0.0,0.0,,USA.2_1,RLM2,SP289,REF69
0.0,,1.0,,0.0,0.0,1989.0,USA.1_1,RLM2,SP290,REF69
0.0,,1.0,,0.0,0.0,1989.0,USA.1_2,RLM2,SP290,REF69
0.0,,1.0,,0.0,0.0,1989.0,USA.2_1,RLM2,SP290,REF69
0.0,,1.0,,0.0,0.0,1987.0,USA.1_1,RLM2,SP291,REF69
0.0,,1.0,,0.0,0.0,1987.0,USA.1_2,RLM2,SP291,REF69
0.0,,1.0,,0.0,0.0,1987.0,USA.2_1,RLM2,SP291,REF69
0.0,,1.0,,0.0,0.0,1984.0,USA.1_1,RLM2,SP292,REF69
0.0,,1.0,,0.0,0.0,1984.0,USA.1_2,RLM2,SP292,REF69
0.0,,1.0,,0.0,0.0,1984.0,USA.2_1,RLM2,SP292,REF69
0.0,,1.0,,0.0,0.0,1971.0,USA.1_1,RLM2,SP293,REF69
0.0,,1.0,,0.0,0.0,1971.0,USA.1_2,RLM2,SP293,REF69
0.0,,1.0,,0.0,0.0,1971.0,USA.2_1,RLM2,SP293,REF69
0.0,,1.0,,0.0,0.0,1985.0,USA.1_1,RLM2,SP294,REF69
0.0,,1.0,,0.0,0.0,1985.0,USA.1_2,RLM2,SP294,REF69
0.0,,1.0,,0.0,0.0,1985.0,USA.2_1,RLM2,SP294,REF69
0.0,,1.0,,0.0,0.0,1973.0,USA.1_1,RLM2,SP295,REF69
0.0,,1.0,,0.0,0.0,1973.0,USA.1_2,RLM2,SP295,REF69
0.0,,1.0,,0.0,0.0,1973.0,USA.2_1,RLM2,SP295,REF69
0.0,1.0,,1.0,0.0,0.0,,USA.1_1,RLM2,SP296,REF2
0.0,1.0,,1.0,0.0,0.0,,USA.1_2,RLM2,SP296,REF2
0.0,1.0,,1.0,0.0,0.0,,USA.2_1,RLM2,SP296,REF2
0.0,,1.0,1.0,0.0,0.0,2022.0,USA.1_1,RLM2,SP297,REF70
0.0,,1.0,1.0,0.0,0.0,2022.0,USA.1_2,RLM2,SP297,REF70
0.0,,1.0,1.0,0.0,0.0,2022.0,USA.2_1,RLM2,SP297,REF70
0.0,1.0,1.0,1.0,0.0,0.0,1989.0,USA.1_1,RLM2,SP7,REF9
0.0,1.0,1.0,1.0,0.0,0.0,1989.0,USA.1_2,RLM2,SP7,REF9
0.0,1.0,1.0,1.0,0.0,0.0,1989.0,USA.2_1,RLM2,SP7,REF9
0.0,1.0,0.0,1.0,0.0,1.0,2000.0,USA.1_1,RLM2,SP7,REF71
0.0,1.0,0.0,1.0,0.0,1.0,2000.0,USA.1_2,RLM2,SP7,REF71
0.0,1.0,0.0,1.0,0.0,1.0,2000.0,USA.2_1,RLM2,SP7,REF71
0.0,1.0,,1.0,0.0,0.0,1989.0,USA.1_1,RLM2,SP7,REF72
0.0,1.0,,1.0,0.0,0.0,1989.0,USA.1_2,RLM2,SP7,REF72
0.0,1.0,,1.0,0.0,0.0,1989.0,USA.2_1,RLM2,SP7,REF72
0.0,1.0,,1.0,0.0,0.0,2012.0,USA.1_1,RLM2,SP245,REF73
0.0,1.0,,1.0,0.0,0.0,2012.0,USA.1_2,RLM2,SP245,REF73
0.0,1.0,,1.0,0.0,0.0,2012.0,USA.2_1,RLM2,SP245,REF73
0.0,1.0,,1.0,0.0,0.0,2012.0,USA.1_1,RLM2,SP245,REF74
0.0,1.0,,1.0,0.0,0.0,2012.0,USA.1_2,RLM2,SP245,REF74
0.0,1.0,,1.0,0.0,0.0,2012.0,USA.2_1,RLM2,SP245,REF74
,,,1.0,0.0,0.0,2007.0,USA.1_1,RLM2,SP298,REF38
,,,1.0,0.0,0.0,2007.0,USA.1_2,RLM2,SP298,REF38
,,,1.0,0.0,0.0,2007.0,USA.2_1,RLM2,SP298,REF38
0.0,1.0,1.0,1.0,0.0,0.0,,USA.1_1,RLM2,SP23,REF75
0.0,1.0,1.0,1.0,0.0,0.0,,USA.1_2,RLM2,SP23,REF75
0.0,1.0,1.0,1.0,0.0,0.0,,USA.2_1,RLM2,SP23,REF75
0.0,,,1.0,0.0,0.0,1950.0,USA.1_1,RLM2,SP299,REF76
0.0,,,1.0,0.0,0.0,1950.0,USA.1_2,RLM2,SP299,REF76
0.0,,,1.0,0.0,0.0,1950.0,USA.2_1,RLM2,SP299,REF76
0.0,1.0,0.0,1.0,0.0,1.0,2008.0,USA.1_1,RLM2,SP300,REF77
0.0,1.0,0.0,1.0,0.0,1.0,2008.0,USA.1_2,RLM2,SP300,REF77
0.0,1.0,0.0,1.0,0.0,1.0,2008.0,USA.2_1,RLM2,SP300,REF77
0.0,1.0,,1.0,0.0,0.0,1985.0,USA.1_1,RLM2,SP41,REF78
0.0,1.0,,1.0,0.0,0.0,1985.0,USA.1_2,RLM2,SP41,REF78
0.0,1.0,,1.0,0.0,0.0,1985.0,USA.2_1,RLM2,SP41,REF78
0.0,1.0,,1.0,0.0,0.0,1993.0,USA.1_1,RLM2,SP2,REF79
0.0,1.0,,1.0,0.0,0.0,1993.0,USA.1_2,RLM2,SP2,REF79
0.0,1.0,,1.0,0.0,0.0,1993.0,USA.2_1,RLM2,SP2,REF79
0.0,1.0,,,0.0,0.0,2007.0,USA.1_1,RLM2,SP28,REF80
0.0,1.0,,,0.0,0.0,2007.0,USA.1_2,RLM2,SP28,REF80
0.0,1.0,,,0.0,0.0,2007.0,USA.2_1,RLM2,SP28,REF80
,,,1.0,0.0,,,CHN.1_1,RLM5,SP26,REF3
,,,1.0,0.0,,,CHN.2_1,RLM5,SP26,REF3
,,,1.0,0.0,,,CHN.3_1,RLM5,SP26,REF3
,,,1.0,0.0,,,CHN.1_1,RLM5,SP143,REF3
,,,1.0,0.0,,,CHN.2_1,RLM5,SP143,REF3
,,,1.0,0.0,,,CHN.3_1,RLM5,SP143,REF3
,,,1.0,0.0,,,CHN.1_1,RLM5,SP150,REF3
,,,1.0,0.0,,,CHN.2_1,RLM5,SP150,REF3
,,,1.0,0.0,,,CHN.3_1,RLM5,SP150,REF3
,,,1.0,0.0,,,CHN.1_1,RLM5,SP2,REF3
,,,1.0,0.0,,,CHN.2_1,RLM5,SP2,REF3
,,,1.0,0.0,,,CHN.3_1,RLM5,SP2,REF3
,,,1.0,0.0,,,CHN.1_1,RLM5,SP162,REF3
,,,1.0,0.0,,,CHN.2_1,RLM5,SP162,REF3
,,,1.0,0.0,,,CHN.3_1,RLM5,SP162,REF3
,,,1.0,0.0,,,CHN.1_1,RLM5,SP138,REF3
,,,1.0,0.0,,,CHN.2_1,RLM5,SP138,REF3
,,,1.0,0.0,,,CHN.3_1,RLM5,SP138,REF3
0.0,1.0,,1.0,0.0,0.0,2019.0,CHN.1_1,RLM5,,REF81
0.0,1.0,,1.0,0.0,0.0,2019.0,CHN.2_1,RLM5,,REF81
0.0,1.0,,1.0,0.0,0.0,2019.0,CHN.3_1,RLM5,,REF81
0.0,1.0,1.0,1.0,0.0,0.0,2011.0,CHN.1_1,RLM7,,REF29
0.0,1.0,1.0,1.0,0.0,0.0,2011.0,CHN.2_1,RLM7,,REF29
0.0,1.0,1.0,1.0,0.0,0.0,2011.0,CHN.3_1,RLM7,,REF29
,1.0,,1.0,0.0,,,,RLM1,SP301,REF82
,1.0,,1.0,0.0,,,,RLM1,SP302,REF82
,1.0,,1.0,0.0,,,,RLM1,SP303,REF82
,1.0,,1.0,0.0,,,,RLM1,SP304,REF82
,1.0,,1.0,0.0,,,,RLM1,SP305,REF82
,1.0,,1.0,0.0,,,,RLM1,SP306,REF82
,1.0,,1.0,0.0,,,,RLM1,SP307,REF82
,1.0,,1.0,0.0,,,,RLM1,SP166,REF82
,1.0,,1.0,0.0,,,,RLM1,SP308,REF82
,1.0,,1.0,0.0,,,,RLM1,SP309,REF82
,1.0,,1.0,0.0,,,,RLM1,SP25,REF82
,1.0,,1.0,0.0,,,,RLM1,SP310,REF82
,1.0,,1.0,0.0,,,,RLM1,SP311,REF82
,1.0,,1.0,0.0,,,,RLM1,SP154,REF82
,1.0,,1.0,0.0,,,,RLM1,SP312,REF82
,1.0,,1.0,0.0,,,,RLM1,SP139,REF82
,1.0,,1.0,0.0,,,,RLM1,SP313,REF82
,1.0,,1.0,0.0,,,,RLM1,SP296,REF82
,1.0,,1.0,0.0,,,,RLM1,SP314,REF82
,1.0,,1.0,0.0,,,,RLM1,SP315,REF82
,1.0,,1.0,0.0,,,,RLM1,SP316,REF82
,1.0,,1.0,0.0,,,,RLM1,SP317,REF82
,1.0,,1.0,0.0,,,,RLM1,SP318,REF82
,1.0,,1.0,0.0,,,,RLM1,SP319,REF82
,1.0,,1.0,0.0,,,,RLM1,SP320,REF82
,1.0,,1.0,0.0,,,,RLM1,SP321,REF82
,1.0,,1.0,0.0,,,,RLM1,SP322,REF82
,1.0,,1.0,0.0,,,,RLM1,SP323,REF82
,1.0,,1.0,0.0,,,,RLM1,SP324,REF82
,1.0,,1.0,0.0,,,,RLM1,SP325,REF82
,1.0,,1.0,0.0,,,,RLM1,SP3,REF82
,1.0,,1.0,0.0,,,,RLM1,SP173,REF82
,1.0,,1.0,0.0,,,,RLM1,SP326,REF82
,1.0,,1.0,0.0,,,,RLM1,SP327,REF82
,1.0,,1.0,0.0,,,,RLM1,SP84,REF82
,1.0,,1.0,0.0,,,,RLM1,SP24,REF82
,1.0,,1.0,0.0,,,,RLM1,SP328,REF82
,1.0,,1.0,0.0,,,,RLM1,SP329,REF82
,1.0,,1.0,0.0,,,,RLM1,SP330,REF82
,1.0,,1.0,0.0,,,,RLM1,SP331,REF82
,1.0,,1.0,0.0,,,,RLM1,SP332,REF82
,1.0,,1.0,0.0,,,,RLM1,SP333,REF82
,1.0,,1.0,0.0,,,,RLM1,SP2,REF82
,1.0,,1.0,0.0,,,,RLM1,SP334,REF82
,1.0,,1.0,0.0,,,,RLM1,SP14,REF82
,1.0,,1.0,0.0,,,,RLM1,SP335,REF82
,1.0,,1.0,0.0,,,,RLM1,SP85,REF82
,1.0,,1.0,0.0,,,,RLM1,SP336,REF82
,1.0,,1.0,0.0,,,,RLM1,SP337,REF82
,1.0,,1.0,0.0,,,,RLM1,SP338,REF82
,1.0,,1.0,0.0,,,,RLM1,SP339,REF82
,1.0,,1.0,0.0,,,,RLM1,SP340,REF82
,1.0,,1.0,0.0,,,,RLM1,SP341,REF82
,1.0,,1.0,0.0,,,,RLM1,SP342,REF82
,1.0,,1.0,0.0,,,,RLM1,SP27,REF82
,1.0,,1.0,0.0,,,,RLM1,SP343,REF82
,1.0,,1.0,0.0,,,,RLM1,SP176,REF82
,1.0,,1.0,0.0,,,,RLM1,SP344,REF82
,1.0,,1.0,0.0,,,,RLM1,SP49,REF82
,1.0,,1.0,0.0,,,,RLM1,SP345,REF82
,1.0,,1.0,0.0,,,,RLM1,SP346,REF82
,1.0,,1.0,0.0,,,,RLM1,SP347,REF82
,1.0,,1.0,0.0,,,,RLM1,SP348,REF82
,1.0,,1.0,0.0,,,,RLM1,SP349,REF82
,1.0,,1.0,0.0,,,,RLM1,SP350,REF82
,1.0,,1.0,0.0,,,,RLM1,SP153,REF82
,1.0,,1.0,0.0,,,,RLM1,SP351,REF82
,1.0,,1.0,0.0,,,,RLM1,SP352,REF82
,1.0,,1.0,0.0,,,,RLM1,SP353,REF82
,1.0,,1.0,0.0,,1989.0,,RLM1,SP303,REF83
,1.0,,1.0,0.0,,,,RLM1,SP304,REF83
,1.0,,1.0,0.0,,1906.0,,RLM1,SP305,REF83
,1.0,,1.0,0.0,,1989.0,,RLM1,SP306,REF83
,1.0,,1.0,0.0,,1970.0,,RLM1,SP307,REF83
,1.0,,1.0,0.0,,1975.0,,RLM1,SP166,REF83
,1.0,,1.0,0.0,,1987.0,,RLM1,SP308,REF83
,1.0,,1.0,0.0,,2002.0,,RLM1,SP169,REF83
,1.0,,1.0,0.0,,1923.0,,RLM1,SP25,REF83
,1.0,,1.0,0.0,,1932.0,,RLM1,SP311,REF83
,1.0,,1.0,0.0,,1964.0,,RLM1,SP154,REF83
,1.0,,1.0,0.0,,1964.0,,RLM1,SP354,REF83
,1.0,,1.0,0.0,,2003.0,,RLM1,SP139,REF83
,1.0,,1.0,0.0,,1923.0,,RLM1,SP313,REF83
,1.0,,1.0,0.0,,,,RLM1,SP355,REF83
,1.0,,1.0,0.0,,1989.0,,RLM1,SP314,REF83
,1.0,,1.0,0.0,,1989.0,,RLM1,SP315,REF83
,1.0,,1.0,0.0,,1906.0,,RLM1,SP316,REF83
,1.0,,1.0,0.0,,1975.0,,RLM1,SP317,REF83
,1.0,,1.0,0.0,,1923.0,,RLM1,SP318,REF83
,1.0,,1.0,0.0,,1992.0,,RLM1,SP319,REF83
,1.0,,1.0,0.0,,1965.0,,RLM1,SP320,REF83
,1.0,,1.0,0.0,,1923.0,,RLM1,SP321,REF83
,1.0,,1.0,0.0,,1995.0,,RLM1,SP356,REF83
,1.0,,1.0,0.0,,1992.0,,RLM1,SP323,REF83
,1.0,,1.0,0.0,,1970.0,,RLM1,SP324,REF83
,1.0,,1.0,0.0,,1906.0,,RLM1,SP325,REF83
,1.0,,1.0,0.0,,1960.0,,RLM1,SP3,REF83
,1.0,,1.0,0.0,,1923.0,,RLM1,SP173,REF83
,1.0,,1.0,0.0,,1989.0,,RLM1,SP326,REF83
,1.0,,1.0,0.0,,1992.0,,RLM1,SP327,REF83
,1.0,,1.0,0.0,,1923.0,,RLM1,SP84,REF83
,1.0,,1.0,0.0,,2002.0,,RLM1,SP24,REF83
,1.0,,1.0,0.0,,2003.0,,RLM1,SP328,REF83
,1.0,,1.0,0.0,,2001.0,,RLM1,SP329,REF83
,1.0,,1.0,0.0,,1989.0,,RLM1,SP330,REF83
,1.0,,1.0,0.0,,1923.0,,RLM1,SP331,REF83
,1.0,,1.0,0.0,,1906.0,,RLM1,SP332,REF83
,1.0,,1.0,0.0,,,,RLM1,SP333,REF83
,1.0,,1.0,0.0,,2005.0,,RLM1,SP2,REF83
,1.0,,1.0,0.0,,1899.0,,RLM1,SP334,REF83
,1.0,,1.0,0.0,,2004.0,,RLM1,SP14,REF83
,1.0,,1.0,0.0,,1975.0,,RLM1,SP335,REF83
,1.0,,1.0,0.0,,2002.0,,RLM1,SP85,REF83
,1.0,,1.0,0.0,,1989.0,,RLM1,SP336,REF83
,1.0,,1.0,0.0,,1989.0,,RLM1,SP337,REF83
,1.0,,1.0,0.0,,2000.0,,RLM1,SP338,REF83
,1.0,,1.0,0.0,,1989.0,,RLM1,SP339,REF83
,1.0,,1.0,0.0,,1964.0,,RLM1,SP340,REF83
,1.0,,1.0,0.0,,2001.0,,RLM1,SP341,REF83
,1.0,,1.0,0.0,,1989.0,,RLM1,SP342,REF83
,1.0,,1.0,0.0,,2001.0,,RLM1,SP27,REF83
,1.0,,1.0,0.0,,1964.0,,RLM1,SP343,REF83
,1.0,,1.0,0.0,,2016.0,,RLM1,SP357,REF83
,1.0,,1.0,0.0,,1906.0,,RLM1,SP176,REF83
,1.0,,1.0,0.0,,1923.0,,RLM1,SP358,REF83
,1.0,,1.0,0.0,,2016.0,,RLM1,SP359,REF83
,1.0,,1.0,0.0,,2001.0,,RLM1,SP49,REF83
,1.0,,1.0,0.0,,1989.0,,RLM1,SP345,REF83
,1.0,,1.0,0.0,,1923.0,,RLM1,SP346,REF83
,1.0,,1.0,0.0,,1906.0,,RLM1,SP347,REF83
,1.0,,1.0,0.0,,1964.0,,RLM1,SP348,REF83
,1.0,,1.0,0.0,,1966.0,,RLM1,SP349,REF83
,1.0,,1.0,0.0,,2016.0,,RLM1,SP360,REF83
,1.0,,1.0,0.0,,1969.0,,RLM1,SP350,REF83
,1.0,,1.0,0.0,,2002.0,,RLM1,SP153,REF83
,1.0,,1.0,0.0,,,,RLM1,SP351,REF83
,1.0,,1.0,0.0,,1966.0,,RLM1,SP352,REF83
,1.0,,1.0,0.0,,1990.0,,RLM1,SP353,REF83
,1.0,,1.0,0.0,,2016.0,,RLM1,SP8,REF83
,1.0,,1.0,0.0,,,,RLM1,SP301,REF83
,1.0,,1.0,0.0,,1989.0,,RLM1,SP302,REF83
,,,1.0,0.0,,,,RLM1,SP108,REF3
,,,1.0,0.0,,,,RLM1,SP1,REF1
,,,1.0,0.0,,,,RLM1,SP25,REF1
,,,1.0,0.0,,,,RLM1,SP24,REF1
,1.0,,1.0,0.0,,1923.0,,RLM1,SP84,REF1
0.0,1.0,,1.0,0.0,0.0,2005.0,,RLM1,SP2,REF23
,,,1.0,0.0,0.0,2011.0,,RLM1,SP361,REF84
,,,1.0,0.0,,,CHN.1_1,RLM7,SP8,REF3
,,,1.0,0.0,,,CHN.2_1,RLM7,SP8,REF3
,,,1.0,0.0,,,CHN.3_1,RLM7,SP8,REF3
,,,1.0,0.0,,,CHN.1_1,RLM7,SP165,REF3
,,,1.0,0.0,,,CHN.2_1,RLM7,SP165,REF3
,,,1.0,0.0,,,CHN.3_1,RLM7,SP165,REF3
,,,1.0,0.0,,,CHN.1_1,RLM7,SP33,REF3
,,,1.0,0.0,,,CHN.2_1,RLM7,SP33,REF3
,,,1.0,0.0,,,CHN.3_1,RLM7,SP33,REF3
1.0,,,1.0,0.0,0.0,2006.0,CHN.1_1,RLM7,SP362,REF85
1.0,,,1.0,0.0,0.0,2006.0,CHN.2_1,RLM7,SP362,REF85
1.0,,,1.0,0.0,0.0,2006.0,CHN.3_1,RLM7,SP362,REF85
0.0,1.0,,1.0,0.0,0.0,,CHN.1_1,RLM7,SP165,REF20
0.0,1.0,,1.0,0.0,0.0,,CHN.2_1,RLM7,SP165,REF20
0.0,1.0,,1.0,0.0,0.0,,CHN.3_1,RLM7,SP165,REF20
0.0,1.0,,1.0,0.0,0.0,,CHN.1_1,RLM7,SP165,REF86
0.0,1.0,,1.0,0.0,0.0,,CHN.2_1,RLM7,SP165,REF86
0.0,1.0,,1.0,0.0,0.0,,CHN.3_1,RLM7,SP165,REF86
0.0,1.0,,1.0,0.0,0.0,1989.0,CHN.1_1,RLM7,SP165,REF87
0.0,1.0,,1.0,0.0,0.0,1989.0,CHN.2_1,RLM7,SP165,REF87
0.0,1.0,,1.0,0.0,0.0,1989.0,CHN.3_1,RLM7,SP165,REF87
,,,1.0,0.0,,,USA.1_1,RLM2,SP3,REF1
,,,1.0,0.0,,,USA.1_2,RLM2,SP3,REF1
,,,1.0,0.0,,,USA.2_1,RLM2,SP3,REF1
0.0,1.0,1.0,1.0,0.0,0.0,2000.0,USA.1_1,RLM2,SP7,REF71
0.0,1.0,1.0,1.0,0.0,0.0,2000.0,USA.1_2,RLM2,SP7,REF71
0.0,1.0,1.0,1.0,0.0,0.0,2000.0,USA.2_1,RLM2,SP7,REF71
0.0,1.0,,,0.0,0.0,2020.0,USA.1_1,RLM2,SP245,REF74
0.0,1.0,,,0.0,0.0,2020.0,USA.1_2,RLM2,SP245,REF74
0.0,1.0,,,0.0,0.0,2020.0,USA.2_1,RLM2,SP245,REF74
0.0,1.0,,1.0,0.0,0.0,2006.0,GBR.1_2,RLM7,SP363,REF88
0.0,1.0,,1.0,0.0,0.0,1998.0,BRA.1_1,RLM1,SP364,REF89
0.0,1.0,,1.0,0.0,0.0,,AUS.1_1,RLM8,SP15,REF25
0.0,1.0,,1.0,0.0,0.0,1995.0,GUM.1_1,RLM3,SP2,REF23
0.0,1.0,1.0,1.0,0.0,0.0,,GUM.1_1,RLM3,SP365,REF90
0.0,,,1.0,0.0,0.0,,GUM.1_1,RLM3,,REF18
0.0,,,1.0,0.0,0.0,,GUM.1_1,RLM3,SP367,REF18
1.0,,,1.0,0.0,0.0,,GUM.1_1,RLM3,SP368,REF18
0.0,,,1.0,0.0,0.0,,GUM.1_1,RLM3,SP369,REF18
0.0,,,1.0,0.0,0.0,,GUM.1_1,RLM3,SP370,REF18
0.0,,,1.0,0.0,0.0,,GUM.1_1,RLM3,SP371,REF18
0.0,,,1.0,0.0,0.0,,GUM.1_1,RLM3,SP155,REF18
0.0,,,1.0,0.0,0.0,,GUM.1_1,RLM3,SP372,REF18
0.0,,,1.0,0.0,0.0,,GUM.1_1,RLM3,SP373,REF18
0.0,,,1.0,0.0,0.0,,GUM.1_1,RLM3,SP374,REF18
0.0,,,1.0,0.0,0.0,,GUM.1_1,RLM3,SP375,REF18
0.0,,,1.0,0.0,0.0,,GUM.1_1,RLM3,SP376,REF18
0.0,,,1.0,0.0,0.0,,GUM.1_1,RLM3,SP377,REF18
0.0,,,1.0,0.0,0.0,,GUM.1_1,RLM3,SP311,REF18
0.0,,,1.0,0.0,0.0,,GUM.1_1,RLM3,SP154,REF18
0.0,,,1.0,0.0,0.0,,GUM.1_1,RLM3,SP378,REF18
0.0,,,1.0,0.0,0.0,,GUM.1_1,RLM3,SP26,REF18
0.0,,,1.0,0.0,0.0,,GUM.1_1,RLM3,SP316,REF18
0.0,,,1.0,0.0,0.0,,GUM.1_1,RLM3,SP379,REF18
0.0,,,1.0,0.0,0.0,,GUM.1_1,RLM3,SP380,REF18
0.0,,,1.0,0.0,0.0,,GUM.1_1,RLM3,SP381,REF18
0.0,,,1.0,0.0,0.0,,GUM.1_1,RLM3,SP23,REF18
0.0,,,1.0,0.0,0.0,,GUM.1_1,RLM3,SP382,REF18
0.0,,,1.0,0.0,0.0,,GUM.1_1,RLM3,SP383,REF18
0.0,,,1.0,0.0,0.0,,GUM.1_1,RLM3,SP143,REF18
0.0,,,1.0,0.0,0.0,,GUM.1_1,RLM3,SP384,REF18
0.0,,,1.0,0.0,0.0,,GUM.1_1,RLM3,SP385,REF18
0.0,,,1.0,0.0,0.0,,GUM.1_1,RLM3,SP386,REF18
0.0,,,1.0,0.0,0.0,,GUM.1_1,RLM3,SP279,REF18
0.0,,,1.0,0.0,0.0,,GUM.1_1,RLM3,SP387,REF18
0.0,,,1.0,0.0,0.0,,GUM.1_1,RLM3,SP388,REF18
0.0,,,1.0,0.0,0.0,,GUM.1_1,RLM3,SP389,REF18
0.0,,,1.0,0.0,0.0,,GUM.1_1,RLM3,SP390,REF18
0.0,,,1.0,0.0,0.0,,GUM.1_1,RLM3,SP391,REF18
0.0,,,1.0,0.0,0.0,,GUM.1_1,RLM3,SP392,REF18
0.0,,,1.0,0.0,0.0,,GUM.1_1,RLM3,SP393,REF18
0.0,,,1.0,0.0,0.0,,GUM.1_1,RLM3,SP2,REF18
0.0,,,1.0,0.0,0.0,,GUM.1_1,RLM3,SP14,REF18
0.0,,,1.0,0.0,0.0,,GUM.1_1,RLM3,SP182,REF18
0.0,,,1.0,0.0,0.0,,GUM.1_1,RLM3,SP394,REF18
0.0,,,1.0,0.0,0.0,,GUM.1_1,RLM3,,REF18
0.0,,,1.0,0.0,0.0,,GUM.1_1,RLM3,SP144,REF18
0.0,,,1.0,0.0,0.0,,GUM.1_1,RLM3,SP395,REF18
0.0,,,1.0,0.0,0.0,,GUM.1_1,RLM3,SP396,REF18
0.0,,,1.0,0.0,0.0,,GUM.1_1,RLM3,SP161,REF18
0.0,1.0,,1.0,0.0,0.0,,GUM.1_1,RLM3,SP397,REF18
0.0,1.0,,1.0,0.0,1.0,,GUM.1_1,RLM3,SP365,REF91
0.0,1.0,,1.0,0.0,0.0,,GUM.1_1,RLM3,SP365,REF92
,,,1.0,0.0,,,CHN.1_1,RLM4,SP142,REF3
,,,1.0,0.0,,,CHN.2_1,RLM4,SP142,REF3
,,,1.0,0.0,,,CHN.3_1,RLM4,SP142,REF3
,,,1.0,0.0,,,CHN.1_1,RLM4,SP26,REF3
,,,1.0,0.0,,,CHN.2_1,RLM4,SP26,REF3
,,,1.0,0.0,,,CHN.3_1,RLM4,SP26,REF3
,,,1.0,0.0,,,CHN.1_1,RLM4,SP77,REF3
,,,1.0,0.0,,,CHN.2_1,RLM4,SP77,REF3
,,,1.0,0.0,,,CHN.3_1,RLM4,SP77,REF3
,,,1.0,0.0,,,CHN.1_1,RLM4,SP160,REF3
,,,1.0,0.0,,,CHN.2_1,RLM4,SP160,REF3
,,,1.0,0.0,,,CHN.3_1,RLM4,SP160,REF3
,,,1.0,0.0,,,CHN.1_1,RLM4,SP150,REF3
,,,1.0,0.0,,,CHN.2_1,RLM4,SP150,REF3
,,,1.0,0.0,,,CHN.3_1,RLM4,SP150,REF3
,,,1.0,0.0,,,CHN.1_1,RLM4,SP2,REF3
,,,1.0,0.0,,,CHN.2_1,RLM4,SP2,REF3
,,,1.0,0.0,,,CHN.3_1,RLM4,SP2,REF3
,,,1.0,0.0,,,CHN.1_1,RLM4,SP151,REF3
,,,1.0,0.0,,,CHN.2_1,RLM4,SP151,REF3
,,,1.0,0.0,,,CHN.3_1,RLM4,SP151,REF3
,,,1.0,0.0,,,CHN.1_1,RLM4,SP8,REF3
,,,1.0,0.0,,,CHN.2_1,RLM4,SP8,REF3
,,,1.0,0.0,,,CHN.3_1,RLM4,SP8,REF3
,,,1.0,0.0,,,CHN.1_1,RLM4,SP28,REF3
,,,1.0,0.0,,,CHN.2_1,RLM4,SP28,REF3
,,,1.0,0.0,,,CHN.3_1,RLM4,SP28,REF3
,,,1.0,0.0,,,CHN.1_1,RLM4,SP144,REF3
,,,1.0,0.0,,,CHN.2_1,RLM4,SP144,REF3
,,,1.0,0.0,,,CHN.3_1,RLM4,SP144,REF3
,,,1.0,0.0,,,CHN.1_1,RLM4,SP40,REF3
,,,1.0,0.0,,,CHN.2_1,RLM4,SP40,REF3
,,,1.0,0.0,,,CHN.3_1,RLM4,SP40,REF3
,,,1.0,0.0,,,CHN.1_1,RLM4,SP162,REF3
,,,1.0,0.0,,,CHN.2_1,RLM4,SP162,REF3
,,,1.0,0.0,,,CHN.3_1,RLM4,SP162,REF3
,,,1.0,0.0,,,CHN.1_1,RLM4,SP15,REF3
,,,1.0,0.0,,,CHN.2_1,RLM4,SP15,REF3
,,,1.0,0.0,,,CHN.3_1,RLM4,SP15,REF3
,,,1.0,0.0,,,CHN.1_1,RLM4,SP233,REF3
,,,1.0,0.0,,,CHN.2_1,RLM4,SP233,REF3
,,,1.0,0.0,,,CHN.3_1,RLM4,SP233,REF3
,,,1.0,0.0,,,CHN.1_1,RLM4,SP41,REF3
,,,1.0,0.0,,,CHN.2_1,RLM4,SP41,REF3
,,,1.0,0.0,,,CHN.3_1,RLM4,SP41,REF3
,,,1.0,0.0,,,CHN.1_1,RLM4,SP145,REF3
,,,1.0,0.0,,,CHN.2_1,RLM4,SP145,REF3
,,,1.0,0.0,,,CHN.3_1,RLM4,SP145,REF3
,,,1.0,0.0,,,CHN.1_1,RLM4,SP138,REF3
,,,1.0,0.0,,,CHN.2_1,RLM4,SP138,REF3
,,,1.0,0.0,,,CHN.3_1,RLM4,SP138,REF3
,,,1.0,0.0,,,CHN.1_1,RLM4,SP23,REF3
,,,1.0,0.0,,,CHN.2_1,RLM4,SP23,REF3
,,,1.0,0.0,,,CHN.3_1,RLM4,SP23,REF3
,,,1.0,0.0,,,CHN.1_1,RLM4,SP154,REF3
,,,1.0,0.0,,,CHN.2_1,RLM4,SP154,REF3
,,,1.0,0.0,,,CHN.3_1,RLM4,SP154,REF3
,,,0.0,0.0,,,CHN.1_1,RLM4,SP244,REF3
,,,0.0,0.0,,,CHN.2_1,RLM4,SP244,REF3
,,,0.0,0.0,,,CHN.3_1,RLM4,SP244,REF3
,,,1.0,0.0,,,CHN.1_1,RLM4,SP157,REF3
,,,1.0,0.0,,,CHN.2_1,RLM4,SP157,REF3
,,,1.0,0.0,,,CHN.3_1,RLM4,SP157,REF3
,,,1.0,0.0,,,CHN.1_1,RLM4,SP33,REF3
,,,1.0,0.0,,,CHN.2_1,RLM4,SP33,REF3
,,,1.0,0.0,,,CHN.3_1,RLM4,SP33,REF3
0.0,1.0,,1.0,0.0,0.0,2019.0,CHN.1_1,RLM4,,REF81
0.0,1.0,,1.0,0.0,0.0,2019.0,CHN.2_1,RLM4,,REF81
0.0,1.0,,1.0,0.0,0.0,2019.0,CHN.3_1,RLM4,,REF81
0.0,1.0,,1.0,0.0,0.0,,CHN.1_1,RLM4,SP8,REF20
0.0,1.0,,1.0,0.0,0.0,,CHN.2_1,RLM4,SP8,REF20
0.0,1.0,,1.0,0.0,0.0,,CHN.3_1,RLM4,SP8,REF20
0.0,1.0,,1.0,0.0,0.0,,CHN.1_1,RLM4,SP14,REF31
0.0,1.0,,1.0,0.0,0.0,,CHN.2_1,RLM4,SP14,REF31
0.0,1.0,,1.0,0.0,0.0,,CHN.3_1,RLM4,SP14,REF31
0.0,1.0,,1.0,0.0,0.0,2014.0,CHN.1_1,RLM4,SP149,REF93
0.0,1.0,,1.0,0.0,0.0,2014.0,CHN.2_1,RLM4,SP149,REF93
0.0,1.0,,1.0,0.0,0.0,2014.0,CHN.3_1,RLM4,SP149,REF93
0.0,1.0,,1.0,0.0,0.0,2019.0,CHN.1_1,RLM4,,REF59
0.0,1.0,,1.0,0.0,0.0,2019.0,CHN.2_1,RLM4,,REF59
0.0,1.0,,1.0,0.0,0.0,2019.0,CHN.3_1,RLM4,,REF59
,,,1.0,0.0,,,CHN.1_1,RLM4,SP5,REF3
,,,1.0,0.0,,,CHN.2_1,RLM4,SP5,REF3
,,,1.0,0.0,,,CHN.3_1,RLM4,SP5,REF3
0.0,1.0,,1.0,0.0,0.0,2016.0,BRA.1_1,RLM1,SP364,REF94
,,,1.0,0.0,,,GBR.1_1,RLM7,SP49,REF1
,,,1.0,0.0,,,CHN.1_1,RLM5,SP5,REF3
,,,1.0,0.0,,,CHN.2_1,RLM5,SP5,REF3
,,,1.0,0.0,,,CHN.3_1,RLM5,SP5,REF3
,,,1.0,0.0,,,CHN.1_1,RLM5,SP154,REF3
,,,1.0,0.0,,,CHN.2_1,RLM5,SP154,REF3
,,,1.0,0.0,,,CHN.3_1,RLM5,SP154,REF3
,,,1.0,0.0,,,IND.1_1,RLM4,SP155,REF3
0.0,0.0,,1.0,0.0,0.0,2016.0,AUS.1_1,RLM8,SP92,REF34
,,,1.0,0.0,,,,RLM4,SP143,REF3
,,,1.0,0.0,,,,RLM4,SP151,REF3
,,,1.0,0.0,,,,RLM4,SP8,REF3
,,,1.0,0.0,,,,RLM4,SP28,REF3
,,,1.0,0.0,,,,RLM4,SP144,REF3
,,,1.0,0.0,,,,RLM4,SP41,REF3
,,,1.0,0.0,,,,RLM4,SP138,REF3
,,,1.0,0.0,,,,RLM4,SP23,REF3
,,,1.0,0.0,,,,RLM4,SP154,REF3
0.0,1.0,,1.0,0.0,0.0,2019.0,,RLM4,,REF81
0.0,1.0,,1.0,0.0,0.0,,,RLM4,SP8,REF20
0.0,1.0,,1.0,0.0,0.0,,,RLM4,SP14,REF31
0.0,1.0,,1.0,0.0,0.0,2013.0,,RLM4,SP149,REF93
0.0,1.0,,1.0,0.0,0.0,2023.0,,RLM4,SP365,REF95
0.0,1.0,,1.0,0.0,0.0,2019.0,,RLM4,,REF59
1.0,,,1.0,0.0,0.0,1994.0,,RLM4,SP92,REF34
0.0,1.0,,1.0,0.0,0.0,2013.0,,RLM4,SP149,REF96
0.0,1.0,,1.0,0.0,0.0,1990.0,CAN.1_1,RLM2,SP19,REF14
0.0,1.0,,1.0,0.0,0.0,1993.0,CAN.1_1,RLM2,SP184,REF35
0.0,1.0,1.0,1.0,0.0,0.0,2009.0,CHN.1_1,RLM5,,REF29
0.0,1.0,1.0,1.0,0.0,0.0,2009.0,CHN.2_1,RLM5,,REF29
0.0,1.0,1.0,1.0,0.0,0.0,2009.0,CHN.3_1,RLM5,,REF29
,1.0,,1.0,0.0,,,,RLM2,SP398,REF82
,1.0,,1.0,0.0,,,,RLM2,SP366,REF82
,1.0,,1.0,0.0,,,,RLM2,SP399,REF82
,1.0,,1.0,0.0,,,,RLM2,SP68,REF82
,1.0,,1.0,0.0,,,,RLM2,SP400,REF82
,1.0,,1.0,0.0,,,,RLM2,SP401,REF82
,1.0,,1.0,0.0,,,,RLM2,SP402,REF82
,1.0,,1.0,0.0,,,,RLM2,SP403,REF82
0.0,1.0,,1.0,0.0,,,,RLM2,SP12,REF82
,1.0,,1.0,0.0,,,,RLM2,SP404,REF82
,1.0,,1.0,0.0,,,,RLM2,SP405,REF82
,1.0,,1.0,0.0,,,,RLM2,SP406,REF82
,1.0,,1.0,0.0,,,,RLM2,SP407,REF82
,1.0,,1.0,0.0,,,,RLM2,SP408,REF82
,1.0,,1.0,0.0,,,,RLM2,SP409,REF82
,1.0,,1.0,0.0,,,,RLM2,SP203,REF82
,1.0,,1.0,0.0,,,,RLM2,SP410,REF82
,1.0,,1.0,0.0,,,,RLM2,SP338,REF82
,1.0,,1.0,0.0,,,,RLM2,SP155,REF82
,1.0,,1.0,0.0,,,,RLM2,SP411,REF82
,1.0,,1.0,0.0,,,,RLM2,SP412,REF82
,1.0,,1.0,0.0,,,,RLM2,SP413,REF82
,1.0,,1.0,0.0,,,,RLM2,SP414,REF82
,1.0,,1.0,0.0,,,,RLM2,SP415,REF82
,1.0,,1.0,0.0,,,,RLM2,SP416,REF82
,1.0,,1.0,0.0,,,,RLM2,SP417,REF82
,1.0,,1.0,0.0,,,,RLM2,SP418,REF82
,1.0,,1.0,0.0,,,,RLM2,SP419,REF82
,1.0,,1.0,0.0,,,,RLM2,SP420,REF82
,1.0,,1.0,0.0,,,,RLM2,SP421,REF82
,1.0,,1.0,0.0,,,,RLM2,SP422,REF82
,1.0,,1.0,0.0,,,,RLM2,SP423,REF82
,1.0,,1.0,0.0,,,,RLM2,SP424,REF82
,1.0,,1.0,0.0,,,,RLM2,SP425,REF82
,1.0,,1.0,0.0,,,,RLM2,SP426,REF82
,1.0,,1.0,0.0,,,,RLM2,SP427,REF82
,1.0,,1.0,0.0,,,,RLM2,SP297,REF82
,1.0,,1.0,0.0,,,,RLM2,SP428,REF82
,1.0,,1.0,0.0,,,,RLM2,SP7,REF82
,1.0,,1.0,0.0,,,,RLM2,SP166,REF82
,1.0,,1.0,0.0,,,,RLM2,SP205,REF82
,1.0,,1.0,0.0,,,,RLM2,SP429,REF82
,1.0,,1.0,0.0,,,,RLM2,SP430,REF82
,1.0,,1.0,0.0,,,,RLM2,SP431,REF82
,1.0,,1.0,0.0,,,,RLM2,SP432,REF82
,1.0,,1.0,0.0,,,,RLM2,SP433,REF82
,1.0,,1.0,0.0,,,,RLM2,SP40,REF82
,1.0,,1.0,0.0,,,,RLM2,SP434,REF82
,1.0,,1.0,0.0,,,,RLM2,SP435,REF82
,1.0,,1.0,0.0,,,,RLM2,SP436,REF82
,1.0,,1.0,0.0,,,,RLM2,SP309,REF82
,1.0,,1.0,0.0,,,,RLM2,SP437,REF82
,1.0,,1.0,0.0,,,,RLM2,SP438,REF82
,1.0,,1.0,0.0,,,,RLM2,SP25,REF82
,1.0,,1.0,0.0,,,,RLM2,SP439,REF82
,1.0,,1.0,0.0,,,,RLM2,SP440,REF82
,1.0,,1.0,0.0,,,,RLM2,SP44,REF82
,1.0,,1.0,0.0,,,,RLM2,SP441,REF82
,1.0,,1.0,0.0,,,,RLM2,SP376,REF82
,1.0,,1.0,0.0,,,,RLM2,SP442,REF82
,1.0,,1.0,0.0,,,,RLM2,SP443,REF82
,1.0,,1.0,0.0,,,,RLM2,SP170,REF82
,1.0,,1.0,0.0,,,,RLM2,SP83,REF82
,1.0,,1.0,0.0,,,,RLM2,SP444,REF82
,1.0,,1.0,0.0,,,,RLM2,SP445,REF82
,1.0,,1.0,0.0,,,,RLM2,SP446,REF82
,1.0,,1.0,0.0,,,,RLM2,SP447,REF82
,1.0,,1.0,0.0,,,,RLM2,SP312,REF82
,1.0,,1.0,0.0,,,,RLM2,SP448,REF82
,1.0,,1.0,0.0,,,,RLM2,SP449,REF82
,1.0,,1.0,0.0,,,,RLM2,SP450,REF82
,1.0,,1.0,0.0,,,,RLM2,SP451,REF82
,1.0,,1.0,0.0,,,,RLM2,SP313,REF82
,1.0,,1.0,0.0,,,,RLM2,SP452,REF82
,1.0,,1.0,0.0,,,,RLM2,SP453,REF82
,1.0,,1.0,0.0,,,,RLM2,SP454,REF82
,1.0,,1.0,0.0,,,,RLM2,SP455,REF82
,1.0,,1.0,0.0,,,,RLM2,SP456,REF82
,1.0,,1.0,0.0,,,,RLM2,SP457,REF82
,1.0,,1.0,0.0,,,,RLM2,SP82,REF82
,1.0,,1.0,0.0,,,,RLM2,SP458,REF82
,1.0,,1.0,0.0,,,,RLM2,SP296,REF82
,1.0,,1.0,0.0,,,,RLM2,SP47,REF82
,1.0,,1.0,0.0,,,,RLM2,SP459,REF82
,1.0,,1.0,0.0,,,,RLM2,SP315,REF82
,1.0,,1.0,0.0,,,,RLM2,SP460,REF82
,1.0,,1.0,0.0,,,,RLM2,SP461,REF82
,1.0,,1.0,0.0,,,,RLM2,SP26,REF82
,1.0,,1.0,0.0,,,,RLM2,SP462,REF82
,1.0,,1.0,0.0,,,,RLM2,SP463,REF82
,1.0,,1.0,0.0,,,,RLM2,SP464,REF82
,1.0,,1.0,0.0,,,,RLM2,SP465,REF82
,1.0,,1.0,0.0,,,,RLM2,SP466,REF82
,1.0,,1.0,0.0,,,,RLM2,SP467,REF82
,1.0,,1.0,0.0,,,,RLM2,SP468,REF82
,1.0,,1.0,0.0,,,,RLM2,SP16,REF82
,1.0,,1.0,0.0,,,,RLM2,SP469,REF82
,1.0,,1.0,0.0,,,,RLM2,SP9,REF82
,1.0,,1.0,0.0,,,,RLM2,SP470,REF82
,1.0,,1.0,0.0,,,,RLM2,SP471,REF82
,1.0,,1.0,0.0,,,,RLM2,SP227,REF82
,1.0,,1.0,0.0,,,,RLM2,SP472,REF82
,1.0,,1.0,0.0,,,,RLM2,SP473,REF82
,1.0,,1.0,0.0,,,,RLM2,SP119,REF82
,1.0,,1.0,0.0,,,,RLM2,SP474,REF82
,1.0,,1.0,0.0,,,,RLM2,SP475,REF82
,1.0,,1.0,0.0,,,,RLM2,SP476,REF82
,1.0,,1.0,0.0,,,,RLM2,SP477,REF82
,1.0,,1.0,0.0,,,,RLM2,SP478,REF82
,1.0,,1.0,0.0,,,,RLM2,SP479,REF82
,1.0,,1.0,0.0,,,,RLM2,SP480,REF82
,1.0,,1.0,0.0,,,,RLM2,SP481,REF82
,1.0,,1.0,0.0,,,,RLM2,SP482,REF82
,1.0,,1.0,0.0,,,,RLM2,SP483,REF82
,1.0,,1.0,0.0,,,,RLM2,SP484,REF82
,1.0,,1.0,0.0,,,,RLM2,SP105,REF82
,1.0,,1.0,0.0,,,,RLM2,SP143,REF82
,1.0,,1.0,0.0,,,,RLM2,SP173,REF82
,1.0,,1.0,0.0,,,,RLM2,SP485,REF82
,1.0,,1.0,0.0,,,,RLM2,SP486,REF82
,1.0,,1.0,0.0,,,,RLM2,SP487,REF82
,1.0,,1.0,0.0,,,,RLM2,SP488,REF82
,1.0,,1.0,0.0,,,,RLM2,SP489,REF82
,1.0,,1.0,0.0,,,,RLM2,SP490,REF82
,1.0,,1.0,0.0,,,,RLM2,SP491,REF82
,1.0,,1.0,0.0,,,,RLM2,SP492,REF82
,1.0,,1.0,0.0,,,,RLM2,SP493,REF82
,1.0,,1.0,0.0,,,,RLM2,SP494,REF82
,1.0,,1.0,0.0,,,,RLM2,SP495,REF82
,1.0,,1.0,0.0,,,,RLM2,SP138,REF82
,1.0,,1.0,0.0,,,,RLM2,SP496,REF82
,1.0,,1.0,0.0,,,,RLM2,SP84,REF82
,1.0,,1.0,0.0,,,,RLM2,SP497,REF82
,1.0,,1.0,0.0,,,,RLM2,SP498,REF82
,1.0,,1.0,0.0,,,,RLM2,SP499,REF82
,1.0,,1.0,0.0,,,,RLM2,SP500,REF82
,1.0,,1.0,0.0,,,,RLM2,SP501,REF82
,1.0,,1.0,0.0,,,,RLM2,SP502,REF82
,1.0,,1.0,0.0,,,,RLM2,SP503,REF82
,1.0,,1.0,0.0,,,,RLM2,SP504,REF82
,1.0,,1.0,0.0,,,,RLM2,SP505,REF82
,1.0,,1.0,0.0,,,,RLM2,SP506,REF82
,1.0,,1.0,0.0,,,,RLM2,SP329,REF82
,1.0,,1.0,0.0,,,,RLM2,SP507,REF82
,1.0,,1.0,0.0,,,,RLM2,SP508,REF82
,1.0,,1.0,0.0,,,,RLM2,SP509,REF82
,1.0,,1.0,0.0,,,,RLM2,SP510,REF82
,1.0,,1.0,0.0,,,,RLM2,SP511,REF82
,1.0,,1.0,0.0,,,,RLM2,SP66,REF82
,1.0,,1.0,0.0,,,,RLM2,SP283,REF82
,1.0,,1.0,0.0,,,,RLM2,SP41,REF82
,1.0,,1.0,0.0,,,,RLM2,SP512,REF82
,1.0,,1.0,0.0,,,,RLM2,SP513,REF82
,1.0,,1.0,0.0,,,,RLM2,SP514,REF82
,1.0,,1.0,0.0,,,,RLM2,SP515,REF82
,1.0,,1.0,0.0,,,,RLM2,SP516,REF82
,1.0,,1.0,0.0,,,,RLM2,SP17,REF82
,1.0,,1.0,0.0,,,,RLM2,SP517,REF82
,1.0,,1.0,0.0,,,,RLM2,SP518,REF82
,1.0,,1.0,0.0,,,,RLM2,SP392,REF82
,1.0,,1.0,0.0,,,,RLM2,SP519,REF82
,1.0,,1.0,0.0,,,,RLM2,SP393,REF82
,1.0,,1.0,0.0,,,,RLM2,SP520,REF82
,1.0,,1.0,0.0,,,,RLM2,SP521,REF82
,1.0,,1.0,0.0,,,,RLM2,SP333,REF82
,1.0,,1.0,0.0,,,,RLM2,SP522,REF82
,1.0,,1.0,0.0,,,,RLM2,SP5,REF82
,1.0,,1.0,0.0,,,,RLM2,SP2,REF82
,1.0,,1.0,0.0,,,,RLM2,SP6,REF82
,1.0,,1.0,0.0,,,,RLM2,SP156,REF82
,1.0,,1.0,0.0,,,,RLM2,SP175,REF82
,1.0,,1.0,0.0,,,,RLM2,SP14,REF82
,1.0,,1.0,0.0,,,,RLM2,SP523,REF82
,1.0,,1.0,0.0,,,,RLM2,SP524,REF82
,1.0,,1.0,0.0,,,,RLM2,SP85,REF82
,1.0,,1.0,0.0,,,,RLM2,SP35,REF82
,1.0,,1.0,0.0,,,,RLM2,SP525,REF82
,1.0,,1.0,0.0,,,,RLM2,SP336,REF82
,1.0,,1.0,0.0,,,,RLM2,SP526,REF82
,1.0,,1.0,0.0,,,,RLM2,SP527,REF82
,1.0,,1.0,0.0,,,,RLM2,SP120,REF82
,1.0,,1.0,0.0,,,,RLM2,SP528,REF82
,1.0,,1.0,0.0,,,,RLM2,SP529,REF82
,1.0,,1.0,0.0,,,,RLM2,SP530,REF82
,1.0,,1.0,0.0,,,,RLM2,SP341,REF82
,1.0,,1.0,0.0,,,,RLM2,SP531,REF82
,1.0,,1.0,0.0,,,,RLM2,SP27,REF82
,1.0,,1.0,0.0,,,,RLM2,SP22,REF82
,1.0,,1.0,0.0,,,,RLM2,SP110,REF82
,1.0,,1.0,0.0,,,,RLM2,SP28,REF82
,1.0,,1.0,0.0,,,,RLM2,SP144,REF82
,1.0,,1.0,0.0,,,,RLM2,SP176,REF82
,1.0,,1.0,0.0,,,,RLM2,SP532,REF82
,1.0,,1.0,0.0,,,,RLM2,SP533,REF82
,1.0,,1.0,0.0,,,,RLM2,SP534,REF82
,1.0,,1.0,0.0,,,,RLM2,SP535,REF82
,1.0,,1.0,0.0,,,,RLM2,SP346,REF82
,1.0,,1.0,0.0,,,,RLM2,SP536,REF82
,1.0,,1.0,0.0,,,,RLM2,SP537,REF82
,1.0,,1.0,0.0,,,,RLM2,SP538,REF82
,1.0,,1.0,0.0,,,,RLM2,SP539,REF82
,1.0,,1.0,0.0,,,,RLM2,SP348,REF82
,1.0,,1.0,0.0,,,,RLM2,SP540,REF82
,1.0,,1.0,0.0,,,,RLM2,SP541,REF82
,1.0,,1.0,0.0,,,,RLM2,SP90,REF82
,1.0,,1.0,0.0,,,,RLM2,SP542,REF82
,1.0,,1.0,0.0,,,,RLM2,SP349,REF82
,1.0,,1.0,0.0,,,,RLM2,SP360,REF82
,1.0,,1.0,0.0,,,,RLM2,SP543,REF82
,1.0,,1.0,0.0,,,,RLM2,SP544,REF82
,1.0,,1.0,0.0,,,,RLM2,SP545,REF82
,1.0,,1.0,0.0,,,,RLM2,SP546,REF82
,1.0,,1.0,0.0,,,,RLM2,SP547,REF82
,1.0,,1.0,0.0,,,,RLM2,SP548,REF82
,1.0,,1.0,0.0,,,,RLM2,SP549,REF82
,1.0,,1.0,0.0,,1965.0,,RLM2,SP155,REF83
,1.0,,1.0,0.0,,1907.0,,RLM2,SP411,REF83
,1.0,,1.0,0.0,1.0,,,RLM2,SP412,REF83
,1.0,,1.0,0.0,,2018.0,,RLM2,SP550,REF83
,1.0,,1.0,0.0,,1928.0,,RLM2,SP413,REF83
,1.0,,1.0,0.0,,1982.0,,RLM2,SP414,REF83
1.0,1.0,,1.0,0.0,,1959.0,,RLM2,SP415,REF83
,1.0,,1.0,0.0,,1978.0,,RLM2,SP416,REF83
,1.0,,1.0,0.0,1.0,1965.0,,RLM2,SP417,REF83
,1.0,,1.0,0.0,1.0,1969.0,,RLM2,SP418,REF83
,1.0,,1.0,0.0,,1906.0,,RLM2,SP419,REF83
,1.0,,1.0,0.0,,1877.0,,RLM2,SP420,REF83
,1.0,,1.0,0.0,,1885.0,,RLM2,SP421,REF83
,1.0,,1.0,0.0,1.0,1922.0,,RLM2,SP422,REF83
,1.0,,1.0,0.0,,1907.0,,RLM2,SP423,REF83
,1.0,,1.0,0.0,1.0,1963.0,,RLM2,SP519,REF83
,1.0,,1.0,0.0,,1907.0,,RLM2,SP424,REF83
,1.0,,1.0,0.0,1.0,1954.0,,RLM2,SP551,REF83
,1.0,,1.0,0.0,,1910.0,,RLM2,SP425,REF83
,1.0,,1.0,0.0,1.0,1958.0,,RLM2,SP426,REF83
,1.0,,1.0,0.0,,1986.0,,RLM2,SP427,REF83
,1.0,,1.0,0.0,,1978.0,,RLM2,SP297,REF83
,1.0,,1.0,0.0,,1971.0,,RLM2,SP428,REF83
,1.0,,1.0,0.0,1.0,1950.0,,RLM2,SP7,REF83
,1.0,,1.0,0.0,,1877.0,,RLM2,SP166,REF83
,1.0,,1.0,0.0,,1888.0,,RLM2,SP205,REF83
,1.0,,1.0,0.0,,1971.0,,RLM2,SP429,REF83
,1.0,,1.0,0.0,,1979.0,,RLM2,SP430,REF83
,1.0,,1.0,0.0,1.0,1991.0,,RLM2,SP431,REF83
,1.0,,1.0,0.0,,1928.0,,RLM2,SP432,REF83
,1.0,,1.0,0.0,1.0,1955.0,,RLM2,SP504,REF83
,1.0,,1.0,0.0,,1915.0,,RLM2,SP433,REF83
,1.0,,1.0,0.0,,1928.0,,RLM2,SP40,REF83
,1.0,,1.0,0.0,,,,RLM2,SP434,REF83
,1.0,,1.0,0.0,,1901.0,,RLM2,SP452,REF83
,1.0,,1.0,0.0,,1877.0,,RLM2,SP162,REF83
,1.0,,1.0,0.0,1.0,1981.0,,RLM2,SP552,REF83
,1.0,,1.0,0.0,,1977.0,,RLM2,SP435,REF83
,1.0,,1.0,0.0,,1962.0,,RLM2,SP436,REF83
,1.0,,1.0,0.0,,1913.0,,RLM2,SP169,REF83
,1.0,,1.0,0.0,1.0,,,RLM2,SP437,REF83
,1.0,,1.0,0.0,1.0,1902.0,,RLM2,SP438,REF83
,1.0,,1.0,0.0,,1986.0,,RLM2,SP25,REF83
,1.0,,1.0,0.0,1.0,1963.0,,RLM2,SP439,REF83
,1.0,,1.0,0.0,,1907.0,,RLM2,SP440,REF83
,1.0,,1.0,0.0,,1909.0,,RLM2,SP44,REF83
,1.0,,1.0,0.0,,1907.0,,RLM2,SP441,REF83
,1.0,,1.0,0.0,,1953.0,,RLM2,SP376,REF83
,1.0,,1.0,0.0,,1996.0,,RLM2,SP442,REF83
,1.0,,1.0,0.0,,1965.0,,RLM2,SP443,REF83
,1.0,,1.0,0.0,,1899.0,,RLM2,SP170,REF83
,1.0,,1.0,0.0,,2001.0,,RLM2,SP553,REF83
,1.0,,1.0,0.0,,1909.0,,RLM2,SP444,REF83
,1.0,,1.0,0.0,,1961.0,,RLM2,SP445,REF83
,1.0,,1.0,0.0,,1915.0,,RLM2,SP446,REF83
,1.0,,1.0,0.0,,1974.0,,RLM2,SP447,REF83
,1.0,,1.0,0.0,,2003.0,,RLM2,SP354,REF83
,1.0,,1.0,0.0,1.0,1962.0,,RLM2,SP448,REF83
,1.0,,1.0,0.0,,1952.0,,RLM2,SP449,REF83
,1.0,,1.0,0.0,1.0,1955.0,,RLM2,SP450,REF83
,1.0,,1.0,0.0,,1977.0,,RLM2,SP554,REF83
,1.0,,1.0,0.0,,1998.0,,RLM2,SP313,REF83
,1.0,,1.0,0.0,,1915.0,,RLM2,SP453,REF83
,1.0,,1.0,0.0,,1945.0,,RLM2,SP454,REF83
,1.0,,1.0,0.0,,1988.0,,RLM2,SP455,REF83
,1.0,,1.0,0.0,,1903.0,,RLM2,SP456,REF83
,1.0,,1.0,0.0,,1907.0,,RLM2,SP457,REF83
,1.0,,1.0,0.0,,1914.0,,RLM2,SP82,REF83
,1.0,,1.0,0.0,,1899.0,,RLM2,SP458,REF83
,1.0,,1.0,0.0,1.0,1902.0,,RLM2,SP355,REF83
,1.0,,1.0,0.0,,1907.0,,RLM2,SP47,REF83
,1.0,,1.0,0.0,1.0,1954.0,,RLM2,SP555,REF83
,1.0,,1.0,0.0,,1907.0,,RLM2,SP315,REF83
,1.0,,1.0,0.0,,1907.0,,RLM2,SP460,REF83
,1.0,,1.0,0.0,,,,RLM2,SP461,REF83
,1.0,,1.0,0.0,,1973.0,,RLM2,SP26,REF83
,1.0,,1.0,0.0,,1883.0,,RLM2,SP462,REF83
,1.0,,1.0,0.0,,1977.0,,RLM2,SP463,REF83
,1.0,,1.0,0.0,,1961.0,,RLM2,SP465,REF83
,1.0,,1.0,0.0,,1882.0,,RLM2,SP466,REF83
,1.0,,1.0,0.0,,1987.0,,RLM2,SP467,REF83
,1.0,,1.0,0.0,,2006.0,,RLM2,SP556,REF83
,1.0,,1.0,0.0,,1932.0,,RLM2,SP16,REF83
,1.0,,1.0,0.0,,1964.0,,RLM2,SP469,REF83
,1.0,,1.0,0.0,,1902.0,,RLM2,SP9,REF83
,1.0,,1.0,0.0,,1956.0,,RLM2,SP108,REF83
,1.0,,1.0,0.0,,1989.0,,RLM2,SP471,REF83
,1.0,,1.0,0.0,,1899.0,,RLM2,SP227,REF83
,1.0,,1.0,0.0,,1967.0,,RLM2,SP472,REF83
,1.0,,1.0,0.0,,1998.0,,RLM2,SP473,REF83
,1.0,,1.0,0.0,,1976.0,,RLM2,SP119,REF83
,1.0,,1.0,0.0,,1970.0,,RLM2,SP474,REF83
,1.0,,1.0,0.0,,1877.0,,RLM2,SP475,REF83
,1.0,,1.0,0.0,1.0,1957.0,,RLM2,SP476,REF83
,1.0,,1.0,0.0,1.0,,,RLM2,SP477,REF83
,1.0,,1.0,0.0,1.0,1954.0,,RLM2,SP478,REF83
1.0,1.0,,1.0,0.0,,1904.0,,RLM2,SP479,REF83
,1.0,,1.0,0.0,,1909.0,,RLM2,SP480,REF83
,1.0,,1.0,0.0,,1947.0,,RLM2,SP481,REF83
,1.0,,1.0,0.0,,1975.0,,RLM2,SP482,REF83
,1.0,,1.0,0.0,,1956.0,,RLM2,SP557,REF83
,1.0,,1.0,0.0,,1986.0,,RLM2,SP484,REF83
,1.0,,1.0,0.0,,1927.0,,RLM2,SP105,REF83
,1.0,,1.0,0.0,,1882.0,,RLM2,SP143,REF83
,1.0,,1.0,0.0,1.0,1902.0,,RLM2,SP173,REF83
,1.0,,1.0,0.0,,1977.0,,RLM2,SP485,REF83
,1.0,,1.0,0.0,,1974.0,,RLM2,SP558,REF83
,1.0,,1.0,0.0,,1956.0,,RLM2,SP487,REF83
,1.0,,1.0,0.0,,1969.0,,RLM2,SP488,REF83
,1.0,,1.0,0.0,,1944.0,,RLM2,SP489,REF83
,1.0,,1.0,0.0,,1958.0,,RLM2,SP490,REF83
,1.0,,1.0,0.0,,1952.0,,RLM2,SP491,REF83
,1.0,,1.0,0.0,,1974.0,,RLM2,SP492,REF83
,1.0,,1.0,0.0,,1897.0,,RLM2,SP493,REF83
,1.0,,1.0,0.0,,1970.0,,RLM2,SP494,REF83
,1.0,,1.0,0.0,,1978.0,,RLM2,SP495,REF83
,1.0,,1.0,0.0,,1924.0,,RLM2,SP138,REF83
,1.0,,1.0,0.0,,1899.0,,RLM2,SP496,REF83
,1.0,,1.0,0.0,,1888.0,,RLM2,SP84,REF83
,1.0,,1.0,0.0,,1969.0,,RLM2,SP497,REF83
,1.0,,1.0,0.0,1.0,1949.0,,RLM2,SP559,REF83
,1.0,,1.0,0.0,1.0,1949.0,,RLM2,SP498,REF83
,1.0,,1.0,0.0,1.0,1996.0,,RLM2,SP560,REF83
,1.0,,1.0,0.0,1.0,1999.0,,RLM2,SP499,REF83
,1.0,,1.0,0.0,,1907.0,,RLM2,SP500,REF83
,1.0,,1.0,0.0,,1922.0,,RLM2,SP501,REF83
,1.0,,1.0,0.0,,1881.0,,RLM2,SP502,REF83
,1.0,,1.0,0.0,,1951.0,,RLM2,SP503,REF83
,1.0,,1.0,0.0,1.0,,,RLM2,SP504,REF83
,1.0,,1.0,0.0,,1978.0,,RLM2,SP505,REF83
,1.0,,1.0,0.0,,1899.0,,RLM2,SP506,REF83
,1.0,,1.0,0.0,,1907.0,,RLM2,SP329,REF83
,1.0,,1.0,0.0,1.0,1972.0,,RLM2,SP507,REF83
,1.0,,1.0,0.0,,1979.0,,RLM2,SP508,REF83
,1.0,,1.0,0.0,,1907.0,,RLM2,SP509,REF83
,1.0,,1.0,0.0,,1974.0,,RLM2,SP510,REF83
,1.0,,1.0,0.0,,1907.0,,RLM2,SP511,REF83
,1.0,,1.0,0.0,,1909.0,,RLM2,SP66,REF83
,1.0,,1.0,0.0,,1915.0,,RLM2,SP283,REF83
,1.0,,1.0,0.0,,1990.0,,RLM2,SP41,REF83
,1.0,,1.0,0.0,,2009.0,,RLM2,SP512,REF83
,1.0,,1.0,0.0,,1977.0,,RLM2,SP513,REF83
,1.0,,1.0,0.0,,1971.0,,RLM2,SP514,REF83
,1.0,,1.0,0.0,,1936.0,,RLM2,SP561,REF83
,1.0,,1.0,0.0,,1879.0,,RLM2,SP516,REF83
,1.0,,1.0,0.0,,1907.0,,RLM2,SP17,REF83
,1.0,,1.0,0.0,,1952.0,,RLM2,SP517,REF83
,1.0,,1.0,0.0,1.0,1996.0,,RLM2,SP518,REF83
,1.0,,1.0,0.0,,1968.0,,RLM2,SP392,REF83
,1.0,,1.0,0.0,1.0,,,RLM2,SP519,REF83
,1.0,,1.0,0.0,,1971.0,,RLM2,SP393,REF83
,1.0,,1.0,0.0,,,,RLM2,SP520,REF83
,1.0,,1.0,0.0,,1950.0,,RLM2,SP562,REF83
,1.0,,1.0,0.0,,1916.0,,RLM2,SP333,REF83
,1.0,,1.0,0.0,,2004.0,,RLM2,SP522,REF83
,1.0,,1.0,0.0,,1881.0,,RLM2,SP5,REF83
,1.0,,1.0,0.0,,2000.0,,RLM2,SP2,REF83
,1.0,,1.0,0.0,,1899.0,,RLM2,SP6,REF83
,1.0,,1.0,0.0,,1991.0,,RLM2,SP156,REF83
,1.0,,1.0,0.0,,1879.0,,RLM2,SP175,REF83
,1.0,,1.0,0.0,,1899.0,,RLM2,SP14,REF83
,1.0,,1.0,0.0,,1945.0,,RLM2,SP523,REF83
,1.0,,1.0,0.0,,1945.0,,RLM2,SP524,REF83
,1.0,,1.0,0.0,,1950.0,,RLM2,SP85,REF83
,1.0,,1.0,0.0,,1880.0,,RLM2,SP35,REF83
,1.0,,1.0,0.0,,,,RLM2,SP525,REF83
,1.0,,1.0,0.0,,1888.0,,RLM2,SP336,REF83
,1.0,,1.0,0.0,1.0,,,RLM2,SP526,REF83
0.0,1.0,,1.0,0.0,1.0,1956.0,,RLM2,SP563,REF83
,1.0,,1.0,0.0,1.0,1963.0,,RLM2,SP120,REF83
,1.0,,1.0,0.0,,1976.0,,RLM2,SP528,REF83
,1.0,,1.0,0.0,1.0,2013.0,,RLM2,SP529,REF83
,1.0,,1.0,0.0,1.0,1964.0,,RLM2,SP530,REF83
,1.0,,1.0,0.0,,1911.0,,RLM2,SP341,REF83
,1.0,,1.0,0.0,,1877.0,,RLM2,SP531,REF83
,1.0,,1.0,0.0,,1909.0,,RLM2,SP27,REF83
,1.0,,1.0,0.0,,1877.0,,RLM2,SP22,REF83
,1.0,,1.0,0.0,,1894.0,,RLM2,SP110,REF83
,1.0,,1.0,0.0,,,,RLM2,SP28,REF83
,1.0,,1.0,0.0,,1954.0,,RLM2,SP144,REF83
,1.0,,1.0,0.0,,1877.0,,RLM2,SP176,REF83
,1.0,,1.0,0.0,,1907.0,,RLM2,SP532,REF83
,1.0,,1.0,0.0,,,,RLM2,SP533,REF83
,1.0,,1.0,0.0,,1949.0,,RLM2,SP534,REF83
,1.0,,1.0,0.0,,1907.0,,RLM2,SP535,REF83
,1.0,,1.0,0.0,1.0,1955.0,,RLM2,SP346,REF83
,1.0,,1.0,0.0,1.0,1902.0,,RLM2,SP536,REF83
,1.0,,1.0,0.0,1.0,1902.0,,RLM2,SP537,REF83
,1.0,,1.0,0.0,,1942.0,,RLM2,SP564,REF83
,1.0,,1.0,0.0,,1967.0,,RLM2,SP539,REF83
,1.0,,1.0,0.0,,1922.0,,RLM2,SP348,REF83
,1.0,,1.0,0.0,,1974.0,,RLM2,SP540,REF83
,1.0,,1.0,0.0,,1933.0,,RLM2,SP541,REF83
,1.0,,1.0,0.0,,,,RLM2,SP90,REF83
,1.0,,1.0,0.0,,1947.0,,RLM2,SP565,REF83
,1.0,,1.0,0.0,,1944.0,,RLM2,SP349,REF83
,1.0,,1.0,0.0,,1940.0,,RLM2,SP360,REF83
,1.0,,1.0,0.0,,1913.0,,RLM2,SP543,REF83
,1.0,,1.0,0.0,,1958.0,,RLM2,SP544,REF83
,1.0,,1.0,0.0,,1995.0,,RLM2,SP545,REF83
,1.0,,1.0,0.0,,1899.0,,RLM2,SP546,REF83
,1.0,,1.0,0.0,,1758.0,,RLM2,SP547,REF83
,1.0,,1.0,0.0,,1878.0,,RLM2,SP548,REF83
,1.0,,1.0,0.0,,2008.0,,RLM2,SP549,REF83
,1.0,,1.0,0.0,,2013.0,,RLM2,SP398,REF83
,1.0,,1.0,0.0,,1944.0,,RLM2,SP366,REF83
,1.0,,1.0,0.0,,1888.0,,RLM2,SP399,REF83
,1.0,,1.0,0.0,,1939.0,,RLM2,SP68,REF83
,1.0,,1.0,0.0,,1944.0,,RLM2,SP400,REF83
,1.0,,1.0,0.0,,1949.0,,RLM2,SP401,REF83
,1.0,,1.0,0.0,,1977.0,,RLM2,SP402,REF83
,1.0,,1.0,0.0,,1877.0,,RLM2,SP403,REF83
0.0,1.0,,1.0,0.0,,1879.0,,RLM2,SP12,REF83
,1.0,,1.0,0.0,,1913.0,,RLM2,SP404,REF83
,1.0,,1.0,0.0,,1911.0,,RLM2,SP405,REF83
,1.0,,1.0,0.0,,1974.0,,RLM2,SP406,REF83
,1.0,,1.0,0.0,,1945.0,,RLM2,SP566,REF83
,1.0,,1.0,0.0,,1946.0,,RLM2,SP408,REF83
,1.0,,1.0,0.0,,,,RLM2,SP567,REF83
,1.0,,1.0,0.0,,1964.0,,RLM2,SP203,REF83
,1.0,,1.0,0.0,,1907.0,,RLM2,SP410,REF83
,1.0,,1.0,0.0,,1892.0,,RLM2,SP338,REF83
0.0,1.0,,1.0,0.0,,,,RLM2,SP7,REF8
,,,1.0,0.0,,,,RLM2,SP26,REF3
,,,1.0,0.0,,,,RLM2,SP9,REF3
,,,1.0,0.0,,,,RLM2,SP105,REF3
,,,1.0,0.0,,,,RLM2,SP143,REF3
,,,1.0,0.0,,,,RLM2,SP156,REF3
,,,1.0,0.0,,,,RLM2,SP22,REF3
,,,1.0,0.0,,,,RLM2,SP28,REF3
,,,1.0,0.0,,,,RLM2,SP144,REF3
,,,1.0,0.0,,,,RLM2,SP568,REF3
,,,1.0,0.0,,,,RLM2,SP40,REF3
,,,1.0,0.0,,,,RLM2,SP162,REF3
,,,1.0,0.0,,,,RLM2,SP44,REF3
,,,1.0,0.0,,,,RLM2,SP47,REF3
,,,1.0,0.0,,,,RLM2,SP41,REF3
,,,1.0,0.0,,,,RLM2,SP145,REF3
,,,1.0,0.0,,,,RLM2,SP138,REF3
,,,1.0,0.0,,,,RLM2,SP5,REF3
,,,1.0,0.0,,,,RLM2,SP17,REF3
,,,1.0,0.0,,,,RLM2,SP29,REF3
,,,1.0,0.0,,,,RLM2,SP108,REF3
,,,1.0,0.0,,,,RLM2,SP203,REF3
,,,0.0,0.0,,,,RLM2,SP68,REF3
,,,1.0,0.0,,,,RLM2,SP7,REF3
0.0,1.0,,1.0,0.0,0.0,2013.0,,RLM2,SP398,REF12
0.0,1.0,,1.0,0.0,0.0,1944.0,,RLM2,SP366,REF12
0.0,1.0,,1.0,0.0,0.0,,,RLM2,SP399,REF12
0.0,1.0,,1.0,0.0,1.0,1964.0,,RLM2,SP439,REF12
0.0,1.0,,1.0,0.0,0.0,1939.0,,RLM2,SP569,REF12
0.0,1.0,,1.0,0.0,0.0,1939.0,,RLM2,SP68,REF12
0.0,1.0,,1.0,0.0,0.0,,,RLM2,SP400,REF12
0.0,1.0,0.0,1.0,0.0,0.0,1949.0,,RLM2,SP401,REF12
0.0,1.0,,1.0,0.0,0.0,,,RLM2,SP402,REF12
0.0,1.0,,1.0,0.0,0.0,,,RLM2,SP403,REF12
0.0,1.0,,1.0,0.0,0.0,,,RLM2,SP12,REF12
1.0,,,1.0,0.0,0.0,,,RLM2,SP404,REF12
0.0,1.0,,1.0,0.0,0.0,,,RLM2,SP405,REF12
0.0,1.0,,1.0,0.0,0.0,1948.0,,RLM2,SP111,REF12
0.0,1.0,,1.0,0.0,0.0,,,RLM2,SP406,REF12
0.0,1.0,,1.0,0.0,0.0,,,RLM2,SP407,REF12
0.0,1.0,,1.0,0.0,0.0,,,RLM2,SP542,REF12
0.0,1.0,,1.0,0.0,0.0,,,RLM2,SP409,REF12
1.0,1.0,,1.0,0.0,0.0,,,RLM2,SP451,REF12
0.0,1.0,,1.0,0.0,0.0,,,RLM2,SP203,REF12
1.0,,,1.0,0.0,0.0,,,RLM2,SP410,REF12
0.0,1.0,,1.0,0.0,0.0,1892.0,,RLM2,SP338,REF12
0.0,1.0,,1.0,0.0,0.0,1964.0,,RLM2,SP155,REF12
0.0,1.0,,1.0,0.0,0.0,,,RLM2,SP411,REF12
0.0,1.0,,1.0,0.0,1.0,,,RLM2,SP412,REF12
0.0,1.0,0.0,1.0,0.0,0.0,1978.0,,RLM2,SP416,REF12
0.0,1.0,,1.0,0.0,0.0,,,RLM2,SP453,REF12
0.0,1.0,,1.0,0.0,0.0,2018.0,,RLM2,SP550,REF12
0.0,1.0,,1.0,0.0,0.0,1999.0,,RLM2,SP570,REF12
0.0,1.0,,1.0,0.0,0.0,,,RLM2,SP413,REF12
0.0,1.0,,1.0,0.0,0.0,2017.0,,RLM2,SP305,REF12
0.0,1.0,,1.0,0.0,0.0,,,RLM2,SP414,REF12
0.0,1.0,,1.0,0.0,1.0,,,RLM2,SP417,REF12
0.0,1.0,,1.0,0.0,1.0,,,RLM2,SP418,REF12
0.0,1.0,,1.0,0.0,0.0,,,RLM2,SP419,REF12
0.0,1.0,,1.0,0.0,0.0,,,RLM2,SP420,REF12
0.0,1.0,,1.0,0.0,0.0,,,RLM2,SP421,REF12
0.0,1.0,,1.0,0.0,1.0,1922.0,,RLM2,SP422,REF12
0.0,1.0,,1.0,0.0,0.0,,,RLM2,SP423,REF12
0.0,1.0,,1.0,0.0,1.0,1963.0,,RLM2,SP519,REF12
0.0,1.0,,1.0,0.0,0.0,1945.0,,RLM2,SP566,REF12
0.0,1.0,,1.0,0.0,0.0,,,RLM2,SP424,REF12
0.0,1.0,,1.0,0.0,0.0,,,RLM2,SP425,REF12
0.0,1.0,,1.0,0.0,1.0,1958.0,,RLM2,SP426,REF12
0.0,1.0,,1.0,0.0,0.0,,,RLM2,SP427,REF12
0.0,1.0,,1.0,0.0,0.0,,,RLM2,SP297,REF12
0.0,1.0,,1.0,0.0,0.0,1973.0,,RLM2,SP428,REF12
0.0,1.0,,1.0,0.0,1.0,1950.0,,RLM2,SP7,REF12
0.0,1.0,,1.0,0.0,0.0,,,RLM2,SP166,REF12
0.0,1.0,,1.0,0.0,0.0,,,RLM2,SP205,REF12
0.0,1.0,,1.0,0.0,0.0,,,RLM2,SP429,REF12
0.0,1.0,,1.0,0.0,0.0,1973.0,,RLM2,SP430,REF12
0.0,1.0,,1.0,0.0,1.0,1991.0,,RLM2,SP431,REF12
0.0,0.0,,1.0,0.0,0.0,,,RLM2,SP432,REF12
0.0,1.0,,1.0,0.0,1.0,,,RLM2,SP504,REF12
0.0,1.0,,1.0,0.0,0.0,,,RLM2,SP40,REF12
0.0,1.0,,1.0,0.0,0.0,,,RLM2,SP108,REF12
1.0,,,1.0,0.0,0.0,1901.0,,RLM2,SP571,REF12
0.0,1.0,,1.0,0.0,0.0,,,RLM2,SP162,REF12
0.0,1.0,,1.0,0.0,1.0,1981.0,,RLM2,SP552,REF12
,,,1.0,0.0,0.0,,,RLM2,SP435,REF12
,,,1.0,0.0,0.0,1962.0,,RLM2,SP436,REF12
,1.0,,1.0,0.0,0.0,,,RLM2,SP169,REF12
0.0,1.0,,1.0,0.0,1.0,,,RLM2,SP437,REF12
0.0,1.0,,1.0,0.0,1.0,,,RLM2,SP438,REF12
0.0,1.0,,1.0,0.0,1.0,1902.0,,RLM2,SP296,REF12
,1.0,,1.0,0.0,0.0,1986.0,,RLM2,SP25,REF12
,,,1.0,0.0,0.0,,,RLM2,SP440,REF12
,1.0,,1.0,0.0,0.0,1905.0,,RLM2,SP44,REF12
,1.0,,1.0,0.0,0.0,,,RLM2,SP441,REF12
,1.0,,1.0,0.0,0.0,1958.0,,RLM2,SP376,REF12
,1.0,,1.0,0.0,0.0,1996.0,,RLM2,SP442,REF12
,1.0,,1.0,0.0,0.0,,,RLM2,SP443,REF12
,1.0,,1.0,0.0,0.0,1847.0,,RLM2,SP170,REF12
0.0,1.0,,1.0,0.0,0.0,,,RLM2,SP447,REF12
,1.0,,1.0,0.0,0.0,2001.0,,RLM2,SP83,REF12
,1.0,,1.0,0.0,0.0,2003.0,,RLM2,SP312,REF12
0.0,1.0,,1.0,0.0,1.0,,,RLM2,SP448,REF12
,1.0,,1.0,0.0,0.0,,,RLM2,SP449,REF12
0.0,1.0,,1.0,0.0,1.0,,,RLM2,SP450,REF12
,1.0,,1.0,0.0,0.0,,,RLM2,SP313,REF12
1.0,,,1.0,0.0,0.0,,,RLM2,SP434,REF12
1.0,,,1.0,0.0,0.0,,,RLM2,SP452,REF12
0.0,1.0,,1.0,0.0,0.0,,,RLM2,SP454,REF12
,1.0,,1.0,0.0,0.0,,,RLM2,SP455,REF12
0.0,1.0,,1.0,0.0,0.0,,,RLM2,SP457,REF12
0.0,1.0,,1.0,0.0,0.0,1914.0,,RLM2,SP82,REF12
,1.0,,1.0,0.0,0.0,1899.0,,RLM2,SP458,REF12
0.0,1.0,,1.0,0.0,0.0,1896.0,,RLM2,SP47,REF12
0.0,1.0,,1.0,0.0,1.0,1955.0,,RLM2,SP459,REF12
1.0,,,1.0,0.0,0.0,,,RLM2,SP444,REF12
1.0,,,1.0,0.0,0.0,,,RLM2,SP445,REF12
,1.0,,1.0,0.0,0.0,1892.0,,RLM2,SP315,REF12
,1.0,,1.0,0.0,0.0,2006.0,,RLM2,SP572,REF12
,1.0,,1.0,0.0,0.0,,,RLM2,SP446,REF12
,1.0,,1.0,0.0,0.0,,,RLM2,SP460,REF12
1.0,,,1.0,0.0,0.0,,,RLM2,SP461,REF12
,1.0,,1.0,0.0,0.0,1975.0,,RLM2,SP26,REF12
,1.0,,1.0,0.0,0.0,,,RLM2,SP462,REF12
,1.0,,1.0,0.0,0.0,,,RLM2,SP463,REF12
,1.0,,1.0,0.0,0.0,,,RLM2,SP464,REF12
,1.0,,1.0,0.0,0.0,,,RLM2,SP465,REF12
,1.0,,1.0,0.0,0.0,,,RLM2,SP466,REF12
0.0,1.0,,1.0,0.0,1.0,,,RLM2,SP573,REF12
,1.0,,1.0,0.0,0.0,,,RLM2,SP379,REF12
,1.0,,1.0,0.0,0.0,1987.0,,RLM2,SP467,REF12
,1.0,,1.0,0.0,0.0,2006.0,,RLM2,SP468,REF12
,1.0,,1.0,0.0,0.0,,,RLM2,SP16,REF12
0.0,1.0,,1.0,0.0,1.0,2013.0,,RLM2,SP529,REF12
,1.0,,1.0,0.0,0.0,,,RLM2,SP469,REF12
0.0,1.0,,1.0,0.0,0.0,1930.0,,RLM2,SP9,REF12
0.0,1.0,,1.0,0.0,1.0,,,RLM2,SP507,REF12
1.0,1.0,,1.0,0.0,0.0,,,RLM2,SP471,REF12
,1.0,,1.0,0.0,0.0,,,RLM2,SP227,REF12
,1.0,,1.0,0.0,0.0,1967.0,,RLM2,SP472,REF12
,1.0,,1.0,0.0,0.0,1998.0,,RLM2,SP473,REF12
,1.0,,1.0,0.0,0.0,,,RLM2,SP119,REF12
,1.0,,1.0,0.0,0.0,,,RLM2,SP474,REF12
,1.0,,1.0,0.0,0.0,,,RLM2,SP475,REF12
0.0,1.0,,1.0,0.0,1.0,1957.0,,RLM2,SP476,REF12
0.0,1.0,,1.0,0.0,1.0,,,RLM2,SP477,REF12
0.0,1.0,,1.0,0.0,1.0,1957.0,,RLM2,SP574,REF12
0.0,1.0,,1.0,0.0,1.0,1954.0,,RLM2,SP478,REF12
1.0,,,1.0,0.0,0.0,,,RLM2,SP479,REF12
1.0,,,1.0,0.0,0.0,,,RLM2,SP480,REF12
,1.0,,1.0,0.0,0.0,,,RLM2,SP481,REF12
,1.0,,1.0,0.0,0.0,1975.0,,RLM2,SP482,REF12
,1.0,,1.0,0.0,0.0,1944.0,,RLM2,SP575,REF12
,1.0,,1.0,0.0,0.0,1986.0,,RLM2,SP484,REF12
,1.0,,1.0,0.0,0.0,,,RLM2,SP105,REF12
,1.0,,1.0,0.0,0.0,1882.0,,RLM2,SP143,REF12
0.0,1.0,,1.0,0.0,1.0,,,RLM2,SP173,REF12
,1.0,,1.0,0.0,0.0,1977.0,,RLM2,SP485,REF12
,1.0,,1.0,0.0,0.0,1975.0,,RLM2,SP558,REF12
,1.0,,1.0,0.0,0.0,,,RLM2,SP487,REF12
,1.0,,1.0,0.0,0.0,1969.0,,RLM2,SP488,REF12
,1.0,,1.0,0.0,0.0,1903.0,,RLM2,SP456,REF12
,1.0,,1.0,0.0,0.0,,,RLM2,SP489,REF12
,1.0,,1.0,0.0,0.0,,,RLM2,SP490,REF12
,1.0,,1.0,0.0,0.0,,,RLM2,SP576,REF12
,1.0,,1.0,0.0,0.0,,,RLM2,SP492,REF12
,1.0,,1.0,0.0,0.0,,,RLM2,SP493,REF12
,1.0,,1.0,0.0,0.0,,,RLM2,SP495,REF12
,1.0,,1.0,0.0,0.0,,,RLM2,SP138,REF12
,1.0,,1.0,0.0,0.0,,,RLM2,SP496,REF12
,1.0,,1.0,0.0,0.0,1880.0,,RLM2,SP84,REF12
,1.0,,1.0,0.0,0.0,,,RLM2,SP497,REF12
0.0,1.0,,1.0,0.0,1.0,,,RLM2,SP498,REF12
0.0,1.0,,1.0,0.0,1.0,1996.0,,RLM2,SP560,REF12
,1.0,,1.0,0.0,0.0,2020.0,,RLM2,SP577,REF12
0.0,1.0,,1.0,0.0,1.0,1999.0,,RLM2,SP499,REF12
,1.0,,1.0,0.0,0.0,,,RLM2,SP500,REF12
,1.0,,1.0,0.0,0.0,,,RLM2,SP501,REF12
,1.0,,1.0,0.0,0.0,,,RLM2,SP502,REF12
,1.0,,1.0,0.0,0.0,,,RLM2,SP35,REF12
,1.0,,1.0,0.0,0.0,,,RLM2,SP503,REF12
,1.0,,1.0,0.0,0.0,,,RLM2,SP505,REF12
,1.0,,1.0,0.0,0.0,,,RLM2,SP506,REF12
,1.0,,1.0,0.0,0.0,1880.0,,RLM2,SP329,REF12
,1.0,,1.0,0.0,0.0,,,RLM2,SP508,REF12
,1.0,,1.0,0.0,0.0,,,RLM2,SP509,REF12
,1.0,,1.0,0.0,0.0,,,RLM2,SP510,REF12
0.0,1.0,,1.0,0.0,0.0,,,RLM2,SP511,REF12
,1.0,,1.0,0.0,0.0,,,RLM2,SP66,REF12
,1.0,,1.0,0.0,0.0,,,RLM2,SP283,REF12
0.0,1.0,,1.0,0.0,0.0,1985.0,,RLM2,SP41,REF12
,1.0,,1.0,0.0,0.0,2009.0,,RLM2,SP512,REF12
0.0,1.0,,1.0,0.0,1.0,1957.0,,RLM2,SP527,REF12
,1.0,,1.0,0.0,0.0,1975.0,,RLM2,SP513,REF12
0.0,1.0,,1.0,0.0,0.0,1971.0,,RLM2,SP514,REF12
,1.0,,1.0,0.0,0.0,1936.0,,RLM2,SP561,REF12
,1.0,,1.0,0.0,0.0,,,RLM2,SP516,REF12
0.0,1.0,,1.0,0.0,0.0,,,RLM2,SP17,REF12
,1.0,,1.0,0.0,0.0,,,RLM2,SP517,REF12
0.0,1.0,,1.0,0.0,1.0,1996.0,,RLM2,SP518,REF12
,1.0,,1.0,0.0,0.0,1968.0,,RLM2,SP392,REF12
0.0,1.0,,1.0,0.0,1.0,,,RLM2,SP519,REF12
,1.0,,1.0,0.0,0.0,1971.0,,RLM2,SP393,REF12
,1.0,,1.0,0.0,0.0,,,RLM2,SP520,REF12
,1.0,,1.0,0.0,0.0,1956.0,,RLM2,SP557,REF12
1.0,,,1.0,0.0,0.0,1959.0,,RLM2,SP415,REF12
,1.0,,1.0,0.0,0.0,,,RLM2,SP333,REF12
,1.0,,1.0,0.0,0.0,2004.0,,RLM2,SP522,REF12
0.0,1.0,,1.0,0.0,0.0,,,RLM2,SP5,REF12
0.0,1.0,,1.0,0.0,0.0,2000.0,,RLM2,SP2,REF12
0.0,1.0,,1.0,0.0,0.0,1897.0,,RLM2,SP6,REF12
0.0,1.0,,1.0,0.0,0.0,,,RLM2,SP156,REF12
0.0,1.0,,1.0,0.0,0.0,,,RLM2,SP175,REF12
0.0,1.0,,1.0,0.0,0.0,,,RLM2,SP14,REF12
,1.0,,1.0,0.0,0.0,,,RLM2,SP523,REF12
,1.0,,1.0,0.0,0.0,1945.0,,RLM2,SP524,REF12
,1.0,,1.0,0.0,0.0,,,RLM2,SP85,REF12
,1.0,,1.0,0.0,0.0,,,RLM2,SP494,REF12
0.0,1.0,,1.0,0.0,1.0,,,RLM2,SP551,REF12
,1.0,,1.0,0.0,0.0,,,RLM2,SP525,REF12
,1.0,,1.0,0.0,0.0,,,RLM2,SP578,REF12
,1.0,,1.0,0.0,0.0,,,RLM2,SP336,REF12
0.0,1.0,,1.0,0.0,1.0,,,RLM2,SP526,REF12
,1.0,,1.0,0.0,0.0,,,RLM2,SP13,REF12
0.0,1.0,,1.0,0.0,1.0,1964.0,,RLM2,SP530,REF12
0.0,1.0,,1.0,0.0,1.0,,,RLM2,SP120,REF12
,1.0,,1.0,0.0,0.0,1976.0,,RLM2,SP528,REF12
,1.0,,1.0,0.0,0.0,1970.0,,RLM2,SP579,REF12
1.0,,,1.0,0.0,0.0,,,RLM2,SP341,REF12
,1.0,,1.0,0.0,0.0,,,RLM2,SP298,REF12
1.0,1.0,,1.0,0.0,0.0,,,RLM2,SP27,REF12
,1.0,,1.0,0.0,0.0,1868.0,,RLM2,SP22,REF12
0.0,1.0,,1.0,0.0,0.0,,,RLM2,SP110,REF12
0.0,1.0,,1.0,0.0,0.0,,,RLM2,SP28,REF12
,1.0,,1.0,0.0,0.0,1953.0,,RLM2,SP144,REF12
,1.0,,1.0,0.0,0.0,,,RLM2,SP176,REF12
,1.0,,1.0,0.0,0.0,,,RLM2,SP532,REF12
,1.0,,1.0,0.0,0.0,,,RLM2,SP533,REF12
,1.0,,1.0,0.0,0.0,,,RLM2,SP534,REF12
,1.0,,1.0,0.0,0.0,1949.0,,RLM2,SP580,REF12
,1.0,,1.0,0.0,0.0,,,RLM2,SP535,REF12
0.0,1.0,,1.0,0.0,1.0,1955.0,,RLM2,SP346,REF12
0.0,1.0,,1.0,0.0,1.0,,,RLM2,SP536,REF12
0.0,1.0,,1.0,0.0,1.0,1902.0,,RLM2,SP536,REF12
,1.0,,1.0,0.0,0.0,,,RLM2,SP562,REF12
,1.0,,1.0,0.0,0.0,,,RLM2,SP564,REF12
,1.0,,1.0,0.0,0.0,1964.0,,RLM2,SP539,REF12
,1.0,,1.0,0.0,0.0,,,RLM2,SP348,REF12
,1.0,,1.0,0.0,0.0,,,RLM2,SP540,REF12
0.0,1.0,,1.0,0.0,1.0,1949.0,,RLM2,SP559,REF12
,1.0,,1.0,0.0,0.0,1565.0,,RLM2,SP541,REF12
,1.0,,1.0,0.0,0.0,,,RLM2,SP90,REF12
0.0,1.0,,1.0,0.0,1.0,,,RLM2,SP537,REF12
,1.0,,1.0,0.0,0.0,2019.0,,RLM2,SP581,REF12
,1.0,,1.0,0.0,0.0,,,RLM2,SP349,REF12
,1.0,,1.0,0.0,0.0,,,RLM2,SP360,REF12
,1.0,,1.0,0.0,0.0,,,RLM2,SP543,REF12
,1.0,,1.0,0.0,0.0,1881.0,,RLM2,SP544,REF12
,1.0,,1.0,0.0,0.0,,,RLM2,SP545,REF12
,1.0,,1.0,0.0,0.0,,,RLM2,SP546,REF12
,1.0,,1.0,0.0,0.0,,,RLM2,SP547,REF12
,1.0,,1.0,0.0,0.0,,,RLM2,SP548,REF12
0.0,1.0,0.0,1.0,0.0,0.0,2008.0,,RLM2,SP549,REF12
0.0,1.0,,1.0,0.0,1.0,,,RLM2,SP438,REF97
,,,1.0,0.0,0.0,2001.0,,RLM2,SP83,REF98
0.0,1.0,,1.0,0.0,0.0,2001.0,,RLM2,SP83,REF99
0.0,1.0,,1.0,0.0,0.0,2001.0,,RLM2,SP83,REF100
0.0,1.0,,0.0,1.0,1.0,,,RLM2,SP582,REF100
0.0,,,1.0,0.0,0.0,,,RLM2,SP63,REF22
0.0,1.0,,1.0,0.0,0.0,1900.0,,RLM2,SP47,REF47
0.0,1.0,0.0,1.0,0.0,0.0,1971.0,,RLM2,SP514,REF101
0.0,1.0,0.0,0.0,1.0,1.0,1996.0,,RLM2,SP518,REF36
0.0,1.0,,1.0,0.0,0.0,2000.0,,RLM2,SP2,REF23
0.0,1.0,,1.0,0.0,0.0,,,RLM2,SP6,REF48
0.0,1.0,,1.0,0.0,1.0,2013.0,,RLM2,SP529,REF102
0.0,1.0,,1.0,0.0,1.0,2013.0,,RLM2,SP529,REF103
0.0,,,1.0,0.0,0.0,,,RLM2,SP400,REF104
0.0,,,1.0,0.0,1.0,,,RLM2,SP519,REF104
0.0,,,1.0,0.0,0.0,,,RLM2,SP401,REF104
1.0,,,1.0,0.0,0.0,,,RLM2,SP415,REF104
1.0,,,1.0,0.0,0.0,,,RLM2,SP416,REF104
1.0,,,1.0,0.0,0.0,,,RLM2,SP404,REF104
1.0,,,1.0,0.0,0.0,,,RLM2,SP433,REF104
1.0,,,1.0,0.0,0.0,,,RLM2,SP424,REF104
1.0,,,1.0,0.0,0.0,,,RLM2,SP428,REF104
0.0,,,1.0,0.0,1.0,,,RLM2,SP552,REF104
0.0,,,1.0,0.0,0.0,,,RLM2,SP203,REF104
0.0,,,1.0,0.0,0.0,,,RLM2,SP410,REF104
0.0,,,1.0,0.0,0.0,,,RLM2,SP483,REF104
0.0,,,1.0,0.0,0.0,,,RLM2,SP13,REF104
0.0,,,1.0,0.0,0.0,,,RLM2,SP543,REF104
0.0,,,1.0,0.0,0.0,,,RLM2,SP170,REF104
1.0,,,1.0,0.0,0.0,,,RLM2,SP521,REF104
0.0,,,1.0,0.0,0.0,,,RLM2,SP462,REF104
0.0,,,1.0,0.0,0.0,,,RLM2,SP583,REF104
0.0,,,1.0,0.0,1.0,,,RLM2,SP450,REF104
0.0,,,1.0,0.0,0.0,,,RLM2,SP105,REF104
0.0,,,1.0,0.0,0.0,,,RLM2,SP17,REF104
0.0,,,1.0,0.0,0.0,,,RLM2,SP517,REF104
0.0,,,1.0,0.0,0.0,,,RLM2,SP5,REF104
0.0,,,1.0,0.0,0.0,,,RLM2,SP27,REF104
0.0,,,1.0,0.0,0.0,,,RLM2,SP535,REF104
0.0,,,1.0,0.0,0.0,,,RLM2,SP408,REF104
0.0,,,1.0,0.0,0.0,,,RLM2,SP443,REF104
1.0,,,1.0,0.0,0.0,,,RLM2,SP313,REF104
0.0,,,1.0,0.0,0.0,,,RLM2,SP463,REF104
0.0,,,1.0,0.0,0.0,,,RLM2,SP469,REF104
0.0,,,1.0,0.0,0.0,,,RLM2,SP584,REF104
0.0,,,1.0,0.0,0.0,,,RLM2,SP430,REF104
1.0,,,1.0,0.0,0.0,,,RLM2,SP432,REF104
0.0,,,1.0,0.0,1.0,,,RLM2,SP438,REF104
0.0,,,1.0,0.0,0.0,,,RLM2,SP26,REF104
0.0,,,1.0,0.0,0.0,,,RLM2,SP474,REF104
0.0,,,1.0,0.0,0.0,,,RLM2,SP482,REF104
0.0,,,1.0,0.0,0.0,,,RLM2,SP297,REF104
0.0,,,1.0,0.0,0.0,,,RLM2,SP143,REF104
0.0,,,1.0,0.0,1.0,,,RLM2,SP536,REF104
1.0,,,1.0,0.0,1.0,,,RLM2,SP537,REF104
0.0,,,1.0,0.0,0.0,,,RLM2,SP423,REF104
0.0,,,1.0,0.0,0.0,,,RLM2,SP366,REF104
0.0,,,1.0,0.0,0.0,,,RLM2,SP12,REF104
0.0,,,1.0,0.0,0.0,,,RLM2,SP406,REF104
0.0,,,1.0,0.0,0.0,,,RLM2,SP407,REF104
1.0,,,1.0,0.0,0.0,,,RLM2,SP451,REF104
0.0,,,1.0,0.0,0.0,,,RLM2,SP155,REF104
0.0,,,1.0,0.0,0.0,,,RLM2,SP413,REF104
0.0,,,1.0,0.0,0.0,,,RLM2,SP419,REF104
0.0,,,1.0,0.0,0.0,,,RLM2,SP425,REF104
0.0,,,1.0,0.0,0.0,,,RLM2,SP429,REF104
0.0,,,1.0,0.0,0.0,,,RLM2,SP162,REF104
0.0,,,1.0,0.0,0.0,,,RLM2,SP435,REF104
1.0,,,1.0,0.0,0.0,,,RLM2,SP436,REF104
0.0,,,1.0,0.0,1.0,,,RLM2,SP448,REF104
0.0,,,1.0,0.0,0.0,,,RLM2,SP454,REF104
1.0,,,1.0,0.0,0.0,,,RLM2,SP465,REF104
0.0,,,1.0,0.0,0.0,,,RLM2,SP467,REF104
0.0,,,1.0,0.0,0.0,,,RLM2,SP9,REF104
0.0,,,1.0,0.0,0.0,,,RLM2,SP470,REF104
0.0,,,1.0,0.0,1.0,,,RLM2,SP477,REF104
1.0,,,1.0,0.0,0.0,,,RLM2,SP480,REF104
0.0,,,1.0,0.0,0.0,,,RLM2,SP487,REF104
0.0,,,1.0,0.0,0.0,,,RLM2,SP488,REF104
1.0,,,1.0,0.0,0.0,,,RLM2,SP493,REF104
1.0,,,1.0,0.0,0.0,,,RLM2,SP496,REF104
1.0,,,1.0,0.0,0.0,,,RLM2,SP497,REF104
0.0,,,1.0,0.0,0.0,,,RLM2,SP486,REF104
1.0,,,1.0,0.0,0.0,,,RLM2,SP585,REF104
1.0,,,1.0,0.0,0.0,,,RLM2,SP35,REF104
0.0,,,1.0,0.0,1.0,,,RLM2,SP586,REF104
0.0,,,1.0,0.0,0.0,,,RLM2,SP510,REF104
0.0,,,1.0,0.0,0.0,,,RLM2,SP512,REF104
0.0,,,1.0,0.0,0.0,,,RLM2,SP513,REF104
0.0,,,1.0,0.0,0.0,,,RLM2,SP392,REF104
0.0,,,1.0,0.0,0.0,,,RLM2,SP393,REF104
0.0,,,1.0,0.0,0.0,,,RLM2,SP523,REF104
0.0,,,1.0,0.0,0.0,,,RLM2,SP531,REF104
0.0,,,1.0,0.0,0.0,,,RLM2,SP22,REF104
0.0,,,1.0,0.0,0.0,,,RLM2,SP110,REF104
0.0,,,1.0,0.0,0.0,,,RLM2,SP144,REF104
0.0,,,1.0,0.0,0.0,,,RLM2,SP534,REF104
0.0,,,1.0,0.0,0.0,,,RLM2,SP539,REF104
0.0,,,1.0,0.0,0.0,,,RLM2,SP565,REF104
0.0,,,1.0,0.0,0.0,,,RLM2,SP360,REF104
0.0,,,1.0,0.0,1.0,,,RLM2,SP587,REF104
0.0,,,1.0,0.0,0.0,,,RLM2,SP402,REF104
0.0,,,1.0,0.0,0.0,,,RLM2,SP546,REF104
0.0,,,1.0,0.0,0.0,,,RLM2,SP547,REF104
0.0,,,1.0,0.0,0.0,,,RLM2,SP548,REF104
1.0,,,1.0,0.0,0.0,,,RLM2,SP420,REF104
0.0,,,1.0,0.0,0.0,,,RLM2,SP457,REF104
0.0,,,1.0,0.0,0.0,,,RLM2,SP119,REF104
0.0,,,1.0,0.0,0.0,,,RLM2,SP514,REF104
0.0,,,1.0,0.0,0.0,,,RLM2,SP6,REF104
0.0,,,1.0,0.0,0.0,,,RLM2,SP427,REF104
0.0,,,1.0,0.0,0.0,,,RLM2,SP411,REF104
0.0,,,1.0,0.0,1.0,,,RLM2,SP507,REF104
0.0,,,1.0,0.0,1.0,,,RLM2,SP588,REF104
0.0,,,1.0,0.0,0.0,,,RLM2,SP576,REF104
0.0,,,1.0,0.0,0.0,,,RLM2,SP84,REF104
1.0,,,1.0,0.0,0.0,,,RLM2,SP532,REF104
0.0,1.0,,1.0,0.0,0.0,,,RLM2,SP399,REF104
0.0,,,1.0,0.0,0.0,,,RLM2,SP111,REF104
0.0,1.0,,1.0,0.0,0.0,,,RLM2,SP414,REF104
0.0,,,1.0,0.0,1.0,,,RLM2,SP417,REF104
0.0,,,1.0,0.0,1.0,,,RLM2,SP418,REF104
1.0,,,1.0,0.0,1.0,,,RLM2,SP426,REF104
0.0,,,1.0,0.0,1.0,,,RLM2,SP7,REF104
0.0,,,1.0,0.0,0.0,,,RLM2,SP166,REF104
0.0,,,1.0,0.0,0.0,,,RLM2,SP205,REF104
0.0,,,1.0,0.0,0.0,,,RLM2,SP40,REF104
0.0,,,1.0,0.0,0.0,,,RLM2,SP169,REF104
0.0,,,1.0,0.0,0.0,,,RLM2,SP44,REF104
0.0,,,1.0,0.0,0.0,,,RLM2,SP63,REF104
0.0,,,1.0,0.0,0.0,,,RLM2,SP589,REF104
0.0,,,1.0,0.0,0.0,,,RLM2,SP538,REF104
0.0,,,1.0,0.0,0.0,,,RLM2,SP82,REF104
0.0,,,1.0,0.0,0.0,,,RLM2,SP458,REF104
0.0,,,1.0,0.0,0.0,,,RLM2,SP590,REF104
0.0,,,1.0,0.0,0.0,,,RLM2,SP16,REF104
1.0,,,1.0,0.0,0.0,,,RLM2,SP471,REF104
0.0,,,1.0,0.0,0.0,,,RLM2,SP227,REF104
1.0,,,1.0,0.0,0.0,,,RLM2,SP472,REF104
1.0,,,1.0,0.0,0.0,,,RLM2,SP479,REF104
1.0,,,1.0,0.0,0.0,,,RLM2,SP591,REF104
1.0,,,1.0,0.0,0.0,,,RLM2,SP490,REF104
0.0,,,1.0,0.0,0.0,,,RLM2,SP138,REF104
0.0,,,1.0,0.0,1.0,,,RLM2,SP498,REF104
1.0,,,1.0,0.0,0.0,,,RLM2,SP506,REF104
0.0,,,1.0,0.0,0.0,,,RLM2,SP509,REF104
0.0,,,1.0,0.0,0.0,,,RLM2,SP561,REF104
1.0,,,1.0,0.0,0.0,,,RLM2,SP516,REF104
0.0,,,1.0,0.0,0.0,,,RLM2,SP175,REF104
0.0,,,1.0,0.0,1.0,,,RLM2,SP592,REF104
1.0,,,1.0,0.0,0.0,,,RLM2,SP336,REF104
1.0,,,1.0,0.0,0.0,,,RLM2,SP563,REF104
0.0,,,1.0,0.0,0.0,,,RLM2,SP176,REF104
0.0,1.0,,1.0,0.0,1.0,,,RLM2,SP563,REF104
0.0,,,1.0,0.0,0.0,,,RLM2,SP593,REF104
0.0,,,1.0,0.0,0.0,,,RLM2,SP544,REF104
0.0,,,1.0,0.0,0.0,,,RLM2,SP545,REF104
1.0,,,1.0,0.0,0.0,,,RLM2,SP594,REF104
1.0,,,1.0,0.0,0.0,,,RLM2,SP329,REF104
0.0,,,1.0,0.0,1.0,,,RLM2,SP120,REF104
0.0,,,1.0,0.0,0.0,,,RLM2,SP403,REF104
1.0,,,1.0,0.0,0.0,,,RLM2,SP447,REF104
1.0,,,1.0,0.0,0.0,,,RLM2,SP475,REF104
0.0,,,1.0,0.0,0.0,,,RLM2,SP595,REF104
0.0,1.0,,1.0,0.0,0.0,,,RLM2,SP540,REF104
1.0,,,1.0,0.0,0.0,,,RLM2,SP440,REF104
0.0,,,1.0,0.0,0.0,,,RLM2,SP452,REF104
1.0,,,1.0,0.0,0.0,,,RLM2,SP444,REF104
1.0,,,1.0,0.0,0.0,,,RLM2,SP445,REF104
0.0,,,1.0,0.0,0.0,,,RLM2,SP315,REF104
1.0,,,1.0,0.0,0.0,,,RLM2,SP446,REF104
1.0,,,1.0,0.0,0.0,,,RLM2,SP460,REF104
1.0,,,1.0,0.0,0.0,,,RLM2,SP489,REF104
1.0,,,1.0,0.0,0.0,,,RLM2,SP500,REF104
0.0,,,1.0,0.0,0.0,,,RLM2,SP501,REF104
0.0,,,1.0,0.0,0.0,,,RLM2,SP502,REF104
0.0,,,1.0,0.0,0.0,,,RLM2,SP503,REF104
1.0,,,1.0,0.0,0.0,,,RLM2,SP505,REF104
0.0,,,1.0,0.0,0.0,,,RLM2,SP596,REF104
1.0,,,1.0,0.0,0.0,,,RLM2,SP511,REF104
0.0,,,1.0,0.0,0.0,,,RLM2,SP66,REF104
1.0,,,1.0,0.0,0.0,,,RLM2,SP283,REF104
0.0,,,1.0,0.0,0.0,,,RLM2,SP41,REF104
0.0,,,1.0,0.0,0.0,,,RLM2,SP333,REF104
0.0,,,1.0,0.0,0.0,,,RLM2,SP85,REF104
0.0,,,1.0,0.0,0.0,,,RLM2,SP341,REF104
0.0,1.0,,1.0,0.0,0.0,,,RLM2,SP541,REF104
0.0,,,1.0,0.0,0.0,,,RLM2,SP349,REF104
0.0,,,1.0,0.0,1.0,,,RLM2,SP439,REF104
0.0,,,1.0,0.0,0.0,,,RLM2,SP405,REF104
0.0,1.0,,1.0,0.0,0.0,,,RLM2,SP421,REF104
0.0,,,1.0,0.0,1.0,,,RLM2,SP422,REF104
0.0,,,1.0,0.0,1.0,,,RLM2,SP296,REF104
0.0,,,1.0,0.0,0.0,,,RLM2,SP25,REF104
1.0,,,1.0,0.0,0.0,,,RLM2,SP441,REF104
0.0,,,1.0,0.0,0.0,,,RLM2,SP376,REF104
0.0,,,1.0,0.0,0.0,,,RLM2,SP47,REF104
0.0,,,1.0,0.0,1.0,,,RLM2,SP555,REF104
1.0,,,1.0,0.0,0.0,,,RLM2,SP492,REF104
0.0,,,1.0,0.0,0.0,,,RLM2,SP156,REF104
0.0,,,1.0,0.0,1.0,,,RLM2,SP346,REF104
0.0,,,1.0,0.0,0.0,,,RLM2,SP14,REF104
,,,1.0,0.0,,,CHN.1_1,RLM5,SP231,REF3
,,,1.0,0.0,,,CHN.2_1,RLM5,SP231,REF3
,,,1.0,0.0,,,CHN.3_1,RLM5,SP231,REF3
,,,1.0,0.0,,,CHN.1_1,RLM5,SP34,REF3
,,,1.0,0.0,,,CHN.2_1,RLM5,SP34,REF3
,,,1.0,0.0,,,CHN.3_1,RLM5,SP34,REF3
,,,1.0,0.0,,,CHN.1_1,RLM5,SP37,REF3
,,,1.0,0.0,,,CHN.2_1,RLM5,SP37,REF3
,,,1.0,0.0,,,CHN.3_1,RLM5,SP37,REF3
,,,1.0,0.0,,,CHN.1_1,RLM5,SP52,REF3
,,,1.0,0.0,,,CHN.2_1,RLM5,SP52,REF3
,,,1.0,0.0,,,CHN.3_1,RLM5,SP52,REF3
1.0,,,1.0,0.0,,,CHN.1_1,RLM5,SP163,REF3
1.0,,,1.0,0.0,,,CHN.2_1,RLM5,SP163,REF3
1.0,,,1.0,0.0,,,CHN.3_1,RLM5,SP163,REF3
,,,0.0,0.0,,,CHN.1_1,RLM5,SP165,REF3
,,,0.0,0.0,,,CHN.2_1,RLM5,SP165,REF3
,,,0.0,0.0,,,CHN.3_1,RLM5,SP165,REF3
,,,1.0,0.0,,,CHN.1_1,RLM5,SP232,REF3
,,,1.0,0.0,,,CHN.2_1,RLM5,SP232,REF3
,,,1.0,0.0,,,CHN.3_1,RLM5,SP232,REF3
,,,1.0,0.0,,,CHN.1_1,RLM5,SP233,REF3
,,,1.0,0.0,,,CHN.2_1,RLM5,SP233,REF3
,,,1.0,0.0,,,CHN.3_1,RLM5,SP233,REF3
,,,1.0,0.0,,,CHN.1_1,RLM7,SP231,REF3
,,,1.0,0.0,,,CHN.2_1,RLM7,SP231,REF3
,,,1.0,0.0,,,CHN.3_1,RLM7,SP231,REF3
,,,1.0,0.0,,,CHN.1_1,RLM7,SP26,REF3
,,,1.0,0.0,,,CHN.2_1,RLM7,SP26,REF3
,,,1.0,0.0,,,CHN.3_1,RLM7,SP26,REF3
,,,1.0,0.0,,,CHN.1_1,RLM7,SP207,REF3
,,,1.0,0.0,,,CHN.2_1,RLM7,SP207,REF3
,,,1.0,0.0,,,CHN.3_1,RLM7,SP207,REF3
,,,1.0,0.0,,,CHN.1_1,RLM7,SP143,REF3
,,,1.0,0.0,,,CHN.2_1,RLM7,SP143,REF3
,,,1.0,0.0,,,CHN.3_1,RLM7,SP143,REF3
,,,1.0,0.0,,,CHN.1_1,RLM7,SP34,REF3
,,,1.0,0.0,,,CHN.2_1,RLM7,SP34,REF3
,,,1.0,0.0,,,CHN.3_1,RLM7,SP34,REF3
,,,1.0,0.0,,,CHN.1_1,RLM7,SP37,REF3
,,,1.0,0.0,,,CHN.2_1,RLM7,SP37,REF3
,,,1.0,0.0,,,CHN.3_1,RLM7,SP37,REF3
,,,1.0,0.0,,,CHN.1_1,RLM7,SP40,REF3
,,,1.0,0.0,,,CHN.2_1,RLM7,SP40,REF3
,,,1.0,0.0,,,CHN.3_1,RLM7,SP40,REF3
,,,1.0,0.0,,,CHN.1_1,RLM7,SP232,REF3
,,,1.0,0.0,,,CHN.2_1,RLM7,SP232,REF3
,,,1.0,0.0,,,CHN.3_1,RLM7,SP232,REF3
,,,1.0,0.0,,,CHN.1_1,RLM7,SP15,REF3
,,,1.0,0.0,,,CHN.2_1,RLM7,SP15,REF3
,,,1.0,0.0,,,CHN.3_1,RLM7,SP15,REF3
,,,1.0,0.0,,,CHN.1_1,RLM7,SP233,REF3
,,,1.0,0.0,,,CHN.2_1,RLM7,SP233,REF3
,,,1.0,0.0,,,CHN.3_1,RLM7,SP233,REF3
,,,1.0,0.0,,,CHN.1_1,RLM7,SP79,REF3
,,,1.0,0.0,,,CHN.2_1,RLM7,SP79,REF3
,,,1.0,0.0,,,CHN.3_1,RLM7,SP79,REF3
,,,1.0,0.0,,,CHN.1_1,RLM7,SP96,REF3
,,,1.0,0.0,,,CHN.2_1,RLM7,SP96,REF3
,,,1.0,0.0,,,CHN.3_1,RLM7,SP96,REF3
,,,1.0,0.0,,,CHN.1_1,RLM7,SP138,REF3
,,,1.0,0.0,,,CHN.2_1,RLM7,SP138,REF3
,,,1.0,0.0,,,CHN.3_1,RLM7,SP138,REF3
,,,1.0,0.0,,,CHN.1_1,RLM7,SP71,REF3
,,,1.0,0.0,,,CHN.2_1,RLM7,SP71,REF3
,,,1.0,0.0,,,CHN.3_1,RLM7,SP71,REF3
,,,1.0,0.0,,,CHN.1_1,RLM7,SP23,REF3
,,,1.0,0.0,,,CHN.2_1,RLM7,SP23,REF3
,,,1.0,0.0,,,CHN.3_1,RLM7,SP23,REF3
,,,0.0,0.0,,,CHN.1_1,RLM7,SP159,REF3
,,,0.0,0.0,,,CHN.2_1,RLM7,SP159,REF3
,,,0.0,0.0,,,CHN.3_1,RLM7,SP159,REF3
,,,1.0,0.0,,,CHN.1_1,RLM7,SP243,REF3
,,,1.0,0.0,,,CHN.2_1,RLM7,SP243,REF3
,,,1.0,0.0,,,CHN.3_1,RLM7,SP243,REF3
,,,1.0,0.0,,,CHN.1_1,RLM7,SP244,REF3
,,,1.0,0.0,,,CHN.2_1,RLM7,SP244,REF3
,,,1.0,0.0,,,CHN.3_1,RLM7,SP244,REF3
,,,1.0,0.0,,,IND.1_1,RLM4,SP208,REF3
,,,1.0,0.0,,,IND.1_1,RLM4,SP165,REF3
0.0,1.0,,1.0,0.0,0.0,2004.0,DOM.1_1,RLM9,SP31,REF105
,,,1.0,0.0,,,JPN.1_1,RLM5,SP231,REF3
,,,1.0,0.0,,,JPN.1_1,RLM5,SP77,REF3
,,,1.0,0.0,,,JPN.1_1,RLM5,SP34,REF3
,,,1.0,0.0,,,JPN.1_1,RLM5,SP37,REF3
,,,1.0,0.0,,,JPN.1_1,RLM5,SP69,REF3
,,,1.0,0.0,,,JPN.1_1,RLM5,SP28,REF3
,,,1.0,0.0,,,JPN.1_1,RLM5,SP40,REF3
,,,1.0,0.0,,,JPN.1_1,RLM5,SP52,REF3
1.0,,,1.0,0.0,,,JPN.1_1,RLM5,SP163,REF3
,,,1.0,0.0,,,JPN.1_1,RLM5,SP232,REF3
,,,1.0,0.0,,,JPN.1_1,RLM5,SP15,REF3
,,,1.0,0.0,,,JPN.1_1,RLM5,SP233,REF3
,,,1.0,0.0,,,JPN.1_1,RLM5,SP186,REF3
,,,0.0,0.0,,,JPN.1_1,RLM5,SP62,REF3
,,,1.0,0.0,,,JPN.1_1,RLM5,SP96,REF3
,,,1.0,0.0,,,JPN.1_1,RLM5,SP138,REF3
,,,1.0,0.0,,,JPN.1_1,RLM5,SP23,REF3
,,,1.0,0.0,,,JPN.1_1,RLM5,SP243,REF3
,,,1.0,0.0,,,JPN.1_1,RLM5,SP244,REF3
,,,1.0,0.0,,,JPN.1_1,RLM5,SP33,REF3
0.0,1.0,,1.0,0.0,0.0,2019.0,,RLM5,SP8,REF106
,,,1.0,0.0,,,JPN.1_1,RLM5,SP160,REF3
,,,1.0,0.0,,,JPN.1_1,RLM5,SP143,REF3
,,,1.0,0.0,,,JPN.1_1,RLM5,SP2,REF3
,,,1.0,0.0,,,JPN.1_1,RLM5,SP151,REF3
,,,1.0,0.0,,,JPN.1_1,RLM5,SP41,REF3
,,,1.0,0.0,,,JPN.1_1,RLM5,SP145,REF3
,,,1.0,0.0,,,JPN.1_1,RLM5,SP5,REF3
,,,1.0,0.0,,,JPN.1_1,RLM5,SP4,REF3
,0.0,,1.0,0.0,,,JPN.1_1,RLM5,SP147,REF3
,,,1.0,0.0,,,CHN.1_1,RLM5,SP142,REF3
,,,1.0,0.0,,,CHN.2_1,RLM5,SP142,REF3
,,,1.0,0.0,,,CHN.3_1,RLM5,SP142,REF3
,,,1.0,0.0,,,CHN.1_1,RLM5,SP146,REF3
,,,1.0,0.0,,,CHN.2_1,RLM5,SP146,REF3
,,,1.0,0.0,,,CHN.3_1,RLM5,SP146,REF3
,,,1.0,0.0,,,CHN.1_1,RLM5,SP29,REF3
,,,1.0,0.0,,,CHN.2_1,RLM5,SP29,REF3
,,,1.0,0.0,,,CHN.3_1,RLM5,SP29,REF3
0.0,1.0,,0.0,0.0,1.0,,USA.1_1,RLM2,SP195,REF2
0.0,1.0,,0.0,0.0,1.0,,USA.1_2,RLM2,SP195,REF2
0.0,1.0,,0.0,0.0,1.0,,USA.2_1,RLM2,SP195,REF2
0.0,1.0,,1.0,0.0,0.0,1950.0,USA.1_1,RLM2,SP597,REF107
0.0,1.0,,1.0,0.0,0.0,1950.0,USA.1_2,RLM2,SP597,REF107
0.0,1.0,,1.0,0.0,0.0,1950.0,USA.2_1,RLM2,SP597,REF107
0.0,1.0,,1.0,0.0,0.0,1959.0,USA.1_1,RLM2,,REF53
0.0,1.0,,1.0,0.0,0.0,1959.0,USA.1_2,RLM2,,REF53
0.0,1.0,,1.0,0.0,0.0,1959.0,USA.2_1,RLM2,,REF53
,,,0.0,0.0,,,USA.1_1,RLM2,SP5,REF3
,,,0.0,0.0,,,USA.1_2,RLM2,SP5,REF3
,,,0.0,0.0,,,USA.2_1,RLM2,SP5,REF3
0.0,1.0,,1.0,0.0,0.0,,USA.1_1,RLM2,SP598,REF2
0.0,1.0,,1.0,0.0,0.0,,USA.1_2,RLM2,SP598,REF2
0.0,1.0,,1.0,0.0,0.0,,USA.2_1,RLM2,SP598,REF2
0.0,1.0,,1.0,0.0,0.0,,USA.1_1,RLM2,SP15,REF25
0.0,1.0,,1.0,0.0,0.0,,USA.1_2,RLM2,SP15,REF25
0.0,1.0,,1.0,0.0,0.0,,USA.2_1,RLM2,SP15,REF25
0.0,1.0,,1.0,0.0,0.0,2010.0,USA.1_1,RLM2,SP599,REF108
0.0,1.0,,1.0,0.0,0.0,2010.0,USA.1_2,RLM2,SP599,REF108
0.0,1.0,,1.0,0.0,0.0,2010.0,USA.2_1,RLM2,SP599,REF108
0.0,0.0,1.0,1.0,0.0,0.0,1998.0,USA.1_1,RLM2,SP600,REF109
0.0,0.0,1.0,1.0,0.0,0.0,1998.0,USA.1_2,RLM2,SP600,REF109
0.0,0.0,1.0,1.0,0.0,0.0,1998.0,USA.2_1,RLM2,SP600,REF109
0.0,1.0,,1.0,0.0,0.0,,USA.1_1,RLM2,SP220,REF60
0.0,1.0,,1.0,0.0,0.0,,USA.1_2,RLM2,SP220,REF60
0.0,1.0,,1.0,0.0,0.0,,USA.2_1,RLM2,SP220,REF60
0.0,0.0,1.0,1.0,0.0,0.0,2005.0,USA.1_1,RLM2,SP600,REF109
0.0,0.0,1.0,1.0,0.0,0.0,2005.0,USA.1_2,RLM2,SP600,REF109
0.0,0.0,1.0,1.0,0.0,0.0,2005.0,USA.2_1,RLM2,SP600,REF109
0.0,1.0,,1.0,0.0,0.0,,CHN.1_1,RLM7,SP4,REF20
0.0,1.0,,1.0,0.0,0.0,,CHN.2_1,RLM7,SP4,REF20
0.0,1.0,,1.0,0.0,0.0,,CHN.3_1,RLM7,SP4,REF20
0.0,0.0,1.0,0.0,0.0,0.0,2019.0,,RLM7,SP601,REF68
,,,0.0,0.0,0.0,2019.0,,RLM7,SP602,REF68
0.0,0.0,1.0,0.0,0.0,0.0,2019.0,,RLM7,SP603,REF68
0.0,1.0,,1.0,0.0,0.0,2014.0,USA.1_1,RLM2,SP599,REF108
0.0,1.0,,1.0,0.0,0.0,2014.0,USA.1_2,RLM2,SP599,REF108
0.0,1.0,,1.0,0.0,0.0,2014.0,USA.2_1,RLM2,SP599,REF108
,,,1.0,0.0,,,IDN.1_1,RLM4,SP142,REF3
,,,1.0,0.0,,,IDN.1_1,RLM4,SP160,REF3
,,,1.0,0.0,,,IDN.1_1,RLM4,SP143,REF3
,,,1.0,0.0,,,IDN.1_1,RLM4,SP150,REF3
,,,1.0,0.0,,,IDN.1_1,RLM4,SP2,REF3
,,,1.0,0.0,,,IDN.1_1,RLM4,SP151,REF3
,,,1.0,0.0,,,IDN.1_1,RLM4,SP28,REF3
,,,1.0,0.0,,,IDN.1_1,RLM4,SP144,REF3
,,,1.0,0.0,,,IDN.1_1,RLM4,SP161,REF3
,,,1.0,0.0,,,IDN.1_1,RLM4,SP40,REF3
,,,1.0,0.0,,,IDN.1_1,RLM4,SP53,REF3
,,,1.0,0.0,,,IDN.1_1,RLM4,SP155,REF3
,,,1.0,0.0,,,IDN.1_1,RLM4,SP145,REF3
,,,1.0,0.0,,,IDN.1_1,RLM4,SP138,REF3
,,,1.0,0.0,,,IDN.1_1,RLM4,SP23,REF3
,,,1.0,0.0,,,IDN.1_1,RLM4,SP17,REF3
,,,1.0,0.0,,,IDN.1_1,RLM4,SP604,REF3
1.0,,,,0.0,0.0,2017.0,,RLM7,SP605,REF46
0.0,1.0,,1.0,0.0,0.0,2014.0,,RLM7,,REF7
,,,1.0,0.0,,,IND.1_1,RLM4,SP207,REF3
,,,1.0,0.0,,,IND.1_1,RLM4,SP87,REF3
,,,1.0,0.0,,,IND.1_1,RLM4,SP157,REF3
0.0,1.0,,1.0,0.0,0.0,2013.0,,RLM7,,REF7
,,,1.0,0.0,,,IDN.1_1,RLM4,SP26,REF3
,,,1.0,0.0,,,IDN.1_1,RLM4,SP182,REF3
,,,1.0,0.0,,,IDN.1_1,RLM4,SP22,REF3
,,,1.0,0.0,,,IDN.1_1,RLM4,SP8,REF3
,,,1.0,0.0,,,IDN.1_1,RLM4,SP32,REF3
,,,1.0,0.0,,,IDN.1_1,RLM4,SP606,REF3
1.0,,,1.0,0.0,,,IDN.1_1,RLM4,SP163,REF3
,,,1.0,0.0,,,IDN.1_1,RLM4,SP152,REF3
,,,1.0,0.0,,,IDN.1_1,RLM4,SP146,REF3
,,,1.0,0.0,,,IDN.1_1,RLM4,SP5,REF3
,,,1.0,0.0,,,IDN.1_1,RLM4,SP154,REF3
1.0,,,1.0,0.0,0.0,1990.0,IDN.1_1,RLM4,SP31,REF110
0.0,1.0,,1.0,0.0,0.0,1963.0,,RLM7,SP5,REF111
0.0,1.0,1.0,1.0,0.0,0.0,2011.0,CHN.1_1,RLM5,,REF29
0.0,1.0,1.0,1.0,0.0,0.0,2011.0,CHN.2_1,RLM5,,REF29
0.0,1.0,1.0,1.0,0.0,0.0,2011.0,CHN.3_1,RLM5,,REF29
,,,1.0,0.0,,,CHN.1_1,RLM5,SP77,REF3
,,,1.0,0.0,,,CHN.2_1,RLM5,SP77,REF3
,,,1.0,0.0,,,CHN.3_1,RLM5,SP77,REF3
,,,1.0,0.0,,,CHN.1_1,RLM5,SP144,REF3
,,,1.0,0.0,,,CHN.2_1,RLM5,SP144,REF3
,,,1.0,0.0,,,CHN.3_1,RLM5,SP144,REF3
,,,1.0,0.0,,,CHN.1_1,RLM7,SP28,REF3
,,,1.0,0.0,,,CHN.2_1,RLM7,SP28,REF3
,,,1.0,0.0,,,CHN.3_1,RLM7,SP28,REF3
,,,1.0,0.0,,,CHN.1_1,RLM7,SP152,REF3
,,,1.0,0.0,,,CHN.2_1,RLM7,SP152,REF3
,,,1.0,0.0,,,CHN.3_1,RLM7,SP152,REF3
,,,1.0,0.0,,,CHN.1_1,RLM7,SP4,REF3
,,,1.0,0.0,,,CHN.2_1,RLM7,SP4,REF3
,,,1.0,0.0,,,CHN.3_1,RLM7,SP4,REF3
0.0,1.0,1.0,1.0,0.0,0.0,2009.0,CHN.1_1,RLM7,SP4,REF112
0.0,1.0,1.0,1.0,0.0,0.0,2009.0,CHN.2_1,RLM7,SP4,REF112
0.0,1.0,1.0,1.0,0.0,0.0,2009.0,CHN.3_1,RLM7,SP4,REF112
0.0,1.0,,1.0,0.0,0.0,2009.0,CHN.1_1,RLM7,SP165,REF87
0.0,1.0,,1.0,0.0,0.0,2009.0,CHN.2_1,RLM7,SP165,REF87
0.0,1.0,,1.0,0.0,0.0,2009.0,CHN.3_1,RLM7,SP165,REF87
0.0,1.0,,1.0,0.0,0.0,,CHN.1_1,RLM7,SP14,REF31
0.0,1.0,,1.0,0.0,0.0,,CHN.2_1,RLM7,SP14,REF31
0.0,1.0,,1.0,0.0,0.0,,CHN.3_1,RLM7,SP14,REF31
0.0,1.0,1.0,1.0,0.0,0.0,1987.0,CHN.1_1,RLM7,,REF29
0.0,1.0,1.0,1.0,0.0,0.0,1987.0,CHN.2_1,RLM7,,REF29
0.0,1.0,1.0,1.0,0.0,0.0,1987.0,CHN.3_1,RLM7,,REF29
0.0,1.0,,1.0,0.0,0.0,2012.0,CHN.1_1,RLM7,SP607,REF113
0.0,1.0,,1.0,0.0,0.0,2012.0,CHN.2_1,RLM7,SP607,REF113
0.0,1.0,,1.0,0.0,0.0,2012.0,CHN.3_1,RLM7,SP607,REF113
0.0,1.0,,1.0,0.0,0.0,2003.0,,RLM7,SP69,REF16
0.0,1.0,,1.0,0.0,0.0,2003.0,,RLM7,,REF7
0.0,1.0,,1.0,0.0,0.0,2012.0,,RLM7,,REF7
0.0,1.0,,1.0,0.0,0.0,2004.0,,RLM7,SP69,REF16
,,,1.0,0.0,,,IND.1_1,RLM4,SP29,REF3
0.0,1.0,,1.0,0.0,0.0,2010.0,,RLM7,SP69,REF16
0.0,1.0,,1.0,0.0,0.0,,,RLM7,SP69,REF46
0.0,1.0,,1.0,0.0,0.0,1943.0,USA.1_1,RLM2,SP217,REF2
0.0,1.0,,1.0,0.0,0.0,1943.0,USA.1_2,RLM2,SP217,REF2
0.0,1.0,,1.0,0.0,0.0,1943.0,USA.2_1,RLM2,SP217,REF2
1.0,0.0,1.0,1.0,0.0,0.0,2006.0,,RLM7,SP141,REF19
1.0,,,,0.0,0.0,2017.0,,RLM7,SP608,REF46
0.0,0.0,,1.0,0.0,0.0,2014.0,AUS.1_1,RLM8,SP92,REF34
1.0,,1.0,0.0,0.0,0.0,2000.0,,RLM7,SP235,REF68
0.0,0.0,1.0,0.0,0.0,0.0,2013.0,,RLM7,SP609,REF68
0.0,0.0,1.0,1.0,0.0,0.0,1990.0,,RLM7,SP610,REF68
0.0,0.0,1.0,1.0,0.0,0.0,1990.0,,RLM7,,REF68
0.0,0.0,1.0,1.0,0.0,0.0,2011.0,,RLM7,SP611,REF68
0.0,0.0,1.0,1.0,0.0,0.0,2020.0,,RLM7,SP612,REF68
0.0,0.0,1.0,1.0,0.0,0.0,2001.0,,RLM7,SP613,REF68
0.0,0.0,1.0,1.0,0.0,0.0,2000.0,,RLM7,SP239,REF68
,,,0.0,0.0,0.0,2016.0,,RLM7,SP614,REF68
0.0,0.0,1.0,0.0,0.0,0.0,2011.0,,RLM7,SP615,REF68
0.0,0.0,1.0,0.0,0.0,0.0,2011.0,,RLM7,SP616,REF68
0.0,0.0,1.0,0.0,0.0,0.0,2013.0,,RLM7,SP617,REF68
0.0,0.0,1.0,1.0,0.0,0.0,1990.0,,RLM7,SP241,REF68
0.0,0.0,1.0,1.0,0.0,0.0,1999.0,,RLM7,SP242,REF68
0.0,1.0,,1.0,0.0,0.0,2012.0,,RLM7,SP42,REF114
1.0,,,,0.0,0.0,,,RLM7,SP618,REF46
0.0,1.0,,1.0,0.0,0.0,2018.0,,RLM7,SP69,REF46
1.0,,,,0.0,0.0,2017.0,,RLM7,SP619,REF46
0.0,1.0,,1.0,0.0,0.0,2006.0,,RLM7,SP69,REF16
,,,1.0,0.0,,,JPN.1_1,RLM5,SP150,REF3
,,,0.0,0.0,,,JPN.1_1,RLM5,SP8,REF3
0.0,1.0,,1.0,0.0,0.0,2022.0,CAN.1_1,RLM2,SP42,REF115
0.0,1.0,,1.0,0.0,0.0,2018.0,CHN.1_1,RLM7,SP8,REF33
0.0,1.0,,1.0,0.0,0.0,2018.0,CHN.2_1,RLM7,SP8,REF33
0.0,1.0,,1.0,0.0,0.0,2018.0,CHN.3_1,RLM7,SP8,REF33
0.0,1.0,,1.0,0.0,0.0,1992.0,,RLM7,SP69,REF16
0.0,1.0,,1.0,0.0,0.0,1992.0,,RLM7,SP69,REF57
1.0,,1.0,0.0,0.0,0.0,1990.0,,RLM7,SP235,REF68
0.0,0.0,1.0,0.0,0.0,0.0,2017.0,,RLM7,SP609,REF68
0.0,0.0,1.0,0.0,0.0,0.0,2013.0,,RLM7,SP620,REF68
0.0,0.0,1.0,1.0,0.0,0.0,2007.0,,RLM7,SP611,REF68
0.0,0.0,1.0,0.0,0.0,0.0,2020.0,,RLM7,SP621,REF68
0.0,0.0,1.0,0.0,0.0,0.0,2017.0,,RLM7,SP238,REF68
0.0,0.0,1.0,0.0,0.0,0.0,2016.0,,RLM7,SP612,REF68
0.0,0.0,1.0,1.0,0.0,0.0,1993.0,,RLM7,SP239,REF68
0.0,0.0,1.0,0.0,0.0,0.0,2017.0,,RLM7,SP622,REF68
,,,0.0,0.0,0.0,2007.0,,RLM7,SP614,REF68
0.0,0.0,1.0,0.0,0.0,0.0,2016.0,,RLM7,SP615,REF68
0.0,0.0,1.0,0.0,0.0,0.0,1999.0,,RLM7,SP616,REF68
0.0,0.0,1.0,0.0,0.0,0.0,2006.0,,RLM7,SP617,REF68
0.0,0.0,1.0,1.0,0.0,0.0,2007.0,,RLM7,SP241,REF68
0.0,1.0,,1.0,0.0,0.0,,CHN.1_1,RLM7,SP4,REF8
0.0,1.0,,1.0,0.0,0.0,,CHN.2_1,RLM7,SP4,REF8
0.0,1.0,,1.0,0.0,0.0,,CHN.3_1,RLM7,SP4,REF8
,,,0.0,0.0,,,CHN.1_1,RLM7,SP165,REF3
,,,0.0,0.0,,,CHN.2_1,RLM7,SP165,REF3
,,,0.0,0.0,,,CHN.3_1,RLM7,SP165,REF3
0.0,1.0,1.0,1.0,0.0,0.0,1979.0,CHN.1_1,RLM7,SP4,REF112
0.0,1.0,1.0,1.0,0.0,0.0,1979.0,CHN.2_1,RLM7,SP4,REF112
0.0,1.0,1.0,1.0,0.0,0.0,1979.0,CHN.3_1,RLM7,SP4,REF112
0.0,1.0,0.0,1.0,0.0,0.0,2012.0,CHN.1_1,RLM7,SP623,REF113
0.0,1.0,0.0,1.0,0.0,0.0,2012.0,CHN.2_1,RLM7,SP623,REF113
0.0,1.0,0.0,1.0,0.0,0.0,2012.0,CHN.3_1,RLM7,SP623,REF113
0.0,1.0,,1.0,0.0,0.0,1979.0,CHN.1_1,RLM7,SP4,REF20
0.0,1.0,,1.0,0.0,0.0,1979.0,CHN.2_1,RLM7,SP4,REF20
0.0,1.0,,1.0,0.0,0.0,1979.0,CHN.3_1,RLM7,SP4,REF20
0.0,1.0,1.0,1.0,0.0,0.0,1979.0,CHN.1_1,RLM7,SP4,REF116
0.0,1.0,1.0,1.0,0.0,0.0,1979.0,CHN.2_1,RLM7,SP4,REF116
0.0,1.0,1.0,1.0,0.0,0.0,1979.0,CHN.3_1,RLM7,SP4,REF116
0.0,1.0,,1.0,0.0,0.0,2005.0,USA.1_1,RLM2,SP186,REF117
0.0,1.0,,1.0,0.0,0.0,2005.0,USA.1_2,RLM2,SP186,REF117
0.0,1.0,,1.0,0.0,0.0,2005.0,USA.2_1,RLM2,SP186,REF117
0.0,1.0,1.0,1.0,0.0,0.0,,USA.1_1,RLM2,SP7,REF118
0.0,1.0,1.0,1.0,0.0,0.0,,USA.1_2,RLM2,SP7,REF118
0.0,1.0,1.0,1.0,0.0,0.0,,USA.2_1,RLM2,SP7,REF118
0.0,1.0,,1.0,0.0,0.0,2008.0,USA.1_1,RLM2,SP245,REF74
0.0,1.0,,1.0,0.0,0.0,2008.0,USA.1_2,RLM2,SP245,REF74
0.0,1.0,,1.0,0.0,0.0,2008.0,USA.2_1,RLM2,SP245,REF74
0.0,1.0,,1.0,0.0,0.0,2007.0,USA.1_1,RLM2,SP245,REF119
0.0,1.0,,1.0,0.0,0.0,2007.0,USA.1_2,RLM2,SP245,REF119
0.0,1.0,,1.0,0.0,0.0,2007.0,USA.2_1,RLM2,SP245,REF119
0.0,1.0,,1.0,0.0,0.0,2008.0,USA.1_1,RLM2,SP245,REF120
0.0,1.0,,1.0,0.0,0.0,2008.0,USA.1_2,RLM2,SP245,REF120
0.0,1.0,,1.0,0.0,0.0,2008.0,USA.2_1,RLM2,SP245,REF120
,,,1.0,0.0,0.0,2008.0,USA.1_1,RLM2,SP298,REF38
,,,1.0,0.0,0.0,2008.0,USA.1_2,RLM2,SP298,REF38
,,,1.0,0.0,0.0,2008.0,USA.2_1,RLM2,SP298,REF38
,,,1.0,0.0,,,,RLM7,SP164,REF3
,,,1.0,0.0,,,,RLM7,SP10,REF3
,,,1.0,0.0,,,,RLM7,SP143,REF3
,,,1.0,0.0,,,,RLM7,SP2,REF3
,,,1.0,0.0,,,,RLM7,SP39,REF3
,,,1.0,0.0,,,,RLM7,SP48,REF3
,,,1.0,0.0,,,,RLM7,SP8,REF3
1.0,,,1.0,0.0,,,,RLM7,SP163,REF3
,,,1.0,0.0,,,,RLM7,SP165,REF3
,,,1.0,0.0,,,,RLM7,SP50,REF3
,,,1.0,0.0,,,,RLM7,SP41,REF3
,,,1.0,0.0,,,,RLM7,SP210,REF3
,,,1.0,0.0,,,,RLM7,SP38,REF3
,,,1.0,0.0,,,,RLM7,SP5,REF3
,,,1.0,0.0,,,,RLM7,SP57,REF3
,,,1.0,0.0,,,,RLM7,SP23,REF3
,,,1.0,0.0,,,,RLM7,SP154,REF3
,,,1.0,0.0,,,,RLM7,SP55,REF3
1.0,,,1.0,0.0,0.0,,,RLM7,SP166,REF24
1.0,,,1.0,0.0,0.0,,,RLM7,SP205,REF24
0.0,1.0,,1.0,0.0,0.0,,,RLM7,SP430,REF24
0.0,1.0,,1.0,0.0,0.0,,,RLM7,SP363,REF24
0.0,1.0,,1.0,0.0,0.0,,,RLM7,SP624,REF24
0.0,1.0,,1.0,0.0,0.0,,,RLM7,SP170,REF24
1.0,,,1.0,0.0,0.0,,,RLM7,SP172,REF24
1.0,,,1.0,0.0,0.0,,,RLM7,SP82,REF24
1.0,,,1.0,0.0,0.0,,,RLM7,SP472,REF24
1.0,,,1.0,0.0,0.0,,,RLM7,SP173,REF24
0.0,1.0,,1.0,0.0,0.0,,,RLM7,SP50,REF24
0.0,1.0,,1.0,0.0,0.0,,,RLM7,SP66,REF24
0.0,1.0,,1.0,0.0,0.0,,,RLM7,SP41,REF24
0.0,1.0,,1.0,0.0,0.0,,,RLM7,SP5,REF24
0.0,1.0,,1.0,0.0,0.0,,,RLM7,SP2,REF24
1.0,,,1.0,0.0,0.0,,,RLM7,SP222,REF24
0.0,1.0,,1.0,0.0,0.0,,,RLM7,SP175,REF24
1.0,,,1.0,0.0,0.0,,,RLM7,SP85,REF24
0.0,1.0,,1.0,0.0,0.0,,,RLM7,SP48,REF24
0.0,1.0,,1.0,0.0,0.0,,,RLM7,SP176,REF24
0.0,1.0,,1.0,0.0,0.0,,,RLM7,SP625,REF24
1.0,,,1.0,0.0,0.0,,,RLM7,SP213,REF24
1.0,,1.0,1.0,0.0,0.0,,,RLM7,SP241,REF121
0.0,1.0,,1.0,0.0,0.0,2016.0,SYC.1_1,RLM3,SP31,REF122
,,,1.0,0.0,,,IND.1_1,RLM4,SP1,REF3
,,,1.0,0.0,,,USA.1_1,RLM2,SP131,REF3
,,,1.0,0.0,,,USA.1_2,RLM2,SP131,REF3
,,,1.0,0.0,,,USA.2_1,RLM2,SP131,REF3
,,,0.0,0.0,,,USA.1_1,RLM2,SP73,REF3
,,,0.0,0.0,,,USA.1_2,RLM2,SP73,REF3
,,,0.0,0.0,,,USA.2_1,RLM2,SP73,REF3
0.0,1.0,,1.0,0.0,0.0,2001.0,USA.1_1,RLM2,SP626,REF2
0.0,1.0,,1.0,0.0,0.0,2001.0,USA.1_2,RLM2,SP626,REF2
0.0,1.0,,1.0,0.0,0.0,2001.0,USA.2_1,RLM2,SP626,REF2
0.0,1.0,,1.0,0.0,0.0,1989.0,USA.1_1,RLM2,SP627,REF2
0.0,1.0,,1.0,0.0,0.0,1989.0,USA.1_2,RLM2,SP627,REF2
0.0,1.0,,1.0,0.0,0.0,1989.0,USA.2_1,RLM2,SP627,REF2
0.0,1.0,1.0,1.0,0.0,0.0,1914.0,USA.1_1,RLM2,SP218,REF123
0.0,1.0,1.0,1.0,0.0,0.0,1914.0,USA.1_2,RLM2,SP218,REF123
0.0,1.0,1.0,1.0,0.0,0.0,1914.0,USA.2_1,RLM2,SP218,REF123
0.0,1.0,0.0,1.0,0.0,0.0,1989.0,,RLM7,SP76,REF124
,,,1.0,0.0,,,IDN.1_1,RLM3,SP26,REF3
,,,1.0,0.0,,,IDN.1_1,RLM3,SP160,REF3
,,,1.0,0.0,,,IDN.1_1,RLM3,SP143,REF3
,,,1.0,0.0,,,IDN.1_1,RLM3,SP28,REF3
,,,1.0,0.0,,,IDN.1_1,RLM3,SP144,REF3
,,,1.0,0.0,,,IDN.1_1,RLM3,SP53,REF3
,,,1.0,0.0,,,IDN.1_1,RLM3,SP138,REF3
,,,1.0,0.0,,,IDN.1_1,RLM3,SP23,REF3
,,,1.0,0.0,,,IDN.1_1,RLM3,SP154,REF3
,,,1.0,0.0,,,IDN.1_1,RLM3,SP604,REF3
1.0,,,1.0,0.0,0.0,2011.0,BRA.1_1,RLM1,SP628,REF125
,,,1.0,0.0,,,CAN.1_1,RLM2,SP8,REF3
0.0,1.0,,1.0,0.0,0.0,,CAN.1_1,RLM2,SP629,REF2
0.0,1.0,,1.0,0.0,0.0,,GUM.1_1,RLM3,SP227,REF18
0.0,1.0,,1.0,0.0,0.0,,GUM.1_1,RLM3,SP630,REF18
0.0,1.0,,1.0,0.0,0.0,,GUM.1_1,RLM3,SP390,REF18
0.0,1.0,,1.0,0.0,0.0,,GUM.1_1,RLM3,SP11,REF18
0.0,1.0,,1.0,0.0,0.0,,GUM.1_1,RLM3,SP631,REF18
0.0,1.0,,1.0,0.0,0.0,,GUM.1_1,RLM3,SP632,REF18
0.0,1.0,,1.0,0.0,0.0,,GUM.1_1,RLM3,SP633,REF18
0.0,1.0,,1.0,0.0,0.0,,GUM.1_1,RLM3,,REF18
0.0,1.0,,1.0,0.0,0.0,,GUM.1_1,RLM3,SP14,REF18
0.0,1.0,,1.0,0.0,0.0,,GUM.1_1,RLM3,SP360,REF18
0.0,1.0,,1.0,0.0,0.0,,GUM.1_1,RLM3,SP401,REF18
0.0,1.0,,1.0,0.0,0.0,,GUM.1_1,RLM3,SP6,REF18
1.0,,1.0,,0.0,0.0,2005.0,ZAF.1_1,RLM6,SP14,REF126
1.0,,,1.0,0.0,0.0,1986.0,ZAF.1_1,RLM6,SP14,REF127
,1.0,,1.0,0.0,,,FRA.6_1,RLM3,SP25,REF1
,,,1.0,0.0,,,FRA.6_1,RLM3,SP28,REF1
0.0,1.0,,1.0,0.0,0.0,1993.0,USA.1_1,RLM2,SP19,REF128
0.0,1.0,,1.0,0.0,0.0,1993.0,USA.1_2,RLM2,SP19,REF128
0.0,1.0,,1.0,0.0,0.0,1993.0,USA.2_1,RLM2,SP19,REF128
0.0,1.0,1.0,1.0,0.0,0.0,,USA.1_1,RLM2,SP34,REF129
0.0,1.0,1.0,1.0,0.0,0.0,,USA.1_2,RLM2,SP34,REF129
0.0,1.0,1.0,1.0,0.0,0.0,,USA.2_1,RLM2,SP34,REF129
0.0,1.0,,1.0,0.0,0.0,,USA.1_1,RLM2,,REF53
0.0,1.0,,1.0,0.0,0.0,,USA.1_2,RLM2,,REF53
0.0,1.0,,1.0,0.0,0.0,,USA.2_1,RLM2,,REF53
0.0,1.0,,1.0,0.0,0.0,2013.0,USA.1_1,RLM2,SP599,REF108
0.0,1.0,,1.0,0.0,0.0,2013.0,USA.1_2,RLM2,SP599,REF108
0.0,1.0,,1.0,0.0,0.0,2013.0,USA.2_1,RLM2,SP599,REF108
0.0,1.0,,1.0,0.0,0.0,,USA.1_1,RLM2,SP192,REF2
0.0,1.0,,1.0,0.0,0.0,,USA.1_2,RLM2,SP192,REF2
0.0,1.0,,1.0,0.0,0.0,,USA.2_1,RLM2,SP192,REF2
0.0,1.0,,1.0,0.0,0.0,1975.0,USA.1_1,RLM2,SP634,REF2
0.0,1.0,,1.0,0.0,0.0,1975.0,USA.1_2,RLM2,SP634,REF2
0.0,1.0,,1.0,0.0,0.0,1975.0,USA.2_1,RLM2,SP634,REF2
0.0,1.0,,1.0,0.0,0.0,1841.0,USA.1_1,RLM2,SP635,REF2
0.0,1.0,,1.0,0.0,0.0,1841.0,USA.1_2,RLM2,SP635,REF2
0.0,1.0,,1.0,0.0,0.0,1841.0,USA.2_1,RLM2,SP635,REF2
0.0,1.0,,1.0,0.0,0.0,1886.0,USA.1_1,RLM2,SP597,REF107
0.0,1.0,,1.0,0.0,0.0,1886.0,USA.1_2,RLM2,SP597,REF107
0.0,1.0,,1.0,0.0,0.0,1886.0,USA.2_1,RLM2,SP597,REF107
0.0,1.0,0.0,1.0,0.0,0.0,1897.0,USA.1_1,RLM2,SP218,REF123
0.0,1.0,0.0,1.0,0.0,0.0,1897.0,USA.1_2,RLM2,SP218,REF123
0.0,1.0,0.0,1.0,0.0,0.0,1897.0,USA.2_1,RLM2,SP218,REF123
0.0,1.0,0.0,1.0,0.0,1.0,,USA.1_1,RLM2,SP34,REF129
0.0,1.0,0.0,1.0,0.0,1.0,,USA.1_2,RLM2,SP34,REF129
0.0,1.0,0.0,1.0,0.0,1.0,,USA.2_1,RLM2,SP34,REF129
0.0,1.0,0.0,1.0,0.0,1.0,1869.0,USA.1_1,RLM2,SP34,REF130
0.0,1.0,0.0,1.0,0.0,1.0,1869.0,USA.1_2,RLM2,SP34,REF130
0.0,1.0,0.0,1.0,0.0,1.0,1869.0,USA.2_1,RLM2,SP34,REF130
0.0,1.0,,1.0,0.0,0.0,1990.0,USA.1_1,RLM2,SP186,REF117
0.0,1.0,,1.0,0.0,0.0,1990.0,USA.1_2,RLM2,SP186,REF117
0.0,1.0,,1.0,0.0,0.0,1990.0,USA.2_1,RLM2,SP186,REF117
0.0,1.0,,1.0,0.0,0.0,,USA.1_1,RLM2,SP599,REF108
0.0,1.0,,1.0,0.0,0.0,,USA.1_2,RLM2,SP599,REF108
0.0,1.0,,1.0,0.0,0.0,,USA.2_1,RLM2,SP599,REF108
,,,1.0,0.0,,,BRA.1_1,RLM1,SP150,REF3
0.0,1.0,,1.0,0.0,0.0,1997.0,BRA.1_1,RLM1,SP364,REF94
0.0,1.0,,1.0,0.0,0.0,2006.0,BRA.1_1,RLM1,SP23,REF131
0.0,1.0,,1.0,0.0,0.0,1997.0,BRA.1_1,RLM1,SP364,REF89
0.0,1.0,1.0,1.0,0.0,0.0,1832.0,AUS.1_1,RLM8,SP6,REF48
0.0,1.0,,1.0,0.0,0.0,1930.0,AUS.1_1,RLM8,SP6,REF64
0.0,1.0,,0.0,0.0,0.0,,USA.1_1,RLM2,SP636,REF2
0.0,1.0,,0.0,0.0,0.0,,USA.1_2,RLM2,SP636,REF2
0.0,1.0,,0.0,0.0,0.0,,USA.2_1,RLM2,SP636,REF2
0.0,1.0,,0.0,0.0,0.0,1998.0,USA.1_1,RLM2,SP97,REF132
0.0,1.0,,0.0,0.0,0.0,1998.0,USA.1_2,RLM2,SP97,REF132
0.0,1.0,,0.0,0.0,0.0,1998.0,USA.2_1,RLM2,SP97,REF132
,,,0.0,0.0,0.0,1998.0,USA.1_1,RLM2,SP637,REF132
,,,0.0,0.0,0.0,1998.0,USA.1_2,RLM2,SP637,REF132
,,,0.0,0.0,0.0,1998.0,USA.2_1,RLM2,SP637,REF132
,,,0.0,0.0,0.0,1998.0,USA.1_1,RLM2,SP638,REF132
,,,0.0,0.0,0.0,1998.0,USA.1_2,RLM2,SP638,REF132
,,,0.0,0.0,0.0,1998.0,USA.2_1,RLM2,SP638,REF132
,,,0.0,0.0,0.0,1998.0,USA.1_1,RLM2,SP639,REF132
,,,0.0,0.0,0.0,1998.0,USA.1_2,RLM2,SP639,REF132
,,,0.0,0.0,0.0,1998.0,USA.2_1,RLM2,SP639,REF132
,,,1.0,0.0,,,USA.1_1,RLM2,SP185,REF3
,,,1.0,0.0,,,USA.1_2,RLM2,SP185,REF3
,,,1.0,0.0,,,USA.2_1,RLM2,SP185,REF3
,,,1.0,0.0,,,USA.1_1,RLM2,,REF3
,,,1.0,0.0,,,USA.1_2,RLM2,,REF3
,,,1.0,0.0,,,USA.2_1,RLM2,,REF3
0.0,0.0,1.0,1.0,0.0,0.0,2006.0,USA.1_1,RLM2,SP600,REF109
0.0,0.0,1.0,1.0,0.0,0.0,2006.0,USA.1_2,RLM2,SP600,REF109
0.0,0.0,1.0,1.0,0.0,0.0,2006.0,USA.2_1,RLM2,SP600,REF109
0.0,1.0,,1.0,0.0,0.0,2022.0,BRA.1_1,RLM1,SP640,REF133
0.0,1.0,,1.0,0.0,0.0,2018.0,BRA.1_1,RLM1,SP640,REF134
0.0,1.0,,1.0,0.0,0.0,,USA.1_1,RLM2,SP597,REF107
0.0,1.0,,1.0,0.0,0.0,,USA.1_2,RLM2,SP597,REF107
0.0,1.0,,1.0,0.0,0.0,,USA.2_1,RLM2,SP597,REF107
,,,0.0,0.0,,,USA.1_1,RLM2,SP108,REF3
,,,0.0,0.0,,,USA.1_2,RLM2,SP108,REF3
,,,0.0,0.0,,,USA.2_1,RLM2,SP108,REF3
0.0,1.0,,1.0,0.0,0.0,1985.0,USA.1_1,RLM2,SP634,REF2
0.0,1.0,,1.0,0.0,0.0,1985.0,USA.1_2,RLM2,SP634,REF2
0.0,1.0,,1.0,0.0,0.0,1985.0,USA.2_1,RLM2,SP634,REF2
1.0,,,1.0,0.0,0.0,2012.0,IDN.1_1,RLM3,SP31,REF23
0.0,1.0,,1.0,0.0,0.0,2005.0,,RLM7,,REF7
0.0,1.0,0.0,1.0,0.0,0.0,1985.0,,RLM7,SP69,REF16
0.0,1.0,,1.0,0.0,0.0,1985.0,,RLM7,SP69,REF135
0.0,1.0,,1.0,0.0,0.0,1985.0,,RLM7,SP69,REF57
,1.0,,1.0,0.0,,,JPN.1_1,RLM4,SP641,REF82
,1.0,,1.0,0.0,,,JPN.1_1,RLM4,SP642,REF82
,1.0,,1.0,0.0,,,JPN.1_1,RLM4,SP643,REF82
,1.0,,1.0,0.0,,,JPN.1_1,RLM4,SP644,REF82
,1.0,,1.0,0.0,,,JPN.1_1,RLM4,SP645,REF82
,1.0,,1.0,0.0,,,JPN.1_1,RLM4,SP646,REF82
,1.0,,1.0,0.0,,,JPN.1_1,RLM4,SP647,REF82
,1.0,,1.0,0.0,,,JPN.1_1,RLM4,SP648,REF82
,1.0,,1.0,0.0,,,JPN.1_1,RLM4,SP649,REF82
,1.0,,1.0,0.0,,,JPN.1_1,RLM4,SP650,REF82
,1.0,,1.0,0.0,,,JPN.1_1,RLM4,SP309,REF82
,1.0,,1.0,0.0,,,JPN.1_1,RLM4,SP651,REF82
,1.0,,1.0,0.0,,,JPN.1_1,RLM4,SP652,REF82
,1.0,,1.0,0.0,,,JPN.1_1,RLM4,SP447,REF82
,1.0,,1.0,0.0,,,JPN.1_1,RLM4,SP553,REF82
,1.0,,1.0,0.0,,,JPN.1_1,RLM4,SP653,REF82
,1.0,,1.0,0.0,,,JPN.1_1,RLM4,SP654,REF82
,1.0,,1.0,0.0,,,JPN.1_1,RLM4,SP36,REF82
,1.0,,1.0,0.0,,,JPN.1_1,RLM4,SP655,REF82
,1.0,,1.0,0.0,,,JPN.1_1,RLM4,SP656,REF82
,1.0,,1.0,0.0,,,JPN.1_1,RLM4,SP23,REF82
,1.0,,1.0,0.0,,,JPN.1_1,RLM4,SP657,REF82
,1.0,,1.0,0.0,,,JPN.1_1,RLM4,SP146,REF82
,1.0,,1.0,0.0,,,JPN.1_1,RLM4,SP658,REF82
,1.0,,1.0,0.0,,,JPN.1_1,RLM4,SP659,REF82
,1.0,,1.0,0.0,,,JPN.1_1,RLM4,SP503,REF82
,1.0,,1.0,0.0,,,JPN.1_1,RLM4,SP509,REF82
,1.0,,1.0,0.0,,,JPN.1_1,RLM4,SP41,REF82
,1.0,,1.0,0.0,,,JPN.1_1,RLM4,SP660,REF82
,1.0,,1.0,0.0,,,JPN.1_1,RLM4,SP514,REF82
,1.0,,1.0,0.0,,,JPN.1_1,RLM4,SP515,REF82
,1.0,,1.0,0.0,,,JPN.1_1,RLM4,SP661,REF82
,1.0,,1.0,0.0,,,JPN.1_1,RLM4,SP662,REF82
,1.0,,1.0,0.0,,,JPN.1_1,RLM4,SP663,REF82
,1.0,,1.0,0.0,,,JPN.1_1,RLM4,SP17,REF82
,1.0,,1.0,0.0,,,JPN.1_1,RLM4,SP393,REF82
,1.0,,1.0,0.0,,,JPN.1_1,RLM4,SP520,REF82
,1.0,,1.0,0.0,,,JPN.1_1,RLM4,SP5,REF82
,1.0,,1.0,0.0,,,JPN.1_1,RLM4,SP6,REF82
,1.0,,1.0,0.0,,,JPN.1_1,RLM4,SP175,REF82
,1.0,,1.0,0.0,,,JPN.1_1,RLM4,SP14,REF82
,1.0,,1.0,0.0,,,JPN.1_1,RLM4,SP664,REF82
,1.0,,1.0,0.0,,,JPN.1_1,RLM4,SP151,REF82
,1.0,,1.0,0.0,,,JPN.1_1,RLM4,SP27,REF82
,1.0,,1.0,0.0,,,JPN.1_1,RLM4,SP665,REF82
,1.0,,1.0,0.0,,,JPN.1_1,RLM4,SP666,REF82
,1.0,,1.0,0.0,,,JPN.1_1,RLM4,SP90,REF82
,1.0,,1.0,0.0,,,JPN.1_1,RLM4,SP667,REF82
1.0,,,1.0,0.0,,,CHN.1_1,RLM7,SP163,REF3
1.0,,,1.0,0.0,,,CHN.2_1,RLM7,SP163,REF3
1.0,,,1.0,0.0,,,CHN.3_1,RLM7,SP163,REF3
,,,1.0,0.0,,,CAN.1_1,RLM2,SP218,REF3
,,,1.0,0.0,,,CAN.1_1,RLM2,SP34,REF3
,,,1.0,0.0,,,CAN.1_1,RLM2,SP219,REF3
,,,1.0,0.0,,,CAN.1_1,RLM2,SP68,REF3
0.0,1.0,,1.0,0.0,0.0,,CAN.1_1,RLM2,SP626,REF2
0.0,1.0,,1.0,0.0,0.0,,CAN.1_1,RLM2,SP668,REF2
0.0,1.0,1.0,1.0,0.0,0.0,1936.0,CAN.1_1,RLM2,SP34,REF15
0.0,1.0,,1.0,0.0,0.0,,CAN.1_1,RLM2,SP57,REF15
0.0,1.0,1.0,1.0,0.0,0.0,1922.0,USA.1_1,RLM2,SP218,REF123
0.0,1.0,1.0,1.0,0.0,0.0,1922.0,USA.1_2,RLM2,SP218,REF123
0.0,1.0,1.0,1.0,0.0,0.0,1922.0,USA.2_1,RLM2,SP218,REF123
0.0,1.0,,0.0,0.0,0.0,,USA.1_1,RLM2,SP64,REF2
0.0,1.0,,0.0,0.0,0.0,,USA.1_2,RLM2,SP64,REF2
0.0,1.0,,0.0,0.0,0.0,,USA.2_1,RLM2,SP64,REF2
,,,1.0,0.0,0.0,1913.0,USA.1_1,RLM2,SP669,REF136
,,,1.0,0.0,0.0,1913.0,USA.1_2,RLM2,SP669,REF136
,,,1.0,0.0,0.0,1913.0,USA.2_1,RLM2,SP669,REF136
,,,1.0,0.0,,,AUS.1_1,RLM8,SP143,REF3
,,,1.0,0.0,,,AUS.1_1,RLM8,SP2,REF3
,,,1.0,0.0,,,AUS.1_1,RLM8,SP22,REF3
,,,1.0,0.0,,,AUS.1_1,RLM8,SP8,REF3
,,,1.0,0.0,,,AUS.1_1,RLM8,SP28,REF3
,,,1.0,0.0,,,AUS.1_1,RLM8,SP144,REF3
,,,1.0,0.0,,,AUS.1_1,RLM8,SP161,REF3
,,,1.0,0.0,,,AUS.1_1,RLM8,SP162,REF3
,,,1.0,0.0,,,AUS.1_1,RLM8,SP155,REF3
,,,1.0,0.0,,,AUS.1_1,RLM8,SP165,REF3
,,,1.0,0.0,,,AUS.1_1,RLM8,SP47,REF3
,,,1.0,0.0,,,AUS.1_1,RLM8,SP15,REF3
,,,1.0,0.0,,,AUS.1_1,RLM8,SP138,REF3
,,,1.0,0.0,,,AUS.1_1,RLM8,SP5,REF3
,,,1.0,0.0,,,AUS.1_1,RLM8,SP23,REF3
,,,1.0,0.0,,,AUS.1_1,RLM8,SP670,REF3
,,,1.0,0.0,,,AUS.1_1,RLM8,SP154,REF3
,,,1.0,0.0,,,AUS.1_1,RLM8,SP7,REF3
0.0,1.0,,1.0,0.0,0.0,2020.0,AUS.1_1,RLM8,SP8,REF137
0.0,1.0,,1.0,0.0,0.0,2009.0,USA.1_1,RLM2,SP68,REF55
0.0,1.0,,1.0,0.0,0.0,2009.0,USA.1_2,RLM2,SP68,REF55
0.0,1.0,,1.0,0.0,0.0,2009.0,USA.2_1,RLM2,SP68,REF55
0.0,1.0,,1.0,0.0,0.0,2000.0,USA.1_1,RLM2,SP191,REF2
0.0,1.0,,1.0,0.0,0.0,2000.0,USA.1_2,RLM2,SP191,REF2
0.0,1.0,,1.0,0.0,0.0,2000.0,USA.2_1,RLM2,SP191,REF2
0.0,1.0,,1.0,0.0,0.0,2007.0,USA.1_1,RLM2,SP671,REF2
0.0,1.0,,1.0,0.0,0.0,2007.0,USA.1_2,RLM2,SP671,REF2
0.0,1.0,,1.0,0.0,0.0,2007.0,USA.2_1,RLM2,SP671,REF2
0.0,1.0,,1.0,0.0,0.0,1913.0,USA.1_1,RLM2,SP57,REF2
0.0,1.0,,1.0,0.0,0.0,1913.0,USA.1_2,RLM2,SP57,REF2
0.0,1.0,,1.0,0.0,0.0,1913.0,USA.2_1,RLM2,SP57,REF2
0.0,1.0,,1.0,0.0,0.0,1928.0,USA.1_1,RLM2,SP184,REF35
0.0,1.0,,1.0,0.0,0.0,1928.0,USA.1_2,RLM2,SP184,REF35
0.0,1.0,,1.0,0.0,0.0,1928.0,USA.2_1,RLM2,SP184,REF35
0.0,1.0,,1.0,0.0,0.0,,USA.1_1,RLM2,SP672,REF60
0.0,1.0,,1.0,0.0,0.0,,USA.1_2,RLM2,SP672,REF60
0.0,1.0,,1.0,0.0,0.0,,USA.2_1,RLM2,SP672,REF60
0.0,1.0,,1.0,0.0,0.0,2015.0,USA.1_1,RLM2,SP599,REF108
0.0,1.0,,1.0,0.0,0.0,2015.0,USA.1_2,RLM2,SP599,REF108
0.0,1.0,,1.0,0.0,0.0,2015.0,USA.2_1,RLM2,SP599,REF108
0.0,1.0,,1.0,0.0,0.0,2009.0,USA.1_1,RLM2,SP68,REF138
0.0,1.0,,1.0,0.0,0.0,2009.0,USA.1_2,RLM2,SP68,REF138
0.0,1.0,,1.0,0.0,0.0,2009.0,USA.2_1,RLM2,SP68,REF138
0.0,1.0,,1.0,0.0,0.0,,CAN.1_1,RLM2,SP627,REF2
,,,1.0,0.0,0.0,2009.0,CAN.1_1,RLM2,SP673,REF2
0.0,1.0,,1.0,0.0,0.0,1981.0,CAN.1_1,RLM2,SP674,REF2
0.0,1.0,,1.0,0.0,0.0,2009.0,CAN.1_1,RLM2,SP675,REF2
0.0,1.0,,1.0,0.0,0.0,1985.0,CAN.1_1,RLM2,SP634,REF2
0.0,1.0,,1.0,0.0,0.0,,CAN.1_1,RLM2,SP676,REF2
0.0,1.0,,1.0,0.0,0.0,2002.0,,RLM7,SP69,REF16
0.0,1.0,,1.0,0.0,0.0,,USA.4_1,RLM3,SP365,REF90
0.0,1.0,,1.0,0.0,0.0,,USA.6_1,RLM3,SP365,REF90
,,,0.0,0.0,,,,RLM7,SP5,REF3
,,,1.0,0.0,,,AUS.1_1,RLM8,SP142,REF3
,,,1.0,0.0,,,AUS.1_1,RLM8,SP150,REF3
,,,1.0,0.0,,,AUS.1_1,RLM8,SP151,REF3
,,,1.0,0.0,,,AUS.1_1,RLM8,SP40,REF3
,,,0.0,0.0,,,AUS.1_1,RLM8,SP53,REF3
,,,1.0,0.0,,,AUS.1_1,RLM8,SP146,REF3
,,,1.0,0.0,,,AUS.1_1,RLM8,SP17,REF3
,0.0,,1.0,0.0,,,AUS.1_1,RLM8,SP147,REF3
0.0,1.0,,1.0,0.0,1.0,1989.0,AUS.1_1,RLM8,SP102,REF139
0.0,1.0,,1.0,0.0,1.0,1989.0,AUS.1_1,RLM8,SP677,REF139
0.0,1.0,,1.0,0.0,0.0,1913.0,CAN.1_1,RLM2,SP194,REF2
0.0,1.0,,1.0,0.0,0.0,2000.0,CAN.1_1,RLM2,SP184,REF35
,,,1.0,0.0,0.0,1979.0,CAN.1_1,RLM2,SP43,REF38
0.0,1.0,,1.0,0.0,0.0,1930.0,CAN.1_1,RLM2,SP186,REF117
0.0,1.0,0.0,1.0,0.0,0.0,1930.0,CAN.1_1,RLM2,SP186,REF39
0.0,1.0,,1.0,0.0,0.0,2008.0,,RLM7,SP69,REF16
1.0,,,,0.0,0.0,2017.0,,RLM7,SP678,REF46
1.0,,,,0.0,0.0,2017.0,,RLM7,SP679,REF46
,0.0,,1.0,0.0,,,IDN.1_1,RLM4,SP147,REF3
1.0,,1.0,0.0,0.0,0.0,1991.0,,RLM7,SP235,REF68
0.0,0.0,1.0,1.0,0.0,0.0,1992.0,,RLM7,SP610,REF68
0.0,0.0,1.0,0.0,0.0,0.0,2011.0,,RLM7,,REF68
0.0,0.0,1.0,0.0,0.0,0.0,2013.0,,RLM7,SP621,REF68
0.0,0.0,1.0,0.0,0.0,0.0,2021.0,,RLM7,SP681,REF68
0.0,0.0,1.0,1.0,0.0,0.0,2017.0,,RLM7,SP238,REF68
0.0,0.0,1.0,1.0,0.0,0.0,2003.0,,RLM7,SP613,REF68
0.0,0.0,1.0,1.0,0.0,0.0,2005.0,,RLM7,SP239,REF68
0.0,0.0,1.0,0.0,0.0,0.0,2017.0,,RLM7,SP615,REF68
1.0,,,1.0,0.0,0.0,1990.0,,RLM7,SP240,REF68
0.0,0.0,1.0,0.0,0.0,0.0,2005.0,,RLM7,SP616,REF68
0.0,0.0,1.0,1.0,0.0,0.0,1998.0,,RLM7,SP241,REF68
,1.0,,1.0,0.0,,,JPN.1_1,RLM4,SP44,REF82
,1.0,,1.0,0.0,,,JPN.1_1,RLM4,SP4,REF82
,1.0,,1.0,0.0,,1951.0,JPN.1_1,RLM4,SP645,REF83
,1.0,,1.0,0.0,,1970.0,JPN.1_1,RLM4,SP44,REF83
,1.0,,1.0,0.0,,,JPN.1_1,RLM4,SP23,REF83
,1.0,,1.0,0.0,,1994.0,JPN.1_1,RLM4,SP4,REF83
,1.0,,1.0,0.0,,1999.0,JPN.1_1,RLM4,SP41,REF83
,1.0,,1.0,0.0,,,JPN.1_1,RLM4,SP514,REF83
,1.0,,1.0,0.0,,1970.0,JPN.1_1,RLM4,SP662,REF83
,1.0,,1.0,0.0,,1958.0,JPN.1_1,RLM4,SP6,REF83
,1.0,,1.0,0.0,,,JPN.1_1,RLM4,SP175,REF83
,1.0,,1.0,0.0,,,JPN.1_1,RLM4,SP14,REF83
,1.0,,1.0,0.0,,1987.0,JPN.1_1,RLM4,SP667,REF83
0.0,,,1.0,0.0,0.0,,JPN.1_1,RLM4,SP4,REF104
0.0,,,1.0,0.0,0.0,,JPN.1_1,RLM4,SP667,REF104
1.0,,,1.0,0.0,0.0,,JPN.1_1,RLM4,SP23,REF104
1.0,,,1.0,0.0,0.0,,JPN.1_1,RLM4,SP682,REF104
0.0,,,1.0,0.0,0.0,,JPN.1_1,RLM4,SP514,REF104
0.0,,,1.0,0.0,0.0,,JPN.1_1,RLM4,SP6,REF104
0.0,,,1.0,0.0,0.0,,JPN.1_1,RLM4,SP683,REF104
0.0,,,1.0,0.0,0.0,,JPN.1_1,RLM4,SP175,REF104
0.0,,,1.0,0.0,0.0,,JPN.1_1,RLM4,SP447,REF104
0.0,,,1.0,0.0,0.0,,JPN.1_1,RLM4,SP41,REF104
0.0,,,1.0,0.0,0.0,,JPN.1_1,RLM4,SP645,REF104
,1.0,,1.0,0.0,,1984.0,JPN.1_1,RLM4,SP641,REF83
,1.0,,1.0,0.0,,1983.0,JPN.1_1,RLM4,SP642,REF83
,1.0,,1.0,0.0,,1988.0,JPN.1_1,RLM4,SP643,REF83
,1.0,,1.0,0.0,,1967.0,JPN.1_1,RLM4,SP644,REF83
,1.0,,1.0,0.0,,1937.0,JPN.1_1,RLM4,SP645,REF83
,1.0,,1.0,0.0,,,JPN.1_1,RLM4,SP646,REF83
,1.0,,1.0,0.0,,1992.0,JPN.1_1,RLM4,SP684,REF83
,1.0,,1.0,0.0,,1992.0,JPN.1_1,RLM4,SP648,REF83
,1.0,,1.0,0.0,,1989.0,JPN.1_1,RLM4,SP649,REF83
,1.0,,1.0,0.0,,1990.0,JPN.1_1,RLM4,SP650,REF83
,1.0,,1.0,0.0,,1920.0,JPN.1_1,RLM4,SP169,REF83
,1.0,,1.0,0.0,,1989.0,JPN.1_1,RLM4,SP651,REF83
,1.0,,1.0,0.0,,1973.0,JPN.1_1,RLM4,SP652,REF83
,1.0,,1.0,0.0,,1966.0,JPN.1_1,RLM4,SP447,REF83
,1.0,,1.0,0.0,,1995.0,JPN.1_1,RLM4,SP553,REF83
,1.0,,1.0,0.0,,2005.0,JPN.1_1,RLM4,SP653,REF83
,1.0,,1.0,0.0,,2002.0,JPN.1_1,RLM4,SP654,REF83
,1.0,,1.0,0.0,,1971.0,JPN.1_1,RLM4,SP36,REF83
,1.0,,1.0,0.0,,,JPN.1_1,RLM4,SP655,REF83
,1.0,,1.0,0.0,,1992.0,JPN.1_1,RLM4,SP656,REF83
,1.0,,1.0,0.0,,1988.0,JPN.1_1,RLM4,SP657,REF83
,1.0,,1.0,0.0,,1964.0,JPN.1_1,RLM4,SP146,REF83
,1.0,,1.0,0.0,,1997.0,JPN.1_1,RLM4,SP658,REF83
,1.0,,1.0,0.0,,1995.0,JPN.1_1,RLM4,SP659,REF83
,1.0,,1.0,0.0,,,JPN.1_1,RLM4,SP503,REF83
,1.0,,1.0,0.0,,1941.0,JPN.1_1,RLM4,SP509,REF83
,1.0,,1.0,0.0,,1968.0,JPN.1_1,RLM4,SP685,REF83
,1.0,,1.0,0.0,,,JPN.1_1,RLM4,SP561,REF83
,1.0,,1.0,0.0,,2000.0,JPN.1_1,RLM4,SP661,REF83
,1.0,,1.0,0.0,,1982.0,JPN.1_1,RLM4,SP663,REF83
,1.0,,1.0,0.0,,,JPN.1_1,RLM4,SP17,REF83
,1.0,,1.0,0.0,,1986.0,JPN.1_1,RLM4,SP393,REF83
,1.0,,1.0,0.0,,,JPN.1_1,RLM4,SP520,REF83
,1.0,,1.0,0.0,,1967.0,JPN.1_1,RLM4,SP5,REF83
,1.0,,1.0,0.0,,,JPN.1_1,RLM4,SP664,REF83
,1.0,,1.0,0.0,,,JPN.1_1,RLM4,SP151,REF83
,1.0,,1.0,0.0,,,JPN.1_1,RLM4,SP27,REF83
,1.0,,1.0,0.0,,1990.0,JPN.1_1,RLM4,SP665,REF83
,1.0,,1.0,0.0,,1973.0,JPN.1_1,RLM4,SP666,REF83
,1.0,,1.0,0.0,,,JPN.1_1,RLM4,SP90,REF83
,1.0,,1.0,0.0,,2019.0,JPN.1_1,RLM4,SP8,REF83
0.0,,,1.0,0.0,0.0,,JPN.1_1,RLM4,SP656,REF104
0.0,,,1.0,0.0,0.0,,JPN.1_1,RLM4,SP17,REF104
0.0,,,1.0,0.0,0.0,,JPN.1_1,RLM4,SP5,REF104
0.0,,,1.0,0.0,0.0,,JPN.1_1,RLM4,SP27,REF104
0.0,,,1.0,0.0,0.0,,JPN.1_1,RLM4,SP686,REF104
0.0,,,1.0,0.0,0.0,,JPN.1_1,RLM4,SP649,REF104
0.0,,,1.0,0.0,0.0,,JPN.1_1,RLM4,SP650,REF104
0.0,,,1.0,0.0,0.0,,JPN.1_1,RLM4,SP646,REF104
0.0,,,1.0,0.0,0.0,,JPN.1_1,RLM4,SP36,REF104
0.0,,,1.0,0.0,0.0,,JPN.1_1,RLM4,,REF104
0.0,,,1.0,0.0,0.0,,JPN.1_1,RLM4,SP666,REF104
0.0,,,1.0,0.0,0.0,,JPN.1_1,RLM4,SP688,REF104
0.0,,,1.0,0.0,0.0,,JPN.1_1,RLM4,SP83,REF104
0.0,,,1.0,0.0,0.0,,JPN.1_1,RLM4,SP663,REF104
0.0,,,1.0,0.0,0.0,,JPN.1_1,RLM4,SP689,REF104
0.0,,,1.0,0.0,0.0,,JPN.1_1,RLM4,SP648,REF104
0.0,,,1.0,0.0,0.0,,JPN.1_1,RLM4,SP393,REF104
0.0,,,1.0,0.0,0.0,,JPN.1_1,RLM4,SP520,REF104
0.0,,,1.0,0.0,0.0,,JPN.1_1,RLM4,,REF104
0.0,,,1.0,0.0,0.0,,JPN.1_1,RLM4,SP690,REF104
0.0,,,1.0,0.0,0.0,,JPN.1_1,RLM4,SP652,REF104
0.0,,,1.0,0.0,1.0,,JPN.1_1,RLM4,SP691,REF104
0.0,,,1.0,0.0,0.0,,JPN.1_1,RLM4,SP661,REF104
0.0,,,1.0,0.0,0.0,,JPN.1_1,RLM4,SP692,REF104
0.0,,,1.0,0.0,0.0,,JPN.1_1,RLM4,SP685,REF104
0.0,,,1.0,0.0,0.0,,JPN.1_1,RLM4,,REF104
0.0,,,1.0,0.0,0.0,,JPN.1_1,RLM4,SP643,REF104
0.0,,,1.0,0.0,0.0,,JPN.1_1,RLM4,,REF104
0.0,,,1.0,0.0,0.0,,JPN.1_1,RLM4,SP655,REF104
0.0,,,1.0,0.0,0.0,,JPN.1_1,RLM4,SP653,REF104
0.0,,,1.0,0.0,0.0,,JPN.1_1,RLM4,SP166,REF104
0.0,,,1.0,0.0,0.0,,JPN.1_1,RLM4,SP169,REF104
0.0,,,1.0,0.0,0.0,,JPN.1_1,RLM4,SP651,REF104
0.0,,,1.0,0.0,0.0,,JPN.1_1,RLM4,SP654,REF104
0.0,,,1.0,0.0,0.0,,JPN.1_1,RLM4,SP146,REF104
0.0,,,1.0,0.0,0.0,,JPN.1_1,RLM4,SP509,REF104
0.0,,,1.0,0.0,0.0,,JPN.1_1,RLM4,SP561,REF104
0.0,1.0,,1.0,0.0,0.0,,JPN.1_1,RLM4,SP664,REF104
0.0,,,1.0,0.0,0.0,,JPN.1_1,RLM4,SP151,REF104
0.0,,,1.0,0.0,0.0,,JPN.1_1,RLM4,SP693,REF104
0.0,,,1.0,0.0,0.0,,JPN.1_1,RLM4,SP503,REF104
0.0,,,1.0,0.0,0.0,,JPN.1_1,RLM4,SP90,REF104
0.0,,,1.0,0.0,0.0,,JPN.1_1,RLM4,SP665,REF104
0.0,1.0,,1.0,0.0,0.0,,USA.1_1,RLM2,SP133,REF2
0.0,1.0,,1.0,0.0,0.0,,USA.1_2,RLM2,SP133,REF2
0.0,1.0,,1.0,0.0,0.0,,USA.2_1,RLM2,SP133,REF2
1.0,,,,0.0,0.0,2017.0,,RLM7,SP694,REF46
,,,1.0,0.0,,,CAN.1_1,RLM2,SP137,REF3
,,,1.0,0.0,,,CAN.1_1,RLM2,SP105,REF3
,,,1.0,0.0,,,CAN.1_1,RLM2,SP80,REF3
,,,1.0,0.0,,,CAN.1_1,RLM2,SP101,REF3
,,,1.0,0.0,,,CAN.1_1,RLM2,SP107,REF3
,,,1.0,0.0,,,CAN.1_1,RLM2,SP15,REF3
,,,1.0,0.0,,,CAN.1_1,RLM2,SP215,REF3
,,,1.0,0.0,,,CAN.1_1,RLM2,SP108,REF3
,,,1.0,0.0,,,CAN.1_1,RLM2,SP73,REF3
0.0,1.0,,1.0,0.0,0.0,,CAN.1_1,RLM2,SP695,REF2
0.0,1.0,,1.0,0.0,0.0,,CAN.1_1,RLM2,SP696,REF2
0.0,1.0,,1.0,0.0,0.0,,CAN.1_1,RLM2,SP217,REF2
0.0,1.0,,1.0,0.0,0.0,1956.0,CAN.1_1,RLM2,SP634,REF2
0.0,1.0,,1.0,0.0,0.0,,CAN.1_1,RLM2,SP598,REF2
0.0,1.0,,1.0,0.0,0.0,1862.0,CAN.1_1,RLM2,SP672,REF60
0.0,1.0,,1.0,0.0,0.0,1940.0,CAN.1_1,RLM2,SP15,REF25
0.0,1.0,,1.0,0.0,0.0,,CAN.1_1,RLM2,SP15,REF25
,,,1.0,0.0,0.0,2008.0,CAN.1_1,RLM2,SP196,REF38
0.0,1.0,,1.0,0.0,0.0,1933.0,CAN.1_1,RLM2,SP197,REF40
0.0,1.0,,1.0,0.0,0.0,2015.0,CAN.1_1,RLM2,SP599,REF108
0.0,0.0,1.0,1.0,0.0,0.0,2008.0,CAN.1_1,RLM2,SP600,REF109
0.0,1.0,,1.0,0.0,0.0,2007.0,CAN.1_1,RLM2,SP68,REF140
0.0,1.0,,1.0,0.0,0.0,2008.0,CAN.1_1,RLM2,SP45,REF141
0.0,1.0,,1.0,0.0,0.0,1989.0,CAN.1_1,RLM2,SP19,REF14
0.0,1.0,,1.0,0.0,0.0,2018.0,CAN.1_1,RLM2,SP42,REF115
,,,1.0,0.0,,,USA.1_1,RLM2,SP55,REF3
,,,1.0,0.0,,,USA.1_2,RLM2,SP55,REF3
,,,1.0,0.0,,,USA.2_1,RLM2,SP55,REF3
0.0,1.0,,1.0,0.0,0.0,1876.0,USA.1_1,RLM2,SP110,REF12
0.0,1.0,,1.0,0.0,0.0,1876.0,USA.1_2,RLM2,SP110,REF12
0.0,1.0,,1.0,0.0,0.0,1876.0,USA.2_1,RLM2,SP110,REF12
0.0,1.0,,1.0,0.0,0.0,2005.0,USA.1_1,RLM2,SP191,REF2
0.0,1.0,,1.0,0.0,0.0,2005.0,USA.1_2,RLM2,SP191,REF2
0.0,1.0,,1.0,0.0,0.0,2005.0,USA.2_1,RLM2,SP191,REF2
0.0,1.0,,1.0,0.0,0.0,2000.0,USA.1_1,RLM2,SP61,REF2
0.0,1.0,,1.0,0.0,0.0,2000.0,USA.1_2,RLM2,SP61,REF2
0.0,1.0,,1.0,0.0,0.0,2000.0,USA.2_1,RLM2,SP61,REF2
0.0,1.0,,1.0,0.0,0.0,2011.0,USA.1_1,RLM2,SP19,REF13
0.0,1.0,,1.0,0.0,0.0,2011.0,USA.1_2,RLM2,SP19,REF13
0.0,1.0,,1.0,0.0,0.0,2011.0,USA.2_1,RLM2,SP19,REF13
0.0,1.0,,1.0,0.0,0.0,1960.0,USA.1_1,RLM2,SP597,REF107
0.0,1.0,,1.0,0.0,0.0,1960.0,USA.1_2,RLM2,SP597,REF107
0.0,1.0,,1.0,0.0,0.0,1960.0,USA.2_1,RLM2,SP597,REF107
0.0,1.0,,1.0,0.0,0.0,,USA.1_1,RLM2,SP61,REF37
0.0,1.0,,1.0,0.0,0.0,,USA.1_2,RLM2,SP61,REF37
0.0,1.0,,1.0,0.0,0.0,,USA.2_1,RLM2,SP61,REF37
,,,1.0,0.0,0.0,2005.0,USA.1_1,RLM2,SP697,REF38
,,,1.0,0.0,0.0,2005.0,USA.1_2,RLM2,SP697,REF38
,,,1.0,0.0,0.0,2005.0,USA.2_1,RLM2,SP697,REF38
0.0,1.0,,1.0,0.0,0.0,1950.0,USA.1_1,RLM2,SP186,REF39
0.0,1.0,,1.0,0.0,0.0,1950.0,USA.1_2,RLM2,SP186,REF39
0.0,1.0,,1.0,0.0,0.0,1950.0,USA.2_1,RLM2,SP186,REF39
0.0,1.0,,1.0,0.0,0.0,1980.0,USA.1_1,RLM2,SP186,REF142
0.0,1.0,,1.0,0.0,0.0,1980.0,USA.1_2,RLM2,SP186,REF142
0.0,1.0,,1.0,0.0,0.0,1980.0,USA.2_1,RLM2,SP186,REF142
0.0,1.0,,1.0,0.0,0.0,1972.0,USA.1_1,RLM2,,REF53
0.0,1.0,,1.0,0.0,0.0,1972.0,USA.1_2,RLM2,,REF53
0.0,1.0,,1.0,0.0,0.0,1972.0,USA.2_1,RLM2,,REF53
0.0,1.0,,1.0,0.0,0.0,1993.0,CAN.1_1,RLM2,SP68,REF55
0.0,1.0,,1.0,0.0,0.0,1993.0,CAN.1_1,RLM2,SP68,REF143
0.0,1.0,,1.0,0.0,0.0,,BRA.1_1,RLM1,SP364,REF94
1.0,,,1.0,0.0,0.0,2014.0,BRA.1_1,RLM1,SP698,REF144
0.0,1.0,,1.0,0.0,0.0,2020.0,BRA.1_1,RLM1,SP364,REF145
0.0,1.0,,1.0,0.0,0.0,,BRA.1_1,RLM1,SP10,REF146
0.0,1.0,,1.0,0.0,0.0,2008.0,BRA.1_1,RLM1,SP23,REF17
,,,1.0,0.0,,,BRA.1_1,RLM1,SP165,REF3
,,,1.0,0.0,,,BRA.1_1,RLM1,SP15,REF3
0.0,0.0,1.0,1.0,0.0,0.0,2006.0,,RLM7,,REF68
0.0,0.0,1.0,0.0,0.0,0.0,1993.0,,RLM7,SP699,REF68
0.0,0.0,1.0,1.0,0.0,0.0,2006.0,,RLM7,SP601,REF68
,,,0.0,0.0,,,USA.1_1,RLM2,SP46,REF3
,,,0.0,0.0,,,USA.1_2,RLM2,SP46,REF3
,,,0.0,0.0,,,USA.2_1,RLM2,SP46,REF3
0.0,0.0,1.0,1.0,0.0,0.0,2009.0,USA.1_1,RLM2,SP600,REF109
0.0,0.0,1.0,1.0,0.0,0.0,2009.0,USA.1_2,RLM2,SP600,REF109
0.0,0.0,1.0,1.0,0.0,0.0,2009.0,USA.2_1,RLM2,SP600,REF109
0.0,1.0,,1.0,0.0,0.0,2006.0,USA.1_1,RLM2,SP186,REF117
0.0,1.0,,1.0,0.0,0.0,2006.0,USA.1_2,RLM2,SP186,REF117
0.0,1.0,,1.0,0.0,0.0,2006.0,USA.2_1,RLM2,SP186,REF117
0.0,1.0,1.0,1.0,0.0,0.0,2006.0,MDA.1_1,RLM7,SP215,REF147
0.0,1.0,,0.0,0.0,1.0,1985.0,,RLM7,SP700,REF148
0.0,1.0,1.0,1.0,0.0,0.0,2016.0,,RLM7,SP623,REF149
0.0,1.0,,1.0,0.0,0.0,2010.0,CAN.1_1,RLM2,SP68,REF138
0.0,1.0,,1.0,0.0,,,USA.3_1,RLM9,SP7,REF8
,,,1.0,0.0,,,IND.1_1,RLM4,SP34,REF3
,,,1.0,0.0,,,IND.1_1,RLM4,SP31,REF3
,,,1.0,0.0,,,CHN.1_1,RLM5,SP243,REF3
,,,1.0,0.0,,,CHN.2_1,RLM5,SP243,REF3
,,,1.0,0.0,,,CHN.3_1,RLM5,SP243,REF3
0.0,1.0,,1.0,0.0,0.0,2012.0,CHN.1_1,RLM4,SP607,REF113
0.0,1.0,,1.0,0.0,0.0,2012.0,CHN.2_1,RLM4,SP607,REF113
0.0,1.0,,1.0,0.0,0.0,2012.0,CHN.3_1,RLM4,SP607,REF113
0.0,1.0,,1.0,0.0,0.0,1994.0,CAN.1_1,RLM2,SP695,REF2
0.0,1.0,,1.0,0.0,0.0,1993.0,CAN.1_1,RLM2,SP19,REF128
0.0,1.0,,1.0,0.0,0.0,2006.0,CAN.1_1,RLM2,SP186,REF117
0.0,1.0,,1.0,0.0,0.0,,CAN.1_1,RLM2,SP599,REF108
0.0,1.0,1.0,1.0,0.0,0.0,1924.0,CAN.1_1,RLM2,SP34,REF15
0.0,0.0,1.0,1.0,0.0,0.0,2009.0,CAN.1_1,RLM2,SP600,REF150
0.0,1.0,,1.0,0.0,0.0,,CAN.1_1,RLM2,SP672,REF60
,,,0.0,0.0,,,AUS.1_1,RLM8,SP160,REF3
,,,0.0,1.0,,,AUS.1_1,RLM8,SP53,REF3
,,,1.0,0.0,,,AUS.1_1,RLM8,SP604,REF3
,,,0.0,0.0,,,AUS.1_1,RLM8,SP157,REF3
0.0,1.0,0.0,,0.0,0.0,,AUS.1_1,RLM8,SP38,REF151
0.0,1.0,,1.0,0.0,0.0,,AUS.1_1,RLM8,SP166,REF152
0.0,1.0,,1.0,0.0,1.0,1956.0,AUS.1_1,RLM8,SP504,REF153
0.0,1.0,,1.0,0.0,0.0,1991.0,,RLM7,SP69,REF16
0.0,1.0,,1.0,0.0,0.0,2008.0,,RLM7,SP69,REF16
0.0,1.0,,1.0,0.0,0.0,2012.0,,RLM7,SP69,REF57
0.0,1.0,,1.0,0.0,0.0,1999.0,,RLM7,SP69,REF16
,,,1.0,0.0,,,BRA.1_1,RLM1,SP44,REF3
,,,1.0,0.0,,,BRA.1_1,RLM1,SP78,REF3
0.0,1.0,,1.0,0.0,0.0,2011.0,BRA.1_1,RLM1,SP23,REF17
0.0,1.0,,1.0,0.0,0.0,1989.0,USA.1_1,RLM2,SP245,REF74
0.0,1.0,,1.0,0.0,0.0,1989.0,USA.1_2,RLM2,SP245,REF74
0.0,1.0,,1.0,0.0,0.0,1989.0,USA.2_1,RLM2,SP245,REF74
0.0,1.0,1.0,1.0,0.0,0.0,1982.0,CHN.1_1,RLM5,,REF29
0.0,1.0,1.0,1.0,0.0,0.0,1982.0,CHN.2_1,RLM5,,REF29
0.0,1.0,1.0,1.0,0.0,0.0,1982.0,CHN.3_1,RLM5,,REF29
,,,1.0,0.0,,,JPN.1_1,RLM4,SP143,REF3
,,,1.0,0.0,,,JPN.1_1,RLM4,SP34,REF3
,,,1.0,0.0,,,JPN.1_1,RLM4,SP37,REF3
,,,1.0,0.0,,,JPN.1_1,RLM4,SP150,REF3
,,,1.0,0.0,,,JPN.1_1,RLM4,SP2,REF3
,,,1.0,0.0,,,JPN.1_1,RLM4,SP151,REF3
,,,1.0,0.0,,,JPN.1_1,RLM4,SP28,REF3
,,,1.0,0.0,,,JPN.1_1,RLM4,SP40,REF3
,,,1.0,0.0,,,JPN.1_1,RLM4,SP232,REF3
,,,1.0,0.0,,,JPN.1_1,RLM4,SP41,REF3
,,,1.0,0.0,,,JPN.1_1,RLM4,SP145,REF3
,,,1.0,0.0,,,JPN.1_1,RLM4,SP138,REF3
,0.0,,1.0,0.0,,,JPN.1_1,RLM4,SP147,REF3
0.0,1.0,,1.0,0.0,0.0,,BRA.1_1,RLM1,SP41,REF78
0.0,1.0,,1.0,0.0,0.0,,BRA.1_1,RLM1,SP112,REF154
,,,1.0,0.0,,,MYS.1_1,RLM4,SP26,REF3
,,,1.0,0.0,,,MYS.1_1,RLM4,SP143,REF3
,,,1.0,0.0,,,MYS.1_1,RLM4,SP150,REF3
,,,1.0,0.0,,,MYS.1_1,RLM4,SP2,REF3
,,,1.0,0.0,,,MYS.1_1,RLM4,SP151,REF3
,,,1.0,0.0,,,MYS.1_1,RLM4,SP28,REF3
,,,1.0,0.0,,,MYS.1_1,RLM4,SP144,REF3
,,,1.0,0.0,,,MYS.1_1,RLM4,SP40,REF3
,,,1.0,0.0,,,MYS.1_1,RLM4,SP53,REF3
,,,1.0,0.0,,,MYS.1_1,RLM4,SP145,REF3
,,,1.0,0.0,,,MYS.1_1,RLM4,SP138,REF3
,,,1.0,0.0,,,MYS.1_1,RLM4,SP23,REF3
,,,1.0,0.0,,,MYS.1_1,RLM4,SP670,REF3
,,,1.0,0.0,,,MYS.1_1,RLM4,SP604,REF3
0.0,1.0,,1.0,0.0,0.0,2007.0,,RLM7,,REF7
0.0,1.0,,1.0,0.0,0.0,1991.0,,RLM7,SP69,REF16
0.0,1.0,,1.0,0.0,0.0,1991.0,,RLM7,SP69,REF57
,,,1.0,0.0,,,BRA.1_1,RLM1,SP41,REF3
0.0,1.0,,1.0,0.0,0.0,1982.0,BRA.1_1,RLM1,SP15,REF155
0.0,1.0,0.0,1.0,0.0,0.0,2015.0,CHL.1_1,RLM1,SP183,REF32
0.0,1.0,,1.0,0.0,0.0,2016.0,,RLM7,,REF7
,,,0.0,0.0,,,MYS.1_1,RLM4,SP148,REF3
,,,1.0,0.0,,,MYS.1_1,RLM4,SP142,REF3
,,,1.0,0.0,,,MYS.1_1,RLM4,SP160,REF3
,,,1.0,0.0,,,MYS.1_1,RLM4,SP22,REF3
,,,1.0,0.0,,,MYS.1_1,RLM4,SP161,REF3
,,,1.0,0.0,,,MYS.1_1,RLM4,SP155,REF3
,,,1.0,0.0,,,MYS.1_1,RLM4,SP146,REF3
,0.0,,1.0,0.0,,,MYS.1_1,RLM4,SP147,REF3
,,,1.0,0.0,,,,RLM7,SP77,REF3
,,,1.0,0.0,,,,RLM7,SP218,REF3
,,,1.0,0.0,,,,RLM7,SP34,REF3
,,,1.0,0.0,,,,RLM7,SP2,REF3
,,,1.0,0.0,,,,RLM7,SP48,REF3
,,,1.0,0.0,,,,RLM7,SP208,REF3
,,,1.0,0.0,,,,RLM7,SP75,REF3
1.0,,,1.0,0.0,,,,RLM7,SP163,REF3
,,,1.0,0.0,,,,RLM7,SP44,REF3
,,,1.0,0.0,,,,RLM7,SP165,REF3
,,,1.0,0.0,,,,RLM7,SP186,REF3
,,,1.0,0.0,,,,RLM7,SP62,REF3
,,,1.0,0.0,,,,RLM7,SP11,REF3
,,,1.0,0.0,,,,RLM7,SP5,REF3
,,,1.0,0.0,,,,RLM7,SP211,REF3
,,,1.0,0.0,,,,RLM7,SP57,REF3
,,,1.0,0.0,,,,RLM7,SP23,REF3
,,,1.0,0.0,,,,RLM7,SP153,REF3
,,,1.0,0.0,,,,RLM7,SP68,REF3
,,,1.0,0.0,,,,RLM7,SP55,REF3
,,,1.0,0.0,,,,RLM7,SP157,REF3
,,,1.0,0.0,,,,RLM7,SP76,REF3
,,,1.0,0.0,,,,RLM7,SP55,REF1
,,,1.0,0.0,,,,RLM7,SP208,REF1
,1.0,,1.0,0.0,,,,RLM7,SP30,REF1
,,,1.0,0.0,,,,RLM7,SP75,REF1
,,,1.0,0.0,,,,RLM7,SP5,REF1
,1.0,,1.0,0.0,,1995.0,,RLM7,SP2,REF1
,,,1.0,0.0,,,,RLM7,SP62,REF1
,,,1.0,0.0,,,,RLM7,SP23,REF1
,,,1.0,0.0,,,,RLM7,SP76,REF1
,,,1.0,0.0,,,,RLM7,SP57,REF1
,,,1.0,0.0,,,,RLM7,SP10,REF1
,,,1.0,0.0,,,,RLM7,SP44,REF1
,,,1.0,0.0,,,,RLM7,SP34,REF1
,,,1.0,0.0,,,,RLM7,SP68,REF1
,,,1.0,0.0,,,,RLM7,SP11,REF1
0.0,,,1.0,0.0,,,,RLM7,SP12,REF1
,,,1.0,0.0,,,,RLM7,SP77,REF1
,,,1.0,0.0,,,,RLM7,SP48,REF1
0.0,,,1.0,0.0,0.0,,,RLM7,SP63,REF22
0.0,1.0,,1.0,0.0,0.0,,,RLM7,SP76,REF24
1.0,,,1.0,0.0,0.0,,,RLM7,SP166,REF24
1.0,,,1.0,0.0,0.0,,,RLM7,SP205,REF24
1.0,,,1.0,0.0,0.0,,,RLM7,SP172,REF24
1.0,,,1.0,0.0,0.0,,,RLM7,SP82,REF24
0.0,1.0,,1.0,0.0,0.0,,,RLM7,SP701,REF24
0.0,1.0,,1.0,0.0,0.0,,,RLM7,SP15,REF24
0.0,1.0,,1.0,0.0,0.0,,,RLM7,SP5,REF24
0.0,1.0,,1.0,0.0,0.0,,,RLM7,SP2,REF24
1.0,,,1.0,0.0,0.0,,,RLM7,SP222,REF24
0.0,1.0,,1.0,0.0,0.0,,,RLM7,SP48,REF24
0.0,1.0,,1.0,0.0,0.0,,,RLM7,SP27,REF24
0.0,1.0,,1.0,0.0,0.0,,,RLM7,SP224,REF24
,,,1.0,0.0,,,GBR.1_1,RLM7,SP98,REF3
0.0,0.0,1.0,0.0,0.0,0.0,2008.0,,RLM7,SP699,REF68
0.0,0.0,1.0,0.0,0.0,0.0,2017.0,,RLM7,SP601,REF68
0.0,0.0,1.0,0.0,0.0,0.0,1997.0,,RLM7,SP702,REF68
0.0,0.0,1.0,1.0,0.0,0.0,1993.0,,RLM7,SP703,REF68
,,,1.0,0.0,,,CHN.1_1,RLM5,SP152,REF3
,,,1.0,0.0,,,CHN.2_1,RLM5,SP152,REF3
,,,1.0,0.0,,,CHN.3_1,RLM5,SP152,REF3
,,,1.0,0.0,,,CHN.1_1,RLM5,SP244,REF3
,,,1.0,0.0,,,CHN.2_1,RLM5,SP244,REF3
,,,1.0,0.0,,,CHN.3_1,RLM5,SP244,REF3
,,,1.0,0.0,,,CHN.1_1,RLM5,SP207,REF3
,,,1.0,0.0,,,CHN.2_1,RLM5,SP207,REF3
,,,1.0,0.0,,,CHN.3_1,RLM5,SP207,REF3
,,,1.0,0.0,,,CHN.1_1,RLM5,SP161,REF3
,,,1.0,0.0,,,CHN.2_1,RLM5,SP161,REF3
,,,1.0,0.0,,,CHN.3_1,RLM5,SP161,REF3
0.0,1.0,,1.0,0.0,0.0,2012.0,CHN.1_1,RLM5,SP607,REF113
0.0,1.0,,1.0,0.0,0.0,2012.0,CHN.2_1,RLM5,SP607,REF113
0.0,1.0,,1.0,0.0,0.0,2012.0,CHN.3_1,RLM5,SP607,REF113
0.0,1.0,0.0,1.0,0.0,0.0,2012.0,CHN.1_1,RLM5,SP623,REF113
0.0,1.0,0.0,1.0,0.0,0.0,2012.0,CHN.2_1,RLM5,SP623,REF113
0.0,1.0,0.0,1.0,0.0,0.0,2012.0,CHN.3_1,RLM5,SP623,REF113
0.0,1.0,,1.0,0.0,0.0,,CHN.1_1,RLM5,SP683,REF156
0.0,1.0,,1.0,0.0,0.0,,CHN.2_1,RLM5,SP683,REF156
0.0,1.0,,1.0,0.0,0.0,,CHN.3_1,RLM5,SP683,REF156
0.0,1.0,1.0,1.0,0.0,0.0,1994.0,CHN.1_1,RLM7,,REF29
0.0,1.0,1.0,1.0,0.0,0.0,1994.0,CHN.2_1,RLM7,,REF29
0.0,1.0,1.0,1.0,0.0,0.0,1994.0,CHN.3_1,RLM7,,REF29
0.0,1.0,1.0,1.0,0.0,0.0,1989.0,CHN.1_1,RLM5,,REF29
0.0,1.0,1.0,1.0,0.0,0.0,1989.0,CHN.2_1,RLM5,,REF29
0.0,1.0,1.0,1.0,0.0,0.0,1989.0,CHN.3_1,RLM5,,REF29
1.0,,,1.0,0.0,,,,RLM7,SP34,REF8
,,,1.0,0.0,,,,RLM7,SP98,REF3
,,,1.0,0.0,,,,RLM7,SP148,REF3
,,,1.0,0.0,,,,RLM7,SP39,REF3
,,,1.0,0.0,,,,RLM7,SP79,REF3
,,,1.0,0.0,,,,RLM7,SP78,REF3
,,,1.0,0.0,,,,RLM7,SP210,REF3
,,,1.0,0.0,,,,RLM7,SP38,REF3
,,,1.0,0.0,,,,RLM7,SP17,REF3
,,,1.0,0.0,,,,RLM7,SP203,REF3
,,,1.0,0.0,,,,RLM7,SP39,REF1
,1.0,,1.0,0.0,,2008.0,,RLM7,SP30,REF1
,1.0,,1.0,0.0,,1949.0,,RLM7,SP5,REF1
,1.0,,1.0,0.0,,1935.0,,RLM7,SP17,REF1
,1.0,,1.0,0.0,,2003.0,,RLM7,SP76,REF1
,1.0,,1.0,0.0,,,,RLM7,SP42,REF1
,,,1.0,0.0,,,,RLM7,SP45,REF1
,,,1.0,0.0,,,,RLM7,SP98,REF1
,,,1.0,0.0,,,,RLM7,SP38,REF1
,1.0,,1.0,0.0,,2005.0,,RLM7,SP78,REF1
,,,1.0,0.0,,,,RLM7,SP79,REF1
,,,1.0,0.0,,,,RLM7,SP223,REF1
,1.0,,1.0,0.0,,2002.0,,RLM7,SP84,REF1
,1.0,,1.0,0.0,,1881.0,,RLM7,SP48,REF1
0.0,1.0,,1.0,0.0,0.0,,,RLM7,SP221,REF24
1.0,,,1.0,0.0,0.0,,,RLM7,SP169,REF24
0.0,1.0,,1.0,0.0,0.0,,,RLM7,SP212,REF24
1.0,,,1.0,0.0,0.0,,,RLM7,SP84,REF24
0.0,1.0,,1.0,0.0,0.0,,,RLM7,SP561,REF24
0.0,1.0,,1.0,0.0,0.0,,,RLM7,SP78,REF24
0.0,1.0,,1.0,0.0,0.0,,,RLM7,SP17,REF24
0.0,1.0,,1.0,0.0,0.0,,,RLM7,SP153,REF24
,,,1.0,0.0,,,IND.1_1,RLM5,SP26,REF3
,,,1.0,0.0,,,IND.1_1,RLM5,SP39,REF3
,,,1.0,0.0,,,IND.1_1,RLM5,SP151,REF3
,,,1.0,0.0,,,IND.1_1,RLM5,SP208,REF3
,,,1.0,0.0,,,IND.1_1,RLM5,SP28,REF3
,,,1.0,0.0,,,IND.1_1,RLM5,SP144,REF3
,,,1.0,0.0,,,IND.1_1,RLM5,SP161,REF3
1.0,,,1.0,0.0,,,IND.1_1,RLM5,SP163,REF3
,,,1.0,0.0,,,IND.1_1,RLM5,SP155,REF3
,,,1.0,0.0,,,IND.1_1,RLM5,SP145,REF3
,,,1.0,0.0,,,IND.1_1,RLM5,SP138,REF3
,,,1.0,0.0,,,IND.1_1,RLM5,SP23,REF3
0.0,1.0,,1.0,0.0,0.0,2005.0,,RLM7,SP69,REF16
0.0,,,1.0,0.0,0.0,1959.0,AUS.1_1,RLM8,SP15,REF157
0.0,1.0,1.0,1.0,0.0,0.0,2002.0,USA.1_1,RLM2,SP7,REF71
0.0,1.0,1.0,1.0,0.0,0.0,2002.0,USA.1_2,RLM2,SP7,REF71
0.0,1.0,1.0,1.0,0.0,0.0,2002.0,USA.2_1,RLM2,SP7,REF71
0.0,0.0,1.0,0.0,0.0,0.0,2000.0,USA.1_1,RLM2,SP12,REF158
0.0,0.0,1.0,0.0,0.0,0.0,2000.0,USA.1_2,RLM2,SP12,REF158
0.0,0.0,1.0,0.0,0.0,0.0,2000.0,USA.2_1,RLM2,SP12,REF158
0.0,0.0,1.0,0.0,0.0,0.0,2003.0,USA.1_1,RLM2,SP175,REF158
0.0,0.0,1.0,0.0,0.0,0.0,2003.0,USA.1_2,RLM2,SP175,REF158
0.0,0.0,1.0,0.0,0.0,0.0,2003.0,USA.2_1,RLM2,SP175,REF158
0.0,1.0,,0.0,0.0,0.0,2003.0,USA.1_1,RLM2,SP14,REF158
0.0,1.0,,0.0,0.0,0.0,2003.0,USA.1_2,RLM2,SP14,REF158
0.0,1.0,,0.0,0.0,0.0,2003.0,USA.2_1,RLM2,SP14,REF158
0.0,1.0,1.0,1.0,0.0,0.0,,CAN.1_1,RLM2,SP218,REF123
,,,1.0,0.0,,,,RLM7,SP704,REF3
,,,1.0,0.0,,,,RLM7,SP705,REF3
,,,1.0,0.0,,,,RLM7,SP5,REF3
,,,1.0,0.0,,,,RLM7,SP23,REF3
,,,1.0,0.0,,,,RLM7,SP4,REF3
,,,1.0,0.0,,,,RLM7,SP153,REF3
,,,1.0,0.0,,,,RLM7,SP87,REF3
,,,1.0,0.0,,,,RLM7,SP157,REF3
,,,0.0,0.0,,,IDN.1_1,RLM4,SP148,REF3
0.0,1.0,,0.0,0.0,0.0,2000.0,NOR.3_1,RLM2,SP14,REF159
0.0,1.0,,1.0,0.0,0.0,2006.0,,RLM7,SP69,REF57
1.0,,1.0,0.0,0.0,0.0,1998.0,,RLM7,SP235,REF68
0.0,0.0,1.0,,0.0,0.0,2005.0,,RLM7,SP610,REF68
0.0,0.0,1.0,0.0,0.0,0.0,2013.0,,RLM7,,REF68
0.0,0.0,1.0,1.0,0.0,0.0,1991.0,,RLM7,,REF68
0.0,0.0,1.0,1.0,0.0,0.0,1998.0,,RLM7,SP611,REF68
0.0,0.0,1.0,0.0,0.0,0.0,2010.0,,RLM7,SP621,REF68
0.0,0.0,1.0,0.0,0.0,0.0,2010.0,,RLM7,SP681,REF68
0.0,0.0,1.0,1.0,0.0,0.0,2015.0,,RLM7,SP238,REF68
0.0,0.0,1.0,1.0,0.0,0.0,2004.0,,RLM7,SP612,REF68
0.0,0.0,1.0,1.0,0.0,0.0,2020.0,,RLM7,SP613,REF68
0.0,0.0,1.0,1.0,0.0,0.0,1998.0,,RLM7,SP239,REF68
0.0,0.0,1.0,1.0,0.0,0.0,2014.0,,RLM7,SP615,REF68
,,,1.0,0.0,0.0,2000.0,,RLM7,SP240,REF68
,,,0.0,0.0,0.0,2017.0,,RLM7,SP706,REF68
0.0,0.0,1.0,0.0,0.0,0.0,2020.0,,RLM7,SP617,REF68
0.0,0.0,1.0,1.0,0.0,0.0,2001.0,,RLM7,SP241,REF68
0.0,0.0,1.0,1.0,0.0,0.0,2000.0,,RLM7,SP242,REF68
0.0,1.0,0.0,1.0,0.0,0.0,2017.0,CHL.1_1,RLM1,SP183,REF32
0.0,1.0,,1.0,0.0,0.0,2018.0,,RLM7,,REF7
0.0,0.0,,1.0,0.0,0.0,,AUS.1_1,RLM8,SP47,REF51
0.0,1.0,,1.0,0.0,0.0,1925.0,AUS.1_1,RLM8,SP707,REF160
,,,1.0,0.0,0.0,2006.0,,RLM7,,REF161
,,,1.0,0.0,0.0,1993.0,,RLM7,SP708,REF161
,,,0.0,0.0,,,USA.1_1,RLM2,SP138,REF3
,,,0.0,0.0,,,USA.1_2,RLM2,SP138,REF3
,,,0.0,0.0,,,USA.2_1,RLM2,SP138,REF3
1.0,0.0,,0.0,0.0,0.0,,USA.1_1,RLM2,SP709,REF2
1.0,0.0,,0.0,0.0,0.0,,USA.1_2,RLM2,SP709,REF2
1.0,0.0,,0.0,0.0,0.0,,USA.2_1,RLM2,SP709,REF2
,,,1.0,0.0,0.0,1929.0,USA.1_1,RLM2,SP669,REF136
,,,1.0,0.0,0.0,1929.0,USA.1_2,RLM2,SP669,REF136
,,,1.0,0.0,0.0,1929.0,USA.2_1,RLM2,SP669,REF136
0.0,1.0,,1.0,0.0,0.0,1980.0,USA.1_1,RLM2,SP245,REF162
0.0,1.0,,1.0,0.0,0.0,1980.0,USA.1_2,RLM2,SP245,REF162
0.0,1.0,,1.0,0.0,0.0,1980.0,USA.2_1,RLM2,SP245,REF162
0.0,1.0,,1.0,0.0,0.0,1980.0,USA.1_1,RLM2,SP245,REF74
0.0,1.0,,1.0,0.0,0.0,1980.0,USA.1_2,RLM2,SP245,REF74
0.0,1.0,,1.0,0.0,0.0,1980.0,USA.2_1,RLM2,SP245,REF74
0.0,1.0,,0.0,0.0,0.0,1980.0,USA.1_1,RLM2,SP245,REF119
0.0,1.0,,0.0,0.0,0.0,1980.0,USA.1_2,RLM2,SP245,REF119
0.0,1.0,,0.0,0.0,0.0,1980.0,USA.2_1,RLM2,SP245,REF119
0.0,1.0,,1.0,0.0,0.0,2000.0,USA.1_1,RLM2,SP245,REF119
0.0,1.0,,1.0,0.0,0.0,2000.0,USA.1_2,RLM2,SP245,REF119
0.0,1.0,,1.0,0.0,0.0,2000.0,USA.2_1,RLM2,SP245,REF119
0.0,1.0,1.0,1.0,0.0,0.0,2005.0,CHN.1_1,RLM5,,REF29
0.0,1.0,1.0,1.0,0.0,0.0,2005.0,CHN.2_1,RLM5,,REF29
0.0,1.0,1.0,1.0,0.0,0.0,2005.0,CHN.3_1,RLM5,,REF29
0.0,1.0,,1.0,0.0,0.0,,CHN.1_1,RLM4,SP165,REF20
0.0,1.0,,1.0,0.0,0.0,,CHN.2_1,RLM4,SP165,REF20
0.0,1.0,,1.0,0.0,0.0,,CHN.3_1,RLM4,SP165,REF20
0.0,1.0,,1.0,0.0,0.0,2020.0,AUS.1_1,RLM8,,REF163
0.0,1.0,0.0,1.0,0.0,0.0,1945.0,JPN.1_1,RLM5,SP4,REF164
0.0,1.0,,1.0,0.0,0.0,2017.0,,RLM7,SP69,REF46
0.0,1.0,0.0,,0.0,1.0,2012.0,CAN.1_1,RLM2,SP710,REF165
0.0,0.0,1.0,1.0,0.0,0.0,1992.0,,RLM7,,REF68
0.0,0.0,1.0,0.0,0.0,0.0,1998.0,,RLM7,SP711,REF68
0.0,0.0,1.0,1.0,0.0,0.0,1993.0,,RLM7,SP712,REF68
,,,0.0,0.0,0.0,2021.0,,RLM7,SP240,REF68
0.0,0.0,1.0,0.0,0.0,0.0,2013.0,,RLM7,SP241,REF68
0.0,0.0,1.0,1.0,0.0,0.0,2010.0,,RLM7,SP242,REF68
0.0,1.0,,1.0,0.0,0.0,2004.0,,RLM7,SP69,REF57
0.0,1.0,1.0,1.0,0.0,0.0,2006.0,,RLM7,SP69,REF46
0.0,1.0,,1.0,0.0,0.0,,,RLM7,SP69,REF135
0.0,1.0,,1.0,0.0,0.0,1999.0,,RLM7,SP69,REF57
1.0,,1.0,0.0,0.0,0.0,2021.0,,RLM7,SP235,REF68
0.0,0.0,1.0,0.0,0.0,0.0,1990.0,,RLM7,SP711,REF68
0.0,0.0,1.0,0.0,0.0,0.0,2013.0,,RLM7,SP612,REF68
0.0,0.0,1.0,0.0,0.0,0.0,2021.0,,RLM7,SP239,REF68
0.0,0.0,1.0,1.0,0.0,0.0,1990.0,,RLM7,SP712,REF68
0.0,0.0,1.0,1.0,0.0,0.0,2016.0,,RLM7,SP242,REF68
0.0,1.0,,1.0,0.0,0.0,1993.0,,RLM7,SP69,REF16
0.0,0.0,1.0,1.0,0.0,0.0,2004.0,,RLM7,,REF68
0.0,0.0,1.0,0.0,0.0,0.0,1997.0,,RLM7,SP699,REF68
0.0,0.0,1.0,0.0,0.0,0.0,2016.0,,RLM7,SP711,REF68
0.0,0.0,1.0,1.0,0.0,0.0,2004.0,,RLM7,SP601,REF68
,,,1.0,0.0,0.0,2016.0,,RLM7,SP602,REF68
0.0,0.0,1.0,0.0,0.0,0.0,2016.0,,RLM7,SP712,REF68
0.0,0.0,1.0,0.0,0.0,0.0,2003.0,,RLM7,SP603,REF68
,,,1.0,0.0,0.0,1998.0,USA.1_1,RLM2,SP697,REF38
,,,1.0,0.0,0.0,1998.0,USA.1_2,RLM2,SP697,REF38
,,,1.0,0.0,0.0,1998.0,USA.2_1,RLM2,SP697,REF38
,,,1.0,0.0,,,IND.1_1,RLM5,SP146,REF3
0.0,1.0,,1.0,0.0,0.0,,CAN.1_1,RLM2,SP713,REF2
0.0,1.0,,1.0,0.0,0.0,1938.0,CAN.1_1,RLM2,SP57,REF2
1.0,,,1.0,0.0,0.0,1912.0,CAN.1_1,RLM2,SP635,REF2
0.0,1.0,,1.0,0.0,0.0,1988.0,CAN.1_1,RLM2,SP714,REF166
,,,1.0,0.0,,,USA.1_1,RLM2,SP68,REF3
,,,1.0,0.0,,,USA.1_2,RLM2,SP68,REF3
,,,1.0,0.0,,,USA.2_1,RLM2,SP68,REF3
0.0,1.0,,1.0,0.0,0.0,2015.0,USA.1_1,RLM2,SP68,REF55
0.0,1.0,,1.0,0.0,0.0,2015.0,USA.1_2,RLM2,SP68,REF55
0.0,1.0,,1.0,0.0,0.0,2015.0,USA.2_1,RLM2,SP68,REF55
0.0,1.0,,1.0,0.0,0.0,2003.0,USA.1_1,RLM2,SP626,REF2
0.0,1.0,,1.0,0.0,0.0,2003.0,USA.1_2,RLM2,SP626,REF2
0.0,1.0,,1.0,0.0,0.0,2003.0,USA.2_1,RLM2,SP626,REF2
0.0,1.0,,1.0,0.0,0.0,1992.0,USA.1_1,RLM2,SP695,REF2
0.0,1.0,,1.0,0.0,0.0,1992.0,USA.1_2,RLM2,SP695,REF2
0.0,1.0,,1.0,0.0,0.0,1992.0,USA.2_1,RLM2,SP695,REF2
,,,0.0,0.0,,,AUS.1_1,RLM8,SP28,REF3
0.0,1.0,,1.0,0.0,0.0,,AUS.1_1,RLM8,SP205,REF152
0.0,1.0,,1.0,0.0,0.0,1923.0,AUS.1_1,RLM8,SP707,REF160
0.0,0.0,1.0,1.0,0.0,0.0,2001.0,,RLM7,SP715,REF68
0.0,0.0,1.0,0.0,0.0,0.0,2007.0,,RLM7,SP699,REF68
0.0,0.0,1.0,0.0,0.0,0.0,2018.0,,RLM7,SP601,REF68
0.0,0.0,1.0,0.0,0.0,0.0,1994.0,,RLM7,SP702,REF68
0.0,0.0,1.0,1.0,0.0,0.0,1994.0,,RLM7,SP703,REF68
0.0,1.0,,1.0,0.0,0.0,1987.0,,RLM7,SP69,REF16
0.0,1.0,,1.0,0.0,0.0,1987.0,,RLM7,SP69,REF57
0.0,1.0,,1.0,0.0,0.0,,USA.1_1,RLM2,SP627,REF2
0.0,1.0,,1.0,0.0,0.0,,USA.1_2,RLM2,SP627,REF2
0.0,1.0,,1.0,0.0,0.0,,USA.2_1,RLM2,SP627,REF2
1.0,,,1.0,0.0,0.0,,USA.1_1,RLM2,SP134,REF2
1.0,,,1.0,0.0,0.0,,USA.1_2,RLM2,SP134,REF2
1.0,,,1.0,0.0,0.0,,USA.2_1,RLM2,SP134,REF2
0.0,1.0,,1.0,0.0,0.0,1991.0,USA.1_1,RLM2,SP61,REF2
0.0,1.0,,1.0,0.0,0.0,1991.0,USA.1_2,RLM2,SP61,REF2
0.0,1.0,,1.0,0.0,0.0,1991.0,USA.2_1,RLM2,SP61,REF2
0.0,1.0,,1.0,0.0,0.0,,USA.1_1,RLM2,SP56,REF2
0.0,1.0,,1.0,0.0,0.0,,USA.1_2,RLM2,SP56,REF2
0.0,1.0,,1.0,0.0,0.0,,USA.2_1,RLM2,SP56,REF2
0.0,1.0,,1.0,0.0,0.0,1985.0,USA.1_1,RLM2,SP714,REF167
0.0,1.0,,1.0,0.0,0.0,1985.0,USA.1_2,RLM2,SP714,REF167
0.0,1.0,,1.0,0.0,0.0,1985.0,USA.2_1,RLM2,SP714,REF167
0.0,1.0,,1.0,0.0,0.0,1970.0,USA.1_1,RLM2,SP186,REF39
0.0,1.0,,1.0,0.0,0.0,1970.0,USA.1_2,RLM2,SP186,REF39
0.0,1.0,,1.0,0.0,0.0,1970.0,USA.2_1,RLM2,SP186,REF39
0.0,1.0,,1.0,0.0,0.0,1912.0,USA.1_1,RLM2,,REF53
0.0,1.0,,1.0,0.0,0.0,1912.0,USA.1_2,RLM2,,REF53
0.0,1.0,,1.0,0.0,0.0,1912.0,USA.2_1,RLM2,,REF53
0.0,1.0,,1.0,0.0,0.0,2009.0,USA.1_1,RLM2,SP198,REF41
0.0,1.0,,1.0,0.0,0.0,2009.0,USA.1_2,RLM2,SP198,REF41
0.0,1.0,,1.0,0.0,0.0,2009.0,USA.2_1,RLM2,SP198,REF41
0.0,1.0,,1.0,0.0,0.0,1918.0,USA.1_1,RLM2,SP15,REF25
0.0,1.0,,1.0,0.0,0.0,1918.0,USA.1_2,RLM2,SP15,REF25
0.0,1.0,,1.0,0.0,0.0,1918.0,USA.2_1,RLM2,SP15,REF25
,,,1.0,0.0,,,MYS.1_1,RLM4,SP148,REF3
,,,1.0,0.0,,,MYS.1_1,RLM4,SP182,REF3
1.0,,,1.0,0.0,,,MYS.1_1,RLM4,SP163,REF3
,,,1.0,0.0,,,MYS.1_1,RLM4,SP154,REF3
,,,0.0,1.0,,,AUS.1_1,RLM8,SP165,REF3
,,,0.0,0.0,,,AUS.1_1,RLM8,SP15,REF3
0.0,0.0,,1.0,0.0,0.0,1968.0,AUS.1_1,RLM8,SP47,REF47
,,,1.0,0.0,,,,RLM7,SP50,REF3
,,,1.0,0.0,,,,RLM7,SP23,REF3
0.0,1.0,1.0,1.0,0.0,0.0,1996.0,USA.1_1,RLM2,SP34,REF168
0.0,1.0,1.0,1.0,0.0,0.0,1996.0,USA.1_2,RLM2,SP34,REF168
0.0,1.0,1.0,1.0,0.0,0.0,1996.0,USA.2_1,RLM2,SP34,REF168
0.0,1.0,,1.0,0.0,0.0,,CHN.1_1,RLM5,SP716,REF169
0.0,1.0,,1.0,0.0,0.0,,CHN.2_1,RLM5,SP716,REF169
0.0,1.0,,1.0,0.0,0.0,,CHN.3_1,RLM5,SP716,REF169
0.0,1.0,1.0,1.0,0.0,0.0,1998.0,CHN.1_1,RLM5,,REF29
0.0,1.0,1.0,1.0,0.0,0.0,1998.0,CHN.2_1,RLM5,,REF29
0.0,1.0,1.0,1.0,0.0,0.0,1998.0,CHN.3_1,RLM5,,REF29
,,,1.0,0.0,,,,RLM5,SP26,REF3
,,,1.0,0.0,,,,RLM5,SP160,REF3
,,,1.0,0.0,,,,RLM5,SP37,REF3
,,,0.0,0.0,,,,RLM5,SP39,REF3
,,,1.0,0.0,,,,RLM5,SP151,REF3
,,,1.0,0.0,,,,RLM5,SP40,REF3
1.0,,,1.0,0.0,,,,RLM5,SP163,REF3
,,,1.0,0.0,,,,RLM5,SP155,REF3
,,,1.0,0.0,,,,RLM5,SP15,REF3
,,,1.0,0.0,,,,RLM5,SP145,REF3
,,,1.0,0.0,,,,RLM5,SP146,REF3
,,,1.0,0.0,,,,RLM5,SP138,REF3
,,,1.0,0.0,,,,RLM5,SP23,REF3
,,,1.0,0.0,,,,RLM5,SP17,REF3
,,,1.0,0.0,,,,RLM5,SP154,REF3
,0.0,,1.0,0.0,,,,RLM5,SP147,REF3
0.0,1.0,1.0,1.0,0.0,0.0,2012.0,CHN.1_1,RLM5,,REF29
0.0,1.0,1.0,1.0,0.0,0.0,2012.0,CHN.2_1,RLM5,,REF29
0.0,1.0,1.0,1.0,0.0,0.0,2012.0,CHN.3_1,RLM5,,REF29
,,,1.0,0.0,,,CHN.1_1,RLM7,SP704,REF3
,,,1.0,0.0,,,CHN.2_1,RLM7,SP704,REF3
,,,1.0,0.0,,,CHN.3_1,RLM7,SP704,REF3
,,,1.0,0.0,,,CHN.1_1,RLM7,SP153,REF3
,,,1.0,0.0,,,CHN.2_1,RLM7,SP153,REF3
,,,1.0,0.0,,,CHN.3_1,RLM7,SP153,REF3
0.0,1.0,,1.0,0.0,0.0,1957.0,CHN.1_1,RLM7,SP165,REF20
0.0,1.0,,1.0,0.0,0.0,1957.0,CHN.2_1,RLM7,SP165,REF20
0.0,1.0,,1.0,0.0,0.0,1957.0,CHN.3_1,RLM7,SP165,REF20
0.0,1.0,,1.0,0.0,0.0,,CHN.1_1,RLM7,SP8,REF20
0.0,1.0,,1.0,0.0,0.0,,CHN.2_1,RLM7,SP8,REF20
0.0,1.0,,1.0,0.0,0.0,,CHN.3_1,RLM7,SP8,REF20
0.0,1.0,,1.0,0.0,0.0,1957.0,CHN.1_1,RLM7,SP165,REF86
0.0,1.0,,1.0,0.0,0.0,1957.0,CHN.2_1,RLM7,SP165,REF86
0.0,1.0,,1.0,0.0,0.0,1957.0,CHN.3_1,RLM7,SP165,REF86
0.0,1.0,,1.0,0.0,0.0,1953.0,CHN.1_1,RLM7,SP165,REF170
0.0,1.0,,1.0,0.0,0.0,1953.0,CHN.2_1,RLM7,SP165,REF170
0.0,1.0,,1.0,0.0,0.0,1953.0,CHN.3_1,RLM7,SP165,REF170
,,,0.0,0.0,,,CHN.1_1,RLM5,SP39,REF3
,,,0.0,0.0,,,CHN.2_1,RLM5,SP39,REF3
,,,0.0,0.0,,,CHN.3_1,RLM5,SP39,REF3
,,,1.0,0.0,,,CHN.1_1,RLM5,SP96,REF3
,,,1.0,0.0,,,CHN.2_1,RLM5,SP96,REF3
,,,1.0,0.0,,,CHN.3_1,RLM5,SP96,REF3
0.0,1.0,1.0,1.0,0.0,0.0,1988.0,CHN.1_1,RLM5,,REF29
0.0,1.0,1.0,1.0,0.0,0.0,1988.0,CHN.2_1,RLM5,,REF29
0.0,1.0,1.0,1.0,0.0,0.0,1988.0,CHN.3_1,RLM5,,REF29
0.0,1.0,,1.0,0.0,0.0,1995.0,,RLM7,SP69,REF16
,,,1.0,0.0,,,CHN.1_1,RLM4,SP148,REF3
,,,1.0,0.0,,,CHN.2_1,RLM4,SP148,REF3
,,,1.0,0.0,,,CHN.3_1,RLM4,SP148,REF3
,,,1.0,0.0,,,CHN.1_1,RLM4,SP143,REF3
,,,1.0,0.0,,,CHN.2_1,RLM4,SP143,REF3
,,,1.0,0.0,,,CHN.3_1,RLM4,SP143,REF3
,,,1.0,0.0,,,CHN.1_1,RLM4,SP37,REF3
,,,1.0,0.0,,,CHN.2_1,RLM4,SP37,REF3
,,,1.0,0.0,,,CHN.3_1,RLM4,SP37,REF3
,,,0.0,0.0,,,CHN.1_1,RLM4,SP39,REF3
,,,0.0,0.0,,,CHN.2_1,RLM4,SP39,REF3
,,,0.0,0.0,,,CHN.3_1,RLM4,SP39,REF3
,,,1.0,0.0,,,CHN.1_1,RLM4,SP208,REF3
,,,1.0,0.0,,,CHN.2_1,RLM4,SP208,REF3
,,,1.0,0.0,,,CHN.3_1,RLM4,SP208,REF3
,,,1.0,0.0,,,CHN.1_1,RLM4,SP96,REF3
,,,1.0,0.0,,,CHN.2_1,RLM4,SP96,REF3
,,,1.0,0.0,,,CHN.3_1,RLM4,SP96,REF3
,,,1.0,0.0,,,CHN.1_1,RLM4,SP17,REF3
,,,1.0,0.0,,,CHN.2_1,RLM4,SP17,REF3
,,,1.0,0.0,,,CHN.3_1,RLM4,SP17,REF3
,,,1.0,0.0,,,CHN.1_1,RLM4,SP670,REF3
,,,1.0,0.0,,,CHN.2_1,RLM4,SP670,REF3
,,,1.0,0.0,,,CHN.3_1,RLM4,SP670,REF3
0.0,1.0,,1.0,0.0,0.0,2019.0,CHN.1_1,RLM4,SP8,REF33
0.0,1.0,,1.0,0.0,0.0,2019.0,CHN.2_1,RLM4,SP8,REF33
0.0,1.0,,1.0,0.0,0.0,2019.0,CHN.3_1,RLM4,SP8,REF33
0.0,1.0,,1.0,0.0,0.0,2023.0,CHN.1_1,RLM4,SP365,REF95
0.0,1.0,,1.0,0.0,0.0,2023.0,CHN.2_1,RLM4,SP365,REF95
0.0,1.0,,1.0,0.0,0.0,2023.0,CHN.3_1,RLM4,SP365,REF95
0.0,1.0,,1.0,0.0,0.0,2019.0,CHN.1_1,RLM4,SP8,REF171
0.0,1.0,,1.0,0.0,0.0,2019.0,CHN.2_1,RLM4,SP8,REF171
0.0,1.0,,1.0,0.0,0.0,2019.0,CHN.3_1,RLM4,SP8,REF171
,,,0.0,0.0,,,CHN.1_1,RLM5,SP2,REF3
,,,0.0,0.0,,,CHN.2_1,RLM5,SP2,REF3
,,,0.0,0.0,,,CHN.3_1,RLM5,SP2,REF3
,1.0,,1.0,0.0,,,AUS.1_1,RLM8,SP366,REF82
,1.0,,1.0,0.0,,,AUS.1_1,RLM8,SP399,REF82
,1.0,,1.0,0.0,,,AUS.1_1,RLM8,SP717,REF82
,1.0,,1.0,0.0,,,AUS.1_1,RLM8,SP718,REF82
,1.0,,1.0,0.0,,,AUS.1_1,RLM8,SP719,REF82
,1.0,,1.0,0.0,,,AUS.1_1,RLM8,SP720,REF82
,1.0,,1.0,0.0,,,AUS.1_1,RLM8,SP370,REF82
0.0,1.0,,1.0,0.0,,,AUS.1_1,RLM8,SP12,REF82
,1.0,,1.0,0.0,,,AUS.1_1,RLM8,SP155,REF82
,1.0,,1.0,0.0,,,AUS.1_1,RLM8,SP721,REF82
,1.0,,1.0,0.0,,,AUS.1_1,RLM8,SP722,REF82
,1.0,,1.0,0.0,,,AUS.1_1,RLM8,SP723,REF82
,1.0,,1.0,0.0,,,AUS.1_1,RLM8,SP724,REF82
,1.0,,1.0,0.0,,,AUS.1_1,RLM8,SP725,REF82
,1.0,,1.0,0.0,,,AUS.1_1,RLM8,SP726,REF82
,1.0,,1.0,0.0,,,AUS.1_1,RLM8,SP727,REF82
,1.0,,1.0,0.0,,,AUS.1_1,RLM8,SP640,REF82
,1.0,,1.0,0.0,,,AUS.1_1,RLM8,SP728,REF82
,1.0,,1.0,0.0,,,AUS.1_1,RLM8,SP729,REF82
,1.0,,1.0,0.0,,,AUS.1_1,RLM8,SP730,REF82
,1.0,,1.0,0.0,,,AUS.1_1,RLM8,SP731,REF82
,1.0,,1.0,0.0,,,AUS.1_1,RLM8,SP732,REF82
,1.0,,1.0,0.0,,,AUS.1_1,RLM8,SP7,REF82
,1.0,,1.0,0.0,,,AUS.1_1,RLM8,SP166,REF82
,1.0,,1.0,0.0,,,AUS.1_1,RLM8,SP205,REF82
,1.0,,1.0,0.0,,,AUS.1_1,RLM8,SP430,REF82
,1.0,,1.0,0.0,,,AUS.1_1,RLM8,SP102,REF82
,1.0,,1.0,0.0,,,AUS.1_1,RLM8,SP733,REF82
,1.0,,1.0,0.0,0.0,,AUS.1_1,RLM8,SP734,REF82
,1.0,,1.0,0.0,,,AUS.1_1,RLM8,SP40,REF82
,1.0,,1.0,0.0,,,AUS.1_1,RLM8,SP735,REF82
,1.0,,1.0,0.0,,,AUS.1_1,RLM8,SP736,REF82
,1.0,,1.0,0.0,,,AUS.1_1,RLM8,SP737,REF82
,1.0,,1.0,0.0,,,AUS.1_1,RLM8,SP738,REF82
0.0,1.0,0.0,1.0,0.0,,,AUS.1_1,RLM8,SP739,REF82
,1.0,,1.0,0.0,,,AUS.1_1,RLM8,SP740,REF82
,1.0,,1.0,0.0,,,AUS.1_1,RLM8,SP741,REF82
,1.0,,1.0,0.0,,,AUS.1_1,RLM8,SP742,REF82
,1.0,,1.0,0.0,,,AUS.1_1,RLM8,SP29,REF82
,1.0,,1.0,0.0,,,AUS.1_1,RLM8,SP309,REF82
,1.0,,1.0,0.0,,,AUS.1_1,RLM8,SP651,REF82
,1.0,,1.0,0.0,,,AUS.1_1,RLM8,SP296,REF82
,1.0,,1.0,0.0,,,AUS.1_1,RLM8,SP25,REF82
,1.0,,1.0,0.0,,,AUS.1_1,RLM8,SP743,REF82
,1.0,,1.0,0.0,,,AUS.1_1,RLM8,SP165,REF82
,1.0,,1.0,0.0,,,AUS.1_1,RLM8,SP170,REF82
,1.0,,1.0,0.0,,,AUS.1_1,RLM8,SP744,REF82
,1.0,,1.0,0.0,,,AUS.1_1,RLM8,SP653,REF82
,1.0,,1.0,0.0,,,AUS.1_1,RLM8,SP745,REF82
,1.0,,1.0,0.0,,,AUS.1_1,RLM8,SP154,REF82
,1.0,,1.0,0.0,,,AUS.1_1,RLM8,SP448,REF82
,1.0,,1.0,0.0,,,AUS.1_1,RLM8,SP142,REF82
,1.0,,1.0,0.0,,,AUS.1_1,RLM8,SP746,REF82
,1.0,,1.0,0.0,,,AUS.1_1,RLM8,SP453,REF82
,1.0,,1.0,0.0,,,AUS.1_1,RLM8,SP457,REF82
,1.0,,1.0,0.0,,,AUS.1_1,RLM8,SP172,REF82
,1.0,,1.0,0.0,,,AUS.1_1,RLM8,SP82,REF82
0.0,1.0,0.0,1.0,0.0,1.0,,AUS.1_1,RLM8,SP747,REF82
,1.0,,1.0,0.0,,,AUS.1_1,RLM8,SP316,REF82
,1.0,,1.0,0.0,,,AUS.1_1,RLM8,SP748,REF82
,1.0,,1.0,0.0,,,AUS.1_1,RLM8,SP467,REF82
,1.0,,1.0,0.0,,,AUS.1_1,RLM8,SP749,REF82
,1.0,,1.0,0.0,,,AUS.1_1,RLM8,SP750,REF82
,1.0,,1.0,0.0,,,AUS.1_1,RLM8,SP16,REF82
,1.0,,1.0,0.0,,,AUS.1_1,RLM8,SP751,REF82
,1.0,,1.0,0.0,,,AUS.1_1,RLM8,SP15,REF82
,1.0,,1.0,0.0,,,AUS.1_1,RLM8,SP23,REF82
,1.0,,1.0,0.0,,,AUS.1_1,RLM8,SP752,REF82
,1.0,,1.0,0.0,,,AUS.1_1,RLM8,SP753,REF82
,1.0,,1.0,0.0,,,AUS.1_1,RLM8,SP227,REF82
,1.0,,1.0,0.0,,,AUS.1_1,RLM8,SP119,REF82
,1.0,,1.0,0.0,,,AUS.1_1,RLM8,SP475,REF82
,1.0,,1.0,0.0,,,AUS.1_1,RLM8,SP477,REF82
,1.0,,1.0,0.0,,,AUS.1_1,RLM8,SP480,REF82
,1.0,,1.0,0.0,,,AUS.1_1,RLM8,SP754,REF82
,1.0,,1.0,0.0,,,AUS.1_1,RLM8,SP484,REF82
,1.0,,1.0,0.0,,,AUS.1_1,RLM8,SP173,REF82
,1.0,,1.0,0.0,,,AUS.1_1,RLM8,SP755,REF82
,1.0,,1.0,0.0,,,AUS.1_1,RLM8,SP756,REF82
,1.0,,1.0,0.0,,,AUS.1_1,RLM8,SP757,REF82
,1.0,,1.0,0.0,,,AUS.1_1,RLM8,SP758,REF82
,1.0,,1.0,0.0,,,AUS.1_1,RLM8,SP759,REF82
,1.0,,1.0,0.0,,,AUS.1_1,RLM8,SP760,REF82
,1.0,,1.0,0.0,,,AUS.1_1,RLM8,SP761,REF82
,1.0,,1.0,0.0,,,AUS.1_1,RLM8,SP138,REF82
,1.0,,1.0,0.0,,,AUS.1_1,RLM8,SP762,REF82
,1.0,,1.0,0.0,,,AUS.1_1,RLM8,SP498,REF82
,1.0,,1.0,0.0,,,AUS.1_1,RLM8,SP35,REF82
,1.0,,1.0,0.0,,,AUS.1_1,RLM8,SP604,REF82
,1.0,,1.0,0.0,,,AUS.1_1,RLM8,SP503,REF82
,1.0,,1.0,0.0,,,AUS.1_1,RLM8,SP504,REF82
,1.0,,1.0,0.0,,,AUS.1_1,RLM8,SP677,REF82
,1.0,,1.0,0.0,,,AUS.1_1,RLM8,SP505,REF82
,1.0,,1.0,0.0,,,AUS.1_1,RLM8,SP763,REF82
,1.0,,1.0,0.0,,,AUS.1_1,RLM8,SP764,REF82
,1.0,,1.0,0.0,,,AUS.1_1,RLM8,SP765,REF82
,1.0,,1.0,0.0,,,AUS.1_1,RLM8,SP510,REF82
,1.0,,1.0,0.0,,,AUS.1_1,RLM8,SP766,REF82
,1.0,,1.0,0.0,,,AUS.1_1,RLM8,SP767,REF82
,1.0,,1.0,0.0,,,AUS.1_1,RLM8,SP768,REF82
,1.0,,1.0,0.0,,,AUS.1_1,RLM8,SP390,REF82
,1.0,,1.0,0.0,,,AUS.1_1,RLM8,SP769,REF82
,1.0,,1.0,0.0,,,AUS.1_1,RLM8,SP515,REF82
,1.0,,1.0,0.0,,,AUS.1_1,RLM8,SP150,REF82
,1.0,,1.0,0.0,,,AUS.1_1,RLM8,SP770,REF82
,1.0,,1.0,0.0,,,AUS.1_1,RLM8,SP17,REF82
,1.0,,1.0,0.0,,,AUS.1_1,RLM8,SP517,REF82
,1.0,,1.0,0.0,,,AUS.1_1,RLM8,SP771,REF82
,1.0,,1.0,0.0,,,AUS.1_1,RLM8,SP5,REF82
,1.0,,1.0,0.0,,,AUS.1_1,RLM8,SP2,REF82
,1.0,,1.0,0.0,,,AUS.1_1,RLM8,SP99,REF82
,1.0,,1.0,0.0,,,AUS.1_1,RLM8,SP6,REF82
,1.0,,1.0,0.0,,,AUS.1_1,RLM8,SP175,REF82
,1.0,,1.0,0.0,,,AUS.1_1,RLM8,SP14,REF82
,1.0,,1.0,0.0,,,AUS.1_1,RLM8,SP772,REF82
,1.0,,1.0,0.0,,,AUS.1_1,RLM8,SP664,REF82
,1.0,,1.0,0.0,,,AUS.1_1,RLM8,SP203,REF82
,1.0,,1.0,0.0,,,AUS.1_1,RLM8,SP773,REF82
,1.0,,1.0,0.0,,,AUS.1_1,RLM8,SP527,REF82
,1.0,,1.0,0.0,,,AUS.1_1,RLM8,SP774,REF82
,1.0,,1.0,0.0,,,AUS.1_1,RLM8,SP775,REF82
,1.0,,1.0,0.0,,,AUS.1_1,RLM8,SP776,REF82
,1.0,,1.0,0.0,,,AUS.1_1,RLM8,SP777,REF82
,1.0,,1.0,0.0,,,AUS.1_1,RLM8,SP27,REF82
,1.0,,1.0,0.0,,,AUS.1_1,RLM8,SP778,REF82
,1.0,,1.0,0.0,,,AUS.1_1,RLM8,SP22,REF82
,1.0,,1.0,0.0,,,AUS.1_1,RLM8,SP110,REF82
,1.0,,1.0,0.0,,,AUS.1_1,RLM8,SP8,REF82
,1.0,,1.0,0.0,,,AUS.1_1,RLM8,SP28,REF82
,1.0,,1.0,0.0,,,AUS.1_1,RLM8,SP779,REF82
,1.0,,1.0,0.0,,,AUS.1_1,RLM8,SP780,REF82
,1.0,,1.0,0.0,,,AUS.1_1,RLM8,SP781,REF82
,1.0,,1.0,0.0,,,AUS.1_1,RLM8,SP782,REF82
,1.0,,1.0,0.0,,,AUS.1_1,RLM8,SP783,REF82
,1.0,,1.0,0.0,,,AUS.1_1,RLM8,SP784,REF82
,1.0,,1.0,0.0,,,AUS.1_1,RLM8,SP785,REF82
,1.0,,1.0,0.0,,,AUS.1_1,RLM8,SP786,REF82
,1.0,,1.0,0.0,,,AUS.1_1,RLM8,SP787,REF82
,1.0,,1.0,0.0,,,AUS.1_1,RLM8,SP541,REF82
,1.0,,1.0,0.0,,,AUS.1_1,RLM8,SP224,REF82
,1.0,,1.0,0.0,,,AUS.1_1,RLM8,SP90,REF82
,1.0,,1.0,0.0,,,AUS.1_1,RLM8,SP161,REF82
,1.0,,1.0,0.0,,,AUS.1_1,RLM8,SP788,REF82
,1.0,,1.0,0.0,,,AUS.1_1,RLM8,SP789,REF82
,1.0,,1.0,0.0,,,AUS.1_1,RLM8,SP790,REF82
,1.0,,1.0,0.0,,,AUS.1_1,RLM8,SP791,REF82
,1.0,,1.0,0.0,,,AUS.1_1,RLM8,SP792,REF82
,1.0,,1.0,0.0,,,JPN.1_1,RLM5,SP693,REF82
,1.0,,1.0,0.0,,,JPN.1_1,RLM5,SP793,REF82
,1.0,,1.0,0.0,,,JPN.1_1,RLM5,SP338,REF82
,1.0,,1.0,0.0,,,JPN.1_1,RLM5,SP688,REF82
,1.0,,1.0,0.0,,,JPN.1_1,RLM5,SP46,REF82
,1.0,,1.0,0.0,,,JPN.1_1,RLM5,SP166,REF82
,1.0,,1.0,0.0,,,JPN.1_1,RLM5,SP647,REF82
,1.0,,1.0,0.0,,,JPN.1_1,RLM5,SP651,REF82
,1.0,,1.0,0.0,,,JPN.1_1,RLM5,SP654,REF82
,1.0,,1.0,0.0,,,JPN.1_1,RLM5,SP172,REF82
,1.0,,1.0,0.0,,,JPN.1_1,RLM5,SP82,REF82
,1.0,,1.0,0.0,,,JPN.1_1,RLM5,SP655,REF82
,1.0,,1.0,0.0,,,JPN.1_1,RLM5,SP794,REF82
,1.0,,1.0,0.0,,,JPN.1_1,RLM5,SP15,REF82
,1.0,,1.0,0.0,,,JPN.1_1,RLM5,SP23,REF82
,1.0,,1.0,0.0,,,JPN.1_1,RLM5,SP691,REF82
,1.0,,1.0,0.0,,,JPN.1_1,RLM5,SP4,REF82
,1.0,,1.0,0.0,,,JPN.1_1,RLM5,SP795,REF82
,1.0,,1.0,0.0,,,JPN.1_1,RLM5,SP796,REF82
,1.0,,1.0,0.0,,,JPN.1_1,RLM5,SP797,REF82
,1.0,,1.0,0.0,,,JPN.1_1,RLM5,SP686,REF82
,1.0,,1.0,0.0,,,JPN.1_1,RLM5,SP503,REF82
,1.0,,1.0,0.0,,,JPN.1_1,RLM5,SP41,REF82
,1.0,,1.0,0.0,,,JPN.1_1,RLM5,SP515,REF82
,1.0,,1.0,0.0,,,JPN.1_1,RLM5,SP662,REF82
,1.0,,1.0,0.0,,,JPN.1_1,RLM5,SP663,REF82
,1.0,,1.0,0.0,,,JPN.1_1,RLM5,SP17,REF82
,1.0,,1.0,0.0,,,JPN.1_1,RLM5,SP520,REF82
,1.0,,1.0,0.0,,,JPN.1_1,RLM5,SP5,REF82
,1.0,,1.0,0.0,,,JPN.1_1,RLM5,SP39,REF82
,1.0,,1.0,0.0,,,JPN.1_1,RLM5,SP6,REF82
,1.0,,1.0,0.0,,,JPN.1_1,RLM5,SP175,REF82
,1.0,,1.0,0.0,,,JPN.1_1,RLM5,SP14,REF82
,1.0,,1.0,0.0,,,JPN.1_1,RLM5,SP798,REF82
,1.0,,1.0,0.0,,,JPN.1_1,RLM5,SP664,REF82
,1.0,,1.0,0.0,,,JPN.1_1,RLM5,SP151,REF82
,1.0,,1.0,0.0,,,JPN.1_1,RLM5,SP799,REF82
,1.0,,1.0,0.0,,,JPN.1_1,RLM5,SP800,REF82
,1.0,,1.0,0.0,,,JPN.1_1,RLM5,SP27,REF82
,1.0,,1.0,0.0,,,JPN.1_1,RLM5,SP801,REF82
,1.0,,1.0,0.0,,,JPN.1_1,RLM5,SP682,REF82
,1.0,,1.0,0.0,,,JPN.1_1,RLM5,SP802,REF82
,1.0,,1.0,0.0,,,JPN.1_1,RLM5,SP781,REF82
,1.0,,1.0,0.0,,,JPN.1_1,RLM5,SP803,REF82
,1.0,,1.0,0.0,,,JPN.1_1,RLM5,SP224,REF82
,1.0,,1.0,0.0,,,JPN.1_1,RLM5,SP90,REF82
,1.0,,1.0,0.0,,,JPN.1_1,RLM5,SP804,REF82
,1.0,,1.0,0.0,,,JPN.1_1,RLM5,SP788,REF82
,1.0,,1.0,0.0,,,KOR.1_1,RLM7,SP793,REF82
,1.0,,1.0,0.0,,,KOR.2_1,RLM7,SP793,REF82
,1.0,,1.0,0.0,,,KOR.1_1,RLM7,SP46,REF82
,1.0,,1.0,0.0,,,KOR.2_1,RLM7,SP46,REF82
,1.0,,1.0,0.0,,,KOR.1_1,RLM7,SP166,REF82
,1.0,,1.0,0.0,,,KOR.2_1,RLM7,SP166,REF82
,1.0,,1.0,0.0,,,KOR.1_1,RLM7,SP172,REF82
,1.0,,1.0,0.0,,,KOR.2_1,RLM7,SP172,REF82
,1.0,,1.0,0.0,,,KOR.1_1,RLM7,SP655,REF82
,1.0,,1.0,0.0,,,KOR.2_1,RLM7,SP655,REF82
,1.0,,1.0,0.0,,,KOR.1_1,RLM7,SP794,REF82
,1.0,,1.0,0.0,,,KOR.2_1,RLM7,SP794,REF82
,1.0,,1.0,0.0,,,KOR.1_1,RLM7,SP15,REF82
,1.0,,1.0,0.0,,,KOR.2_1,RLM7,SP15,REF82
,1.0,,1.0,0.0,,,KOR.1_1,RLM7,SP4,REF82
,1.0,,1.0,0.0,,,KOR.2_1,RLM7,SP4,REF82
,1.0,,1.0,0.0,,,KOR.1_1,RLM7,SP503,REF82
,1.0,,1.0,0.0,,,KOR.2_1,RLM7,SP503,REF82
,1.0,,1.0,0.0,,,KOR.1_1,RLM7,SP41,REF82
,1.0,,1.0,0.0,,,KOR.2_1,RLM7,SP41,REF82
,1.0,,1.0,0.0,,,KOR.1_1,RLM7,SP515,REF82
,1.0,,1.0,0.0,,,KOR.2_1,RLM7,SP515,REF82
,1.0,,1.0,0.0,,,KOR.1_1,RLM7,SP662,REF82
,1.0,,1.0,0.0,,,KOR.2_1,RLM7,SP662,REF82
,1.0,,1.0,0.0,,,KOR.1_1,RLM7,SP520,REF82
,1.0,,1.0,0.0,,,KOR.2_1,RLM7,SP520,REF82
,1.0,,1.0,0.0,,,KOR.1_1,RLM7,SP5,REF82
,1.0,,1.0,0.0,,,KOR.2_1,RLM7,SP5,REF82
,1.0,,1.0,0.0,,,KOR.1_1,RLM7,SP6,REF82
,1.0,,1.0,0.0,,,KOR.2_1,RLM7,SP6,REF82
,1.0,,1.0,0.0,,,KOR.1_1,RLM7,SP175,REF82
,1.0,,1.0,0.0,,,KOR.2_1,RLM7,SP175,REF82
,1.0,,1.0,0.0,,,KOR.1_1,RLM7,SP14,REF82
,1.0,,1.0,0.0,,,KOR.2_1,RLM7,SP14,REF82
,1.0,,1.0,0.0,,,KOR.1_1,RLM7,SP664,REF82
,1.0,,1.0,0.0,,,KOR.2_1,RLM7,SP664,REF82
,1.0,,1.0,0.0,,,KOR.1_1,RLM7,SP27,REF82
,1.0,,1.0,0.0,,,KOR.2_1,RLM7,SP27,REF82
,1.0,,1.0,0.0,,,KOR.1_1,RLM7,SP224,REF82
,1.0,,1.0,0.0,,,KOR.2_1,RLM7,SP224,REF82
,1.0,,1.0,0.0,,,KOR.1_1,RLM7,SP788,REF82
,1.0,,1.0,0.0,,,KOR.2_1,RLM7,SP788,REF82
,1.0,,1.0,0.0,,,KOR.1_1,RLM7,SP714,REF82
,1.0,,1.0,0.0,,,KOR.2_1,RLM7,SP714,REF82
,1.0,,1.0,0.0,,,NZL.1_1,RLM8,SP399,REF82
,1.0,,1.0,0.0,,,NZL.1_1,RLM8,SP805,REF82
,1.0,,1.0,0.0,,,NZL.1_1,RLM8,SP806,REF82
,1.0,,1.0,0.0,,,NZL.1_1,RLM8,SP807,REF82
,1.0,,1.0,0.0,,,NZL.1_1,RLM8,SP808,REF82
,1.0,,1.0,0.0,,,NZL.1_1,RLM8,SP720,REF82
,1.0,,1.0,0.0,,,NZL.1_1,RLM8,SP809,REF82
,1.0,,1.0,0.0,,,NZL.1_1,RLM8,SP719,REF82
,1.0,,1.0,0.0,,,NZL.1_1,RLM8,SP810,REF82
,1.0,,1.0,0.0,,,NZL.1_1,RLM8,SP811,REF82
,1.0,,1.0,0.0,,,NZL.1_1,RLM8,SP812,REF82
,1.0,,1.0,0.0,,,NZL.1_1,RLM8,SP813,REF82
,1.0,,1.0,0.0,,,NZL.1_1,RLM8,SP725,REF82
,1.0,,1.0,0.0,,,NZL.1_1,RLM8,SP814,REF82
,1.0,,1.0,0.0,,,NZL.1_1,RLM8,SP815,REF82
,1.0,,1.0,0.0,,,NZL.1_1,RLM8,SP816,REF82
,1.0,,1.0,0.0,,,NZL.1_1,RLM8,SP817,REF82
,1.0,,1.0,0.0,,,NZL.1_1,RLM8,SP818,REF82
,1.0,,1.0,0.0,,,NZL.1_1,RLM8,SP819,REF82
,1.0,,1.0,0.0,,,NZL.1_1,RLM8,SP820,REF82
,1.0,,1.0,0.0,,,NZL.1_1,RLM8,SP821,REF82
,1.0,,1.0,0.0,,,NZL.1_1,RLM8,SP822,REF82
,1.0,,1.0,0.0,,,NZL.1_1,RLM8,SP823,REF82
,1.0,,1.0,0.0,,,NZL.1_1,RLM8,SP824,REF82
,1.0,,1.0,0.0,,,NZL.1_1,RLM8,SP825,REF82
,1.0,,1.0,0.0,,,NZL.1_1,RLM8,SP166,REF82
,1.0,,1.0,0.0,,,NZL.1_1,RLM8,SP430,REF82
,1.0,,1.0,0.0,,,NZL.1_1,RLM8,SP826,REF82
,1.0,,1.0,0.0,,,NZL.1_1,RLM8,SP827,REF82
,1.0,,1.0,0.0,,,NZL.1_1,RLM8,SP828,REF82
,1.0,,1.0,0.0,,,NZL.1_1,RLM8,SP829,REF82
,1.0,,1.0,0.0,,,NZL.1_1,RLM8,SP830,REF82
,1.0,,1.0,0.0,,,NZL.1_1,RLM8,SP831,REF82
,1.0,,1.0,0.0,,,NZL.1_1,RLM8,SP741,REF82
,1.0,,1.0,0.0,,,NZL.1_1,RLM8,SP19,REF82
,1.0,,1.0,0.0,,,NZL.1_1,RLM8,SP832,REF82
,1.0,,1.0,0.0,,,NZL.1_1,RLM8,SP833,REF82
,1.0,,1.0,0.0,,,NZL.1_1,RLM8,SP168,REF82
,1.0,,1.0,0.0,,,NZL.1_1,RLM8,SP834,REF82
,1.0,,1.0,0.0,,,NZL.1_1,RLM8,SP835,REF82
,1.0,,1.0,0.0,,,NZL.1_1,RLM8,SP836,REF82
,1.0,,1.0,0.0,,,NZL.1_1,RLM8,SP442,REF82
,1.0,,1.0,0.0,,,NZL.1_1,RLM8,SP837,REF82
,1.0,,1.0,0.0,,,NZL.1_1,RLM8,SP838,REF82
,1.0,,1.0,0.0,,,NZL.1_1,RLM8,SP839,REF82
,1.0,,1.0,0.0,,,NZL.1_1,RLM8,SP165,REF82
,1.0,,1.0,0.0,,,NZL.1_1,RLM8,SP840,REF82
,1.0,,1.0,0.0,,,NZL.1_1,RLM8,SP170,REF82
,1.0,,1.0,0.0,,,NZL.1_1,RLM8,SP841,REF82
,1.0,,1.0,0.0,,,NZL.1_1,RLM8,SP842,REF82
,1.0,,1.0,0.0,,,NZL.1_1,RLM8,SP672,REF82
,1.0,,1.0,0.0,,,NZL.1_1,RLM8,SP745,REF82
,1.0,,1.0,0.0,,,NZL.1_1,RLM8,SP457,REF82
,1.0,,1.0,0.0,,,NZL.1_1,RLM8,SP172,REF82
,1.0,,1.0,0.0,,,NZL.1_1,RLM8,SP82,REF82
,1.0,,1.0,0.0,,,NZL.1_1,RLM8,SP843,REF82
,1.0,,1.0,0.0,,,NZL.1_1,RLM8,SP47,REF82
,1.0,,1.0,0.0,,,NZL.1_1,RLM8,SP844,REF82
,1.0,,1.0,0.0,,,NZL.1_1,RLM8,SP845,REF82
,1.0,,1.0,0.0,,,NZL.1_1,RLM8,SP16,REF82
,1.0,,1.0,0.0,,,NZL.1_1,RLM8,SP846,REF82
,1.0,,1.0,0.0,,,NZL.1_1,RLM8,SP847,REF82
,1.0,,1.0,0.0,,,NZL.1_1,RLM8,SP848,REF82
,1.0,,1.0,0.0,,,NZL.1_1,RLM8,SP15,REF82
,1.0,,1.0,0.0,,,NZL.1_1,RLM8,SP849,REF82
,1.0,,1.0,0.0,,,NZL.1_1,RLM8,SP23,REF82
,1.0,,1.0,0.0,,,NZL.1_1,RLM8,SP850,REF82
,1.0,,1.0,0.0,,,NZL.1_1,RLM8,SP472,REF82
,1.0,,1.0,0.0,,,NZL.1_1,RLM8,SP119,REF82
,1.0,,1.0,0.0,,,NZL.1_1,RLM8,SP851,REF82
,1.0,,1.0,0.0,,,NZL.1_1,RLM8,SP143,REF82
,1.0,,1.0,0.0,,,NZL.1_1,RLM8,SP173,REF82
,1.0,,1.0,0.0,,,NZL.1_1,RLM8,SP852,REF82
,1.0,,1.0,0.0,,,NZL.1_1,RLM8,SP853,REF82
,1.0,,1.0,0.0,,,NZL.1_1,RLM8,SP854,REF82
,1.0,,1.0,0.0,,,NZL.1_1,RLM8,SP855,REF82
,1.0,,1.0,0.0,,,NZL.1_1,RLM8,SP758,REF82
,1.0,,1.0,0.0,,,NZL.1_1,RLM8,SP856,REF82
,1.0,,1.0,0.0,,,NZL.1_1,RLM8,SP489,REF82
,1.0,,1.0,0.0,,,NZL.1_1,RLM8,SP857,REF82
,1.0,,1.0,0.0,,,NZL.1_1,RLM8,SP858,REF82
,1.0,,1.0,0.0,,,NZL.1_1,RLM8,SP859,REF82
,1.0,,1.0,0.0,,,NZL.1_1,RLM8,SP500,REF82
,1.0,,1.0,0.0,,,NZL.1_1,RLM8,SP860,REF82
,1.0,,1.0,0.0,,,NZL.1_1,RLM8,SP861,REF82
,1.0,,1.0,0.0,,,NZL.1_1,RLM8,SP862,REF82
,1.0,,1.0,0.0,,,NZL.1_1,RLM8,SP863,REF82
,1.0,,1.0,0.0,,,NZL.1_1,RLM8,SP486,REF82
,1.0,,1.0,0.0,,,NZL.1_1,RLM8,SP503,REF82
,1.0,,1.0,0.0,,,NZL.1_1,RLM8,SP505,REF82
,1.0,,1.0,0.0,,,NZL.1_1,RLM8,SP864,REF82
,1.0,,1.0,0.0,,,NZL.1_1,RLM8,SP865,REF82
,1.0,,1.0,0.0,,,NZL.1_1,RLM8,SP508,REF82
,1.0,,1.0,0.0,,,NZL.1_1,RLM8,SP866,REF82
,1.0,,1.0,0.0,,,NZL.1_1,RLM8,SP867,REF82
,1.0,,1.0,0.0,,,NZL.1_1,RLM8,SP66,REF82
,1.0,,1.0,0.0,,,NZL.1_1,RLM8,SP868,REF82
,1.0,,1.0,0.0,,,NZL.1_1,RLM8,SP869,REF82
,1.0,,1.0,0.0,,,NZL.1_1,RLM8,SP870,REF82
,1.0,,1.0,0.0,,,NZL.1_1,RLM8,SP518,REF82
,1.0,,1.0,0.0,,,NZL.1_1,RLM8,SP871,REF82
,1.0,,1.0,0.0,,,NZL.1_1,RLM8,SP872,REF82
,1.0,,1.0,0.0,,,NZL.1_1,RLM8,SP873,REF82
,1.0,,1.0,0.0,,,NZL.1_1,RLM8,SP5,REF82
,1.0,,1.0,0.0,,,NZL.1_1,RLM8,SP99,REF82
,1.0,,1.0,0.0,,,NZL.1_1,RLM8,SP6,REF82
,1.0,,1.0,0.0,,,NZL.1_1,RLM8,SP174,REF82
,1.0,,1.0,0.0,,,NZL.1_1,RLM8,SP874,REF82
,1.0,,1.0,0.0,,,NZL.1_1,RLM8,SP175,REF82
,1.0,,1.0,0.0,,,NZL.1_1,RLM8,SP14,REF82
,1.0,,1.0,0.0,,,NZL.1_1,RLM8,SP875,REF82
,1.0,,1.0,0.0,,,NZL.1_1,RLM8,SP876,REF82
,1.0,,1.0,0.0,,,NZL.1_1,RLM8,SP877,REF82
,1.0,,1.0,0.0,,,NZL.1_1,RLM8,SP878,REF82
,1.0,,1.0,0.0,,,NZL.1_1,RLM8,SP664,REF82
,1.0,,1.0,0.0,,,NZL.1_1,RLM8,SP879,REF82
,1.0,,1.0,0.0,,,NZL.1_1,RLM8,SP880,REF82
,1.0,,1.0,0.0,,,NZL.1_1,RLM8,SP881,REF82
,1.0,,1.0,0.0,,,NZL.1_1,RLM8,SP27,REF82
,1.0,,1.0,0.0,,,NZL.1_1,RLM8,SP882,REF82
,1.0,,1.0,0.0,,,NZL.1_1,RLM8,SP28,REF82
,1.0,,1.0,0.0,,,NZL.1_1,RLM8,SP176,REF82
,1.0,,1.0,0.0,,,NZL.1_1,RLM8,SP883,REF82
,1.0,,1.0,0.0,,,NZL.1_1,RLM8,SP884,REF82
,1.0,,1.0,0.0,,,NZL.1_1,RLM8,SP885,REF82
,1.0,,1.0,0.0,,,NZL.1_1,RLM8,SP886,REF82
,1.0,,1.0,0.0,,,NZL.1_1,RLM8,SP887,REF82
,1.0,,1.0,0.0,,,NZL.1_1,RLM8,SP888,REF82
,1.0,,1.0,0.0,,,NZL.1_1,RLM8,SP889,REF82
,1.0,,1.0,0.0,,,NZL.1_1,RLM8,SP890,REF82
,1.0,,1.0,0.0,,,NZL.1_1,RLM8,SP891,REF82
,1.0,,1.0,0.0,,,NZL.1_1,RLM8,SP892,REF82
,1.0,,1.0,0.0,,,NZL.1_1,RLM8,SP780,REF82
,1.0,,1.0,0.0,,,NZL.1_1,RLM8,SP781,REF82
,1.0,,1.0,0.0,,,NZL.1_1,RLM8,SP893,REF82
,1.0,,1.0,0.0,,,NZL.1_1,RLM8,SP894,REF82
,1.0,,1.0,0.0,,,NZL.1_1,RLM8,SP782,REF82
,1.0,,1.0,0.0,,,NZL.1_1,RLM8,SP784,REF82
,1.0,,1.0,0.0,,,NZL.1_1,RLM8,SP787,REF82
,1.0,,1.0,0.0,,,NZL.1_1,RLM8,SP541,REF82
,1.0,,1.0,0.0,,,NZL.1_1,RLM8,SP90,REF82
,1.0,,1.0,0.0,,,NZL.1_1,RLM8,SP895,REF82
,1.0,,1.0,0.0,,,NZL.1_1,RLM8,SP788,REF82
,1.0,,1.0,0.0,,,NZL.1_1,RLM8,SP790,REF82
,1.0,,1.0,0.0,,,NZL.1_1,RLM8,SP896,REF82
,1.0,,1.0,0.0,,,NZL.1_1,RLM8,SP897,REF82
,1.0,,1.0,0.0,,,NZL.1_1,RLM8,SP549,REF82
,1.0,,1.0,0.0,,,NZL.1_1,RLM8,SP898,REF82
,1.0,,1.0,0.0,,,ZAF.1_1,RLM6,SP399,REF82
,1.0,,1.0,0.0,,,ZAF.1_1,RLM6,SP899,REF82
,1.0,,1.0,0.0,,,ZAF.1_1,RLM6,SP7,REF82
,1.0,,1.0,0.0,,,ZAF.1_1,RLM6,SP900,REF82
,1.0,,1.0,0.0,,,ZAF.1_1,RLM6,SP296,REF82
,1.0,,1.0,0.0,,,ZAF.1_1,RLM6,SP165,REF82
,1.0,,1.0,0.0,,,ZAF.1_1,RLM6,SP172,REF82
,1.0,,1.0,0.0,,,ZAF.1_1,RLM6,SP82,REF82
,1.0,,1.0,0.0,,,ZAF.1_1,RLM6,SP16,REF82
,1.0,,1.0,0.0,,,ZAF.1_1,RLM6,SP227,REF82
,1.0,,1.0,0.0,,,ZAF.1_1,RLM6,SP32,REF82
,1.0,,1.0,0.0,,,ZAF.1_1,RLM6,SP173,REF82
,1.0,,1.0,0.0,,,ZAF.1_1,RLM6,SP763,REF82
,1.0,,1.0,0.0,,,ZAF.1_1,RLM6,SP901,REF82
,1.0,,1.0,0.0,,,ZAF.1_1,RLM6,SP17,REF82
,1.0,,1.0,0.0,,,ZAF.1_1,RLM6,SP5,REF82
,1.0,,1.0,0.0,,,ZAF.1_1,RLM6,SP39,REF82
,1.0,,1.0,0.0,,,ZAF.1_1,RLM6,SP175,REF82
,1.0,,1.0,0.0,,,ZAF.1_1,RLM6,SP14,REF82
,1.0,,1.0,0.0,,,ZAF.1_1,RLM6,SP527,REF82
,1.0,,1.0,0.0,,,ZAF.1_1,RLM6,SP27,REF82
,1.0,,1.0,0.0,,,ZAF.1_1,RLM6,SP110,REF82
,1.0,,1.0,0.0,,,ZAF.1_1,RLM6,SP541,REF82
0.0,1.0,,1.0,0.0,,,ZAF.1_1,RLM6,SP12,REF82
1.0,1.0,,1.0,0.0,,,ZAF.1_1,RLM6,SP163,REF82
,1.0,,1.0,0.0,,,ZAF.1_1,RLM6,SP111,REF82
,1.0,,1.0,0.0,,,ZAF.1_1,RLM6,SP606,REF82
,1.0,,1.0,0.0,,,ZAF.1_1,RLM6,SP441,REF82
,1.0,,1.0,0.0,,,ZAF.1_1,RLM6,SP453,REF82
,1.0,,1.0,0.0,,,ZAF.1_1,RLM6,SP15,REF82
,1.0,,1.0,0.0,,,ZAF.1_1,RLM6,SP138,REF82
,1.0,,1.0,0.0,,,ZAF.1_1,RLM6,SP2,REF82
,1.0,,1.0,0.0,,,ZAF.1_1,RLM6,SP48,REF82
,1.0,,1.0,0.0,,,ZAF.1_1,RLM6,SP176,REF82
,1.0,,1.0,0.0,,,ZAF.1_1,RLM6,SP782,REF82
,1.0,,1.0,0.0,,,ZAF.1_1,RLM6,SP153,REF82
,1.0,,1.0,0.0,,,ZAF.1_1,RLM6,SP547,REF82
,1.0,,1.0,0.0,,1810.0,CHL.1_1,RLM1,SP90,REF83
0.0,1.0,,1.0,0.0,,1852.0,CHL.1_1,RLM1,SP12,REF83
,1.0,,1.0,0.0,,1883.0,CHL.1_1,RLM1,SP14,REF83
,1.0,,1.0,0.0,,1885.0,CHL.1_1,RLM1,SP172,REF83
,1.0,,1.0,0.0,,1890.0,CHL.1_1,RLM1,SP165,REF83
,1.0,,1.0,0.0,,1897.0,CHL.1_1,RLM1,SP82,REF83
,1.0,,1.0,0.0,,1900.0,CHL.1_1,RLM1,SP136,REF83
,1.0,,1.0,0.0,,1900.0,CHL.1_1,RLM1,SP503,REF83
,1.0,,1.0,0.0,,1904.0,CHL.1_1,RLM1,SP5,REF83
,1.0,,1.0,0.0,,1930.0,CHL.1_1,RLM1,SP175,REF83
,1.0,,1.0,0.0,,1930.0,CHL.1_1,RLM1,SP664,REF83
,1.0,,1.0,0.0,,1935.0,CHL.1_1,RLM1,SP153,REF83
,1.0,,1.0,0.0,,1944.0,CHL.1_1,RLM1,SP457,REF83
,1.0,,1.0,0.0,,1944.0,CHL.1_1,RLM1,SP166,REF83
,1.0,,1.0,0.0,,1944.0,CHL.1_1,RLM1,SP541,REF83
,1.0,,1.0,0.0,,1960.0,CHL.1_1,RLM1,SP902,REF83
,1.0,,1.0,0.0,,1962.0,CHL.1_1,RLM1,SP27,REF83
,1.0,,1.0,0.0,,1965.0,CHL.1_1,RLM1,SP471,REF83
,1.0,,1.0,0.0,,1969.0,CHL.1_1,RLM1,SP39,REF83
,1.0,,1.0,0.0,,1969.0,CHL.1_1,RLM1,SP84,REF83
,1.0,,1.0,0.0,,1971.0,CHL.1_1,RLM1,SP15,REF83
,1.0,,1.0,0.0,,1973.0,CHL.1_1,RLM1,SP16,REF83
,1.0,,1.0,0.0,,1976.0,CHL.1_1,RLM1,SP443,REF83
,1.0,,1.0,0.0,,1979.0,CHL.1_1,RLM1,SP832,REF83
,1.0,,1.0,0.0,,1979.0,CHL.1_1,RLM1,SP176,REF83
,1.0,,1.0,0.0,,1982.0,CHL.1_1,RLM1,SP360,REF83
,1.0,,1.0,0.0,,1985.0,CHL.1_1,RLM1,SP57,REF83
,1.0,,1.0,0.0,,1987.0,CHL.1_1,RLM1,SP168,REF83
,1.0,,1.0,0.0,,1989.0,CHL.1_1,RLM1,SP453,REF83
,1.0,,1.0,0.0,,1995.0,CHL.1_1,RLM1,SP316,REF83
,1.0,,1.0,0.0,,1998.0,CHL.1_1,RLM1,SP2,REF83
,1.0,,1.0,0.0,,2008.0,CHL.1_1,RLM1,SP62,REF83
,1.0,,1.0,0.0,,1958.0,CHL.1_1,RLM1,SP903,REF83
,1.0,,1.0,0.0,,1892.0,CHL.1_1,RLM1,SP904,REF83
,1.0,,1.0,0.0,,1930.0,CHL.1_1,RLM1,SP97,REF83
,1.0,,1.0,0.0,,1965.0,CHL.1_1,RLM1,SP905,REF83
,1.0,,1.0,0.0,1.0,1997.0,CHL.1_1,RLM1,SP906,REF83
,1.0,,1.0,0.0,,2011.0,CHL.1_1,RLM1,SP907,REF83
,1.0,,1.0,0.0,,2012.0,CHL.1_1,RLM1,SP908,REF83
,1.0,,1.0,0.0,,2015.0,CHL.1_1,RLM1,SP183,REF83
,1.0,,1.0,0.0,,2017.0,CHL.1_1,RLM1,SP909,REF83
,1.0,,1.0,0.0,,,CHL.1_1,RLM1,SP910,REF83
,1.0,,1.0,0.0,,1997.0,GBR.1_1,RLM7,SP911,REF83
,1.0,,1.0,0.0,,1982.0,GBR.1_1,RLM7,SP912,REF83
,1.0,,1.0,0.0,,1971.0,GBR.1_1,RLM7,SP65,REF83
,1.0,,1.0,0.0,,2004.0,GBR.1_1,RLM7,SP913,REF83
,1.0,,1.0,0.0,,1976.0,GBR.1_1,RLM7,SP914,REF83
,1.0,,1.0,0.0,,2006.0,GBR.1_1,RLM7,SP915,REF83
,1.0,,1.0,0.0,,1970.0,GBR.1_1,RLM7,SP916,REF83
,1.0,,1.0,0.0,,2002.0,GBR.1_1,RLM7,SP67,REF83
,1.0,,1.0,0.0,,2002.0,GBR.1_1,RLM7,SP917,REF83
,1.0,,1.0,0.0,,2005.0,GBR.1_1,RLM7,SP918,REF83
,1.0,,1.0,0.0,,1979.0,GBR.1_1,RLM7,SP919,REF83
,1.0,,1.0,0.0,,1993.0,GBR.1_1,RLM7,SP920,REF83
,1.0,,1.0,0.0,,1981.0,GBR.1_1,RLM7,SP921,REF83
,1.0,,1.0,0.0,,2004.0,GBR.1_1,RLM7,SP922,REF83
,1.0,,1.0,0.0,,1973.0,GBR.1_1,RLM7,SP923,REF83
,1.0,,1.0,0.0,,1978.0,GBR.1_1,RLM7,SP924,REF83
,1.0,,1.0,0.0,,2011.0,GBR.1_1,RLM7,SP925,REF83
,1.0,,1.0,0.0,,2002.0,GBR.1_1,RLM7,SP926,REF83
,1.0,,1.0,0.0,,2000.0,GBR.1_1,RLM7,SP927,REF83
,1.0,,1.0,0.0,,2004.0,GBR.1_1,RLM7,SP928,REF83
,1.0,,1.0,0.0,,2003.0,GBR.1_1,RLM7,SP929,REF83
,1.0,,1.0,0.0,,2007.0,GBR.1_1,RLM7,SP42,REF83
,1.0,,1.0,0.0,,1975.0,GBR.1_1,RLM7,SP930,REF83
,1.0,,1.0,0.0,,1970.0,GBR.1_1,RLM7,SP931,REF83
,1.0,,1.0,0.0,,2004.0,GBR.1_1,RLM7,SP98,REF83
,1.0,,1.0,0.0,,1980.0,GBR.1_1,RLM7,SP932,REF83
,1.0,,1.0,0.0,,1999.0,GBR.1_1,RLM7,SP933,REF83
,1.0,,1.0,0.0,,1999.0,GBR.1_1,RLM7,SP934,REF83
,1.0,,1.0,0.0,,2008.0,GBR.1_1,RLM7,SP935,REF83
,1.0,,1.0,0.0,,1996.0,GBR.1_1,RLM7,SP10,REF83
,1.0,,1.0,0.0,,1973.0,GBR.1_1,RLM7,SP936,REF83
,1.0,,1.0,0.0,,2003.0,GBR.1_1,RLM7,SP937,REF83
,1.0,,1.0,0.0,,2002.0,GBR.1_1,RLM7,SP938,REF83
,1.0,,1.0,0.0,,1975.0,GBR.1_1,RLM7,SP939,REF83
,1.0,,1.0,0.0,,1984.0,GBR.1_1,RLM7,SP940,REF83
,1.0,,1.0,0.0,,1911.0,GBR.1_1,RLM7,SP47,REF83
,1.0,,1.0,0.0,,1998.0,GBR.1_1,RLM7,SP941,REF83
,1.0,,1.0,0.0,,1989.0,GBR.1_1,RLM7,SP942,REF83
,1.0,,1.0,0.0,,1993.0,GBR.1_1,RLM7,SP943,REF83
,1.0,,1.0,0.0,,1988.0,GBR.1_1,RLM7,SP944,REF83
,1.0,,1.0,0.0,,1999.0,GBR.1_1,RLM7,SP945,REF83
,1.0,,1.0,0.0,,1997.0,GBR.1_1,RLM7,SP697,REF83
,1.0,,1.0,0.0,,1987.0,GBR.1_1,RLM7,SP946,REF83
,1.0,,1.0,0.0,,1990.0,GBR.1_1,RLM7,SP947,REF83
,1.0,,1.0,0.0,,1974.0,GBR.1_1,RLM7,SP948,REF83
,1.0,,1.0,0.0,,1995.0,GBR.1_1,RLM7,SP34,REF83
,1.0,,1.0,0.0,,2004.0,GBR.1_1,RLM7,SP949,REF83
,1.0,,1.0,0.0,,2005.0,GBR.1_1,RLM7,SP950,REF83
,1.0,,1.0,0.0,,1971.0,GBR.1_1,RLM7,SP951,REF83
,1.0,,1.0,0.0,,1984.0,GBR.1_1,RLM7,SP952,REF83
,1.0,,1.0,0.0,,2009.0,GBR.1_1,RLM7,SP953,REF83
,1.0,,1.0,0.0,,1987.0,GBR.1_1,RLM7,SP954,REF83
,1.0,,1.0,0.0,,2002.0,GBR.1_1,RLM7,SP35,REF83
,1.0,,1.0,0.0,,2001.0,GBR.1_1,RLM7,SP955,REF83
,1.0,,1.0,0.0,,2004.0,GBR.1_1,RLM7,SP66,REF83
,1.0,,1.0,0.0,,2000.0,GBR.1_1,RLM7,SP956,REF83
,1.0,,1.0,0.0,,2007.0,GBR.1_1,RLM7,SP957,REF83
,1.0,,1.0,0.0,,1981.0,GBR.1_1,RLM7,SP958,REF83
,1.0,,1.0,0.0,,1974.0,GBR.1_1,RLM7,SP959,REF83
,1.0,,1.0,0.0,,1989.0,GBR.1_1,RLM7,SP960,REF83
,1.0,,1.0,0.0,,1990.0,GBR.1_1,RLM7,SP222,REF83
,1.0,,1.0,0.0,,2003.0,GBR.1_1,RLM7,SP961,REF83
,1.0,,1.0,0.0,,2007.0,GBR.1_1,RLM7,SP962,REF83
,1.0,,1.0,0.0,,1992.0,GBR.1_1,RLM7,SP963,REF83
,1.0,,1.0,0.0,,2010.0,GBR.1_1,RLM7,SP964,REF83
,1.0,,1.0,0.0,,1977.0,GBR.1_1,RLM7,SP965,REF83
,1.0,,1.0,0.0,,2006.0,GBR.1_1,RLM7,SP216,REF83
,1.0,,1.0,0.0,,1984.0,GBR.1_1,RLM7,SP966,REF83
,1.0,,1.0,0.0,,1975.0,GBR.1_1,RLM7,SP967,REF83
,1.0,,1.0,0.0,,1997.0,GBR.1_1,RLM7,SP968,REF83
,1.0,,1.0,0.0,,1985.0,JPN.1_1,RLM5,SP693,REF83
,1.0,,1.0,0.0,,,JPN.1_1,RLM5,SP793,REF83
,1.0,,1.0,0.0,,1996.0,JPN.1_1,RLM5,SP338,REF83
,1.0,,1.0,0.0,,1999.0,JPN.1_1,RLM5,SP688,REF83
,1.0,,1.0,0.0,,1962.0,JPN.1_1,RLM5,SP46,REF83
,1.0,,1.0,0.0,,1958.0,JPN.1_1,RLM5,SP166,REF83
,1.0,,1.0,0.0,,2008.0,JPN.1_1,RLM5,SP684,REF83
,1.0,,1.0,0.0,,1990.0,JPN.1_1,RLM5,SP651,REF83
,1.0,,1.0,0.0,,,JPN.1_1,RLM5,SP654,REF83
,1.0,,1.0,0.0,,,JPN.1_1,RLM5,SP172,REF83
,1.0,,1.0,0.0,,1923.0,JPN.1_1,RLM5,SP82,REF83
,1.0,,1.0,0.0,,,JPN.1_1,RLM5,SP655,REF83
,1.0,,1.0,0.0,,,JPN.1_1,RLM5,SP794,REF83
,1.0,,1.0,0.0,,1868.0,JPN.1_1,RLM5,SP15,REF83
,1.0,,1.0,0.0,,1994.0,JPN.1_1,RLM5,SP23,REF83
,1.0,,1.0,0.0,1.0,1995.0,JPN.1_1,RLM5,SP691,REF83
,1.0,,1.0,0.0,,1945.0,JPN.1_1,RLM5,SP4,REF83
,1.0,,1.0,0.0,,2003.0,JPN.1_1,RLM5,SP795,REF83
,1.0,,1.0,0.0,,2008.0,JPN.1_1,RLM5,SP796,REF83
,1.0,,1.0,0.0,,,JPN.1_1,RLM5,SP797,REF83
,1.0,,1.0,0.0,,1942.0,JPN.1_1,RLM5,SP686,REF83
,1.0,,1.0,0.0,,,JPN.1_1,RLM5,SP503,REF83
,1.0,,1.0,0.0,,1986.0,JPN.1_1,RLM5,SP41,REF83
,1.0,,1.0,0.0,,,JPN.1_1,RLM5,SP561,REF83
,1.0,,1.0,0.0,,1968.0,JPN.1_1,RLM5,SP662,REF83
,1.0,,1.0,0.0,,1921.0,JPN.1_1,RLM5,SP663,REF83
,1.0,,1.0,0.0,,,JPN.1_1,RLM5,SP17,REF83
,1.0,,1.0,0.0,,1976.0,JPN.1_1,RLM5,SP520,REF83
,1.0,,1.0,0.0,,1954.0,JPN.1_1,RLM5,SP5,REF83
,1.0,,1.0,0.0,,1995.0,JPN.1_1,RLM5,SP39,REF83
,1.0,,1.0,0.0,,,JPN.1_1,RLM5,SP6,REF83
,1.0,,1.0,0.0,,1917.0,JPN.1_1,RLM5,SP175,REF83
,1.0,,1.0,0.0,,,JPN.1_1,RLM5,SP14,REF83
,1.0,,1.0,0.0,,1929.0,JPN.1_1,RLM5,SP798,REF83
,1.0,,1.0,0.0,,1910.0,JPN.1_1,RLM5,SP664,REF83
,1.0,,1.0,0.0,,1877.0,JPN.1_1,RLM5,SP151,REF83
,1.0,,1.0,0.0,1.0,1979.0,JPN.1_1,RLM5,SP799,REF83
,1.0,,1.0,0.0,,2007.0,JPN.1_1,RLM5,SP969,REF83
,1.0,,1.0,0.0,,1889.0,JPN.1_1,RLM5,SP27,REF83
,1.0,,1.0,0.0,,1941.0,JPN.1_1,RLM5,SP801,REF83
,1.0,,1.0,0.0,,1999.0,JPN.1_1,RLM5,SP682,REF83
,1.0,,1.0,0.0,,1975.0,JPN.1_1,RLM5,SP802,REF83
,1.0,,1.0,0.0,,2005.0,JPN.1_1,RLM5,SP781,REF83
,1.0,,1.0,0.0,,1999.0,JPN.1_1,RLM5,SP803,REF83
,1.0,,1.0,0.0,,1889.0,JPN.1_1,RLM5,SP224,REF83
,1.0,,1.0,0.0,,,JPN.1_1,RLM5,SP90,REF83
,1.0,,1.0,0.0,,2013.0,JPN.1_1,RLM5,SP804,REF83
,1.0,,1.0,0.0,,,JPN.1_1,RLM5,SP788,REF83
,1.0,,1.0,0.0,,2019.0,JPN.1_1,RLM5,SP8,REF83
,1.0,,1.0,0.0,,1930.0,KOR.1_1,RLM7,SP793,REF83
,1.0,,1.0,0.0,,1930.0,KOR.2_1,RLM7,SP793,REF83
,1.0,,1.0,0.0,,,KOR.1_1,RLM7,SP46,REF83
,1.0,,1.0,0.0,,,KOR.2_1,RLM7,SP46,REF83
,1.0,,1.0,0.0,,1920.0,KOR.1_1,RLM7,SP166,REF83
,1.0,,1.0,0.0,,1920.0,KOR.2_1,RLM7,SP166,REF83
,1.0,,1.0,0.0,,,KOR.1_1,RLM7,SP172,REF83
,1.0,,1.0,0.0,,,KOR.2_1,RLM7,SP172,REF83
,1.0,,1.0,0.0,,,KOR.1_1,RLM7,SP655,REF83
,1.0,,1.0,0.0,,,KOR.2_1,RLM7,SP655,REF83
,1.0,,1.0,0.0,,,KOR.1_1,RLM7,SP794,REF83
,1.0,,1.0,0.0,,,KOR.2_1,RLM7,SP794,REF83
,1.0,,1.0,0.0,,1910.0,KOR.1_1,RLM7,SP15,REF83
,1.0,,1.0,0.0,,1910.0,KOR.2_1,RLM7,SP15,REF83
,1.0,,1.0,0.0,,1958.0,KOR.1_1,RLM7,SP4,REF83
,1.0,,1.0,0.0,,1958.0,KOR.2_1,RLM7,SP4,REF83
,1.0,,1.0,0.0,,,KOR.1_1,RLM7,SP503,REF83
,1.0,,1.0,0.0,,,KOR.2_1,RLM7,SP503,REF83
,1.0,,1.0,0.0,,1999.0,KOR.1_1,RLM7,SP41,REF83
,1.0,,1.0,0.0,,1999.0,KOR.2_1,RLM7,SP41,REF83
,1.0,,1.0,0.0,,,KOR.1_1,RLM7,SP561,REF83
,1.0,,1.0,0.0,,,KOR.2_1,RLM7,SP561,REF83
,1.0,,1.0,0.0,,2003.0,KOR.1_1,RLM7,SP662,REF83
,1.0,,1.0,0.0,,2003.0,KOR.2_1,RLM7,SP662,REF83
,1.0,,1.0,0.0,,1997.0,KOR.1_1,RLM7,SP520,REF83
,1.0,,1.0,0.0,,1997.0,KOR.2_1,RLM7,SP520,REF83
,1.0,,1.0,0.0,,1968.0,KOR.1_1,RLM7,SP5,REF83
,1.0,,1.0,0.0,,1968.0,KOR.2_1,RLM7,SP5,REF83
,1.0,,1.0,0.0,,,KOR.1_1,RLM7,SP6,REF83
,1.0,,1.0,0.0,,,KOR.2_1,RLM7,SP6,REF83
,1.0,,1.0,0.0,,1910.0,KOR.1_1,RLM7,SP175,REF83
,1.0,,1.0,0.0,,1910.0,KOR.2_1,RLM7,SP175,REF83
,1.0,,1.0,0.0,,,KOR.1_1,RLM7,SP14,REF83
,1.0,,1.0,0.0,,,KOR.2_1,RLM7,SP14,REF83
,1.0,,1.0,0.0,,1930.0,KOR.1_1,RLM7,SP664,REF83
,1.0,,1.0,0.0,,1930.0,KOR.2_1,RLM7,SP664,REF83
,1.0,,1.0,0.0,,,KOR.1_1,RLM7,SP27,REF83
,1.0,,1.0,0.0,,,KOR.2_1,RLM7,SP27,REF83
,1.0,,1.0,0.0,,1960.0,KOR.1_1,RLM7,SP224,REF83
,1.0,,1.0,0.0,,1960.0,KOR.2_1,RLM7,SP224,REF83
,1.0,,1.0,0.0,,,KOR.1_1,RLM7,SP788,REF83
,1.0,,1.0,0.0,,,KOR.2_1,RLM7,SP788,REF83
,1.0,,1.0,0.0,,1930.0,KOR.1_1,RLM7,SP714,REF83
,1.0,,1.0,0.0,,1930.0,KOR.2_1,RLM7,SP714,REF83
,1.0,,1.0,0.0,,2019.0,KOR.1_1,RLM7,SP8,REF83
,1.0,,1.0,0.0,,2019.0,KOR.2_1,RLM7,SP8,REF83
,1.0,,1.0,0.0,,,KOR.1_1,RLM7,SP737,REF83
,1.0,,1.0,0.0,,,KOR.2_1,RLM7,SP737,REF83
,1.0,,1.0,0.0,,,KOR.1_1,RLM7,SP970,REF83
,1.0,,1.0,0.0,,,KOR.2_1,RLM7,SP970,REF83
,1.0,,1.0,0.0,,,KOR.1_1,RLM7,SP143,REF83
,1.0,,1.0,0.0,,,KOR.2_1,RLM7,SP143,REF83
,1.0,,1.0,0.0,,,KOR.1_1,RLM7,SP863,REF83
,1.0,,1.0,0.0,,,KOR.2_1,RLM7,SP863,REF83
,1.0,,1.0,0.0,,,KOR.1_1,RLM7,SP110,REF83
,1.0,,1.0,0.0,,,KOR.2_1,RLM7,SP110,REF83
,1.0,,1.0,0.0,,,KOR.1_1,RLM7,SP971,REF83
,1.0,,1.0,0.0,,,KOR.2_1,RLM7,SP971,REF83
,1.0,,1.0,0.0,,,KOR.1_1,RLM7,SP972,REF83
,1.0,,1.0,0.0,,,KOR.2_1,RLM7,SP972,REF83
,1.0,,1.0,0.0,,,KOR.1_1,RLM7,SP973,REF83
,1.0,,1.0,0.0,,,KOR.2_1,RLM7,SP973,REF83
,1.0,,1.0,0.0,,1908.0,NZL.1_1,RLM8,SP399,REF83
,1.0,,1.0,0.0,,1973.0,NZL.1_1,RLM8,SP805,REF83
,1.0,,1.0,0.0,,1970.0,NZL.1_1,RLM8,SP806,REF83
,1.0,,1.0,0.0,,1880.0,NZL.1_1,RLM8,SP807,REF83
,1.0,,1.0,0.0,,1999.0,NZL.1_1,RLM8,SP808,REF83
,1.0,,1.0,0.0,,1935.0,NZL.1_1,RLM8,SP720,REF83
,1.0,,1.0,0.0,,1955.0,NZL.1_1,RLM8,SP809,REF83
,1.0,,1.0,0.0,,1986.0,NZL.1_1,RLM8,SP719,REF83
,1.0,,1.0,0.0,1.0,2008.0,NZL.1_1,RLM8,SP974,REF83
,1.0,,1.0,0.0,1.0,1990.0,NZL.1_1,RLM8,SP811,REF83
,1.0,,1.0,0.0,,1931.0,NZL.1_1,RLM8,SP812,REF83
,1.0,,1.0,0.0,,1975.0,NZL.1_1,RLM8,SP813,REF83
,1.0,,1.0,0.0,1.0,1987.0,NZL.1_1,RLM8,SP725,REF83
,1.0,,1.0,0.0,,1926.0,NZL.1_1,RLM8,SP814,REF83
,1.0,,1.0,0.0,,1996.0,NZL.1_1,RLM8,SP815,REF83
,1.0,,1.0,0.0,,1973.0,NZL.1_1,RLM8,SP816,REF83
,1.0,,1.0,0.0,,1984.0,NZL.1_1,RLM8,SP817,REF83
,1.0,,1.0,0.0,,1979.0,NZL.1_1,RLM8,SP818,REF83
,1.0,,1.0,0.0,,1908.0,NZL.1_1,RLM8,SP819,REF83
,1.0,,1.0,0.0,,1909.0,NZL.1_1,RLM8,SP820,REF83
,1.0,,1.0,0.0,,1928.0,NZL.1_1,RLM8,SP821,REF83
,1.0,,1.0,0.0,,1923.0,NZL.1_1,RLM8,SP822,REF83
,1.0,,1.0,0.0,,1988.0,NZL.1_1,RLM8,SP823,REF83
,1.0,,1.0,0.0,,,NZL.1_1,RLM8,SP824,REF83
,1.0,,1.0,0.0,,1927.0,NZL.1_1,RLM8,SP975,REF83
,1.0,,1.0,0.0,,1929.0,NZL.1_1,RLM8,SP166,REF83
,1.0,,1.0,0.0,,1952.0,NZL.1_1,RLM8,SP430,REF83
,1.0,,1.0,0.0,,1906.0,NZL.1_1,RLM8,SP976,REF83
,1.0,,1.0,0.0,,2017.0,NZL.1_1,RLM8,SP827,REF83
,1.0,,1.0,0.0,,1981.0,NZL.1_1,RLM8,SP828,REF83
,1.0,,1.0,0.0,,1960.0,NZL.1_1,RLM8,SP829,REF83
,1.0,,1.0,0.0,,1800.0,NZL.1_1,RLM8,SP162,REF83
,1.0,,1.0,0.0,,1963.0,NZL.1_1,RLM8,SP830,REF83
,1.0,,1.0,0.0,,1930.0,NZL.1_1,RLM8,SP741,REF83
,1.0,,1.0,0.0,,2016.0,NZL.1_1,RLM8,SP19,REF83
,1.0,,1.0,0.0,,1922.0,NZL.1_1,RLM8,SP832,REF83
,1.0,,1.0,0.0,,1969.0,NZL.1_1,RLM8,SP833,REF83
,1.0,,1.0,0.0,,1969.0,NZL.1_1,RLM8,SP168,REF83
,1.0,,1.0,0.0,,1999.0,NZL.1_1,RLM8,SP834,REF83
,1.0,,1.0,0.0,,1922.0,NZL.1_1,RLM8,SP835,REF83
,1.0,,1.0,0.0,,2006.0,NZL.1_1,RLM8,SP836,REF83
,1.0,,1.0,0.0,,1936.0,NZL.1_1,RLM8,SP442,REF83
,1.0,,1.0,0.0,,2011.0,NZL.1_1,RLM8,SP837,REF83
,1.0,,1.0,0.0,,1999.0,NZL.1_1,RLM8,SP838,REF83
,1.0,,1.0,0.0,,2020.0,NZL.1_1,RLM8,SP839,REF83
,1.0,,1.0,0.0,,1922.0,NZL.1_1,RLM8,SP165,REF83
,1.0,,1.0,0.0,,1900.0,NZL.1_1,RLM8,SP170,REF83
,1.0,,1.0,0.0,,1918.0,NZL.1_1,RLM8,SP841,REF83
,1.0,,1.0,0.0,,1938.0,NZL.1_1,RLM8,SP842,REF83
,1.0,,1.0,0.0,,2004.0,NZL.1_1,RLM8,SP977,REF83
,1.0,,1.0,0.0,,1997.0,NZL.1_1,RLM8,SP745,REF83
,1.0,,1.0,0.0,,1800.0,NZL.1_1,RLM8,SP457,REF83
,1.0,,1.0,0.0,,1916.0,NZL.1_1,RLM8,SP172,REF83
,1.0,,1.0,0.0,,1915.0,NZL.1_1,RLM8,SP82,REF83
,1.0,,1.0,0.0,,,NZL.1_1,RLM8,SP843,REF83
,1.0,,1.0,0.0,,1890.0,NZL.1_1,RLM8,SP47,REF83
,1.0,,1.0,0.0,,1977.0,NZL.1_1,RLM8,SP844,REF83
,1.0,,1.0,0.0,,1936.0,NZL.1_1,RLM8,SP845,REF83
,1.0,,1.0,0.0,,1926.0,NZL.1_1,RLM8,SP16,REF83
,1.0,,1.0,0.0,,1929.0,NZL.1_1,RLM8,SP846,REF83
,1.0,,1.0,0.0,,2000.0,NZL.1_1,RLM8,SP847,REF83
,1.0,,1.0,0.0,,1986.0,NZL.1_1,RLM8,SP848,REF83
,1.0,,1.0,0.0,,1976.0,NZL.1_1,RLM8,SP15,REF83
,1.0,,1.0,0.0,,1915.0,NZL.1_1,RLM8,SP23,REF83
,1.0,,1.0,0.0,,1994.0,NZL.1_1,RLM8,SP850,REF83
,1.0,,1.0,0.0,,1986.0,NZL.1_1,RLM8,SP472,REF83
,1.0,,1.0,0.0,,1800.0,NZL.1_1,RLM8,SP119,REF83
,1.0,,1.0,0.0,,2003.0,NZL.1_1,RLM8,SP4,REF83
,1.0,,1.0,0.0,,2007.0,NZL.1_1,RLM8,SP851,REF83
,1.0,,1.0,0.0,,1965.0,NZL.1_1,RLM8,SP143,REF83
,1.0,,1.0,0.0,,1982.0,NZL.1_1,RLM8,SP173,REF83
,1.0,,1.0,0.0,,,NZL.1_1,RLM8,SP852,REF83
,1.0,,1.0,0.0,,1974.0,NZL.1_1,RLM8,SP853,REF83
,1.0,,1.0,0.0,,1978.0,NZL.1_1,RLM8,SP854,REF83
,1.0,,1.0,0.0,,1991.0,NZL.1_1,RLM8,SP855,REF83
,1.0,,1.0,0.0,,,NZL.1_1,RLM8,SP757,REF83
,1.0,,1.0,0.0,,1950.0,NZL.1_1,RLM8,SP758,REF83
,1.0,,1.0,0.0,1.0,2014.0,NZL.1_1,RLM8,SP856,REF83
,1.0,,1.0,0.0,,1921.0,NZL.1_1,RLM8,SP489,REF83
,1.0,,1.0,0.0,,2019.0,NZL.1_1,RLM8,SP857,REF83
,1.0,,1.0,0.0,,1988.0,NZL.1_1,RLM8,SP831,REF83
,1.0,,1.0,0.0,,1974.0,NZL.1_1,RLM8,SP858,REF83
,1.0,,1.0,0.0,,1952.0,NZL.1_1,RLM8,SP859,REF83
,1.0,,1.0,0.0,,1912.0,NZL.1_1,RLM8,SP500,REF83
,1.0,,1.0,0.0,,1917.0,NZL.1_1,RLM8,SP860,REF83
,1.0,,1.0,0.0,,,NZL.1_1,RLM8,SP861,REF83
,1.0,,1.0,0.0,,1981.0,NZL.1_1,RLM8,SP862,REF83
,1.0,,1.0,0.0,,1917.0,NZL.1_1,RLM8,SP863,REF83
,1.0,,1.0,0.0,,1952.0,NZL.1_1,RLM8,SP503,REF83
,1.0,,1.0,0.0,,2021.0,NZL.1_1,RLM8,SP504,REF83
,1.0,,1.0,0.0,,1956.0,NZL.1_1,RLM8,SP505,REF83
,1.0,,1.0,0.0,,,NZL.1_1,RLM8,SP864,REF83
,1.0,,1.0,0.0,,1919.0,NZL.1_1,RLM8,SP865,REF83
,1.0,,1.0,0.0,,2001.0,NZL.1_1,RLM8,SP508,REF83
,1.0,,1.0,0.0,,1915.0,NZL.1_1,RLM8,SP866,REF83
,1.0,,1.0,0.0,,1911.0,NZL.1_1,RLM8,SP867,REF83
,1.0,,1.0,0.0,,1914.0,NZL.1_1,RLM8,SP66,REF83
,1.0,,1.0,0.0,,1939.0,NZL.1_1,RLM8,SP868,REF83
,1.0,,1.0,0.0,,,NZL.1_1,RLM8,SP869,REF83
,1.0,,1.0,0.0,,2012.0,NZL.1_1,RLM8,SP870,REF83
0.0,1.0,0.0,1.0,0.0,1.0,1998.0,NZL.1_1,RLM8,SP518,REF83
,1.0,,1.0,0.0,,1942.0,NZL.1_1,RLM8,SP871,REF83
,1.0,,1.0,0.0,,2010.0,NZL.1_1,RLM8,SP872,REF83
,1.0,,1.0,0.0,,1920.0,NZL.1_1,RLM8,SP978,REF83
,1.0,,1.0,0.0,,1921.0,NZL.1_1,RLM8,SP5,REF83
,1.0,,1.0,0.0,,1951.0,NZL.1_1,RLM8,SP99,REF83
,1.0,,1.0,0.0,,2010.0,NZL.1_1,RLM8,SP39,REF83
,1.0,,1.0,0.0,,1930.0,NZL.1_1,RLM8,SP6,REF83
,1.0,,1.0,0.0,,2010.0,NZL.1_1,RLM8,SP174,REF83
,1.0,,1.0,0.0,1.0,2006.0,NZL.1_1,RLM8,SP979,REF83
,1.0,,1.0,0.0,,1923.0,NZL.1_1,RLM8,SP175,REF83
,1.0,,1.0,0.0,,1909.0,NZL.1_1,RLM8,SP14,REF83
,1.0,,1.0,0.0,,1948.0,NZL.1_1,RLM8,SP875,REF83
,1.0,,1.0,0.0,,1954.0,NZL.1_1,RLM8,SP876,REF83
,1.0,,1.0,0.0,,1975.0,NZL.1_1,RLM8,SP877,REF83
,1.0,,1.0,0.0,,2007.0,NZL.1_1,RLM8,SP878,REF83
,1.0,,1.0,0.0,,1884.0,NZL.1_1,RLM8,SP664,REF83
,1.0,,1.0,0.0,,1998.0,NZL.1_1,RLM8,SP879,REF83
,1.0,,1.0,0.0,,1980.0,NZL.1_1,RLM8,SP880,REF83
,1.0,,1.0,0.0,,2003.0,NZL.1_1,RLM8,SP980,REF83
,1.0,,1.0,0.0,,1908.0,NZL.1_1,RLM8,SP27,REF83
,1.0,,1.0,0.0,,1955.0,NZL.1_1,RLM8,SP882,REF83
,1.0,,1.0,0.0,,1955.0,NZL.1_1,RLM8,SP28,REF83
,1.0,,1.0,0.0,,,NZL.1_1,RLM8,SP176,REF83
,1.0,,1.0,0.0,,2020.0,NZL.1_1,RLM8,SP981,REF83
,1.0,,1.0,0.0,,1999.0,NZL.1_1,RLM8,SP883,REF83
,1.0,,1.0,0.0,1.0,1932.0,NZL.1_1,RLM8,SP885,REF83
,1.0,,1.0,0.0,,1971.0,NZL.1_1,RLM8,SP886,REF83
,1.0,,1.0,0.0,,1999.0,NZL.1_1,RLM8,SP887,REF83
,1.0,,1.0,0.0,,2009.0,NZL.1_1,RLM8,SP888,REF83
,1.0,,1.0,0.0,,1850.0,NZL.1_1,RLM8,SP889,REF83
,1.0,,1.0,0.0,,1924.0,NZL.1_1,RLM8,SP890,REF83
,1.0,,1.0,0.0,,1923.0,NZL.1_1,RLM8,SP891,REF83
,1.0,,1.0,0.0,,2021.0,NZL.1_1,RLM8,SP849,REF83
,1.0,,1.0,0.0,,2006.0,NZL.1_1,RLM8,SP892,REF83
,1.0,,1.0,0.0,,,NZL.1_1,RLM8,SP780,REF83
,1.0,,1.0,0.0,,1909.0,NZL.1_1,RLM8,SP781,REF83
,1.0,,1.0,0.0,,1886.0,NZL.1_1,RLM8,SP893,REF83
,1.0,,1.0,0.0,,2008.0,NZL.1_1,RLM8,SP894,REF83
,1.0,,1.0,0.0,,1999.0,NZL.1_1,RLM8,SP95,REF83
,1.0,,1.0,0.0,,1984.0,NZL.1_1,RLM8,SP782,REF83
,1.0,,1.0,0.0,,1925.0,NZL.1_1,RLM8,SP784,REF83
,1.0,,1.0,0.0,,1909.0,NZL.1_1,RLM8,SP787,REF83
,1.0,,1.0,0.0,,1919.0,NZL.1_1,RLM8,SP541,REF83
,1.0,,1.0,0.0,,1926.0,NZL.1_1,RLM8,SP90,REF83
,1.0,,1.0,0.0,,1909.0,NZL.1_1,RLM8,SP895,REF83
,1.0,,1.0,0.0,,1909.0,NZL.1_1,RLM8,SP788,REF83
0.0,1.0,,1.0,0.0,1.0,1929.0,NZL.1_1,RLM8,SP790,REF83
,1.0,,1.0,0.0,,2001.0,NZL.1_1,RLM8,SP896,REF83
,1.0,,1.0,0.0,,1949.0,NZL.1_1,RLM8,SP897,REF83
,1.0,,1.0,0.0,,1990.0,NZL.1_1,RLM8,SP898,REF83
,1.0,,1.0,0.0,,2022.0,NZL.1_1,RLM8,SP8,REF83
,1.0,,1.0,0.0,1.0,,ZAF.1_1,RLM6,SP399,REF83
0.0,1.0,,1.0,0.0,,,ZAF.1_1,RLM6,SP12,REF83
1.0,1.0,,1.0,0.0,,,ZAF.1_1,RLM6,SP163,REF83
,1.0,,1.0,0.0,,,ZAF.1_1,RLM6,SP111,REF83
,1.0,,1.0,0.0,1.0,,ZAF.1_1,RLM6,SP899,REF83
,1.0,,1.0,0.0,1.0,1933.0,ZAF.1_1,RLM6,SP7,REF83
,1.0,,1.0,0.0,1.0,,ZAF.1_1,RLM6,SP900,REF83
,1.0,,1.0,0.0,0.0,1950.0,ZAF.1_1,RLM6,SP32,REF83
,1.0,,1.0,0.0,,,ZAF.1_1,RLM6,SP606,REF83
,1.0,,1.0,0.0,1.0,,ZAF.1_1,RLM6,SP296,REF83
,1.0,,1.0,0.0,,,ZAF.1_1,RLM6,SP441,REF83
,1.0,,1.0,0.0,0.0,1892.0,ZAF.1_1,RLM6,SP165,REF83
,1.0,,1.0,0.0,,,ZAF.1_1,RLM6,SP453,REF83
,1.0,,1.0,0.0,0.0,,ZAF.1_1,RLM6,SP172,REF83
,1.0,,1.0,0.0,0.0,,ZAF.1_1,RLM6,SP82,REF83
,1.0,,1.0,0.0,0.0,,ZAF.1_1,RLM6,SP16,REF83
,1.0,,1.0,0.0,,,ZAF.1_1,RLM6,SP15,REF83
,1.0,,1.0,0.0,0.0,,ZAF.1_1,RLM6,SP227,REF83
,1.0,,1.0,0.0,1.0,,ZAF.1_1,RLM6,SP173,REF83
,1.0,,1.0,0.0,,,ZAF.1_1,RLM6,SP138,REF83
,1.0,,1.0,0.0,1.0,,ZAF.1_1,RLM6,SP763,REF83
,1.0,,1.0,0.0,1.0,,ZAF.1_1,RLM6,SP901,REF83
,1.0,,1.0,0.0,0.0,,ZAF.1_1,RLM6,SP17,REF83
,1.0,,1.0,0.0,0.0,1900.0,ZAF.1_1,RLM6,SP5,REF83
,1.0,,1.0,0.0,,,ZAF.1_1,RLM6,SP2,REF83
,1.0,,1.0,0.0,0.0,1994.0,ZAF.1_1,RLM6,SP39,REF83
,1.0,,1.0,0.0,0.0,,ZAF.1_1,RLM6,SP175,REF83
,1.0,,1.0,0.0,0.0,,ZAF.1_1,RLM6,SP14,REF83
,1.0,,1.0,0.0,,,ZAF.1_1,RLM6,SP48,REF83
0.0,1.0,,1.0,0.0,1.0,,ZAF.1_1,RLM6,SP563,REF83
,1.0,,1.0,0.0,0.0,,ZAF.1_1,RLM6,SP27,REF83
,1.0,,1.0,0.0,0.0,,ZAF.1_1,RLM6,SP110,REF83
,1.0,,1.0,0.0,,,ZAF.1_1,RLM6,SP176,REF83
,1.0,,1.0,0.0,,,ZAF.1_1,RLM6,SP782,REF83
,1.0,,1.0,0.0,0.0,,ZAF.1_1,RLM6,SP541,REF83
,1.0,,1.0,0.0,,2016.0,ZAF.1_1,RLM6,SP153,REF83
,1.0,,1.0,0.0,,,ZAF.1_1,RLM6,SP547,REF83
,1.0,,1.0,0.0,,2017.0,ZAF.1_1,RLM6,SP8,REF83
0.0,1.0,,1.0,0.0,,,ATG.1_1,RLM9,SP7,REF8
0.0,1.0,,1.0,0.0,1.0,,AUS.1_1,RLM8,SP7,REF8
0.0,1.0,,1.0,0.0,,,BHS.1_1,RLM9,SP7,REF8
0.0,1.0,,1.0,0.0,,,GBR.6_1,RLM9,SP7,REF8
0.0,1.0,,1.0,0.0,,,CUB.1_1,RLM9,SP7,REF8
0.0,1.0,,1.0,0.0,,,KEN.1_1,RLM6,SP7,REF8
0.0,1.0,,1.0,0.0,,,FRA.7_1,RLM3,SP7,REF8
0.0,1.0,,1.0,0.0,,,PAK.1_1,RLM4,SP7,REF8
0.0,1.0,,1.0,0.0,1.0,1974.0,GBR.3_1,RLM6,SP7,REF8
0.0,1.0,,1.0,0.0,,,KNA.1_1,RLM9,SP7,REF8
0.0,1.0,,1.0,0.0,,,ZAF.1_1,RLM6,SP7,REF8
0.0,1.0,,1.0,0.0,,,USA.1_1,RLM2,SP7,REF8
0.0,1.0,,1.0,0.0,,,USA.1_2,RLM2,SP7,REF8
0.0,1.0,,1.0,0.0,,,USA.2_1,RLM2,SP7,REF8
,,,1.0,0.0,,,JPN.1_1,RLM5,SP71,REF8
,,,1.0,0.0,,,KAZ.1_1,RLM7,SP71,REF8
0.0,1.0,,1.0,0.0,,,KOR.1_1,RLM7,SP71,REF8
0.0,1.0,,1.0,0.0,,,KOR.2_1,RLM7,SP71,REF8
0.0,1.0,,1.0,0.0,,,MNG.1_1,RLM7,SP71,REF8
,,,1.0,0.0,,,POL.1_1,RLM7,SP71,REF8
0.0,1.0,,1.0,0.0,0.0,,AUT.1_1,RLM7,SP4,REF8
0.0,1.0,,1.0,0.0,0.0,,CZE.1_1,RLM7,SP4,REF8
0.0,1.0,,1.0,0.0,0.0,,FRA.1_1,RLM7,SP4,REF8
0.0,1.0,,1.0,0.0,0.0,,HUN.1_1,RLM7,SP4,REF8
0.0,1.0,,1.0,0.0,0.0,,JPN.1_1,RLM5,SP4,REF8
0.0,1.0,,1.0,0.0,0.0,,PRK.1_1,RLM7,SP4,REF8
0.0,1.0,,1.0,0.0,0.0,,NZL.1_1,RLM8,SP4,REF8
0.0,1.0,,1.0,0.0,0.0,,ROU.1_1,RLM7,SP4,REF8
0.0,1.0,,1.0,0.0,0.0,,SVK.1_1,RLM7,SP4,REF8
0.0,1.0,,1.0,0.0,0.0,,UKR.1_1,RLM7,SP4,REF8
0.0,1.0,,1.0,0.0,0.0,,KOR.1_1,RLM7,SP4,REF8
0.0,1.0,,1.0,0.0,0.0,,KOR.2_1,RLM7,SP4,REF8
0.0,1.0,,1.0,0.0,0.0,,KGZ.1_1,RLM7,SP4,REF8
0.0,1.0,,1.0,0.0,0.0,,BGR.1_1,RLM7,SP4,REF8
0.0,1.0,,1.0,0.0,0.0,,HRV.1_1,RLM7,SP4,REF8
0.0,1.0,,1.0,0.0,0.0,,KAZ.1_1,RLM7,SP4,REF8
0.0,1.0,,1.0,0.0,0.0,,MDA.1_1,RLM7,SP4,REF8
0.0,1.0,,1.0,0.0,0.0,,TUR.1_1,RLM7,SP4,REF8
0.0,1.0,,1.0,0.0,0.0,,POL.1_1,RLM7,SP4,REF8
0.0,1.0,,1.0,0.0,0.0,,DNK.1_1,RLM7,SP4,REF8
0.0,1.0,,1.0,0.0,0.0,,DEU.1_1,RLM7,SP4,REF8
0.0,1.0,,1.0,0.0,0.0,,ITA.1_1,RLM7,SP4,REF8
0.0,1.0,,1.0,0.0,,,CAN.1_1,RLM2,SP34,REF8
1.0,,,1.0,0.0,,,MNG.1_1,RLM7,SP34,REF8
0.0,1.0,,1.0,0.0,,,NZL.1_1,RLM8,SP34,REF8
1.0,,,1.0,0.0,,,SRB.1_1,RLM7,SP34,REF8
0.0,1.0,,1.0,0.0,,,USA.1_1,RLM2,SP34,REF8
0.0,1.0,,1.0,0.0,,,USA.1_2,RLM2,SP34,REF8
0.0,1.0,,1.0,0.0,,,USA.2_1,RLM2,SP34,REF8
,1.0,,1.0,0.0,,,FRA.1_1,RLM7,SP982,REF172
,1.0,,1.0,0.0,,,ITA.1_1,RLM7,SP982,REF172
,1.0,,1.0,0.0,,,HRV.1_1,RLM7,SP982,REF172
,1.0,,1.0,0.0,,,DNK.1_1,RLM7,SP983,REF172
,1.0,,1.0,0.0,,,ZAF.1_1,RLM6,SP399,REF172
,1.0,,1.0,0.0,,,IRL.1_1,RLM7,SP399,REF172
,1.0,,1.0,0.0,,,FRA.1_1,RLM7,SP984,REF172
,1.0,,1.0,0.0,,,IRL.1_1,RLM7,SP59,REF172
,1.0,,1.0,0.0,,,ROU.1_1,RLM7,SP700,REF172
,1.0,,1.0,0.0,,,FRA.1_1,RLM7,SP985,REF172
,1.0,,1.0,0.0,,,SWE.1_1,RLM7,SP986,REF172
,1.0,,1.0,0.0,,,DNK.1_1,RLM7,SP987,REF172
,1.0,,1.0,0.0,,,DNK.1_1,RLM7,SP988,REF172
,1.0,,1.0,0.0,,,DNK.1_1,RLM7,SP989,REF172
,1.0,,1.0,0.0,,,JPN.1_1,RLM5,SP793,REF172
,1.0,,1.0,0.0,,,IRL.1_1,RLM7,SP809,REF172
,1.0,,1.0,0.0,,,BRB.1_1,RLM9,SP403,REF172
,1.0,,1.0,0.0,,,IRL.1_1,RLM7,SP403,REF172
,1.0,,1.0,0.0,,,DMA.1_1,RLM9,SP403,REF172
,1.0,,1.0,0.0,,,CHN.1_1,RLM7,SP157,REF172
,1.0,,1.0,0.0,,,CHN.2_1,RLM7,SP157,REF172
,1.0,,1.0,0.0,,,CHN.3_1,RLM7,SP157,REF172
,1.0,,1.0,0.0,,,POL.1_1,RLM7,SP157,REF172
,1.0,,1.0,0.0,,,NLD.1_1,RLM7,SP157,REF172
,1.0,,1.0,0.0,,,USA.1_1,RLM2,SP157,REF172
,1.0,,1.0,0.0,,,USA.1_2,RLM2,SP157,REF172
,1.0,,1.0,0.0,,,USA.2_1,RLM2,SP157,REF172
,1.0,,1.0,0.0,,,POL.1_1,RLM7,SP203,REF172
,1.0,,1.0,0.0,,,ESP.1_1,RLM7,SP203,REF172
,1.0,,1.0,0.0,,,ESP.1_2,RLM7,SP203,REF172
,1.0,,1.0,0.0,,,ESP.2_1,RLM7,SP203,REF172
,1.0,,1.0,0.0,,,ESP.3_1,RLM7,SP203,REF172
,1.0,,1.0,0.0,,,GBR.1_1,RLM7,SP990,REF172
,1.0,,1.0,0.0,,,CYP.1_1,RLM10,SP990,REF172
,1.0,,1.0,0.0,,,FRA.1_1,RLM7,SP180,REF172
,1.0,,1.0,0.0,,,SVN.1_1,RLM7,SP180,REF172
,1.0,,1.0,0.0,,,SVN.1_1,RLM7,SP991,REF172
,1.0,,1.0,0.0,,,DEU.1_1,RLM7,SP991,REF172
,1.0,,1.0,0.0,,,HRV.1_1,RLM7,SP991,REF172
,1.0,,1.0,0.0,,,ITA.1_1,RLM7,SP991,REF172
,1.0,,1.0,0.0,,,AUT.1_1,RLM7,SP991,REF172
,1.0,,1.0,0.0,,,DNK.1_1,RLM7,SP453,REF172
,1.0,,1.0,0.0,,,DEU.1_1,RLM7,SP453,REF172
,1.0,,1.0,0.0,,,SWE.1_1,RLM7,SP453,REF172
,1.0,,1.0,0.0,,,AUT.1_1,RLM7,SP453,REF172
,1.0,,1.0,0.0,,,SVN.1_1,RLM7,SP453,REF172
,1.0,,1.0,0.0,,,ITA.1_1,RLM7,SP992,REF172
,1.0,,1.0,0.0,,,AUT.1_1,RLM7,SP111,REF172
,1.0,,1.0,0.0,,,JPN.1_1,RLM5,SP338,REF172
,1.0,,1.0,0.0,,,JPN.1_1,RLM5,SP993,REF172
,1.0,,1.0,0.0,,,FRA.1_1,RLM7,SP994,REF172
,1.0,,1.0,0.0,,,DNK.1_1,RLM7,SP995,REF172
,1.0,,1.0,0.0,,,DNK.1_1,RLM7,SP996,REF172
,1.0,,1.0,0.0,,,IRL.1_1,RLM7,SP997,REF172
,1.0,,1.0,0.0,,,IRL.1_1,RLM7,SP998,REF172
,1.0,,1.0,0.0,,,DNK.1_1,RLM7,SP999,REF172
,1.0,,1.0,0.0,,,ISL.1_1,RLM7,SP1000,REF172
,1.0,,1.0,0.0,,,ISL.1_1,RLM7,SP1001,REF172
,1.0,,1.0,0.0,,,GBR.1_1,RLM7,SP1002,REF172
,1.0,,1.0,0.0,,,FRA.1_1,RLM7,SP1003,REF172
,1.0,,1.0,0.0,,,IRL.1_1,RLM7,SP1004,REF172
,1.0,,1.0,0.0,,,GBR.1_1,RLM7,SP1004,REF172
,1.0,,1.0,0.0,,,SWE.1_1,RLM7,SP1004,REF172
,1.0,,1.0,0.0,,,AUT.1_1,RLM7,SP1005,REF172
,1.0,,1.0,0.0,,,HRV.1_1,RLM7,SP1005,REF172
,1.0,,1.0,0.0,,,CZE.1_1,RLM7,SP1005,REF172
,1.0,,1.0,0.0,,,SVN.1_1,RLM7,SP1005,REF172
,1.0,,1.0,0.0,,,NLD.1_1,RLM7,SP1005,REF172
,1.0,,1.0,0.0,,,ROU.1_1,RLM7,SP1005,REF172
,1.0,,1.0,0.0,,,POL.1_1,RLM7,SP1005,REF172
,1.0,,1.0,0.0,,,POL.1_1,RLM7,SP912,REF172
,1.0,,1.0,0.0,,,NOR.1_1,RLM7,SP912,REF172
,1.0,,1.0,0.0,,,GBR.1_1,RLM7,SP912,REF172
,1.0,,1.0,0.0,,,AUT.1_1,RLM7,SP912,REF172
,1.0,,1.0,0.0,,,NLD.1_1,RLM7,SP912,REF172
,1.0,,1.0,0.0,,,SVN.1_1,RLM7,SP912,REF172
,1.0,,1.0,0.0,,,DNK.1_1,RLM7,SP413,REF172
,1.0,,1.0,0.0,,,FRA.1_1,RLM7,SP413,REF172
,1.0,,1.0,0.0,,,FRA.1_1,RLM7,SP1006,REF172
,1.0,,1.0,0.0,,,IRL.1_1,RLM7,SP1006,REF172
,1.0,,1.0,0.0,,,DNK.1_1,RLM7,SP1007,REF172
,1.0,,1.0,0.0,,,JPN.1_1,RLM5,SP641,REF172
,1.0,,1.0,0.0,,,IRL.1_1,RLM7,SP1008,REF172
,1.0,,1.0,0.0,,,FRA.1_1,RLM7,SP181,REF172
,1.0,,1.0,0.0,,,GBR.1_1,RLM7,SP911,REF172
,1.0,,1.0,0.0,,,IRL.1_1,RLM7,SP1009,REF172
,1.0,,1.0,0.0,,,NOR.1_1,RLM7,SP1010,REF172
,1.0,,1.0,0.0,,,JPN.1_1,RLM5,SP815,REF172
,1.0,,1.0,0.0,,,GBR.1_1,RLM7,SP65,REF172
,1.0,,1.0,0.0,,,JPN.1_1,RLM5,SP46,REF172
,1.0,,1.0,0.0,,,FRA.1_1,RLM7,SP1011,REF172
,1.0,,1.0,0.0,,,FRA.1_1,RLM7,SP1012,REF172
,1.0,,1.0,0.0,,,IRL.1_1,RLM7,SP640,REF172
,1.0,,1.0,0.0,,,IRL.1_1,RLM7,SP1013,REF172
,1.0,,1.0,0.0,,,FRA.1_1,RLM7,SP1014,REF172
,1.0,,1.0,0.0,,,DNK.1_1,RLM7,SP1015,REF172
,1.0,,1.0,0.0,,,FRA.1_1,RLM7,SP1016,REF172
,1.0,,1.0,0.0,,,FRA.1_1,RLM7,SP824,REF172
,1.0,,1.0,0.0,,,IRL.1_1,RLM7,SP1017,REF172
,1.0,,1.0,0.0,,,CAN.1_1,RLM2,SP728,REF172
,1.0,,1.0,0.0,,,DNK.1_1,RLM7,SP728,REF172
,1.0,,1.0,0.0,,,NPL.1_1,RLM5,SP728,REF172
,1.0,,1.0,0.0,,,FRA.1_1,RLM7,SP1018,REF172
,1.0,,1.0,0.0,,,POL.1_1,RLM7,SP1018,REF172
,1.0,,1.0,0.0,,,FRA.1_1,RLM7,SP1019,REF172
,1.0,,1.0,0.0,,,NLD.1_1,RLM7,SP1019,REF172
,1.0,,1.0,0.0,,,IRL.1_1,RLM7,SP55,REF172
,1.0,,1.0,0.0,,,POL.1_1,RLM7,SP55,REF172
,1.0,,1.0,0.0,,,DNK.1_1,RLM7,SP55,REF172
,1.0,,1.0,0.0,,,,RLM7,SP55,REF172
,1.0,,1.0,0.0,,,NLD.1_1,RLM7,SP55,REF172
,1.0,,1.0,0.0,,,BHS.1_1,RLM9,SP7,REF172
,1.0,,1.0,0.0,,,MUS.1_1,RLM3,SP7,REF172
,1.0,,1.0,0.0,,,ATG.1_1,RLM9,SP7,REF172
,1.0,,1.0,0.0,,,KNA.1_1,RLM9,SP7,REF172
,1.0,,1.0,0.0,,,DOM.1_1,RLM9,SP7,REF172
,1.0,,1.0,0.0,,,JAM.1_1,RLM9,SP7,REF172
,1.0,,1.0,0.0,,,ZAF.1_1,RLM6,SP7,REF172
,1.0,,1.0,0.0,,,KEN.1_1,RLM6,SP7,REF172
,1.0,,1.0,0.0,,,CUB.1_1,RLM9,SP7,REF172
,1.0,,1.0,0.0,,,GBR.1_1,RLM7,SP76,REF172
,1.0,,1.0,0.0,,,HRV.1_1,RLM7,SP76,REF172
,1.0,,1.0,0.0,,,DEU.1_1,RLM7,SP76,REF172
,1.0,,1.0,0.0,,,FRA.1_1,RLM7,SP76,REF172
,1.0,,1.0,0.0,,,NLD.1_1,RLM7,SP76,REF172
,1.0,,1.0,0.0,,,BEL.1_1,RLM7,SP76,REF172
,1.0,,1.0,0.0,,,SVN.1_1,RLM7,SP76,REF172
,1.0,,1.0,0.0,,,AUT.1_1,RLM7,SP1020,REF172
,1.0,,1.0,0.0,,,SWE.1_1,RLM7,SP1020,REF172
,1.0,,1.0,0.0,,,IRL.1_1,RLM7,SP1020,REF172
,1.0,,1.0,0.0,,,DEU.1_1,RLM7,SP1020,REF172
,1.0,,1.0,0.0,,,ARE.1_1,RLM10,SP166,REF172
,1.0,,1.0,0.0,,,AUT.1_1,RLM7,SP166,REF172
,1.0,,1.0,0.0,,,DEU.1_1,RLM7,SP166,REF172
,1.0,,1.0,0.0,,,SVN.1_1,RLM7,SP166,REF172
,1.0,,1.0,0.0,,,SWE.1_1,RLM7,SP166,REF172
,1.0,,1.0,0.0,,,IRL.1_1,RLM7,SP166,REF172
,1.0,,1.0,0.0,,,NLD.1_1,RLM7,SP166,REF172
,1.0,,1.0,0.0,,,VEN.1_1,RLM1,SP166,REF172
,1.0,,1.0,0.0,,,VEN.2_1,RLM1,SP166,REF172
,1.0,,1.0,0.0,,,BGR.1_1,RLM7,SP166,REF172
,1.0,,1.0,0.0,,,POL.1_1,RLM7,SP166,REF172
,1.0,,1.0,0.0,,,CYP.1_1,RLM10,SP166,REF172
,1.0,,1.0,0.0,,,FRA.1_1,RLM7,SP166,REF172
,1.0,,1.0,0.0,,,JPN.1_1,RLM5,SP166,REF172
,1.0,,1.0,0.0,,,DNK.1_1,RLM7,SP166,REF172
,1.0,,1.0,0.0,,,SVN.1_1,RLM7,SP205,REF172
,1.0,,1.0,0.0,,,HRV.1_1,RLM7,SP205,REF172
,1.0,,1.0,0.0,,,BLR.1_1,RLM7,SP205,REF172
,1.0,,1.0,0.0,,,CYP.1_1,RLM10,SP205,REF172
,1.0,,1.0,0.0,,,SWE.1_1,RLM7,SP205,REF172
,1.0,,1.0,0.0,,,DEU.1_1,RLM7,SP205,REF172
,1.0,,1.0,0.0,,,FRA.1_1,RLM7,SP205,REF172
,1.0,,1.0,0.0,,,BGR.1_1,RLM7,SP205,REF172
,1.0,,1.0,0.0,,,AUT.1_1,RLM7,SP205,REF172
,1.0,,1.0,0.0,,,SAU.1_1,RLM10,SP297,REF172
,1.0,,1.0,0.0,,,NLD.1_1,RLM7,SP1021,REF172
,1.0,,1.0,0.0,,,IRL.1_1,RLM7,SP1022,REF172
,1.0,,1.0,0.0,,,SWE.1_1,RLM7,SP430,REF172
,1.0,,1.0,0.0,,,GBR.1_1,RLM7,SP430,REF172
,1.0,,1.0,0.0,,,SVN.1_1,RLM7,SP430,REF172
,1.0,,1.0,0.0,,,FRA.1_1,RLM7,SP430,REF172
,1.0,,1.0,0.0,,,HRV.1_1,RLM7,SP430,REF172
,1.0,,1.0,0.0,,,AUT.1_1,RLM7,SP430,REF172
,1.0,,1.0,0.0,,,DNK.1_1,RLM7,SP430,REF172
,1.0,,1.0,0.0,,,POL.1_1,RLM7,SP430,REF172
,1.0,,1.0,0.0,,,NLD.1_1,RLM7,SP430,REF172
,1.0,,1.0,0.0,,,IRL.1_1,RLM7,SP430,REF172
,1.0,,1.0,0.0,,,ITA.1_1,RLM7,SP221,REF172
,1.0,,1.0,0.0,,,CZE.1_1,RLM7,SP221,REF172
,1.0,,1.0,0.0,,,FRA.1_1,RLM7,SP221,REF172
,1.0,,1.0,0.0,,,HRV.1_1,RLM7,SP221,REF172
,1.0,,1.0,0.0,,,BLR.1_1,RLM7,SP67,REF172
,1.0,,1.0,0.0,,,AUT.1_1,RLM7,SP67,REF172
,1.0,,1.0,0.0,,,BEL.1_1,RLM7,SP67,REF172
,1.0,,1.0,0.0,,,LUX.1_1,RLM7,SP67,REF172
,1.0,,1.0,0.0,,,CZE.1_1,RLM7,SP67,REF172
,1.0,,1.0,0.0,,,NOR.1_1,RLM7,SP67,REF172
,1.0,,1.0,0.0,,,CHE.1_1,RLM7,SP67,REF172
,1.0,,1.0,0.0,,,GBR.1_1,RLM7,SP67,REF172
,1.0,,1.0,0.0,,,HRV.1_1,RLM7,SP67,REF172
,1.0,,1.0,0.0,,,EST.1_1,RLM7,SP67,REF172
,1.0,,1.0,0.0,,,IRL.1_1,RLM7,SP67,REF172
,1.0,,1.0,0.0,,,LVA.1_1,RLM7,SP67,REF172
,1.0,,1.0,0.0,,,,RLM7,SP67,REF172
,1.0,,1.0,0.0,,,SVN.1_1,RLM7,SP67,REF172
,1.0,,1.0,0.0,,,UKR.1_1,RLM7,SP67,REF172
,1.0,,1.0,0.0,,,DNK.1_1,RLM7,SP67,REF172
,1.0,,1.0,0.0,,,BIH.1_1,RLM7,SP67,REF172
,1.0,,1.0,0.0,,,SRB.1_1,RLM7,SP67,REF172
,1.0,,1.0,0.0,,,POL.1_1,RLM7,SP67,REF172
,1.0,,1.0,0.0,,,NLD.1_1,RLM7,SP67,REF172
,1.0,,1.0,0.0,,,FRA.1_1,RLM7,SP67,REF172
,1.0,,1.0,0.0,,,LIE.1_1,RLM7,SP67,REF172
,1.0,,1.0,0.0,,,MDA.1_1,RLM7,SP67,REF172
,1.0,,1.0,0.0,,,TUR.1_1,RLM7,SP67,REF172
,1.0,,1.0,0.0,,,SWE.1_1,RLM7,SP67,REF172
,1.0,,1.0,0.0,,,SVK.1_1,RLM7,SP67,REF172
,1.0,,1.0,0.0,,,ROU.1_1,RLM7,SP67,REF172
,1.0,,1.0,0.0,,,KEN.1_1,RLM6,SP32,REF172
,1.0,,1.0,0.0,,,ZAF.1_1,RLM6,SP32,REF172
,1.0,,1.0,0.0,,,FRA.1_1,RLM7,SP40,REF172
,1.0,,1.0,0.0,,,,RLM7,SP40,REF172
,1.0,,1.0,0.0,,,BEL.1_1,RLM7,SP247,REF172
,1.0,,1.0,0.0,,,DNK.1_1,RLM7,SP429,REF172
,1.0,,1.0,0.0,,,BEL.1_1,RLM7,SP1023,REF172
,1.0,,1.0,0.0,,,DNK.1_1,RLM7,SP1024,REF172
,1.0,,1.0,0.0,,,ZAF.1_1,RLM6,SP900,REF172
,1.0,,1.0,0.0,,,FRA.1_1,RLM7,SP1025,REF172
,1.0,,1.0,0.0,,,DEU.1_1,RLM7,SP1026,REF172
,1.0,,1.0,0.0,,,FRA.1_1,RLM7,SP213,REF172
,1.0,,1.0,0.0,,,AUT.1_1,RLM7,SP213,REF172
,1.0,,1.0,0.0,,,SWE.1_1,RLM7,SP45,REF172
,1.0,,1.0,0.0,,,GBR.1_1,RLM7,SP45,REF172
,1.0,,1.0,0.0,,,POL.1_1,RLM7,SP45,REF172
,1.0,,1.0,0.0,,,USA.1_1,RLM2,SP597,REF172
,1.0,,1.0,0.0,,,USA.1_2,RLM2,SP597,REF172
,1.0,,1.0,0.0,,,USA.2_1,RLM2,SP597,REF172
,1.0,,1.0,0.0,,,SWE.1_1,RLM7,SP597,REF172
,1.0,,1.0,0.0,,,IRL.1_1,RLM7,SP597,REF172
,1.0,,1.0,0.0,,,GBR.1_1,RLM7,SP597,REF172
,1.0,,1.0,0.0,,,AUT.1_1,RLM7,SP1027,REF172
,1.0,,1.0,0.0,,,CZE.1_1,RLM7,SP1027,REF172
,1.0,,1.0,0.0,,,NLD.1_1,RLM7,SP1027,REF172
,1.0,,1.0,0.0,,,SVN.1_1,RLM7,SP1027,REF172
,1.0,,1.0,0.0,,,ITA.1_1,RLM7,SP1027,REF172
,1.0,,1.0,0.0,,,JPN.1_1,RLM5,SP648,REF172
,1.0,,1.0,0.0,,,NLD.1_1,RLM7,SP1028,REF172
,1.0,,1.0,0.0,,,ITA.1_1,RLM7,SP1029,REF172
,1.0,,1.0,0.0,,,NLD.1_1,RLM7,SP1030,REF172
,1.0,,1.0,0.0,,,IRL.1_1,RLM7,SP167,REF172
,1.0,,1.0,0.0,,,IRL.1_1,RLM7,SP1031,REF172
,1.0,,1.0,0.0,,,DNK.1_1,RLM7,SP363,REF172
,1.0,,1.0,0.0,,,AUT.1_1,RLM7,SP1032,REF172
,1.0,,1.0,0.0,,,FRA.1_1,RLM7,SP1033,REF172
,1.0,,1.0,0.0,,,USA.1_1,RLM2,SP1034,REF172
,1.0,,1.0,0.0,,,USA.1_2,RLM2,SP1034,REF172
,1.0,,1.0,0.0,,,USA.2_1,RLM2,SP1034,REF172
,1.0,,1.0,0.0,,,FRA.1_1,RLM7,SP1035,REF172
,1.0,,1.0,0.0,,,AUT.1_1,RLM7,SP1036,REF172
,1.0,,1.0,0.0,,,GBR.1_1,RLM7,SP1036,REF172
,1.0,,1.0,0.0,,,SVK.1_1,RLM7,SP1036,REF172
,1.0,,1.0,0.0,,,FRA.1_1,RLM7,SP1036,REF172
,1.0,,1.0,0.0,,,DNK.1_1,RLM7,SP169,REF172
,1.0,,1.0,0.0,,,VEN.1_1,RLM1,SP169,REF172
,1.0,,1.0,0.0,,,VEN.2_1,RLM1,SP169,REF172
,1.0,,1.0,0.0,,,SWE.1_1,RLM7,SP169,REF172
,1.0,,1.0,0.0,,,FRA.1_1,RLM7,SP169,REF172
,1.0,,1.0,0.0,,,DEU.1_1,RLM7,SP169,REF172
,1.0,,1.0,0.0,,,AUT.1_1,RLM7,SP169,REF172
,1.0,,1.0,0.0,,,JPN.1_1,RLM5,SP169,REF172
,1.0,,1.0,0.0,,,KHM.1_1,RLM4,SP25,REF172
,1.0,,1.0,0.0,,,IRL.1_1,RLM7,SP25,REF172
,1.0,,1.0,0.0,,,NLD.1_1,RLM7,SP25,REF172
,1.0,,1.0,0.0,,,DNK.1_1,RLM7,SP1037,REF172
,1.0,,1.0,0.0,,,ISR.1_1,RLM10,SP1037,REF172
,1.0,,1.0,0.0,,,GEO.1_1,RLM7,SP42,REF172
,1.0,,1.0,0.0,,,DEU.1_1,RLM7,SP42,REF172
,1.0,,1.0,0.0,,,DNK.1_1,RLM7,SP42,REF172
,1.0,,1.0,0.0,,,,RLM7,SP42,REF172
,1.0,,1.0,0.0,,,HUN.1_1,RLM7,SP42,REF172
,1.0,,1.0,0.0,,,SVK.1_1,RLM7,SP42,REF172
,1.0,,1.0,0.0,,,GBR.1_1,RLM7,SP42,REF172
,1.0,,1.0,0.0,,,ROU.1_1,RLM7,SP42,REF172
,1.0,,1.0,0.0,,,TUR.1_1,RLM7,SP42,REF172
,1.0,,1.0,0.0,,,MDA.1_1,RLM7,SP42,REF172
,1.0,,1.0,0.0,,,POL.1_1,RLM7,SP42,REF172
,1.0,,1.0,0.0,,,HRV.1_1,RLM7,SP42,REF172
,1.0,,1.0,0.0,,,BEL.1_1,RLM7,SP42,REF172
,1.0,,1.0,0.0,,,SVN.1_1,RLM7,SP42,REF172
,1.0,,1.0,0.0,,,LUX.1_1,RLM7,SP42,REF172
,1.0,,1.0,0.0,,,NLD.1_1,RLM7,SP42,REF172
,1.0,,1.0,0.0,,,FRA.1_1,RLM7,SP42,REF172
,1.0,,1.0,0.0,,,GBR.1_1,RLM7,SP1038,REF172
,1.0,,1.0,0.0,,,ITA.1_1,RLM7,SP1038,REF172
,1.0,,1.0,0.0,,,ZAF.1_1,RLM6,SP165,REF172
,1.0,,1.0,0.0,,,IRL.1_1,RLM7,SP165,REF172
,1.0,,1.0,0.0,,,IRL.1_1,RLM7,SP168,REF172
,1.0,,1.0,0.0,,,FRA.1_1,RLM7,SP1039,REF172
,1.0,,1.0,0.0,,,JPN.1_1,RLM5,SP649,REF172
,1.0,,1.0,0.0,,,JPN.1_1,RLM5,SP650,REF172
,1.0,,1.0,0.0,,,NLD.1_1,RLM7,SP1040,REF172
,1.0,,1.0,0.0,,,ZAF.1_1,RLM6,SP438,REF172
,1.0,,1.0,0.0,,,JPN.1_1,RLM5,SP630,REF172
,1.0,,1.0,0.0,,,FRA.1_1,RLM7,SP969,REF172
,1.0,,1.0,0.0,,,GBR.1_1,RLM7,SP927,REF172
,1.0,,1.0,0.0,,,DNK.1_1,RLM7,SP44,REF172
,1.0,,1.0,0.0,,,JPN.1_1,RLM5,SP652,REF172
,1.0,,1.0,0.0,,,NLD.1_1,RLM7,SP1041,REF172
,1.0,,1.0,0.0,,,SWE.1_1,RLM7,SP1042,REF172
,1.0,,1.0,0.0,,,FRA.1_1,RLM7,SP931,REF172
,1.0,,1.0,0.0,,,GBR.1_1,RLM7,SP1043,REF172
,1.0,,1.0,0.0,,,GBR.1_1,RLM7,SP1044,REF172
,1.0,,1.0,0.0,,,IRL.1_1,RLM7,SP164,REF172
,1.0,,1.0,0.0,,,VEN.1_1,RLM1,SP1045,REF172
,1.0,,1.0,0.0,,,VEN.2_1,RLM1,SP1045,REF172
,1.0,,1.0,0.0,,,SWE.1_1,RLM7,SP231,REF172
,1.0,,1.0,0.0,,,MNG.1_1,RLM7,SP231,REF172
,1.0,,1.0,0.0,,,KAZ.1_1,RLM7,SP231,REF172
,1.0,,1.0,0.0,,,DEU.1_1,RLM7,SP179,REF172
,1.0,,1.0,0.0,,,DNK.1_1,RLM7,SP179,REF172
,1.0,,1.0,0.0,,,NLD.1_1,RLM7,SP179,REF172
,1.0,,1.0,0.0,,,FRA.1_1,RLM7,SP179,REF172
,1.0,,1.0,0.0,,,NLD.1_1,RLM7,SP1046,REF172
,1.0,,1.0,0.0,,,IRL.1_1,RLM7,SP1046,REF172
,1.0,,1.0,0.0,,,DNK.1_1,RLM7,SP1046,REF172
,1.0,,1.0,0.0,,,SWE.1_1,RLM7,SP10,REF172
,1.0,,1.0,0.0,,,DEU.1_1,RLM7,SP10,REF172
,1.0,,1.0,0.0,,,NLD.1_1,RLM7,SP10,REF172
,1.0,,1.0,0.0,,,DNK.1_1,RLM7,SP10,REF172
,1.0,,1.0,0.0,,,POL.1_1,RLM7,SP10,REF172
,1.0,,1.0,0.0,,,GBR.1_1,RLM7,SP10,REF172
,1.0,,1.0,0.0,,,SVN.1_1,RLM7,SP1047,REF172
,1.0,,1.0,0.0,,,IRL.1_1,RLM7,SP1047,REF172
,1.0,,1.0,0.0,,,AUT.1_1,RLM7,SP1047,REF172
,1.0,,1.0,0.0,,,GBR.1_1,RLM7,SP1048,REF172
,1.0,,1.0,0.0,,,CZE.1_1,RLM7,SP1048,REF172
,1.0,,1.0,0.0,,,DNK.1_1,RLM7,SP1048,REF172
,1.0,,1.0,0.0,,,EST.1_1,RLM7,SP457,REF172
,1.0,,1.0,0.0,,,IRL.1_1,RLM7,SP457,REF172
,1.0,,1.0,0.0,,,SWE.1_1,RLM7,SP457,REF172
,1.0,,1.0,0.0,,,SVN.1_1,RLM7,SP172,REF172
,1.0,,1.0,0.0,,,POL.1_1,RLM7,SP172,REF172
,1.0,,1.0,0.0,,,,RLM7,SP172,REF172
,1.0,,1.0,0.0,,,BGR.1_1,RLM7,SP172,REF172
,1.0,,1.0,0.0,,,CYP.1_1,RLM10,SP172,REF172
,1.0,,1.0,0.0,,,EST.1_1,RLM7,SP172,REF172
,1.0,,1.0,0.0,,,IRL.1_1,RLM7,SP172,REF172
,1.0,,1.0,0.0,,,AUT.1_1,RLM7,SP172,REF172
,1.0,,1.0,0.0,,,NLD.1_1,RLM7,SP172,REF172
,1.0,,1.0,0.0,,,JPN.1_1,RLM5,SP172,REF172
,1.0,,1.0,0.0,,,GBR.1_1,RLM7,SP172,REF172
,1.0,,1.0,0.0,,,FRA.1_1,RLM7,SP172,REF172
,1.0,,1.0,0.0,,,DEU.1_1,RLM7,SP172,REF172
,1.0,,1.0,0.0,,,DNK.1_1,RLM7,SP172,REF172
,1.0,,1.0,0.0,,,ZAF.1_1,RLM6,SP82,REF172
,1.0,,1.0,0.0,,,IRL.1_1,RLM7,SP82,REF172
,1.0,,1.0,0.0,,,EST.1_1,RLM7,SP82,REF172
,1.0,,1.0,0.0,,,POL.1_1,RLM7,SP82,REF172
,1.0,,1.0,0.0,,,MNG.1_1,RLM7,SP82,REF172
,1.0,,1.0,0.0,,,FRA.1_1,RLM7,SP82,REF172
,1.0,,1.0,0.0,,,DEU.1_1,RLM7,SP82,REF172
,1.0,,1.0,0.0,,,JPN.1_1,RLM5,SP82,REF172
,1.0,,1.0,0.0,,,NLD.1_1,RLM7,SP82,REF172
,1.0,,1.0,0.0,,,BGR.1_1,RLM7,SP82,REF172
,1.0,,1.0,0.0,,,DNK.1_1,RLM7,SP82,REF172
,1.0,,1.0,0.0,,,AUT.1_1,RLM7,SP82,REF172
,1.0,,1.0,0.0,,,SVN.1_1,RLM7,SP82,REF172
,1.0,,1.0,0.0,,,CYP.1_1,RLM10,SP82,REF172
,1.0,,1.0,0.0,,,,RLM7,SP82,REF172
,1.0,,1.0,0.0,,,NLD.1_1,RLM7,SP701,REF172
,1.0,,1.0,0.0,,,FRA.1_1,RLM7,SP701,REF172
,1.0,,1.0,0.0,,,DNK.1_1,RLM7,SP701,REF172
,1.0,,1.0,0.0,,,AUT.1_1,RLM7,SP1049,REF172
,1.0,,1.0,0.0,,,FRA.1_1,RLM7,SP1049,REF172
,1.0,,1.0,0.0,,,ITA.1_1,RLM7,SP192,REF172
,1.0,,1.0,0.0,,,USA.1_1,RLM2,SP192,REF172
,1.0,,1.0,0.0,,,USA.1_2,RLM2,SP192,REF172
,1.0,,1.0,0.0,,,USA.2_1,RLM2,SP192,REF172
,1.0,,1.0,0.0,,,NOR.1_1,RLM7,SP1050,REF172
,1.0,,1.0,0.0,,,ITA.1_1,RLM7,SP1050,REF172
,1.0,,1.0,0.0,,,GBR.1_1,RLM7,SP47,REF172
,1.0,,1.0,0.0,,,IRL.1_1,RLM7,SP47,REF172
,1.0,,1.0,0.0,,,FRA.1_1,RLM7,SP47,REF172
,1.0,,1.0,0.0,,,MDA.1_1,RLM7,SP1051,REF172
,1.0,,1.0,0.0,,,IRL.1_1,RLM7,SP1051,REF172
,1.0,,1.0,0.0,,,ISL.1_1,RLM7,SP1051,REF172
,1.0,,1.0,0.0,,,FRA.1_1,RLM7,SP1052,REF172
,1.0,,1.0,0.0,,,SWE.1_1,RLM7,SP1052,REF172
,1.0,,1.0,0.0,,,JPN.1_1,RLM5,SP36,REF172
,1.0,,1.0,0.0,,,CHN.1_1,RLM7,SP36,REF172
,1.0,,1.0,0.0,,,CHN.2_1,RLM7,SP36,REF172
,1.0,,1.0,0.0,,,CHN.3_1,RLM7,SP36,REF172
,1.0,,1.0,0.0,,,GBR.1_1,RLM7,SP1053,REF172
,1.0,,1.0,0.0,,,DNK.1_1,RLM7,SP1053,REF172
,1.0,,1.0,0.0,,,IRL.1_1,RLM7,SP466,REF172
,1.0,,1.0,0.0,,,DEU.1_1,RLM7,SP466,REF172
,1.0,,1.0,0.0,,,IRL.1_1,RLM7,SP1054,REF172
,1.0,,1.0,0.0,,,GBR.1_1,RLM7,SP1054,REF172
,1.0,,1.0,0.0,,,IRL.1_1,RLM7,SP1055,REF172
,1.0,,1.0,0.0,,,GBR.1_1,RLM7,SP1055,REF172
,1.0,,1.0,0.0,,,IRL.1_1,RLM7,SP1056,REF172
,1.0,,1.0,0.0,,,GBR.1_1,RLM7,SP1056,REF172
,1.0,,1.0,0.0,,,DNK.1_1,RLM7,SP170,REF172
,1.0,,1.0,0.0,,,JPN.1_1,RLM5,SP447,REF172
,1.0,,1.0,0.0,,,DNK.1_1,RLM7,SP1057,REF172
,1.0,,1.0,0.0,,,CAN.1_1,RLM2,SP1058,REF172
,1.0,,1.0,0.0,,,SWE.1_1,RLM7,SP71,REF172
,1.0,,1.0,0.0,,,DNK.1_1,RLM7,SP154,REF172
,1.0,,1.0,0.0,,,FRA.1_1,RLM7,SP1059,REF172
,1.0,,1.0,0.0,,,IRL.1_1,RLM7,SP1060,REF172
,1.0,,1.0,0.0,,,JPN.1_1,RLM5,SP654,REF172
,1.0,,1.0,0.0,,,ARE.1_1,RLM10,SP148,REF172
,1.0,,1.0,0.0,,,DNK.1_1,RLM7,SP1061,REF172
,1.0,,1.0,0.0,,,EGY.1_1,RLM10,SP684,REF172
,1.0,,1.0,0.0,,,IRL.1_1,RLM7,SP1062,REF172
,1.0,,1.0,0.0,,,IRL.1_1,RLM7,SP1063,REF172
,1.0,,1.0,0.0,,,USA.1_1,RLM2,SP61,REF172
,1.0,,1.0,0.0,,,USA.1_2,RLM2,SP61,REF172
,1.0,,1.0,0.0,,,USA.2_1,RLM2,SP61,REF172
,1.0,,1.0,0.0,,,DNK.1_1,RLM7,SP1064,REF172
,1.0,,1.0,0.0,,,IRL.1_1,RLM7,SP171,REF172
,1.0,,1.0,0.0,,,NLD.1_1,RLM7,SP1065,REF172
,1.0,,1.0,0.0,,,NOR.1_1,RLM7,SP1066,REF172
,1.0,,1.0,0.0,,,ZAF.1_1,RLM6,SP1067,REF172
,1.0,,1.0,0.0,,,NOR.1_1,RLM7,SP1068,REF172
,1.0,,1.0,0.0,,,DOM.1_1,RLM9,SP137,REF172
,1.0,,1.0,0.0,,,MUS.1_1,RLM3,SP26,REF172
,1.0,,1.0,0.0,,,TUV.1_1,RLM3,SP462,REF172
,1.0,,1.0,0.0,,,DEU.1_1,RLM7,SP316,REF172
,1.0,,1.0,0.0,,,IRL.1_1,RLM7,SP1069,REF172
,1.0,,1.0,0.0,,,IRL.1_1,RLM7,SP1070,REF172
,1.0,,1.0,0.0,,,CZE.1_1,RLM7,SP1071,REF172
,1.0,,1.0,0.0,,,USA.1_1,RLM2,SP218,REF172
,1.0,,1.0,0.0,,,USA.1_2,RLM2,SP218,REF172
,1.0,,1.0,0.0,,,USA.2_1,RLM2,SP218,REF172
,1.0,,1.0,0.0,,,MDV.1_1,RLM4,SP1072,REF172
,1.0,,1.0,0.0,,,GBR.1_1,RLM7,SP1073,REF172
,1.0,,1.0,0.0,,,DNK.1_1,RLM7,SP1074,REF172
,1.0,,1.0,0.0,,,GBR.1_1,RLM7,SP1075,REF172
,1.0,,1.0,0.0,,,LBN.1_1,RLM10,SP1076,REF172
,1.0,,1.0,0.0,,,DEU.1_1,RLM7,SP1077,REF172
,1.0,,1.0,0.0,,,VEN.1_1,RLM1,SP16,REF172
,1.0,,1.0,0.0,,,VEN.2_1,RLM1,SP16,REF172
,1.0,,1.0,0.0,,,IRL.1_1,RLM7,SP16,REF172
,1.0,,1.0,0.0,,,ZAF.1_1,RLM6,SP16,REF172
,1.0,,1.0,0.0,,,EST.1_1,RLM7,SP16,REF172
,1.0,,1.0,0.0,,,SWE.1_1,RLM7,SP16,REF172
,1.0,,1.0,0.0,,,AZE.1_1,RLM7,SP226,REF172
,1.0,,1.0,0.0,,,TKM.1_1,RLM7,SP226,REF172
,1.0,,1.0,0.0,,,,RLM7,SP217,REF172
,1.0,,1.0,0.0,,,IRL.1_1,RLM7,SP15,REF172
,1.0,,1.0,0.0,,,NLD.1_1,RLM7,SP15,REF172
,1.0,,1.0,0.0,,,ZAF.1_1,RLM6,SP15,REF172
,1.0,,1.0,0.0,,,GBR.1_1,RLM7,SP15,REF172
,1.0,,1.0,0.0,,,FRA.1_1,RLM7,SP15,REF172
,1.0,,1.0,0.0,,,AUT.1_1,RLM7,SP15,REF172
,1.0,,1.0,0.0,,,JPN.1_1,RLM5,SP15,REF172
,1.0,,1.0,0.0,,,DNK.1_1,RLM7,SP15,REF172
,1.0,,1.0,0.0,,,SVN.1_1,RLM7,SP15,REF172
,1.0,,1.0,0.0,,,,RLM7,SP15,REF172
,1.0,,1.0,0.0,,,JPN.1_1,RLM5,SP794,REF172
,1.0,,1.0,0.0,,,GBR.1_1,RLM7,SP1078,REF172
,1.0,,1.0,0.0,,,GBR.1_1,RLM7,SP944,REF172
,1.0,,1.0,0.0,,,POL.1_1,RLM7,SP23,REF172
,1.0,,1.0,0.0,,,ARE.1_1,RLM10,SP23,REF172
,1.0,,1.0,0.0,,,DNK.1_1,RLM7,SP23,REF172
,1.0,,1.0,0.0,,,JPN.1_1,RLM5,SP23,REF172
,1.0,,1.0,0.0,,,SWE.1_1,RLM7,SP472,REF172
,1.0,,1.0,0.0,,,CYP.1_1,RLM10,SP472,REF172
,1.0,,1.0,0.0,,,IRL.1_1,RLM7,SP119,REF172
,1.0,,1.0,0.0,,,DNK.1_1,RLM7,SP119,REF172
,1.0,,1.0,0.0,,,SWE.1_1,RLM7,SP119,REF172
,1.0,,1.0,0.0,,,EST.1_1,RLM7,SP119,REF172
,1.0,,1.0,0.0,,,CRI.1_1,RLM9,SP364,REF172
,1.0,,1.0,0.0,,,MEX.1_1,RLM2,SP364,REF172
,1.0,,1.0,0.0,,,BGR.1_1,RLM7,SP4,REF172
,1.0,,1.0,0.0,,,AUT.1_1,RLM7,SP4,REF172
,1.0,,1.0,0.0,,,JPN.1_1,RLM5,SP4,REF172
,1.0,,1.0,0.0,,,CHE.1_1,RLM7,SP4,REF172
,1.0,,1.0,0.0,,,KOR.1_1,RLM7,SP4,REF172
,1.0,,1.0,0.0,,,KOR.2_1,RLM7,SP4,REF172
,1.0,,1.0,0.0,,,CHN.1_1,RLM7,SP4,REF172
,1.0,,1.0,0.0,,,CHN.2_1,RLM7,SP4,REF172
,1.0,,1.0,0.0,,,CHN.3_1,RLM7,SP4,REF172
,1.0,,1.0,0.0,,,IRN.1_1,RLM10,SP4,REF172
,1.0,,1.0,0.0,,,KAZ.1_1,RLM7,SP4,REF172
,1.0,,1.0,0.0,,,LUX.1_1,RLM7,SP4,REF172
,1.0,,1.0,0.0,,,,RLM7,SP4,REF172
,1.0,,1.0,0.0,,,DEU.1_1,RLM7,SP4,REF172
,1.0,,1.0,0.0,,,GEO.1_1,RLM7,SP4,REF172
,1.0,,1.0,0.0,,,MNG.1_1,RLM7,SP4,REF172
,1.0,,1.0,0.0,,,MDA.1_1,RLM7,SP4,REF172
,1.0,,1.0,0.0,,,SVN.1_1,RLM7,SP4,REF172
,1.0,,1.0,0.0,,,CZE.1_1,RLM7,SP4,REF172
,1.0,,1.0,0.0,,,ROU.1_1,RLM7,SP4,REF172
,1.0,,1.0,0.0,,,EST.1_1,RLM7,SP4,REF172
,1.0,,1.0,0.0,,,HRV.1_1,RLM7,SP4,REF172
,1.0,,1.0,0.0,,,POL.1_1,RLM7,SP4,REF172
,1.0,,1.0,0.0,,,FRA.1_1,RLM7,SP4,REF172
,1.0,,1.0,0.0,,,SWE.1_1,RLM7,SP4,REF172
,1.0,,1.0,0.0,,,TUR.1_1,RLM7,SP4,REF172
,1.0,,1.0,0.0,,,AZE.1_1,RLM7,SP4,REF172
,1.0,,1.0,0.0,,,DNK.1_1,RLM7,SP1079,REF172
,1.0,,1.0,0.0,,,SWE.1_1,RLM7,SP1079,REF172
,1.0,,1.0,0.0,,,NLD.1_1,RLM7,SP146,REF172
,1.0,,1.0,0.0,,,JPN.1_1,RLM5,SP146,REF172
,1.0,,1.0,0.0,,,IRL.1_1,RLM7,SP1080,REF172
,1.0,,1.0,0.0,,,GBR.1_1,RLM7,SP1080,REF172
,1.0,,1.0,0.0,,,IND.1_1,RLM4,SP34,REF172
,1.0,,1.0,0.0,,,ISR.1_1,RLM10,SP34,REF172
,1.0,,1.0,0.0,,,CHN.1_1,RLM7,SP34,REF172
,1.0,,1.0,0.0,,,CHN.2_1,RLM7,SP34,REF172
,1.0,,1.0,0.0,,,CHN.3_1,RLM7,SP34,REF172
,1.0,,1.0,0.0,,,LVA.1_1,RLM7,SP34,REF172
,1.0,,1.0,0.0,,,IRL.1_1,RLM7,SP34,REF172
,1.0,,1.0,0.0,,,USA.1_1,RLM2,SP34,REF172
,1.0,,1.0,0.0,,,USA.1_2,RLM2,SP34,REF172
,1.0,,1.0,0.0,,,USA.2_1,RLM2,SP34,REF172
,1.0,,1.0,0.0,,,MDA.1_1,RLM7,SP34,REF172
,1.0,,1.0,0.0,,,CAN.1_1,RLM2,SP34,REF172
,1.0,,1.0,0.0,,,MNG.1_1,RLM7,SP34,REF172
,1.0,,1.0,0.0,,,DZA.1_1,RLM10,SP34,REF172
,1.0,,1.0,0.0,,,IRQ.1_1,RLM10,SP34,REF172
,1.0,,1.0,0.0,,,IRL.1_1,RLM7,SP500,REF172
,1.0,,1.0,0.0,,,AUT.1_1,RLM7,SP500,REF172
,1.0,,1.0,0.0,,,NER.1_1,RLM6,SP35,REF172
,1.0,,1.0,0.0,,,TGO.1_1,RLM6,SP35,REF172
,1.0,,1.0,0.0,,,MLI.1_1,RLM6,SP35,REF172
,1.0,,1.0,0.0,,,SEN.1_1,RLM6,SP35,REF172
,1.0,,1.0,0.0,,,EST.1_1,RLM7,SP503,REF172
,1.0,,1.0,0.0,,,IRL.1_1,RLM7,SP503,REF172
,1.0,,1.0,0.0,,,JPN.1_1,RLM5,SP503,REF172
,1.0,,1.0,0.0,,,SVN.1_1,RLM7,SP1081,REF172
,1.0,,1.0,0.0,,,AUT.1_1,RLM7,SP1081,REF172
,1.0,,1.0,0.0,,,AUT.1_1,RLM7,SP508,REF172
,1.0,,1.0,0.0,,,DNK.1_1,RLM7,SP508,REF172
,1.0,,1.0,0.0,,,IRL.1_1,RLM7,SP508,REF172
,1.0,,1.0,0.0,,,NLD.1_1,RLM7,SP508,REF172
,1.0,,1.0,0.0,,,CAN.1_1,RLM2,SP186,REF172
,1.0,,1.0,0.0,,,ISL.1_1,RLM7,SP186,REF172
,1.0,,1.0,0.0,,,USA.1_1,RLM2,SP186,REF172
,1.0,,1.0,0.0,,,USA.1_2,RLM2,SP186,REF172
,1.0,,1.0,0.0,,,USA.2_1,RLM2,SP186,REF172
,1.0,,1.0,0.0,,,IRL.1_1,RLM7,SP186,REF172
,1.0,,1.0,0.0,,,FRA.1_1,RLM7,SP66,REF172
,1.0,,1.0,0.0,,,SWE.1_1,RLM7,SP66,REF172
,1.0,,1.0,0.0,,,DNK.1_1,RLM7,SP66,REF172
,1.0,,1.0,0.0,,,GBR.1_1,RLM7,SP41,REF172
,1.0,,1.0,0.0,,,DNK.1_1,RLM7,SP41,REF172
,1.0,,1.0,0.0,,,JPN.1_1,RLM5,SP41,REF172
,1.0,,1.0,0.0,,,BGR.1_1,RLM7,SP41,REF172
,1.0,,1.0,0.0,,,NLD.1_1,RLM7,SP41,REF172
,1.0,,1.0,0.0,,,POL.1_1,RLM7,SP41,REF172
,1.0,,1.0,0.0,,,CHN.1_1,RLM7,SP41,REF172
,1.0,,1.0,0.0,,,CHN.2_1,RLM7,SP41,REF172
,1.0,,1.0,0.0,,,CHN.3_1,RLM7,SP41,REF172
,1.0,,1.0,0.0,,,BRB.1_1,RLM9,SP41,REF172
,1.0,,1.0,0.0,,,FRA.1_1,RLM7,SP41,REF172
,1.0,,1.0,0.0,,,POL.1_1,RLM7,SP11,REF172
,1.0,,1.0,0.0,,,DNK.1_1,RLM7,SP11,REF172
,1.0,,1.0,0.0,,,GBR.1_1,RLM7,SP1082,REF172
,1.0,,1.0,0.0,,,,RLM7,SP1083,REF172
,1.0,,1.0,0.0,,,IRL.1_1,RLM7,SP1084,REF172
,1.0,,1.0,0.0,,,JPN.1_1,RLM5,SP687,REF172
,1.0,,1.0,0.0,,,ISL.1_1,RLM7,SP1085,REF172
,1.0,,1.0,0.0,,,SWZ.1_1,RLM6,SP323,REF172
,1.0,,1.0,0.0,,,JPN.1_1,RLM5,SP691,REF172
,1.0,,1.0,0.0,,,DNK.1_1,RLM7,SP1086,REF172
,1.0,,1.0,0.0,,,USA.1_1,RLM2,SP1087,REF172
,1.0,,1.0,0.0,,,USA.1_2,RLM2,SP1087,REF172
,1.0,,1.0,0.0,,,USA.2_1,RLM2,SP1087,REF172
,1.0,,1.0,0.0,,,CAN.1_1,RLM2,SP1088,REF172
,1.0,,1.0,0.0,,,ZAF.1_1,RLM6,SP477,REF172
,1.0,,1.0,0.0,,,CRI.1_1,RLM9,SP1089,REF172
,1.0,,1.0,0.0,,,DOM.1_1,RLM9,SP3,REF172
,1.0,,1.0,0.0,,,IRL.1_1,RLM7,SP1090,REF172
,1.0,,1.0,0.0,,,DNK.1_1,RLM7,SP239,REF172
,1.0,,1.0,0.0,,,LSO.1_1,RLM6,SP1091,REF172
,1.0,,1.0,0.0,,,DNK.1_1,RLM7,SP143,REF172
,1.0,,1.0,0.0,,,ZAF.1_1,RLM6,SP173,REF172
,1.0,,1.0,0.0,,,CHN.1_1,RLM7,SP1092,REF172
,1.0,,1.0,0.0,,,CHN.2_1,RLM7,SP1092,REF172
,1.0,,1.0,0.0,,,CHN.3_1,RLM7,SP1092,REF172
,1.0,,1.0,0.0,,,JPN.1_1,RLM5,SP657,REF172
,1.0,,1.0,0.0,,,USA.1_1,RLM2,SP1093,REF172
,1.0,,1.0,0.0,,,USA.1_2,RLM2,SP1093,REF172
,1.0,,1.0,0.0,,,USA.2_1,RLM2,SP1093,REF172
,1.0,,1.0,0.0,,,IRL.1_1,RLM7,SP1094,REF172
,1.0,,1.0,0.0,,,IRL.1_1,RLM7,SP50,REF172
,1.0,,1.0,0.0,,,FRA.1_1,RLM7,SP1095,REF172
,1.0,,1.0,0.0,,,DNK.1_1,RLM7,SP489,REF172
,1.0,,1.0,0.0,,,DNK.1_1,RLM7,SP62,REF172
,1.0,,1.0,0.0,,,SWE.1_1,RLM7,SP37,REF172
,1.0,,1.0,0.0,,,IRL.1_1,RLM7,SP1096,REF172
,1.0,,1.0,0.0,,,GBR.1_1,RLM7,SP1097,REF172
,1.0,,1.0,0.0,,,DNK.1_1,RLM7,SP138,REF172
,1.0,,1.0,0.0,,,JPN.1_1,RLM5,SP553,REF172
,1.0,,1.0,0.0,,,ROU.1_1,RLM7,SP1098,REF172
,1.0,,1.0,0.0,,,DNK.1_1,RLM7,SP1099,REF172
,1.0,,1.0,0.0,,,DNK.1_1,RLM7,SP1100,REF172
,1.0,,1.0,0.0,,,ISL.1_1,RLM7,SP1101,REF172
,1.0,,1.0,0.0,,,DNK.1_1,RLM7,SP1102,REF172
,1.0,,1.0,0.0,,,IRL.1_1,RLM7,SP505,REF172
,1.0,,1.0,0.0,,,IRL.1_1,RLM7,SP598,REF172
,1.0,,1.0,0.0,,,GBR.1_1,RLM7,SP1103,REF172
,1.0,,1.0,0.0,,,DNK.1_1,RLM7,SP1104,REF172
,1.0,,1.0,0.0,,,DNK.1_1,RLM7,SP1105,REF172
,1.0,,1.0,0.0,,,DNK.1_1,RLM7,SP1106,REF172
,1.0,,1.0,0.0,,,IRL.1_1,RLM7,SP1107,REF172
,1.0,,1.0,0.0,,,GBR.1_1,RLM7,SP1108,REF172
,1.0,,1.0,0.0,,,JPN.1_1,RLM5,SP509,REF172
,1.0,,1.0,0.0,,,CAN.1_1,RLM2,SP136,REF172
,1.0,,1.0,0.0,,,DNK.1_1,RLM7,SP1109,REF172
,1.0,,1.0,0.0,,,MMR.1_1,RLM4,SP31,REF172
,1.0,,1.0,0.0,,,IRQ.1_1,RLM10,SP31,REF172
,1.0,,1.0,0.0,,,CHN.1_1,RLM7,SP31,REF172
,1.0,,1.0,0.0,,,CHN.2_1,RLM7,SP31,REF172
,1.0,,1.0,0.0,,,CHN.3_1,RLM7,SP31,REF172
,1.0,,1.0,0.0,,,LAO.1_1,RLM4,SP31,REF172
,1.0,,1.0,0.0,,,ARE.1_1,RLM10,SP31,REF172
,1.0,,1.0,0.0,,,PNG.1_1,RLM3,SP31,REF172
,1.0,,1.0,0.0,,,JAM.1_1,RLM9,SP31,REF172
,1.0,,1.0,0.0,,,LKA.1_1,RLM4,SP31,REF172
,1.0,,1.0,0.0,,,IND.1_1,RLM4,SP31,REF172
,1.0,,1.0,0.0,,,DOM.1_1,RLM9,SP31,REF172
,1.0,,1.0,0.0,,,VNM.1_1,RLM4,SP31,REF172
,1.0,,1.0,0.0,,,KHM.1_1,RLM4,SP31,REF172
,1.0,,1.0,0.0,,,DNK.1_1,RLM7,SP561,REF172
,1.0,,1.0,0.0,,,FRA.1_1,RLM7,SP561,REF172
,1.0,,1.0,0.0,,,JPN.1_1,RLM5,SP561,REF172
,1.0,,1.0,0.0,,,NLD.1_1,RLM7,SP561,REF172
,1.0,,1.0,0.0,,,SWE.1_1,RLM7,SP561,REF172
,1.0,,1.0,0.0,,,AUT.1_1,RLM7,SP561,REF172
,1.0,,1.0,0.0,,,DEU.1_1,RLM7,SP561,REF172
,1.0,,1.0,0.0,,,SVN.1_1,RLM7,SP561,REF172
,1.0,,1.0,0.0,,,CHN.1_1,RLM7,SP561,REF172
,1.0,,1.0,0.0,,,CHN.2_1,RLM7,SP561,REF172
,1.0,,1.0,0.0,,,CHN.3_1,RLM7,SP561,REF172
,1.0,,1.0,0.0,,,SWE.1_1,RLM7,SP1110,REF172
,1.0,,1.0,0.0,,,GBR.1_1,RLM7,SP1110,REF172
,1.0,,1.0,0.0,,,SVN.1_1,RLM7,SP705,REF172
,1.0,,1.0,0.0,,,FRA.1_1,RLM7,SP705,REF172
,1.0,,1.0,0.0,,,SVK.1_1,RLM7,SP705,REF172
,1.0,,1.0,0.0,,,CZE.1_1,RLM7,SP705,REF172
,1.0,,1.0,0.0,,,ROU.1_1,RLM7,SP705,REF172
,1.0,,1.0,0.0,,,POL.1_1,RLM7,SP705,REF172
,1.0,,1.0,0.0,,,HRV.1_1,RLM7,SP705,REF172
,1.0,,1.0,0.0,,,AUT.1_1,RLM7,SP705,REF172
,1.0,,1.0,0.0,,,CYP.1_1,RLM10,SP78,REF172
,1.0,,1.0,0.0,,,FRA.1_1,RLM7,SP78,REF172
,1.0,,1.0,0.0,,,BEL.1_1,RLM7,SP78,REF172
,1.0,,1.0,0.0,,,ESP.1_1,RLM7,SP78,REF172
,1.0,,1.0,0.0,,,ESP.1_2,RLM7,SP78,REF172
,1.0,,1.0,0.0,,,ESP.2_1,RLM7,SP78,REF172
,1.0,,1.0,0.0,,,ESP.3_1,RLM7,SP78,REF172
,1.0,,1.0,0.0,,,SVN.1_1,RLM7,SP78,REF172
,1.0,,1.0,0.0,,,BGR.1_1,RLM7,SP17,REF172
,1.0,,1.0,0.0,,,CHN.1_1,RLM7,SP17,REF172
,1.0,,1.0,0.0,,,CHN.2_1,RLM7,SP17,REF172
,1.0,,1.0,0.0,,,CHN.3_1,RLM7,SP17,REF172
,1.0,,1.0,0.0,,,DMA.1_1,RLM9,SP17,REF172
,1.0,,1.0,0.0,,,DNK.1_1,RLM7,SP17,REF172
,1.0,,1.0,0.0,,,PER.1_1,RLM1,SP17,REF172
,1.0,,1.0,0.0,,,AUT.1_1,RLM7,SP1111,REF172
,1.0,,1.0,0.0,,,SVN.1_1,RLM7,SP1111,REF172
,1.0,,1.0,0.0,,,BGR.1_1,RLM7,SP5,REF172
,1.0,,1.0,0.0,,,,RLM7,SP5,REF172
,1.0,,1.0,0.0,,,JPN.1_1,RLM5,SP5,REF172
,1.0,,1.0,0.0,,,SWE.1_1,RLM7,SP5,REF172
,1.0,,1.0,0.0,,,AUT.1_1,RLM7,SP5,REF172
,1.0,,1.0,0.0,,,ZAF.1_1,RLM6,SP5,REF172
,1.0,,1.0,0.0,,,DNK.1_1,RLM7,SP5,REF172
,1.0,,1.0,0.0,,,SVN.1_1,RLM7,SP5,REF172
,1.0,,1.0,0.0,,,GBR.1_1,RLM7,SP5,REF172
,1.0,,1.0,0.0,,,IRL.1_1,RLM7,SP5,REF172
,1.0,,1.0,0.0,,,NPL.1_1,RLM5,SP5,REF172
,1.0,,1.0,0.0,,,USA.1_1,RLM2,SP5,REF172
,1.0,,1.0,0.0,,,USA.1_2,RLM2,SP5,REF172
,1.0,,1.0,0.0,,,USA.2_1,RLM2,SP5,REF172
,1.0,,1.0,0.0,,,CHN.1_1,RLM7,SP5,REF172
,1.0,,1.0,0.0,,,CHN.2_1,RLM7,SP5,REF172
,1.0,,1.0,0.0,,,CHN.3_1,RLM7,SP5,REF172
,1.0,,1.0,0.0,,,VEN.1_1,RLM1,SP2,REF172
,1.0,,1.0,0.0,,,VEN.2_1,RLM1,SP2,REF172
,1.0,,1.0,0.0,,,TUR.1_1,RLM7,SP2,REF172
,1.0,,1.0,0.0,,,USA.1_1,RLM2,SP2,REF172
,1.0,,1.0,0.0,,,USA.1_2,RLM2,SP2,REF172
,1.0,,1.0,0.0,,,USA.2_1,RLM2,SP2,REF172
,1.0,,1.0,0.0,,,TKM.1_1,RLM7,SP2,REF172
,1.0,,1.0,0.0,,,IRQ.1_1,RLM10,SP2,REF172
,1.0,,1.0,0.0,,,COL.1_1,RLM1,SP2,REF172
,1.0,,1.0,0.0,,,HRV.1_1,RLM7,SP2,REF172
,1.0,,1.0,0.0,,,FRA.1_1,RLM7,SP2,REF172
,1.0,,1.0,0.0,,,SYC.1_1,RLM3,SP2,REF172
,1.0,,1.0,0.0,,,CYP.1_1,RLM10,SP2,REF172
,1.0,,1.0,0.0,,,,RLM7,SP2,REF172
,1.0,,1.0,0.0,,,BRB.1_1,RLM9,SP2,REF172
,1.0,,1.0,0.0,,,DMA.1_1,RLM9,SP2,REF172
,1.0,,1.0,0.0,,,PER.1_1,RLM1,SP2,REF172
,1.0,,1.0,0.0,,,DOM.1_1,RLM9,SP2,REF172
,1.0,,1.0,0.0,,,CRI.1_1,RLM9,SP2,REF172
,1.0,,1.0,0.0,,,GBR.1_1,RLM7,SP1112,REF172
,1.0,,1.0,0.0,,,IRL.1_1,RLM7,SP1112,REF172
,1.0,,1.0,0.0,,,ROU.1_1,RLM7,SP69,REF172
,1.0,,1.0,0.0,,,,RLM7,SP69,REF172
,1.0,,1.0,0.0,,,DNK.1_1,RLM7,SP69,REF172
,1.0,,1.0,0.0,,,HRV.1_1,RLM7,SP69,REF172
,1.0,,1.0,0.0,,,CZE.1_1,RLM7,SP69,REF172
,1.0,,1.0,0.0,,,POL.1_1,RLM7,SP69,REF172
,1.0,,1.0,0.0,,,AUT.1_1,RLM7,SP69,REF172
,1.0,,1.0,0.0,,,SVN.1_1,RLM7,SP69,REF172
,1.0,,1.0,0.0,,,LUX.1_1,RLM7,SP960,REF172
,1.0,,1.0,0.0,,,FRA.1_1,RLM7,SP960,REF172
,1.0,,1.0,0.0,,,SVN.1_1,RLM7,SP960,REF172
,1.0,,1.0,0.0,,,CZE.1_1,RLM7,SP960,REF172
,1.0,,1.0,0.0,,,HRV.1_1,RLM7,SP960,REF172
,1.0,,1.0,0.0,,,IRL.1_1,RLM7,SP960,REF172
,1.0,,1.0,0.0,,,NLD.1_1,RLM7,SP960,REF172
,1.0,,1.0,0.0,,,GBR.1_1,RLM7,SP960,REF172
,1.0,,1.0,0.0,,,AUT.1_1,RLM7,SP960,REF172
,1.0,,1.0,0.0,,,POL.1_1,RLM7,SP960,REF172
,1.0,,1.0,0.0,,,AUT.1_1,RLM7,SP222,REF172
,1.0,,1.0,0.0,,,LUX.1_1,RLM7,SP222,REF172
,1.0,,1.0,0.0,,,CZE.1_1,RLM7,SP222,REF172
,1.0,,1.0,0.0,,,HRV.1_1,RLM7,SP222,REF172
,1.0,,1.0,0.0,,,ROU.1_1,RLM7,SP222,REF172
,1.0,,1.0,0.0,,,POL.1_1,RLM7,SP222,REF172
,1.0,,1.0,0.0,,,GBR.1_1,RLM7,SP222,REF172
,1.0,,1.0,0.0,,,SWE.1_1,RLM7,SP222,REF172
,1.0,,1.0,0.0,,,SVN.1_1,RLM7,SP222,REF172
,1.0,,1.0,0.0,,,DNK.1_1,RLM7,SP222,REF172
,1.0,,1.0,0.0,,,FRA.1_1,RLM7,SP222,REF172
,1.0,,1.0,0.0,,,POL.1_1,RLM7,SP1113,REF172
,1.0,,1.0,0.0,,,HRV.1_1,RLM7,SP1113,REF172
,1.0,,1.0,0.0,,,LUX.1_1,RLM7,SP1113,REF172
,1.0,,1.0,0.0,,,CZE.1_1,RLM7,SP1113,REF172
,1.0,,1.0,0.0,,,ROU.1_1,RLM7,SP1113,REF172
,1.0,,1.0,0.0,,,DNK.1_1,RLM7,SP1113,REF172
,1.0,,1.0,0.0,,,BEL.1_1,RLM7,SP1113,REF172
,1.0,,1.0,0.0,,,SVK.1_1,RLM7,SP1113,REF172
,1.0,,1.0,0.0,,,SVN.1_1,RLM7,SP1113,REF172
,1.0,,1.0,0.0,,,AUT.1_1,RLM7,SP1113,REF172
,1.0,,1.0,0.0,,,NLD.1_1,RLM7,SP1113,REF172
,1.0,,1.0,0.0,,,FRA.1_1,RLM7,SP1113,REF172
,1.0,,1.0,0.0,,,ZAF.1_1,RLM6,SP39,REF172
,1.0,,1.0,0.0,,,JPN.1_1,RLM5,SP39,REF172
,1.0,,1.0,0.0,,,CAN.1_1,RLM2,SP6,REF172
,1.0,,1.0,0.0,,,JPN.1_1,RLM5,SP6,REF172
,1.0,,1.0,0.0,,,JPN.1_1,RLM5,SP685,REF172
,1.0,,1.0,0.0,,,DEU.1_1,RLM7,SP228,REF172
,1.0,,1.0,0.0,,,IRL.1_1,RLM7,SP1114,REF172
,1.0,,1.0,0.0,,,JPN.1_1,RLM5,SP659,REF172
,1.0,,1.0,0.0,,,JPN.1_1,RLM5,SP662,REF172
,1.0,,1.0,0.0,,,DNK.1_1,RLM7,SP1115,REF172
,1.0,,1.0,0.0,,,AUT.1_1,RLM7,SP286,REF172
,1.0,,1.0,0.0,,,GBR.1_1,RLM7,SP516,REF172
,1.0,,1.0,0.0,,,JPN.1_1,RLM5,SP663,REF172
,1.0,,1.0,0.0,,,JPN.1_1,RLM5,SP644,REF172
,1.0,,1.0,0.0,,,GBR.1_1,RLM7,SP1116,REF172
,1.0,,1.0,0.0,,,GBR.1_1,RLM7,SP958,REF172
,1.0,,1.0,0.0,,,JPN.1_1,RLM5,SP393,REF172
,1.0,,1.0,0.0,,,JPN.1_1,RLM5,SP520,REF172
,1.0,,1.0,0.0,,,CRI.1_1,RLM9,SP178,REF172
,1.0,,1.0,0.0,,,JPN.1_1,RLM5,SP692,REF172
,1.0,,1.0,0.0,,,DNK.1_1,RLM7,SP1117,REF172
,1.0,,1.0,0.0,,,FRA.1_1,RLM7,SP1118,REF172
,1.0,,1.0,0.0,,,SVN.1_1,RLM7,SP80,REF172
,1.0,,1.0,0.0,,,GBR.1_1,RLM7,SP1119,REF172
,1.0,,1.0,0.0,,,SWE.1_1,RLM7,SP1120,REF172
,1.0,,1.0,0.0,,,LUX.1_1,RLM7,SP1121,REF172
,1.0,,1.0,0.0,,,IRL.1_1,RLM7,SP99,REF172
,1.0,,1.0,0.0,,,GBR.1_1,RLM7,SP1122,REF172
,1.0,,1.0,0.0,,,NLD.1_1,RLM7,SP1123,REF172
,1.0,,1.0,0.0,,,GBR.1_1,RLM7,SP1123,REF172
,1.0,,1.0,0.0,,,DNK.1_1,RLM7,SP175,REF172
,1.0,,1.0,0.0,,,VEN.1_1,RLM1,SP175,REF172
,1.0,,1.0,0.0,,,VEN.2_1,RLM1,SP175,REF172
,1.0,,1.0,0.0,,,DEU.1_1,RLM7,SP175,REF172
,1.0,,1.0,0.0,,,IRL.1_1,RLM7,SP175,REF172
,1.0,,1.0,0.0,,,ARE.1_1,RLM10,SP175,REF172
,1.0,,1.0,0.0,,,SVN.1_1,RLM7,SP175,REF172
,1.0,,1.0,0.0,,,CHN.1_1,RLM7,SP175,REF172
,1.0,,1.0,0.0,,,CHN.2_1,RLM7,SP175,REF172
,1.0,,1.0,0.0,,,CHN.3_1,RLM7,SP175,REF172
,1.0,,1.0,0.0,,,NLD.1_1,RLM7,SP175,REF172
,1.0,,1.0,0.0,,,AUT.1_1,RLM7,SP175,REF172
,1.0,,1.0,0.0,,,BLR.1_1,RLM7,SP175,REF172
,1.0,,1.0,0.0,,,EST.1_1,RLM7,SP175,REF172
,1.0,,1.0,0.0,,,FRA.1_1,RLM7,SP175,REF172
,1.0,,1.0,0.0,,,SWE.1_1,RLM7,SP175,REF172
,1.0,,1.0,0.0,,,,RLM7,SP175,REF172
,1.0,,1.0,0.0,,,ZAF.1_1,RLM6,SP175,REF172
,1.0,,1.0,0.0,,,JPN.1_1,RLM5,SP175,REF172
,1.0,,1.0,0.0,,,BGR.1_1,RLM7,SP175,REF172
,1.0,,1.0,0.0,,,SWE.1_1,RLM7,SP93,REF172
,1.0,,1.0,0.0,,,IRL.1_1,RLM7,SP93,REF172
,1.0,,1.0,0.0,,,ARE.1_1,RLM10,SP14,REF172
,1.0,,1.0,0.0,,,DMA.1_1,RLM9,SP14,REF172
,1.0,,1.0,0.0,,,ZAF.1_1,RLM6,SP14,REF172
,1.0,,1.0,0.0,,,SYC.1_1,RLM3,SP14,REF172
,1.0,,1.0,0.0,,,CRI.1_1,RLM9,SP14,REF172
,1.0,,1.0,0.0,,,NLD.1_1,RLM7,SP48,REF172
,1.0,,1.0,0.0,,,DNK.1_1,RLM7,SP48,REF172
,1.0,,1.0,0.0,,,FRA.1_1,RLM7,SP48,REF172
,1.0,,1.0,0.0,,,IRL.1_1,RLM7,SP1124,REF172
,1.0,,1.0,0.0,,,FRA.1_1,RLM7,SP1124,REF172
,1.0,,1.0,0.0,,,GBR.1_1,RLM7,SP1124,REF172
,1.0,,1.0,0.0,,,,RLM7,SP664,REF172
,1.0,,1.0,0.0,,,JPN.1_1,RLM5,SP664,REF172
,1.0,,1.0,0.0,,,IRL.1_1,RLM7,SP664,REF172
,1.0,,1.0,0.0,,,CAN.1_1,RLM2,SP57,REF172
,1.0,,1.0,0.0,,,ZAF.1_1,RLM6,SP57,REF172
,1.0,,1.0,0.0,,,USA.1_1,RLM2,SP57,REF172
,1.0,,1.0,0.0,,,USA.1_2,RLM2,SP57,REF172
,1.0,,1.0,0.0,,,USA.2_1,RLM2,SP57,REF172
,1.0,,1.0,0.0,,,FRA.1_1,RLM7,SP775,REF172
,1.0,,1.0,0.0,,,ITA.1_1,RLM7,SP775,REF172
,1.0,,1.0,0.0,,,CAN.1_1,RLM2,SP775,REF172
,1.0,,1.0,0.0,,,HRV.1_1,RLM7,SP775,REF172
,1.0,,1.0,0.0,,,SVN.1_1,RLM7,SP775,REF172
,1.0,,1.0,0.0,,,AUT.1_1,RLM7,SP775,REF172
,1.0,,1.0,0.0,,,IRL.1_1,RLM7,SP210,REF172
,1.0,,1.0,0.0,,,AUT.1_1,RLM7,SP210,REF172
,1.0,,1.0,0.0,,,SVN.1_1,RLM7,SP210,REF172
,1.0,,1.0,0.0,,,MNG.1_1,RLM7,SP27,REF172
,1.0,,1.0,0.0,,,ZAF.1_1,RLM6,SP27,REF172
,1.0,,1.0,0.0,,,SVN.1_1,RLM7,SP27,REF172
,1.0,,1.0,0.0,,,BGR.1_1,RLM7,SP27,REF172
,1.0,,1.0,0.0,,,VEN.1_1,RLM1,SP27,REF172
,1.0,,1.0,0.0,,,VEN.2_1,RLM1,SP27,REF172
,1.0,,1.0,0.0,,,AUT.1_1,RLM7,SP27,REF172
,1.0,,1.0,0.0,,,JPN.1_1,RLM5,SP27,REF172
,1.0,,1.0,0.0,,,DNK.1_1,RLM7,SP27,REF172
,1.0,,1.0,0.0,,,FRA.1_1,RLM7,SP27,REF172
,1.0,,1.0,0.0,,,SWE.1_1,RLM7,SP27,REF172
,1.0,,1.0,0.0,,,BLR.1_1,RLM7,SP27,REF172
,1.0,,1.0,0.0,,,CHN.1_1,RLM7,SP27,REF172
,1.0,,1.0,0.0,,,CHN.2_1,RLM7,SP27,REF172
,1.0,,1.0,0.0,,,CHN.3_1,RLM7,SP27,REF172
,1.0,,1.0,0.0,,,FRA.1_1,RLM7,SP1125,REF172
,1.0,,1.0,0.0,,,DNK.1_1,RLM7,SP1125,REF172
,1.0,,1.0,0.0,,,DNK.1_1,RLM7,SP1,REF172
,1.0,,1.0,0.0,,,GBR.1_1,RLM7,SP1,REF172
,1.0,,1.0,0.0,,,NLD.1_1,RLM7,SP1,REF172
,1.0,,1.0,0.0,,,DMA.1_1,RLM9,SP1,REF172
,1.0,,1.0,0.0,,,NER.1_1,RLM6,SP8,REF172
,1.0,,1.0,0.0,,,SLE.1_1,RLM6,SP8,REF172
,1.0,,1.0,0.0,,,SSD.1_1,RLM6,SP8,REF172
,1.0,,1.0,0.0,,,MLI.1_1,RLM6,SP8,REF172
,1.0,,1.0,0.0,,,SEN.1_1,RLM6,SP8,REF172
,1.0,,1.0,0.0,,,GIN.1_1,RLM6,SP8,REF172
,1.0,,1.0,0.0,,,TGO.1_1,RLM6,SP8,REF172
,1.0,,1.0,0.0,,,NLD.1_1,RLM7,SP8,REF172
,1.0,,1.0,0.0,,,GNB.1_1,RLM6,SP8,REF172
,1.0,,1.0,0.0,,,LBR.1_1,RLM6,SP8,REF172
,1.0,,1.0,0.0,,,POL.1_1,RLM7,SP38,REF172
,1.0,,1.0,0.0,,,DNK.1_1,RLM7,SP38,REF172
,1.0,,1.0,0.0,,,FRA.1_1,RLM7,SP38,REF172
,1.0,,1.0,0.0,,,NLD.1_1,RLM7,SP38,REF172
,1.0,,1.0,0.0,,,ISR.1_1,RLM10,SP38,REF172
,1.0,,1.0,0.0,,,GBR.1_1,RLM7,SP38,REF172
,1.0,,1.0,0.0,,,MDV.1_1,RLM4,SP28,REF172
,1.0,,1.0,0.0,,,GBR.1_1,RLM7,SP28,REF172
,1.0,,1.0,0.0,,,NLD.1_1,RLM7,SP28,REF172
,1.0,,1.0,0.0,,,DEU.1_1,RLM7,SP176,REF172
,1.0,,1.0,0.0,,,,RLM7,SP1126,REF172
,1.0,,1.0,0.0,,,CYP.1_1,RLM10,SP85,REF172
,1.0,,1.0,0.0,,,DNK.1_1,RLM7,SP211,REF172
,1.0,,1.0,0.0,,,GBR.1_1,RLM7,SP1127,REF172
,1.0,,1.0,0.0,,,JPN.1_1,RLM5,SP1128,REF172
,1.0,,1.0,0.0,,,FRA.1_1,RLM7,SP1129,REF172
,1.0,,1.0,0.0,,,DOM.1_1,RLM9,SP13,REF172
,1.0,,1.0,0.0,,,GBR.1_1,RLM7,SP1130,REF172
,1.0,,1.0,0.0,,,IRL.1_1,RLM7,SP1131,REF172
,1.0,,1.0,0.0,,,NLD.1_1,RLM7,SP1132,REF172
,1.0,,1.0,0.0,,,POL.1_1,RLM7,SP1133,REF172
,1.0,,1.0,0.0,,,SWZ.1_1,RLM6,SP563,REF172
,1.0,,1.0,0.0,,,DNK.1_1,RLM7,SP1134,REF172
,1.0,,1.0,0.0,,,DNK.1_1,RLM7,SP1135,REF172
,1.0,,1.0,0.0,,,GBR.1_1,RLM7,SP1136,REF172
,1.0,,1.0,0.0,,,JPN.1_1,RLM5,SP151,REF172
,1.0,,1.0,0.0,,,GBR.1_1,RLM7,SP964,REF172
,1.0,,1.0,0.0,,,DEU.1_1,RLM7,SP1137,REF172
,1.0,,1.0,0.0,,,POL.1_1,RLM7,SP1138,REF172
,1.0,,1.0,0.0,,,SWE.1_1,RLM7,SP1139,REF172
,1.0,,1.0,0.0,,,JPN.1_1,RLM5,SP799,REF172
,1.0,,1.0,0.0,,,ROU.1_1,RLM7,SP1140,REF172
,1.0,,1.0,0.0,,,CAN.1_1,RLM2,SP1141,REF172
,1.0,,1.0,0.0,,,MEX.1_1,RLM2,SP110,REF172
,1.0,,1.0,0.0,,,VEN.1_1,RLM1,SP209,REF172
,1.0,,1.0,0.0,,,VEN.2_1,RLM1,SP209,REF172
,1.0,,1.0,0.0,,,ESP.1_1,RLM7,SP209,REF172
,1.0,,1.0,0.0,,,ESP.1_2,RLM7,SP209,REF172
,1.0,,1.0,0.0,,,ESP.2_1,RLM7,SP209,REF172
,1.0,,1.0,0.0,,,ESP.3_1,RLM7,SP209,REF172
,1.0,,1.0,0.0,,,IRL.1_1,RLM7,SP64,REF172
,1.0,,1.0,0.0,,,FRA.1_1,RLM7,SP64,REF172
,1.0,,1.0,0.0,,,NLD.1_1,RLM7,SP64,REF172
,1.0,,1.0,0.0,,,BEL.1_1,RLM7,SP64,REF172
,1.0,,1.0,0.0,,,GBR.1_1,RLM7,SP64,REF172
,1.0,,1.0,0.0,,,GBR.1_1,RLM7,SP216,REF172
,1.0,,1.0,0.0,,,SWE.1_1,RLM7,SP216,REF172
,1.0,,1.0,0.0,,,NLD.1_1,RLM7,SP216,REF172
,1.0,,1.0,0.0,,,IRL.1_1,RLM7,SP1142,REF172
,1.0,,1.0,0.0,,,GBR.1_1,RLM7,SP1142,REF172
,1.0,,1.0,0.0,,,SVN.1_1,RLM7,SP1143,REF172
,1.0,,1.0,0.0,,,AUT.1_1,RLM7,SP1143,REF172
,1.0,,1.0,0.0,,,JPN.1_1,RLM5,SP803,REF172
,1.0,,1.0,0.0,,,CAN.1_1,RLM2,SP803,REF172
,1.0,,1.0,0.0,,,IRL.1_1,RLM7,SP786,REF172
,1.0,,1.0,0.0,,,FRA.1_1,RLM7,SP786,REF172
,1.0,,1.0,0.0,,,SWE.1_1,RLM7,SP787,REF172
,1.0,,1.0,0.0,,,FRA.1_1,RLM7,SP787,REF172
,1.0,,1.0,0.0,,,IRL.1_1,RLM7,SP787,REF172
,1.0,,1.0,0.0,,,ZAF.1_1,RLM6,SP541,REF172
,1.0,,1.0,0.0,,,EST.1_1,RLM7,SP541,REF172
,1.0,,1.0,0.0,,,IRL.1_1,RLM7,SP541,REF172
,1.0,,1.0,0.0,,,GBR.1_1,RLM7,SP224,REF172
,1.0,,1.0,0.0,,,JPN.1_1,RLM5,SP224,REF172
,1.0,,1.0,0.0,,,DNK.1_1,RLM7,SP224,REF172
,1.0,,1.0,0.0,,,CYP.1_1,RLM10,SP224,REF172
,1.0,,1.0,0.0,,,FRA.1_1,RLM7,SP224,REF172
,1.0,,1.0,0.0,,,BGR.1_1,RLM7,SP90,REF172
,1.0,,1.0,0.0,,,JPN.1_1,RLM5,SP90,REF172
,1.0,,1.0,0.0,,,IRL.1_1,RLM7,SP90,REF172
,1.0,,1.0,0.0,,,BLR.1_1,RLM7,SP90,REF172
,1.0,,1.0,0.0,,,DNK.1_1,RLM7,SP90,REF172
,1.0,,1.0,0.0,,,FRA.1_1,RLM7,SP90,REF172
,1.0,,1.0,0.0,,,MNG.1_1,RLM7,SP90,REF172
,1.0,,1.0,0.0,,,EST.1_1,RLM7,SP90,REF172
,1.0,,1.0,0.0,,,IRL.1_1,RLM7,SP788,REF172
,1.0,,1.0,0.0,,,JPN.1_1,RLM5,SP788,REF172
,1.0,,1.0,0.0,,,FRA.1_1,RLM7,SP788,REF172
,1.0,,1.0,0.0,,,CYP.1_1,RLM10,SP788,REF172
,1.0,,1.0,0.0,,,BGR.1_1,RLM7,SP788,REF172
,1.0,,1.0,0.0,,,TUR.1_1,RLM7,SP153,REF172
,1.0,,1.0,0.0,,,IRQ.1_1,RLM10,SP153,REF172
,1.0,,1.0,0.0,,,GBR.1_1,RLM7,SP153,REF172
,1.0,,1.0,0.0,,,NOR.1_1,RLM7,SP153,REF172
,1.0,,1.0,0.0,,,ARE.1_1,RLM10,SP153,REF172
,1.0,,1.0,0.0,,,NPL.1_1,RLM5,SP153,REF172
,1.0,,1.0,0.0,,,SEN.1_1,RLM6,SP153,REF172
,1.0,,1.0,0.0,,,SVN.1_1,RLM7,SP153,REF172
,1.0,,1.0,0.0,,,CYP.1_1,RLM10,SP153,REF172
,1.0,,1.0,0.0,,,FRA.1_1,RLM7,SP153,REF172
,1.0,,1.0,0.0,,,NLD.1_1,RLM7,SP1144,REF172
,1.0,,1.0,0.0,,,SWE.1_1,RLM7,SP1144,REF172
,1.0,,1.0,0.0,,,DEU.1_1,RLM7,SP1144,REF172
,1.0,,1.0,0.0,,,JPN.1_1,RLM5,SP714,REF172
,1.0,,1.0,0.0,,,IRL.1_1,RLM7,SP714,REF172
,1.0,,1.0,0.0,,,JPN.1_1,RLM5,SP665,REF172
,1.0,,1.0,0.0,,,IRL.1_1,RLM7,SP1145,REF172
,1.0,,1.0,0.0,,,IRL.1_1,RLM7,SP177,REF172
,1.0,,1.0,0.0,,,GBR.1_1,RLM7,SP1146,REF172
,1.0,,1.0,0.0,,,GBR.1_1,RLM7,SP1147,REF172
,1.0,,1.0,0.0,,,GBR.1_1,RLM7,SP1148,REF172
,1.0,,1.0,0.0,,,JPN.1_1,RLM5,SP666,REF172
,1.0,,1.0,0.0,,,GBR.1_1,RLM7,SP564,REF172
,1.0,,1.0,0.0,,,DNK.1_1,RLM7,SP1149,REF172
0.0,1.0,,1.0,0.0,1.0,,ZAF.1_1,RLM6,SP563,REF172
,1.0,,1.0,0.0,,,GBR.1_1,RLM7,SP893,REF172
,1.0,,1.0,0.0,,,IRL.1_1,RLM7,SP100,REF172
,1.0,,1.0,0.0,,,DZA.1_1,RLM10,SP75,REF172
,1.0,,1.0,0.0,,,DEU.1_1,RLM7,SP966,REF172
,1.0,,1.0,0.0,,,DNK.1_1,RLM7,SP1150,REF172
,1.0,,1.0,0.0,,,IRL.1_1,RLM7,SP784,REF172
,1.0,,1.0,0.0,,,IRL.1_1,RLM7,SP785,REF172
,1.0,,1.0,0.0,,,CAN.1_1,RLM2,SP1151,REF172
,1.0,,1.0,0.0,,,CAN.1_1,RLM2,SP1152,REF172
,1.0,,1.0,0.0,,,ARE.1_1,RLM10,SP360,REF172
,1.0,,1.0,0.0,,,DEU.1_1,RLM7,SP1153,REF172
,1.0,,1.0,0.0,,,CAN.1_1,RLM2,SP790,REF172
,1.0,,1.0,0.0,,,CAN.1_1,RLM2,SP1154,REF172
,1.0,,1.0,0.0,,,VEN.1_1,RLM1,SP546,REF172
,1.0,,1.0,0.0,,,VEN.2_1,RLM1,SP546,REF172
,1.0,,1.0,0.0,,,MUS.1_1,RLM3,SP1155,REF172
,1.0,,1.0,0.0,,,TUN.1_1,RLM10,SP1156,REF172
,1.0,,1.0,0.0,,,GBR.1_1,RLM7,SP1157,REF172
,1.0,,1.0,0.0,,,FRA.1_1,RLM7,SP1158,REF172
,1.0,,1.0,0.0,,,ISL.1_1,RLM7,SP1159,REF172
,1.0,,1.0,0.0,,,ITA.1_1,RLM7,SP1160,REF172
,,,1.0,0.0,,,ITA.1_1,RLM7,SP164,REF3
,,,1.0,0.0,,,PRT.1_1,RLM7,SP164,REF3
,,,1.0,0.0,,,PRT.2_1,RLM7,SP164,REF3
,,,1.0,0.0,,,PRT.3_1,RLM7,SP164,REF3
,,,1.0,0.0,,,SVK.1_1,RLM7,SP164,REF3
,,,1.0,0.0,,,SVN.1_1,RLM7,SP164,REF3
,,,1.0,0.0,,,MAR.1_1,RLM10,SP98,REF3
,,,1.0,0.0,,,ALB.1_1,RLM7,SP98,REF3
,,,1.0,0.0,,,HRV.1_1,RLM7,SP98,REF3
,,,1.0,0.0,,,DNK.1_1,RLM7,SP98,REF3
,,,1.0,0.0,,,FIN.1_1,RLM7,SP98,REF3
,,,1.0,0.0,,,FRA.1_1,RLM7,SP98,REF3
,,,1.0,0.0,,,DEU.1_1,RLM7,SP98,REF3
,,,1.0,0.0,,,GRC.1_1,RLM7,SP98,REF3
,,,1.0,0.0,,,GRC.2_1,RLM7,SP98,REF3
,,,1.0,0.0,,,ITA.1_1,RLM7,SP98,REF3
,,,1.0,0.0,,,POL.1_1,RLM7,SP98,REF3
,,,1.0,0.0,,,SVN.1_1,RLM7,SP98,REF3
,,,1.0,0.0,,,SWE.1_1,RLM7,SP98,REF3
,,,1.0,0.0,,,TUR.1_1,RLM7,SP98,REF3
,,,0.0,0.0,,,KOR.1_1,RLM7,SP231,REF3
,,,0.0,0.0,,,KOR.2_1,RLM7,SP231,REF3
,,,1.0,0.0,,,LBR.1_1,RLM6,SP10,REF3
,,,1.0,0.0,,,IRQ.1_1,RLM10,SP10,REF3
,,,1.0,0.0,,,ALB.1_1,RLM7,SP10,REF3
,,,1.0,0.0,,,BEL.1_1,RLM7,SP10,REF3
,,,1.0,0.0,,,BIH.1_1,RLM7,SP10,REF3
,,,1.0,0.0,,,HRV.1_1,RLM7,SP10,REF3
,,,1.0,0.0,,,CZE.1_1,RLM7,SP10,REF3
,,,0.0,0.0,,,DNK.1_1,RLM7,SP10,REF3
,,,1.0,0.0,,,GRC.1_1,RLM7,SP10,REF3
,,,1.0,0.0,,,GRC.2_1,RLM7,SP10,REF3
,,,1.0,0.0,,,HUN.1_1,RLM7,SP10,REF3
,,,1.0,0.0,,,ITA.1_1,RLM7,SP10,REF3
,,,1.0,0.0,,,MLT.1_1,RLM10,SP10,REF3
,,,1.0,0.0,,,MNE.1_1,RLM7,SP10,REF3
,,,0.0,0.0,,,NLD.1_1,RLM7,SP10,REF3
,,,1.0,0.0,,,MKD.1_1,RLM7,SP10,REF3
,,,1.0,0.0,,,POL.1_1,RLM7,SP10,REF3
,,,1.0,0.0,,,PRT.1_1,RLM7,SP10,REF3
,,,1.0,0.0,,,PRT.2_1,RLM7,SP10,REF3
,,,1.0,0.0,,,PRT.3_1,RLM7,SP10,REF3
,,,1.0,0.0,,,SRB.1_1,RLM7,SP10,REF3
,,,1.0,0.0,,,SVN.1_1,RLM7,SP10,REF3
,,,1.0,0.0,,,TUR.1_1,RLM7,SP10,REF3
,,,1.0,0.0,,,AGO.1_1,RLM6,SP1161,REF3
,,,1.0,0.0,,,BEN.1_1,RLM6,SP1161,REF3
,,,1.0,0.0,,,BFA.1_1,RLM6,SP1161,REF3
,,,1.0,0.0,,,BDI.1_1,RLM6,SP1161,REF3
,,,1.0,0.0,,,CAF.1_1,RLM6,SP1161,REF3
,,,1.0,0.0,,,TCD.1_1,RLM6,SP1161,REF3
,,,1.0,0.0,,,COD.1_1,RLM6,SP1161,REF3
,,,1.0,0.0,,,,RLM6,SP1161,REF3
,,,1.0,0.0,,,ETH.1_1,RLM6,SP1161,REF3
,,,1.0,0.0,,,GHA.1_1,RLM6,SP1161,REF3
,,,1.0,0.0,,,GIN.1_1,RLM6,SP1161,REF3
,,,1.0,0.0,,,KEN.1_1,RLM6,SP1161,REF3
,,,1.0,0.0,,,MDG.1_1,RLM11,SP1161,REF3
,,,1.0,0.0,,,MWI.1_1,RLM6,SP1161,REF3
,,,1.0,0.0,,,MLI.1_1,RLM6,SP1161,REF3
,,,1.0,0.0,,,MUS.1_1,RLM3,SP1161,REF3
,,,1.0,0.0,,,MOZ.1_1,RLM6,SP1161,REF3
,,,1.0,0.0,,,NER.1_1,RLM6,SP1161,REF3
,,,1.0,0.0,,,NGA.1_1,RLM6,SP1161,REF3
,,,1.0,0.0,,,,RLM6,SP1161,REF3
,,,1.0,0.0,,,SLE.1_1,RLM6,SP1161,REF3
,,,1.0,0.0,,,SOM.1_1,RLM6,SP1161,REF3
,,,1.0,0.0,,,ZAF.1_1,RLM6,SP1161,REF3
,,,1.0,0.0,,,SDN.1_1,RLM6,SP1161,REF3
,,,1.0,0.0,,,TZA.1_1,RLM6,SP1161,REF3
,,,1.0,0.0,,,TGO.1_1,RLM6,SP1161,REF3
,,,1.0,0.0,,,UGA.1_1,RLM6,SP1161,REF3
,,,1.0,0.0,,,ZMB.1_1,RLM6,SP1161,REF3
,,,1.0,0.0,,,ZWE.1_1,RLM6,SP1161,REF3
,,,1.0,0.0,,,ISR.1_1,RLM10,SP1161,REF3
,,,1.0,0.0,,,CAF.1_1,RLM6,SP1162,REF3
,,,1.0,0.0,,,COD.1_1,RLM6,SP1162,REF3
,,,1.0,0.0,,,ETH.1_1,RLM6,SP1162,REF3
,,,1.0,0.0,,,KEN.1_1,RLM6,SP1162,REF3
,,,1.0,0.0,,,MDG.1_1,RLM11,SP1162,REF3
,,,1.0,0.0,,,MUS.1_1,RLM3,SP1162,REF3
,,,1.0,0.0,,,NER.1_1,RLM6,SP1162,REF3
,,,1.0,0.0,,,NGA.1_1,RLM6,SP1162,REF3
,,,1.0,0.0,,,SDN.1_1,RLM6,SP1162,REF3
,,,1.0,0.0,,,TZA.1_1,RLM6,SP1162,REF3
,,,1.0,0.0,,,UGA.1_1,RLM6,SP1162,REF3
,,,1.0,0.0,,,CHN.1_1,RLM7,SP1162,REF3
,,,1.0,0.0,,,CHN.2_1,RLM7,SP1162,REF3
,,,1.0,0.0,,,CHN.3_1,RLM7,SP1162,REF3
,,,1.0,0.0,,,IND.1_1,RLM4,SP1162,REF3
,,,1.0,0.0,,,ISR.1_1,RLM10,SP1162,REF3
,,,1.0,0.0,,,PAK.1_1,RLM4,SP1162,REF3
,,,1.0,0.0,,,DZA.1_1,RLM10,SP148,REF3
,,,1.0,0.0,,,AGO.1_1,RLM6,SP148,REF3
,,,1.0,0.0,,,BEN.1_1,RLM6,SP148,REF3
,,,1.0,0.0,,,BFA.1_1,RLM6,SP148,REF3
,,,1.0,0.0,,,BDI.1_1,RLM6,SP148,REF3
,,,1.0,0.0,,,CMR.1_1,RLM6,SP148,REF3
,,,1.0,0.0,,,CAF.1_1,RLM6,SP148,REF3
,,,1.0,0.0,,,TCD.1_1,RLM6,SP148,REF3
,,,1.0,0.0,,,COG.1_1,RLM6,SP148,REF3
,,,1.0,0.0,,,COD.1_1,RLM6,SP148,REF3
,,,1.0,0.0,,,,RLM6,SP148,REF3
,,,1.0,0.0,,,EGY.1_1,RLM10,SP148,REF3
,,,1.0,0.0,,,ETH.1_1,RLM6,SP148,REF3
,,,1.0,0.0,,,GAB.1_1,RLM6,SP148,REF3
,,,1.0,0.0,,,GHA.1_1,RLM6,SP148,REF3
,,,1.0,0.0,,,GIN.1_1,RLM6,SP148,REF3
,,,1.0,0.0,,,KEN.1_1,RLM6,SP148,REF3
,,,1.0,0.0,,,LSO.1_1,RLM6,SP148,REF3
,,,1.0,0.0,,,LBY.1_1,RLM10,SP148,REF3
,,,1.0,0.0,,,MDG.1_1,RLM11,SP148,REF3
,,,1.0,0.0,,,MWI.1_1,RLM6,SP148,REF3
,,,1.0,0.0,,,MLI.1_1,RLM6,SP148,REF3
,,,1.0,0.0,,,MRT.1_1,RLM6,SP148,REF3
,,,1.0,0.0,,,MUS.1_1,RLM3,SP148,REF3
,,,1.0,0.0,,,MAR.1_1,RLM10,SP148,REF3
,,,1.0,0.0,,,MOZ.1_1,RLM6,SP148,REF3
,,,1.0,0.0,,,NER.1_1,RLM6,SP148,REF3
,,,1.0,0.0,,,NGA.1_1,RLM6,SP148,REF3
,,,1.0,0.0,,,FRA.3_1,RLM11,SP148,REF3
,,,1.0,0.0,,,RWA.1_1,RLM6,SP148,REF3
,,,1.0,0.0,,,,RLM6,SP148,REF3
,,,1.0,0.0,,,SEN.1_1,RLM6,SP148,REF3
,,,1.0,0.0,,,SLE.1_1,RLM6,SP148,REF3
,,,1.0,0.0,,,SOM.1_1,RLM6,SP148,REF3
,,,1.0,0.0,,,ZAF.1_1,RLM6,SP148,REF3
,,,1.0,0.0,,,SDN.1_1,RLM6,SP148,REF3
,,,1.0,0.0,,,TZA.1_1,RLM6,SP148,REF3
,,,1.0,0.0,,,TGO.1_1,RLM6,SP148,REF3
,,,1.0,0.0,,,TUN.1_1,RLM10,SP148,REF3
,,,1.0,0.0,,,UGA.1_1,RLM6,SP148,REF3
,,,1.0,0.0,,,ZMB.1_1,RLM6,SP148,REF3
,,,1.0,0.0,,,ZWE.1_1,RLM6,SP148,REF3
,,,1.0,0.0,,,AFG.1_1,RLM10,SP148,REF3
,,,1.0,0.0,,,KHM.1_1,RLM4,SP148,REF3
,,,1.0,0.0,,,CHN.1_1,RLM7,SP148,REF3
,,,1.0,0.0,,,CHN.2_1,RLM7,SP148,REF3
,,,1.0,0.0,,,CHN.3_1,RLM7,SP148,REF3
,,,1.0,0.0,,,IRN.1_1,RLM10,SP148,REF3
,,,1.0,0.0,,,IRQ.1_1,RLM10,SP148,REF3
,,,1.0,0.0,,,ISR.1_1,RLM10,SP148,REF3
,,,1.0,0.0,,,JOR.1_1,RLM10,SP148,REF3
,,,1.0,0.0,,,LAO.1_1,RLM4,SP148,REF3
,,,1.0,0.0,,,LBN.1_1,RLM10,SP148,REF3
,,,1.0,0.0,,,MMR.1_1,RLM4,SP148,REF3
,,,1.0,0.0,,,PAK.1_1,RLM4,SP148,REF3
,,,1.0,0.0,,,PHL.1_1,RLM4,SP148,REF3
,,,1.0,0.0,,,SAU.1_1,RLM10,SP148,REF3
,,,1.0,0.0,,,LKA.1_1,RLM4,SP148,REF3
,,,1.0,0.0,,,SYR.1_1,RLM10,SP148,REF3
,,,1.0,0.0,,,TWN.1_1,RLM4,SP148,REF3
,,,1.0,0.0,,,THA.1_1,RLM4,SP148,REF3
,,,1.0,0.0,,,TKM.1_1,RLM7,SP148,REF3
,,,1.0,0.0,,,VNM.1_1,RLM4,SP148,REF3
,,,1.0,0.0,,,YEM.1_1,RLM10,SP148,REF3
,,,1.0,0.0,,,ARM.1_1,RLM7,SP148,REF3
,,,0.0,0.0,,,BGR.1_1,RLM7,SP148,REF3
,,,1.0,0.0,,,CYP.1_1,RLM10,SP148,REF3
,,,1.0,0.0,,,GRC.1_1,RLM7,SP148,REF3
,,,1.0,0.0,,,GRC.2_1,RLM7,SP148,REF3
,,,1.0,0.0,,,ITA.1_1,RLM7,SP148,REF3
,,,0.0,0.0,,,ROU.1_1,RLM7,SP148,REF3
,,,1.0,0.0,,,,RLM7,SP148,REF3
,,,1.0,0.0,,,ESP.1_1,RLM7,SP148,REF3
,,,1.0,0.0,,,ESP.1_2,RLM7,SP148,REF3
,,,1.0,0.0,,,ESP.2_1,RLM7,SP148,REF3
,,,1.0,0.0,,,ESP.3_1,RLM7,SP148,REF3
,,,1.0,0.0,,,TUR.1_1,RLM7,SP148,REF3
,,,1.0,0.0,,,SYC.1_1,RLM3,SP142,REF3
,,,1.0,0.0,,,AFG.1_1,RLM10,SP142,REF3
,,,1.0,0.0,,,BGD.1_1,RLM4,SP142,REF3
,,,1.0,0.0,,,KHM.1_1,RLM4,SP142,REF3
,,,1.0,0.0,,,CHN.1_1,RLM7,SP142,REF3
,,,1.0,0.0,,,CHN.2_1,RLM7,SP142,REF3
,,,1.0,0.0,,,CHN.3_1,RLM7,SP142,REF3
,,,1.0,0.0,,,ISR.1_1,RLM10,SP142,REF3
,,,1.0,0.0,,,PRK.1_1,RLM7,SP142,REF3
,,,1.0,0.0,,,LAO.1_1,RLM4,SP142,REF3
,,,1.0,0.0,,,MMR.1_1,RLM4,SP142,REF3
,,,1.0,0.0,,,PAK.1_1,RLM4,SP142,REF3
,,,1.0,0.0,,,PHL.1_1,RLM4,SP142,REF3
,,,1.0,0.0,,,SGP.1_1,RLM4,SP142,REF3
,,,1.0,0.0,,,LKA.1_1,RLM4,SP142,REF3
,,,1.0,0.0,,,TWN.1_1,RLM4,SP142,REF3
,,,1.0,0.0,,,THA.1_1,RLM4,SP142,REF3
,,,1.0,0.0,,,VNM.1_1,RLM4,SP142,REF3
,,,1.0,0.0,,,GUM.1_1,RLM3,SP142,REF3
,,,1.0,0.0,,,FSM.1_1,RLM3,SP142,REF3
,,,1.0,0.0,,,USA.4_1,RLM3,SP142,REF3
,,,1.0,0.0,,,USA.6_1,RLM3,SP142,REF3
,,,1.0,0.0,,,PLW.1_1,RLM3,SP142,REF3
,,,1.0,0.0,,,PNG.1_1,RLM3,SP142,REF3
,,,1.0,0.0,,,SLB.1_1,RLM3,SP142,REF3
,,,1.0,0.0,,,TON.1_1,RLM3,SP142,REF3
,,,1.0,0.0,,,AGO.1_1,RLM6,SP1163,REF3
,,,1.0,0.0,,,BEN.1_1,RLM6,SP1163,REF3
,,,1.0,0.0,,,BDI.1_1,RLM6,SP1163,REF3
,,,1.0,0.0,,,CMR.1_1,RLM6,SP1163,REF3
,,,1.0,0.0,,,TCD.1_1,RLM6,SP1163,REF3
,,,1.0,0.0,,,COG.1_1,RLM6,SP1163,REF3
,,,1.0,0.0,,,COD.1_1,RLM6,SP1163,REF3
,,,1.0,0.0,,,,RLM6,SP1163,REF3
,,,1.0,0.0,,,GNQ.1_1,RLM6,SP1163,REF3
,,,1.0,0.0,,,SWZ.1_1,RLM6,SP1163,REF3
,,,1.0,0.0,,,GAB.1_1,RLM6,SP1163,REF3
,,,1.0,0.0,,,GMB.1_1,RLM6,SP1163,REF3
,,,1.0,0.0,,,GHA.1_1,RLM6,SP1163,REF3
,,,1.0,0.0,,,GIN.1_1,RLM6,SP1163,REF3
,,,1.0,0.0,,,GNB.1_1,RLM6,SP1163,REF3
,,,1.0,0.0,,,LBR.1_1,RLM6,SP1163,REF3
,,,1.0,0.0,,,MLI.1_1,RLM6,SP1163,REF3
,,,1.0,0.0,,,MOZ.1_1,RLM6,SP1163,REF3
,,,1.0,0.0,,,NER.1_1,RLM6,SP1163,REF3
,,,1.0,0.0,,,NGA.1_1,RLM6,SP1163,REF3
,,,1.0,0.0,,,RWA.1_1,RLM6,SP1163,REF3
,,,1.0,0.0,,,SEN.1_1,RLM6,SP1163,REF3
,,,1.0,0.0,,,SYC.1_1,RLM3,SP1163,REF3
,,,1.0,0.0,,,SLE.1_1,RLM6,SP1163,REF3
,,,1.0,0.0,,,ZAF.1_1,RLM6,SP1163,REF3
,,,1.0,0.0,,,SDN.1_1,RLM6,SP1163,REF3
,,,1.0,0.0,,,TZA.1_1,RLM6,SP1163,REF3
,,,1.0,0.0,,,TGO.1_1,RLM6,SP1163,REF3
,,,1.0,0.0,,,UGA.1_1,RLM6,SP1163,REF3
,,,1.0,0.0,,,SAU.1_1,RLM10,SP1163,REF3
,,,1.0,0.0,,,ATG.1_1,RLM9,SP137,REF3
,,,1.0,0.0,,,ARG.1_1,RLM1,SP137,REF3
,,,1.0,0.0,,,ARG.2_1,RLM1,SP137,REF3
,,,1.0,0.0,,,BHS.1_1,RLM9,SP137,REF3
,,,1.0,0.0,,,BRB.1_1,RLM9,SP137,REF3
,,,1.0,0.0,,,BLZ.1_1,RLM9,SP137,REF3
,,,1.0,0.0,,,BOL.1_1,RLM1,SP137,REF3
,,,1.0,0.0,,,GBR.6_1,RLM9,SP137,REF3
,,,1.0,0.0,,,COL.1_1,RLM1,SP137,REF3
,,,1.0,0.0,,,CRI.1_1,RLM9,SP137,REF3
,,,1.0,0.0,,,CUB.1_1,RLM9,SP137,REF3
,,,1.0,0.0,,,DMA.1_1,RLM9,SP137,REF3
,,,1.0,0.0,,,DOM.1_1,RLM9,SP137,REF3
,,,1.0,0.0,,,ECU.1_1,RLM1,SP137,REF3
,,,1.0,0.0,,,ECU.2_1,RLM1,SP137,REF3
,,,1.0,0.0,,,SLV.1_1,RLM9,SP137,REF3
,,,1.0,0.0,,,FRA.8_1,RLM1,SP137,REF3
,,,1.0,0.0,,,GRD.1_1,RLM1,SP137,REF3
,,,1.0,0.0,,,FRA.5_1,RLM9,SP137,REF3
,,,1.0,0.0,,,GTM.1_1,RLM9,SP137,REF3
,,,1.0,0.0,,,GUY.1_1,RLM1,SP137,REF3
,,,1.0,0.0,,,HTI.1_1,RLM9,SP137,REF3
,,,1.0,0.0,,,HND.1_1,RLM9,SP137,REF3
,,,1.0,0.0,,,HND.2_1,RLM9,SP137,REF3
,,,1.0,0.0,,,JAM.1_1,RLM9,SP137,REF3
,,,1.0,0.0,,,MEX.1_1,RLM2,SP137,REF3
,,,1.0,0.0,,,NIC.1_1,RLM9,SP137,REF3
,,,1.0,0.0,,,PAN.1_1,RLM9,SP137,REF3
,,,1.0,0.0,,,PRY.1_1,RLM1,SP137,REF3
,,,1.0,0.0,,,PER.1_1,RLM1,SP137,REF3
,,,1.0,0.0,,,USA.3_1,RLM9,SP137,REF3
,,,1.0,0.0,,,LCA.1_1,RLM1,SP137,REF3
,,,1.0,0.0,,,KNA.1_1,RLM9,SP137,REF3
,,,1.0,0.0,,,VCT.1_1,RLM1,SP137,REF3
,,,1.0,0.0,,,SUR.1_1,RLM1,SP137,REF3
,,,1.0,0.0,,,TTO.1_1,RLM1,SP137,REF3
,,,1.0,0.0,,,URY.1_1,RLM1,SP137,REF3
,,,1.0,0.0,,,VEN.1_1,RLM1,SP137,REF3
,,,1.0,0.0,,,VEN.2_1,RLM1,SP137,REF3
,,,1.0,0.0,,,MUS.1_1,RLM3,SP26,REF3
,,,1.0,0.0,,,USA.1_1,RLM2,SP26,REF3
,,,1.0,0.0,,,USA.1_2,RLM2,SP26,REF3
,,,1.0,0.0,,,USA.2_1,RLM2,SP26,REF3
,,,0.0,0.0,,,KHM.1_1,RLM4,SP26,REF3
,,,1.0,0.0,,,LAO.1_1,RLM4,SP26,REF3
,,,1.0,0.0,,,MMR.1_1,RLM4,SP26,REF3
,,,1.0,0.0,,,PHL.1_1,RLM4,SP26,REF3
,,,1.0,0.0,,,SGP.1_1,RLM4,SP26,REF3
,,,1.0,0.0,,,THA.1_1,RLM4,SP26,REF3
,,,1.0,0.0,,,VNM.1_1,RLM4,SP26,REF3
,,,1.0,0.0,,,GUM.1_1,RLM3,SP26,REF3
,,,1.0,0.0,,,PNG.1_1,RLM3,SP26,REF3
,,,1.0,0.0,,,FRA.8_1,RLM1,SP1164,REF3
,,,1.0,0.0,,,GUY.1_1,RLM1,SP1164,REF3
,,,1.0,0.0,,,PAN.1_1,RLM9,SP1164,REF3
,,,1.0,0.0,,,SUR.1_1,RLM1,SP1164,REF3
,,,1.0,0.0,,,BRA.1_1,RLM1,SP77,REF3
,,,1.0,0.0,,,CHN.1_1,RLM7,SP77,REF3
,,,1.0,0.0,,,CHN.2_1,RLM7,SP77,REF3
,,,1.0,0.0,,,CHN.3_1,RLM7,SP77,REF3
,,,0.0,0.0,,,IND.1_1,RLM4,SP77,REF3
,,,1.0,0.0,,,KAZ.1_1,RLM7,SP77,REF3
,,,1.0,0.0,,,KOR.1_1,RLM7,SP77,REF3
,,,1.0,0.0,,,KOR.2_1,RLM7,SP77,REF3
,,,1.0,0.0,,,KGZ.1_1,RLM7,SP77,REF3
,,,1.0,0.0,,,PAK.1_1,RLM4,SP77,REF3
,,,1.0,0.0,,,TWN.1_1,RLM4,SP77,REF3
,,,1.0,0.0,,,UZB.1_1,RLM7,SP77,REF3
,,,1.0,0.0,,,ARM.1_1,RLM7,SP77,REF3
,,,1.0,0.0,,,AUT.1_1,RLM7,SP77,REF3
,,,1.0,0.0,,,AZE.1_1,RLM7,SP77,REF3
,,,1.0,0.0,,,BEL.1_1,RLM7,SP77,REF3
,,,1.0,0.0,,,BGR.1_1,RLM7,SP77,REF3
,,,1.0,0.0,,,CZE.1_1,RLM7,SP77,REF3
,,,1.0,0.0,,,DNK.1_1,RLM7,SP77,REF3
,,,1.0,0.0,,,FIN.1_1,RLM7,SP77,REF3
,,,1.0,0.0,,,FRA.1_1,RLM7,SP77,REF3
,,,1.0,0.0,,,GEO.1_1,RLM7,SP77,REF3
,,,1.0,0.0,,,DEU.1_1,RLM7,SP77,REF3
,,,1.0,0.0,,,GRC.1_1,RLM7,SP77,REF3
,,,1.0,0.0,,,GRC.2_1,RLM7,SP77,REF3
,,,1.0,0.0,,,HUN.1_1,RLM7,SP77,REF3
,,,1.0,0.0,,,ITA.1_1,RLM7,SP77,REF3
,,,1.0,0.0,,,LVA.1_1,RLM7,SP77,REF3
,,,1.0,0.0,,,LUX.1_1,RLM7,SP77,REF3
,,,1.0,0.0,,,MDA.1_1,RLM7,SP77,REF3
,,,1.0,0.0,,,NOR.1_1,RLM7,SP77,REF3
,,,1.0,0.0,,,POL.1_1,RLM7,SP77,REF3
,,,1.0,0.0,,,PRT.1_1,RLM7,SP77,REF3
,,,1.0,0.0,,,PRT.2_1,RLM7,SP77,REF3
,,,1.0,0.0,,,PRT.3_1,RLM7,SP77,REF3
,,,1.0,0.0,,,SRB.1_1,RLM7,SP77,REF3
,,,1.0,0.0,,,ESP.1_1,RLM7,SP77,REF3
,,,1.0,0.0,,,ESP.1_2,RLM7,SP77,REF3
,,,1.0,0.0,,,ESP.2_1,RLM7,SP77,REF3
,,,1.0,0.0,,,ESP.3_1,RLM7,SP77,REF3
,,,1.0,0.0,,,SWE.1_1,RLM7,SP77,REF3
,,,1.0,0.0,,,CHE.1_1,RLM7,SP77,REF3
,,,1.0,0.0,,,UKR.1_1,RLM7,SP77,REF3
,,,1.0,0.0,,,DZA.1_1,RLM10,SP218,REF3
,,,1.0,0.0,,,MRT.1_1,RLM6,SP218,REF3
,,,1.0,0.0,,,MAR.1_1,RLM10,SP218,REF3
,,,1.0,0.0,,,TUN.1_1,RLM10,SP218,REF3
,,,1.0,0.0,,,IRN.1_1,RLM10,SP218,REF3
,,,0.0,0.0,,,JPN.1_1,RLM5,SP218,REF3
,,,0.0,0.0,,,KOR.1_1,RLM7,SP218,REF3
,,,0.0,0.0,,,KOR.2_1,RLM7,SP218,REF3
,,,1.0,0.0,,,SYR.1_1,RLM10,SP218,REF3
,,,0.0,0.0,,,ALB.1_1,RLM7,SP218,REF3
,,,1.0,0.0,,,ARM.1_1,RLM7,SP218,REF3
,,,1.0,0.0,,,AUT.1_1,RLM7,SP218,REF3
,,,1.0,0.0,,,AZE.1_1,RLM7,SP218,REF3
,,,1.0,0.0,,,BEL.1_1,RLM7,SP218,REF3
,,,1.0,0.0,,,BGR.1_1,RLM7,SP218,REF3
,,,1.0,0.0,,,HRV.1_1,RLM7,SP218,REF3
,,,1.0,0.0,,,CZE.1_1,RLM7,SP218,REF3
,,,1.0,0.0,,,DNK.1_1,RLM7,SP218,REF3
,,,1.0,0.0,,,FRA.1_1,RLM7,SP218,REF3
,,,1.0,0.0,,,GEO.1_1,RLM7,SP218,REF3
,,,1.0,0.0,,,DEU.1_1,RLM7,SP218,REF3
,,,1.0,0.0,,,GRC.1_1,RLM7,SP218,REF3
,,,1.0,0.0,,,GRC.2_1,RLM7,SP218,REF3
,,,1.0,0.0,,,HUN.1_1,RLM7,SP218,REF3
,,,1.0,0.0,,,ITA.1_1,RLM7,SP218,REF3
,,,1.0,0.0,,,LVA.1_1,RLM7,SP218,REF3
,,,1.0,0.0,,,MDA.1_1,RLM7,SP218,REF3
,,,1.0,0.0,,,NLD.1_1,RLM7,SP218,REF3
,,,1.0,0.0,,,MKD.1_1,RLM7,SP218,REF3
,,,0.0,0.0,,,NOR.1_1,RLM7,SP218,REF3
,,,1.0,0.0,,,POL.1_1,RLM7,SP218,REF3
,,,1.0,0.0,,,PRT.1_1,RLM7,SP218,REF3
,,,1.0,0.0,,,PRT.2_1,RLM7,SP218,REF3
,,,1.0,0.0,,,PRT.3_1,RLM7,SP218,REF3
,,,1.0,0.0,,,ROU.1_1,RLM7,SP218,REF3
,,,1.0,0.0,,,,RLM7,SP218,REF3
,,,1.0,0.0,,,SRB.1_1,RLM7,SP218,REF3
,,,1.0,0.0,,,SVK.1_1,RLM7,SP218,REF3
,,,1.0,0.0,,,SVN.1_1,RLM7,SP218,REF3
,,,1.0,0.0,,,ESP.1_1,RLM7,SP218,REF3
,,,1.0,0.0,,,ESP.1_2,RLM7,SP218,REF3
,,,1.0,0.0,,,ESP.2_1,RLM7,SP218,REF3
,,,1.0,0.0,,,ESP.3_1,RLM7,SP218,REF3
,,,1.0,0.0,,,SWE.1_1,RLM7,SP218,REF3
,,,1.0,0.0,,,CHE.1_1,RLM7,SP218,REF3
,,,1.0,0.0,,,TUR.1_1,RLM7,SP218,REF3
,,,1.0,0.0,,,UKR.1_1,RLM7,SP218,REF3
,,,1.0,0.0,,,IND.1_1,RLM4,SP1165,REF3
,,,1.0,0.0,,,LKA.1_1,RLM4,SP1165,REF3
,,,1.0,0.0,,,COD.1_1,RLM6,SP226,REF3
,,,1.0,0.0,,,GNQ.1_1,RLM6,SP226,REF3
,,,1.0,0.0,,,LBR.1_1,RLM6,SP226,REF3
,,,1.0,0.0,,,MOZ.1_1,RLM6,SP226,REF3
,,,1.0,0.0,,,CHN.1_1,RLM7,SP226,REF3
,,,1.0,0.0,,,CHN.2_1,RLM7,SP226,REF3
,,,1.0,0.0,,,CHN.3_1,RLM7,SP226,REF3
,,,1.0,0.0,,,IND.1_1,RLM4,SP226,REF3
,,,1.0,0.0,,,IRN.1_1,RLM10,SP226,REF3
,,,1.0,0.0,,,JPN.1_1,RLM5,SP226,REF3
,,,1.0,0.0,,,PRK.1_1,RLM7,SP226,REF3
,,,1.0,0.0,,,KOR.1_1,RLM7,SP226,REF3
,,,1.0,0.0,,,KOR.2_1,RLM7,SP226,REF3
,,,1.0,0.0,,,MYS.1_1,RLM4,SP226,REF3
,,,1.0,0.0,,,MMR.1_1,RLM4,SP226,REF3
,,,1.0,0.0,,,PAK.1_1,RLM4,SP226,REF3
,,,1.0,0.0,,,LKA.1_1,RLM4,SP226,REF3
,,,1.0,0.0,,,TWN.1_1,RLM4,SP226,REF3
,,,1.0,0.0,,,UZB.1_1,RLM7,SP226,REF3
,,,1.0,0.0,,,AZE.1_1,RLM7,SP226,REF3
,,,1.0,0.0,,,ATG.1_1,RLM9,SP9,REF3
,,,1.0,0.0,,,ARG.1_1,RLM1,SP9,REF3
,,,1.0,0.0,,,ARG.2_1,RLM1,SP9,REF3
,,,1.0,0.0,,,BHS.1_1,RLM9,SP9,REF3
,,,1.0,0.0,,,BRB.1_1,RLM9,SP9,REF3
,,,1.0,0.0,,,GBR.6_1,RLM2,SP9,REF3
,,,1.0,0.0,,,BOL.1_1,RLM1,SP9,REF3
,,,1.0,0.0,,,CHL.1_1,RLM1,SP9,REF3
,,,1.0,0.0,,,COL.1_1,RLM1,SP9,REF3
,,,1.0,0.0,,,CRI.1_1,RLM9,SP9,REF3
,,,1.0,0.0,,,CUB.1_1,RLM9,SP9,REF3
,,,1.0,0.0,,,DMA.1_1,RLM9,SP9,REF3
,,,1.0,0.0,,,DOM.1_1,RLM9,SP9,REF3
,,,1.0,0.0,,,ECU.1_1,RLM1,SP9,REF3
,,,1.0,0.0,,,ECU.2_1,RLM1,SP9,REF3
,,,1.0,0.0,,,SLV.1_1,RLM9,SP9,REF3
,,,1.0,0.0,,,GBR.5_1,RLM1,SP9,REF3
,,,1.0,0.0,,,FRA.8_1,RLM1,SP9,REF3
,,,1.0,0.0,,,FRA.5_1,RLM9,SP9,REF3
,,,1.0,0.0,,,GTM.1_1,RLM9,SP9,REF3
,,,1.0,0.0,,,GUY.1_1,RLM1,SP9,REF3
,,,1.0,0.0,,,HTI.1_1,RLM9,SP9,REF3
,,,1.0,0.0,,,HND.1_1,RLM9,SP9,REF3
,,,1.0,0.0,,,HND.2_1,RLM9,SP9,REF3
,,,1.0,0.0,,,JAM.1_1,RLM9,SP9,REF3
,,,1.0,0.0,,,MEX.1_1,RLM2,SP9,REF3
,,,1.0,0.0,,,GBR.6_1,RLM9,SP9,REF3
,,,1.0,0.0,,,NIC.1_1,RLM9,SP9,REF3
,,,1.0,0.0,,,PAN.1_1,RLM9,SP9,REF3
,,,1.0,0.0,,,PRY.1_1,RLM1,SP9,REF3
,,,1.0,0.0,,,PER.1_1,RLM1,SP9,REF3
,,,1.0,0.0,,,USA.3_1,RLM9,SP9,REF3
,,,1.0,0.0,,,LCA.1_1,RLM1,SP9,REF3
,,,1.0,0.0,,,KNA.1_1,RLM9,SP9,REF3
,,,1.0,0.0,,,VCT.1_1,RLM1,SP9,REF3
,,,1.0,0.0,,,SUR.1_1,RLM1,SP9,REF3
,,,1.0,0.0,,,TTO.1_1,RLM1,SP9,REF3
,,,1.0,0.0,,,URY.1_1,RLM1,SP9,REF3
,,,1.0,0.0,,,VEN.1_1,RLM1,SP9,REF3
,,,1.0,0.0,,,VEN.2_1,RLM1,SP9,REF3
,,,0.0,0.0,,,NLD.1_1,RLM7,SP9,REF3
,,,0.0,0.0,,,,RLM7,SP9,REF3
,,,0.0,0.0,,,SVN.1_1,RLM7,SP9,REF3
,,,0.0,0.0,,,CHE.1_1,RLM7,SP9,REF3
,,,1.0,0.0,,,BGD.1_1,RLM4,SP160,REF3
,,,0.0,0.0,,,KHM.1_1,RLM4,SP160,REF3
,,,0.0,0.0,,,LAO.1_1,RLM4,SP160,REF3
,,,1.0,0.0,,,PHL.1_1,RLM4,SP160,REF3
,,,1.0,0.0,,,LKA.1_1,RLM4,SP160,REF3
,,,1.0,0.0,,,TWN.1_1,RLM4,SP160,REF3
,,,1.0,0.0,,,VNM.1_1,RLM4,SP160,REF3
,,,1.0,0.0,,,PNG.1_1,RLM3,SP160,REF3
,,,1.0,0.0,,,SLB.1_1,RLM3,SP160,REF3
,,,1.0,0.0,,,,RLM6,SP1166,REF3
,,,1.0,0.0,,,GHA.1_1,RLM6,SP1166,REF3
,,,1.0,0.0,,,KEN.1_1,RLM6,SP1166,REF3
,,,1.0,0.0,,,MAR.1_1,RLM10,SP1166,REF3
,,,1.0,0.0,,,NGA.1_1,RLM6,SP1166,REF3
,,,1.0,0.0,,,SEN.1_1,RLM6,SP1166,REF3
,,,1.0,0.0,,,ZAF.1_1,RLM6,SP1166,REF3
,,,1.0,0.0,,,TZA.1_1,RLM6,SP1166,REF3
,,,1.0,0.0,,,PRT.1_1,RLM7,SP1166,REF3
,,,1.0,0.0,,,PRT.2_1,RLM7,SP1166,REF3
,,,1.0,0.0,,,PRT.3_1,RLM7,SP1166,REF3
,,,1.0,0.0,,,ESP.1_1,RLM7,SP1166,REF3
,,,1.0,0.0,,,ESP.1_2,RLM7,SP1166,REF3
,,,1.0,0.0,,,ESP.2_1,RLM7,SP1166,REF3
,,,1.0,0.0,,,ESP.3_1,RLM7,SP1166,REF3
,,,1.0,0.0,,,LBY.1_1,RLM10,SP207,REF3
,,,1.0,0.0,,,IRN.1_1,RLM10,SP207,REF3
,,,1.0,0.0,,,JPN.1_1,RLM5,SP207,REF3
,,,1.0,0.0,,,KAZ.1_1,RLM7,SP207,REF3
,,,1.0,0.0,,,PRK.1_1,RLM7,SP207,REF3
,,,1.0,0.0,,,KOR.1_1,RLM7,SP207,REF3
,,,1.0,0.0,,,KOR.2_1,RLM7,SP207,REF3
,,,1.0,0.0,,,KGZ.1_1,RLM7,SP207,REF3
,,,1.0,0.0,,,LBN.1_1,RLM10,SP207,REF3
,,,1.0,0.0,,,MNG.1_1,RLM7,SP207,REF3
,,,1.0,0.0,,,PAK.1_1,RLM4,SP207,REF3
,,,1.0,0.0,,,SYR.1_1,RLM10,SP207,REF3
,,,1.0,0.0,,,TWN.1_1,RLM4,SP207,REF3
,,,1.0,0.0,,,UZB.1_1,RLM7,SP207,REF3
,,,1.0,0.0,,,ARM.1_1,RLM7,SP207,REF3
,,,1.0,0.0,,,AUT.1_1,RLM7,SP207,REF3
,,,1.0,0.0,,,AZE.1_1,RLM7,SP207,REF3
,,,1.0,0.0,,,BLR.1_1,RLM7,SP207,REF3
,,,1.0,0.0,,,BEL.1_1,RLM7,SP207,REF3
,,,1.0,0.0,,,BGR.1_1,RLM7,SP207,REF3
,,,1.0,0.0,,,CZE.1_1,RLM7,SP207,REF3
,,,1.0,0.0,,,DNK.1_1,RLM7,SP207,REF3
,,,1.0,0.0,,,FIN.1_1,RLM7,SP207,REF3
,,,1.0,0.0,,,FRA.1_1,RLM7,SP207,REF3
,,,1.0,0.0,,,GEO.1_1,RLM7,SP207,REF3
,,,1.0,0.0,,,DEU.1_1,RLM7,SP207,REF3
,,,1.0,0.0,,,HUN.1_1,RLM7,SP207,REF3
,,,1.0,0.0,,,IRL.1_1,RLM7,SP207,REF3
,,,1.0,0.0,,,ITA.1_1,RLM7,SP207,REF3
,,,1.0,0.0,,,LVA.1_1,RLM7,SP207,REF3
,,,1.0,0.0,,,LTU.1_1,RLM7,SP207,REF3
,,,1.0,0.0,,,MLT.1_1,RLM10,SP207,REF3
,,,1.0,0.0,,,MDA.1_1,RLM7,SP207,REF3
,,,1.0,0.0,,,NLD.1_1,RLM7,SP207,REF3
,,,1.0,0.0,,,NOR.1_1,RLM7,SP207,REF3
,,,1.0,0.0,,,POL.1_1,RLM7,SP207,REF3
,,,1.0,0.0,,,PRT.1_1,RLM7,SP207,REF3
,,,1.0,0.0,,,PRT.2_1,RLM7,SP207,REF3
,,,1.0,0.0,,,PRT.3_1,RLM7,SP207,REF3
,,,1.0,0.0,,,ROU.1_1,RLM7,SP207,REF3
,,,1.0,0.0,,,SRB.1_1,RLM7,SP207,REF3
,,,1.0,0.0,,,SVN.1_1,RLM7,SP207,REF3
,,,1.0,0.0,,,ESP.1_1,RLM7,SP207,REF3
,,,1.0,0.0,,,ESP.1_2,RLM7,SP207,REF3
,,,1.0,0.0,,,ESP.2_1,RLM7,SP207,REF3
,,,1.0,0.0,,,ESP.3_1,RLM7,SP207,REF3
,,,1.0,0.0,,,SWE.1_1,RLM7,SP207,REF3
,,,1.0,0.0,,,CHE.1_1,RLM7,SP207,REF3
,,,1.0,0.0,,,TUR.1_1,RLM7,SP207,REF3
,,,1.0,0.0,,,UKR.1_1,RLM7,SP207,REF3
,,,1.0,0.0,,,GBR.1_1,RLM7,SP207,REF3
,,,0.0,0.0,,,BHS.1_1,RLM9,SP105,REF3
,,,1.0,0.0,,,GBR.6_1,RLM2,SP105,REF3
,,,1.0,0.0,,,BOL.1_1,RLM1,SP105,REF3
,,,1.0,0.0,,,COL.1_1,RLM1,SP105,REF3
,,,1.0,0.0,,,CRI.1_1,RLM9,SP105,REF3
,,,1.0,0.0,,,CUB.1_1,RLM9,SP105,REF3
,,,1.0,0.0,,,DOM.1_1,RLM9,SP105,REF3
,,,1.0,0.0,,,ECU.1_1,RLM1,SP105,REF3
,,,1.0,0.0,,,ECU.2_1,RLM1,SP105,REF3
,,,1.0,0.0,,,SLV.1_1,RLM9,SP105,REF3
,,,1.0,0.0,,,GTM.1_1,RLM9,SP105,REF3
,,,1.0,0.0,,,GUY.1_1,RLM1,SP105,REF3
,,,1.0,0.0,,,HTI.1_1,RLM9,SP105,REF3
,,,1.0,0.0,,,HND.1_1,RLM9,SP105,REF3
,,,1.0,0.0,,,HND.2_1,RLM9,SP105,REF3
,,,1.0,0.0,,,JAM.1_1,RLM9,SP105,REF3
,,,1.0,0.0,,,MEX.1_1,RLM2,SP105,REF3
,,,1.0,0.0,,,NIC.1_1,RLM9,SP105,REF3
,,,1.0,0.0,,,PAN.1_1,RLM9,SP105,REF3
,,,1.0,0.0,,,PER.1_1,RLM1,SP105,REF3
,,,1.0,0.0,,,TTO.1_1,RLM1,SP105,REF3
,,,1.0,0.0,,,VEN.1_1,RLM1,SP105,REF3
,,,1.0,0.0,,,VEN.2_1,RLM1,SP105,REF3
,,,0.0,0.0,,,ITA.1_1,RLM7,SP105,REF3
,,,0.0,0.0,,,NLD.1_1,RLM7,SP105,REF3
,,,1.0,0.0,,,DZA.1_1,RLM10,SP143,REF3
,,,1.0,0.0,,,AGO.1_1,RLM6,SP143,REF3
,,,1.0,0.0,,,BFA.1_1,RLM6,SP143,REF3
,,,1.0,0.0,,,CMR.1_1,RLM6,SP143,REF3
,,,1.0,0.0,,,COD.1_1,RLM6,SP143,REF3
,,,1.0,0.0,,,EGY.1_1,RLM10,SP143,REF3
,,,1.0,0.0,,,ETH.1_1,RLM6,SP143,REF3
,,,1.0,0.0,,,GAB.1_1,RLM6,SP143,REF3
,,,1.0,0.0,,,GHA.1_1,RLM6,SP143,REF3
,,,1.0,0.0,,,GIN.1_1,RLM6,SP143,REF3
,,,1.0,0.0,,,KEN.1_1,RLM6,SP143,REF3
,,,1.0,0.0,,,LSO.1_1,RLM6,SP143,REF3
,,,1.0,0.0,,,LBR.1_1,RLM6,SP143,REF3
,,,1.0,0.0,,,LBY.1_1,RLM10,SP143,REF3
,,,1.0,0.0,,,MDG.1_1,RLM11,SP143,REF3
,,,1.0,0.0,,,MWI.1_1,RLM6,SP143,REF3
,,,1.0,0.0,,,MLI.1_1,RLM6,SP143,REF3
,,,1.0,0.0,,,MUS.1_1,RLM3,SP143,REF3
,,,1.0,0.0,,,MAR.1_1,RLM10,SP143,REF3
,,,1.0,0.0,,,MOZ.1_1,RLM6,SP143,REF3
,,,1.0,0.0,,,NGA.1_1,RLM6,SP143,REF3
,,,1.0,0.0,,,FRA.3_1,RLM11,SP143,REF3
,,,1.0,0.0,,,GBR.3_1,RLM6,SP143,REF3
,,,1.0,0.0,,,,RLM6,SP143,REF3
,,,1.0,0.0,,,SEN.1_1,RLM6,SP143,REF3
,,,1.0,0.0,,,SYC.1_1,RLM3,SP143,REF3
,,,1.0,0.0,,,ZAF.1_1,RLM6,SP143,REF3
,,,1.0,0.0,,,SDN.1_1,RLM6,SP143,REF3
,,,1.0,0.0,,,TZA.1_1,RLM6,SP143,REF3
,,,1.0,0.0,,,TGO.1_1,RLM6,SP143,REF3
,,,1.0,0.0,,,TUN.1_1,RLM10,SP143,REF3
,,,1.0,0.0,,,UGA.1_1,RLM6,SP143,REF3
,,,1.0,0.0,,,ZMB.1_1,RLM6,SP143,REF3
,,,1.0,0.0,,,ZWE.1_1,RLM6,SP143,REF3
,,,1.0,0.0,,,USA.1_1,RLM2,SP143,REF3
,,,1.0,0.0,,,USA.1_2,RLM2,SP143,REF3
,,,1.0,0.0,,,USA.2_1,RLM2,SP143,REF3
,,,1.0,0.0,,,AFG.1_1,RLM10,SP143,REF3
,,,1.0,0.0,,,BHR.1_1,RLM10,SP143,REF3
,,,1.0,0.0,,,BRN.1_1,RLM4,SP143,REF3
,,,1.0,0.0,,,IRN.1_1,RLM10,SP143,REF3
,,,1.0,0.0,,,IRQ.1_1,RLM10,SP143,REF3
,,,1.0,0.0,,,ISR.1_1,RLM10,SP143,REF3
,,,1.0,0.0,,,JOR.1_1,RLM10,SP143,REF3
,,,1.0,0.0,,,PRK.1_1,RLM7,SP143,REF3
,,,1.0,0.0,,,KOR.1_1,RLM7,SP143,REF3
,,,1.0,0.0,,,KOR.2_1,RLM7,SP143,REF3
,,,1.0,0.0,,,LAO.1_1,RLM4,SP143,REF3
,,,1.0,0.0,,,LBN.1_1,RLM10,SP143,REF3
,,,1.0,0.0,,,MDV.1_1,RLM4,SP143,REF3
,,,1.0,0.0,,,MMR.1_1,RLM4,SP143,REF3
,,,1.0,0.0,,,NPL.1_1,RLM5,SP143,REF3
,,,1.0,0.0,,,PAK.1_1,RLM4,SP143,REF3
,,,1.0,0.0,,,PHL.1_1,RLM4,SP143,REF3
,,,1.0,0.0,,,QAT.1_1,RLM10,SP143,REF3
,,,1.0,0.0,,,SAU.1_1,RLM10,SP143,REF3
,,,1.0,0.0,,,SGP.1_1,RLM4,SP143,REF3
,,,1.0,0.0,,,LKA.1_1,RLM4,SP143,REF3
,,,1.0,0.0,,,TWN.1_1,RLM4,SP143,REF3
,,,1.0,0.0,,,THA.1_1,RLM4,SP143,REF3
,,,1.0,0.0,,,UZB.1_1,RLM7,SP143,REF3
,,,1.0,0.0,,,VNM.1_1,RLM4,SP143,REF3
,,,1.0,0.0,,,YEM.1_1,RLM10,SP143,REF3
,,,1.0,0.0,,,BEL.1_1,RLM7,SP143,REF3
,,,1.0,0.0,,,CYP.1_1,RLM10,SP143,REF3
,,,1.0,0.0,,,DNK.1_1,RLM7,SP143,REF3
,,,1.0,0.0,,,FRA.1_1,RLM7,SP143,REF3
,,,1.0,0.0,,,DEU.1_1,RLM7,SP143,REF3
,,,1.0,0.0,,,GRC.1_1,RLM7,SP143,REF3
,,,1.0,0.0,,,GRC.2_1,RLM7,SP143,REF3
,,,1.0,0.0,,,ITA.1_1,RLM7,SP143,REF3
,,,1.0,0.0,,,PRT.1_1,RLM7,SP143,REF3
,,,1.0,0.0,,,PRT.2_1,RLM7,SP143,REF3
,,,1.0,0.0,,,PRT.3_1,RLM7,SP143,REF3
,,,1.0,0.0,,,SRB.1_1,RLM7,SP143,REF3
,,,1.0,0.0,,,ESP.1_1,RLM7,SP143,REF3
,,,1.0,0.0,,,ESP.1_2,RLM7,SP143,REF3
,,,1.0,0.0,,,ESP.2_1,RLM7,SP143,REF3
,,,1.0,0.0,,,ESP.3_1,RLM7,SP143,REF3
,,,1.0,0.0,,,CHE.1_1,RLM7,SP143,REF3
,,,1.0,0.0,,,TUR.1_1,RLM7,SP143,REF3
,,,1.0,0.0,,,GBR.1_1,RLM7,SP143,REF3
,,,1.0,0.0,,,FRA.6_1,RLM3,SP143,REF3
,,,1.0,0.0,,,GUM.1_1,RLM3,SP143,REF3
,,,1.0,0.0,,,KIR.1_1,RLM3,SP143,REF3
,,,1.0,0.0,,,MHL.1_1,RLM3,SP143,REF3
,,,1.0,0.0,,,FSM.1_1,RLM3,SP143,REF3
,,,1.0,0.0,,,FRA.7_1,RLM3,SP143,REF3
,,,1.0,0.0,,,NZL.1_1,RLM8,SP143,REF3
,,,1.0,0.0,,,NIU.1_1,RLM3,SP143,REF3
,,,1.0,0.0,,,AUS.3_1,RLM8,SP143,REF3
,,,1.0,0.0,,,USA.4_1,RLM3,SP143,REF3
,,,1.0,0.0,,,USA.6_1,RLM3,SP143,REF3
,,,1.0,0.0,,,PLW.1_1,RLM3,SP143,REF3
,,,1.0,0.0,,,PNG.1_1,RLM3,SP143,REF3
,,,1.0,0.0,,,VUT.1_1,RLM3,SP143,REF3
,,,1.0,0.0,,,DZA.1_1,RLM10,SP34,REF3
,,,1.0,0.0,,,MAR.1_1,RLM10,SP34,REF3
,,,1.0,0.0,,,TUN.1_1,RLM10,SP34,REF3
,,,1.0,0.0,,,AFG.1_1,RLM10,SP34,REF3
,,,1.0,0.0,,,IRN.1_1,RLM10,SP34,REF3
,,,1.0,0.0,,,IRQ.1_1,RLM10,SP34,REF3
,,,1.0,0.0,,,ISR.1_1,RLM10,SP34,REF3
,,,1.0,0.0,,,KAZ.1_1,RLM7,SP34,REF3
,,,1.0,0.0,,,PRK.1_1,RLM7,SP34,REF3
,,,1.0,0.0,,,KOR.1_1,RLM7,SP34,REF3
,,,1.0,0.0,,,KOR.2_1,RLM7,SP34,REF3
,,,1.0,0.0,,,KGZ.1_1,RLM7,SP34,REF3
,,,1.0,0.0,,,LBN.1_1,RLM10,SP34,REF3
,,,1.0,0.0,,,SYR.1_1,RLM10,SP34,REF3
,,,1.0,0.0,,,TWN.1_1,RLM4,SP34,REF3
,,,1.0,0.0,,,TJK.1_1,RLM7,SP34,REF3
,,,1.0,0.0,,,TKM.1_1,RLM7,SP34,REF3
,,,1.0,0.0,,,UZB.1_1,RLM7,SP34,REF3
,,,1.0,0.0,,,AUT.1_1,RLM7,SP34,REF3
,,,1.0,0.0,,,AZE.1_1,RLM7,SP34,REF3
,,,1.0,0.0,,,BLR.1_1,RLM7,SP34,REF3
,,,1.0,0.0,,,BEL.1_1,RLM7,SP34,REF3
,,,1.0,0.0,,,BGR.1_1,RLM7,SP34,REF3
,,,1.0,0.0,,,HRV.1_1,RLM7,SP34,REF3
,,,1.0,0.0,,,CYP.1_1,RLM10,SP34,REF3
,,,1.0,0.0,,,CZE.1_1,RLM7,SP34,REF3
,,,1.0,0.0,,,DNK.1_1,RLM7,SP34,REF3
,,,1.0,0.0,,,EST.1_1,RLM7,SP34,REF3
,,,0.0,0.0,,,FIN.1_1,RLM7,SP34,REF3
,,,1.0,0.0,,,FRA.1_1,RLM7,SP34,REF3
,,,1.0,0.0,,,DEU.1_1,RLM7,SP34,REF3
,,,1.0,0.0,,,GRC.1_1,RLM7,SP34,REF3
,,,1.0,0.0,,,GRC.2_1,RLM7,SP34,REF3
,,,1.0,0.0,,,HUN.1_1,RLM7,SP34,REF3
,,,1.0,0.0,,,ITA.1_1,RLM7,SP34,REF3
,,,1.0,0.0,,,LTU.1_1,RLM7,SP34,REF3
,,,1.0,0.0,,,MDA.1_1,RLM7,SP34,REF3
,,,1.0,0.0,,,NLD.1_1,RLM7,SP34,REF3
,,,1.0,0.0,,,MKD.1_1,RLM7,SP34,REF3
,,,1.0,0.0,,,POL.1_1,RLM7,SP34,REF3
,,,1.0,0.0,,,PRT.1_1,RLM7,SP34,REF3
,,,1.0,0.0,,,PRT.2_1,RLM7,SP34,REF3
,,,1.0,0.0,,,PRT.3_1,RLM7,SP34,REF3
,,,1.0,0.0,,,ROU.1_1,RLM7,SP34,REF3
,,,1.0,0.0,,,SRB.1_1,RLM7,SP34,REF3
,,,1.0,0.0,,,SVK.1_1,RLM7,SP34,REF3
,,,1.0,0.0,,,SVN.1_1,RLM7,SP34,REF3
,,,1.0,0.0,,,ESP.1_1,RLM7,SP34,REF3
,,,1.0,0.0,,,ESP.1_2,RLM7,SP34,REF3
,,,1.0,0.0,,,ESP.2_1,RLM7,SP34,REF3
,,,1.0,0.0,,,ESP.3_1,RLM7,SP34,REF3
,,,1.0,0.0,,,SWE.1_1,RLM7,SP34,REF3
,,,1.0,0.0,,,CHE.1_1,RLM7,SP34,REF3
,,,1.0,0.0,,,TUR.1_1,RLM7,SP34,REF3
,,,1.0,0.0,,,UKR.1_1,RLM7,SP34,REF3
,,,1.0,0.0,,,BGD.1_1,RLM4,SP37,REF3
,,,1.0,0.0,,,PRK.1_1,RLM7,SP37,REF3
,,,1.0,0.0,,,KOR.1_1,RLM7,SP37,REF3
,,,1.0,0.0,,,KOR.2_1,RLM7,SP37,REF3
,,,1.0,0.0,,,MMR.1_1,RLM4,SP37,REF3
,,,1.0,0.0,,,NPL.1_1,RLM5,SP37,REF3
,,,1.0,0.0,,,PAK.1_1,RLM4,SP37,REF3
,,,1.0,0.0,,,LKA.1_1,RLM4,SP37,REF3
,,,1.0,0.0,,,TWN.1_1,RLM4,SP37,REF3
,,,1.0,0.0,,,THA.1_1,RLM4,SP37,REF3
,,,1.0,0.0,,,VNM.1_1,RLM4,SP37,REF3
,,,0.0,0.0,,,NLD.1_1,RLM7,SP106,REF3
,,,1.0,0.0,,,AFG.1_1,RLM10,SP704,REF3
,,,1.0,0.0,,,IRN.1_1,RLM10,SP704,REF3
,,,1.0,0.0,,,KAZ.1_1,RLM7,SP704,REF3
,,,1.0,0.0,,,KGZ.1_1,RLM7,SP704,REF3
,,,1.0,0.0,,,SYR.1_1,RLM10,SP704,REF3
,,,1.0,0.0,,,TJK.1_1,RLM7,SP704,REF3
,,,1.0,0.0,,,TKM.1_1,RLM7,SP704,REF3
,,,1.0,0.0,,,UZB.1_1,RLM7,SP704,REF3
,,,1.0,0.0,,,ARM.1_1,RLM7,SP704,REF3
,,,0.0,0.0,,,AZE.1_1,RLM7,SP704,REF3
,,,1.0,0.0,,,GEO.1_1,RLM7,SP704,REF3
,,,1.0,0.0,,,,RLM7,SP704,REF3
,,,1.0,0.0,,,TUR.1_1,RLM7,SP704,REF3
,,,1.0,0.0,,,BRA.1_1,RLM1,SP1167,REF3
,,,1.0,0.0,,,CRI.1_1,RLM9,SP1167,REF3
,,,1.0,0.0,,,GUY.1_1,RLM1,SP1167,REF3
,,,0.0,0.0,,,TTO.1_1,RLM1,SP1167,REF3
,,,1.0,0.0,,,VEN.1_1,RLM1,SP1167,REF3
,,,1.0,0.0,,,VEN.2_1,RLM1,SP1167,REF3
,,,1.0,0.0,,,BRA.1_1,RLM1,SP1168,REF3
,,,1.0,0.0,,,GUY.1_1,RLM1,SP1168,REF3
,,,1.0,0.0,,,TTO.1_1,RLM1,SP1168,REF3
,,,1.0,0.0,,,ARG.1_1,RLM1,SP24,REF3
,,,1.0,0.0,,,ARG.2_1,RLM1,SP24,REF3
,,,1.0,0.0,,,BOL.1_1,RLM1,SP24,REF3
,,,1.0,0.0,,,COL.1_1,RLM1,SP24,REF3
,,,1.0,0.0,,,CRI.1_1,RLM9,SP24,REF3
,,,1.0,0.0,,,CUB.1_1,RLM9,SP24,REF3
,,,1.0,0.0,,,ECU.1_1,RLM1,SP24,REF3
,,,1.0,0.0,,,ECU.2_1,RLM1,SP24,REF3
,,,0.0,0.0,,,SLV.1_1,RLM9,SP24,REF3
,,,1.0,0.0,,,FRA.8_1,RLM1,SP24,REF3
,,,0.0,0.0,,,GRD.1_1,RLM1,SP24,REF3
,,,0.0,0.0,,,GTM.1_1,RLM9,SP24,REF3
,,,0.0,0.0,,,GUY.1_1,RLM1,SP24,REF3
,,,1.0,0.0,,,HND.1_1,RLM9,SP24,REF3
,,,1.0,0.0,,,HND.2_1,RLM9,SP24,REF3
,,,0.0,0.0,,,JAM.1_1,RLM9,SP24,REF3
,,,1.0,0.0,,,MEX.1_1,RLM2,SP24,REF3
,,,0.0,0.0,,,NIC.1_1,RLM9,SP24,REF3
,,,0.0,0.0,,,PAN.1_1,RLM9,SP24,REF3
,,,1.0,0.0,,,PRY.1_1,RLM1,SP24,REF3
,,,1.0,0.0,,,PER.1_1,RLM1,SP24,REF3
,,,0.0,0.0,,,USA.3_1,RLM9,SP24,REF3
,,,1.0,0.0,,,SUR.1_1,RLM1,SP24,REF3
,,,0.0,0.0,,,TTO.1_1,RLM1,SP24,REF3
,,,1.0,0.0,,,URY.1_1,RLM1,SP24,REF3
,,,1.0,0.0,,,VEN.1_1,RLM1,SP24,REF3
,,,1.0,0.0,,,VEN.2_1,RLM1,SP24,REF3
,,,0.0,1.0,,,NLD.1_1,RLM7,SP24,REF3
,,,0.0,1.0,,,CHE.1_1,RLM7,SP24,REF3
,,,1.0,0.0,,,MMR.1_1,RLM4,SP149,REF3
,,,1.0,0.0,,,PAK.1_1,RLM4,SP149,REF3
,,,1.0,0.0,,,LKA.1_1,RLM4,SP149,REF3
,,,1.0,0.0,,,THA.1_1,RLM4,SP149,REF3
,,,1.0,0.0,,,AGO.1_1,RLM6,SP150,REF3
,,,1.0,0.0,,,BEN.1_1,RLM6,SP150,REF3
,,,1.0,0.0,,,CMR.1_1,RLM6,SP150,REF3
,,,1.0,0.0,,,CAF.1_1,RLM6,SP150,REF3
,,,1.0,0.0,,,COG.1_1,RLM6,SP150,REF3
,,,1.0,0.0,,,COD.1_1,RLM6,SP150,REF3
,,,1.0,0.0,,,,RLM6,SP150,REF3
,,,1.0,0.0,,,ETH.1_1,RLM6,SP150,REF3
,,,1.0,0.0,,,GMB.1_1,RLM6,SP150,REF3
,,,1.0,0.0,,,GHA.1_1,RLM6,SP150,REF3
,,,1.0,0.0,,,GNB.1_1,RLM6,SP150,REF3
,,,1.0,0.0,,,KEN.1_1,RLM6,SP150,REF3
,,,1.0,0.0,,,LBR.1_1,RLM6,SP150,REF3
,,,1.0,0.0,,,MDG.1_1,RLM11,SP150,REF3
,,,1.0,0.0,,,MWI.1_1,RLM6,SP150,REF3
,,,1.0,0.0,,,MUS.1_1,RLM3,SP150,REF3
,,,1.0,0.0,,,MAR.1_1,RLM10,SP150,REF3
,,,1.0,0.0,,,MOZ.1_1,RLM6,SP150,REF3
,,,1.0,0.0,,,NGA.1_1,RLM6,SP150,REF3
,,,1.0,0.0,,,RWA.1_1,RLM6,SP150,REF3
,,,1.0,0.0,,,SEN.1_1,RLM6,SP150,REF3
,,,1.0,0.0,,,SLE.1_1,RLM6,SP150,REF3
,,,1.0,0.0,,,ZAF.1_1,RLM6,SP150,REF3
,,,1.0,0.0,,,TGO.1_1,RLM6,SP150,REF3
,,,1.0,0.0,,,UGA.1_1,RLM6,SP150,REF3
,,,1.0,0.0,,,ZMB.1_1,RLM6,SP150,REF3
,,,1.0,0.0,,,ZWE.1_1,RLM6,SP150,REF3
,,,1.0,0.0,,,ARG.1_1,RLM1,SP150,REF3
,,,1.0,0.0,,,ARG.2_1,RLM1,SP150,REF3
,,,1.0,0.0,,,USA.3_1,RLM9,SP150,REF3
,,,1.0,0.0,,,URY.1_1,RLM1,SP150,REF3
,,,1.0,0.0,,,VEN.1_1,RLM1,SP150,REF3
,,,1.0,0.0,,,VEN.2_1,RLM1,SP150,REF3
,,,1.0,0.0,,,BGD.1_1,RLM4,SP150,REF3
,,,1.0,0.0,,,BTN.1_1,RLM4,SP150,REF3
,,,1.0,0.0,,,BRN.1_1,RLM4,SP150,REF3
,,,1.0,0.0,,,KHM.1_1,RLM4,SP150,REF3
,,,1.0,0.0,,,CHN.1_1,RLM7,SP150,REF3
,,,1.0,0.0,,,CHN.2_1,RLM7,SP150,REF3
,,,1.0,0.0,,,CHN.3_1,RLM7,SP150,REF3
,,,1.0,0.0,,,MDV.1_1,RLM4,SP150,REF3
,,,1.0,0.0,,,MMR.1_1,RLM4,SP150,REF3
,,,1.0,0.0,,,NPL.1_1,RLM5,SP150,REF3
,,,1.0,0.0,,,PAK.1_1,RLM4,SP150,REF3
,,,1.0,0.0,,,PHL.1_1,RLM4,SP150,REF3
,,,1.0,0.0,,,SGP.1_1,RLM4,SP150,REF3
,,,1.0,0.0,,,LKA.1_1,RLM4,SP150,REF3
,,,1.0,0.0,,,TWN.1_1,RLM4,SP150,REF3
,,,1.0,0.0,,,THA.1_1,RLM4,SP150,REF3
,,,1.0,0.0,,,VNM.1_1,RLM4,SP150,REF3
,,,1.0,0.0,,,GBR.1_2,RLM7,SP150,REF3
,,,1.0,0.0,,,ESP.1_1,RLM7,SP150,REF3
,,,1.0,0.0,,,ESP.1_2,RLM7,SP150,REF3
,,,1.0,0.0,,,ESP.2_1,RLM7,SP150,REF3
,,,1.0,0.0,,,ESP.3_1,RLM7,SP150,REF3
,,,1.0,0.0,,,PNG.1_1,RLM3,SP150,REF3
,,,1.0,0.0,,,COD.1_1,RLM6,SP1169,REF3
,,,1.0,0.0,,,,RLM6,SP1169,REF3
,,,1.0,0.0,,,MWI.1_1,RLM6,SP1169,REF3
,,,1.0,0.0,,,MOZ.1_1,RLM6,SP1169,REF3
,,,1.0,0.0,,,NGA.1_1,RLM6,SP1169,REF3
,,,1.0,0.0,,,SLE.1_1,RLM6,SP1169,REF3
,,,1.0,0.0,,,ZWE.1_1,RLM6,SP1169,REF3
,,,1.0,0.0,,,CHN.1_1,RLM7,SP1170,REF3
,,,1.0,0.0,,,CHN.2_1,RLM7,SP1170,REF3
,,,1.0,0.0,,,CHN.3_1,RLM7,SP1170,REF3
,,,1.0,0.0,,,IND.1_1,RLM4,SP1170,REF3
,,,1.0,0.0,,,IDN.1_1,RLM4,SP1170,REF3
,,,1.0,0.0,,,JPN.1_1,RLM5,SP1170,REF3
,,,1.0,0.0,,,DZA.1_1,RLM10,SP2,REF3
,,,1.0,0.0,,,BEN.1_1,RLM6,SP2,REF3
,,,1.0,0.0,,,,RLM6,SP2,REF3
,,,1.0,0.0,,,EGY.1_1,RLM10,SP2,REF3
,,,1.0,0.0,,,ERI.1_1,RLM6,SP2,REF3
,,,1.0,0.0,,,ETH.1_1,RLM6,SP2,REF3
,,,1.0,0.0,,,LBY.1_1,RLM10,SP2,REF3
,,,1.0,0.0,,,MUS.1_1,RLM3,SP2,REF3
,,,1.0,0.0,,,MAR.1_1,RLM10,SP2,REF3
,,,1.0,0.0,,,NGA.1_1,RLM6,SP2,REF3
,,,1.0,0.0,,,FRA.3_1,RLM11,SP2,REF3
,,,1.0,0.0,,,ZAF.1_1,RLM6,SP2,REF3
,,,1.0,0.0,,,SDN.1_1,RLM6,SP2,REF3
,,,1.0,0.0,,,TZA.1_1,RLM6,SP2,REF3
,,,1.0,0.0,,,TUN.1_1,RLM10,SP2,REF3
,,,1.0,0.0,,,ATG.1_1,RLM9,SP2,REF3
,,,1.0,0.0,,,ARG.1_1,RLM1,SP2,REF3
,,,1.0,0.0,,,ARG.2_1,RLM1,SP2,REF3
,,,1.0,0.0,,,BHS.1_1,RLM9,SP2,REF3
,,,1.0,0.0,,,BRB.1_1,RLM9,SP2,REF3
,,,1.0,0.0,,,BLZ.1_1,RLM9,SP2,REF3
,,,1.0,0.0,,,GBR.6_1,RLM2,SP2,REF3
,,,1.0,0.0,,,GBR.6_1,RLM9,SP2,REF3
,,,1.0,0.0,,,CHL.1_1,RLM1,SP2,REF3
,,,1.0,0.0,,,COL.1_1,RLM1,SP2,REF3
,,,1.0,0.0,,,CRI.1_1,RLM9,SP2,REF3
,,,1.0,0.0,,,CUB.1_1,RLM9,SP2,REF3
,,,1.0,0.0,,,DMA.1_1,RLM9,SP2,REF3
,,,1.0,0.0,,,DOM.1_1,RLM9,SP2,REF3
,,,1.0,0.0,,,FRA.8_1,RLM1,SP2,REF3
,,,1.0,0.0,,,GRD.1_1,RLM1,SP2,REF3
,,,1.0,0.0,,,FRA.5_1,RLM9,SP2,REF3
,,,1.0,0.0,,,GUY.1_1,RLM1,SP2,REF3
,,,1.0,0.0,,,HND.1_1,RLM9,SP2,REF3
,,,1.0,0.0,,,HND.2_1,RLM9,SP2,REF3
,,,1.0,0.0,,,JAM.1_1,RLM9,SP2,REF3
,,,1.0,0.0,,,MEX.1_1,RLM2,SP2,REF3
,,,1.0,0.0,,,NLD.2_1,RLM9,SP2,REF3
,,,1.0,0.0,,,NIC.1_1,RLM9,SP2,REF3
,,,1.0,0.0,,,PAN.1_1,RLM9,SP2,REF3
,,,1.0,0.0,,,PER.1_1,RLM1,SP2,REF3
,,,1.0,0.0,,,USA.3_1,RLM9,SP2,REF3
,,,1.0,0.0,,,LCA.1_1,RLM1,SP2,REF3
,,,1.0,0.0,,,KNA.1_1,RLM9,SP2,REF3
,,,1.0,0.0,,,TTO.1_1,RLM1,SP2,REF3
,,,1.0,0.0,,,VEN.1_1,RLM1,SP2,REF3
,,,1.0,0.0,,,VEN.2_1,RLM1,SP2,REF3
,,,1.0,0.0,,,AFG.1_1,RLM10,SP2,REF3
,,,1.0,0.0,,,BGD.1_1,RLM4,SP2,REF3
,,,1.0,0.0,,,BTN.1_1,RLM4,SP2,REF3
,,,1.0,0.0,,,BRN.1_1,RLM4,SP2,REF3
,,,1.0,0.0,,,KHM.1_1,RLM4,SP2,REF3
,,,1.0,0.0,,,CHN.1_1,RLM7,SP2,REF3
,,,1.0,0.0,,,CHN.2_1,RLM7,SP2,REF3
,,,1.0,0.0,,,CHN.3_1,RLM7,SP2,REF3
,,,1.0,0.0,,,IRN.1_1,RLM10,SP2,REF3
,,,1.0,0.0,,,IRQ.1_1,RLM10,SP2,REF3
,,,1.0,0.0,,,ISR.1_1,RLM10,SP2,REF3
,,,1.0,0.0,,,JOR.1_1,RLM10,SP2,REF3
,,,0.0,0.0,,,PRK.1_1,RLM7,SP2,REF3
,,,1.0,0.0,,,KOR.1_1,RLM7,SP2,REF3
,,,1.0,0.0,,,KOR.2_1,RLM7,SP2,REF3
,,,1.0,0.0,,,LAO.1_1,RLM4,SP2,REF3
,,,1.0,0.0,,,LBN.1_1,RLM10,SP2,REF3
,,,1.0,0.0,,,MMR.1_1,RLM4,SP2,REF3
,,,1.0,0.0,,,NPL.1_1,RLM5,SP2,REF3
,,,1.0,0.0,,,PAK.1_1,RLM4,SP2,REF3
,,,1.0,0.0,,,PHL.1_1,RLM4,SP2,REF3
,,,1.0,0.0,,,SAU.1_1,RLM10,SP2,REF3
,,,1.0,0.0,,,SGP.1_1,RLM4,SP2,REF3
,,,1.0,0.0,,,LKA.1_1,RLM4,SP2,REF3
,,,1.0,0.0,,,SYR.1_1,RLM10,SP2,REF3
,,,1.0,0.0,,,TWN.1_1,RLM4,SP2,REF3
,,,1.0,0.0,,,THA.1_1,RLM4,SP2,REF3
,,,1.0,0.0,,,TKM.1_1,RLM7,SP2,REF3
,,,1.0,0.0,,,UZB.1_1,RLM7,SP2,REF3
,,,1.0,0.0,,,VNM.1_1,RLM4,SP2,REF3
,,,1.0,0.0,,,YEM.1_1,RLM10,SP2,REF3
,,,1.0,0.0,,,HRV.1_1,RLM7,SP2,REF3
,,,1.0,0.0,,,CYP.1_1,RLM10,SP2,REF3
,,,1.0,0.0,,,FRA.1_1,RLM7,SP2,REF3
,,,1.0,0.0,,,GEO.1_1,RLM7,SP2,REF3
,,,1.0,0.0,,,GRC.1_1,RLM7,SP2,REF3
,,,1.0,0.0,,,GRC.2_1,RLM7,SP2,REF3
,,,1.0,0.0,,,ITA.1_1,RLM7,SP2,REF3
,,,1.0,0.0,,,MLT.1_1,RLM10,SP2,REF3
,,,1.0,0.0,,,MNE.1_1,RLM7,SP2,REF3
,,,1.0,0.0,,,PRT.1_1,RLM7,SP2,REF3
,,,1.0,0.0,,,PRT.2_1,RLM7,SP2,REF3
,,,1.0,0.0,,,PRT.3_1,RLM7,SP2,REF3
,,,1.0,0.0,,,SRB.1_1,RLM7,SP2,REF3
,,,1.0,0.0,,,SVN.1_1,RLM7,SP2,REF3
,,,1.0,0.0,,,ESP.1_1,RLM7,SP2,REF3
,,,1.0,0.0,,,ESP.1_2,RLM7,SP2,REF3
,,,1.0,0.0,,,ESP.2_1,RLM7,SP2,REF3
,,,1.0,0.0,,,ESP.3_1,RLM7,SP2,REF3
,,,1.0,0.0,,,TUR.1_1,RLM7,SP2,REF3
,,,1.0,0.0,,,UKR.1_1,RLM7,SP2,REF3
,,,1.0,0.0,,,GUM.1_1,RLM3,SP2,REF3
,,,1.0,0.0,,,FSM.1_1,RLM3,SP2,REF3
,,,1.0,0.0,,,USA.4_1,RLM3,SP2,REF3
,,,1.0,0.0,,,USA.6_1,RLM3,SP2,REF3
,,,1.0,0.0,,,PLW.1_1,RLM3,SP2,REF3
,,,1.0,0.0,,,PNG.1_1,RLM3,SP2,REF3
,,,1.0,0.0,,,WSM.1_1,RLM3,SP2,REF3
,,,1.0,0.0,,,SLB.1_1,RLM3,SP2,REF3
,,,1.0,0.0,,,BGR.1_1,RLM7,SP80,REF3
,,,1.0,0.0,,,HRV.1_1,RLM7,SP80,REF3
,,,1.0,0.0,,,HUN.1_1,RLM7,SP80,REF3
,,,1.0,0.0,,,ITA.1_1,RLM7,SP80,REF3
,,,1.0,0.0,,,ROU.1_1,RLM7,SP80,REF3
,,,1.0,0.0,,,SRB.1_1,RLM7,SP80,REF3
,,,1.0,0.0,,,SVN.1_1,RLM7,SP80,REF3
,,,1.0,0.0,,,CHE.1_1,RLM7,SP80,REF3
,,,1.0,0.0,,,UKR.1_1,RLM7,SP80,REF3
,,,1.0,0.0,,,KOR.1_1,RLM7,SP69,REF3
,,,1.0,0.0,,,KOR.2_1,RLM7,SP69,REF3
,,,1.0,0.0,,,AUT.1_1,RLM7,SP69,REF3
,,,1.0,0.0,,,BLR.1_1,RLM7,SP69,REF3
,,,1.0,0.0,,,BGR.1_1,RLM7,SP69,REF3
,,,1.0,0.0,,,HRV.1_1,RLM7,SP69,REF3
,,,1.0,0.0,,,CZE.1_1,RLM7,SP69,REF3
,,,1.0,0.0,,,EST.1_1,RLM7,SP69,REF3
,,,1.0,0.0,,,FIN.1_1,RLM7,SP69,REF3
,,,1.0,0.0,,,DEU.1_1,RLM7,SP69,REF3
,,,1.0,0.0,,,HUN.1_1,RLM7,SP69,REF3
,,,1.0,0.0,,,ITA.1_1,RLM7,SP69,REF3
,,,1.0,0.0,,,LVA.1_1,RLM7,SP69,REF3
,,,1.0,0.0,,,LTU.1_1,RLM7,SP69,REF3
,,,1.0,0.0,,,NLD.1_1,RLM7,SP69,REF3
,,,1.0,0.0,,,POL.1_1,RLM7,SP69,REF3
,,,1.0,0.0,,,ROU.1_1,RLM7,SP69,REF3
,,,1.0,0.0,,,SVK.1_1,RLM7,SP69,REF3
,,,1.0,0.0,,,SVN.1_1,RLM7,SP69,REF3
,,,1.0,0.0,,,CHE.1_1,RLM7,SP69,REF3
,,,1.0,0.0,,,UKR.1_1,RLM7,SP69,REF3
,,,1.0,0.0,,,DZA.1_1,RLM10,SP39,REF3
,,,0.0,0.0,,,ETH.1_1,RLM6,SP39,REF3
,,,1.0,0.0,,,LBY.1_1,RLM10,SP39,REF3
,,,1.0,0.0,,,MAR.1_1,RLM10,SP39,REF3
,,,1.0,0.0,,,TUN.1_1,RLM10,SP39,REF3
,,,1.0,0.0,,,CHL.1_1,RLM1,SP39,REF3
,,,1.0,0.0,,,AFG.1_1,RLM10,SP39,REF3
,,,1.0,0.0,,,BGD.1_1,RLM4,SP39,REF3
,,,1.0,0.0,,,BTN.1_1,RLM4,SP39,REF3
,,,0.0,0.0,,,CHN.1_1,RLM7,SP39,REF3
,,,0.0,0.0,,,CHN.2_1,RLM7,SP39,REF3
,,,0.0,0.0,,,CHN.3_1,RLM7,SP39,REF3
,,,1.0,0.0,,,IRN.1_1,RLM10,SP39,REF3
,,,1.0,0.0,,,IRQ.1_1,RLM10,SP39,REF3
,,,1.0,0.0,,,ISR.1_1,RLM10,SP39,REF3
,,,1.0,0.0,,,JOR.1_1,RLM10,SP39,REF3
,,,1.0,0.0,,,KAZ.1_1,RLM7,SP39,REF3
,,,1.0,0.0,,,KGZ.1_1,RLM7,SP39,REF3
,,,1.0,0.0,,,LBN.1_1,RLM10,SP39,REF3
,,,1.0,0.0,,,MMR.1_1,RLM4,SP39,REF3
,,,1.0,0.0,,,NPL.1_1,RLM5,SP39,REF3
,,,1.0,0.0,,,PAK.1_1,RLM4,SP39,REF3
,,,1.0,0.0,,,SYR.1_1,RLM10,SP39,REF3
,,,1.0,0.0,,,TJK.1_1,RLM7,SP39,REF3
,,,1.0,0.0,,,TKM.1_1,RLM7,SP39,REF3
,,,1.0,0.0,,,UZB.1_1,RLM7,SP39,REF3
,,,1.0,0.0,,,ARM.1_1,RLM7,SP39,REF3
,,,1.0,0.0,,,AUT.1_1,RLM7,SP39,REF3
,,,1.0,0.0,,,AZE.1_1,RLM7,SP39,REF3
,,,1.0,0.0,,,BEL.1_1,RLM7,SP39,REF3
,,,1.0,0.0,,,BGR.1_1,RLM7,SP39,REF3
,,,1.0,0.0,,,HRV.1_1,RLM7,SP39,REF3
,,,1.0,0.0,,,CYP.1_1,RLM10,SP39,REF3
,,,1.0,0.0,,,CZE.1_1,RLM7,SP39,REF3
,,,1.0,0.0,,,DNK.1_1,RLM7,SP39,REF3
,,,1.0,0.0,,,FIN.1_1,RLM7,SP39,REF3
,,,1.0,0.0,,,FRA.1_1,RLM7,SP39,REF3
,,,1.0,0.0,,,GEO.1_1,RLM7,SP39,REF3
,,,1.0,0.0,,,DEU.1_1,RLM7,SP39,REF3
,,,1.0,0.0,,,GRC.1_1,RLM7,SP39,REF3
,,,1.0,0.0,,,GRC.2_1,RLM7,SP39,REF3
,,,1.0,0.0,,,HUN.1_1,RLM7,SP39,REF3
,,,1.0,0.0,,,IRL.1_1,RLM7,SP39,REF3
,,,1.0,0.0,,,ITA.1_1,RLM7,SP39,REF3
,,,1.0,0.0,,,LTU.1_1,RLM7,SP39,REF3
,,,1.0,0.0,,,MLT.1_1,RLM10,SP39,REF3
,,,1.0,0.0,,,NLD.1_1,RLM7,SP39,REF3
,,,1.0,0.0,,,MKD.1_1,RLM7,SP39,REF3
,,,1.0,0.0,,,NOR.1_1,RLM7,SP39,REF3
,,,1.0,0.0,,,POL.1_1,RLM7,SP39,REF3
,,,1.0,0.0,,,PRT.1_1,RLM7,SP39,REF3
,,,1.0,0.0,,,PRT.2_1,RLM7,SP39,REF3
,,,1.0,0.0,,,PRT.3_1,RLM7,SP39,REF3
,,,1.0,0.0,,,ROU.1_1,RLM7,SP39,REF3
,,,1.0,0.0,,,SRB.1_1,RLM7,SP39,REF3
,,,1.0,0.0,,,SVK.1_1,RLM7,SP39,REF3
,,,1.0,0.0,,,ESP.1_1,RLM7,SP39,REF3
,,,1.0,0.0,,,ESP.1_2,RLM7,SP39,REF3
,,,1.0,0.0,,,ESP.2_1,RLM7,SP39,REF3
,,,1.0,0.0,,,ESP.3_1,RLM7,SP39,REF3
,,,1.0,0.0,,,SWE.1_1,RLM7,SP39,REF3
,,,1.0,0.0,,,CHE.1_1,RLM7,SP39,REF3
,,,1.0,0.0,,,TUR.1_1,RLM7,SP39,REF3
,,,0.0,1.0,,,NZL.1_1,RLM8,SP39,REF3
,,,1.0,0.0,,,MAR.1_1,RLM10,SP174,REF3
,,,1.0,0.0,,,USA.1_1,RLM2,SP174,REF3
,,,1.0,0.0,,,USA.1_2,RLM2,SP174,REF3
,,,1.0,0.0,,,USA.2_1,RLM2,SP174,REF3
,,,1.0,0.0,,,IRN.1_1,RLM10,SP174,REF3
,,,1.0,0.0,,,IRQ.1_1,RLM10,SP174,REF3
,,,1.0,0.0,,,ISR.1_1,RLM10,SP174,REF3
,,,1.0,0.0,,,,RLM7,SP174,REF3
,,,0.0,1.0,,,NLD.1_1,RLM7,SP1123,REF3
,,,1.0,0.0,,,MEX.1_1,RLM2,SP156,REF3
,,,0.0,0.0,,,FRA.1_1,RLM7,SP156,REF3
,,,0.0,0.0,,,DEU.1_1,RLM7,SP156,REF3
,,,1.0,0.0,,,ITA.1_1,RLM7,SP156,REF3
,,,0.0,0.0,,,NLD.1_1,RLM7,SP156,REF3
,,,1.0,0.0,,,ESP.1_1,RLM7,SP156,REF3
,,,1.0,0.0,,,ESP.1_2,RLM7,SP156,REF3
,,,1.0,0.0,,,ESP.2_1,RLM7,SP156,REF3
,,,1.0,0.0,,,ESP.3_1,RLM7,SP156,REF3
,,,0.0,0.0,,,GBR.1_1,RLM7,SP156,REF3
,,,1.0,0.0,,,DZA.1_1,RLM10,SP48,REF3
,,,1.0,0.0,,,EGY.1_1,RLM10,SP48,REF3
,,,1.0,0.0,,,LBY.1_1,RLM10,SP48,REF3
,,,1.0,0.0,,,MUS.1_1,RLM3,SP48,REF3
,,,1.0,0.0,,,MAR.1_1,RLM10,SP48,REF3
,,,1.0,0.0,,,SYC.1_1,RLM3,SP48,REF3
,,,1.0,0.0,,,ZAF.1_1,RLM6,SP48,REF3
,,,1.0,0.0,,,TUN.1_1,RLM10,SP48,REF3
,,,1.0,0.0,,,ZWE.1_1,RLM6,SP48,REF3
,,,1.0,0.0,,,IND.1_1,RLM4,SP48,REF3
,,,1.0,0.0,,,ISR.1_1,RLM10,SP48,REF3
,,,1.0,0.0,,,LBN.1_1,RLM10,SP48,REF3
,,,1.0,0.0,,,MYS.1_1,RLM4,SP48,REF3
,,,1.0,0.0,,,PAK.1_1,RLM4,SP48,REF3
,,,1.0,0.0,,,PHL.1_1,RLM4,SP48,REF3
,,,1.0,0.0,,,LKA.1_1,RLM4,SP48,REF3
,,,1.0,0.0,,,SYR.1_1,RLM10,SP48,REF3
,,,1.0,0.0,,,VNM.1_1,RLM4,SP48,REF3
,,,1.0,0.0,,,AUT.1_1,RLM7,SP48,REF3
,,,1.0,0.0,,,CYP.1_1,RLM10,SP48,REF3
,,,1.0,0.0,,,FRA.1_1,RLM7,SP48,REF3
,,,1.0,0.0,,,GRC.1_1,RLM7,SP48,REF3
,,,1.0,0.0,,,GRC.2_1,RLM7,SP48,REF3
,,,1.0,0.0,,,ITA.1_1,RLM7,SP48,REF3
,,,1.0,0.0,,,MLT.1_1,RLM10,SP48,REF3
,,,1.0,0.0,,,PRT.1_1,RLM7,SP48,REF3
,,,1.0,0.0,,,PRT.2_1,RLM7,SP48,REF3
,,,1.0,0.0,,,PRT.3_1,RLM7,SP48,REF3
,,,1.0,0.0,,,ESP.1_1,RLM7,SP48,REF3
,,,1.0,0.0,,,ESP.1_2,RLM7,SP48,REF3
,,,1.0,0.0,,,ESP.2_1,RLM7,SP48,REF3
,,,1.0,0.0,,,ESP.3_1,RLM7,SP48,REF3
,,,1.0,0.0,,,TUR.1_1,RLM7,SP48,REF3
,,,1.0,0.0,,,AUS.1_1,RLM8,SP48,REF3
,,,1.0,0.0,,,WSM.1_1,RLM3,SP48,REF3
,,,1.0,0.0,,,PHL.1_1,RLM4,SP182,REF3
,,,1.0,0.0,,,SGP.1_1,RLM4,SP182,REF3
,,,1.0,0.0,,,LKA.1_1,RLM4,SP182,REF3
,,,1.0,0.0,,,VNM.1_1,RLM4,SP182,REF3
,,,1.0,0.0,,,GUM.1_1,RLM3,SP182,REF3
,,,1.0,0.0,,,USA.4_1,RLM3,SP182,REF3
,,,1.0,0.0,,,USA.6_1,RLM3,SP182,REF3
,,,0.0,0.0,,,ARG.1_1,RLM1,SP1171,REF3
,,,0.0,0.0,,,ARG.2_1,RLM1,SP1171,REF3
,,,1.0,0.0,,,COL.1_1,RLM1,SP1171,REF3
,,,1.0,0.0,,,CRI.1_1,RLM9,SP1171,REF3
,,,1.0,0.0,,,SLV.1_1,RLM9,SP1171,REF3
,,,1.0,0.0,,,GUY.1_1,RLM1,SP1171,REF3
,,,1.0,0.0,,,NIC.1_1,RLM9,SP1171,REF3
,,,1.0,0.0,,,PAN.1_1,RLM9,SP1171,REF3
,,,1.0,0.0,,,PRY.1_1,RLM1,SP1171,REF3
,,,1.0,0.0,,,TTO.1_1,RLM1,SP1171,REF3
,,,1.0,0.0,,,VEN.1_1,RLM1,SP1171,REF3
,,,1.0,0.0,,,VEN.2_1,RLM1,SP1171,REF3
,,,0.0,0.0,,,EGY.1_1,RLM10,SP151,REF3
,,,1.0,0.0,,,AFG.1_1,RLM10,SP151,REF3
,,,1.0,0.0,,,BGD.1_1,RLM4,SP151,REF3
,,,1.0,0.0,,,BRN.1_1,RLM4,SP151,REF3
,,,1.0,0.0,,,KHM.1_1,RLM4,SP151,REF3
,,,1.0,0.0,,,CHN.1_1,RLM7,SP151,REF3
,,,1.0,0.0,,,CHN.2_1,RLM7,SP151,REF3
,,,1.0,0.0,,,CHN.3_1,RLM7,SP151,REF3
,,,1.0,0.0,,,IRQ.1_1,RLM10,SP151,REF3
,,,1.0,0.0,,,LAO.1_1,RLM4,SP151,REF3
,,,1.0,0.0,,,MMR.1_1,RLM4,SP151,REF3
,,,1.0,0.0,,,NPL.1_1,RLM5,SP151,REF3
,,,1.0,0.0,,,PAK.1_1,RLM4,SP151,REF3
,,,1.0,0.0,,,PHL.1_1,RLM4,SP151,REF3
,,,1.0,0.0,,,SGP.1_1,RLM4,SP151,REF3
,,,1.0,0.0,,,LKA.1_1,RLM4,SP151,REF3
,,,1.0,0.0,,,TWN.1_1,RLM4,SP151,REF3
,,,1.0,0.0,,,THA.1_1,RLM4,SP151,REF3
,,,1.0,0.0,,,VNM.1_1,RLM4,SP151,REF3
,,,0.0,0.0,,,ESP.1_1,RLM7,SP151,REF3
,,,0.0,0.0,,,ESP.1_2,RLM7,SP151,REF3
,,,0.0,0.0,,,ESP.2_1,RLM7,SP151,REF3
,,,0.0,0.0,,,ESP.3_1,RLM7,SP151,REF3
,,,1.0,0.0,,,PNG.1_1,RLM3,SP151,REF3
,,,1.0,0.0,,,DZA.1_1,RLM10,SP208,REF3
,,,1.0,0.0,,,CMR.1_1,RLM6,SP208,REF3
,,,1.0,0.0,,,TCD.1_1,RLM6,SP208,REF3
,,,1.0,0.0,,,EGY.1_1,RLM10,SP208,REF3
,,,1.0,0.0,,,ERI.1_1,RLM6,SP208,REF3
,,,1.0,0.0,,,ETH.1_1,RLM6,SP208,REF3
,,,1.0,0.0,,,KEN.1_1,RLM6,SP208,REF3
,,,0.0,0.0,,,LSO.1_1,RLM6,SP208,REF3
,,,1.0,0.0,,,LBY.1_1,RLM10,SP208,REF3
,,,1.0,0.0,,,MLI.1_1,RLM6,SP208,REF3
,,,1.0,0.0,,,MAR.1_1,RLM10,SP208,REF3
,,,1.0,0.0,,,NER.1_1,RLM6,SP208,REF3
,,,1.0,0.0,,,NGA.1_1,RLM6,SP208,REF3
,,,1.0,0.0,,,SOM.1_1,RLM6,SP208,REF3
,,,1.0,0.0,,,SDN.1_1,RLM6,SP208,REF3
,,,1.0,0.0,,,TGO.1_1,RLM6,SP208,REF3
,,,1.0,0.0,,,TUN.1_1,RLM10,SP208,REF3
,,,1.0,0.0,,,CHN.1_1,RLM7,SP208,REF3
,,,1.0,0.0,,,CHN.2_1,RLM7,SP208,REF3
,,,1.0,0.0,,,CHN.3_1,RLM7,SP208,REF3
,,,1.0,0.0,,,IRN.1_1,RLM10,SP208,REF3
,,,1.0,0.0,,,IRQ.1_1,RLM10,SP208,REF3
,,,1.0,0.0,,,ISR.1_1,RLM10,SP208,REF3
,,,1.0,0.0,,,JOR.1_1,RLM10,SP208,REF3
,,,1.0,0.0,,,KGZ.1_1,RLM7,SP208,REF3
,,,1.0,0.0,,,LBN.1_1,RLM10,SP208,REF3
,,,1.0,0.0,,,PAK.1_1,RLM4,SP208,REF3
,,,1.0,0.0,,,SAU.1_1,RLM10,SP208,REF3
,,,1.0,0.0,,,LKA.1_1,RLM4,SP208,REF3
,,,1.0,0.0,,,SYR.1_1,RLM10,SP208,REF3
,,,1.0,0.0,,,TJK.1_1,RLM7,SP208,REF3
,,,1.0,0.0,,,THA.1_1,RLM4,SP208,REF3
,,,1.0,0.0,,,UZB.1_1,RLM7,SP208,REF3
,,,1.0,0.0,,,YEM.1_1,RLM10,SP208,REF3
,,,1.0,0.0,,,ALB.1_1,RLM7,SP208,REF3
,,,1.0,0.0,,,BGR.1_1,RLM7,SP208,REF3
,,,1.0,0.0,,,HRV.1_1,RLM7,SP208,REF3
,,,1.0,0.0,,,FRA.1_1,RLM7,SP208,REF3
,,,1.0,0.0,,,GRC.1_1,RLM7,SP208,REF3
,,,1.0,0.0,,,GRC.2_1,RLM7,SP208,REF3
,,,1.0,0.0,,,ITA.1_1,RLM7,SP208,REF3
,,,1.0,0.0,,,MNE.1_1,RLM7,SP208,REF3
,,,1.0,0.0,,,MKD.1_1,RLM7,SP208,REF3
,,,1.0,0.0,,,,RLM7,SP208,REF3
,,,1.0,0.0,,,SVN.1_1,RLM7,SP208,REF3
,,,1.0,0.0,,,ESP.1_1,RLM7,SP208,REF3
,,,1.0,0.0,,,ESP.1_2,RLM7,SP208,REF3
,,,1.0,0.0,,,ESP.2_1,RLM7,SP208,REF3
,,,1.0,0.0,,,ESP.3_1,RLM7,SP208,REF3
,,,1.0,0.0,,,TUR.1_1,RLM7,SP208,REF3
,,,1.0,0.0,,,PHL.1_1,RLM4,SP1172,REF3
,,,1.0,0.0,,,BEN.1_1,RLM6,SP1,REF3
,,,1.0,0.0,,,CMR.1_1,RLM6,SP1,REF3
,,,1.0,0.0,,,GAB.1_1,RLM6,SP1,REF3
,,,1.0,0.0,,,NGA.1_1,RLM6,SP1,REF3
,,,1.0,0.0,,,ATG.1_1,RLM9,SP1,REF3
,,,1.0,0.0,,,ARG.1_1,RLM1,SP1,REF3
,,,1.0,0.0,,,ARG.2_1,RLM1,SP1,REF3
,,,1.0,0.0,,,BHS.1_1,RLM9,SP1,REF3
,,,1.0,0.0,,,BRB.1_1,RLM9,SP1,REF3
,,,1.0,0.0,,,GBR.6_1,RLM2,SP1,REF3
,,,1.0,0.0,,,CHL.1_1,RLM1,SP1,REF3
,,,1.0,0.0,,,COL.1_1,RLM1,SP1,REF3
,,,1.0,0.0,,,CRI.1_1,RLM9,SP1,REF3
,,,1.0,0.0,,,CUB.1_1,RLM9,SP1,REF3
,,,1.0,0.0,,,DMA.1_1,RLM9,SP1,REF3
,,,1.0,0.0,,,DOM.1_1,RLM9,SP1,REF3
,,,1.0,0.0,,,ECU.1_1,RLM1,SP1,REF3
,,,1.0,0.0,,,ECU.2_1,RLM1,SP1,REF3
,,,1.0,0.0,,,SLV.1_1,RLM9,SP1,REF3
,,,1.0,0.0,,,FRA.8_1,RLM1,SP1,REF3
,,,1.0,0.0,,,GRD.1_1,RLM1,SP1,REF3
,,,1.0,0.0,,,FRA.5_1,RLM9,SP1,REF3
,,,1.0,0.0,,,GUY.1_1,RLM1,SP1,REF3
,,,1.0,0.0,,,HND.1_1,RLM9,SP1,REF3
,,,1.0,0.0,,,HND.2_1,RLM9,SP1,REF3
,,,1.0,0.0,,,JAM.1_1,RLM9,SP1,REF3
,,,1.0,0.0,,,MEX.1_1,RLM2,SP1,REF3
,,,1.0,0.0,,,NIC.1_1,RLM9,SP1,REF3
,,,1.0,0.0,,,PAN.1_1,RLM9,SP1,REF3
,,,1.0,0.0,,,PRY.1_1,RLM1,SP1,REF3
,,,1.0,0.0,,,PER.1_1,RLM1,SP1,REF3
,,,1.0,0.0,,,USA.3_1,RLM9,SP1,REF3
,,,1.0,0.0,,,LCA.1_1,RLM1,SP1,REF3
,,,1.0,0.0,,,VCT.1_1,RLM1,SP1,REF3
,,,1.0,0.0,,,SUR.1_1,RLM1,SP1,REF3
,,,1.0,0.0,,,TTO.1_1,RLM1,SP1,REF3
,,,1.0,0.0,,,URY.1_1,RLM1,SP1,REF3
,,,1.0,0.0,,,VEN.1_1,RLM1,SP1,REF3
,,,1.0,0.0,,,VEN.2_1,RLM1,SP1,REF3
,,,0.0,0.0,,,DNK.1_1,RLM7,SP1,REF3
,,,0.0,0.0,,,NLD.1_1,RLM7,SP1,REF3
,,,0.0,0.0,,,SVN.1_1,RLM7,SP1,REF3
,,,1.0,0.0,,,AGO.1_1,RLM6,SP22,REF3
,,,1.0,0.0,,,BEN.1_1,RLM6,SP22,REF3
,,,1.0,0.0,,,BWA.1_1,RLM6,SP22,REF3
,,,1.0,0.0,,,BFA.1_1,RLM6,SP22,REF3
,,,1.0,0.0,,,BDI.1_1,RLM6,SP22,REF3
,,,1.0,0.0,,,COG.1_1,RLM6,SP22,REF3
,,,1.0,0.0,,,COD.1_1,RLM6,SP22,REF3
,,,1.0,0.0,,,,RLM6,SP22,REF3
,,,1.0,0.0,,,EGY.1_1,RLM10,SP22,REF3
,,,1.0,0.0,,,ETH.1_1,RLM6,SP22,REF3
,,,1.0,0.0,,,GHA.1_1,RLM6,SP22,REF3
,,,1.0,0.0,,,GNB.1_1,RLM6,SP22,REF3
,,,1.0,0.0,,,KEN.1_1,RLM6,SP22,REF3
,,,1.0,0.0,,,MDG.1_1,RLM11,SP22,REF3
,,,1.0,0.0,,,MWI.1_1,RLM6,SP22,REF3
,,,1.0,0.0,,,MLI.1_1,RLM6,SP22,REF3
,,,1.0,0.0,,,FRA.3_1,RLM11,SP22,REF3
,,,1.0,0.0,,,MOZ.1_1,RLM6,SP22,REF3
,,,1.0,0.0,,,NAM.1_1,RLM6,SP22,REF3
,,,1.0,0.0,,,NER.1_1,RLM6,SP22,REF3
,,,1.0,0.0,,,NGA.1_1,RLM6,SP22,REF3
,,,1.0,0.0,,,RWA.1_1,RLM6,SP22,REF3
,,,1.0,0.0,,,SEN.1_1,RLM6,SP22,REF3
,,,1.0,0.0,,,SLE.1_1,RLM6,SP22,REF3
,,,1.0,0.0,,,SOM.1_1,RLM6,SP22,REF3
,,,1.0,0.0,,,ZAF.1_1,RLM6,SP22,REF3
,,,1.0,0.0,,,SDN.1_1,RLM6,SP22,REF3
,,,1.0,0.0,,,TZA.1_1,RLM6,SP22,REF3
,,,1.0,0.0,,,TGO.1_1,RLM6,SP22,REF3
,,,1.0,0.0,,,UGA.1_1,RLM6,SP22,REF3
,,,1.0,0.0,,,ZMB.1_1,RLM6,SP22,REF3
,,,1.0,0.0,,,ZWE.1_1,RLM6,SP22,REF3
,,,1.0,0.0,,,USA.1_1,RLM2,SP22,REF3
,,,1.0,0.0,,,USA.1_2,RLM2,SP22,REF3
,,,1.0,0.0,,,USA.2_1,RLM2,SP22,REF3
,,,1.0,0.0,,,MMR.1_1,RLM4,SP22,REF3
,,,1.0,0.0,,,PHL.1_1,RLM4,SP22,REF3
,,,1.0,0.0,,,SAU.1_1,RLM10,SP22,REF3
,,,1.0,0.0,,,SGP.1_1,RLM4,SP22,REF3
,,,1.0,0.0,,,LKA.1_1,RLM4,SP22,REF3
,,,1.0,0.0,,,VNM.1_1,RLM4,SP22,REF3
,,,1.0,0.0,,,YEM.1_1,RLM10,SP22,REF3
,,,1.0,0.0,,,PNG.1_1,RLM3,SP22,REF3
,,,1.0,0.0,,,AGO.1_1,RLM6,SP8,REF3
,,,1.0,0.0,,,BEN.1_1,RLM6,SP8,REF3
,,,1.0,0.0,,,BWA.1_1,RLM6,SP8,REF3
,,,1.0,0.0,,,BFA.1_1,RLM6,SP8,REF3
,,,1.0,0.0,,,BDI.1_1,RLM6,SP8,REF3
,,,1.0,0.0,,,CMR.1_1,RLM6,SP8,REF3
,,,1.0,0.0,,,CPV.1_1,RLM6,SP8,REF3
,,,1.0,0.0,,,CAF.1_1,RLM6,SP8,REF3
,,,1.0,0.0,,,TCD.1_1,RLM6,SP8,REF3
,,,1.0,0.0,,,COM.1_1,RLM11,SP8,REF3
,,,1.0,0.0,,,COG.1_1,RLM6,SP8,REF3
,,,1.0,0.0,,,COD.1_1,RLM6,SP8,REF3
,,,1.0,0.0,,,,RLM6,SP8,REF3
,,,1.0,0.0,,,EGY.1_1,RLM10,SP8,REF3
,,,1.0,0.0,,,GNQ.1_1,RLM6,SP8,REF3
,,,1.0,0.0,,,ERI.1_1,RLM6,SP8,REF3
,,,1.0,0.0,,,SWZ.1_1,RLM6,SP8,REF3
,,,1.0,0.0,,,ETH.1_1,RLM6,SP8,REF3
,,,1.0,0.0,,,GAB.1_1,RLM6,SP8,REF3
,,,1.0,0.0,,,GMB.1_1,RLM6,SP8,REF3
,,,1.0,0.0,,,GHA.1_1,RLM6,SP8,REF3
,,,1.0,0.0,,,GIN.1_1,RLM6,SP8,REF3
,,,1.0,0.0,,,GNB.1_1,RLM6,SP8,REF3
,,,1.0,0.0,,,KEN.1_1,RLM6,SP8,REF3
,,,1.0,0.0,,,LBR.1_1,RLM6,SP8,REF3
,,,1.0,0.0,,,MDG.1_1,RLM11,SP8,REF3
,,,1.0,0.0,,,MWI.1_1,RLM6,SP8,REF3
,,,1.0,0.0,,,MLI.1_1,RLM6,SP8,REF3
,,,1.0,0.0,,,MRT.1_1,RLM6,SP8,REF3
,,,1.0,0.0,,,MUS.1_1,RLM3,SP8,REF3
,,,1.0,0.0,,,FRA.3_1,RLM11,SP8,REF3
,,,1.0,0.0,,,MOZ.1_1,RLM6,SP8,REF3
,,,1.0,0.0,,,NAM.1_1,RLM6,SP8,REF3
,,,1.0,0.0,,,NER.1_1,RLM6,SP8,REF3
,,,1.0,0.0,,,NGA.1_1,RLM6,SP8,REF3
,,,1.0,0.0,,,RWA.1_1,RLM6,SP8,REF3
,,,1.0,0.0,,,,RLM6,SP8,REF3
,,,1.0,0.0,,,SEN.1_1,RLM6,SP8,REF3
,,,1.0,0.0,,,SYC.1_1,RLM3,SP8,REF3
,,,1.0,0.0,,,SLE.1_1,RLM6,SP8,REF3
,,,1.0,0.0,,,SOM.1_1,RLM6,SP8,REF3
,,,1.0,0.0,,,ZAF.1_1,RLM6,SP8,REF3
,,,1.0,0.0,,,SSD.1_1,RLM6,SP8,REF3
,,,1.0,0.0,,,SDN.1_1,RLM6,SP8,REF3
,,,1.0,0.0,,,TZA.1_1,RLM6,SP8,REF3
,,,1.0,0.0,,,TGO.1_1,RLM6,SP8,REF3
,,,1.0,0.0,,,UGA.1_1,RLM6,SP8,REF3
,,,1.0,0.0,,,ZMB.1_1,RLM6,SP8,REF3
,,,1.0,0.0,,,ZWE.1_1,RLM6,SP8,REF3
,,,1.0,0.0,,,GBR.6_1,RLM9,SP8,REF3
,,,1.0,0.0,,,ATG.1_1,RLM9,SP8,REF3
,,,1.0,0.0,,,ARG.1_1,RLM1,SP8,REF3
,,,1.0,0.0,,,ARG.2_1,RLM1,SP8,REF3
,,,1.0,0.0,,,BHS.1_1,RLM9,SP8,REF3
,,,1.0,0.0,,,BRB.1_1,RLM9,SP8,REF3
,,,1.0,0.0,,,BLZ.1_1,RLM9,SP8,REF3
,,,1.0,0.0,,,GBR.6_1,RLM2,SP8,REF3
,,,1.0,0.0,,,BOL.1_1,RLM1,SP8,REF3
,,,1.0,0.0,,,CHL.1_1,RLM1,SP8,REF3
,,,1.0,0.0,,,COL.1_1,RLM1,SP8,REF3
,,,1.0,0.0,,,CRI.1_1,RLM9,SP8,REF3
,,,1.0,0.0,,,CUB.1_1,RLM9,SP8,REF3
,,,1.0,0.0,,,DMA.1_1,RLM9,SP8,REF3
,,,1.0,0.0,,,DOM.1_1,RLM9,SP8,REF3
,,,1.0,0.0,,,ECU.1_1,RLM1,SP8,REF3
,,,1.0,0.0,,,ECU.2_1,RLM1,SP8,REF3
,,,1.0,0.0,,,SLV.1_1,RLM9,SP8,REF3
,,,1.0,0.0,,,FRA.8_1,RLM1,SP8,REF3
,,,1.0,0.0,,,GRD.1_1,RLM1,SP8,REF3
,,,1.0,0.0,,,FRA.5_1,RLM9,SP8,REF3
,,,1.0,0.0,,,GTM.1_1,RLM9,SP8,REF3
,,,1.0,0.0,,,GUY.1_1,RLM1,SP8,REF3
,,,1.0,0.0,,,HTI.1_1,RLM9,SP8,REF3
,,,1.0,0.0,,,HND.1_1,RLM9,SP8,REF3
,,,1.0,0.0,,,HND.2_1,RLM9,SP8,REF3
,,,1.0,0.0,,,JAM.1_1,RLM9,SP8,REF3
,,,1.0,0.0,,,MEX.1_1,RLM2,SP8,REF3
,,,1.0,0.0,,,NIC.1_1,RLM9,SP8,REF3
,,,1.0,0.0,,,PAN.1_1,RLM9,SP8,REF3
,,,1.0,0.0,,,PRY.1_1,RLM1,SP8,REF3
,,,1.0,0.0,,,PER.1_1,RLM1,SP8,REF3
,,,1.0,0.0,,,USA.3_1,RLM9,SP8,REF3
,,,1.0,0.0,,,LCA.1_1,RLM1,SP8,REF3
,,,1.0,0.0,,,KNA.1_1,RLM9,SP8,REF3
,,,1.0,0.0,,,VCT.1_1,RLM1,SP8,REF3
,,,1.0,0.0,,,SUR.1_1,RLM1,SP8,REF3
,,,1.0,0.0,,,TTO.1_1,RLM1,SP8,REF3
,,,1.0,0.0,,,URY.1_1,RLM1,SP8,REF3
,,,1.0,0.0,,,VEN.1_1,RLM1,SP8,REF3
,,,1.0,0.0,,,VEN.2_1,RLM1,SP8,REF3
,,,1.0,0.0,,,BGD.1_1,RLM4,SP8,REF3
,,,1.0,0.0,,,BTN.1_1,RLM4,SP8,REF3
,,,1.0,0.0,,,BRN.1_1,RLM4,SP8,REF3
,,,1.0,0.0,,,KHM.1_1,RLM4,SP8,REF3
,,,1.0,0.0,,,TLS.1_1,RLM4,SP8,REF3
,,,1.0,0.0,,,ISR.1_1,RLM10,SP8,REF3
,,,1.0,0.0,,,JOR.1_1,RLM10,SP8,REF3
,,,0.0,0.0,,,KOR.1_1,RLM7,SP8,REF3
,,,0.0,0.0,,,KOR.2_1,RLM7,SP8,REF3
,,,1.0,0.0,,,LAO.1_1,RLM4,SP8,REF3
,,,1.0,0.0,,,LBN.1_1,RLM10,SP8,REF3
,,,1.0,0.0,,,MYS.1_1,RLM4,SP8,REF3
,,,1.0,0.0,,,MMR.1_1,RLM4,SP8,REF3
,,,1.0,0.0,,,NPL.1_1,RLM5,SP8,REF3
,,,1.0,0.0,,,PAK.1_1,RLM4,SP8,REF3
,,,1.0,0.0,,,PHL.1_1,RLM4,SP8,REF3
,,,1.0,0.0,,,SAU.1_1,RLM10,SP8,REF3
,,,1.0,0.0,,,LKA.1_1,RLM4,SP8,REF3
,,,1.0,0.0,,,SYR.1_1,RLM10,SP8,REF3
,,,1.0,0.0,,,THA.1_1,RLM4,SP8,REF3
,,,1.0,0.0,,,ARE.1_1,RLM10,SP8,REF3
,,,1.0,0.0,,,VNM.1_1,RLM4,SP8,REF3
,,,1.0,0.0,,,YEM.1_1,RLM10,SP8,REF3
,,,1.0,0.0,,,CYP.1_1,RLM10,SP8,REF3
,,,0.0,0.0,,,FIN.1_1,RLM7,SP8,REF3
,,,0.0,1.0,,,DEU.1_1,RLM7,SP8,REF3
,,,1.0,0.0,,,GRC.1_1,RLM7,SP8,REF3
,,,1.0,0.0,,,GRC.2_1,RLM7,SP8,REF3
,,,0.0,0.0,,,LTU.1_1,RLM7,SP8,REF3
,,,0.0,0.0,,,MLT.1_1,RLM10,SP8,REF3
,,,0.0,0.0,,,NLD.1_1,RLM7,SP8,REF3
,,,1.0,0.0,,,PRT.1_1,RLM7,SP8,REF3
,,,1.0,0.0,,,PRT.2_1,RLM7,SP8,REF3
,,,1.0,0.0,,,PRT.3_1,RLM7,SP8,REF3
,,,0.0,0.0,,,ROU.1_1,RLM7,SP8,REF3
,,,0.0,0.0,,,SVN.1_1,RLM7,SP8,REF3
,,,1.0,0.0,,,ESP.1_1,RLM7,SP8,REF3
,,,1.0,0.0,,,ESP.1_2,RLM7,SP8,REF3
,,,1.0,0.0,,,ESP.2_1,RLM7,SP8,REF3
,,,1.0,0.0,,,ESP.3_1,RLM7,SP8,REF3
,,,0.0,0.0,,,CHE.1_1,RLM7,SP8,REF3
,,,1.0,0.0,,,TUR.1_1,RLM7,SP8,REF3
,,,1.0,0.0,,,FRA.7_1,RLM3,SP8,REF3
,,,0.0,0.0,,,NZL.1_1,RLM8,SP8,REF3
,,,1.0,0.0,,,AUS.3_1,RLM8,SP8,REF3
,,,1.0,0.0,,,PNG.1_1,RLM3,SP8,REF3
,,,1.0,0.0,,,SLB.1_1,RLM3,SP8,REF3
,,,1.0,0.0,,,VUT.1_1,RLM3,SP8,REF3
,,,1.0,0.0,,,FRA.3_1,RLM11,SP28,REF3
,,,1.0,0.0,,,GBR.3_1,RLM6,SP28,REF3
,,,1.0,0.0,,,USA.1_1,RLM2,SP28,REF3
,,,1.0,0.0,,,USA.1_2,RLM2,SP28,REF3
,,,1.0,0.0,,,USA.2_1,RLM2,SP28,REF3
,,,1.0,0.0,,,AFG.1_1,RLM10,SP28,REF3
,,,1.0,0.0,,,BGD.1_1,RLM4,SP28,REF3
,,,1.0,0.0,,,BRN.1_1,RLM4,SP28,REF3
,,,1.0,0.0,,,KHM.1_1,RLM4,SP28,REF3
,,,1.0,0.0,,,AUS.5_1,RLM4,SP28,REF3
,,,1.0,0.0,,,IRN.1_1,RLM10,SP28,REF3
,,,1.0,0.0,,,IRQ.1_1,RLM10,SP28,REF3
,,,1.0,0.0,,,PRK.1_1,RLM7,SP28,REF3
,,,1.0,0.0,,,KOR.1_1,RLM7,SP28,REF3
,,,1.0,0.0,,,KOR.2_1,RLM7,SP28,REF3
,,,1.0,0.0,,,LAO.1_1,RLM4,SP28,REF3
,,,1.0,0.0,,,MDV.1_1,RLM4,SP28,REF3
,,,1.0,0.0,,,MMR.1_1,RLM4,SP28,REF3
,,,1.0,0.0,,,NPL.1_1,RLM5,SP28,REF3
,,,1.0,0.0,,,OMN.1_1,RLM10,SP28,REF3
,,,1.0,0.0,,,PAK.1_1,RLM4,SP28,REF3
,,,1.0,0.0,,,PHL.1_1,RLM4,SP28,REF3
,,,1.0,0.0,,,SGP.1_1,RLM4,SP28,REF3
,,,1.0,0.0,,,LKA.1_1,RLM4,SP28,REF3
,,,1.0,0.0,,,TWN.1_1,RLM4,SP28,REF3
,,,1.0,0.0,,,THA.1_1,RLM4,SP28,REF3
,,,1.0,0.0,,,VNM.1_1,RLM4,SP28,REF3
,,,0.0,1.0,,,DNK.1_1,RLM7,SP28,REF3
,,,0.0,1.0,,,DEU.1_1,RLM7,SP28,REF3
,,,0.0,1.0,,,NLD.1_1,RLM7,SP28,REF3
,,,0.0,0.0,,,SVN.1_1,RLM7,SP28,REF3
,,,1.0,0.0,,,USA.5_1,RLM3,SP28,REF3
,,,1.0,0.0,,,NZL.2_1,RLM3,SP28,REF3
,,,1.0,0.0,,,FRA.6_1,RLM3,SP28,REF3
,,,1.0,0.0,,,GUM.1_1,RLM3,SP28,REF3
,,,1.0,0.0,,,KIR.1_1,RLM3,SP28,REF3
,,,1.0,0.0,,,MHL.1_1,RLM3,SP28,REF3
,,,1.0,0.0,,,FSM.1_1,RLM3,SP28,REF3
,,,1.0,0.0,,,FRA.7_1,RLM3,SP28,REF3
,,,1.0,0.0,,,NZL.1_1,RLM8,SP28,REF3
,,,1.0,0.0,,,NIU.1_1,RLM3,SP28,REF3
,,,1.0,0.0,,,AUS.3_1,RLM8,SP28,REF3
,,,1.0,0.0,,,USA.4_1,RLM3,SP28,REF3
,,,1.0,0.0,,,USA.6_1,RLM3,SP28,REF3
,,,1.0,0.0,,,PLW.1_1,RLM3,SP28,REF3
,,,1.0,0.0,,,PNG.1_1,RLM3,SP28,REF3
,,,1.0,0.0,,,WSM.1_1,RLM3,SP28,REF3
,,,1.0,0.0,,,SLB.1_1,RLM3,SP28,REF3
,,,1.0,0.0,,,TON.1_1,RLM3,SP28,REF3
,,,1.0,0.0,,,TUV.1_1,RLM3,SP28,REF3
,,,1.0,0.0,,,VUT.1_1,RLM3,SP28,REF3
,,,1.0,0.0,,,ATG.1_1,RLM9,SP101,REF3
,,,1.0,0.0,,,ARG.1_1,RLM1,SP101,REF3
,,,1.0,0.0,,,ARG.2_1,RLM1,SP101,REF3
,,,1.0,0.0,,,BRB.1_1,RLM9,SP101,REF3
,,,1.0,0.0,,,GBR.6_1,RLM2,SP101,REF3
,,,1.0,0.0,,,BOL.1_1,RLM1,SP101,REF3
,,,1.0,0.0,,,COL.1_1,RLM1,SP101,REF3
,,,1.0,0.0,,,CRI.1_1,RLM9,SP101,REF3
,,,1.0,0.0,,,CUB.1_1,RLM9,SP101,REF3
,,,1.0,0.0,,,DMA.1_1,RLM9,SP101,REF3
,,,1.0,0.0,,,DOM.1_1,RLM9,SP101,REF3
,,,1.0,0.0,,,ECU.1_1,RLM1,SP101,REF3
,,,1.0,0.0,,,ECU.2_1,RLM1,SP101,REF3
,,,1.0,0.0,,,SLV.1_1,RLM9,SP101,REF3
,,,1.0,0.0,,,FRA.8_1,RLM1,SP101,REF3
,,,1.0,0.0,,,GTM.1_1,RLM9,SP101,REF3
,,,1.0,0.0,,,HND.1_1,RLM9,SP101,REF3
,,,1.0,0.0,,,HND.2_1,RLM9,SP101,REF3
,,,1.0,0.0,,,JAM.1_1,RLM9,SP101,REF3
,,,1.0,0.0,,,MEX.1_1,RLM2,SP101,REF3
,,,1.0,0.0,,,PER.1_1,RLM1,SP101,REF3
,,,1.0,0.0,,,USA.3_1,RLM9,SP101,REF3
,,,1.0,0.0,,,SUR.1_1,RLM1,SP101,REF3
,,,1.0,0.0,,,VEN.1_1,RLM1,SP101,REF3
,,,1.0,0.0,,,VEN.2_1,RLM1,SP101,REF3
,,,0.0,0.0,,,JPN.1_1,RLM5,SP101,REF3
,,,0.0,0.0,,,DNK.1_1,RLM7,SP101,REF3
,,,0.0,0.0,,,NLD.1_1,RLM7,SP101,REF3
,,,1.0,0.0,,,COM.1_1,RLM11,SP144,REF3
,,,1.0,0.0,,,MDG.1_1,RLM11,SP144,REF3
,,,1.0,0.0,,,MUS.1_1,RLM3,SP144,REF3
,,,1.0,0.0,,,FRA.3_1,RLM11,SP144,REF3
,,,1.0,0.0,,,SYC.1_1,RLM3,SP144,REF3
,,,1.0,0.0,,,TZA.1_1,RLM6,SP144,REF3
,,,1.0,0.0,,,UGA.1_1,RLM6,SP144,REF3
,,,1.0,0.0,,,USA.1_1,RLM2,SP144,REF3
,,,1.0,0.0,,,USA.1_2,RLM2,SP144,REF3
,,,1.0,0.0,,,USA.2_1,RLM2,SP144,REF3
,,,1.0,0.0,,,BHR.1_1,RLM10,SP144,REF3
,,,1.0,0.0,,,BGD.1_1,RLM4,SP144,REF3
,,,1.0,0.0,,,BTN.1_1,RLM4,SP144,REF3
,,,1.0,0.0,,,KHM.1_1,RLM4,SP144,REF3
,,,1.0,0.0,,,CHN.1_1,RLM7,SP144,REF3
,,,1.0,0.0,,,CHN.2_1,RLM7,SP144,REF3
,,,1.0,0.0,,,CHN.3_1,RLM7,SP144,REF3
,,,1.0,0.0,,,AUS.5_1,RLM4,SP144,REF3
,,,1.0,0.0,,,IRN.1_1,RLM10,SP144,REF3
,,,1.0,0.0,,,ISR.1_1,RLM10,SP144,REF3
,,,1.0,0.0,,,JPN.1_1,RLM5,SP144,REF3
,,,1.0,0.0,,,LAO.1_1,RLM4,SP144,REF3
,,,1.0,0.0,,,MDV.1_1,RLM4,SP144,REF3
,,,1.0,0.0,,,MMR.1_1,RLM4,SP144,REF3
,,,1.0,0.0,,,PAK.1_1,RLM4,SP144,REF3
,,,1.0,0.0,,,PHL.1_1,RLM4,SP144,REF3
,,,1.0,0.0,,,SGP.1_1,RLM4,SP144,REF3
,,,1.0,0.0,,,LKA.1_1,RLM4,SP144,REF3
,,,1.0,0.0,,,TWN.1_1,RLM4,SP144,REF3
,,,1.0,0.0,,,THA.1_1,RLM4,SP144,REF3
,,,1.0,0.0,,,VNM.1_1,RLM4,SP144,REF3
,,,1.0,0.0,,,USA.5_1,RLM3,SP144,REF3
,,,1.0,0.0,,,NZL.2_1,RLM3,SP144,REF3
,,,1.0,0.0,,,FRA.6_1,RLM3,SP144,REF3
,,,1.0,0.0,,,GUM.1_1,RLM3,SP144,REF3
,,,1.0,0.0,,,KIR.1_1,RLM3,SP144,REF3
,,,1.0,0.0,,,MHL.1_1,RLM3,SP144,REF3
,,,1.0,0.0,,,FSM.1_1,RLM3,SP144,REF3
,,,1.0,0.0,,,FRA.7_1,RLM3,SP144,REF3
,,,1.0,0.0,,,NIU.1_1,RLM3,SP144,REF3
,,,1.0,0.0,,,AUS.3_1,RLM8,SP144,REF3
,,,1.0,0.0,,,USA.4_1,RLM3,SP144,REF3
,,,1.0,0.0,,,USA.6_1,RLM3,SP144,REF3
,,,1.0,0.0,,,PNG.1_1,RLM3,SP144,REF3
,,,1.0,0.0,,,GBR.4_1,RLM3,SP144,REF3
,,,1.0,0.0,,,WSM.1_1,RLM3,SP144,REF3
,,,1.0,0.0,,,SLB.1_1,RLM3,SP144,REF3
,,,1.0,0.0,,,TON.1_1,RLM3,SP144,REF3
,,,1.0,0.0,,,VUT.1_1,RLM3,SP144,REF3
,,,0.0,0.0,,,USA.3_1,RLM9,SP122,REF3
,,,0.0,0.0,,,ARG.1_1,RLM1,SP49,REF3
,,,0.0,0.0,,,ARG.2_1,RLM1,SP49,REF3
,,,1.0,0.0,,,BLZ.1_1,RLM9,SP49,REF3
,,,1.0,0.0,,,COL.1_1,RLM1,SP49,REF3
,,,1.0,0.0,,,CRI.1_1,RLM9,SP49,REF3
,,,1.0,0.0,,,ECU.1_1,RLM1,SP49,REF3
,,,1.0,0.0,,,ECU.2_1,RLM1,SP49,REF3
,,,1.0,0.0,,,SLV.1_1,RLM9,SP49,REF3
,,,1.0,0.0,,,FRA.8_1,RLM1,SP49,REF3
,,,1.0,0.0,,,GTM.1_1,RLM9,SP49,REF3
,,,1.0,0.0,,,GUY.1_1,RLM1,SP49,REF3
,,,1.0,0.0,,,HND.1_1,RLM9,SP49,REF3
,,,1.0,0.0,,,HND.2_1,RLM9,SP49,REF3
,,,1.0,0.0,,,MEX.1_1,RLM2,SP49,REF3
,,,1.0,0.0,,,NIC.1_1,RLM9,SP49,REF3
,,,1.0,0.0,,,PAN.1_1,RLM9,SP49,REF3
,,,1.0,0.0,,,PER.1_1,RLM1,SP49,REF3
,,,1.0,0.0,,,VEN.1_1,RLM1,SP49,REF3
,,,1.0,0.0,,,VEN.2_1,RLM1,SP49,REF3
,,,1.0,0.0,,,COL.1_1,RLM1,SP209,REF3
,,,1.0,0.0,,,CRI.1_1,RLM9,SP209,REF3
,,,1.0,0.0,,,ECU.1_1,RLM1,SP209,REF3
,,,1.0,0.0,,,ECU.2_1,RLM1,SP209,REF3
,,,1.0,0.0,,,SLV.1_1,RLM9,SP209,REF3
,,,1.0,0.0,,,GTM.1_1,RLM9,SP209,REF3
,,,1.0,0.0,,,HND.1_1,RLM9,SP209,REF3
,,,1.0,0.0,,,HND.2_1,RLM9,SP209,REF3
,,,1.0,0.0,,,MEX.1_1,RLM2,SP209,REF3
,,,1.0,0.0,,,NIC.1_1,RLM9,SP209,REF3
,,,1.0,0.0,,,PAN.1_1,RLM9,SP209,REF3
,,,1.0,0.0,,,VEN.1_1,RLM1,SP209,REF3
,,,1.0,0.0,,,VEN.2_1,RLM1,SP209,REF3
,,,0.0,0.0,,,LTU.1_1,RLM7,SP209,REF3
,,,0.0,0.0,,,NLD.1_1,RLM7,SP209,REF3
,,,0.0,0.0,,,SVN.1_1,RLM7,SP209,REF3
,,,1.0,0.0,,,ESP.1_1,RLM7,SP209,REF3
,,,1.0,0.0,,,ESP.1_2,RLM7,SP209,REF3
,,,1.0,0.0,,,ESP.2_1,RLM7,SP209,REF3
,,,1.0,0.0,,,ESP.3_1,RLM7,SP209,REF3
,,,1.0,0.0,,,DZA.1_1,RLM10,SP75,REF3
,,,1.0,0.0,,,LBY.1_1,RLM10,SP75,REF3
,,,1.0,0.0,,,MAR.1_1,RLM10,SP75,REF3
,,,1.0,0.0,,,TUN.1_1,RLM10,SP75,REF3
,,,1.0,0.0,,,ISR.1_1,RLM10,SP75,REF3
,,,1.0,0.0,,,LBN.1_1,RLM10,SP75,REF3
,,,1.0,0.0,,,SYR.1_1,RLM10,SP75,REF3
,,,1.0,0.0,,,ALB.1_1,RLM7,SP75,REF3
,,,1.0,0.0,,,AUT.1_1,RLM7,SP75,REF3
,,,1.0,0.0,,,BIH.1_1,RLM7,SP75,REF3
,,,1.0,0.0,,,BGR.1_1,RLM7,SP75,REF3
,,,1.0,0.0,,,HRV.1_1,RLM7,SP75,REF3
,,,1.0,0.0,,,CYP.1_1,RLM10,SP75,REF3
,,,1.0,0.0,,,FRA.1_1,RLM7,SP75,REF3
,,,0.0,0.0,,,DEU.1_1,RLM7,SP75,REF3
,,,1.0,0.0,,,GRC.1_1,RLM7,SP75,REF3
,,,1.0,0.0,,,GRC.2_1,RLM7,SP75,REF3
,,,1.0,0.0,,,HUN.1_1,RLM7,SP75,REF3
,,,1.0,0.0,,,ITA.1_1,RLM7,SP75,REF3
,,,1.0,0.0,,,MNE.1_1,RLM7,SP75,REF3
,,,0.0,0.0,,,NLD.1_1,RLM7,SP75,REF3
,,,1.0,0.0,,,MKD.1_1,RLM7,SP75,REF3
,,,1.0,0.0,,,PRT.1_1,RLM7,SP75,REF3
,,,1.0,0.0,,,PRT.2_1,RLM7,SP75,REF3
,,,1.0,0.0,,,PRT.3_1,RLM7,SP75,REF3
,,,1.0,0.0,,,SRB.1_1,RLM7,SP75,REF3
,,,1.0,0.0,,,SVN.1_1,RLM7,SP75,REF3
,,,1.0,0.0,,,ESP.1_1,RLM7,SP75,REF3
,,,1.0,0.0,,,ESP.1_2,RLM7,SP75,REF3
,,,1.0,0.0,,,ESP.2_1,RLM7,SP75,REF3
,,,1.0,0.0,,,ESP.3_1,RLM7,SP75,REF3
,,,1.0,0.0,,,CHE.1_1,RLM7,SP75,REF3
,,,1.0,0.0,,,TUR.1_1,RLM7,SP75,REF3
,,,1.0,0.0,,,ISR.1_1,RLM10,SP216,REF3
,,,1.0,0.0,,,JOR.1_1,RLM10,SP216,REF3
,,,1.0,0.0,,,LBN.1_1,RLM10,SP216,REF3
,,,1.0,0.0,,,SYR.1_1,RLM10,SP216,REF3
,,,1.0,0.0,,,ALB.1_1,RLM7,SP216,REF3
,,,1.0,0.0,,,AUT.1_1,RLM7,SP216,REF3
,,,1.0,0.0,,,BEL.1_1,RLM7,SP216,REF3
,,,1.0,0.0,,,BGR.1_1,RLM7,SP216,REF3
,,,1.0,0.0,,,HRV.1_1,RLM7,SP216,REF3
,,,1.0,0.0,,,CZE.1_1,RLM7,SP216,REF3
,,,1.0,0.0,,,DNK.1_1,RLM7,SP216,REF3
,,,1.0,0.0,,,FRA.1_1,RLM7,SP216,REF3
,,,1.0,0.0,,,DEU.1_1,RLM7,SP216,REF3
,,,1.0,0.0,,,GRC.1_1,RLM7,SP216,REF3
,,,1.0,0.0,,,GRC.2_1,RLM7,SP216,REF3
,,,1.0,0.0,,,HUN.1_1,RLM7,SP216,REF3
,,,0.0,0.0,,,IRL.1_1,RLM7,SP216,REF3
,,,1.0,0.0,,,ITA.1_1,RLM7,SP216,REF3
,,,1.0,0.0,,,GBR.1_1,RLM7,SP216,REF3
,,,1.0,0.0,,,MDA.1_1,RLM7,SP216,REF3
,,,1.0,0.0,,,MNE.1_1,RLM7,SP216,REF3
,,,1.0,0.0,,,NLD.1_1,RLM7,SP216,REF3
,,,1.0,0.0,,,MKD.1_1,RLM7,SP216,REF3
,,,1.0,0.0,,,POL.1_1,RLM7,SP216,REF3
,,,1.0,0.0,,,PRT.1_1,RLM7,SP216,REF3
,,,1.0,0.0,,,PRT.2_1,RLM7,SP216,REF3
,,,1.0,0.0,,,PRT.3_1,RLM7,SP216,REF3
,,,1.0,0.0,,,ROU.1_1,RLM7,SP216,REF3
,,,1.0,0.0,,,,RLM7,SP216,REF3
,,,1.0,0.0,,,SVK.1_1,RLM7,SP216,REF3
,,,1.0,0.0,,,SVN.1_1,RLM7,SP216,REF3
,,,1.0,0.0,,,ESP.1_1,RLM7,SP216,REF3
,,,1.0,0.0,,,ESP.1_2,RLM7,SP216,REF3
,,,1.0,0.0,,,ESP.2_1,RLM7,SP216,REF3
,,,1.0,0.0,,,ESP.3_1,RLM7,SP216,REF3
,,,1.0,0.0,,,SWE.1_1,RLM7,SP216,REF3
,,,1.0,0.0,,,CHE.1_1,RLM7,SP216,REF3
,,,1.0,0.0,,,TUR.1_1,RLM7,SP216,REF3
,,,1.0,0.0,,,UKR.1_1,RLM7,SP216,REF3
,,,1.0,0.0,,,ARG.1_1,RLM1,SP568,REF3
,,,1.0,0.0,,,ARG.2_1,RLM1,SP568,REF3
,,,1.0,0.0,,,BOL.1_1,RLM1,SP568,REF3
,,,1.0,0.0,,,BRA.1_1,RLM1,SP568,REF3
,,,1.0,0.0,,,CHL.1_1,RLM1,SP568,REF3
,,,1.0,0.0,,,COL.1_1,RLM1,SP568,REF3
,,,1.0,0.0,,,ECU.1_1,RLM1,SP568,REF3
,,,1.0,0.0,,,ECU.2_1,RLM1,SP568,REF3
,,,1.0,0.0,,,FRA.8_1,RLM1,SP568,REF3
,,,1.0,0.0,,,GUY.1_1,RLM1,SP568,REF3
,,,1.0,0.0,,,MEX.1_1,RLM2,SP568,REF3
,,,1.0,0.0,,,PAN.1_1,RLM9,SP568,REF3
,,,1.0,0.0,,,PRY.1_1,RLM1,SP568,REF3
,,,1.0,0.0,,,PER.1_1,RLM1,SP568,REF3
,,,1.0,0.0,,,SUR.1_1,RLM1,SP568,REF3
,,,1.0,0.0,,,TTO.1_1,RLM1,SP568,REF3
,,,1.0,0.0,,,USA.1_1,RLM2,SP568,REF3
,,,1.0,0.0,,,USA.1_2,RLM2,SP568,REF3
,,,1.0,0.0,,,USA.2_1,RLM2,SP568,REF3
,,,1.0,0.0,,,URY.1_1,RLM1,SP568,REF3
,,,1.0,0.0,,,VEN.1_1,RLM1,SP568,REF3
,,,1.0,0.0,,,VEN.2_1,RLM1,SP568,REF3
,,,1.0,0.0,,,TTO.1_1,RLM1,SP537,REF3
,,,0.0,0.0,,,KHM.1_1,RLM4,SP161,REF3
,,,1.0,0.0,,,CHN.1_1,RLM7,SP161,REF3
,,,1.0,0.0,,,CHN.2_1,RLM7,SP161,REF3
,,,1.0,0.0,,,CHN.3_1,RLM7,SP161,REF3
,,,1.0,0.0,,,PRK.1_1,RLM7,SP161,REF3
,,,0.0,0.0,,,LAO.1_1,RLM4,SP161,REF3
,,,1.0,0.0,,,PHL.1_1,RLM4,SP161,REF3
,,,1.0,0.0,,,SGP.1_1,RLM4,SP161,REF3
,,,1.0,0.0,,,LKA.1_1,RLM4,SP161,REF3
,,,1.0,0.0,,,TWN.1_1,RLM4,SP161,REF3
,,,1.0,0.0,,,THA.1_1,RLM4,SP161,REF3
,,,1.0,0.0,,,VNM.1_1,RLM4,SP161,REF3
,,,1.0,0.0,,,USA.5_1,RLM3,SP161,REF3
,,,1.0,0.0,,,NZL.2_1,RLM3,SP161,REF3
,,,1.0,0.0,,,FRA.6_1,RLM3,SP161,REF3
,,,1.0,0.0,,,FSM.1_1,RLM3,SP161,REF3
,,,0.0,0.0,,,NZL.1_1,RLM8,SP161,REF3
,,,1.0,0.0,,,NIU.1_1,RLM3,SP161,REF3
,,,1.0,0.0,,,USA.4_1,RLM3,SP161,REF3
,,,1.0,0.0,,,USA.6_1,RLM3,SP161,REF3
,,,1.0,0.0,,,PNG.1_1,RLM3,SP161,REF3
,,,1.0,0.0,,,WSM.1_1,RLM3,SP161,REF3
,,,1.0,0.0,,,TON.1_1,RLM3,SP161,REF3
,,,1.0,0.0,,,BRB.1_1,RLM9,SP1173,REF3
,,,1.0,0.0,,,FRA.5_1,RLM9,SP1173,REF3
,,,1.0,0.0,,,GUY.1_1,RLM1,SP1173,REF3
,,,1.0,0.0,,,JAM.1_1,RLM9,SP1173,REF3
,,,0.0,0.0,,,BEN.1_1,RLM6,SP32,REF3
,,,1.0,0.0,,,BWA.1_1,RLM6,SP32,REF3
,,,1.0,0.0,,,CMR.1_1,RLM6,SP32,REF3
,,,1.0,0.0,,,COM.1_1,RLM11,SP32,REF3
,,,1.0,0.0,,,SWZ.1_1,RLM6,SP32,REF3
,,,1.0,0.0,,,ETH.1_1,RLM6,SP32,REF3
,,,1.0,0.0,,,KEN.1_1,RLM6,SP32,REF3
,,,1.0,0.0,,,LSO.1_1,RLM6,SP32,REF3
,,,1.0,0.0,,,MWI.1_1,RLM6,SP32,REF3
,,,1.0,0.0,,,MOZ.1_1,RLM6,SP32,REF3
,,,0.0,0.0,,,FRA.3_1,RLM11,SP32,REF3
,,,1.0,0.0,,,SOM.1_1,RLM6,SP32,REF3
,,,1.0,0.0,,,ZAF.1_1,RLM6,SP32,REF3
,,,1.0,0.0,,,SDN.1_1,RLM6,SP32,REF3
,,,1.0,0.0,,,TZA.1_1,RLM6,SP32,REF3
,,,1.0,0.0,,,UGA.1_1,RLM6,SP32,REF3
,,,1.0,0.0,,,ZMB.1_1,RLM6,SP32,REF3
,,,1.0,0.0,,,ZWE.1_1,RLM6,SP32,REF3
,,,1.0,0.0,,,AFG.1_1,RLM10,SP32,REF3
,,,1.0,0.0,,,BGD.1_1,RLM4,SP32,REF3
,,,1.0,0.0,,,KHM.1_1,RLM4,SP32,REF3
,,,1.0,0.0,,,ISR.1_1,RLM10,SP32,REF3
,,,0.0,0.0,,,JPN.1_1,RLM5,SP32,REF3
,,,1.0,0.0,,,LAO.1_1,RLM4,SP32,REF3
,,,1.0,0.0,,,NPL.1_1,RLM5,SP32,REF3
,,,1.0,0.0,,,PAK.1_1,RLM4,SP32,REF3
,,,1.0,0.0,,,LKA.1_1,RLM4,SP32,REF3
,,,0.0,0.0,,,TWN.1_1,RLM4,SP32,REF3
,,,1.0,0.0,,,THA.1_1,RLM4,SP32,REF3
,,,1.0,0.0,,,VNM.1_1,RLM4,SP32,REF3
,,,1.0,0.0,,,YEM.1_1,RLM10,SP32,REF3
,,,1.0,0.0,,,TUR.1_1,RLM7,SP32,REF3
,,,1.0,0.0,,,EGY.1_1,RLM10,SP1174,REF3
,,,1.0,0.0,,,SDN.1_1,RLM6,SP1174,REF3
,,,1.0,0.0,,,UGA.1_1,RLM6,SP1174,REF3
1.0,,,1.0,0.0,,,IRQ.1_1,RLM10,SP1174,REF3
,,,1.0,0.0,,,ISR.1_1,RLM10,SP1174,REF3
,,,1.0,0.0,,,MDG.1_1,RLM11,SP606,REF3
,,,1.0,0.0,,,MUS.1_1,RLM3,SP606,REF3
,,,1.0,0.0,,,FRA.3_1,RLM11,SP606,REF3
,,,0.0,0.0,,,EGY.1_1,RLM10,SP40,REF3
,,,0.0,0.0,,,MWI.1_1,RLM6,SP40,REF3
,,,0.0,0.0,,,TZA.1_1,RLM6,SP40,REF3
,,,0.0,0.0,,,GUY.1_1,RLM1,SP40,REF3
,,,0.0,0.0,,,MEX.1_1,RLM2,SP40,REF3
,,,1.0,0.0,,,USA.1_1,RLM2,SP40,REF3
,,,1.0,0.0,,,USA.1_2,RLM2,SP40,REF3
,,,1.0,0.0,,,USA.2_1,RLM2,SP40,REF3
,,,1.0,0.0,,,BGD.1_1,RLM4,SP40,REF3
,,,1.0,0.0,,,BRN.1_1,RLM4,SP40,REF3
,,,1.0,0.0,,,KHM.1_1,RLM4,SP40,REF3
,,,1.0,0.0,,,IRN.1_1,RLM10,SP40,REF3
,,,1.0,0.0,,,IRQ.1_1,RLM10,SP40,REF3
,,,1.0,0.0,,,PRK.1_1,RLM7,SP40,REF3
,,,1.0,0.0,,,KOR.1_1,RLM7,SP40,REF3
,,,1.0,0.0,,,KOR.2_1,RLM7,SP40,REF3
,,,1.0,0.0,,,LAO.1_1,RLM4,SP40,REF3
,,,1.0,0.0,,,MMR.1_1,RLM4,SP40,REF3
,,,1.0,0.0,,,NPL.1_1,RLM5,SP40,REF3
,,,1.0,0.0,,,PAK.1_1,RLM4,SP40,REF3
,,,1.0,0.0,,,PHL.1_1,RLM4,SP40,REF3
,,,1.0,0.0,,,LKA.1_1,RLM4,SP40,REF3
,,,1.0,0.0,,,TWN.1_1,RLM4,SP40,REF3
,,,1.0,0.0,,,THA.1_1,RLM4,SP40,REF3
,,,1.0,0.0,,,VNM.1_1,RLM4,SP40,REF3
,,,1.0,0.0,,,FRA.1_1,RLM7,SP40,REF3
,,,1.0,0.0,,,HUN.1_1,RLM7,SP40,REF3
,,,1.0,0.0,,,PRT.1_1,RLM7,SP40,REF3
,,,1.0,0.0,,,PRT.2_1,RLM7,SP40,REF3
,,,1.0,0.0,,,PRT.3_1,RLM7,SP40,REF3
,,,1.0,0.0,,,ESP.1_1,RLM7,SP40,REF3
,,,1.0,0.0,,,ESP.1_2,RLM7,SP40,REF3
,,,1.0,0.0,,,ESP.2_1,RLM7,SP40,REF3
,,,1.0,0.0,,,ESP.3_1,RLM7,SP40,REF3
,,,1.0,0.0,,,PNG.1_1,RLM3,SP40,REF3
,,,0.0,0.0,,,NLD.1_1,RLM7,,REF3
,,,0.0,0.0,,,NLD.1_1,RLM7,SP201,REF3
,,,1.0,0.0,,,USA.1_1,RLM2,SP113,REF3
,,,1.0,0.0,,,USA.1_2,RLM2,SP113,REF3
,,,1.0,0.0,,,USA.2_1,RLM2,SP113,REF3
,,,0.0,0.0,,,NLD.1_1,RLM7,SP113,REF3
,,,0.0,0.0,,,NLD.1_1,RLM7,,REF3
,,,0.0,0.0,,,NLD.1_1,RLM7,SP114,REF3
,,,0.0,0.0,,,SVN.1_1,RLM7,SP114,REF3
,,,0.0,0.0,,,NLD.1_1,RLM7,SP202,REF3
,,,0.0,0.0,,,NLD.1_1,RLM7,SP107,REF3
,,,1.0,0.0,,,MEX.1_1,RLM2,SP125,REF3
,,,0.0,0.0,,,NLD.1_1,RLM7,SP125,REF3
,,,0.0,0.0,,,SVN.1_1,RLM7,SP125,REF3
,,,0.0,0.0,,,NLD.1_1,RLM7,SP126,REF3
,,,0.0,0.0,,,NLD.1_1,RLM7,SP115,REF3
,,,0.0,0.0,,,SVN.1_1,RLM7,SP115,REF3
,,,0.0,0.0,,,CHL.1_1,RLM1,SP162,REF3
,,,1.0,0.0,,,USA.1_1,RLM2,SP162,REF3
,,,1.0,0.0,,,USA.1_2,RLM2,SP162,REF3
,,,1.0,0.0,,,USA.2_1,RLM2,SP162,REF3
,,,1.0,0.0,,,BRN.1_1,RLM4,SP162,REF3
,,,1.0,0.0,,,KHM.1_1,RLM4,SP162,REF3
,,,1.0,0.0,,,CHN.1_1,RLM7,SP162,REF3
,,,1.0,0.0,,,CHN.2_1,RLM7,SP162,REF3
,,,1.0,0.0,,,CHN.3_1,RLM7,SP162,REF3
,,,1.0,0.0,,,IDN.1_1,RLM4,SP162,REF3
,,,0.0,0.0,,,ISR.1_1,RLM10,SP162,REF3
,,,1.0,0.0,,,JPN.1_1,RLM5,SP162,REF3
,,,1.0,0.0,,,KOR.1_1,RLM7,SP162,REF3
,,,1.0,0.0,,,KOR.2_1,RLM7,SP162,REF3
,,,1.0,0.0,,,MYS.1_1,RLM4,SP162,REF3
,,,1.0,0.0,,,MMR.1_1,RLM4,SP162,REF3
,,,1.0,0.0,,,PHL.1_1,RLM4,SP162,REF3
,,,1.0,0.0,,,LKA.1_1,RLM4,SP162,REF3
,,,1.0,0.0,,,THA.1_1,RLM4,SP162,REF3
,,,1.0,0.0,,,TKM.1_1,RLM7,SP162,REF3
,,,1.0,0.0,,,VNM.1_1,RLM4,SP162,REF3
,,,0.0,0.0,,,DEU.1_1,RLM7,SP162,REF3
,,,0.0,0.0,,,NLD.1_1,RLM7,SP162,REF3
,,,0.0,0.0,,,SWE.1_1,RLM7,SP162,REF3
,,,0.0,0.0,,,GBR.1_1,RLM7,SP162,REF3
,,,1.0,0.0,,,NZL.1_1,RLM8,SP162,REF3
,,,1.0,0.0,,,PNG.1_1,RLM3,SP162,REF3
,,,1.0,0.0,,,TON.1_1,RLM3,SP162,REF3
,,,1.0,0.0,,,BRN.1_1,RLM4,SP53,REF3
,,,1.0,0.0,,,CHN.1_1,RLM7,SP53,REF3
,,,1.0,0.0,,,CHN.2_1,RLM7,SP53,REF3
,,,1.0,0.0,,,CHN.3_1,RLM7,SP53,REF3
,,,1.0,0.0,,,PHL.1_1,RLM4,SP53,REF3
,,,1.0,0.0,,,TWN.1_1,RLM4,SP53,REF3
,,,1.0,0.0,,,PNG.1_1,RLM3,SP53,REF3
,,,1.0,0.0,,,WSM.1_1,RLM3,SP53,REF3
,,,1.0,0.0,,,CHN.1_1,RLM7,SP52,REF3
,,,1.0,0.0,,,CHN.2_1,RLM7,SP52,REF3
,,,1.0,0.0,,,CHN.3_1,RLM7,SP52,REF3
,,,1.0,0.0,,,KOR.1_1,RLM7,SP52,REF3
,,,1.0,0.0,,,KOR.2_1,RLM7,SP52,REF3
,,,1.0,0.0,,,ARM.1_1,RLM7,SP52,REF3
,,,1.0,0.0,,,AUT.1_1,RLM7,SP52,REF3
,,,1.0,0.0,,,AZE.1_1,RLM7,SP52,REF3
,,,1.0,0.0,,,BEL.1_1,RLM7,SP52,REF3
,,,1.0,0.0,,,BGR.1_1,RLM7,SP52,REF3
,,,1.0,0.0,,,DNK.1_1,RLM7,SP52,REF3
,,,1.0,0.0,,,EST.1_1,RLM7,SP52,REF3
,,,1.0,0.0,,,FIN.1_1,RLM7,SP52,REF3
,,,1.0,0.0,,,FRA.1_1,RLM7,SP52,REF3
,,,1.0,0.0,,,GEO.1_1,RLM7,SP52,REF3
,,,1.0,0.0,,,DEU.1_1,RLM7,SP52,REF3
,,,1.0,0.0,,,HUN.1_1,RLM7,SP52,REF3
,,,1.0,0.0,,,ITA.1_1,RLM7,SP52,REF3
,,,1.0,0.0,,,LTU.1_1,RLM7,SP52,REF3
,,,1.0,0.0,,,NLD.1_1,RLM7,SP52,REF3
,,,1.0,0.0,,,NOR.1_1,RLM7,SP52,REF3
,,,1.0,0.0,,,POL.1_1,RLM7,SP52,REF3
,,,1.0,0.0,,,ROU.1_1,RLM7,SP52,REF3
,,,1.0,0.0,,,SRB.1_1,RLM7,SP52,REF3
,,,1.0,0.0,,,SVN.1_1,RLM7,SP52,REF3
,,,1.0,0.0,,,ESP.1_1,RLM7,SP52,REF3
,,,1.0,0.0,,,ESP.1_2,RLM7,SP52,REF3
,,,1.0,0.0,,,ESP.2_1,RLM7,SP52,REF3
,,,1.0,0.0,,,ESP.3_1,RLM7,SP52,REF3
,,,1.0,0.0,,,SWE.1_1,RLM7,SP52,REF3
,,,1.0,0.0,,,CHE.1_1,RLM7,SP52,REF3
,,,1.0,0.0,,,UKR.1_1,RLM7,SP52,REF3
1.0,,,1.0,0.0,,,DZA.1_1,RLM10,SP163,REF3
1.0,,,1.0,0.0,,,AGO.1_1,RLM6,SP163,REF3
1.0,,,1.0,0.0,,,BEN.1_1,RLM6,SP163,REF3
1.0,,,1.0,0.0,,,BWA.1_1,RLM6,SP163,REF3
1.0,,,1.0,0.0,,,CPV.1_1,RLM6,SP163,REF3
1.0,,,1.0,0.0,,,COD.1_1,RLM6,SP163,REF3
1.0,,,1.0,0.0,,,,RLM6,SP163,REF3
1.0,,,1.0,0.0,,,EGY.1_1,RLM10,SP163,REF3
1.0,,,1.0,0.0,,,ETH.1_1,RLM6,SP163,REF3
1.0,,,1.0,0.0,,,KEN.1_1,RLM6,SP163,REF3
1.0,,,1.0,0.0,,,LBY.1_1,RLM10,SP163,REF3
1.0,,,1.0,0.0,,,MWI.1_1,RLM6,SP163,REF3
1.0,,,1.0,0.0,,,MLI.1_1,RLM6,SP163,REF3
1.0,,,1.0,0.0,,,MAR.1_1,RLM10,SP163,REF3
1.0,,,1.0,0.0,,,MOZ.1_1,RLM6,SP163,REF3
1.0,,,1.0,0.0,,,NAM.1_1,RLM6,SP163,REF3
1.0,,,1.0,0.0,,,GBR.3_1,RLM6,SP163,REF3
1.0,,,1.0,0.0,,,SEN.1_1,RLM6,SP163,REF3
1.0,,,1.0,0.0,,,ZAF.1_1,RLM6,SP163,REF3
1.0,,,1.0,0.0,,,SDN.1_1,RLM6,SP163,REF3
1.0,,,1.0,0.0,,,TZA.1_1,RLM6,SP163,REF3
1.0,,,1.0,0.0,,,TGO.1_1,RLM6,SP163,REF3
1.0,,,1.0,0.0,,,TUN.1_1,RLM10,SP163,REF3
1.0,,,1.0,0.0,,,UGA.1_1,RLM6,SP163,REF3
1.0,,,1.0,0.0,,,ZMB.1_1,RLM6,SP163,REF3
1.0,,,1.0,0.0,,,ZWE.1_1,RLM6,SP163,REF3
1.0,,,1.0,0.0,,,AFG.1_1,RLM10,SP163,REF3
1.0,,,1.0,0.0,,,BGD.1_1,RLM4,SP163,REF3
1.0,,,1.0,0.0,,,BTN.1_1,RLM4,SP163,REF3
1.0,,,1.0,0.0,,,IRN.1_1,RLM10,SP163,REF3
1.0,,,1.0,0.0,,,IRQ.1_1,RLM10,SP163,REF3
1.0,,,1.0,0.0,,,ISR.1_1,RLM10,SP163,REF3
1.0,,,1.0,0.0,,,JOR.1_1,RLM10,SP163,REF3
1.0,,,1.0,0.0,,,KAZ.1_1,RLM7,SP163,REF3
1.0,,,1.0,0.0,,,PRK.1_1,RLM7,SP163,REF3
1.0,,,1.0,0.0,,,KOR.1_1,RLM7,SP163,REF3
1.0,,,1.0,0.0,,,KOR.2_1,RLM7,SP163,REF3
1.0,,,1.0,0.0,,,KGZ.1_1,RLM7,SP163,REF3
1.0,,,1.0,0.0,,,LBN.1_1,RLM10,SP163,REF3
1.0,,,1.0,0.0,,,MMR.1_1,RLM4,SP163,REF3
1.0,,,1.0,0.0,,,NPL.1_1,RLM5,SP163,REF3
1.0,,,1.0,0.0,,,PAK.1_1,RLM4,SP163,REF3
1.0,,,1.0,0.0,,,PHL.1_1,RLM4,SP163,REF3
1.0,,,1.0,0.0,,,SAU.1_1,RLM10,SP163,REF3
1.0,,,1.0,0.0,,,LKA.1_1,RLM4,SP163,REF3
1.0,,,1.0,0.0,,,SYR.1_1,RLM10,SP163,REF3
1.0,,,1.0,0.0,,,TWN.1_1,RLM4,SP163,REF3
1.0,,,1.0,0.0,,,TJK.1_1,RLM7,SP163,REF3
1.0,,,1.0,0.0,,,TKM.1_1,RLM7,SP163,REF3
1.0,,,1.0,0.0,,,UZB.1_1,RLM7,SP163,REF3
1.0,,,1.0,0.0,,,YEM.1_1,RLM10,SP163,REF3
1.0,,,1.0,0.0,,,AUT.1_1,RLM7,SP163,REF3
1.0,,,1.0,0.0,,,AZE.1_1,RLM7,SP163,REF3
1.0,,,1.0,0.0,,,BLR.1_1,RLM7,SP163,REF3
1.0,,,1.0,0.0,,,BEL.1_1,RLM7,SP163,REF3
1.0,,,1.0,0.0,,,BGR.1_1,RLM7,SP163,REF3
1.0,,,1.0,0.0,,,HRV.1_1,RLM7,SP163,REF3
1.0,,,1.0,0.0,,,CYP.1_1,RLM10,SP163,REF3
1.0,,,1.0,0.0,,,CZE.1_1,RLM7,SP163,REF3
1.0,,,1.0,0.0,,,DNK.1_1,RLM7,SP163,REF3
1.0,,,1.0,0.0,,,EST.1_1,RLM7,SP163,REF3
1.0,,,1.0,0.0,,,FIN.1_1,RLM7,SP163,REF3
1.0,,,1.0,0.0,,,FRA.1_1,RLM7,SP163,REF3
1.0,,,1.0,0.0,,,DEU.1_1,RLM7,SP163,REF3
1.0,,,1.0,0.0,,,GRC.1_1,RLM7,SP163,REF3
1.0,,,1.0,0.0,,,GRC.2_1,RLM7,SP163,REF3
1.0,,,1.0,0.0,,,HUN.1_1,RLM7,SP163,REF3
1.0,,,1.0,0.0,,,IRL.1_1,RLM7,SP163,REF3
1.0,,,1.0,0.0,,,ITA.1_1,RLM7,SP163,REF3
1.0,,,1.0,0.0,,,LVA.1_1,RLM7,SP163,REF3
1.0,,,1.0,0.0,,,LTU.1_1,RLM7,SP163,REF3
1.0,,,1.0,0.0,,,MLT.1_1,RLM10,SP163,REF3
1.0,,,1.0,0.0,,,MDA.1_1,RLM7,SP163,REF3
1.0,,,1.0,0.0,,,NLD.1_1,RLM7,SP163,REF3
1.0,,,1.0,0.0,,,NOR.1_1,RLM7,SP163,REF3
1.0,,,1.0,0.0,,,POL.1_1,RLM7,SP163,REF3
1.0,,,1.0,0.0,,,PRT.1_1,RLM7,SP163,REF3
1.0,,,1.0,0.0,,,PRT.2_1,RLM7,SP163,REF3
1.0,,,1.0,0.0,,,PRT.3_1,RLM7,SP163,REF3
1.0,,,1.0,0.0,,,ROU.1_1,RLM7,SP163,REF3
1.0,,,1.0,0.0,,,SRB.1_1,RLM7,SP163,REF3
1.0,,,1.0,0.0,,,SVN.1_1,RLM7,SP163,REF3
1.0,,,1.0,0.0,,,ESP.1_1,RLM7,SP163,REF3
1.0,,,1.0,0.0,,,ESP.1_2,RLM7,SP163,REF3
1.0,,,1.0,0.0,,,ESP.2_1,RLM7,SP163,REF3
1.0,,,1.0,0.0,,,ESP.3_1,RLM7,SP163,REF3
1.0,,,1.0,0.0,,,SWE.1_1,RLM7,SP163,REF3
1.0,,,1.0,0.0,,,CHE.1_1,RLM7,SP163,REF3
1.0,,,1.0,0.0,,,TUR.1_1,RLM7,SP163,REF3
1.0,,,1.0,0.0,,,UKR.1_1,RLM7,SP163,REF3
,,,1.0,0.0,,,AGO.1_1,RLM6,SP155,REF3
,,,1.0,0.0,,,BEN.1_1,RLM6,SP155,REF3
,,,1.0,0.0,,,BFA.1_1,RLM6,SP155,REF3
,,,1.0,0.0,,,CMR.1_1,RLM6,SP155,REF3
,,,1.0,0.0,,,TCD.1_1,RLM6,SP155,REF3
,,,1.0,0.0,,,COD.1_1,RLM6,SP155,REF3
,,,1.0,0.0,,,,RLM6,SP155,REF3
,,,1.0,0.0,,,ETH.1_1,RLM6,SP155,REF3
,,,1.0,0.0,,,GMB.1_1,RLM6,SP155,REF3
,,,1.0,0.0,,,GHA.1_1,RLM6,SP155,REF3
,,,1.0,0.0,,,KEN.1_1,RLM6,SP155,REF3
,,,1.0,0.0,,,MDG.1_1,RLM11,SP155,REF3
,,,1.0,0.0,,,MWI.1_1,RLM6,SP155,REF3
,,,1.0,0.0,,,MLI.1_1,RLM6,SP155,REF3
,,,1.0,0.0,,,MUS.1_1,RLM3,SP155,REF3
,,,1.0,0.0,,,NER.1_1,RLM6,SP155,REF3
,,,1.0,0.0,,,NGA.1_1,RLM6,SP155,REF3
,,,1.0,0.0,,,SEN.1_1,RLM6,SP155,REF3
,,,1.0,0.0,,,SOM.1_1,RLM6,SP155,REF3
,,,1.0,0.0,,,SDN.1_1,RLM6,SP155,REF3
,,,1.0,0.0,,,TZA.1_1,RLM6,SP155,REF3
,,,1.0,0.0,,,TGO.1_1,RLM6,SP155,REF3
,,,1.0,0.0,,,UGA.1_1,RLM6,SP155,REF3
,,,1.0,0.0,,,ZMB.1_1,RLM6,SP155,REF3
,,,1.0,0.0,,,ZWE.1_1,RLM6,SP155,REF3
,,,1.0,0.0,,,KHM.1_1,RLM4,SP155,REF3
,,,1.0,0.0,,,CHN.1_1,RLM7,SP155,REF3
,,,1.0,0.0,,,CHN.2_1,RLM7,SP155,REF3
,,,1.0,0.0,,,CHN.3_1,RLM7,SP155,REF3
,,,1.0,0.0,,,ISR.1_1,RLM10,SP155,REF3
,,,1.0,0.0,,,JPN.1_1,RLM5,SP155,REF3
,,,1.0,0.0,,,KOR.1_1,RLM7,SP155,REF3
,,,1.0,0.0,,,KOR.2_1,RLM7,SP155,REF3
,,,1.0,0.0,,,LAO.1_1,RLM4,SP155,REF3
,,,1.0,0.0,,,MMR.1_1,RLM4,SP155,REF3
,,,1.0,0.0,,,PAK.1_1,RLM4,SP155,REF3
,,,1.0,0.0,,,PHL.1_1,RLM4,SP155,REF3
,,,1.0,0.0,,,LKA.1_1,RLM4,SP155,REF3
,,,1.0,0.0,,,TWN.1_1,RLM4,SP155,REF3
,,,1.0,0.0,,,THA.1_1,RLM4,SP155,REF3
,,,1.0,0.0,,,VNM.1_1,RLM4,SP155,REF3
,,,1.0,0.0,,,USA.5_1,RLM3,SP155,REF3
,,,1.0,0.0,,,NZL.2_1,RLM3,SP155,REF3
,,,1.0,0.0,,,FRA.6_1,RLM3,SP155,REF3
,,,1.0,0.0,,,GUM.1_1,RLM3,SP155,REF3
,,,1.0,0.0,,,FRA.7_1,RLM3,SP155,REF3
,,,1.0,0.0,,,USA.4_1,RLM3,SP155,REF3
,,,1.0,0.0,,,USA.6_1,RLM3,SP155,REF3
,,,1.0,0.0,,,PNG.1_1,RLM3,SP155,REF3
,,,1.0,0.0,,,WSM.1_1,RLM3,SP155,REF3
,,,1.0,0.0,,,SLB.1_1,RLM3,SP155,REF3
,,,1.0,0.0,,,TON.1_1,RLM3,SP155,REF3
,,,1.0,0.0,,,VUT.1_1,RLM3,SP155,REF3
,,,1.0,0.0,,,KAZ.1_1,RLM7,SP67,REF3
,,,1.0,0.0,,,KGZ.1_1,RLM7,SP67,REF3
,,,1.0,0.0,,,ALB.1_1,RLM7,SP67,REF3
,,,1.0,0.0,,,ARM.1_1,RLM7,SP67,REF3
,,,1.0,0.0,,,AUT.1_1,RLM7,SP67,REF3
,,,1.0,0.0,,,BLR.1_1,RLM7,SP67,REF3
,,,1.0,0.0,,,BEL.1_1,RLM7,SP67,REF3
,,,1.0,0.0,,,BIH.1_1,RLM7,SP67,REF3
,,,1.0,0.0,,,BGR.1_1,RLM7,SP67,REF3
,,,1.0,0.0,,,HRV.1_1,RLM7,SP67,REF3
,,,1.0,0.0,,,CZE.1_1,RLM7,SP67,REF3
,,,1.0,0.0,,,DNK.1_1,RLM7,SP67,REF3
,,,1.0,0.0,,,EST.1_1,RLM7,SP67,REF3
,,,1.0,0.0,,,FIN.1_1,RLM7,SP67,REF3
,,,1.0,0.0,,,FRA.1_1,RLM7,SP67,REF3
,,,1.0,0.0,,,GEO.1_1,RLM7,SP67,REF3
,,,1.0,0.0,,,DEU.1_1,RLM7,SP67,REF3
,,,1.0,0.0,,,GRC.1_1,RLM7,SP67,REF3
,,,1.0,0.0,,,GRC.2_1,RLM7,SP67,REF3
,,,1.0,0.0,,,HUN.1_1,RLM7,SP67,REF3
,,,1.0,0.0,,,IRL.1_1,RLM7,SP67,REF3
,,,1.0,0.0,,,ITA.1_1,RLM7,SP67,REF3
,,,1.0,0.0,,,LVA.1_1,RLM7,SP67,REF3
,,,1.0,0.0,,,LIE.1_1,RLM7,SP67,REF3
,,,1.0,0.0,,,LTU.1_1,RLM7,SP67,REF3
,,,1.0,0.0,,,LUX.1_1,RLM7,SP67,REF3
,,,1.0,0.0,,,MDA.1_1,RLM7,SP67,REF3
,,,1.0,0.0,,,NLD.1_1,RLM7,SP67,REF3
,,,1.0,0.0,,,MKD.1_1,RLM7,SP67,REF3
,,,1.0,0.0,,,NOR.1_1,RLM7,SP67,REF3
,,,1.0,0.0,,,POL.1_1,RLM7,SP67,REF3
,,,1.0,0.0,,,PRT.1_1,RLM7,SP67,REF3
,,,1.0,0.0,,,PRT.2_1,RLM7,SP67,REF3
,,,1.0,0.0,,,PRT.3_1,RLM7,SP67,REF3
,,,1.0,0.0,,,ROU.1_1,RLM7,SP67,REF3
,,,1.0,0.0,,,,RLM7,SP67,REF3
,,,1.0,0.0,,,SRB.1_1,RLM7,SP67,REF3
,,,1.0,0.0,,,SVK.1_1,RLM7,SP67,REF3
,,,1.0,0.0,,,SVN.1_1,RLM7,SP67,REF3
,,,1.0,0.0,,,ESP.1_1,RLM7,SP67,REF3
,,,1.0,0.0,,,ESP.1_2,RLM7,SP67,REF3
,,,1.0,0.0,,,ESP.2_1,RLM7,SP67,REF3
,,,1.0,0.0,,,ESP.3_1,RLM7,SP67,REF3
,,,1.0,0.0,,,SWE.1_1,RLM7,SP67,REF3
,,,1.0,0.0,,,CHE.1_1,RLM7,SP67,REF3
,,,1.0,0.0,,,TUR.1_1,RLM7,SP67,REF3
,,,1.0,0.0,,,UKR.1_1,RLM7,SP67,REF3
,,,1.0,0.0,,,AFG.1_1,RLM10,SP152,REF3
,,,1.0,0.0,,,BGD.1_1,RLM4,SP152,REF3
,,,0.0,0.0,,,KHM.1_1,RLM4,SP152,REF3
,,,1.0,0.0,,,PRK.1_1,RLM7,SP152,REF3
,,,1.0,0.0,,,KOR.1_1,RLM7,SP152,REF3
,,,1.0,0.0,,,KOR.2_1,RLM7,SP152,REF3
,,,0.0,0.0,,,LAO.1_1,RLM4,SP152,REF3
,,,1.0,0.0,,,MMR.1_1,RLM4,SP152,REF3
,,,1.0,0.0,,,PAK.1_1,RLM4,SP152,REF3
,,,1.0,0.0,,,PHL.1_1,RLM4,SP152,REF3
,,,1.0,0.0,,,TWN.1_1,RLM4,SP152,REF3
,,,1.0,0.0,,,TJK.1_1,RLM7,SP152,REF3
,,,1.0,0.0,,,THA.1_1,RLM4,SP152,REF3
,,,1.0,0.0,,,UZB.1_1,RLM7,SP152,REF3
,,,1.0,0.0,,,VNM.1_1,RLM4,SP152,REF3
,,,1.0,0.0,,,PNG.1_1,RLM3,SP152,REF3
,,,1.0,0.0,,,EGY.1_1,RLM10,SP44,REF3
,,,1.0,0.0,,,MAR.1_1,RLM10,SP44,REF3
,,,1.0,0.0,,,ZAF.1_1,RLM6,SP44,REF3
,,,1.0,0.0,,,ZWE.1_1,RLM6,SP44,REF3
,,,1.0,0.0,,,GBR.6_1,RLM2,SP44,REF3
,,,1.0,0.0,,,USA.1_1,RLM2,SP44,REF3
,,,1.0,0.0,,,USA.1_2,RLM2,SP44,REF3
,,,1.0,0.0,,,USA.2_1,RLM2,SP44,REF3
,,,1.0,0.0,,,URY.1_1,RLM1,SP44,REF3
,,,1.0,0.0,,,ISR.1_1,RLM10,SP44,REF3
,,,1.0,0.0,,,MYS.1_1,RLM4,SP44,REF3
,,,1.0,0.0,,,FRA.1_1,RLM7,SP44,REF3
,,,1.0,0.0,,,GRC.1_1,RLM7,SP44,REF3
,,,1.0,0.0,,,GRC.2_1,RLM7,SP44,REF3
,,,1.0,0.0,,,ITA.1_1,RLM7,SP44,REF3
,,,0.0,0.0,,,POL.1_1,RLM7,SP44,REF3
,,,1.0,0.0,,,PRT.1_1,RLM7,SP44,REF3
,,,1.0,0.0,,,PRT.2_1,RLM7,SP44,REF3
,,,1.0,0.0,,,PRT.3_1,RLM7,SP44,REF3
,,,1.0,0.0,,,ESP.1_1,RLM7,SP44,REF3
,,,1.0,0.0,,,ESP.1_2,RLM7,SP44,REF3
,,,1.0,0.0,,,ESP.2_1,RLM7,SP44,REF3
,,,1.0,0.0,,,ESP.3_1,RLM7,SP44,REF3
,,,1.0,0.0,,,TUR.1_1,RLM7,SP44,REF3
,,,1.0,0.0,,,UKR.1_1,RLM7,SP44,REF3
,,,0.0,0.0,,,GBR.1_1,RLM7,SP44,REF3
,,,1.0,0.0,,,NZL.1_1,RLM8,SP44,REF3
,,,1.0,0.0,,,DZA.1_1,RLM10,SP165,REF3
,,,1.0,0.0,,,EGY.1_1,RLM10,SP165,REF3
,,,1.0,0.0,,,LBY.1_1,RLM10,SP165,REF3
,,,1.0,0.0,,,MUS.1_1,RLM3,SP165,REF3
,,,1.0,0.0,,,MAR.1_1,RLM10,SP165,REF3
,,,1.0,0.0,,,ZAF.1_1,RLM6,SP165,REF3
,,,1.0,0.0,,,TUN.1_1,RLM10,SP165,REF3
,,,1.0,0.0,,,ARG.1_1,RLM1,SP165,REF3
,,,1.0,0.0,,,ARG.2_1,RLM1,SP165,REF3
,,,1.0,0.0,,,BOL.1_1,RLM1,SP165,REF3
,,,1.0,0.0,,,CHL.1_1,RLM1,SP165,REF3
,,,1.0,0.0,,,COL.1_1,RLM1,SP165,REF3
,,,1.0,0.0,,,MEX.1_1,RLM2,SP165,REF3
,,,1.0,0.0,,,PER.1_1,RLM1,SP165,REF3
,,,1.0,0.0,,,URY.1_1,RLM1,SP165,REF3
,,,1.0,0.0,,,AFG.1_1,RLM10,SP165,REF3
,,,1.0,0.0,,,IRN.1_1,RLM10,SP165,REF3
,,,1.0,0.0,,,IRQ.1_1,RLM10,SP165,REF3
,,,1.0,0.0,,,ISR.1_1,RLM10,SP165,REF3
,,,1.0,0.0,,,JOR.1_1,RLM10,SP165,REF3
,,,1.0,0.0,,,KAZ.1_1,RLM7,SP165,REF3
,,,1.0,0.0,,,KGZ.1_1,RLM7,SP165,REF3
,,,1.0,0.0,,,LBN.1_1,RLM10,SP165,REF3
,,,1.0,0.0,,,PAK.1_1,RLM4,SP165,REF3
,,,1.0,0.0,,,SYR.1_1,RLM10,SP165,REF3
,,,1.0,0.0,,,TJK.1_1,RLM7,SP165,REF3
,,,1.0,0.0,,,TKM.1_1,RLM7,SP165,REF3
,,,1.0,0.0,,,UZB.1_1,RLM7,SP165,REF3
,,,1.0,0.0,,,ALB.1_1,RLM7,SP165,REF3
,,,1.0,0.0,,,ARM.1_1,RLM7,SP165,REF3
,,,1.0,0.0,,,AUT.1_1,RLM7,SP165,REF3
,,,1.0,0.0,,,AZE.1_1,RLM7,SP165,REF3
,,,1.0,0.0,,,BLR.1_1,RLM7,SP165,REF3
,,,1.0,0.0,,,BEL.1_1,RLM7,SP165,REF3
,,,1.0,0.0,,,BGR.1_1,RLM7,SP165,REF3
,,,1.0,0.0,,,CYP.1_1,RLM10,SP165,REF3
,,,1.0,0.0,,,CZE.1_1,RLM7,SP165,REF3
,,,1.0,0.0,,,DNK.1_1,RLM7,SP165,REF3
,,,1.0,0.0,,,EST.1_1,RLM7,SP165,REF3
,,,1.0,0.0,,,FIN.1_1,RLM7,SP165,REF3
,,,1.0,0.0,,,FRA.1_1,RLM7,SP165,REF3
,,,1.0,0.0,,,GEO.1_1,RLM7,SP165,REF3
,,,1.0,0.0,,,DEU.1_1,RLM7,SP165,REF3
,,,1.0,0.0,,,GRC.1_1,RLM7,SP165,REF3
,,,1.0,0.0,,,GRC.2_1,RLM7,SP165,REF3
,,,1.0,0.0,,,HUN.1_1,RLM7,SP165,REF3
,,,1.0,0.0,,,IRL.1_1,RLM7,SP165,REF3
,,,1.0,0.0,,,ITA.1_1,RLM7,SP165,REF3
,,,1.0,0.0,,,LVA.1_1,RLM7,SP165,REF3
,,,1.0,0.0,,,LTU.1_1,RLM7,SP165,REF3
,,,1.0,0.0,,,MLT.1_1,RLM10,SP165,REF3
,,,1.0,0.0,,,MDA.1_1,RLM7,SP165,REF3
,,,1.0,0.0,,,NLD.1_1,RLM7,SP165,REF3
,,,1.0,0.0,,,NOR.1_1,RLM7,SP165,REF3
,,,1.0,0.0,,,POL.1_1,RLM7,SP165,REF3
,,,1.0,0.0,,,PRT.1_1,RLM7,SP165,REF3
,,,1.0,0.0,,,PRT.2_1,RLM7,SP165,REF3
,,,1.0,0.0,,,PRT.3_1,RLM7,SP165,REF3
,,,1.0,0.0,,,ROU.1_1,RLM7,SP165,REF3
,,,1.0,0.0,,,SRB.1_1,RLM7,SP165,REF3
,,,1.0,0.0,,,SVK.1_1,RLM7,SP165,REF3
,,,1.0,0.0,,,SVN.1_1,RLM7,SP165,REF3
,,,1.0,0.0,,,ESP.1_1,RLM7,SP165,REF3
,,,1.0,0.0,,,ESP.1_2,RLM7,SP165,REF3
,,,1.0,0.0,,,ESP.2_1,RLM7,SP165,REF3
,,,1.0,0.0,,,ESP.3_1,RLM7,SP165,REF3
,,,1.0,0.0,,,SWE.1_1,RLM7,SP165,REF3
,,,1.0,0.0,,,CHE.1_1,RLM7,SP165,REF3
,,,1.0,0.0,,,TUR.1_1,RLM7,SP165,REF3
,,,1.0,0.0,,,UKR.1_1,RLM7,SP165,REF3
,,,1.0,0.0,,,NZL.1_1,RLM8,SP165,REF3
,,,1.0,0.0,,,PRK.1_1,RLM7,SP232,REF3
,,,1.0,0.0,,,KOR.1_1,RLM7,SP232,REF3
,,,1.0,0.0,,,KOR.2_1,RLM7,SP232,REF3
,,,1.0,0.0,,,TWN.1_1,RLM4,SP232,REF3
,,,1.0,0.0,,,BWA.1_1,RLM6,SP1175,REF3
,,,1.0,0.0,,,SWZ.1_1,RLM6,SP1175,REF3
,,,1.0,0.0,,,MWI.1_1,RLM6,SP1175,REF3
,,,1.0,0.0,,,MOZ.1_1,RLM6,SP1175,REF3
,,,1.0,0.0,,,ZAF.1_1,RLM6,SP1175,REF3
,,,1.0,0.0,,,TZA.1_1,RLM6,SP1175,REF3
,,,1.0,0.0,,,ZMB.1_1,RLM6,SP1175,REF3
,,,1.0,0.0,,,ZWE.1_1,RLM6,SP1175,REF3
,,,1.0,0.0,,,IRQ.1_1,RLM10,SP223,REF3
,,,1.0,0.0,,,SYR.1_1,RLM10,SP223,REF3
,,,1.0,0.0,,,FRA.1_1,RLM7,SP223,REF3
,,,1.0,0.0,,,ITA.1_1,RLM7,SP223,REF3
,,,1.0,0.0,,,ESP.1_1,RLM7,SP223,REF3
,,,1.0,0.0,,,ESP.1_2,RLM7,SP223,REF3
,,,1.0,0.0,,,ESP.2_1,RLM7,SP223,REF3
,,,1.0,0.0,,,ESP.3_1,RLM7,SP223,REF3
,,,1.0,0.0,,,CHE.1_1,RLM7,SP223,REF3
,,,1.0,0.0,,,TUR.1_1,RLM7,SP223,REF3
,,,1.0,0.0,,,MEX.1_1,RLM2,SP245,REF3
,,,1.0,0.0,,,KEN.1_1,RLM6,SP701,REF3
,,,1.0,0.0,,,MDG.1_1,RLM11,SP701,REF3
,,,1.0,0.0,,,ZAF.1_1,RLM6,SP701,REF3
,,,0.0,0.0,,,ZWE.1_1,RLM6,SP701,REF3
,,,0.0,1.0,,,AUT.1_1,RLM7,SP701,REF3
,,,1.0,0.0,,,HRV.1_1,RLM7,SP701,REF3
,,,1.0,0.0,,,DNK.1_1,RLM7,SP701,REF3
,,,1.0,0.0,,,FRA.1_1,RLM7,SP701,REF3
,,,0.0,0.0,,,DEU.1_1,RLM7,SP701,REF3
,,,1.0,0.0,,,ITA.1_1,RLM7,SP701,REF3
,,,1.0,0.0,,,MNE.1_1,RLM7,SP701,REF3
,,,0.0,0.0,,,NLD.1_1,RLM7,SP701,REF3
,,,0.0,1.0,,,NOR.1_1,RLM7,SP701,REF3
,,,1.0,0.0,,,SRB.1_1,RLM7,SP701,REF3
,,,1.0,0.0,,,SVN.1_1,RLM7,SP701,REF3
,,,1.0,0.0,,,ESP.1_1,RLM7,SP701,REF3
,,,1.0,0.0,,,ESP.1_2,RLM7,SP701,REF3
,,,1.0,0.0,,,ESP.2_1,RLM7,SP701,REF3
,,,1.0,0.0,,,ESP.3_1,RLM7,SP701,REF3
,,,0.0,0.0,,,GBR.1_1,RLM7,SP701,REF3
,,,1.0,0.0,,,COG.1_1,RLM6,SP1176,REF3
,,,1.0,0.0,,,,RLM6,SP1176,REF3
,,,1.0,0.0,,,GIN.1_1,RLM6,SP1176,REF3
,,,1.0,0.0,,,TZA.1_1,RLM6,SP1176,REF3
,,,1.0,0.0,,,UGA.1_1,RLM6,SP1176,REF3
,,,1.0,0.0,,,IRL.1_1,RLM7,SP47,REF3
,,,0.0,0.0,,,ITA.1_1,RLM7,SP47,REF3
,,,0.0,0.0,,,PRT.1_1,RLM7,SP47,REF3
,,,0.0,0.0,,,PRT.2_1,RLM7,SP47,REF3
,,,0.0,0.0,,,PRT.3_1,RLM7,SP47,REF3
,,,0.0,0.0,,,ESP.1_1,RLM7,SP47,REF3
,,,0.0,0.0,,,ESP.1_2,RLM7,SP47,REF3
,,,0.0,0.0,,,ESP.2_1,RLM7,SP47,REF3
,,,0.0,0.0,,,ESP.3_1,RLM7,SP47,REF3
,,,0.0,0.0,,,SWE.1_1,RLM7,SP47,REF3
,,,1.0,0.0,,,FRA.7_1,RLM3,SP47,REF3
,,,1.0,0.0,,,NZL.1_1,RLM8,SP47,REF3
,,,1.0,0.0,,,EGY.1_1,RLM10,SP1177,REF3
,,,1.0,0.0,,,ISR.1_1,RLM10,SP1177,REF3
,,,1.0,0.0,,,MUS.1_1,RLM3,SP15,REF3
,,,1.0,0.0,,,MAR.1_1,RLM10,SP15,REF3
,,,1.0,0.0,,,ZAF.1_1,RLM6,SP15,REF3
,,,1.0,0.0,,,ARG.1_1,RLM1,SP15,REF3
,,,1.0,0.0,,,ARG.2_1,RLM1,SP15,REF3
,,,1.0,0.0,,,CHL.1_1,RLM1,SP15,REF3
,,,0.0,0.0,,,MEX.1_1,RLM2,SP15,REF3
,,,1.0,0.0,,,URY.1_1,RLM1,SP15,REF3
,,,1.0,0.0,,,KAZ.1_1,RLM7,SP15,REF3
,,,1.0,0.0,,,PRK.1_1,RLM7,SP15,REF3
,,,1.0,0.0,,,KOR.1_1,RLM7,SP15,REF3
,,,1.0,0.0,,,KOR.2_1,RLM7,SP15,REF3
,,,1.0,0.0,,,KGZ.1_1,RLM7,SP15,REF3
,,,1.0,0.0,,,TWN.1_1,RLM4,SP15,REF3
,,,1.0,0.0,,,UZB.1_1,RLM7,SP15,REF3
,,,1.0,0.0,,,ARM.1_1,RLM7,SP15,REF3
,,,1.0,0.0,,,AUT.1_1,RLM7,SP15,REF3
,,,1.0,0.0,,,AZE.1_1,RLM7,SP15,REF3
,,,1.0,0.0,,,BEL.1_1,RLM7,SP15,REF3
,,,1.0,0.0,,,BGR.1_1,RLM7,SP15,REF3
,,,1.0,0.0,,,HRV.1_1,RLM7,SP15,REF3
,,,1.0,0.0,,,CZE.1_1,RLM7,SP15,REF3
,,,1.0,0.0,,,DNK.1_1,RLM7,SP15,REF3
,,,1.0,0.0,,,FRA.1_1,RLM7,SP15,REF3
,,,1.0,0.0,,,GEO.1_1,RLM7,SP15,REF3
,,,1.0,0.0,,,DEU.1_1,RLM7,SP15,REF3
,,,1.0,0.0,,,GRC.1_1,RLM7,SP15,REF3
,,,1.0,0.0,,,GRC.2_1,RLM7,SP15,REF3
,,,1.0,0.0,,,HUN.1_1,RLM7,SP15,REF3
,,,1.0,0.0,,,ITA.1_1,RLM7,SP15,REF3
,,,0.0,0.0,,,LVA.1_1,RLM7,SP15,REF3
,,,0.0,1.0,,,LTU.1_1,RLM7,SP15,REF3
,,,1.0,0.0,,,MLT.1_1,RLM10,SP15,REF3
,,,1.0,0.0,,,MDA.1_1,RLM7,SP15,REF3
,,,1.0,0.0,,,MKD.1_1,RLM7,SP15,REF3
,,,1.0,0.0,,,POL.1_1,RLM7,SP15,REF3
,,,1.0,0.0,,,PRT.1_1,RLM7,SP15,REF3
,,,1.0,0.0,,,PRT.2_1,RLM7,SP15,REF3
,,,1.0,0.0,,,PRT.3_1,RLM7,SP15,REF3
,,,1.0,0.0,,,ROU.1_1,RLM7,SP15,REF3
,,,1.0,0.0,,,SRB.1_1,RLM7,SP15,REF3
,,,1.0,0.0,,,SVK.1_1,RLM7,SP15,REF3
,,,1.0,0.0,,,SVN.1_1,RLM7,SP15,REF3
,,,1.0,0.0,,,ESP.1_1,RLM7,SP15,REF3
,,,1.0,0.0,,,ESP.1_2,RLM7,SP15,REF3
,,,1.0,0.0,,,ESP.2_1,RLM7,SP15,REF3
,,,1.0,0.0,,,ESP.3_1,RLM7,SP15,REF3
,,,1.0,0.0,,,CHE.1_1,RLM7,SP15,REF3
,,,1.0,0.0,,,TUR.1_1,RLM7,SP15,REF3
,,,1.0,0.0,,,UKR.1_1,RLM7,SP15,REF3
,,,0.0,0.0,,,GBR.1_1,RLM7,SP15,REF3
,,,1.0,0.0,,,NZL.1_1,RLM8,SP15,REF3
,,,0.0,0.0,,,PRK.1_1,RLM7,SP233,REF3
,,,0.0,0.0,,,KOR.1_1,RLM7,SP233,REF3
,,,0.0,0.0,,,KOR.2_1,RLM7,SP233,REF3
,,,1.0,0.0,,,FIN.1_1,RLM7,SP233,REF3
,,,0.0,0.0,,,NLD.1_1,RLM7,SP233,REF3
,,,0.0,0.0,,,SVN.1_1,RLM7,SP233,REF3
,,,1.0,0.0,,,DZA.1_1,RLM10,SP79,REF3
,,,1.0,0.0,,,IRN.1_1,RLM10,SP79,REF3
,,,0.0,0.0,,,JPN.1_1,RLM5,SP79,REF3
,,,1.0,0.0,,,KAZ.1_1,RLM7,SP79,REF3
,,,1.0,0.0,,,KGZ.1_1,RLM7,SP79,REF3
,,,1.0,0.0,,,SYR.1_1,RLM10,SP79,REF3
,,,1.0,0.0,,,TJK.1_1,RLM7,SP79,REF3
,,,1.0,0.0,,,TKM.1_1,RLM7,SP79,REF3
,,,1.0,0.0,,,UZB.1_1,RLM7,SP79,REF3
,,,1.0,0.0,,,ALB.1_1,RLM7,SP79,REF3
,,,1.0,0.0,,,ARM.1_1,RLM7,SP79,REF3
,,,1.0,0.0,,,AUT.1_1,RLM7,SP79,REF3
,,,1.0,0.0,,,AZE.1_1,RLM7,SP79,REF3
,,,1.0,0.0,,,BEL.1_1,RLM7,SP79,REF3
,,,1.0,0.0,,,BIH.1_1,RLM7,SP79,REF3
,,,1.0,0.0,,,BGR.1_1,RLM7,SP79,REF3
,,,1.0,0.0,,,HRV.1_1,RLM7,SP79,REF3
,,,1.0,0.0,,,CYP.1_1,RLM10,SP79,REF3
,,,1.0,0.0,,,CZE.1_1,RLM7,SP79,REF3
,,,1.0,0.0,,,DNK.1_1,RLM7,SP79,REF3
,,,1.0,0.0,,,EST.1_1,RLM7,SP79,REF3
,,,1.0,0.0,,,FIN.1_1,RLM7,SP79,REF3
,,,1.0,0.0,,,FRA.1_1,RLM7,SP79,REF3
,,,1.0,0.0,,,GEO.1_1,RLM7,SP79,REF3
,,,1.0,0.0,,,DEU.1_1,RLM7,SP79,REF3
,,,1.0,0.0,,,HUN.1_1,RLM7,SP79,REF3
,,,1.0,0.0,,,ITA.1_1,RLM7,SP79,REF3
,,,1.0,0.0,,,LTU.1_1,RLM7,SP79,REF3
,,,1.0,0.0,,,MDA.1_1,RLM7,SP79,REF3
,,,1.0,0.0,,,NLD.1_1,RLM7,SP79,REF3
,,,1.0,0.0,,,NOR.1_1,RLM7,SP79,REF3
,,,1.0,0.0,,,POL.1_1,RLM7,SP79,REF3
,,,1.0,0.0,,,ROU.1_1,RLM7,SP79,REF3
,,,1.0,0.0,,,SVN.1_1,RLM7,SP79,REF3
,,,1.0,0.0,,,ESP.1_1,RLM7,SP79,REF3
,,,1.0,0.0,,,ESP.1_2,RLM7,SP79,REF3
,,,1.0,0.0,,,ESP.2_1,RLM7,SP79,REF3
,,,1.0,0.0,,,ESP.3_1,RLM7,SP79,REF3
,,,1.0,0.0,,,SWE.1_1,RLM7,SP79,REF3
,,,1.0,0.0,,,CHE.1_1,RLM7,SP79,REF3
,,,1.0,0.0,,,TUR.1_1,RLM7,SP79,REF3
,,,1.0,0.0,,,UKR.1_1,RLM7,SP79,REF3
,,,1.0,0.0,,,CAF.1_1,RLM6,SP1178,REF3
,,,1.0,0.0,,,KEN.1_1,RLM6,SP1178,REF3
,,,1.0,0.0,,,ZAF.1_1,RLM6,SP1178,REF3
,,,1.0,0.0,,,TZA.1_1,RLM6,SP1178,REF3
,,,1.0,0.0,,,UGA.1_1,RLM6,SP1178,REF3
,,,1.0,0.0,,,ZWE.1_1,RLM6,SP1178,REF3
,,,1.0,0.0,,,CHN.1_1,RLM7,SP50,REF3
,,,1.0,0.0,,,CHN.2_1,RLM7,SP50,REF3
,,,1.0,0.0,,,CHN.3_1,RLM7,SP50,REF3
,,,1.0,0.0,,,IRN.1_1,RLM10,SP50,REF3
,,,1.0,0.0,,,ISR.1_1,RLM10,SP50,REF3
,,,1.0,0.0,,,TKM.1_1,RLM7,SP50,REF3
,,,1.0,0.0,,,UZB.1_1,RLM7,SP50,REF3
,,,1.0,0.0,,,ALB.1_1,RLM7,SP50,REF3
,,,1.0,0.0,,,BIH.1_1,RLM7,SP50,REF3
,,,1.0,0.0,,,BGR.1_1,RLM7,SP50,REF3
,,,1.0,0.0,,,HRV.1_1,RLM7,SP50,REF3
,,,1.0,0.0,,,CZE.1_1,RLM7,SP50,REF3
,,,1.0,0.0,,,DNK.1_1,RLM7,SP50,REF3
,,,1.0,0.0,,,FRA.1_1,RLM7,SP50,REF3
,,,1.0,0.0,,,DEU.1_1,RLM7,SP50,REF3
,,,1.0,0.0,,,HUN.1_1,RLM7,SP50,REF3
,,,1.0,0.0,,,IRL.1_1,RLM7,SP50,REF3
,,,1.0,0.0,,,ITA.1_1,RLM7,SP50,REF3
,,,1.0,0.0,,,LVA.1_1,RLM7,SP50,REF3
,,,1.0,0.0,,,LTU.1_1,RLM7,SP50,REF3
,,,1.0,0.0,,,NLD.1_1,RLM7,SP50,REF3
,,,1.0,0.0,,,NOR.1_1,RLM7,SP50,REF3
,,,1.0,0.0,,,POL.1_1,RLM7,SP50,REF3
,,,1.0,0.0,,,PRT.1_1,RLM7,SP50,REF3
,,,1.0,0.0,,,PRT.2_1,RLM7,SP50,REF3
,,,1.0,0.0,,,PRT.3_1,RLM7,SP50,REF3
,,,1.0,0.0,,,ROU.1_1,RLM7,SP50,REF3
,,,1.0,0.0,,,SRB.1_1,RLM7,SP50,REF3
,,,1.0,0.0,,,SVK.1_1,RLM7,SP50,REF3
,,,1.0,0.0,,,SVN.1_1,RLM7,SP50,REF3
,,,1.0,0.0,,,ESP.1_1,RLM7,SP50,REF3
,,,1.0,0.0,,,ESP.1_2,RLM7,SP50,REF3
,,,1.0,0.0,,,ESP.2_1,RLM7,SP50,REF3
,,,1.0,0.0,,,ESP.3_1,RLM7,SP50,REF3
,,,1.0,0.0,,,SWE.1_1,RLM7,SP50,REF3
,,,1.0,0.0,,,CHE.1_1,RLM7,SP50,REF3
,,,1.0,0.0,,,TUR.1_1,RLM7,SP50,REF3
,,,1.0,0.0,,,UKR.1_1,RLM7,SP50,REF3
,,,1.0,0.0,,,COG.1_1,RLM6,SP1179,REF3
,,,1.0,0.0,,,UGA.1_1,RLM6,SP1179,REF3
,,,1.0,0.0,,,AGO.1_1,RLM6,SP1180,REF3
,,,1.0,0.0,,,COG.1_1,RLM6,SP1180,REF3
,,,1.0,0.0,,,ETH.1_1,RLM6,SP1180,REF3
,,,1.0,0.0,,,KEN.1_1,RLM6,SP1180,REF3
,,,1.0,0.0,,,TZA.1_1,RLM6,SP1180,REF3
,,,1.0,0.0,,,YEM.1_1,RLM10,SP1180,REF3
,,,1.0,0.0,,,DZA.1_1,RLM10,SP186,REF3
,,,1.0,0.0,,,TUN.1_1,RLM10,SP186,REF3
,,,1.0,0.0,,,IRN.1_1,RLM10,SP186,REF3
,,,1.0,0.0,,,KAZ.1_1,RLM7,SP186,REF3
,,,1.0,0.0,,,TKM.1_1,RLM7,SP186,REF3
,,,1.0,0.0,,,ALB.1_1,RLM7,SP186,REF3
,,,1.0,0.0,,,ARM.1_1,RLM7,SP186,REF3
,,,1.0,0.0,,,AUT.1_1,RLM7,SP186,REF3
,,,1.0,0.0,,,AZE.1_1,RLM7,SP186,REF3
,,,1.0,0.0,,,BLR.1_1,RLM7,SP186,REF3
,,,1.0,0.0,,,BEL.1_1,RLM7,SP186,REF3
,,,1.0,0.0,,,BGR.1_1,RLM7,SP186,REF3
,,,1.0,0.0,,,CZE.1_1,RLM7,SP186,REF3
,,,1.0,0.0,,,DNK.1_1,RLM7,SP186,REF3
,,,1.0,0.0,,,EST.1_1,RLM7,SP186,REF3
,,,1.0,0.0,,,FIN.1_1,RLM7,SP186,REF3
,,,1.0,0.0,,,FRA.1_1,RLM7,SP186,REF3
,,,1.0,0.0,,,GEO.1_1,RLM7,SP186,REF3
,,,1.0,0.0,,,DEU.1_1,RLM7,SP186,REF3
,,,1.0,0.0,,,GRC.1_1,RLM7,SP186,REF3
,,,1.0,0.0,,,GRC.2_1,RLM7,SP186,REF3
,,,1.0,0.0,,,HUN.1_1,RLM7,SP186,REF3
,,,1.0,0.0,,,IRL.1_1,RLM7,SP186,REF3
,,,1.0,0.0,,,ITA.1_1,RLM7,SP186,REF3
,,,1.0,0.0,,,LVA.1_1,RLM7,SP186,REF3
,,,1.0,0.0,,,LTU.1_1,RLM7,SP186,REF3
,,,1.0,0.0,,,MLT.1_1,RLM10,SP186,REF3
,,,1.0,0.0,,,MDA.1_1,RLM7,SP186,REF3
,,,1.0,0.0,,,NLD.1_1,RLM7,SP186,REF3
,,,1.0,0.0,,,NOR.1_1,RLM7,SP186,REF3
,,,1.0,0.0,,,POL.1_1,RLM7,SP186,REF3
,,,1.0,0.0,,,ROU.1_1,RLM7,SP186,REF3
,,,1.0,0.0,,,SRB.1_1,RLM7,SP186,REF3
,,,1.0,0.0,,,SVK.1_1,RLM7,SP186,REF3
,,,1.0,0.0,,,SVN.1_1,RLM7,SP186,REF3
,,,1.0,0.0,,,ESP.1_1,RLM7,SP186,REF3
,,,1.0,0.0,,,ESP.1_2,RLM7,SP186,REF3
,,,1.0,0.0,,,ESP.2_1,RLM7,SP186,REF3
,,,1.0,0.0,,,ESP.3_1,RLM7,SP186,REF3
,,,1.0,0.0,,,SWE.1_1,RLM7,SP186,REF3
,,,1.0,0.0,,,CHE.1_1,RLM7,SP186,REF3
,,,1.0,0.0,,,TUR.1_1,RLM7,SP186,REF3
,,,1.0,0.0,,,UKR.1_1,RLM7,SP186,REF3
,,,1.0,0.0,,,CPV.1_1,RLM6,SP41,REF3
,,,1.0,0.0,,,MDG.1_1,RLM11,SP41,REF3
,,,1.0,0.0,,,MUS.1_1,RLM3,SP41,REF3
,,,1.0,0.0,,,MAR.1_1,RLM10,SP41,REF3
,,,1.0,0.0,,,NGA.1_1,RLM6,SP41,REF3
,,,1.0,0.0,,,FRA.3_1,RLM11,SP41,REF3
,,,1.0,0.0,,,GBR.3_1,RLM6,SP41,REF3
,,,1.0,0.0,,,SYC.1_1,RLM3,SP41,REF3
,,,1.0,0.0,,,ZAF.1_1,RLM6,SP41,REF3
,,,1.0,0.0,,,BRB.1_1,RLM9,SP41,REF3
,,,1.0,0.0,,,GBR.6_1,RLM2,SP41,REF3
,,,0.0,0.0,,,CRI.1_1,RLM9,SP41,REF3
,,,1.0,0.0,,,FRA.5_1,RLM9,SP41,REF3
,,,1.0,0.0,,,HND.1_1,RLM9,SP41,REF3
,,,1.0,0.0,,,HND.2_1,RLM9,SP41,REF3
,,,0.0,0.0,,,NLD.2_1,RLM9,SP41,REF3
,,,1.0,0.0,,,PER.1_1,RLM1,SP41,REF3
,,,1.0,0.0,,,VEN.1_1,RLM1,SP41,REF3
,,,1.0,0.0,,,VEN.2_1,RLM1,SP41,REF3
,,,1.0,0.0,,,CHN.1_1,RLM7,SP41,REF3
,,,1.0,0.0,,,CHN.2_1,RLM7,SP41,REF3
,,,1.0,0.0,,,CHN.3_1,RLM7,SP41,REF3
,,,1.0,0.0,,,ISR.1_1,RLM10,SP41,REF3
,,,0.0,0.0,,,KOR.1_1,RLM7,SP41,REF3
,,,0.0,0.0,,,KOR.2_1,RLM7,SP41,REF3
,,,0.0,0.0,,,TWN.1_1,RLM4,SP41,REF3
,,,0.0,0.0,,,THA.1_1,RLM4,SP41,REF3
,,,0.0,1.0,,,BEL.1_1,RLM7,SP41,REF3
,,,0.0,0.0,,,HRV.1_1,RLM7,SP41,REF3
,,,1.0,0.0,,,CYP.1_1,RLM10,SP41,REF3
,,,0.0,1.0,,,CZE.1_1,RLM7,SP41,REF3
,,,0.0,1.0,,,DNK.1_1,RLM7,SP41,REF3
,,,0.0,0.0,,,FIN.1_1,RLM7,SP41,REF3
,,,1.0,0.0,,,FRA.1_1,RLM7,SP41,REF3
,,,0.0,0.0,,,DEU.1_1,RLM7,SP41,REF3
,,,0.0,1.0,,,GRC.1_1,RLM7,SP41,REF3
,,,0.0,1.0,,,GRC.2_1,RLM7,SP41,REF3
,,,0.0,1.0,,,HUN.1_1,RLM7,SP41,REF3
,,,1.0,0.0,,,ITA.1_1,RLM7,SP41,REF3
,,,0.0,0.0,,,MNE.1_1,RLM7,SP41,REF3
,,,1.0,0.0,,,NLD.1_1,RLM7,SP41,REF3
,,,0.0,1.0,,,POL.1_1,RLM7,SP41,REF3
,,,1.0,0.0,,,PRT.1_1,RLM7,SP41,REF3
,,,1.0,0.0,,,PRT.2_1,RLM7,SP41,REF3
,,,1.0,0.0,,,PRT.3_1,RLM7,SP41,REF3
,,,1.0,0.0,,,,RLM7,SP41,REF3
,,,0.0,0.0,,,SVN.1_1,RLM7,SP41,REF3
,,,1.0,0.0,,,ESP.1_1,RLM7,SP41,REF3
,,,1.0,0.0,,,ESP.1_2,RLM7,SP41,REF3
,,,1.0,0.0,,,ESP.2_1,RLM7,SP41,REF3
,,,1.0,0.0,,,ESP.3_1,RLM7,SP41,REF3
,,,0.0,0.0,,,SWE.1_1,RLM7,SP41,REF3
,,,1.0,0.0,,,CHE.1_1,RLM7,SP41,REF3
,,,1.0,0.0,,,GBR.6_1,RLM9,SP31,REF3
,,,1.0,0.0,,,CUB.1_1,RLM9,SP31,REF3
,,,1.0,0.0,,,DOM.1_1,RLM9,SP31,REF3
,,,1.0,0.0,,,HTI.1_1,RLM9,SP31,REF3
,,,1.0,0.0,,,JAM.1_1,RLM9,SP31,REF3
,,,1.0,0.0,,,USA.3_1,RLM9,SP31,REF3
,,,1.0,0.0,,,CHN.1_1,RLM7,SP31,REF3
,,,1.0,0.0,,,CHN.2_1,RLM7,SP31,REF3
,,,1.0,0.0,,,CHN.3_1,RLM7,SP31,REF3
,,,1.0,0.0,,,IDN.1_1,RLM4,SP31,REF3
,,,1.0,0.0,,,IRN.1_1,RLM10,SP31,REF3
,,,1.0,0.0,,,IRQ.1_1,RLM10,SP31,REF3
,,,1.0,0.0,,,LBN.1_1,RLM10,SP31,REF3
,,,1.0,0.0,,,OMN.1_1,RLM10,SP31,REF3
,,,1.0,0.0,,,PAK.1_1,RLM4,SP31,REF3
,,,1.0,0.0,,,SAU.1_1,RLM10,SP31,REF3
,,,1.0,0.0,,,SYR.1_1,RLM10,SP31,REF3
,,,1.0,0.0,,,ARE.1_1,RLM10,SP31,REF3
,,,1.0,0.0,,,AZE.1_1,RLM7,SP31,REF3
,,,1.0,0.0,,,CYP.1_1,RLM10,SP31,REF3
,,,0.0,0.0,,,PRT.1_1,RLM7,SP31,REF3
,,,0.0,0.0,,,PRT.2_1,RLM7,SP31,REF3
,,,0.0,0.0,,,PRT.3_1,RLM7,SP31,REF3
,,,1.0,0.0,,,TUR.1_1,RLM7,SP31,REF3
,,,0.0,0.0,,,AUS.1_1,RLM8,SP31,REF3
,,,1.0,0.0,,,PNG.1_1,RLM3,SP31,REF3
,,,1.0,0.0,,,ARG.1_1,RLM1,SP78,REF3
,,,1.0,0.0,,,ARG.2_1,RLM1,SP78,REF3
,,,0.0,0.0,,,BOL.1_1,RLM1,SP78,REF3
,,,1.0,0.0,,,PRY.1_1,RLM1,SP78,REF3
,,,1.0,0.0,,,URY.1_1,RLM1,SP78,REF3
,,,0.0,0.0,,,AUT.1_1,RLM7,SP78,REF3
,,,0.0,0.0,,,BEL.1_1,RLM7,SP78,REF3
,,,1.0,0.0,,,BGR.1_1,RLM7,SP78,REF3
,,,1.0,0.0,,,HRV.1_1,RLM7,SP78,REF3
,,,1.0,0.0,,,CYP.1_1,RLM10,SP78,REF3
,,,0.0,1.0,,,CZE.1_1,RLM7,SP78,REF3
,,,0.0,0.0,,,DNK.1_1,RLM7,SP78,REF3
,,,1.0,0.0,,,FRA.1_1,RLM7,SP78,REF3
,,,0.0,1.0,,,DEU.1_1,RLM7,SP78,REF3
,,,1.0,0.0,,,GBR.1_2,RLM7,SP78,REF3
,,,1.0,0.0,,,GRC.1_1,RLM7,SP78,REF3
,,,1.0,0.0,,,GRC.2_1,RLM7,SP78,REF3
,,,1.0,0.0,,,ITA.1_1,RLM7,SP78,REF3
,,,0.0,0.0,,,NLD.1_1,RLM7,SP78,REF3
,,,0.0,0.0,,,PRT.1_1,RLM7,SP78,REF3
,,,0.0,0.0,,,PRT.2_1,RLM7,SP78,REF3
,,,0.0,0.0,,,PRT.3_1,RLM7,SP78,REF3
,,,1.0,0.0,,,SVN.1_1,RLM7,SP78,REF3
,,,1.0,0.0,,,ESP.1_1,RLM7,SP78,REF3
,,,1.0,0.0,,,ESP.1_2,RLM7,SP78,REF3
,,,1.0,0.0,,,ESP.2_1,RLM7,SP78,REF3
,,,1.0,0.0,,,ESP.3_1,RLM7,SP78,REF3
,,,0.0,1.0,,,CHE.1_1,RLM7,SP78,REF3
,,,1.0,0.0,,,UKR.1_1,RLM7,SP78,REF3
,,,1.0,0.0,,,JAM.1_1,RLM9,SP246,REF3
,,,1.0,0.0,,,EGY.1_1,RLM10,SP210,REF3
,,,1.0,0.0,,,LBY.1_1,RLM10,SP210,REF3
,,,1.0,0.0,,,MAR.1_1,RLM10,SP210,REF3
,,,1.0,0.0,,,IRN.1_1,RLM10,SP210,REF3
,,,1.0,0.0,,,ISR.1_1,RLM10,SP210,REF3
,,,1.0,0.0,,,JOR.1_1,RLM10,SP210,REF3
,,,0.0,0.0,,,LKA.1_1,RLM4,SP210,REF3
,,,1.0,0.0,,,SYR.1_1,RLM10,SP210,REF3
,,,1.0,0.0,,,AUT.1_1,RLM7,SP210,REF3
,,,1.0,0.0,,,BGR.1_1,RLM7,SP210,REF3
,,,1.0,0.0,,,HRV.1_1,RLM7,SP210,REF3
,,,1.0,0.0,,,CYP.1_1,RLM10,SP210,REF3
,,,1.0,0.0,,,CZE.1_1,RLM7,SP210,REF3
,,,1.0,0.0,,,FRA.1_1,RLM7,SP210,REF3
,,,1.0,0.0,,,DEU.1_1,RLM7,SP210,REF3
,,,1.0,0.0,,,GRC.1_1,RLM7,SP210,REF3
,,,1.0,0.0,,,GRC.2_1,RLM7,SP210,REF3
,,,1.0,0.0,,,HUN.1_1,RLM7,SP210,REF3
,,,1.0,0.0,,,ITA.1_1,RLM7,SP210,REF3
,,,1.0,0.0,,,MLT.1_1,RLM10,SP210,REF3
,,,1.0,0.0,,,PRT.1_1,RLM7,SP210,REF3
,,,1.0,0.0,,,PRT.2_1,RLM7,SP210,REF3
,,,1.0,0.0,,,PRT.3_1,RLM7,SP210,REF3
,,,1.0,0.0,,,,RLM7,SP210,REF3
,,,1.0,0.0,,,SRB.1_1,RLM7,SP210,REF3
,,,1.0,0.0,,,ESP.1_1,RLM7,SP210,REF3
,,,1.0,0.0,,,ESP.1_2,RLM7,SP210,REF3
,,,1.0,0.0,,,ESP.2_1,RLM7,SP210,REF3
,,,1.0,0.0,,,ESP.3_1,RLM7,SP210,REF3
,,,1.0,0.0,,,CHE.1_1,RLM7,SP210,REF3
,,,1.0,0.0,,,TUR.1_1,RLM7,SP210,REF3
,,,1.0,0.0,,,UKR.1_1,RLM7,SP210,REF3
,,,1.0,0.0,,,AGO.1_1,RLM6,SP1181,REF3
,,,1.0,0.0,,,BEN.1_1,RLM6,SP1181,REF3
,,,1.0,0.0,,,BFA.1_1,RLM6,SP1181,REF3
,,,1.0,0.0,,,BDI.1_1,RLM6,SP1181,REF3
,,,1.0,0.0,,,CMR.1_1,RLM6,SP1181,REF3
,,,1.0,0.0,,,COM.1_1,RLM11,SP1181,REF3
,,,1.0,0.0,,,COG.1_1,RLM6,SP1181,REF3
,,,1.0,0.0,,,COD.1_1,RLM6,SP1181,REF3
,,,1.0,0.0,,,,RLM6,SP1181,REF3
,,,1.0,0.0,,,ETH.1_1,RLM6,SP1181,REF3
,,,1.0,0.0,,,GMB.1_1,RLM6,SP1181,REF3
,,,1.0,0.0,,,GHA.1_1,RLM6,SP1181,REF3
,,,1.0,0.0,,,KEN.1_1,RLM6,SP1181,REF3
,,,0.0,0.0,,,LBY.1_1,RLM10,SP1181,REF3
,,,1.0,0.0,,,MDG.1_1,RLM11,SP1181,REF3
,,,1.0,0.0,,,MWI.1_1,RLM6,SP1181,REF3
,,,1.0,0.0,,,MLI.1_1,RLM6,SP1181,REF3
,,,1.0,0.0,,,MUS.1_1,RLM3,SP1181,REF3
,,,1.0,0.0,,,MOZ.1_1,RLM6,SP1181,REF3
,,,1.0,0.0,,,NER.1_1,RLM6,SP1181,REF3
,,,1.0,0.0,,,NGA.1_1,RLM6,SP1181,REF3
,,,1.0,0.0,,,FRA.3_1,RLM11,SP1181,REF3
,,,1.0,0.0,,,RWA.1_1,RLM6,SP1181,REF3
,,,1.0,0.0,,,SEN.1_1,RLM6,SP1181,REF3
,,,1.0,0.0,,,SLE.1_1,RLM6,SP1181,REF3
,,,1.0,0.0,,,ZAF.1_1,RLM6,SP1181,REF3
,,,1.0,0.0,,,SDN.1_1,RLM6,SP1181,REF3
,,,1.0,0.0,,,TZA.1_1,RLM6,SP1181,REF3
,,,1.0,0.0,,,TGO.1_1,RLM6,SP1181,REF3
,,,1.0,0.0,,,UGA.1_1,RLM6,SP1181,REF3
,,,1.0,0.0,,,ZMB.1_1,RLM6,SP1181,REF3
,,,1.0,0.0,,,ZWE.1_1,RLM6,SP1181,REF3
,,,1.0,0.0,,,USA.1_1,RLM2,SP145,REF3
,,,1.0,0.0,,,USA.1_2,RLM2,SP145,REF3
,,,1.0,0.0,,,USA.2_1,RLM2,SP145,REF3
,,,1.0,0.0,,,BGD.1_1,RLM4,SP145,REF3
,,,1.0,0.0,,,KHM.1_1,RLM4,SP145,REF3
,,,1.0,0.0,,,CHN.1_1,RLM7,SP145,REF3
,,,1.0,0.0,,,CHN.2_1,RLM7,SP145,REF3
,,,1.0,0.0,,,CHN.3_1,RLM7,SP145,REF3
,,,1.0,0.0,,,PRK.1_1,RLM7,SP145,REF3
,,,1.0,0.0,,,KOR.1_1,RLM7,SP145,REF3
,,,1.0,0.0,,,KOR.2_1,RLM7,SP145,REF3
,,,1.0,0.0,,,LAO.1_1,RLM4,SP145,REF3
,,,1.0,0.0,,,MMR.1_1,RLM4,SP145,REF3
,,,1.0,0.0,,,PAK.1_1,RLM4,SP145,REF3
,,,1.0,0.0,,,PHL.1_1,RLM4,SP145,REF3
,,,1.0,0.0,,,SGP.1_1,RLM4,SP145,REF3
,,,1.0,0.0,,,LKA.1_1,RLM4,SP145,REF3
,,,1.0,0.0,,,TWN.1_1,RLM4,SP145,REF3
,,,1.0,0.0,,,THA.1_1,RLM4,SP145,REF3
,,,1.0,0.0,,,VNM.1_1,RLM4,SP145,REF3
,,,1.0,0.0,,,GUM.1_1,RLM3,SP145,REF3
,,,1.0,0.0,,,PNG.1_1,RLM3,SP145,REF3
,,,1.0,0.0,,,SLB.1_1,RLM3,SP145,REF3
,,,1.0,0.0,,,DZA.1_1,RLM10,SP38,REF3
,,,1.0,0.0,,,AGO.1_1,RLM6,SP38,REF3
,,,1.0,0.0,,,BEN.1_1,RLM6,SP38,REF3
,,,1.0,0.0,,,BWA.1_1,RLM6,SP38,REF3
,,,1.0,0.0,,,BFA.1_1,RLM6,SP38,REF3
,,,1.0,0.0,,,BDI.1_1,RLM6,SP38,REF3
,,,1.0,0.0,,,CMR.1_1,RLM6,SP38,REF3
,,,1.0,0.0,,,CPV.1_1,RLM6,SP38,REF3
,,,1.0,0.0,,,CAF.1_1,RLM6,SP38,REF3
,,,1.0,0.0,,,TCD.1_1,RLM6,SP38,REF3
,,,1.0,0.0,,,COM.1_1,RLM11,SP38,REF3
,,,1.0,0.0,,,COG.1_1,RLM6,SP38,REF3
,,,1.0,0.0,,,COD.1_1,RLM6,SP38,REF3
,,,1.0,0.0,,,,RLM6,SP38,REF3
,,,1.0,0.0,,,EGY.1_1,RLM10,SP38,REF3
,,,1.0,0.0,,,GNQ.1_1,RLM6,SP38,REF3
,,,1.0,0.0,,,ERI.1_1,RLM6,SP38,REF3
,,,1.0,0.0,,,SWZ.1_1,RLM6,SP38,REF3
,,,1.0,0.0,,,ETH.1_1,RLM6,SP38,REF3
,,,1.0,0.0,,,GMB.1_1,RLM6,SP38,REF3
,,,1.0,0.0,,,GHA.1_1,RLM6,SP38,REF3
,,,1.0,0.0,,,GIN.1_1,RLM6,SP38,REF3
,,,1.0,0.0,,,GNB.1_1,RLM6,SP38,REF3
,,,1.0,0.0,,,KEN.1_1,RLM6,SP38,REF3
,,,1.0,0.0,,,LBY.1_1,RLM10,SP38,REF3
,,,1.0,0.0,,,MDG.1_1,RLM11,SP38,REF3
,,,1.0,0.0,,,MWI.1_1,RLM6,SP38,REF3
,,,1.0,0.0,,,MLI.1_1,RLM6,SP38,REF3
,,,1.0,0.0,,,MRT.1_1,RLM6,SP38,REF3
,,,1.0,0.0,,,MUS.1_1,RLM3,SP38,REF3
,,,1.0,0.0,,,MAR.1_1,RLM10,SP38,REF3
,,,1.0,0.0,,,MOZ.1_1,RLM6,SP38,REF3
,,,1.0,0.0,,,NAM.1_1,RLM6,SP38,REF3
,,,1.0,0.0,,,NER.1_1,RLM6,SP38,REF3
,,,1.0,0.0,,,NGA.1_1,RLM6,SP38,REF3
,,,1.0,0.0,,,FRA.3_1,RLM11,SP38,REF3
,,,1.0,0.0,,,RWA.1_1,RLM6,SP38,REF3
,,,1.0,0.0,,,GBR.3_1,RLM6,SP38,REF3
,,,1.0,0.0,,,,RLM6,SP38,REF3
,,,1.0,0.0,,,SEN.1_1,RLM6,SP38,REF3
,,,1.0,0.0,,,SYC.1_1,RLM3,SP38,REF3
,,,1.0,0.0,,,SLE.1_1,RLM6,SP38,REF3
,,,1.0,0.0,,,SOM.1_1,RLM6,SP38,REF3
,,,1.0,0.0,,,ZAF.1_1,RLM6,SP38,REF3
,,,1.0,0.0,,,SDN.1_1,RLM6,SP38,REF3
,,,1.0,0.0,,,TZA.1_1,RLM6,SP38,REF3
,,,1.0,0.0,,,TGO.1_1,RLM6,SP38,REF3
,,,1.0,0.0,,,TUN.1_1,RLM10,SP38,REF3
,,,1.0,0.0,,,UGA.1_1,RLM6,SP38,REF3
,,,1.0,0.0,,,ZMB.1_1,RLM6,SP38,REF3
,,,1.0,0.0,,,ZWE.1_1,RLM6,SP38,REF3
,,,1.0,0.0,,,BHR.1_1,RLM10,SP38,REF3
,,,1.0,0.0,,,IRN.1_1,RLM10,SP38,REF3
,,,1.0,0.0,,,IRQ.1_1,RLM10,SP38,REF3
,,,1.0,0.0,,,ISR.1_1,RLM10,SP38,REF3
,,,1.0,0.0,,,JOR.1_1,RLM10,SP38,REF3
,,,1.0,0.0,,,LBN.1_1,RLM10,SP38,REF3
,,,1.0,0.0,,,OMN.1_1,RLM10,SP38,REF3
,,,0.0,0.0,,,PAK.1_1,RLM4,SP38,REF3
,,,1.0,0.0,,,SAU.1_1,RLM10,SP38,REF3
,,,1.0,0.0,,,SYR.1_1,RLM10,SP38,REF3
,,,1.0,0.0,,,ARE.1_1,RLM10,SP38,REF3
,,,1.0,0.0,,,YEM.1_1,RLM10,SP38,REF3
,,,0.0,0.0,,,AUT.1_1,RLM7,SP38,REF3
,,,0.0,0.0,,,BEL.1_1,RLM7,SP38,REF3
,,,0.0,0.0,,,HRV.1_1,RLM7,SP38,REF3
,,,1.0,0.0,,,CYP.1_1,RLM10,SP38,REF3
,,,0.0,0.0,,,DNK.1_1,RLM7,SP38,REF3
,,,0.0,1.0,,,FIN.1_1,RLM7,SP38,REF3
,,,1.0,0.0,,,FRA.1_1,RLM7,SP38,REF3
,,,0.0,1.0,,,DEU.1_1,RLM7,SP38,REF3
,,,1.0,0.0,,,GRC.1_1,RLM7,SP38,REF3
,,,1.0,0.0,,,GRC.2_1,RLM7,SP38,REF3
,,,0.0,0.0,,,HUN.1_1,RLM7,SP38,REF3
,,,1.0,0.0,,,ITA.1_1,RLM7,SP38,REF3
,,,1.0,0.0,,,MLT.1_1,RLM10,SP38,REF3
,,,0.0,0.0,,,NLD.1_1,RLM7,SP38,REF3
,,,0.0,0.0,,,POL.1_1,RLM7,SP38,REF3
,,,1.0,0.0,,,PRT.1_1,RLM7,SP38,REF3
,,,1.0,0.0,,,PRT.2_1,RLM7,SP38,REF3
,,,1.0,0.0,,,PRT.3_1,RLM7,SP38,REF3
,,,0.0,0.0,,,SVN.1_1,RLM7,SP38,REF3
,,,1.0,0.0,,,ESP.1_1,RLM7,SP38,REF3
,,,1.0,0.0,,,ESP.1_2,RLM7,SP38,REF3
,,,1.0,0.0,,,ESP.2_1,RLM7,SP38,REF3
,,,1.0,0.0,,,ESP.3_1,RLM7,SP38,REF3
,,,0.0,0.0,,,SWE.1_1,RLM7,SP38,REF3
,,,0.0,0.0,,,CHE.1_1,RLM7,SP38,REF3
,,,1.0,0.0,,,TUR.1_1,RLM7,SP38,REF3
,,,0.0,1.0,,,GBR.1_1,RLM7,SP38,REF3
,,,1.0,0.0,,,BRA.1_1,RLM1,SP1182,REF3
,,,0.0,0.0,,,BDI.1_1,RLM6,SP146,REF3
,,,0.0,0.0,,,CMR.1_1,RLM6,SP146,REF3
,,,0.0,0.0,,,COG.1_1,RLM6,SP146,REF3
,,,0.0,0.0,,,ETH.1_1,RLM6,SP146,REF3
,,,0.0,0.0,,,GHA.1_1,RLM6,SP146,REF3
,,,0.0,0.0,,,KEN.1_1,RLM6,SP146,REF3
,,,0.0,0.0,,,LSO.1_1,RLM6,SP146,REF3
,,,0.0,0.0,,,MWI.1_1,RLM6,SP146,REF3
,,,0.0,0.0,,,MOZ.1_1,RLM6,SP146,REF3
,,,0.0,0.0,,,NGA.1_1,RLM6,SP146,REF3
,,,0.0,0.0,,,RWA.1_1,RLM6,SP146,REF3
,,,0.0,0.0,,,,RLM6,SP146,REF3
,,,0.0,0.0,,,SLE.1_1,RLM6,SP146,REF3
,,,0.0,0.0,,,SOM.1_1,RLM6,SP146,REF3
,,,0.0,0.0,,,ZAF.1_1,RLM6,SP146,REF3
,,,0.0,0.0,,,TZA.1_1,RLM6,SP146,REF3
,,,0.0,0.0,,,UGA.1_1,RLM6,SP146,REF3
,,,0.0,0.0,,,ZMB.1_1,RLM6,SP146,REF3
,,,0.0,0.0,,,ZWE.1_1,RLM6,SP146,REF3
,,,1.0,0.0,,,BGD.1_1,RLM4,SP146,REF3
,,,1.0,0.0,,,BRN.1_1,RLM4,SP146,REF3
,,,1.0,0.0,,,KHM.1_1,RLM4,SP146,REF3
,,,1.0,0.0,,,CHN.1_1,RLM7,SP146,REF3
,,,1.0,0.0,,,CHN.2_1,RLM7,SP146,REF3
,,,1.0,0.0,,,CHN.3_1,RLM7,SP146,REF3
,,,1.0,0.0,,,JPN.1_1,RLM5,SP146,REF3
,,,1.0,0.0,,,LAO.1_1,RLM4,SP146,REF3
,,,1.0,0.0,,,MMR.1_1,RLM4,SP146,REF3
,,,1.0,0.0,,,NPL.1_1,RLM5,SP146,REF3
,,,1.0,0.0,,,PAK.1_1,RLM4,SP146,REF3
,,,1.0,0.0,,,PHL.1_1,RLM4,SP146,REF3
,,,1.0,0.0,,,SAU.1_1,RLM10,SP146,REF3
,,,1.0,0.0,,,SGP.1_1,RLM4,SP146,REF3
,,,1.0,0.0,,,LKA.1_1,RLM4,SP146,REF3
,,,1.0,0.0,,,TWN.1_1,RLM4,SP146,REF3
,,,1.0,0.0,,,THA.1_1,RLM4,SP146,REF3
,,,1.0,0.0,,,ARE.1_1,RLM10,SP146,REF3
,,,1.0,0.0,,,VNM.1_1,RLM4,SP146,REF3
,,,0.0,0.0,,,DNK.1_1,RLM7,SP146,REF3
,,,0.0,0.0,,,NLD.1_1,RLM7,SP146,REF3
,,,1.0,0.0,,,DZA.1_1,RLM10,SP62,REF3
,,,1.0,0.0,,,EGY.1_1,RLM10,SP62,REF3
,,,1.0,0.0,,,ERI.1_1,RLM6,SP62,REF3
,,,1.0,0.0,,,ETH.1_1,RLM6,SP62,REF3
,,,1.0,0.0,,,KEN.1_1,RLM6,SP62,REF3
,,,1.0,0.0,,,LBY.1_1,RLM10,SP62,REF3
,,,1.0,0.0,,,MAR.1_1,RLM10,SP62,REF3
,,,1.0,0.0,,,ARG.1_1,RLM1,SP62,REF3
,,,1.0,0.0,,,ARG.2_1,RLM1,SP62,REF3
,,,1.0,0.0,,,CHL.1_1,RLM1,SP62,REF3
,,,1.0,0.0,,,IRN.1_1,RLM10,SP62,REF3
,,,1.0,0.0,,,IRQ.1_1,RLM10,SP62,REF3
,,,1.0,0.0,,,ISR.1_1,RLM10,SP62,REF3
,,,1.0,0.0,,,JOR.1_1,RLM10,SP62,REF3
,,,1.0,0.0,,,KAZ.1_1,RLM7,SP62,REF3
,,,1.0,0.0,,,LBN.1_1,RLM10,SP62,REF3
,,,1.0,0.0,,,SYR.1_1,RLM10,SP62,REF3
,,,1.0,0.0,,,TJK.1_1,RLM7,SP62,REF3
,,,1.0,0.0,,,TKM.1_1,RLM7,SP62,REF3
,,,1.0,0.0,,,UZB.1_1,RLM7,SP62,REF3
,,,1.0,0.0,,,ALB.1_1,RLM7,SP62,REF3
,,,1.0,0.0,,,ARM.1_1,RLM7,SP62,REF3
,,,1.0,0.0,,,AUT.1_1,RLM7,SP62,REF3
,,,1.0,0.0,,,AZE.1_1,RLM7,SP62,REF3
,,,1.0,0.0,,,BLR.1_1,RLM7,SP62,REF3
,,,1.0,0.0,,,BEL.1_1,RLM7,SP62,REF3
,,,1.0,0.0,,,BGR.1_1,RLM7,SP62,REF3
,,,1.0,0.0,,,HRV.1_1,RLM7,SP62,REF3
,,,1.0,0.0,,,CYP.1_1,RLM10,SP62,REF3
,,,1.0,0.0,,,CZE.1_1,RLM7,SP62,REF3
,,,0.0,0.0,,,DNK.1_1,RLM7,SP62,REF3
,,,1.0,0.0,,,FRA.1_1,RLM7,SP62,REF3
,,,1.0,0.0,,,GEO.1_1,RLM7,SP62,REF3
,,,1.0,0.0,,,DEU.1_1,RLM7,SP62,REF3
,,,1.0,0.0,,,GRC.1_1,RLM7,SP62,REF3
,,,1.0,0.0,,,GRC.2_1,RLM7,SP62,REF3
,,,1.0,0.0,,,HUN.1_1,RLM7,SP62,REF3
,,,1.0,0.0,,,ITA.1_1,RLM7,SP62,REF3
,,,1.0,0.0,,,LTU.1_1,RLM7,SP62,REF3
,,,1.0,0.0,,,LUX.1_1,RLM7,SP62,REF3
,,,1.0,0.0,,,MLT.1_1,RLM10,SP62,REF3
,,,1.0,0.0,,,MDA.1_1,RLM7,SP62,REF3
,,,1.0,0.0,,,MNE.1_1,RLM7,SP62,REF3
,,,1.0,0.0,,,MKD.1_1,RLM7,SP62,REF3
,,,1.0,0.0,,,POL.1_1,RLM7,SP62,REF3
,,,1.0,0.0,,,PRT.1_1,RLM7,SP62,REF3
,,,1.0,0.0,,,PRT.2_1,RLM7,SP62,REF3
,,,1.0,0.0,,,PRT.3_1,RLM7,SP62,REF3
,,,1.0,0.0,,,ROU.1_1,RLM7,SP62,REF3
,,,1.0,0.0,,,,RLM7,SP62,REF3
,,,1.0,0.0,,,SRB.1_1,RLM7,SP62,REF3
,,,1.0,0.0,,,SVK.1_1,RLM7,SP62,REF3
,,,1.0,0.0,,,SVN.1_1,RLM7,SP62,REF3
,,,1.0,0.0,,,ESP.1_1,RLM7,SP62,REF3
,,,1.0,0.0,,,ESP.1_2,RLM7,SP62,REF3
,,,1.0,0.0,,,ESP.2_1,RLM7,SP62,REF3
,,,1.0,0.0,,,ESP.3_1,RLM7,SP62,REF3
,,,1.0,0.0,,,CHE.1_1,RLM7,SP62,REF3
,,,1.0,0.0,,,TUR.1_1,RLM7,SP62,REF3
,,,1.0,0.0,,,UKR.1_1,RLM7,SP62,REF3
,,,1.0,0.0,,,PRK.1_1,RLM7,SP96,REF3
,,,1.0,0.0,,,KOR.1_1,RLM7,SP96,REF3
,,,1.0,0.0,,,KOR.2_1,RLM7,SP96,REF3
,,,1.0,0.0,,,ARM.1_1,RLM7,SP96,REF3
,,,1.0,0.0,,,AUT.1_1,RLM7,SP96,REF3
,,,1.0,0.0,,,AZE.1_1,RLM7,SP96,REF3
,,,1.0,0.0,,,BEL.1_1,RLM7,SP96,REF3
,,,1.0,0.0,,,BIH.1_1,RLM7,SP96,REF3
,,,1.0,0.0,,,BGR.1_1,RLM7,SP96,REF3
,,,1.0,0.0,,,CZE.1_1,RLM7,SP96,REF3
,,,1.0,0.0,,,DNK.1_1,RLM7,SP96,REF3
,,,1.0,0.0,,,FIN.1_1,RLM7,SP96,REF3
,,,1.0,0.0,,,FRA.1_1,RLM7,SP96,REF3
,,,1.0,0.0,,,GEO.1_1,RLM7,SP96,REF3
,,,1.0,0.0,,,DEU.1_1,RLM7,SP96,REF3
,,,1.0,0.0,,,GRC.1_1,RLM7,SP96,REF3
,,,1.0,0.0,,,GRC.2_1,RLM7,SP96,REF3
,,,1.0,0.0,,,HUN.1_1,RLM7,SP96,REF3
,,,1.0,0.0,,,ITA.1_1,RLM7,SP96,REF3
,,,1.0,0.0,,,LVA.1_1,RLM7,SP96,REF3
,,,1.0,0.0,,,LTU.1_1,RLM7,SP96,REF3
,,,1.0,0.0,,,NLD.1_1,RLM7,SP96,REF3
,,,1.0,0.0,,,NOR.1_1,RLM7,SP96,REF3
,,,1.0,0.0,,,POL.1_1,RLM7,SP96,REF3
,,,1.0,0.0,,,PRT.1_1,RLM7,SP96,REF3
,,,1.0,0.0,,,PRT.2_1,RLM7,SP96,REF3
,,,1.0,0.0,,,PRT.3_1,RLM7,SP96,REF3
,,,1.0,0.0,,,ROU.1_1,RLM7,SP96,REF3
,,,1.0,0.0,,,SVK.1_1,RLM7,SP96,REF3
,,,1.0,0.0,,,SVN.1_1,RLM7,SP96,REF3
,,,1.0,0.0,,,ESP.1_1,RLM7,SP96,REF3
,,,1.0,0.0,,,ESP.1_2,RLM7,SP96,REF3
,,,1.0,0.0,,,ESP.2_1,RLM7,SP96,REF3
,,,1.0,0.0,,,ESP.3_1,RLM7,SP96,REF3
,,,1.0,0.0,,,SWE.1_1,RLM7,SP96,REF3
,,,1.0,0.0,,,CHE.1_1,RLM7,SP96,REF3
,,,1.0,0.0,,,TUR.1_1,RLM7,SP96,REF3
,,,1.0,0.0,,,GBR.1_1,RLM7,SP96,REF3
,,,1.0,0.0,,,AGO.1_1,RLM6,SP138,REF3
,,,1.0,0.0,,,BEN.1_1,RLM6,SP138,REF3
,,,1.0,0.0,,,BFA.1_1,RLM6,SP138,REF3
,,,1.0,0.0,,,BDI.1_1,RLM6,SP138,REF3
,,,1.0,0.0,,,CMR.1_1,RLM6,SP138,REF3
,,,1.0,0.0,,,CPV.1_1,RLM6,SP138,REF3
,,,1.0,0.0,,,TCD.1_1,RLM6,SP138,REF3
,,,1.0,0.0,,,COD.1_1,RLM6,SP138,REF3
,,,1.0,0.0,,,,RLM6,SP138,REF3
,,,1.0,0.0,,,GNQ.1_1,RLM6,SP138,REF3
,,,1.0,0.0,,,ETH.1_1,RLM6,SP138,REF3
,,,1.0,0.0,,,GAB.1_1,RLM6,SP138,REF3
,,,1.0,0.0,,,GMB.1_1,RLM6,SP138,REF3
,,,1.0,0.0,,,GHA.1_1,RLM6,SP138,REF3
,,,1.0,0.0,,,GNB.1_1,RLM6,SP138,REF3
,,,1.0,0.0,,,KEN.1_1,RLM6,SP138,REF3
,,,1.0,0.0,,,LBR.1_1,RLM6,SP138,REF3
,,,1.0,0.0,,,MDG.1_1,RLM11,SP138,REF3
,,,1.0,0.0,,,MWI.1_1,RLM6,SP138,REF3
,,,1.0,0.0,,,MLI.1_1,RLM6,SP138,REF3
,,,1.0,0.0,,,MUS.1_1,RLM3,SP138,REF3
,,,1.0,0.0,,,MOZ.1_1,RLM6,SP138,REF3
,,,1.0,0.0,,,NAM.1_1,RLM6,SP138,REF3
,,,1.0,0.0,,,NER.1_1,RLM6,SP138,REF3
,,,1.0,0.0,,,NGA.1_1,RLM6,SP138,REF3
,,,1.0,0.0,,,FRA.3_1,RLM11,SP138,REF3
,,,1.0,0.0,,,RWA.1_1,RLM6,SP138,REF3
,,,1.0,0.0,,,SEN.1_1,RLM6,SP138,REF3
,,,1.0,0.0,,,SYC.1_1,RLM3,SP138,REF3
,,,1.0,0.0,,,SLE.1_1,RLM6,SP138,REF3
,,,1.0,0.0,,,SOM.1_1,RLM6,SP138,REF3
,,,1.0,0.0,,,ZAF.1_1,RLM6,SP138,REF3
,,,1.0,0.0,,,SDN.1_1,RLM6,SP138,REF3
,,,1.0,0.0,,,TZA.1_1,RLM6,SP138,REF3
,,,1.0,0.0,,,TGO.1_1,RLM6,SP138,REF3
,,,1.0,0.0,,,UGA.1_1,RLM6,SP138,REF3
,,,1.0,0.0,,,ZMB.1_1,RLM6,SP138,REF3
,,,1.0,0.0,,,ZWE.1_1,RLM6,SP138,REF3
,,,1.0,0.0,,,ARG.1_1,RLM1,SP138,REF3
,,,1.0,0.0,,,ARG.2_1,RLM1,SP138,REF3
,,,1.0,0.0,,,BLZ.1_1,RLM9,SP138,REF3
,,,1.0,0.0,,,BOL.1_1,RLM1,SP138,REF3
,,,1.0,0.0,,,COL.1_1,RLM1,SP138,REF3
,,,1.0,0.0,,,CRI.1_1,RLM9,SP138,REF3
,,,1.0,0.0,,,CUB.1_1,RLM9,SP138,REF3
,,,1.0,0.0,,,DOM.1_1,RLM9,SP138,REF3
,,,1.0,0.0,,,ECU.1_1,RLM1,SP138,REF3
,,,1.0,0.0,,,ECU.2_1,RLM1,SP138,REF3
,,,1.0,0.0,,,SLV.1_1,RLM9,SP138,REF3
,,,1.0,0.0,,,FRA.8_1,RLM1,SP138,REF3
,,,1.0,0.0,,,GTM.1_1,RLM9,SP138,REF3
,,,1.0,0.0,,,GUY.1_1,RLM1,SP138,REF3
,,,1.0,0.0,,,HTI.1_1,RLM9,SP138,REF3
,,,1.0,0.0,,,HND.1_1,RLM9,SP138,REF3
,,,1.0,0.0,,,HND.2_1,RLM9,SP138,REF3
,,,1.0,0.0,,,JAM.1_1,RLM9,SP138,REF3
,,,1.0,0.0,,,MEX.1_1,RLM2,SP138,REF3
,,,1.0,0.0,,,NIC.1_1,RLM9,SP138,REF3
,,,1.0,0.0,,,PAN.1_1,RLM9,SP138,REF3
,,,1.0,0.0,,,PRY.1_1,RLM1,SP138,REF3
,,,1.0,0.0,,,PER.1_1,RLM1,SP138,REF3
,,,1.0,0.0,,,USA.3_1,RLM9,SP138,REF3
,,,1.0,0.0,,,SUR.1_1,RLM1,SP138,REF3
,,,1.0,0.0,,,TTO.1_1,RLM1,SP138,REF3
,,,1.0,0.0,,,USA.1_1,RLM2,SP138,REF3
,,,1.0,0.0,,,USA.1_2,RLM2,SP138,REF3
,,,1.0,0.0,,,USA.2_1,RLM2,SP138,REF3
,,,1.0,0.0,,,URY.1_1,RLM1,SP138,REF3
,,,1.0,0.0,,,VEN.1_1,RLM1,SP138,REF3
,,,1.0,0.0,,,VEN.2_1,RLM1,SP138,REF3
,,,1.0,0.0,,,BGD.1_1,RLM4,SP138,REF3
,,,1.0,0.0,,,BTN.1_1,RLM4,SP138,REF3
,,,1.0,0.0,,,BRN.1_1,RLM4,SP138,REF3
,,,1.0,0.0,,,KHM.1_1,RLM4,SP138,REF3
,,,1.0,0.0,,,IRN.1_1,RLM10,SP138,REF3
,,,1.0,0.0,,,PRK.1_1,RLM7,SP138,REF3
,,,1.0,0.0,,,KOR.1_1,RLM7,SP138,REF3
,,,1.0,0.0,,,KOR.2_1,RLM7,SP138,REF3
,,,1.0,0.0,,,LAO.1_1,RLM4,SP138,REF3
,,,1.0,0.0,,,MDV.1_1,RLM4,SP138,REF3
,,,1.0,0.0,,,MMR.1_1,RLM4,SP138,REF3
,,,1.0,0.0,,,NPL.1_1,RLM5,SP138,REF3
,,,1.0,0.0,,,OMN.1_1,RLM10,SP138,REF3
,,,1.0,0.0,,,PHL.1_1,RLM4,SP138,REF3
,,,1.0,0.0,,,SGP.1_1,RLM4,SP138,REF3
,,,1.0,0.0,,,LKA.1_1,RLM4,SP138,REF3
,,,1.0,0.0,,,TWN.1_1,RLM4,SP138,REF3
,,,1.0,0.0,,,THA.1_1,RLM4,SP138,REF3
,,,1.0,0.0,,,ARE.1_1,RLM10,SP138,REF3
,,,1.0,0.0,,,VNM.1_1,RLM4,SP138,REF3
,,,0.0,0.0,,,DNK.1_1,RLM7,SP138,REF3
,,,1.0,0.0,,,USA.5_1,RLM3,SP138,REF3
,,,1.0,0.0,,,NZL.2_1,RLM3,SP138,REF3
,,,1.0,0.0,,,FRA.6_1,RLM3,SP138,REF3
,,,1.0,0.0,,,GUM.1_1,RLM3,SP138,REF3
,,,1.0,0.0,,,FRA.7_1,RLM3,SP138,REF3
,,,1.0,0.0,,,USA.4_1,RLM3,SP138,REF3
,,,1.0,0.0,,,USA.6_1,RLM3,SP138,REF3
,,,1.0,0.0,,,PNG.1_1,RLM3,SP138,REF3
,,,1.0,0.0,,,WSM.1_1,RLM3,SP138,REF3
,,,1.0,0.0,,,SLB.1_1,RLM3,SP138,REF3
,,,1.0,0.0,,,TON.1_1,RLM3,SP138,REF3
,,,1.0,0.0,,,VUT.1_1,RLM3,SP138,REF3
,,,1.0,0.0,,,CHN.1_1,RLM7,SP509,REF3
,,,1.0,0.0,,,CHN.2_1,RLM7,SP509,REF3
,,,1.0,0.0,,,CHN.3_1,RLM7,SP509,REF3
,,,1.0,0.0,,,JPN.1_1,RLM5,SP509,REF3
,,,1.0,0.0,,,TWN.1_1,RLM4,SP509,REF3
,,,1.0,0.0,,,DZA.1_1,RLM10,SP11,REF3
,,,1.0,0.0,,,EGY.1_1,RLM10,SP11,REF3
,,,1.0,0.0,,,LBY.1_1,RLM10,SP11,REF3
,,,1.0,0.0,,,MAR.1_1,RLM10,SP11,REF3
,,,1.0,0.0,,,TUN.1_1,RLM10,SP11,REF3
,,,0.0,0.0,,,IND.1_1,RLM4,SP11,REF3
,,,0.0,0.0,,,IDN.1_1,RLM4,SP11,REF3
,,,1.0,0.0,,,IRN.1_1,RLM10,SP11,REF3
,,,1.0,0.0,,,ISR.1_1,RLM10,SP11,REF3
,,,1.0,0.0,,,LBN.1_1,RLM10,SP11,REF3
,,,1.0,0.0,,,SYR.1_1,RLM10,SP11,REF3
,,,1.0,0.0,,,AUT.1_1,RLM7,SP11,REF3
,,,1.0,0.0,,,BLR.1_1,RLM7,SP11,REF3
,,,1.0,0.0,,,BEL.1_1,RLM7,SP11,REF3
,,,1.0,0.0,,,BGR.1_1,RLM7,SP11,REF3
,,,1.0,0.0,,,CYP.1_1,RLM10,SP11,REF3
,,,1.0,0.0,,,CZE.1_1,RLM7,SP11,REF3
,,,1.0,0.0,,,DNK.1_1,RLM7,SP11,REF3
,,,1.0,0.0,,,FRA.1_1,RLM7,SP11,REF3
,,,1.0,0.0,,,GEO.1_1,RLM7,SP11,REF3
,,,1.0,0.0,,,DEU.1_1,RLM7,SP11,REF3
,,,1.0,0.0,,,GRC.1_1,RLM7,SP11,REF3
,,,1.0,0.0,,,GRC.2_1,RLM7,SP11,REF3
,,,1.0,0.0,,,HUN.1_1,RLM7,SP11,REF3
,,,1.0,0.0,,,IRL.1_1,RLM7,SP11,REF3
,,,1.0,0.0,,,ITA.1_1,RLM7,SP11,REF3
,,,1.0,0.0,,,MDA.1_1,RLM7,SP11,REF3
,,,1.0,0.0,,,NLD.1_1,RLM7,SP11,REF3
,,,1.0,0.0,,,NOR.1_1,RLM7,SP11,REF3
,,,1.0,0.0,,,POL.1_1,RLM7,SP11,REF3
,,,1.0,0.0,,,PRT.1_1,RLM7,SP11,REF3
,,,1.0,0.0,,,PRT.2_1,RLM7,SP11,REF3
,,,1.0,0.0,,,PRT.3_1,RLM7,SP11,REF3
,,,1.0,0.0,,,ROU.1_1,RLM7,SP11,REF3
,,,1.0,0.0,,,,RLM7,SP11,REF3
,,,1.0,0.0,,,SRB.1_1,RLM7,SP11,REF3
,,,1.0,0.0,,,SVN.1_1,RLM7,SP11,REF3
,,,1.0,0.0,,,ESP.1_1,RLM7,SP11,REF3
,,,1.0,0.0,,,ESP.1_2,RLM7,SP11,REF3
,,,1.0,0.0,,,ESP.2_1,RLM7,SP11,REF3
,,,1.0,0.0,,,ESP.3_1,RLM7,SP11,REF3
,,,1.0,0.0,,,SWE.1_1,RLM7,SP11,REF3
,,,1.0,0.0,,,CHE.1_1,RLM7,SP11,REF3
,,,1.0,0.0,,,TUR.1_1,RLM7,SP11,REF3
,,,1.0,0.0,,,UKR.1_1,RLM7,SP11,REF3
,,,1.0,0.0,,,BEL.1_1,RLM7,SP705,REF3
,,,1.0,0.0,,,HRV.1_1,RLM7,SP705,REF3
,,,1.0,0.0,,,FRA.1_1,RLM7,SP705,REF3
,,,1.0,0.0,,,HUN.1_1,RLM7,SP705,REF3
,,,1.0,0.0,,,LTU.1_1,RLM7,SP705,REF3
,,,1.0,0.0,,,MKD.1_1,RLM7,SP705,REF3
,,,1.0,0.0,,,ROU.1_1,RLM7,SP705,REF3
,,,1.0,0.0,,,,RLM7,SP705,REF3
,,,1.0,0.0,,,SRB.1_1,RLM7,SP705,REF3
,,,1.0,0.0,,,SVK.1_1,RLM7,SP705,REF3
,,,1.0,0.0,,,SVN.1_1,RLM7,SP705,REF3
,,,1.0,0.0,,,UKR.1_1,RLM7,SP705,REF3
,,,1.0,0.0,,,DZA.1_1,RLM10,SP5,REF3
,,,1.0,0.0,,,BDI.1_1,RLM6,SP5,REF3
,,,1.0,0.0,,,CPV.1_1,RLM6,SP5,REF3
,,,1.0,0.0,,,COG.1_1,RLM6,SP5,REF3
,,,1.0,0.0,,,COD.1_1,RLM6,SP5,REF3
,,,1.0,0.0,,,EGY.1_1,RLM10,SP5,REF3
,,,1.0,0.0,,,ERI.1_1,RLM6,SP5,REF3
,,,1.0,0.0,,,ETH.1_1,RLM6,SP5,REF3
,,,1.0,0.0,,,KEN.1_1,RLM6,SP5,REF3
,,,1.0,0.0,,,LBY.1_1,RLM10,SP5,REF3
,,,1.0,0.0,,,MDG.1_1,RLM11,SP5,REF3
,,,1.0,0.0,,,MWI.1_1,RLM6,SP5,REF3
,,,1.0,0.0,,,MUS.1_1,RLM3,SP5,REF3
,,,1.0,0.0,,,MAR.1_1,RLM10,SP5,REF3
,,,1.0,0.0,,,FRA.3_1,RLM11,SP5,REF3
,,,1.0,0.0,,,RWA.1_1,RLM6,SP5,REF3
,,,1.0,0.0,,,GBR.3_1,RLM6,SP5,REF3
,,,1.0,0.0,,,SEN.1_1,RLM6,SP5,REF3
,,,1.0,0.0,,,SYC.1_1,RLM3,SP5,REF3
,,,1.0,0.0,,,ZAF.1_1,RLM6,SP5,REF3
,,,1.0,0.0,,,SDN.1_1,RLM6,SP5,REF3
,,,1.0,0.0,,,TZA.1_1,RLM6,SP5,REF3
,,,1.0,0.0,,,TUN.1_1,RLM10,SP5,REF3
,,,1.0,0.0,,,ZMB.1_1,RLM6,SP5,REF3
,,,1.0,0.0,,,ZWE.1_1,RLM6,SP5,REF3
,,,1.0,0.0,,,ATG.1_1,RLM9,SP5,REF3
,,,1.0,0.0,,,ARG.1_1,RLM1,SP5,REF3
,,,1.0,0.0,,,ARG.2_1,RLM1,SP5,REF3
,,,1.0,0.0,,,GBR.6_1,RLM2,SP5,REF3
,,,1.0,0.0,,,BOL.1_1,RLM1,SP5,REF3
,,,1.0,0.0,,,CHL.1_1,RLM1,SP5,REF3
,,,1.0,0.0,,,COL.1_1,RLM1,SP5,REF3
,,,1.0,0.0,,,CRI.1_1,RLM9,SP5,REF3
,,,1.0,0.0,,,CUB.1_1,RLM9,SP5,REF3
,,,1.0,0.0,,,DOM.1_1,RLM9,SP5,REF3
,,,1.0,0.0,,,ECU.1_1,RLM1,SP5,REF3
,,,1.0,0.0,,,ECU.2_1,RLM1,SP5,REF3
,,,1.0,0.0,,,HTI.1_1,RLM9,SP5,REF3
,,,1.0,0.0,,,HND.1_1,RLM9,SP5,REF3
,,,1.0,0.0,,,HND.2_1,RLM9,SP5,REF3
,,,1.0,0.0,,,JAM.1_1,RLM9,SP5,REF3
,,,1.0,0.0,,,MEX.1_1,RLM2,SP5,REF3
,,,1.0,0.0,,,PRY.1_1,RLM1,SP5,REF3
,,,1.0,0.0,,,PER.1_1,RLM1,SP5,REF3
,,,1.0,0.0,,,USA.3_1,RLM9,SP5,REF3
,,,1.0,0.0,,,VCT.1_1,RLM1,SP5,REF3
,,,1.0,0.0,,,URY.1_1,RLM1,SP5,REF3
,,,1.0,0.0,,,VEN.1_1,RLM1,SP5,REF3
,,,1.0,0.0,,,VEN.2_1,RLM1,SP5,REF3
,,,1.0,0.0,,,BGD.1_1,RLM4,SP5,REF3
,,,1.0,0.0,,,CHN.1_1,RLM7,SP5,REF3
,,,1.0,0.0,,,CHN.2_1,RLM7,SP5,REF3
,,,1.0,0.0,,,CHN.3_1,RLM7,SP5,REF3
,,,1.0,0.0,,,IRN.1_1,RLM10,SP5,REF3
,,,1.0,0.0,,,IRQ.1_1,RLM10,SP5,REF3
,,,1.0,0.0,,,ISR.1_1,RLM10,SP5,REF3
,,,1.0,0.0,,,JOR.1_1,RLM10,SP5,REF3
,,,1.0,0.0,,,KOR.1_1,RLM7,SP5,REF3
,,,1.0,0.0,,,KOR.2_1,RLM7,SP5,REF3
,,,1.0,0.0,,,LBN.1_1,RLM10,SP5,REF3
,,,1.0,0.0,,,MMR.1_1,RLM4,SP5,REF3
,,,1.0,0.0,,,NPL.1_1,RLM5,SP5,REF3
,,,1.0,0.0,,,OMN.1_1,RLM10,SP5,REF3
,,,1.0,0.0,,,PAK.1_1,RLM4,SP5,REF3
,,,1.0,0.0,,,PHL.1_1,RLM4,SP5,REF3
,,,1.0,0.0,,,SAU.1_1,RLM10,SP5,REF3
,,,1.0,0.0,,,LKA.1_1,RLM4,SP5,REF3
,,,1.0,0.0,,,SYR.1_1,RLM10,SP5,REF3
,,,1.0,0.0,,,THA.1_1,RLM4,SP5,REF3
,,,1.0,0.0,,,UZB.1_1,RLM7,SP5,REF3
,,,1.0,0.0,,,VNM.1_1,RLM4,SP5,REF3
,,,1.0,0.0,,,YEM.1_1,RLM10,SP5,REF3
,,,1.0,0.0,,,ALB.1_1,RLM7,SP5,REF3
,,,0.0,0.0,,,AUT.1_1,RLM7,SP5,REF3
,,,1.0,0.0,,,BEL.1_1,RLM7,SP5,REF3
,,,1.0,0.0,,,BGR.1_1,RLM7,SP5,REF3
,,,1.0,0.0,,,HRV.1_1,RLM7,SP5,REF3
,,,1.0,0.0,,,CYP.1_1,RLM10,SP5,REF3
,,,0.0,0.0,,,CZE.1_1,RLM7,SP5,REF3
,,,0.0,0.0,,,DNK.1_1,RLM7,SP5,REF3
,,,0.0,0.0,,,FIN.1_1,RLM7,SP5,REF3
,,,1.0,0.0,,,FRA.1_1,RLM7,SP5,REF3
,,,1.0,0.0,,,GEO.1_1,RLM7,SP5,REF3
,,,0.0,0.0,,,DEU.1_1,RLM7,SP5,REF3
,,,0.0,0.0,,,GBR.1_2,RLM7,SP5,REF3
,,,1.0,0.0,,,GRC.1_1,RLM7,SP5,REF3
,,,1.0,0.0,,,GRC.2_1,RLM7,SP5,REF3
,,,1.0,0.0,,,HUN.1_1,RLM7,SP5,REF3
,,,1.0,0.0,,,ITA.1_1,RLM7,SP5,REF3
,,,1.0,0.0,,,MLT.1_1,RLM10,SP5,REF3
,,,1.0,0.0,,,MDA.1_1,RLM7,SP5,REF3
,,,0.0,0.0,,,NLD.1_1,RLM7,SP5,REF3
,,,1.0,0.0,,,MKD.1_1,RLM7,SP5,REF3
,,,1.0,0.0,,,PRT.1_1,RLM7,SP5,REF3
,,,1.0,0.0,,,PRT.2_1,RLM7,SP5,REF3
,,,1.0,0.0,,,PRT.3_1,RLM7,SP5,REF3
,,,1.0,0.0,,,ROU.1_1,RLM7,SP5,REF3
,,,1.0,0.0,,,,RLM7,SP5,REF3
,,,1.0,0.0,,,SRB.1_1,RLM7,SP5,REF3
,,,0.0,0.0,,,SVK.1_1,RLM7,SP5,REF3
,,,1.0,0.0,,,SVN.1_1,RLM7,SP5,REF3
,,,1.0,0.0,,,ESP.1_1,RLM7,SP5,REF3
,,,1.0,0.0,,,ESP.1_2,RLM7,SP5,REF3
,,,1.0,0.0,,,ESP.2_1,RLM7,SP5,REF3
,,,1.0,0.0,,,ESP.3_1,RLM7,SP5,REF3
,,,0.0,0.0,,,SWE.1_1,RLM7,SP5,REF3
,,,0.0,0.0,,,CHE.1_1,RLM7,SP5,REF3
,,,1.0,0.0,,,TUR.1_1,RLM7,SP5,REF3
,,,1.0,0.0,,,UKR.1_1,RLM7,SP5,REF3
,,,0.0,1.0,,,GBR.1_1,RLM7,SP5,REF3
,,,1.0,0.0,,,FRA.6_1,RLM3,SP5,REF3
,,,1.0,0.0,,,GUM.1_1,RLM3,SP5,REF3
,,,1.0,0.0,,,FRA.7_1,RLM3,SP5,REF3
,,,1.0,0.0,,,NZL.1_1,RLM8,SP5,REF3
,,,1.0,0.0,,,AUS.3_1,RLM8,SP5,REF3
,,,1.0,0.0,,,PNG.1_1,RLM3,SP5,REF3
,,,1.0,0.0,,,BEN.1_1,RLM6,SP1183,REF3
,,,1.0,0.0,,,CMR.1_1,RLM6,SP1183,REF3
,,,1.0,0.0,,,CAF.1_1,RLM6,SP1183,REF3
,,,1.0,0.0,,,COG.1_1,RLM6,SP1183,REF3
,,,1.0,0.0,,,COD.1_1,RLM6,SP1183,REF3
,,,1.0,0.0,,,,RLM6,SP1183,REF3
,,,1.0,0.0,,,GAB.1_1,RLM6,SP1183,REF3
,,,1.0,0.0,,,GMB.1_1,RLM6,SP1183,REF3
,,,1.0,0.0,,,GHA.1_1,RLM6,SP1183,REF3
,,,1.0,0.0,,,GIN.1_1,RLM6,SP1183,REF3
,,,1.0,0.0,,,GNB.1_1,RLM6,SP1183,REF3
,,,1.0,0.0,,,LBR.1_1,RLM6,SP1183,REF3
,,,1.0,0.0,,,NER.1_1,RLM6,SP1183,REF3
,,,1.0,0.0,,,NGA.1_1,RLM6,SP1183,REF3
,,,1.0,0.0,,,SEN.1_1,RLM6,SP1183,REF3
,,,1.0,0.0,,,SLE.1_1,RLM6,SP1183,REF3
,,,1.0,0.0,,,TGO.1_1,RLM6,SP1183,REF3
,,,1.0,0.0,,,DZA.1_1,RLM10,SP211,REF3
,,,1.0,0.0,,,EGY.1_1,RLM10,SP211,REF3
,,,1.0,0.0,,,LBY.1_1,RLM10,SP211,REF3
,,,1.0,0.0,,,MAR.1_1,RLM10,SP211,REF3
,,,1.0,0.0,,,TUN.1_1,RLM10,SP211,REF3
,,,1.0,0.0,,,ISR.1_1,RLM10,SP211,REF3
,,,1.0,0.0,,,LBN.1_1,RLM10,SP211,REF3
,,,1.0,0.0,,,SYR.1_1,RLM10,SP211,REF3
,,,1.0,0.0,,,ARM.1_1,RLM7,SP211,REF3
,,,1.0,0.0,,,AZE.1_1,RLM7,SP211,REF3
,,,1.0,0.0,,,HRV.1_1,RLM7,SP211,REF3
,,,1.0,0.0,,,CYP.1_1,RLM10,SP211,REF3
,,,1.0,0.0,,,FRA.1_1,RLM7,SP211,REF3
,,,1.0,0.0,,,GEO.1_1,RLM7,SP211,REF3
,,,1.0,0.0,,,GRC.1_1,RLM7,SP211,REF3
,,,1.0,0.0,,,GRC.2_1,RLM7,SP211,REF3
,,,1.0,0.0,,,ITA.1_1,RLM7,SP211,REF3
,,,1.0,0.0,,,MLT.1_1,RLM10,SP211,REF3
,,,1.0,0.0,,,MNE.1_1,RLM7,SP211,REF3
,,,1.0,0.0,,,PRT.1_1,RLM7,SP211,REF3
,,,1.0,0.0,,,PRT.2_1,RLM7,SP211,REF3
,,,1.0,0.0,,,PRT.3_1,RLM7,SP211,REF3
,,,1.0,0.0,,,,RLM7,SP211,REF3
,,,1.0,0.0,,,ESP.1_1,RLM7,SP211,REF3
,,,1.0,0.0,,,ESP.1_2,RLM7,SP211,REF3
,,,1.0,0.0,,,ESP.2_1,RLM7,SP211,REF3
,,,1.0,0.0,,,ESP.3_1,RLM7,SP211,REF3
,,,1.0,0.0,,,TUR.1_1,RLM7,SP211,REF3
,,,1.0,0.0,,,UKR.1_1,RLM7,SP211,REF3
,,,1.0,0.0,,,ARG.1_1,RLM1,SP57,REF3
,,,1.0,0.0,,,ARG.2_1,RLM1,SP57,REF3
,,,1.0,0.0,,,CHL.1_1,RLM1,SP57,REF3
,,,1.0,0.0,,,URY.1_1,RLM1,SP57,REF3
,,,1.0,0.0,,,ISR.1_1,RLM10,SP57,REF3
,,,1.0,0.0,,,JPN.1_1,RLM5,SP57,REF3
,,,1.0,0.0,,,SYR.1_1,RLM10,SP57,REF3
,,,1.0,0.0,,,AUT.1_1,RLM7,SP57,REF3
,,,1.0,0.0,,,BLR.1_1,RLM7,SP57,REF3
,,,1.0,0.0,,,BEL.1_1,RLM7,SP57,REF3
,,,1.0,0.0,,,BIH.1_1,RLM7,SP57,REF3
,,,1.0,0.0,,,BGR.1_1,RLM7,SP57,REF3
,,,1.0,0.0,,,CYP.1_1,RLM10,SP57,REF3
,,,1.0,0.0,,,CZE.1_1,RLM7,SP57,REF3
,,,1.0,0.0,,,DNK.1_1,RLM7,SP57,REF3
,,,1.0,0.0,,,EST.1_1,RLM7,SP57,REF3
,,,1.0,0.0,,,FIN.1_1,RLM7,SP57,REF3
,,,1.0,0.0,,,FRA.1_1,RLM7,SP57,REF3
,,,1.0,0.0,,,DEU.1_1,RLM7,SP57,REF3
,,,1.0,0.0,,,GRC.1_1,RLM7,SP57,REF3
,,,1.0,0.0,,,GRC.2_1,RLM7,SP57,REF3
,,,1.0,0.0,,,HUN.1_1,RLM7,SP57,REF3
,,,1.0,0.0,,,IRL.1_1,RLM7,SP57,REF3
,,,1.0,0.0,,,ITA.1_1,RLM7,SP57,REF3
,,,1.0,0.0,,,LVA.1_1,RLM7,SP57,REF3
,,,1.0,0.0,,,NLD.1_1,RLM7,SP57,REF3
,,,1.0,0.0,,,MKD.1_1,RLM7,SP57,REF3
,,,1.0,0.0,,,NOR.1_1,RLM7,SP57,REF3
,,,1.0,0.0,,,POL.1_1,RLM7,SP57,REF3
,,,1.0,0.0,,,PRT.1_1,RLM7,SP57,REF3
,,,1.0,0.0,,,PRT.2_1,RLM7,SP57,REF3
,,,1.0,0.0,,,PRT.3_1,RLM7,SP57,REF3
,,,1.0,0.0,,,ROU.1_1,RLM7,SP57,REF3
,,,1.0,0.0,,,SRB.1_1,RLM7,SP57,REF3
,,,1.0,0.0,,,SVK.1_1,RLM7,SP57,REF3
,,,1.0,0.0,,,SVN.1_1,RLM7,SP57,REF3
,,,1.0,0.0,,,ESP.1_1,RLM7,SP57,REF3
,,,1.0,0.0,,,ESP.1_2,RLM7,SP57,REF3
,,,1.0,0.0,,,ESP.2_1,RLM7,SP57,REF3
,,,1.0,0.0,,,ESP.3_1,RLM7,SP57,REF3
,,,1.0,0.0,,,SWE.1_1,RLM7,SP57,REF3
,,,1.0,0.0,,,CHE.1_1,RLM7,SP57,REF3
,,,1.0,0.0,,,TUR.1_1,RLM7,SP57,REF3
,,,1.0,0.0,,,UKR.1_1,RLM7,SP57,REF3
,,,1.0,0.0,,,ALB.1_1,RLM7,SP215,REF3
,,,1.0,0.0,,,AUT.1_1,RLM7,SP215,REF3
,,,1.0,0.0,,,BEL.1_1,RLM7,SP215,REF3
,,,1.0,0.0,,,BIH.1_1,RLM7,SP215,REF3
,,,1.0,0.0,,,BGR.1_1,RLM7,SP215,REF3
,,,1.0,0.0,,,HRV.1_1,RLM7,SP215,REF3
,,,1.0,0.0,,,CZE.1_1,RLM7,SP215,REF3
,,,1.0,0.0,,,DNK.1_1,RLM7,SP215,REF3
,,,1.0,0.0,,,FRA.1_1,RLM7,SP215,REF3
,,,1.0,0.0,,,DEU.1_1,RLM7,SP215,REF3
,,,1.0,0.0,,,HUN.1_1,RLM7,SP215,REF3
,,,1.0,0.0,,,ITA.1_1,RLM7,SP215,REF3
,,,1.0,0.0,,,LTU.1_1,RLM7,SP215,REF3
,,,1.0,0.0,,,MDA.1_1,RLM7,SP215,REF3
,,,1.0,0.0,,,NLD.1_1,RLM7,SP215,REF3
,,,1.0,0.0,,,POL.1_1,RLM7,SP215,REF3
,,,1.0,0.0,,,ROU.1_1,RLM7,SP215,REF3
,,,1.0,0.0,,,,RLM7,SP215,REF3
,,,1.0,0.0,,,SRB.1_1,RLM7,SP215,REF3
,,,1.0,0.0,,,SVK.1_1,RLM7,SP215,REF3
,,,1.0,0.0,,,SVN.1_1,RLM7,SP215,REF3
,,,1.0,0.0,,,ESP.1_1,RLM7,SP215,REF3
,,,1.0,0.0,,,ESP.1_2,RLM7,SP215,REF3
,,,1.0,0.0,,,ESP.2_1,RLM7,SP215,REF3
,,,1.0,0.0,,,ESP.3_1,RLM7,SP215,REF3
,,,1.0,0.0,,,CHE.1_1,RLM7,SP215,REF3
,,,1.0,0.0,,,UKR.1_1,RLM7,SP215,REF3
,,,1.0,0.0,,,KAZ.1_1,RLM7,SP71,REF3
,,,1.0,0.0,,,PRK.1_1,RLM7,SP71,REF3
,,,1.0,0.0,,,KOR.1_1,RLM7,SP71,REF3
,,,1.0,0.0,,,KOR.2_1,RLM7,SP71,REF3
,,,1.0,0.0,,,MNG.1_1,RLM7,SP71,REF3
,,,0.0,0.0,,,BEL.1_1,RLM7,SP71,REF3
,,,0.0,0.0,,,EST.1_1,RLM7,SP71,REF3
,,,0.0,0.0,,,FIN.1_1,RLM7,SP71,REF3
,,,0.0,0.0,,,LTU.1_1,RLM7,SP71,REF3
,,,0.0,0.0,,,NLD.1_1,RLM7,SP71,REF3
,,,0.0,0.0,,,SVN.1_1,RLM7,SP71,REF3
,,,0.0,0.0,,,SWE.1_1,RLM7,SP71,REF3
,,,0.0,0.0,,,CHE.1_1,RLM7,SP71,REF3
,,,1.0,0.0,,,DZA.1_1,RLM10,SP23,REF3
,,,1.0,0.0,,,AGO.1_1,RLM6,SP23,REF3
,,,1.0,0.0,,,BEN.1_1,RLM6,SP23,REF3
,,,1.0,0.0,,,BWA.1_1,RLM6,SP23,REF3
,,,1.0,0.0,,,BFA.1_1,RLM6,SP23,REF3
,,,1.0,0.0,,,BDI.1_1,RLM6,SP23,REF3
,,,1.0,0.0,,,CMR.1_1,RLM6,SP23,REF3
,,,1.0,0.0,,,CPV.1_1,RLM6,SP23,REF3
,,,1.0,0.0,,,CAF.1_1,RLM6,SP23,REF3
,,,1.0,0.0,,,TCD.1_1,RLM6,SP23,REF3
,,,1.0,0.0,,,COG.1_1,RLM6,SP23,REF3
,,,1.0,0.0,,,COD.1_1,RLM6,SP23,REF3
,,,1.0,0.0,,,,RLM6,SP23,REF3
,,,1.0,0.0,,,EGY.1_1,RLM10,SP23,REF3
,,,1.0,0.0,,,SWZ.1_1,RLM6,SP23,REF3
,,,1.0,0.0,,,ETH.1_1,RLM6,SP23,REF3
,,,1.0,0.0,,,GAB.1_1,RLM6,SP23,REF3
,,,1.0,0.0,,,GMB.1_1,RLM6,SP23,REF3
,,,1.0,0.0,,,GHA.1_1,RLM6,SP23,REF3
,,,1.0,0.0,,,GIN.1_1,RLM6,SP23,REF3
,,,1.0,0.0,,,GNB.1_1,RLM6,SP23,REF3
,,,1.0,0.0,,,KEN.1_1,RLM6,SP23,REF3
,,,1.0,0.0,,,LSO.1_1,RLM6,SP23,REF3
,,,1.0,0.0,,,LBY.1_1,RLM10,SP23,REF3
,,,1.0,0.0,,,MDG.1_1,RLM11,SP23,REF3
,,,1.0,0.0,,,MWI.1_1,RLM6,SP23,REF3
,,,1.0,0.0,,,MLI.1_1,RLM6,SP23,REF3
,,,1.0,0.0,,,MRT.1_1,RLM6,SP23,REF3
,,,1.0,0.0,,,MUS.1_1,RLM3,SP23,REF3
,,,1.0,0.0,,,FRA.3_1,RLM11,SP23,REF3
,,,1.0,0.0,,,MAR.1_1,RLM10,SP23,REF3
,,,1.0,0.0,,,MOZ.1_1,RLM6,SP23,REF3
,,,1.0,0.0,,,NAM.1_1,RLM6,SP23,REF3
,,,1.0,0.0,,,NER.1_1,RLM6,SP23,REF3
,,,1.0,0.0,,,NGA.1_1,RLM6,SP23,REF3
,,,1.0,0.0,,,RWA.1_1,RLM6,SP23,REF3
,,,1.0,0.0,,,GBR.3_1,RLM6,SP23,REF3
,,,1.0,0.0,,,SEN.1_1,RLM6,SP23,REF3
,,,1.0,0.0,,,SYC.1_1,RLM3,SP23,REF3
,,,1.0,0.0,,,SLE.1_1,RLM6,SP23,REF3
,,,1.0,0.0,,,SOM.1_1,RLM6,SP23,REF3
,,,1.0,0.0,,,ZAF.1_1,RLM6,SP23,REF3
,,,1.0,0.0,,,SDN.1_1,RLM6,SP23,REF3
,,,1.0,0.0,,,TZA.1_1,RLM6,SP23,REF3
,,,1.0,0.0,,,TGO.1_1,RLM6,SP23,REF3
,,,1.0,0.0,,,TUN.1_1,RLM10,SP23,REF3
,,,1.0,0.0,,,UGA.1_1,RLM6,SP23,REF3
,,,1.0,0.0,,,ZMB.1_1,RLM6,SP23,REF3
,,,1.0,0.0,,,ZWE.1_1,RLM6,SP23,REF3
,,,1.0,0.0,,,ARG.1_1,RLM1,SP23,REF3
,,,1.0,0.0,,,ARG.2_1,RLM1,SP23,REF3
,,,1.0,0.0,,,CHL.1_1,RLM1,SP23,REF3
,,,0.0,0.0,,,COL.1_1,RLM1,SP23,REF3
,,,0.0,0.0,,,DOM.1_1,RLM9,SP23,REF3
,,,1.0,0.0,,,PRY.1_1,RLM1,SP23,REF3
,,,1.0,0.0,,,PER.1_1,RLM1,SP23,REF3
,,,1.0,0.0,,,USA.3_1,RLM9,SP23,REF3
,,,0.0,0.0,,,SUR.1_1,RLM1,SP23,REF3
,,,1.0,0.0,,,URY.1_1,RLM1,SP23,REF3
,,,1.0,0.0,,,AFG.1_1,RLM10,SP23,REF3
,,,1.0,0.0,,,BGD.1_1,RLM4,SP23,REF3
,,,1.0,0.0,,,BTN.1_1,RLM4,SP23,REF3
,,,1.0,0.0,,,KHM.1_1,RLM4,SP23,REF3
,,,1.0,0.0,,,AUS.5_1,RLM4,SP23,REF3
,,,1.0,0.0,,,IRN.1_1,RLM10,SP23,REF3
,,,1.0,0.0,,,IRQ.1_1,RLM10,SP23,REF3
,,,1.0,0.0,,,ISR.1_1,RLM10,SP23,REF3
,,,1.0,0.0,,,JOR.1_1,RLM10,SP23,REF3
,,,1.0,0.0,,,KAZ.1_1,RLM7,SP23,REF3
,,,1.0,0.0,,,PRK.1_1,RLM7,SP23,REF3
,,,1.0,0.0,,,KOR.1_1,RLM7,SP23,REF3
,,,1.0,0.0,,,KOR.2_1,RLM7,SP23,REF3
,,,1.0,0.0,,,KWT.1_1,RLM10,SP23,REF3
,,,1.0,0.0,,,KGZ.1_1,RLM7,SP23,REF3
,,,1.0,0.0,,,LAO.1_1,RLM4,SP23,REF3
,,,1.0,0.0,,,LBN.1_1,RLM10,SP23,REF3
,,,1.0,0.0,,,MMR.1_1,RLM4,SP23,REF3
,,,1.0,0.0,,,NPL.1_1,RLM5,SP23,REF3
,,,1.0,0.0,,,PAK.1_1,RLM4,SP23,REF3
,,,1.0,0.0,,,PHL.1_1,RLM4,SP23,REF3
,,,1.0,0.0,,,SAU.1_1,RLM10,SP23,REF3
,,,1.0,0.0,,,SGP.1_1,RLM4,SP23,REF3
,,,1.0,0.0,,,LKA.1_1,RLM4,SP23,REF3
,,,1.0,0.0,,,SYR.1_1,RLM10,SP23,REF3
,,,1.0,0.0,,,TWN.1_1,RLM4,SP23,REF3
,,,1.0,0.0,,,TJK.1_1,RLM7,SP23,REF3
,,,1.0,0.0,,,THA.1_1,RLM4,SP23,REF3
,,,1.0,0.0,,,TKM.1_1,RLM7,SP23,REF3
,,,1.0,0.0,,,ARE.1_1,RLM10,SP23,REF3
,,,1.0,0.0,,,UZB.1_1,RLM7,SP23,REF3
,,,1.0,0.0,,,VNM.1_1,RLM4,SP23,REF3
,,,1.0,0.0,,,YEM.1_1,RLM10,SP23,REF3
,,,1.0,0.0,,,ALB.1_1,RLM7,SP23,REF3
,,,1.0,0.0,,,ARM.1_1,RLM7,SP23,REF3
,,,1.0,0.0,,,AUT.1_1,RLM7,SP23,REF3
,,,1.0,0.0,,,AZE.1_1,RLM7,SP23,REF3
,,,1.0,0.0,,,BEL.1_1,RLM7,SP23,REF3
,,,1.0,0.0,,,BIH.1_1,RLM7,SP23,REF3
,,,1.0,0.0,,,BGR.1_1,RLM7,SP23,REF3
,,,1.0,0.0,,,HRV.1_1,RLM7,SP23,REF3
,,,1.0,0.0,,,CYP.1_1,RLM10,SP23,REF3
,,,1.0,0.0,,,CZE.1_1,RLM7,SP23,REF3
,,,0.0,0.0,,,DNK.1_1,RLM7,SP23,REF3
,,,0.0,0.0,,,EST.1_1,RLM7,SP23,REF3
,,,0.0,0.0,,,FIN.1_1,RLM7,SP23,REF3
,,,1.0,0.0,,,FRA.1_1,RLM7,SP23,REF3
,,,1.0,0.0,,,GEO.1_1,RLM7,SP23,REF3
,,,1.0,0.0,,,DEU.1_1,RLM7,SP23,REF3
,,,1.0,0.0,,,GRC.1_1,RLM7,SP23,REF3
,,,1.0,0.0,,,GRC.2_1,RLM7,SP23,REF3
,,,1.0,0.0,,,HUN.1_1,RLM7,SP23,REF3
,,,1.0,0.0,,,ITA.1_1,RLM7,SP23,REF3
,,,0.0,0.0,,,LVA.1_1,RLM7,SP23,REF3
,,,1.0,0.0,,,MLT.1_1,RLM10,SP23,REF3
,,,1.0,0.0,,,MDA.1_1,RLM7,SP23,REF3
,,,1.0,0.0,,,NLD.1_1,RLM7,SP23,REF3
,,,1.0,0.0,,,MKD.1_1,RLM7,SP23,REF3
,,,0.0,0.0,,,NOR.1_1,RLM7,SP23,REF3
,,,1.0,0.0,,,POL.1_1,RLM7,SP23,REF3
,,,1.0,0.0,,,PRT.1_1,RLM7,SP23,REF3
,,,1.0,0.0,,,PRT.2_1,RLM7,SP23,REF3
,,,1.0,0.0,,,PRT.3_1,RLM7,SP23,REF3
,,,1.0,0.0,,,ROU.1_1,RLM7,SP23,REF3
,,,1.0,0.0,,,SRB.1_1,RLM7,SP23,REF3
,,,1.0,0.0,,,SVK.1_1,RLM7,SP23,REF3
,,,1.0,0.0,,,SVN.1_1,RLM7,SP23,REF3
,,,1.0,0.0,,,ESP.1_1,RLM7,SP23,REF3
,,,1.0,0.0,,,ESP.1_2,RLM7,SP23,REF3
,,,1.0,0.0,,,ESP.2_1,RLM7,SP23,REF3
,,,1.0,0.0,,,ESP.3_1,RLM7,SP23,REF3
,,,1.0,0.0,,,CHE.1_1,RLM7,SP23,REF3
,,,1.0,0.0,,,TUR.1_1,RLM7,SP23,REF3
,,,1.0,0.0,,,UKR.1_1,RLM7,SP23,REF3
,,,1.0,0.0,,,USA.5_1,RLM3,SP23,REF3
,,,1.0,0.0,,,GUM.1_1,RLM3,SP23,REF3
,,,1.0,0.0,,,KIR.1_1,RLM3,SP23,REF3
,,,1.0,0.0,,,MHL.1_1,RLM3,SP23,REF3
,,,1.0,0.0,,,FSM.1_1,RLM3,SP23,REF3
,,,1.0,0.0,,,FRA.7_1,RLM3,SP23,REF3
,,,1.0,0.0,,,NZL.1_1,RLM8,SP23,REF3
,,,1.0,0.0,,,AUS.3_1,RLM8,SP23,REF3
,,,1.0,0.0,,,USA.4_1,RLM3,SP23,REF3
,,,1.0,0.0,,,USA.6_1,RLM3,SP23,REF3
,,,1.0,0.0,,,PLW.1_1,RLM3,SP23,REF3
,,,1.0,0.0,,,PNG.1_1,RLM3,SP23,REF3
,,,1.0,0.0,,,WSM.1_1,RLM3,SP23,REF3
,,,1.0,0.0,,,SLB.1_1,RLM3,SP23,REF3
,,,1.0,0.0,,,TON.1_1,RLM3,SP23,REF3
,,,1.0,0.0,,,TUV.1_1,RLM3,SP23,REF3
,,,1.0,0.0,,,VUT.1_1,RLM3,SP23,REF3
,,,1.0,0.0,,,ATG.1_1,RLM9,SP139,REF3
,,,1.0,0.0,,,ARG.1_1,RLM1,SP139,REF3
,,,1.0,0.0,,,ARG.2_1,RLM1,SP139,REF3
,,,1.0,0.0,,,BRB.1_1,RLM9,SP139,REF3
,,,1.0,0.0,,,BLZ.1_1,RLM9,SP139,REF3
,,,1.0,0.0,,,BOL.1_1,RLM1,SP139,REF3
,,,1.0,0.0,,,COL.1_1,RLM1,SP139,REF3
,,,1.0,0.0,,,CRI.1_1,RLM9,SP139,REF3
,,,1.0,0.0,,,CUB.1_1,RLM9,SP139,REF3
,,,1.0,0.0,,,DMA.1_1,RLM9,SP139,REF3
,,,1.0,0.0,,,DOM.1_1,RLM9,SP139,REF3
,,,1.0,0.0,,,ECU.1_1,RLM1,SP139,REF3
,,,1.0,0.0,,,ECU.2_1,RLM1,SP139,REF3
,,,1.0,0.0,,,SLV.1_1,RLM9,SP139,REF3
,,,1.0,0.0,,,FRA.8_1,RLM1,SP139,REF3
,,,1.0,0.0,,,GRD.1_1,RLM1,SP139,REF3
,,,1.0,0.0,,,FRA.5_1,RLM9,SP139,REF3
,,,1.0,0.0,,,GTM.1_1,RLM9,SP139,REF3
,,,1.0,0.0,,,GUY.1_1,RLM1,SP139,REF3
,,,1.0,0.0,,,HTI.1_1,RLM9,SP139,REF3
,,,1.0,0.0,,,HND.1_1,RLM9,SP139,REF3
,,,1.0,0.0,,,HND.2_1,RLM9,SP139,REF3
,,,1.0,0.0,,,JAM.1_1,RLM9,SP139,REF3
,,,1.0,0.0,,,MEX.1_1,RLM2,SP139,REF3
,,,1.0,0.0,,,GBR.6_1,RLM9,SP139,REF3
,,,1.0,0.0,,,PAN.1_1,RLM9,SP139,REF3
,,,1.0,0.0,,,PRY.1_1,RLM1,SP139,REF3
,,,1.0,0.0,,,PER.1_1,RLM1,SP139,REF3
,,,1.0,0.0,,,USA.3_1,RLM9,SP139,REF3
,,,1.0,0.0,,,LCA.1_1,RLM1,SP139,REF3
,,,1.0,0.0,,,KNA.1_1,RLM9,SP139,REF3
,,,1.0,0.0,,,VCT.1_1,RLM1,SP139,REF3
,,,1.0,0.0,,,SUR.1_1,RLM1,SP139,REF3
,,,1.0,0.0,,,TTO.1_1,RLM1,SP139,REF3
,,,1.0,0.0,,,URY.1_1,RLM1,SP139,REF3
,,,1.0,0.0,,,VEN.1_1,RLM1,SP139,REF3
,,,1.0,0.0,,,VEN.2_1,RLM1,SP139,REF3
,,,1.0,0.0,,,MEX.1_1,RLM2,SP4,REF3
,,,1.0,0.0,,,IRN.1_1,RLM10,SP4,REF3
,,,1.0,0.0,,,KAZ.1_1,RLM7,SP4,REF3
,,,1.0,0.0,,,PRK.1_1,RLM7,SP4,REF3
,,,1.0,0.0,,,KOR.1_1,RLM7,SP4,REF3
,,,1.0,0.0,,,KOR.2_1,RLM7,SP4,REF3
,,,1.0,0.0,,,KGZ.1_1,RLM7,SP4,REF3
,,,1.0,0.0,,,AUT.1_1,RLM7,SP4,REF3
,,,1.0,0.0,,,AZE.1_1,RLM7,SP4,REF3
,,,1.0,0.0,,,BLR.1_1,RLM7,SP4,REF3
,,,1.0,0.0,,,BIH.1_1,RLM7,SP4,REF3
,,,1.0,0.0,,,BGR.1_1,RLM7,SP4,REF3
,,,1.0,0.0,,,HRV.1_1,RLM7,SP4,REF3
,,,1.0,0.0,,,CZE.1_1,RLM7,SP4,REF3
,,,0.0,0.0,,,DNK.1_1,RLM7,SP4,REF3
,,,1.0,0.0,,,FRA.1_1,RLM7,SP4,REF3
,,,1.0,0.0,,,GEO.1_1,RLM7,SP4,REF3
,,,0.0,0.0,,,DEU.1_1,RLM7,SP4,REF3
,,,1.0,0.0,,,GRC.1_1,RLM7,SP4,REF3
,,,1.0,0.0,,,GRC.2_1,RLM7,SP4,REF3
,,,1.0,0.0,,,HUN.1_1,RLM7,SP4,REF3
,,,1.0,0.0,,,ITA.1_1,RLM7,SP4,REF3
,,,0.0,1.0,,,LTU.1_1,RLM7,SP4,REF3
,,,1.0,0.0,,,MDA.1_1,RLM7,SP4,REF3
,,,1.0,0.0,,,MKD.1_1,RLM7,SP4,REF3
,,,1.0,0.0,,,POL.1_1,RLM7,SP4,REF3
,,,1.0,0.0,,,ROU.1_1,RLM7,SP4,REF3
,,,1.0,0.0,,,SRB.1_1,RLM7,SP4,REF3
,,,1.0,0.0,,,SVK.1_1,RLM7,SP4,REF3
,,,1.0,0.0,,,SVN.1_1,RLM7,SP4,REF3
,,,1.0,0.0,,,CHE.1_1,RLM7,SP4,REF3
,,,1.0,0.0,,,TUR.1_1,RLM7,SP4,REF3
,,,1.0,0.0,,,UKR.1_1,RLM7,SP4,REF3
,,,1.0,0.0,,,DZA.1_1,RLM10,SP17,REF3
,,,1.0,0.0,,,AGO.1_1,RLM6,SP17,REF3
,,,1.0,0.0,,,BEN.1_1,RLM6,SP17,REF3
,,,1.0,0.0,,,BFA.1_1,RLM6,SP17,REF3
,,,1.0,0.0,,,BDI.1_1,RLM6,SP17,REF3
,,,1.0,0.0,,,CMR.1_1,RLM6,SP17,REF3
,,,1.0,0.0,,,CAF.1_1,RLM6,SP17,REF3
,,,1.0,0.0,,,TCD.1_1,RLM6,SP17,REF3
,,,1.0,0.0,,,COD.1_1,RLM6,SP17,REF3
,,,1.0,0.0,,,,RLM6,SP17,REF3
,,,1.0,0.0,,,EGY.1_1,RLM10,SP17,REF3
,,,1.0,0.0,,,ETH.1_1,RLM6,SP17,REF3
,,,1.0,0.0,,,GHA.1_1,RLM6,SP17,REF3
,,,1.0,0.0,,,KEN.1_1,RLM6,SP17,REF3
,,,1.0,0.0,,,LBY.1_1,RLM10,SP17,REF3
,,,1.0,0.0,,,MDG.1_1,RLM11,SP17,REF3
,,,1.0,0.0,,,MWI.1_1,RLM6,SP17,REF3
,,,1.0,0.0,,,MLI.1_1,RLM6,SP17,REF3
,,,1.0,0.0,,,MUS.1_1,RLM3,SP17,REF3
,,,1.0,0.0,,,MAR.1_1,RLM10,SP17,REF3
,,,1.0,0.0,,,MOZ.1_1,RLM6,SP17,REF3
,,,1.0,0.0,,,NER.1_1,RLM6,SP17,REF3
,,,1.0,0.0,,,NGA.1_1,RLM6,SP17,REF3
,,,1.0,0.0,,,RWA.1_1,RLM6,SP17,REF3
,,,1.0,0.0,,,SEN.1_1,RLM6,SP17,REF3
,,,1.0,0.0,,,SYC.1_1,RLM3,SP17,REF3
,,,1.0,0.0,,,SLE.1_1,RLM6,SP17,REF3
,,,1.0,0.0,,,SOM.1_1,RLM6,SP17,REF3
,,,1.0,0.0,,,SDN.1_1,RLM6,SP17,REF3
,,,1.0,0.0,,,TZA.1_1,RLM6,SP17,REF3
,,,1.0,0.0,,,TGO.1_1,RLM6,SP17,REF3
,,,1.0,0.0,,,TUN.1_1,RLM10,SP17,REF3
,,,1.0,0.0,,,UGA.1_1,RLM6,SP17,REF3
,,,1.0,0.0,,,ZWE.1_1,RLM6,SP17,REF3
,,,1.0,0.0,,,ATG.1_1,RLM9,SP17,REF3
,,,1.0,0.0,,,ARG.1_1,RLM1,SP17,REF3
,,,1.0,0.0,,,ARG.2_1,RLM1,SP17,REF3
,,,1.0,0.0,,,BHS.1_1,RLM9,SP17,REF3
,,,1.0,0.0,,,BRB.1_1,RLM9,SP17,REF3
,,,1.0,0.0,,,BOL.1_1,RLM1,SP17,REF3
,,,1.0,0.0,,,COL.1_1,RLM1,SP17,REF3
,,,1.0,0.0,,,CUB.1_1,RLM9,SP17,REF3
,,,1.0,0.0,,,DMA.1_1,RLM9,SP17,REF3
,,,1.0,0.0,,,DOM.1_1,RLM9,SP17,REF3
,,,1.0,0.0,,,GRD.1_1,RLM1,SP17,REF3
,,,1.0,0.0,,,FRA.5_1,RLM9,SP17,REF3
,,,1.0,0.0,,,GUY.1_1,RLM1,SP17,REF3
,,,1.0,0.0,,,HTI.1_1,RLM9,SP17,REF3
,,,1.0,0.0,,,JAM.1_1,RLM9,SP17,REF3
,,,1.0,0.0,,,MEX.1_1,RLM2,SP17,REF3
,,,1.0,0.0,,,GBR.6_1,RLM9,SP17,REF3
,,,0.0,1.0,,,NIC.1_1,RLM9,SP17,REF3
,,,1.0,0.0,,,PRY.1_1,RLM1,SP17,REF3
,,,1.0,0.0,,,PER.1_1,RLM1,SP17,REF3
,,,1.0,0.0,,,USA.3_1,RLM9,SP17,REF3
,,,1.0,0.0,,,LCA.1_1,RLM1,SP17,REF3
,,,1.0,0.0,,,KNA.1_1,RLM9,SP17,REF3
,,,1.0,0.0,,,VCT.1_1,RLM1,SP17,REF3
,,,1.0,0.0,,,TTO.1_1,RLM1,SP17,REF3
,,,1.0,0.0,,,URY.1_1,RLM1,SP17,REF3
,,,1.0,0.0,,,VEN.1_1,RLM1,SP17,REF3
,,,1.0,0.0,,,VEN.2_1,RLM1,SP17,REF3
,,,1.0,0.0,,,AFG.1_1,RLM10,SP17,REF3
,,,1.0,0.0,,,BGD.1_1,RLM4,SP17,REF3
,,,1.0,0.0,,,KHM.1_1,RLM4,SP17,REF3
,,,1.0,0.0,,,CHN.1_1,RLM7,SP17,REF3
,,,1.0,0.0,,,CHN.2_1,RLM7,SP17,REF3
,,,1.0,0.0,,,CHN.3_1,RLM7,SP17,REF3
,,,1.0,0.0,,,IRN.1_1,RLM10,SP17,REF3
,,,1.0,0.0,,,IRQ.1_1,RLM10,SP17,REF3
,,,1.0,0.0,,,ISR.1_1,RLM10,SP17,REF3
,,,1.0,0.0,,,JPN.1_1,RLM5,SP17,REF3
,,,1.0,0.0,,,JOR.1_1,RLM10,SP17,REF3
,,,1.0,0.0,,,PRK.1_1,RLM7,SP17,REF3
,,,1.0,0.0,,,KOR.1_1,RLM7,SP17,REF3
,,,1.0,0.0,,,KOR.2_1,RLM7,SP17,REF3
,,,1.0,0.0,,,LAO.1_1,RLM4,SP17,REF3
,,,1.0,0.0,,,MYS.1_1,RLM4,SP17,REF3
,,,1.0,0.0,,,MMR.1_1,RLM4,SP17,REF3
,,,1.0,0.0,,,PAK.1_1,RLM4,SP17,REF3
,,,1.0,0.0,,,PHL.1_1,RLM4,SP17,REF3
,,,1.0,0.0,,,SAU.1_1,RLM10,SP17,REF3
,,,1.0,0.0,,,LKA.1_1,RLM4,SP17,REF3
,,,1.0,0.0,,,SYR.1_1,RLM10,SP17,REF3
,,,1.0,0.0,,,TWN.1_1,RLM4,SP17,REF3
,,,1.0,0.0,,,THA.1_1,RLM4,SP17,REF3
,,,0.0,1.0,,,UZB.1_1,RLM7,SP17,REF3
,,,1.0,0.0,,,VNM.1_1,RLM4,SP17,REF3
,,,1.0,0.0,,,YEM.1_1,RLM10,SP17,REF3
,,,0.0,0.0,,,BGR.1_1,RLM7,SP17,REF3
,,,1.0,0.0,,,CYP.1_1,RLM10,SP17,REF3
,,,1.0,0.0,,,DNK.1_1,RLM7,SP17,REF3
,,,1.0,0.0,,,GRC.1_1,RLM7,SP17,REF3
,,,1.0,0.0,,,GRC.2_1,RLM7,SP17,REF3
,,,1.0,0.0,,,ITA.1_1,RLM7,SP17,REF3
,,,1.0,0.0,,,MNE.1_1,RLM7,SP17,REF3
,,,1.0,0.0,,,MKD.1_1,RLM7,SP17,REF3
,,,1.0,0.0,,,ROU.1_1,RLM7,SP17,REF3
,,,1.0,0.0,,,ESP.1_1,RLM7,SP17,REF3
,,,1.0,0.0,,,ESP.1_2,RLM7,SP17,REF3
,,,1.0,0.0,,,ESP.2_1,RLM7,SP17,REF3
,,,1.0,0.0,,,ESP.3_1,RLM7,SP17,REF3
,,,1.0,0.0,,,TUR.1_1,RLM7,SP17,REF3
,,,1.0,0.0,,,FRA.6_1,RLM3,SP17,REF3
,,,1.0,0.0,,,FRA.7_1,RLM3,SP17,REF3
,,,1.0,0.0,,,USA.4_1,RLM3,SP17,REF3
,,,1.0,0.0,,,USA.6_1,RLM3,SP17,REF3
,,,1.0,0.0,,,PNG.1_1,RLM3,SP17,REF3
,,,1.0,0.0,,,WSM.1_1,RLM3,SP17,REF3
,,,1.0,0.0,,,VUT.1_1,RLM3,SP17,REF3
,,,1.0,0.0,,,DZA.1_1,RLM10,SP153,REF3
,,,1.0,0.0,,,AGO.1_1,RLM6,SP153,REF3
,,,1.0,0.0,,,BEN.1_1,RLM6,SP153,REF3
,,,1.0,0.0,,,BWA.1_1,RLM6,SP153,REF3
,,,1.0,0.0,,,BFA.1_1,RLM6,SP153,REF3
,,,1.0,0.0,,,BDI.1_1,RLM6,SP153,REF3
,,,1.0,0.0,,,CPV.1_1,RLM6,SP153,REF3
,,,1.0,0.0,,,COD.1_1,RLM6,SP153,REF3
,,,1.0,0.0,,,,RLM6,SP153,REF3
,,,1.0,0.0,,,EGY.1_1,RLM10,SP153,REF3
,,,1.0,0.0,,,GNQ.1_1,RLM6,SP153,REF3
,,,1.0,0.0,,,ETH.1_1,RLM6,SP153,REF3
,,,1.0,0.0,,,GHA.1_1,RLM6,SP153,REF3
,,,1.0,0.0,,,KEN.1_1,RLM6,SP153,REF3
,,,1.0,0.0,,,LSO.1_1,RLM6,SP153,REF3
,,,1.0,0.0,,,LBY.1_1,RLM10,SP153,REF3
,,,1.0,0.0,,,MUS.1_1,RLM3,SP153,REF3
,,,1.0,0.0,,,FRA.3_1,RLM11,SP153,REF3
,,,1.0,0.0,,,MAR.1_1,RLM10,SP153,REF3
,,,1.0,0.0,,,MOZ.1_1,RLM6,SP153,REF3
,,,1.0,0.0,,,NAM.1_1,RLM6,SP153,REF3
,,,1.0,0.0,,,NER.1_1,RLM6,SP153,REF3
,,,1.0,0.0,,,NGA.1_1,RLM6,SP153,REF3
,,,1.0,0.0,,,RWA.1_1,RLM6,SP153,REF3
,,,1.0,0.0,,,,RLM6,SP153,REF3
,,,1.0,0.0,,,SEN.1_1,RLM6,SP153,REF3
,,,1.0,0.0,,,ZAF.1_1,RLM6,SP153,REF3
,,,1.0,0.0,,,SDN.1_1,RLM6,SP153,REF3
,,,1.0,0.0,,,TZA.1_1,RLM6,SP153,REF3
,,,1.0,0.0,,,TGO.1_1,RLM6,SP153,REF3
,,,1.0,0.0,,,TUN.1_1,RLM10,SP153,REF3
,,,1.0,0.0,,,UGA.1_1,RLM6,SP153,REF3
,,,1.0,0.0,,,ZMB.1_1,RLM6,SP153,REF3
,,,1.0,0.0,,,ZWE.1_1,RLM6,SP153,REF3
,,,1.0,0.0,,,ARG.1_1,RLM1,SP153,REF3
,,,1.0,0.0,,,ARG.2_1,RLM1,SP153,REF3
,,,1.0,0.0,,,BOL.1_1,RLM1,SP153,REF3
,,,1.0,0.0,,,CHL.1_1,RLM1,SP153,REF3
,,,1.0,0.0,,,COL.1_1,RLM1,SP153,REF3
,,,1.0,0.0,,,CRI.1_1,RLM9,SP153,REF3
,,,1.0,0.0,,,ECU.1_1,RLM1,SP153,REF3
,,,1.0,0.0,,,ECU.2_1,RLM1,SP153,REF3
,,,1.0,0.0,,,HTI.1_1,RLM9,SP153,REF3
,,,1.0,0.0,,,PAN.1_1,RLM9,SP153,REF3
,,,1.0,0.0,,,PRY.1_1,RLM1,SP153,REF3
,,,1.0,0.0,,,PER.1_1,RLM1,SP153,REF3
,,,1.0,0.0,,,TTO.1_1,RLM1,SP153,REF3
,,,1.0,0.0,,,URY.1_1,RLM1,SP153,REF3
,,,1.0,0.0,,,VEN.1_1,RLM1,SP153,REF3
,,,1.0,0.0,,,VEN.2_1,RLM1,SP153,REF3
,,,1.0,0.0,,,AFG.1_1,RLM10,SP153,REF3
,,,0.0,0.0,,,BHR.1_1,RLM10,SP153,REF3
,,,1.0,0.0,,,BGD.1_1,RLM4,SP153,REF3
,,,1.0,0.0,,,IRN.1_1,RLM10,SP153,REF3
,,,1.0,0.0,,,IRQ.1_1,RLM10,SP153,REF3
,,,1.0,0.0,,,ISR.1_1,RLM10,SP153,REF3
,,,0.0,0.0,,,JPN.1_1,RLM5,SP153,REF3
,,,1.0,0.0,,,JOR.1_1,RLM10,SP153,REF3
,,,1.0,0.0,,,KAZ.1_1,RLM7,SP153,REF3
,,,0.0,0.0,,,KWT.1_1,RLM10,SP153,REF3
,,,1.0,0.0,,,KGZ.1_1,RLM7,SP153,REF3
,,,0.0,0.0,,,LBN.1_1,RLM10,SP153,REF3
,,,1.0,0.0,,,MMR.1_1,RLM4,SP153,REF3
,,,1.0,0.0,,,NPL.1_1,RLM5,SP153,REF3
,,,1.0,0.0,,,PAK.1_1,RLM4,SP153,REF3
,,,1.0,0.0,,,QAT.1_1,RLM10,SP153,REF3
,,,1.0,0.0,,,SAU.1_1,RLM10,SP153,REF3
,,,1.0,0.0,,,SYR.1_1,RLM10,SP153,REF3
,,,1.0,0.0,,,TJK.1_1,RLM7,SP153,REF3
,,,1.0,0.0,,,THA.1_1,RLM4,SP153,REF3
,,,1.0,0.0,,,TKM.1_1,RLM7,SP153,REF3
,,,1.0,0.0,,,ARE.1_1,RLM10,SP153,REF3
,,,1.0,0.0,,,UZB.1_1,RLM7,SP153,REF3
,,,1.0,0.0,,,YEM.1_1,RLM10,SP153,REF3
,,,1.0,0.0,,,ALB.1_1,RLM7,SP153,REF3
,,,1.0,0.0,,,ARM.1_1,RLM7,SP153,REF3
,,,1.0,0.0,,,AUT.1_1,RLM7,SP153,REF3
,,,1.0,0.0,,,AZE.1_1,RLM7,SP153,REF3
,,,0.0,1.0,,,BLR.1_1,RLM7,SP153,REF3
,,,1.0,0.0,,,BEL.1_1,RLM7,SP153,REF3
,,,1.0,0.0,,,BIH.1_1,RLM7,SP153,REF3
,,,1.0,0.0,,,BGR.1_1,RLM7,SP153,REF3
,,,1.0,0.0,,,HRV.1_1,RLM7,SP153,REF3
,,,1.0,0.0,,,CYP.1_1,RLM10,SP153,REF3
,,,1.0,0.0,,,CZE.1_1,RLM7,SP153,REF3
,,,0.0,0.0,,,DNK.1_1,RLM7,SP153,REF3
,,,1.0,0.0,,,FRA.1_1,RLM7,SP153,REF3
,,,1.0,0.0,,,GEO.1_1,RLM7,SP153,REF3
,,,0.0,0.0,,,DEU.1_1,RLM7,SP153,REF3
,,,1.0,0.0,,,GRC.1_1,RLM7,SP153,REF3
,,,1.0,0.0,,,GRC.2_1,RLM7,SP153,REF3
,,,1.0,0.0,,,HUN.1_1,RLM7,SP153,REF3
,,,1.0,0.0,,,ITA.1_1,RLM7,SP153,REF3
,,,1.0,0.0,,,LTU.1_1,RLM7,SP153,REF3
,,,1.0,0.0,,,MLT.1_1,RLM10,SP153,REF3
,,,1.0,0.0,,,MDA.1_1,RLM7,SP153,REF3
,,,1.0,0.0,,,MNE.1_1,RLM7,SP153,REF3
,,,1.0,0.0,,,NLD.1_1,RLM7,SP153,REF3
,,,1.0,0.0,,,MKD.1_1,RLM7,SP153,REF3
,,,1.0,0.0,,,NOR.1_1,RLM7,SP153,REF3
,,,1.0,0.0,,,POL.1_1,RLM7,SP153,REF3
,,,1.0,0.0,,,PRT.1_1,RLM7,SP153,REF3
,,,1.0,0.0,,,PRT.2_1,RLM7,SP153,REF3
,,,1.0,0.0,,,PRT.3_1,RLM7,SP153,REF3
,,,1.0,0.0,,,ROU.1_1,RLM7,SP153,REF3
,,,1.0,0.0,,,,RLM7,SP153,REF3
,,,1.0,0.0,,,SRB.1_1,RLM7,SP153,REF3
,,,1.0,0.0,,,SVK.1_1,RLM7,SP153,REF3
,,,1.0,0.0,,,SVN.1_1,RLM7,SP153,REF3
,,,1.0,0.0,,,ESP.1_1,RLM7,SP153,REF3
,,,1.0,0.0,,,ESP.1_2,RLM7,SP153,REF3
,,,1.0,0.0,,,ESP.2_1,RLM7,SP153,REF3
,,,1.0,0.0,,,ESP.3_1,RLM7,SP153,REF3
,,,1.0,0.0,,,CHE.1_1,RLM7,SP153,REF3
,,,1.0,0.0,,,TUR.1_1,RLM7,SP153,REF3
,,,1.0,0.0,,,UKR.1_1,RLM7,SP153,REF3
,,,1.0,0.0,,,COM.1_1,RLM11,SP670,REF3
,,,1.0,0.0,,,COD.1_1,RLM6,SP670,REF3
,,,1.0,0.0,,,,RLM6,SP670,REF3
,,,1.0,0.0,,,KEN.1_1,RLM6,SP670,REF3
,,,1.0,0.0,,,MDG.1_1,RLM11,SP670,REF3
,,,1.0,0.0,,,MWI.1_1,RLM6,SP670,REF3
,,,1.0,0.0,,,MOZ.1_1,RLM6,SP670,REF3
,,,1.0,0.0,,,NGA.1_1,RLM6,SP670,REF3
,,,1.0,0.0,,,SOM.1_1,RLM6,SP670,REF3
,,,1.0,0.0,,,ZAF.1_1,RLM6,SP670,REF3
,,,1.0,0.0,,,SDN.1_1,RLM6,SP670,REF3
,,,1.0,0.0,,,TZA.1_1,RLM6,SP670,REF3
,,,1.0,0.0,,,UGA.1_1,RLM6,SP670,REF3
,,,1.0,0.0,,,ZMB.1_1,RLM6,SP670,REF3
,,,1.0,0.0,,,ZWE.1_1,RLM6,SP670,REF3
,,,1.0,0.0,,,CHN.1_1,RLM7,SP670,REF3
,,,1.0,0.0,,,CHN.2_1,RLM7,SP670,REF3
,,,1.0,0.0,,,CHN.3_1,RLM7,SP670,REF3
,,,1.0,0.0,,,IND.1_1,RLM4,SP670,REF3
,,,1.0,0.0,,,IDN.1_1,RLM4,SP670,REF3
,,,0.0,0.0,,,ISR.1_1,RLM10,SP670,REF3
,,,1.0,0.0,,,MMR.1_1,RLM4,SP670,REF3
,,,1.0,0.0,,,PAK.1_1,RLM4,SP670,REF3
,,,1.0,0.0,,,PHL.1_1,RLM4,SP670,REF3
,,,1.0,0.0,,,LKA.1_1,RLM4,SP670,REF3
,,,1.0,0.0,,,TWN.1_1,RLM4,SP670,REF3
,,,1.0,0.0,,,THA.1_1,RLM4,SP670,REF3
,,,1.0,0.0,,,VNM.1_1,RLM4,SP670,REF3
,,,1.0,0.0,,,CYP.1_1,RLM10,SP670,REF3
,,,1.0,0.0,,,GRC.1_1,RLM7,SP670,REF3
,,,1.0,0.0,,,GRC.2_1,RLM7,SP670,REF3
,,,1.0,0.0,,,TUR.1_1,RLM7,SP670,REF3
,,,1.0,0.0,,,FRA.7_1,RLM3,SP670,REF3
,,,1.0,0.0,,,PNG.1_1,RLM3,SP670,REF3
,,,1.0,0.0,,,WSM.1_1,RLM3,SP670,REF3
,,,1.0,0.0,,,SLB.1_1,RLM3,SP670,REF3
,,,1.0,0.0,,,TON.1_1,RLM3,SP670,REF3
,,,1.0,0.0,,,FRA.6_1,RLM3,SP670,REF3
,,,1.0,0.0,,,USA.1_1,RLM2,SP29,REF3
,,,1.0,0.0,,,USA.1_2,RLM2,SP29,REF3
,,,1.0,0.0,,,USA.2_1,RLM2,SP29,REF3
,,,1.0,0.0,,,CHN.1_1,RLM7,SP29,REF3
,,,1.0,0.0,,,CHN.2_1,RLM7,SP29,REF3
,,,1.0,0.0,,,CHN.3_1,RLM7,SP29,REF3
,,,1.0,0.0,,,IDN.1_1,RLM4,SP29,REF3
,,,1.0,0.0,,,JPN.1_1,RLM5,SP29,REF3
,,,1.0,0.0,,,PRK.1_1,RLM7,SP29,REF3
,,,1.0,0.0,,,MYS.1_1,RLM4,SP29,REF3
,,,1.0,0.0,,,MMR.1_1,RLM4,SP29,REF3
,,,1.0,0.0,,,LKA.1_1,RLM4,SP29,REF3
,,,1.0,0.0,,,TWN.1_1,RLM4,SP29,REF3
,,,1.0,0.0,,,VNM.1_1,RLM4,SP29,REF3
,,,1.0,0.0,,,AUS.1_1,RLM8,SP29,REF3
,,,1.0,0.0,,,PNG.1_1,RLM3,SP29,REF3
,,,1.0,0.0,,,AGO.1_1,RLM6,SP154,REF3
,,,1.0,0.0,,,BEN.1_1,RLM6,SP154,REF3
,,,1.0,0.0,,,CMR.1_1,RLM6,SP154,REF3
,,,1.0,0.0,,,CAF.1_1,RLM6,SP154,REF3
,,,1.0,0.0,,,COM.1_1,RLM11,SP154,REF3
,,,1.0,0.0,,,COG.1_1,RLM6,SP154,REF3
,,,1.0,0.0,,,COD.1_1,RLM6,SP154,REF3
,,,1.0,0.0,,,,RLM6,SP154,REF3
,,,1.0,0.0,,,EGY.1_1,RLM10,SP154,REF3
,,,1.0,0.0,,,ETH.1_1,RLM6,SP154,REF3
,,,1.0,0.0,,,GAB.1_1,RLM6,SP154,REF3
,,,1.0,0.0,,,GMB.1_1,RLM6,SP154,REF3
,,,1.0,0.0,,,GIN.1_1,RLM6,SP154,REF3
,,,1.0,0.0,,,LBR.1_1,RLM6,SP154,REF3
,,,1.0,0.0,,,MDG.1_1,RLM11,SP154,REF3
,,,1.0,0.0,,,MWI.1_1,RLM6,SP154,REF3
,,,1.0,0.0,,,MLI.1_1,RLM6,SP154,REF3
,,,1.0,0.0,,,MRT.1_1,RLM6,SP154,REF3
,,,1.0,0.0,,,MUS.1_1,RLM3,SP154,REF3
,,,1.0,0.0,,,MOZ.1_1,RLM6,SP154,REF3
,,,1.0,0.0,,,NER.1_1,RLM6,SP154,REF3
,,,1.0,0.0,,,NGA.1_1,RLM6,SP154,REF3
,,,1.0,0.0,,,FRA.3_1,RLM11,SP154,REF3
,,,1.0,0.0,,,GBR.3_1,RLM6,SP154,REF3
,,,1.0,0.0,,,SEN.1_1,RLM6,SP154,REF3
,,,1.0,0.0,,,SYC.1_1,RLM3,SP154,REF3
,,,1.0,0.0,,,SLE.1_1,RLM6,SP154,REF3
,,,1.0,0.0,,,SOM.1_1,RLM6,SP154,REF3
,,,1.0,0.0,,,ZAF.1_1,RLM6,SP154,REF3
,,,1.0,0.0,,,TZA.1_1,RLM6,SP154,REF3
,,,1.0,0.0,,,UGA.1_1,RLM6,SP154,REF3
,,,1.0,0.0,,,ZMB.1_1,RLM6,SP154,REF3
,,,1.0,0.0,,,ZWE.1_1,RLM6,SP154,REF3
,,,1.0,0.0,,,CUB.1_1,RLM9,SP154,REF3
,,,1.0,0.0,,,FRA.8_1,RLM1,SP154,REF3
,,,1.0,0.0,,,JAM.1_1,RLM9,SP154,REF3
,,,1.0,0.0,,,PRY.1_1,RLM1,SP154,REF3
,,,0.0,0.0,,,USA.3_1,RLM9,SP154,REF3
,,,1.0,0.0,,,VEN.1_1,RLM1,SP154,REF3
,,,1.0,0.0,,,VEN.2_1,RLM1,SP154,REF3
,,,1.0,0.0,,,BGD.1_1,RLM4,SP154,REF3
,,,1.0,0.0,,,BRN.1_1,RLM4,SP154,REF3
,,,1.0,0.0,,,KHM.1_1,RLM4,SP154,REF3
,,,1.0,0.0,,,CHN.1_1,RLM7,SP154,REF3
,,,1.0,0.0,,,CHN.2_1,RLM7,SP154,REF3
,,,1.0,0.0,,,CHN.3_1,RLM7,SP154,REF3
,,,1.0,0.0,,,AUS.5_1,RLM4,SP154,REF3
,,,1.0,0.0,,,IRN.1_1,RLM10,SP154,REF3
,,,1.0,0.0,,,JPN.1_1,RLM5,SP154,REF3
,,,1.0,0.0,,,KOR.1_1,RLM7,SP154,REF3
,,,1.0,0.0,,,KOR.2_1,RLM7,SP154,REF3
,,,1.0,0.0,,,LAO.1_1,RLM4,SP154,REF3
,,,1.0,0.0,,,MDV.1_1,RLM4,SP154,REF3
,,,1.0,0.0,,,MMR.1_1,RLM4,SP154,REF3
,,,1.0,0.0,,,PHL.1_1,RLM4,SP154,REF3
,,,1.0,0.0,,,SAU.1_1,RLM10,SP154,REF3
,,,1.0,0.0,,,SGP.1_1,RLM4,SP154,REF3
,,,1.0,0.0,,,LKA.1_1,RLM4,SP154,REF3
,,,1.0,0.0,,,TWN.1_1,RLM4,SP154,REF3
,,,1.0,0.0,,,THA.1_1,RLM4,SP154,REF3
,,,1.0,0.0,,,VNM.1_1,RLM4,SP154,REF3
,,,1.0,0.0,,,YEM.1_1,RLM10,SP154,REF3
,,,0.0,0.0,,,DNK.1_1,RLM7,SP154,REF3
,,,0.0,0.0,,,NLD.1_1,RLM7,SP154,REF3
,,,1.0,0.0,,,PRT.1_1,RLM7,SP154,REF3
,,,1.0,0.0,,,PRT.2_1,RLM7,SP154,REF3
,,,1.0,0.0,,,PRT.3_1,RLM7,SP154,REF3
,,,1.0,0.0,,,USA.5_1,RLM3,SP154,REF3
,,,1.0,0.0,,,FRA.6_1,RLM3,SP154,REF3
,,,1.0,0.0,,,GUM.1_1,RLM3,SP154,REF3
,,,1.0,0.0,,,KIR.1_1,RLM3,SP154,REF3
,,,1.0,0.0,,,MHL.1_1,RLM3,SP154,REF3
,,,1.0,0.0,,,FSM.1_1,RLM3,SP154,REF3
,,,1.0,0.0,,,USA.4_1,RLM3,SP154,REF3
,,,1.0,0.0,,,USA.6_1,RLM3,SP154,REF3
,,,1.0,0.0,,,PLW.1_1,RLM3,SP154,REF3
,,,1.0,0.0,,,PNG.1_1,RLM3,SP154,REF3
,,,1.0,0.0,,,SLB.1_1,RLM3,SP154,REF3
,,,1.0,0.0,,,TON.1_1,RLM3,SP154,REF3
,,,1.0,0.0,,,VUT.1_1,RLM3,SP154,REF3
,,,1.0,0.0,,,MEX.1_1,RLM2,SP127,REF3
,,,0.0,0.0,,,NLD.1_1,RLM7,SP127,REF3
,,,0.0,0.0,,,SVN.1_1,RLM7,SP127,REF3
,,,1.0,0.0,,,MEX.1_1,RLM2,SP159,REF3
,,,0.0,0.0,,,IND.1_1,RLM4,SP159,REF3
,,,0.0,0.0,,,NLD.1_1,RLM7,SP159,REF3
,,,0.0,0.0,,,SVN.1_1,RLM7,SP159,REF3
,,,1.0,0.0,,,ARG.1_1,RLM1,SP108,REF3
,,,1.0,0.0,,,ARG.2_1,RLM1,SP108,REF3
,,,1.0,0.0,,,BRB.1_1,RLM9,SP108,REF3
,,,0.0,0.0,,,GBR.6_1,RLM2,SP108,REF3
,,,1.0,0.0,,,BOL.1_1,RLM1,SP108,REF3
,,,1.0,0.0,,,CHL.1_1,RLM1,SP108,REF3
,,,1.0,0.0,,,COL.1_1,RLM1,SP108,REF3
,,,1.0,0.0,,,CRI.1_1,RLM9,SP108,REF3
,,,1.0,0.0,,,CUB.1_1,RLM9,SP108,REF3
,,,1.0,0.0,,,DOM.1_1,RLM9,SP108,REF3
,,,1.0,0.0,,,ECU.1_1,RLM1,SP108,REF3
,,,1.0,0.0,,,ECU.2_1,RLM1,SP108,REF3
,,,1.0,0.0,,,SLV.1_1,RLM9,SP108,REF3
,,,1.0,0.0,,,FRA.8_1,RLM1,SP108,REF3
,,,1.0,0.0,,,FRA.5_1,RLM9,SP108,REF3
,,,1.0,0.0,,,GTM.1_1,RLM9,SP108,REF3
,,,1.0,0.0,,,GUY.1_1,RLM1,SP108,REF3
,,,1.0,0.0,,,HTI.1_1,RLM9,SP108,REF3
,,,1.0,0.0,,,HND.1_1,RLM9,SP108,REF3
,,,1.0,0.0,,,HND.2_1,RLM9,SP108,REF3
,,,1.0,0.0,,,JAM.1_1,RLM9,SP108,REF3
,,,1.0,0.0,,,MEX.1_1,RLM2,SP108,REF3
,,,1.0,0.0,,,NIC.1_1,RLM9,SP108,REF3
,,,1.0,0.0,,,PAN.1_1,RLM9,SP108,REF3
,,,1.0,0.0,,,PRY.1_1,RLM1,SP108,REF3
,,,1.0,0.0,,,PER.1_1,RLM1,SP108,REF3
,,,1.0,0.0,,,USA.3_1,RLM9,SP108,REF3
,,,1.0,0.0,,,LCA.1_1,RLM1,SP108,REF3
,,,1.0,0.0,,,TTO.1_1,RLM1,SP108,REF3
,,,1.0,0.0,,,URY.1_1,RLM1,SP108,REF3
,,,1.0,0.0,,,VEN.1_1,RLM1,SP108,REF3
,,,1.0,0.0,,,VEN.2_1,RLM1,SP108,REF3
,,,0.0,0.0,,,NLD.1_1,RLM7,SP108,REF3
,,,1.0,0.0,,,MDG.1_1,RLM11,SP178,REF3
,,,1.0,0.0,,,FRA.3_1,RLM11,SP178,REF3
,,,1.0,0.0,,,ATG.1_1,RLM9,SP178,REF3
,,,1.0,0.0,,,BOL.1_1,RLM1,SP178,REF3
,,,1.0,0.0,,,COL.1_1,RLM1,SP178,REF3
,,,1.0,0.0,,,CRI.1_1,RLM9,SP178,REF3
,,,1.0,0.0,,,CUB.1_1,RLM9,SP178,REF3
,,,1.0,0.0,,,DMA.1_1,RLM9,SP178,REF3
,,,1.0,0.0,,,DOM.1_1,RLM9,SP178,REF3
,,,1.0,0.0,,,ECU.1_1,RLM1,SP178,REF3
,,,1.0,0.0,,,ECU.2_1,RLM1,SP178,REF3
,,,1.0,0.0,,,SLV.1_1,RLM9,SP178,REF3
,,,1.0,0.0,,,FRA.8_1,RLM1,SP178,REF3
,,,1.0,0.0,,,GRD.1_1,RLM1,SP178,REF3
,,,1.0,0.0,,,FRA.5_1,RLM9,SP178,REF3
,,,1.0,0.0,,,GTM.1_1,RLM9,SP178,REF3
,,,1.0,0.0,,,GUY.1_1,RLM1,SP178,REF3
,,,1.0,0.0,,,HTI.1_1,RLM9,SP178,REF3
,,,1.0,0.0,,,HND.1_1,RLM9,SP178,REF3
,,,1.0,0.0,,,HND.2_1,RLM9,SP178,REF3
,,,1.0,0.0,,,JAM.1_1,RLM9,SP178,REF3
,,,1.0,0.0,,,MEX.1_1,RLM2,SP178,REF3
,,,1.0,0.0,,,GBR.6_1,RLM9,SP178,REF3
,,,1.0,0.0,,,NIC.1_1,RLM9,SP178,REF3
,,,1.0,0.0,,,PER.1_1,RLM1,SP178,REF3
,,,1.0,0.0,,,USA.3_1,RLM9,SP178,REF3
,,,1.0,0.0,,,LCA.1_1,RLM1,SP178,REF3
,,,1.0,0.0,,,VCT.1_1,RLM1,SP178,REF3
,,,1.0,0.0,,,SUR.1_1,RLM1,SP178,REF3
,,,1.0,0.0,,,TTO.1_1,RLM1,SP178,REF3
,,,0.0,0.0,,,USA.1_1,RLM2,SP178,REF3
,,,0.0,0.0,,,USA.1_2,RLM2,SP178,REF3
,,,0.0,0.0,,,USA.2_1,RLM2,SP178,REF3
,,,1.0,0.0,,,VEN.1_1,RLM1,SP178,REF3
,,,1.0,0.0,,,VEN.2_1,RLM1,SP178,REF3
,,,0.0,0.0,,,PHL.1_1,RLM4,SP604,REF3
,,,1.0,0.0,,,SGP.1_1,RLM4,SP604,REF3
,,,1.0,0.0,,,USA.5_1,RLM3,SP604,REF3
,,,0.0,0.0,,,FSM.1_1,RLM3,SP604,REF3
,,,1.0,0.0,,,FRA.7_1,RLM3,SP604,REF3
,,,1.0,0.0,,,PNG.1_1,RLM3,SP604,REF3
,,,1.0,0.0,,,WSM.1_1,RLM3,SP604,REF3
,,,1.0,0.0,,,SLB.1_1,RLM3,SP604,REF3
,,,1.0,0.0,,,TON.1_1,RLM3,SP604,REF3
,,,1.0,0.0,,,VUT.1_1,RLM3,SP604,REF3
,,,1.0,0.0,,,FRA.6_1,RLM3,SP604,REF3
,,,1.0,0.0,,,CUB.1_1,RLM9,SP109,REF3
,,,1.0,0.0,,,FRA.1_1,RLM7,SP203,REF3
,,,1.0,0.0,,,ITA.1_1,RLM7,SP203,REF3
,,,1.0,0.0,,,MLT.1_1,RLM10,SP203,REF3
,,,1.0,0.0,,,NLD.1_1,RLM7,SP203,REF3
,,,1.0,0.0,,,PRT.1_1,RLM7,SP203,REF3
,,,1.0,0.0,,,PRT.2_1,RLM7,SP203,REF3
,,,1.0,0.0,,,PRT.3_1,RLM7,SP203,REF3
,,,1.0,0.0,,,ESP.1_1,RLM7,SP203,REF3
,,,1.0,0.0,,,ESP.1_2,RLM7,SP203,REF3
,,,1.0,0.0,,,ESP.2_1,RLM7,SP203,REF3
,,,1.0,0.0,,,ESP.3_1,RLM7,SP203,REF3
,,,1.0,0.0,,,GBR.1_1,RLM7,SP203,REF3
,,,1.0,0.0,,,AGO.1_1,RLM6,SP64,REF3
,,,1.0,0.0,,,BEN.1_1,RLM6,SP64,REF3
,,,1.0,0.0,,,BFA.1_1,RLM6,SP64,REF3
,,,1.0,0.0,,,BDI.1_1,RLM6,SP64,REF3
,,,1.0,0.0,,,CMR.1_1,RLM6,SP64,REF3
,,,1.0,0.0,,,CPV.1_1,RLM6,SP64,REF3
,,,1.0,0.0,,,CAF.1_1,RLM6,SP64,REF3
,,,1.0,0.0,,,TCD.1_1,RLM6,SP64,REF3
,,,1.0,0.0,,,COD.1_1,RLM6,SP64,REF3
,,,1.0,0.0,,,,RLM6,SP64,REF3
,,,1.0,0.0,,,ERI.1_1,RLM6,SP64,REF3
,,,1.0,0.0,,,SWZ.1_1,RLM6,SP64,REF3
,,,1.0,0.0,,,ETH.1_1,RLM6,SP64,REF3
,,,1.0,0.0,,,GMB.1_1,RLM6,SP64,REF3
,,,1.0,0.0,,,GHA.1_1,RLM6,SP64,REF3
,,,1.0,0.0,,,KEN.1_1,RLM6,SP64,REF3
,,,1.0,0.0,,,MDG.1_1,RLM11,SP64,REF3
,,,1.0,0.0,,,MWI.1_1,RLM6,SP64,REF3
,,,1.0,0.0,,,MLI.1_1,RLM6,SP64,REF3
,,,1.0,0.0,,,MUS.1_1,RLM3,SP64,REF3
,,,0.0,0.0,,,MAR.1_1,RLM10,SP64,REF3
,,,1.0,0.0,,,MOZ.1_1,RLM6,SP64,REF3
,,,1.0,0.0,,,NER.1_1,RLM6,SP64,REF3
,,,1.0,0.0,,,NGA.1_1,RLM6,SP64,REF3
,,,1.0,0.0,,,FRA.3_1,RLM11,SP64,REF3
,,,1.0,0.0,,,RWA.1_1,RLM6,SP64,REF3
,,,1.0,0.0,,,GBR.3_1,RLM6,SP64,REF3
,,,1.0,0.0,,,SEN.1_1,RLM6,SP64,REF3
,,,1.0,0.0,,,SLE.1_1,RLM6,SP64,REF3
,,,1.0,0.0,,,SOM.1_1,RLM6,SP64,REF3
,,,1.0,0.0,,,ZAF.1_1,RLM6,SP64,REF3
,,,1.0,0.0,,,SDN.1_1,RLM6,SP64,REF3
,,,1.0,0.0,,,TZA.1_1,RLM6,SP64,REF3
,,,1.0,0.0,,,TGO.1_1,RLM6,SP64,REF3
,,,1.0,0.0,,,UGA.1_1,RLM6,SP64,REF3
,,,1.0,0.0,,,ZMB.1_1,RLM6,SP64,REF3
,,,1.0,0.0,,,ZWE.1_1,RLM6,SP64,REF3
,,,1.0,0.0,,,ISR.1_1,RLM10,SP64,REF3
,,,0.0,0.0,,,BEL.1_1,RLM7,SP64,REF3
,,,0.0,0.0,,,CZE.1_1,RLM7,SP64,REF3
,,,0.0,0.0,,,DNK.1_1,RLM7,SP64,REF3
,,,0.0,0.0,,,FIN.1_1,RLM7,SP64,REF3
,,,0.0,1.0,,,DEU.1_1,RLM7,SP64,REF3
,,,0.0,0.0,,,ITA.1_1,RLM7,SP64,REF3
,,,0.0,0.0,,,LTU.1_1,RLM7,SP64,REF3
,,,0.0,1.0,,,NLD.1_1,RLM7,SP64,REF3
,,,0.0,0.0,,,SVN.1_1,RLM7,SP64,REF3
,,,0.0,0.0,,,ESP.1_1,RLM7,SP64,REF3
,,,0.0,0.0,,,ESP.1_2,RLM7,SP64,REF3
,,,0.0,0.0,,,ESP.2_1,RLM7,SP64,REF3
,,,0.0,0.0,,,ESP.3_1,RLM7,SP64,REF3
,,,0.0,0.0,,,SWE.1_1,RLM7,SP64,REF3
,,,0.0,0.0,,,CHE.1_1,RLM7,SP64,REF3
,,,0.0,0.0,,,GBR.1_1,RLM7,SP64,REF3
,,,1.0,0.0,,,AFG.1_1,RLM10,SP87,REF3
,,,1.0,0.0,,,IRN.1_1,RLM10,SP87,REF3
,,,1.0,0.0,,,KAZ.1_1,RLM7,SP87,REF3
,,,1.0,0.0,,,KGZ.1_1,RLM7,SP87,REF3
,,,1.0,0.0,,,TJK.1_1,RLM7,SP87,REF3
,,,1.0,0.0,,,TKM.1_1,RLM7,SP87,REF3
,,,1.0,0.0,,,UZB.1_1,RLM7,SP87,REF3
,,,1.0,0.0,,,BGR.1_1,RLM7,SP87,REF3
,,,1.0,0.0,,,ITA.1_1,RLM7,SP87,REF3
,,,1.0,0.0,,,ROU.1_1,RLM7,SP87,REF3
,,,1.0,0.0,,,,RLM7,SP87,REF3
,,,0.0,0.0,,,SWE.1_1,RLM7,SP87,REF3
,,,1.0,0.0,,,TUR.1_1,RLM7,SP87,REF3
,,,1.0,0.0,,,UKR.1_1,RLM7,SP87,REF3
,,,1.0,0.0,,,ARG.1_1,RLM1,SP18,REF3
,,,1.0,0.0,,,ARG.2_1,RLM1,SP18,REF3
,,,0.0,0.0,,,BRB.1_1,RLM9,SP18,REF3
,,,0.0,0.0,,,BLZ.1_1,RLM9,SP18,REF3
,,,1.0,0.0,,,BOL.1_1,RLM1,SP18,REF3
,,,1.0,0.0,,,COL.1_1,RLM1,SP18,REF3
,,,1.0,0.0,,,CRI.1_1,RLM9,SP18,REF3
,,,1.0,0.0,,,CUB.1_1,RLM9,SP18,REF3
,,,0.0,0.0,,,DMA.1_1,RLM9,SP18,REF3
,,,1.0,0.0,,,DOM.1_1,RLM9,SP18,REF3
,,,1.0,0.0,,,ECU.1_1,RLM1,SP18,REF3
,,,1.0,0.0,,,ECU.2_1,RLM1,SP18,REF3
,,,1.0,0.0,,,SLV.1_1,RLM9,SP18,REF3
,,,1.0,0.0,,,FRA.8_1,RLM1,SP18,REF3
,,,1.0,0.0,,,GTM.1_1,RLM9,SP18,REF3
,,,0.0,0.0,,,HTI.1_1,RLM9,SP18,REF3
,,,1.0,0.0,,,HND.1_1,RLM9,SP18,REF3
,,,1.0,0.0,,,HND.2_1,RLM9,SP18,REF3
,,,0.0,0.0,,,JAM.1_1,RLM9,SP18,REF3
,,,1.0,0.0,,,MEX.1_1,RLM2,SP18,REF3
,,,1.0,0.0,,,NIC.1_1,RLM9,SP18,REF3
,,,1.0,0.0,,,PAN.1_1,RLM9,SP18,REF3
,,,1.0,0.0,,,PER.1_1,RLM1,SP18,REF3
,,,1.0,0.0,,,USA.3_1,RLM9,SP18,REF3
,,,1.0,0.0,,,SUR.1_1,RLM1,SP18,REF3
,,,1.0,0.0,,,TTO.1_1,RLM1,SP18,REF3
,,,1.0,0.0,,,URY.1_1,RLM1,SP18,REF3
,,,1.0,0.0,,,VEN.1_1,RLM1,SP18,REF3
,,,1.0,0.0,,,VEN.2_1,RLM1,SP18,REF3
,,,1.0,0.0,,,PRK.1_1,RLM7,SP243,REF3
,,,1.0,0.0,,,KOR.1_1,RLM7,SP243,REF3
,,,1.0,0.0,,,KOR.2_1,RLM7,SP243,REF3
,,,0.0,0.0,,,NLD.1_1,RLM7,SP243,REF3
,,,0.0,0.0,,,NLD.1_1,RLM7,SP129,REF3
,,,0.0,0.0,,,NLD.1_1,RLM7,SP130,REF3
,,,0.0,0.0,,,NLD.1_1,RLM7,SP131,REF3
,,,0.0,0.0,,,NLD.1_1,RLM7,SP219,REF3
,,,0.0,0.0,,,NLD.1_1,RLM7,SP187,REF3
,,,0.0,0.0,,,NLD.1_1,RLM7,SP132,REF3
,,,0.0,0.0,,,SVN.1_1,RLM7,SP132,REF3
,,,1.0,0.0,,,PRK.1_1,RLM7,SP244,REF3
,,,1.0,0.0,,,KOR.1_1,RLM7,SP244,REF3
,,,1.0,0.0,,,KOR.2_1,RLM7,SP244,REF3
,,,1.0,0.0,,,TWN.1_1,RLM4,SP244,REF3
,,,0.0,0.0,,,NLD.1_1,RLM7,SP244,REF3
,,,0.0,0.0,,,SVN.1_1,RLM7,SP244,REF3
,,,1.0,0.0,,,DZA.1_1,RLM10,SP68,REF3
,,,0.0,0.0,,,JPN.1_1,RLM5,SP68,REF3
,,,1.0,0.0,,,KAZ.1_1,RLM7,SP68,REF3
,,,1.0,0.0,,,KGZ.1_1,RLM7,SP68,REF3
,,,1.0,0.0,,,MNG.1_1,RLM7,SP68,REF3
,,,1.0,0.0,,,ARM.1_1,RLM7,SP68,REF3
,,,1.0,0.0,,,AUT.1_1,RLM7,SP68,REF3
,,,1.0,0.0,,,AZE.1_1,RLM7,SP68,REF3
,,,1.0,0.0,,,BLR.1_1,RLM7,SP68,REF3
,,,1.0,0.0,,,BEL.1_1,RLM7,SP68,REF3
,,,1.0,0.0,,,CZE.1_1,RLM7,SP68,REF3
,,,1.0,0.0,,,DNK.1_1,RLM7,SP68,REF3
,,,1.0,0.0,,,EST.1_1,RLM7,SP68,REF3
,,,1.0,0.0,,,FIN.1_1,RLM7,SP68,REF3
,,,1.0,0.0,,,FRA.1_1,RLM7,SP68,REF3
,,,1.0,0.0,,,GEO.1_1,RLM7,SP68,REF3
,,,1.0,0.0,,,DEU.1_1,RLM7,SP68,REF3
,,,1.0,0.0,,,GRC.1_1,RLM7,SP68,REF3
,,,1.0,0.0,,,GRC.2_1,RLM7,SP68,REF3
,,,1.0,0.0,,,HUN.1_1,RLM7,SP68,REF3
,,,1.0,0.0,,,ITA.1_1,RLM7,SP68,REF3
,,,1.0,0.0,,,LVA.1_1,RLM7,SP68,REF3
,,,1.0,0.0,,,LTU.1_1,RLM7,SP68,REF3
,,,1.0,0.0,,,LUX.1_1,RLM7,SP68,REF3
,,,1.0,0.0,,,MDA.1_1,RLM7,SP68,REF3
,,,1.0,0.0,,,NLD.1_1,RLM7,SP68,REF3
,,,1.0,0.0,,,NOR.1_1,RLM7,SP68,REF3
,,,1.0,0.0,,,POL.1_1,RLM7,SP68,REF3
,,,1.0,0.0,,,PRT.1_1,RLM7,SP68,REF3
,,,1.0,0.0,,,PRT.2_1,RLM7,SP68,REF3
,,,1.0,0.0,,,PRT.3_1,RLM7,SP68,REF3
,,,1.0,0.0,,,SRB.1_1,RLM7,SP68,REF3
,,,1.0,0.0,,,SVK.1_1,RLM7,SP68,REF3
,,,1.0,0.0,,,SVN.1_1,RLM7,SP68,REF3
,,,1.0,0.0,,,ESP.1_1,RLM7,SP68,REF3
,,,1.0,0.0,,,ESP.1_2,RLM7,SP68,REF3
,,,1.0,0.0,,,ESP.2_1,RLM7,SP68,REF3
,,,1.0,0.0,,,ESP.3_1,RLM7,SP68,REF3
,,,1.0,0.0,,,SWE.1_1,RLM7,SP68,REF3
,,,1.0,0.0,,,CHE.1_1,RLM7,SP68,REF3
,,,1.0,0.0,,,UKR.1_1,RLM7,SP68,REF3
,,,1.0,0.0,,,DZA.1_1,RLM10,SP55,REF3
,,,1.0,0.0,,,LBY.1_1,RLM10,SP55,REF3
,,,1.0,0.0,,,MAR.1_1,RLM10,SP55,REF3
,,,0.0,0.0,,,ZAF.1_1,RLM6,SP55,REF3
,,,1.0,0.0,,,TUN.1_1,RLM10,SP55,REF3
,,,1.0,0.0,,,ISR.1_1,RLM10,SP55,REF3
,,,0.0,0.0,,,KAZ.1_1,RLM7,SP55,REF3
,,,0.0,0.0,,,UZB.1_1,RLM7,SP55,REF3
,,,1.0,0.0,,,ALB.1_1,RLM7,SP55,REF3
,,,0.0,0.0,,,AUT.1_1,RLM7,SP55,REF3
,,,1.0,0.0,,,AZE.1_1,RLM7,SP55,REF3
,,,1.0,0.0,,,BEL.1_1,RLM7,SP55,REF3
,,,1.0,0.0,,,BGR.1_1,RLM7,SP55,REF3
,,,1.0,0.0,,,HRV.1_1,RLM7,SP55,REF3
,,,1.0,0.0,,,CYP.1_1,RLM10,SP55,REF3
,,,0.0,0.0,,,CZE.1_1,RLM7,SP55,REF3
,,,1.0,0.0,,,DNK.1_1,RLM7,SP55,REF3
,,,0.0,0.0,,,EST.1_1,RLM7,SP55,REF3
,,,0.0,0.0,,,FIN.1_1,RLM7,SP55,REF3
,,,1.0,0.0,,,FRA.1_1,RLM7,SP55,REF3
,,,1.0,0.0,,,DEU.1_1,RLM7,SP55,REF3
,,,1.0,0.0,,,GRC.1_1,RLM7,SP55,REF3
,,,1.0,0.0,,,GRC.2_1,RLM7,SP55,REF3
,,,1.0,0.0,,,HUN.1_1,RLM7,SP55,REF3
,,,1.0,0.0,,,IRL.1_1,RLM7,SP55,REF3
,,,1.0,0.0,,,ITA.1_1,RLM7,SP55,REF3
,,,0.0,0.0,,,LVA.1_1,RLM7,SP55,REF3
,,,1.0,0.0,,,LTU.1_1,RLM7,SP55,REF3
,,,1.0,0.0,,,LUX.1_1,RLM7,SP55,REF3
,,,1.0,0.0,,,MLT.1_1,RLM10,SP55,REF3
,,,1.0,0.0,,,NLD.1_1,RLM7,SP55,REF3
,,,0.0,0.0,,,NOR.1_1,RLM7,SP55,REF3
,,,0.0,0.0,,,POL.1_1,RLM7,SP55,REF3
,,,1.0,0.0,,,PRT.1_1,RLM7,SP55,REF3
,,,1.0,0.0,,,PRT.2_1,RLM7,SP55,REF3
,,,1.0,0.0,,,PRT.3_1,RLM7,SP55,REF3
,,,1.0,0.0,,,ROU.1_1,RLM7,SP55,REF3
,,,1.0,0.0,,,,RLM7,SP55,REF3
,,,1.0,0.0,,,SRB.1_1,RLM7,SP55,REF3
,,,0.0,0.0,,,SVK.1_1,RLM7,SP55,REF3
,,,1.0,0.0,,,SVN.1_1,RLM7,SP55,REF3
,,,1.0,0.0,,,ESP.1_1,RLM7,SP55,REF3
,,,1.0,0.0,,,ESP.1_2,RLM7,SP55,REF3
,,,1.0,0.0,,,ESP.2_1,RLM7,SP55,REF3
,,,1.0,0.0,,,ESP.3_1,RLM7,SP55,REF3
,,,1.0,0.0,,,SWE.1_1,RLM7,SP55,REF3
,,,1.0,0.0,,,CHE.1_1,RLM7,SP55,REF3
,,,1.0,0.0,,,TUR.1_1,RLM7,SP55,REF3
,,,0.0,0.0,,,UKR.1_1,RLM7,SP55,REF3
,,,1.0,0.0,,,CRI.1_1,RLM9,SP1184,REF3
,,,0.0,0.0,,,NLD.1_1,RLM7,SP1184,REF3
,,,0.0,0.0,,,NLD.1_1,RLM7,,REF3
,,,0.0,0.0,,,SVN.1_1,RLM7,,REF3
,,,1.0,0.0,,,MEX.1_1,RLM2,SP1185,REF3
,,,1.0,0.0,,,LAO.1_1,RLM4,SP370,REF3
,,,1.0,0.0,,,MMR.1_1,RLM4,SP370,REF3
,,,1.0,0.0,,,DZA.1_1,RLM10,SP157,REF3
,,,1.0,0.0,,,EGY.1_1,RLM10,SP157,REF3
,,,1.0,0.0,,,LBY.1_1,RLM10,SP157,REF3
,,,1.0,0.0,,,MAR.1_1,RLM10,SP157,REF3
,,,1.0,0.0,,,TUN.1_1,RLM10,SP157,REF3
,,,1.0,0.0,,,CHN.1_1,RLM7,SP157,REF3
,,,1.0,0.0,,,CHN.2_1,RLM7,SP157,REF3
,,,1.0,0.0,,,CHN.3_1,RLM7,SP157,REF3
,,,1.0,0.0,,,IRN.1_1,RLM10,SP157,REF3
,,,1.0,0.0,,,IRQ.1_1,RLM10,SP157,REF3
,,,1.0,0.0,,,ISR.1_1,RLM10,SP157,REF3
,,,0.0,0.0,,,JPN.1_1,RLM5,SP157,REF3
,,,1.0,0.0,,,LBN.1_1,RLM10,SP157,REF3
,,,1.0,0.0,,,MMR.1_1,RLM4,SP157,REF3
,,,1.0,0.0,,,PAK.1_1,RLM4,SP157,REF3
,,,1.0,0.0,,,SYR.1_1,RLM10,SP157,REF3
,,,1.0,0.0,,,TJK.1_1,RLM7,SP157,REF3
,,,1.0,0.0,,,UZB.1_1,RLM7,SP157,REF3
,,,1.0,0.0,,,AUT.1_1,RLM7,SP157,REF3
,,,1.0,0.0,,,BEL.1_1,RLM7,SP157,REF3
,,,1.0,0.0,,,BGR.1_1,RLM7,SP157,REF3
,,,1.0,0.0,,,HRV.1_1,RLM7,SP157,REF3
,,,1.0,0.0,,,CYP.1_1,RLM10,SP157,REF3
,,,1.0,0.0,,,CZE.1_1,RLM7,SP157,REF3
,,,1.0,0.0,,,DNK.1_1,RLM7,SP157,REF3
,,,0.0,0.0,,,FIN.1_1,RLM7,SP157,REF3
,,,1.0,0.0,,,FRA.1_1,RLM7,SP157,REF3
,,,1.0,0.0,,,GEO.1_1,RLM7,SP157,REF3
,,,1.0,0.0,,,DEU.1_1,RLM7,SP157,REF3
,,,1.0,0.0,,,GRC.1_1,RLM7,SP157,REF3
,,,1.0,0.0,,,GRC.2_1,RLM7,SP157,REF3
,,,1.0,0.0,,,HUN.1_1,RLM7,SP157,REF3
,,,1.0,0.0,,,ITA.1_1,RLM7,SP157,REF3
,,,1.0,0.0,,,LTU.1_1,RLM7,SP157,REF3
,,,1.0,0.0,,,MLT.1_1,RLM10,SP157,REF3
,,,0.0,0.0,,,NLD.1_1,RLM7,SP157,REF3
,,,1.0,0.0,,,POL.1_1,RLM7,SP157,REF3
,,,1.0,0.0,,,PRT.1_1,RLM7,SP157,REF3
,,,1.0,0.0,,,PRT.2_1,RLM7,SP157,REF3
,,,1.0,0.0,,,PRT.3_1,RLM7,SP157,REF3
,,,1.0,0.0,,,ROU.1_1,RLM7,SP157,REF3
,,,1.0,0.0,,,SRB.1_1,RLM7,SP157,REF3
,,,1.0,0.0,,,SVK.1_1,RLM7,SP157,REF3
,,,1.0,0.0,,,SVN.1_1,RLM7,SP157,REF3
,,,1.0,0.0,,,ESP.1_1,RLM7,SP157,REF3
,,,1.0,0.0,,,ESP.1_2,RLM7,SP157,REF3
,,,1.0,0.0,,,ESP.2_1,RLM7,SP157,REF3
,,,1.0,0.0,,,ESP.3_1,RLM7,SP157,REF3
,,,0.0,0.0,,,SWE.1_1,RLM7,SP157,REF3
,,,0.0,0.0,,,CHE.1_1,RLM7,SP157,REF3
,,,1.0,0.0,,,TUR.1_1,RLM7,SP157,REF3
,,,1.0,0.0,,,UKR.1_1,RLM7,SP157,REF3
,,,0.0,0.0,,,GBR.1_1,RLM7,SP157,REF3
,,,1.0,0.0,,,USA.1_1,RLM2,SP1186,REF3
,,,1.0,0.0,,,USA.1_2,RLM2,SP1186,REF3
,,,1.0,0.0,,,USA.2_1,RLM2,SP1186,REF3
,,,1.0,0.0,,,HUN.1_1,RLM7,SP1186,REF3
,,,1.0,0.0,,,LTU.1_1,RLM7,SP1186,REF3
,,,1.0,0.0,,,SVN.1_1,RLM7,SP1186,REF3
,,,1.0,0.0,,,DZA.1_1,RLM10,SP46,REF3
,,,1.0,0.0,,,EGY.1_1,RLM10,SP46,REF3
,,,1.0,0.0,,,ETH.1_1,RLM6,SP46,REF3
,,,1.0,0.0,,,LBY.1_1,RLM10,SP46,REF3
,,,1.0,0.0,,,MAR.1_1,RLM10,SP46,REF3
,,,1.0,0.0,,,CHN.1_1,RLM7,SP46,REF3
,,,1.0,0.0,,,CHN.2_1,RLM7,SP46,REF3
,,,1.0,0.0,,,CHN.3_1,RLM7,SP46,REF3
,,,1.0,0.0,,,IND.1_1,RLM4,SP46,REF3
,,,1.0,0.0,,,IRQ.1_1,RLM10,SP46,REF3
,,,1.0,0.0,,,ISR.1_1,RLM10,SP46,REF3
,,,1.0,0.0,,,JPN.1_1,RLM5,SP46,REF3
,,,1.0,0.0,,,KAZ.1_1,RLM7,SP46,REF3
,,,1.0,0.0,,,PRK.1_1,RLM7,SP46,REF3
,,,1.0,0.0,,,SAU.1_1,RLM10,SP46,REF3
,,,1.0,0.0,,,SYR.1_1,RLM10,SP46,REF3
,,,1.0,0.0,,,UZB.1_1,RLM7,SP46,REF3
,,,1.0,0.0,,,AUT.1_1,RLM7,SP46,REF3
,,,1.0,0.0,,,AZE.1_1,RLM7,SP46,REF3
,,,1.0,0.0,,,BGR.1_1,RLM7,SP46,REF3
,,,1.0,0.0,,,CZE.1_1,RLM7,SP46,REF3
,,,1.0,0.0,,,DNK.1_1,RLM7,SP46,REF3
,,,1.0,0.0,,,FIN.1_1,RLM7,SP46,REF3
,,,1.0,0.0,,,FRA.1_1,RLM7,SP46,REF3
,,,1.0,0.0,,,DEU.1_1,RLM7,SP46,REF3
,,,1.0,0.0,,,GRC.1_1,RLM7,SP46,REF3
,,,1.0,0.0,,,GRC.2_1,RLM7,SP46,REF3
,,,1.0,0.0,,,HUN.1_1,RLM7,SP46,REF3
,,,1.0,0.0,,,IRL.1_1,RLM7,SP46,REF3
,,,1.0,0.0,,,ITA.1_1,RLM7,SP46,REF3
,,,1.0,0.0,,,LVA.1_1,RLM7,SP46,REF3
,,,1.0,0.0,,,LTU.1_1,RLM7,SP46,REF3
,,,1.0,0.0,,,MDA.1_1,RLM7,SP46,REF3
,,,1.0,0.0,,,NLD.1_1,RLM7,SP46,REF3
,,,1.0,0.0,,,POL.1_1,RLM7,SP46,REF3
,,,1.0,0.0,,,ROU.1_1,RLM7,SP46,REF3
,,,1.0,0.0,,,,RLM7,SP46,REF3
,,,1.0,0.0,,,SRB.1_1,RLM7,SP46,REF3
,,,1.0,0.0,,,SVN.1_1,RLM7,SP46,REF3
,,,1.0,0.0,,,ESP.1_1,RLM7,SP46,REF3
,,,1.0,0.0,,,ESP.1_2,RLM7,SP46,REF3
,,,1.0,0.0,,,ESP.2_1,RLM7,SP46,REF3
,,,1.0,0.0,,,ESP.3_1,RLM7,SP46,REF3
,,,1.0,0.0,,,CHE.1_1,RLM7,SP46,REF3
,,,1.0,0.0,,,TUR.1_1,RLM7,SP46,REF3
,,,1.0,0.0,,,UKR.1_1,RLM7,SP46,REF3
,,,1.0,0.0,,,GBR.1_1,RLM7,SP46,REF3
,,,1.0,0.0,,,AUS.1_1,RLM8,SP1187,REF3
,0.0,,1.0,0.0,,,AGO.1_1,RLM6,SP1188,REF3
,0.0,,1.0,0.0,,,BEN.1_1,RLM6,SP1188,REF3
,0.0,,1.0,0.0,,,BWA.1_1,RLM6,SP1188,REF3
,0.0,,1.0,0.0,,,BFA.1_1,RLM6,SP1188,REF3
,0.0,,1.0,0.0,,,BDI.1_1,RLM6,SP1188,REF3
,0.0,,1.0,0.0,,,CMR.1_1,RLM6,SP1188,REF3
,0.0,,1.0,0.0,,,TCD.1_1,RLM6,SP1188,REF3
,0.0,,1.0,0.0,,,COG.1_1,RLM6,SP1188,REF3
,0.0,,1.0,0.0,,,COD.1_1,RLM6,SP1188,REF3
,0.0,,1.0,0.0,,,,RLM6,SP1188,REF3
,0.0,,1.0,0.0,,,SWZ.1_1,RLM6,SP1188,REF3
,0.0,,1.0,0.0,,,ETH.1_1,RLM6,SP1188,REF3
,0.0,,1.0,0.0,,,GAB.1_1,RLM6,SP1188,REF3
,0.0,,1.0,0.0,,,GHA.1_1,RLM6,SP1188,REF3
,0.0,,1.0,0.0,,,GIN.1_1,RLM6,SP1188,REF3
,0.0,,1.0,0.0,,,KEN.1_1,RLM6,SP1188,REF3
,0.0,,1.0,0.0,,,LSO.1_1,RLM6,SP1188,REF3
,0.0,,1.0,0.0,,,MWI.1_1,RLM6,SP1188,REF3
,0.0,,1.0,0.0,,,MLI.1_1,RLM6,SP1188,REF3
,0.0,,1.0,0.0,,,MOZ.1_1,RLM6,SP1188,REF3
,0.0,,1.0,0.0,,,NGA.1_1,RLM6,SP1188,REF3
,0.0,,1.0,0.0,,,RWA.1_1,RLM6,SP1188,REF3
,0.0,,1.0,0.0,,,SLE.1_1,RLM6,SP1188,REF3
,0.0,,1.0,0.0,,,SOM.1_1,RLM6,SP1188,REF3
,0.0,,1.0,0.0,,,ZAF.1_1,RLM6,SP1188,REF3
,0.0,,1.0,0.0,,,SDN.1_1,RLM6,SP1188,REF3
,0.0,,1.0,0.0,,,TZA.1_1,RLM6,SP1188,REF3
,0.0,,1.0,0.0,,,TGO.1_1,RLM6,SP1188,REF3
,0.0,,1.0,0.0,,,UGA.1_1,RLM6,SP1188,REF3
,0.0,,1.0,0.0,,,ZMB.1_1,RLM6,SP1188,REF3
,0.0,,1.0,0.0,,,ZWE.1_1,RLM6,SP1188,REF3
,,,0.0,0.0,,,KEN.1_1,RLM6,SP7,REF3
,,,1.0,0.0,,,MUS.1_1,RLM3,SP7,REF3
,,,1.0,0.0,,,GBR.3_1,RLM6,SP7,REF3
,,,1.0,0.0,,,ZAF.1_1,RLM6,SP7,REF3
,,,1.0,0.0,,,TZA.1_1,RLM6,SP7,REF3
,,,1.0,0.0,,,ATG.1_1,RLM9,SP7,REF3
,,,1.0,0.0,,,ARG.1_1,RLM1,SP7,REF3
,,,1.0,0.0,,,ARG.2_1,RLM1,SP7,REF3
,,,1.0,0.0,,,BHS.1_1,RLM9,SP7,REF3
,,,1.0,0.0,,,BRA.1_1,RLM1,SP7,REF3
,,,1.0,0.0,,,GBR.6_1,RLM9,SP7,REF3
,,,1.0,0.0,,,CUB.1_1,RLM9,SP7,REF3
,,,1.0,0.0,,,DOM.1_1,RLM9,SP7,REF3
,,,1.0,0.0,,,HTI.1_1,RLM9,SP7,REF3
,,,1.0,0.0,,,JAM.1_1,RLM9,SP7,REF3
,,,0.0,1.0,,,MEX.1_1,RLM2,SP7,REF3
,,,1.0,0.0,,,NLD.2_1,RLM9,SP7,REF3
,,,1.0,0.0,,,PRY.1_1,RLM1,SP7,REF3
,,,1.0,0.0,,,USA.3_1,RLM9,SP7,REF3
,,,1.0,0.0,,,KNA.1_1,RLM9,SP7,REF3
,,,1.0,0.0,,,TTO.1_1,RLM1,SP7,REF3
,,,1.0,0.0,,,URY.1_1,RLM1,SP7,REF3
,,,0.0,0.0,,,IND.1_1,RLM4,SP7,REF3
,,,1.0,0.0,,,PAK.1_1,RLM4,SP7,REF3
,,,1.0,0.0,,,FRA.7_1,RLM3,SP7,REF3
,,,1.0,0.0,,,DZA.1_1,RLM10,SP76,REF3
,,,1.0,0.0,,,BWA.1_1,RLM6,SP76,REF3
,,,1.0,0.0,,,EGY.1_1,RLM10,SP76,REF3
,,,1.0,0.0,,,SWZ.1_1,RLM6,SP76,REF3
,,,1.0,0.0,,,LSO.1_1,RLM6,SP76,REF3
,,,0.0,0.0,,,MAR.1_1,RLM10,SP76,REF3
,,,1.0,0.0,,,MOZ.1_1,RLM6,SP76,REF3
,,,1.0,0.0,,,ZAF.1_1,RLM6,SP76,REF3
,,,1.0,0.0,,,ZWE.1_1,RLM6,SP76,REF3
,,,1.0,0.0,,,ISR.1_1,RLM10,SP76,REF3
,,,0.0,0.0,,,UZB.1_1,RLM7,SP76,REF3
,,,1.0,0.0,,,ALB.1_1,RLM7,SP76,REF3
,,,0.0,0.0,,,BEL.1_1,RLM7,SP76,REF3
,,,1.0,0.0,,,BIH.1_1,RLM7,SP76,REF3
,,,1.0,0.0,,,BGR.1_1,RLM7,SP76,REF3
,,,1.0,0.0,,,HRV.1_1,RLM7,SP76,REF3
,,,0.0,0.0,,,CZE.1_1,RLM7,SP76,REF3
,,,0.0,0.0,,,EST.1_1,RLM7,SP76,REF3
,,,0.0,0.0,,,FIN.1_1,RLM7,SP76,REF3
,,,1.0,0.0,,,FRA.1_1,RLM7,SP76,REF3
,,,0.0,0.0,,,DEU.1_1,RLM7,SP76,REF3
,,,1.0,0.0,,,GRC.1_1,RLM7,SP76,REF3
,,,1.0,0.0,,,GRC.2_1,RLM7,SP76,REF3
,,,1.0,0.0,,,ITA.1_1,RLM7,SP76,REF3
,,,0.0,0.0,,,LVA.1_1,RLM7,SP76,REF3
,,,1.0,0.0,,,MLT.1_1,RLM10,SP76,REF3
,,,1.0,0.0,,,MNE.1_1,RLM7,SP76,REF3
,,,0.0,0.0,,,NLD.1_1,RLM7,SP76,REF3
,,,1.0,0.0,,,MKD.1_1,RLM7,SP76,REF3
,,,0.0,0.0,,,NOR.1_1,RLM7,SP76,REF3
,,,1.0,0.0,,,PRT.1_1,RLM7,SP76,REF3
,,,1.0,0.0,,,PRT.2_1,RLM7,SP76,REF3
,,,1.0,0.0,,,PRT.3_1,RLM7,SP76,REF3
,,,0.0,0.0,,,ROU.1_1,RLM7,SP76,REF3
,,,1.0,0.0,,,SRB.1_1,RLM7,SP76,REF3
,,,0.0,0.0,,,SVK.1_1,RLM7,SP76,REF3
,,,1.0,0.0,,,SVN.1_1,RLM7,SP76,REF3
,,,1.0,0.0,,,ESP.1_1,RLM7,SP76,REF3
,,,1.0,0.0,,,ESP.1_2,RLM7,SP76,REF3
,,,1.0,0.0,,,ESP.2_1,RLM7,SP76,REF3
,,,1.0,0.0,,,ESP.3_1,RLM7,SP76,REF3
,,,1.0,0.0,,,CHE.1_1,RLM7,SP76,REF3
,,,1.0,0.0,,,TUR.1_1,RLM7,SP76,REF3
,,,0.0,0.0,,,UKR.1_1,RLM7,SP76,REF3
,,,1.0,0.0,,,CAN.1_1,RLM2,SP247,REF3
,,,1.0,0.0,,,COL.1_1,RLM1,SP247,REF3
,,,1.0,0.0,,,CUB.1_1,RLM9,SP247,REF3
,,,1.0,0.0,,,HND.1_1,RLM9,SP247,REF3
,,,1.0,0.0,,,HND.2_1,RLM9,SP247,REF3
,,,1.0,0.0,,,USA.3_1,RLM9,SP247,REF3
,,,1.0,0.0,,,URY.1_1,RLM1,SP247,REF3
,,,0.0,0.0,,,CAN.1_1,RLM2,SP33,REF3
,,,0.0,0.0,,,USA.1_1,RLM2,SP33,REF3
,,,0.0,0.0,,,USA.1_2,RLM2,SP33,REF3
,,,0.0,0.0,,,USA.2_1,RLM2,SP33,REF3
,,,1.0,0.0,,,PRK.1_1,RLM7,SP33,REF3
,,,1.0,0.0,,,KOR.1_1,RLM7,SP33,REF3
,,,1.0,0.0,,,KOR.2_1,RLM7,SP33,REF3
,,,1.0,0.0,,,TWN.1_1,RLM4,SP33,REF3
,,,0.0,0.0,,,NLD.1_1,RLM7,SP33,REF3
,,,0.0,0.0,,,SVN.1_1,RLM7,SP33,REF3
,,,1.0,0.0,,,COL.1_1,RLM1,SP112,REF3
,,,1.0,0.0,,,CRI.1_1,RLM9,SP112,REF3
,,,1.0,0.0,,,ECU.1_1,RLM1,SP112,REF3
,,,1.0,0.0,,,ECU.2_1,RLM1,SP112,REF3
,,,1.0,0.0,,,FRA.8_1,RLM1,SP112,REF3
,,,1.0,0.0,,,GUY.1_1,RLM1,SP112,REF3
,,,1.0,0.0,,,PAN.1_1,RLM9,SP112,REF3
,,,1.0,0.0,,,PER.1_1,RLM1,SP112,REF3
,,,1.0,0.0,,,SUR.1_1,RLM1,SP112,REF3
,,,1.0,0.0,,,TTO.1_1,RLM1,SP112,REF3
,,,1.0,0.0,,,VEN.1_1,RLM1,SP112,REF3
,,,1.0,0.0,,,VEN.2_1,RLM1,SP112,REF3
,0.0,,1.0,0.0,,,AGO.1_1,RLM6,SP147,REF3
,0.0,,1.0,0.0,,,BEN.1_1,RLM6,SP147,REF3
,0.0,,1.0,0.0,,,BFA.1_1,RLM6,SP147,REF3
,0.0,,1.0,0.0,,,CMR.1_1,RLM6,SP147,REF3
,0.0,,1.0,0.0,,,COD.1_1,RLM6,SP147,REF3
,0.0,,1.0,0.0,,,,RLM6,SP147,REF3
,0.0,,1.0,0.0,,,ETH.1_1,RLM6,SP147,REF3
,0.0,,1.0,0.0,,,GHA.1_1,RLM6,SP147,REF3
,0.0,,1.0,0.0,,,GIN.1_1,RLM6,SP147,REF3
,0.0,,1.0,0.0,,,KEN.1_1,RLM6,SP147,REF3
,0.0,,1.0,0.0,,,MDG.1_1,RLM11,SP147,REF3
,0.0,,1.0,0.0,,,MWI.1_1,RLM6,SP147,REF3
,0.0,,1.0,0.0,,,MOZ.1_1,RLM6,SP147,REF3
,0.0,,1.0,0.0,,,NGA.1_1,RLM6,SP147,REF3
,0.0,,1.0,0.0,,,SEN.1_1,RLM6,SP147,REF3
,0.0,,1.0,0.0,,,SYC.1_1,RLM3,SP147,REF3
,0.0,,1.0,0.0,,,SLE.1_1,RLM6,SP147,REF3
,0.0,,1.0,0.0,,,ZAF.1_1,RLM6,SP147,REF3
,0.0,,1.0,0.0,,,SDN.1_1,RLM6,SP147,REF3
,0.0,,1.0,0.0,,,TZA.1_1,RLM6,SP147,REF3
,0.0,,1.0,0.0,,,TGO.1_1,RLM6,SP147,REF3
,0.0,,1.0,0.0,,,UGA.1_1,RLM6,SP147,REF3
,0.0,,1.0,0.0,,,ZWE.1_1,RLM6,SP147,REF3
,0.0,,1.0,0.0,,,BTN.1_1,RLM4,SP147,REF3
,0.0,,1.0,0.0,,,CHN.1_1,RLM7,SP147,REF3
,0.0,,1.0,0.0,,,CHN.2_1,RLM7,SP147,REF3
,0.0,,1.0,0.0,,,CHN.3_1,RLM7,SP147,REF3
,0.0,,1.0,0.0,,,IND.1_1,RLM4,SP147,REF3
,0.0,,1.0,0.0,,,PRK.1_1,RLM7,SP147,REF3
,0.0,,1.0,0.0,,,KOR.1_1,RLM7,SP147,REF3
,0.0,,1.0,0.0,,,KOR.2_1,RLM7,SP147,REF3
,0.0,,1.0,0.0,,,LAO.1_1,RLM4,SP147,REF3
,0.0,,1.0,0.0,,,MMR.1_1,RLM4,SP147,REF3
,0.0,,1.0,0.0,,,OMN.1_1,RLM10,SP147,REF3
,0.0,,1.0,0.0,,,PAK.1_1,RLM4,SP147,REF3
,0.0,,1.0,0.0,,,PHL.1_1,RLM4,SP147,REF3
,0.0,,1.0,0.0,,,SGP.1_1,RLM4,SP147,REF3
,0.0,,1.0,0.0,,,LKA.1_1,RLM4,SP147,REF3
,0.0,,1.0,0.0,,,TWN.1_1,RLM4,SP147,REF3
,0.0,,1.0,0.0,,,THA.1_1,RLM4,SP147,REF3
,0.0,,1.0,0.0,,,VNM.1_1,RLM4,SP147,REF3
,0.0,,1.0,0.0,,,YEM.1_1,RLM10,SP147,REF3
,0.0,,1.0,0.0,,,PNG.1_1,RLM3,SP147,REF3
,,,1.0,0.0,,,ITA.1_1,RLM7,SP73,REF3
,,,1.0,0.0,,,EGY.1_1,RLM10,SP25,REF3
,,,1.0,0.0,,,SDN.1_1,RLM6,SP25,REF3
,,,1.0,0.0,,,BRB.1_1,RLM9,SP25,REF3
,,,1.0,0.0,,,DOM.1_1,RLM9,SP25,REF3
,,,1.0,0.0,,,USA.3_1,RLM9,SP25,REF3
,,,1.0,0.0,,,USA.1_1,RLM2,SP25,REF3
,,,1.0,0.0,,,USA.1_2,RLM2,SP25,REF3
,,,1.0,0.0,,,USA.2_1,RLM2,SP25,REF3
,,,1.0,0.0,,,IRN.1_1,RLM10,SP25,REF3
,,,1.0,0.0,,,CYP.1_1,RLM10,SP25,REF3
,,,1.0,0.0,,,ITA.1_1,RLM7,SP25,REF3
,,,1.0,0.0,,,,RLM7,SP25,REF3
,,,1.0,0.0,,,TUR.1_1,RLM7,SP25,REF3
,,,1.0,0.0,,,AUS.1_1,RLM8,SP25,REF3
,1.0,,1.0,0.0,,1979.0,GBR.1_1,RLM7,SP1189,REF173
,1.0,,1.0,0.0,,,ALB.1_1,RLM7,SP28,REF173
,1.0,,1.0,0.0,,,GBR.1_1,RLM7,SP28,REF173
,1.0,,1.0,0.0,,,DEU.1_1,RLM7,SP28,REF173
,1.0,,1.0,0.0,,,AUT.1_1,RLM7,SP286,REF173
,1.0,,1.0,0.0,,,DNK.1_1,RLM7,SP286,REF173
,1.0,,1.0,0.0,,,GBR.1_1,RLM7,SP286,REF173
,1.0,,1.0,0.0,,,CZE.1_1,RLM7,SP286,REF173
,1.0,,1.0,0.0,,,FIN.1_1,RLM7,SP286,REF173
,1.0,,1.0,0.0,,,BEL.1_1,RLM7,SP561,REF173
,1.0,,1.0,0.0,,,DNK.1_1,RLM7,SP561,REF173
,1.0,,1.0,0.0,,,DEU.1_1,RLM7,SP561,REF173
,1.0,,1.0,0.0,,,HUN.1_1,RLM7,SP561,REF173
,1.0,,1.0,0.0,,1957.0,ITA.1_1,RLM7,SP561,REF173
,1.0,,1.0,0.0,,,NLD.1_1,RLM7,SP561,REF173
,1.0,,1.0,0.0,,1980.0,SWE.1_1,RLM7,SP561,REF173
,1.0,,1.0,0.0,,,AUT.1_1,RLM7,SP561,REF173
,1.0,,1.0,0.0,,,CZE.1_1,RLM7,SP561,REF173
,1.0,,1.0,0.0,,,FRA.1_1,RLM7,SP561,REF173
,1.0,,1.0,0.0,,,GBR.1_1,RLM7,SP561,REF173
,1.0,,1.0,0.0,,1943.0,,RLM7,SP561,REF173
,1.0,,1.0,0.0,,,LVA.1_1,RLM7,SP561,REF173
,1.0,,1.0,0.0,,,NOR.1_1,RLM7,SP561,REF173
,1.0,,1.0,0.0,,,CHE.1_1,RLM7,SP561,REF173
,1.0,,1.0,0.0,,,DNK.1_1,RLM7,SP1110,REF173
,1.0,,1.0,0.0,,,SWE.1_1,RLM7,SP1110,REF173
,1.0,,1.0,0.0,,,GBR.1_1,RLM7,SP1110,REF173
,1.0,,1.0,0.0,,,FIN.1_1,RLM7,SP1037,REF173
,1.0,,1.0,0.0,,1984.0,ISR.1_1,RLM10,SP1037,REF173
,1.0,,1.0,0.0,,,FRA.1_1,RLM7,SP40,REF173
,1.0,,1.0,0.0,,1949.0,ESP.1_1,RLM7,SP40,REF173
,1.0,,1.0,0.0,,1949.0,ESP.1_2,RLM7,SP40,REF173
,1.0,,1.0,0.0,,1949.0,ESP.2_1,RLM7,SP40,REF173
,1.0,,1.0,0.0,,1949.0,ESP.3_1,RLM7,SP40,REF173
,1.0,,1.0,0.0,,,FRA.2_1,RLM7,SP40,REF173
,1.0,,1.0,0.0,,,,RLM7,SP40,REF173
,1.0,,1.0,0.0,,,CYP.1_1,RLM10,SP2,REF173
,1.0,,1.0,0.0,,,GRC.1_1,RLM7,SP2,REF173
,1.0,,1.0,0.0,,,GRC.2_1,RLM7,SP2,REF173
,1.0,,1.0,0.0,,,,RLM7,SP2,REF173
,1.0,,1.0,0.0,,,ITA.1_1,RLM7,SP2,REF173
,1.0,,1.0,0.0,,,,RLM7,SP2,REF173
,1.0,,1.0,0.0,,,PRT.1_1,RLM7,SP2,REF173
,1.0,,1.0,0.0,,,PRT.2_1,RLM7,SP2,REF173
,1.0,,1.0,0.0,,,PRT.3_1,RLM7,SP2,REF173
,1.0,,1.0,0.0,,,ESP.1_1,RLM7,SP2,REF173
,1.0,,1.0,0.0,,,ESP.1_2,RLM7,SP2,REF173
,1.0,,1.0,0.0,,,ESP.2_1,RLM7,SP2,REF173
,1.0,,1.0,0.0,,,ESP.3_1,RLM7,SP2,REF173
,1.0,,1.0,0.0,,,ALB.1_1,RLM7,SP2,REF173
,1.0,,1.0,0.0,,,FRA.1_1,RLM7,SP2,REF173
,1.0,,1.0,0.0,,,ISR.1_1,RLM10,SP2,REF173
,1.0,,1.0,0.0,,,MLT.1_1,RLM10,SP2,REF173
,1.0,,1.0,0.0,,,,RLM7,SP2,REF173
,1.0,,1.0,0.0,,2009.0,HRV.1_1,RLM7,SP76,REF173
,1.0,,1.0,0.0,,,FRA.1_1,RLM7,SP76,REF173
,1.0,,1.0,0.0,,,GBR.1_1,RLM7,SP76,REF173
,1.0,,1.0,0.0,,,,RLM7,SP76,REF173
,1.0,,1.0,0.0,,,MLT.1_1,RLM10,SP76,REF173
,1.0,,1.0,0.0,,,,RLM7,SP76,REF173
,1.0,,1.0,0.0,,2002.0,CHE.1_1,RLM7,SP76,REF173
,1.0,,1.0,0.0,,,BEL.1_1,RLM7,SP76,REF173
,1.0,,1.0,0.0,,,FRA.2_1,RLM7,SP76,REF173
,1.0,,1.0,0.0,,,DEU.1_1,RLM7,SP76,REF173
,1.0,,1.0,0.0,,,ITA.1_1,RLM7,SP76,REF173
,1.0,,1.0,0.0,,,PRT.1_1,RLM7,SP76,REF173
,1.0,,1.0,0.0,,,PRT.2_1,RLM7,SP76,REF173
,1.0,,1.0,0.0,,,PRT.3_1,RLM7,SP76,REF173
,1.0,,1.0,0.0,,,ESP.1_1,RLM7,SP76,REF173
,1.0,,1.0,0.0,,,ESP.1_2,RLM7,SP76,REF173
,1.0,,1.0,0.0,,,ESP.2_1,RLM7,SP76,REF173
,1.0,,1.0,0.0,,,ESP.3_1,RLM7,SP76,REF173
,1.0,,1.0,0.0,,,DNK.1_1,RLM7,SP429,REF173
,1.0,,1.0,0.0,,,DEU.1_1,RLM7,SP429,REF173
,1.0,,1.0,0.0,,,FIN.1_1,RLM7,SP1019,REF173
,1.0,,1.0,0.0,,,ITA.1_1,RLM7,SP1019,REF173
,1.0,,1.0,0.0,,,FRA.1_1,RLM7,SP1019,REF173
,1.0,,1.0,0.0,,,BLR.1_1,RLM7,SP69,REF173
,1.0,,1.0,0.0,,2005.0,HRV.1_1,RLM7,SP69,REF173
,1.0,,1.0,0.0,,,ESP.1_1,RLM7,SP69,REF173
,1.0,,1.0,0.0,,,ESP.1_2,RLM7,SP69,REF173
,1.0,,1.0,0.0,,,ESP.2_1,RLM7,SP69,REF173
,1.0,,1.0,0.0,,,ESP.3_1,RLM7,SP69,REF173
,1.0,,1.0,0.0,,,DEU.1_1,RLM7,SP69,REF173
,1.0,,1.0,0.0,,,HUN.1_1,RLM7,SP69,REF173
,1.0,,1.0,0.0,,1961.0,POL.1_1,RLM7,SP69,REF173
,1.0,,1.0,0.0,,1985.0,,RLM7,SP69,REF173
,1.0,,1.0,0.0,,,SVN.1_1,RLM7,SP69,REF173
,1.0,,1.0,0.0,,,AUT.1_1,RLM7,SP69,REF173
,1.0,,1.0,0.0,,,BGR.1_1,RLM7,SP69,REF173
,1.0,,1.0,0.0,,,CZE.1_1,RLM7,SP69,REF173
,1.0,,1.0,0.0,,,FIN.1_1,RLM7,SP69,REF173
,1.0,,1.0,0.0,,,GBR.1_1,RLM7,SP69,REF173
,1.0,,1.0,0.0,,1998.0,LTU.1_1,RLM7,SP69,REF173
,1.0,,1.0,0.0,,,ROU.1_1,RLM7,SP69,REF173
,1.0,,1.0,0.0,,,SVK.1_1,RLM7,SP69,REF173
,1.0,,1.0,0.0,,,DNK.1_1,RLM7,SP363,REF173
,1.0,,1.0,0.0,,,GBR.1_1,RLM7,SP363,REF173
,1.0,,1.0,0.0,,1979.0,DEU.1_1,RLM7,SP363,REF173
,1.0,,1.0,0.0,,,,RLM7,SP363,REF173
,1.0,,1.0,0.0,,,ALB.1_1,RLM7,SP224,REF173
,1.0,,1.0,0.0,,,HRV.1_1,RLM7,SP224,REF173
,1.0,,1.0,0.0,,,CZE.1_1,RLM7,SP224,REF173
,1.0,,1.0,0.0,,,FRA.1_1,RLM7,SP224,REF173
,1.0,,1.0,0.0,,,GBR.1_1,RLM7,SP224,REF173
,1.0,,1.0,0.0,,,GRC.1_1,RLM7,SP224,REF173
,1.0,,1.0,0.0,,,GRC.2_1,RLM7,SP224,REF173
,1.0,,1.0,0.0,,,ISL.1_1,RLM7,SP224,REF173
,1.0,,1.0,0.0,,,,RLM7,SP224,REF173
,1.0,,1.0,0.0,,,LVA.1_1,RLM7,SP224,REF173
,1.0,,1.0,0.0,,,NOR.1_1,RLM7,SP224,REF173
,1.0,,1.0,0.0,,,ROU.1_1,RLM7,SP224,REF173
,1.0,,1.0,0.0,,,ESP.1_1,RLM7,SP224,REF173
,1.0,,1.0,0.0,,,ESP.1_2,RLM7,SP224,REF173
,1.0,,1.0,0.0,,,ESP.2_1,RLM7,SP224,REF173
,1.0,,1.0,0.0,,,ESP.3_1,RLM7,SP224,REF173
,1.0,,1.0,0.0,,,AUT.1_1,RLM7,SP224,REF173
,1.0,,1.0,0.0,,,CYP.1_1,RLM10,SP224,REF173
,1.0,,1.0,0.0,,,DNK.1_1,RLM7,SP224,REF173
,1.0,,1.0,0.0,,,DEU.1_1,RLM7,SP224,REF173
,1.0,,1.0,0.0,,,,RLM7,SP224,REF173
,1.0,,1.0,0.0,,,HUN.1_1,RLM7,SP224,REF173
,1.0,,1.0,0.0,,,ITA.1_1,RLM7,SP224,REF173
,1.0,,1.0,0.0,,,LTU.1_1,RLM7,SP224,REF173
,1.0,,1.0,0.0,,,PRT.1_1,RLM7,SP224,REF173
,1.0,,1.0,0.0,,,PRT.2_1,RLM7,SP224,REF173
,1.0,,1.0,0.0,,,PRT.3_1,RLM7,SP224,REF173
,1.0,,1.0,0.0,,,,RLM7,SP224,REF173
,1.0,,1.0,0.0,,,SVK.1_1,RLM7,SP224,REF173
,1.0,,1.0,0.0,,,AUT.1_1,RLM7,SP27,REF173
,1.0,,1.0,0.0,,,BEL.1_1,RLM7,SP27,REF173
,1.0,,1.0,0.0,,,HRV.1_1,RLM7,SP27,REF173
,1.0,,1.0,0.0,,,DNK.1_1,RLM7,SP27,REF173
,1.0,,1.0,0.0,,,MKD.1_1,RLM7,SP27,REF173
,1.0,,1.0,0.0,,,GBR.1_1,RLM7,SP27,REF173
,1.0,,1.0,0.0,,,HUN.1_1,RLM7,SP27,REF173
,1.0,,1.0,0.0,,,,RLM7,SP27,REF173
,1.0,,1.0,0.0,,,ITA.1_1,RLM7,SP27,REF173
,1.0,,1.0,0.0,,,MLT.1_1,RLM10,SP27,REF173
,1.0,,1.0,0.0,,,NOR.1_1,RLM7,SP27,REF173
,1.0,,1.0,0.0,,,PRT.1_1,RLM7,SP27,REF173
,1.0,,1.0,0.0,,,PRT.2_1,RLM7,SP27,REF173
,1.0,,1.0,0.0,,,PRT.3_1,RLM7,SP27,REF173
,1.0,,1.0,0.0,,,,RLM7,SP27,REF173
,1.0,,1.0,0.0,,1900.0,SVK.1_1,RLM7,SP27,REF173
,1.0,,1.0,0.0,,,ESP.1_1,RLM7,SP27,REF173
,1.0,,1.0,0.0,,,ESP.1_2,RLM7,SP27,REF173
,1.0,,1.0,0.0,,,ESP.2_1,RLM7,SP27,REF173
,1.0,,1.0,0.0,,,ESP.3_1,RLM7,SP27,REF173
,1.0,,1.0,0.0,,2001.0,CHE.1_1,RLM7,SP27,REF173
,1.0,,1.0,0.0,,1951.0,SVN.1_1,RLM7,SP27,REF173
,1.0,,1.0,0.0,,,ALB.1_1,RLM7,SP27,REF173
,1.0,,1.0,0.0,,,BLR.1_1,RLM7,SP27,REF173
,1.0,,1.0,0.0,,,BGR.1_1,RLM7,SP27,REF173
,1.0,,1.0,0.0,,1900.0,CZE.1_1,RLM7,SP27,REF173
,1.0,,1.0,0.0,,,FRA.1_1,RLM7,SP27,REF173
,1.0,,1.0,0.0,,1790.0,DEU.1_1,RLM7,SP27,REF173
,1.0,,1.0,0.0,,,GRC.1_1,RLM7,SP27,REF173
,1.0,,1.0,0.0,,,GRC.2_1,RLM7,SP27,REF173
,1.0,,1.0,0.0,,,ISL.1_1,RLM7,SP27,REF173
,1.0,,1.0,0.0,,,LTU.1_1,RLM7,SP27,REF173
,1.0,,1.0,0.0,,,NLD.1_1,RLM7,SP27,REF173
,1.0,,1.0,0.0,,,,RLM7,SP27,REF173
,1.0,,1.0,0.0,,,ROU.1_1,RLM7,SP27,REF173
,1.0,,1.0,0.0,,,SWE.1_1,RLM7,SP27,REF173
,1.0,,1.0,0.0,,1982.0,POL.1_1,RLM7,SP27,REF173
,1.0,,1.0,0.0,,,AUT.1_1,RLM7,SP1113,REF173
,1.0,,1.0,0.0,,,BGR.1_1,RLM7,SP1113,REF173
,1.0,,1.0,0.0,,,CZE.1_1,RLM7,SP1113,REF173
,1.0,,1.0,0.0,,,ESP.1_1,RLM7,SP1113,REF173
,1.0,,1.0,0.0,,,ESP.1_2,RLM7,SP1113,REF173
,1.0,,1.0,0.0,,,ESP.2_1,RLM7,SP1113,REF173
,1.0,,1.0,0.0,,,ESP.3_1,RLM7,SP1113,REF173
,1.0,,1.0,0.0,,,DEU.1_1,RLM7,SP1113,REF173
,1.0,,1.0,0.0,,,HUN.1_1,RLM7,SP1113,REF173
,1.0,,1.0,0.0,,,LTU.1_1,RLM7,SP1113,REF173
,1.0,,1.0,0.0,,1960.0,POL.1_1,RLM7,SP1113,REF173
,1.0,,1.0,0.0,,2011.0,,RLM7,SP1113,REF173
,1.0,,1.0,0.0,,,SVK.1_1,RLM7,SP1113,REF173
,1.0,,1.0,0.0,,,ALB.1_1,RLM7,SP1113,REF173
,1.0,,1.0,0.0,,,BEL.1_1,RLM7,SP1113,REF173
,1.0,,1.0,0.0,,,HRV.1_1,RLM7,SP1113,REF173
,1.0,,1.0,0.0,,,DNK.1_1,RLM7,SP1113,REF173
,1.0,,1.0,0.0,,,FRA.1_1,RLM7,SP1113,REF173
,1.0,,1.0,0.0,,,GBR.1_1,RLM7,SP1113,REF173
,1.0,,1.0,0.0,,,ITA.1_1,RLM7,SP1113,REF173
,1.0,,1.0,0.0,,1998.0,NLD.1_1,RLM7,SP1113,REF173
,1.0,,1.0,0.0,,,ROU.1_1,RLM7,SP1113,REF173
,1.0,,1.0,0.0,,,SVN.1_1,RLM7,SP1113,REF173
,1.0,,1.0,0.0,,,CHE.1_1,RLM7,SP1113,REF173
,1.0,,1.0,0.0,,,AUT.1_1,RLM7,SP4,REF173
,1.0,,1.0,0.0,,,BGR.1_1,RLM7,SP4,REF173
,1.0,,1.0,0.0,,,CZE.1_1,RLM7,SP4,REF173
,1.0,,1.0,0.0,,,ESP.1_1,RLM7,SP4,REF173
,1.0,,1.0,0.0,,,ESP.1_2,RLM7,SP4,REF173
,1.0,,1.0,0.0,,,ESP.2_1,RLM7,SP4,REF173
,1.0,,1.0,0.0,,,ESP.3_1,RLM7,SP4,REF173
,1.0,,1.0,0.0,,,MKD.1_1,RLM7,SP4,REF173
,1.0,,1.0,0.0,,,GBR.1_1,RLM7,SP4,REF173
,1.0,,1.0,0.0,,,HUN.1_1,RLM7,SP4,REF173
,1.0,,1.0,0.0,,,LTU.1_1,RLM7,SP4,REF173
,1.0,,1.0,0.0,,,ROU.1_1,RLM7,SP4,REF173
,1.0,,1.0,0.0,,,SVN.1_1,RLM7,SP4,REF173
,1.0,,1.0,0.0,,,ALB.1_1,RLM7,SP4,REF173
,1.0,,1.0,0.0,,,BIH.1_1,RLM7,SP4,REF173
,1.0,,1.0,0.0,,,HRV.1_1,RLM7,SP4,REF173
,1.0,,1.0,0.0,,,DNK.1_1,RLM7,SP4,REF173
,1.0,,1.0,0.0,,,FRA.1_1,RLM7,SP4,REF173
,1.0,,1.0,0.0,,,DEU.1_1,RLM7,SP4,REF173
,1.0,,1.0,0.0,,,GRC.1_1,RLM7,SP4,REF173
,1.0,,1.0,0.0,,,GRC.2_1,RLM7,SP4,REF173
,1.0,,1.0,0.0,,,ITA.1_1,RLM7,SP4,REF173
,1.0,,1.0,0.0,,,MDA.1_1,RLM7,SP4,REF173
,1.0,,1.0,0.0,,,POL.1_1,RLM7,SP4,REF173
,1.0,,1.0,0.0,,,,RLM7,SP4,REF173
,1.0,,1.0,0.0,,,SVK.1_1,RLM7,SP4,REF173
,1.0,,1.0,0.0,,1991.0,CHE.1_1,RLM7,SP4,REF173
,1.0,,1.0,0.0,,,ALB.1_1,RLM7,SP15,REF173
,1.0,,1.0,0.0,,,BEL.1_1,RLM7,SP15,REF173
,1.0,,1.0,0.0,,,BGR.1_1,RLM7,SP15,REF173
,1.0,,1.0,0.0,,,DNK.1_1,RLM7,SP15,REF173
,1.0,,1.0,0.0,,,MKD.1_1,RLM7,SP15,REF173
,1.0,,1.0,0.0,,,GBR.1_1,RLM7,SP15,REF173
,1.0,,1.0,0.0,,,HUN.1_1,RLM7,SP15,REF173
,1.0,,1.0,0.0,,,,RLM7,SP15,REF173
,1.0,,1.0,0.0,,,ROU.1_1,RLM7,SP15,REF173
,1.0,,1.0,0.0,,1920.0,SVN.1_1,RLM7,SP15,REF173
,1.0,,1.0,0.0,,,CHE.1_1,RLM7,SP15,REF173
,1.0,,1.0,0.0,,,AUT.1_1,RLM7,SP15,REF173
,1.0,,1.0,0.0,,,BIH.1_1,RLM7,SP15,REF173
,1.0,,1.0,0.0,,,CZE.1_1,RLM7,SP15,REF173
,1.0,,1.0,0.0,,,FRA.1_1,RLM7,SP15,REF173
,1.0,,1.0,0.0,,,DEU.1_1,RLM7,SP15,REF173
,1.0,,1.0,0.0,,,GRC.1_1,RLM7,SP15,REF173
,1.0,,1.0,0.0,,,GRC.2_1,RLM7,SP15,REF173
,1.0,,1.0,0.0,,,ITA.1_1,RLM7,SP15,REF173
,1.0,,1.0,0.0,,,,RLM7,SP15,REF173
,1.0,,1.0,0.0,,,,RLM7,SP15,REF173
,1.0,,1.0,0.0,,,SVK.1_1,RLM7,SP15,REF173
,1.0,,1.0,0.0,,,ESP.1_1,RLM7,SP15,REF173
,1.0,,1.0,0.0,,,ESP.1_2,RLM7,SP15,REF173
,1.0,,1.0,0.0,,,ESP.2_1,RLM7,SP15,REF173
,1.0,,1.0,0.0,,,ESP.3_1,RLM7,SP15,REF173
,1.0,,1.0,0.0,,,AUT.1_1,RLM7,SP166,REF173
,1.0,,1.0,0.0,,,BGR.1_1,RLM7,SP166,REF173
,1.0,,1.0,0.0,,,CZE.1_1,RLM7,SP166,REF173
,1.0,,1.0,0.0,,,FIN.1_1,RLM7,SP166,REF173
,1.0,,1.0,0.0,,,FRA.1_1,RLM7,SP166,REF173
,1.0,,1.0,0.0,,,GBR.1_1,RLM7,SP166,REF173
,1.0,,1.0,0.0,,,GRC.1_1,RLM7,SP166,REF173
,1.0,,1.0,0.0,,,GRC.2_1,RLM7,SP166,REF173
,1.0,,1.0,0.0,,,IRL.1_1,RLM7,SP166,REF173
,1.0,,1.0,0.0,,,,RLM7,SP166,REF173
,1.0,,1.0,0.0,,,LTU.1_1,RLM7,SP166,REF173
,1.0,,1.0,0.0,,,NLD.1_1,RLM7,SP166,REF173
,1.0,,1.0,0.0,,1960.0,POL.1_1,RLM7,SP166,REF173
,1.0,,1.0,0.0,,,,RLM7,SP166,REF173
,1.0,,1.0,0.0,,,ROU.1_1,RLM7,SP166,REF173
,1.0,,1.0,0.0,,,SVK.1_1,RLM7,SP166,REF173
,1.0,,1.0,0.0,,,SWE.1_1,RLM7,SP166,REF173
,1.0,,1.0,0.0,,,ALB.1_1,RLM7,SP166,REF173
,1.0,,1.0,0.0,,,BEL.1_1,RLM7,SP166,REF173
,1.0,,1.0,0.0,,,CYP.1_1,RLM10,SP166,REF173
,1.0,,1.0,0.0,,,DNK.1_1,RLM7,SP166,REF173
,1.0,,1.0,0.0,,,FRA.2_1,RLM7,SP166,REF173
,1.0,,1.0,0.0,,,DEU.1_1,RLM7,SP166,REF173
,1.0,,1.0,0.0,,,,RLM7,SP166,REF173
,1.0,,1.0,0.0,,,HUN.1_1,RLM7,SP166,REF173
,1.0,,1.0,0.0,,,LVA.1_1,RLM7,SP166,REF173
,1.0,,1.0,0.0,,,MLT.1_1,RLM10,SP166,REF173
,1.0,,1.0,0.0,,,NOR.1_1,RLM7,SP166,REF173
,1.0,,1.0,0.0,,,,RLM7,SP166,REF173
,1.0,,1.0,0.0,,,PRT.1_1,RLM7,SP166,REF173
,1.0,,1.0,0.0,,,PRT.2_1,RLM7,SP166,REF173
,1.0,,1.0,0.0,,,PRT.3_1,RLM7,SP166,REF173
,1.0,,1.0,0.0,,,,RLM7,SP166,REF173
,1.0,,1.0,0.0,,,ESP.1_1,RLM7,SP166,REF173
,1.0,,1.0,0.0,,,ESP.1_2,RLM7,SP166,REF173
,1.0,,1.0,0.0,,,ESP.2_1,RLM7,SP166,REF173
,1.0,,1.0,0.0,,,ESP.3_1,RLM7,SP166,REF173
,1.0,,1.0,0.0,,,CHE.1_1,RLM7,SP166,REF173
,1.0,,1.0,0.0,,,ESP.1_1,RLM7,SP1016,REF173
,1.0,,1.0,0.0,,,ESP.1_2,RLM7,SP1016,REF173
,1.0,,1.0,0.0,,,ESP.2_1,RLM7,SP1016,REF173
,1.0,,1.0,0.0,,,ESP.3_1,RLM7,SP1016,REF173
,1.0,,1.0,0.0,,,PRT.1_1,RLM7,SP1016,REF173
,1.0,,1.0,0.0,,,PRT.2_1,RLM7,SP1016,REF173
,1.0,,1.0,0.0,,,PRT.3_1,RLM7,SP1016,REF173
,1.0,,1.0,0.0,,,BEL.1_1,RLM7,SP960,REF173
,1.0,,1.0,0.0,,,HRV.1_1,RLM7,SP960,REF173
,1.0,,1.0,0.0,,,DNK.1_1,RLM7,SP960,REF173
,1.0,,1.0,0.0,,,DEU.1_1,RLM7,SP960,REF173
,1.0,,1.0,0.0,,,GRC.1_1,RLM7,SP960,REF173
,1.0,,1.0,0.0,,,GRC.2_1,RLM7,SP960,REF173
,1.0,,1.0,0.0,,1850.0,ITA.1_1,RLM7,SP960,REF173
,1.0,,1.0,0.0,,,POL.1_1,RLM7,SP960,REF173
,1.0,,1.0,0.0,,,SVK.1_1,RLM7,SP960,REF173
,1.0,,1.0,0.0,,,SWE.1_1,RLM7,SP960,REF173
,1.0,,1.0,0.0,,,AUT.1_1,RLM7,SP960,REF173
,1.0,,1.0,0.0,,,BGR.1_1,RLM7,SP960,REF173
,1.0,,1.0,0.0,,,CZE.1_1,RLM7,SP960,REF173
,1.0,,1.0,0.0,,,FRA.1_1,RLM7,SP960,REF173
,1.0,,1.0,0.0,,,GBR.1_1,RLM7,SP960,REF173
,1.0,,1.0,0.0,,,HUN.1_1,RLM7,SP960,REF173
,1.0,,1.0,0.0,,,NLD.1_1,RLM7,SP960,REF173
,1.0,,1.0,0.0,,,SVN.1_1,RLM7,SP960,REF173
,1.0,,1.0,0.0,,,CHE.1_1,RLM7,SP960,REF173
,1.0,,1.0,0.0,,,ITA.1_1,RLM7,SP80,REF173
,1.0,,1.0,0.0,,2009.0,CHE.1_1,RLM7,SP80,REF173
,1.0,,1.0,0.0,,,ALB.1_1,RLM7,SP80,REF173
,1.0,,1.0,0.0,,,SVN.1_1,RLM7,SP80,REF173
,1.0,,1.0,0.0,,,BEL.1_1,RLM7,SP5,REF173
,1.0,,1.0,0.0,,,DNK.1_1,RLM7,SP5,REF173
,1.0,,1.0,0.0,,,GBR.1_1,RLM7,SP5,REF173
,1.0,,1.0,0.0,,,HUN.1_1,RLM7,SP5,REF173
,1.0,,1.0,0.0,,,MLT.1_1,RLM10,SP5,REF173
,1.0,,1.0,0.0,,,,RLM7,SP5,REF173
,1.0,,1.0,0.0,,,PRT.1_1,RLM7,SP5,REF173
,1.0,,1.0,0.0,,,PRT.2_1,RLM7,SP5,REF173
,1.0,,1.0,0.0,,,PRT.3_1,RLM7,SP5,REF173
,1.0,,1.0,0.0,,,,RLM7,SP5,REF173
,1.0,,1.0,0.0,,,ESP.1_1,RLM7,SP5,REF173
,1.0,,1.0,0.0,,,ESP.1_2,RLM7,SP5,REF173
,1.0,,1.0,0.0,,,ESP.2_1,RLM7,SP5,REF173
,1.0,,1.0,0.0,,,ESP.3_1,RLM7,SP5,REF173
,1.0,,1.0,0.0,,,ALB.1_1,RLM7,SP5,REF173
,1.0,,1.0,0.0,,,,RLM7,SP5,REF173
,1.0,,1.0,0.0,,1950.0,SVN.1_1,RLM7,SP5,REF173
,1.0,,1.0,0.0,,,AUT.1_1,RLM7,SP5,REF173
,1.0,,1.0,0.0,,,BGR.1_1,RLM7,SP5,REF173
,1.0,,1.0,0.0,,,MKD.1_1,RLM7,SP5,REF173
,1.0,,1.0,0.0,,,GRC.1_1,RLM7,SP5,REF173
,1.0,,1.0,0.0,,,GRC.2_1,RLM7,SP5,REF173
,1.0,,1.0,0.0,,,ISR.1_1,RLM10,SP5,REF173
,1.0,,1.0,0.0,,,NLD.1_1,RLM7,SP5,REF173
,1.0,,1.0,0.0,,,,RLM7,SP5,REF173
,1.0,,1.0,0.0,,,ROU.1_1,RLM7,SP5,REF173
,1.0,,1.0,0.0,,,SWE.1_1,RLM7,SP5,REF173
,1.0,,1.0,0.0,,1950.0,ITA.1_1,RLM7,SP5,REF173
,1.0,,1.0,0.0,,1987.0,AUT.1_1,RLM7,SP705,REF173
,1.0,,1.0,0.0,,,HRV.1_1,RLM7,SP705,REF173
,1.0,,1.0,0.0,,,FRA.1_1,RLM7,SP705,REF173
,1.0,,1.0,0.0,,,DEU.1_1,RLM7,SP705,REF173
,1.0,,1.0,0.0,,,HUN.1_1,RLM7,SP705,REF173
,1.0,,1.0,0.0,,,LTU.1_1,RLM7,SP705,REF173
,1.0,,1.0,0.0,,,ROU.1_1,RLM7,SP705,REF173
,1.0,,1.0,0.0,,,SVN.1_1,RLM7,SP705,REF173
,1.0,,1.0,0.0,,1983.0,CHE.1_1,RLM7,SP705,REF173
,1.0,,1.0,0.0,,,BGR.1_1,RLM7,SP705,REF173
,1.0,,1.0,0.0,,,CZE.1_1,RLM7,SP705,REF173
,1.0,,1.0,0.0,,,MKD.1_1,RLM7,SP705,REF173
,1.0,,1.0,0.0,,,GBR.1_1,RLM7,SP705,REF173
,1.0,,1.0,0.0,,,ITA.1_1,RLM7,SP705,REF173
,1.0,,1.0,0.0,,1960.0,POL.1_1,RLM7,SP705,REF173
,1.0,,1.0,0.0,,2011.0,,RLM7,SP705,REF173
,1.0,,1.0,0.0,,,SVK.1_1,RLM7,SP705,REF173
,1.0,,1.0,0.0,,,ESP.1_1,RLM7,SP705,REF173
,1.0,,1.0,0.0,,,ESP.1_2,RLM7,SP705,REF173
,1.0,,1.0,0.0,,,ESP.2_1,RLM7,SP705,REF173
,1.0,,1.0,0.0,,,ESP.3_1,RLM7,SP705,REF173
,1.0,,1.0,0.0,,,BEL.1_1,RLM7,SP430,REF173
,1.0,,1.0,0.0,,,DNK.1_1,RLM7,SP430,REF173
,1.0,,1.0,0.0,,1952.0,DEU.1_1,RLM7,SP430,REF173
,1.0,,1.0,0.0,,,ITA.1_1,RLM7,SP430,REF173
,1.0,,1.0,0.0,,,NOR.1_1,RLM7,SP430,REF173
,1.0,,1.0,0.0,,,,RLM7,SP430,REF173
,1.0,,1.0,0.0,,,,RLM7,SP430,REF173
,1.0,,1.0,0.0,,,SVN.1_1,RLM7,SP430,REF173
,1.0,,1.0,0.0,,,SWE.1_1,RLM7,SP430,REF173
,1.0,,1.0,0.0,,,AUT.1_1,RLM7,SP430,REF173
,1.0,,1.0,0.0,,,CZE.1_1,RLM7,SP430,REF173
,1.0,,1.0,0.0,,,FRA.1_1,RLM7,SP430,REF173
,1.0,,1.0,0.0,,,GBR.1_1,RLM7,SP430,REF173
,1.0,,1.0,0.0,,,NLD.1_1,RLM7,SP430,REF173
,1.0,,1.0,0.0,,,POL.1_1,RLM7,SP430,REF173
,1.0,,1.0,0.0,,,PRT.1_1,RLM7,SP430,REF173
,1.0,,1.0,0.0,,,PRT.2_1,RLM7,SP430,REF173
,1.0,,1.0,0.0,,,PRT.3_1,RLM7,SP430,REF173
,1.0,,1.0,0.0,,,SVK.1_1,RLM7,SP430,REF173
,1.0,,1.0,0.0,,,ESP.1_1,RLM7,SP430,REF173
,1.0,,1.0,0.0,,,ESP.1_2,RLM7,SP430,REF173
,1.0,,1.0,0.0,,,ESP.2_1,RLM7,SP430,REF173
,1.0,,1.0,0.0,,,ESP.3_1,RLM7,SP430,REF173
,1.0,,1.0,0.0,,,CHE.1_1,RLM7,SP430,REF173
,1.0,,1.0,0.0,,,BEL.1_1,RLM7,SP1005,REF173
,1.0,,1.0,0.0,,,CZE.1_1,RLM7,SP1005,REF173
,1.0,,1.0,0.0,,,HUN.1_1,RLM7,SP1005,REF173
,1.0,,1.0,0.0,,,POL.1_1,RLM7,SP1005,REF173
,1.0,,1.0,0.0,,,SVN.1_1,RLM7,SP1005,REF173
,1.0,,1.0,0.0,,,AUT.1_1,RLM7,SP1005,REF173
,1.0,,1.0,0.0,,,BGR.1_1,RLM7,SP1005,REF173
,1.0,,1.0,0.0,,,DEU.1_1,RLM7,SP1005,REF173
,1.0,,1.0,0.0,,,NLD.1_1,RLM7,SP1005,REF173
,1.0,,1.0,0.0,,,SVK.1_1,RLM7,SP1005,REF173
,1.0,,1.0,0.0,,1993.0,CHE.1_1,RLM7,SP1005,REF173
,1.0,,1.0,0.0,,,BIH.1_1,RLM7,SP991,REF173
,1.0,,1.0,0.0,,,MKD.1_1,RLM7,SP991,REF173
,1.0,,1.0,0.0,,,HUN.1_1,RLM7,SP991,REF173
,1.0,,1.0,0.0,,2001.0,ROU.1_1,RLM7,SP991,REF173
,1.0,,1.0,0.0,,1900.0,AUT.1_1,RLM7,SP991,REF173
,1.0,,1.0,0.0,,,HRV.1_1,RLM7,SP991,REF173
,1.0,,1.0,0.0,,2001.0,DEU.1_1,RLM7,SP991,REF173
,1.0,,1.0,0.0,,,ITA.1_1,RLM7,SP991,REF173
,1.0,,1.0,0.0,,1866.0,SVN.1_1,RLM7,SP991,REF173
,1.0,,1.0,0.0,,,FIN.1_1,RLM7,SP1144,REF173
,1.0,,1.0,0.0,,,NOR.1_1,RLM7,SP1144,REF173
,1.0,,1.0,0.0,,1985.0,DNK.1_1,RLM7,SP1144,REF173
,1.0,,1.0,0.0,,1940.0,DEU.1_1,RLM7,SP1144,REF173
,1.0,,1.0,0.0,,1985.0,SWE.1_1,RLM7,SP1144,REF173
,1.0,,1.0,0.0,,,DNK.1_1,RLM7,SP176,REF173
,1.0,,1.0,0.0,,1968.0,NLD.1_1,RLM7,SP176,REF173
,1.0,,1.0,0.0,,,,RLM7,SP176,REF173
,1.0,,1.0,0.0,,,BEL.1_1,RLM7,SP176,REF173
,1.0,,1.0,0.0,,,ITA.1_1,RLM7,SP176,REF173
,1.0,,1.0,0.0,,,,RLM7,SP176,REF173
,1.0,,1.0,0.0,,,ESP.1_1,RLM7,SP176,REF173
,1.0,,1.0,0.0,,,ESP.1_2,RLM7,SP176,REF173
,1.0,,1.0,0.0,,,ESP.2_1,RLM7,SP176,REF173
,1.0,,1.0,0.0,,,ESP.3_1,RLM7,SP176,REF173
,1.0,,1.0,0.0,,,BEL.1_1,RLM7,SP41,REF173
,1.0,,1.0,0.0,,,CZE.1_1,RLM7,SP41,REF173
,1.0,,1.0,0.0,,,FRA.1_1,RLM7,SP41,REF173
,1.0,,1.0,0.0,,1981.0,GRC.1_1,RLM7,SP41,REF173
,1.0,,1.0,0.0,,1981.0,GRC.2_1,RLM7,SP41,REF173
,1.0,,1.0,0.0,,1973.0,ITA.1_1,RLM7,SP41,REF173
,1.0,,1.0,0.0,,,POL.1_1,RLM7,SP41,REF173
,1.0,,1.0,0.0,,,,RLM7,SP41,REF173
,1.0,,1.0,0.0,,,ESP.1_1,RLM7,SP41,REF173
,1.0,,1.0,0.0,,,ESP.1_2,RLM7,SP41,REF173
,1.0,,1.0,0.0,,,ESP.2_1,RLM7,SP41,REF173
,1.0,,1.0,0.0,,,ESP.3_1,RLM7,SP41,REF173
,1.0,,1.0,0.0,,,ALB.1_1,RLM7,SP41,REF173
,1.0,,1.0,0.0,,,BGR.1_1,RLM7,SP41,REF173
,1.0,,1.0,0.0,,,DNK.1_1,RLM7,SP41,REF173
,1.0,,1.0,0.0,,,GBR.1_1,RLM7,SP41,REF173
,1.0,,1.0,0.0,,,HUN.1_1,RLM7,SP41,REF173
,1.0,,1.0,0.0,,,NLD.1_1,RLM7,SP41,REF173
,1.0,,1.0,0.0,,,,RLM7,SP41,REF173
,1.0,,1.0,0.0,,,CHE.1_1,RLM7,SP41,REF173
,1.0,,1.0,0.0,,,ALB.1_1,RLM7,SP48,REF173
,1.0,,1.0,0.0,,,FRA.2_1,RLM7,SP48,REF173
,1.0,,1.0,0.0,,,,RLM7,SP48,REF173
,1.0,,1.0,0.0,,,ISR.1_1,RLM10,SP48,REF173
,1.0,,1.0,0.0,,,,RLM7,SP48,REF173
,1.0,,1.0,0.0,,,NLD.1_1,RLM7,SP48,REF173
,1.0,,1.0,0.0,,,,RLM7,SP48,REF173
,1.0,,1.0,0.0,,,ESP.1_1,RLM7,SP48,REF173
,1.0,,1.0,0.0,,,ESP.1_2,RLM7,SP48,REF173
,1.0,,1.0,0.0,,,ESP.2_1,RLM7,SP48,REF173
,1.0,,1.0,0.0,,,ESP.3_1,RLM7,SP48,REF173
,1.0,,1.0,0.0,,,DNK.1_1,RLM7,SP48,REF173
,1.0,,1.0,0.0,,,FRA.1_1,RLM7,SP48,REF173
,1.0,,1.0,0.0,,,GRC.1_1,RLM7,SP48,REF173
,1.0,,1.0,0.0,,,GRC.2_1,RLM7,SP48,REF173
,1.0,,1.0,0.0,,,ITA.1_1,RLM7,SP48,REF173
,1.0,,1.0,0.0,,,,RLM7,SP48,REF173
,1.0,,1.0,0.0,,1964.0,PRT.1_1,RLM7,SP48,REF173
,1.0,,1.0,0.0,,1964.0,PRT.2_1,RLM7,SP48,REF173
,1.0,,1.0,0.0,,1964.0,PRT.3_1,RLM7,SP48,REF173
,1.0,,1.0,0.0,,,ALB.1_1,RLM7,SP775,REF173
,1.0,,1.0,0.0,,,HRV.1_1,RLM7,SP775,REF173
,1.0,,1.0,0.0,,,DEU.1_1,RLM7,SP775,REF173
,1.0,,1.0,0.0,,,SVN.1_1,RLM7,SP775,REF173
,1.0,,1.0,0.0,,,CHE.1_1,RLM7,SP775,REF173
,1.0,,1.0,0.0,,,AUT.1_1,RLM7,SP775,REF173
,1.0,,1.0,0.0,,,FRA.1_1,RLM7,SP775,REF173
,1.0,,1.0,0.0,,,ITA.1_1,RLM7,SP775,REF173
,1.0,,1.0,0.0,,1900.0,ESP.1_1,RLM7,SP775,REF173
,1.0,,1.0,0.0,,1900.0,ESP.1_2,RLM7,SP775,REF173
,1.0,,1.0,0.0,,1900.0,ESP.2_1,RLM7,SP775,REF173
,1.0,,1.0,0.0,,1900.0,ESP.3_1,RLM7,SP775,REF173
,1.0,,1.0,0.0,,1935.0,,RLM7,SP17,REF173
,1.0,,1.0,0.0,,,BGR.1_1,RLM7,SP17,REF173
,1.0,,1.0,0.0,,,GRC.1_1,RLM7,SP17,REF173
,1.0,,1.0,0.0,,,GRC.2_1,RLM7,SP17,REF173
,1.0,,1.0,0.0,,,ESP.1_1,RLM7,SP17,REF173
,1.0,,1.0,0.0,,,ESP.1_2,RLM7,SP17,REF173
,1.0,,1.0,0.0,,,ESP.2_1,RLM7,SP17,REF173
,1.0,,1.0,0.0,,,ESP.3_1,RLM7,SP17,REF173
,1.0,,1.0,0.0,,,ISR.1_1,RLM10,SP17,REF173
,1.0,,1.0,0.0,,,ALB.1_1,RLM7,SP17,REF173
,1.0,,1.0,0.0,,,,RLM7,SP17,REF173
,1.0,,1.0,0.0,,1935.0,ITA.1_1,RLM7,SP17,REF173
,,,1.0,0.0,,,ALB.1_1,RLM7,SP222,REF173
,,,1.0,0.0,,,BEL.1_1,RLM7,SP222,REF173
,,,1.0,0.0,,,HRV.1_1,RLM7,SP222,REF173
,,,1.0,0.0,,,DNK.1_1,RLM7,SP222,REF173
,,,1.0,0.0,,,FRA.1_1,RLM7,SP222,REF173
,,,1.0,0.0,,,DEU.1_1,RLM7,SP222,REF173
,,,1.0,0.0,,,GRC.1_1,RLM7,SP222,REF173
,,,1.0,0.0,,,GRC.2_1,RLM7,SP222,REF173
,,,1.0,0.0,,,ISR.1_1,RLM10,SP222,REF173
,,,1.0,0.0,,,,RLM7,SP222,REF173
,,,1.0,0.0,,,NLD.1_1,RLM7,SP222,REF173
,,,1.0,0.0,,,,RLM7,SP222,REF173
,,,1.0,0.0,,,SVK.1_1,RLM7,SP222,REF173
,,,1.0,0.0,,,ESP.1_1,RLM7,SP222,REF173
,,,1.0,0.0,,,ESP.1_2,RLM7,SP222,REF173
,,,1.0,0.0,,,ESP.2_1,RLM7,SP222,REF173
,,,1.0,0.0,,,ESP.3_1,RLM7,SP222,REF173
,,,1.0,0.0,,,CHE.1_1,RLM7,SP222,REF173
,,,1.0,0.0,,,AUT.1_1,RLM7,SP222,REF173
,,,1.0,0.0,,,BGR.1_1,RLM7,SP222,REF173
,,,1.0,0.0,,,CZE.1_1,RLM7,SP222,REF173
,,,1.0,0.0,,,FRA.2_1,RLM7,SP222,REF173
,,,1.0,0.0,,,MKD.1_1,RLM7,SP222,REF173
,,,1.0,0.0,,,GBR.1_1,RLM7,SP222,REF173
,,,1.0,0.0,,,HUN.1_1,RLM7,SP222,REF173
,,,1.0,0.0,,1870.0,ITA.1_1,RLM7,SP222,REF173
,,,1.0,0.0,,,POL.1_1,RLM7,SP222,REF173
,,,1.0,0.0,,,PRT.1_1,RLM7,SP222,REF173
,,,1.0,0.0,,,PRT.2_1,RLM7,SP222,REF173
,,,1.0,0.0,,,PRT.3_1,RLM7,SP222,REF173
,,,1.0,0.0,,,SVN.1_1,RLM7,SP222,REF173
,,,1.0,0.0,,,SWE.1_1,RLM7,SP222,REF173
,,,1.0,0.0,,2000.0,POL.1_1,RLM7,SP205,REF173
,,,1.0,0.0,,,PRT.1_1,RLM7,SP205,REF173
,,,1.0,0.0,,,PRT.2_1,RLM7,SP205,REF173
,,,1.0,0.0,,,PRT.3_1,RLM7,SP205,REF173
,,,1.0,0.0,,,,RLM7,SP205,REF173
,,,1.0,0.0,,,SVK.1_1,RLM7,SP205,REF173
,,,1.0,0.0,,,ESP.1_1,RLM7,SP205,REF173
,,,1.0,0.0,,,ESP.1_2,RLM7,SP205,REF173
,,,1.0,0.0,,,ESP.2_1,RLM7,SP205,REF173
,,,1.0,0.0,,,ESP.3_1,RLM7,SP205,REF173
,,,1.0,0.0,,,CHE.1_1,RLM7,SP205,REF173
,,,1.0,0.0,,,ALB.1_1,RLM7,SP205,REF173
,,,1.0,0.0,,,BLR.1_1,RLM7,SP205,REF173
,,,1.0,0.0,,,BIH.1_1,RLM7,SP205,REF173
,,,1.0,0.0,,,HRV.1_1,RLM7,SP205,REF173
,,,1.0,0.0,,,CZE.1_1,RLM7,SP205,REF173
,,,1.0,0.0,,,FRA.1_1,RLM7,SP205,REF173
,,,1.0,0.0,,,GBR.1_1,RLM7,SP205,REF173
,,,1.0,0.0,,,GRC.1_1,RLM7,SP205,REF173
,,,1.0,0.0,,,GRC.2_1,RLM7,SP205,REF173
,,,1.0,0.0,,,IRL.1_1,RLM7,SP205,REF173
,,,1.0,0.0,,,,RLM7,SP205,REF173
,,,1.0,0.0,,,LTU.1_1,RLM7,SP205,REF173
,,,1.0,0.0,,,MLT.1_1,RLM10,SP205,REF173
,,,1.0,0.0,,,,RLM7,SP205,REF173
,,,1.0,0.0,,,ROU.1_1,RLM7,SP205,REF173
,,,1.0,0.0,,,SVN.1_1,RLM7,SP205,REF173
,,,1.0,0.0,,1980.0,SWE.1_1,RLM7,SP205,REF173
,,,1.0,0.0,,,AUT.1_1,RLM7,SP205,REF173
,,,1.0,0.0,,,BEL.1_1,RLM7,SP205,REF173
,,,1.0,0.0,,,BGR.1_1,RLM7,SP205,REF173
,,,1.0,0.0,,,CYP.1_1,RLM10,SP205,REF173
,,,1.0,0.0,,,FRA.2_1,RLM7,SP205,REF173
,,,1.0,0.0,,,DEU.1_1,RLM7,SP205,REF173
,,,1.0,0.0,,,,RLM7,SP205,REF173
,,,1.0,0.0,,1989.0,HUN.1_1,RLM7,SP205,REF173
,,,1.0,0.0,,,ITA.1_1,RLM7,SP205,REF173
,,,1.0,0.0,,,LUX.1_1,RLM7,SP205,REF173
,,,1.0,0.0,,,NOR.1_1,RLM7,SP205,REF173
,,,1.0,0.0,,,BLR.1_1,RLM7,SP90,REF173
,,,1.0,0.0,,,BGR.1_1,RLM7,SP90,REF173
,,,1.0,0.0,,,DNK.1_1,RLM7,SP90,REF173
,,,1.0,0.0,,,FIN.1_1,RLM7,SP90,REF173
,,,1.0,0.0,,,FRA.1_1,RLM7,SP90,REF173
,,,1.0,0.0,,,GBR.1_1,RLM7,SP90,REF173
,,,1.0,0.0,,,ISL.1_1,RLM7,SP90,REF173
,,,1.0,0.0,,,ITA.1_1,RLM7,SP90,REF173
,,,1.0,0.0,,,LTU.1_1,RLM7,SP90,REF173
,,,1.0,0.0,,,NOR.1_1,RLM7,SP90,REF173
,,,1.0,0.0,,,PRT.1_1,RLM7,SP90,REF173
,,,1.0,0.0,,,PRT.2_1,RLM7,SP90,REF173
,,,1.0,0.0,,,PRT.3_1,RLM7,SP90,REF173
,,,1.0,0.0,,,,RLM7,SP90,REF173
,,,1.0,0.0,,,SVN.1_1,RLM7,SP90,REF173
,,,1.0,0.0,,1794.0,SWE.1_1,RLM7,SP90,REF173
,,,1.0,0.0,,,AUT.1_1,RLM7,SP90,REF173
,,,1.0,0.0,,,BEL.1_1,RLM7,SP90,REF173
,,,1.0,0.0,,,CZE.1_1,RLM7,SP90,REF173
,,,1.0,0.0,,1924.0,ESP.1_1,RLM7,SP90,REF173
,,,1.0,0.0,,1924.0,ESP.1_2,RLM7,SP90,REF173
,,,1.0,0.0,,1924.0,ESP.2_1,RLM7,SP90,REF173
,,,1.0,0.0,,1924.0,ESP.3_1,RLM7,SP90,REF173
,,,1.0,0.0,,,FRA.2_1,RLM7,SP90,REF173
,,,1.0,0.0,,1800.0,DEU.1_1,RLM7,SP90,REF173
,,,1.0,0.0,,,HUN.1_1,RLM7,SP90,REF173
,,,1.0,0.0,,,IRL.1_1,RLM7,SP90,REF173
,,,1.0,0.0,,,LVA.1_1,RLM7,SP90,REF173
,,,1.0,0.0,,1850.0,NLD.1_1,RLM7,SP90,REF173
,,,1.0,0.0,,,POL.1_1,RLM7,SP90,REF173
,,,1.0,0.0,,,ROU.1_1,RLM7,SP90,REF173
,,,1.0,0.0,,1900.0,SVK.1_1,RLM7,SP90,REF173
,,,1.0,0.0,,,ESP.1_1,RLM7,SP90,REF173
,,,1.0,0.0,,,ESP.1_2,RLM7,SP90,REF173
,,,1.0,0.0,,,ESP.2_1,RLM7,SP90,REF173
,,,1.0,0.0,,,ESP.3_1,RLM7,SP90,REF173
,,,1.0,0.0,,,CHE.1_1,RLM7,SP90,REF173
,,,1.0,0.0,,,AUT.1_1,RLM7,SP175,REF173
,,,1.0,0.0,,,BEL.1_1,RLM7,SP175,REF173
,,,1.0,0.0,,,CZE.1_1,RLM7,SP175,REF173
,,,1.0,0.0,,1991.0,ESP.1_1,RLM7,SP175,REF173
,,,1.0,0.0,,1991.0,ESP.1_2,RLM7,SP175,REF173
,,,1.0,0.0,,1991.0,ESP.2_1,RLM7,SP175,REF173
,,,1.0,0.0,,1991.0,ESP.3_1,RLM7,SP175,REF173
,,,1.0,0.0,,,FRA.1_1,RLM7,SP175,REF173
,,,1.0,0.0,,1813.0,DEU.1_1,RLM7,SP175,REF173
,,,1.0,0.0,,,,RLM7,SP175,REF173
,,,1.0,0.0,,,HUN.1_1,RLM7,SP175,REF173
,,,1.0,0.0,,,IRL.1_1,RLM7,SP175,REF173
,,,1.0,0.0,,1924.0,LVA.1_1,RLM7,SP175,REF173
,,,1.0,0.0,,,MLT.1_1,RLM10,SP175,REF173
,,,1.0,0.0,,1926.0,NLD.1_1,RLM7,SP175,REF173
,,,1.0,0.0,,,POL.1_1,RLM7,SP175,REF173
,,,1.0,0.0,,,,RLM7,SP175,REF173
,,,1.0,0.0,,,ROU.1_1,RLM7,SP175,REF173
,,,1.0,0.0,,1910.0,SVK.1_1,RLM7,SP175,REF173
,,,1.0,0.0,,,ESP.1_1,RLM7,SP175,REF173
,,,1.0,0.0,,,ESP.1_2,RLM7,SP175,REF173
,,,1.0,0.0,,,ESP.2_1,RLM7,SP175,REF173
,,,1.0,0.0,,,ESP.3_1,RLM7,SP175,REF173
,,,1.0,0.0,,,CHE.1_1,RLM7,SP175,REF173
,,,1.0,0.0,,,ALB.1_1,RLM7,SP175,REF173
,,,1.0,0.0,,,BLR.1_1,RLM7,SP175,REF173
,,,1.0,0.0,,,BGR.1_1,RLM7,SP175,REF173
,,,1.0,0.0,,,DNK.1_1,RLM7,SP175,REF173
,,,1.0,0.0,,,FIN.1_1,RLM7,SP175,REF173
,,,1.0,0.0,,,MKD.1_1,RLM7,SP175,REF173
,,,1.0,0.0,,,GBR.1_1,RLM7,SP175,REF173
,,,1.0,0.0,,,GRC.1_1,RLM7,SP175,REF173
,,,1.0,0.0,,,GRC.2_1,RLM7,SP175,REF173
,,,1.0,0.0,,,ISL.1_1,RLM7,SP175,REF173
,,,1.0,0.0,,,ITA.1_1,RLM7,SP175,REF173
,,,1.0,0.0,,,LTU.1_1,RLM7,SP175,REF173
,,,1.0,0.0,,,NOR.1_1,RLM7,SP175,REF173
,,,1.0,0.0,,,,RLM7,SP175,REF173
,,,1.0,0.0,,,PRT.1_1,RLM7,SP175,REF173
,,,1.0,0.0,,,PRT.2_1,RLM7,SP175,REF173
,,,1.0,0.0,,,PRT.3_1,RLM7,SP175,REF173
,,,1.0,0.0,,,,RLM7,SP175,REF173
,,,1.0,0.0,,,SVN.1_1,RLM7,SP175,REF173
,,,1.0,0.0,,1953.0,SWE.1_1,RLM7,SP175,REF173
,,,1.0,0.0,,,AUT.1_1,RLM7,SP82,REF173
,,,1.0,0.0,,,BIH.1_1,RLM7,SP82,REF173
,,,1.0,0.0,,,CYP.1_1,RLM10,SP82,REF173
,,,1.0,0.0,,,DNK.1_1,RLM7,SP82,REF173
,,,1.0,0.0,,,FIN.1_1,RLM7,SP82,REF173
,,,1.0,0.0,,1879.0,DEU.1_1,RLM7,SP82,REF173
,,,1.0,0.0,,,,RLM7,SP82,REF173
,,,1.0,0.0,,,HUN.1_1,RLM7,SP82,REF173
,,,1.0,0.0,,,IRL.1_1,RLM7,SP82,REF173
,,,1.0,0.0,,,,RLM7,SP82,REF173
,,,1.0,0.0,,,LVA.1_1,RLM7,SP82,REF173
,,,1.0,0.0,,,MLT.1_1,RLM10,SP82,REF173
,,,1.0,0.0,,,NOR.1_1,RLM7,SP82,REF173
,,,1.0,0.0,,,,RLM7,SP82,REF173
,,,1.0,0.0,,,PRT.1_1,RLM7,SP82,REF173
,,,1.0,0.0,,,PRT.2_1,RLM7,SP82,REF173
,,,1.0,0.0,,,PRT.3_1,RLM7,SP82,REF173
,,,1.0,0.0,,,,RLM7,SP82,REF173
,,,1.0,0.0,,1910.0,SVK.1_1,RLM7,SP82,REF173
,,,1.0,0.0,,1921.0,ESP.1_1,RLM7,SP82,REF173
,,,1.0,0.0,,1921.0,ESP.1_2,RLM7,SP82,REF173
,,,1.0,0.0,,1921.0,ESP.2_1,RLM7,SP82,REF173
,,,1.0,0.0,,1921.0,ESP.3_1,RLM7,SP82,REF173
,,,1.0,0.0,,,CHE.1_1,RLM7,SP82,REF173
,,,1.0,0.0,,,ALB.1_1,RLM7,SP82,REF173
,,,1.0,0.0,,,BEL.1_1,RLM7,SP82,REF173
,,,1.0,0.0,,,BGR.1_1,RLM7,SP82,REF173
,,,1.0,0.0,,,CZE.1_1,RLM7,SP82,REF173
,,,1.0,0.0,,1924.0,ESP.1_1,RLM7,SP82,REF173
,,,1.0,0.0,,1924.0,ESP.1_2,RLM7,SP82,REF173
,,,1.0,0.0,,1924.0,ESP.2_1,RLM7,SP82,REF173
,,,1.0,0.0,,1924.0,ESP.3_1,RLM7,SP82,REF173
,,,1.0,0.0,,,FRA.1_1,RLM7,SP82,REF173
,,,1.0,0.0,,,GBR.1_1,RLM7,SP82,REF173
,,,1.0,0.0,,,GRC.1_1,RLM7,SP82,REF173
,,,1.0,0.0,,,GRC.2_1,RLM7,SP82,REF173
,,,1.0,0.0,,,ISL.1_1,RLM7,SP82,REF173
,,,1.0,0.0,,,ITA.1_1,RLM7,SP82,REF173
,,,1.0,0.0,,,LTU.1_1,RLM7,SP82,REF173
,,,1.0,0.0,,,POL.1_1,RLM7,SP82,REF173
,,,1.0,0.0,,,,RLM7,SP82,REF173
,,,1.0,0.0,,,ROU.1_1,RLM7,SP82,REF173
,,,1.0,0.0,,,SVN.1_1,RLM7,SP82,REF173
,,,1.0,0.0,,1900.0,SWE.1_1,RLM7,SP82,REF173
,,,1.0,0.0,,,AUT.1_1,RLM7,SP172,REF173
,,,1.0,0.0,,,BGR.1_1,RLM7,SP172,REF173
,,,1.0,0.0,,,CZE.1_1,RLM7,SP172,REF173
,,,1.0,0.0,,1924.0,ESP.1_1,RLM7,SP172,REF173
,,,1.0,0.0,,1924.0,ESP.1_2,RLM7,SP172,REF173
,,,1.0,0.0,,1924.0,ESP.2_1,RLM7,SP172,REF173
,,,1.0,0.0,,1924.0,ESP.3_1,RLM7,SP172,REF173
,,,1.0,0.0,,,FRA.1_1,RLM7,SP172,REF173
,,,1.0,0.0,,1796.0,DEU.1_1,RLM7,SP172,REF173
,,,1.0,0.0,,,,RLM7,SP172,REF173
,,,1.0,0.0,,,HUN.1_1,RLM7,SP172,REF173
,,,1.0,0.0,,,IRL.1_1,RLM7,SP172,REF173
,,,1.0,0.0,,,,RLM7,SP172,REF173
,,,1.0,0.0,,,LVA.1_1,RLM7,SP172,REF173
,,,1.0,0.0,,,MLT.1_1,RLM10,SP172,REF173
,,,1.0,0.0,,,NOR.1_1,RLM7,SP172,REF173
,,,1.0,0.0,,,,RLM7,SP172,REF173
,,,1.0,0.0,,1904.0,PRT.1_1,RLM7,SP172,REF173
,,,1.0,0.0,,1904.0,PRT.2_1,RLM7,SP172,REF173
,,,1.0,0.0,,1904.0,PRT.3_1,RLM7,SP172,REF173
,,,1.0,0.0,,1900.0,SVK.1_1,RLM7,SP172,REF173
,,,1.0,0.0,,,ESP.1_1,RLM7,SP172,REF173
,,,1.0,0.0,,,ESP.1_2,RLM7,SP172,REF173
,,,1.0,0.0,,,ESP.2_1,RLM7,SP172,REF173
,,,1.0,0.0,,,ESP.3_1,RLM7,SP172,REF173
,,,1.0,0.0,,,CHE.1_1,RLM7,SP172,REF173
,,,1.0,0.0,,,ALB.1_1,RLM7,SP172,REF173
,,,1.0,0.0,,,BEL.1_1,RLM7,SP172,REF173
,,,1.0,0.0,,,CYP.1_1,RLM10,SP172,REF173
,,,1.0,0.0,,,DNK.1_1,RLM7,SP172,REF173
,,,1.0,0.0,,,FIN.1_1,RLM7,SP172,REF173
,,,1.0,0.0,,,MKD.1_1,RLM7,SP172,REF173
,,,1.0,0.0,,,GBR.1_1,RLM7,SP172,REF173
,,,1.0,0.0,,,GRC.1_1,RLM7,SP172,REF173
,,,1.0,0.0,,,GRC.2_1,RLM7,SP172,REF173
,,,1.0,0.0,,,ISL.1_1,RLM7,SP172,REF173
,,,1.0,0.0,,,ITA.1_1,RLM7,SP172,REF173
,,,1.0,0.0,,,LTU.1_1,RLM7,SP172,REF173
,,,1.0,0.0,,1850.0,NLD.1_1,RLM7,SP172,REF173
,,,1.0,0.0,,,POL.1_1,RLM7,SP172,REF173
,,,1.0,0.0,,,,RLM7,SP172,REF173
,,,1.0,0.0,,,,RLM7,SP172,REF173
,,,1.0,0.0,,,SVN.1_1,RLM7,SP172,REF173
,,,1.0,0.0,,1800.0,SWE.1_1,RLM7,SP172,REF173
,1.0,,1.0,0.0,,,AUT.1_1,RLM7,SP111,REF173
,1.0,,1.0,0.0,,,ITA.1_1,RLM7,SP111,REF173
,1.0,,1.0,0.0,,2000.0,BGR.1_1,RLM7,SP1049,REF173
,1.0,,1.0,0.0,,,AUT.1_1,RLM7,SP1049,REF173
,1.0,,1.0,0.0,,,FRA.1_1,RLM7,SP1049,REF173
,1.0,,1.0,0.0,,,BEL.1_1,RLM7,SP169,REF173
,1.0,,1.0,0.0,,,CZE.1_1,RLM7,SP169,REF173
,1.0,,1.0,0.0,,,FRA.1_1,RLM7,SP169,REF173
,1.0,,1.0,0.0,,,GBR.1_1,RLM7,SP169,REF173
,1.0,,1.0,0.0,,,,RLM7,SP169,REF173
,1.0,,1.0,0.0,,,LVA.1_1,RLM7,SP169,REF173
,1.0,,1.0,0.0,,,,RLM7,SP169,REF173
,1.0,,1.0,0.0,,,ROU.1_1,RLM7,SP169,REF173
,1.0,,1.0,0.0,,,SWE.1_1,RLM7,SP169,REF173
,1.0,,1.0,0.0,,,AUT.1_1,RLM7,SP169,REF173
,1.0,,1.0,0.0,,,BGR.1_1,RLM7,SP169,REF173
,1.0,,1.0,0.0,,,DNK.1_1,RLM7,SP169,REF173
,1.0,,1.0,0.0,,,DEU.1_1,RLM7,SP169,REF173
,1.0,,1.0,0.0,,,GRC.1_1,RLM7,SP169,REF173
,1.0,,1.0,0.0,,,GRC.2_1,RLM7,SP169,REF173
,1.0,,1.0,0.0,,,ITA.1_1,RLM7,SP169,REF173
,1.0,,1.0,0.0,,,POL.1_1,RLM7,SP169,REF173
,1.0,,1.0,0.0,,,PRT.1_1,RLM7,SP169,REF173
,1.0,,1.0,0.0,,,PRT.2_1,RLM7,SP169,REF173
,1.0,,1.0,0.0,,,PRT.3_1,RLM7,SP169,REF173
,1.0,,1.0,0.0,,,ESP.1_1,RLM7,SP169,REF173
,1.0,,1.0,0.0,,,ESP.1_2,RLM7,SP169,REF173
,1.0,,1.0,0.0,,,ESP.2_1,RLM7,SP169,REF173
,1.0,,1.0,0.0,,,ESP.3_1,RLM7,SP169,REF173
,1.0,,1.0,0.0,,,AUT.1_1,RLM7,SP1036,REF173
,1.0,,1.0,0.0,,,FRA.1_1,RLM7,SP1036,REF173
,1.0,,1.0,0.0,,,GBR.1_1,RLM7,SP1036,REF173
,1.0,,1.0,0.0,,1975.0,ITA.1_1,RLM7,SP1036,REF173
,1.0,,1.0,0.0,,,CZE.1_1,RLM7,SP1036,REF173
,1.0,,1.0,0.0,,,DEU.1_1,RLM7,SP1036,REF173
,1.0,,1.0,0.0,,,HUN.1_1,RLM7,SP1036,REF173
,1.0,,1.0,0.0,,,SVK.1_1,RLM7,SP1036,REF173
,1.0,,1.0,0.0,,,AUT.1_1,RLM7,SP213,REF173
,1.0,,1.0,0.0,,,GBR.1_1,RLM7,SP213,REF173
,1.0,,1.0,0.0,,,,RLM7,SP213,REF173
,1.0,,1.0,0.0,,,ESP.1_1,RLM7,SP213,REF173
,1.0,,1.0,0.0,,,ESP.1_2,RLM7,SP213,REF173
,1.0,,1.0,0.0,,,ESP.2_1,RLM7,SP213,REF173
,1.0,,1.0,0.0,,,ESP.3_1,RLM7,SP213,REF173
,1.0,,1.0,0.0,,,FRA.1_1,RLM7,SP213,REF173
,1.0,,1.0,0.0,,,IRL.1_1,RLM7,SP213,REF173
,1.0,,1.0,0.0,,,FRA.1_1,RLM7,SP701,REF173
,1.0,,1.0,0.0,,,,RLM7,SP701,REF173
,1.0,,1.0,0.0,,,ITA.1_1,RLM7,SP701,REF173
,1.0,,1.0,0.0,,,DNK.1_1,RLM7,SP701,REF173
,1.0,,1.0,0.0,,,GBR.1_1,RLM7,SP701,REF173
,1.0,,1.0,0.0,,,NOR.1_1,RLM7,SP701,REF173
,1.0,,1.0,0.0,,,ESP.1_1,RLM7,SP701,REF173
,1.0,,1.0,0.0,,,ESP.1_2,RLM7,SP701,REF173
,1.0,,1.0,0.0,,,ESP.2_1,RLM7,SP701,REF173
,1.0,,1.0,0.0,,,ESP.3_1,RLM7,SP701,REF173
,1.0,,1.0,0.0,,,FRA.1_1,RLM7,SP78,REF173
,1.0,,1.0,0.0,,,GRC.1_1,RLM7,SP78,REF173
,1.0,,1.0,0.0,,,GRC.2_1,RLM7,SP78,REF173
,1.0,,1.0,0.0,,,ITA.1_1,RLM7,SP78,REF173
,1.0,,1.0,0.0,,2008.0,SVN.1_1,RLM7,SP78,REF173
,1.0,,1.0,0.0,,1995.0,ESP.1_1,RLM7,SP78,REF173
,1.0,,1.0,0.0,,1995.0,ESP.1_2,RLM7,SP78,REF173
,1.0,,1.0,0.0,,1995.0,ESP.2_1,RLM7,SP78,REF173
,1.0,,1.0,0.0,,1995.0,ESP.3_1,RLM7,SP78,REF173
,1.0,,1.0,0.0,,2009.0,CYP.1_1,RLM10,SP78,REF173
,1.0,,1.0,0.0,,,,RLM7,SP78,REF173
,1.0,,1.0,0.0,,,,RLM7,SP78,REF173
,1.0,,1.0,0.0,,2009.0,SVK.1_1,RLM7,SP78,REF173
,1.0,,1.0,0.0,,,,RLM7,SP78,REF173
,1.0,,1.0,0.0,,2010.0,CHE.1_1,RLM7,SP78,REF173
,1.0,,1.0,0.0,,,BEL.1_1,RLM7,SP146,REF173
,1.0,,1.0,0.0,,,DNK.1_1,RLM7,SP179,REF173
,1.0,,1.0,0.0,,,NLD.1_1,RLM7,SP179,REF173
,1.0,,1.0,0.0,,,,RLM7,SP179,REF173
,1.0,,1.0,0.0,,,BEL.1_1,RLM7,SP179,REF173
,1.0,,1.0,0.0,,,MLT.1_1,RLM10,SP179,REF173
,1.0,,1.0,0.0,,,PRT.1_1,RLM7,SP179,REF173
,1.0,,1.0,0.0,,,PRT.2_1,RLM7,SP179,REF173
,1.0,,1.0,0.0,,,PRT.3_1,RLM7,SP179,REF173
,1.0,,1.0,0.0,,,ESP.1_1,RLM7,SP179,REF173
,1.0,,1.0,0.0,,,ESP.1_2,RLM7,SP179,REF173
,1.0,,1.0,0.0,,,ESP.2_1,RLM7,SP179,REF173
,1.0,,1.0,0.0,,,ESP.3_1,RLM7,SP179,REF173
,1.0,,1.0,0.0,,,AUT.1_1,RLM7,SP787,REF173
,1.0,,1.0,0.0,,,CZE.1_1,RLM7,SP787,REF173
,1.0,,1.0,0.0,,,FIN.1_1,RLM7,SP787,REF173
,1.0,,1.0,0.0,,1927.0,DEU.1_1,RLM7,SP787,REF173
,1.0,,1.0,0.0,,,HUN.1_1,RLM7,SP787,REF173
,1.0,,1.0,0.0,,,ITA.1_1,RLM7,SP787,REF173
,1.0,,1.0,0.0,,,NLD.1_1,RLM7,SP787,REF173
,1.0,,1.0,0.0,,,ROU.1_1,RLM7,SP787,REF173
,1.0,,1.0,0.0,,,SVK.1_1,RLM7,SP787,REF173
,1.0,,1.0,0.0,,,BEL.1_1,RLM7,SP787,REF173
,1.0,,1.0,0.0,,,DNK.1_1,RLM7,SP787,REF173
,1.0,,1.0,0.0,,,FRA.1_1,RLM7,SP787,REF173
,1.0,,1.0,0.0,,,GBR.1_1,RLM7,SP787,REF173
,1.0,,1.0,0.0,,1840.0,IRL.1_1,RLM7,SP787,REF173
,1.0,,1.0,0.0,,,LVA.1_1,RLM7,SP787,REF173
,1.0,,1.0,0.0,,,NOR.1_1,RLM7,SP787,REF173
,1.0,,1.0,0.0,,,,RLM7,SP787,REF173
,1.0,,1.0,0.0,,1953.0,SWE.1_1,RLM7,SP787,REF173
,1.0,,1.0,0.0,,,DNK.1_1,RLM7,SP66,REF173
,1.0,,1.0,0.0,,1923.0,,RLM7,SP66,REF173
,1.0,,1.0,0.0,,,SWE.1_1,RLM7,SP66,REF173
,1.0,,1.0,0.0,,,,RLM7,SP66,REF173
,1.0,,1.0,0.0,,,PRT.1_1,RLM7,SP66,REF173
,1.0,,1.0,0.0,,,PRT.2_1,RLM7,SP66,REF173
,1.0,,1.0,0.0,,,PRT.3_1,RLM7,SP66,REF173
,1.0,,1.0,0.0,,1968.0,FRA.1_1,RLM7,SP1190,REF173
,1.0,,1.0,0.0,,1990.0,FRA.1_1,RLM7,SP1191,REF173
,1.0,,1.0,0.0,,2001.0,FRA.1_1,RLM7,SP1059,REF173
,1.0,,1.0,0.0,,1978.0,FRA.1_1,RLM7,SP1018,REF173
,1.0,,1.0,0.0,,,POL.1_1,RLM7,SP1018,REF173
,1.0,,1.0,0.0,,1987.0,NLD.1_1,RLM7,SP1018,REF173
,1.0,,1.0,0.0,,1981.0,ESP.1_1,RLM7,SP1018,REF173
,1.0,,1.0,0.0,,1981.0,ESP.1_2,RLM7,SP1018,REF173
,1.0,,1.0,0.0,,1981.0,ESP.2_1,RLM7,SP1018,REF173
,1.0,,1.0,0.0,,1981.0,ESP.3_1,RLM7,SP1018,REF173
,1.0,,1.0,0.0,,,FRA.1_1,RLM7,SP984,REF173
,1.0,,1.0,0.0,,1998.0,ESP.1_1,RLM7,SP984,REF173
,1.0,,1.0,0.0,,1998.0,ESP.1_2,RLM7,SP984,REF173
,1.0,,1.0,0.0,,1998.0,ESP.2_1,RLM7,SP984,REF173
,1.0,,1.0,0.0,,1998.0,ESP.3_1,RLM7,SP984,REF173
,,,1.0,0.0,,,MLT.1_1,RLM10,SP1192,REF173
,,,1.0,0.0,,,ESP.1_1,RLM7,SP1192,REF173
,,,1.0,0.0,,,ESP.1_2,RLM7,SP1192,REF173
,,,1.0,0.0,,,ESP.2_1,RLM7,SP1192,REF173
,,,1.0,0.0,,,ESP.3_1,RLM7,SP1192,REF173
,,,1.0,0.0,,,FRA.1_1,RLM7,SP1192,REF173
,1.0,,1.0,0.0,,,DEU.1_1,RLM7,SP162,REF173
,1.0,,1.0,0.0,,,HUN.1_1,RLM7,SP180,REF173
,1.0,,1.0,0.0,,1900.0,ESP.1_1,RLM7,SP180,REF173
,1.0,,1.0,0.0,,1900.0,ESP.1_2,RLM7,SP180,REF173
,1.0,,1.0,0.0,,1900.0,ESP.2_1,RLM7,SP180,REF173
,1.0,,1.0,0.0,,1900.0,ESP.3_1,RLM7,SP180,REF173
,1.0,,1.0,0.0,,,,RLM7,SP180,REF173
,1.0,,1.0,0.0,,,,RLM7,SP84,REF173
,1.0,,1.0,0.0,,,ISR.1_1,RLM10,SP84,REF173
,1.0,,1.0,0.0,,,MLT.1_1,RLM10,SP472,REF173
,1.0,,1.0,0.0,,,,RLM7,SP472,REF173
,1.0,,1.0,0.0,,,SWE.1_1,RLM7,SP472,REF173
,1.0,,1.0,0.0,,1994.0,CYP.1_1,RLM10,SP472,REF173
,1.0,,1.0,0.0,,,ESP.1_1,RLM7,SP472,REF173
,1.0,,1.0,0.0,,,ESP.1_2,RLM7,SP472,REF173
,1.0,,1.0,0.0,,,ESP.2_1,RLM7,SP472,REF173
,1.0,,1.0,0.0,,,ESP.3_1,RLM7,SP472,REF173
,1.0,,1.0,0.0,,,MLT.1_1,RLM10,SP1193,REF173
,1.0,,1.0,0.0,,,MLT.1_1,RLM10,SP1194,REF173
,1.0,,1.0,0.0,,,CYP.1_1,RLM10,SP85,REF173
,1.0,,1.0,0.0,,,,RLM7,SP85,REF173
,1.0,,1.0,0.0,,,MLT.1_1,RLM10,SP85,REF173
,1.0,,1.0,0.0,,1979.0,,RLM7,SP85,REF173
,1.0,,1.0,0.0,,1939.0,GBR.1_1,RLM7,SP47,REF173
,1.0,,1.0,0.0,,,,RLM7,SP47,REF173
,1.0,,1.0,0.0,,,PRT.1_1,RLM7,SP1195,REF173
,1.0,,1.0,0.0,,,PRT.2_1,RLM7,SP1195,REF173
,1.0,,1.0,0.0,,,PRT.3_1,RLM7,SP1195,REF173
,1.0,,1.0,0.0,,,PRT.1_1,RLM7,SP1013,REF173
,1.0,,1.0,0.0,,,PRT.2_1,RLM7,SP1013,REF173
,1.0,,1.0,0.0,,,PRT.3_1,RLM7,SP1013,REF173
,1.0,,1.0,0.0,,,CYP.1_1,RLM10,SP990,REF173
,1.0,,1.0,0.0,,,PRT.1_1,RLM7,SP990,REF173
,1.0,,1.0,0.0,,,PRT.2_1,RLM7,SP990,REF173
,1.0,,1.0,0.0,,,PRT.3_1,RLM7,SP990,REF173
,1.0,,1.0,0.0,,,GBR.1_1,RLM7,SP990,REF173
,1.0,,1.0,0.0,,2002.0,ESP.1_1,RLM7,SP990,REF173
,1.0,,1.0,0.0,,2002.0,ESP.1_2,RLM7,SP990,REF173
,1.0,,1.0,0.0,,2002.0,ESP.2_1,RLM7,SP990,REF173
,1.0,,1.0,0.0,,2002.0,ESP.3_1,RLM7,SP990,REF173
,1.0,,1.0,0.0,,,,RLM7,SP1083,REF173
,1.0,,1.0,0.0,,,ESP.1_1,RLM7,SP209,REF173
,1.0,,1.0,0.0,,,ESP.1_2,RLM7,SP209,REF173
,1.0,,1.0,0.0,,,ESP.2_1,RLM7,SP209,REF173
,1.0,,1.0,0.0,,,ESP.3_1,RLM7,SP209,REF173
,1.0,,1.0,0.0,,,GBR.1_1,RLM7,SP893,REF173
,1.0,,1.0,0.0,,1940.0,GBR.1_1,RLM7,SP1124,REF173
,1.0,,1.0,0.0,,1909.0,IRL.1_1,RLM7,SP1124,REF173
,1.0,,1.0,0.0,,,GBR.1_1,RLM7,SP1196,REF173
,1.0,,1.0,0.0,,,GBR.1_1,RLM7,SP516,REF173
,1.0,,1.0,0.0,,,GBR.1_1,RLM7,SP54,REF173
,1.0,,1.0,0.0,,,GBR.1_1,RLM7,SP1073,REF173
,1.0,,1.0,0.0,,,GBR.1_1,RLM7,SP911,REF173
,1.0,,1.0,0.0,,,NLD.1_1,RLM7,SP1197,REF173
,1.0,,1.0,0.0,,,GBR.1_1,RLM7,SP1197,REF173
,1.0,,1.0,0.0,,,FRA.1_1,RLM7,SP1006,REF173
,1.0,,1.0,0.0,,1902.0,IRL.1_1,RLM7,SP1006,REF173
,1.0,,1.0,0.0,,,GBR.1_1,RLM7,SP1006,REF173
,1.0,,1.0,0.0,,,NLD.1_1,RLM7,SP1006,REF173
,1.0,,1.0,0.0,,1998.0,GBR.1_1,RLM7,SP1198,REF173
,1.0,,1.0,0.0,,1978.0,DNK.1_1,RLM7,SP1199,REF173
,1.0,,1.0,0.0,,,GBR.1_1,RLM7,SP1199,REF173
,1.0,,1.0,0.0,,,CZE.1_1,RLM7,SP1199,REF173
,1.0,,1.0,0.0,,,FIN.1_1,RLM7,SP1199,REF173
,1.0,,1.0,0.0,,,NLD.1_1,RLM7,SP1199,REF173
,1.0,,1.0,0.0,,,CZE.1_1,RLM7,SP1048,REF173
,1.0,,1.0,0.0,,1978.0,GBR.1_1,RLM7,SP1048,REF173
,1.0,,1.0,0.0,,1978.0,DNK.1_1,RLM7,SP1048,REF173
,1.0,,1.0,0.0,,1968.0,GBR.1_1,RLM7,SP538,REF173
,1.0,,1.0,0.0,,2009.0,ALB.1_1,RLM7,SP153,REF173
,1.0,,1.0,0.0,,2009.0,BGR.1_1,RLM7,SP153,REF173
,1.0,,1.0,0.0,,2009.0,CYP.1_1,RLM10,SP153,REF173
,1.0,,1.0,0.0,,2008.0,FRA.1_1,RLM7,SP153,REF173
,1.0,,1.0,0.0,,2007.0,GBR.1_1,RLM7,SP153,REF173
,1.0,,1.0,0.0,,2009.0,GRC.1_1,RLM7,SP153,REF173
,1.0,,1.0,0.0,,2009.0,GRC.2_1,RLM7,SP153,REF173
,1.0,,1.0,0.0,,2009.0,ISR.1_1,RLM10,SP153,REF173
,1.0,,1.0,0.0,,2008.0,,RLM7,SP153,REF173
,1.0,,1.0,0.0,,2009.0,LTU.1_1,RLM7,SP153,REF173
,1.0,,1.0,0.0,,2009.0,NLD.1_1,RLM7,SP153,REF173
,1.0,,1.0,0.0,,2010.0,,RLM7,SP153,REF173
,1.0,,1.0,0.0,,2006.0,,RLM7,SP153,REF173
,1.0,,1.0,0.0,,2006.0,ESP.1_1,RLM7,SP153,REF173
,1.0,,1.0,0.0,,2006.0,ESP.1_2,RLM7,SP153,REF173
,1.0,,1.0,0.0,,2006.0,ESP.2_1,RLM7,SP153,REF173
,1.0,,1.0,0.0,,2006.0,ESP.3_1,RLM7,SP153,REF173
,1.0,,1.0,0.0,,2010.0,AUT.1_1,RLM7,SP153,REF173
,1.0,,1.0,0.0,,2009.0,HRV.1_1,RLM7,SP153,REF173
,1.0,,1.0,0.0,,2006.0,FRA.2_1,RLM7,SP153,REF173
,1.0,,1.0,0.0,,2009.0,DEU.1_1,RLM7,SP153,REF173
,1.0,,1.0,0.0,,2009.0,,RLM7,SP153,REF173
,1.0,,1.0,0.0,,2010.0,HUN.1_1,RLM7,SP153,REF173
,1.0,,1.0,0.0,,2008.0,ITA.1_1,RLM7,SP153,REF173
,1.0,,1.0,0.0,,2009.0,MLT.1_1,RLM10,SP153,REF173
,1.0,,1.0,0.0,,2009.0,PRT.1_1,RLM7,SP153,REF173
,1.0,,1.0,0.0,,2009.0,PRT.2_1,RLM7,SP153,REF173
,1.0,,1.0,0.0,,2009.0,PRT.3_1,RLM7,SP153,REF173
,1.0,,1.0,0.0,,2009.0,SVN.1_1,RLM7,SP153,REF173
,1.0,,1.0,0.0,,2008.0,ESP.1_1,RLM7,SP153,REF173
,1.0,,1.0,0.0,,2008.0,ESP.1_2,RLM7,SP153,REF173
,1.0,,1.0,0.0,,2008.0,ESP.2_1,RLM7,SP153,REF173
,1.0,,1.0,0.0,,2008.0,ESP.3_1,RLM7,SP153,REF173
,1.0,,1.0,0.0,,2009.0,CHE.1_1,RLM7,SP153,REF173
,1.0,,1.0,0.0,,1999.0,ESP.1_1,RLM7,SP1200,REF173
,1.0,,1.0,0.0,,1999.0,ESP.1_2,RLM7,SP1200,REF173
,1.0,,1.0,0.0,,1999.0,ESP.2_1,RLM7,SP1200,REF173
,1.0,,1.0,0.0,,1999.0,ESP.3_1,RLM7,SP1200,REF173
,1.0,,1.0,0.0,,,FRA.1_1,RLM7,SP1200,REF173
0.0,1.0,0.0,1.0,0.0,0.0,2007.0,HUN.1_1,RLM7,SP1201,REF173
,1.0,,1.0,0.0,,1967.0,,RLM7,SP700,REF173
,1.0,,1.0,0.0,,,GBR.1_1,RLM7,SP700,REF173
,1.0,,1.0,0.0,,,FRA.1_1,RLM7,SP181,REF173
,1.0,,1.0,0.0,,,,RLM7,SP181,REF173
,1.0,,1.0,0.0,,,FRA.2_1,RLM7,SP181,REF173
,1.0,,1.0,0.0,,1987.0,GRC.1_1,RLM7,SP181,REF173
,1.0,,1.0,0.0,,1987.0,GRC.2_1,RLM7,SP181,REF173
,1.0,,1.0,0.0,,1987.0,ESP.1_1,RLM7,SP181,REF173
,1.0,,1.0,0.0,,1987.0,ESP.1_2,RLM7,SP181,REF173
,1.0,,1.0,0.0,,1987.0,ESP.2_1,RLM7,SP181,REF173
,1.0,,1.0,0.0,,1987.0,ESP.3_1,RLM7,SP181,REF173
,1.0,,1.0,0.0,,,IRL.1_1,RLM7,SP1015,REF173
,1.0,,1.0,0.0,,1946.0,GBR.1_1,RLM7,SP1015,REF173
,1.0,,1.0,0.0,,2011.0,ISR.1_1,RLM10,SP32,REF173
,1.0,,1.0,0.0,,2011.0,CZE.1_1,RLM7,SP42,REF173
,1.0,,1.0,0.0,,2005.0,DEU.1_1,RLM7,SP42,REF173
,1.0,,1.0,0.0,,2011.0,HUN.1_1,RLM7,SP42,REF173
,1.0,,1.0,0.0,,2008.0,NLD.1_1,RLM7,SP42,REF173
,1.0,,1.0,0.0,,2007.0,CHE.1_1,RLM7,SP42,REF173
,1.0,,1.0,0.0,,2009.0,AUT.1_1,RLM7,SP42,REF173
,1.0,,1.0,0.0,,,FRA.1_1,RLM7,SP42,REF173
,1.0,,1.0,0.0,,2008.0,GBR.1_1,RLM7,SP42,REF173
,1.0,,1.0,0.0,,2011.0,ITA.1_1,RLM7,SP42,REF173
,1.0,,1.0,0.0,,2011.0,SVN.1_1,RLM7,SP42,REF173
,1.0,,1.0,0.0,,,HRV.1_1,RLM7,SP212,REF173
,1.0,,1.0,0.0,,,,RLM7,SP212,REF173
,1.0,,1.0,0.0,,,ESP.1_1,RLM7,SP212,REF173
,1.0,,1.0,0.0,,,ESP.1_2,RLM7,SP212,REF173
,1.0,,1.0,0.0,,,ESP.2_1,RLM7,SP212,REF173
,1.0,,1.0,0.0,,,ESP.3_1,RLM7,SP212,REF173
,1.0,,1.0,0.0,,,GRC.1_1,RLM7,SP212,REF173
,1.0,,1.0,0.0,,,GRC.2_1,RLM7,SP212,REF173
,1.0,,1.0,0.0,,1982.0,ESP.1_1,RLM7,SP212,REF173
,1.0,,1.0,0.0,,1982.0,ESP.1_2,RLM7,SP212,REF173
,1.0,,1.0,0.0,,1982.0,ESP.2_1,RLM7,SP212,REF173
,1.0,,1.0,0.0,,1982.0,ESP.3_1,RLM7,SP212,REF173
,1.0,,1.0,0.0,,,,RLM7,SP170,REF173
,1.0,,1.0,0.0,,1887.0,ESP.1_1,RLM7,SP170,REF173
,1.0,,1.0,0.0,,1887.0,ESP.1_2,RLM7,SP170,REF173
,1.0,,1.0,0.0,,1887.0,ESP.2_1,RLM7,SP170,REF173
,1.0,,1.0,0.0,,1887.0,ESP.3_1,RLM7,SP170,REF173
,1.0,,1.0,0.0,,,,RLM7,SP170,REF173
,1.0,,1.0,0.0,,,PRT.1_1,RLM7,SP170,REF173
,1.0,,1.0,0.0,,,PRT.2_1,RLM7,SP170,REF173
,1.0,,1.0,0.0,,,PRT.3_1,RLM7,SP170,REF173
,1.0,,1.0,0.0,,,ESP.1_1,RLM7,SP170,REF173
,1.0,,1.0,0.0,,,ESP.1_2,RLM7,SP170,REF173
,1.0,,1.0,0.0,,,ESP.2_1,RLM7,SP170,REF173
,1.0,,1.0,0.0,,,ESP.3_1,RLM7,SP170,REF173
,1.0,,1.0,0.0,,2003.0,ESP.1_1,RLM7,SP142,REF173
,1.0,,1.0,0.0,,2003.0,ESP.1_2,RLM7,SP142,REF173
,1.0,,1.0,0.0,,2003.0,ESP.2_1,RLM7,SP142,REF173
,1.0,,1.0,0.0,,2003.0,ESP.3_1,RLM7,SP142,REF173
,1.0,,1.0,0.0,,1978.0,GBR.1_1,RLM7,SP1202,REF173
,1.0,,1.0,0.0,,,BEL.1_1,RLM7,SP1052,REF173
,1.0,,1.0,0.0,,,DEU.1_1,RLM7,SP1052,REF173
,1.0,,1.0,0.0,,,SWE.1_1,RLM7,SP1052,REF173
,1.0,,1.0,0.0,,,DNK.1_1,RLM7,SP1052,REF173
,1.0,,1.0,0.0,,,NLD.1_1,RLM7,SP1052,REF173
,1.0,,1.0,0.0,,2008.0,ITA.1_1,RLM7,SP105,REF173
,1.0,,1.0,0.0,,2007.0,,RLM7,SP173,REF173
,1.0,,1.0,0.0,,,,RLM7,SP173,REF173
,1.0,,1.0,0.0,,,ESP.1_1,RLM7,SP173,REF173
,1.0,,1.0,0.0,,,ESP.1_2,RLM7,SP173,REF173
,1.0,,1.0,0.0,,,ESP.2_1,RLM7,SP173,REF173
,1.0,,1.0,0.0,,,ESP.3_1,RLM7,SP173,REF173
,1.0,,1.0,0.0,,1995.0,ISR.1_1,RLM10,SP173,REF173
,1.0,,1.0,0.0,,,,RLM7,SP173,REF173
,1.0,,1.0,0.0,,2007.0,GBR.1_1,RLM7,SP962,REF173
,,,1.0,0.0,,,GRC.1_1,RLM7,SP1118,REF173
,,,1.0,0.0,,,GRC.2_1,RLM7,SP1118,REF173
,,,1.0,0.0,,1870.0,ESP.1_1,RLM7,SP1118,REF173
,,,1.0,0.0,,1870.0,ESP.1_2,RLM7,SP1118,REF173
,,,1.0,0.0,,1870.0,ESP.2_1,RLM7,SP1118,REF173
,,,1.0,0.0,,1870.0,ESP.3_1,RLM7,SP1118,REF173
,,,1.0,0.0,,2002.0,PRT.1_1,RLM7,SP1118,REF173
,,,1.0,0.0,,2002.0,PRT.2_1,RLM7,SP1118,REF173
,,,1.0,0.0,,2002.0,PRT.3_1,RLM7,SP1118,REF173
,,,1.0,0.0,,2003.0,GBR.1_1,RLM7,SP961,REF173
,,,1.0,0.0,,2006.0,ITA.1_1,RLM7,SP73,REF173
,,,1.0,0.0,,,DZA.1_1,RLM10,SP55,REF1
,,,1.0,0.0,,,LBY.1_1,RLM10,SP55,REF1
,,,1.0,0.0,,,MAR.1_1,RLM10,SP55,REF1
,,,1.0,0.0,,,ZAF.1_1,RLM6,SP55,REF1
,,,1.0,0.0,,,TUN.1_1,RLM10,SP55,REF1
,,,1.0,0.0,,,AZE.1_1,RLM7,SP55,REF1
,,,1.0,0.0,,,ISR.1_1,RLM10,SP55,REF1
,,,1.0,0.0,,,JPN.1_1,RLM5,SP55,REF1
,,,1.0,0.0,,,KAZ.1_1,RLM7,SP55,REF1
,,,1.0,0.0,,,TUR.1_1,RLM7,SP55,REF1
,,,1.0,0.0,,,UZB.1_1,RLM7,SP55,REF1
,,,1.0,0.0,,,ALB.1_1,RLM7,SP55,REF1
,,,1.0,0.0,,,AUT.1_1,RLM7,SP55,REF1
,,,1.0,0.0,,,BEL.1_1,RLM7,SP55,REF1
,,,1.0,0.0,,,BGR.1_1,RLM7,SP55,REF1
,,,1.0,0.0,,,HRV.1_1,RLM7,SP55,REF1
,,,1.0,0.0,,,CYP.1_1,RLM10,SP55,REF1
,,,1.0,0.0,,,CZE.1_1,RLM7,SP55,REF1
,,,1.0,0.0,,,DNK.1_1,RLM7,SP55,REF1
,,,1.0,0.0,,,EST.1_1,RLM7,SP55,REF1
,,,1.0,0.0,,,FIN.1_1,RLM7,SP55,REF1
,,,1.0,0.0,,,FRA.1_1,RLM7,SP55,REF1
,,,1.0,0.0,,,DEU.1_1,RLM7,SP55,REF1
,,,1.0,0.0,,,GRC.1_1,RLM7,SP55,REF1
,,,1.0,0.0,,,GRC.2_1,RLM7,SP55,REF1
,,,1.0,0.0,,,HUN.1_1,RLM7,SP55,REF1
,,,1.0,0.0,,,IRL.1_1,RLM7,SP55,REF1
,,,1.0,0.0,,,ITA.1_1,RLM7,SP55,REF1
,,,1.0,0.0,,,LVA.1_1,RLM7,SP55,REF1
,,,1.0,0.0,,,LTU.1_1,RLM7,SP55,REF1
,,,1.0,0.0,,,LUX.1_1,RLM7,SP55,REF1
,,,1.0,0.0,,,MLT.1_1,RLM10,SP55,REF1
,,,1.0,0.0,,,NLD.1_1,RLM7,SP55,REF1
,,,1.0,0.0,,,NOR.1_1,RLM7,SP55,REF1
,,,1.0,0.0,,,POL.1_1,RLM7,SP55,REF1
,,,1.0,0.0,,,PRT.1_1,RLM7,SP55,REF1
,,,1.0,0.0,,,PRT.2_1,RLM7,SP55,REF1
,,,1.0,0.0,,,PRT.3_1,RLM7,SP55,REF1
,,,1.0,0.0,,,ROU.1_1,RLM7,SP55,REF1
,,,1.0,0.0,,,,RLM7,SP55,REF1
,,,1.0,0.0,,,SRB.1_1,RLM7,SP55,REF1
,,,1.0,0.0,,,SVK.1_1,RLM7,SP55,REF1
,,,1.0,0.0,,,SVN.1_1,RLM7,SP55,REF1
,,,1.0,0.0,,,ESP.1_1,RLM7,SP55,REF1
,,,1.0,0.0,,,ESP.1_2,RLM7,SP55,REF1
,,,1.0,0.0,,,ESP.2_1,RLM7,SP55,REF1
,,,1.0,0.0,,,ESP.3_1,RLM7,SP55,REF1
,,,1.0,0.0,,,SWE.1_1,RLM7,SP55,REF1
,,,1.0,0.0,,,CHE.1_1,RLM7,SP55,REF1
,,,1.0,0.0,,,UKR.1_1,RLM7,SP55,REF1
,,,1.0,0.0,,2017.0,BEN.1_1,RLM6,SP1,REF1
,,,1.0,0.0,,,CMR.1_1,RLM6,SP1,REF1
,,,1.0,0.0,,,GAB.1_1,RLM6,SP1,REF1
,,,1.0,0.0,,2016.0,NGA.1_1,RLM6,SP1,REF1
,,,1.0,0.0,,,DNK.1_1,RLM7,SP1,REF1
,,,1.0,0.0,,,NLD.1_1,RLM7,SP1,REF1
,,,1.0,0.0,,,SVN.1_1,RLM7,SP1,REF1
,,,1.0,0.0,,,ATG.1_1,RLM9,SP1,REF1
,,,1.0,0.0,,,BHS.1_1,RLM9,SP1,REF1
,,,1.0,0.0,,,BRB.1_1,RLM9,SP1,REF1
,,,1.0,0.0,,,GBR.6_1,RLM2,SP1,REF1
,,,1.0,0.0,,,CRI.1_1,RLM9,SP1,REF1
,,,1.0,0.0,,,CUB.1_1,RLM9,SP1,REF1
,,,1.0,0.0,,,DMA.1_1,RLM9,SP1,REF1
,,,1.0,0.0,,,DOM.1_1,RLM9,SP1,REF1
,,,1.0,0.0,,,SLV.1_1,RLM9,SP1,REF1
,,,1.0,0.0,,,GRD.1_1,RLM1,SP1,REF1
,,,1.0,0.0,,,FRA.5_1,RLM9,SP1,REF1
,,,1.0,0.0,,,HND.1_1,RLM9,SP1,REF1
,,,1.0,0.0,,,HND.2_1,RLM9,SP1,REF1
,,,1.0,0.0,,,JAM.1_1,RLM9,SP1,REF1
,,,1.0,0.0,,,MEX.1_1,RLM2,SP1,REF1
,,,1.0,0.0,,,NIC.1_1,RLM9,SP1,REF1
,,,1.0,0.0,,,PAN.1_1,RLM9,SP1,REF1
,,,1.0,0.0,,,USA.3_1,RLM9,SP1,REF1
,,,1.0,0.0,,,LCA.1_1,RLM1,SP1,REF1
,,,1.0,0.0,,,VCT.1_1,RLM1,SP1,REF1
,,,1.0,0.0,,,TTO.1_1,RLM1,SP1,REF1
,,,1.0,0.0,,,ARG.1_1,RLM1,SP1,REF1
,,,1.0,0.0,,,ARG.2_1,RLM1,SP1,REF1
,,,1.0,0.0,,,BOL.1_1,RLM1,SP1,REF1
,,,1.0,0.0,,,CHL.1_1,RLM1,SP1,REF1
,,,1.0,0.0,,,COL.1_1,RLM1,SP1,REF1
,,,1.0,0.0,,,ECU.1_1,RLM1,SP1,REF1
,,,1.0,0.0,,,ECU.2_1,RLM1,SP1,REF1
,,,1.0,0.0,,,FRA.8_1,RLM1,SP1,REF1
,,,1.0,0.0,,,GUY.1_1,RLM1,SP1,REF1
,,,1.0,0.0,,,PRY.1_1,RLM1,SP1,REF1
,,,1.0,0.0,,,PER.1_1,RLM1,SP1,REF1
,,,1.0,0.0,,,SUR.1_1,RLM1,SP1,REF1
,,,1.0,0.0,,,URY.1_1,RLM1,SP1,REF1
,,,1.0,0.0,,,VEN.1_1,RLM1,SP1,REF1
,,,1.0,0.0,,,VEN.2_1,RLM1,SP1,REF1
,,,1.0,0.0,,,AGO.1_1,RLM6,SP22,REF1
,,,1.0,0.0,,,BEN.1_1,RLM6,SP22,REF1
,,,1.0,0.0,,,BWA.1_1,RLM6,SP22,REF1
,,,1.0,0.0,,,BFA.1_1,RLM6,SP22,REF1
,,,1.0,0.0,,,BDI.1_1,RLM6,SP22,REF1
,,,1.0,0.0,,,CPV.1_1,RLM6,SP22,REF1
,,,1.0,0.0,,,CMR.1_1,RLM6,SP22,REF1
,,,1.0,0.0,,,COD.1_1,RLM6,SP22,REF1
,,,1.0,0.0,,,COG.1_1,RLM6,SP22,REF1
,,,1.0,0.0,,,,RLM6,SP22,REF1
,,,1.0,0.0,,,DJI.1_1,RLM6,SP22,REF1
,,,1.0,0.0,,,EGY.1_1,RLM10,SP22,REF1
,,,1.0,0.0,,,SWZ.1_1,RLM6,SP22,REF1
,,,1.0,0.0,,,ETH.1_1,RLM6,SP22,REF1
,,,1.0,0.0,,,GAB.1_1,RLM6,SP22,REF1
,,,1.0,0.0,,,GMB.1_1,RLM6,SP22,REF1
,1.0,,1.0,0.0,,,GHA.1_1,RLM6,SP22,REF1
,,,1.0,0.0,,,GIN.1_1,RLM6,SP22,REF1
,,,1.0,0.0,,,GNB.1_1,RLM6,SP22,REF1
,,,1.0,0.0,,,KEN.1_1,RLM6,SP22,REF1
,,,1.0,0.0,,,LSO.1_1,RLM6,SP22,REF1
,,,1.0,0.0,,,LBR.1_1,RLM6,SP22,REF1
,,,1.0,0.0,,,MDG.1_1,RLM11,SP22,REF1
,,,1.0,0.0,,,MWI.1_1,RLM6,SP22,REF1
,,,1.0,0.0,,,MLI.1_1,RLM6,SP22,REF1
,,,1.0,0.0,,,MRT.1_1,RLM6,SP22,REF1
,,,1.0,0.0,,,FRA.3_1,RLM11,SP22,REF1
,,,1.0,0.0,,,MOZ.1_1,RLM6,SP22,REF1
,,,1.0,0.0,,,NAM.1_1,RLM6,SP22,REF1
,,,1.0,0.0,,,NER.1_1,RLM6,SP22,REF1
,,,1.0,0.0,,,NGA.1_1,RLM6,SP22,REF1
,,,1.0,0.0,,,RWA.1_1,RLM6,SP22,REF1
,,,1.0,0.0,,,SEN.1_1,RLM6,SP22,REF1
,,,1.0,0.0,,,SLE.1_1,RLM6,SP22,REF1
,,,1.0,0.0,,,SOM.1_1,RLM6,SP22,REF1
,,,1.0,0.0,,,ZAF.1_1,RLM6,SP22,REF1
,,,1.0,0.0,,,SDN.1_1,RLM6,SP22,REF1
,,,1.0,0.0,,,TZA.1_1,RLM6,SP22,REF1
,,,1.0,0.0,,,TGO.1_1,RLM6,SP22,REF1
,,,1.0,0.0,,,UGA.1_1,RLM6,SP22,REF1
,,,1.0,0.0,,,ZMB.1_1,RLM6,SP22,REF1
,,,1.0,0.0,,,ZWE.1_1,RLM6,SP22,REF1
,,,1.0,0.0,,,MMR.1_1,RLM4,SP22,REF1
,,,1.0,0.0,,,PHL.1_1,RLM4,SP22,REF1
,,,1.0,0.0,,,SAU.1_1,RLM10,SP22,REF1
,,,1.0,0.0,,,SGP.1_1,RLM4,SP22,REF1
,,,1.0,0.0,,,LKA.1_1,RLM4,SP22,REF1
,,,1.0,0.0,,,THA.1_1,RLM4,SP22,REF1
,,,1.0,0.0,,,VNM.1_1,RLM4,SP22,REF1
,,,1.0,0.0,,,YEM.1_1,RLM10,SP22,REF1
,,,1.0,0.0,,,NZL.2_1,RLM3,SP22,REF1
,,,1.0,0.0,,,KIR.1_1,RLM3,SP22,REF1
,,,1.0,0.0,,,MHL.1_1,RLM3,SP22,REF1
,,,1.0,0.0,,,FRA.7_1,RLM3,SP22,REF1
,,,1.0,0.0,,,PNG.1_1,RLM3,SP22,REF1
,,,1.0,0.0,,,SLB.1_1,RLM3,SP22,REF1
,,,1.0,0.0,,,FRA.6_1,RLM3,SP22,REF1
,,,1.0,0.0,,,PRK.1_1,RLM7,SP33,REF1
,,,1.0,0.0,,,KOR.1_1,RLM7,SP33,REF1
,,,1.0,0.0,,,KOR.2_1,RLM7,SP33,REF1
,,,1.0,0.0,,,TWN.1_1,RLM4,SP33,REF1
,,,1.0,0.0,,,NLD.1_1,RLM7,SP33,REF1
,,,1.0,0.0,,,SVN.1_1,RLM7,SP33,REF1
,,,1.0,0.0,,,CAN.1_1,RLM2,SP33,REF1
,,,1.0,0.0,,,USA.1_1,RLM2,SP33,REF1
,,,1.0,0.0,,,USA.1_2,RLM2,SP33,REF1
,,,1.0,0.0,,,USA.2_1,RLM2,SP33,REF1
,,,1.0,0.0,,,ARM.1_1,RLM7,SP67,REF1
,,,1.0,0.0,,,GEO.1_1,RLM7,SP67,REF1
,,,1.0,0.0,,,KAZ.1_1,RLM7,SP67,REF1
,,,1.0,0.0,,,KGZ.1_1,RLM7,SP67,REF1
,1.0,,1.0,0.0,,,TUR.1_1,RLM7,SP67,REF1
,1.0,,1.0,0.0,,1989.0,AUT.1_1,RLM7,SP67,REF1
,1.0,,1.0,0.0,,2003.0,BLR.1_1,RLM7,SP67,REF1
,1.0,,1.0,0.0,,2000.0,BEL.1_1,RLM7,SP67,REF1
,1.0,,1.0,0.0,,,BIH.1_1,RLM7,SP67,REF1
,1.0,,1.0,0.0,,,BGR.1_1,RLM7,SP67,REF1
,1.0,,1.0,0.0,,1995.0,HRV.1_1,RLM7,SP67,REF1
,1.0,,1.0,0.0,,1997.0,CZE.1_1,RLM7,SP67,REF1
,1.0,,1.0,0.0,,,DNK.1_1,RLM7,SP67,REF1
,,,1.0,0.0,,,EST.1_1,RLM7,SP67,REF1
,1.0,,1.0,0.0,,,FIN.1_1,RLM7,SP67,REF1
,1.0,,1.0,0.0,,2000.0,FRA.1_1,RLM7,SP67,REF1
,1.0,,1.0,0.0,,1994.0,DEU.1_1,RLM7,SP67,REF1
,1.0,,1.0,0.0,,1996.0,GRC.1_1,RLM7,SP67,REF1
,1.0,,1.0,0.0,,1996.0,GRC.2_1,RLM7,SP67,REF1
,1.0,,1.0,0.0,,1994.0,HUN.1_1,RLM7,SP67,REF1
,,,1.0,0.0,,,IRL.1_1,RLM7,SP67,REF1
,1.0,,1.0,0.0,,1992.0,ITA.1_1,RLM7,SP67,REF1
,,,1.0,0.0,,,LVA.1_1,RLM7,SP67,REF1
,,,1.0,0.0,,,LIE.1_1,RLM7,SP67,REF1
,1.0,,1.0,0.0,,2002.0,LTU.1_1,RLM7,SP67,REF1
,,,1.0,0.0,,,LUX.1_1,RLM7,SP67,REF1
,1.0,,1.0,0.0,,,MDA.1_1,RLM7,SP67,REF1
,1.0,,1.0,0.0,,1999.0,NLD.1_1,RLM7,SP67,REF1
,,,1.0,0.0,,,NOR.1_1,RLM7,SP67,REF1
,1.0,,1.0,0.0,,1998.0,POL.1_1,RLM7,SP67,REF1
,,,1.0,0.0,,,PRT.1_1,RLM7,SP67,REF1
,,,1.0,0.0,,,PRT.2_1,RLM7,SP67,REF1
,,,1.0,0.0,,,PRT.3_1,RLM7,SP67,REF1
,1.0,,1.0,0.0,,,ROU.1_1,RLM7,SP67,REF1
,1.0,,1.0,0.0,,2003.0,,RLM7,SP67,REF1
,1.0,,1.0,0.0,,,SRB.1_1,RLM7,SP67,REF1
,1.0,,1.0,0.0,,1996.0,SVK.1_1,RLM7,SP67,REF1
,1.0,,1.0,0.0,,1995.0,SVN.1_1,RLM7,SP67,REF1
,1.0,,1.0,0.0,,2002.0,ESP.1_1,RLM7,SP67,REF1
,1.0,,1.0,0.0,,2002.0,ESP.1_2,RLM7,SP67,REF1
,1.0,,1.0,0.0,,2002.0,ESP.2_1,RLM7,SP67,REF1
,1.0,,1.0,0.0,,2002.0,ESP.3_1,RLM7,SP67,REF1
,1.0,,1.0,0.0,,2002.0,SWE.1_1,RLM7,SP67,REF1
,1.0,,1.0,0.0,,1999.0,CHE.1_1,RLM7,SP67,REF1
,1.0,,1.0,0.0,,,UKR.1_1,RLM7,SP67,REF1
,1.0,,1.0,0.0,,,GBR.1_1,RLM7,SP67,REF1
,,,1.0,0.0,,,ZAF.1_1,RLM6,SP29,REF1
,,,1.0,0.0,,,BRN.1_1,RLM4,SP29,REF1
,,,1.0,0.0,,,KHM.1_1,RLM4,SP29,REF1
,,,1.0,0.0,,,LAO.1_1,RLM4,SP29,REF1
,,,1.0,0.0,,,MMR.1_1,RLM4,SP29,REF1
,,,1.0,0.0,,,NPL.1_1,RLM5,SP29,REF1
,,,1.0,0.0,,,PRK.1_1,RLM7,SP29,REF1
,,,1.0,0.0,,,PHL.1_1,RLM4,SP29,REF1
,,,1.0,0.0,,,KOR.1_1,RLM7,SP29,REF1
,,,1.0,0.0,,,KOR.2_1,RLM7,SP29,REF1
,,,1.0,0.0,,,LKA.1_1,RLM4,SP29,REF1
,,,1.0,0.0,,,TWN.1_1,RLM4,SP29,REF1
,,,1.0,0.0,,,THA.1_1,RLM4,SP29,REF1
,,,1.0,0.0,,,USA.1_1,RLM2,SP29,REF1
,,,1.0,0.0,,,USA.1_2,RLM2,SP29,REF1
,,,1.0,0.0,,,USA.2_1,RLM2,SP29,REF1
,,,1.0,0.0,,,DZA.1_1,RLM10,SP39,REF1
,,,1.0,0.0,,,EGY.1_1,RLM10,SP39,REF1
,,,1.0,0.0,,,ETH.1_1,RLM6,SP39,REF1
,,,1.0,0.0,,,LBY.1_1,RLM10,SP39,REF1
,,,1.0,0.0,,,MAR.1_1,RLM10,SP39,REF1
,1.0,,1.0,0.0,,1994.0,ZAF.1_1,RLM6,SP39,REF1
,,,1.0,0.0,,,TUN.1_1,RLM10,SP39,REF1
,,,1.0,0.0,,,AFG.1_1,RLM10,SP39,REF1
,,,1.0,0.0,,,ARM.1_1,RLM7,SP39,REF1
,,,1.0,0.0,,,AZE.1_1,RLM7,SP39,REF1
,,,1.0,0.0,,,BGD.1_1,RLM4,SP39,REF1
,,,1.0,0.0,,,BTN.1_1,RLM4,SP39,REF1
,,,1.0,0.0,,,CHN.1_1,RLM7,SP39,REF1
,,,1.0,0.0,,,CHN.2_1,RLM7,SP39,REF1
,,,1.0,0.0,,,CHN.3_1,RLM7,SP39,REF1
,,,1.0,0.0,,,GEO.1_1,RLM7,SP39,REF1
,,,1.0,0.0,,,,RLM5,SP39,REF1
,,,1.0,0.0,,,IRN.1_1,RLM10,SP39,REF1
,,,1.0,0.0,,,IRQ.1_1,RLM10,SP39,REF1
,,,1.0,0.0,,,ISR.1_1,RLM10,SP39,REF1
,,,1.0,0.0,,,JOR.1_1,RLM10,SP39,REF1
,,,1.0,0.0,,,KAZ.1_1,RLM7,SP39,REF1
,,,1.0,0.0,,,KGZ.1_1,RLM7,SP39,REF1
,,,1.0,0.0,,,LBN.1_1,RLM10,SP39,REF1
,,,1.0,0.0,,,MMR.1_1,RLM4,SP39,REF1
,,,1.0,0.0,,,NPL.1_1,RLM5,SP39,REF1
,,,1.0,0.0,,,PAK.1_1,RLM4,SP39,REF1
,,,1.0,0.0,,,SYR.1_1,RLM10,SP39,REF1
,,,1.0,0.0,,,TJK.1_1,RLM7,SP39,REF1
,,,1.0,0.0,,,TUR.1_1,RLM7,SP39,REF1
,,,1.0,0.0,,,TKM.1_1,RLM7,SP39,REF1
,,,1.0,0.0,,,UZB.1_1,RLM7,SP39,REF1
,,,1.0,0.0,,,AUT.1_1,RLM7,SP39,REF1
,,,1.0,0.0,,,BLR.1_1,RLM7,SP39,REF1
,,,1.0,0.0,,,BEL.1_1,RLM7,SP39,REF1
,,,1.0,0.0,,,BGR.1_1,RLM7,SP39,REF1
,,,1.0,0.0,,,HRV.1_1,RLM7,SP39,REF1
,,,1.0,0.0,,,CYP.1_1,RLM10,SP39,REF1
,,,1.0,0.0,,,CZE.1_1,RLM7,SP39,REF1
,,,1.0,0.0,,,DNK.1_1,RLM7,SP39,REF1
,,,1.0,0.0,,,EST.1_1,RLM7,SP39,REF1
,,,1.0,0.0,,,FIN.1_1,RLM7,SP39,REF1
,,,1.0,0.0,,,FRA.1_1,RLM7,SP39,REF1
,,,1.0,0.0,,,DEU.1_1,RLM7,SP39,REF1
,,,1.0,0.0,,,GRC.1_1,RLM7,SP39,REF1
,,,1.0,0.0,,,GRC.2_1,RLM7,SP39,REF1
,,,1.0,0.0,,,HUN.1_1,RLM7,SP39,REF1
,,,1.0,0.0,,,IRL.1_1,RLM7,SP39,REF1
,,,1.0,0.0,,,ITA.1_1,RLM7,SP39,REF1
,,,1.0,0.0,,,LVA.1_1,RLM7,SP39,REF1
,,,1.0,0.0,,,LTU.1_1,RLM7,SP39,REF1
,,,1.0,0.0,,,MLT.1_1,RLM10,SP39,REF1
,,,1.0,0.0,,,NLD.1_1,RLM7,SP39,REF1
,,,1.0,0.0,,,MKD.1_1,RLM7,SP39,REF1
,,,1.0,0.0,,,NOR.1_1,RLM7,SP39,REF1
,,,1.0,0.0,,,POL.1_1,RLM7,SP39,REF1
,,,1.0,0.0,,,PRT.1_1,RLM7,SP39,REF1
,,,1.0,0.0,,,PRT.2_1,RLM7,SP39,REF1
,,,1.0,0.0,,,PRT.3_1,RLM7,SP39,REF1
,,,1.0,0.0,,,ROU.1_1,RLM7,SP39,REF1
,,,1.0,0.0,,,SRB.1_1,RLM7,SP39,REF1
,,,1.0,0.0,,,SVK.1_1,RLM7,SP39,REF1
,,,1.0,0.0,,,SVN.1_1,RLM7,SP39,REF1
,,,1.0,0.0,,,ESP.1_1,RLM7,SP39,REF1
,,,1.0,0.0,,,ESP.1_2,RLM7,SP39,REF1
,,,1.0,0.0,,,ESP.2_1,RLM7,SP39,REF1
,,,1.0,0.0,,,ESP.3_1,RLM7,SP39,REF1
,,,1.0,0.0,,,SWE.1_1,RLM7,SP39,REF1
,,,1.0,0.0,,,CHE.1_1,RLM7,SP39,REF1
,,,1.0,0.0,,,UKR.1_1,RLM7,SP39,REF1
,,,1.0,0.0,,,NZL.1_1,RLM8,SP39,REF1
,,,1.0,0.0,,,CHL.1_1,RLM1,SP39,REF1
,,,1.0,0.0,,,KEN.1_1,RLM6,SP701,REF1
,,,1.0,0.0,,,MDG.1_1,RLM11,SP701,REF1
,,,1.0,0.0,,,ZAF.1_1,RLM6,SP701,REF1
,,,1.0,0.0,,,ZWE.1_1,RLM6,SP701,REF1
,,,1.0,0.0,,,ISR.1_1,RLM10,SP701,REF1
,,,1.0,0.0,,,AUT.1_1,RLM7,SP701,REF1
,,,1.0,0.0,,,BGR.1_1,RLM7,SP701,REF1
,,,1.0,0.0,,,HRV.1_1,RLM7,SP701,REF1
,1.0,,1.0,0.0,,1960.0,DNK.1_1,RLM7,SP701,REF1
,,,1.0,0.0,,,FRA.1_1,RLM7,SP701,REF1
,,,1.0,0.0,,,DEU.1_1,RLM7,SP701,REF1
,,,1.0,0.0,,1971.0,ITA.1_1,RLM7,SP701,REF1
,,,1.0,0.0,,,MNE.1_1,RLM7,SP701,REF1
,,,1.0,0.0,,,NLD.1_1,RLM7,SP701,REF1
,,,1.0,0.0,,,NOR.1_1,RLM7,SP701,REF1
,,,1.0,0.0,,,ROU.1_1,RLM7,SP701,REF1
,,,1.0,0.0,,,SRB.1_1,RLM7,SP701,REF1
,,,1.0,0.0,,,SVN.1_1,RLM7,SP701,REF1
,,,1.0,0.0,,1976.0,ESP.1_1,RLM7,SP701,REF1
,,,1.0,0.0,,1976.0,ESP.1_2,RLM7,SP701,REF1
,,,1.0,0.0,,1976.0,ESP.2_1,RLM7,SP701,REF1
,,,1.0,0.0,,1976.0,ESP.3_1,RLM7,SP701,REF1
,,,1.0,0.0,,,GBR.1_1,RLM7,SP701,REF1
,,,1.0,0.0,,,LSO.1_1,RLM6,SP208,REF1
,,,1.0,0.0,,,MNE.1_1,RLM7,SP208,REF1
,,,1.0,0.0,,,PRT.1_1,RLM7,SP208,REF1
,,,1.0,0.0,,,PRT.2_1,RLM7,SP208,REF1
,,,1.0,0.0,,,PRT.3_1,RLM7,SP208,REF1
,,,1.0,0.0,,,,RLM7,SP208,REF1
,,,1.0,0.0,,,ZAF.1_1,RLM6,SP4,REF1
,1.0,,1.0,0.0,,1984.0,AZE.1_1,RLM7,SP4,REF1
,1.0,,1.0,0.0,,1979.0,CHN.1_1,RLM7,SP4,REF1
,1.0,,1.0,0.0,,1979.0,CHN.2_1,RLM7,SP4,REF1
,1.0,,1.0,0.0,,1979.0,CHN.3_1,RLM7,SP4,REF1
,,,1.0,0.0,,,GEO.1_1,RLM7,SP4,REF1
,,,1.0,0.0,,,IRN.1_1,RLM10,SP4,REF1
,,,1.0,0.0,,,KAZ.1_1,RLM7,SP4,REF1
,1.0,,1.0,0.0,,,KGZ.1_1,RLM7,SP4,REF1
,,,1.0,0.0,,,PRK.1_1,RLM7,SP4,REF1
,,,1.0,0.0,,,KOR.1_1,RLM7,SP4,REF1
,,,1.0,0.0,,,KOR.2_1,RLM7,SP4,REF1
,,,1.0,0.0,,,TUR.1_1,RLM7,SP4,REF1
,,,1.0,0.0,,,AUT.1_1,RLM7,SP4,REF1
,,,1.0,0.0,,,BLR.1_1,RLM7,SP4,REF1
,,,1.0,0.0,,,BIH.1_1,RLM7,SP4,REF1
,,,1.0,0.0,,,BGR.1_1,RLM7,SP4,REF1
,,,1.0,0.0,,,HRV.1_1,RLM7,SP4,REF1
,,,1.0,0.0,,,CZE.1_1,RLM7,SP4,REF1
,,,1.0,0.0,,,DNK.1_1,RLM7,SP4,REF1
,1.0,,1.0,0.0,,1981.0,EST.1_1,RLM7,SP4,REF1
,,,1.0,0.0,,,FRA.1_1,RLM7,SP4,REF1
,,,1.0,0.0,,,DEU.1_1,RLM7,SP4,REF1
,,,1.0,0.0,,,GRC.1_1,RLM7,SP4,REF1
,,,1.0,0.0,,,GRC.2_1,RLM7,SP4,REF1
,,,1.0,0.0,,,HUN.1_1,RLM7,SP4,REF1
,,,1.0,0.0,,,ITA.1_1,RLM7,SP4,REF1
,,,1.0,0.0,,,LTU.1_1,RLM7,SP4,REF1
,,,1.0,0.0,,,MDA.1_1,RLM7,SP4,REF1
,1.0,,1.0,0.0,,1999.0,MNE.1_1,RLM7,SP4,REF1
,1.0,,1.0,0.0,,1980.0,MKD.1_1,RLM7,SP4,REF1
,1.0,,1.0,0.0,,,POL.1_1,RLM7,SP4,REF1
,1.0,,1.0,0.0,,1949.0,ROU.1_1,RLM7,SP4,REF1
,,,1.0,0.0,,,SRB.1_1,RLM7,SP4,REF1
,,,1.0,0.0,,,SVK.1_1,RLM7,SP4,REF1
,,,1.0,0.0,,,SVN.1_1,RLM7,SP4,REF1
,,,1.0,0.0,,,ESP.1_1,RLM7,SP4,REF1
,,,1.0,0.0,,,ESP.1_2,RLM7,SP4,REF1
,,,1.0,0.0,,,ESP.2_1,RLM7,SP4,REF1
,,,1.0,0.0,,,ESP.3_1,RLM7,SP4,REF1
,,,1.0,0.0,,,CHE.1_1,RLM7,SP4,REF1
,,,1.0,0.0,,,UKR.1_1,RLM7,SP4,REF1
,,,1.0,0.0,,,MEX.1_1,RLM2,SP4,REF1
,,,1.0,0.0,,,NZL.1_1,RLM8,SP4,REF1
,1.0,,1.0,0.0,,1968.0,MUS.1_1,RLM3,SP36,REF1
,,,1.0,0.0,,,CHN.1_1,RLM7,SP36,REF1
,,,1.0,0.0,,,CHN.2_1,RLM7,SP36,REF1
,,,1.0,0.0,,,CHN.3_1,RLM7,SP36,REF1
,,,1.0,0.0,,,JPN.1_1,RLM5,SP36,REF1
,,,1.0,0.0,,,MYS.1_1,RLM4,SP36,REF1
,1.0,,1.0,0.0,,2015.0,LKA.1_1,RLM4,SP36,REF1
,1.0,,1.0,0.0,,1986.0,TWN.1_1,RLM4,SP36,REF1
,1.0,,1.0,0.0,,2008.0,DZA.1_1,RLM10,SP30,REF1
,1.0,,1.0,0.0,,,AGO.1_1,RLM6,SP30,REF1
,1.0,,1.0,0.0,,2017.0,BEN.1_1,RLM6,SP30,REF1
,,,1.0,0.0,,,BWA.1_1,RLM6,SP30,REF1
,1.0,,1.0,0.0,,2016.0,BFA.1_1,RLM6,SP30,REF1
,1.0,,1.0,0.0,,,BDI.1_1,RLM6,SP30,REF1
,,,1.0,0.0,,,CPV.1_1,RLM6,SP30,REF1
,1.0,,1.0,0.0,,,CMR.1_1,RLM6,SP30,REF1
,,,1.0,0.0,,,COD.1_1,RLM6,SP30,REF1
,,,1.0,0.0,,,,RLM6,SP30,REF1
,1.0,,1.0,0.0,,2009.0,EGY.1_1,RLM10,SP30,REF1
,,,1.0,0.0,,,GNQ.1_1,RLM6,SP30,REF1
,,,1.0,0.0,,,ETH.1_1,RLM6,SP30,REF1
,1.0,,1.0,0.0,,,GHA.1_1,RLM6,SP30,REF1
,,,1.0,0.0,,,KEN.1_1,RLM6,SP30,REF1
,1.0,,1.0,0.0,,2018.0,LSO.1_1,RLM6,SP30,REF1
,1.0,,1.0,0.0,,2009.0,LBY.1_1,RLM10,SP30,REF1
,1.0,,1.0,0.0,,,MWI.1_1,RLM6,SP30,REF1
,,,1.0,0.0,,,MUS.1_1,RLM3,SP30,REF1
,,,1.0,0.0,,,FRA.3_1,RLM11,SP30,REF1
,1.0,,1.0,0.0,,2008.0,MAR.1_1,RLM10,SP30,REF1
,1.0,,1.0,0.0,,2017.0,MOZ.1_1,RLM6,SP30,REF1
,,,1.0,0.0,,,NAM.1_1,RLM6,SP30,REF1
,,,1.0,0.0,,,NER.1_1,RLM6,SP30,REF1
,,,1.0,0.0,,,NGA.1_1,RLM6,SP30,REF1
,1.0,,1.0,0.0,,2015.0,RWA.1_1,RLM6,SP30,REF1
,,,1.0,0.0,,,,RLM6,SP30,REF1
,1.0,,1.0,0.0,,2013.0,SEN.1_1,RLM6,SP30,REF1
,1.0,,1.0,0.0,,,SYC.1_1,RLM3,SP30,REF1
,,,1.0,0.0,,2016.0,ZAF.1_1,RLM6,SP30,REF1
,1.0,,1.0,0.0,,2010.0,SDN.1_1,RLM6,SP30,REF1
,1.0,,1.0,0.0,,2014.0,TZA.1_1,RLM6,SP30,REF1
,1.0,,1.0,0.0,,2018.0,TGO.1_1,RLM6,SP30,REF1
,1.0,,1.0,0.0,,2008.0,TUN.1_1,RLM10,SP30,REF1
,,,1.0,0.0,,,UGA.1_1,RLM6,SP30,REF1
,,,1.0,0.0,,,ZMB.1_1,RLM6,SP30,REF1
,,,1.0,0.0,,,ZWE.1_1,RLM6,SP30,REF1
,1.0,,1.0,0.0,,,AFG.1_1,RLM10,SP30,REF1
,,,1.0,0.0,,,ARM.1_1,RLM7,SP30,REF1
,,,1.0,0.0,,,AZE.1_1,RLM7,SP30,REF1
,,,1.0,0.0,,,BHR.1_1,RLM10,SP30,REF1
,1.0,,1.0,0.0,,2016.0,BGD.1_1,RLM4,SP30,REF1
,1.0,,1.0,0.0,,2017.0,CHN.1_1,RLM7,SP30,REF1
,1.0,,1.0,0.0,,2017.0,CHN.2_1,RLM7,SP30,REF1
,1.0,,1.0,0.0,,2017.0,CHN.3_1,RLM7,SP30,REF1
,,,1.0,0.0,,,GEO.1_1,RLM7,SP30,REF1
,1.0,,1.0,0.0,,2010.0,IRN.1_1,RLM10,SP30,REF1
,,,1.0,0.0,,,IRQ.1_1,RLM10,SP30,REF1
,1.0,,1.0,0.0,,2009.0,ISR.1_1,RLM10,SP30,REF1
,,,1.0,0.0,,,JPN.1_1,RLM5,SP30,REF1
,1.0,,1.0,0.0,,2009.0,JOR.1_1,RLM10,SP30,REF1
,,,1.0,0.0,,,KAZ.1_1,RLM7,SP30,REF1
,,,1.0,0.0,,,KWT.1_1,RLM10,SP30,REF1
,,,1.0,0.0,,,KGZ.1_1,RLM7,SP30,REF1
,,,1.0,0.0,,,LBN.1_1,RLM10,SP30,REF1
,,,1.0,0.0,,,MMR.1_1,RLM4,SP30,REF1
,,,1.0,0.0,,,NPL.1_1,RLM5,SP30,REF1
,1.0,,1.0,0.0,,2020.0,PAK.1_1,RLM4,SP30,REF1
,1.0,,1.0,0.0,,2011.0,QAT.1_1,RLM10,SP30,REF1
,,,1.0,0.0,,,SAU.1_1,RLM10,SP30,REF1
,1.0,,1.0,0.0,,2010.0,SYR.1_1,RLM10,SP30,REF1
,,,1.0,0.0,,,TJK.1_1,RLM7,SP30,REF1
,1.0,,1.0,0.0,,2009.0,TUR.1_1,RLM7,SP30,REF1
,1.0,,1.0,0.0,,2015.0,TKM.1_1,RLM7,SP30,REF1
,1.0,,1.0,0.0,,2012.0,ARE.1_1,RLM10,SP30,REF1
,1.0,,1.0,0.0,,2016.0,UZB.1_1,RLM7,SP30,REF1
,1.0,,1.0,0.0,,2013.0,YEM.1_1,RLM10,SP30,REF1
,1.0,,1.0,0.0,,2009.0,ALB.1_1,RLM7,SP30,REF1
,,,1.0,0.0,,,AUT.1_1,RLM7,SP30,REF1
,,,1.0,0.0,,,BLR.1_1,RLM7,SP30,REF1
,1.0,,1.0,0.0,,2009.0,BEL.1_1,RLM7,SP30,REF1
,,,1.0,0.0,,,BIH.1_1,RLM7,SP30,REF1
,1.0,,1.0,0.0,,2009.0,BGR.1_1,RLM7,SP30,REF1
,1.0,,1.0,0.0,,2010.0,HRV.1_1,RLM7,SP30,REF1
,1.0,,1.0,0.0,,2009.0,CYP.1_1,RLM10,SP30,REF1
,,,1.0,0.0,,,CZE.1_1,RLM7,SP30,REF1
,,,1.0,0.0,,,DNK.1_1,RLM7,SP30,REF1
,1.0,,1.0,0.0,,2009.0,FRA.1_1,RLM7,SP30,REF1
,,,1.0,0.0,,,DEU.1_1,RLM7,SP30,REF1
,1.0,,1.0,0.0,,2009.0,GRC.1_1,RLM7,SP30,REF1
,1.0,,1.0,0.0,,2009.0,GRC.2_1,RLM7,SP30,REF1
,,,1.0,0.0,,,HUN.1_1,RLM7,SP30,REF1
,1.0,,1.0,0.0,,2008.0,ITA.1_1,RLM7,SP30,REF1
,1.0,,1.0,0.0,,2009.0,LTU.1_1,RLM7,SP30,REF1
,,,1.0,0.0,,,MLT.1_1,RLM10,SP30,REF1
,,,1.0,0.0,,,MDA.1_1,RLM7,SP30,REF1
,1.0,,1.0,0.0,,2010.0,MNE.1_1,RLM7,SP30,REF1
,1.0,,1.0,0.0,,2009.0,NLD.1_1,RLM7,SP30,REF1
,,,1.0,0.0,,,MKD.1_1,RLM7,SP30,REF1
,,,1.0,0.0,,,NOR.1_1,RLM7,SP30,REF1
,,,1.0,0.0,,,POL.1_1,RLM7,SP30,REF1
,,,1.0,0.0,,,PRT.1_1,RLM7,SP30,REF1
,,,1.0,0.0,,,PRT.2_1,RLM7,SP30,REF1
,,,1.0,0.0,,,PRT.3_1,RLM7,SP30,REF1
,1.0,,1.0,0.0,,2009.0,ROU.1_1,RLM7,SP30,REF1
,1.0,,1.0,0.0,,2011.0,SRB.1_1,RLM7,SP30,REF1
,,,1.0,0.0,,,SVK.1_1,RLM7,SP30,REF1
,1.0,,1.0,0.0,,,SVN.1_1,RLM7,SP30,REF1
,1.0,,1.0,0.0,,2006.0,ESP.1_1,RLM7,SP30,REF1
,1.0,,1.0,0.0,,2006.0,ESP.1_2,RLM7,SP30,REF1
,1.0,,1.0,0.0,,2006.0,ESP.2_1,RLM7,SP30,REF1
,1.0,,1.0,0.0,,2006.0,ESP.3_1,RLM7,SP30,REF1
,,,1.0,0.0,,,CHE.1_1,RLM7,SP30,REF1
,,,1.0,0.0,,,UKR.1_1,RLM7,SP30,REF1
,1.0,,1.0,0.0,,2009.0,GBR.1_1,RLM7,SP30,REF1
,1.0,,1.0,0.0,,2014.0,CRI.1_1,RLM9,SP30,REF1
,1.0,,1.0,0.0,,2018.0,HTI.1_1,RLM9,SP30,REF1
,,,1.0,0.0,,,PAN.1_1,RLM9,SP30,REF1
,,,1.0,0.0,,,TTO.1_1,RLM1,SP30,REF1
,1.0,,1.0,0.0,,1964.0,ARG.1_1,RLM1,SP30,REF1
,1.0,,1.0,0.0,,1964.0,ARG.2_1,RLM1,SP30,REF1
,1.0,,1.0,0.0,,1983.0,BOL.1_1,RLM1,SP30,REF1
,1.0,,1.0,0.0,,1979.0,BRA.1_1,RLM1,SP30,REF1
,,,1.0,0.0,,,CHL.1_1,RLM1,SP30,REF1
,1.0,,1.0,0.0,,1989.0,COL.1_1,RLM1,SP30,REF1
,1.0,,1.0,0.0,,1989.0,ECU.1_1,RLM1,SP30,REF1
,1.0,,1.0,0.0,,1989.0,ECU.2_1,RLM1,SP30,REF1
,1.0,,1.0,0.0,,1994.0,PRY.1_1,RLM1,SP30,REF1
,,,1.0,0.0,,,PER.1_1,RLM1,SP30,REF1
,1.0,,1.0,0.0,,1995.0,URY.1_1,RLM1,SP30,REF1
,1.0,,1.0,0.0,,1964.0,VEN.1_1,RLM1,SP30,REF1
,1.0,,1.0,0.0,,1964.0,VEN.2_1,RLM1,SP30,REF1
,,,1.0,0.0,,,DZA.1_1,RLM10,SP75,REF1
,,,1.0,0.0,,,LBY.1_1,RLM10,SP75,REF1
,,,1.0,0.0,,,MAR.1_1,RLM10,SP75,REF1
,,,1.0,0.0,,,TUN.1_1,RLM10,SP75,REF1
,,,1.0,0.0,,,LBN.1_1,RLM10,SP75,REF1
,,,1.0,0.0,,,BIH.1_1,RLM7,SP75,REF1
,,,1.0,0.0,,,BGR.1_1,RLM7,SP75,REF1
,,,1.0,0.0,,,HRV.1_1,RLM7,SP75,REF1
,,,1.0,0.0,,,CYP.1_1,RLM10,SP75,REF1
,,,1.0,0.0,,,FRA.1_1,RLM7,SP75,REF1
,,,1.0,0.0,,,DEU.1_1,RLM7,SP75,REF1
,,,1.0,0.0,,,HUN.1_1,RLM7,SP75,REF1
,,,1.0,0.0,,,MNE.1_1,RLM7,SP75,REF1
,,,1.0,0.0,,,NLD.1_1,RLM7,SP75,REF1
,,,1.0,0.0,,,MKD.1_1,RLM7,SP75,REF1
,,,1.0,0.0,,,SRB.1_1,RLM7,SP75,REF1
,,,1.0,0.0,,,CAN.1_1,RLM2,SP75,REF1
,,,1.0,0.0,,,USA.1_1,RLM2,SP75,REF1
,,,1.0,0.0,,,USA.1_2,RLM2,SP75,REF1
,,,1.0,0.0,,,USA.2_1,RLM2,SP75,REF1
,,,1.0,0.0,,,DZA.1_1,RLM10,SP5,REF1
,,,1.0,0.0,,,BDI.1_1,RLM6,SP5,REF1
,,,1.0,0.0,,,CPV.1_1,RLM6,SP5,REF1
,,,1.0,0.0,,,COD.1_1,RLM6,SP5,REF1
,,,1.0,0.0,,,COG.1_1,RLM6,SP5,REF1
,,,1.0,0.0,,,EGY.1_1,RLM10,SP5,REF1
,,,1.0,0.0,,,ERI.1_1,RLM6,SP5,REF1
,,,1.0,0.0,,,ETH.1_1,RLM6,SP5,REF1
,,,1.0,0.0,,,KEN.1_1,RLM6,SP5,REF1
,,,1.0,0.0,,,LBY.1_1,RLM10,SP5,REF1
,,,1.0,0.0,,,MDG.1_1,RLM11,SP5,REF1
,,,1.0,0.0,,,MWI.1_1,RLM6,SP5,REF1
,,,1.0,0.0,,,MUS.1_1,RLM3,SP5,REF1
,,,1.0,0.0,,,MAR.1_1,RLM10,SP5,REF1
,,,1.0,0.0,,,FRA.3_1,RLM11,SP5,REF1
,,,1.0,0.0,,,RWA.1_1,RLM6,SP5,REF1
,,,1.0,0.0,,,GBR.3_1,RLM6,SP5,REF1
,,,1.0,0.0,,,SEN.1_1,RLM6,SP5,REF1
,,,1.0,0.0,,,SYC.1_1,RLM3,SP5,REF1
,1.0,,1.0,0.0,,1900.0,ZAF.1_1,RLM6,SP5,REF1
,,,1.0,0.0,,,SDN.1_1,RLM6,SP5,REF1
,,,1.0,0.0,,,TZA.1_1,RLM6,SP5,REF1
,,,1.0,0.0,,,TUN.1_1,RLM10,SP5,REF1
,,,1.0,0.0,,,ZMB.1_1,RLM6,SP5,REF1
,,,1.0,0.0,,,ZWE.1_1,RLM6,SP5,REF1
,,,1.0,0.0,,,BGD.1_1,RLM4,SP5,REF1
,1.0,,1.0,0.0,,1937.0,CHN.1_1,RLM7,SP5,REF1
,1.0,,1.0,0.0,,1937.0,CHN.2_1,RLM7,SP5,REF1
,1.0,,1.0,0.0,,1937.0,CHN.3_1,RLM7,SP5,REF1
,,,1.0,0.0,,1938.0,GEO.1_1,RLM7,SP5,REF1
,,,1.0,0.0,,,IRN.1_1,RLM10,SP5,REF1
,,,1.0,0.0,,,IRQ.1_1,RLM10,SP5,REF1
,,,1.0,0.0,,,ISR.1_1,RLM10,SP5,REF1
,,,1.0,0.0,,,JOR.1_1,RLM10,SP5,REF1
,,,1.0,0.0,,,LBN.1_1,RLM10,SP5,REF1
,,,1.0,0.0,,,MMR.1_1,RLM4,SP5,REF1
,,,1.0,0.0,,,NPL.1_1,RLM5,SP5,REF1
,,,1.0,0.0,,,OMN.1_1,RLM10,SP5,REF1
,,,1.0,0.0,,,PAK.1_1,RLM4,SP5,REF1
,,,1.0,0.0,,,PHL.1_1,RLM4,SP5,REF1
,,,1.0,0.0,,,SAU.1_1,RLM10,SP5,REF1
,,,1.0,0.0,,,KOR.1_1,RLM7,SP5,REF1
,,,1.0,0.0,,,KOR.2_1,RLM7,SP5,REF1
,,,1.0,0.0,,,LKA.1_1,RLM4,SP5,REF1
,,,1.0,0.0,,,SYR.1_1,RLM10,SP5,REF1
,,,1.0,0.0,,,THA.1_1,RLM4,SP5,REF1
,,,1.0,0.0,,,TUR.1_1,RLM7,SP5,REF1
,,,1.0,0.0,,,UZB.1_1,RLM7,SP5,REF1
,,,1.0,0.0,,,VNM.1_1,RLM4,SP5,REF1
,,,1.0,0.0,,,YEM.1_1,RLM10,SP5,REF1
,,,1.0,0.0,,,ALB.1_1,RLM7,SP5,REF1
,,,1.0,0.0,,,AUT.1_1,RLM7,SP5,REF1
,,,1.0,0.0,,,BEL.1_1,RLM7,SP5,REF1
,,,1.0,0.0,,,BGR.1_1,RLM7,SP5,REF1
,,,1.0,0.0,,,HRV.1_1,RLM7,SP5,REF1
,,,1.0,0.0,,,CYP.1_1,RLM10,SP5,REF1
,,,1.0,0.0,,,CZE.1_1,RLM7,SP5,REF1
,,,1.0,0.0,,,DNK.1_1,RLM7,SP5,REF1
,,,1.0,0.0,,,FIN.1_1,RLM7,SP5,REF1
,,,1.0,0.0,,,FRA.1_1,RLM7,SP5,REF1
,,,1.0,0.0,,,DEU.1_1,RLM7,SP5,REF1
,,,1.0,0.0,,,GBR.1_2,RLM7,SP5,REF1
,,,1.0,0.0,,,GRC.1_1,RLM7,SP5,REF1
,,,1.0,0.0,,,GRC.2_1,RLM7,SP5,REF1
,,,1.0,0.0,,,HUN.1_1,RLM7,SP5,REF1
,,,1.0,0.0,,,ITA.1_1,RLM7,SP5,REF1
,,,1.0,0.0,,,MLT.1_1,RLM10,SP5,REF1
,,,1.0,0.0,,,MDA.1_1,RLM7,SP5,REF1
,,,1.0,0.0,,,NLD.1_1,RLM7,SP5,REF1
,,,1.0,0.0,,,MKD.1_1,RLM7,SP5,REF1
,,,1.0,0.0,,,PRT.1_1,RLM7,SP5,REF1
,,,1.0,0.0,,,PRT.2_1,RLM7,SP5,REF1
,,,1.0,0.0,,,PRT.3_1,RLM7,SP5,REF1
,,,1.0,0.0,,,ROU.1_1,RLM7,SP5,REF1
,,,1.0,0.0,,,SRB.1_1,RLM7,SP5,REF1
,,,1.0,0.0,,,SVK.1_1,RLM7,SP5,REF1
,1.0,,1.0,0.0,,1950.0,SVN.1_1,RLM7,SP5,REF1
,,,1.0,0.0,,,ESP.1_1,RLM7,SP5,REF1
,,,1.0,0.0,,,ESP.1_2,RLM7,SP5,REF1
,,,1.0,0.0,,,ESP.2_1,RLM7,SP5,REF1
,,,1.0,0.0,,,ESP.3_1,RLM7,SP5,REF1
,,,1.0,0.0,,,SWE.1_1,RLM7,SP5,REF1
,,,1.0,0.0,,,CHE.1_1,RLM7,SP5,REF1
,,,1.0,0.0,,,UKR.1_1,RLM7,SP5,REF1
,,,1.0,0.0,,,ATG.1_1,RLM9,SP5,REF1
,,,1.0,0.0,,,GBR.6_1,RLM2,SP5,REF1
,,,1.0,0.0,,,CRI.1_1,RLM9,SP5,REF1
,,,1.0,0.0,,,CUB.1_1,RLM9,SP5,REF1
,,,1.0,0.0,,,DOM.1_1,RLM9,SP5,REF1
,,,1.0,0.0,,,HTI.1_1,RLM9,SP5,REF1
,,,1.0,0.0,,,HND.1_1,RLM9,SP5,REF1
,,,1.0,0.0,,,HND.2_1,RLM9,SP5,REF1
,,,1.0,0.0,,,JAM.1_1,RLM9,SP5,REF1
,,,1.0,0.0,,,MEX.1_1,RLM2,SP5,REF1
,,,1.0,0.0,,,USA.3_1,RLM9,SP5,REF1
,,,1.0,0.0,,,VCT.1_1,RLM1,SP5,REF1
,,,1.0,0.0,,,FRA.6_1,RLM3,SP5,REF1
,,,1.0,0.0,,,GUM.1_1,RLM3,SP5,REF1
,,,1.0,0.0,,,FRA.7_1,RLM3,SP5,REF1
,,,1.0,0.0,,,NZL.1_1,RLM8,SP5,REF1
,,,1.0,0.0,,,AUS.3_1,RLM8,SP5,REF1
,,,1.0,0.0,,,PNG.1_1,RLM3,SP5,REF1
,,,1.0,0.0,,,ARG.1_1,RLM1,SP5,REF1
,,,1.0,0.0,,,ARG.2_1,RLM1,SP5,REF1
,,,1.0,0.0,,,BOL.1_1,RLM1,SP5,REF1
,,,1.0,0.0,,,CHL.1_1,RLM1,SP5,REF1
,,,1.0,0.0,,,COL.1_1,RLM1,SP5,REF1
,,,1.0,0.0,,,ECU.1_1,RLM1,SP5,REF1
,,,1.0,0.0,,,ECU.2_1,RLM1,SP5,REF1
,,,1.0,0.0,,,PRY.1_1,RLM1,SP5,REF1
,,,1.0,0.0,,,PER.1_1,RLM1,SP5,REF1
,,,1.0,0.0,,,URY.1_1,RLM1,SP5,REF1
,,,1.0,0.0,,,VEN.1_1,RLM1,SP5,REF1
,,,1.0,0.0,,,VEN.2_1,RLM1,SP5,REF1
,,,1.0,0.0,,,ISR.1_1,RLM10,SP50,REF1
,,,1.0,0.0,,,BIH.1_1,RLM7,SP50,REF1
,,,1.0,0.0,,,HUN.1_1,RLM7,SP50,REF1
,,,1.0,0.0,,,IRL.1_1,RLM7,SP50,REF1
,,,1.0,0.0,,,ITA.1_1,RLM7,SP50,REF1
,,,1.0,0.0,,,LTU.1_1,RLM7,SP50,REF1
,,,1.0,0.0,,,NOR.1_1,RLM7,SP50,REF1
,,,1.0,0.0,,,POL.1_1,RLM7,SP50,REF1
,,,1.0,0.0,,,PRT.1_1,RLM7,SP50,REF1
,,,1.0,0.0,,,PRT.2_1,RLM7,SP50,REF1
,,,1.0,0.0,,,PRT.3_1,RLM7,SP50,REF1
,,,1.0,0.0,,,SRB.1_1,RLM7,SP50,REF1
,,,1.0,0.0,,,ESP.1_1,RLM7,SP50,REF1
,,,1.0,0.0,,,ESP.1_2,RLM7,SP50,REF1
,,,1.0,0.0,,,ESP.2_1,RLM7,SP50,REF1
,,,1.0,0.0,,,ESP.3_1,RLM7,SP50,REF1
,,,1.0,0.0,,,CHE.1_1,RLM7,SP50,REF1
,,,1.0,0.0,,,UKR.1_1,RLM7,SP50,REF1
,,,1.0,0.0,,,,RLM7,SP72,REF1
,,,1.0,0.0,,,MUS.1_1,RLM3,SP26,REF1
,,,1.0,0.0,,,ZAF.1_1,RLM6,SP26,REF1
,,,1.0,0.0,,,BRN.1_1,RLM4,SP26,REF1
,,,1.0,0.0,,,KHM.1_1,RLM4,SP26,REF1
,,,1.0,0.0,,,,RLM5,SP26,REF1
,,,1.0,0.0,,,JPN.1_1,RLM5,SP26,REF1
,,,1.0,0.0,,,LAO.1_1,RLM4,SP26,REF1
,,,1.0,0.0,,,MMR.1_1,RLM4,SP26,REF1
,,,1.0,0.0,,,PHL.1_1,RLM4,SP26,REF1
,,,1.0,0.0,,,SGP.1_1,RLM4,SP26,REF1
,,,1.0,0.0,,,THA.1_1,RLM4,SP26,REF1
,,,1.0,0.0,,,VNM.1_1,RLM4,SP26,REF1
,,,1.0,0.0,,,USA.1_1,RLM2,SP26,REF1
,,,1.0,0.0,,,USA.1_2,RLM2,SP26,REF1
,,,1.0,0.0,,,USA.2_1,RLM2,SP26,REF1
,,,1.0,0.0,,,GUM.1_1,RLM3,SP26,REF1
,,,1.0,0.0,,,USA.4_1,RLM3,SP26,REF1
,,,1.0,0.0,,,USA.6_1,RLM3,SP26,REF1
,,,1.0,0.0,,,PNG.1_1,RLM3,SP26,REF1
,,,1.0,0.0,,,DZA.1_1,RLM10,SP6,REF1
,,,1.0,0.0,,,EGY.1_1,RLM10,SP6,REF1
,,,1.0,0.0,,,LBY.1_1,RLM10,SP6,REF1
,,,1.0,0.0,,,MAR.1_1,RLM10,SP6,REF1
,,,1.0,0.0,,,AFG.1_1,RLM10,SP6,REF1
,,,1.0,0.0,,,AZE.1_1,RLM7,SP6,REF1
,,,1.0,0.0,,,GEO.1_1,RLM7,SP6,REF1
,,,1.0,0.0,,,,RLM5,SP6,REF1
,,,1.0,0.0,,,IRN.1_1,RLM10,SP6,REF1
,,,1.0,0.0,,,IRQ.1_1,RLM10,SP6,REF1
,,,1.0,0.0,,,ISR.1_1,RLM10,SP6,REF1
,,,1.0,0.0,,,JPN.1_1,RLM5,SP6,REF1
,,,1.0,0.0,,,JOR.1_1,RLM10,SP6,REF1
,,,1.0,0.0,,,KGZ.1_1,RLM7,SP6,REF1
,,,1.0,0.0,,,LBN.1_1,RLM10,SP6,REF1
,,,1.0,0.0,,,MNG.1_1,RLM7,SP6,REF1
,,,1.0,0.0,,,MMR.1_1,RLM4,SP6,REF1
,,,1.0,0.0,,,PRK.1_1,RLM7,SP6,REF1
,,,1.0,0.0,,,PAK.1_1,RLM4,SP6,REF1
,,,1.0,0.0,,,PHL.1_1,RLM4,SP6,REF1
,,,1.0,0.0,,,SGP.1_1,RLM4,SP6,REF1
,,,1.0,0.0,,,KOR.1_1,RLM7,SP6,REF1
,,,1.0,0.0,,,KOR.2_1,RLM7,SP6,REF1
,,,1.0,0.0,,,SYR.1_1,RLM10,SP6,REF1
,,,1.0,0.0,,,TWN.1_1,RLM4,SP6,REF1
,,,1.0,0.0,,,TUR.1_1,RLM7,SP6,REF1
,,,1.0,0.0,,,VNM.1_1,RLM4,SP6,REF1
,,,1.0,0.0,,,AUT.1_1,RLM7,SP6,REF1
,,,1.0,0.0,,,BLR.1_1,RLM7,SP6,REF1
,,,1.0,0.0,,,BEL.1_1,RLM7,SP6,REF1
,,,1.0,0.0,,,BGR.1_1,RLM7,SP6,REF1
,,,1.0,0.0,,,CYP.1_1,RLM10,SP6,REF1
,,,1.0,0.0,,,CZE.1_1,RLM7,SP6,REF1
,,,1.0,0.0,,,DNK.1_1,RLM7,SP6,REF1
,,,1.0,0.0,,,EST.1_1,RLM7,SP6,REF1
,,,1.0,0.0,,,FIN.1_1,RLM7,SP6,REF1
,,,1.0,0.0,,,FRA.1_1,RLM7,SP6,REF1
,,,1.0,0.0,,,DEU.1_1,RLM7,SP6,REF1
,,,1.0,0.0,,,GRC.1_1,RLM7,SP6,REF1
,,,1.0,0.0,,,GRC.2_1,RLM7,SP6,REF1
,,,1.0,0.0,,,IRL.1_1,RLM7,SP6,REF1
,,,1.0,0.0,,,ITA.1_1,RLM7,SP6,REF1
,,,1.0,0.0,,,LVA.1_1,RLM7,SP6,REF1
,,,1.0,0.0,,,LTU.1_1,RLM7,SP6,REF1
,,,1.0,0.0,,,MLT.1_1,RLM10,SP6,REF1
,,,1.0,0.0,,,MNE.1_1,RLM7,SP6,REF1
,,,1.0,0.0,,,NLD.1_1,RLM7,SP6,REF1
,,,1.0,0.0,,,MKD.1_1,RLM7,SP6,REF1
,,,1.0,0.0,,,NOR.1_1,RLM7,SP6,REF1
,,,1.0,0.0,,,POL.1_1,RLM7,SP6,REF1
,,,1.0,0.0,,,PRT.1_1,RLM7,SP6,REF1
,,,1.0,0.0,,,PRT.2_1,RLM7,SP6,REF1
,,,1.0,0.0,,,PRT.3_1,RLM7,SP6,REF1
,,,1.0,0.0,,,ROU.1_1,RLM7,SP6,REF1
,,,1.0,0.0,,,,RLM7,SP6,REF1
,,,1.0,0.0,,,ESP.1_1,RLM7,SP6,REF1
,,,1.0,0.0,,,ESP.1_2,RLM7,SP6,REF1
,,,1.0,0.0,,,ESP.2_1,RLM7,SP6,REF1
,,,1.0,0.0,,,ESP.3_1,RLM7,SP6,REF1
,,,1.0,0.0,,,SWE.1_1,RLM7,SP6,REF1
,,,1.0,0.0,,,CHE.1_1,RLM7,SP6,REF1
,,,1.0,0.0,,,UKR.1_1,RLM7,SP6,REF1
,,,1.0,0.0,,,GBR.6_1,RLM2,SP6,REF1
,,,1.0,0.0,,1860.0,CAN.1_1,RLM2,SP6,REF1
,,,1.0,0.0,,,MEX.1_1,RLM2,SP6,REF1
,,,1.0,0.0,,1860.0,USA.1_1,RLM2,SP6,REF1
,,,1.0,0.0,,1860.0,USA.1_2,RLM2,SP6,REF1
,,,1.0,0.0,,1860.0,USA.2_1,RLM2,SP6,REF1
,1.0,,1.0,0.0,,1930.0,NZL.1_1,RLM8,SP6,REF1
,,,1.0,0.0,,,DZA.1_1,RLM10,SP17,REF1
,,,1.0,0.0,,,AGO.1_1,RLM6,SP17,REF1
,,,1.0,0.0,,,BEN.1_1,RLM6,SP17,REF1
,,,1.0,0.0,,,BFA.1_1,RLM6,SP17,REF1
,,,1.0,0.0,,,BDI.1_1,RLM6,SP17,REF1
,,,1.0,0.0,,,CMR.1_1,RLM6,SP17,REF1
,,,1.0,0.0,,,CAF.1_1,RLM6,SP17,REF1
,,,1.0,0.0,,,TCD.1_1,RLM6,SP17,REF1
,,,1.0,0.0,,,COD.1_1,RLM6,SP17,REF1
,,,1.0,0.0,,,,RLM6,SP17,REF1
,,,1.0,0.0,,,EGY.1_1,RLM10,SP17,REF1
,,,1.0,0.0,,,ETH.1_1,RLM6,SP17,REF1
,,,1.0,0.0,,,GHA.1_1,RLM6,SP17,REF1
,,,1.0,0.0,,,KEN.1_1,RLM6,SP17,REF1
,,,1.0,0.0,,,LBY.1_1,RLM10,SP17,REF1
,,,1.0,0.0,,,MDG.1_1,RLM11,SP17,REF1
,,,1.0,0.0,,,MWI.1_1,RLM6,SP17,REF1
,,,1.0,0.0,,,MLI.1_1,RLM6,SP17,REF1
,,,1.0,0.0,,,MUS.1_1,RLM3,SP17,REF1
,,,1.0,0.0,,,MAR.1_1,RLM10,SP17,REF1
,,,1.0,0.0,,,MOZ.1_1,RLM6,SP17,REF1
,,,1.0,0.0,,,NER.1_1,RLM6,SP17,REF1
,,,1.0,0.0,,,NGA.1_1,RLM6,SP17,REF1
,,,1.0,0.0,,,RWA.1_1,RLM6,SP17,REF1
,,,1.0,0.0,,,SEN.1_1,RLM6,SP17,REF1
,,,1.0,0.0,,,SYC.1_1,RLM3,SP17,REF1
,,,1.0,0.0,,,SLE.1_1,RLM6,SP17,REF1
,,,1.0,0.0,,,SOM.1_1,RLM6,SP17,REF1
,,,1.0,0.0,,,SDN.1_1,RLM6,SP17,REF1
,,,1.0,0.0,,,TZA.1_1,RLM6,SP17,REF1
,,,1.0,0.0,,,TGO.1_1,RLM6,SP17,REF1
,,,1.0,0.0,,,TUN.1_1,RLM10,SP17,REF1
,,,1.0,0.0,,,UGA.1_1,RLM6,SP17,REF1
,,,1.0,0.0,,,ZWE.1_1,RLM6,SP17,REF1
,,,1.0,0.0,,,AFG.1_1,RLM10,SP17,REF1
,,,1.0,0.0,,,BGD.1_1,RLM4,SP17,REF1
,,,1.0,0.0,,,KHM.1_1,RLM4,SP17,REF1
,,,1.0,0.0,,,CHN.1_1,RLM7,SP17,REF1
,,,1.0,0.0,,,CHN.2_1,RLM7,SP17,REF1
,,,1.0,0.0,,,CHN.3_1,RLM7,SP17,REF1
,,,1.0,0.0,,,,RLM5,SP17,REF1
,,,1.0,0.0,,,IRN.1_1,RLM10,SP17,REF1
,,,1.0,0.0,,,IRQ.1_1,RLM10,SP17,REF1
,,,1.0,0.0,,,ISR.1_1,RLM10,SP17,REF1
,,,1.0,0.0,,,JPN.1_1,RLM5,SP17,REF1
,,,1.0,0.0,,,JOR.1_1,RLM10,SP17,REF1
,,,1.0,0.0,,,LAO.1_1,RLM4,SP17,REF1
,,,1.0,0.0,,,MYS.1_1,RLM4,SP17,REF1
,,,1.0,0.0,,,MMR.1_1,RLM4,SP17,REF1
,,,1.0,0.0,,,PRK.1_1,RLM7,SP17,REF1
,,,1.0,0.0,,,PAK.1_1,RLM4,SP17,REF1
,,,1.0,0.0,,,PHL.1_1,RLM4,SP17,REF1
,,,1.0,0.0,,,SAU.1_1,RLM10,SP17,REF1
,,,1.0,0.0,,,KOR.1_1,RLM7,SP17,REF1
,,,1.0,0.0,,,KOR.2_1,RLM7,SP17,REF1
,,,1.0,0.0,,,LKA.1_1,RLM4,SP17,REF1
,,,1.0,0.0,,,SYR.1_1,RLM10,SP17,REF1
,,,1.0,0.0,,,TWN.1_1,RLM4,SP17,REF1
,,,1.0,0.0,,,THA.1_1,RLM4,SP17,REF1
,,,1.0,0.0,,,TUR.1_1,RLM7,SP17,REF1
,,,1.0,0.0,,,UZB.1_1,RLM7,SP17,REF1
,,,1.0,0.0,,,VNM.1_1,RLM4,SP17,REF1
,,,1.0,0.0,,,YEM.1_1,RLM10,SP17,REF1
,,,1.0,0.0,,,ALB.1_1,RLM7,SP17,REF1
,,,1.0,0.0,,,BGR.1_1,RLM7,SP17,REF1
,,,1.0,0.0,,,CYP.1_1,RLM10,SP17,REF1
,1.0,,1.0,0.0,,,DNK.1_1,RLM7,SP17,REF1
,,,1.0,0.0,,,GRC.1_1,RLM7,SP17,REF1
,,,1.0,0.0,,,GRC.2_1,RLM7,SP17,REF1
,1.0,,1.0,0.0,,1935.0,ITA.1_1,RLM7,SP17,REF1
,,,1.0,0.0,,,MLT.1_1,RLM10,SP17,REF1
,,,1.0,0.0,,,MNE.1_1,RLM7,SP17,REF1
,,,1.0,0.0,,,MKD.1_1,RLM7,SP17,REF1
,,,1.0,0.0,,,ROU.1_1,RLM7,SP17,REF1
,,,1.0,0.0,,,,RLM7,SP17,REF1
,,,1.0,0.0,,,ESP.1_1,RLM7,SP17,REF1
,,,1.0,0.0,,,ESP.1_2,RLM7,SP17,REF1
,,,1.0,0.0,,,ESP.2_1,RLM7,SP17,REF1
,,,1.0,0.0,,,ESP.3_1,RLM7,SP17,REF1
,,,1.0,0.0,,,ATG.1_1,RLM9,SP17,REF1
,,,1.0,0.0,,,BHS.1_1,RLM9,SP17,REF1
,,,1.0,0.0,,,BRB.1_1,RLM9,SP17,REF1
,,,1.0,0.0,,,GBR.6_1,RLM9,SP17,REF1
,,,1.0,0.0,,,CUB.1_1,RLM9,SP17,REF1
,,,1.0,0.0,,,DMA.1_1,RLM9,SP17,REF1
,,,1.0,0.0,,,DOM.1_1,RLM9,SP17,REF1
,,,1.0,0.0,,,GRD.1_1,RLM1,SP17,REF1
,,,1.0,0.0,,,FRA.5_1,RLM9,SP17,REF1
,,,1.0,0.0,,,HTI.1_1,RLM9,SP17,REF1
,,,1.0,0.0,,,JAM.1_1,RLM9,SP17,REF1
,,,1.0,0.0,,,MEX.1_1,RLM2,SP17,REF1
,,,1.0,0.0,,,NIC.1_1,RLM9,SP17,REF1
,,,1.0,0.0,,,USA.3_1,RLM9,SP17,REF1
,,,1.0,0.0,,,KNA.1_1,RLM9,SP17,REF1
,,,1.0,0.0,,,LCA.1_1,RLM1,SP17,REF1
,,,1.0,0.0,,,VCT.1_1,RLM1,SP17,REF1
,,,1.0,0.0,,,TTO.1_1,RLM1,SP17,REF1
,,,1.0,0.0,,,FRA.6_1,RLM3,SP17,REF1
,,,1.0,0.0,,,FRA.7_1,RLM3,SP17,REF1
,,,1.0,0.0,,,USA.4_1,RLM3,SP17,REF1
,,,1.0,0.0,,,USA.6_1,RLM3,SP17,REF1
,,,1.0,0.0,,,PNG.1_1,RLM3,SP17,REF1
,,,1.0,0.0,,,WSM.1_1,RLM3,SP17,REF1
,,,1.0,0.0,,,VUT.1_1,RLM3,SP17,REF1
,,,1.0,0.0,,,ARG.1_1,RLM1,SP17,REF1
,,,1.0,0.0,,,ARG.2_1,RLM1,SP17,REF1
,,,1.0,0.0,,,BOL.1_1,RLM1,SP17,REF1
,,,1.0,0.0,,,COL.1_1,RLM1,SP17,REF1
,,,1.0,0.0,,,GUY.1_1,RLM1,SP17,REF1
,,,1.0,0.0,,,PRY.1_1,RLM1,SP17,REF1
,1.0,,1.0,0.0,,1983.0,PER.1_1,RLM1,SP17,REF1
,,,1.0,0.0,,,URY.1_1,RLM1,SP17,REF1
,,,1.0,0.0,,,VEN.1_1,RLM1,SP17,REF1
,,,1.0,0.0,,,VEN.2_1,RLM1,SP17,REF1
,,,1.0,0.0,,,DZA.1_1,RLM10,SP27,REF1
,,,1.0,0.0,,,BEN.1_1,RLM6,SP27,REF1
,,,1.0,0.0,,,BWA.1_1,RLM6,SP27,REF1
,,,1.0,0.0,,,EGY.1_1,RLM10,SP27,REF1
,,,1.0,0.0,,,ERI.1_1,RLM6,SP27,REF1
,,,1.0,0.0,,,SWZ.1_1,RLM6,SP27,REF1
,,,1.0,0.0,,,ETH.1_1,RLM6,SP27,REF1
,,,1.0,0.0,,,GMB.1_1,RLM6,SP27,REF1
,,,1.0,0.0,,,GHA.1_1,RLM6,SP27,REF1
,,,1.0,0.0,,,KEN.1_1,RLM6,SP27,REF1
,,,1.0,0.0,,,LBY.1_1,RLM10,SP27,REF1
,,,1.0,0.0,,,MWI.1_1,RLM6,SP27,REF1
,,,1.0,0.0,,,MOZ.1_1,RLM6,SP27,REF1
,,,1.0,0.0,,,NAM.1_1,RLM6,SP27,REF1
,,,1.0,0.0,,,NGA.1_1,RLM6,SP27,REF1
,,,1.0,0.0,,,SEN.1_1,RLM6,SP27,REF1
,,,1.0,0.0,,,SOM.1_1,RLM6,SP27,REF1
,,,1.0,0.0,,,ZAF.1_1,RLM6,SP27,REF1
,,,1.0,0.0,,,SDN.1_1,RLM6,SP27,REF1
,,,1.0,0.0,,,TZA.1_1,RLM6,SP27,REF1
,,,1.0,0.0,,,ZMB.1_1,RLM6,SP27,REF1
,,,1.0,0.0,,,ZWE.1_1,RLM6,SP27,REF1
,,,1.0,0.0,,,BGD.1_1,RLM4,SP27,REF1
,,,1.0,0.0,,,CHN.1_1,RLM7,SP27,REF1
,,,1.0,0.0,,,CHN.2_1,RLM7,SP27,REF1
,,,1.0,0.0,,,CHN.3_1,RLM7,SP27,REF1
,,,1.0,0.0,,,IDN.1_1,RLM4,SP27,REF1
,,,1.0,0.0,,,ISR.1_1,RLM10,SP27,REF1
,,,1.0,0.0,,,JPN.1_1,RLM5,SP27,REF1
,,,1.0,0.0,,,LBN.1_1,RLM10,SP27,REF1
,,,1.0,0.0,,,PAK.1_1,RLM4,SP27,REF1
,,,1.0,0.0,,,PHL.1_1,RLM4,SP27,REF1
,,,1.0,0.0,,,SAU.1_1,RLM10,SP27,REF1
,,,1.0,0.0,,,LKA.1_1,RLM4,SP27,REF1
,,,1.0,0.0,,,TWN.1_1,RLM4,SP27,REF1
,,,1.0,0.0,,,THA.1_1,RLM4,SP27,REF1
,1.0,,1.0,0.0,,1912.0,AUT.1_1,RLM7,SP27,REF1
,1.0,,1.0,0.0,,1930.0,BGR.1_1,RLM7,SP27,REF1
,,,1.0,0.0,,,HRV.1_1,RLM7,SP27,REF1
,,,1.0,0.0,,,CYP.1_1,RLM10,SP27,REF1
,1.0,,1.0,0.0,,1900.0,CZE.1_1,RLM7,SP27,REF1
,1.0,,1.0,0.0,,1790.0,DEU.1_1,RLM7,SP27,REF1
,,,1.0,0.0,,,GRC.1_1,RLM7,SP27,REF1
,,,1.0,0.0,,,GRC.2_1,RLM7,SP27,REF1
,,,1.0,0.0,,,HUN.1_1,RLM7,SP27,REF1
,1.0,,1.0,0.0,,1871.0,ITA.1_1,RLM7,SP27,REF1
,1.0,,1.0,0.0,,1932.0,MLT.1_1,RLM10,SP27,REF1
,,,1.0,0.0,,,NLD.1_1,RLM7,SP27,REF1
,1.0,,1.0,0.0,,1971.0,NOR.1_1,RLM7,SP27,REF1
,1.0,,1.0,0.0,,1982.0,POL.1_1,RLM7,SP27,REF1
,1.0,,1.0,0.0,,1914.0,ROU.1_1,RLM7,SP27,REF1
,,,1.0,0.0,,,,RLM7,SP27,REF1
,1.0,,1.0,0.0,,1912.0,SRB.1_1,RLM7,SP27,REF1
,1.0,,1.0,0.0,,1900.0,SVK.1_1,RLM7,SP27,REF1
,1.0,,1.0,0.0,,1951.0,SVN.1_1,RLM7,SP27,REF1
,1.0,,1.0,0.0,,1928.0,ESP.1_1,RLM7,SP27,REF1
,1.0,,1.0,0.0,,1928.0,ESP.1_2,RLM7,SP27,REF1
,1.0,,1.0,0.0,,1928.0,ESP.2_1,RLM7,SP27,REF1
,1.0,,1.0,0.0,,1928.0,ESP.3_1,RLM7,SP27,REF1
,1.0,,1.0,0.0,,,SWE.1_1,RLM7,SP27,REF1
,1.0,,1.0,0.0,,2001.0,CHE.1_1,RLM7,SP27,REF1
,,,1.0,0.0,,,UKR.1_1,RLM7,SP27,REF1
,,,1.0,0.0,,,DOM.1_1,RLM9,SP27,REF1
,,,1.0,0.0,,,MEX.1_1,RLM2,SP27,REF1
,1.0,,1.0,0.0,,1728.0,USA.1_1,RLM2,SP27,REF1
,1.0,,1.0,0.0,,1728.0,USA.1_2,RLM2,SP27,REF1
,1.0,,1.0,0.0,,1728.0,USA.2_1,RLM2,SP27,REF1
,,,1.0,0.0,,,AUS.1_1,RLM8,SP27,REF1
,1.0,,1.0,0.0,,1908.0,NZL.1_1,RLM8,SP27,REF1
,,,1.0,0.0,,,ARG.1_1,RLM1,SP27,REF1
,,,1.0,0.0,,,ARG.2_1,RLM1,SP27,REF1
,,,1.0,0.0,,,COL.1_1,RLM1,SP27,REF1
,,,1.0,0.0,,,GUY.1_1,RLM1,SP27,REF1
,,,1.0,0.0,,,PRY.1_1,RLM1,SP27,REF1
,,,1.0,0.0,,,DZA.1_1,RLM10,SP2,REF1
,,,1.0,0.0,,,BEN.1_1,RLM6,SP2,REF1
,,,1.0,0.0,,,,RLM6,SP2,REF1
,,,1.0,0.0,,,EGY.1_1,RLM10,SP2,REF1
,,,1.0,0.0,,,ERI.1_1,RLM6,SP2,REF1
,,,1.0,0.0,,,ETH.1_1,RLM6,SP2,REF1
,,,1.0,0.0,,1995.0,LBY.1_1,RLM10,SP2,REF1
,,,1.0,0.0,,,MUS.1_1,RLM3,SP2,REF1
,,,1.0,0.0,,,MAR.1_1,RLM10,SP2,REF1
,,,1.0,0.0,,,NGA.1_1,RLM6,SP2,REF1
,,,1.0,0.0,,,FRA.3_1,RLM11,SP2,REF1
,1.0,,1.0,0.0,,,ZAF.1_1,RLM6,SP2,REF1
,,,1.0,0.0,,,SDN.1_1,RLM6,SP2,REF1
,,,1.0,0.0,,,TZA.1_1,RLM6,SP2,REF1
,,,1.0,0.0,,,TUN.1_1,RLM10,SP2,REF1
,,,1.0,0.0,,,AFG.1_1,RLM10,SP2,REF1
,,,1.0,0.0,,,BGD.1_1,RLM4,SP2,REF1
,,,1.0,0.0,,,BTN.1_1,RLM4,SP2,REF1
,,,1.0,0.0,,,BRN.1_1,RLM4,SP2,REF1
,,,1.0,0.0,,,KHM.1_1,RLM4,SP2,REF1
,,,1.0,0.0,,,GEO.1_1,RLM7,SP2,REF1
,,,1.0,0.0,,,,RLM5,SP2,REF1
,,,1.0,0.0,,,IRN.1_1,RLM10,SP2,REF1
,,,1.0,0.0,,,IRQ.1_1,RLM10,SP2,REF1
,,,1.0,0.0,,1994.0,ISR.1_1,RLM10,SP2,REF1
,,,1.0,0.0,,,JOR.1_1,RLM10,SP2,REF1
,,,1.0,0.0,,,LAO.1_1,RLM4,SP2,REF1
,,,1.0,0.0,,,LBN.1_1,RLM10,SP2,REF1
,,,1.0,0.0,,,MMR.1_1,RLM4,SP2,REF1
,,,1.0,0.0,,,NPL.1_1,RLM5,SP2,REF1
,,,1.0,0.0,,,PRK.1_1,RLM7,SP2,REF1
,,,1.0,0.0,,,PAK.1_1,RLM4,SP2,REF1
,,,1.0,0.0,,,PHL.1_1,RLM4,SP2,REF1
,,,1.0,0.0,,,SAU.1_1,RLM10,SP2,REF1
,,,1.0,0.0,,,SGP.1_1,RLM4,SP2,REF1
,,,1.0,0.0,,,KOR.1_1,RLM7,SP2,REF1
,,,1.0,0.0,,,KOR.2_1,RLM7,SP2,REF1
,,,1.0,0.0,,,LKA.1_1,RLM4,SP2,REF1
,,,1.0,0.0,,1994.0,SYR.1_1,RLM10,SP2,REF1
,,,1.0,0.0,,,TWN.1_1,RLM4,SP2,REF1
,,,1.0,0.0,,,THA.1_1,RLM4,SP2,REF1
,,,1.0,0.0,,,TUR.1_1,RLM7,SP2,REF1
,,,1.0,0.0,,,TKM.1_1,RLM7,SP2,REF1
,,,1.0,0.0,,,UZB.1_1,RLM7,SP2,REF1
,,,1.0,0.0,,,VNM.1_1,RLM4,SP2,REF1
,,,1.0,0.0,,,YEM.1_1,RLM10,SP2,REF1
,,,1.0,0.0,,,HRV.1_1,RLM7,SP2,REF1
,,,1.0,0.0,,1994.0,CYP.1_1,RLM10,SP2,REF1
,,,1.0,0.0,,1995.0,FRA.1_1,RLM7,SP2,REF1
,,,1.0,0.0,,,GRC.1_1,RLM7,SP2,REF1
,,,1.0,0.0,,,GRC.2_1,RLM7,SP2,REF1
,,,1.0,0.0,,,HUN.1_1,RLM7,SP2,REF1
,,,1.0,0.0,,1994.0,ITA.1_1,RLM7,SP2,REF1
,,,1.0,0.0,,1995.0,MLT.1_1,RLM10,SP2,REF1
,,,1.0,0.0,,,MNE.1_1,RLM7,SP2,REF1
,,,1.0,0.0,,,PRT.1_1,RLM7,SP2,REF1
,,,1.0,0.0,,,PRT.2_1,RLM7,SP2,REF1
,,,1.0,0.0,,,PRT.3_1,RLM7,SP2,REF1
,,,1.0,0.0,,,SRB.1_1,RLM7,SP2,REF1
,,,1.0,0.0,,,SVN.1_1,RLM7,SP2,REF1
,,,1.0,0.0,,,ESP.1_1,RLM7,SP2,REF1
,,,1.0,0.0,,,ESP.1_2,RLM7,SP2,REF1
,,,1.0,0.0,,,ESP.2_1,RLM7,SP2,REF1
,,,1.0,0.0,,,ESP.3_1,RLM7,SP2,REF1
,,,1.0,0.0,,,UKR.1_1,RLM7,SP2,REF1
,,,1.0,0.0,,,ATG.1_1,RLM9,SP2,REF1
,,,1.0,0.0,,,BHS.1_1,RLM9,SP2,REF1
,,,1.0,0.0,,2001.0,BRB.1_1,RLM9,SP2,REF1
,,,1.0,0.0,,1993.0,BLZ.1_1,RLM9,SP2,REF1
,,,1.0,0.0,,2000.0,GBR.6_1,RLM2,SP2,REF1
,,,1.0,0.0,,,GBR.6_1,RLM9,SP2,REF1
,,,1.0,0.0,,,CRI.1_1,RLM9,SP2,REF1
,,,1.0,0.0,,,CUB.1_1,RLM9,SP2,REF1
,,,1.0,0.0,,,DMA.1_1,RLM9,SP2,REF1
,,,1.0,0.0,,,DOM.1_1,RLM9,SP2,REF1
,,,1.0,0.0,,1998.0,GRD.1_1,RLM1,SP2,REF1
,,,1.0,0.0,,,FRA.5_1,RLM9,SP2,REF1
,,,1.0,0.0,,,HND.1_1,RLM9,SP2,REF1
,,,1.0,0.0,,,HND.2_1,RLM9,SP2,REF1
,,,1.0,0.0,,,JAM.1_1,RLM9,SP2,REF1
,,,1.0,0.0,,1994.0,MEX.1_1,RLM2,SP2,REF1
,,,1.0,0.0,,,NIC.1_1,RLM9,SP2,REF1
,,,1.0,0.0,,,PAN.1_1,RLM9,SP2,REF1
,,,1.0,0.0,,,USA.3_1,RLM9,SP2,REF1
,,,1.0,0.0,,,KNA.1_1,RLM9,SP2,REF1
,1.0,,1.0,0.0,,,LCA.1_1,RLM1,SP2,REF1
,,,1.0,0.0,,1997.0,TTO.1_1,RLM1,SP2,REF1
,,,1.0,0.0,,,FSM.1_1,RLM3,SP2,REF1
,,,1.0,0.0,,,GUM.1_1,RLM3,SP2,REF1
,,,1.0,0.0,,,USA.4_1,RLM3,SP2,REF1
,,,1.0,0.0,,,USA.6_1,RLM3,SP2,REF1
,,,1.0,0.0,,,PLW.1_1,RLM3,SP2,REF1
,,,1.0,0.0,,,PNG.1_1,RLM3,SP2,REF1
,,,1.0,0.0,,,WSM.1_1,RLM3,SP2,REF1
,,,1.0,0.0,,,SLB.1_1,RLM3,SP2,REF1
,,,1.0,0.0,,,ARG.1_1,RLM1,SP2,REF1
,,,1.0,0.0,,,ARG.2_1,RLM1,SP2,REF1
,,,1.0,0.0,,1998.0,CHL.1_1,RLM1,SP2,REF1
,,,1.0,0.0,,,COL.1_1,RLM1,SP2,REF1
,,,1.0,0.0,,,ECU.1_1,RLM1,SP2,REF1
,,,1.0,0.0,,,ECU.2_1,RLM1,SP2,REF1
,,,1.0,0.0,,1997.0,FRA.8_1,RLM1,SP2,REF1
,,,1.0,0.0,,,GUY.1_1,RLM1,SP2,REF1
,1.0,,1.0,0.0,,1995.0,PER.1_1,RLM1,SP2,REF1
,,,1.0,0.0,,,VEN.1_1,RLM1,SP2,REF1
,,,1.0,0.0,,,VEN.2_1,RLM1,SP2,REF1
,,,1.0,0.0,,,DZA.1_1,RLM10,SP62,REF1
,,,1.0,0.0,,,EGY.1_1,RLM10,SP62,REF1
,,,1.0,0.0,,,ERI.1_1,RLM6,SP62,REF1
,,,1.0,0.0,,,ETH.1_1,RLM6,SP62,REF1
,,,1.0,0.0,,,KEN.1_1,RLM6,SP62,REF1
,,,1.0,0.0,,,LBY.1_1,RLM10,SP62,REF1
,,,1.0,0.0,,,MAR.1_1,RLM10,SP62,REF1
,,,1.0,0.0,,,TUN.1_1,RLM10,SP62,REF1
,,,1.0,0.0,,,ARM.1_1,RLM7,SP62,REF1
,,,1.0,0.0,,,AZE.1_1,RLM7,SP62,REF1
,1.0,,1.0,0.0,,,CHN.1_1,RLM7,SP62,REF1
,1.0,,1.0,0.0,,,CHN.2_1,RLM7,SP62,REF1
,1.0,,1.0,0.0,,,CHN.3_1,RLM7,SP62,REF1
,,,1.0,0.0,,,GEO.1_1,RLM7,SP62,REF1
,,,1.0,0.0,,,IRN.1_1,RLM10,SP62,REF1
,,,1.0,0.0,,,IRQ.1_1,RLM10,SP62,REF1
,,,1.0,0.0,,,ISR.1_1,RLM10,SP62,REF1
,,,1.0,0.0,,,JOR.1_1,RLM10,SP62,REF1
,,,1.0,0.0,,,KAZ.1_1,RLM7,SP62,REF1
,,,1.0,0.0,,,LBN.1_1,RLM10,SP62,REF1
,,,1.0,0.0,,,SYR.1_1,RLM10,SP62,REF1
,,,1.0,0.0,,,TJK.1_1,RLM7,SP62,REF1
,,,1.0,0.0,,,TUR.1_1,RLM7,SP62,REF1
,,,1.0,0.0,,,TKM.1_1,RLM7,SP62,REF1
,,,1.0,0.0,,,UZB.1_1,RLM7,SP62,REF1
,,,1.0,0.0,,,ALB.1_1,RLM7,SP62,REF1
,,,1.0,0.0,,,AUT.1_1,RLM7,SP62,REF1
,,,1.0,0.0,,,BLR.1_1,RLM7,SP62,REF1
,,,1.0,0.0,,,BEL.1_1,RLM7,SP62,REF1
,,,1.0,0.0,,,BGR.1_1,RLM7,SP62,REF1
,,,1.0,0.0,,,HRV.1_1,RLM7,SP62,REF1
,,,1.0,0.0,,,CYP.1_1,RLM10,SP62,REF1
,,,1.0,0.0,,,CZE.1_1,RLM7,SP62,REF1
,,,1.0,0.0,,,DNK.1_1,RLM7,SP62,REF1
,,,1.0,0.0,,,FRA.1_1,RLM7,SP62,REF1
,,,1.0,0.0,,,DEU.1_1,RLM7,SP62,REF1
,,,1.0,0.0,,,GRC.1_1,RLM7,SP62,REF1
,,,1.0,0.0,,,GRC.2_1,RLM7,SP62,REF1
,,,1.0,0.0,,,HUN.1_1,RLM7,SP62,REF1
,,,1.0,0.0,,,ITA.1_1,RLM7,SP62,REF1
,,,1.0,0.0,,,LTU.1_1,RLM7,SP62,REF1
,,,1.0,0.0,,,LUX.1_1,RLM7,SP62,REF1
,,,1.0,0.0,,,MLT.1_1,RLM10,SP62,REF1
,,,1.0,0.0,,,MDA.1_1,RLM7,SP62,REF1
,,,1.0,0.0,,,MNE.1_1,RLM7,SP62,REF1
,,,1.0,0.0,,,NLD.1_1,RLM7,SP62,REF1
,,,1.0,0.0,,,MKD.1_1,RLM7,SP62,REF1
,,,1.0,0.0,,,POL.1_1,RLM7,SP62,REF1
,,,1.0,0.0,,,PRT.1_1,RLM7,SP62,REF1
,,,1.0,0.0,,,PRT.2_1,RLM7,SP62,REF1
,,,1.0,0.0,,,PRT.3_1,RLM7,SP62,REF1
,,,1.0,0.0,,,ROU.1_1,RLM7,SP62,REF1
,,,1.0,0.0,,,,RLM7,SP62,REF1
,,,1.0,0.0,,,SRB.1_1,RLM7,SP62,REF1
,,,1.0,0.0,,,SVK.1_1,RLM7,SP62,REF1
,,,1.0,0.0,,,SVN.1_1,RLM7,SP62,REF1
,,,1.0,0.0,,,ESP.1_1,RLM7,SP62,REF1
,,,1.0,0.0,,,ESP.1_2,RLM7,SP62,REF1
,,,1.0,0.0,,,ESP.2_1,RLM7,SP62,REF1
,,,1.0,0.0,,,ESP.3_1,RLM7,SP62,REF1
,,,1.0,0.0,,,CHE.1_1,RLM7,SP62,REF1
,,,1.0,0.0,,,UKR.1_1,RLM7,SP62,REF1
,,,1.0,0.0,,,ARG.1_1,RLM1,SP62,REF1
,,,1.0,0.0,,,ARG.2_1,RLM1,SP62,REF1
,,,1.0,0.0,,,CHL.1_1,RLM1,SP62,REF1
,,,1.0,0.0,,,KEN.1_1,RLM6,SP7,REF1
,,,1.0,0.0,,,MUS.1_1,RLM3,SP7,REF1
,1.0,,1.0,0.0,,1971.0,GBR.3_1,RLM6,SP7,REF1
,1.0,,1.0,0.0,,1933.0,ZAF.1_1,RLM6,SP7,REF1
,,,1.0,0.0,,,TZA.1_1,RLM6,SP7,REF1
,,,1.0,0.0,,,IND.1_1,RLM4,SP7,REF1
,,,1.0,0.0,,,PAK.1_1,RLM4,SP7,REF1
,1.0,,1.0,0.0,,,ATG.1_1,RLM9,SP7,REF1
,1.0,,1.0,0.0,,,BHS.1_1,RLM9,SP7,REF1
,1.0,,1.0,0.0,,,GBR.6_1,RLM9,SP7,REF1
,1.0,,1.0,0.0,,,CUB.1_1,RLM9,SP7,REF1
,,,1.0,0.0,,,DOM.1_1,RLM9,SP7,REF1
,,,1.0,0.0,,,HTI.1_1,RLM9,SP7,REF1
,,,1.0,0.0,,,JAM.1_1,RLM9,SP7,REF1
,,,1.0,0.0,,,MEX.1_1,RLM2,SP7,REF1
,1.0,,1.0,0.0,,,USA.3_1,RLM9,SP7,REF1
,1.0,,1.0,0.0,,,KNA.1_1,RLM9,SP7,REF1
,,,1.0,0.0,,,TTO.1_1,RLM1,SP7,REF1
,1.0,,1.0,0.0,,1933.0,AUS.1_1,RLM8,SP7,REF1
,1.0,,1.0,0.0,,,FRA.7_1,RLM3,SP7,REF1
,,,1.0,0.0,,,TUN.1_1,RLM10,SP19,REF1
,,,1.0,0.0,,,CHN.1_1,RLM7,SP19,REF1
,,,1.0,0.0,,,CHN.2_1,RLM7,SP19,REF1
,,,1.0,0.0,,,CHN.3_1,RLM7,SP19,REF1
,,,1.0,0.0,,,LBN.1_1,RLM10,SP19,REF1
,,,1.0,0.0,,,TUR.1_1,RLM7,SP19,REF1
,,,1.0,0.0,,,ALB.1_1,RLM7,SP19,REF1
,,,1.0,0.0,,,AUT.1_1,RLM7,SP19,REF1
,,,1.0,0.0,,,BEL.1_1,RLM7,SP19,REF1
,,,1.0,0.0,,,BGR.1_1,RLM7,SP19,REF1
,,,1.0,0.0,,,HRV.1_1,RLM7,SP19,REF1
,,,1.0,0.0,,,CZE.1_1,RLM7,SP19,REF1
,,,1.0,0.0,,,DNK.1_1,RLM7,SP19,REF1
,,,1.0,0.0,,,EST.1_1,RLM7,SP19,REF1
,,,1.0,0.0,,,FIN.1_1,RLM7,SP19,REF1
,,,1.0,0.0,,,FRA.1_1,RLM7,SP19,REF1
,,,1.0,0.0,,,DEU.1_1,RLM7,SP19,REF1
,,,1.0,0.0,,,GRC.1_1,RLM7,SP19,REF1
,,,1.0,0.0,,,GRC.2_1,RLM7,SP19,REF1
,,,1.0,0.0,,,HUN.1_1,RLM7,SP19,REF1
,,,1.0,0.0,,,IRL.1_1,RLM7,SP19,REF1
,,,1.0,0.0,,,ITA.1_1,RLM7,SP19,REF1
,,,1.0,0.0,,,LVA.1_1,RLM7,SP19,REF1
,,,1.0,0.0,,,LTU.1_1,RLM7,SP19,REF1
,,,1.0,0.0,,,LUX.1_1,RLM7,SP19,REF1
,,,1.0,0.0,,,MLT.1_1,RLM10,SP19,REF1
,,,1.0,0.0,,,NLD.1_1,RLM7,SP19,REF1
,,,1.0,0.0,,,MKD.1_1,RLM7,SP19,REF1
,,,1.0,0.0,,,NOR.1_1,RLM7,SP19,REF1
,,,1.0,0.0,,,ROU.1_1,RLM7,SP19,REF1
,,,1.0,0.0,,,SVK.1_1,RLM7,SP19,REF1
,,,1.0,0.0,,,ESP.1_1,RLM7,SP19,REF1
,,,1.0,0.0,,,ESP.1_2,RLM7,SP19,REF1
,,,1.0,0.0,,,ESP.2_1,RLM7,SP19,REF1
,,,1.0,0.0,,,ESP.3_1,RLM7,SP19,REF1
,,,1.0,0.0,,,AUS.1_1,RLM8,SP19,REF1
,1.0,,1.0,0.0,,,NZL.1_1,RLM8,SP19,REF1
,1.0,,1.0,0.0,,2017.0,AGO.1_1,RLM6,SP8,REF1
,1.0,,1.0,0.0,,2016.0,BEN.1_1,RLM6,SP8,REF1
,1.0,,1.0,0.0,,2017.0,BWA.1_1,RLM6,SP8,REF1
,1.0,,1.0,0.0,,2017.0,BFA.1_1,RLM6,SP8,REF1
,1.0,,1.0,0.0,,2017.0,BDI.1_1,RLM6,SP8,REF1
,1.0,,1.0,0.0,,2017.0,CPV.1_1,RLM6,SP8,REF1
,1.0,,1.0,0.0,,2017.0,CMR.1_1,RLM6,SP8,REF1
,1.0,,1.0,0.0,,2017.0,CAF.1_1,RLM6,SP8,REF1
,1.0,,1.0,0.0,,2017.0,TCD.1_1,RLM6,SP8,REF1
,,,1.0,0.0,,,COM.1_1,RLM11,SP8,REF1
,1.0,,1.0,0.0,,2017.0,COD.1_1,RLM6,SP8,REF1
,1.0,,1.0,0.0,,2017.0,COG.1_1,RLM6,SP8,REF1
,,,1.0,0.0,,,,RLM6,SP8,REF1
,,,1.0,0.0,,,EGY.1_1,RLM10,SP8,REF1
,,,1.0,0.0,,,GNQ.1_1,RLM6,SP8,REF1
,,,1.0,0.0,,,ERI.1_1,RLM6,SP8,REF1
,1.0,,1.0,0.0,,2017.0,SWZ.1_1,RLM6,SP8,REF1
,1.0,,1.0,0.0,,2017.0,ETH.1_1,RLM6,SP8,REF1
,1.0,,1.0,0.0,,,GAB.1_1,RLM6,SP8,REF1
,1.0,,1.0,0.0,,,GMB.1_1,RLM6,SP8,REF1
,1.0,,1.0,0.0,,2017.0,GHA.1_1,RLM6,SP8,REF1
,1.0,,1.0,0.0,,2017.0,GIN.1_1,RLM6,SP8,REF1
,1.0,,1.0,0.0,,2017.0,GNB.1_1,RLM6,SP8,REF1
,1.0,,1.0,0.0,,2017.0,KEN.1_1,RLM6,SP8,REF1
,1.0,,1.0,0.0,,,LBR.1_1,RLM6,SP8,REF1
,1.0,,1.0,0.0,,2017.0,MDG.1_1,RLM11,SP8,REF1
,1.0,,1.0,0.0,,2017.0,MWI.1_1,RLM6,SP8,REF1
,1.0,,1.0,0.0,,,MLI.1_1,RLM6,SP8,REF1
,,,1.0,0.0,,,MRT.1_1,RLM6,SP8,REF1
,,,1.0,0.0,,,MUS.1_1,RLM3,SP8,REF1
,,,1.0,0.0,,,FRA.3_1,RLM11,SP8,REF1
,1.0,,1.0,0.0,,2017.0,MOZ.1_1,RLM6,SP8,REF1
,1.0,,1.0,0.0,,2017.0,NAM.1_1,RLM6,SP8,REF1
,1.0,,1.0,0.0,,2017.0,NER.1_1,RLM6,SP8,REF1
,1.0,,1.0,0.0,,2016.0,NGA.1_1,RLM6,SP8,REF1
,1.0,,1.0,0.0,,2017.0,RWA.1_1,RLM6,SP8,REF1
,1.0,,1.0,0.0,,2016.0,,RLM6,SP8,REF1
,1.0,,1.0,0.0,,2017.0,SEN.1_1,RLM6,SP8,REF1
,1.0,,1.0,0.0,,2017.0,SYC.1_1,RLM3,SP8,REF1
,1.0,,1.0,0.0,,2017.0,SLE.1_1,RLM6,SP8,REF1
,1.0,,1.0,0.0,,2017.0,SOM.1_1,RLM6,SP8,REF1
,1.0,,1.0,0.0,,2017.0,ZAF.1_1,RLM6,SP8,REF1
,,,1.0,0.0,,,SSD.1_1,RLM6,SP8,REF1
,1.0,,1.0,0.0,,2017.0,SDN.1_1,RLM6,SP8,REF1
,1.0,,1.0,0.0,,2017.0,TZA.1_1,RLM6,SP8,REF1
,1.0,,1.0,0.0,,2016.0,TGO.1_1,RLM6,SP8,REF1
,1.0,,1.0,0.0,,2017.0,UGA.1_1,RLM6,SP8,REF1
,1.0,,1.0,0.0,,2017.0,ZMB.1_1,RLM6,SP8,REF1
,1.0,,1.0,0.0,,2017.0,ZWE.1_1,RLM6,SP8,REF1
,,,1.0,0.0,,,BGD.1_1,RLM4,SP8,REF1
,,,1.0,0.0,,,BTN.1_1,RLM4,SP8,REF1
,,,1.0,0.0,,,BRN.1_1,RLM4,SP8,REF1
,,,1.0,0.0,,,KHM.1_1,RLM4,SP8,REF1
,,,1.0,0.0,,,,RLM5,SP8,REF1
,,,1.0,0.0,,,ISR.1_1,RLM10,SP8,REF1
,,,1.0,0.0,,2020.0,JOR.1_1,RLM10,SP8,REF1
,,,1.0,0.0,,,LAO.1_1,RLM4,SP8,REF1
,,,1.0,0.0,,,MYS.1_1,RLM4,SP8,REF1
,,,1.0,0.0,,,MMR.1_1,RLM4,SP8,REF1
,,,1.0,0.0,,,NPL.1_1,RLM5,SP8,REF1
,1.0,,1.0,0.0,,2019.0,PAK.1_1,RLM4,SP8,REF1
,,,1.0,0.0,,,PHL.1_1,RLM4,SP8,REF1
,,,1.0,0.0,,,SAU.1_1,RLM10,SP8,REF1
,,,1.0,0.0,,,KOR.1_1,RLM7,SP8,REF1
,,,1.0,0.0,,,KOR.2_1,RLM7,SP8,REF1
,1.0,,1.0,0.0,,,LKA.1_1,RLM4,SP8,REF1
,,,1.0,0.0,,,SYR.1_1,RLM10,SP8,REF1
,1.0,,1.0,0.0,,2018.0,THA.1_1,RLM4,SP8,REF1
,,,1.0,0.0,,,ARE.1_1,RLM10,SP8,REF1
,,,1.0,0.0,,,VNM.1_1,RLM4,SP8,REF1
,,,1.0,0.0,,,YEM.1_1,RLM10,SP8,REF1
,,,1.0,0.0,,2023.0,CYP.1_1,RLM10,SP8,REF1
,,,1.0,0.0,,,FIN.1_1,RLM7,SP8,REF1
,,,1.0,0.0,,,DEU.1_1,RLM7,SP8,REF1
,,,1.0,0.0,,,LTU.1_1,RLM7,SP8,REF1
,,,1.0,0.0,,,NLD.1_1,RLM7,SP8,REF1
,,,1.0,0.0,,,SVN.1_1,RLM7,SP8,REF1
,,,1.0,0.0,,,ESP.1_1,RLM7,SP8,REF1
,,,1.0,0.0,,,ESP.1_2,RLM7,SP8,REF1
,,,1.0,0.0,,,ESP.2_1,RLM7,SP8,REF1
,,,1.0,0.0,,,ESP.3_1,RLM7,SP8,REF1
,,,1.0,0.0,,,GBR.6_1,RLM9,SP8,REF1
,,,1.0,0.0,,,ATG.1_1,RLM9,SP8,REF1
,,,1.0,0.0,,,BHS.1_1,RLM9,SP8,REF1
,,,1.0,0.0,,,BRB.1_1,RLM9,SP8,REF1
,,,1.0,0.0,,,BLZ.1_1,RLM9,SP8,REF1
,,,1.0,0.0,,,GBR.6_1,RLM2,SP8,REF1
,,,1.0,0.0,,,CRI.1_1,RLM9,SP8,REF1
,,,1.0,0.0,,,CUB.1_1,RLM9,SP8,REF1
,,,1.0,0.0,,,DMA.1_1,RLM9,SP8,REF1
,,,1.0,0.0,,,DOM.1_1,RLM9,SP8,REF1
,,,1.0,0.0,,,SLV.1_1,RLM9,SP8,REF1
,,,1.0,0.0,,,GRD.1_1,RLM1,SP8,REF1
,,,1.0,0.0,,,FRA.5_1,RLM9,SP8,REF1
,,,1.0,0.0,,,GTM.1_1,RLM9,SP8,REF1
,,,1.0,0.0,,,HTI.1_1,RLM9,SP8,REF1
,,,1.0,0.0,,,HND.1_1,RLM9,SP8,REF1
,,,1.0,0.0,,,HND.2_1,RLM9,SP8,REF1
,,,1.0,0.0,,,JAM.1_1,RLM9,SP8,REF1
,,,1.0,0.0,,,MEX.1_1,RLM2,SP8,REF1
,,,1.0,0.0,,,NIC.1_1,RLM9,SP8,REF1
,,,1.0,0.0,,,PAN.1_1,RLM9,SP8,REF1
,,,1.0,0.0,,,USA.3_1,RLM9,SP8,REF1
,,,1.0,0.0,,,KNA.1_1,RLM9,SP8,REF1
,,,1.0,0.0,,,LCA.1_1,RLM1,SP8,REF1
,,,1.0,0.0,,,VCT.1_1,RLM1,SP8,REF1
,,,1.0,0.0,,,TTO.1_1,RLM1,SP8,REF1
,,,1.0,0.0,,,AUS.1_1,RLM8,SP8,REF1
,,,1.0,0.0,,2020.0,FRA.7_1,RLM3,SP8,REF1
,,,1.0,0.0,,,NZL.1_1,RLM8,SP8,REF1
,1.0,,1.0,0.0,,2021.0,AUS.3_1,RLM8,SP8,REF1
,,,1.0,0.0,,,PNG.1_1,RLM3,SP8,REF1
,,,1.0,0.0,,,SLB.1_1,RLM3,SP8,REF1
,,,1.0,0.0,,,TLS.1_1,RLM4,SP8,REF1
,,,1.0,0.0,,,ARG.1_1,RLM1,SP8,REF1
,,,1.0,0.0,,,ARG.2_1,RLM1,SP8,REF1
,,,1.0,0.0,,,BOL.1_1,RLM1,SP8,REF1
,,,1.0,0.0,,,CHL.1_1,RLM1,SP8,REF1
,,,1.0,0.0,,,COL.1_1,RLM1,SP8,REF1
,,,1.0,0.0,,,ECU.1_1,RLM1,SP8,REF1
,,,1.0,0.0,,,ECU.2_1,RLM1,SP8,REF1
,,,1.0,0.0,,,FRA.8_1,RLM1,SP8,REF1
,,,1.0,0.0,,,GUY.1_1,RLM1,SP8,REF1
,,,1.0,0.0,,,PRY.1_1,RLM1,SP8,REF1
,,,1.0,0.0,,,PER.1_1,RLM1,SP8,REF1
,,,1.0,0.0,,,SUR.1_1,RLM1,SP8,REF1
,,,1.0,0.0,,,URY.1_1,RLM1,SP8,REF1
,,,1.0,0.0,,,VEN.1_1,RLM1,SP8,REF1
,,,1.0,0.0,,,VEN.2_1,RLM1,SP8,REF1
,,,1.0,0.0,,,NLD.1_1,RLM7,SP9,REF1
,,,1.0,0.0,,,,RLM7,SP9,REF1
,,,1.0,0.0,,,SVN.1_1,RLM7,SP9,REF1
,,,1.0,0.0,,,CHE.1_1,RLM7,SP9,REF1
,,,1.0,0.0,,,GBR.1_1,RLM7,SP9,REF1
,,,1.0,0.0,,,ATG.1_1,RLM9,SP9,REF1
,,,1.0,0.0,,,BHS.1_1,RLM9,SP9,REF1
,,,1.0,0.0,,,BRB.1_1,RLM9,SP9,REF1
,,,1.0,0.0,,,GBR.6_1,RLM2,SP9,REF1
,,,1.0,0.0,,,CRI.1_1,RLM9,SP9,REF1
,,,1.0,0.0,,,CUB.1_1,RLM9,SP9,REF1
,,,1.0,0.0,,,DMA.1_1,RLM9,SP9,REF1
,,,1.0,0.0,,,DOM.1_1,RLM9,SP9,REF1
,,,1.0,0.0,,,SLV.1_1,RLM9,SP9,REF1
,,,1.0,0.0,,,FRA.5_1,RLM9,SP9,REF1
,,,1.0,0.0,,,GTM.1_1,RLM9,SP9,REF1
,,,1.0,0.0,,,HTI.1_1,RLM9,SP9,REF1
,,,1.0,0.0,,,HND.1_1,RLM9,SP9,REF1
,,,1.0,0.0,,,HND.2_1,RLM9,SP9,REF1
,,,1.0,0.0,,,JAM.1_1,RLM9,SP9,REF1
,,,1.0,0.0,,,MEX.1_1,RLM2,SP9,REF1
,,,1.0,0.0,,,GBR.6_1,RLM9,SP9,REF1
,,,1.0,0.0,,,NIC.1_1,RLM9,SP9,REF1
,,,1.0,0.0,,,PAN.1_1,RLM9,SP9,REF1
,,,1.0,0.0,,,USA.3_1,RLM9,SP9,REF1
,,,1.0,0.0,,,KNA.1_1,RLM9,SP9,REF1
,,,1.0,0.0,,,LCA.1_1,RLM1,SP9,REF1
,,,1.0,0.0,,,VCT.1_1,RLM1,SP9,REF1
,,,1.0,0.0,,,TTO.1_1,RLM1,SP9,REF1
,,,1.0,0.0,,,ARG.1_1,RLM1,SP9,REF1
,,,1.0,0.0,,,ARG.2_1,RLM1,SP9,REF1
,,,1.0,0.0,,,BOL.1_1,RLM1,SP9,REF1
,,,1.0,0.0,,,CHL.1_1,RLM1,SP9,REF1
,,,1.0,0.0,,,COL.1_1,RLM1,SP9,REF1
,,,1.0,0.0,,,ECU.1_1,RLM1,SP9,REF1
,,,1.0,0.0,,,ECU.2_1,RLM1,SP9,REF1
,,,1.0,0.0,,,GBR.5_1,RLM1,SP9,REF1
,,,1.0,0.0,,,FRA.8_1,RLM1,SP9,REF1
,,,1.0,0.0,,,GUY.1_1,RLM1,SP9,REF1
,,,1.0,0.0,,,PRY.1_1,RLM1,SP9,REF1
,,,1.0,0.0,,,PER.1_1,RLM1,SP9,REF1
,,,1.0,0.0,,,SUR.1_1,RLM1,SP9,REF1
,,,1.0,0.0,,,URY.1_1,RLM1,SP9,REF1
,,,1.0,0.0,,,VEN.1_1,RLM1,SP9,REF1
,,,1.0,0.0,,,VEN.2_1,RLM1,SP9,REF1
,1.0,,1.0,0.0,,,MAR.1_1,RLM10,SP41,REF1
,1.0,,1.0,0.0,,1995.0,CHN.1_1,RLM7,SP41,REF1
,1.0,,1.0,0.0,,1995.0,CHN.2_1,RLM7,SP41,REF1
,1.0,,1.0,0.0,,1995.0,CHN.3_1,RLM7,SP41,REF1
,,,1.0,0.0,,,ISR.1_1,RLM10,SP41,REF1
,1.0,,1.0,0.0,,1986.0,JPN.1_1,RLM5,SP41,REF1
,,,1.0,0.0,,,KOR.1_1,RLM7,SP41,REF1
,,,1.0,0.0,,,KOR.2_1,RLM7,SP41,REF1
,,,1.0,0.0,,,TWN.1_1,RLM4,SP41,REF1
,,,1.0,0.0,,,THA.1_1,RLM4,SP41,REF1
,,,1.0,0.0,,,BEL.1_1,RLM7,SP41,REF1
,,,1.0,0.0,,,HRV.1_1,RLM7,SP41,REF1
,,,1.0,0.0,,,CYP.1_1,RLM10,SP41,REF1
,,,1.0,0.0,,,CZE.1_1,RLM7,SP41,REF1
,,,1.0,0.0,,1980.0,DNK.1_1,RLM7,SP41,REF1
,,,1.0,0.0,,,FIN.1_1,RLM7,SP41,REF1
,,,1.0,0.0,,,FRA.1_1,RLM7,SP41,REF1
,1.0,,1.0,0.0,,,DEU.1_1,RLM7,SP41,REF1
,,,1.0,0.0,,,GRC.1_1,RLM7,SP41,REF1
,,,1.0,0.0,,,GRC.2_1,RLM7,SP41,REF1
,,,1.0,0.0,,1993.0,HUN.1_1,RLM7,SP41,REF1
,1.0,,1.0,0.0,,,ITA.1_1,RLM7,SP41,REF1
,,,1.0,0.0,,,MNE.1_1,RLM7,SP41,REF1
,1.0,,1.0,0.0,,,NLD.1_1,RLM7,SP41,REF1
,,,1.0,0.0,,,POL.1_1,RLM7,SP41,REF1
,1.0,,1.0,0.0,,,PRT.1_1,RLM7,SP41,REF1
,1.0,,1.0,0.0,,,PRT.2_1,RLM7,SP41,REF1
,1.0,,1.0,0.0,,,PRT.3_1,RLM7,SP41,REF1
,1.0,,1.0,0.0,,,,RLM7,SP41,REF1
,,,1.0,0.0,,,SVN.1_1,RLM7,SP41,REF1
,1.0,,1.0,0.0,,,ESP.1_1,RLM7,SP41,REF1
,1.0,,1.0,0.0,,,ESP.1_2,RLM7,SP41,REF1
,1.0,,1.0,0.0,,,ESP.2_1,RLM7,SP41,REF1
,1.0,,1.0,0.0,,,ESP.3_1,RLM7,SP41,REF1
,,,1.0,0.0,,,SWE.1_1,RLM7,SP41,REF1
,1.0,,1.0,0.0,,,CHE.1_1,RLM7,SP41,REF1
,1.0,,1.0,0.0,,,BRB.1_1,RLM9,SP41,REF1
,1.0,,1.0,0.0,,,GBR.6_1,RLM2,SP41,REF1
,,,1.0,0.0,,,CRI.1_1,RLM9,SP41,REF1
,,,1.0,0.0,,,FRA.5_1,RLM9,SP41,REF1
,1.0,,1.0,0.0,,,HND.1_1,RLM9,SP41,REF1
,1.0,,1.0,0.0,,,HND.2_1,RLM9,SP41,REF1
,1.0,,1.0,0.0,,,PER.1_1,RLM1,SP41,REF1
,1.0,,1.0,0.0,,,VEN.1_1,RLM1,SP41,REF1
,1.0,,1.0,0.0,,,VEN.2_1,RLM1,SP41,REF1
,,,1.0,0.0,,,DZA.1_1,RLM10,SP23,REF1
,,,1.0,0.0,,,AGO.1_1,RLM6,SP23,REF1
,,,1.0,0.0,,,BEN.1_1,RLM6,SP23,REF1
,,,1.0,0.0,,,BWA.1_1,RLM6,SP23,REF1
,,,1.0,0.0,,,BFA.1_1,RLM6,SP23,REF1
,,,1.0,0.0,,,BDI.1_1,RLM6,SP23,REF1
,,,1.0,0.0,,,CPV.1_1,RLM6,SP23,REF1
,,,1.0,0.0,,,CMR.1_1,RLM6,SP23,REF1
,,,1.0,0.0,,,CAF.1_1,RLM6,SP23,REF1
,,,1.0,0.0,,,TCD.1_1,RLM6,SP23,REF1
,,,1.0,0.0,,,COD.1_1,RLM6,SP23,REF1
,,,1.0,0.0,,,COG.1_1,RLM6,SP23,REF1
,,,1.0,0.0,,,,RLM6,SP23,REF1
,,,1.0,0.0,,,EGY.1_1,RLM10,SP23,REF1
,,,1.0,0.0,,,ERI.1_1,RLM6,SP23,REF1
,,,1.0,0.0,,,SWZ.1_1,RLM6,SP23,REF1
,,,1.0,0.0,,,ETH.1_1,RLM6,SP23,REF1
,,,1.0,0.0,,,GAB.1_1,RLM6,SP23,REF1
,,,1.0,0.0,,,GMB.1_1,RLM6,SP23,REF1
,,,1.0,0.0,,,GHA.1_1,RLM6,SP23,REF1
,,,1.0,0.0,,,GIN.1_1,RLM6,SP23,REF1
,,,1.0,0.0,,,GNB.1_1,RLM6,SP23,REF1
,,,1.0,0.0,,,KEN.1_1,RLM6,SP23,REF1
,,,1.0,0.0,,,LSO.1_1,RLM6,SP23,REF1
,,,1.0,0.0,,,LBY.1_1,RLM10,SP23,REF1
,,,1.0,0.0,,,MDG.1_1,RLM11,SP23,REF1
,,,1.0,0.0,,,MWI.1_1,RLM6,SP23,REF1
,,,1.0,0.0,,,MLI.1_1,RLM6,SP23,REF1
,,,1.0,0.0,,,MRT.1_1,RLM6,SP23,REF1
,,,1.0,0.0,,,MUS.1_1,RLM3,SP23,REF1
,,,1.0,0.0,,,FRA.3_1,RLM11,SP23,REF1
,,,1.0,0.0,,,MAR.1_1,RLM10,SP23,REF1
,,,1.0,0.0,,,MOZ.1_1,RLM6,SP23,REF1
,,,1.0,0.0,,,NAM.1_1,RLM6,SP23,REF1
,,,1.0,0.0,,,NER.1_1,RLM6,SP23,REF1
,,,1.0,0.0,,,NGA.1_1,RLM6,SP23,REF1
,,,1.0,0.0,,,RWA.1_1,RLM6,SP23,REF1
,,,1.0,0.0,,,SEN.1_1,RLM6,SP23,REF1
,,,1.0,0.0,,,SYC.1_1,RLM3,SP23,REF1
,,,1.0,0.0,,,SLE.1_1,RLM6,SP23,REF1
,,,1.0,0.0,,,SOM.1_1,RLM6,SP23,REF1
,1.0,,1.0,0.0,,,ZAF.1_1,RLM6,SP23,REF1
,,,1.0,0.0,,,SDN.1_1,RLM6,SP23,REF1
,,,1.0,0.0,,,TZA.1_1,RLM6,SP23,REF1
,,,1.0,0.0,,,TGO.1_1,RLM6,SP23,REF1
,,,1.0,0.0,,,TUN.1_1,RLM10,SP23,REF1
,,,1.0,0.0,,,UGA.1_1,RLM6,SP23,REF1
,,,1.0,0.0,,,ZMB.1_1,RLM6,SP23,REF1
,,,1.0,0.0,,,ZWE.1_1,RLM6,SP23,REF1
,,,1.0,0.0,,,AFG.1_1,RLM10,SP23,REF1
,,,1.0,0.0,,,ARM.1_1,RLM7,SP23,REF1
,,,1.0,0.0,,,AZE.1_1,RLM7,SP23,REF1
,,,1.0,0.0,,,BGD.1_1,RLM4,SP23,REF1
,,,1.0,0.0,,,BTN.1_1,RLM4,SP23,REF1
,,,1.0,0.0,,,BRN.1_1,RLM4,SP23,REF1
,,,1.0,0.0,,,KHM.1_1,RLM4,SP23,REF1
,,,1.0,0.0,,,AUS.5_1,RLM4,SP23,REF1
,,,1.0,0.0,,,GEO.1_1,RLM7,SP23,REF1
,,,1.0,0.0,,,,RLM5,SP23,REF1
,,,1.0,0.0,,,IRN.1_1,RLM10,SP23,REF1
,,,1.0,0.0,,,IRQ.1_1,RLM10,SP23,REF1
,,,1.0,0.0,,,ISR.1_1,RLM10,SP23,REF1
,,,1.0,0.0,,,JOR.1_1,RLM10,SP23,REF1
,,,1.0,0.0,,,KAZ.1_1,RLM7,SP23,REF1
,,,1.0,0.0,,,KWT.1_1,RLM10,SP23,REF1
,,,1.0,0.0,,,KGZ.1_1,RLM7,SP23,REF1
,,,1.0,0.0,,,LAO.1_1,RLM4,SP23,REF1
,,,1.0,0.0,,,LBN.1_1,RLM10,SP23,REF1
,,,1.0,0.0,,,MMR.1_1,RLM4,SP23,REF1
,,,1.0,0.0,,,NPL.1_1,RLM5,SP23,REF1
,,,1.0,0.0,,,PRK.1_1,RLM7,SP23,REF1
,,,1.0,0.0,,,PAK.1_1,RLM4,SP23,REF1
,,,1.0,0.0,,,PHL.1_1,RLM4,SP23,REF1
,,,1.0,0.0,,,SAU.1_1,RLM10,SP23,REF1
,,,1.0,0.0,,,SGP.1_1,RLM4,SP23,REF1
,,,1.0,0.0,,,KOR.1_1,RLM7,SP23,REF1
,,,1.0,0.0,,,KOR.2_1,RLM7,SP23,REF1
,,,1.0,0.0,,,LKA.1_1,RLM4,SP23,REF1
,,,1.0,0.0,,,SYR.1_1,RLM10,SP23,REF1
,,,1.0,0.0,,,TWN.1_1,RLM4,SP23,REF1
,,,1.0,0.0,,,TJK.1_1,RLM7,SP23,REF1
,,,1.0,0.0,,,THA.1_1,RLM4,SP23,REF1
,,,1.0,0.0,,,TUR.1_1,RLM7,SP23,REF1
,,,1.0,0.0,,,TKM.1_1,RLM7,SP23,REF1
,,,1.0,0.0,,,ARE.1_1,RLM10,SP23,REF1
,,,1.0,0.0,,,UZB.1_1,RLM7,SP23,REF1
,,,1.0,0.0,,,VNM.1_1,RLM4,SP23,REF1
,,,1.0,0.0,,,YEM.1_1,RLM10,SP23,REF1
,,,1.0,0.0,,,ALB.1_1,RLM7,SP23,REF1
,,,1.0,0.0,,,AUT.1_1,RLM7,SP23,REF1
,,,1.0,0.0,,,BEL.1_1,RLM7,SP23,REF1
,,,1.0,0.0,,,BGR.1_1,RLM7,SP23,REF1
,,,1.0,0.0,,,HRV.1_1,RLM7,SP23,REF1
,,,1.0,0.0,,,CYP.1_1,RLM10,SP23,REF1
,,,1.0,0.0,,,CZE.1_1,RLM7,SP23,REF1
,,,1.0,0.0,,,DNK.1_1,RLM7,SP23,REF1
,,,1.0,0.0,,,EST.1_1,RLM7,SP23,REF1
,,,1.0,0.0,,,FIN.1_1,RLM7,SP23,REF1
,,,1.0,0.0,,,FRA.1_1,RLM7,SP23,REF1
,,,1.0,0.0,,,DEU.1_1,RLM7,SP23,REF1
,,,1.0,0.0,,,GRC.1_1,RLM7,SP23,REF1
,,,1.0,0.0,,,GRC.2_1,RLM7,SP23,REF1
,,,1.0,0.0,,1951.0,HUN.1_1,RLM7,SP23,REF1
,,,1.0,0.0,,,ITA.1_1,RLM7,SP23,REF1
,,,1.0,0.0,,,LVA.1_1,RLM7,SP23,REF1
,,,1.0,0.0,,,LTU.1_1,RLM7,SP23,REF1
,,,1.0,0.0,,,MLT.1_1,RLM10,SP23,REF1
,,,1.0,0.0,,,MDA.1_1,RLM7,SP23,REF1
,,,1.0,0.0,,,MNE.1_1,RLM7,SP23,REF1
,,,1.0,0.0,,,NLD.1_1,RLM7,SP23,REF1
,,,1.0,0.0,,,MKD.1_1,RLM7,SP23,REF1
,,,1.0,0.0,,,NOR.1_1,RLM7,SP23,REF1
,,,1.0,0.0,,,POL.1_1,RLM7,SP23,REF1
,,,1.0,0.0,,,PRT.1_1,RLM7,SP23,REF1
,,,1.0,0.0,,,PRT.2_1,RLM7,SP23,REF1
,,,1.0,0.0,,,PRT.3_1,RLM7,SP23,REF1
,,,1.0,0.0,,,ROU.1_1,RLM7,SP23,REF1
,,,1.0,0.0,,,SRB.1_1,RLM7,SP23,REF1
,,,1.0,0.0,,,SVK.1_1,RLM7,SP23,REF1
,,,1.0,0.0,,,SVN.1_1,RLM7,SP23,REF1
,,,1.0,0.0,,,ESP.1_1,RLM7,SP23,REF1
,,,1.0,0.0,,,ESP.1_2,RLM7,SP23,REF1
,,,1.0,0.0,,,ESP.2_1,RLM7,SP23,REF1
,,,1.0,0.0,,,ESP.3_1,RLM7,SP23,REF1
,,,1.0,0.0,,,SWE.1_1,RLM7,SP23,REF1
,,,1.0,0.0,,,CHE.1_1,RLM7,SP23,REF1
,,,1.0,0.0,,,UKR.1_1,RLM7,SP23,REF1
,,,1.0,0.0,,,DOM.1_1,RLM9,SP23,REF1
,,,1.0,0.0,,,USA.3_1,RLM9,SP23,REF1
,,,1.0,0.0,,,TTO.1_1,RLM1,SP23,REF1
,,,1.0,0.0,,,USA.5_1,RLM3,SP23,REF1
,,,1.0,0.0,,,FSM.1_1,RLM3,SP23,REF1
,,,1.0,0.0,,,GUM.1_1,RLM3,SP23,REF1
,,,1.0,0.0,,,KIR.1_1,RLM3,SP23,REF1
,,,1.0,0.0,,,MHL.1_1,RLM3,SP23,REF1
,,,1.0,0.0,,,FRA.7_1,RLM3,SP23,REF1
,,,1.0,0.0,,,AUS.3_1,RLM8,SP23,REF1
,,,1.0,0.0,,,USA.4_1,RLM3,SP23,REF1
,,,1.0,0.0,,,USA.6_1,RLM3,SP23,REF1
,,,1.0,0.0,,,PLW.1_1,RLM3,SP23,REF1
,,,1.0,0.0,,,WSM.1_1,RLM3,SP23,REF1
,,,1.0,0.0,,,SLB.1_1,RLM3,SP23,REF1
,,,1.0,0.0,,,TON.1_1,RLM3,SP23,REF1
,,,1.0,0.0,,,TUV.1_1,RLM3,SP23,REF1
,,,1.0,0.0,,,VUT.1_1,RLM3,SP23,REF1
,,,1.0,0.0,,,ARG.1_1,RLM1,SP23,REF1
,,,1.0,0.0,,,ARG.2_1,RLM1,SP23,REF1
,,,1.0,0.0,,,COL.1_1,RLM1,SP23,REF1
,,,1.0,0.0,,,PRY.1_1,RLM1,SP23,REF1
,,,1.0,0.0,,,PER.1_1,RLM1,SP23,REF1
,,,1.0,0.0,,,SUR.1_1,RLM1,SP23,REF1
,,,1.0,0.0,,,URY.1_1,RLM1,SP23,REF1
,,,1.0,0.0,,,DZA.1_1,RLM10,SP76,REF1
,,,1.0,0.0,,,BWA.1_1,RLM6,SP76,REF1
,,,1.0,0.0,,,EGY.1_1,RLM10,SP76,REF1
,,,1.0,0.0,,,SWZ.1_1,RLM6,SP76,REF1
,,,1.0,0.0,,,LSO.1_1,RLM6,SP76,REF1
,,,1.0,0.0,,,MAR.1_1,RLM10,SP76,REF1
,,,1.0,0.0,,,MOZ.1_1,RLM6,SP76,REF1
,,,1.0,0.0,,,ZAF.1_1,RLM6,SP76,REF1
,,,1.0,0.0,,,ZWE.1_1,RLM6,SP76,REF1
,,,1.0,0.0,,,ISR.1_1,RLM10,SP76,REF1
,,,1.0,0.0,,,TUR.1_1,RLM7,SP76,REF1
,,,1.0,0.0,,,UZB.1_1,RLM7,SP76,REF1
,,,1.0,0.0,,,ALB.1_1,RLM7,SP76,REF1
,,,1.0,0.0,,,BEL.1_1,RLM7,SP76,REF1
,,,1.0,0.0,,,BIH.1_1,RLM7,SP76,REF1
,,,1.0,0.0,,,BGR.1_1,RLM7,SP76,REF1
,,,1.0,0.0,,,HRV.1_1,RLM7,SP76,REF1
,,,1.0,0.0,,,CZE.1_1,RLM7,SP76,REF1
,,,1.0,0.0,,,EST.1_1,RLM7,SP76,REF1
,,,1.0,0.0,,,FIN.1_1,RLM7,SP76,REF1
,,,1.0,0.0,,1997.0,FRA.1_1,RLM7,SP76,REF1
,,,1.0,0.0,,,DEU.1_1,RLM7,SP76,REF1
,,,1.0,0.0,,,GRC.1_1,RLM7,SP76,REF1
,,,1.0,0.0,,,GRC.2_1,RLM7,SP76,REF1
,,,1.0,0.0,,,ITA.1_1,RLM7,SP76,REF1
,,,1.0,0.0,,,LVA.1_1,RLM7,SP76,REF1
,1.0,,1.0,0.0,,2007.0,MLT.1_1,RLM10,SP76,REF1
,,,1.0,0.0,,,MCO.1_1,RLM7,SP76,REF1
,,,1.0,0.0,,,MNE.1_1,RLM7,SP76,REF1
,,,1.0,0.0,,,NLD.1_1,RLM7,SP76,REF1
,,,1.0,0.0,,,MKD.1_1,RLM7,SP76,REF1
,,,1.0,0.0,,,NOR.1_1,RLM7,SP76,REF1
,,,1.0,0.0,,,PRT.1_1,RLM7,SP76,REF1
,,,1.0,0.0,,,PRT.2_1,RLM7,SP76,REF1
,,,1.0,0.0,,,PRT.3_1,RLM7,SP76,REF1
,,,1.0,0.0,,,ROU.1_1,RLM7,SP76,REF1
,,,1.0,0.0,,,SRB.1_1,RLM7,SP76,REF1
,,,1.0,0.0,,,SVK.1_1,RLM7,SP76,REF1
,,,1.0,0.0,,,SVN.1_1,RLM7,SP76,REF1
,,,1.0,0.0,,,ESP.1_1,RLM7,SP76,REF1
,,,1.0,0.0,,,ESP.1_2,RLM7,SP76,REF1
,,,1.0,0.0,,,ESP.2_1,RLM7,SP76,REF1
,,,1.0,0.0,,,ESP.3_1,RLM7,SP76,REF1
,,,1.0,0.0,,,SWE.1_1,RLM7,SP76,REF1
,1.0,,1.0,0.0,,2002.0,CHE.1_1,RLM7,SP76,REF1
,,,1.0,0.0,,,UKR.1_1,RLM7,SP76,REF1
,,,1.0,0.0,,,DZA.1_1,RLM10,SP42,REF1
,,,1.0,0.0,,2014.0,GEO.1_1,RLM7,SP42,REF1
,,,1.0,0.0,,,IND.1_1,RLM4,SP42,REF1
,,,1.0,0.0,,,IRN.1_1,RLM10,SP42,REF1
,,,1.0,0.0,,,PRK.1_1,RLM7,SP42,REF1
,1.0,,1.0,0.0,,,TUR.1_1,RLM7,SP42,REF1
,,,1.0,0.0,,,ALB.1_1,RLM7,SP42,REF1
,1.0,,1.0,0.0,,,AUT.1_1,RLM7,SP42,REF1
,,,1.0,0.0,,,BLR.1_1,RLM7,SP42,REF1
,1.0,,1.0,0.0,,,BEL.1_1,RLM7,SP42,REF1
,1.0,,1.0,0.0,,,BIH.1_1,RLM7,SP42,REF1
,1.0,,1.0,0.0,,,BGR.1_1,RLM7,SP42,REF1
,1.0,,1.0,0.0,,,HRV.1_1,RLM7,SP42,REF1
,1.0,,1.0,0.0,,,CZE.1_1,RLM7,SP42,REF1
,,,1.0,0.0,,,DNK.1_1,RLM7,SP42,REF1
,1.0,,1.0,0.0,,,FRA.1_1,RLM7,SP42,REF1
,1.0,,1.0,0.0,,,DEU.1_1,RLM7,SP42,REF1
,,,1.0,0.0,,,GBR.1_2,RLM7,SP42,REF1
,1.0,,1.0,0.0,,,GRC.1_1,RLM7,SP42,REF1
,1.0,,1.0,0.0,,,GRC.2_1,RLM7,SP42,REF1
,1.0,,1.0,0.0,,2011.0,HUN.1_1,RLM7,SP42,REF1
,,,1.0,0.0,,,IRL.1_1,RLM7,SP42,REF1
,1.0,,1.0,0.0,,,ITA.1_1,RLM7,SP42,REF1
,,,1.0,0.0,,2017.0,XKO.1_1,RLM7,SP42,REF1
,1.0,,1.0,0.0,,,LIE.1_1,RLM7,SP42,REF1
,,,1.0,0.0,,,LTU.1_1,RLM7,SP42,REF1
,,,1.0,0.0,,,LUX.1_1,RLM7,SP42,REF1
,,,1.0,0.0,,,MLT.1_1,RLM10,SP42,REF1
,,,1.0,0.0,,,MDA.1_1,RLM7,SP42,REF1
,,,1.0,0.0,,,MNE.1_1,RLM7,SP42,REF1
,1.0,,1.0,0.0,,,NLD.1_1,RLM7,SP42,REF1
,,,1.0,0.0,,,MKD.1_1,RLM7,SP42,REF1
,,,1.0,0.0,,,POL.1_1,RLM7,SP42,REF1
,,,1.0,0.0,,,PRT.1_1,RLM7,SP42,REF1
,,,1.0,0.0,,,PRT.2_1,RLM7,SP42,REF1
,,,1.0,0.0,,,PRT.3_1,RLM7,SP42,REF1
,1.0,,1.0,0.0,,,ROU.1_1,RLM7,SP42,REF1
,,,1.0,0.0,,,SRB.1_1,RLM7,SP42,REF1
,1.0,,1.0,0.0,,,SVK.1_1,RLM7,SP42,REF1
,1.0,,1.0,0.0,,,SVN.1_1,RLM7,SP42,REF1
,1.0,,1.0,0.0,,,ESP.1_1,RLM7,SP42,REF1
,1.0,,1.0,0.0,,,ESP.1_2,RLM7,SP42,REF1
,1.0,,1.0,0.0,,,ESP.2_1,RLM7,SP42,REF1
,1.0,,1.0,0.0,,,ESP.3_1,RLM7,SP42,REF1
,,,1.0,0.0,,,SWE.1_1,RLM7,SP42,REF1
,1.0,,1.0,0.0,,,CHE.1_1,RLM7,SP42,REF1
,,,1.0,0.0,,,UKR.1_1,RLM7,SP42,REF1
,1.0,,1.0,0.0,,,GBR.1_1,RLM7,SP42,REF1
,,,1.0,0.0,,,ARM.1_1,RLM7,SP96,REF1
,,,1.0,0.0,,,AZE.1_1,RLM7,SP96,REF1
,,,1.0,0.0,,,GEO.1_1,RLM7,SP96,REF1
,,,1.0,0.0,,,TWN.1_1,RLM4,SP96,REF1
,,,1.0,0.0,,,TUR.1_1,RLM7,SP96,REF1
,,,1.0,0.0,,,BEL.1_1,RLM7,SP96,REF1
,,,1.0,0.0,,,BIH.1_1,RLM7,SP96,REF1
,,,1.0,0.0,,,HUN.1_1,RLM7,SP96,REF1
,,,1.0,0.0,,,,RLM7,SP96,REF1
,,,1.0,0.0,,,SVN.1_1,RLM7,SP96,REF1
,1.0,,1.0,0.0,,,GBR.1_1,RLM7,SP96,REF1
,,,1.0,0.0,,,USA.1_1,RLM2,SP96,REF1
,,,1.0,0.0,,,USA.1_2,RLM2,SP96,REF1
,,,1.0,0.0,,,USA.2_1,RLM2,SP96,REF1
,,,1.0,0.0,,,BEN.1_1,RLM6,SP25,REF1
,1.0,,1.0,0.0,,,COD.1_1,RLM6,SP25,REF1
,1.0,,1.0,0.0,,,EGY.1_1,RLM10,SP25,REF1
,1.0,,1.0,0.0,,,KEN.1_1,RLM6,SP25,REF1
,,,1.0,0.0,,,GBR.3_1,RLM6,SP25,REF1
,1.0,,1.0,0.0,,,,RLM6,SP25,REF1
,1.0,,1.0,0.0,,,SYC.1_1,RLM3,SP25,REF1
,1.0,,1.0,0.0,,,ZAF.1_1,RLM6,SP25,REF1
,1.0,,1.0,0.0,,,SDN.1_1,RLM6,SP25,REF1
,1.0,,1.0,0.0,,,UGA.1_1,RLM6,SP25,REF1
,1.0,,1.0,0.0,,,ZWE.1_1,RLM6,SP25,REF1
,1.0,,1.0,0.0,,,KHM.1_1,RLM4,SP25,REF1
,1.0,,1.0,0.0,,,IND.1_1,RLM4,SP25,REF1
,,,1.0,0.0,,,IRN.1_1,RLM10,SP25,REF1
,,,1.0,0.0,,,JPN.1_1,RLM5,SP25,REF1
,1.0,,1.0,0.0,,,PHL.1_1,RLM4,SP25,REF1
,1.0,,1.0,0.0,,,LKA.1_1,RLM4,SP25,REF1
,1.0,,1.0,0.0,,,SYR.1_1,RLM10,SP25,REF1
,1.0,,1.0,0.0,,,TWN.1_1,RLM4,SP25,REF1
,,,1.0,0.0,,,TUR.1_1,RLM7,SP25,REF1
,1.0,,1.0,0.0,,,ARE.1_1,RLM10,SP25,REF1
,1.0,,1.0,0.0,,,AUT.1_1,RLM7,SP25,REF1
,,,1.0,0.0,,,HRV.1_1,RLM7,SP25,REF1
,,,1.0,0.0,,,CYP.1_1,RLM10,SP25,REF1
,1.0,,1.0,0.0,,,FRA.1_1,RLM7,SP25,REF1
,1.0,,1.0,0.0,,,DEU.1_1,RLM7,SP25,REF1
,1.0,,1.0,0.0,,,IRL.1_1,RLM7,SP25,REF1
,1.0,,1.0,0.0,,1847.0,ITA.1_1,RLM7,SP25,REF1
,,,1.0,0.0,,,NLD.1_1,RLM7,SP25,REF1
,,,1.0,0.0,,,POL.1_1,RLM7,SP25,REF1
,,,1.0,0.0,,,PRT.1_1,RLM7,SP25,REF1
,,,1.0,0.0,,,PRT.2_1,RLM7,SP25,REF1
,,,1.0,0.0,,,PRT.3_1,RLM7,SP25,REF1
,,,1.0,0.0,,,,RLM7,SP25,REF1
,1.0,,1.0,0.0,,,ESP.1_1,RLM7,SP25,REF1
,1.0,,1.0,0.0,,,ESP.1_2,RLM7,SP25,REF1
,1.0,,1.0,0.0,,,ESP.2_1,RLM7,SP25,REF1
,1.0,,1.0,0.0,,,ESP.3_1,RLM7,SP25,REF1
,1.0,,1.0,0.0,,1900.0,GBR.1_1,RLM7,SP25,REF1
,,,1.0,0.0,,,BRB.1_1,RLM9,SP25,REF1
,1.0,,1.0,0.0,,1980.0,GBR.6_1,RLM2,SP25,REF1
,1.0,,1.0,0.0,,,GBR.6_1,RLM9,SP25,REF1
,1.0,,1.0,0.0,,,CRI.1_1,RLM9,SP25,REF1
,1.0,,1.0,0.0,,,CUB.1_1,RLM9,SP25,REF1
,,,1.0,0.0,,,DOM.1_1,RLM9,SP25,REF1
,1.0,,1.0,0.0,,,GRD.1_1,RLM1,SP25,REF1
,1.0,,1.0,0.0,,,MEX.1_1,RLM2,SP25,REF1
,1.0,,1.0,0.0,,,USA.3_1,RLM9,SP25,REF1
,1.0,,1.0,0.0,,,VCT.1_1,RLM1,SP25,REF1
,,,1.0,0.0,,,USA.1_1,RLM2,SP25,REF1
,,,1.0,0.0,,,USA.1_2,RLM2,SP25,REF1
,,,1.0,0.0,,,USA.2_1,RLM2,SP25,REF1
,1.0,,1.0,0.0,,,NZL.1_1,RLM8,SP25,REF1
,1.0,,1.0,0.0,,,USA.4_1,RLM3,SP25,REF1
,1.0,,1.0,0.0,,,USA.6_1,RLM3,SP25,REF1
,1.0,,1.0,0.0,,,GBR.4_1,RLM3,SP25,REF1
,1.0,,1.0,0.0,,,WSM.1_1,RLM3,SP25,REF1
,1.0,,1.0,0.0,,,SLB.1_1,RLM3,SP25,REF1
,,,1.0,0.0,,,TON.1_1,RLM3,SP25,REF1
,,,1.0,0.0,,,VUT.1_1,RLM3,SP25,REF1
,,,1.0,0.0,,,ARG.1_1,RLM1,SP25,REF1
,,,1.0,0.0,,,ARG.2_1,RLM1,SP25,REF1
,,,1.0,0.0,,,ECU.1_1,RLM1,SP25,REF1
,,,1.0,0.0,,,ECU.2_1,RLM1,SP25,REF1
,,,1.0,0.0,,,PER.1_1,RLM1,SP25,REF1
,,,1.0,0.0,,,DZA.1_1,RLM10,SP82,REF1
,,,1.0,0.0,,,CPV.1_1,RLM6,SP82,REF1
,,,1.0,0.0,,,EGY.1_1,RLM10,SP82,REF1
,1.0,,1.0,0.0,,1982.0,CHN.1_1,RLM7,SP82,REF1
,1.0,,1.0,0.0,,1982.0,CHN.2_1,RLM7,SP82,REF1
,1.0,,1.0,0.0,,1982.0,CHN.3_1,RLM7,SP82,REF1
,1.0,,1.0,0.0,,1959.0,JPN.1_1,RLM5,SP82,REF1
,,,1.0,0.0,,,TUR.1_1,RLM7,SP82,REF1
,,,1.0,0.0,,,AUT.1_1,RLM7,SP82,REF1
,,,1.0,0.0,,,BGR.1_1,RLM7,SP82,REF1
,,,1.0,0.0,,,CZE.1_1,RLM7,SP82,REF1
,,,1.0,0.0,,,DNK.1_1,RLM7,SP82,REF1
,1.0,,1.0,0.0,,1924.0,EST.1_1,RLM7,SP82,REF1
,1.0,,1.0,0.0,,,DEU.1_1,RLM7,SP82,REF1
,,,1.0,0.0,,,GRC.1_1,RLM7,SP82,REF1
,,,1.0,0.0,,,GRC.2_1,RLM7,SP82,REF1
,,,1.0,0.0,,,ITA.1_1,RLM7,SP82,REF1
,1.0,,1.0,0.0,,1800.0,NOR.1_1,RLM7,SP82,REF1
,,,1.0,0.0,,,POL.1_1,RLM7,SP82,REF1
,1.0,,1.0,0.0,,1910.0,SVK.1_1,RLM7,SP82,REF1
,1.0,,1.0,0.0,,,SWE.1_1,RLM7,SP82,REF1
,,,1.0,0.0,,,CHE.1_1,RLM7,SP82,REF1
,,,1.0,0.0,,,GBR.1_1,RLM7,SP82,REF1
,1.0,,1.0,0.0,,1889.0,USA.1_1,RLM2,SP82,REF1
,1.0,,1.0,0.0,,1889.0,USA.1_2,RLM2,SP82,REF1
,1.0,,1.0,0.0,,1889.0,USA.2_1,RLM2,SP82,REF1
,,,1.0,0.0,,,AUS.1_1,RLM8,SP82,REF1
,1.0,,1.0,0.0,,1915.0,NZL.1_1,RLM8,SP82,REF1
,,,1.0,0.0,,,CHL.1_1,RLM1,SP82,REF1
,,,1.0,0.0,,,IRQ.1_1,RLM10,SP56,REF1
,,,1.0,0.0,,,TUR.1_1,RLM7,SP56,REF1
,,,1.0,0.0,,,USA.1_1,RLM2,SP56,REF1
,,,1.0,0.0,,,USA.1_2,RLM2,SP56,REF1
,,,1.0,0.0,,,USA.2_1,RLM2,SP56,REF1
,,,1.0,0.0,,,DZA.1_1,RLM10,SP57,REF1
,,,1.0,0.0,,,IRN.1_1,RLM10,SP57,REF1
,,,1.0,0.0,,,ISR.1_1,RLM10,SP57,REF1
,,,1.0,0.0,,,JPN.1_1,RLM5,SP57,REF1
,,,1.0,0.0,,,SYR.1_1,RLM10,SP57,REF1
,,,1.0,0.0,,,TUR.1_1,RLM7,SP57,REF1
,,,1.0,0.0,,,AUT.1_1,RLM7,SP57,REF1
,,,1.0,0.0,,,BLR.1_1,RLM7,SP57,REF1
,,,1.0,0.0,,,BEL.1_1,RLM7,SP57,REF1
,,,1.0,0.0,,,BIH.1_1,RLM7,SP57,REF1
,,,1.0,0.0,,,BGR.1_1,RLM7,SP57,REF1
,,,1.0,0.0,,,HRV.1_1,RLM7,SP57,REF1
,,,1.0,0.0,,,CYP.1_1,RLM10,SP57,REF1
,,,1.0,0.0,,,CZE.1_1,RLM7,SP57,REF1
,,,1.0,0.0,,,DNK.1_1,RLM7,SP57,REF1
,,,1.0,0.0,,,EST.1_1,RLM7,SP57,REF1
,,,1.0,0.0,,,FIN.1_1,RLM7,SP57,REF1
,,,1.0,0.0,,,FRA.1_1,RLM7,SP57,REF1
,,,1.0,0.0,,,DEU.1_1,RLM7,SP57,REF1
,,,1.0,0.0,,,GRC.1_1,RLM7,SP57,REF1
,,,1.0,0.0,,,GRC.2_1,RLM7,SP57,REF1
,,,1.0,0.0,,,HUN.1_1,RLM7,SP57,REF1
,,,1.0,0.0,,,IRL.1_1,RLM7,SP57,REF1
,,,1.0,0.0,,,ITA.1_1,RLM7,SP57,REF1
,,,1.0,0.0,,,LVA.1_1,RLM7,SP57,REF1
,,,1.0,0.0,,,LTU.1_1,RLM7,SP57,REF1
,,,1.0,0.0,,,NLD.1_1,RLM7,SP57,REF1
,,,1.0,0.0,,,MKD.1_1,RLM7,SP57,REF1
,,,1.0,0.0,,,NOR.1_1,RLM7,SP57,REF1
,,,1.0,0.0,,,POL.1_1,RLM7,SP57,REF1
,,,1.0,0.0,,,PRT.1_1,RLM7,SP57,REF1
,,,1.0,0.0,,,PRT.2_1,RLM7,SP57,REF1
,,,1.0,0.0,,,PRT.3_1,RLM7,SP57,REF1
,,,1.0,0.0,,,ROU.1_1,RLM7,SP57,REF1
,,,1.0,0.0,,,SRB.1_1,RLM7,SP57,REF1
,,,1.0,0.0,,,SVK.1_1,RLM7,SP57,REF1
,,,1.0,0.0,,,SVN.1_1,RLM7,SP57,REF1
,,,1.0,0.0,,,ESP.1_1,RLM7,SP57,REF1
,,,1.0,0.0,,,ESP.1_2,RLM7,SP57,REF1
,,,1.0,0.0,,,ESP.2_1,RLM7,SP57,REF1
,,,1.0,0.0,,,ESP.3_1,RLM7,SP57,REF1
,,,1.0,0.0,,,SWE.1_1,RLM7,SP57,REF1
,,,1.0,0.0,,,CHE.1_1,RLM7,SP57,REF1
,,,1.0,0.0,,,UKR.1_1,RLM7,SP57,REF1
,1.0,,1.0,0.0,,,ARG.1_1,RLM1,SP57,REF1
,1.0,,1.0,0.0,,,ARG.2_1,RLM1,SP57,REF1
,1.0,,1.0,0.0,,,CHL.1_1,RLM1,SP57,REF1
,1.0,,1.0,0.0,,,URY.1_1,RLM1,SP57,REF1
,,,1.0,0.0,,,CHN.1_1,RLM7,SP51,REF1
,,,1.0,0.0,,,CHN.2_1,RLM7,SP51,REF1
,,,1.0,0.0,,,CHN.3_1,RLM7,SP51,REF1
,,,1.0,0.0,,,,RLM5,SP51,REF1
,,,1.0,0.0,,,USA.1_1,RLM2,SP97,REF1
,,,1.0,0.0,,,USA.1_2,RLM2,SP97,REF1
,,,1.0,0.0,,,USA.2_1,RLM2,SP97,REF1
,,,1.0,0.0,,,CHL.1_1,RLM1,SP97,REF1
,,,1.0,0.0,,,BWA.1_1,RLM6,SP10,REF1
,,,1.0,0.0,,,EGY.1_1,RLM10,SP10,REF1
,,,1.0,0.0,,,SWZ.1_1,RLM6,SP10,REF1
,,,1.0,0.0,,,KEN.1_1,RLM6,SP10,REF1
,,,1.0,0.0,,,LBR.1_1,RLM6,SP10,REF1
,,,1.0,0.0,,,MDG.1_1,RLM11,SP10,REF1
,,,1.0,0.0,,,MAR.1_1,RLM10,SP10,REF1
,,,1.0,0.0,,,MOZ.1_1,RLM6,SP10,REF1
,,,1.0,0.0,,,NAM.1_1,RLM6,SP10,REF1
,,,1.0,0.0,,,SYC.1_1,RLM3,SP10,REF1
,,,1.0,0.0,,,ZAF.1_1,RLM6,SP10,REF1
,,,1.0,0.0,,,TZA.1_1,RLM6,SP10,REF1
,,,1.0,0.0,,,ZWE.1_1,RLM6,SP10,REF1
,,,1.0,0.0,,,IRQ.1_1,RLM10,SP10,REF1
,,,1.0,0.0,,,ISR.1_1,RLM10,SP10,REF1
,,,1.0,0.0,,,PAK.1_1,RLM4,SP10,REF1
,,,1.0,0.0,,,SAU.1_1,RLM10,SP10,REF1
,,,1.0,0.0,,,KOR.1_1,RLM7,SP10,REF1
,,,1.0,0.0,,,KOR.2_1,RLM7,SP10,REF1
,,,1.0,0.0,,,TUR.1_1,RLM7,SP10,REF1
,,,1.0,0.0,,,ALB.1_1,RLM7,SP10,REF1
,1.0,,1.0,0.0,,,BEL.1_1,RLM7,SP10,REF1
,,,1.0,0.0,,,BIH.1_1,RLM7,SP10,REF1
,,,1.0,0.0,,,BGR.1_1,RLM7,SP10,REF1
,,,1.0,0.0,,,HRV.1_1,RLM7,SP10,REF1
,,,1.0,0.0,,,CYP.1_1,RLM10,SP10,REF1
,1.0,,1.0,0.0,,1997.0,CZE.1_1,RLM7,SP10,REF1
,,,1.0,0.0,,,DNK.1_1,RLM7,SP10,REF1
,1.0,,1.0,0.0,,,FIN.1_1,RLM7,SP10,REF1
,1.0,,1.0,0.0,,,FRA.1_1,RLM7,SP10,REF1
,1.0,,1.0,0.0,,,DEU.1_1,RLM7,SP10,REF1
,,,1.0,0.0,,,GBR.1_2,RLM7,SP10,REF1
,,,1.0,0.0,,,HUN.1_1,RLM7,SP10,REF1
,,,1.0,0.0,,,MNE.1_1,RLM7,SP10,REF1
,,,1.0,0.0,,,NLD.1_1,RLM7,SP10,REF1
,,,1.0,0.0,,,NOR.1_1,RLM7,SP10,REF1
,,,1.0,0.0,,,POL.1_1,RLM7,SP10,REF1
,,,1.0,0.0,,,SRB.1_1,RLM7,SP10,REF1
,,,1.0,0.0,,,SVN.1_1,RLM7,SP10,REF1
,,,1.0,0.0,,,ESP.1_1,RLM7,SP10,REF1
,,,1.0,0.0,,,ESP.1_2,RLM7,SP10,REF1
,,,1.0,0.0,,,ESP.2_1,RLM7,SP10,REF1
,,,1.0,0.0,,,ESP.3_1,RLM7,SP10,REF1
,1.0,,1.0,0.0,,,SWE.1_1,RLM7,SP10,REF1
,1.0,,1.0,0.0,,1996.0,GBR.1_1,RLM7,SP10,REF1
,,,1.0,0.0,,,MEX.1_1,RLM2,SP10,REF1
,,,1.0,0.0,,,MAR.1_1,RLM10,SP43,REF1
,,,1.0,0.0,,,TUN.1_1,RLM10,SP43,REF1
,,,1.0,0.0,,,TUR.1_1,RLM7,SP43,REF1
,,,1.0,0.0,,,CZE.1_1,RLM7,SP43,REF1
,,,1.0,0.0,,,FIN.1_1,RLM7,SP43,REF1
,,,1.0,0.0,,,FRA.1_1,RLM7,SP43,REF1
,,,1.0,0.0,,,DEU.1_1,RLM7,SP43,REF1
,,,1.0,0.0,,,ISL.1_1,RLM7,SP43,REF1
,,,1.0,0.0,,,IRL.1_1,RLM7,SP43,REF1
,,,1.0,0.0,,,LTU.1_1,RLM7,SP43,REF1
,,,1.0,0.0,,,POL.1_1,RLM7,SP43,REF1
,,,1.0,0.0,,,PRT.1_1,RLM7,SP43,REF1
,,,1.0,0.0,,,PRT.2_1,RLM7,SP43,REF1
,,,1.0,0.0,,,PRT.3_1,RLM7,SP43,REF1
,,,1.0,0.0,,,CHE.1_1,RLM7,SP43,REF1
,,,1.0,0.0,,,IDN.1_1,RLM4,SP89,REF1
,,,1.0,0.0,,,PNG.1_1,RLM3,SP89,REF1
,,,1.0,0.0,,,CAN.1_1,RLM2,SP122,REF1
,,,1.0,0.0,,,USA.3_1,RLM9,SP122,REF1
,,,1.0,0.0,,,USA.1_1,RLM2,SP122,REF1
,,,1.0,0.0,,,USA.1_2,RLM2,SP122,REF1
,,,1.0,0.0,,,USA.2_1,RLM2,SP122,REF1
,1.0,,1.0,0.0,,,CPV.1_1,RLM6,SP44,REF1
,1.0,,1.0,0.0,,,COD.1_1,RLM6,SP44,REF1
,1.0,,1.0,0.0,,,COG.1_1,RLM6,SP44,REF1
,1.0,,1.0,0.0,,,,RLM6,SP44,REF1
,1.0,,1.0,0.0,,,ERI.1_1,RLM6,SP44,REF1
,1.0,,1.0,0.0,,,LBR.1_1,RLM6,SP44,REF1
,1.0,,1.0,0.0,,,MDG.1_1,RLM11,SP44,REF1
,1.0,,1.0,0.0,,,MWI.1_1,RLM6,SP44,REF1
,1.0,,1.0,0.0,,,NGA.1_1,RLM6,SP44,REF1
,1.0,,1.0,0.0,,,FRA.3_1,RLM11,SP44,REF1
,1.0,,1.0,0.0,,,SLE.1_1,RLM6,SP44,REF1
,1.0,,1.0,0.0,,,ZAF.1_1,RLM6,SP44,REF1
,1.0,,1.0,0.0,,,TUN.1_1,RLM10,SP44,REF1
,1.0,,1.0,0.0,,,ZWE.1_1,RLM6,SP44,REF1
,1.0,,1.0,0.0,,,GEO.1_1,RLM7,SP44,REF1
,1.0,,1.0,0.0,,,IRN.1_1,RLM10,SP44,REF1
,1.0,,1.0,0.0,,,IRQ.1_1,RLM10,SP44,REF1
,1.0,,1.0,0.0,,,JOR.1_1,RLM10,SP44,REF1
,1.0,,1.0,0.0,,,KWT.1_1,RLM10,SP44,REF1
,1.0,,1.0,0.0,,,MYS.1_1,RLM4,SP44,REF1
,1.0,,1.0,0.0,,,QAT.1_1,RLM10,SP44,REF1
,1.0,,1.0,0.0,,,SAU.1_1,RLM10,SP44,REF1
,1.0,,1.0,0.0,,,KOR.1_1,RLM7,SP44,REF1
,1.0,,1.0,0.0,,,KOR.2_1,RLM7,SP44,REF1
,1.0,,1.0,0.0,,,SYR.1_1,RLM10,SP44,REF1
,1.0,,1.0,0.0,,,THA.1_1,RLM4,SP44,REF1
,1.0,,1.0,0.0,,,ALB.1_1,RLM7,SP44,REF1
,1.0,,1.0,0.0,,,AUT.1_1,RLM7,SP44,REF1
,1.0,,1.0,0.0,,,BIH.1_1,RLM7,SP44,REF1
,1.0,,1.0,0.0,,,HRV.1_1,RLM7,SP44,REF1
,,,1.0,0.0,,,DNK.1_1,RLM7,SP44,REF1
,,,1.0,0.0,,,FIN.1_1,RLM7,SP44,REF1
,1.0,,1.0,0.0,,,DEU.1_1,RLM7,SP44,REF1
,1.0,,1.0,0.0,,,NLD.1_1,RLM7,SP44,REF1
,1.0,,1.0,0.0,,,MKD.1_1,RLM7,SP44,REF1
,,,1.0,0.0,,,POL.1_1,RLM7,SP44,REF1
,,,1.0,0.0,,,PRT.1_1,RLM7,SP44,REF1
,,,1.0,0.0,,,PRT.2_1,RLM7,SP44,REF1
,,,1.0,0.0,,,PRT.3_1,RLM7,SP44,REF1
,1.0,,1.0,0.0,,,ROU.1_1,RLM7,SP44,REF1
,1.0,,1.0,0.0,,,,RLM7,SP44,REF1
,,,1.0,0.0,,,SWE.1_1,RLM7,SP44,REF1
,,,1.0,0.0,,,GBR.1_1,RLM7,SP44,REF1
,1.0,,1.0,0.0,,,GBR.6_1,RLM2,SP44,REF1
,1.0,,1.0,0.0,,,CUB.1_1,RLM9,SP44,REF1
,1.0,,1.0,0.0,,,DOM.1_1,RLM9,SP44,REF1
,1.0,,1.0,0.0,,,HTI.1_1,RLM9,SP44,REF1
,1.0,,1.0,0.0,,,MEX.1_1,RLM2,SP44,REF1
,1.0,,1.0,0.0,,,USA.1_1,RLM2,SP44,REF1
,1.0,,1.0,0.0,,,USA.1_2,RLM2,SP44,REF1
,1.0,,1.0,0.0,,,USA.2_1,RLM2,SP44,REF1
,1.0,,1.0,0.0,,,AUS.1_1,RLM8,SP44,REF1
,1.0,,1.0,0.0,,,NZL.1_1,RLM8,SP44,REF1
,1.0,,1.0,0.0,,,PNG.1_1,RLM3,SP44,REF1
,1.0,,1.0,0.0,,1983.0,URY.1_1,RLM1,SP44,REF1
,1.0,,1.0,0.0,,,VEN.1_1,RLM1,SP44,REF1
,1.0,,1.0,0.0,,,VEN.2_1,RLM1,SP44,REF1
,1.0,,1.0,0.0,,,DZA.1_1,RLM10,SP63,REF1
,1.0,,1.0,0.0,,,EGY.1_1,RLM10,SP63,REF1
,,,1.0,0.0,,,LBY.1_1,RLM10,SP63,REF1
,1.0,,1.0,0.0,,,MDG.1_1,RLM11,SP63,REF1
,1.0,,1.0,0.0,,,MAR.1_1,RLM10,SP63,REF1
,1.0,,1.0,0.0,,,ZAF.1_1,RLM6,SP63,REF1
,1.0,,1.0,0.0,,,TUN.1_1,RLM10,SP63,REF1
,1.0,,1.0,0.0,,,ZWE.1_1,RLM6,SP63,REF1
,,,1.0,0.0,,,AFG.1_1,RLM10,SP63,REF1
,,,1.0,0.0,,,CHN.1_1,RLM7,SP63,REF1
,,,1.0,0.0,,,CHN.2_1,RLM7,SP63,REF1
,,,1.0,0.0,,,CHN.3_1,RLM7,SP63,REF1
,1.0,,1.0,0.0,,,,RLM5,SP63,REF1
,1.0,,1.0,0.0,,,IRQ.1_1,RLM10,SP63,REF1
,1.0,,1.0,0.0,,,ISR.1_1,RLM10,SP63,REF1
,1.0,,1.0,0.0,,,JPN.1_1,RLM5,SP63,REF1
,,,1.0,0.0,,,LBN.1_1,RLM10,SP63,REF1
,,,1.0,0.0,,,SAU.1_1,RLM10,SP63,REF1
,1.0,,1.0,0.0,,,LKA.1_1,RLM4,SP63,REF1
,1.0,,1.0,0.0,,,SYR.1_1,RLM10,SP63,REF1
,1.0,,1.0,0.0,,,TWN.1_1,RLM4,SP63,REF1
,,,1.0,0.0,,,TUR.1_1,RLM7,SP63,REF1
,1.0,,1.0,0.0,,,AUT.1_1,RLM7,SP63,REF1
,1.0,,1.0,0.0,,,CYP.1_1,RLM10,SP63,REF1
,1.0,,1.0,0.0,,1900.0,CZE.1_1,RLM7,SP63,REF1
,1.0,,1.0,0.0,,,FRA.1_1,RLM7,SP63,REF1
,,,1.0,0.0,,,DEU.1_1,RLM7,SP63,REF1
,1.0,,1.0,0.0,,,GRC.1_1,RLM7,SP63,REF1
,1.0,,1.0,0.0,,,GRC.2_1,RLM7,SP63,REF1
,1.0,,1.0,0.0,,,ITA.1_1,RLM7,SP63,REF1
,1.0,,1.0,0.0,,,PRT.1_1,RLM7,SP63,REF1
,1.0,,1.0,0.0,,,PRT.2_1,RLM7,SP63,REF1
,1.0,,1.0,0.0,,,PRT.3_1,RLM7,SP63,REF1
,,,1.0,0.0,,,,RLM7,SP63,REF1
,1.0,,1.0,0.0,,,ESP.1_1,RLM7,SP63,REF1
,1.0,,1.0,0.0,,,ESP.1_2,RLM7,SP63,REF1
,1.0,,1.0,0.0,,,ESP.2_1,RLM7,SP63,REF1
,1.0,,1.0,0.0,,,ESP.3_1,RLM7,SP63,REF1
,1.0,,1.0,0.0,,,GBR.1_1,RLM7,SP63,REF1
,,,1.0,0.0,,,BRB.1_1,RLM9,SP63,REF1
,1.0,,1.0,0.0,,,CUB.1_1,RLM9,SP63,REF1
,1.0,,1.0,0.0,,,JAM.1_1,RLM9,SP63,REF1
,1.0,,1.0,0.0,,,GBR.6_1,RLM9,SP63,REF1
,,,1.0,0.0,,,USA.3_1,RLM9,SP63,REF1
,1.0,,1.0,0.0,,,TTO.1_1,RLM1,SP63,REF1
,1.0,,1.0,0.0,,,AUS.1_1,RLM8,SP63,REF1
,1.0,,1.0,0.0,,,GUM.1_1,RLM3,SP63,REF1
,1.0,,1.0,0.0,,,ARG.1_1,RLM1,SP63,REF1
,1.0,,1.0,0.0,,,ARG.2_1,RLM1,SP63,REF1
,1.0,,1.0,0.0,,,CHL.1_1,RLM1,SP63,REF1
,,,1.0,0.0,,,COL.1_1,RLM1,SP63,REF1
,1.0,,1.0,0.0,,,VEN.1_1,RLM1,SP63,REF1
,1.0,,1.0,0.0,,,VEN.2_1,RLM1,SP63,REF1
,,,1.0,0.0,,,ARM.1_1,RLM7,SP52,REF1
,,,1.0,0.0,,,AZE.1_1,RLM7,SP52,REF1
,,,1.0,0.0,,,GEO.1_1,RLM7,SP52,REF1
,,,1.0,0.0,,,,RLM5,SP52,REF1
,,,1.0,0.0,,,PRK.1_1,RLM7,SP52,REF1
,,,1.0,0.0,,,KOR.1_1,RLM7,SP52,REF1
,,,1.0,0.0,,,KOR.2_1,RLM7,SP52,REF1
,,,1.0,0.0,,,TUR.1_1,RLM7,SP52,REF1
,,,1.0,0.0,,,AUT.1_1,RLM7,SP52,REF1
,,,1.0,0.0,,,BEL.1_1,RLM7,SP52,REF1
,,,1.0,0.0,,,BGR.1_1,RLM7,SP52,REF1
,,,1.0,0.0,,,HRV.1_1,RLM7,SP52,REF1
,,,1.0,0.0,,,CZE.1_1,RLM7,SP52,REF1
,,,1.0,0.0,,,DNK.1_1,RLM7,SP52,REF1
,,,1.0,0.0,,,EST.1_1,RLM7,SP52,REF1
,,,1.0,0.0,,,FIN.1_1,RLM7,SP52,REF1
,,,1.0,0.0,,,FRA.1_1,RLM7,SP52,REF1
,,,1.0,0.0,,,DEU.1_1,RLM7,SP52,REF1
,,,1.0,0.0,,,GRC.1_1,RLM7,SP52,REF1
,,,1.0,0.0,,,GRC.2_1,RLM7,SP52,REF1
,,,1.0,0.0,,,HUN.1_1,RLM7,SP52,REF1
,,,1.0,0.0,,,ITA.1_1,RLM7,SP52,REF1
,,,1.0,0.0,,,LTU.1_1,RLM7,SP52,REF1
,,,1.0,0.0,,,NLD.1_1,RLM7,SP52,REF1
,,,1.0,0.0,,,MKD.1_1,RLM7,SP52,REF1
,,,1.0,0.0,,,NOR.1_1,RLM7,SP52,REF1
,,,1.0,0.0,,,POL.1_1,RLM7,SP52,REF1
,,,1.0,0.0,,,ROU.1_1,RLM7,SP52,REF1
,,,1.0,0.0,,,SRB.1_1,RLM7,SP52,REF1
,,,1.0,0.0,,,SVK.1_1,RLM7,SP52,REF1
,,,1.0,0.0,,,SVN.1_1,RLM7,SP52,REF1
,,,1.0,0.0,,,ESP.1_1,RLM7,SP52,REF1
,,,1.0,0.0,,,ESP.1_2,RLM7,SP52,REF1
,,,1.0,0.0,,,ESP.2_1,RLM7,SP52,REF1
,,,1.0,0.0,,,ESP.3_1,RLM7,SP52,REF1
,,,1.0,0.0,,,SWE.1_1,RLM7,SP52,REF1
,,,1.0,0.0,,,CHE.1_1,RLM7,SP52,REF1
,,,1.0,0.0,,,UKR.1_1,RLM7,SP52,REF1
,,,1.0,0.0,,,AFG.1_1,RLM10,SP31,REF1
,,,1.0,0.0,,,AZE.1_1,RLM7,SP31,REF1
,,,1.0,0.0,,,BHR.1_1,RLM10,SP31,REF1
,,,1.0,0.0,,,BGD.1_1,RLM4,SP31,REF1
,,,1.0,0.0,,,BTN.1_1,RLM4,SP31,REF1
,,,1.0,0.0,,,KHM.1_1,RLM4,SP31,REF1
,,,1.0,0.0,,,CHN.1_1,RLM7,SP31,REF1
,,,1.0,0.0,,,CHN.2_1,RLM7,SP31,REF1
,,,1.0,0.0,,,CHN.3_1,RLM7,SP31,REF1
,,,1.0,0.0,,,,RLM5,SP31,REF1
,,,1.0,0.0,,,IRN.1_1,RLM10,SP31,REF1
,,,1.0,0.0,,,IRQ.1_1,RLM10,SP31,REF1
,,,1.0,0.0,,,KWT.1_1,RLM10,SP31,REF1
,,,1.0,0.0,,,LAO.1_1,RLM4,SP31,REF1
,,,1.0,0.0,,,LBN.1_1,RLM10,SP31,REF1
,,,1.0,0.0,,,MMR.1_1,RLM4,SP31,REF1
,,,1.0,0.0,,,NPL.1_1,RLM5,SP31,REF1
,,,1.0,0.0,,,OMN.1_1,RLM10,SP31,REF1
,,,1.0,0.0,,,PAK.1_1,RLM4,SP31,REF1
,,,1.0,0.0,,,PHL.1_1,RLM4,SP31,REF1
,,,1.0,0.0,,,QAT.1_1,RLM10,SP31,REF1
,,,1.0,0.0,,,SAU.1_1,RLM10,SP31,REF1
,,,1.0,0.0,,,SGP.1_1,RLM4,SP31,REF1
,,,1.0,0.0,,,LKA.1_1,RLM4,SP31,REF1
,,,1.0,0.0,,,SYR.1_1,RLM10,SP31,REF1
,,,1.0,0.0,,,TWN.1_1,RLM4,SP31,REF1
,,,1.0,0.0,,,THA.1_1,RLM4,SP31,REF1
,,,1.0,0.0,,,TUR.1_1,RLM7,SP31,REF1
,,,1.0,0.0,,,ARE.1_1,RLM10,SP31,REF1
,,,1.0,0.0,,,VNM.1_1,RLM4,SP31,REF1
,,,1.0,0.0,,,CYP.1_1,RLM10,SP31,REF1
,,,1.0,0.0,,,PRT.1_1,RLM7,SP31,REF1
,,,1.0,0.0,,,PRT.2_1,RLM7,SP31,REF1
,,,1.0,0.0,,,PRT.3_1,RLM7,SP31,REF1
,,,1.0,0.0,,,GBR.6_1,RLM9,SP31,REF1
,,,1.0,0.0,,,CUB.1_1,RLM9,SP31,REF1
,1.0,,1.0,0.0,,2004.0,DOM.1_1,RLM9,SP31,REF1
,,,1.0,0.0,,,HTI.1_1,RLM9,SP31,REF1
,1.0,,1.0,0.0,,2006.0,JAM.1_1,RLM9,SP31,REF1
,,,1.0,0.0,,,USA.3_1,RLM9,SP31,REF1
,,,1.0,0.0,,,PNG.1_1,RLM3,SP31,REF1
,,,1.0,0.0,,,DZA.1_1,RLM10,SP34,REF1
,,,1.0,0.0,,,MAR.1_1,RLM10,SP34,REF1
,,,1.0,0.0,,,ZAF.1_1,RLM6,SP34,REF1
,,,1.0,0.0,,,TUN.1_1,RLM10,SP34,REF1
,,,1.0,0.0,,,AFG.1_1,RLM10,SP34,REF1
,,,1.0,0.0,,,ARM.1_1,RLM7,SP34,REF1
,,,1.0,0.0,,,AZE.1_1,RLM7,SP34,REF1
,1.0,,1.0,0.0,,,CHN.1_1,RLM7,SP34,REF1
,1.0,,1.0,0.0,,,CHN.2_1,RLM7,SP34,REF1
,1.0,,1.0,0.0,,,CHN.3_1,RLM7,SP34,REF1
,,,1.0,0.0,,,IRN.1_1,RLM10,SP34,REF1
,,,1.0,0.0,,,IRQ.1_1,RLM10,SP34,REF1
,,,1.0,0.0,,,ISR.1_1,RLM10,SP34,REF1
,,,1.0,0.0,,,KAZ.1_1,RLM7,SP34,REF1
,,,1.0,0.0,,,KGZ.1_1,RLM7,SP34,REF1
,,,1.0,0.0,,,LBN.1_1,RLM10,SP34,REF1
,,,1.0,0.0,,,MNG.1_1,RLM7,SP34,REF1
,,,1.0,0.0,,,PRK.1_1,RLM7,SP34,REF1
,,,1.0,0.0,,,KOR.1_1,RLM7,SP34,REF1
,,,1.0,0.0,,,KOR.2_1,RLM7,SP34,REF1
,,,1.0,0.0,,,SYR.1_1,RLM10,SP34,REF1
,,,1.0,0.0,,,TWN.1_1,RLM4,SP34,REF1
,,,1.0,0.0,,,TJK.1_1,RLM7,SP34,REF1
,,,1.0,0.0,,,TUR.1_1,RLM7,SP34,REF1
,,,1.0,0.0,,,TKM.1_1,RLM7,SP34,REF1
,,,1.0,0.0,,,UZB.1_1,RLM7,SP34,REF1
,,,1.0,0.0,,,AUT.1_1,RLM7,SP34,REF1
,,,1.0,0.0,,,BLR.1_1,RLM7,SP34,REF1
,,,1.0,0.0,,,BEL.1_1,RLM7,SP34,REF1
,,,1.0,0.0,,,BGR.1_1,RLM7,SP34,REF1
,,,1.0,0.0,,,HRV.1_1,RLM7,SP34,REF1
,,,1.0,0.0,,,CYP.1_1,RLM10,SP34,REF1
,,,1.0,0.0,,,CZE.1_1,RLM7,SP34,REF1
,,,1.0,0.0,,,DNK.1_1,RLM7,SP34,REF1
,,,1.0,0.0,,,EST.1_1,RLM7,SP34,REF1
,,,1.0,0.0,,,FIN.1_1,RLM7,SP34,REF1
,,,1.0,0.0,,,FRA.1_1,RLM7,SP34,REF1
,,,1.0,0.0,,,DEU.1_1,RLM7,SP34,REF1
,,,1.0,0.0,,,GRC.1_1,RLM7,SP34,REF1
,,,1.0,0.0,,,GRC.2_1,RLM7,SP34,REF1
,,,1.0,0.0,,,HUN.1_1,RLM7,SP34,REF1
,,,1.0,0.0,,,ITA.1_1,RLM7,SP34,REF1
,,,1.0,0.0,,,LTU.1_1,RLM7,SP34,REF1
,,,1.0,0.0,,,MDA.1_1,RLM7,SP34,REF1
,,,1.0,0.0,,,NLD.1_1,RLM7,SP34,REF1
,,,1.0,0.0,,,MKD.1_1,RLM7,SP34,REF1
,,,1.0,0.0,,,POL.1_1,RLM7,SP34,REF1
,,,1.0,0.0,,,PRT.1_1,RLM7,SP34,REF1
,,,1.0,0.0,,,PRT.2_1,RLM7,SP34,REF1
,,,1.0,0.0,,,PRT.3_1,RLM7,SP34,REF1
,,,1.0,0.0,,,ROU.1_1,RLM7,SP34,REF1
,,,1.0,0.0,,,SRB.1_1,RLM7,SP34,REF1
,,,1.0,0.0,,,SVK.1_1,RLM7,SP34,REF1
,,,1.0,0.0,,,SVN.1_1,RLM7,SP34,REF1
,,,1.0,0.0,,,ESP.1_1,RLM7,SP34,REF1
,,,1.0,0.0,,,ESP.1_2,RLM7,SP34,REF1
,,,1.0,0.0,,,ESP.2_1,RLM7,SP34,REF1
,,,1.0,0.0,,,ESP.3_1,RLM7,SP34,REF1
,,,1.0,0.0,,,SWE.1_1,RLM7,SP34,REF1
,,,1.0,0.0,,,CHE.1_1,RLM7,SP34,REF1
,,,1.0,0.0,,,UKR.1_1,RLM7,SP34,REF1
,1.0,,1.0,0.0,,1912.0,CAN.1_1,RLM2,SP34,REF1
,1.0,,1.0,0.0,,1869.0,USA.1_1,RLM2,SP34,REF1
,1.0,,1.0,0.0,,1869.0,USA.1_2,RLM2,SP34,REF1
,1.0,,1.0,0.0,,1869.0,USA.2_1,RLM2,SP34,REF1
,,,1.0,0.0,,,NZL.1_1,RLM8,SP34,REF1
,,,1.0,0.0,,,BEN.1_1,RLM6,SP45,REF1
,,,1.0,0.0,,,COD.1_1,RLM6,SP45,REF1
,,,1.0,0.0,,,BGD.1_1,RLM4,SP45,REF1
,,,1.0,0.0,,,KHM.1_1,RLM4,SP45,REF1
,,,1.0,0.0,,,IDN.1_1,RLM4,SP45,REF1
,,,1.0,0.0,,,LAO.1_1,RLM4,SP45,REF1
,,,1.0,0.0,,,PHL.1_1,RLM4,SP45,REF1
,,,1.0,0.0,,,TKM.1_1,RLM7,SP45,REF1
,,,1.0,0.0,,,AUT.1_1,RLM7,SP45,REF1
,,,1.0,0.0,,,BEL.1_1,RLM7,SP45,REF1
,,,1.0,0.0,,,BGR.1_1,RLM7,SP45,REF1
,,,1.0,0.0,,,HRV.1_1,RLM7,SP45,REF1
,1.0,,1.0,0.0,,1999.0,CZE.1_1,RLM7,SP45,REF1
,,,1.0,0.0,,,DNK.1_1,RLM7,SP45,REF1
,,,1.0,0.0,,,DEU.1_1,RLM7,SP45,REF1
,,,1.0,0.0,,,NLD.1_1,RLM7,SP45,REF1
,,,1.0,0.0,,,MKD.1_1,RLM7,SP45,REF1
,,,1.0,0.0,,,POL.1_1,RLM7,SP45,REF1
,,,1.0,0.0,,,,RLM7,SP45,REF1
,,,1.0,0.0,,,SVN.1_1,RLM7,SP45,REF1
,,,1.0,0.0,,,SWE.1_1,RLM7,SP45,REF1
,,,1.0,0.0,,,CHE.1_1,RLM7,SP45,REF1
,,,1.0,0.0,,,GBR.1_1,RLM7,SP45,REF1
,,,1.0,0.0,,,CAN.1_1,RLM2,SP45,REF1
,,,1.0,0.0,,,USA.1_1,RLM2,SP45,REF1
,,,1.0,0.0,,,USA.1_2,RLM2,SP45,REF1
,,,1.0,0.0,,,USA.2_1,RLM2,SP45,REF1
,,,1.0,0.0,,,NZL.1_1,RLM8,SP45,REF1
,,,1.0,0.0,,,CHL.1_1,RLM1,SP45,REF1
,,,1.0,0.0,,,DZA.1_1,RLM10,SP68,REF1
,,,1.0,0.0,,,ARM.1_1,RLM7,SP68,REF1
,,,1.0,0.0,,,AZE.1_1,RLM7,SP68,REF1
,,,1.0,0.0,,,GEO.1_1,RLM7,SP68,REF1
,,,1.0,0.0,,,JPN.1_1,RLM5,SP68,REF1
,,,1.0,0.0,,,KAZ.1_1,RLM7,SP68,REF1
,,,1.0,0.0,,,KGZ.1_1,RLM7,SP68,REF1
,,,1.0,0.0,,,MNG.1_1,RLM7,SP68,REF1
,,,1.0,0.0,,,AUT.1_1,RLM7,SP68,REF1
,,,1.0,0.0,,,BLR.1_1,RLM7,SP68,REF1
,,,1.0,0.0,,,BEL.1_1,RLM7,SP68,REF1
,,,1.0,0.0,,,CZE.1_1,RLM7,SP68,REF1
,,,1.0,0.0,,,DNK.1_1,RLM7,SP68,REF1
,,,1.0,0.0,,,EST.1_1,RLM7,SP68,REF1
,,,1.0,0.0,,,FIN.1_1,RLM7,SP68,REF1
,,,1.0,0.0,,,FRA.1_1,RLM7,SP68,REF1
,,,1.0,0.0,,,DEU.1_1,RLM7,SP68,REF1
,,,1.0,0.0,,,GRC.1_1,RLM7,SP68,REF1
,,,1.0,0.0,,,GRC.2_1,RLM7,SP68,REF1
,,,1.0,0.0,,,HUN.1_1,RLM7,SP68,REF1
,,,1.0,0.0,,,ITA.1_1,RLM7,SP68,REF1
,,,1.0,0.0,,,LVA.1_1,RLM7,SP68,REF1
,,,1.0,0.0,,,LTU.1_1,RLM7,SP68,REF1
,,,1.0,0.0,,,LUX.1_1,RLM7,SP68,REF1
,,,1.0,0.0,,,MDA.1_1,RLM7,SP68,REF1
,,,1.0,0.0,,,NLD.1_1,RLM7,SP68,REF1
,,,1.0,0.0,,,NOR.1_1,RLM7,SP68,REF1
,,,1.0,0.0,,,POL.1_1,RLM7,SP68,REF1
,,,1.0,0.0,,,PRT.1_1,RLM7,SP68,REF1
,,,1.0,0.0,,,PRT.2_1,RLM7,SP68,REF1
,,,1.0,0.0,,,PRT.3_1,RLM7,SP68,REF1
,,,1.0,0.0,,,SRB.1_1,RLM7,SP68,REF1
,,,1.0,0.0,,,SVK.1_1,RLM7,SP68,REF1
,,,1.0,0.0,,,SVN.1_1,RLM7,SP68,REF1
,,,1.0,0.0,,,ESP.1_1,RLM7,SP68,REF1
,,,1.0,0.0,,,ESP.1_2,RLM7,SP68,REF1
,,,1.0,0.0,,,ESP.2_1,RLM7,SP68,REF1
,,,1.0,0.0,,,ESP.3_1,RLM7,SP68,REF1
,,,1.0,0.0,,,SWE.1_1,RLM7,SP68,REF1
,,,1.0,0.0,,,CHE.1_1,RLM7,SP68,REF1
,,,1.0,0.0,,,UKR.1_1,RLM7,SP68,REF1
,,,1.0,0.0,,,CHN.1_1,RLM7,SP69,REF1
,,,1.0,0.0,,,CHN.2_1,RLM7,SP69,REF1
,,,1.0,0.0,,,CHN.3_1,RLM7,SP69,REF1
,1.0,,1.0,0.0,,2000.0,AUT.1_1,RLM7,SP69,REF1
,1.0,,1.0,0.0,,1998.0,BLR.1_1,RLM7,SP69,REF1
,1.0,,1.0,0.0,,2009.0,BGR.1_1,RLM7,SP69,REF1
,1.0,,1.0,0.0,,2005.0,HRV.1_1,RLM7,SP69,REF1
,1.0,,1.0,0.0,,,CZE.1_1,RLM7,SP69,REF1
,1.0,,1.0,0.0,,,EST.1_1,RLM7,SP69,REF1
,1.0,,1.0,0.0,,2002.0,FIN.1_1,RLM7,SP69,REF1
,1.0,,1.0,0.0,,2007.0,FRA.1_1,RLM7,SP69,REF1
,1.0,,1.0,0.0,,,DEU.1_1,RLM7,SP69,REF1
,1.0,,1.0,0.0,,2000.0,HUN.1_1,RLM7,SP69,REF1
,1.0,,1.0,0.0,,2011.0,ITA.1_1,RLM7,SP69,REF1
,1.0,,1.0,0.0,,1998.0,LVA.1_1,RLM7,SP69,REF1
,1.0,,1.0,0.0,,2001.0,LTU.1_1,RLM7,SP69,REF1
,1.0,,1.0,0.0,,2003.0,MDA.1_1,RLM7,SP69,REF1
,,,1.0,0.0,,,NLD.1_1,RLM7,SP69,REF1
,1.0,,1.0,0.0,,1996.0,POL.1_1,RLM7,SP69,REF1
,1.0,,1.0,0.0,,2007.0,ROU.1_1,RLM7,SP69,REF1
,1.0,,1.0,0.0,,,,RLM7,SP69,REF1
,,,1.0,0.0,,,SRB.1_1,RLM7,SP69,REF1
,1.0,,1.0,0.0,,2000.0,SVK.1_1,RLM7,SP69,REF1
,1.0,,1.0,0.0,,2004.0,SVN.1_1,RLM7,SP69,REF1
,1.0,,1.0,0.0,,2009.0,CHE.1_1,RLM7,SP69,REF1
,1.0,,1.0,0.0,,2001.0,UKR.1_1,RLM7,SP69,REF1
,1.0,,1.0,0.0,,,MLI.1_1,RLM6,SP35,REF1
,1.0,,1.0,0.0,,,MAR.1_1,RLM10,SP35,REF1
,1.0,,1.0,0.0,,,NER.1_1,RLM6,SP35,REF1
,1.0,,1.0,0.0,,,SEN.1_1,RLM6,SP35,REF1
,1.0,,1.0,0.0,,,SOM.1_1,RLM6,SP35,REF1
,1.0,,1.0,0.0,,,TGO.1_1,RLM6,SP35,REF1
,1.0,,1.0,0.0,,,CHN.1_1,RLM7,SP35,REF1
,1.0,,1.0,0.0,,,CHN.2_1,RLM7,SP35,REF1
,1.0,,1.0,0.0,,,CHN.3_1,RLM7,SP35,REF1
,1.0,,1.0,0.0,,,IND.1_1,RLM4,SP35,REF1
,1.0,,1.0,0.0,,,IRN.1_1,RLM10,SP35,REF1
,1.0,,1.0,0.0,,,ISR.1_1,RLM10,SP35,REF1
,1.0,,1.0,0.0,,,TUR.1_1,RLM7,SP35,REF1
,1.0,,1.0,0.0,,,UZB.1_1,RLM7,SP35,REF1
,1.0,,1.0,0.0,,,BGR.1_1,RLM7,SP35,REF1
,1.0,,1.0,0.0,,,CZE.1_1,RLM7,SP35,REF1
,1.0,,1.0,0.0,,,DNK.1_1,RLM7,SP35,REF1
,1.0,,1.0,0.0,,,FRA.1_1,RLM7,SP35,REF1
,1.0,,1.0,0.0,,,DEU.1_1,RLM7,SP35,REF1
,1.0,,1.0,0.0,,,GRC.1_1,RLM7,SP35,REF1
,1.0,,1.0,0.0,,,GRC.2_1,RLM7,SP35,REF1
,1.0,,1.0,0.0,,,HUN.1_1,RLM7,SP35,REF1
,1.0,,1.0,0.0,,,ISL.1_1,RLM7,SP35,REF1
,1.0,,1.0,0.0,,,IRL.1_1,RLM7,SP35,REF1
,1.0,,1.0,0.0,,,ITA.1_1,RLM7,SP35,REF1
,1.0,,1.0,0.0,,,LUX.1_1,RLM7,SP35,REF1
,1.0,,1.0,0.0,,,MLT.1_1,RLM10,SP35,REF1
,1.0,,1.0,0.0,,,NLD.1_1,RLM7,SP35,REF1
,1.0,,1.0,0.0,,,POL.1_1,RLM7,SP35,REF1
,1.0,,1.0,0.0,,,PRT.1_1,RLM7,SP35,REF1
,1.0,,1.0,0.0,,,PRT.2_1,RLM7,SP35,REF1
,1.0,,1.0,0.0,,,PRT.3_1,RLM7,SP35,REF1
,1.0,,1.0,0.0,,,ROU.1_1,RLM7,SP35,REF1
,1.0,,1.0,0.0,,,,RLM7,SP35,REF1
,1.0,,1.0,0.0,,,SVK.1_1,RLM7,SP35,REF1
,1.0,,1.0,0.0,,,ESP.1_1,RLM7,SP35,REF1
,1.0,,1.0,0.0,,,ESP.1_2,RLM7,SP35,REF1
,1.0,,1.0,0.0,,,ESP.2_1,RLM7,SP35,REF1
,1.0,,1.0,0.0,,,ESP.3_1,RLM7,SP35,REF1
,1.0,,1.0,0.0,,,SWE.1_1,RLM7,SP35,REF1
,1.0,,1.0,0.0,,,CHE.1_1,RLM7,SP35,REF1
,1.0,,1.0,0.0,,,GBR.1_1,RLM7,SP35,REF1
,,,1.0,0.0,,,DZA.1_1,RLM10,SP11,REF1
,,,1.0,0.0,,,EGY.1_1,RLM10,SP11,REF1
,,,1.0,0.0,,,LBY.1_1,RLM10,SP11,REF1
,,,1.0,0.0,,,MAR.1_1,RLM10,SP11,REF1
,,,1.0,0.0,,,TUN.1_1,RLM10,SP11,REF1
,,,1.0,0.0,,,GEO.1_1,RLM7,SP11,REF1
,,,1.0,0.0,,,IND.1_1,RLM4,SP11,REF1
,,,1.0,0.0,,,IDN.1_1,RLM4,SP11,REF1
,,,1.0,0.0,,,IRN.1_1,RLM10,SP11,REF1
,,,1.0,0.0,,,ISR.1_1,RLM10,SP11,REF1
,,,1.0,0.0,,,LBN.1_1,RLM10,SP11,REF1
,,,1.0,0.0,,,SYR.1_1,RLM10,SP11,REF1
,,,1.0,0.0,,,TUR.1_1,RLM7,SP11,REF1
,,,1.0,0.0,,,AUT.1_1,RLM7,SP11,REF1
,,,1.0,0.0,,,BLR.1_1,RLM7,SP11,REF1
,,,1.0,0.0,,,BEL.1_1,RLM7,SP11,REF1
,,,1.0,0.0,,,BGR.1_1,RLM7,SP11,REF1
,,,1.0,0.0,,,HRV.1_1,RLM7,SP11,REF1
,,,1.0,0.0,,,CYP.1_1,RLM10,SP11,REF1
,,,1.0,0.0,,,CZE.1_1,RLM7,SP11,REF1
,,,1.0,0.0,,,DNK.1_1,RLM7,SP11,REF1
,,,1.0,0.0,,,FRA.1_1,RLM7,SP11,REF1
,,,1.0,0.0,,,DEU.1_1,RLM7,SP11,REF1
,,,1.0,0.0,,,GRC.1_1,RLM7,SP11,REF1
,,,1.0,0.0,,,GRC.2_1,RLM7,SP11,REF1
,,,1.0,0.0,,,HUN.1_1,RLM7,SP11,REF1
,,,1.0,0.0,,,IRL.1_1,RLM7,SP11,REF1
,,,1.0,0.0,,,ITA.1_1,RLM7,SP11,REF1
,,,1.0,0.0,,,MDA.1_1,RLM7,SP11,REF1
,,,1.0,0.0,,,MNE.1_1,RLM7,SP11,REF1
,,,1.0,0.0,,,NLD.1_1,RLM7,SP11,REF1
,,,1.0,0.0,,,NOR.1_1,RLM7,SP11,REF1
,,,1.0,0.0,,,POL.1_1,RLM7,SP11,REF1
,,,1.0,0.0,,,PRT.1_1,RLM7,SP11,REF1
,,,1.0,0.0,,,PRT.2_1,RLM7,SP11,REF1
,,,1.0,0.0,,,PRT.3_1,RLM7,SP11,REF1
,,,1.0,0.0,,,ROU.1_1,RLM7,SP11,REF1
,,,1.0,0.0,,,,RLM7,SP11,REF1
,,,1.0,0.0,,,SRB.1_1,RLM7,SP11,REF1
,,,1.0,0.0,,,SVK.1_1,RLM7,SP11,REF1
,,,1.0,0.0,,,SVN.1_1,RLM7,SP11,REF1
,,,1.0,0.0,,,ESP.1_1,RLM7,SP11,REF1
,,,1.0,0.0,,,ESP.1_2,RLM7,SP11,REF1
,,,1.0,0.0,,,ESP.2_1,RLM7,SP11,REF1
,,,1.0,0.0,,,ESP.3_1,RLM7,SP11,REF1
,,,1.0,0.0,,,SWE.1_1,RLM7,SP11,REF1
,,,1.0,0.0,,,CHE.1_1,RLM7,SP11,REF1
,,,1.0,0.0,,,UKR.1_1,RLM7,SP11,REF1
,1.0,,1.0,0.0,,1917.0,USA.1_1,RLM2,SP11,REF1
,1.0,,1.0,0.0,,1917.0,USA.1_2,RLM2,SP11,REF1
,1.0,,1.0,0.0,,1917.0,USA.2_1,RLM2,SP11,REF1
,,,1.0,0.0,,,DZA.1_1,RLM10,SP74,REF1
,,,1.0,0.0,,,EGY.1_1,RLM10,SP74,REF1
,,,1.0,0.0,,,LBY.1_1,RLM10,SP74,REF1
,,,1.0,0.0,,,MAR.1_1,RLM10,SP74,REF1
,,,1.0,0.0,,,IRN.1_1,RLM10,SP74,REF1
,,,1.0,0.0,,,IRQ.1_1,RLM10,SP74,REF1
,,,1.0,0.0,,,ISR.1_1,RLM10,SP74,REF1
,,,1.0,0.0,,,JPN.1_1,RLM5,SP74,REF1
,,,1.0,0.0,,,LBN.1_1,RLM10,SP74,REF1
,,,1.0,0.0,,,PRK.1_1,RLM7,SP74,REF1
,,,1.0,0.0,,,SYR.1_1,RLM10,SP74,REF1
,,,1.0,0.0,,,TWN.1_1,RLM4,SP74,REF1
,,,1.0,0.0,,,TUR.1_1,RLM7,SP74,REF1
,,,1.0,0.0,,,AUT.1_1,RLM7,SP74,REF1
,,,1.0,0.0,,,BEL.1_1,RLM7,SP74,REF1
,,,1.0,0.0,,,BGR.1_1,RLM7,SP74,REF1
,,,1.0,0.0,,,CYP.1_1,RLM10,SP74,REF1
,,,1.0,0.0,,,DNK.1_1,RLM7,SP74,REF1
,,,1.0,0.0,,,FRA.1_1,RLM7,SP74,REF1
,,,1.0,0.0,,,ITA.1_1,RLM7,SP74,REF1
,,,1.0,0.0,,,MLT.1_1,RLM10,SP74,REF1
,,,1.0,0.0,,,NLD.1_1,RLM7,SP74,REF1
,,,1.0,0.0,,,NOR.1_1,RLM7,SP74,REF1
,,,1.0,0.0,,,POL.1_1,RLM7,SP74,REF1
,,,1.0,0.0,,,PRT.1_1,RLM7,SP74,REF1
,,,1.0,0.0,,,PRT.2_1,RLM7,SP74,REF1
,,,1.0,0.0,,,PRT.3_1,RLM7,SP74,REF1
,,,1.0,0.0,,,ROU.1_1,RLM7,SP74,REF1
,,,1.0,0.0,,,,RLM7,SP74,REF1
,,,1.0,0.0,,,ESP.1_1,RLM7,SP74,REF1
,,,1.0,0.0,,,ESP.1_2,RLM7,SP74,REF1
,,,1.0,0.0,,,ESP.2_1,RLM7,SP74,REF1
,,,1.0,0.0,,,ESP.3_1,RLM7,SP74,REF1
,,,1.0,0.0,,,SWE.1_1,RLM7,SP74,REF1
,,,1.0,0.0,,,CHE.1_1,RLM7,SP74,REF1
,,,1.0,0.0,,,GBR.1_1,RLM7,SP74,REF1
,,,1.0,0.0,,,CAN.1_1,RLM2,SP74,REF1
,1.0,,1.0,0.0,,1882.0,USA.1_1,RLM2,SP74,REF1
,1.0,,1.0,0.0,,1882.0,USA.1_2,RLM2,SP74,REF1
,1.0,,1.0,0.0,,1882.0,USA.2_1,RLM2,SP74,REF1
,,,1.0,0.0,,,MUS.1_1,RLM3,SP3,REF1
,1.0,,1.0,0.0,,1960.0,ECU.1_1,RLM1,SP3,REF1
,1.0,,1.0,0.0,,1960.0,ECU.2_1,RLM1,SP3,REF1
,,,1.0,0.0,,,SUR.1_1,RLM1,SP3,REF1
,,,1.0,0.0,,,ISR.1_1,RLM10,SP216,REF1
,,,1.0,0.0,,,JOR.1_1,RLM10,SP216,REF1
,,,1.0,0.0,,,LBN.1_1,RLM10,SP216,REF1
,,,1.0,0.0,,,SYR.1_1,RLM10,SP216,REF1
,,,1.0,0.0,,,TUR.1_1,RLM7,SP216,REF1
,,,1.0,0.0,,,ALB.1_1,RLM7,SP216,REF1
,,,1.0,0.0,,,AUT.1_1,RLM7,SP216,REF1
,,,1.0,0.0,,,BEL.1_1,RLM7,SP216,REF1
,,,1.0,0.0,,,BGR.1_1,RLM7,SP216,REF1
,,,1.0,0.0,,,HRV.1_1,RLM7,SP216,REF1
,,,1.0,0.0,,,CZE.1_1,RLM7,SP216,REF1
,,,1.0,0.0,,,DNK.1_1,RLM7,SP216,REF1
,,,1.0,0.0,,,FRA.1_1,RLM7,SP216,REF1
,,,1.0,0.0,,,DEU.1_1,RLM7,SP216,REF1
,,,1.0,0.0,,,GRC.1_1,RLM7,SP216,REF1
,,,1.0,0.0,,,GRC.2_1,RLM7,SP216,REF1
,,,1.0,0.0,,,HUN.1_1,RLM7,SP216,REF1
,,,1.0,0.0,,,IRL.1_1,RLM7,SP216,REF1
,,,1.0,0.0,,,ITA.1_1,RLM7,SP216,REF1
,,,1.0,0.0,,,MDA.1_1,RLM7,SP216,REF1
,,,1.0,0.0,,,MNE.1_1,RLM7,SP216,REF1
,,,1.0,0.0,,,NLD.1_1,RLM7,SP216,REF1
,,,1.0,0.0,,,MKD.1_1,RLM7,SP216,REF1
,,,1.0,0.0,,,POL.1_1,RLM7,SP216,REF1
,,,1.0,0.0,,,PRT.1_1,RLM7,SP216,REF1
,,,1.0,0.0,,,PRT.2_1,RLM7,SP216,REF1
,,,1.0,0.0,,,PRT.3_1,RLM7,SP216,REF1
,,,1.0,0.0,,,ROU.1_1,RLM7,SP216,REF1
,,,1.0,0.0,,,,RLM7,SP216,REF1
,,,1.0,0.0,,,SVK.1_1,RLM7,SP216,REF1
,,,1.0,0.0,,,SVN.1_1,RLM7,SP216,REF1
,,,1.0,0.0,,,ESP.1_1,RLM7,SP216,REF1
,,,1.0,0.0,,,ESP.1_2,RLM7,SP216,REF1
,,,1.0,0.0,,,ESP.2_1,RLM7,SP216,REF1
,,,1.0,0.0,,,ESP.3_1,RLM7,SP216,REF1
,,,1.0,0.0,,,SWE.1_1,RLM7,SP216,REF1
,,,1.0,0.0,,,CHE.1_1,RLM7,SP216,REF1
,,,1.0,0.0,,,UKR.1_1,RLM7,SP216,REF1
,1.0,,1.0,0.0,,,GBR.1_1,RLM7,SP216,REF1
,,,1.0,0.0,,,JPN.1_1,RLM5,SP91,REF1
,,,1.0,0.0,,,TUR.1_1,RLM7,SP91,REF1
,,,1.0,0.0,,,HRV.1_1,RLM7,SP91,REF1
,,,1.0,0.0,,,NLD.1_1,RLM7,SP91,REF1
,,,1.0,0.0,,,ROU.1_1,RLM7,SP91,REF1
,,,1.0,0.0,,,NPL.1_1,RLM5,SP37,REF1
,,,1.0,0.0,,,PRK.1_1,RLM7,SP37,REF1
,,,1.0,0.0,,,,RLM7,SP37,REF1
,,,1.0,0.0,,,USA.1_1,RLM2,SP37,REF1
,,,1.0,0.0,,,USA.1_2,RLM2,SP37,REF1
,,,1.0,0.0,,,USA.2_1,RLM2,SP37,REF1
0.0,,,1.0,0.0,,,BEN.1_1,RLM6,SP12,REF1
0.0,,,1.0,0.0,,,BFA.1_1,RLM6,SP12,REF1
0.0,,,1.0,0.0,,,COG.1_1,RLM6,SP12,REF1
0.0,,,1.0,0.0,,,,RLM6,SP12,REF1
0.0,,,1.0,0.0,,,EGY.1_1,RLM10,SP12,REF1
0.0,,,1.0,0.0,,,GNQ.1_1,RLM6,SP12,REF1
0.0,,,1.0,0.0,,,KEN.1_1,RLM6,SP12,REF1
0.0,,,1.0,0.0,,,LBR.1_1,RLM6,SP12,REF1
0.0,,,1.0,0.0,,,LBY.1_1,RLM10,SP12,REF1
0.0,,,1.0,0.0,,,MDG.1_1,RLM11,SP12,REF1
0.0,,,1.0,0.0,,,MWI.1_1,RLM6,SP12,REF1
0.0,,,1.0,0.0,,,MLI.1_1,RLM6,SP12,REF1
0.0,,,1.0,0.0,,,MUS.1_1,RLM3,SP12,REF1
0.0,,,1.0,0.0,,,MAR.1_1,RLM10,SP12,REF1
0.0,,,1.0,0.0,,,FRA.3_1,RLM11,SP12,REF1
0.0,,,1.0,0.0,,,GBR.3_1,RLM6,SP12,REF1
0.0,,,1.0,0.0,,,SEN.1_1,RLM6,SP12,REF1
0.0,1.0,,1.0,0.0,,,ZAF.1_1,RLM6,SP12,REF1
0.0,,,1.0,0.0,,,SDN.1_1,RLM6,SP12,REF1
0.0,,,1.0,0.0,,,TGO.1_1,RLM6,SP12,REF1
0.0,,,1.0,0.0,,,TUN.1_1,RLM10,SP12,REF1
0.0,,,1.0,0.0,,,ZWE.1_1,RLM6,SP12,REF1
0.0,,,1.0,0.0,,,AFG.1_1,RLM10,SP12,REF1
0.0,,,1.0,0.0,,,ARM.1_1,RLM7,SP12,REF1
0.0,,,1.0,0.0,,,AZE.1_1,RLM7,SP12,REF1
0.0,,,1.0,0.0,,,BGD.1_1,RLM4,SP12,REF1
0.0,,,1.0,0.0,,,KHM.1_1,RLM4,SP12,REF1
0.0,,,1.0,0.0,,,,RLM5,SP12,REF1
0.0,,,1.0,0.0,,,IRN.1_1,RLM10,SP12,REF1
0.0,,,1.0,0.0,,,IRQ.1_1,RLM10,SP12,REF1
0.0,,,1.0,0.0,,,ISR.1_1,RLM10,SP12,REF1
0.0,,,1.0,0.0,,,JOR.1_1,RLM10,SP12,REF1
0.0,,,1.0,0.0,,,LBN.1_1,RLM10,SP12,REF1
0.0,,,1.0,0.0,,,MYS.1_1,RLM4,SP12,REF1
0.0,,,1.0,0.0,,,MMR.1_1,RLM4,SP12,REF1
0.0,,,1.0,0.0,,,PRK.1_1,RLM7,SP12,REF1
0.0,,,1.0,0.0,,,PAK.1_1,RLM4,SP12,REF1
0.0,,,1.0,0.0,,,PHL.1_1,RLM4,SP12,REF1
0.0,,,1.0,0.0,,,SAU.1_1,RLM10,SP12,REF1
0.0,,,1.0,0.0,,,SGP.1_1,RLM4,SP12,REF1
0.0,,,1.0,0.0,,,KOR.1_1,RLM7,SP12,REF1
0.0,,,1.0,0.0,,,KOR.2_1,RLM7,SP12,REF1
0.0,,,1.0,0.0,,,LKA.1_1,RLM4,SP12,REF1
0.0,,,1.0,0.0,,,SYR.1_1,RLM10,SP12,REF1
0.0,,,1.0,0.0,,,TWN.1_1,RLM4,SP12,REF1
0.0,,,1.0,0.0,,,THA.1_1,RLM4,SP12,REF1
0.0,,,1.0,0.0,,,TUR.1_1,RLM7,SP12,REF1
0.0,,,1.0,0.0,,,ARE.1_1,RLM10,SP12,REF1
0.0,,,1.0,0.0,,,VNM.1_1,RLM4,SP12,REF1
0.0,,,1.0,0.0,,,ALB.1_1,RLM7,SP12,REF1
0.0,,,1.0,0.0,,,AUT.1_1,RLM7,SP12,REF1
0.0,,,1.0,0.0,,,BEL.1_1,RLM7,SP12,REF1
0.0,,,1.0,0.0,,,BGR.1_1,RLM7,SP12,REF1
0.0,,,1.0,0.0,,,HRV.1_1,RLM7,SP12,REF1
0.0,,,1.0,0.0,,,CYP.1_1,RLM10,SP12,REF1
0.0,,,1.0,0.0,,,CZE.1_1,RLM7,SP12,REF1
0.0,,,1.0,0.0,,,DNK.1_1,RLM7,SP12,REF1
0.0,,,1.0,0.0,,,EST.1_1,RLM7,SP12,REF1
0.0,,,1.0,0.0,,,FIN.1_1,RLM7,SP12,REF1
0.0,,,1.0,0.0,,,FRA.1_1,RLM7,SP12,REF1
0.0,,,1.0,0.0,,,DEU.1_1,RLM7,SP12,REF1
0.0,,,1.0,0.0,,,GRC.1_1,RLM7,SP12,REF1
0.0,,,1.0,0.0,,,GRC.2_1,RLM7,SP12,REF1
0.0,,,1.0,0.0,,,HUN.1_1,RLM7,SP12,REF1
0.0,,,1.0,0.0,,,ISL.1_1,RLM7,SP12,REF1
0.0,,,1.0,0.0,,,IRL.1_1,RLM7,SP12,REF1
0.0,,,1.0,0.0,,,ITA.1_1,RLM7,SP12,REF1
0.0,,,1.0,0.0,,,LVA.1_1,RLM7,SP12,REF1
0.0,,,1.0,0.0,,,LTU.1_1,RLM7,SP12,REF1
0.0,,,1.0,0.0,,,LUX.1_1,RLM7,SP12,REF1
0.0,,,1.0,0.0,,,MLT.1_1,RLM10,SP12,REF1
0.0,,,1.0,0.0,,,NLD.1_1,RLM7,SP12,REF1
0.0,,,1.0,0.0,,,MKD.1_1,RLM7,SP12,REF1
0.0,,,1.0,0.0,,,NOR.1_1,RLM7,SP12,REF1
0.0,,,1.0,0.0,,,POL.1_1,RLM7,SP12,REF1
0.0,,,1.0,0.0,,,PRT.1_1,RLM7,SP12,REF1
0.0,,,1.0,0.0,,,PRT.2_1,RLM7,SP12,REF1
0.0,,,1.0,0.0,,,PRT.3_1,RLM7,SP12,REF1
0.0,,,1.0,0.0,,,ROU.1_1,RLM7,SP12,REF1
0.0,,,1.0,0.0,,,SRB.1_1,RLM7,SP12,REF1
0.0,,,1.0,0.0,,,SVN.1_1,RLM7,SP12,REF1
0.0,,,1.0,0.0,,,ESP.1_1,RLM7,SP12,REF1
0.0,,,1.0,0.0,,,ESP.1_2,RLM7,SP12,REF1
0.0,,,1.0,0.0,,,ESP.2_1,RLM7,SP12,REF1
0.0,,,1.0,0.0,,,ESP.3_1,RLM7,SP12,REF1
0.0,,,1.0,0.0,,,SWE.1_1,RLM7,SP12,REF1
0.0,,,1.0,0.0,,,CHE.1_1,RLM7,SP12,REF1
0.0,,,1.0,0.0,,,DOM.1_1,RLM9,SP12,REF1
0.0,,,1.0,0.0,,,HND.1_1,RLM9,SP12,REF1
0.0,,,1.0,0.0,,,HND.2_1,RLM9,SP12,REF1
0.0,,,1.0,0.0,,,MEX.1_1,RLM2,SP12,REF1
0.0,,,1.0,0.0,,,FRA.7_1,RLM3,SP12,REF1
0.0,,,1.0,0.0,,,NZL.1_1,RLM8,SP12,REF1
0.0,,,1.0,0.0,,,PNG.1_1,RLM3,SP12,REF1
0.0,,,1.0,0.0,,,ARG.1_1,RLM1,SP12,REF1
0.0,,,1.0,0.0,,,ARG.2_1,RLM1,SP12,REF1
0.0,,,1.0,0.0,,,BOL.1_1,RLM1,SP12,REF1
0.0,,,1.0,0.0,,,CHL.1_1,RLM1,SP12,REF1
0.0,,,1.0,0.0,,,COL.1_1,RLM1,SP12,REF1
0.0,,,1.0,0.0,,,ECU.1_1,RLM1,SP12,REF1
0.0,,,1.0,0.0,,,ECU.2_1,RLM1,SP12,REF1
0.0,,,1.0,0.0,,,PER.1_1,RLM1,SP12,REF1
0.0,,,1.0,0.0,,,URY.1_1,RLM1,SP12,REF1
0.0,,,1.0,0.0,,,VEN.1_1,RLM1,SP12,REF1
0.0,,,1.0,0.0,,,VEN.2_1,RLM1,SP12,REF1
,,,1.0,0.0,,,DZA.1_1,RLM10,SP70,REF1
,,,1.0,0.0,,,EGY.1_1,RLM10,SP70,REF1
,,,1.0,0.0,,,MAR.1_1,RLM10,SP70,REF1
,,,1.0,0.0,,,ARM.1_1,RLM7,SP70,REF1
,,,1.0,0.0,,,AZE.1_1,RLM7,SP70,REF1
,,,1.0,0.0,,,GEO.1_1,RLM7,SP70,REF1
,,,1.0,0.0,,,IND.1_1,RLM4,SP70,REF1
,,,1.0,0.0,,,IRN.1_1,RLM10,SP70,REF1
,,,1.0,0.0,,,IRQ.1_1,RLM10,SP70,REF1
,,,1.0,0.0,,,KAZ.1_1,RLM7,SP70,REF1
,,,1.0,0.0,,,KGZ.1_1,RLM7,SP70,REF1
,,,1.0,0.0,,,LBN.1_1,RLM10,SP70,REF1
,,,1.0,0.0,,,MNG.1_1,RLM7,SP70,REF1
,,,1.0,0.0,,,SYR.1_1,RLM10,SP70,REF1
,,,1.0,0.0,,,TUR.1_1,RLM7,SP70,REF1
,,,1.0,0.0,,,UZB.1_1,RLM7,SP70,REF1
,,,1.0,0.0,,,BGR.1_1,RLM7,SP70,REF1
,,,1.0,0.0,,,DNK.1_1,RLM7,SP70,REF1
,,,1.0,0.0,,,FIN.1_1,RLM7,SP70,REF1
,,,1.0,0.0,,,FRA.1_1,RLM7,SP70,REF1
,,,1.0,0.0,,,DEU.1_1,RLM7,SP70,REF1
,,,1.0,0.0,,,GRC.1_1,RLM7,SP70,REF1
,,,1.0,0.0,,,GRC.2_1,RLM7,SP70,REF1
,,,1.0,0.0,,,HUN.1_1,RLM7,SP70,REF1
,,,1.0,0.0,,,IRL.1_1,RLM7,SP70,REF1
,,,1.0,0.0,,,ITA.1_1,RLM7,SP70,REF1
,,,1.0,0.0,,,LTU.1_1,RLM7,SP70,REF1
,,,1.0,0.0,,,LUX.1_1,RLM7,SP70,REF1
,,,1.0,0.0,,,NLD.1_1,RLM7,SP70,REF1
,,,1.0,0.0,,,MKD.1_1,RLM7,SP70,REF1
,,,1.0,0.0,,,NOR.1_1,RLM7,SP70,REF1
,,,1.0,0.0,,,POL.1_1,RLM7,SP70,REF1
,,,1.0,0.0,,,PRT.1_1,RLM7,SP70,REF1
,,,1.0,0.0,,,PRT.2_1,RLM7,SP70,REF1
,,,1.0,0.0,,,PRT.3_1,RLM7,SP70,REF1
,,,1.0,0.0,,,ROU.1_1,RLM7,SP70,REF1
,,,1.0,0.0,,,SVK.1_1,RLM7,SP70,REF1
,,,1.0,0.0,,,SVN.1_1,RLM7,SP70,REF1
,,,1.0,0.0,,,ESP.1_1,RLM7,SP70,REF1
,,,1.0,0.0,,,ESP.1_2,RLM7,SP70,REF1
,,,1.0,0.0,,,ESP.2_1,RLM7,SP70,REF1
,,,1.0,0.0,,,ESP.3_1,RLM7,SP70,REF1
,,,1.0,0.0,,,SWE.1_1,RLM7,SP70,REF1
,,,1.0,0.0,,,CHE.1_1,RLM7,SP70,REF1
,,,1.0,0.0,,,UKR.1_1,RLM7,SP70,REF1
,,,1.0,0.0,,,GBR.1_1,RLM7,SP70,REF1
,,,1.0,0.0,,,CAN.1_1,RLM2,SP70,REF1
,,,1.0,0.0,,,CHN.1_1,RLM7,SP77,REF1
,,,1.0,0.0,,,CHN.2_1,RLM7,SP77,REF1
,,,1.0,0.0,,,CHN.3_1,RLM7,SP77,REF1
,,,1.0,0.0,,,IND.1_1,RLM4,SP77,REF1
,,,1.0,0.0,,,JPN.1_1,RLM5,SP77,REF1
,,,1.0,0.0,,,HRV.1_1,RLM7,SP77,REF1
,,,1.0,0.0,,,,RLM7,SP77,REF1
,,,1.0,0.0,,,AUS.1_1,RLM8,SP77,REF1
,,,1.0,0.0,,,BRA.1_1,RLM1,SP77,REF1
,,,1.0,0.0,,,TUR.1_1,RLM7,SP98,REF1
,,,1.0,0.0,,,ALB.1_1,RLM7,SP98,REF1
,,,1.0,0.0,,,CHE.1_1,RLM7,SP98,REF1
,1.0,,1.0,0.0,,,GBR.1_1,RLM7,SP98,REF1
,,,1.0,0.0,,,BRN.1_1,RLM4,SP53,REF1
,,,1.0,0.0,,,CHN.1_1,RLM7,SP53,REF1
,,,1.0,0.0,,,CHN.2_1,RLM7,SP53,REF1
,,,1.0,0.0,,,CHN.3_1,RLM7,SP53,REF1
,,,1.0,0.0,,,PHL.1_1,RLM4,SP53,REF1
,,,1.0,0.0,,,LKA.1_1,RLM4,SP53,REF1
,,,1.0,0.0,,,TWN.1_1,RLM4,SP53,REF1
,,,1.0,0.0,,,THA.1_1,RLM4,SP53,REF1
,,,1.0,0.0,,,PNG.1_1,RLM3,SP53,REF1
,,,1.0,0.0,,,WSM.1_1,RLM3,SP53,REF1
,,,1.0,0.0,,,NZL.1_1,RLM8,SP95,REF1
,,,1.0,0.0,,,EGY.1_1,RLM10,SP40,REF1
,,,1.0,0.0,,,MWI.1_1,RLM6,SP40,REF1
,,,1.0,0.0,,,TZA.1_1,RLM6,SP40,REF1
,,,1.0,0.0,,,IRN.1_1,RLM10,SP40,REF1
,,,1.0,0.0,,,IRQ.1_1,RLM10,SP40,REF1
,1.0,,1.0,0.0,,,FRA.1_1,RLM7,SP40,REF1
,,,1.0,0.0,,,HUN.1_1,RLM7,SP40,REF1
,1.0,,1.0,0.0,,,PRT.1_1,RLM7,SP40,REF1
,1.0,,1.0,0.0,,,PRT.2_1,RLM7,SP40,REF1
,1.0,,1.0,0.0,,,PRT.3_1,RLM7,SP40,REF1
,1.0,,1.0,0.0,,,,RLM7,SP40,REF1
,1.0,,1.0,0.0,,,ESP.1_1,RLM7,SP40,REF1
,1.0,,1.0,0.0,,,ESP.1_2,RLM7,SP40,REF1
,1.0,,1.0,0.0,,,ESP.2_1,RLM7,SP40,REF1
,1.0,,1.0,0.0,,,ESP.3_1,RLM7,SP40,REF1
,,,1.0,0.0,,,MEX.1_1,RLM2,SP40,REF1
,1.0,,1.0,0.0,,,USA.1_1,RLM2,SP40,REF1
,1.0,,1.0,0.0,,,USA.1_2,RLM2,SP40,REF1
,1.0,,1.0,0.0,,,USA.2_1,RLM2,SP40,REF1
,1.0,,1.0,0.0,,,PNG.1_1,RLM3,SP40,REF1
,,,1.0,0.0,,,GUY.1_1,RLM1,SP40,REF1
,,,1.0,0.0,,,BEN.1_1,RLM6,SP32,REF1
,,,1.0,0.0,,,BWA.1_1,RLM6,SP32,REF1
,,,1.0,0.0,,,CMR.1_1,RLM6,SP32,REF1
,,,1.0,0.0,,,COM.1_1,RLM11,SP32,REF1
,,,1.0,0.0,,,ERI.1_1,RLM6,SP32,REF1
,,,1.0,0.0,,,SWZ.1_1,RLM6,SP32,REF1
,,,1.0,0.0,,,ETH.1_1,RLM6,SP32,REF1
,,,1.0,0.0,,,KEN.1_1,RLM6,SP32,REF1
,,,1.0,0.0,,,LSO.1_1,RLM6,SP32,REF1
,,,1.0,0.0,,,MWI.1_1,RLM6,SP32,REF1
,,,1.0,0.0,,,MOZ.1_1,RLM6,SP32,REF1
,,,1.0,0.0,,,FRA.3_1,RLM11,SP32,REF1
,,,1.0,0.0,,,SOM.1_1,RLM6,SP32,REF1
,1.0,,1.0,0.0,,1950.0,ZAF.1_1,RLM6,SP32,REF1
,,,1.0,0.0,,,SDN.1_1,RLM6,SP32,REF1
,,,1.0,0.0,,,TZA.1_1,RLM6,SP32,REF1
,,,1.0,0.0,,,UGA.1_1,RLM6,SP32,REF1
,,,1.0,0.0,,,ZMB.1_1,RLM6,SP32,REF1
,,,1.0,0.0,,,ZWE.1_1,RLM6,SP32,REF1
,,,1.0,0.0,,,AFG.1_1,RLM10,SP32,REF1
,,,1.0,0.0,,,BGD.1_1,RLM4,SP32,REF1
,,,1.0,0.0,,,KHM.1_1,RLM4,SP32,REF1
,,,1.0,0.0,,,IRN.1_1,RLM10,SP32,REF1
,,,1.0,0.0,,,ISR.1_1,RLM10,SP32,REF1
,,,1.0,0.0,,,JPN.1_1,RLM5,SP32,REF1
,,,1.0,0.0,,,LAO.1_1,RLM4,SP32,REF1
,,,1.0,0.0,,,NPL.1_1,RLM5,SP32,REF1
,,,1.0,0.0,,,PAK.1_1,RLM4,SP32,REF1
,,,1.0,0.0,,,LKA.1_1,RLM4,SP32,REF1
,,,1.0,0.0,,,TWN.1_1,RLM4,SP32,REF1
,,,1.0,0.0,,,THA.1_1,RLM4,SP32,REF1
,,,1.0,0.0,,,TUR.1_1,RLM7,SP32,REF1
,,,1.0,0.0,,,VNM.1_1,RLM4,SP32,REF1
,,,1.0,0.0,,,YEM.1_1,RLM10,SP32,REF1
,,,1.0,0.0,,,BRB.1_1,RLM9,SP18,REF1
,,,1.0,0.0,,,BLZ.1_1,RLM9,SP18,REF1
,,,1.0,0.0,,1979.0,CRI.1_1,RLM9,SP18,REF1
,,,1.0,0.0,,1930.0,CUB.1_1,RLM9,SP18,REF1
,,,1.0,0.0,,,DMA.1_1,RLM9,SP18,REF1
,,,1.0,0.0,,,DOM.1_1,RLM9,SP18,REF1
,,,1.0,0.0,,,SLV.1_1,RLM9,SP18,REF1
,,,1.0,0.0,,,GTM.1_1,RLM9,SP18,REF1
,,,1.0,0.0,,,HTI.1_1,RLM9,SP18,REF1
,,,1.0,0.0,,1973.0,HND.1_1,RLM9,SP18,REF1
,,,1.0,0.0,,1973.0,HND.2_1,RLM9,SP18,REF1
,,,1.0,0.0,,,JAM.1_1,RLM9,SP18,REF1
,,,1.0,0.0,,1908.0,MEX.1_1,RLM2,SP18,REF1
,,,1.0,0.0,,1959.0,NIC.1_1,RLM9,SP18,REF1
,,,1.0,0.0,,1965.0,PAN.1_1,RLM9,SP18,REF1
,,,1.0,0.0,,1938.0,USA.3_1,RLM9,SP18,REF1
,,,1.0,0.0,,1939.0,TTO.1_1,RLM1,SP18,REF1
,,,1.0,0.0,,1918.0,ARG.1_1,RLM1,SP18,REF1
,,,1.0,0.0,,1918.0,ARG.2_1,RLM1,SP18,REF1
,,,1.0,0.0,,,BOL.1_1,RLM1,SP18,REF1
,,,1.0,0.0,,1927.0,BRA.1_1,RLM1,SP18,REF1
,,,1.0,0.0,,1977.0,COL.1_1,RLM1,SP18,REF1
,,,1.0,0.0,,1985.0,ECU.1_1,RLM1,SP18,REF1
,,,1.0,0.0,,1985.0,ECU.2_1,RLM1,SP18,REF1
,,,1.0,0.0,,1906.0,FRA.8_1,RLM1,SP18,REF1
,,,1.0,0.0,,1972.0,PER.1_1,RLM1,SP18,REF1
,,,1.0,0.0,,1927.0,SUR.1_1,RLM1,SP18,REF1
,,,1.0,0.0,,,URY.1_1,RLM1,SP18,REF1
,,,1.0,0.0,,1937.0,VEN.1_1,RLM1,SP18,REF1
,,,1.0,0.0,,1937.0,VEN.2_1,RLM1,SP18,REF1
,,,1.0,0.0,,,BEN.1_1,RLM6,SP94,REF1
,,,1.0,0.0,,,BFA.1_1,RLM6,SP94,REF1
,,,1.0,0.0,,,CMR.1_1,RLM6,SP94,REF1
,,,1.0,0.0,,,,RLM6,SP94,REF1
,,,1.0,0.0,,,SWZ.1_1,RLM6,SP94,REF1
,,,1.0,0.0,,,GHA.1_1,RLM6,SP94,REF1
,,,1.0,0.0,,,KEN.1_1,RLM6,SP94,REF1
,,,1.0,0.0,,,LBR.1_1,RLM6,SP94,REF1
,,,1.0,0.0,,,MDG.1_1,RLM11,SP94,REF1
,,,1.0,0.0,,,MWI.1_1,RLM6,SP94,REF1
,,,1.0,0.0,,,NGA.1_1,RLM6,SP94,REF1
,,,1.0,0.0,,,SEN.1_1,RLM6,SP94,REF1
,,,1.0,0.0,,,TZA.1_1,RLM6,SP94,REF1
,,,1.0,0.0,,,UGA.1_1,RLM6,SP94,REF1
,,,1.0,0.0,,,CHN.1_1,RLM7,SP94,REF1
,,,1.0,0.0,,,CHN.2_1,RLM7,SP94,REF1
,,,1.0,0.0,,,CHN.3_1,RLM7,SP94,REF1
,,,1.0,0.0,,,MMR.1_1,RLM4,SP94,REF1
,,,1.0,0.0,,,PNG.1_1,RLM3,SP94,REF1
,,,1.0,0.0,,,LTU.1_1,RLM7,SP209,REF1
,,,1.0,0.0,,,NLD.1_1,RLM7,SP209,REF1
,,,1.0,0.0,,,SVN.1_1,RLM7,SP209,REF1
,1.0,,1.0,0.0,,2015.0,ESP.1_1,RLM7,SP209,REF1
,1.0,,1.0,0.0,,2015.0,ESP.1_2,RLM7,SP209,REF1
,1.0,,1.0,0.0,,2015.0,ESP.2_1,RLM7,SP209,REF1
,1.0,,1.0,0.0,,2015.0,ESP.3_1,RLM7,SP209,REF1
,1.0,,1.0,0.0,,1970.0,CRI.1_1,RLM9,SP209,REF1
,1.0,,1.0,0.0,,1973.0,SLV.1_1,RLM9,SP209,REF1
,,,1.0,0.0,,,HND.1_1,RLM9,SP209,REF1
,,,1.0,0.0,,,HND.2_1,RLM9,SP209,REF1
,1.0,,1.0,0.0,,2010.0,MEX.1_1,RLM2,SP209,REF1
,1.0,,1.0,0.0,,,NIC.1_1,RLM9,SP209,REF1
,1.0,,1.0,0.0,,,PAN.1_1,RLM9,SP209,REF1
,1.0,,1.0,0.0,,1985.0,COL.1_1,RLM1,SP209,REF1
,1.0,,1.0,0.0,,,ECU.1_1,RLM1,SP209,REF1
,1.0,,1.0,0.0,,,ECU.2_1,RLM1,SP209,REF1
,1.0,,1.0,0.0,,1983.0,VEN.1_1,RLM1,SP209,REF1
,1.0,,1.0,0.0,,1983.0,VEN.2_1,RLM1,SP209,REF1
,,,1.0,0.0,,1995.0,JPN.1_1,RLM5,SP83,REF1
,,,1.0,0.0,,,USA.1_1,RLM2,SP83,REF1
,,,1.0,0.0,,,USA.1_2,RLM2,SP83,REF1
,,,1.0,0.0,,,USA.2_1,RLM2,SP83,REF1
,,,1.0,0.0,,,DZA.1_1,RLM10,SP38,REF1
,,,1.0,0.0,,,AGO.1_1,RLM6,SP38,REF1
,,,1.0,0.0,,,BEN.1_1,RLM6,SP38,REF1
,,,1.0,0.0,,,BWA.1_1,RLM6,SP38,REF1
,,,1.0,0.0,,,BFA.1_1,RLM6,SP38,REF1
,,,1.0,0.0,,,BDI.1_1,RLM6,SP38,REF1
,,,1.0,0.0,,,CPV.1_1,RLM6,SP38,REF1
,,,1.0,0.0,,,CMR.1_1,RLM6,SP38,REF1
,,,1.0,0.0,,,CAF.1_1,RLM6,SP38,REF1
,,,1.0,0.0,,,TCD.1_1,RLM6,SP38,REF1
,,,1.0,0.0,,,COM.1_1,RLM11,SP38,REF1
,,,1.0,0.0,,,COD.1_1,RLM6,SP38,REF1
,,,1.0,0.0,,,COG.1_1,RLM6,SP38,REF1
,,,1.0,0.0,,,,RLM6,SP38,REF1
,,,1.0,0.0,,,EGY.1_1,RLM10,SP38,REF1
,,,1.0,0.0,,,GNQ.1_1,RLM6,SP38,REF1
,,,1.0,0.0,,,ERI.1_1,RLM6,SP38,REF1
,,,1.0,0.0,,,SWZ.1_1,RLM6,SP38,REF1
,,,1.0,0.0,,,ETH.1_1,RLM6,SP38,REF1
,,,1.0,0.0,,,GMB.1_1,RLM6,SP38,REF1
,,,1.0,0.0,,,GHA.1_1,RLM6,SP38,REF1
,,,1.0,0.0,,,GIN.1_1,RLM6,SP38,REF1
,,,1.0,0.0,,,GNB.1_1,RLM6,SP38,REF1
,,,1.0,0.0,,,KEN.1_1,RLM6,SP38,REF1
,,,1.0,0.0,,,LBY.1_1,RLM10,SP38,REF1
,,,1.0,0.0,,,MDG.1_1,RLM11,SP38,REF1
,,,1.0,0.0,,,MWI.1_1,RLM6,SP38,REF1
,,,1.0,0.0,,,MLI.1_1,RLM6,SP38,REF1
,,,1.0,0.0,,,MRT.1_1,RLM6,SP38,REF1
,,,1.0,0.0,,,MUS.1_1,RLM3,SP38,REF1
,,,1.0,0.0,,,MAR.1_1,RLM10,SP38,REF1
,,,1.0,0.0,,,MOZ.1_1,RLM6,SP38,REF1
,,,1.0,0.0,,,NAM.1_1,RLM6,SP38,REF1
,,,1.0,0.0,,,NER.1_1,RLM6,SP38,REF1
,,,1.0,0.0,,,NGA.1_1,RLM6,SP38,REF1
,,,1.0,0.0,,,FRA.3_1,RLM11,SP38,REF1
,,,1.0,0.0,,,RWA.1_1,RLM6,SP38,REF1
,,,1.0,0.0,,,,RLM6,SP38,REF1
,,,1.0,0.0,,,SEN.1_1,RLM6,SP38,REF1
,,,1.0,0.0,,,SYC.1_1,RLM3,SP38,REF1
,,,1.0,0.0,,,SLE.1_1,RLM6,SP38,REF1
,,,1.0,0.0,,,SOM.1_1,RLM6,SP38,REF1
,,,1.0,0.0,,,ZAF.1_1,RLM6,SP38,REF1
,,,1.0,0.0,,,SDN.1_1,RLM6,SP38,REF1
,,,1.0,0.0,,,TZA.1_1,RLM6,SP38,REF1
,,,1.0,0.0,,,TGO.1_1,RLM6,SP38,REF1
,,,1.0,0.0,,,TUN.1_1,RLM10,SP38,REF1
,,,1.0,0.0,,,UGA.1_1,RLM6,SP38,REF1
,,,1.0,0.0,,,ZMB.1_1,RLM6,SP38,REF1
,,,1.0,0.0,,,ZWE.1_1,RLM6,SP38,REF1
,,,1.0,0.0,,,BHR.1_1,RLM10,SP38,REF1
,,,1.0,0.0,,,CHN.1_1,RLM7,SP38,REF1
,,,1.0,0.0,,,CHN.2_1,RLM7,SP38,REF1
,,,1.0,0.0,,,CHN.3_1,RLM7,SP38,REF1
,,,1.0,0.0,,,IND.1_1,RLM4,SP38,REF1
,,,1.0,0.0,,,IRN.1_1,RLM10,SP38,REF1
,,,1.0,0.0,,,IRQ.1_1,RLM10,SP38,REF1
,,,1.0,0.0,,,ISR.1_1,RLM10,SP38,REF1
,,,1.0,0.0,,,JOR.1_1,RLM10,SP38,REF1
,,,1.0,0.0,,,LBN.1_1,RLM10,SP38,REF1
,,,1.0,0.0,,,OMN.1_1,RLM10,SP38,REF1
,,,1.0,0.0,,,PAK.1_1,RLM4,SP38,REF1
,,,1.0,0.0,,,SAU.1_1,RLM10,SP38,REF1
,,,1.0,0.0,,,SYR.1_1,RLM10,SP38,REF1
,,,1.0,0.0,,,TUR.1_1,RLM7,SP38,REF1
,,,1.0,0.0,,,ARE.1_1,RLM10,SP38,REF1
,,,1.0,0.0,,,YEM.1_1,RLM10,SP38,REF1
,,,1.0,0.0,,,AUT.1_1,RLM7,SP38,REF1
,,,1.0,0.0,,,BEL.1_1,RLM7,SP38,REF1
,,,1.0,0.0,,,HRV.1_1,RLM7,SP38,REF1
,,,1.0,0.0,,,CYP.1_1,RLM10,SP38,REF1
,,,1.0,0.0,,,DNK.1_1,RLM7,SP38,REF1
,,,1.0,0.0,,,FIN.1_1,RLM7,SP38,REF1
,,,1.0,0.0,,,FRA.1_1,RLM7,SP38,REF1
,,,1.0,0.0,,,DEU.1_1,RLM7,SP38,REF1
,,,1.0,0.0,,,GRC.1_1,RLM7,SP38,REF1
,,,1.0,0.0,,,GRC.2_1,RLM7,SP38,REF1
,,,1.0,0.0,,,HUN.1_1,RLM7,SP38,REF1
,,,1.0,0.0,,1968.0,ITA.1_1,RLM7,SP38,REF1
,,,1.0,0.0,,,MLT.1_1,RLM10,SP38,REF1
,,,1.0,0.0,,,NLD.1_1,RLM7,SP38,REF1
,,,1.0,0.0,,,POL.1_1,RLM7,SP38,REF1
,,,1.0,0.0,,,PRT.1_1,RLM7,SP38,REF1
,,,1.0,0.0,,,PRT.2_1,RLM7,SP38,REF1
,,,1.0,0.0,,,PRT.3_1,RLM7,SP38,REF1
,,,1.0,0.0,,,SVN.1_1,RLM7,SP38,REF1
,,,1.0,0.0,,,ESP.1_1,RLM7,SP38,REF1
,,,1.0,0.0,,,ESP.1_2,RLM7,SP38,REF1
,,,1.0,0.0,,,ESP.2_1,RLM7,SP38,REF1
,,,1.0,0.0,,,ESP.3_1,RLM7,SP38,REF1
,,,1.0,0.0,,,SWE.1_1,RLM7,SP38,REF1
,,,1.0,0.0,,,CHE.1_1,RLM7,SP38,REF1
,,,1.0,0.0,,,AUT.1_1,RLM7,SP78,REF1
,,,1.0,0.0,,,BEL.1_1,RLM7,SP78,REF1
,1.0,,1.0,0.0,,,BGR.1_1,RLM7,SP78,REF1
,1.0,,1.0,0.0,,,HRV.1_1,RLM7,SP78,REF1
,1.0,,1.0,0.0,,,CYP.1_1,RLM10,SP78,REF1
,,,1.0,0.0,,,CZE.1_1,RLM7,SP78,REF1
,,,1.0,0.0,,,DNK.1_1,RLM7,SP78,REF1
,1.0,,1.0,0.0,,,FRA.1_1,RLM7,SP78,REF1
,,,1.0,0.0,,,DEU.1_1,RLM7,SP78,REF1
,,,1.0,0.0,,,GBR.1_2,RLM7,SP78,REF1
,1.0,,1.0,0.0,,,GRC.1_1,RLM7,SP78,REF1
,1.0,,1.0,0.0,,,GRC.2_1,RLM7,SP78,REF1
,1.0,,1.0,0.0,,2002.0,ITA.1_1,RLM7,SP78,REF1
,,,1.0,0.0,,,NLD.1_1,RLM7,SP78,REF1
,,,1.0,0.0,,,PRT.1_1,RLM7,SP78,REF1
,,,1.0,0.0,,,PRT.2_1,RLM7,SP78,REF1
,,,1.0,0.0,,,PRT.3_1,RLM7,SP78,REF1
,1.0,,1.0,0.0,,2009.0,SVK.1_1,RLM7,SP78,REF1
,1.0,,1.0,0.0,,,SVN.1_1,RLM7,SP78,REF1
,1.0,,1.0,0.0,,,ESP.1_1,RLM7,SP78,REF1
,1.0,,1.0,0.0,,,ESP.1_2,RLM7,SP78,REF1
,1.0,,1.0,0.0,,,ESP.2_1,RLM7,SP78,REF1
,1.0,,1.0,0.0,,,ESP.3_1,RLM7,SP78,REF1
,,,1.0,0.0,,,CHE.1_1,RLM7,SP78,REF1
,,,1.0,0.0,,,UKR.1_1,RLM7,SP78,REF1
,,,1.0,0.0,,,BOL.1_1,RLM1,SP78,REF1
,,,1.0,0.0,,,BRA.1_1,RLM1,SP78,REF1
,1.0,,1.0,0.0,,1981.0,EGY.1_1,RLM10,SP13,REF1
,1.0,,1.0,0.0,,2016.0,MUS.1_1,RLM3,SP13,REF1
,1.0,,1.0,0.0,,1982.0,JPN.1_1,RLM5,SP13,REF1
,,,1.0,0.0,,,SAU.1_1,RLM10,SP13,REF1
,1.0,,1.0,0.0,,1990.0,THA.1_1,RLM4,SP13,REF1
,,,1.0,0.0,,,FRA.1_1,RLM7,SP13,REF1
,,,1.0,0.0,,,ESP.1_1,RLM7,SP13,REF1
,,,1.0,0.0,,,ESP.1_2,RLM7,SP13,REF1
,,,1.0,0.0,,,ESP.2_1,RLM7,SP13,REF1
,,,1.0,0.0,,,ESP.3_1,RLM7,SP13,REF1
,1.0,,1.0,0.0,,,CRI.1_1,RLM9,SP13,REF1
,1.0,,1.0,0.0,,,CUB.1_1,RLM9,SP13,REF1
,1.0,,1.0,0.0,,,DOM.1_1,RLM9,SP13,REF1
,1.0,,1.0,0.0,,,SLV.1_1,RLM9,SP13,REF1
,1.0,,1.0,0.0,,,HND.1_1,RLM9,SP13,REF1
,1.0,,1.0,0.0,,,HND.2_1,RLM9,SP13,REF1
,1.0,,1.0,0.0,,,JAM.1_1,RLM9,SP13,REF1
,1.0,,1.0,0.0,,,PAN.1_1,RLM9,SP13,REF1
,1.0,,1.0,0.0,,,TTO.1_1,RLM1,SP13,REF1
,1.0,,1.0,0.0,,,COL.1_1,RLM1,SP13,REF1
,1.0,,1.0,0.0,,1999.0,ECU.1_1,RLM1,SP13,REF1
,1.0,,1.0,0.0,,1999.0,ECU.2_1,RLM1,SP13,REF1
,,,1.0,0.0,,,DZA.1_1,RLM10,SP46,REF1
,,,1.0,0.0,,,EGY.1_1,RLM10,SP46,REF1
,,,1.0,0.0,,,ETH.1_1,RLM6,SP46,REF1
,,,1.0,0.0,,,LBY.1_1,RLM10,SP46,REF1
,,,1.0,0.0,,,MAR.1_1,RLM10,SP46,REF1
,,,1.0,0.0,,,AZE.1_1,RLM7,SP46,REF1
,,,1.0,0.0,,,CHN.1_1,RLM7,SP46,REF1
,,,1.0,0.0,,,CHN.2_1,RLM7,SP46,REF1
,,,1.0,0.0,,,CHN.3_1,RLM7,SP46,REF1
,,,1.0,0.0,,,IND.1_1,RLM4,SP46,REF1
,,,1.0,0.0,,,IRN.1_1,RLM10,SP46,REF1
,,,1.0,0.0,,,IRQ.1_1,RLM10,SP46,REF1
,,,1.0,0.0,,,ISR.1_1,RLM10,SP46,REF1
,,,1.0,0.0,,,KAZ.1_1,RLM7,SP46,REF1
,,,1.0,0.0,,,PRK.1_1,RLM7,SP46,REF1
,,,1.0,0.0,,,SAU.1_1,RLM10,SP46,REF1
,,,1.0,0.0,,,SYR.1_1,RLM10,SP46,REF1
,,,1.0,0.0,,,TUR.1_1,RLM7,SP46,REF1
,,,1.0,0.0,,,UZB.1_1,RLM7,SP46,REF1
,,,1.0,0.0,,,ALB.1_1,RLM7,SP46,REF1
,,,1.0,0.0,,,AUT.1_1,RLM7,SP46,REF1
,,,1.0,0.0,,,BLR.1_1,RLM7,SP46,REF1
,,,1.0,0.0,,,BEL.1_1,RLM7,SP46,REF1
,,,1.0,0.0,,,BGR.1_1,RLM7,SP46,REF1
,,,1.0,0.0,,,HRV.1_1,RLM7,SP46,REF1
,,,1.0,0.0,,,CYP.1_1,RLM10,SP46,REF1
,,,1.0,0.0,,,CZE.1_1,RLM7,SP46,REF1
,,,1.0,0.0,,,DNK.1_1,RLM7,SP46,REF1
,,,1.0,0.0,,,FIN.1_1,RLM7,SP46,REF1
,,,1.0,0.0,,,FRA.1_1,RLM7,SP46,REF1
,,,1.0,0.0,,,DEU.1_1,RLM7,SP46,REF1
,,,1.0,0.0,,,GRC.1_1,RLM7,SP46,REF1
,,,1.0,0.0,,,GRC.2_1,RLM7,SP46,REF1
,,,1.0,0.0,,,HUN.1_1,RLM7,SP46,REF1
,,,1.0,0.0,,,IRL.1_1,RLM7,SP46,REF1
,,,1.0,0.0,,,ITA.1_1,RLM7,SP46,REF1
,,,1.0,0.0,,,LVA.1_1,RLM7,SP46,REF1
,,,1.0,0.0,,,LTU.1_1,RLM7,SP46,REF1
,,,1.0,0.0,,,MLT.1_1,RLM10,SP46,REF1
,,,1.0,0.0,,,MDA.1_1,RLM7,SP46,REF1
,,,1.0,0.0,,,NLD.1_1,RLM7,SP46,REF1
,,,1.0,0.0,,,MKD.1_1,RLM7,SP46,REF1
,,,1.0,0.0,,,NOR.1_1,RLM7,SP46,REF1
,,,1.0,0.0,,,POL.1_1,RLM7,SP46,REF1
,,,1.0,0.0,,,PRT.1_1,RLM7,SP46,REF1
,,,1.0,0.0,,,PRT.2_1,RLM7,SP46,REF1
,,,1.0,0.0,,,PRT.3_1,RLM7,SP46,REF1
,,,1.0,0.0,,,ROU.1_1,RLM7,SP46,REF1
,,,1.0,0.0,,,SRB.1_1,RLM7,SP46,REF1
,,,1.0,0.0,,,SVK.1_1,RLM7,SP46,REF1
,,,1.0,0.0,,,SVN.1_1,RLM7,SP46,REF1
,,,1.0,0.0,,,ESP.1_1,RLM7,SP46,REF1
,,,1.0,0.0,,,ESP.1_2,RLM7,SP46,REF1
,,,1.0,0.0,,,ESP.2_1,RLM7,SP46,REF1
,,,1.0,0.0,,,ESP.3_1,RLM7,SP46,REF1
,,,1.0,0.0,,,SWE.1_1,RLM7,SP46,REF1
,,,1.0,0.0,,,CHE.1_1,RLM7,SP46,REF1
,,,1.0,0.0,,,UKR.1_1,RLM7,SP46,REF1
,,,1.0,0.0,,,,RLM7,SP46,REF1
,,,1.0,0.0,,,BRA.1_1,RLM1,SP46,REF1
,,,1.0,0.0,,,URY.1_1,RLM1,SP46,REF1
,,,1.0,0.0,,,KAZ.1_1,RLM7,SP71,REF1
,,,1.0,0.0,,,MNG.1_1,RLM7,SP71,REF1
,,,1.0,0.0,,,PRK.1_1,RLM7,SP71,REF1
,,,1.0,0.0,,,KOR.1_1,RLM7,SP71,REF1
,,,1.0,0.0,,,KOR.2_1,RLM7,SP71,REF1
,,,1.0,0.0,,,BEL.1_1,RLM7,SP71,REF1
,,,1.0,0.0,,,EST.1_1,RLM7,SP71,REF1
,,,1.0,0.0,,,FIN.1_1,RLM7,SP71,REF1
,,,1.0,0.0,,,LTU.1_1,RLM7,SP71,REF1
,,,1.0,0.0,,,NLD.1_1,RLM7,SP71,REF1
,,,1.0,0.0,,,SVN.1_1,RLM7,SP71,REF1
,,,1.0,0.0,,,SWE.1_1,RLM7,SP71,REF1
,,,0.0,1.0,,,NLD.1_1,RLM7,SP24,REF1
,,,0.0,1.0,,,CHE.1_1,RLM7,SP24,REF1
,,,1.0,0.0,,,CRI.1_1,RLM9,SP24,REF1
,,,1.0,0.0,,,CUB.1_1,RLM9,SP24,REF1
,,,1.0,0.0,,,SLV.1_1,RLM9,SP24,REF1
,,,1.0,0.0,,,GRD.1_1,RLM1,SP24,REF1
,,,1.0,0.0,,,GTM.1_1,RLM9,SP24,REF1
,,,1.0,0.0,,,HND.1_1,RLM9,SP24,REF1
,,,1.0,0.0,,,HND.2_1,RLM9,SP24,REF1
,,,1.0,0.0,,,JAM.1_1,RLM9,SP24,REF1
,,,1.0,0.0,,,MEX.1_1,RLM2,SP24,REF1
,,,1.0,0.0,,,NIC.1_1,RLM9,SP24,REF1
,,,1.0,0.0,,,PAN.1_1,RLM9,SP24,REF1
,,,1.0,0.0,,,USA.3_1,RLM9,SP24,REF1
,,,1.0,0.0,,,TTO.1_1,RLM1,SP24,REF1
,,,1.0,0.0,,,ARG.1_1,RLM1,SP24,REF1
,,,1.0,0.0,,,ARG.2_1,RLM1,SP24,REF1
,,,1.0,0.0,,,BOL.1_1,RLM1,SP24,REF1
,,,1.0,0.0,,,COL.1_1,RLM1,SP24,REF1
,,,1.0,0.0,,,ECU.1_1,RLM1,SP24,REF1
,,,1.0,0.0,,,ECU.2_1,RLM1,SP24,REF1
,,,1.0,0.0,,,FRA.8_1,RLM1,SP24,REF1
,,,1.0,0.0,,,GUY.1_1,RLM1,SP24,REF1
,,,1.0,0.0,,,PRY.1_1,RLM1,SP24,REF1
,,,1.0,0.0,,,PER.1_1,RLM1,SP24,REF1
,,,1.0,0.0,,,SUR.1_1,RLM1,SP24,REF1
,,,1.0,0.0,,,URY.1_1,RLM1,SP24,REF1
,,,1.0,0.0,,,CAF.1_1,RLM6,SP28,REF1
,,,1.0,0.0,,,GHA.1_1,RLM6,SP28,REF1
,,,1.0,0.0,,,FRA.3_1,RLM11,SP28,REF1
,,,1.0,0.0,,,GBR.3_1,RLM6,SP28,REF1
,,,1.0,0.0,,,ZAF.1_1,RLM6,SP28,REF1
,1.0,,1.0,0.0,,,AFG.1_1,RLM10,SP28,REF1
,1.0,,1.0,0.0,,,BGD.1_1,RLM4,SP28,REF1
,1.0,,1.0,0.0,,,BRN.1_1,RLM4,SP28,REF1
,1.0,,1.0,0.0,,,KHM.1_1,RLM4,SP28,REF1
,1.0,,1.0,0.0,,,AUS.5_1,RLM4,SP28,REF1
,,,1.0,0.0,,,,RLM5,SP28,REF1
,,,1.0,0.0,,,IRN.1_1,RLM10,SP28,REF1
,,,1.0,0.0,,,IRQ.1_1,RLM10,SP28,REF1
,1.0,,1.0,0.0,,,LAO.1_1,RLM4,SP28,REF1
,,,1.0,0.0,,,MDV.1_1,RLM4,SP28,REF1
,1.0,,1.0,0.0,,,MMR.1_1,RLM4,SP28,REF1
,1.0,,1.0,0.0,,,NPL.1_1,RLM5,SP28,REF1
,,,1.0,0.0,,,PRK.1_1,RLM7,SP28,REF1
,1.0,,1.0,0.0,,,OMN.1_1,RLM10,SP28,REF1
,1.0,,1.0,0.0,,,PAK.1_1,RLM4,SP28,REF1
,1.0,,1.0,0.0,,,PHL.1_1,RLM4,SP28,REF1
,1.0,,1.0,0.0,,,SGP.1_1,RLM4,SP28,REF1
,1.0,,1.0,0.0,,,KOR.1_1,RLM7,SP28,REF1
,1.0,,1.0,0.0,,,KOR.2_1,RLM7,SP28,REF1
,1.0,,1.0,0.0,,,LKA.1_1,RLM4,SP28,REF1
,1.0,,1.0,0.0,,,TWN.1_1,RLM4,SP28,REF1
,1.0,,1.0,0.0,,,THA.1_1,RLM4,SP28,REF1
,1.0,,1.0,0.0,,,VNM.1_1,RLM4,SP28,REF1
,,,1.0,0.0,,,DNK.1_1,RLM7,SP28,REF1
,,,1.0,0.0,,,FRA.1_1,RLM7,SP28,REF1
,,,1.0,0.0,,,DEU.1_1,RLM7,SP28,REF1
,,,1.0,0.0,,,NLD.1_1,RLM7,SP28,REF1
,,,1.0,0.0,,,PRT.1_1,RLM7,SP28,REF1
,,,1.0,0.0,,,PRT.2_1,RLM7,SP28,REF1
,,,1.0,0.0,,,PRT.3_1,RLM7,SP28,REF1
,,,1.0,0.0,,,SVN.1_1,RLM7,SP28,REF1
,1.0,,1.0,0.0,,,USA.5_1,RLM3,SP28,REF1
,,,1.0,0.0,,,NZL.2_1,RLM3,SP28,REF1
,1.0,,1.0,0.0,,,FRA.6_1,RLM3,SP28,REF1
,1.0,,1.0,0.0,,,GUM.1_1,RLM3,SP28,REF1
,1.0,,1.0,0.0,,,KIR.1_1,RLM3,SP28,REF1
,1.0,,1.0,0.0,,,MHL.1_1,RLM3,SP28,REF1
,1.0,,1.0,0.0,,,FRA.7_1,RLM3,SP28,REF1
,1.0,,1.0,0.0,,,NZL.1_1,RLM8,SP28,REF1
,1.0,,1.0,0.0,,,NIU.1_1,RLM3,SP28,REF1
,1.0,,1.0,0.0,,,AUS.3_1,RLM8,SP28,REF1
,1.0,,1.0,0.0,,,USA.4_1,RLM3,SP28,REF1
,1.0,,1.0,0.0,,,USA.6_1,RLM3,SP28,REF1
,,,1.0,0.0,,,PLW.1_1,RLM3,SP28,REF1
,1.0,,1.0,0.0,,,PNG.1_1,RLM3,SP28,REF1
,,,1.0,0.0,,,GBR.4_1,RLM3,SP28,REF1
,1.0,,1.0,0.0,,,WSM.1_1,RLM3,SP28,REF1
,1.0,,1.0,0.0,,,SLB.1_1,RLM3,SP28,REF1
,,,1.0,0.0,,,TKL.1_1,RLM3,SP28,REF1
,1.0,,1.0,0.0,,,TON.1_1,RLM3,SP28,REF1
,1.0,,1.0,0.0,,,TUV.1_1,RLM3,SP28,REF1
,1.0,,1.0,0.0,,,VUT.1_1,RLM3,SP28,REF1
,,,1.0,0.0,,,ZAF.1_1,RLM6,SP47,REF1
,1.0,,1.0,0.0,,,IRL.1_1,RLM7,SP47,REF1
,,,1.0,0.0,,,PRT.1_1,RLM7,SP47,REF1
,,,1.0,0.0,,,PRT.2_1,RLM7,SP47,REF1
,,,1.0,0.0,,,PRT.3_1,RLM7,SP47,REF1
,,,1.0,0.0,,,SWE.1_1,RLM7,SP47,REF1
,1.0,,1.0,0.0,,,GBR.1_1,RLM7,SP47,REF1
,,,1.0,0.0,,,FRA.7_1,RLM3,SP47,REF1
,1.0,,1.0,0.0,,,NZL.1_1,RLM8,SP47,REF1
,,,1.0,0.0,,,COD.1_1,RLM6,SP64,REF1
,,,1.0,0.0,,,SLE.1_1,RLM6,SP64,REF1
,1.0,,1.0,0.0,,1986.0,ISR.1_1,RLM10,SP64,REF1
,,,1.0,0.0,,,BEL.1_1,RLM7,SP64,REF1
,,,1.0,0.0,,,DNK.1_1,RLM7,SP64,REF1
,,,1.0,0.0,,1965.0,FIN.1_1,RLM7,SP64,REF1
,,,1.0,0.0,,,DEU.1_1,RLM7,SP64,REF1
,,,1.0,0.0,,2014.0,ITA.1_1,RLM7,SP64,REF1
,,,1.0,0.0,,,LTU.1_1,RLM7,SP64,REF1
,,,1.0,0.0,,1998.0,NLD.1_1,RLM7,SP64,REF1
,,,1.0,0.0,,,SVN.1_1,RLM7,SP64,REF1
,,,1.0,0.0,,,ESP.1_1,RLM7,SP64,REF1
,,,1.0,0.0,,,ESP.1_2,RLM7,SP64,REF1
,,,1.0,0.0,,,ESP.2_1,RLM7,SP64,REF1
,,,1.0,0.0,,,ESP.3_1,RLM7,SP64,REF1
,,,1.0,0.0,,2001.0,SWE.1_1,RLM7,SP64,REF1
,,,1.0,0.0,,2008.0,CHE.1_1,RLM7,SP64,REF1
,,,1.0,0.0,,,GBR.1_1,RLM7,SP64,REF1
,1.0,,1.0,0.0,,1978.0,FRA.1_1,RLM7,SP1018,REF1
,1.0,,1.0,0.0,,1987.0,NLD.1_1,RLM7,SP1018,REF1
,1.0,,1.0,0.0,,1961.0,POL.1_1,RLM7,SP1018,REF1
,1.0,,1.0,0.0,,1981.0,ESP.1_1,RLM7,SP1018,REF1
,1.0,,1.0,0.0,,1981.0,ESP.1_2,RLM7,SP1018,REF1
,1.0,,1.0,0.0,,1981.0,ESP.2_1,RLM7,SP1018,REF1
,1.0,,1.0,0.0,,1981.0,ESP.3_1,RLM7,SP1018,REF1
,,,1.0,0.0,,,MLT.1_1,RLM10,SP1203,REF1
,,,1.0,0.0,,,PRT.1_1,RLM7,SP1203,REF1
,,,1.0,0.0,,,PRT.2_1,RLM7,SP1203,REF1
,,,1.0,0.0,,,PRT.3_1,RLM7,SP1203,REF1
,,,1.0,0.0,,,TUR.1_1,RLM7,SP221,REF1
,,,1.0,0.0,,,BEL.1_1,RLM7,SP221,REF1
,,,1.0,0.0,,,BGR.1_1,RLM7,SP221,REF1
,1.0,,1.0,0.0,,1905.0,CZE.1_1,RLM7,SP221,REF1
,,,1.0,0.0,,,HUN.1_1,RLM7,SP221,REF1
,,,1.0,0.0,,,POL.1_1,RLM7,SP221,REF1
,,,1.0,0.0,,,,RLM7,SP221,REF1
,,,1.0,0.0,,,SVK.1_1,RLM7,SP221,REF1
,,,1.0,0.0,,,HUN.1_1,RLM7,SP167,REF1
,,,1.0,0.0,,,ITA.1_1,RLM7,SP167,REF1
,,,1.0,0.0,,,PRT.1_1,RLM7,SP167,REF1
,,,1.0,0.0,,,PRT.2_1,RLM7,SP167,REF1
,,,1.0,0.0,,,PRT.3_1,RLM7,SP167,REF1
,,,1.0,0.0,,,SWE.1_1,RLM7,SP167,REF1
,,,1.0,0.0,,,ITA.1_1,RLM7,SP926,REF1
,,,1.0,0.0,,,PRT.1_1,RLM7,SP926,REF1
,,,1.0,0.0,,,PRT.2_1,RLM7,SP926,REF1
,,,1.0,0.0,,,PRT.3_1,RLM7,SP926,REF1
,,,1.0,0.0,,,GBR.1_1,RLM7,SP926,REF1
,,,1.0,0.0,,,NGA.1_1,RLM6,SP1057,REF1
,,,1.0,0.0,,,DNK.1_1,RLM7,SP1057,REF1
,,,1.0,0.0,,,DNK.1_1,RLM7,SP1134,REF1
,,,1.0,0.0,,,DNK.1_1,RLM7,SP1149,REF1
,,,1.0,0.0,,,GBR.1_1,RLM7,SP785,REF1
,,,1.0,0.0,,,AUS.1_1,RLM8,SP785,REF1
,,,1.0,0.0,,,FRA.1_1,RLM7,SP1204,REF1
,1.0,,1.0,0.0,,1952.0,DEU.1_1,RLM7,SP1204,REF1
,,,1.0,0.0,,,PRT.1_1,RLM7,SP1031,REF1
,,,1.0,0.0,,,PRT.2_1,RLM7,SP1031,REF1
,,,1.0,0.0,,,PRT.3_1,RLM7,SP1031,REF1
,,,1.0,0.0,,,ESP.1_1,RLM7,SP1031,REF1
,,,1.0,0.0,,,ESP.1_2,RLM7,SP1031,REF1
,,,1.0,0.0,,,ESP.2_1,RLM7,SP1031,REF1
,,,1.0,0.0,,,ESP.3_1,RLM7,SP1031,REF1
,,,1.0,0.0,,,GBR.1_1,RLM7,SP927,REF1
,,,1.0,0.0,,,CZE.1_1,RLM7,SP1048,REF1
,1.0,,1.0,0.0,,1978.0,DNK.1_1,RLM7,SP1048,REF1
,1.0,,1.0,0.0,,1978.0,GBR.1_1,RLM7,SP1048,REF1
,,,1.0,0.0,,,DZA.1_1,RLM10,SP14,REF1
,,,1.0,0.0,,,AGO.1_1,RLM6,SP14,REF1
,,,1.0,0.0,,,BEN.1_1,RLM6,SP14,REF1
,,,1.0,0.0,,,BWA.1_1,RLM6,SP14,REF1
,,,1.0,0.0,,,CPV.1_1,RLM6,SP14,REF1
,,,1.0,0.0,,,CMR.1_1,RLM6,SP14,REF1
,,,1.0,0.0,,,COG.1_1,RLM6,SP14,REF1
,,,1.0,0.0,,,EGY.1_1,RLM10,SP14,REF1
,,,1.0,0.0,,,ETH.1_1,RLM6,SP14,REF1
,,,1.0,0.0,,,GMB.1_1,RLM6,SP14,REF1
,,,1.0,0.0,,,GHA.1_1,RLM6,SP14,REF1
,,,1.0,0.0,,,KEN.1_1,RLM6,SP14,REF1
,,,1.0,0.0,,,LBY.1_1,RLM10,SP14,REF1
,,,1.0,0.0,,,MDG.1_1,RLM11,SP14,REF1
,,,1.0,0.0,,,MWI.1_1,RLM6,SP14,REF1
,,,1.0,0.0,,,MLI.1_1,RLM6,SP14,REF1
,,,1.0,0.0,,,MUS.1_1,RLM3,SP14,REF1
,,,1.0,0.0,,,MAR.1_1,RLM10,SP14,REF1
,,,1.0,0.0,,,MOZ.1_1,RLM6,SP14,REF1
,,,1.0,0.0,,,NGA.1_1,RLM6,SP14,REF1
,,,1.0,0.0,,,FRA.3_1,RLM11,SP14,REF1
,,,1.0,0.0,,,GBR.3_1,RLM6,SP14,REF1
,,,1.0,0.0,,,SEN.1_1,RLM6,SP14,REF1
,,,1.0,0.0,,,SYC.1_1,RLM3,SP14,REF1
,1.0,,1.0,0.0,,,ZAF.1_1,RLM6,SP14,REF1
,,,1.0,0.0,,,SDN.1_1,RLM6,SP14,REF1
,,,1.0,0.0,,,TZA.1_1,RLM6,SP14,REF1
,,,1.0,0.0,,,TUN.1_1,RLM10,SP14,REF1
,,,1.0,0.0,,,UGA.1_1,RLM6,SP14,REF1
,,,1.0,0.0,,,ZMB.1_1,RLM6,SP14,REF1
,,,1.0,0.0,,,ZWE.1_1,RLM6,SP14,REF1
,,,1.0,0.0,,,AFG.1_1,RLM10,SP14,REF1
,,,1.0,0.0,,,ARM.1_1,RLM7,SP14,REF1
,,,1.0,0.0,,,AZE.1_1,RLM7,SP14,REF1
,,,1.0,0.0,,,BGD.1_1,RLM4,SP14,REF1
,,,1.0,0.0,,,BRN.1_1,RLM4,SP14,REF1
,,,1.0,0.0,,,KHM.1_1,RLM4,SP14,REF1
,,,1.0,0.0,,,GEO.1_1,RLM7,SP14,REF1
,,,1.0,0.0,,,,RLM5,SP14,REF1
,,,1.0,0.0,,,IRN.1_1,RLM10,SP14,REF1
,,,1.0,0.0,,,IRQ.1_1,RLM10,SP14,REF1
,,,1.0,0.0,,,ISR.1_1,RLM10,SP14,REF1
,,,1.0,0.0,,,KAZ.1_1,RLM7,SP14,REF1
,,,1.0,0.0,,,KGZ.1_1,RLM7,SP14,REF1
,,,1.0,0.0,,,LAO.1_1,RLM4,SP14,REF1
,,,1.0,0.0,,,LBN.1_1,RLM10,SP14,REF1
,,,1.0,0.0,,,MMR.1_1,RLM4,SP14,REF1
,,,1.0,0.0,,,NPL.1_1,RLM5,SP14,REF1
,,,1.0,0.0,,,PRK.1_1,RLM7,SP14,REF1
,,,1.0,0.0,,,PAK.1_1,RLM4,SP14,REF1
,,,1.0,0.0,,,PHL.1_1,RLM4,SP14,REF1
,,,1.0,0.0,,,SAU.1_1,RLM10,SP14,REF1
,,,1.0,0.0,,,SGP.1_1,RLM4,SP14,REF1
,,,1.0,0.0,,,KOR.1_1,RLM7,SP14,REF1
,,,1.0,0.0,,,KOR.2_1,RLM7,SP14,REF1
,,,1.0,0.0,,,LKA.1_1,RLM4,SP14,REF1
,,,1.0,0.0,,,SYR.1_1,RLM10,SP14,REF1
,,,1.0,0.0,,,TWN.1_1,RLM4,SP14,REF1
,,,1.0,0.0,,,TJK.1_1,RLM7,SP14,REF1
,,,1.0,0.0,,,THA.1_1,RLM4,SP14,REF1
,,,1.0,0.0,,,TUR.1_1,RLM7,SP14,REF1
,,,1.0,0.0,,,TKM.1_1,RLM7,SP14,REF1
,,,1.0,0.0,,,UZB.1_1,RLM7,SP14,REF1
,,,1.0,0.0,,,VNM.1_1,RLM4,SP14,REF1
,,,1.0,0.0,,,YEM.1_1,RLM10,SP14,REF1
,,,1.0,0.0,,,ALB.1_1,RLM7,SP14,REF1
,,,1.0,0.0,,,AUT.1_1,RLM7,SP14,REF1
,,,1.0,0.0,,,BLR.1_1,RLM7,SP14,REF1
,,,1.0,0.0,,,BEL.1_1,RLM7,SP14,REF1
,,,1.0,0.0,,,BGR.1_1,RLM7,SP14,REF1
,,,1.0,0.0,,,CYP.1_1,RLM10,SP14,REF1
,,,1.0,0.0,,,CZE.1_1,RLM7,SP14,REF1
,,,1.0,0.0,,,DNK.1_1,RLM7,SP14,REF1
,,,1.0,0.0,,,FIN.1_1,RLM7,SP14,REF1
,,,1.0,0.0,,,FRA.1_1,RLM7,SP14,REF1
,,,1.0,0.0,,,DEU.1_1,RLM7,SP14,REF1
,,,1.0,0.0,,,GRC.1_1,RLM7,SP14,REF1
,,,1.0,0.0,,,GRC.2_1,RLM7,SP14,REF1
,,,1.0,0.0,,,HUN.1_1,RLM7,SP14,REF1
,,,1.0,0.0,,,ISL.1_1,RLM7,SP14,REF1
,,,1.0,0.0,,,IRL.1_1,RLM7,SP14,REF1
,,,1.0,0.0,,,ITA.1_1,RLM7,SP14,REF1
,,,1.0,0.0,,,LVA.1_1,RLM7,SP14,REF1
,,,1.0,0.0,,,LTU.1_1,RLM7,SP14,REF1
,,,1.0,0.0,,,MLT.1_1,RLM10,SP14,REF1
,,,1.0,0.0,,,NLD.1_1,RLM7,SP14,REF1
,,,1.0,0.0,,,NOR.1_1,RLM7,SP14,REF1
,,,1.0,0.0,,,POL.1_1,RLM7,SP14,REF1
,,,1.0,0.0,,,PRT.1_1,RLM7,SP14,REF1
,,,1.0,0.0,,,PRT.2_1,RLM7,SP14,REF1
,,,1.0,0.0,,,PRT.3_1,RLM7,SP14,REF1
,,,1.0,0.0,,,ROU.1_1,RLM7,SP14,REF1
,,,1.0,0.0,,,SRB.1_1,RLM7,SP14,REF1
,,,1.0,0.0,,,SVN.1_1,RLM7,SP14,REF1
,,,1.0,0.0,,,ESP.1_1,RLM7,SP14,REF1
,,,1.0,0.0,,,ESP.1_2,RLM7,SP14,REF1
,,,1.0,0.0,,,ESP.2_1,RLM7,SP14,REF1
,,,1.0,0.0,,,ESP.3_1,RLM7,SP14,REF1
,,,1.0,0.0,,,SWE.1_1,RLM7,SP14,REF1
,,,1.0,0.0,,,CHE.1_1,RLM7,SP14,REF1
,,,1.0,0.0,,,UKR.1_1,RLM7,SP14,REF1
,,,1.0,0.0,,,GBR.1_1,RLM7,SP14,REF1
,,,1.0,0.0,,,GBR.6_1,RLM9,SP14,REF1
,,,1.0,0.0,,,ATG.1_1,RLM9,SP14,REF1
,,,1.0,0.0,,,NLD.3_1,RLM1,SP14,REF1
,,,1.0,0.0,,,BHS.1_1,RLM9,SP14,REF1
,,,1.0,0.0,,,BRB.1_1,RLM9,SP14,REF1
,,,1.0,0.0,,,BLZ.1_1,RLM9,SP14,REF1
,,,1.0,0.0,,,GBR.6_1,RLM2,SP14,REF1
,,,1.0,0.0,,,CRI.1_1,RLM9,SP14,REF1
,,,1.0,0.0,,,CUB.1_1,RLM9,SP14,REF1
,,,1.0,0.0,,,DMA.1_1,RLM9,SP14,REF1
,,,1.0,0.0,,,DOM.1_1,RLM9,SP14,REF1
,,,1.0,0.0,,,SLV.1_1,RLM9,SP14,REF1
,,,1.0,0.0,,,,RLM7,SP14,REF1
,,,1.0,0.0,,,GRD.1_1,RLM1,SP14,REF1
,,,1.0,0.0,,,FRA.5_1,RLM9,SP14,REF1
,,,1.0,0.0,,,GTM.1_1,RLM9,SP14,REF1
,,,1.0,0.0,,,HTI.1_1,RLM9,SP14,REF1
,,,1.0,0.0,,,HND.1_1,RLM9,SP14,REF1
,,,1.0,0.0,,,HND.2_1,RLM9,SP14,REF1
,,,1.0,0.0,,,JAM.1_1,RLM9,SP14,REF1
,,,1.0,0.0,,,MEX.1_1,RLM2,SP14,REF1
,,,1.0,0.0,,,NIC.1_1,RLM9,SP14,REF1
,,,1.0,0.0,,,USA.3_1,RLM9,SP14,REF1
,,,1.0,0.0,,,KNA.1_1,RLM9,SP14,REF1
,,,1.0,0.0,,,LCA.1_1,RLM1,SP14,REF1
,,,1.0,0.0,,,TTO.1_1,RLM1,SP14,REF1
,,,1.0,0.0,,,GUM.1_1,RLM3,SP14,REF1
,,,1.0,0.0,,,FRA.7_1,RLM3,SP14,REF1
,,,1.0,0.0,,,NZL.1_1,RLM8,SP14,REF1
,,,1.0,0.0,,,AUS.3_1,RLM8,SP14,REF1
,,,1.0,0.0,,,PNG.1_1,RLM3,SP14,REF1
,,,1.0,0.0,,,WSM.1_1,RLM3,SP14,REF1
,,,1.0,0.0,,,SLB.1_1,RLM3,SP14,REF1
,,,1.0,0.0,,,TON.1_1,RLM3,SP14,REF1
,,,1.0,0.0,,,ARG.1_1,RLM1,SP14,REF1
,,,1.0,0.0,,,ARG.2_1,RLM1,SP14,REF1
,,,1.0,0.0,,,BOL.1_1,RLM1,SP14,REF1
,1.0,,1.0,0.0,,1883.0,CHL.1_1,RLM1,SP14,REF1
,,,1.0,0.0,,,COL.1_1,RLM1,SP14,REF1
,,,1.0,0.0,,,PRY.1_1,RLM1,SP14,REF1
,,,1.0,0.0,,,PER.1_1,RLM1,SP14,REF1
,,,1.0,0.0,,,URY.1_1,RLM1,SP14,REF1
,,,1.0,0.0,,,VEN.1_1,RLM1,SP14,REF1
,,,1.0,0.0,,,VEN.2_1,RLM1,SP14,REF1
,,,1.0,0.0,,,AFG.1_1,RLM10,SP87,REF1
,,,1.0,0.0,,,IRN.1_1,RLM10,SP87,REF1
,,,1.0,0.0,,,KAZ.1_1,RLM7,SP87,REF1
,,,1.0,0.0,,,KGZ.1_1,RLM7,SP87,REF1
,,,1.0,0.0,,,TJK.1_1,RLM7,SP87,REF1
,,,1.0,0.0,,,TUR.1_1,RLM7,SP87,REF1
,,,1.0,0.0,,,TKM.1_1,RLM7,SP87,REF1
,,,1.0,0.0,,,UZB.1_1,RLM7,SP87,REF1
,,,1.0,0.0,,,BGR.1_1,RLM7,SP87,REF1
,,,1.0,0.0,,,ITA.1_1,RLM7,SP87,REF1
,1.0,,1.0,0.0,,,ROU.1_1,RLM7,SP87,REF1
,,,1.0,0.0,,,,RLM7,SP87,REF1
,,,1.0,0.0,,,UKR.1_1,RLM7,SP87,REF1
,1.0,,1.0,0.0,,2008.0,GBR.1_1,RLM7,SP87,REF1
,,,1.0,0.0,,,JPN.1_1,RLM5,SP79,REF1
,,,1.0,0.0,,,SYR.1_1,RLM10,SP79,REF1
,,,1.0,0.0,,,UZB.1_1,RLM7,SP79,REF1
,,,1.0,0.0,,,HRV.1_1,RLM7,SP79,REF1
,,,1.0,0.0,,,CYP.1_1,RLM10,SP79,REF1
,,,1.0,0.0,,,EST.1_1,RLM7,SP79,REF1
,,,1.0,0.0,,,FIN.1_1,RLM7,SP79,REF1
,,,1.0,0.0,,,FRA.1_1,RLM7,SP79,REF1
,,,1.0,0.0,,,DEU.1_1,RLM7,SP79,REF1
,,,1.0,0.0,,,GRC.1_1,RLM7,SP79,REF1
,,,1.0,0.0,,,GRC.2_1,RLM7,SP79,REF1
,,,1.0,0.0,,,HUN.1_1,RLM7,SP79,REF1
,,,1.0,0.0,,,IRL.1_1,RLM7,SP79,REF1
,,,1.0,0.0,,,ITA.1_1,RLM7,SP79,REF1
,,,1.0,0.0,,,LVA.1_1,RLM7,SP79,REF1
,,,1.0,0.0,,,LUX.1_1,RLM7,SP79,REF1
,,,1.0,0.0,,,POL.1_1,RLM7,SP79,REF1
,,,1.0,0.0,,,PRT.1_1,RLM7,SP79,REF1
,,,1.0,0.0,,,PRT.2_1,RLM7,SP79,REF1
,,,1.0,0.0,,,PRT.3_1,RLM7,SP79,REF1
,,,1.0,0.0,,,ROU.1_1,RLM7,SP79,REF1
,,,1.0,0.0,,,SRB.1_1,RLM7,SP79,REF1
,,,1.0,0.0,,,SVK.1_1,RLM7,SP79,REF1
,,,1.0,0.0,,,CHE.1_1,RLM7,SP79,REF1
,,,1.0,0.0,,,ARG.1_1,RLM1,SP79,REF1
,,,1.0,0.0,,,ARG.2_1,RLM1,SP79,REF1
,1.0,,1.0,0.0,,1992.0,NZL.1_1,RLM8,SP896,REF1
,,,1.0,0.0,,,EGY.1_1,RLM10,SP223,REF1
,,,1.0,0.0,,,ARM.1_1,RLM7,SP223,REF1
,,,1.0,0.0,,,IRN.1_1,RLM10,SP223,REF1
,,,1.0,0.0,,,IRQ.1_1,RLM10,SP223,REF1
,,,1.0,0.0,,,ISR.1_1,RLM10,SP223,REF1
,,,1.0,0.0,,,SYR.1_1,RLM10,SP223,REF1
,,,1.0,0.0,,,TUR.1_1,RLM7,SP223,REF1
,,,1.0,0.0,,,ALB.1_1,RLM7,SP223,REF1
,,,1.0,0.0,,,AUT.1_1,RLM7,SP223,REF1
,,,1.0,0.0,,,BGR.1_1,RLM7,SP223,REF1
,,,1.0,0.0,,,HRV.1_1,RLM7,SP223,REF1
,,,1.0,0.0,,,CZE.1_1,RLM7,SP223,REF1
,,,1.0,0.0,,,FRA.1_1,RLM7,SP223,REF1
,,,1.0,0.0,,,DEU.1_1,RLM7,SP223,REF1
,,,1.0,0.0,,,GRC.1_1,RLM7,SP223,REF1
,,,1.0,0.0,,,GRC.2_1,RLM7,SP223,REF1
,,,1.0,0.0,,,HUN.1_1,RLM7,SP223,REF1
,,,1.0,0.0,,,ITA.1_1,RLM7,SP223,REF1
,,,1.0,0.0,,,POL.1_1,RLM7,SP223,REF1
,,,1.0,0.0,,,PRT.1_1,RLM7,SP223,REF1
,,,1.0,0.0,,,PRT.2_1,RLM7,SP223,REF1
,,,1.0,0.0,,,PRT.3_1,RLM7,SP223,REF1
,,,1.0,0.0,,,ROU.1_1,RLM7,SP223,REF1
,,,1.0,0.0,,,CHE.1_1,RLM7,SP223,REF1
,,,1.0,0.0,,,UKR.1_1,RLM7,SP223,REF1
,,,1.0,0.0,,,BDI.1_1,RLM6,SP1205,REF1
,,,1.0,0.0,,,TCD.1_1,RLM6,SP1205,REF1
,,,1.0,0.0,,,COG.1_1,RLM6,SP1205,REF1
,1.0,,1.0,0.0,,1870.0,MUS.1_1,RLM3,SP1205,REF1
,1.0,,1.0,0.0,,1863.0,FRA.3_1,RLM11,SP1205,REF1
,,,1.0,0.0,,,MUS.1_1,RLM3,SP15,REF1
,,,1.0,0.0,,,MAR.1_1,RLM10,SP15,REF1
,1.0,,1.0,0.0,,,ZAF.1_1,RLM6,SP15,REF1
,,,1.0,0.0,,,ARM.1_1,RLM7,SP15,REF1
,,,1.0,0.0,,,AZE.1_1,RLM7,SP15,REF1
,,,1.0,0.0,,,GEO.1_1,RLM7,SP15,REF1
,,,1.0,0.0,,,,RLM5,SP15,REF1
,,,1.0,0.0,,,KAZ.1_1,RLM7,SP15,REF1
,,,1.0,0.0,,,KGZ.1_1,RLM7,SP15,REF1
,,,1.0,0.0,,,PRK.1_1,RLM7,SP15,REF1
,,,1.0,0.0,,,KOR.1_1,RLM7,SP15,REF1
,,,1.0,0.0,,,KOR.2_1,RLM7,SP15,REF1
,,,1.0,0.0,,,TWN.1_1,RLM4,SP15,REF1
,,,1.0,0.0,,,TUR.1_1,RLM7,SP15,REF1
,,,1.0,0.0,,,UZB.1_1,RLM7,SP15,REF1
,,,1.0,0.0,,,AUT.1_1,RLM7,SP15,REF1
,,,1.0,0.0,,,BEL.1_1,RLM7,SP15,REF1
,,,1.0,0.0,,,BGR.1_1,RLM7,SP15,REF1
,,,1.0,0.0,,,HRV.1_1,RLM7,SP15,REF1
,,,1.0,0.0,,,CZE.1_1,RLM7,SP15,REF1
,1.0,,1.0,0.0,,1965.0,DNK.1_1,RLM7,SP15,REF1
,1.0,,1.0,0.0,,,FRA.1_1,RLM7,SP15,REF1
,,,1.0,0.0,,,DEU.1_1,RLM7,SP15,REF1
,,,1.0,0.0,,,GRC.1_1,RLM7,SP15,REF1
,,,1.0,0.0,,,GRC.2_1,RLM7,SP15,REF1
,,,1.0,0.0,,,HUN.1_1,RLM7,SP15,REF1
,,,1.0,0.0,,,ITA.1_1,RLM7,SP15,REF1
,,,1.0,0.0,,,LVA.1_1,RLM7,SP15,REF1
,,,1.0,0.0,,,LTU.1_1,RLM7,SP15,REF1
,,,1.0,0.0,,,MLT.1_1,RLM10,SP15,REF1
,,,1.0,0.0,,,MDA.1_1,RLM7,SP15,REF1
,1.0,,1.0,0.0,,1999.0,MNE.1_1,RLM7,SP15,REF1
,,,1.0,0.0,,,MKD.1_1,RLM7,SP15,REF1
,,,1.0,0.0,,,POL.1_1,RLM7,SP15,REF1
,,,1.0,0.0,,,PRT.1_1,RLM7,SP15,REF1
,,,1.0,0.0,,,PRT.2_1,RLM7,SP15,REF1
,,,1.0,0.0,,,PRT.3_1,RLM7,SP15,REF1
,1.0,,1.0,0.0,,1964.0,ROU.1_1,RLM7,SP15,REF1
,,,1.0,0.0,,,SRB.1_1,RLM7,SP15,REF1
,,,1.0,0.0,,,SVK.1_1,RLM7,SP15,REF1
,1.0,,1.0,0.0,,1920.0,SVN.1_1,RLM7,SP15,REF1
,,,1.0,0.0,,,ESP.1_1,RLM7,SP15,REF1
,,,1.0,0.0,,,ESP.1_2,RLM7,SP15,REF1
,,,1.0,0.0,,,ESP.2_1,RLM7,SP15,REF1
,,,1.0,0.0,,,ESP.3_1,RLM7,SP15,REF1
,,,1.0,0.0,,,CHE.1_1,RLM7,SP15,REF1
,,,1.0,0.0,,,UKR.1_1,RLM7,SP15,REF1
,,,1.0,0.0,,,GBR.1_1,RLM7,SP15,REF1
,,,1.0,0.0,,,MEX.1_1,RLM2,SP15,REF1
,1.0,,1.0,0.0,,1912.0,USA.1_1,RLM2,SP15,REF1
,1.0,,1.0,0.0,,1912.0,USA.1_2,RLM2,SP15,REF1
,1.0,,1.0,0.0,,1912.0,USA.2_1,RLM2,SP15,REF1
,,,1.0,0.0,,1973.0,NZL.1_1,RLM8,SP15,REF1
,,,1.0,0.0,,,ARG.1_1,RLM1,SP15,REF1
,,,1.0,0.0,,,ARG.2_1,RLM1,SP15,REF1
,,,1.0,0.0,,,CHL.1_1,RLM1,SP15,REF1
,,,1.0,0.0,,,URY.1_1,RLM1,SP15,REF1
,,,1.0,0.0,,,ITA.1_1,RLM7,SP73,REF1
,,,1.0,0.0,,,ALB.1_1,RLM7,SP80,REF1
,,,1.0,0.0,,,HUN.1_1,RLM7,SP80,REF1
,1.0,,1.0,0.0,,1994.0,ITA.1_1,RLM7,SP80,REF1
,,,1.0,0.0,,,ROU.1_1,RLM7,SP80,REF1
,,,1.0,0.0,,,SRB.1_1,RLM7,SP80,REF1
,,,1.0,0.0,,,SVN.1_1,RLM7,SP80,REF1
,1.0,,1.0,0.0,,2009.0,CHE.1_1,RLM7,SP80,REF1
,,,1.0,0.0,,,FRA.5_1,RLM9,SP81,REF1
,1.0,,1.0,0.0,,1982.0,LCA.1_1,RLM1,SP81,REF1
,1.0,,1.0,0.0,,,CHN.1_1,RLM7,SP689,REF1
,1.0,,1.0,0.0,,,CHN.2_1,RLM7,SP689,REF1
,1.0,,1.0,0.0,,,CHN.3_1,RLM7,SP689,REF1
,,,1.0,0.0,,,IND.1_1,RLM4,SP689,REF1
,,,1.0,0.0,,,IDN.1_1,RLM4,SP689,REF1
,,,1.0,0.0,,,MYS.1_1,RLM4,SP689,REF1
,,,1.0,0.0,,,SGP.1_1,RLM4,SP689,REF1
,,,1.0,0.0,,,TWN.1_1,RLM4,SP689,REF1
,,,1.0,0.0,,,PRT.1_1,RLM7,SP99,REF1
,,,1.0,0.0,,,PRT.2_1,RLM7,SP99,REF1
,,,1.0,0.0,,,PRT.3_1,RLM7,SP99,REF1
,,,1.0,0.0,,,GBR.1_1,RLM7,SP99,REF1
,1.0,,1.0,0.0,,1951.0,NZL.1_1,RLM8,SP99,REF1
,,,1.0,0.0,,,PHL.1_1,RLM4,SP88,REF1
,,,1.0,0.0,,,LKA.1_1,RLM4,SP88,REF1
,,,1.0,0.0,,,USA.4_1,RLM3,SP88,REF1
,,,1.0,0.0,,,USA.6_1,RLM3,SP88,REF1
,,,1.0,0.0,,,GHA.1_1,RLM6,SP92,REF1
,,,1.0,0.0,,,FRA.1_1,RLM7,SP985,REF1
,,,1.0,0.0,,,FRA.1_1,RLM7,SP1206,REF1
,,,1.0,0.0,,,ITA.1_1,RLM7,SP1206,REF1
,,,1.0,0.0,,,ESP.1_1,RLM7,SP1206,REF1
,,,1.0,0.0,,,ESP.1_2,RLM7,SP1206,REF1
,,,1.0,0.0,,,ESP.2_1,RLM7,SP1206,REF1
,,,1.0,0.0,,,ESP.3_1,RLM7,SP1206,REF1
,,,1.0,0.0,,,CHE.1_1,RLM7,SP1206,REF1
,,,1.0,0.0,,,DNK.1_1,RLM7,SP1207,REF1
,,,1.0,0.0,,,JPN.1_1,RLM5,SP1208,REF1
,,,1.0,0.0,,,AUT.1_1,RLM7,SP1208,REF1
,,,1.0,0.0,,,FRA.1_1,RLM7,SP1208,REF1
,,,1.0,0.0,,,DEU.1_1,RLM7,SP1208,REF1
,,,1.0,0.0,,,GBR.1_1,RLM7,SP1208,REF1
,,,1.0,0.0,,,DEU.1_1,RLM7,SP1209,REF1
,,,1.0,0.0,,,IRL.1_1,RLM7,SP1209,REF1
,,,1.0,0.0,,,GBR.1_1,RLM7,SP1209,REF1
,1.0,,1.0,0.0,,1990.0,PRT.1_1,RLM7,SP1016,REF1
,1.0,,1.0,0.0,,1990.0,PRT.2_1,RLM7,SP1016,REF1
,1.0,,1.0,0.0,,1990.0,PRT.3_1,RLM7,SP1016,REF1
,,,1.0,0.0,,,ESP.1_1,RLM7,SP1016,REF1
,,,1.0,0.0,,,ESP.1_2,RLM7,SP1016,REF1
,,,1.0,0.0,,,ESP.2_1,RLM7,SP1016,REF1
,,,1.0,0.0,,,ESP.3_1,RLM7,SP1016,REF1
,1.0,,1.0,0.0,,2014.0,GBR.1_1,RLM7,SP1016,REF1
,,,1.0,0.0,,,SWE.1_1,RLM7,SP1210,REF1
,,,1.0,0.0,,,GBR.1_1,RLM7,SP1211,REF1
,,,1.0,0.0,,,DNK.1_1,RLM7,SP1212,REF1
,,,1.0,0.0,,,SWE.1_1,RLM7,SP1213,REF1
,,,1.0,0.0,,,MLT.1_1,RLM10,SP1214,REF1
,,,1.0,0.0,,,GBR.1_1,RLM7,SP1215,REF1
,,,1.0,0.0,,,GBR.1_1,RLM7,SP1216,REF1
,,,1.0,0.0,,,FRA.1_1,RLM7,SP1217,REF1
,,,1.0,0.0,,,SWE.1_1,RLM7,SP1218,REF1
,,,1.0,0.0,,,GBR.1_1,RLM7,SP1219,REF1
,,,1.0,0.0,,,DNK.1_1,RLM7,SP992,REF1
,,,1.0,0.0,,,DEU.1_1,RLM7,SP992,REF1
,,,1.0,0.0,,,GRC.1_1,RLM7,SP992,REF1
,,,1.0,0.0,,,GRC.2_1,RLM7,SP992,REF1
,,,1.0,0.0,,,ITA.1_1,RLM7,SP992,REF1
,,,1.0,0.0,,,MLT.1_1,RLM10,SP992,REF1
,,,1.0,0.0,,,MNE.1_1,RLM7,SP992,REF1
,,,1.0,0.0,,,MKD.1_1,RLM7,SP992,REF1
,,,1.0,0.0,,,ESP.1_1,RLM7,SP992,REF1
,,,1.0,0.0,,,ESP.1_2,RLM7,SP992,REF1
,,,1.0,0.0,,,ESP.2_1,RLM7,SP992,REF1
,,,1.0,0.0,,,ESP.3_1,RLM7,SP992,REF1
,,,1.0,0.0,,,DNK.1_1,RLM7,SP1220,REF1
,1.0,,1.0,0.0,,1967.0,GBR.1_1,RLM7,SP1196,REF1
,1.0,,1.0,0.0,,1987.0,DNK.1_1,RLM7,SP363,REF1
,1.0,,1.0,0.0,,1979.0,DEU.1_1,RLM7,SP363,REF1
,,,1.0,0.0,,,PRT.1_1,RLM7,SP363,REF1
,,,1.0,0.0,,,PRT.2_1,RLM7,SP363,REF1
,,,1.0,0.0,,,PRT.3_1,RLM7,SP363,REF1
,,,1.0,0.0,,,GBR.1_1,RLM7,SP363,REF1
,,,1.0,0.0,,,PRT.1_1,RLM7,SP1221,REF1
,,,1.0,0.0,,,PRT.2_1,RLM7,SP1221,REF1
,,,1.0,0.0,,,PRT.3_1,RLM7,SP1221,REF1
,,,1.0,0.0,,,DNK.1_1,RLM7,SP1222,REF1
,1.0,,1.0,0.0,,2002.0,GBR.1_1,RLM7,SP1223,REF1
,,,1.0,0.0,,,ESP.1_1,RLM7,SP1224,REF1
,,,1.0,0.0,,,ESP.1_2,RLM7,SP1224,REF1
,,,1.0,0.0,,,ESP.2_1,RLM7,SP1224,REF1
,,,1.0,0.0,,,ESP.3_1,RLM7,SP1224,REF1
,,,1.0,0.0,,,DEU.1_1,RLM7,SP1225,REF1
,,,1.0,0.0,,,GBR.1_1,RLM7,SP1225,REF1
,,,1.0,0.0,,,BEL.1_1,RLM7,SP1226,REF1
,,,1.0,0.0,,,BGR.1_1,RLM7,SP1226,REF1
,,,1.0,0.0,,,HUN.1_1,RLM7,SP1226,REF1
,,,1.0,0.0,,,LTU.1_1,RLM7,SP1226,REF1
,,,1.0,0.0,,,NLD.1_1,RLM7,SP1226,REF1
,,,1.0,0.0,,,SWE.1_1,RLM7,SP1226,REF1
,,,1.0,0.0,,,CHE.1_1,RLM7,SP1226,REF1
,1.0,,1.0,0.0,,2001.0,LCA.1_1,RLM1,SP1227,REF1
,,,1.0,0.0,,,GBR.1_1,RLM7,SP1228,REF1
,1.0,,1.0,0.0,,1971.0,GBR.1_1,RLM7,SP65,REF1
,1.0,,1.0,0.0,,1929.0,USA.1_1,RLM2,SP65,REF1
,1.0,,1.0,0.0,,1929.0,USA.1_2,RLM2,SP65,REF1
,1.0,,1.0,0.0,,1929.0,USA.2_1,RLM2,SP65,REF1
,,,1.0,0.0,,,LBN.1_1,RLM10,SP1118,REF1
,,,1.0,0.0,,,TUR.1_1,RLM7,SP1118,REF1
,1.0,,1.0,0.0,,2002.0,PRT.1_1,RLM7,SP1118,REF1
,1.0,,1.0,0.0,,2002.0,PRT.2_1,RLM7,SP1118,REF1
,1.0,,1.0,0.0,,2002.0,PRT.3_1,RLM7,SP1118,REF1
,1.0,,1.0,0.0,,1870.0,ESP.1_1,RLM7,SP1118,REF1
,1.0,,1.0,0.0,,1870.0,ESP.1_2,RLM7,SP1118,REF1
,1.0,,1.0,0.0,,1870.0,ESP.2_1,RLM7,SP1118,REF1
,1.0,,1.0,0.0,,1870.0,ESP.3_1,RLM7,SP1118,REF1
,,,1.0,0.0,,,DNK.1_1,RLM7,SP1229,REF1
,,,1.0,0.0,,,FRA.1_1,RLM7,SP1229,REF1
,,,1.0,0.0,,,DEU.1_1,RLM7,SP1229,REF1
,,,1.0,0.0,,,PRT.1_1,RLM7,SP1229,REF1
,,,1.0,0.0,,,PRT.2_1,RLM7,SP1229,REF1
,,,1.0,0.0,,,PRT.3_1,RLM7,SP1229,REF1
,,,1.0,0.0,,,GBR.1_1,RLM7,SP1229,REF1
,,,1.0,0.0,,,DEU.1_1,RLM7,SP1230,REF1
,,,1.0,0.0,,,ITA.1_1,RLM7,SP84,REF1
,1.0,,1.0,0.0,,1996.0,ESP.1_1,RLM7,SP84,REF1
,1.0,,1.0,0.0,,1996.0,ESP.1_2,RLM7,SP84,REF1
,1.0,,1.0,0.0,,1996.0,ESP.2_1,RLM7,SP84,REF1
,1.0,,1.0,0.0,,1996.0,ESP.3_1,RLM7,SP84,REF1
,,,1.0,0.0,,,USA.1_1,RLM2,SP84,REF1
,,,1.0,0.0,,,USA.1_2,RLM2,SP84,REF1
,,,1.0,0.0,,,USA.2_1,RLM2,SP84,REF1
,,,1.0,0.0,,,ECU.1_1,RLM1,SP84,REF1
,,,1.0,0.0,,,ECU.2_1,RLM1,SP84,REF1
,1.0,,1.0,0.0,,1979.0,GBR.1_1,RLM7,SP54,REF1
,,,1.0,0.0,,,ZAF.1_1,RLM6,SP1116,REF1
,,,1.0,0.0,,,GBR.1_1,RLM7,SP1116,REF1
,,,1.0,0.0,,,SWE.1_1,RLM7,SP1231,REF1
,1.0,,1.0,0.0,,1977.0,GBR.1_1,RLM7,SP1197,REF1
,1.0,,1.0,0.0,,2001.0,MLT.1_1,RLM10,SP1194,REF1
,,,1.0,0.0,,,MLT.1_1,RLM10,SP1193,REF1
,1.0,,1.0,0.0,,2007.0,ITA.1_1,RLM7,SP1019,REF1
,1.0,,1.0,0.0,,2001.0,FRA.1_1,RLM7,SP1059,REF1
,1.0,,1.0,0.0,,1971.0,GBR.1_1,RLM7,SP1078,REF1
,,,1.0,0.0,,,IRL.1_1,RLM7,SP1232,REF1
,,,1.0,0.0,,,NLD.1_1,RLM7,SP1232,REF1
,1.0,,1.0,0.0,,1882.0,USA.1_1,RLM2,SP1232,REF1
,1.0,,1.0,0.0,,1882.0,USA.1_2,RLM2,SP1232,REF1
,1.0,,1.0,0.0,,1882.0,USA.2_1,RLM2,SP1232,REF1
,,,1.0,0.0,,,DEU.1_1,RLM7,SP1122,REF1
,,,1.0,0.0,,,LTU.1_1,RLM7,SP1122,REF1
,,,1.0,0.0,,,GBR.1_1,RLM7,SP1122,REF1
,,,1.0,0.0,,,GBR.1_1,RLM7,SP1148,REF1
,1.0,,1.0,0.0,,1908.0,GBR.1_1,RLM7,SP893,REF1
,1.0,,1.0,0.0,,1886.0,NZL.1_1,RLM8,SP893,REF1
,,,1.0,0.0,,,DNK.1_1,RLM7,SP1233,REF1
,,,1.0,0.0,,,TUR.1_1,RLM7,SP1234,REF1
,,,1.0,0.0,,,AUT.1_1,RLM7,SP1234,REF1
,,,1.0,0.0,,,FRA.1_1,RLM7,SP1234,REF1
,,,1.0,0.0,,,DEU.1_1,RLM7,SP1234,REF1
,,,1.0,0.0,,,NLD.1_1,RLM7,SP1234,REF1
,,,1.0,0.0,,,SWE.1_1,RLM7,SP1234,REF1
,,,1.0,0.0,,,GBR.1_1,RLM7,SP1234,REF1
,,,1.0,0.0,,,CRI.1_1,RLM9,SP1235,REF1
,,,1.0,0.0,,,DNK.1_1,RLM7,SP1007,REF1
,,,1.0,0.0,,,FRA.1_1,RLM7,SP1007,REF1
,,,1.0,0.0,,,ITA.1_1,RLM7,SP1007,REF1
,,,1.0,0.0,,,POL.1_1,RLM7,SP1007,REF1
,,,1.0,0.0,,,ESP.1_1,RLM7,SP1007,REF1
,,,1.0,0.0,,,ESP.1_2,RLM7,SP1007,REF1
,,,1.0,0.0,,,ESP.2_1,RLM7,SP1007,REF1
,,,1.0,0.0,,,ESP.3_1,RLM7,SP1007,REF1
,,,1.0,0.0,,,DNK.1_1,RLM7,SP413,REF1
,1.0,,1.0,0.0,,1950.0,DEU.1_1,RLM7,SP1236,REF1
,,,1.0,0.0,,,LTU.1_1,RLM7,SP1236,REF1
,,,1.0,0.0,,,DNK.1_1,RLM7,SP1046,REF1
,,,1.0,0.0,,,GBR.1_1,RLM7,SP1046,REF1
,,,1.0,0.0,,,BGR.1_1,RLM7,SP1062,REF1
,,,1.0,0.0,,,ITA.1_1,RLM7,SP1062,REF1
,,,1.0,0.0,,,LTU.1_1,RLM7,SP1062,REF1
,,,1.0,0.0,,,NLD.1_1,RLM7,SP1062,REF1
,,,1.0,0.0,,,GBR.1_1,RLM7,SP1062,REF1
,,,1.0,0.0,,,PRT.1_1,RLM7,SP171,REF1
,,,1.0,0.0,,,PRT.2_1,RLM7,SP171,REF1
,,,1.0,0.0,,,PRT.3_1,RLM7,SP171,REF1
,,,1.0,0.0,,,PRT.1_1,RLM7,SP1237,REF1
,,,1.0,0.0,,,PRT.2_1,RLM7,SP1237,REF1
,,,1.0,0.0,,,PRT.3_1,RLM7,SP1237,REF1
,,,1.0,0.0,,,IRL.1_1,RLM7,SP466,REF1
,,,1.0,0.0,,,GBR.1_1,RLM7,SP466,REF1
,,,1.0,0.0,,,DEU.1_1,RLM7,SP1238,REF1
,,,1.0,0.0,,,GBR.1_1,RLM7,SP1070,REF1
,,,1.0,0.0,,,IRL.1_1,RLM7,SP1055,REF1
,,,1.0,0.0,,,NLD.1_1,RLM7,SP1055,REF1
,,,1.0,0.0,,,POL.1_1,RLM7,SP1055,REF1
,,,1.0,0.0,,,GBR.1_1,RLM7,SP1055,REF1
,,,1.0,0.0,,,DNK.1_1,RLM7,SP1074,REF1
,,,1.0,0.0,,,GBR.1_1,RLM7,SP1082,REF1
,,,1.0,0.0,,,DEU.1_1,RLM7,SP1094,REF1
,,,1.0,0.0,,,IRL.1_1,RLM7,SP1094,REF1
,,,1.0,0.0,,,SWE.1_1,RLM7,SP1094,REF1
,,,1.0,0.0,,,GBR.1_1,RLM7,SP1094,REF1
,,,1.0,0.0,,,GBR.1_1,RLM7,SP1239,REF1
,1.0,,1.0,0.0,,,DEU.1_1,RLM7,SP1240,REF1
,,,1.0,0.0,,,DNK.1_1,RLM7,SP1102,REF1
,,,1.0,0.0,,,IRL.1_1,RLM7,SP505,REF1
,,,1.0,0.0,,,LTU.1_1,RLM7,SP505,REF1
,,,1.0,0.0,,,PRT.1_1,RLM7,SP505,REF1
,,,1.0,0.0,,,PRT.2_1,RLM7,SP505,REF1
,,,1.0,0.0,,,PRT.3_1,RLM7,SP505,REF1
,,,1.0,0.0,,,GBR.1_1,RLM7,SP505,REF1
,1.0,,1.0,0.0,,1956.0,NZL.1_1,RLM8,SP505,REF1
,,,1.0,0.0,,,GBR.1_1,RLM7,SP1189,REF1
,1.0,,1.0,0.0,,1981.0,GBR.1_1,RLM7,SP958,REF1
,,,1.0,0.0,,,AUT.1_1,RLM7,SP1111,REF1
,,,1.0,0.0,,,GBR.1_1,RLM7,SP1119,REF1
,,,1.0,0.0,,,IRL.1_1,RLM7,SP1112,REF1
,,,1.0,0.0,,,NLD.1_1,RLM7,SP1112,REF1
,,,1.0,0.0,,,SWE.1_1,RLM7,SP1112,REF1
,,,1.0,0.0,,,GBR.1_1,RLM7,SP1112,REF1
,,,1.0,0.0,,,GBR.1_1,RLM7,SP1241,REF1
,,,1.0,0.0,,,IRL.1_1,RLM7,SP93,REF1
,,,1.0,0.0,,,SWE.1_1,RLM7,SP93,REF1
,,,1.0,0.0,,,GBR.1_1,RLM7,SP93,REF1
,,,1.0,0.0,,,PRT.1_1,RLM7,SP85,REF1
,,,1.0,0.0,,,PRT.2_1,RLM7,SP85,REF1
,,,1.0,0.0,,,PRT.3_1,RLM7,SP85,REF1
,,,1.0,0.0,,,USA.1_1,RLM2,SP85,REF1
,,,1.0,0.0,,,USA.1_2,RLM2,SP85,REF1
,,,1.0,0.0,,,USA.2_1,RLM2,SP85,REF1
,,,1.0,0.0,,,GBR.1_1,RLM7,SP1242,REF1
,,,1.0,0.0,,,HUN.1_1,RLM7,SP1243,REF1
,,,1.0,0.0,,,,RLM7,SP1243,REF1
,,,1.0,0.0,,,NLD.1_1,RLM7,SP177,REF1
,,,1.0,0.0,,,PRT.1_1,RLM7,SP177,REF1
,,,1.0,0.0,,,PRT.2_1,RLM7,SP177,REF1
,,,1.0,0.0,,,PRT.3_1,RLM7,SP177,REF1
,,,1.0,0.0,,,PRT.1_1,RLM7,SP100,REF1
,,,1.0,0.0,,,PRT.2_1,RLM7,SP100,REF1
,,,1.0,0.0,,,PRT.3_1,RLM7,SP100,REF1
,1.0,,1.0,0.0,,1985.0,DNK.1_1,RLM7,SP1144,REF1
,1.0,,1.0,0.0,,2001.0,FIN.1_1,RLM7,SP1144,REF1
,1.0,,1.0,0.0,,1940.0,DEU.1_1,RLM7,SP1144,REF1
,1.0,,1.0,0.0,,,SWE.1_1,RLM7,SP1144,REF1
,,,1.0,0.0,,,GBR.1_1,RLM7,SP1244,REF1
,,,1.0,0.0,,,PRT.1_1,RLM7,SP982,REF1
,,,1.0,0.0,,,PRT.2_1,RLM7,SP982,REF1
,,,1.0,0.0,,,PRT.3_1,RLM7,SP982,REF1
,,,1.0,0.0,,,ESP.1_1,RLM7,SP982,REF1
,,,1.0,0.0,,,ESP.1_2,RLM7,SP982,REF1
,,,1.0,0.0,,,ESP.2_1,RLM7,SP982,REF1
,,,1.0,0.0,,,ESP.3_1,RLM7,SP982,REF1
,,,1.0,0.0,,,UKR.1_1,RLM7,SP982,REF1
,,,1.0,0.0,,,JPN.1_1,RLM5,SP993,REF1
,1.0,,1.0,0.0,,2001.0,ISL.1_1,RLM7,SP1001,REF1
,,,1.0,0.0,,,AUT.1_1,RLM7,SP1047,REF1
,,,1.0,0.0,,,BEL.1_1,RLM7,SP1047,REF1
,1.0,,1.0,0.0,,2005.0,ISL.1_1,RLM7,SP1085,REF1
,1.0,,1.0,0.0,,1895.0,AUT.1_1,RLM7,SP508,REF1
,1.0,,1.0,0.0,,1900.0,CZE.1_1,RLM7,SP508,REF1
,,,1.0,0.0,,,DNK.1_1,RLM7,SP508,REF1
,,,1.0,0.0,,,PRT.1_1,RLM7,SP508,REF1
,,,1.0,0.0,,,PRT.2_1,RLM7,SP508,REF1
,,,1.0,0.0,,,PRT.3_1,RLM7,SP508,REF1
,,,1.0,0.0,,,SVK.1_1,RLM7,SP508,REF1
,,,1.0,0.0,,,GBR.1_1,RLM7,SP508,REF1
,1.0,,1.0,0.0,,,CZE.1_1,RLM7,SP787,REF1
,1.0,,1.0,0.0,,,DEU.1_1,RLM7,SP787,REF1
,1.0,,1.0,0.0,,1840.0,IRL.1_1,RLM7,SP787,REF1
,,,1.0,0.0,,,NLD.1_1,RLM7,SP787,REF1
,1.0,,1.0,0.0,,1942.0,NOR.1_1,RLM7,SP787,REF1
,1.0,,1.0,0.0,,1992.0,SVK.1_1,RLM7,SP787,REF1
,1.0,,1.0,0.0,,,SWE.1_1,RLM7,SP787,REF1
,,,1.0,0.0,,,GBR.1_1,RLM7,SP787,REF1
,,,1.0,0.0,,,AUS.1_1,RLM8,SP787,REF1
,1.0,,1.0,0.0,,1909.0,NZL.1_1,RLM8,SP787,REF1
,1.0,,1.0,0.0,,1950.0,ISL.1_1,RLM7,SP1101,REF1
,,,1.0,0.0,,,LTU.1_1,RLM7,SP1101,REF1
,,,1.0,0.0,,,GBR.1_1,RLM7,SP1101,REF1
,,,1.0,0.0,,,GBR.1_1,RLM7,SP1245,REF1
,,,1.0,0.0,,,BEL.1_1,RLM7,SP1056,REF1
,,,1.0,0.0,,,GBR.1_1,RLM7,SP1056,REF1
,,,1.0,0.0,,,BEN.1_1,RLM6,SP1053,REF1
,,,1.0,0.0,,,DNK.1_1,RLM7,SP1053,REF1
,,,1.0,0.0,,,GBR.1_1,RLM7,SP1053,REF1
,,,1.0,0.0,,,TKM.1_1,RLM7,SP59,REF1
,,,1.0,0.0,,,PRT.1_1,RLM7,SP59,REF1
,,,1.0,0.0,,,PRT.2_1,RLM7,SP59,REF1
,,,1.0,0.0,,,PRT.3_1,RLM7,SP59,REF1
,,,1.0,0.0,,,,RLM7,SP59,REF1
,,,1.0,0.0,,,CHE.1_1,RLM7,SP59,REF1
,,,1.0,0.0,,,GBR.1_1,RLM7,SP59,REF1
,1.0,,1.0,0.0,,1920.0,USA.1_1,RLM2,SP59,REF1
,1.0,,1.0,0.0,,1920.0,USA.1_2,RLM2,SP59,REF1
,1.0,,1.0,0.0,,1920.0,USA.2_1,RLM2,SP59,REF1
,1.0,,1.0,0.0,,1934.0,DNK.1_1,RLM7,SP999,REF1
,,,1.0,0.0,,,DNK.1_1,RLM7,SP999,REF1
,1.0,,1.0,0.0,,1950.0,SWE.1_1,RLM7,SP999,REF1
,,,1.0,0.0,,,SLV.1_1,RLM9,SP999,REF1
,,,1.0,0.0,,,FIN.1_1,RLM7,SP1004,REF1
,,,1.0,0.0,,,IRL.1_1,RLM7,SP1004,REF1
,,,1.0,0.0,,,GBR.1_1,RLM7,SP1004,REF1
,,,1.0,0.0,,,AUT.1_1,RLM7,SP912,REF1
,,,1.0,0.0,,,BEL.1_1,RLM7,SP912,REF1
,1.0,,1.0,0.0,,1995.0,CZE.1_1,RLM7,SP912,REF1
,,,1.0,0.0,,,DNK.1_1,RLM7,SP912,REF1
,1.0,,1.0,0.0,,1985.0,DEU.1_1,RLM7,SP912,REF1
,,,1.0,0.0,,,HUN.1_1,RLM7,SP912,REF1
,,,1.0,0.0,,,NLD.1_1,RLM7,SP912,REF1
,1.0,,1.0,0.0,,1848.0,NOR.1_1,RLM7,SP912,REF1
,,,1.0,0.0,,,SVK.1_1,RLM7,SP912,REF1
,,,1.0,0.0,,,SVN.1_1,RLM7,SP912,REF1
,,,1.0,0.0,,,SWE.1_1,RLM7,SP912,REF1
,,,1.0,0.0,,,CHE.1_1,RLM7,SP912,REF1
,1.0,,1.0,0.0,,1982.0,GBR.1_1,RLM7,SP912,REF1
,,,1.0,0.0,,,BEL.1_1,RLM7,SP1246,REF1
,,,1.0,0.0,,,GBR.1_1,RLM7,SP1246,REF1
,,,1.0,0.0,,,IRL.1_1,RLM7,SP1017,REF1
,,,1.0,0.0,,,GBR.1_1,RLM7,SP1017,REF1
,1.0,,1.0,0.0,,1983.0,DNK.1_1,RLM7,SP429,REF1
,1.0,,1.0,0.0,,1983.0,DEU.1_1,RLM7,SP429,REF1
,,,1.0,0.0,,,BEL.1_1,RLM7,SP1042,REF1
,,,1.0,0.0,,,CZE.1_1,RLM7,SP1042,REF1
,1.0,,1.0,0.0,,1800.0,SWE.1_1,RLM7,SP1042,REF1
,,,1.0,0.0,,,DNK.1_1,RLM7,SP1069,REF1
,,,1.0,0.0,,,IRL.1_1,RLM7,SP1069,REF1
,,,1.0,0.0,,,BEL.1_1,RLM7,SP1071,REF1
,1.0,,1.0,0.0,,1997.0,CZE.1_1,RLM7,SP1071,REF1
,,,1.0,0.0,,,NLD.1_1,RLM7,SP1071,REF1
,1.0,,1.0,0.0,,1900.0,CZE.1_1,RLM7,SP1247,REF1
,,,1.0,0.0,,,LTU.1_1,RLM7,SP1247,REF1
,,,1.0,0.0,,,SVK.1_1,RLM7,SP1247,REF1
,,,1.0,0.0,,,SWE.1_1,RLM7,SP1247,REF1
,,,1.0,0.0,,,GBR.1_1,RLM7,SP1247,REF1
,1.0,,1.0,0.0,,1905.0,CZE.1_1,RLM7,SP1084,REF1
,,,1.0,0.0,,,IRL.1_1,RLM7,SP1084,REF1
,,,1.0,0.0,,,LTU.1_1,RLM7,SP1084,REF1
,,,1.0,0.0,,,NLD.1_1,RLM7,SP1084,REF1
,,,1.0,0.0,,,NOR.1_1,RLM7,SP1084,REF1
,,,1.0,0.0,,,SVK.1_1,RLM7,SP1084,REF1
,,,1.0,0.0,,,SWE.1_1,RLM7,SP1084,REF1
,,,1.0,0.0,,,GBR.1_1,RLM7,SP1084,REF1
,,,1.0,0.0,,,NLD.1_1,RLM7,SP1080,REF1
,,,1.0,0.0,,,GBR.1_1,RLM7,SP1080,REF1
,,,1.0,0.0,,,DNK.1_1,RLM7,SP1199,REF1
,,,1.0,0.0,,,GBR.1_1,RLM7,SP1199,REF1
,1.0,,1.0,0.0,,1996.0,DNK.1_1,RLM7,SP66,REF1
,,,1.0,0.0,,,FRA.1_1,RLM7,SP66,REF1
,1.0,,1.0,0.0,,2002.0,PRT.1_1,RLM7,SP66,REF1
,1.0,,1.0,0.0,,2002.0,PRT.2_1,RLM7,SP66,REF1
,1.0,,1.0,0.0,,2002.0,PRT.3_1,RLM7,SP66,REF1
,1.0,,1.0,0.0,,,SWE.1_1,RLM7,SP66,REF1
,1.0,,1.0,0.0,,1914.0,NZL.1_1,RLM8,SP66,REF1
,,,1.0,0.0,,,DEU.1_1,RLM7,SP1096,REF1
,,,1.0,0.0,,,IRL.1_1,RLM7,SP1096,REF1
,,,1.0,0.0,,,NLD.1_1,RLM7,SP1096,REF1
,,,1.0,0.0,,,GBR.1_1,RLM7,SP1096,REF1
,,,1.0,0.0,,,IRL.1_1,RLM7,SP1248,REF1
,,,1.0,0.0,,,GBR.1_1,RLM7,SP1248,REF1
,,,1.0,0.0,,,NLD.1_1,RLM7,SP1146,REF1
,,,1.0,0.0,,,SWE.1_1,RLM7,SP1146,REF1
,,,1.0,0.0,,,GBR.1_1,RLM7,SP1146,REF1
,,,1.0,0.0,,,IRL.1_1,RLM7,SP1142,REF1
,,,1.0,0.0,,,SWE.1_1,RLM7,SP1142,REF1
,,,1.0,0.0,,,GBR.1_1,RLM7,SP1142,REF1
,,,1.0,0.0,,,NOR.1_1,RLM7,SP786,REF1
,,,1.0,0.0,,,PRT.1_1,RLM7,SP786,REF1
,,,1.0,0.0,,,PRT.2_1,RLM7,SP786,REF1
,,,1.0,0.0,,,PRT.3_1,RLM7,SP786,REF1
,,,1.0,0.0,,,GBR.1_1,RLM7,SP786,REF1
,,,1.0,0.0,,,AUS.1_1,RLM8,SP786,REF1
,,,1.0,0.0,,,TUR.1_1,RLM7,SP1249,REF1
,,,1.0,0.0,,,ITA.1_1,RLM7,SP1249,REF1
,,,1.0,0.0,,,PRT.1_1,RLM7,SP1249,REF1
,,,1.0,0.0,,,PRT.2_1,RLM7,SP1249,REF1
,,,1.0,0.0,,,PRT.3_1,RLM7,SP1249,REF1
,,,1.0,0.0,,,DNK.1_1,RLM7,SP1147,REF1
,,,1.0,0.0,,,SVK.1_1,RLM7,SP1147,REF1
,,,1.0,0.0,,,GBR.1_1,RLM7,SP1147,REF1
,,,1.0,0.0,,,ISR.1_1,RLM10,SP1143,REF1
,,,1.0,0.0,,,TUR.1_1,RLM7,SP1143,REF1
,1.0,,1.0,0.0,,1906.0,AUT.1_1,RLM7,SP1143,REF1
,,,1.0,0.0,,,BGR.1_1,RLM7,SP1143,REF1
,,,1.0,0.0,,,ITA.1_1,RLM7,SP1143,REF1
,1.0,,1.0,0.0,,1850.0,CZE.1_1,RLM7,SP90,REF1
,,,1.0,0.0,,,DNK.1_1,RLM7,SP90,REF1
,1.0,,1.0,0.0,,1924.0,EST.1_1,RLM7,SP90,REF1
,1.0,,1.0,0.0,,,DEU.1_1,RLM7,SP90,REF1
,,,1.0,0.0,,,LTU.1_1,RLM7,SP90,REF1
,1.0,,1.0,0.0,,1850.0,NLD.1_1,RLM7,SP90,REF1
,1.0,,1.0,0.0,,1900.0,SVK.1_1,RLM7,SP90,REF1
,1.0,,1.0,0.0,,1794.0,SWE.1_1,RLM7,SP90,REF1
,1.0,,1.0,0.0,,1926.0,NZL.1_1,RLM8,SP90,REF1
,,,1.0,0.0,,,NLD.1_1,RLM7,SP1250,REF1
,,,1.0,0.0,,,SWE.1_1,RLM7,SP1250,REF1
,1.0,,1.0,0.0,,1997.0,GBR.1_1,RLM7,SP1073,REF1
,1.0,,1.0,0.0,,1890.0,AUT.1_1,RLM7,SP1027,REF1
,1.0,,1.0,0.0,,1937.0,CZE.1_1,RLM7,SP1027,REF1
,,,1.0,0.0,,,LTU.1_1,RLM7,SP1027,REF1
,,,1.0,0.0,,,SVK.1_1,RLM7,SP1027,REF1
,,,1.0,0.0,,,SWE.1_1,RLM7,SP1027,REF1
,1.0,,1.0,0.0,,2007.0,BEL.1_1,RLM7,SP179,REF1
,,,1.0,0.0,,,DNK.1_1,RLM7,SP179,REF1
,1.0,,1.0,0.0,,2006.0,MLT.1_1,RLM10,SP179,REF1
,1.0,,1.0,0.0,,2003.0,NLD.1_1,RLM7,SP179,REF1
,1.0,,1.0,0.0,,2000.0,PRT.1_1,RLM7,SP179,REF1
,1.0,,1.0,0.0,,2000.0,PRT.2_1,RLM7,SP179,REF1
,1.0,,1.0,0.0,,2000.0,PRT.3_1,RLM7,SP179,REF1
,1.0,,1.0,0.0,,2003.0,ESP.1_1,RLM7,SP179,REF1
,1.0,,1.0,0.0,,2003.0,ESP.1_2,RLM7,SP179,REF1
,1.0,,1.0,0.0,,2003.0,ESP.2_1,RLM7,SP179,REF1
,1.0,,1.0,0.0,,2003.0,ESP.3_1,RLM7,SP179,REF1
,,,1.0,0.0,,,SWE.1_1,RLM7,SP1139,REF1
,,,1.0,0.0,,,PRT.1_1,RLM7,SP1251,REF1
,,,1.0,0.0,,,PRT.2_1,RLM7,SP1251,REF1
,,,1.0,0.0,,,PRT.3_1,RLM7,SP1251,REF1
,,,1.0,0.0,,,SVK.1_1,RLM7,SP1251,REF1
,,,1.0,0.0,,,SWE.1_1,RLM7,SP1251,REF1
,1.0,,1.0,0.0,,,DEU.1_1,RLM7,SP60,REF1
,,,1.0,0.0,,,LTU.1_1,RLM7,SP60,REF1
,,,1.0,0.0,,,,RLM7,SP60,REF1
,,,1.0,0.0,,,SVK.1_1,RLM7,SP60,REF1
,1.0,,1.0,0.0,,1923.0,USA.1_1,RLM2,SP60,REF1
,1.0,,1.0,0.0,,1923.0,USA.1_2,RLM2,SP60,REF1
,1.0,,1.0,0.0,,1923.0,USA.2_1,RLM2,SP60,REF1
,,,1.0,0.0,,,PRT.1_1,RLM7,SP625,REF1
,,,1.0,0.0,,,PRT.2_1,RLM7,SP625,REF1
,,,1.0,0.0,,,PRT.3_1,RLM7,SP625,REF1
,,,1.0,0.0,,,,RLM7,SP625,REF1
,,,1.0,0.0,,,SVK.1_1,RLM7,SP625,REF1
,1.0,,1.0,0.0,,1979.0,AUT.1_1,RLM7,SP960,REF1
,,,1.0,0.0,,,BEL.1_1,RLM7,SP960,REF1
,1.0,,1.0,0.0,,1995.0,CZE.1_1,RLM7,SP960,REF1
,,,1.0,0.0,,,DNK.1_1,RLM7,SP960,REF1
,1.0,,1.0,0.0,,1980.0,DEU.1_1,RLM7,SP960,REF1
,1.0,,1.0,0.0,,1850.0,ITA.1_1,RLM7,SP960,REF1
,,,1.0,0.0,,,NLD.1_1,RLM7,SP960,REF1
,,,1.0,0.0,,,POL.1_1,RLM7,SP960,REF1
,,,1.0,0.0,,,SRB.1_1,RLM7,SP960,REF1
,,,1.0,0.0,,,SVK.1_1,RLM7,SP960,REF1
,,,1.0,0.0,,,SVN.1_1,RLM7,SP960,REF1
,1.0,,1.0,0.0,,1850.0,SWE.1_1,RLM7,SP960,REF1
,,,1.0,0.0,,,CHE.1_1,RLM7,SP960,REF1
,1.0,,1.0,0.0,,1989.0,GBR.1_1,RLM7,SP960,REF1
,,,1.0,0.0,,,NGA.1_1,RLM6,SP1252,REF1
,,,1.0,0.0,,,SEN.1_1,RLM6,SP1252,REF1
,,,1.0,0.0,,,ZAF.1_1,RLM6,SP1252,REF1
,,,1.0,0.0,,,CHN.1_1,RLM7,SP20,REF1
,,,1.0,0.0,,,CHN.2_1,RLM7,SP20,REF1
,,,1.0,0.0,,,CHN.3_1,RLM7,SP20,REF1
,,,1.0,0.0,,,MNG.1_1,RLM7,SP20,REF1
,,,1.0,0.0,,,AUT.1_1,RLM7,SP20,REF1
,,,1.0,0.0,,,DNK.1_1,RLM7,SP20,REF1
,,,1.0,0.0,,,FRA.1_1,RLM7,SP20,REF1
,,,1.0,0.0,,,DEU.1_1,RLM7,SP20,REF1
,1.0,,1.0,0.0,,,ISL.1_1,RLM7,SP20,REF1
,,,1.0,0.0,,,ITA.1_1,RLM7,SP20,REF1
,,,1.0,0.0,,,NLD.1_1,RLM7,SP20,REF1
,,,1.0,0.0,,,POL.1_1,RLM7,SP20,REF1
,,,1.0,0.0,,,CHE.1_1,RLM7,SP20,REF1
,,,1.0,0.0,,,GBR.1_1,RLM7,SP20,REF1
,,,1.0,0.0,,,CPV.1_1,RLM6,SP86,REF1
,,,1.0,0.0,,,ATG.1_1,RLM9,SP86,REF1
,,,1.0,0.0,,,BRB.1_1,RLM9,SP86,REF1
,,,1.0,0.0,,,CRI.1_1,RLM9,SP86,REF1
,,,1.0,0.0,,,CUB.1_1,RLM9,SP86,REF1
,,,1.0,0.0,,,DMA.1_1,RLM9,SP86,REF1
,,,1.0,0.0,,,DOM.1_1,RLM9,SP86,REF1
,,,1.0,0.0,,,FRA.5_1,RLM9,SP86,REF1
,,,1.0,0.0,,,JAM.1_1,RLM9,SP86,REF1
,,,1.0,0.0,,,USA.3_1,RLM9,SP86,REF1
,,,1.0,0.0,,,LCA.1_1,RLM1,SP86,REF1
,,,1.0,0.0,,,TTO.1_1,RLM1,SP86,REF1
,,,1.0,0.0,,,USA.1_1,RLM2,SP86,REF1
,,,1.0,0.0,,,USA.1_2,RLM2,SP86,REF1
,,,1.0,0.0,,,USA.2_1,RLM2,SP86,REF1
,,,1.0,0.0,,,COL.1_1,RLM1,SP86,REF1
,,,1.0,0.0,,,VEN.1_1,RLM1,SP86,REF1
,,,1.0,0.0,,,VEN.2_1,RLM1,SP86,REF1
,,,1.0,0.0,,,DZA.1_1,RLM10,SP48,REF1
,,,1.0,0.0,,,CPV.1_1,RLM6,SP48,REF1
,,,1.0,0.0,,,EGY.1_1,RLM10,SP48,REF1
,,,1.0,0.0,,,GHA.1_1,RLM6,SP48,REF1
,,,1.0,0.0,,,KEN.1_1,RLM6,SP48,REF1
,,,1.0,0.0,,,LBY.1_1,RLM10,SP48,REF1
,,,1.0,0.0,,,MDG.1_1,RLM11,SP48,REF1
,,,1.0,0.0,,,MUS.1_1,RLM3,SP48,REF1
,,,1.0,0.0,,,MAR.1_1,RLM10,SP48,REF1
,,,1.0,0.0,,,FRA.3_1,RLM11,SP48,REF1
,,,1.0,0.0,,,SYC.1_1,RLM3,SP48,REF1
,,,1.0,0.0,,,ZAF.1_1,RLM6,SP48,REF1
,,,1.0,0.0,,,TUN.1_1,RLM10,SP48,REF1
,,,1.0,0.0,,,ZWE.1_1,RLM6,SP48,REF1
,,,1.0,0.0,,,GBR.7_1,RLM3,SP48,REF1
,,,1.0,0.0,,,IND.1_1,RLM4,SP48,REF1
,,,1.0,0.0,,,ISR.1_1,RLM10,SP48,REF1
,,,1.0,0.0,,,JOR.1_1,RLM10,SP48,REF1
,,,1.0,0.0,,,LBN.1_1,RLM10,SP48,REF1
,,,1.0,0.0,,,MYS.1_1,RLM4,SP48,REF1
,,,1.0,0.0,,,PAK.1_1,RLM4,SP48,REF1
,,,1.0,0.0,,,PHL.1_1,RLM4,SP48,REF1
,,,1.0,0.0,,,LKA.1_1,RLM4,SP48,REF1
,,,1.0,0.0,,,SYR.1_1,RLM10,SP48,REF1
,,,1.0,0.0,,,TUR.1_1,RLM7,SP48,REF1
,,,1.0,0.0,,,VNM.1_1,RLM4,SP48,REF1
,,,1.0,0.0,,,AUT.1_1,RLM7,SP48,REF1
,,,1.0,0.0,,,CYP.1_1,RLM10,SP48,REF1
,1.0,,1.0,0.0,,2000.0,DNK.1_1,RLM7,SP48,REF1
,,,1.0,0.0,,,FRA.1_1,RLM7,SP48,REF1
,,,1.0,0.0,,,GBR.1_2,RLM7,SP48,REF1
,,,1.0,0.0,,,GRC.1_1,RLM7,SP48,REF1
,,,1.0,0.0,,,GRC.2_1,RLM7,SP48,REF1
,,,1.0,0.0,,,HUN.1_1,RLM7,SP48,REF1
,,,1.0,0.0,,,ITA.1_1,RLM7,SP48,REF1
,,,1.0,0.0,,,LTU.1_1,RLM7,SP48,REF1
,,,1.0,0.0,,,MLT.1_1,RLM10,SP48,REF1
,,,1.0,0.0,,,NLD.1_1,RLM7,SP48,REF1
,,,1.0,0.0,,,POL.1_1,RLM7,SP48,REF1
,,,1.0,0.0,,,PRT.1_1,RLM7,SP48,REF1
,,,1.0,0.0,,,PRT.2_1,RLM7,SP48,REF1
,,,1.0,0.0,,,PRT.3_1,RLM7,SP48,REF1
,,,1.0,0.0,,,ESP.1_1,RLM7,SP48,REF1
,,,1.0,0.0,,,ESP.1_2,RLM7,SP48,REF1
,,,1.0,0.0,,,ESP.2_1,RLM7,SP48,REF1
,,,1.0,0.0,,,ESP.3_1,RLM7,SP48,REF1
,,,1.0,0.0,,,AUS.1_1,RLM8,SP48,REF1
,1.0,,1.0,0.0,,1975.0,NZL.1_1,RLM8,SP48,REF1
,,,1.0,0.0,,,WSM.1_1,RLM3,SP48,REF1
,1.0,,1.0,0.0,,,DZA.1_1,RLM10,SP16,REF1
,1.0,,1.0,0.0,,,AGO.1_1,RLM6,SP16,REF1
,1.0,,1.0,0.0,,,BEN.1_1,RLM6,SP16,REF1
,1.0,,1.0,0.0,,,BWA.1_1,RLM6,SP16,REF1
,1.0,,1.0,0.0,,,BFA.1_1,RLM6,SP16,REF1
,1.0,,1.0,0.0,,,CPV.1_1,RLM6,SP16,REF1
,1.0,,1.0,0.0,,,CMR.1_1,RLM6,SP16,REF1
,1.0,,1.0,0.0,,,CAF.1_1,RLM6,SP16,REF1
,1.0,,1.0,0.0,,,COG.1_1,RLM6,SP16,REF1
,,,1.0,0.0,,,EGY.1_1,RLM10,SP16,REF1
,1.0,,1.0,0.0,,,ETH.1_1,RLM6,SP16,REF1
,1.0,,1.0,0.0,,,GHA.1_1,RLM6,SP16,REF1
,1.0,,1.0,0.0,,,GNB.1_1,RLM6,SP16,REF1
,1.0,,1.0,0.0,,,KEN.1_1,RLM6,SP16,REF1
,1.0,,1.0,0.0,,,LBY.1_1,RLM10,SP16,REF1
,1.0,,1.0,0.0,,,MDG.1_1,RLM11,SP16,REF1
,1.0,,1.0,0.0,,,MWI.1_1,RLM6,SP16,REF1
,1.0,,1.0,0.0,,,MAR.1_1,RLM10,SP16,REF1
,1.0,,1.0,0.0,,,MOZ.1_1,RLM6,SP16,REF1
,1.0,,1.0,0.0,,,NGA.1_1,RLM6,SP16,REF1
,1.0,,1.0,0.0,,,FRA.3_1,RLM11,SP16,REF1
,1.0,,1.0,0.0,,,RWA.1_1,RLM6,SP16,REF1
,1.0,,1.0,0.0,,,SEN.1_1,RLM6,SP16,REF1
,1.0,,1.0,0.0,,,SYC.1_1,RLM3,SP16,REF1
,1.0,,1.0,0.0,,,SLE.1_1,RLM6,SP16,REF1
,1.0,,1.0,0.0,,,ZAF.1_1,RLM6,SP16,REF1
,1.0,,1.0,0.0,,,SDN.1_1,RLM6,SP16,REF1
,1.0,,1.0,0.0,,,TZA.1_1,RLM6,SP16,REF1
,1.0,,1.0,0.0,,,TUN.1_1,RLM10,SP16,REF1
,1.0,,1.0,0.0,,,UGA.1_1,RLM6,SP16,REF1
,1.0,,1.0,0.0,,,ZWE.1_1,RLM6,SP16,REF1
,1.0,,1.0,0.0,,,BGD.1_1,RLM4,SP16,REF1
,1.0,,1.0,0.0,,,CHN.1_1,RLM7,SP16,REF1
,1.0,,1.0,0.0,,,CHN.2_1,RLM7,SP16,REF1
,1.0,,1.0,0.0,,,CHN.3_1,RLM7,SP16,REF1
,,,1.0,0.0,,,,RLM5,SP16,REF1
,1.0,,1.0,0.0,,,IDN.1_1,RLM4,SP16,REF1
,1.0,,1.0,0.0,,,IRN.1_1,RLM10,SP16,REF1
,1.0,,1.0,0.0,,,IRQ.1_1,RLM10,SP16,REF1
,1.0,,1.0,0.0,,,ISR.1_1,RLM10,SP16,REF1
,1.0,,1.0,0.0,,,JOR.1_1,RLM10,SP16,REF1
,1.0,,1.0,0.0,,,KGZ.1_1,RLM7,SP16,REF1
,1.0,,1.0,0.0,,,LBN.1_1,RLM10,SP16,REF1
,1.0,,1.0,0.0,,,PAK.1_1,RLM4,SP16,REF1
,1.0,,1.0,0.0,,,PHL.1_1,RLM4,SP16,REF1
,1.0,,1.0,0.0,,,SAU.1_1,RLM10,SP16,REF1
,1.0,,1.0,0.0,,,SGP.1_1,RLM4,SP16,REF1
,1.0,,1.0,0.0,,,KOR.1_1,RLM7,SP16,REF1
,1.0,,1.0,0.0,,,KOR.2_1,RLM7,SP16,REF1
,1.0,,1.0,0.0,,,LKA.1_1,RLM4,SP16,REF1
,1.0,,1.0,0.0,,,SYR.1_1,RLM10,SP16,REF1
,1.0,,1.0,0.0,,,TWN.1_1,RLM4,SP16,REF1
,1.0,,1.0,0.0,,,THA.1_1,RLM4,SP16,REF1
,1.0,,1.0,0.0,,,TUR.1_1,RLM7,SP16,REF1
,1.0,,1.0,0.0,,,VNM.1_1,RLM4,SP16,REF1
,1.0,,1.0,0.0,,,AUT.1_1,RLM7,SP16,REF1
,1.0,,1.0,0.0,,,BEL.1_1,RLM7,SP16,REF1
,1.0,,1.0,0.0,,,BIH.1_1,RLM7,SP16,REF1
,1.0,,1.0,0.0,,,BGR.1_1,RLM7,SP16,REF1
,1.0,,1.0,0.0,,,HRV.1_1,RLM7,SP16,REF1
,1.0,,1.0,0.0,,,CZE.1_1,RLM7,SP16,REF1
,1.0,,1.0,0.0,,,DNK.1_1,RLM7,SP16,REF1
,1.0,,1.0,0.0,,,EST.1_1,RLM7,SP16,REF1
,1.0,,1.0,0.0,,,FIN.1_1,RLM7,SP16,REF1
,1.0,,1.0,0.0,,,FRA.1_1,RLM7,SP16,REF1
,1.0,,1.0,0.0,,,DEU.1_1,RLM7,SP16,REF1
,1.0,,1.0,0.0,,,GBR.1_2,RLM7,SP16,REF1
,1.0,,1.0,0.0,,,GRC.1_1,RLM7,SP16,REF1
,1.0,,1.0,0.0,,,GRC.2_1,RLM7,SP16,REF1
,1.0,,1.0,0.0,,,HUN.1_1,RLM7,SP16,REF1
,1.0,,1.0,0.0,,,IRL.1_1,RLM7,SP16,REF1
,1.0,,1.0,0.0,,,ITA.1_1,RLM7,SP16,REF1
,1.0,,1.0,0.0,,,LVA.1_1,RLM7,SP16,REF1
,1.0,,1.0,0.0,,,LTU.1_1,RLM7,SP16,REF1
,1.0,,1.0,0.0,,,LUX.1_1,RLM7,SP16,REF1
,1.0,,1.0,0.0,,,MLT.1_1,RLM10,SP16,REF1
,1.0,,1.0,0.0,,,NLD.1_1,RLM7,SP16,REF1
,1.0,,1.0,0.0,,,MKD.1_1,RLM7,SP16,REF1
,1.0,,1.0,0.0,,,NOR.1_1,RLM7,SP16,REF1
,1.0,,1.0,0.0,,,POL.1_1,RLM7,SP16,REF1
,1.0,,1.0,0.0,,,PRT.1_1,RLM7,SP16,REF1
,1.0,,1.0,0.0,,,PRT.2_1,RLM7,SP16,REF1
,1.0,,1.0,0.0,,,PRT.3_1,RLM7,SP16,REF1
,1.0,,1.0,0.0,,,ROU.1_1,RLM7,SP16,REF1
,1.0,,1.0,0.0,,,SVK.1_1,RLM7,SP16,REF1
,1.0,,1.0,0.0,,,ESP.1_1,RLM7,SP16,REF1
,1.0,,1.0,0.0,,,ESP.1_2,RLM7,SP16,REF1
,1.0,,1.0,0.0,,,ESP.2_1,RLM7,SP16,REF1
,1.0,,1.0,0.0,,,ESP.3_1,RLM7,SP16,REF1
,1.0,,1.0,0.0,,,SWE.1_1,RLM7,SP16,REF1
,1.0,,1.0,0.0,,,CHE.1_1,RLM7,SP16,REF1
,1.0,,1.0,0.0,,,CRI.1_1,RLM9,SP16,REF1
,1.0,,1.0,0.0,,,CUB.1_1,RLM9,SP16,REF1
,1.0,,1.0,0.0,,,DOM.1_1,RLM9,SP16,REF1
,1.0,,1.0,0.0,,,GTM.1_1,RLM9,SP16,REF1
,1.0,,1.0,0.0,,,JAM.1_1,RLM9,SP16,REF1
,1.0,,1.0,0.0,,,MEX.1_1,RLM2,SP16,REF1
,1.0,,1.0,0.0,,,NIC.1_1,RLM9,SP16,REF1
,1.0,,1.0,0.0,,,USA.3_1,RLM9,SP16,REF1
,1.0,,1.0,0.0,,1904.0,NZL.1_1,RLM8,SP16,REF1
,1.0,,1.0,0.0,,,PLW.1_1,RLM3,SP16,REF1
,1.0,,1.0,0.0,,,PNG.1_1,RLM3,SP16,REF1
,1.0,,1.0,0.0,,,ARG.1_1,RLM1,SP16,REF1
,1.0,,1.0,0.0,,,ARG.2_1,RLM1,SP16,REF1
,1.0,,1.0,0.0,,,BRA.1_1,RLM1,SP16,REF1
,1.0,,1.0,0.0,,,CHL.1_1,RLM1,SP16,REF1
,1.0,,1.0,0.0,,,COL.1_1,RLM1,SP16,REF1
,1.0,,1.0,0.0,,,GUY.1_1,RLM1,SP16,REF1
,1.0,,1.0,0.0,,,VEN.1_1,RLM1,SP16,REF1
,1.0,,1.0,0.0,,,VEN.2_1,RLM1,SP16,REF1
0.0,1.0,,1.0,0.0,1.0,1927.0,USA.1_1,RLM2,SP1253,REF12
0.0,1.0,,1.0,0.0,1.0,1927.0,USA.1_2,RLM2,SP1253,REF12
0.0,1.0,,1.0,0.0,1.0,1927.0,USA.2_1,RLM2,SP1253,REF12
0.0,1.0,,1.0,0.0,0.0,1984.0,USA.1_1,RLM2,SP248,REF12
0.0,1.0,,1.0,0.0,0.0,1984.0,USA.1_2,RLM2,SP248,REF12
0.0,1.0,,1.0,0.0,0.0,1984.0,USA.2_1,RLM2,SP248,REF12
0.0,1.0,0.0,1.0,0.0,0.0,1565.0,USA.1_1,RLM2,SP399,REF12
0.0,1.0,0.0,1.0,0.0,0.0,1565.0,USA.1_2,RLM2,SP399,REF12
0.0,1.0,0.0,1.0,0.0,0.0,1565.0,USA.2_1,RLM2,SP399,REF12
0.0,1.0,,1.0,0.0,0.0,1972.0,USA.1_1,RLM2,SP806,REF12
0.0,1.0,,1.0,0.0,0.0,1972.0,USA.1_2,RLM2,SP806,REF12
0.0,1.0,,1.0,0.0,0.0,1972.0,USA.2_1,RLM2,SP806,REF12
0.0,1.0,,1.0,0.0,0.0,1932.0,USA.1_1,RLM2,SP1254,REF12
0.0,1.0,,1.0,0.0,0.0,1932.0,USA.1_2,RLM2,SP1254,REF12
0.0,1.0,,1.0,0.0,0.0,1932.0,USA.2_1,RLM2,SP1254,REF12
0.0,1.0,,1.0,0.0,0.0,1974.0,USA.1_1,RLM2,SP1255,REF12
0.0,1.0,,1.0,0.0,0.0,1974.0,USA.1_2,RLM2,SP1255,REF12
0.0,1.0,,1.0,0.0,0.0,1974.0,USA.2_1,RLM2,SP1255,REF12
0.0,1.0,,1.0,0.0,0.0,,USA.1_1,RLM2,SP1256,REF12
0.0,1.0,,1.0,0.0,0.0,,USA.1_2,RLM2,SP1256,REF12
0.0,1.0,,1.0,0.0,0.0,,USA.2_1,RLM2,SP1256,REF12
0.0,1.0,,1.0,0.0,0.0,1920.0,USA.1_1,RLM2,SP59,REF12
0.0,1.0,,1.0,0.0,0.0,1920.0,USA.1_2,RLM2,SP59,REF12
0.0,1.0,,1.0,0.0,0.0,1920.0,USA.2_1,RLM2,SP59,REF12
0.0,1.0,,1.0,0.0,0.0,,USA.1_1,RLM2,SP1257,REF12
0.0,1.0,,1.0,0.0,0.0,,USA.1_2,RLM2,SP1257,REF12
0.0,1.0,,1.0,0.0,0.0,,USA.2_1,RLM2,SP1257,REF12
0.0,1.0,,1.0,0.0,0.0,1993.0,USA.1_1,RLM2,SP68,REF12
0.0,1.0,,1.0,0.0,0.0,1993.0,USA.1_2,RLM2,SP68,REF12
0.0,1.0,,1.0,0.0,0.0,1993.0,USA.2_1,RLM2,SP68,REF12
0.0,1.0,,1.0,0.0,1.0,1984.0,USA.1_1,RLM2,SP1258,REF12
0.0,1.0,,1.0,0.0,1.0,1984.0,USA.1_2,RLM2,SP1258,REF12
0.0,1.0,,1.0,0.0,1.0,1984.0,USA.2_1,RLM2,SP1258,REF12
0.0,1.0,,1.0,0.0,0.0,1984.0,USA.1_1,RLM2,SP249,REF12
0.0,1.0,,1.0,0.0,0.0,1984.0,USA.1_2,RLM2,SP249,REF12
0.0,1.0,,1.0,0.0,0.0,1984.0,USA.2_1,RLM2,SP249,REF12
0.0,1.0,,1.0,0.0,0.0,1565.0,USA.1_1,RLM2,SP720,REF12
0.0,1.0,,1.0,0.0,0.0,1565.0,USA.1_2,RLM2,SP720,REF12
0.0,1.0,,1.0,0.0,0.0,1565.0,USA.2_1,RLM2,SP720,REF12
0.0,1.0,,1.0,0.0,0.0,1949.0,USA.1_1,RLM2,SP809,REF12
0.0,1.0,,1.0,0.0,0.0,1949.0,USA.1_2,RLM2,SP809,REF12
0.0,1.0,,1.0,0.0,0.0,1949.0,USA.2_1,RLM2,SP809,REF12
0.0,1.0,,1.0,0.0,0.0,1987.0,USA.1_1,RLM2,SP719,REF12
0.0,1.0,,1.0,0.0,0.0,1987.0,USA.1_2,RLM2,SP719,REF12
0.0,1.0,,1.0,0.0,0.0,1987.0,USA.2_1,RLM2,SP719,REF12
0.0,1.0,,1.0,0.0,0.0,1915.0,USA.1_1,RLM2,SP188,REF12
0.0,1.0,,1.0,0.0,0.0,1915.0,USA.1_2,RLM2,SP188,REF12
0.0,1.0,,1.0,0.0,0.0,1915.0,USA.2_1,RLM2,SP188,REF12
0.0,1.0,,1.0,0.0,0.0,1976.0,USA.1_1,RLM2,SP1259,REF12
0.0,1.0,,1.0,0.0,0.0,1976.0,USA.1_2,RLM2,SP1259,REF12
0.0,1.0,,1.0,0.0,0.0,1976.0,USA.2_1,RLM2,SP1259,REF12
0.0,1.0,,1.0,0.0,0.0,1889.0,USA.1_1,RLM2,SP12,REF12
0.0,1.0,,1.0,0.0,0.0,1889.0,USA.1_2,RLM2,SP12,REF12
0.0,1.0,,1.0,0.0,0.0,1889.0,USA.2_1,RLM2,SP12,REF12
0.0,1.0,,1.0,0.0,0.0,1859.0,USA.1_1,RLM2,SP1260,REF12
0.0,1.0,,1.0,0.0,0.0,1859.0,USA.1_2,RLM2,SP1260,REF12
0.0,1.0,,1.0,0.0,0.0,1859.0,USA.2_1,RLM2,SP1260,REF12
0.0,1.0,,1.0,0.0,0.0,1963.0,USA.1_1,RLM2,SP1261,REF12
0.0,1.0,,1.0,0.0,0.0,1963.0,USA.1_2,RLM2,SP1261,REF12
0.0,1.0,,1.0,0.0,0.0,1963.0,USA.2_1,RLM2,SP1261,REF12
0.0,1.0,,1.0,0.0,0.0,1907.0,USA.1_1,RLM2,SP1262,REF12
0.0,1.0,,1.0,0.0,0.0,1907.0,USA.1_2,RLM2,SP1262,REF12
0.0,1.0,,1.0,0.0,0.0,1907.0,USA.2_1,RLM2,SP1262,REF12
0.0,1.0,,1.0,0.0,0.0,1625.0,USA.1_1,RLM2,SP157,REF12
0.0,1.0,,1.0,0.0,0.0,1625.0,USA.1_2,RLM2,SP157,REF12
0.0,1.0,,1.0,0.0,0.0,1625.0,USA.2_1,RLM2,SP157,REF12
1.0,1.0,,1.0,0.0,0.0,1872.0,USA.1_1,RLM2,SP451,REF12
1.0,1.0,,1.0,0.0,0.0,1872.0,USA.1_2,RLM2,SP451,REF12
1.0,1.0,,1.0,0.0,0.0,1872.0,USA.2_1,RLM2,SP451,REF12
0.0,1.0,,1.0,0.0,0.0,1972.0,USA.1_1,RLM2,SP1263,REF12
0.0,1.0,,1.0,0.0,0.0,1972.0,USA.1_2,RLM2,SP1263,REF12
0.0,1.0,,1.0,0.0,0.0,1972.0,USA.2_1,RLM2,SP1263,REF12
0.0,1.0,,0.0,1.0,0.0,,USA.1_1,RLM2,SP1264,REF12
0.0,1.0,,0.0,1.0,0.0,,USA.1_2,RLM2,SP1264,REF12
0.0,1.0,,0.0,1.0,0.0,,USA.2_1,RLM2,SP1264,REF12
0.0,1.0,,1.0,0.0,0.0,1989.0,USA.1_1,RLM2,SP251,REF12
0.0,1.0,,1.0,0.0,0.0,1989.0,USA.1_2,RLM2,SP251,REF12
0.0,1.0,,1.0,0.0,0.0,1989.0,USA.2_1,RLM2,SP251,REF12
0.0,1.0,,1.0,0.0,0.0,1954.0,USA.1_1,RLM2,SP1265,REF12
0.0,1.0,,1.0,0.0,0.0,1954.0,USA.1_2,RLM2,SP1265,REF12
0.0,1.0,,1.0,0.0,0.0,1954.0,USA.2_1,RLM2,SP1265,REF12
0.0,1.0,,1.0,0.0,0.0,1903.0,USA.1_1,RLM2,SP1266,REF12
0.0,1.0,,1.0,0.0,0.0,1903.0,USA.1_2,RLM2,SP1266,REF12
0.0,1.0,,1.0,0.0,0.0,1903.0,USA.2_1,RLM2,SP1266,REF12
0.0,1.0,,1.0,0.0,0.0,1983.0,USA.1_1,RLM2,SP252,REF12
0.0,1.0,,1.0,0.0,0.0,1983.0,USA.1_2,RLM2,SP252,REF12
0.0,1.0,,1.0,0.0,0.0,1983.0,USA.2_1,RLM2,SP252,REF12
0.0,1.0,,1.0,0.0,0.0,1991.0,USA.1_1,RLM2,SP1267,REF12
0.0,1.0,,1.0,0.0,0.0,1991.0,USA.1_2,RLM2,SP1267,REF12
0.0,1.0,,1.0,0.0,0.0,1991.0,USA.2_1,RLM2,SP1267,REF12
1.0,1.0,,1.0,0.0,0.0,,USA.1_1,RLM2,SP1268,REF12
1.0,1.0,,1.0,0.0,0.0,,USA.1_2,RLM2,SP1268,REF12
1.0,1.0,,1.0,0.0,0.0,,USA.2_1,RLM2,SP1268,REF12
0.0,1.0,,1.0,0.0,0.0,1973.0,USA.1_1,RLM2,SP1269,REF12
0.0,1.0,,1.0,0.0,0.0,1973.0,USA.1_2,RLM2,SP1269,REF12
0.0,1.0,,1.0,0.0,0.0,1973.0,USA.2_1,RLM2,SP1269,REF12
0.0,1.0,,1.0,0.0,0.0,1940.0,USA.1_1,RLM2,SP1270,REF12
0.0,1.0,,1.0,0.0,0.0,1940.0,USA.1_2,RLM2,SP1270,REF12
0.0,1.0,,1.0,0.0,0.0,1940.0,USA.2_1,RLM2,SP1270,REF12
0.0,1.0,,1.0,0.0,0.0,1940.0,USA.1_1,RLM2,SP1271,REF12
0.0,1.0,,1.0,0.0,0.0,1940.0,USA.1_2,RLM2,SP1271,REF12
0.0,1.0,,1.0,0.0,0.0,1940.0,USA.2_1,RLM2,SP1271,REF12
0.0,1.0,,1.0,0.0,0.0,1940.0,USA.1_1,RLM2,SP1272,REF12
0.0,1.0,,1.0,0.0,0.0,1940.0,USA.1_2,RLM2,SP1272,REF12
0.0,1.0,,1.0,0.0,0.0,1940.0,USA.2_1,RLM2,SP1272,REF12
0.0,1.0,,1.0,0.0,0.0,1982.0,USA.1_1,RLM2,SP72,REF12
0.0,1.0,,1.0,0.0,0.0,1982.0,USA.1_2,RLM2,SP72,REF12
0.0,1.0,,1.0,0.0,0.0,1982.0,USA.2_1,RLM2,SP72,REF12
0.0,1.0,,1.0,0.0,0.0,,USA.1_1,RLM2,SP1273,REF12
0.0,1.0,,1.0,0.0,0.0,,USA.1_2,RLM2,SP1273,REF12
0.0,1.0,,1.0,0.0,0.0,,USA.2_1,RLM2,SP1273,REF12
0.0,1.0,,1.0,0.0,0.0,1937.0,USA.1_1,RLM2,SP1186,REF12
0.0,1.0,,1.0,0.0,0.0,1937.0,USA.1_2,RLM2,SP1186,REF12
0.0,1.0,,1.0,0.0,0.0,1937.0,USA.2_1,RLM2,SP1186,REF12
0.0,1.0,,1.0,0.0,0.0,,USA.1_1,RLM2,SP118,REF12
0.0,1.0,,1.0,0.0,0.0,,USA.1_2,RLM2,SP118,REF12
0.0,1.0,,1.0,0.0,0.0,,USA.2_1,RLM2,SP118,REF12
0.0,1.0,,1.0,0.0,0.0,1896.0,USA.1_1,RLM2,SP1274,REF12
0.0,1.0,,1.0,0.0,0.0,1896.0,USA.1_2,RLM2,SP1274,REF12
0.0,1.0,,1.0,0.0,0.0,1896.0,USA.2_1,RLM2,SP1274,REF12
0.0,1.0,,1.0,0.0,0.0,2012.0,USA.1_1,RLM2,SP58,REF12
0.0,1.0,,1.0,0.0,0.0,2012.0,USA.1_2,RLM2,SP58,REF12
0.0,1.0,,1.0,0.0,0.0,2012.0,USA.2_1,RLM2,SP58,REF12
0.0,1.0,,1.0,0.0,0.0,1987.0,USA.1_1,RLM2,SP65,REF12
0.0,1.0,,1.0,0.0,0.0,1987.0,USA.1_2,RLM2,SP65,REF12
0.0,1.0,,1.0,0.0,0.0,1987.0,USA.2_1,RLM2,SP65,REF12
0.0,1.0,,1.0,0.0,0.0,1975.0,USA.1_1,RLM2,SP1275,REF12
0.0,1.0,,1.0,0.0,0.0,1975.0,USA.1_2,RLM2,SP1275,REF12
0.0,1.0,,1.0,0.0,0.0,1975.0,USA.2_1,RLM2,SP1275,REF12
0.0,1.0,,1.0,0.0,0.0,1931.0,USA.1_1,RLM2,SP1276,REF12
0.0,1.0,,1.0,0.0,0.0,1931.0,USA.1_2,RLM2,SP1276,REF12
0.0,1.0,,1.0,0.0,0.0,1931.0,USA.2_1,RLM2,SP1276,REF12
0.0,1.0,,1.0,0.0,0.0,,USA.1_1,RLM2,SP423,REF12
0.0,1.0,,1.0,0.0,0.0,,USA.1_2,RLM2,SP423,REF12
0.0,1.0,,1.0,0.0,0.0,,USA.2_1,RLM2,SP423,REF12
0.0,1.0,,1.0,0.0,0.0,1865.0,USA.1_1,RLM2,SP640,REF12
0.0,1.0,,1.0,0.0,0.0,1865.0,USA.1_2,RLM2,SP640,REF12
0.0,1.0,,1.0,0.0,0.0,1865.0,USA.2_1,RLM2,SP640,REF12
0.0,1.0,,1.0,0.0,0.0,1984.0,USA.1_1,RLM2,SP253,REF12
0.0,1.0,,1.0,0.0,0.0,1984.0,USA.1_2,RLM2,SP253,REF12
0.0,1.0,,1.0,0.0,0.0,1984.0,USA.2_1,RLM2,SP253,REF12
0.0,1.0,,1.0,0.0,0.0,2000.0,USA.1_1,RLM2,SP1016,REF12
0.0,1.0,,1.0,0.0,0.0,2000.0,USA.1_2,RLM2,SP1016,REF12
0.0,1.0,,1.0,0.0,0.0,2000.0,USA.2_1,RLM2,SP1016,REF12
0.0,1.0,,1.0,0.0,0.0,2009.0,USA.1_1,RLM2,SP824,REF12
0.0,1.0,,1.0,0.0,0.0,2009.0,USA.1_2,RLM2,SP824,REF12
0.0,1.0,,1.0,0.0,0.0,2009.0,USA.2_1,RLM2,SP824,REF12
0.0,1.0,,1.0,0.0,0.0,1986.0,USA.1_1,RLM2,SP254,REF12
0.0,1.0,,1.0,0.0,0.0,1986.0,USA.1_2,RLM2,SP254,REF12
0.0,1.0,,1.0,0.0,0.0,1986.0,USA.2_1,RLM2,SP254,REF12
0.0,1.0,,1.0,0.0,1.0,,USA.1_1,RLM2,SP728,REF12
0.0,1.0,,1.0,0.0,1.0,,USA.1_2,RLM2,SP728,REF12
0.0,1.0,,1.0,0.0,1.0,,USA.2_1,RLM2,SP728,REF12
0.0,1.0,,1.0,0.0,1.0,2002.0,USA.1_1,RLM2,SP729,REF12
0.0,1.0,,1.0,0.0,1.0,2002.0,USA.1_2,RLM2,SP729,REF12
0.0,1.0,,1.0,0.0,1.0,2002.0,USA.2_1,RLM2,SP729,REF12
0.0,1.0,,1.0,0.0,0.0,1964.0,USA.1_1,RLM2,SP55,REF12
0.0,1.0,,1.0,0.0,0.0,1964.0,USA.1_2,RLM2,SP55,REF12
0.0,1.0,,1.0,0.0,0.0,1964.0,USA.2_1,RLM2,SP55,REF12
0.0,1.0,,1.0,0.0,0.0,1989.0,USA.1_1,RLM2,SP7,REF12
0.0,1.0,,1.0,0.0,0.0,1989.0,USA.1_2,RLM2,SP7,REF12
0.0,1.0,,1.0,0.0,0.0,1989.0,USA.2_1,RLM2,SP7,REF12
0.0,1.0,,1.0,0.0,0.0,1884.0,USA.1_1,RLM2,SP166,REF12
0.0,1.0,,1.0,0.0,0.0,1884.0,USA.1_2,RLM2,SP166,REF12
0.0,1.0,,1.0,0.0,0.0,1884.0,USA.2_1,RLM2,SP166,REF12
0.0,1.0,,1.0,0.0,0.0,1928.0,USA.1_1,RLM2,SP205,REF12
0.0,1.0,,1.0,0.0,0.0,1928.0,USA.1_2,RLM2,SP205,REF12
0.0,1.0,,1.0,0.0,0.0,1928.0,USA.2_1,RLM2,SP205,REF12
0.0,1.0,,1.0,0.0,0.0,1987.0,USA.1_1,RLM2,SP255,REF12
0.0,1.0,,1.0,0.0,0.0,1987.0,USA.1_2,RLM2,SP255,REF12
0.0,1.0,,1.0,0.0,0.0,1987.0,USA.2_1,RLM2,SP255,REF12
0.0,1.0,,1.0,0.0,1.0,1968.0,USA.1_1,RLM2,SP1277,REF12
0.0,1.0,,1.0,0.0,1.0,1968.0,USA.1_2,RLM2,SP1277,REF12
0.0,1.0,,1.0,0.0,1.0,1968.0,USA.2_1,RLM2,SP1277,REF12
0.0,1.0,,1.0,0.0,0.0,1952.0,USA.1_1,RLM2,SP430,REF12
0.0,1.0,,1.0,0.0,0.0,1952.0,USA.1_2,RLM2,SP430,REF12
0.0,1.0,,1.0,0.0,0.0,1952.0,USA.2_1,RLM2,SP430,REF12
1.0,1.0,,1.0,0.0,0.0,1931.0,USA.1_1,RLM2,SP1278,REF12
1.0,1.0,,1.0,0.0,0.0,1931.0,USA.1_2,RLM2,SP1278,REF12
1.0,1.0,,1.0,0.0,0.0,1931.0,USA.2_1,RLM2,SP1278,REF12
0.0,1.0,,1.0,0.0,0.0,2004.0,USA.1_1,RLM2,SP1279,REF12
0.0,1.0,,1.0,0.0,0.0,2004.0,USA.1_2,RLM2,SP1279,REF12
0.0,1.0,,1.0,0.0,0.0,2004.0,USA.2_1,RLM2,SP1279,REF12
0.0,1.0,,1.0,0.0,0.0,,USA.1_1,RLM2,SP1280,REF12
0.0,1.0,,1.0,0.0,0.0,,USA.1_2,RLM2,SP1280,REF12
0.0,1.0,,1.0,0.0,0.0,,USA.2_1,RLM2,SP1280,REF12
0.0,1.0,,1.0,0.0,0.0,1944.0,USA.1_1,RLM2,SP1281,REF12
0.0,1.0,,1.0,0.0,0.0,1944.0,USA.1_2,RLM2,SP1281,REF12
0.0,1.0,,1.0,0.0,0.0,1944.0,USA.2_1,RLM2,SP1281,REF12
0.0,1.0,,1.0,0.0,0.0,1920.0,USA.1_1,RLM2,SP1282,REF12
0.0,1.0,,1.0,0.0,0.0,1920.0,USA.1_2,RLM2,SP1282,REF12
0.0,1.0,,1.0,0.0,0.0,1920.0,USA.2_1,RLM2,SP1282,REF12
0.0,1.0,,1.0,0.0,0.0,,USA.1_1,RLM2,SP33,REF12
0.0,1.0,,1.0,0.0,0.0,,USA.1_2,RLM2,SP33,REF12
0.0,1.0,,1.0,0.0,0.0,,USA.2_1,RLM2,SP33,REF12
0.0,1.0,,1.0,0.0,0.0,1966.0,USA.1_1,RLM2,SP1283,REF12
0.0,1.0,,1.0,0.0,0.0,1966.0,USA.1_2,RLM2,SP1283,REF12
0.0,1.0,,1.0,0.0,0.0,1966.0,USA.2_1,RLM2,SP1283,REF12
0.0,1.0,,1.0,0.0,0.0,1917.0,USA.1_1,RLM2,SP1284,REF12
0.0,1.0,,1.0,0.0,0.0,1917.0,USA.1_2,RLM2,SP1284,REF12
0.0,1.0,,1.0,0.0,0.0,1917.0,USA.2_1,RLM2,SP1284,REF12
0.0,1.0,,1.0,0.0,0.0,1928.0,USA.1_1,RLM2,SP184,REF12
0.0,1.0,,1.0,0.0,0.0,1928.0,USA.1_2,RLM2,SP184,REF12
0.0,1.0,,1.0,0.0,0.0,1928.0,USA.2_1,RLM2,SP184,REF12
0.0,1.0,,1.0,0.0,0.0,,USA.1_1,RLM2,SP162,REF12
0.0,1.0,,1.0,0.0,0.0,,USA.1_2,RLM2,SP162,REF12
0.0,1.0,,1.0,0.0,0.0,,USA.2_1,RLM2,SP162,REF12
0.0,0.0,,1.0,0.0,0.0,,USA.1_1,RLM2,SP1285,REF12
0.0,0.0,,1.0,0.0,0.0,,USA.1_2,RLM2,SP1285,REF12
0.0,0.0,,1.0,0.0,0.0,,USA.2_1,RLM2,SP1285,REF12
0.0,1.0,,1.0,0.0,0.0,1926.0,USA.1_1,RLM2,SP167,REF12
0.0,1.0,,1.0,0.0,0.0,1926.0,USA.1_2,RLM2,SP167,REF12
0.0,1.0,,1.0,0.0,0.0,1926.0,USA.2_1,RLM2,SP167,REF12
0.0,1.0,,1.0,0.0,0.0,1939.0,USA.1_1,RLM2,SP190,REF12
0.0,1.0,,1.0,0.0,0.0,1939.0,USA.1_2,RLM2,SP190,REF12
0.0,1.0,,1.0,0.0,0.0,1939.0,USA.2_1,RLM2,SP190,REF12
0.0,1.0,,1.0,0.0,0.0,1997.0,USA.1_1,RLM2,SP1286,REF12
0.0,1.0,,1.0,0.0,0.0,1997.0,USA.1_2,RLM2,SP1286,REF12
0.0,1.0,,1.0,0.0,0.0,1997.0,USA.2_1,RLM2,SP1286,REF12
0.0,1.0,,1.0,0.0,0.0,1915.0,USA.1_1,RLM2,SP1287,REF12
0.0,1.0,,1.0,0.0,0.0,1915.0,USA.1_2,RLM2,SP1287,REF12
0.0,1.0,,1.0,0.0,0.0,1915.0,USA.2_1,RLM2,SP1287,REF12
0.0,1.0,,1.0,0.0,0.0,1929.0,USA.1_1,RLM2,SP1288,REF12
0.0,1.0,,1.0,0.0,0.0,1929.0,USA.1_2,RLM2,SP1288,REF12
0.0,1.0,,1.0,0.0,0.0,1929.0,USA.2_1,RLM2,SP1288,REF12
0.0,1.0,,1.0,0.0,0.0,1978.0,USA.1_1,RLM2,SP1289,REF12
0.0,1.0,,1.0,0.0,0.0,1978.0,USA.1_2,RLM2,SP1289,REF12
0.0,1.0,,1.0,0.0,0.0,1978.0,USA.2_1,RLM2,SP1289,REF12
0.0,1.0,,1.0,0.0,1.0,1990.0,USA.1_1,RLM2,SP740,REF12
0.0,1.0,,1.0,0.0,1.0,1990.0,USA.1_2,RLM2,SP740,REF12
0.0,1.0,,1.0,0.0,1.0,1990.0,USA.2_1,RLM2,SP740,REF12
,1.0,,1.0,0.0,0.0,,USA.1_1,RLM2,SP1290,REF12
,1.0,,1.0,0.0,0.0,,USA.1_2,RLM2,SP1290,REF12
,1.0,,1.0,0.0,0.0,,USA.2_1,RLM2,SP1290,REF12
0.0,1.0,,1.0,0.0,0.0,1987.0,USA.1_1,RLM2,SP1291,REF12
0.0,1.0,,1.0,0.0,0.0,1987.0,USA.1_2,RLM2,SP1291,REF12
0.0,1.0,,1.0,0.0,0.0,1987.0,USA.2_1,RLM2,SP1291,REF12
0.0,1.0,,1.0,0.0,0.0,1987.0,USA.1_1,RLM2,SP19,REF12
0.0,1.0,,1.0,0.0,0.0,1987.0,USA.1_2,RLM2,SP19,REF12
0.0,1.0,,1.0,0.0,0.0,1987.0,USA.2_1,RLM2,SP19,REF12
0.0,1.0,,1.0,0.0,1.0,1981.0,USA.1_1,RLM2,SP552,REF12
0.0,1.0,,1.0,0.0,1.0,1981.0,USA.1_2,RLM2,SP552,REF12
0.0,1.0,,1.0,0.0,1.0,1981.0,USA.2_1,RLM2,SP552,REF12
0.0,1.0,,1.0,0.0,0.0,1886.0,USA.1_1,RLM2,SP597,REF12
0.0,1.0,,1.0,0.0,0.0,1886.0,USA.1_2,RLM2,SP597,REF12
0.0,1.0,,1.0,0.0,0.0,1886.0,USA.2_1,RLM2,SP597,REF12
,1.0,,1.0,0.0,0.0,1901.0,USA.1_1,RLM2,SP1292,REF12
,1.0,,1.0,0.0,0.0,1901.0,USA.1_2,RLM2,SP1292,REF12
,1.0,,1.0,0.0,0.0,1901.0,USA.2_1,RLM2,SP1292,REF12
0.0,1.0,,1.0,0.0,1.0,1981.0,USA.1_1,RLM2,SP1293,REF12
0.0,1.0,,1.0,0.0,1.0,1981.0,USA.1_2,RLM2,SP1293,REF12
0.0,1.0,,1.0,0.0,1.0,1981.0,USA.2_1,RLM2,SP1293,REF12
0.0,1.0,,1.0,0.0,0.0,1885.0,USA.1_1,RLM2,SP1034,REF12
0.0,1.0,,1.0,0.0,0.0,1885.0,USA.1_2,RLM2,SP1034,REF12
0.0,1.0,,1.0,0.0,0.0,1885.0,USA.2_1,RLM2,SP1034,REF12
,1.0,,1.0,0.0,0.0,1901.0,USA.1_1,RLM2,SP1294,REF12
,1.0,,1.0,0.0,0.0,1901.0,USA.1_2,RLM2,SP1294,REF12
,1.0,,1.0,0.0,0.0,1901.0,USA.2_1,RLM2,SP1294,REF12
1.0,,,1.0,0.0,0.0,1978.0,USA.1_1,RLM2,SP256,REF12
1.0,,,1.0,0.0,0.0,1978.0,USA.1_2,RLM2,SP256,REF12
1.0,,,1.0,0.0,0.0,1978.0,USA.2_1,RLM2,SP256,REF12
,1.0,,1.0,0.0,0.0,,USA.1_1,RLM2,SP169,REF12
,1.0,,1.0,0.0,0.0,,USA.1_2,RLM2,SP169,REF12
,1.0,,1.0,0.0,0.0,,USA.2_1,RLM2,SP169,REF12
,1.0,,1.0,0.0,0.0,,USA.1_1,RLM2,SP44,REF12
,1.0,,1.0,0.0,0.0,,USA.1_2,RLM2,SP44,REF12
,1.0,,1.0,0.0,0.0,,USA.2_1,RLM2,SP44,REF12
,1.0,,1.0,0.0,0.0,1998.0,USA.1_1,RLM2,SP1295,REF12
,1.0,,1.0,0.0,0.0,1998.0,USA.1_2,RLM2,SP1295,REF12
,1.0,,1.0,0.0,0.0,1998.0,USA.2_1,RLM2,SP1295,REF12
,1.0,,1.0,0.0,0.0,1998.0,USA.1_1,RLM2,SP1296,REF12
,1.0,,1.0,0.0,0.0,1998.0,USA.1_2,RLM2,SP1296,REF12
,1.0,,1.0,0.0,0.0,1998.0,USA.2_1,RLM2,SP1296,REF12
0.0,1.0,,1.0,0.0,0.0,2020.0,USA.1_1,RLM2,SP42,REF12
0.0,1.0,,1.0,0.0,0.0,2020.0,USA.1_2,RLM2,SP42,REF12
0.0,1.0,,1.0,0.0,0.0,2020.0,USA.2_1,RLM2,SP42,REF12
0.0,1.0,,1.0,0.0,0.0,2000.0,USA.1_1,RLM2,SP191,REF12
0.0,1.0,,1.0,0.0,0.0,2000.0,USA.1_2,RLM2,SP191,REF12
0.0,1.0,,1.0,0.0,0.0,2000.0,USA.2_1,RLM2,SP191,REF12
0.0,1.0,,1.0,0.0,0.0,1907.0,USA.1_1,RLM2,SP133,REF12
0.0,1.0,,1.0,0.0,0.0,1907.0,USA.1_2,RLM2,SP133,REF12
0.0,1.0,,1.0,0.0,0.0,1907.0,USA.2_1,RLM2,SP133,REF12
0.0,1.0,,1.0,0.0,0.0,1819.0,USA.1_1,RLM2,SP165,REF12
0.0,1.0,,1.0,0.0,0.0,1819.0,USA.1_2,RLM2,SP165,REF12
0.0,1.0,,1.0,0.0,0.0,1819.0,USA.2_1,RLM2,SP165,REF12
0.0,1.0,,1.0,0.0,0.0,2007.0,USA.1_1,RLM2,SP671,REF12
0.0,1.0,,1.0,0.0,0.0,2007.0,USA.1_2,RLM2,SP671,REF12
0.0,1.0,,1.0,0.0,0.0,2007.0,USA.2_1,RLM2,SP671,REF12
,1.0,,1.0,0.0,0.0,1955.0,USA.1_1,RLM2,SP1297,REF12
,1.0,,1.0,0.0,0.0,1955.0,USA.1_2,RLM2,SP1297,REF12
,1.0,,1.0,0.0,0.0,1955.0,USA.2_1,RLM2,SP1297,REF12
,1.0,,1.0,0.0,0.0,1950.0,USA.1_1,RLM2,SP1298,REF12
,1.0,,1.0,0.0,0.0,1950.0,USA.1_2,RLM2,SP1298,REF12
,1.0,,1.0,0.0,0.0,1950.0,USA.2_1,RLM2,SP1298,REF12
,1.0,,1.0,0.0,0.0,1869.0,USA.1_1,RLM2,SP672,REF12
,1.0,,1.0,0.0,0.0,1869.0,USA.1_2,RLM2,SP672,REF12
,1.0,,1.0,0.0,0.0,1869.0,USA.2_1,RLM2,SP672,REF12
,1.0,,1.0,0.0,0.0,1955.0,USA.1_1,RLM2,SP154,REF12
,1.0,,1.0,0.0,0.0,1955.0,USA.1_2,RLM2,SP154,REF12
,1.0,,1.0,0.0,0.0,1955.0,USA.2_1,RLM2,SP154,REF12
,1.0,,1.0,0.0,0.0,1875.0,USA.1_1,RLM2,SP669,REF12
,1.0,,1.0,0.0,0.0,1875.0,USA.1_2,RLM2,SP669,REF12
,1.0,,1.0,0.0,0.0,1875.0,USA.2_1,RLM2,SP669,REF12
,1.0,,1.0,0.0,0.0,1855.0,USA.1_1,RLM2,SP139,REF12
,1.0,,1.0,0.0,0.0,1855.0,USA.1_2,RLM2,SP139,REF12
,1.0,,1.0,0.0,0.0,1855.0,USA.2_1,RLM2,SP139,REF12
0.0,1.0,,1.0,0.0,0.0,,USA.1_1,RLM2,SP713,REF12
0.0,1.0,,1.0,0.0,0.0,,USA.1_2,RLM2,SP713,REF12
0.0,1.0,,1.0,0.0,0.0,,USA.2_1,RLM2,SP713,REF12
,1.0,,1.0,0.0,0.0,1900.0,USA.1_1,RLM2,SP1299,REF12
,1.0,,1.0,0.0,0.0,1900.0,USA.1_2,RLM2,SP1299,REF12
,1.0,,1.0,0.0,0.0,1900.0,USA.2_1,RLM2,SP1299,REF12
,1.0,,1.0,0.0,0.0,1910.0,USA.1_1,RLM2,SP1300,REF12
,1.0,,1.0,0.0,0.0,1910.0,USA.1_2,RLM2,SP1300,REF12
,1.0,,1.0,0.0,0.0,1910.0,USA.2_1,RLM2,SP1300,REF12
,1.0,,1.0,0.0,0.0,1932.0,USA.1_1,RLM2,SP1301,REF12
,1.0,,1.0,0.0,0.0,1932.0,USA.1_2,RLM2,SP1301,REF12
,1.0,,1.0,0.0,0.0,1932.0,USA.2_1,RLM2,SP1301,REF12
0.0,1.0,,1.0,0.0,0.0,2001.0,USA.1_1,RLM2,SP626,REF12
0.0,1.0,,1.0,0.0,0.0,2001.0,USA.1_2,RLM2,SP626,REF12
0.0,1.0,,1.0,0.0,0.0,2001.0,USA.2_1,RLM2,SP626,REF12
0.0,1.0,,1.0,0.0,0.0,1992.0,USA.1_1,RLM2,SP695,REF12
0.0,1.0,,1.0,0.0,0.0,1992.0,USA.1_2,RLM2,SP695,REF12
0.0,1.0,,1.0,0.0,0.0,1992.0,USA.2_1,RLM2,SP695,REF12
0.0,1.0,,1.0,0.0,0.0,,USA.1_1,RLM2,SP676,REF12
0.0,1.0,,1.0,0.0,0.0,,USA.1_2,RLM2,SP676,REF12
0.0,1.0,,1.0,0.0,0.0,,USA.2_1,RLM2,SP676,REF12
0.0,1.0,,1.0,0.0,0.0,1989.0,USA.1_1,RLM2,SP627,REF12
0.0,1.0,,1.0,0.0,0.0,1989.0,USA.1_2,RLM2,SP627,REF12
0.0,1.0,,1.0,0.0,0.0,1989.0,USA.2_1,RLM2,SP627,REF12
,1.0,,1.0,0.0,0.0,1982.0,USA.1_1,RLM2,SP1302,REF12
,1.0,,1.0,0.0,0.0,1982.0,USA.1_2,RLM2,SP1302,REF12
,1.0,,1.0,0.0,0.0,1982.0,USA.2_1,RLM2,SP1302,REF12
1.0,,,1.0,0.0,0.0,1982.0,USA.1_1,RLM2,SP1303,REF12
1.0,,,1.0,0.0,0.0,1982.0,USA.1_2,RLM2,SP1303,REF12
1.0,,,1.0,0.0,0.0,1982.0,USA.2_1,RLM2,SP1303,REF12
,1.0,,1.0,0.0,0.0,2013.0,USA.1_1,RLM2,SP1304,REF12
,1.0,,1.0,0.0,0.0,2013.0,USA.1_2,RLM2,SP1304,REF12
,1.0,,1.0,0.0,0.0,2013.0,USA.2_1,RLM2,SP1304,REF12
0.0,1.0,,1.0,0.0,0.0,1924.0,USA.1_1,RLM2,SP1060,REF12
0.0,1.0,,1.0,0.0,0.0,1924.0,USA.1_2,RLM2,SP1060,REF12
0.0,1.0,,1.0,0.0,0.0,1924.0,USA.2_1,RLM2,SP1060,REF12
0.0,1.0,,1.0,0.0,0.0,2004.0,USA.1_1,RLM2,SP10,REF12
0.0,1.0,,1.0,0.0,0.0,2004.0,USA.1_2,RLM2,SP10,REF12
0.0,1.0,,1.0,0.0,0.0,2004.0,USA.2_1,RLM2,SP10,REF12
,1.0,,1.0,0.0,0.0,2000.0,USA.1_1,RLM2,SP1305,REF12
,1.0,,1.0,0.0,0.0,2000.0,USA.1_2,RLM2,SP1305,REF12
,1.0,,1.0,0.0,0.0,2000.0,USA.2_1,RLM2,SP1305,REF12
1.0,1.0,,1.0,0.0,0.0,1983.0,USA.1_1,RLM2,SP259,REF12
1.0,1.0,,1.0,0.0,0.0,1983.0,USA.1_2,RLM2,SP259,REF12
1.0,1.0,,1.0,0.0,0.0,1983.0,USA.2_1,RLM2,SP259,REF12
1.0,,,1.0,0.0,0.0,1973.0,USA.1_1,RLM2,SP260,REF12
1.0,,,1.0,0.0,0.0,1973.0,USA.1_2,RLM2,SP260,REF12
1.0,,,1.0,0.0,0.0,1973.0,USA.2_1,RLM2,SP260,REF12
,1.0,,1.0,0.0,0.0,1984.0,USA.1_1,RLM2,SP261,REF12
,1.0,,1.0,0.0,0.0,1984.0,USA.1_2,RLM2,SP261,REF12
,1.0,,1.0,0.0,0.0,1984.0,USA.2_1,RLM2,SP261,REF12
0.0,1.0,,1.0,0.0,0.0,1978.0,USA.1_1,RLM2,SP262,REF12
0.0,1.0,,1.0,0.0,0.0,1978.0,USA.1_2,RLM2,SP262,REF12
0.0,1.0,,1.0,0.0,0.0,1978.0,USA.2_1,RLM2,SP262,REF12
,1.0,,1.0,0.0,0.0,,USA.1_1,RLM2,SP1306,REF12
,1.0,,1.0,0.0,0.0,,USA.1_2,RLM2,SP1306,REF12
,1.0,,1.0,0.0,0.0,,USA.2_1,RLM2,SP1306,REF12
0.0,1.0,,1.0,0.0,0.0,1991.0,USA.1_1,RLM2,SP61,REF12
0.0,1.0,,1.0,0.0,0.0,1991.0,USA.1_2,RLM2,SP61,REF12
0.0,1.0,,1.0,0.0,0.0,1991.0,USA.2_1,RLM2,SP61,REF12
0.0,1.0,,1.0,0.0,0.0,,USA.1_1,RLM2,SP696,REF12
0.0,1.0,,1.0,0.0,0.0,,USA.1_2,RLM2,SP696,REF12
0.0,1.0,,1.0,0.0,0.0,,USA.2_1,RLM2,SP696,REF12
0.0,1.0,,1.0,0.0,0.0,,USA.1_1,RLM2,SP457,REF12
0.0,1.0,,1.0,0.0,0.0,,USA.1_2,RLM2,SP457,REF12
0.0,1.0,,1.0,0.0,0.0,,USA.2_1,RLM2,SP457,REF12
0.0,1.0,,1.0,0.0,0.0,,USA.1_1,RLM2,SP199,REF12
0.0,1.0,,1.0,0.0,0.0,,USA.1_2,RLM2,SP199,REF12
0.0,1.0,,1.0,0.0,0.0,,USA.2_1,RLM2,SP199,REF12
0.0,1.0,,1.0,0.0,0.0,1565.0,USA.1_1,RLM2,SP172,REF12
0.0,1.0,,1.0,0.0,0.0,1565.0,USA.1_2,RLM2,SP172,REF12
0.0,1.0,,1.0,0.0,0.0,1565.0,USA.2_1,RLM2,SP172,REF12
0.0,1.0,,1.0,0.0,0.0,1889.0,USA.1_1,RLM2,SP82,REF12
0.0,1.0,,1.0,0.0,0.0,1889.0,USA.1_2,RLM2,SP82,REF12
0.0,1.0,,1.0,0.0,0.0,1889.0,USA.2_1,RLM2,SP82,REF12
1.0,,,1.0,0.0,0.0,1925.0,USA.1_1,RLM2,SP1307,REF12
1.0,,,1.0,0.0,0.0,1925.0,USA.1_2,RLM2,SP1307,REF12
1.0,,,1.0,0.0,0.0,1925.0,USA.2_1,RLM2,SP1307,REF12
,1.0,,1.0,0.0,0.0,1983.0,USA.1_1,RLM2,SP263,REF12
,1.0,,1.0,0.0,0.0,1983.0,USA.1_2,RLM2,SP263,REF12
,1.0,,1.0,0.0,0.0,1983.0,USA.2_1,RLM2,SP263,REF12
1.0,,,1.0,0.0,0.0,1983.0,USA.1_1,RLM2,SP264,REF12
1.0,,,1.0,0.0,0.0,1983.0,USA.1_2,RLM2,SP264,REF12
1.0,,,1.0,0.0,0.0,1983.0,USA.2_1,RLM2,SP264,REF12
,1.0,,1.0,0.0,0.0,1974.0,USA.1_1,RLM2,SP265,REF12
,1.0,,1.0,0.0,0.0,1974.0,USA.1_2,RLM2,SP265,REF12
,1.0,,1.0,0.0,0.0,1974.0,USA.2_1,RLM2,SP265,REF12
0.0,1.0,,1.0,0.0,0.0,,USA.1_1,RLM2,SP674,REF12
0.0,1.0,,1.0,0.0,0.0,,USA.1_2,RLM2,SP674,REF12
0.0,1.0,,1.0,0.0,0.0,,USA.2_1,RLM2,SP674,REF12
0.0,1.0,,1.0,0.0,0.0,1907.0,USA.1_1,RLM2,SP192,REF12
0.0,1.0,,1.0,0.0,0.0,1907.0,USA.1_2,RLM2,SP192,REF12
0.0,1.0,,1.0,0.0,0.0,1907.0,USA.2_1,RLM2,SP192,REF12
0.0,1.0,,1.0,0.0,0.0,2007.0,USA.1_1,RLM2,SP47,REF12
0.0,1.0,,1.0,0.0,0.0,2007.0,USA.1_2,RLM2,SP47,REF12
0.0,1.0,,1.0,0.0,0.0,2007.0,USA.2_1,RLM2,SP47,REF12
,1.0,,1.0,0.0,0.0,1965.0,USA.1_1,RLM2,SP1237,REF12
,1.0,,1.0,0.0,0.0,1965.0,USA.1_2,RLM2,SP1237,REF12
,1.0,,1.0,0.0,0.0,1965.0,USA.2_1,RLM2,SP1237,REF12
,1.0,,1.0,0.0,0.0,1930.0,USA.1_1,RLM2,SP1308,REF12
,1.0,,1.0,0.0,0.0,1930.0,USA.1_2,RLM2,SP1308,REF12
,1.0,,1.0,0.0,0.0,1930.0,USA.2_1,RLM2,SP1308,REF12
,1.0,,1.0,0.0,0.0,1963.0,USA.1_1,RLM2,SP1309,REF12
,1.0,,1.0,0.0,0.0,1963.0,USA.1_2,RLM2,SP1309,REF12
,1.0,,1.0,0.0,0.0,1963.0,USA.2_1,RLM2,SP1309,REF12
1.0,,,1.0,0.0,0.0,1987.0,USA.1_1,RLM2,SP266,REF12
1.0,,,1.0,0.0,0.0,1987.0,USA.1_2,RLM2,SP266,REF12
1.0,,,1.0,0.0,0.0,1987.0,USA.2_1,RLM2,SP266,REF12
,1.0,,1.0,0.0,0.0,1881.0,USA.1_1,RLM2,SP316,REF12
,1.0,,1.0,0.0,0.0,1881.0,USA.1_2,RLM2,SP316,REF12
,1.0,,1.0,0.0,0.0,1881.0,USA.2_1,RLM2,SP316,REF12
,1.0,,1.0,0.0,0.0,1984.0,USA.1_1,RLM2,SP267,REF12
,1.0,,1.0,0.0,0.0,1984.0,USA.1_2,RLM2,SP267,REF12
,1.0,,1.0,0.0,0.0,1984.0,USA.2_1,RLM2,SP267,REF12
,1.0,,1.0,0.0,0.0,1967.0,USA.1_1,RLM2,SP1310,REF12
,1.0,,1.0,0.0,0.0,1967.0,USA.1_2,RLM2,SP1310,REF12
,1.0,,1.0,0.0,0.0,1967.0,USA.2_1,RLM2,SP1310,REF12
,1.0,,1.0,0.0,0.0,1880.0,USA.1_1,RLM2,SP218,REF12
,1.0,,1.0,0.0,0.0,1880.0,USA.1_2,RLM2,SP218,REF12
,1.0,,1.0,0.0,0.0,1880.0,USA.2_1,RLM2,SP218,REF12
,1.0,,1.0,0.0,0.0,1987.0,USA.1_1,RLM2,SP268,REF12
,1.0,,1.0,0.0,0.0,1987.0,USA.1_2,RLM2,SP268,REF12
,1.0,,1.0,0.0,0.0,1987.0,USA.2_1,RLM2,SP268,REF12
,1.0,,1.0,0.0,0.0,1841.0,USA.1_1,RLM2,SP1311,REF12
,1.0,,1.0,0.0,0.0,1841.0,USA.1_2,RLM2,SP1311,REF12
,1.0,,1.0,0.0,0.0,1841.0,USA.2_1,RLM2,SP1311,REF12
,1.0,,1.0,0.0,0.0,1928.0,USA.1_1,RLM2,SP1312,REF12
,1.0,,1.0,0.0,0.0,1928.0,USA.1_2,RLM2,SP1312,REF12
,1.0,,1.0,0.0,0.0,1928.0,USA.2_1,RLM2,SP1312,REF12
,1.0,,1.0,0.0,0.0,1565.0,USA.1_1,RLM2,SP16,REF12
,1.0,,1.0,0.0,0.0,1565.0,USA.1_2,RLM2,SP16,REF12
,1.0,,1.0,0.0,0.0,1565.0,USA.2_1,RLM2,SP16,REF12
,1.0,,1.0,0.0,0.0,,USA.1_1,RLM2,SP1313,REF12
,1.0,,1.0,0.0,0.0,,USA.1_2,RLM2,SP1313,REF12
,1.0,,1.0,0.0,0.0,,USA.2_1,RLM2,SP1313,REF12
,1.0,,1.0,0.0,0.0,2006.0,USA.1_1,RLM2,SP848,REF12
,1.0,,1.0,0.0,0.0,2006.0,USA.1_2,RLM2,SP848,REF12
,1.0,,1.0,0.0,0.0,2006.0,USA.2_1,RLM2,SP848,REF12
,1.0,,1.0,0.0,0.0,,USA.1_1,RLM2,SP226,REF12
,1.0,,1.0,0.0,0.0,,USA.1_2,RLM2,SP226,REF12
,1.0,,1.0,0.0,0.0,,USA.2_1,RLM2,SP226,REF12
1.0,,,1.0,0.0,0.0,1981.0,USA.1_1,RLM2,SP1314,REF12
1.0,,,1.0,0.0,0.0,1981.0,USA.1_2,RLM2,SP1314,REF12
1.0,,,1.0,0.0,0.0,1981.0,USA.2_1,RLM2,SP1314,REF12
,1.0,,1.0,0.0,0.0,1923.0,USA.1_1,RLM2,SP1315,REF12
,1.0,,1.0,0.0,0.0,1923.0,USA.1_2,RLM2,SP1315,REF12
,1.0,,1.0,0.0,0.0,1923.0,USA.2_1,RLM2,SP1315,REF12
0.0,1.0,,1.0,0.0,0.0,1943.0,USA.1_1,RLM2,SP217,REF12
0.0,1.0,,1.0,0.0,0.0,1943.0,USA.1_2,RLM2,SP217,REF12
0.0,1.0,,1.0,0.0,0.0,1943.0,USA.2_1,RLM2,SP217,REF12
0.0,1.0,,1.0,0.0,0.0,1912.0,USA.1_1,RLM2,SP15,REF12
0.0,1.0,,1.0,0.0,0.0,1912.0,USA.1_2,RLM2,SP15,REF12
0.0,1.0,,1.0,0.0,0.0,1912.0,USA.2_1,RLM2,SP15,REF12
0.0,1.0,,1.0,0.0,0.0,2001.0,USA.1_1,RLM2,SP56,REF12
0.0,1.0,,1.0,0.0,0.0,2001.0,USA.1_2,RLM2,SP56,REF12
0.0,1.0,,1.0,0.0,0.0,2001.0,USA.2_1,RLM2,SP56,REF12
1.0,,,1.0,0.0,0.0,1978.0,USA.1_1,RLM2,SP270,REF12
1.0,,,1.0,0.0,0.0,1978.0,USA.1_2,RLM2,SP270,REF12
1.0,,,1.0,0.0,0.0,1978.0,USA.2_1,RLM2,SP270,REF12
,1.0,,1.0,0.0,0.0,1998.0,USA.1_1,RLM2,SP697,REF12
,1.0,,1.0,0.0,0.0,1998.0,USA.1_2,RLM2,SP697,REF12
,1.0,,1.0,0.0,0.0,1998.0,USA.2_1,RLM2,SP697,REF12
0.0,1.0,,1.0,0.0,0.0,1913.0,USA.1_1,RLM2,SP194,REF12
0.0,1.0,,1.0,0.0,0.0,1913.0,USA.1_2,RLM2,SP194,REF12
0.0,1.0,,1.0,0.0,0.0,1913.0,USA.2_1,RLM2,SP194,REF12
0.0,1.0,,1.0,0.0,0.0,1975.0,USA.1_1,RLM2,SP634,REF12
0.0,1.0,,1.0,0.0,0.0,1975.0,USA.1_2,RLM2,SP634,REF12
0.0,1.0,,1.0,0.0,0.0,1975.0,USA.2_1,RLM2,SP634,REF12
1.0,1.0,,1.0,0.0,0.0,,USA.1_1,RLM2,SP471,REF12
1.0,1.0,,1.0,0.0,0.0,,USA.1_2,RLM2,SP471,REF12
1.0,1.0,,1.0,0.0,0.0,,USA.2_1,RLM2,SP471,REF12
,1.0,,1.0,0.0,0.0,,USA.1_1,RLM2,SP227,REF12
,1.0,,1.0,0.0,0.0,,USA.1_2,RLM2,SP227,REF12
,1.0,,1.0,0.0,0.0,,USA.2_1,RLM2,SP227,REF12
,1.0,,1.0,0.0,0.0,1978.0,USA.1_1,RLM2,SP1316,REF12
,1.0,,1.0,0.0,0.0,1978.0,USA.1_2,RLM2,SP1316,REF12
,1.0,,1.0,0.0,0.0,1978.0,USA.2_1,RLM2,SP1316,REF12
,1.0,,1.0,0.0,0.0,1982.0,USA.1_1,RLM2,SP1317,REF12
,1.0,,1.0,0.0,0.0,1982.0,USA.1_2,RLM2,SP1317,REF12
,1.0,,1.0,0.0,0.0,1982.0,USA.2_1,RLM2,SP1317,REF12
,1.0,,1.0,0.0,0.0,,USA.1_1,RLM2,SP119,REF12
,1.0,,1.0,0.0,0.0,,USA.1_2,RLM2,SP119,REF12
,1.0,,1.0,0.0,0.0,,USA.2_1,RLM2,SP119,REF12
,1.0,,1.0,0.0,0.0,1940.0,USA.1_1,RLM2,SP1087,REF12
,1.0,,1.0,0.0,0.0,1940.0,USA.1_2,RLM2,SP1087,REF12
,1.0,,1.0,0.0,0.0,1940.0,USA.2_1,RLM2,SP1087,REF12
,1.0,,1.0,0.0,0.0,1925.0,USA.1_1,RLM2,SP364,REF12
,1.0,,1.0,0.0,0.0,1925.0,USA.1_2,RLM2,SP364,REF12
,1.0,,1.0,0.0,0.0,1925.0,USA.2_1,RLM2,SP364,REF12
0.0,1.0,,1.0,0.0,0.0,1902.0,USA.1_1,RLM2,SP1318,REF12
0.0,1.0,,1.0,0.0,0.0,1902.0,USA.1_2,RLM2,SP1318,REF12
0.0,1.0,,1.0,0.0,0.0,1902.0,USA.2_1,RLM2,SP1318,REF12
,1.0,,1.0,0.0,0.0,,USA.1_1,RLM2,SP1088,REF12
,1.0,,1.0,0.0,0.0,,USA.1_2,RLM2,SP1088,REF12
,1.0,,1.0,0.0,0.0,,USA.2_1,RLM2,SP1088,REF12
,1.0,,1.0,0.0,0.0,1985.0,USA.1_1,RLM2,SP271,REF12
,1.0,,1.0,0.0,0.0,1985.0,USA.1_2,RLM2,SP271,REF12
,1.0,,1.0,0.0,0.0,1985.0,USA.2_1,RLM2,SP271,REF12
,1.0,,1.0,0.0,0.0,1923.0,USA.1_1,RLM2,SP105,REF12
,1.0,,1.0,0.0,0.0,1923.0,USA.1_2,RLM2,SP105,REF12
,1.0,,1.0,0.0,0.0,1923.0,USA.2_1,RLM2,SP105,REF12
,1.0,,1.0,0.0,0.0,1936.0,USA.1_1,RLM2,SP1319,REF12
,1.0,,1.0,0.0,0.0,1936.0,USA.1_2,RLM2,SP1319,REF12
,1.0,,1.0,0.0,0.0,1936.0,USA.2_1,RLM2,SP1319,REF12
,1.0,,1.0,0.0,0.0,2014.0,USA.1_1,RLM2,SP1320,REF12
,1.0,,1.0,0.0,0.0,2014.0,USA.1_2,RLM2,SP1320,REF12
,1.0,,1.0,0.0,0.0,2014.0,USA.2_1,RLM2,SP1320,REF12
0.0,1.0,,1.0,0.0,1.0,1989.0,USA.1_1,RLM2,SP1321,REF12
0.0,1.0,,1.0,0.0,1.0,1989.0,USA.1_2,RLM2,SP1321,REF12
0.0,1.0,,1.0,0.0,1.0,1989.0,USA.2_1,RLM2,SP1321,REF12
,1.0,,1.0,0.0,0.0,1959.0,USA.1_1,RLM2,SP1322,REF12
,1.0,,1.0,0.0,0.0,1959.0,USA.1_2,RLM2,SP1322,REF12
,1.0,,1.0,0.0,0.0,1959.0,USA.2_1,RLM2,SP1322,REF12
0.0,1.0,1.0,1.0,0.0,0.0,1984.0,USA.1_1,RLM2,SP272,REF12
0.0,1.0,1.0,1.0,0.0,0.0,1984.0,USA.1_2,RLM2,SP272,REF12
0.0,1.0,1.0,1.0,0.0,0.0,1984.0,USA.2_1,RLM2,SP272,REF12
,1.0,,1.0,0.0,0.0,1984.0,USA.1_1,RLM2,SP273,REF12
,1.0,,1.0,0.0,0.0,1984.0,USA.1_2,RLM2,SP273,REF12
,1.0,,1.0,0.0,0.0,1984.0,USA.2_1,RLM2,SP273,REF12
,1.0,,1.0,0.0,0.0,,USA.1_1,RLM2,SP274,REF12
,1.0,,1.0,0.0,0.0,,USA.1_2,RLM2,SP274,REF12
,1.0,,1.0,0.0,0.0,,USA.2_1,RLM2,SP274,REF12
0.0,1.0,,1.0,0.0,0.0,,USA.1_1,RLM2,SP275,REF12
0.0,1.0,,1.0,0.0,0.0,,USA.1_2,RLM2,SP275,REF12
0.0,1.0,,1.0,0.0,0.0,,USA.2_1,RLM2,SP275,REF12
,1.0,,1.0,0.0,0.0,1918.0,USA.1_1,RLM2,SP1093,REF12
,1.0,,1.0,0.0,0.0,1918.0,USA.1_2,RLM2,SP1093,REF12
,1.0,,1.0,0.0,0.0,1918.0,USA.2_1,RLM2,SP1093,REF12
,1.0,,1.0,0.0,0.0,,USA.1_1,RLM2,SP50,REF12
,1.0,,1.0,0.0,0.0,,USA.1_2,RLM2,SP50,REF12
,1.0,,1.0,0.0,0.0,,USA.2_1,RLM2,SP50,REF12
,1.0,,1.0,0.0,0.0,1935.0,USA.1_1,RLM2,SP758,REF12
,1.0,,1.0,0.0,0.0,1935.0,USA.1_2,RLM2,SP758,REF12
,1.0,,1.0,0.0,0.0,1935.0,USA.2_1,RLM2,SP758,REF12
,1.0,,1.0,0.0,0.0,1981.0,USA.1_1,RLM2,SP276,REF12
,1.0,,1.0,0.0,0.0,1981.0,USA.1_2,RLM2,SP276,REF12
,1.0,,1.0,0.0,0.0,1981.0,USA.2_1,RLM2,SP276,REF12
,1.0,,1.0,0.0,0.0,1988.0,USA.1_1,RLM2,SP277,REF12
,1.0,,1.0,0.0,0.0,1988.0,USA.1_2,RLM2,SP277,REF12
,1.0,,1.0,0.0,0.0,1988.0,USA.2_1,RLM2,SP277,REF12
0.0,1.0,,1.0,1.0,1.0,,USA.1_1,RLM2,SP1323,REF12
0.0,1.0,,1.0,1.0,1.0,,USA.1_2,RLM2,SP1323,REF12
0.0,1.0,,1.0,1.0,1.0,,USA.2_1,RLM2,SP1323,REF12
1.0,1.0,,1.0,0.0,0.0,1903.0,USA.1_1,RLM2,SP796,REF12
1.0,1.0,,1.0,0.0,0.0,1903.0,USA.1_2,RLM2,SP796,REF12
1.0,1.0,,1.0,0.0,0.0,1903.0,USA.2_1,RLM2,SP796,REF12
,1.0,,1.0,0.0,0.0,1987.0,USA.1_1,RLM2,SP1324,REF12
,1.0,,1.0,0.0,0.0,1987.0,USA.1_2,RLM2,SP1324,REF12
,1.0,,1.0,0.0,0.0,1987.0,USA.2_1,RLM2,SP1324,REF12
0.0,1.0,1.0,1.0,0.0,1.0,1869.0,USA.1_1,RLM2,SP34,REF12
0.0,1.0,1.0,1.0,0.0,1.0,1869.0,USA.1_2,RLM2,SP34,REF12
0.0,1.0,1.0,1.0,0.0,1.0,1869.0,USA.2_1,RLM2,SP34,REF12
,1.0,,1.0,0.0,0.0,1985.0,USA.1_1,RLM2,SP278,REF12
,1.0,,1.0,0.0,0.0,1985.0,USA.1_2,RLM2,SP278,REF12
,1.0,,1.0,0.0,0.0,1985.0,USA.2_1,RLM2,SP278,REF12
0.0,1.0,,1.0,0.0,1.0,1971.0,USA.1_1,RLM2,SP725,REF12
0.0,1.0,,1.0,0.0,1.0,1971.0,USA.1_2,RLM2,SP725,REF12
0.0,1.0,,1.0,0.0,1.0,1971.0,USA.2_1,RLM2,SP725,REF12
,1.0,,1.0,0.0,0.0,1959.0,USA.1_1,RLM2,SP797,REF12
,1.0,,1.0,0.0,0.0,1959.0,USA.1_2,RLM2,SP797,REF12
,1.0,,1.0,0.0,0.0,1959.0,USA.2_1,RLM2,SP797,REF12
,1.0,,1.0,0.0,0.0,1981.0,USA.1_1,RLM2,SP138,REF12
,1.0,,1.0,0.0,0.0,1981.0,USA.1_2,RLM2,SP138,REF12
,1.0,,1.0,0.0,0.0,1981.0,USA.2_1,RLM2,SP138,REF12
,1.0,,1.0,0.0,0.0,2016.0,USA.1_1,RLM2,SP1325,REF12
,1.0,,1.0,0.0,0.0,2016.0,USA.1_2,RLM2,SP1325,REF12
,1.0,,1.0,0.0,0.0,2016.0,USA.2_1,RLM2,SP1325,REF12
,1.0,,1.0,0.0,0.0,,USA.1_1,RLM2,SP1326,REF12
,1.0,,1.0,0.0,0.0,,USA.1_2,RLM2,SP1326,REF12
,1.0,,1.0,0.0,0.0,,USA.2_1,RLM2,SP1326,REF12
0.0,1.0,,1.0,0.0,1.0,1980.0,USA.1_1,RLM2,SP1327,REF12
0.0,1.0,,1.0,0.0,1.0,1980.0,USA.1_2,RLM2,SP1327,REF12
0.0,1.0,,1.0,0.0,1.0,1980.0,USA.2_1,RLM2,SP1327,REF12
1.0,,,1.0,0.0,0.0,1989.0,USA.1_1,RLM2,SP280,REF12
1.0,,,1.0,0.0,0.0,1989.0,USA.1_2,RLM2,SP280,REF12
1.0,,,1.0,0.0,0.0,1989.0,USA.2_1,RLM2,SP280,REF12
,1.0,,1.0,0.0,0.0,1906.0,USA.1_1,RLM2,SP1098,REF12
,1.0,,1.0,0.0,0.0,1906.0,USA.1_2,RLM2,SP1098,REF12
,1.0,,1.0,0.0,0.0,1906.0,USA.2_1,RLM2,SP1098,REF12
,1.0,,1.0,0.0,0.0,1950.0,USA.1_1,RLM2,SP1328,REF12
,1.0,,1.0,0.0,0.0,1950.0,USA.1_2,RLM2,SP1328,REF12
,1.0,,1.0,0.0,0.0,1950.0,USA.2_1,RLM2,SP1328,REF12
,1.0,,1.0,0.0,0.0,2009.0,USA.1_1,RLM2,SP1329,REF12
,1.0,,1.0,0.0,0.0,2009.0,USA.1_2,RLM2,SP1329,REF12
,1.0,,1.0,0.0,0.0,2009.0,USA.2_1,RLM2,SP1329,REF12
,1.0,,1.0,0.0,0.0,1565.0,USA.1_1,RLM2,SP503,REF12
,1.0,,1.0,0.0,0.0,1565.0,USA.1_2,RLM2,SP503,REF12
,1.0,,1.0,0.0,0.0,1565.0,USA.2_1,RLM2,SP503,REF12
,1.0,,1.0,0.0,0.0,1984.0,USA.1_1,RLM2,SP1330,REF12
,1.0,,1.0,0.0,0.0,1984.0,USA.1_2,RLM2,SP1330,REF12
,1.0,,1.0,0.0,0.0,1984.0,USA.2_1,RLM2,SP1330,REF12
0.0,1.0,,1.0,0.0,1.0,2008.0,USA.1_1,RLM2,SP300,REF12
0.0,1.0,,1.0,0.0,1.0,2008.0,USA.1_2,RLM2,SP300,REF12
0.0,1.0,,1.0,0.0,1.0,2008.0,USA.2_1,RLM2,SP300,REF12
,,,1.0,0.0,0.0,1565.0,USA.1_1,RLM2,SP505,REF12
,,,1.0,0.0,0.0,1565.0,USA.1_2,RLM2,SP505,REF12
,,,1.0,0.0,0.0,1565.0,USA.2_1,RLM2,SP505,REF12
,1.0,,1.0,0.0,0.0,1995.0,USA.1_1,RLM2,SP1331,REF12
,1.0,,1.0,0.0,0.0,1995.0,USA.1_2,RLM2,SP1331,REF12
,1.0,,1.0,0.0,0.0,1995.0,USA.2_1,RLM2,SP1331,REF12
,1.0,,1.0,0.0,0.0,1985.0,USA.1_1,RLM2,SP196,REF12
,1.0,,1.0,0.0,0.0,1985.0,USA.1_2,RLM2,SP196,REF12
,1.0,,1.0,0.0,0.0,1985.0,USA.2_1,RLM2,SP196,REF12
,1.0,,1.0,0.0,0.0,1979.0,USA.1_1,RLM2,SP43,REF12
,1.0,,1.0,0.0,0.0,1979.0,USA.1_2,RLM2,SP43,REF12
,1.0,,1.0,0.0,0.0,1979.0,USA.2_1,RLM2,SP43,REF12
,1.0,,1.0,0.0,0.0,2008.0,USA.1_1,RLM2,SP1332,REF12
,1.0,,1.0,0.0,0.0,2008.0,USA.1_2,RLM2,SP1332,REF12
,1.0,,1.0,0.0,0.0,2008.0,USA.2_1,RLM2,SP1332,REF12
0.0,1.0,,1.0,0.0,0.0,1978.0,USA.1_1,RLM2,SP135,REF12
0.0,1.0,,1.0,0.0,0.0,1978.0,USA.1_2,RLM2,SP135,REF12
0.0,1.0,,1.0,0.0,0.0,1978.0,USA.2_1,RLM2,SP135,REF12
0.0,1.0,,1.0,0.0,0.0,1909.0,USA.1_1,RLM2,SP598,REF12
0.0,1.0,,1.0,0.0,0.0,1909.0,USA.1_2,RLM2,SP598,REF12
0.0,1.0,,1.0,0.0,0.0,1909.0,USA.2_1,RLM2,SP598,REF12
,1.0,,1.0,0.0,0.0,1964.0,USA.1_1,RLM2,SP1333,REF12
,1.0,,1.0,0.0,0.0,1964.0,USA.1_2,RLM2,SP1333,REF12
,1.0,,1.0,0.0,0.0,1964.0,USA.2_1,RLM2,SP1333,REF12
,1.0,,1.0,0.0,0.0,1882.0,USA.1_1,RLM2,SP1232,REF12
,1.0,,1.0,0.0,0.0,1882.0,USA.1_2,RLM2,SP1232,REF12
,1.0,,1.0,0.0,0.0,1882.0,USA.2_1,RLM2,SP1232,REF12
,1.0,,1.0,0.0,0.0,,USA.1_1,RLM2,SP1334,REF12
,1.0,,1.0,0.0,0.0,,USA.1_2,RLM2,SP1334,REF12
,1.0,,1.0,0.0,0.0,,USA.2_1,RLM2,SP1334,REF12
,1.0,,1.0,0.0,0.0,,USA.1_1,RLM2,SP1335,REF12
,1.0,,1.0,0.0,0.0,,USA.1_2,RLM2,SP1335,REF12
,1.0,,1.0,0.0,0.0,,USA.2_1,RLM2,SP1335,REF12
,1.0,,1.0,0.0,0.0,2015.0,USA.1_1,RLM2,SP1336,REF12
,1.0,,1.0,0.0,0.0,2015.0,USA.1_2,RLM2,SP1336,REF12
,1.0,,1.0,0.0,0.0,2015.0,USA.2_1,RLM2,SP1336,REF12
0.0,1.0,,1.0,0.0,0.0,1930.0,USA.1_1,RLM2,SP186,REF12
0.0,1.0,,1.0,0.0,0.0,1930.0,USA.1_2,RLM2,SP186,REF12
0.0,1.0,,1.0,0.0,0.0,1930.0,USA.2_1,RLM2,SP186,REF12
,1.0,,1.0,0.0,0.0,1986.0,USA.1_1,RLM2,SP283,REF12
,1.0,,1.0,0.0,0.0,1986.0,USA.1_2,RLM2,SP283,REF12
,1.0,,1.0,0.0,0.0,1986.0,USA.2_1,RLM2,SP283,REF12
0.0,1.0,,1.0,0.0,0.0,1963.0,USA.1_1,RLM2,SP41,REF12
0.0,1.0,,1.0,0.0,0.0,1963.0,USA.1_2,RLM2,SP41,REF12
0.0,1.0,,1.0,0.0,0.0,1963.0,USA.2_1,RLM2,SP41,REF12
0.0,1.0,,1.0,0.0,0.0,,USA.1_1,RLM2,SP136,REF12
0.0,1.0,,1.0,0.0,0.0,,USA.1_2,RLM2,SP136,REF12
0.0,1.0,,1.0,0.0,0.0,,USA.2_1,RLM2,SP136,REF12
,1.0,,1.0,0.0,0.0,2014.0,USA.1_1,RLM2,SP1337,REF12
,1.0,,1.0,0.0,0.0,2014.0,USA.1_2,RLM2,SP1337,REF12
,1.0,,1.0,0.0,0.0,2014.0,USA.2_1,RLM2,SP1337,REF12
,1.0,,1.0,0.0,0.0,1917.0,USA.1_1,RLM2,SP11,REF12
,1.0,,1.0,0.0,0.0,1917.0,USA.1_2,RLM2,SP11,REF12
,1.0,,1.0,0.0,0.0,1917.0,USA.2_1,RLM2,SP11,REF12
,1.0,,1.0,0.0,0.0,1989.0,USA.1_1,RLM2,SP284,REF12
,1.0,,1.0,0.0,0.0,1989.0,USA.1_2,RLM2,SP284,REF12
,1.0,,1.0,0.0,0.0,1989.0,USA.2_1,RLM2,SP284,REF12
1.0,,,1.0,0.0,0.0,1989.0,USA.1_1,RLM2,SP285,REF12
1.0,,,1.0,0.0,0.0,1989.0,USA.1_2,RLM2,SP285,REF12
1.0,,,1.0,0.0,0.0,1989.0,USA.2_1,RLM2,SP285,REF12
,1.0,,1.0,0.0,0.0,1985.0,USA.1_1,RLM2,SP902,REF12
,1.0,,1.0,0.0,0.0,1985.0,USA.1_2,RLM2,SP902,REF12
,1.0,,1.0,0.0,0.0,1985.0,USA.2_1,RLM2,SP902,REF12
0.0,1.0,,1.0,0.0,0.0,1964.0,USA.1_1,RLM2,SP1338,REF12
0.0,1.0,,1.0,0.0,0.0,1964.0,USA.1_2,RLM2,SP1338,REF12
0.0,1.0,,1.0,0.0,0.0,1964.0,USA.2_1,RLM2,SP1338,REF12
0.0,1.0,,1.0,0.0,0.0,1978.0,USA.1_1,RLM2,SP1339,REF12
0.0,1.0,,1.0,0.0,0.0,1978.0,USA.1_2,RLM2,SP1339,REF12
0.0,1.0,,1.0,0.0,0.0,1978.0,USA.2_1,RLM2,SP1339,REF12
,1.0,,1.0,0.0,0.0,2010.0,USA.1_1,RLM2,SP1340,REF12
,1.0,,1.0,0.0,0.0,2010.0,USA.1_2,RLM2,SP1340,REF12
,1.0,,1.0,0.0,0.0,2010.0,USA.2_1,RLM2,SP1340,REF12
,1.0,,1.0,0.0,0.0,,USA.1_1,RLM2,SP70,REF12
,1.0,,1.0,0.0,0.0,,USA.1_2,RLM2,SP70,REF12
,1.0,,1.0,0.0,0.0,,USA.2_1,RLM2,SP70,REF12
0.0,1.0,,1.0,0.0,1.0,1975.0,USA.1_1,RLM2,SP286,REF12
0.0,1.0,,1.0,0.0,1.0,1975.0,USA.1_2,RLM2,SP286,REF12
0.0,1.0,,1.0,0.0,1.0,1975.0,USA.2_1,RLM2,SP286,REF12
,1.0,,1.0,0.0,0.0,2017.0,USA.1_1,RLM2,SP1341,REF12
,1.0,,1.0,0.0,0.0,2017.0,USA.1_2,RLM2,SP1341,REF12
,1.0,,1.0,0.0,0.0,2017.0,USA.2_1,RLM2,SP1341,REF12
,1.0,,1.0,0.0,0.0,,USA.1_1,RLM2,SP1342,REF12
,1.0,,1.0,0.0,0.0,,USA.1_2,RLM2,SP1342,REF12
,1.0,,1.0,0.0,0.0,,USA.2_1,RLM2,SP1342,REF12
,1.0,,1.0,0.0,0.0,1968.0,USA.1_1,RLM2,SP1343,REF12
,1.0,,1.0,0.0,0.0,1968.0,USA.1_2,RLM2,SP1343,REF12
,1.0,,1.0,0.0,0.0,1968.0,USA.2_1,RLM2,SP1343,REF12
0.0,1.0,,1.0,0.0,0.0,1916.0,USA.1_1,RLM2,SP17,REF12
0.0,1.0,,1.0,0.0,0.0,1916.0,USA.1_2,RLM2,SP17,REF12
0.0,1.0,,1.0,0.0,0.0,1916.0,USA.2_1,RLM2,SP17,REF12
0.0,1.0,,0.0,0.0,1.0,1984.0,USA.1_1,RLM2,SP195,REF12
0.0,1.0,,0.0,0.0,1.0,1984.0,USA.1_2,RLM2,SP195,REF12
0.0,1.0,,0.0,0.0,1.0,1984.0,USA.2_1,RLM2,SP195,REF12
,1.0,,1.0,0.0,0.0,,USA.1_1,RLM2,SP392,REF12
,1.0,,1.0,0.0,0.0,,USA.1_2,RLM2,SP392,REF12
,1.0,,1.0,0.0,0.0,,USA.2_1,RLM2,SP392,REF12
,1.0,,1.0,0.0,0.0,1900.0,USA.1_1,RLM2,SP520,REF12
,1.0,,1.0,0.0,0.0,1900.0,USA.1_2,RLM2,SP520,REF12
,1.0,,1.0,0.0,0.0,1900.0,USA.2_1,RLM2,SP520,REF12
,1.0,,1.0,0.0,0.0,,USA.1_1,RLM2,SP1344,REF12
,1.0,,1.0,0.0,0.0,,USA.1_2,RLM2,SP1344,REF12
,1.0,,1.0,0.0,0.0,,USA.2_1,RLM2,SP1344,REF12
,1.0,,1.0,0.0,0.0,1958.0,USA.1_1,RLM2,SP1345,REF12
,1.0,,1.0,0.0,0.0,1958.0,USA.1_2,RLM2,SP1345,REF12
,1.0,,1.0,0.0,0.0,1958.0,USA.2_1,RLM2,SP1345,REF12
0.0,1.0,,1.0,0.0,0.0,1856.0,USA.1_1,RLM2,SP5,REF12
0.0,1.0,,1.0,0.0,0.0,1856.0,USA.1_2,RLM2,SP5,REF12
0.0,1.0,,1.0,0.0,0.0,1856.0,USA.2_1,RLM2,SP5,REF12
0.0,1.0,,1.0,0.0,0.0,1993.0,USA.1_1,RLM2,SP2,REF12
0.0,1.0,,1.0,0.0,0.0,1993.0,USA.1_2,RLM2,SP2,REF12
0.0,1.0,,1.0,0.0,0.0,1993.0,USA.2_1,RLM2,SP2,REF12
,1.0,,1.0,0.0,0.0,,USA.1_1,RLM2,SP1346,REF12
,1.0,,1.0,0.0,0.0,,USA.1_2,RLM2,SP1346,REF12
,1.0,,1.0,0.0,0.0,,USA.2_1,RLM2,SP1346,REF12
,1.0,,1.0,0.0,0.0,1940.0,USA.1_1,RLM2,SP197,REF12
,1.0,,1.0,0.0,0.0,1940.0,USA.1_2,RLM2,SP197,REF12
,1.0,,1.0,0.0,0.0,1940.0,USA.2_1,RLM2,SP197,REF12
,,,1.0,0.0,0.0,,USA.1_1,RLM2,SP1347,REF12
,,,1.0,0.0,0.0,,USA.1_2,RLM2,SP1347,REF12
,,,1.0,0.0,0.0,,USA.2_1,RLM2,SP1347,REF12
,1.0,,1.0,0.0,0.0,1936.0,USA.1_1,RLM2,SP206,REF12
,1.0,,1.0,0.0,0.0,1936.0,USA.1_2,RLM2,SP206,REF12
,1.0,,1.0,0.0,0.0,1936.0,USA.2_1,RLM2,SP206,REF12
,1.0,,1.0,0.0,0.0,1980.0,USA.1_1,RLM2,SP288,REF12
,1.0,,1.0,0.0,0.0,1980.0,USA.1_2,RLM2,SP288,REF12
,1.0,,1.0,0.0,0.0,1980.0,USA.2_1,RLM2,SP288,REF12
,1.0,,1.0,0.0,0.0,,USA.1_1,RLM2,SP39,REF12
,1.0,,1.0,0.0,0.0,,USA.1_2,RLM2,SP39,REF12
,1.0,,1.0,0.0,0.0,,USA.2_1,RLM2,SP39,REF12
0.0,1.0,,1.0,0.0,0.0,1856.0,USA.1_1,RLM2,SP6,REF12
0.0,1.0,,1.0,0.0,0.0,1856.0,USA.1_2,RLM2,SP6,REF12
0.0,1.0,,1.0,0.0,0.0,1856.0,USA.2_1,RLM2,SP6,REF12
0.0,1.0,,1.0,0.0,0.0,1952.0,USA.1_1,RLM2,SP174,REF12
0.0,1.0,,1.0,0.0,0.0,1952.0,USA.1_2,RLM2,SP174,REF12
0.0,1.0,,1.0,0.0,0.0,1952.0,USA.2_1,RLM2,SP174,REF12
0.0,1.0,,1.0,0.0,0.0,1565.0,USA.1_1,RLM2,SP175,REF12
0.0,1.0,,1.0,0.0,0.0,1565.0,USA.1_2,RLM2,SP175,REF12
0.0,1.0,,1.0,0.0,0.0,1565.0,USA.2_1,RLM2,SP175,REF12
,1.0,,1.0,0.0,0.0,1565.0,USA.1_1,RLM2,SP93,REF12
,1.0,,1.0,0.0,0.0,1565.0,USA.1_2,RLM2,SP93,REF12
,1.0,,1.0,0.0,0.0,1565.0,USA.2_1,RLM2,SP93,REF12
0.0,1.0,,1.0,0.0,0.0,1854.0,USA.1_1,RLM2,SP14,REF12
0.0,1.0,,1.0,0.0,0.0,1854.0,USA.1_2,RLM2,SP14,REF12
0.0,1.0,,1.0,0.0,0.0,1854.0,USA.2_1,RLM2,SP14,REF12
,1.0,,1.0,0.0,0.0,2008.0,USA.1_1,RLM2,SP1348,REF12
,1.0,,1.0,0.0,0.0,2008.0,USA.1_2,RLM2,SP1348,REF12
,1.0,,1.0,0.0,0.0,2008.0,USA.2_1,RLM2,SP1348,REF12
,1.0,,1.0,0.0,0.0,2013.0,USA.1_1,RLM2,SP1349,REF12
,1.0,,1.0,0.0,0.0,2013.0,USA.1_2,RLM2,SP1349,REF12
,1.0,,1.0,0.0,0.0,2013.0,USA.2_1,RLM2,SP1349,REF12
,1.0,,1.0,0.0,0.0,2002.0,USA.1_1,RLM2,SP1350,REF12
,1.0,,1.0,0.0,0.0,2002.0,USA.1_2,RLM2,SP1350,REF12
,1.0,,1.0,0.0,0.0,2002.0,USA.2_1,RLM2,SP1350,REF12
,1.0,,1.0,0.0,0.0,,USA.1_1,RLM2,SP289,REF12
,1.0,,1.0,0.0,0.0,,USA.1_2,RLM2,SP289,REF12
,1.0,,1.0,0.0,0.0,,USA.2_1,RLM2,SP289,REF12
,1.0,,1.0,0.0,0.0,1931.0,USA.1_1,RLM2,SP1351,REF12
,1.0,,1.0,0.0,0.0,1931.0,USA.1_2,RLM2,SP1351,REF12
,1.0,,1.0,0.0,0.0,1931.0,USA.2_1,RLM2,SP1351,REF12
0.0,1.0,,1.0,0.0,1.0,1988.0,USA.1_1,RLM2,SP1352,REF12
0.0,1.0,,1.0,0.0,1.0,1988.0,USA.1_2,RLM2,SP1352,REF12
0.0,1.0,,1.0,0.0,1.0,1988.0,USA.2_1,RLM2,SP1352,REF12
,1.0,,1.0,0.0,0.0,1989.0,USA.1_1,RLM2,SP290,REF12
,1.0,,1.0,0.0,0.0,1989.0,USA.1_2,RLM2,SP290,REF12
,1.0,,1.0,0.0,0.0,1989.0,USA.2_1,RLM2,SP290,REF12
,1.0,,1.0,0.0,0.0,1565.0,USA.1_1,RLM2,SP664,REF12
,1.0,,1.0,0.0,0.0,1565.0,USA.1_2,RLM2,SP664,REF12
,1.0,,1.0,0.0,0.0,1565.0,USA.2_1,RLM2,SP664,REF12
,1.0,,1.0,0.0,0.0,1776.0,USA.1_1,RLM2,SP1353,REF12
,1.0,,1.0,0.0,0.0,1776.0,USA.1_2,RLM2,SP1353,REF12
,1.0,,1.0,0.0,0.0,1776.0,USA.2_1,RLM2,SP1353,REF12
,1.0,,1.0,0.0,0.0,,USA.1_1,RLM2,SP1354,REF12
,1.0,,1.0,0.0,0.0,,USA.1_2,RLM2,SP1354,REF12
,1.0,,1.0,0.0,0.0,,USA.2_1,RLM2,SP1354,REF12
,1.0,,1.0,0.0,0.0,1988.0,USA.1_1,RLM2,SP234,REF12
,1.0,,1.0,0.0,0.0,1988.0,USA.1_2,RLM2,SP234,REF12
,1.0,,1.0,0.0,0.0,1988.0,USA.2_1,RLM2,SP234,REF12
,1.0,,1.0,0.0,0.0,,USA.1_1,RLM2,SP1131,REF12
,1.0,,1.0,0.0,0.0,,USA.1_2,RLM2,SP1131,REF12
,1.0,,1.0,0.0,0.0,,USA.2_1,RLM2,SP1131,REF12
0.0,1.0,,1.0,0.0,0.0,1914.0,USA.1_1,RLM2,SP57,REF12
0.0,1.0,,1.0,0.0,0.0,1914.0,USA.1_2,RLM2,SP57,REF12
0.0,1.0,,1.0,0.0,0.0,1914.0,USA.2_1,RLM2,SP57,REF12
0.0,1.0,,1.0,0.0,1.0,1977.0,USA.1_1,RLM2,SP763,REF12
0.0,1.0,,1.0,0.0,1.0,1977.0,USA.1_2,RLM2,SP763,REF12
0.0,1.0,,1.0,0.0,1.0,1977.0,USA.2_1,RLM2,SP763,REF12
,1.0,,1.0,0.0,0.0,1870.0,USA.1_1,RLM2,SP775,REF12
,1.0,,1.0,0.0,0.0,1870.0,USA.1_2,RLM2,SP775,REF12
,1.0,,1.0,0.0,0.0,1870.0,USA.2_1,RLM2,SP775,REF12
,1.0,,1.0,0.0,0.0,1967.0,USA.1_1,RLM2,SP1355,REF12
,1.0,,1.0,0.0,0.0,1967.0,USA.1_2,RLM2,SP1355,REF12
,1.0,,1.0,0.0,0.0,1967.0,USA.2_1,RLM2,SP1355,REF12
,1.0,,1.0,0.0,0.0,1984.0,USA.1_1,RLM2,SP964,REF12
,1.0,,1.0,0.0,0.0,1984.0,USA.1_2,RLM2,SP964,REF12
,1.0,,1.0,0.0,0.0,1984.0,USA.2_1,RLM2,SP964,REF12
1.0,,,1.0,0.0,0.0,1984.0,USA.1_1,RLM2,SP1356,REF12
1.0,,,1.0,0.0,0.0,1984.0,USA.1_2,RLM2,SP1356,REF12
1.0,,,1.0,0.0,0.0,1984.0,USA.2_1,RLM2,SP1356,REF12
,1.0,,1.0,0.0,0.0,2011.0,USA.1_1,RLM2,SP1357,REF12
,1.0,,1.0,0.0,0.0,2011.0,USA.1_2,RLM2,SP1357,REF12
,1.0,,1.0,0.0,0.0,2011.0,USA.2_1,RLM2,SP1357,REF12
,1.0,,1.0,0.0,0.0,,USA.1_1,RLM2,SP145,REF12
,1.0,,1.0,0.0,0.0,,USA.1_2,RLM2,SP145,REF12
,1.0,,1.0,0.0,0.0,,USA.2_1,RLM2,SP145,REF12
,1.0,,1.0,0.0,0.0,1880.0,USA.1_1,RLM2,SP1358,REF12
,1.0,,1.0,0.0,0.0,1880.0,USA.1_2,RLM2,SP1358,REF12
,1.0,,1.0,0.0,0.0,1880.0,USA.2_1,RLM2,SP1358,REF12
,1.0,,1.0,0.0,0.0,2007.0,USA.1_1,RLM2,SP298,REF12
,1.0,,1.0,0.0,0.0,2007.0,USA.1_2,RLM2,SP298,REF12
,1.0,,1.0,0.0,0.0,2007.0,USA.2_1,RLM2,SP298,REF12
,1.0,,1.0,0.0,0.0,2004.0,USA.1_1,RLM2,SP1359,REF12
,1.0,,1.0,0.0,0.0,2004.0,USA.1_2,RLM2,SP1359,REF12
,1.0,,1.0,0.0,0.0,2004.0,USA.2_1,RLM2,SP1359,REF12
1.0,1.0,,1.0,0.0,0.0,1728.0,USA.1_1,RLM2,SP27,REF12
1.0,1.0,,1.0,0.0,0.0,1728.0,USA.1_2,RLM2,SP27,REF12
1.0,1.0,,1.0,0.0,0.0,1728.0,USA.2_1,RLM2,SP27,REF12
,1.0,,1.0,0.0,0.0,,USA.1_1,RLM2,SP1141,REF12
,1.0,,1.0,0.0,0.0,,USA.1_2,RLM2,SP1141,REF12
,1.0,,1.0,0.0,0.0,,USA.2_1,RLM2,SP1141,REF12
0.0,1.0,,1.0,0.0,0.0,1975.0,USA.1_1,RLM2,SP668,REF12
0.0,1.0,,1.0,0.0,0.0,1975.0,USA.1_2,RLM2,SP668,REF12
0.0,1.0,,1.0,0.0,0.0,1975.0,USA.2_1,RLM2,SP668,REF12
0.0,1.0,,1.0,0.0,0.0,1840.0,USA.1_1,RLM2,SP635,REF12
0.0,1.0,,1.0,0.0,0.0,1840.0,USA.1_2,RLM2,SP635,REF12
0.0,1.0,,1.0,0.0,0.0,1840.0,USA.2_1,RLM2,SP635,REF12
1.0,,,1.0,0.0,0.0,1987.0,USA.1_1,RLM2,SP291,REF12
1.0,,,1.0,0.0,0.0,1987.0,USA.1_2,RLM2,SP291,REF12
1.0,,,1.0,0.0,0.0,1987.0,USA.2_1,RLM2,SP291,REF12
0.0,1.0,,1.0,0.0,0.0,,USA.1_1,RLM2,SP110,REF12
0.0,1.0,,1.0,0.0,0.0,,USA.1_2,RLM2,SP110,REF12
0.0,1.0,,1.0,0.0,0.0,,USA.2_1,RLM2,SP110,REF12
,1.0,,1.0,0.0,0.0,,USA.1_1,RLM2,SP176,REF12
,1.0,,1.0,0.0,0.0,,USA.1_2,RLM2,SP176,REF12
,1.0,,1.0,0.0,0.0,,USA.2_1,RLM2,SP176,REF12
,1.0,,1.0,0.0,0.0,1980.0,USA.1_1,RLM2,SP1360,REF12
,1.0,,1.0,0.0,0.0,1980.0,USA.1_2,RLM2,SP1360,REF12
,1.0,,1.0,0.0,0.0,1980.0,USA.2_1,RLM2,SP1360,REF12
,1.0,,1.0,0.0,0.0,1985.0,USA.1_1,RLM2,SP1361,REF12
,1.0,,1.0,0.0,0.0,1985.0,USA.1_2,RLM2,SP1361,REF12
,1.0,,1.0,0.0,0.0,1985.0,USA.2_1,RLM2,SP1361,REF12
,1.0,,1.0,0.0,0.0,1911.0,USA.1_1,RLM2,SP1362,REF12
,1.0,,1.0,0.0,0.0,1911.0,USA.1_2,RLM2,SP1362,REF12
,1.0,,1.0,0.0,0.0,1911.0,USA.2_1,RLM2,SP1362,REF12
,1.0,,1.0,0.0,0.0,1910.0,USA.1_1,RLM2,SP1363,REF12
,1.0,,1.0,0.0,0.0,1910.0,USA.1_2,RLM2,SP1363,REF12
,1.0,,1.0,0.0,0.0,1910.0,USA.2_1,RLM2,SP1363,REF12
1.0,,,1.0,0.0,0.0,1986.0,USA.1_1,RLM2,SP1364,REF12
1.0,,,1.0,0.0,0.0,1986.0,USA.1_2,RLM2,SP1364,REF12
1.0,,,1.0,0.0,0.0,1986.0,USA.2_1,RLM2,SP1364,REF12
,1.0,,1.0,0.0,0.0,,USA.1_1,RLM2,SP780,REF12
,1.0,,1.0,0.0,0.0,,USA.1_2,RLM2,SP780,REF12
,1.0,,1.0,0.0,0.0,,USA.2_1,RLM2,SP780,REF12
0.0,1.0,,1.0,0.0,0.0,2007.0,USA.1_1,RLM2,SP198,REF12
0.0,1.0,,1.0,0.0,0.0,2007.0,USA.1_2,RLM2,SP198,REF12
0.0,1.0,,1.0,0.0,0.0,2007.0,USA.2_1,RLM2,SP198,REF12
,1.0,,1.0,0.0,0.0,1825.0,USA.1_1,RLM2,SP781,REF12
,1.0,,1.0,0.0,0.0,1825.0,USA.1_2,RLM2,SP781,REF12
,1.0,,1.0,0.0,0.0,1825.0,USA.2_1,RLM2,SP781,REF12
,1.0,,1.0,0.0,0.0,,USA.1_1,RLM2,SP1365,REF12
,1.0,,1.0,0.0,0.0,,USA.1_2,RLM2,SP1365,REF12
,1.0,,1.0,0.0,0.0,,USA.2_1,RLM2,SP1365,REF12
1.0,,,1.0,0.0,0.0,,USA.1_1,RLM2,SP1366,REF12
1.0,,,1.0,0.0,0.0,,USA.1_2,RLM2,SP1366,REF12
1.0,,,1.0,0.0,0.0,,USA.2_1,RLM2,SP1366,REF12
,1.0,,1.0,0.0,0.0,1971.0,USA.1_1,RLM2,SP1367,REF12
,1.0,,1.0,0.0,0.0,1971.0,USA.1_2,RLM2,SP1367,REF12
,1.0,,1.0,0.0,0.0,1971.0,USA.2_1,RLM2,SP1367,REF12
1.0,,,1.0,0.0,0.0,,USA.1_1,RLM2,SP1368,REF12
1.0,,,1.0,0.0,0.0,,USA.1_2,RLM2,SP1368,REF12
1.0,,,1.0,0.0,0.0,,USA.2_1,RLM2,SP1368,REF12
,1.0,,1.0,0.0,0.0,1910.0,USA.1_1,RLM2,SP803,REF12
,1.0,,1.0,0.0,0.0,1910.0,USA.1_2,RLM2,SP803,REF12
,1.0,,1.0,0.0,0.0,1910.0,USA.2_1,RLM2,SP803,REF12
,1.0,,1.0,0.0,0.0,1899.0,USA.1_1,RLM2,SP242,REF12
,1.0,,1.0,0.0,0.0,1899.0,USA.1_2,RLM2,SP242,REF12
,1.0,,1.0,0.0,0.0,1899.0,USA.2_1,RLM2,SP242,REF12
,1.0,,1.0,0.0,0.0,1565.0,USA.1_1,RLM2,SP541,REF12
,1.0,,1.0,0.0,0.0,1565.0,USA.1_2,RLM2,SP541,REF12
,1.0,,1.0,0.0,0.0,1565.0,USA.2_1,RLM2,SP541,REF12
,1.0,,1.0,0.0,0.0,1565.0,USA.1_1,RLM2,SP90,REF12
,1.0,,1.0,0.0,0.0,1565.0,USA.1_2,RLM2,SP90,REF12
,1.0,,1.0,0.0,0.0,1565.0,USA.2_1,RLM2,SP90,REF12
,1.0,,1.0,0.0,0.0,,USA.1_1,RLM2,SP581,REF12
,1.0,,1.0,0.0,0.0,,USA.1_2,RLM2,SP581,REF12
,1.0,,1.0,0.0,0.0,,USA.2_1,RLM2,SP581,REF12
,1.0,,1.0,0.0,0.0,1841.0,USA.1_1,RLM2,SP788,REF12
,1.0,,1.0,0.0,0.0,1841.0,USA.1_2,RLM2,SP788,REF12
,1.0,,1.0,0.0,0.0,1841.0,USA.2_1,RLM2,SP788,REF12
1.0,,,1.0,0.0,0.0,1982.0,USA.1_1,RLM2,SP282,REF12
1.0,,,1.0,0.0,0.0,1982.0,USA.1_2,RLM2,SP282,REF12
1.0,,,1.0,0.0,0.0,1982.0,USA.2_1,RLM2,SP282,REF12
,1.0,,1.0,0.0,0.0,,USA.1_1,RLM2,SP790,REF12
,1.0,,1.0,0.0,0.0,,USA.1_2,RLM2,SP790,REF12
,1.0,,1.0,0.0,0.0,,USA.2_1,RLM2,SP790,REF12
0.0,1.0,,1.0,0.0,1.0,1993.0,USA.1_1,RLM2,SP1369,REF12
0.0,1.0,,1.0,0.0,1.0,1993.0,USA.1_2,RLM2,SP1369,REF12
0.0,1.0,,1.0,0.0,1.0,1993.0,USA.2_1,RLM2,SP1369,REF12
1.0,,,1.0,0.0,0.0,1920.0,USA.1_1,RLM2,SP1370,REF12
1.0,,,1.0,0.0,0.0,1920.0,USA.1_2,RLM2,SP1370,REF12
1.0,,,1.0,0.0,0.0,1920.0,USA.2_1,RLM2,SP1370,REF12
0.0,1.0,,1.0,0.0,0.0,1970.0,USA.1_1,RLM2,SP1371,REF12
0.0,1.0,,1.0,0.0,0.0,1970.0,USA.1_2,RLM2,SP1371,REF12
0.0,1.0,,1.0,0.0,0.0,1970.0,USA.2_1,RLM2,SP1371,REF12
,1.0,,1.0,0.0,0.0,,USA.1_1,RLM2,SP1372,REF12
,1.0,,1.0,0.0,0.0,,USA.1_2,RLM2,SP1372,REF12
,1.0,,1.0,0.0,0.0,,USA.2_1,RLM2,SP1372,REF12
,1.0,,1.0,0.0,0.0,1907.0,USA.1_1,RLM2,SP1373,REF12
,1.0,,1.0,0.0,0.0,1907.0,USA.1_2,RLM2,SP1373,REF12
,1.0,,1.0,0.0,0.0,1907.0,USA.2_1,RLM2,SP1373,REF12
0.0,1.0,,1.0,0.0,0.0,1987.0,USA.1_1,RLM2,SP1374,REF12
0.0,1.0,,1.0,0.0,0.0,1987.0,USA.1_2,RLM2,SP1374,REF12
0.0,1.0,,1.0,0.0,0.0,1987.0,USA.2_1,RLM2,SP1374,REF12
0.0,1.0,,1.0,0.0,0.0,1981.0,USA.1_1,RLM2,SP714,REF12
0.0,1.0,,1.0,0.0,0.0,1981.0,USA.1_2,RLM2,SP714,REF12
0.0,1.0,,1.0,0.0,0.0,1981.0,USA.2_1,RLM2,SP714,REF12
,1.0,,1.0,0.0,0.0,1909.0,USA.1_1,RLM2,SP1375,REF12
,1.0,,1.0,0.0,0.0,1909.0,USA.1_2,RLM2,SP1375,REF12
,1.0,,1.0,0.0,0.0,1909.0,USA.2_1,RLM2,SP1375,REF12
,,,1.0,0.0,0.0,1908.0,USA.1_1,RLM2,SP1376,REF12
,,,1.0,0.0,0.0,1908.0,USA.1_2,RLM2,SP1376,REF12
,,,1.0,0.0,0.0,1908.0,USA.2_1,RLM2,SP1376,REF12
,1.0,,1.0,0.0,0.0,1926.0,USA.1_1,RLM2,SP1377,REF12
,1.0,,1.0,0.0,0.0,1926.0,USA.1_2,RLM2,SP1377,REF12
,1.0,,1.0,0.0,0.0,1926.0,USA.2_1,RLM2,SP1377,REF12
0.0,1.0,0.0,1.0,0.0,0.0,1882.0,USA.1_1,RLM2,SP74,REF12
0.0,1.0,0.0,1.0,0.0,0.0,1882.0,USA.1_2,RLM2,SP74,REF12
0.0,1.0,0.0,1.0,0.0,0.0,1882.0,USA.2_1,RLM2,SP74,REF12
1.0,,,1.0,0.0,0.0,,ZAF.1_1,RLM6,SP1378,REF97
0.0,1.0,,0.0,0.0,1.0,,ZAF.1_1,RLM6,SP727,REF97
0.0,1.0,,1.0,0.0,0.0,,ZAF.1_1,RLM6,SP355,REF97
0.0,1.0,,1.0,0.0,0.0,,ZAF.1_1,RLM6,SP588,REF97
0.0,1.0,,0.0,0.0,1.0,,ZAF.1_1,RLM6,SP504,REF97
0.0,1.0,,1.0,0.0,1.0,1960.0,ZAF.1_1,RLM6,SP563,REF97
0.0,1.0,,1.0,0.0,1.0,,AUS.1_1,RLM8,SP1379,REF100
0.0,1.0,,0.0,0.0,0.0,1928.0,DEU.1_1,RLM7,SP63,REF22
0.0,1.0,,0.0,0.0,0.0,1926.0,CAN.1_1,RLM2,SP63,REF22
0.0,,,1.0,0.0,0.0,,AFG.1_1,RLM10,SP63,REF22
0.0,,,1.0,0.0,0.0,,ALB.1_1,RLM7,SP63,REF22
0.0,,,1.0,0.0,0.0,,DZA.1_1,RLM10,SP63,REF22
0.0,,,1.0,0.0,0.0,,ARG.1_1,RLM1,SP63,REF22
0.0,,,1.0,0.0,0.0,,ARG.2_1,RLM1,SP63,REF22
0.0,,,1.0,0.0,0.0,,ARM.1_1,RLM7,SP63,REF22
0.0,,,1.0,0.0,0.0,,AUS.1_1,RLM8,SP63,REF22
0.0,,,1.0,0.0,0.0,,AUT.1_1,RLM7,SP63,REF22
0.0,,,1.0,0.0,0.0,,BEL.1_1,RLM7,SP63,REF22
0.0,,,1.0,0.0,0.0,,BGR.1_1,RLM7,SP63,REF22
0.0,,,1.0,0.0,0.0,,HRV.1_1,RLM7,SP63,REF22
0.0,,,1.0,0.0,0.0,,CZE.1_1,RLM7,SP63,REF22
0.0,,,1.0,0.0,0.0,,CHL.1_1,RLM1,SP63,REF22
0.0,,,1.0,0.0,0.0,,CYP.1_1,RLM10,SP63,REF22
0.0,,,1.0,0.0,0.0,,EGY.1_1,RLM10,SP63,REF22
0.0,,,1.0,0.0,0.0,,FRA.1_1,RLM7,SP63,REF22
0.0,,,1.0,0.0,0.0,,GRC.1_1,RLM7,SP63,REF22
0.0,,,1.0,0.0,0.0,,GRC.2_1,RLM7,SP63,REF22
0.0,,,1.0,0.0,0.0,,HUN.1_1,RLM7,SP63,REF22
0.0,,,1.0,0.0,0.0,,IND.1_1,RLM4,SP63,REF22
0.0,,,1.0,0.0,0.0,,IRN.1_1,RLM10,SP63,REF22
0.0,,,1.0,0.0,0.0,,IRQ.1_1,RLM10,SP63,REF22
0.0,,,1.0,0.0,0.0,,ISR.1_1,RLM10,SP63,REF22
0.0,,,1.0,0.0,0.0,,ITA.1_1,RLM7,SP63,REF22
0.0,,,1.0,0.0,0.0,,JAM.1_1,RLM9,SP63,REF22
0.0,,,1.0,0.0,0.0,,JPN.1_1,RLM5,SP63,REF22
0.0,,,1.0,0.0,0.0,,LBY.1_1,RLM10,SP63,REF22
0.0,,,1.0,0.0,0.0,,LUX.1_1,RLM7,SP63,REF22
0.0,,,1.0,0.0,0.0,,MKD.1_1,RLM7,SP63,REF22
0.0,,,1.0,0.0,0.0,,MDG.1_1,RLM11,SP63,REF22
0.0,,,1.0,0.0,0.0,,MLT.1_1,RLM10,SP63,REF22
0.0,,,1.0,0.0,0.0,,MAR.1_1,RLM10,SP63,REF22
0.0,,,1.0,0.0,0.0,,NLD.1_1,RLM7,SP63,REF22
0.0,,,1.0,0.0,0.0,,POL.1_1,RLM7,SP63,REF22
0.0,,,1.0,0.0,0.0,,PRT.1_1,RLM7,SP63,REF22
0.0,,,1.0,0.0,0.0,,PRT.2_1,RLM7,SP63,REF22
0.0,,,1.0,0.0,0.0,,PRT.3_1,RLM7,SP63,REF22
0.0,,,1.0,0.0,0.0,,USA.3_1,RLM9,SP63,REF22
0.0,,,1.0,0.0,0.0,,ROU.1_1,RLM7,SP63,REF22
0.0,,,1.0,0.0,0.0,,,RLM7,SP63,REF22
0.0,,,1.0,0.0,0.0,,SAU.1_1,RLM10,SP63,REF22
0.0,,,1.0,0.0,0.0,,ZAF.1_1,RLM6,SP63,REF22
0.0,,,1.0,0.0,0.0,,ESP.1_1,RLM7,SP63,REF22
0.0,,,1.0,0.0,0.0,,ESP.1_2,RLM7,SP63,REF22
0.0,,,1.0,0.0,0.0,,ESP.2_1,RLM7,SP63,REF22
0.0,,,1.0,0.0,0.0,,ESP.3_1,RLM7,SP63,REF22
0.0,,,1.0,0.0,0.0,,CHE.1_1,RLM7,SP63,REF22
0.0,,,1.0,0.0,0.0,,SYR.1_1,RLM10,SP63,REF22
0.0,,,1.0,0.0,0.0,,TWN.1_1,RLM4,SP63,REF22
0.0,,,1.0,0.0,0.0,,TTO.1_1,RLM1,SP63,REF22
0.0,,,1.0,0.0,0.0,,TUN.1_1,RLM10,SP63,REF22
0.0,,,1.0,0.0,0.0,,TUR.1_1,RLM7,SP63,REF22
0.0,,,1.0,0.0,0.0,,TKM.1_1,RLM7,SP63,REF22
0.0,,,1.0,0.0,0.0,,UKR.1_1,RLM7,SP63,REF22
0.0,,,1.0,0.0,0.0,,USA.1_1,RLM2,SP63,REF22
0.0,,,1.0,0.0,0.0,,USA.1_2,RLM2,SP63,REF22
0.0,,,1.0,0.0,0.0,,USA.2_1,RLM2,SP63,REF22
0.0,1.0,,1.0,0.0,0.0,1997.0,IRL.1_1,RLM7,SP47,REF47
0.0,1.0,,1.0,0.0,0.0,1879.0,NZL.1_1,RLM8,SP47,REF47
0.0,1.0,,1.0,0.0,0.0,2008.0,SWE.1_1,RLM7,SP47,REF47
0.0,1.0,,1.0,0.0,0.0,1936.0,GBR.1_1,RLM7,SP47,REF47
0.0,,,1.0,0.0,0.0,1999.0,NZL.1_1,RLM8,SP808,REF101
0.0,1.0,0.0,1.0,0.0,0.0,1986.0,NZL.1_1,RLM8,SP719,REF101
0.0,1.0,0.0,1.0,0.0,0.0,1996.0,NZL.1_1,RLM8,SP815,REF101
0.0,1.0,0.0,1.0,0.0,0.0,1979.0,NZL.1_1,RLM8,SP818,REF101
0.0,,,0.0,0.0,0.0,1982.0,AUS.1_1,RLM8,SP1380,REF101
0.0,1.0,0.0,1.0,0.0,0.0,1969.0,NZL.1_1,RLM8,SP833,REF101
0.0,,,1.0,0.0,0.0,1999.0,NZL.1_1,RLM8,SP834,REF101
0.0,,,,0.0,0.0,1999.0,NZL.1_1,RLM8,SP838,REF101
0.0,1.0,0.0,1.0,0.0,0.0,,AUS.1_1,RLM8,SP745,REF101
0.0,1.0,,1.0,0.0,0.0,1997.0,NZL.1_1,RLM8,SP745,REF101
1.0,,,1.0,0.0,0.0,1986.0,NZL.1_1,RLM8,SP848,REF101
0.0,,,1.0,0.0,0.0,1994.0,NZL.1_1,RLM8,SP850,REF101
0.0,,,1.0,0.0,0.0,1986.0,NZL.1_1,RLM8,SP472,REF101
0.0,1.0,,1.0,0.0,0.0,1997.0,PRT.1_1,RLM7,SP472,REF101
0.0,1.0,,1.0,0.0,0.0,1997.0,PRT.2_1,RLM7,SP472,REF101
0.0,1.0,,1.0,0.0,0.0,1997.0,PRT.3_1,RLM7,SP472,REF101
0.0,1.0,,1.0,0.0,0.0,1997.0,ESP.1_1,RLM7,SP472,REF101
0.0,1.0,,1.0,0.0,0.0,1997.0,ESP.1_2,RLM7,SP472,REF101
0.0,1.0,,1.0,0.0,0.0,1997.0,ESP.2_1,RLM7,SP472,REF101
0.0,1.0,,1.0,0.0,0.0,1997.0,ESP.3_1,RLM7,SP472,REF101
0.0,1.0,,1.0,0.0,0.0,1997.0,GBR.1_1,RLM7,SP472,REF101
0.0,,,0.0,0.0,0.0,1925.0,NZL.1_1,RLM8,SP1381,REF101
,,,1.0,0.0,0.0,1991.0,NZL.1_1,RLM8,SP855,REF101
0.0,,,1.0,0.0,0.0,1988.0,NZL.1_1,RLM8,SP831,REF101
0.0,1.0,0.0,0.0,1.0,0.0,1996.0,NZL.1_1,RLM8,SP1382,REF101
0.0,1.0,0.0,0.0,0.0,0.0,1996.0,NZL.1_1,RLM8,SP514,REF101
0.0,,,0.0,0.0,0.0,1998.0,NZL.1_1,RLM8,SP879,REF101
0.0,1.0,0.0,1.0,0.0,0.0,1992.0,NZL.1_1,RLM8,SP880,REF101
0.0,,,,0.0,0.0,1999.0,NZL.1_1,RLM8,SP883,REF101
0.0,,,1.0,0.0,0.0,1999.0,NZL.1_1,RLM8,SP887,REF101
0.0,1.0,0.0,1.0,0.0,0.0,1983.0,NZL.1_1,RLM8,SP95,REF101
0.0,1.0,0.0,1.0,0.0,0.0,1997.0,NZL.1_1,RLM8,SP896,REF101
0.0,,,1.0,0.0,0.0,1990.0,NZL.1_1,RLM8,SP898,REF101
0.0,1.0,,,0.0,0.0,2012.0,PRT.1_1,RLM7,SP31,REF23
0.0,1.0,,,0.0,0.0,2012.0,PRT.2_1,RLM7,SP31,REF23
0.0,1.0,,,0.0,0.0,2012.0,PRT.3_1,RLM7,SP31,REF23
0.0,1.0,,1.0,0.0,0.0,1998.0,GBR.6_1,RLM2,SP2,REF23
0.0,1.0,,1.0,0.0,0.0,1995.0,MUS.1_1,RLM3,SP2,REF23
0.0,1.0,,1.0,0.0,0.0,1996.0,FSM.1_1,RLM3,SP2,REF23
0.0,1.0,,1.0,0.0,0.0,1995.0,WSM.1_1,RLM3,SP2,REF23
0.0,1.0,,1.0,0.0,0.0,,AUS.1_1,RLM8,SP6,REF48
0.0,1.0,,1.0,0.0,0.0,,USA.1_1,RLM2,SP6,REF48
0.0,1.0,,1.0,0.0,0.0,,USA.1_2,RLM2,SP6,REF48
0.0,1.0,,1.0,0.0,0.0,,USA.2_1,RLM2,SP6,REF48
0.0,1.0,,1.0,0.0,0.0,,NZL.1_1,RLM8,SP6,REF48
0.0,1.0,,1.0,0.0,0.0,,MEX.1_1,RLM2,SP6,REF48
0.0,1.0,0.0,1.0,0.0,0.0,1924.0,NZL.1_1,RLM8,SP6,REF48
0.0,,,1.0,0.0,0.0,,USA.1_1,RLM2,SP68,REF104
0.0,,,1.0,0.0,0.0,,USA.1_2,RLM2,SP68,REF104
0.0,,,1.0,0.0,0.0,,USA.2_1,RLM2,SP68,REF104
0.0,,,1.0,0.0,0.0,,USA.1_1,RLM2,SP184,REF104
0.0,,,1.0,0.0,0.0,,USA.1_2,RLM2,SP184,REF104
0.0,,,1.0,0.0,0.0,,USA.2_1,RLM2,SP184,REF104
0.0,,,1.0,0.0,0.0,,USA.1_1,RLM2,SP262,REF104
0.0,,,1.0,0.0,0.0,,USA.1_2,RLM2,SP262,REF104
0.0,,,1.0,0.0,0.0,,USA.2_1,RLM2,SP262,REF104
0.0,1.0,0.0,1.0,0.0,1.0,,USA.1_1,RLM2,SP1383,REF104
0.0,1.0,0.0,1.0,0.0,1.0,,USA.1_2,RLM2,SP1383,REF104
0.0,1.0,0.0,1.0,0.0,1.0,,USA.2_1,RLM2,SP1383,REF104
0.0,,,1.0,0.0,0.0,,USA.1_1,RLM2,SP1384,REF104
0.0,,,1.0,0.0,0.0,,USA.1_2,RLM2,SP1384,REF104
0.0,,,1.0,0.0,0.0,,USA.2_1,RLM2,SP1384,REF104
0.0,,,1.0,0.0,0.0,,USA.1_1,RLM2,SP58,REF104
0.0,,,1.0,0.0,0.0,,USA.1_2,RLM2,SP58,REF104
0.0,,,1.0,0.0,0.0,,USA.2_1,RLM2,SP58,REF104
0.0,,,1.0,0.0,,,USA.1_1,RLM2,SP728,REF104
0.0,,,1.0,0.0,,,USA.1_2,RLM2,SP728,REF104
0.0,,,1.0,0.0,,,USA.2_1,RLM2,SP728,REF104
0.0,,,1.0,0.0,0.0,,USA.1_1,RLM2,SP1284,REF104
0.0,,,1.0,0.0,0.0,,USA.1_2,RLM2,SP1284,REF104
0.0,,,1.0,0.0,0.0,,USA.2_1,RLM2,SP1284,REF104
0.0,0.0,,1.0,0.0,0.0,,USA.1_1,RLM2,SP1385,REF104
0.0,0.0,,1.0,0.0,0.0,,USA.1_2,RLM2,SP1385,REF104
0.0,0.0,,1.0,0.0,0.0,,USA.2_1,RLM2,SP1385,REF104
0.0,,,1.0,0.0,,,USA.1_1,RLM2,SP1258,REF104
0.0,,,1.0,0.0,,,USA.1_2,RLM2,SP1258,REF104
0.0,,,1.0,0.0,,,USA.2_1,RLM2,SP1258,REF104
0.0,,,1.0,0.0,0.0,,USA.1_1,RLM2,SP1290,REF104
0.0,,,1.0,0.0,0.0,,USA.1_2,RLM2,SP1290,REF104
0.0,,,1.0,0.0,0.0,,USA.2_1,RLM2,SP1290,REF104
0.0,,,1.0,0.0,0.0,,USA.1_1,RLM2,SP1386,REF104
0.0,,,1.0,0.0,0.0,,USA.1_2,RLM2,SP1386,REF104
0.0,,,1.0,0.0,0.0,,USA.2_1,RLM2,SP1386,REF104
0.0,,,1.0,0.0,1.0,,USA.1_1,RLM2,SP552,REF104
0.0,,,1.0,0.0,1.0,,USA.1_2,RLM2,SP552,REF104
0.0,,,1.0,0.0,1.0,,USA.2_1,RLM2,SP552,REF104
0.0,,,1.0,0.0,0.0,,USA.1_1,RLM2,SP597,REF104
0.0,,,1.0,0.0,0.0,,USA.1_2,RLM2,SP597,REF104
0.0,,,1.0,0.0,0.0,,USA.2_1,RLM2,SP597,REF104
0.0,,,1.0,0.0,0.0,,USA.1_1,RLM2,SP1292,REF104
0.0,,,1.0,0.0,0.0,,USA.1_2,RLM2,SP1292,REF104
0.0,,,1.0,0.0,0.0,,USA.2_1,RLM2,SP1292,REF104
0.0,,,1.0,0.0,1.0,,USA.1_1,RLM2,SP1293,REF104
0.0,,,1.0,0.0,1.0,,USA.1_2,RLM2,SP1293,REF104
0.0,,,1.0,0.0,1.0,,USA.2_1,RLM2,SP1293,REF104
0.0,,,1.0,0.0,0.0,,USA.1_1,RLM2,SP1034,REF104
0.0,,,1.0,0.0,0.0,,USA.1_2,RLM2,SP1034,REF104
0.0,,,1.0,0.0,0.0,,USA.2_1,RLM2,SP1034,REF104
0.0,,,1.0,0.0,0.0,,USA.1_1,RLM2,SP1387,REF104
0.0,,,1.0,0.0,0.0,,USA.1_2,RLM2,SP1387,REF104
0.0,,,1.0,0.0,0.0,,USA.2_1,RLM2,SP1387,REF104
0.0,,,1.0,0.0,0.0,,USA.1_1,RLM2,SP74,REF104
0.0,,,1.0,0.0,0.0,,USA.1_2,RLM2,SP74,REF104
0.0,,,1.0,0.0,0.0,,USA.2_1,RLM2,SP74,REF104
0.0,,,1.0,0.0,0.0,,USA.1_1,RLM2,SP1344,REF104
0.0,,,1.0,0.0,0.0,,USA.1_2,RLM2,SP1344,REF104
0.0,,,1.0,0.0,0.0,,USA.2_1,RLM2,SP1344,REF104
0.0,,,1.0,0.0,0.0,,USA.1_1,RLM2,SP1388,REF104
0.0,,,1.0,0.0,0.0,,USA.1_2,RLM2,SP1388,REF104
0.0,,,1.0,0.0,0.0,,USA.2_1,RLM2,SP1388,REF104
0.0,,,1.0,0.0,0.0,,USA.1_1,RLM2,SP1309,REF104
0.0,,,1.0,0.0,0.0,,USA.1_2,RLM2,SP1309,REF104
0.0,,,1.0,0.0,0.0,,USA.2_1,RLM2,SP1309,REF104
0.0,,,1.0,0.0,0.0,,USA.1_1,RLM2,SP266,REF104
0.0,,,1.0,0.0,0.0,,USA.1_2,RLM2,SP266,REF104
0.0,,,1.0,0.0,0.0,,USA.2_1,RLM2,SP266,REF104
0.0,1.0,,1.0,0.0,0.0,,USA.1_1,RLM2,SP1389,REF104
0.0,1.0,,1.0,0.0,0.0,,USA.1_2,RLM2,SP1389,REF104
0.0,1.0,,1.0,0.0,0.0,,USA.2_1,RLM2,SP1389,REF104
0.0,,,1.0,0.0,0.0,,USA.1_1,RLM2,SP1261,REF104
0.0,,,1.0,0.0,0.0,,USA.1_2,RLM2,SP1261,REF104
0.0,,,1.0,0.0,0.0,,USA.2_1,RLM2,SP1261,REF104
0.0,,,1.0,0.0,0.0,,USA.1_1,RLM2,SP157,REF104
0.0,,,1.0,0.0,0.0,,USA.1_2,RLM2,SP157,REF104
0.0,,,1.0,0.0,0.0,,USA.2_1,RLM2,SP157,REF104
0.0,,,1.0,0.0,0.0,,USA.1_1,RLM2,SP65,REF104
0.0,,,1.0,0.0,0.0,,USA.1_2,RLM2,SP65,REF104
0.0,,,1.0,0.0,0.0,,USA.2_1,RLM2,SP65,REF104
0.0,,,1.0,0.0,0.0,,USA.1_1,RLM2,SP1390,REF104
0.0,,,1.0,0.0,0.0,,USA.1_2,RLM2,SP1390,REF104
0.0,,,1.0,0.0,0.0,,USA.2_1,RLM2,SP1390,REF104
0.0,,,1.0,0.0,0.0,,USA.1_1,RLM2,SP1300,REF104
0.0,,,1.0,0.0,0.0,,USA.1_2,RLM2,SP1300,REF104
0.0,,,1.0,0.0,0.0,,USA.2_1,RLM2,SP1300,REF104
0.0,,,1.0,0.0,0.0,,USA.1_1,RLM2,SP1301,REF104
0.0,,,1.0,0.0,0.0,,USA.1_2,RLM2,SP1301,REF104
0.0,,,1.0,0.0,0.0,,USA.2_1,RLM2,SP1301,REF104
0.0,,,1.0,0.0,0.0,,USA.1_1,RLM2,SP1312,REF104
0.0,,,1.0,0.0,0.0,,USA.1_2,RLM2,SP1312,REF104
0.0,,,1.0,0.0,0.0,,USA.2_1,RLM2,SP1312,REF104
0.0,,,1.0,0.0,0.0,,USA.1_1,RLM2,SP105,REF104
0.0,,,1.0,0.0,0.0,,USA.1_2,RLM2,SP105,REF104
0.0,,,1.0,0.0,0.0,,USA.2_1,RLM2,SP105,REF104
0.0,,,1.0,0.0,1.0,,USA.1_1,RLM2,SP1327,REF104
0.0,,,1.0,0.0,1.0,,USA.1_2,RLM2,SP1327,REF104
0.0,,,1.0,0.0,1.0,,USA.2_1,RLM2,SP1327,REF104
0.0,,,1.0,0.0,0.0,,USA.1_1,RLM2,SP1391,REF104
0.0,,,1.0,0.0,0.0,,USA.1_2,RLM2,SP1391,REF104
0.0,,,1.0,0.0,0.0,,USA.2_1,RLM2,SP1391,REF104
0.0,,,1.0,0.0,0.0,,USA.1_1,RLM2,SP17,REF104
0.0,,,1.0,0.0,0.0,,USA.1_2,RLM2,SP17,REF104
0.0,,,1.0,0.0,0.0,,USA.2_1,RLM2,SP17,REF104
0.0,,,1.0,0.0,0.0,,USA.1_1,RLM2,SP517,REF104
0.0,,,1.0,0.0,0.0,,USA.1_2,RLM2,SP517,REF104
0.0,,,1.0,0.0,0.0,,USA.2_1,RLM2,SP517,REF104
0.0,,,1.0,0.0,0.0,,USA.1_1,RLM2,SP5,REF104
0.0,,,1.0,0.0,0.0,,USA.1_2,RLM2,SP5,REF104
0.0,,,1.0,0.0,0.0,,USA.2_1,RLM2,SP5,REF104
0.0,,,1.0,0.0,0.0,,USA.1_1,RLM2,SP174,REF104
0.0,,,1.0,0.0,0.0,,USA.1_2,RLM2,SP174,REF104
0.0,,,1.0,0.0,0.0,,USA.2_1,RLM2,SP174,REF104
0.0,,,1.0,0.0,0.0,,USA.1_1,RLM2,SP1353,REF104
0.0,,,1.0,0.0,0.0,,USA.1_2,RLM2,SP1353,REF104
0.0,,,1.0,0.0,0.0,,USA.2_1,RLM2,SP1353,REF104
0.0,,,1.0,0.0,0.0,,USA.1_1,RLM2,SP27,REF104
0.0,,,1.0,0.0,0.0,,USA.1_2,RLM2,SP27,REF104
0.0,,,1.0,0.0,0.0,,USA.2_1,RLM2,SP27,REF104
0.0,,,1.0,0.0,0.0,,USA.1_1,RLM2,SP1360,REF104
0.0,,,1.0,0.0,0.0,,USA.1_2,RLM2,SP1360,REF104
0.0,,,1.0,0.0,0.0,,USA.2_1,RLM2,SP1360,REF104
0.0,,,1.0,0.0,0.0,,USA.1_1,RLM2,SP780,REF104
0.0,,,1.0,0.0,0.0,,USA.1_2,RLM2,SP780,REF104
0.0,,,1.0,0.0,0.0,,USA.2_1,RLM2,SP780,REF104
0.0,,,1.0,0.0,0.0,,USA.1_1,RLM2,SP1392,REF104
0.0,,,1.0,0.0,0.0,,USA.1_2,RLM2,SP1392,REF104
0.0,,,1.0,0.0,0.0,,USA.2_1,RLM2,SP1392,REF104
0.0,,,1.0,0.0,0.0,,USA.1_1,RLM2,SP199,REF104
0.0,,,1.0,0.0,0.0,,USA.1_2,RLM2,SP199,REF104
0.0,,,1.0,0.0,0.0,,USA.2_1,RLM2,SP199,REF104
0.0,,,1.0,0.0,0.0,,USA.1_1,RLM2,SP1051,REF104
0.0,,,1.0,0.0,0.0,,USA.1_2,RLM2,SP1051,REF104
0.0,,,1.0,0.0,0.0,,USA.2_1,RLM2,SP1051,REF104
0.0,,,1.0,0.0,0.0,,USA.1_1,RLM2,SP1393,REF104
0.0,,,1.0,0.0,0.0,,USA.1_2,RLM2,SP1393,REF104
0.0,,,1.0,0.0,0.0,,USA.2_1,RLM2,SP1393,REF104
0.0,,,1.0,0.0,0.0,,USA.1_1,RLM2,SP1316,REF104
0.0,,,1.0,0.0,0.0,,USA.1_2,RLM2,SP1316,REF104
0.0,,,1.0,0.0,0.0,,USA.2_1,RLM2,SP1316,REF104
0.0,,,1.0,0.0,0.0,,USA.1_1,RLM2,SP186,REF104
0.0,,,1.0,0.0,0.0,,USA.1_2,RLM2,SP186,REF104
0.0,,,1.0,0.0,0.0,,USA.2_1,RLM2,SP186,REF104
0.0,,,1.0,0.0,0.0,,USA.1_1,RLM2,SP1343,REF104
0.0,,,1.0,0.0,0.0,,USA.1_2,RLM2,SP1343,REF104
0.0,,,1.0,0.0,0.0,,USA.2_1,RLM2,SP1343,REF104
0.0,,,1.0,0.0,0.0,,USA.1_1,RLM2,SP1345,REF104
0.0,,,1.0,0.0,0.0,,USA.1_2,RLM2,SP1345,REF104
0.0,,,1.0,0.0,0.0,,USA.2_1,RLM2,SP1345,REF104
0.0,,,1.0,0.0,0.0,,USA.1_1,RLM2,SP1394,REF104
0.0,,,1.0,0.0,0.0,,USA.1_2,RLM2,SP1394,REF104
0.0,,,1.0,0.0,0.0,,USA.2_1,RLM2,SP1394,REF104
1.0,,,1.0,0.0,0.0,,USA.1_1,RLM2,SP1368,REF104
1.0,,,1.0,0.0,0.0,,USA.1_2,RLM2,SP1368,REF104
1.0,,,1.0,0.0,0.0,,USA.2_1,RLM2,SP1368,REF104
0.0,,,1.0,0.0,0.0,,USA.1_1,RLM2,SP430,REF104
0.0,,,1.0,0.0,0.0,,USA.1_2,RLM2,SP430,REF104
0.0,,,1.0,0.0,0.0,,USA.2_1,RLM2,SP430,REF104
0.0,,,1.0,0.0,0.0,,USA.1_1,RLM2,SP1278,REF104
0.0,,,1.0,0.0,0.0,,USA.1_2,RLM2,SP1278,REF104
0.0,,,1.0,0.0,0.0,,USA.2_1,RLM2,SP1278,REF104
0.0,,,1.0,0.0,0.0,,USA.1_1,RLM2,SP60,REF104
0.0,,,1.0,0.0,0.0,,USA.1_2,RLM2,SP60,REF104
0.0,,,1.0,0.0,0.0,,USA.2_1,RLM2,SP60,REF104
0.0,,,1.0,0.0,0.0,,USA.1_1,RLM2,SP197,REF104
0.0,,,1.0,0.0,0.0,,USA.1_2,RLM2,SP197,REF104
0.0,,,1.0,0.0,0.0,,USA.2_1,RLM2,SP197,REF104
0.0,,,1.0,0.0,0.0,,USA.1_1,RLM2,SP1347,REF104
0.0,,,1.0,0.0,0.0,,USA.1_2,RLM2,SP1347,REF104
0.0,,,1.0,0.0,0.0,,USA.2_1,RLM2,SP1347,REF104
0.0,,,1.0,0.0,0.0,,USA.1_1,RLM2,SP206,REF104
0.0,,,1.0,0.0,0.0,,USA.1_2,RLM2,SP206,REF104
0.0,,,1.0,0.0,0.0,,USA.2_1,RLM2,SP206,REF104
0.0,,,1.0,0.0,0.0,,USA.1_1,RLM2,SP803,REF104
0.0,,,1.0,0.0,0.0,,USA.1_2,RLM2,SP803,REF104
0.0,,,1.0,0.0,0.0,,USA.2_1,RLM2,SP803,REF104
0.0,,,1.0,0.0,0.0,,USA.1_1,RLM2,SP1319,REF104
0.0,,,1.0,0.0,0.0,,USA.1_2,RLM2,SP1319,REF104
0.0,,,1.0,0.0,0.0,,USA.2_1,RLM2,SP1319,REF104
0.0,,,1.0,0.0,0.0,,USA.1_1,RLM2,SP1395,REF104
0.0,,,1.0,0.0,0.0,,USA.1_2,RLM2,SP1395,REF104
0.0,,,1.0,0.0,0.0,,USA.2_1,RLM2,SP1395,REF104
0.0,,,1.0,0.0,0.0,,USA.1_1,RLM2,SP1396,REF104
0.0,,,1.0,0.0,0.0,,USA.1_2,RLM2,SP1396,REF104
0.0,,,1.0,0.0,0.0,,USA.2_1,RLM2,SP1396,REF104
0.0,,,1.0,0.0,0.0,,USA.1_1,RLM2,SP1098,REF104
0.0,,,1.0,0.0,0.0,,USA.1_2,RLM2,SP1098,REF104
0.0,,,1.0,0.0,0.0,,USA.2_1,RLM2,SP1098,REF104
0.0,,,1.0,0.0,0.0,,USA.1_1,RLM2,SP260,REF104
0.0,,,1.0,0.0,0.0,,USA.1_2,RLM2,SP260,REF104
0.0,,,1.0,0.0,0.0,,USA.2_1,RLM2,SP260,REF104
0.0,,,1.0,0.0,0.0,,USA.1_1,RLM2,SP143,REF104
0.0,,,1.0,0.0,0.0,,USA.1_2,RLM2,SP143,REF104
0.0,,,1.0,0.0,0.0,,USA.2_1,RLM2,SP143,REF104
0.0,,,1.0,0.0,0.0,,USA.1_1,RLM2,SP293,REF104
0.0,,,1.0,0.0,0.0,,USA.1_2,RLM2,SP293,REF104
0.0,,,1.0,0.0,0.0,,USA.2_1,RLM2,SP293,REF104
0.0,,,1.0,0.0,0.0,,USA.1_1,RLM2,SP218,REF104
0.0,,,1.0,0.0,0.0,,USA.1_2,RLM2,SP218,REF104
0.0,,,1.0,0.0,0.0,,USA.2_1,RLM2,SP218,REF104
0.0,,,1.0,0.0,0.0,,USA.1_1,RLM2,SP1093,REF104
0.0,,,1.0,0.0,0.0,,USA.1_2,RLM2,SP1093,REF104
0.0,,,1.0,0.0,0.0,,USA.2_1,RLM2,SP1093,REF104
0.0,,,1.0,0.0,0.0,,USA.1_1,RLM2,SP34,REF104
0.0,,,1.0,0.0,0.0,,USA.1_2,RLM2,SP34,REF104
0.0,,,1.0,0.0,0.0,,USA.2_1,RLM2,SP34,REF104
0.0,,,1.0,0.0,0.0,,USA.1_1,RLM2,SP136,REF104
0.0,,,1.0,0.0,0.0,,USA.1_2,RLM2,SP136,REF104
0.0,,,1.0,0.0,0.0,,USA.2_1,RLM2,SP136,REF104
0.0,,,1.0,0.0,0.0,,USA.1_1,RLM2,SP1397,REF104
0.0,,,1.0,0.0,0.0,,USA.1_2,RLM2,SP1397,REF104
0.0,,,1.0,0.0,0.0,,USA.2_1,RLM2,SP1397,REF104
0.0,,,1.0,0.0,0.0,,USA.1_1,RLM2,SP423,REF104
0.0,,,1.0,0.0,0.0,,USA.1_2,RLM2,SP423,REF104
0.0,,,1.0,0.0,0.0,,USA.2_1,RLM2,SP423,REF104
0.0,,,1.0,0.0,0.0,,USA.1_1,RLM2,SP640,REF104
0.0,,,1.0,0.0,0.0,,USA.1_2,RLM2,SP640,REF104
0.0,,,1.0,0.0,0.0,,USA.2_1,RLM2,SP640,REF104
0.0,,,1.0,0.0,1.0,,USA.1_1,RLM2,SP758,REF104
0.0,,,1.0,0.0,1.0,,USA.1_2,RLM2,SP758,REF104
0.0,,,1.0,0.0,1.0,,USA.2_1,RLM2,SP758,REF104
0.0,,,1.0,0.0,0.0,,USA.1_1,RLM2,SP1398,REF104
0.0,,,1.0,0.0,0.0,,USA.1_2,RLM2,SP1398,REF104
0.0,,,1.0,0.0,0.0,,USA.2_1,RLM2,SP1398,REF104
0.0,,,1.0,0.0,0.0,,USA.1_1,RLM2,SP248,REF104
0.0,,,1.0,0.0,0.0,,USA.1_2,RLM2,SP248,REF104
0.0,,,1.0,0.0,0.0,,USA.2_1,RLM2,SP248,REF104
0.0,,,1.0,0.0,0.0,,USA.1_1,RLM2,SP249,REF104
0.0,,,1.0,0.0,0.0,,USA.1_2,RLM2,SP249,REF104
0.0,,,1.0,0.0,0.0,,USA.2_1,RLM2,SP249,REF104
0.0,,,1.0,0.0,0.0,,USA.1_1,RLM2,SP1259,REF104
0.0,,,1.0,0.0,0.0,,USA.1_2,RLM2,SP1259,REF104
0.0,,,1.0,0.0,0.0,,USA.2_1,RLM2,SP1259,REF104
0.0,,,1.0,0.0,0.0,,USA.1_1,RLM2,SP12,REF104
0.0,,,1.0,0.0,0.0,,USA.1_2,RLM2,SP12,REF104
0.0,,,1.0,0.0,0.0,,USA.2_1,RLM2,SP12,REF104
0.0,,,1.0,0.0,0.0,,USA.1_1,RLM2,SP1399,REF104
0.0,,,1.0,0.0,0.0,,USA.1_2,RLM2,SP1399,REF104
0.0,,,1.0,0.0,0.0,,USA.2_1,RLM2,SP1399,REF104
0.0,,,1.0,0.0,0.0,,USA.1_1,RLM2,SP1260,REF104
0.0,,,1.0,0.0,0.0,,USA.1_2,RLM2,SP1260,REF104
0.0,,,1.0,0.0,0.0,,USA.2_1,RLM2,SP1260,REF104
0.0,,,1.0,0.0,0.0,,USA.1_1,RLM2,SP251,REF104
0.0,,,1.0,0.0,0.0,,USA.1_2,RLM2,SP251,REF104
0.0,,,1.0,0.0,0.0,,USA.2_1,RLM2,SP251,REF104
0.0,,,1.0,0.0,0.0,,USA.1_1,RLM2,SP1265,REF104
0.0,,,1.0,0.0,0.0,,USA.1_2,RLM2,SP1265,REF104
0.0,,,1.0,0.0,0.0,,USA.2_1,RLM2,SP1265,REF104
0.0,,,1.0,0.0,0.0,,USA.1_1,RLM2,SP1266,REF104
0.0,,,1.0,0.0,0.0,,USA.1_2,RLM2,SP1266,REF104
0.0,,,1.0,0.0,0.0,,USA.2_1,RLM2,SP1266,REF104
0.0,,,1.0,0.0,0.0,,USA.1_1,RLM2,SP1267,REF104
0.0,,,1.0,0.0,0.0,,USA.1_2,RLM2,SP1267,REF104
0.0,,,1.0,0.0,0.0,,USA.2_1,RLM2,SP1267,REF104
0.0,,,1.0,0.0,0.0,,USA.1_1,RLM2,SP254,REF104
0.0,,,1.0,0.0,0.0,,USA.1_2,RLM2,SP254,REF104
0.0,,,1.0,0.0,0.0,,USA.2_1,RLM2,SP254,REF104
0.0,,,1.0,0.0,0.0,,USA.1_1,RLM2,SP255,REF104
0.0,,,1.0,0.0,0.0,,USA.1_2,RLM2,SP255,REF104
0.0,,,1.0,0.0,0.0,,USA.2_1,RLM2,SP255,REF104
0.0,,,1.0,0.0,1.0,,USA.1_1,RLM2,SP1277,REF104
0.0,,,1.0,0.0,1.0,,USA.1_2,RLM2,SP1277,REF104
0.0,,,1.0,0.0,1.0,,USA.2_1,RLM2,SP1277,REF104
0.0,,,1.0,0.0,0.0,,USA.1_1,RLM2,SP1281,REF104
0.0,,,1.0,0.0,0.0,,USA.1_2,RLM2,SP1281,REF104
0.0,,,1.0,0.0,0.0,,USA.2_1,RLM2,SP1281,REF104
0.0,,,1.0,0.0,0.0,,USA.1_1,RLM2,SP1283,REF104
0.0,,,1.0,0.0,0.0,,USA.1_2,RLM2,SP1283,REF104
0.0,,,1.0,0.0,0.0,,USA.2_1,RLM2,SP1283,REF104
0.0,,,1.0,0.0,0.0,,USA.1_1,RLM2,SP1400,REF104
0.0,,,1.0,0.0,0.0,,USA.1_2,RLM2,SP1400,REF104
0.0,,,1.0,0.0,0.0,,USA.2_1,RLM2,SP1400,REF104
0.0,,,1.0,0.0,0.0,,USA.1_1,RLM2,SP162,REF104
0.0,,,1.0,0.0,0.0,,USA.1_2,RLM2,SP162,REF104
0.0,,,1.0,0.0,0.0,,USA.2_1,RLM2,SP162,REF104
0.0,,,1.0,0.0,0.0,,USA.1_1,RLM2,SP256,REF104
0.0,,,1.0,0.0,0.0,,USA.1_2,RLM2,SP256,REF104
0.0,,,1.0,0.0,0.0,,USA.2_1,RLM2,SP256,REF104
0.0,,,1.0,0.0,0.0,,USA.1_1,RLM2,SP258,REF104
0.0,,,1.0,0.0,0.0,,USA.1_2,RLM2,SP258,REF104
0.0,,,1.0,0.0,0.0,,USA.2_1,RLM2,SP258,REF104
0.0,,,1.0,0.0,0.0,,USA.1_1,RLM2,SP259,REF104
0.0,,,1.0,0.0,0.0,,USA.1_2,RLM2,SP259,REF104
0.0,,,1.0,0.0,0.0,,USA.2_1,RLM2,SP259,REF104
0.0,,,1.0,0.0,0.0,,USA.1_1,RLM2,SP261,REF104
0.0,,,1.0,0.0,0.0,,USA.1_2,RLM2,SP261,REF104
0.0,,,1.0,0.0,0.0,,USA.2_1,RLM2,SP261,REF104
0.0,,,1.0,0.0,0.0,,USA.1_1,RLM2,SP263,REF104
0.0,,,1.0,0.0,0.0,,USA.1_2,RLM2,SP263,REF104
0.0,,,1.0,0.0,0.0,,USA.2_1,RLM2,SP263,REF104
0.0,,,1.0,0.0,0.0,,USA.1_1,RLM2,SP264,REF104
0.0,,,1.0,0.0,0.0,,USA.1_2,RLM2,SP264,REF104
0.0,,,1.0,0.0,0.0,,USA.2_1,RLM2,SP264,REF104
0.0,,,1.0,0.0,0.0,,USA.1_1,RLM2,SP267,REF104
0.0,,,1.0,0.0,0.0,,USA.1_2,RLM2,SP267,REF104
0.0,,,1.0,0.0,0.0,,USA.2_1,RLM2,SP267,REF104
0.0,,,1.0,0.0,0.0,,USA.1_1,RLM2,SP268,REF104
0.0,,,1.0,0.0,0.0,,USA.1_2,RLM2,SP268,REF104
0.0,,,1.0,0.0,0.0,,USA.2_1,RLM2,SP268,REF104
0.0,,,1.0,0.0,0.0,,USA.1_1,RLM2,SP269,REF104
0.0,,,1.0,0.0,0.0,,USA.1_2,RLM2,SP269,REF104
0.0,,,1.0,0.0,0.0,,USA.2_1,RLM2,SP269,REF104
0.0,,,1.0,0.0,0.0,,USA.1_1,RLM2,SP1401,REF104
0.0,,,1.0,0.0,0.0,,USA.1_2,RLM2,SP1401,REF104
0.0,,,1.0,0.0,0.0,,USA.2_1,RLM2,SP1401,REF104
0.0,,,1.0,0.0,0.0,,USA.1_1,RLM2,SP1318,REF104
0.0,,,1.0,0.0,0.0,,USA.1_2,RLM2,SP1318,REF104
0.0,,,1.0,0.0,0.0,,USA.2_1,RLM2,SP1318,REF104
0.0,,,1.0,0.0,0.0,,USA.1_1,RLM2,SP271,REF104
0.0,,,1.0,0.0,0.0,,USA.1_2,RLM2,SP271,REF104
0.0,,,1.0,0.0,0.0,,USA.2_1,RLM2,SP271,REF104
0.0,,,1.0,0.0,0.0,,USA.1_1,RLM2,SP1322,REF104
0.0,,,1.0,0.0,0.0,,USA.1_2,RLM2,SP1322,REF104
0.0,,,1.0,0.0,0.0,,USA.2_1,RLM2,SP1322,REF104
0.0,,,1.0,0.0,0.0,,USA.1_1,RLM2,SP272,REF104
0.0,,,1.0,0.0,0.0,,USA.1_2,RLM2,SP272,REF104
0.0,,,1.0,0.0,0.0,,USA.2_1,RLM2,SP272,REF104
0.0,,,1.0,0.0,0.0,,USA.1_1,RLM2,SP273,REF104
0.0,,,1.0,0.0,0.0,,USA.1_2,RLM2,SP273,REF104
0.0,,,1.0,0.0,0.0,,USA.2_1,RLM2,SP273,REF104
0.0,,,1.0,0.0,0.0,,USA.1_1,RLM2,SP274,REF104
0.0,,,1.0,0.0,0.0,,USA.1_2,RLM2,SP274,REF104
0.0,,,1.0,0.0,0.0,,USA.2_1,RLM2,SP274,REF104
0.0,,,1.0,0.0,0.0,,USA.1_1,RLM2,SP275,REF104
0.0,,,1.0,0.0,0.0,,USA.1_2,RLM2,SP275,REF104
0.0,,,1.0,0.0,0.0,,USA.2_1,RLM2,SP275,REF104
0.0,,,1.0,0.0,0.0,,USA.1_1,RLM2,SP277,REF104
0.0,,,1.0,0.0,0.0,,USA.1_2,RLM2,SP277,REF104
0.0,,,1.0,0.0,0.0,,USA.2_1,RLM2,SP277,REF104
0.0,,,1.0,0.0,0.0,,USA.1_1,RLM2,SP278,REF104
0.0,,,1.0,0.0,0.0,,USA.1_2,RLM2,SP278,REF104
0.0,,,1.0,0.0,0.0,,USA.2_1,RLM2,SP278,REF104
0.0,,,1.0,0.0,0.0,,USA.1_1,RLM2,SP280,REF104
0.0,,,1.0,0.0,0.0,,USA.1_2,RLM2,SP280,REF104
0.0,,,1.0,0.0,0.0,,USA.2_1,RLM2,SP280,REF104
0.0,,,1.0,0.0,0.0,,USA.1_1,RLM2,SP1402,REF104
0.0,,,1.0,0.0,0.0,,USA.1_2,RLM2,SP1402,REF104
0.0,,,1.0,0.0,0.0,,USA.2_1,RLM2,SP1402,REF104
0.0,,,1.0,0.0,0.0,,USA.1_1,RLM2,SP282,REF104
0.0,,,1.0,0.0,0.0,,USA.1_2,RLM2,SP282,REF104
0.0,,,1.0,0.0,0.0,,USA.2_1,RLM2,SP282,REF104
0.0,,,1.0,0.0,0.0,,USA.1_1,RLM2,SP196,REF104
0.0,,,1.0,0.0,0.0,,USA.1_2,RLM2,SP196,REF104
0.0,,,1.0,0.0,0.0,,USA.2_1,RLM2,SP196,REF104
0.0,,,1.0,0.0,0.0,,USA.1_1,RLM2,SP43,REF104
0.0,,,1.0,0.0,0.0,,USA.1_2,RLM2,SP43,REF104
0.0,,,1.0,0.0,0.0,,USA.2_1,RLM2,SP43,REF104
0.0,,,1.0,0.0,0.0,,USA.1_1,RLM2,SP285,REF104
0.0,,,1.0,0.0,0.0,,USA.1_2,RLM2,SP285,REF104
0.0,,,1.0,0.0,0.0,,USA.2_1,RLM2,SP285,REF104
0.0,,,1.0,0.0,0.0,,USA.1_1,RLM2,SP392,REF104
0.0,,,1.0,0.0,0.0,,USA.1_2,RLM2,SP392,REF104
0.0,,,1.0,0.0,0.0,,USA.2_1,RLM2,SP392,REF104
0.0,,,1.0,0.0,0.0,,USA.1_1,RLM2,SP520,REF104
0.0,,,1.0,0.0,0.0,,USA.1_2,RLM2,SP520,REF104
0.0,,,1.0,0.0,0.0,,USA.2_1,RLM2,SP520,REF104
0.0,,,1.0,0.0,0.0,,USA.1_1,RLM2,SP288,REF104
0.0,,,1.0,0.0,0.0,,USA.1_2,RLM2,SP288,REF104
0.0,,,1.0,0.0,0.0,,USA.2_1,RLM2,SP288,REF104
0.0,,,1.0,0.0,0.0,,USA.1_1,RLM2,SP289,REF104
0.0,,,1.0,0.0,0.0,,USA.1_2,RLM2,SP289,REF104
0.0,,,1.0,0.0,0.0,,USA.2_1,RLM2,SP289,REF104
0.0,,,1.0,0.0,0.0,,USA.1_1,RLM2,SP1403,REF104
0.0,,,1.0,0.0,0.0,,USA.1_2,RLM2,SP1403,REF104
0.0,,,1.0,0.0,0.0,,USA.2_1,RLM2,SP1403,REF104
0.0,,,1.0,0.0,0.0,,USA.1_1,RLM2,SP290,REF104
0.0,,,1.0,0.0,0.0,,USA.1_2,RLM2,SP290,REF104
0.0,,,1.0,0.0,0.0,,USA.2_1,RLM2,SP290,REF104
0.0,,,1.0,0.0,0.0,,USA.1_1,RLM2,SP234,REF104
0.0,,,1.0,0.0,0.0,,USA.1_2,RLM2,SP234,REF104
0.0,,,1.0,0.0,0.0,,USA.2_1,RLM2,SP234,REF104
0.0,,,1.0,0.0,0.0,,USA.1_1,RLM2,SP145,REF104
0.0,,,1.0,0.0,0.0,,USA.1_2,RLM2,SP145,REF104
0.0,,,1.0,0.0,0.0,,USA.2_1,RLM2,SP145,REF104
0.0,,,1.0,0.0,0.0,,USA.1_1,RLM2,SP291,REF104
0.0,,,1.0,0.0,0.0,,USA.1_2,RLM2,SP291,REF104
0.0,,,1.0,0.0,0.0,,USA.2_1,RLM2,SP291,REF104
0.0,,,1.0,0.0,0.0,,USA.1_1,RLM2,SP110,REF104
0.0,,,1.0,0.0,0.0,,USA.1_2,RLM2,SP110,REF104
0.0,,,1.0,0.0,0.0,,USA.2_1,RLM2,SP110,REF104
1.0,,,1.0,0.0,0.0,,USA.1_1,RLM2,SP1365,REF104
1.0,,,1.0,0.0,0.0,,USA.1_2,RLM2,SP1365,REF104
1.0,,,1.0,0.0,0.0,,USA.2_1,RLM2,SP1365,REF104
0.0,,,1.0,0.0,0.0,,USA.1_1,RLM2,SP1404,REF104
0.0,,,1.0,0.0,0.0,,USA.1_2,RLM2,SP1404,REF104
0.0,,,1.0,0.0,0.0,,USA.2_1,RLM2,SP1404,REF104
0.0,,,1.0,0.0,0.0,,USA.1_1,RLM2,SP1371,REF104
0.0,,,1.0,0.0,0.0,,USA.1_2,RLM2,SP1371,REF104
0.0,,,1.0,0.0,0.0,,USA.2_1,RLM2,SP1371,REF104
0.0,,,1.0,0.0,0.0,,USA.1_1,RLM2,SP1372,REF104
0.0,,,1.0,0.0,0.0,,USA.1_2,RLM2,SP1372,REF104
0.0,,,1.0,0.0,0.0,,USA.2_1,RLM2,SP1372,REF104
0.0,,,1.0,0.0,0.0,,USA.1_1,RLM2,SP1373,REF104
0.0,,,1.0,0.0,0.0,,USA.1_2,RLM2,SP1373,REF104
0.0,,,1.0,0.0,0.0,,USA.2_1,RLM2,SP1373,REF104
0.0,,,1.0,0.0,0.0,,USA.1_1,RLM2,SP75,REF104
0.0,,,1.0,0.0,0.0,,USA.1_2,RLM2,SP75,REF104
0.0,,,1.0,0.0,0.0,,USA.2_1,RLM2,SP75,REF104
0.0,,,1.0,0.0,0.0,,USA.1_1,RLM2,SP250,REF104
0.0,,,1.0,0.0,0.0,,USA.1_2,RLM2,SP250,REF104
0.0,,,1.0,0.0,0.0,,USA.2_1,RLM2,SP250,REF104
0.0,,,1.0,0.0,0.0,,USA.1_1,RLM2,SP270,REF104
0.0,,,1.0,0.0,0.0,,USA.1_2,RLM2,SP270,REF104
0.0,,,1.0,0.0,0.0,,USA.2_1,RLM2,SP270,REF104
0.0,,,1.0,0.0,0.0,,USA.1_1,RLM2,SP1333,REF104
0.0,,,1.0,0.0,0.0,,USA.1_2,RLM2,SP1333,REF104
0.0,,,1.0,0.0,0.0,,USA.2_1,RLM2,SP1333,REF104
0.0,,,1.0,0.0,0.0,,USA.1_1,RLM2,SP719,REF104
0.0,,,1.0,0.0,0.0,,USA.1_2,RLM2,SP719,REF104
0.0,,,1.0,0.0,0.0,,USA.2_1,RLM2,SP719,REF104
0.0,,,1.0,0.0,0.0,,USA.1_1,RLM2,SP188,REF104
0.0,,,1.0,0.0,0.0,,USA.1_2,RLM2,SP188,REF104
0.0,,,1.0,0.0,0.0,,USA.2_1,RLM2,SP188,REF104
0.0,,,1.0,0.0,0.0,,USA.1_1,RLM2,SP1275,REF104
0.0,,,1.0,0.0,0.0,,USA.1_2,RLM2,SP1275,REF104
0.0,,,1.0,0.0,0.0,,USA.2_1,RLM2,SP1275,REF104
0.0,,,1.0,0.0,0.0,,USA.1_1,RLM2,SP1276,REF104
0.0,,,1.0,0.0,0.0,,USA.1_2,RLM2,SP1276,REF104
0.0,,,1.0,0.0,0.0,,USA.2_1,RLM2,SP1276,REF104
0.0,,,1.0,0.0,0.0,,USA.1_1,RLM2,SP1282,REF104
0.0,,,1.0,0.0,0.0,,USA.1_2,RLM2,SP1282,REF104
0.0,,,1.0,0.0,0.0,,USA.2_1,RLM2,SP1282,REF104
0.0,,,1.0,0.0,0.0,,USA.1_1,RLM2,SP1405,REF104
0.0,,,1.0,0.0,0.0,,USA.1_2,RLM2,SP1405,REF104
0.0,,,1.0,0.0,0.0,,USA.2_1,RLM2,SP1405,REF104
0.0,,,1.0,0.0,0.0,,USA.1_1,RLM2,SP1406,REF104
0.0,,,1.0,0.0,0.0,,USA.1_2,RLM2,SP1406,REF104
0.0,,,1.0,0.0,0.0,,USA.2_1,RLM2,SP1406,REF104
0.0,,,1.0,0.0,0.0,,USA.1_1,RLM2,SP1298,REF104
0.0,,,1.0,0.0,0.0,,USA.1_2,RLM2,SP1298,REF104
0.0,,,1.0,0.0,0.0,,USA.2_1,RLM2,SP1298,REF104
0.0,,,1.0,0.0,0.0,,USA.1_1,RLM2,SP977,REF104
0.0,,,1.0,0.0,0.0,,USA.1_2,RLM2,SP977,REF104
0.0,,,1.0,0.0,0.0,,USA.2_1,RLM2,SP977,REF104
0.0,,,1.0,0.0,0.0,,USA.1_1,RLM2,SP457,REF104
0.0,,,1.0,0.0,0.0,,USA.1_2,RLM2,SP457,REF104
0.0,,,1.0,0.0,0.0,,USA.2_1,RLM2,SP457,REF104
0.0,,,1.0,0.0,0.0,,USA.1_1,RLM2,SP1307,REF104
0.0,,,1.0,0.0,0.0,,USA.1_2,RLM2,SP1307,REF104
0.0,,,1.0,0.0,0.0,,USA.2_1,RLM2,SP1307,REF104
0.0,,,1.0,0.0,0.0,,USA.1_1,RLM2,SP1237,REF104
0.0,,,1.0,0.0,0.0,,USA.1_2,RLM2,SP1237,REF104
0.0,,,1.0,0.0,0.0,,USA.2_1,RLM2,SP1237,REF104
0.0,,,1.0,0.0,0.0,,USA.1_1,RLM2,SP119,REF104
0.0,,,1.0,0.0,0.0,,USA.1_2,RLM2,SP119,REF104
0.0,,,1.0,0.0,0.0,,USA.2_1,RLM2,SP119,REF104
0.0,,,1.0,0.0,0.0,,USA.1_1,RLM2,SP797,REF104
0.0,,,1.0,0.0,0.0,,USA.1_2,RLM2,SP797,REF104
0.0,,,1.0,0.0,0.0,,USA.2_1,RLM2,SP797,REF104
0.0,,,1.0,0.0,0.0,,USA.1_1,RLM2,SP2,REF104
0.0,,,1.0,0.0,0.0,,USA.1_2,RLM2,SP2,REF104
0.0,,,1.0,0.0,0.0,,USA.2_1,RLM2,SP2,REF104
0.0,,,1.0,0.0,0.0,,USA.1_1,RLM2,SP287,REF104
0.0,,,1.0,0.0,0.0,,USA.1_2,RLM2,SP287,REF104
0.0,,,1.0,0.0,0.0,,USA.2_1,RLM2,SP287,REF104
0.0,,,1.0,0.0,0.0,,USA.1_1,RLM2,SP6,REF104
0.0,,,1.0,0.0,0.0,,USA.1_2,RLM2,SP6,REF104
0.0,,,1.0,0.0,0.0,,USA.2_1,RLM2,SP6,REF104
0.0,,,1.0,0.0,0.0,,USA.1_1,RLM2,SP1270,REF104
0.0,,,1.0,0.0,0.0,,USA.1_2,RLM2,SP1270,REF104
0.0,,,1.0,0.0,0.0,,USA.2_1,RLM2,SP1270,REF104
0.0,,,1.0,0.0,0.0,,USA.1_1,RLM2,SP1271,REF104
0.0,,,1.0,0.0,0.0,,USA.1_2,RLM2,SP1271,REF104
0.0,,,1.0,0.0,0.0,,USA.2_1,RLM2,SP1271,REF104
0.0,,,1.0,0.0,0.0,,USA.1_1,RLM2,SP1272,REF104
0.0,,,1.0,0.0,0.0,,USA.1_2,RLM2,SP1272,REF104
0.0,,,1.0,0.0,0.0,,USA.2_1,RLM2,SP1272,REF104
0.0,,,1.0,0.0,0.0,,USA.1_1,RLM2,SP1351,REF104
0.0,,,1.0,0.0,0.0,,USA.1_2,RLM2,SP1351,REF104
0.0,,,1.0,0.0,0.0,,USA.2_1,RLM2,SP1351,REF104
0.0,,,1.0,0.0,0.0,,USA.1_1,RLM2,SP1407,REF104
0.0,,,1.0,0.0,0.0,,USA.1_2,RLM2,SP1407,REF104
0.0,,,1.0,0.0,0.0,,USA.2_1,RLM2,SP1407,REF104
0.0,,,1.0,0.0,,,USA.1_1,RLM2,SP1253,REF104
0.0,,,1.0,0.0,,,USA.1_2,RLM2,SP1253,REF104
0.0,,,1.0,0.0,,,USA.2_1,RLM2,SP1253,REF104
0.0,,,1.0,0.0,0.0,,USA.1_1,RLM2,SP399,REF104
0.0,,,1.0,0.0,0.0,,USA.1_2,RLM2,SP399,REF104
0.0,,,1.0,0.0,0.0,,USA.2_1,RLM2,SP399,REF104
0.0,,,1.0,0.0,0.0,,USA.1_1,RLM2,SP1257,REF104
0.0,,,1.0,0.0,0.0,,USA.1_2,RLM2,SP1257,REF104
0.0,,,1.0,0.0,0.0,,USA.2_1,RLM2,SP1257,REF104
0.0,1.0,,1.0,0.0,0.0,,USA.1_1,RLM2,SP720,REF104
0.0,1.0,,1.0,0.0,0.0,,USA.1_2,RLM2,SP720,REF104
0.0,1.0,,1.0,0.0,0.0,,USA.2_1,RLM2,SP720,REF104
0.0,,,1.0,0.0,0.0,,USA.1_1,RLM2,SP809,REF104
0.0,,,1.0,0.0,0.0,,USA.1_2,RLM2,SP809,REF104
0.0,,,1.0,0.0,0.0,,USA.2_1,RLM2,SP809,REF104
0.0,,,1.0,0.0,0.0,,USA.1_1,RLM2,SP1408,REF104
0.0,,,1.0,0.0,0.0,,USA.1_2,RLM2,SP1408,REF104
0.0,,,1.0,0.0,0.0,,USA.2_1,RLM2,SP1408,REF104
0.0,,,1.0,0.0,0.0,,USA.1_1,RLM2,SP252,REF104
0.0,,,1.0,0.0,0.0,,USA.1_2,RLM2,SP252,REF104
0.0,,,1.0,0.0,0.0,,USA.2_1,RLM2,SP252,REF104
0.0,,,1.0,0.0,0.0,,USA.1_1,RLM2,SP1268,REF104
0.0,,,1.0,0.0,0.0,,USA.1_2,RLM2,SP1268,REF104
0.0,,,1.0,0.0,0.0,,USA.2_1,RLM2,SP1268,REF104
0.0,,,1.0,0.0,0.0,,USA.1_1,RLM2,SP253,REF104
0.0,,,1.0,0.0,0.0,,USA.1_2,RLM2,SP253,REF104
0.0,,,1.0,0.0,0.0,,USA.2_1,RLM2,SP253,REF104
0.0,,,1.0,0.0,0.0,,USA.1_1,RLM2,SP7,REF104
0.0,,,1.0,0.0,0.0,,USA.1_2,RLM2,SP7,REF104
0.0,,,1.0,0.0,0.0,,USA.2_1,RLM2,SP7,REF104
0.0,,,1.0,0.0,0.0,,USA.1_1,RLM2,SP166,REF104
0.0,,,1.0,0.0,0.0,,USA.1_2,RLM2,SP166,REF104
0.0,,,1.0,0.0,0.0,,USA.2_1,RLM2,SP166,REF104
0.0,,,1.0,0.0,0.0,,USA.1_1,RLM2,SP205,REF104
0.0,,,1.0,0.0,0.0,,USA.1_2,RLM2,SP205,REF104
0.0,,,1.0,0.0,0.0,,USA.2_1,RLM2,SP205,REF104
0.0,,,1.0,0.0,0.0,,USA.1_1,RLM2,SP40,REF104
0.0,,,1.0,0.0,0.0,,USA.1_2,RLM2,SP40,REF104
0.0,,,1.0,0.0,0.0,,USA.2_1,RLM2,SP40,REF104
0.0,,,1.0,0.0,0.0,,USA.1_1,RLM2,SP169,REF104
0.0,,,1.0,0.0,0.0,,USA.1_2,RLM2,SP169,REF104
0.0,,,1.0,0.0,0.0,,USA.2_1,RLM2,SP169,REF104
0.0,,,1.0,0.0,0.0,,USA.1_1,RLM2,SP44,REF104
0.0,,,1.0,0.0,0.0,,USA.1_2,RLM2,SP44,REF104
0.0,,,1.0,0.0,0.0,,USA.2_1,RLM2,SP44,REF104
0.0,,,1.0,0.0,0.0,,USA.1_1,RLM2,SP311,REF104
0.0,,,1.0,0.0,0.0,,USA.1_2,RLM2,SP311,REF104
0.0,,,1.0,0.0,0.0,,USA.2_1,RLM2,SP311,REF104
0.0,,,1.0,0.0,0.0,,USA.1_1,RLM2,SP154,REF104
0.0,,,1.0,0.0,0.0,,USA.1_2,RLM2,SP154,REF104
0.0,,,1.0,0.0,0.0,,USA.2_1,RLM2,SP154,REF104
0.0,,,1.0,0.0,0.0,,USA.1_1,RLM2,SP312,REF104
0.0,,,1.0,0.0,0.0,,USA.1_2,RLM2,SP312,REF104
0.0,,,1.0,0.0,0.0,,USA.2_1,RLM2,SP312,REF104
0.0,,,1.0,0.0,0.0,,USA.1_1,RLM2,SP669,REF104
0.0,,,1.0,0.0,0.0,,USA.1_2,RLM2,SP669,REF104
0.0,,,1.0,0.0,0.0,,USA.2_1,RLM2,SP669,REF104
0.0,,,1.0,0.0,0.0,,USA.1_1,RLM2,SP139,REF104
0.0,,,1.0,0.0,0.0,,USA.1_2,RLM2,SP139,REF104
0.0,,,1.0,0.0,0.0,,USA.2_1,RLM2,SP139,REF104
0.0,,,1.0,0.0,0.0,,USA.1_1,RLM2,SP10,REF104
0.0,,,1.0,0.0,0.0,,USA.1_2,RLM2,SP10,REF104
0.0,,,1.0,0.0,0.0,,USA.2_1,RLM2,SP10,REF104
0.0,,,1.0,0.0,0.0,,USA.1_1,RLM2,SP63,REF104
0.0,,,1.0,0.0,0.0,,USA.1_2,RLM2,SP63,REF104
0.0,,,1.0,0.0,0.0,,USA.2_1,RLM2,SP63,REF104
1.0,,,1.0,0.0,0.0,,USA.1_1,RLM2,SP1409,REF104
1.0,,,1.0,0.0,0.0,,USA.1_2,RLM2,SP1409,REF104
1.0,,,1.0,0.0,0.0,,USA.2_1,RLM2,SP1409,REF104
0.0,,,1.0,0.0,0.0,,USA.1_1,RLM2,SP172,REF104
0.0,,,1.0,0.0,0.0,,USA.1_2,RLM2,SP172,REF104
0.0,,,1.0,0.0,0.0,,USA.2_1,RLM2,SP172,REF104
0.0,,,1.0,0.0,0.0,,USA.1_1,RLM2,SP82,REF104
0.0,,,1.0,0.0,0.0,,USA.1_2,RLM2,SP82,REF104
0.0,,,1.0,0.0,0.0,,USA.2_1,RLM2,SP82,REF104
0.0,,,1.0,0.0,0.0,,USA.1_1,RLM2,SP265,REF104
0.0,,,1.0,0.0,0.0,,USA.1_2,RLM2,SP265,REF104
0.0,,,1.0,0.0,0.0,,USA.2_1,RLM2,SP265,REF104
0.0,,,1.0,0.0,0.0,,USA.1_1,RLM2,SP316,REF104
0.0,,,1.0,0.0,0.0,,USA.1_2,RLM2,SP316,REF104
0.0,,,1.0,0.0,0.0,,USA.2_1,RLM2,SP316,REF104
0.0,,,1.0,0.0,0.0,,USA.1_1,RLM2,SP1410,REF104
0.0,,,1.0,0.0,0.0,,USA.1_2,RLM2,SP1410,REF104
0.0,,,1.0,0.0,0.0,,USA.2_1,RLM2,SP1410,REF104
0.0,,,1.0,0.0,0.0,,USA.1_1,RLM2,SP1311,REF104
0.0,,,1.0,0.0,0.0,,USA.1_2,RLM2,SP1311,REF104
0.0,,,1.0,0.0,0.0,,USA.2_1,RLM2,SP1311,REF104
0.0,,,1.0,0.0,0.0,,USA.1_1,RLM2,SP16,REF104
0.0,,,1.0,0.0,0.0,,USA.1_2,RLM2,SP16,REF104
0.0,,,1.0,0.0,0.0,,USA.2_1,RLM2,SP16,REF104
0.0,,,1.0,0.0,0.0,,USA.1_1,RLM2,SP471,REF104
0.0,,,1.0,0.0,0.0,,USA.1_2,RLM2,SP471,REF104
0.0,,,1.0,0.0,0.0,,USA.2_1,RLM2,SP471,REF104
0.0,,,1.0,0.0,0.0,,USA.1_1,RLM2,SP227,REF104
0.0,,,1.0,0.0,0.0,,USA.1_2,RLM2,SP227,REF104
0.0,,,1.0,0.0,0.0,,USA.2_1,RLM2,SP227,REF104
0.0,,,1.0,0.0,0.0,,USA.1_1,RLM2,SP276,REF104
0.0,,,1.0,0.0,0.0,,USA.1_2,RLM2,SP276,REF104
0.0,,,1.0,0.0,0.0,,USA.2_1,RLM2,SP276,REF104
0.0,,,1.0,0.0,0.0,,USA.1_1,RLM2,SP796,REF104
0.0,,,1.0,0.0,0.0,,USA.1_2,RLM2,SP796,REF104
0.0,,,1.0,0.0,0.0,,USA.2_1,RLM2,SP796,REF104
0.0,,,1.0,0.0,0.0,,USA.1_1,RLM2,SP279,REF104
0.0,,,1.0,0.0,0.0,,USA.1_2,RLM2,SP279,REF104
0.0,,,1.0,0.0,0.0,,USA.2_1,RLM2,SP279,REF104
0.0,,,1.0,0.0,0.0,,USA.1_1,RLM2,SP138,REF104
0.0,,,1.0,0.0,0.0,,USA.1_2,RLM2,SP138,REF104
0.0,,,1.0,0.0,0.0,,USA.2_1,RLM2,SP138,REF104
0.0,,,1.0,0.0,0.0,,USA.1_1,RLM2,SP1329,REF104
0.0,,,1.0,0.0,0.0,,USA.1_2,RLM2,SP1329,REF104
0.0,,,1.0,0.0,0.0,,USA.2_1,RLM2,SP1329,REF104
1.0,,,1.0,0.0,0.0,,USA.1_1,RLM2,SP281,REF104
1.0,,,1.0,0.0,0.0,,USA.1_2,RLM2,SP281,REF104
1.0,,,1.0,0.0,0.0,,USA.2_1,RLM2,SP281,REF104
0.0,,,1.0,0.0,0.0,,USA.1_1,RLM2,SP509,REF104
0.0,,,1.0,0.0,0.0,,USA.1_2,RLM2,SP509,REF104
0.0,,,1.0,0.0,0.0,,USA.2_1,RLM2,SP509,REF104
0.0,,,1.0,0.0,0.0,,USA.1_1,RLM2,SP11,REF104
0.0,,,1.0,0.0,0.0,,USA.1_2,RLM2,SP11,REF104
0.0,,,1.0,0.0,0.0,,USA.2_1,RLM2,SP11,REF104
0.0,,,1.0,0.0,0.0,,USA.1_1,RLM2,SP284,REF104
0.0,,,1.0,0.0,0.0,,USA.1_2,RLM2,SP284,REF104
0.0,,,1.0,0.0,0.0,,USA.2_1,RLM2,SP284,REF104
0.0,,,1.0,0.0,0.0,,USA.1_1,RLM2,SP902,REF104
0.0,,,1.0,0.0,0.0,,USA.1_2,RLM2,SP902,REF104
0.0,,,1.0,0.0,0.0,,USA.2_1,RLM2,SP902,REF104
0.0,,,1.0,0.0,0.0,,USA.1_1,RLM2,SP286,REF104
0.0,,,1.0,0.0,0.0,,USA.1_2,RLM2,SP286,REF104
0.0,,,1.0,0.0,0.0,,USA.2_1,RLM2,SP286,REF104
0.0,,,1.0,0.0,0.0,,USA.1_1,RLM2,SP175,REF104
0.0,,,1.0,0.0,0.0,,USA.1_2,RLM2,SP175,REF104
0.0,,,1.0,0.0,0.0,,USA.2_1,RLM2,SP175,REF104
1.0,,,1.0,0.0,0.0,,USA.1_1,RLM2,SP664,REF104
1.0,,,1.0,0.0,0.0,,USA.1_2,RLM2,SP664,REF104
1.0,,,1.0,0.0,0.0,,USA.2_1,RLM2,SP664,REF104
0.0,,,1.0,0.0,1.0,,USA.1_1,RLM2,SP763,REF104
0.0,,,1.0,0.0,1.0,,USA.1_2,RLM2,SP763,REF104
0.0,,,1.0,0.0,1.0,,USA.2_1,RLM2,SP763,REF104
1.0,,,1.0,0.0,0.0,,USA.1_1,RLM2,SP176,REF104
1.0,,,1.0,0.0,0.0,,USA.1_2,RLM2,SP176,REF104
1.0,,,1.0,0.0,0.0,,USA.2_1,RLM2,SP176,REF104
0.0,,,1.0,0.0,0.0,,USA.1_1,RLM2,SP292,REF104
0.0,,,1.0,0.0,0.0,,USA.1_2,RLM2,SP292,REF104
0.0,,,1.0,0.0,0.0,,USA.2_1,RLM2,SP292,REF104
0.0,,,1.0,0.0,0.0,,USA.1_1,RLM2,SP294,REF104
0.0,,,1.0,0.0,0.0,,USA.1_2,RLM2,SP294,REF104
0.0,,,1.0,0.0,0.0,,USA.2_1,RLM2,SP294,REF104
0.0,,,1.0,0.0,0.0,,USA.1_1,RLM2,SP1411,REF104
0.0,,,1.0,0.0,0.0,,USA.1_2,RLM2,SP1411,REF104
0.0,,,1.0,0.0,0.0,,USA.2_1,RLM2,SP1411,REF104
0.0,,,1.0,0.0,0.0,,USA.1_1,RLM2,SP775,REF104
0.0,,,1.0,0.0,0.0,,USA.1_2,RLM2,SP775,REF104
0.0,,,1.0,0.0,0.0,,USA.2_1,RLM2,SP775,REF104
0.0,,,1.0,0.0,0.0,,USA.1_1,RLM2,SP1358,REF104
0.0,,,1.0,0.0,0.0,,USA.1_2,RLM2,SP1358,REF104
0.0,,,1.0,0.0,0.0,,USA.2_1,RLM2,SP1358,REF104
0.0,,,1.0,0.0,0.0,,USA.1_1,RLM2,SP198,REF104
0.0,,,1.0,0.0,0.0,,USA.1_2,RLM2,SP198,REF104
0.0,,,1.0,0.0,0.0,,USA.2_1,RLM2,SP198,REF104
0.0,,,1.0,0.0,0.0,,USA.1_1,RLM2,SP781,REF104
0.0,,,1.0,0.0,0.0,,USA.1_2,RLM2,SP781,REF104
0.0,,,1.0,0.0,0.0,,USA.2_1,RLM2,SP781,REF104
0.0,,,1.0,0.0,1.0,,USA.1_1,RLM2,SP1088,REF104
0.0,,,1.0,0.0,1.0,,USA.1_2,RLM2,SP1088,REF104
0.0,,,1.0,0.0,1.0,,USA.2_1,RLM2,SP1088,REF104
1.0,,,1.0,0.0,0.0,,USA.1_1,RLM2,SP1412,REF104
1.0,,,1.0,0.0,0.0,,USA.1_2,RLM2,SP1412,REF104
1.0,,,1.0,0.0,0.0,,USA.2_1,RLM2,SP1412,REF104
0.0,,,1.0,0.0,0.0,,USA.1_1,RLM2,SP283,REF104
0.0,,,1.0,0.0,0.0,,USA.1_2,RLM2,SP283,REF104
0.0,,,1.0,0.0,0.0,,USA.2_1,RLM2,SP283,REF104
0.0,,,1.0,0.0,0.0,,USA.1_1,RLM2,SP41,REF104
0.0,,,1.0,0.0,0.0,,USA.1_2,RLM2,SP41,REF104
0.0,,,1.0,0.0,0.0,,USA.2_1,RLM2,SP41,REF104
0.0,,,1.0,0.0,0.0,,USA.1_1,RLM2,SP541,REF104
0.0,,,1.0,0.0,0.0,,USA.1_2,RLM2,SP541,REF104
0.0,,,1.0,0.0,0.0,,USA.2_1,RLM2,SP541,REF104
0.0,,,1.0,0.0,0.0,,USA.1_1,RLM2,SP90,REF104
0.0,,,1.0,0.0,0.0,,USA.1_2,RLM2,SP90,REF104
0.0,,,1.0,0.0,0.0,,USA.2_1,RLM2,SP90,REF104
0.0,,,1.0,0.0,0.0,,USA.1_1,RLM2,SP788,REF104
0.0,,,1.0,0.0,0.0,,USA.1_2,RLM2,SP788,REF104
0.0,,,1.0,0.0,0.0,,USA.2_1,RLM2,SP788,REF104
0.0,,,1.0,0.0,0.0,,USA.1_1,RLM2,SP806,REF104
0.0,,,1.0,0.0,0.0,,USA.1_2,RLM2,SP806,REF104
0.0,,,1.0,0.0,0.0,,USA.2_1,RLM2,SP806,REF104
0.0,,,1.0,0.0,0.0,,USA.1_1,RLM2,SP1255,REF104
0.0,,,1.0,0.0,0.0,,USA.1_2,RLM2,SP1255,REF104
0.0,,,1.0,0.0,0.0,,USA.2_1,RLM2,SP1255,REF104
0.0,,,1.0,0.0,0.0,,USA.1_1,RLM2,SP59,REF104
0.0,,,1.0,0.0,0.0,,USA.1_2,RLM2,SP59,REF104
0.0,,,1.0,0.0,0.0,,USA.2_1,RLM2,SP59,REF104
0.0,,,1.0,0.0,0.0,,USA.1_1,RLM2,SP229,REF104
0.0,,,1.0,0.0,0.0,,USA.1_2,RLM2,SP229,REF104
0.0,,,1.0,0.0,0.0,,USA.2_1,RLM2,SP229,REF104
0.0,,,1.0,0.0,0.0,,USA.1_1,RLM2,SP72,REF104
0.0,,,1.0,0.0,0.0,,USA.1_2,RLM2,SP72,REF104
0.0,,,1.0,0.0,0.0,,USA.2_1,RLM2,SP72,REF104
0.0,,,1.0,0.0,0.0,,USA.1_1,RLM2,SP1273,REF104
0.0,,,1.0,0.0,0.0,,USA.1_2,RLM2,SP1273,REF104
0.0,,,1.0,0.0,0.0,,USA.2_1,RLM2,SP1273,REF104
0.0,,,1.0,0.0,0.0,,USA.1_1,RLM2,SP1186,REF104
0.0,,,1.0,0.0,0.0,,USA.1_2,RLM2,SP1186,REF104
0.0,,,1.0,0.0,0.0,,USA.2_1,RLM2,SP1186,REF104
0.0,,,1.0,0.0,0.0,,USA.1_1,RLM2,SP118,REF104
0.0,,,1.0,0.0,0.0,,USA.1_2,RLM2,SP118,REF104
0.0,,,1.0,0.0,0.0,,USA.2_1,RLM2,SP118,REF104
0.0,,,1.0,0.0,0.0,,USA.1_1,RLM2,SP636,REF104
0.0,,,1.0,0.0,0.0,,USA.1_2,RLM2,SP636,REF104
0.0,,,1.0,0.0,0.0,,USA.2_1,RLM2,SP636,REF104
0.0,,,1.0,0.0,0.0,,USA.1_1,RLM2,SP1413,REF104
0.0,,,1.0,0.0,0.0,,USA.1_2,RLM2,SP1413,REF104
0.0,,,1.0,0.0,0.0,,USA.2_1,RLM2,SP1413,REF104
0.0,,,1.0,0.0,0.0,,USA.1_1,RLM2,SP422,REF104
0.0,,,1.0,0.0,0.0,,USA.1_2,RLM2,SP422,REF104
0.0,,,1.0,0.0,0.0,,USA.2_1,RLM2,SP422,REF104
0.0,,,1.0,0.0,0.0,,USA.1_1,RLM2,SP1414,REF104
0.0,,,1.0,0.0,0.0,,USA.1_2,RLM2,SP1414,REF104
0.0,,,1.0,0.0,0.0,,USA.2_1,RLM2,SP1414,REF104
0.0,,,1.0,0.0,0.0,,USA.1_1,RLM2,SP190,REF104
0.0,,,1.0,0.0,0.0,,USA.1_2,RLM2,SP190,REF104
0.0,,,1.0,0.0,0.0,,USA.2_1,RLM2,SP190,REF104
0.0,,,1.0,0.0,0.0,,USA.1_1,RLM2,SP1286,REF104
0.0,,,1.0,0.0,0.0,,USA.1_2,RLM2,SP1286,REF104
0.0,,,1.0,0.0,0.0,,USA.2_1,RLM2,SP1286,REF104
0.0,,,1.0,0.0,0.0,,USA.1_1,RLM2,SP1415,REF104
0.0,,,1.0,0.0,0.0,,USA.1_2,RLM2,SP1415,REF104
0.0,,,1.0,0.0,0.0,,USA.2_1,RLM2,SP1415,REF104
0.0,,,1.0,0.0,0.0,,USA.1_1,RLM2,SP1288,REF104
0.0,,,1.0,0.0,0.0,,USA.1_2,RLM2,SP1288,REF104
0.0,,,1.0,0.0,0.0,,USA.2_1,RLM2,SP1288,REF104
0.0,,,1.0,0.0,0.0,,USA.1_1,RLM2,SP1289,REF104
0.0,,,1.0,0.0,0.0,,USA.1_2,RLM2,SP1289,REF104
0.0,,,1.0,0.0,0.0,,USA.2_1,RLM2,SP1289,REF104
0.0,,,1.0,0.0,0.0,,USA.1_1,RLM2,SP97,REF104
0.0,,,1.0,0.0,0.0,,USA.1_2,RLM2,SP97,REF104
0.0,,,1.0,0.0,0.0,,USA.2_1,RLM2,SP97,REF104
0.0,,,1.0,0.0,0.0,,USA.1_1,RLM2,SP296,REF104
0.0,,,1.0,0.0,0.0,,USA.1_2,RLM2,SP296,REF104
0.0,,,1.0,0.0,0.0,,USA.2_1,RLM2,SP296,REF104
0.0,,,1.0,0.0,0.0,,USA.1_1,RLM2,SP1416,REF104
0.0,,,1.0,0.0,0.0,,USA.1_2,RLM2,SP1416,REF104
0.0,,,1.0,0.0,0.0,,USA.2_1,RLM2,SP1416,REF104
0.0,,,1.0,0.0,0.0,,USA.1_1,RLM2,SP1417,REF104
0.0,,,1.0,0.0,0.0,,USA.1_2,RLM2,SP1417,REF104
0.0,,,1.0,0.0,0.0,,USA.2_1,RLM2,SP1417,REF104
1.0,,,1.0,0.0,0.0,,USA.1_1,RLM2,SP257,REF104
1.0,,,1.0,0.0,0.0,,USA.1_2,RLM2,SP257,REF104
1.0,,,1.0,0.0,0.0,,USA.2_1,RLM2,SP257,REF104
0.0,,,1.0,0.0,0.0,,USA.1_1,RLM2,SP376,REF104
0.0,,,1.0,0.0,0.0,,USA.1_2,RLM2,SP376,REF104
0.0,,,1.0,0.0,0.0,,USA.2_1,RLM2,SP376,REF104
0.0,,,1.0,0.0,0.0,,USA.1_1,RLM2,SP1418,REF104
0.0,,,1.0,0.0,0.0,,USA.1_2,RLM2,SP1418,REF104
0.0,,,1.0,0.0,0.0,,USA.2_1,RLM2,SP1418,REF104
0.0,,,1.0,0.0,0.0,,USA.1_1,RLM2,SP133,REF104
0.0,,,1.0,0.0,0.0,,USA.1_2,RLM2,SP133,REF104
0.0,,,1.0,0.0,0.0,,USA.2_1,RLM2,SP133,REF104
0.0,,,1.0,0.0,0.0,,USA.1_1,RLM2,SP165,REF104
0.0,,,1.0,0.0,0.0,,USA.1_2,RLM2,SP165,REF104
0.0,,,1.0,0.0,0.0,,USA.2_1,RLM2,SP165,REF104
0.0,,,1.0,0.0,0.0,,USA.1_1,RLM2,SP627,REF104
0.0,,,1.0,0.0,0.0,,USA.1_2,RLM2,SP627,REF104
0.0,,,1.0,0.0,0.0,,USA.2_1,RLM2,SP627,REF104
0.0,,,1.0,0.0,0.0,,USA.1_1,RLM2,SP1419,REF104
0.0,,,1.0,0.0,0.0,,USA.1_2,RLM2,SP1419,REF104
0.0,,,1.0,0.0,0.0,,USA.2_1,RLM2,SP1419,REF104
0.0,,,1.0,0.0,0.0,,USA.1_1,RLM2,SP1060,REF104
0.0,,,1.0,0.0,0.0,,USA.1_2,RLM2,SP1060,REF104
0.0,,,1.0,0.0,0.0,,USA.2_1,RLM2,SP1060,REF104
1.0,,,1.0,0.0,0.0,,USA.1_1,RLM2,SP61,REF104
1.0,,,1.0,0.0,0.0,,USA.1_2,RLM2,SP61,REF104
1.0,,,1.0,0.0,0.0,,USA.2_1,RLM2,SP61,REF104
0.0,,,1.0,0.0,0.0,,USA.1_1,RLM2,SP1420,REF104
0.0,,,1.0,0.0,0.0,,USA.1_2,RLM2,SP1420,REF104
0.0,,,1.0,0.0,0.0,,USA.2_1,RLM2,SP1420,REF104
1.0,,,1.0,0.0,0.0,,USA.1_1,RLM2,SP674,REF104
1.0,,,1.0,0.0,0.0,,USA.1_2,RLM2,SP674,REF104
1.0,,,1.0,0.0,0.0,,USA.2_1,RLM2,SP674,REF104
0.0,,,1.0,0.0,0.0,,USA.1_1,RLM2,SP192,REF104
0.0,,,1.0,0.0,0.0,,USA.1_2,RLM2,SP192,REF104
0.0,,,1.0,0.0,0.0,,USA.2_1,RLM2,SP192,REF104
0.0,,,1.0,0.0,0.0,,USA.1_1,RLM2,SP1421,REF104
0.0,,,1.0,0.0,0.0,,USA.1_2,RLM2,SP1421,REF104
0.0,,,1.0,0.0,0.0,,USA.2_1,RLM2,SP1421,REF104
0.0,,,1.0,0.0,0.0,,USA.1_1,RLM2,SP47,REF104
0.0,,,1.0,0.0,0.0,,USA.1_2,RLM2,SP47,REF104
0.0,,,1.0,0.0,0.0,,USA.2_1,RLM2,SP47,REF104
0.0,,,1.0,0.0,0.0,,USA.1_1,RLM2,SP555,REF104
0.0,,,1.0,0.0,0.0,,USA.1_2,RLM2,SP555,REF104
0.0,,,1.0,0.0,0.0,,USA.2_1,RLM2,SP555,REF104
0.0,,,1.0,0.0,0.0,,USA.1_1,RLM2,SP1422,REF104
0.0,,,1.0,0.0,0.0,,USA.1_2,RLM2,SP1422,REF104
0.0,,,1.0,0.0,0.0,,USA.2_1,RLM2,SP1422,REF104
0.0,,,1.0,0.0,0.0,,USA.1_1,RLM2,SP217,REF104
0.0,,,1.0,0.0,0.0,,USA.1_2,RLM2,SP217,REF104
0.0,,,1.0,0.0,0.0,,USA.2_1,RLM2,SP217,REF104
0.0,,,1.0,0.0,0.0,,USA.1_1,RLM2,SP15,REF104
0.0,,,1.0,0.0,0.0,,USA.1_2,RLM2,SP15,REF104
0.0,,,1.0,0.0,0.0,,USA.2_1,RLM2,SP15,REF104
0.0,,,1.0,0.0,0.0,,USA.1_1,RLM2,SP56,REF104
0.0,,,1.0,0.0,0.0,,USA.1_2,RLM2,SP56,REF104
0.0,,,1.0,0.0,0.0,,USA.2_1,RLM2,SP56,REF104
0.0,,,1.0,0.0,0.0,,USA.1_1,RLM2,SP194,REF104
0.0,,,1.0,0.0,0.0,,USA.1_2,RLM2,SP194,REF104
0.0,,,1.0,0.0,0.0,,USA.2_1,RLM2,SP194,REF104
1.0,,,1.0,0.0,0.0,,USA.1_1,RLM2,SP634,REF104
1.0,,,1.0,0.0,0.0,,USA.1_2,RLM2,SP634,REF104
1.0,,,1.0,0.0,0.0,,USA.2_1,RLM2,SP634,REF104
0.0,,,1.0,0.0,0.0,,USA.1_1,RLM2,SP1092,REF104
0.0,,,1.0,0.0,0.0,,USA.1_2,RLM2,SP1092,REF104
0.0,,,1.0,0.0,0.0,,USA.2_1,RLM2,SP1092,REF104
0.0,,,1.0,0.0,0.0,,USA.1_1,RLM2,SP62,REF104
0.0,,,1.0,0.0,0.0,,USA.1_2,RLM2,SP62,REF104
0.0,,,1.0,0.0,0.0,,USA.2_1,RLM2,SP62,REF104
0.0,,,1.0,0.0,0.0,,USA.1_1,RLM2,SP135,REF104
0.0,,,1.0,0.0,0.0,,USA.1_2,RLM2,SP135,REF104
0.0,,,1.0,0.0,0.0,,USA.2_1,RLM2,SP135,REF104
0.0,,,1.0,0.0,0.0,,USA.1_1,RLM2,SP598,REF104
0.0,,,1.0,0.0,0.0,,USA.1_2,RLM2,SP598,REF104
0.0,,,1.0,0.0,0.0,,USA.2_1,RLM2,SP598,REF104
0.0,,,1.0,0.0,0.0,,USA.1_1,RLM2,SP1338,REF104
0.0,,,1.0,0.0,0.0,,USA.1_2,RLM2,SP1338,REF104
0.0,,,1.0,0.0,0.0,,USA.2_1,RLM2,SP1338,REF104
0.0,,,1.0,0.0,0.0,,USA.1_1,RLM2,SP1339,REF104
0.0,,,1.0,0.0,0.0,,USA.1_2,RLM2,SP1339,REF104
0.0,,,1.0,0.0,0.0,,USA.2_1,RLM2,SP1339,REF104
0.0,,,1.0,0.0,0.0,,USA.1_1,RLM2,SP1131,REF104
0.0,,,1.0,0.0,0.0,,USA.1_2,RLM2,SP1131,REF104
0.0,,,1.0,0.0,0.0,,USA.2_1,RLM2,SP1131,REF104
0.0,,,1.0,0.0,0.0,,USA.1_1,RLM2,SP1423,REF104
0.0,,,1.0,0.0,0.0,,USA.1_2,RLM2,SP1423,REF104
0.0,,,1.0,0.0,0.0,,USA.2_1,RLM2,SP1423,REF104
0.0,,,1.0,0.0,0.0,,USA.1_1,RLM2,SP57,REF104
0.0,,,1.0,0.0,0.0,,USA.1_2,RLM2,SP57,REF104
0.0,,,1.0,0.0,0.0,,USA.2_1,RLM2,SP57,REF104
0.0,,,1.0,0.0,0.0,,USA.1_1,RLM2,SP1424,REF104
0.0,,,1.0,0.0,0.0,,USA.1_2,RLM2,SP1424,REF104
0.0,,,1.0,0.0,0.0,,USA.2_1,RLM2,SP1424,REF104
0.0,,,1.0,0.0,0.0,,USA.1_1,RLM2,SP1425,REF104
0.0,,,1.0,0.0,0.0,,USA.1_2,RLM2,SP1425,REF104
0.0,,,1.0,0.0,0.0,,USA.2_1,RLM2,SP1425,REF104
0.0,,,1.0,0.0,0.0,,USA.1_1,RLM2,SP635,REF104
0.0,,,1.0,0.0,0.0,,USA.1_2,RLM2,SP635,REF104
0.0,,,1.0,0.0,0.0,,USA.2_1,RLM2,SP635,REF104
0.0,,,1.0,0.0,0.0,,USA.1_1,RLM2,SP64,REF104
0.0,,,1.0,0.0,0.0,,USA.1_2,RLM2,SP64,REF104
0.0,,,1.0,0.0,0.0,,USA.2_1,RLM2,SP64,REF104
0.0,,,1.0,0.0,0.0,,USA.1_1,RLM2,SP295,REF104
0.0,,,1.0,0.0,0.0,,USA.1_2,RLM2,SP295,REF104
0.0,,,1.0,0.0,0.0,,USA.2_1,RLM2,SP295,REF104
0.0,,,1.0,0.0,0.0,,USA.1_1,RLM2,SP1232,REF104
0.0,,,1.0,0.0,0.0,,USA.1_2,RLM2,SP1232,REF104
0.0,,,1.0,0.0,0.0,,USA.2_1,RLM2,SP1232,REF104
1.0,,,1.0,0.0,0.0,,USA.1_1,RLM2,SP1426,REF104
1.0,,,1.0,0.0,0.0,,USA.1_2,RLM2,SP1426,REF104
1.0,,,1.0,0.0,0.0,,USA.2_1,RLM2,SP1426,REF104
0.0,,,1.0,0.0,0.0,,USA.1_1,RLM2,SP14,REF104
0.0,,,1.0,0.0,0.0,,USA.1_2,RLM2,SP14,REF104
0.0,,,1.0,0.0,0.0,,USA.2_1,RLM2,SP14,REF104
0.0,,,1.0,0.0,0.0,,USA.1_1,RLM2,SP1362,REF104
0.0,,,1.0,0.0,0.0,,USA.1_2,RLM2,SP1362,REF104
0.0,,,1.0,0.0,0.0,,USA.2_1,RLM2,SP1362,REF104
0.0,,,1.0,0.0,0.0,,USA.1_1,RLM2,SP1427,REF104
0.0,,,1.0,0.0,0.0,,USA.1_2,RLM2,SP1427,REF104
0.0,,,1.0,0.0,0.0,,USA.2_1,RLM2,SP1427,REF104
0.0,,,1.0,0.0,0.0,,USA.1_1,RLM2,SP1363,REF104
0.0,,,1.0,0.0,0.0,,USA.1_2,RLM2,SP1363,REF104
0.0,,,1.0,0.0,0.0,,USA.2_1,RLM2,SP1363,REF104
0.0,,,1.0,0.0,0.0,,USA.1_1,RLM2,SP1374,REF104
0.0,,,1.0,0.0,0.0,,USA.1_2,RLM2,SP1374,REF104
0.0,,,1.0,0.0,0.0,,USA.2_1,RLM2,SP1374,REF104
0.0,,,1.0,0.0,0.0,,USA.1_1,RLM2,SP714,REF104
0.0,,,1.0,0.0,0.0,,USA.1_2,RLM2,SP714,REF104
0.0,,,1.0,0.0,0.0,,USA.2_1,RLM2,SP714,REF104
0.0,,,1.0,0.0,0.0,,USA.1_1,RLM2,SP1375,REF104
0.0,,,1.0,0.0,0.0,,USA.1_2,RLM2,SP1375,REF104
0.0,,,1.0,0.0,0.0,,USA.2_1,RLM2,SP1375,REF104
,,,1.0,0.0,0.0,,USA.1_1,RLM2,SP1376,REF104
,,,1.0,0.0,0.0,,USA.1_2,RLM2,SP1376,REF104
,,,1.0,0.0,0.0,,USA.2_1,RLM2,SP1376,REF104
0.0,,,1.0,0.0,0.0,,USA.1_1,RLM2,SP1377,REF104
0.0,,,1.0,0.0,0.0,,USA.1_2,RLM2,SP1377,REF104
0.0,,,1.0,0.0,0.0,,USA.2_1,RLM2,SP1377,REF104
0.0,,,1.0,0.0,0.0,,JPN.1_1,RLM5,SP4,REF104
0.0,,,1.0,0.0,0.0,,JPN.1_1,RLM5,SP1428,REF104
1.0,,,1.0,0.0,0.0,,JPN.1_1,RLM5,SP338,REF104
0.0,,,1.0,0.0,0.0,,JPN.1_1,RLM5,SP656,REF104
0.0,,,1.0,0.0,0.0,,JPN.1_1,RLM5,SP17,REF104
0.0,,,1.0,0.0,0.0,,JPN.1_1,RLM5,SP5,REF104
0.0,,,1.0,0.0,0.0,,JPN.1_1,RLM5,SP27,REF104
0.0,,,1.0,0.0,0.0,,JPN.1_1,RLM5,SP803,REF104
1.0,,,1.0,0.0,0.0,,JPN.1_1,RLM5,SP795,REF104
0.0,,,1.0,0.0,0.0,,JPN.1_1,RLM5,SP663,REF104
0.0,,,1.0,0.0,0.0,,JPN.1_1,RLM5,SP689,REF104
0.0,,,1.0,0.0,0.0,,JPN.1_1,RLM5,SP804,REF104
0.0,,,1.0,0.0,0.0,,JPN.1_1,RLM5,SP46,REF104
1.0,,,1.0,0.0,0.0,,JPN.1_1,RLM5,SP23,REF104
0.0,,,1.0,0.0,0.0,,JPN.1_1,RLM5,SP520,REF104
0.0,,,1.0,0.0,1.0,,JPN.1_1,RLM5,SP691,REF104
0.0,,,1.0,0.0,0.0,,JPN.1_1,RLM5,SP692,REF104
0.0,,,1.0,0.0,0.0,,JPN.1_1,RLM5,SP797,REF104
0.0,,,1.0,0.0,1.0,,JPN.1_1,RLM5,SP799,REF104
0.0,,,1.0,0.0,0.0,,JPN.1_1,RLM5,SP39,REF104
0.0,,,1.0,0.0,0.0,,JPN.1_1,RLM5,SP6,REF104
0.0,,,1.0,0.0,0.0,,JPN.1_1,RLM5,SP798,REF104
0.0,,,1.0,0.0,0.0,,JPN.1_1,RLM5,SP655,REF104
0.0,,,1.0,0.0,0.0,,JPN.1_1,RLM5,SP1429,REF104
0.0,,,1.0,0.0,0.0,,JPN.1_1,RLM5,SP166,REF104
0.0,,,1.0,0.0,0.0,,JPN.1_1,RLM5,SP172,REF104
0.0,,,1.0,0.0,0.0,,JPN.1_1,RLM5,SP82,REF104
0.0,,,1.0,0.0,0.0,,JPN.1_1,RLM5,SP1430,REF104
0.0,,,1.0,0.0,0.0,,JPN.1_1,RLM5,SP561,REF104
0.0,,,1.0,0.0,0.0,,JPN.1_1,RLM5,SP683,REF104
0.0,,,1.0,0.0,0.0,,JPN.1_1,RLM5,SP175,REF104
0.0,1.0,,1.0,0.0,0.0,,JPN.1_1,RLM5,SP664,REF104
0.0,,,1.0,0.0,0.0,,JPN.1_1,RLM5,SP151,REF104
0.0,,,1.0,0.0,0.0,,JPN.1_1,RLM5,SP1431,REF104
1.0,,,1.0,0.0,0.0,,JPN.1_1,RLM5,SP800,REF104
0.0,,,1.0,0.0,0.0,,JPN.1_1,RLM5,SP1432,REF104
0.0,,,1.0,0.0,0.0,,JPN.1_1,RLM5,SP503,REF104
0.0,,,1.0,0.0,0.0,,JPN.1_1,RLM5,SP41,REF104
0.0,,,1.0,0.0,0.0,,JPN.1_1,RLM5,SP224,REF104
0.0,,,1.0,0.0,0.0,,JPN.1_1,RLM5,SP90,REF104
0.0,,,1.0,0.0,0.0,,JPN.1_1,RLM5,SP788,REF104
0.0,,,1.0,0.0,0.0,,JPN.1_1,RLM5,SP794,REF104
0.0,,,1.0,0.0,0.0,,JPN.1_1,RLM5,SP15,REF104
0.0,,,1.0,0.0,0.0,,JPN.1_1,RLM5,SP801,REF104
0.0,,,1.0,0.0,0.0,,JPN.1_1,RLM5,SP714,REF104
0.0,1.0,1.0,1.0,0.0,0.0,1985.0,COL.1_1,RLM1,SP209,REF55
0.0,1.0,1.0,1.0,0.0,0.0,1996.0,ECU.1_1,RLM1,SP209,REF55
0.0,1.0,1.0,1.0,0.0,0.0,1996.0,ECU.2_1,RLM1,SP209,REF55
1.0,,,1.0,0.0,0.0,,SLV.1_1,RLM9,SP209,REF55
1.0,,,1.0,0.0,0.0,,HND.1_1,RLM9,SP209,REF55
1.0,,,1.0,0.0,0.0,,HND.2_1,RLM9,SP209,REF55
1.0,,,,0.0,0.0,,MEX.1_1,RLM2,SP209,REF55
0.0,1.0,,1.0,0.0,0.0,1973.0,PAN.1_1,RLM9,SP209,REF55
0.0,1.0,0.0,1.0,0.0,0.0,1983.0,VEN.1_1,RLM1,SP209,REF55
0.0,1.0,0.0,1.0,0.0,0.0,1983.0,VEN.2_1,RLM1,SP209,REF55
0.0,1.0,,1.0,0.0,0.0,2000.0,FRA.1_1,RLM7,,REF49
0.0,1.0,,1.0,0.0,0.0,,GRC.1_1,RLM7,,REF49
0.0,1.0,,1.0,0.0,0.0,,GRC.2_1,RLM7,,REF49
0.0,1.0,,1.0,0.0,0.0,,ITA.1_1,RLM7,,REF49
0.0,1.0,,1.0,0.0,0.0,,NLD.1_1,RLM7,,REF49
0.0,1.0,,1.0,0.0,0.0,2014.0,POL.1_1,RLM7,,REF49
0.0,1.0,,1.0,0.0,0.0,,ESP.1_1,RLM7,,REF49
0.0,1.0,,1.0,0.0,0.0,,ESP.1_2,RLM7,,REF49
0.0,1.0,,1.0,0.0,0.0,,ESP.2_1,RLM7,,REF49
0.0,1.0,,1.0,0.0,0.0,,ESP.3_1,RLM7,,REF49
0.0,1.0,,1.0,0.0,0.0,2014.0,TUR.1_1,RLM7,,REF49
0.0,1.0,,1.0,0.0,0.0,,GBR.1_1,RLM7,,REF49
0.0,1.0,,1.0,0.0,0.0,,HRV.1_1,RLM7,SP982,REF24
0.0,1.0,,1.0,0.0,0.0,,FRA.1_1,RLM7,SP982,REF24
0.0,1.0,,1.0,0.0,0.0,,ITA.1_1,RLM7,SP982,REF24
0.0,1.0,,1.0,0.0,0.0,,PRT.1_1,RLM7,SP982,REF24
0.0,1.0,,1.0,0.0,0.0,,PRT.2_1,RLM7,SP982,REF24
0.0,1.0,,1.0,0.0,0.0,,PRT.3_1,RLM7,SP982,REF24
0.0,1.0,,1.0,0.0,0.0,,SVN.1_1,RLM7,SP982,REF24
0.0,1.0,,1.0,0.0,0.0,,ESP.1_1,RLM7,SP982,REF24
0.0,1.0,,1.0,0.0,0.0,,ESP.1_2,RLM7,SP982,REF24
0.0,1.0,,1.0,0.0,0.0,,ESP.2_1,RLM7,SP982,REF24
0.0,1.0,,1.0,0.0,0.0,,ESP.3_1,RLM7,SP982,REF24
0.0,1.0,,1.0,0.0,0.0,,CHE.1_1,RLM7,SP982,REF24
0.0,1.0,,1.0,0.0,0.0,,FRA.1_1,RLM7,SP984,REF24
0.0,1.0,,1.0,0.0,0.0,,ESP.1_1,RLM7,SP984,REF24
0.0,1.0,,1.0,0.0,0.0,,ESP.1_2,RLM7,SP984,REF24
0.0,1.0,,1.0,0.0,0.0,,ESP.2_1,RLM7,SP984,REF24
0.0,1.0,,1.0,0.0,0.0,,ESP.3_1,RLM7,SP984,REF24
0.0,1.0,,1.0,0.0,0.0,,PRT.1_1,RLM7,SP59,REF24
0.0,1.0,,1.0,0.0,0.0,,PRT.2_1,RLM7,SP59,REF24
0.0,1.0,,1.0,0.0,0.0,,PRT.3_1,RLM7,SP59,REF24
0.0,1.0,,1.0,0.0,,,,RLM7,SP700,REF24
0.0,1.0,,1.0,0.0,0.0,,GBR.1_1,RLM7,SP700,REF24
0.0,1.0,,1.0,0.0,0.0,,GBR.1_1,RLM7,SP52,REF24
0.0,1.0,,1.0,0.0,0.0,,NLD.1_1,RLM7,SP1197,REF24
0.0,1.0,,1.0,0.0,0.0,,GBR.1_1,RLM7,SP1197,REF24
0.0,1.0,,1.0,0.0,0.0,,AUT.1_1,RLM7,SP720,REF24
0.0,1.0,,1.0,0.0,0.0,,BEL.1_1,RLM7,SP720,REF24
0.0,1.0,,1.0,0.0,0.0,,CZE.1_1,RLM7,SP720,REF24
0.0,1.0,,1.0,0.0,0.0,,DNK.1_1,RLM7,SP720,REF24
0.0,1.0,,1.0,0.0,0.0,,DEU.1_1,RLM7,SP720,REF24
0.0,1.0,,1.0,0.0,0.0,,NLD.1_1,RLM7,SP720,REF24
0.0,1.0,,1.0,0.0,0.0,,POL.1_1,RLM7,SP720,REF24
0.0,1.0,,1.0,0.0,0.0,,PRT.1_1,RLM7,SP720,REF24
0.0,1.0,,1.0,0.0,0.0,,PRT.2_1,RLM7,SP720,REF24
0.0,1.0,,1.0,0.0,0.0,,PRT.3_1,RLM7,SP720,REF24
0.0,1.0,,1.0,0.0,0.0,,GBR.1_1,RLM7,SP720,REF24
0.0,1.0,,1.0,0.0,0.0,,CYP.1_1,RLM10,SP990,REF24
0.0,1.0,,1.0,0.0,0.0,,PRT.1_1,RLM7,SP990,REF24
0.0,1.0,,1.0,0.0,0.0,,PRT.2_1,RLM7,SP990,REF24
0.0,1.0,,1.0,0.0,0.0,,PRT.3_1,RLM7,SP990,REF24
0.0,1.0,,1.0,0.0,0.0,,ESP.1_1,RLM7,SP990,REF24
0.0,1.0,,1.0,0.0,0.0,,ESP.1_2,RLM7,SP990,REF24
0.0,1.0,,1.0,0.0,0.0,,ESP.2_1,RLM7,SP990,REF24
0.0,1.0,,1.0,0.0,0.0,,ESP.3_1,RLM7,SP990,REF24
0.0,1.0,,1.0,0.0,0.0,,GBR.1_1,RLM7,SP990,REF24
0.0,1.0,,1.0,0.0,0.0,,HUN.1_1,RLM7,SP180,REF24
0.0,1.0,,1.0,0.0,0.0,,ESP.1_1,RLM7,SP180,REF24
0.0,1.0,,1.0,0.0,0.0,,ESP.1_2,RLM7,SP180,REF24
0.0,1.0,,1.0,0.0,0.0,,ESP.2_1,RLM7,SP180,REF24
0.0,1.0,,1.0,0.0,0.0,,ESP.3_1,RLM7,SP180,REF24
0.0,1.0,,1.0,0.0,0.0,,AUT.1_1,RLM7,SP991,REF24
0.0,1.0,,1.0,0.0,0.0,,BIH.1_1,RLM7,SP991,REF24
0.0,1.0,,1.0,0.0,0.0,,HRV.1_1,RLM7,SP991,REF24
0.0,1.0,,1.0,0.0,0.0,,DEU.1_1,RLM7,SP991,REF24
0.0,1.0,,1.0,0.0,0.0,,HUN.1_1,RLM7,SP991,REF24
0.0,1.0,,1.0,0.0,0.0,,ITA.1_1,RLM7,SP991,REF24
0.0,1.0,,1.0,0.0,0.0,,MKD.1_1,RLM7,SP991,REF24
0.0,1.0,,1.0,0.0,0.0,,ROU.1_1,RLM7,SP991,REF24
0.0,1.0,,1.0,0.0,0.0,,SRB.1_1,RLM7,SP991,REF24
0.0,1.0,,1.0,0.0,0.0,,SVN.1_1,RLM7,SP991,REF24
0.0,1.0,,1.0,0.0,0.0,,AUT.1_1,RLM7,SP453,REF24
0.0,1.0,,1.0,0.0,0.0,,BEL.1_1,RLM7,SP453,REF24
0.0,1.0,,1.0,0.0,0.0,,CZE.1_1,RLM7,SP453,REF24
0.0,1.0,,1.0,0.0,0.0,,DNK.1_1,RLM7,SP453,REF24
0.0,1.0,,1.0,0.0,0.0,,DEU.1_1,RLM7,SP453,REF24
0.0,1.0,,1.0,0.0,0.0,,HUN.1_1,RLM7,SP453,REF24
0.0,1.0,,1.0,0.0,0.0,,NLD.1_1,RLM7,SP453,REF24
0.0,1.0,,1.0,0.0,0.0,,NOR.1_1,RLM7,SP453,REF24
0.0,1.0,,1.0,0.0,0.0,,POL.1_1,RLM7,SP453,REF24
0.0,1.0,,1.0,0.0,0.0,,ROU.1_1,RLM7,SP453,REF24
0.0,1.0,,1.0,0.0,0.0,,,RLM7,SP453,REF24
0.0,1.0,,1.0,0.0,0.0,,SWE.1_1,RLM7,SP453,REF24
0.0,1.0,,1.0,0.0,0.0,,CHE.1_1,RLM7,SP453,REF24
0.0,1.0,,1.0,0.0,0.0,,GBR.1_1,RLM7,SP453,REF24
0.0,1.0,,1.0,0.0,0.0,,FRA.1_1,RLM7,SP181,REF24
0.0,1.0,,1.0,0.0,0.0,,GRC.1_1,RLM7,SP181,REF24
0.0,1.0,,1.0,0.0,0.0,,GRC.2_1,RLM7,SP181,REF24
0.0,1.0,,1.0,0.0,0.0,,ESP.1_1,RLM7,SP181,REF24
0.0,1.0,,1.0,0.0,0.0,,ESP.1_2,RLM7,SP181,REF24
0.0,1.0,,1.0,0.0,0.0,,ESP.2_1,RLM7,SP181,REF24
0.0,1.0,,1.0,0.0,0.0,,ESP.3_1,RLM7,SP181,REF24
0.0,1.0,,1.0,0.0,0.0,,FRA.1_1,RLM7,SP1200,REF24
0.0,1.0,,1.0,0.0,0.0,,ESP.1_1,RLM7,SP1200,REF24
0.0,1.0,,1.0,0.0,0.0,,ESP.1_2,RLM7,SP1200,REF24
0.0,1.0,,1.0,0.0,0.0,,ESP.2_1,RLM7,SP1200,REF24
0.0,1.0,,1.0,0.0,0.0,,ESP.3_1,RLM7,SP1200,REF24
0.0,1.0,,1.0,0.0,0.0,,GBR.1_1,RLM7,SP911,REF24
0.0,1.0,,1.0,0.0,0.0,,DNK.1_1,RLM7,SP1004,REF24
0.0,1.0,,1.0,0.0,0.0,,FIN.1_1,RLM7,SP1004,REF24
0.0,1.0,,1.0,0.0,0.0,,HUN.1_1,RLM7,SP1004,REF24
0.0,1.0,,1.0,0.0,0.0,,LVA.1_1,RLM7,SP1004,REF24
0.0,1.0,,1.0,0.0,0.0,,LTU.1_1,RLM7,SP1004,REF24
0.0,1.0,,1.0,0.0,0.0,,NLD.1_1,RLM7,SP1004,REF24
0.0,1.0,,1.0,0.0,0.0,,NOR.1_1,RLM7,SP1004,REF24
0.0,1.0,,1.0,0.0,0.0,,IRL.1_1,RLM7,SP1004,REF24
0.0,1.0,,1.0,0.0,0.0,,SWE.1_1,RLM7,SP1004,REF24
0.0,1.0,,1.0,0.0,0.0,,GBR.1_1,RLM7,SP1004,REF24
0.0,1.0,,1.0,0.0,0.0,,AUT.1_1,RLM7,SP1005,REF24
0.0,1.0,,1.0,0.0,0.0,,BEL.1_1,RLM7,SP1005,REF24
0.0,1.0,,1.0,0.0,0.0,,BGR.1_1,RLM7,SP1005,REF24
0.0,1.0,,1.0,0.0,0.0,,CZE.1_1,RLM7,SP1005,REF24
0.0,1.0,,1.0,0.0,0.0,,DEU.1_1,RLM7,SP1005,REF24
0.0,1.0,,1.0,0.0,0.0,,HUN.1_1,RLM7,SP1005,REF24
0.0,1.0,,1.0,0.0,0.0,,NLD.1_1,RLM7,SP1005,REF24
0.0,1.0,,1.0,0.0,0.0,,POL.1_1,RLM7,SP1005,REF24
0.0,1.0,,1.0,0.0,0.0,,SVK.1_1,RLM7,SP1005,REF24
0.0,1.0,,1.0,0.0,0.0,,SVN.1_1,RLM7,SP1005,REF24
0.0,1.0,,1.0,0.0,0.0,,CHE.1_1,RLM7,SP1005,REF24
0.0,1.0,,1.0,0.0,0.0,,AUT.1_1,RLM7,SP912,REF24
0.0,1.0,,1.0,0.0,0.0,,BEL.1_1,RLM7,SP912,REF24
0.0,1.0,,1.0,0.0,0.0,,CZE.1_1,RLM7,SP912,REF24
0.0,1.0,,1.0,0.0,0.0,,DNK.1_1,RLM7,SP912,REF24
0.0,1.0,,1.0,0.0,0.0,,DEU.1_1,RLM7,SP912,REF24
0.0,1.0,,1.0,0.0,0.0,,HUN.1_1,RLM7,SP912,REF24
0.0,1.0,,1.0,0.0,0.0,,LVA.1_1,RLM7,SP912,REF24
0.0,1.0,,1.0,0.0,0.0,,NLD.1_1,RLM7,SP912,REF24
0.0,1.0,,1.0,0.0,0.0,,POL.1_1,RLM7,SP912,REF24
0.0,1.0,,1.0,0.0,0.0,,SVK.1_1,RLM7,SP912,REF24
0.0,1.0,,1.0,0.0,0.0,,SVN.1_1,RLM7,SP912,REF24
0.0,1.0,,1.0,0.0,0.0,,SWE.1_1,RLM7,SP912,REF24
0.0,1.0,,1.0,0.0,0.0,,GBR.1_1,RLM7,SP912,REF24
0.0,1.0,,1.0,0.0,0.0,,MNE.1_1,RLM7,SP1194,REF24
0.0,1.0,,1.0,0.0,0.0,,GBR.1_1,RLM7,SP65,REF24
0.0,1.0,,1.0,0.0,0.0,,MNE.1_1,RLM7,SP1193,REF24
0.0,1.0,,1.0,0.0,0.0,,BEL.1_1,RLM7,SP1006,REF24
0.0,1.0,,1.0,0.0,0.0,,FRA.1_1,RLM7,SP1006,REF24
0.0,1.0,,1.0,0.0,0.0,,IRL.1_1,RLM7,SP1006,REF24
0.0,1.0,,1.0,0.0,0.0,,NLD.1_1,RLM7,SP1006,REF24
0.0,1.0,,1.0,0.0,0.0,,GBR.1_1,RLM7,SP1006,REF24
0.0,1.0,,1.0,0.0,0.0,,PRT.1_1,RLM7,SP1013,REF24
0.0,1.0,,1.0,0.0,0.0,,PRT.2_1,RLM7,SP1013,REF24
0.0,1.0,,1.0,0.0,0.0,,PRT.3_1,RLM7,SP1013,REF24
0.0,1.0,,1.0,0.0,0.0,,IRL.1_1,RLM7,SP1015,REF24
0.0,1.0,,1.0,0.0,0.0,,GBR.1_1,RLM7,SP1015,REF24
0.0,1.0,,1.0,0.0,0.0,,FRA.1_1,RLM7,SP1016,REF24
0.0,1.0,,1.0,0.0,0.0,,PRT.1_1,RLM7,SP1016,REF24
0.0,1.0,,1.0,0.0,0.0,,PRT.2_1,RLM7,SP1016,REF24
0.0,1.0,,1.0,0.0,0.0,,PRT.3_1,RLM7,SP1016,REF24
0.0,1.0,,1.0,0.0,0.0,,ESP.1_1,RLM7,SP1016,REF24
0.0,1.0,,1.0,0.0,0.0,,ESP.1_2,RLM7,SP1016,REF24
0.0,1.0,,1.0,0.0,0.0,,ESP.2_1,RLM7,SP1016,REF24
0.0,1.0,,1.0,0.0,0.0,,ESP.3_1,RLM7,SP1016,REF24
0.0,1.0,,1.0,0.0,0.0,,GBR.1_1,RLM7,SP1198,REF24
0.0,1.0,,1.0,0.0,0.0,,FRA.1_1,RLM7,SP1018,REF24
0.0,1.0,,1.0,0.0,0.0,,NLD.1_1,RLM7,SP1018,REF24
0.0,1.0,,1.0,0.0,0.0,,POL.1_1,RLM7,SP1018,REF24
0.0,1.0,,1.0,0.0,0.0,,ESP.1_1,RLM7,SP1018,REF24
0.0,1.0,,1.0,0.0,0.0,,ESP.1_2,RLM7,SP1018,REF24
0.0,1.0,,1.0,0.0,0.0,,ESP.2_1,RLM7,SP1018,REF24
0.0,1.0,,1.0,0.0,0.0,,ESP.3_1,RLM7,SP1018,REF24
0.0,1.0,,1.0,0.0,0.0,,FIN.1_1,RLM7,SP1019,REF24
0.0,1.0,,1.0,0.0,0.0,,FRA.1_1,RLM7,SP1019,REF24
0.0,1.0,,1.0,0.0,0.0,,ITA.1_1,RLM7,SP1019,REF24
0.0,1.0,,1.0,0.0,0.0,,IRL.1_1,RLM7,SP1022,REF24
0.0,1.0,,1.0,0.0,0.0,,BEL.1_1,RLM7,SP55,REF24
0.0,1.0,,1.0,0.0,0.0,,CZE.1_1,RLM7,SP55,REF24
0.0,1.0,,1.0,0.0,0.0,,DNK.1_1,RLM7,SP55,REF24
0.0,1.0,,1.0,0.0,0.0,,DEU.1_1,RLM7,SP55,REF24
0.0,1.0,,1.0,0.0,0.0,,HUN.1_1,RLM7,SP55,REF24
0.0,1.0,,1.0,0.0,0.0,,LTU.1_1,RLM7,SP55,REF24
0.0,1.0,,1.0,0.0,0.0,,LUX.1_1,RLM7,SP55,REF24
0.0,1.0,,1.0,0.0,0.0,,NLD.1_1,RLM7,SP55,REF24
0.0,1.0,,1.0,0.0,0.0,,IRL.1_1,RLM7,SP55,REF24
0.0,1.0,,1.0,0.0,0.0,,CHE.1_1,RLM7,SP55,REF24
0.0,1.0,,1.0,0.0,0.0,,GBR.1_1,RLM7,SP55,REF24
0.0,1.0,,1.0,0.0,0.0,,BEL.1_1,RLM7,SP76,REF24
0.0,1.0,,1.0,0.0,0.0,,FRA.1_1,RLM7,SP76,REF24
0.0,1.0,,1.0,0.0,0.0,,DEU.1_1,RLM7,SP76,REF24
0.0,1.0,,1.0,0.0,0.0,,ITA.1_1,RLM7,SP76,REF24
0.0,1.0,,1.0,0.0,0.0,,MLT.1_1,RLM10,SP76,REF24
0.0,1.0,,1.0,0.0,0.0,,PRT.1_1,RLM7,SP76,REF24
0.0,1.0,,1.0,0.0,0.0,,PRT.2_1,RLM7,SP76,REF24
0.0,1.0,,1.0,0.0,0.0,,PRT.3_1,RLM7,SP76,REF24
0.0,1.0,,1.0,0.0,0.0,,ESP.1_1,RLM7,SP76,REF24
0.0,1.0,,1.0,0.0,0.0,,ESP.1_2,RLM7,SP76,REF24
0.0,1.0,,1.0,0.0,0.0,,ESP.2_1,RLM7,SP76,REF24
0.0,1.0,,1.0,0.0,0.0,,ESP.3_1,RLM7,SP76,REF24
0.0,1.0,,1.0,0.0,0.0,,CHE.1_1,RLM7,SP76,REF24
0.0,1.0,,1.0,0.0,0.0,,GBR.1_1,RLM7,SP76,REF24
0.0,1.0,,1.0,0.0,0.0,,AUT.1_1,RLM7,SP1020,REF24
0.0,1.0,,1.0,0.0,0.0,,BEL.1_1,RLM7,SP1020,REF24
0.0,1.0,,1.0,0.0,0.0,,CZE.1_1,RLM7,SP1020,REF24
0.0,1.0,,1.0,0.0,0.0,,DNK.1_1,RLM7,SP1020,REF24
0.0,1.0,,1.0,0.0,0.0,,FIN.1_1,RLM7,SP1020,REF24
0.0,1.0,,1.0,0.0,0.0,,DEU.1_1,RLM7,SP1020,REF24
0.0,1.0,,1.0,0.0,0.0,,NLD.1_1,RLM7,SP1020,REF24
0.0,1.0,,1.0,0.0,0.0,,NOR.1_1,RLM7,SP1020,REF24
0.0,1.0,,1.0,0.0,0.0,,IRL.1_1,RLM7,SP1020,REF24
0.0,1.0,,1.0,0.0,0.0,,ROU.1_1,RLM7,SP1020,REF24
0.0,1.0,,1.0,0.0,0.0,,SVK.1_1,RLM7,SP1020,REF24
0.0,1.0,,1.0,0.0,0.0,,SWE.1_1,RLM7,SP1020,REF24
0.0,1.0,,1.0,0.0,0.0,,CHE.1_1,RLM7,SP1020,REF24
0.0,1.0,,1.0,0.0,0.0,,GBR.1_1,RLM7,SP1020,REF24
1.0,,,1.0,0.0,0.0,,ALB.1_1,RLM7,SP166,REF24
1.0,,,1.0,0.0,0.0,,AUT.1_1,RLM7,SP166,REF24
1.0,,,1.0,0.0,0.0,,BEL.1_1,RLM7,SP166,REF24
1.0,,,1.0,0.0,0.0,,BGR.1_1,RLM7,SP166,REF24
1.0,,,1.0,0.0,0.0,,CYP.1_1,RLM10,SP166,REF24
1.0,,,1.0,0.0,0.0,,CZE.1_1,RLM7,SP166,REF24
1.0,,,1.0,0.0,0.0,,DNK.1_1,RLM7,SP166,REF24
1.0,,,1.0,0.0,0.0,,FIN.1_1,RLM7,SP166,REF24
1.0,,,1.0,0.0,0.0,,FRA.1_1,RLM7,SP166,REF24
1.0,,,1.0,0.0,0.0,,DEU.1_1,RLM7,SP166,REF24
1.0,,,1.0,0.0,0.0,,GRC.1_1,RLM7,SP166,REF24
1.0,,,1.0,0.0,0.0,,GRC.2_1,RLM7,SP166,REF24
1.0,,,1.0,0.0,0.0,,HUN.1_1,RLM7,SP166,REF24
1.0,,,1.0,0.0,0.0,,ITA.1_1,RLM7,SP166,REF24
1.0,,,1.0,0.0,0.0,,LVA.1_1,RLM7,SP166,REF24
1.0,,,1.0,0.0,0.0,,LTU.1_1,RLM7,SP166,REF24
1.0,,,1.0,0.0,0.0,,MLT.1_1,RLM10,SP166,REF24
1.0,,,1.0,0.0,0.0,,NLD.1_1,RLM7,SP166,REF24
1.0,,,1.0,0.0,0.0,,NOR.1_1,RLM7,SP166,REF24
1.0,,,1.0,0.0,0.0,,POL.1_1,RLM7,SP166,REF24
1.0,,,1.0,0.0,0.0,,PRT.1_1,RLM7,SP166,REF24
1.0,,,1.0,0.0,0.0,,PRT.2_1,RLM7,SP166,REF24
1.0,,,1.0,0.0,0.0,,PRT.3_1,RLM7,SP166,REF24
1.0,,,1.0,0.0,0.0,,IRL.1_1,RLM7,SP166,REF24
1.0,,,1.0,0.0,0.0,,ROU.1_1,RLM7,SP166,REF24
1.0,,,1.0,0.0,0.0,,,RLM7,SP166,REF24
1.0,,,1.0,0.0,0.0,,SVK.1_1,RLM7,SP166,REF24
1.0,,,1.0,0.0,0.0,,ESP.1_1,RLM7,SP166,REF24
1.0,,,1.0,0.0,0.0,,ESP.1_2,RLM7,SP166,REF24
1.0,,,1.0,0.0,0.0,,ESP.2_1,RLM7,SP166,REF24
1.0,,,1.0,0.0,0.0,,ESP.3_1,RLM7,SP166,REF24
1.0,,,1.0,0.0,0.0,,SWE.1_1,RLM7,SP166,REF24
1.0,,,1.0,0.0,0.0,,CHE.1_1,RLM7,SP166,REF24
1.0,,,1.0,0.0,0.0,,GBR.1_1,RLM7,SP166,REF24
1.0,,,1.0,0.0,0.0,,ALB.1_1,RLM7,SP205,REF24
1.0,,,1.0,0.0,0.0,,AUT.1_1,RLM7,SP205,REF24
1.0,,,1.0,0.0,0.0,,BLR.1_1,RLM7,SP205,REF24
1.0,,,1.0,0.0,0.0,,BEL.1_1,RLM7,SP205,REF24
1.0,,,1.0,0.0,0.0,,BIH.1_1,RLM7,SP205,REF24
1.0,,,1.0,0.0,0.0,,BGR.1_1,RLM7,SP205,REF24
1.0,,,1.0,0.0,0.0,,HRV.1_1,RLM7,SP205,REF24
1.0,,,1.0,0.0,0.0,,CYP.1_1,RLM10,SP205,REF24
1.0,,,1.0,0.0,0.0,,CZE.1_1,RLM7,SP205,REF24
1.0,,,1.0,0.0,0.0,,FRA.1_1,RLM7,SP205,REF24
1.0,,,1.0,0.0,0.0,,DEU.1_1,RLM7,SP205,REF24
1.0,,,1.0,0.0,0.0,,GRC.1_1,RLM7,SP205,REF24
1.0,,,1.0,0.0,0.0,,GRC.2_1,RLM7,SP205,REF24
1.0,,,1.0,0.0,0.0,,HUN.1_1,RLM7,SP205,REF24
1.0,,,1.0,0.0,0.0,,ITA.1_1,RLM7,SP205,REF24
1.0,,,1.0,0.0,0.0,,LTU.1_1,RLM7,SP205,REF24
1.0,,,1.0,0.0,0.0,,LUX.1_1,RLM7,SP205,REF24
1.0,,,1.0,0.0,0.0,,MLT.1_1,RLM10,SP205,REF24
1.0,,,1.0,0.0,0.0,,MKD.1_1,RLM7,SP205,REF24
1.0,,,1.0,0.0,0.0,,NOR.1_1,RLM7,SP205,REF24
1.0,,,1.0,0.0,0.0,,POL.1_1,RLM7,SP205,REF24
1.0,,,1.0,0.0,0.0,,PRT.1_1,RLM7,SP205,REF24
1.0,,,1.0,0.0,0.0,,PRT.2_1,RLM7,SP205,REF24
1.0,,,1.0,0.0,0.0,,PRT.3_1,RLM7,SP205,REF24
1.0,,,1.0,0.0,0.0,,IRL.1_1,RLM7,SP205,REF24
1.0,,,1.0,0.0,0.0,,ROU.1_1,RLM7,SP205,REF24
1.0,,,1.0,0.0,0.0,,,RLM7,SP205,REF24
1.0,,,1.0,0.0,0.0,,SRB.1_1,RLM7,SP205,REF24
1.0,,,1.0,0.0,0.0,,SVK.1_1,RLM7,SP205,REF24
1.0,,,1.0,0.0,0.0,,SVN.1_1,RLM7,SP205,REF24
1.0,,,1.0,0.0,0.0,,ESP.1_1,RLM7,SP205,REF24
1.0,,,1.0,0.0,0.0,,ESP.1_2,RLM7,SP205,REF24
1.0,,,1.0,0.0,0.0,,ESP.2_1,RLM7,SP205,REF24
1.0,,,1.0,0.0,0.0,,ESP.3_1,RLM7,SP205,REF24
1.0,,,1.0,0.0,0.0,,SWE.1_1,RLM7,SP205,REF24
1.0,,,1.0,0.0,0.0,,CHE.1_1,RLM7,SP205,REF24
1.0,,,1.0,0.0,0.0,,GBR.1_1,RLM7,SP205,REF24
0.0,1.0,,1.0,0.0,0.0,,AUT.1_1,RLM7,SP429,REF24
0.0,1.0,,1.0,0.0,0.0,,DNK.1_1,RLM7,SP429,REF24
0.0,1.0,,1.0,0.0,0.0,,FRA.1_1,RLM7,SP429,REF24
0.0,1.0,,1.0,0.0,0.0,,DEU.1_1,RLM7,SP429,REF24
0.0,1.0,,1.0,0.0,0.0,,PRT.1_1,RLM7,SP429,REF24
0.0,1.0,,1.0,0.0,0.0,,PRT.2_1,RLM7,SP429,REF24
0.0,1.0,,1.0,0.0,0.0,,PRT.3_1,RLM7,SP429,REF24
0.0,1.0,,1.0,0.0,0.0,,IRL.1_1,RLM7,SP429,REF24
0.0,1.0,,1.0,0.0,0.0,,ESP.1_1,RLM7,SP429,REF24
0.0,1.0,,1.0,0.0,0.0,,ESP.1_2,RLM7,SP429,REF24
0.0,1.0,,1.0,0.0,0.0,,ESP.2_1,RLM7,SP429,REF24
0.0,1.0,,1.0,0.0,0.0,,ESP.3_1,RLM7,SP429,REF24
0.0,1.0,,1.0,0.0,0.0,,GBR.1_1,RLM7,SP429,REF24
0.0,1.0,,1.0,0.0,0.0,,AUT.1_1,RLM7,SP430,REF24
0.0,1.0,,1.0,0.0,0.0,,BEL.1_1,RLM7,SP430,REF24
0.0,1.0,,1.0,0.0,0.0,,CZE.1_1,RLM7,SP430,REF24
0.0,1.0,,1.0,0.0,0.0,,DNK.1_1,RLM7,SP430,REF24
0.0,1.0,,1.0,0.0,0.0,,FRA.1_1,RLM7,SP430,REF24
0.0,1.0,,1.0,0.0,0.0,,DEU.1_1,RLM7,SP430,REF24
0.0,1.0,,1.0,0.0,0.0,,ITA.1_1,RLM7,SP430,REF24
0.0,1.0,,1.0,0.0,0.0,,NLD.1_1,RLM7,SP430,REF24
0.0,1.0,,1.0,0.0,0.0,,NOR.1_1,RLM7,SP430,REF24
0.0,1.0,,1.0,0.0,0.0,,POL.1_1,RLM7,SP430,REF24
0.0,1.0,,1.0,0.0,0.0,,PRT.1_1,RLM7,SP430,REF24
0.0,1.0,,1.0,0.0,0.0,,PRT.2_1,RLM7,SP430,REF24
0.0,1.0,,1.0,0.0,0.0,,PRT.3_1,RLM7,SP430,REF24
0.0,1.0,,1.0,0.0,0.0,,,RLM7,SP430,REF24
0.0,1.0,,1.0,0.0,0.0,,SVK.1_1,RLM7,SP430,REF24
0.0,1.0,,1.0,0.0,0.0,,SVN.1_1,RLM7,SP430,REF24
0.0,1.0,,1.0,0.0,0.0,,ESP.1_1,RLM7,SP430,REF24
0.0,1.0,,1.0,0.0,0.0,,ESP.1_2,RLM7,SP430,REF24
0.0,1.0,,1.0,0.0,0.0,,ESP.2_1,RLM7,SP430,REF24
0.0,1.0,,1.0,0.0,0.0,,ESP.3_1,RLM7,SP430,REF24
0.0,1.0,,1.0,0.0,0.0,,SWE.1_1,RLM7,SP430,REF24
0.0,1.0,,1.0,0.0,0.0,,CHE.1_1,RLM7,SP430,REF24
0.0,1.0,,1.0,0.0,0.0,,GBR.1_1,RLM7,SP430,REF24
0.0,1.0,,1.0,0.0,0.0,,AUT.1_1,RLM7,SP221,REF24
0.0,1.0,,1.0,0.0,0.0,,BEL.1_1,RLM7,SP221,REF24
0.0,1.0,,1.0,0.0,0.0,,CZE.1_1,RLM7,SP221,REF24
0.0,1.0,,1.0,0.0,0.0,,FRA.1_1,RLM7,SP221,REF24
0.0,1.0,,1.0,0.0,0.0,,DEU.1_1,RLM7,SP221,REF24
0.0,1.0,,1.0,0.0,0.0,,HUN.1_1,RLM7,SP221,REF24
0.0,1.0,,1.0,0.0,0.0,,ITA.1_1,RLM7,SP221,REF24
0.0,1.0,,1.0,0.0,0.0,,MDA.1_1,RLM7,SP221,REF24
0.0,1.0,,1.0,0.0,0.0,,POL.1_1,RLM7,SP221,REF24
0.0,1.0,,1.0,0.0,0.0,,ROU.1_1,RLM7,SP221,REF24
0.0,1.0,,1.0,0.0,0.0,,,RLM7,SP221,REF24
0.0,1.0,,1.0,0.0,0.0,,ESP.1_1,RLM7,SP221,REF24
0.0,1.0,,1.0,0.0,0.0,,ESP.1_2,RLM7,SP221,REF24
0.0,1.0,,1.0,0.0,0.0,,ESP.2_1,RLM7,SP221,REF24
0.0,1.0,,1.0,0.0,0.0,,ESP.3_1,RLM7,SP221,REF24
0.0,1.0,,1.0,0.0,0.0,,CHE.1_1,RLM7,SP221,REF24
0.0,1.0,,1.0,0.0,0.0,,GBR.1_1,RLM7,SP221,REF24
0.0,1.0,,1.0,0.0,0.0,,LVA.1_1,RLM7,SP916,REF24
0.0,1.0,,1.0,0.0,0.0,,LTU.1_1,RLM7,SP916,REF24
0.0,1.0,,1.0,0.0,0.0,,NOR.1_1,RLM7,SP916,REF24
0.0,1.0,,1.0,0.0,0.0,,SWE.1_1,RLM7,SP916,REF24
0.0,1.0,0.0,1.0,0.0,0.0,1989.0,AUT.1_1,RLM7,SP67,REF24
0.0,1.0,1.0,1.0,0.0,0.0,2003.0,BLR.1_1,RLM7,SP67,REF24
0.0,1.0,1.0,1.0,0.0,0.0,2000.0,BEL.1_1,RLM7,SP67,REF24
0.0,1.0,1.0,1.0,0.0,0.0,1993.0,BIH.1_1,RLM7,SP67,REF24
0.0,1.0,1.0,1.0,0.0,0.0,,BGR.1_1,RLM7,SP67,REF24
0.0,1.0,1.0,1.0,0.0,0.0,1995.0,HRV.1_1,RLM7,SP67,REF24
0.0,1.0,1.0,1.0,0.0,0.0,1997.0,CZE.1_1,RLM7,SP67,REF24
0.0,1.0,1.0,1.0,0.0,0.0,2002.0,DNK.1_1,RLM7,SP67,REF24
0.0,1.0,1.0,1.0,0.0,0.0,2006.0,FIN.1_1,RLM7,SP67,REF24
0.0,1.0,1.0,1.0,0.0,0.0,,FRA.1_1,RLM7,SP67,REF24
0.0,1.0,1.0,1.0,0.0,0.0,,DEU.1_1,RLM7,SP67,REF24
0.0,1.0,1.0,1.0,0.0,0.0,1993.0,HUN.1_1,RLM7,SP67,REF24
0.0,1.0,1.0,1.0,0.0,0.0,,ITA.1_1,RLM7,SP67,REF24
0.0,1.0,1.0,1.0,0.0,0.0,,LVA.1_1,RLM7,SP67,REF24
0.0,1.0,1.0,1.0,0.0,0.0,,LTU.1_1,RLM7,SP67,REF24
0.0,1.0,1.0,1.0,0.0,0.0,,NLD.1_1,RLM7,SP67,REF24
0.0,1.0,1.0,1.0,0.0,0.0,,POL.1_1,RLM7,SP67,REF24
0.0,1.0,1.0,1.0,0.0,0.0,,ROU.1_1,RLM7,SP67,REF24
0.0,1.0,,1.0,0.0,0.0,,,RLM7,SP67,REF24
0.0,1.0,1.0,1.0,0.0,0.0,,SRB.1_1,RLM7,SP67,REF24
0.0,1.0,1.0,1.0,0.0,0.0,,SVK.1_1,RLM7,SP67,REF24
0.0,1.0,1.0,1.0,0.0,0.0,,SVN.1_1,RLM7,SP67,REF24
0.0,1.0,1.0,1.0,0.0,0.0,,ESP.1_1,RLM7,SP67,REF24
0.0,1.0,1.0,1.0,0.0,0.0,,ESP.1_2,RLM7,SP67,REF24
0.0,1.0,1.0,1.0,0.0,0.0,,ESP.2_1,RLM7,SP67,REF24
0.0,1.0,1.0,1.0,0.0,0.0,,ESP.3_1,RLM7,SP67,REF24
0.0,1.0,1.0,1.0,0.0,0.0,,SWE.1_1,RLM7,SP67,REF24
0.0,1.0,1.0,1.0,0.0,0.0,,CHE.1_1,RLM7,SP67,REF24
0.0,1.0,1.0,1.0,0.0,0.0,,GBR.1_1,RLM7,SP67,REF24
0.0,1.0,,1.0,0.0,0.0,,CHE.1_1,RLM7,SP1433,REF24
0.0,1.0,,1.0,0.0,0.0,,FRA.1_1,RLM7,SP40,REF24
0.0,1.0,,1.0,0.0,0.0,,,RLM7,SP40,REF24
0.0,1.0,,1.0,0.0,0.0,,ESP.1_1,RLM7,SP40,REF24
0.0,1.0,,1.0,0.0,0.0,,ESP.1_2,RLM7,SP40,REF24
0.0,1.0,,1.0,0.0,0.0,,ESP.2_1,RLM7,SP40,REF24
0.0,1.0,,1.0,0.0,0.0,,ESP.3_1,RLM7,SP40,REF24
0.0,1.0,,1.0,0.0,0.0,,CZE.1_1,RLM7,SP45,REF24
0.0,1.0,,1.0,0.0,0.0,,POL.1_1,RLM7,SP45,REF24
0.0,1.0,,1.0,0.0,0.0,,SWE.1_1,RLM7,SP45,REF24
0.0,1.0,,1.0,0.0,0.0,,DEU.1_1,RLM7,SP162,REF24
0.0,1.0,,1.0,0.0,0.0,,PRT.1_1,RLM7,SP1031,REF24
0.0,1.0,,1.0,0.0,0.0,,PRT.2_1,RLM7,SP1031,REF24
0.0,1.0,,1.0,0.0,0.0,,PRT.3_1,RLM7,SP1031,REF24
0.0,1.0,,1.0,0.0,0.0,,DNK.1_1,RLM7,SP363,REF24
0.0,1.0,,1.0,0.0,0.0,,DEU.1_1,RLM7,SP363,REF24
0.0,1.0,,1.0,0.0,0.0,,GBR.1_1,RLM7,SP363,REF24
0.0,1.0,,1.0,0.0,0.0,,BEL.1_1,RLM7,SP597,REF24
0.0,1.0,,1.0,0.0,0.0,,HRV.1_1,RLM7,SP597,REF24
0.0,1.0,,1.0,0.0,0.0,,DNK.1_1,RLM7,SP597,REF24
0.0,1.0,,1.0,0.0,0.0,,EST.1_1,RLM7,SP597,REF24
0.0,1.0,,1.0,0.0,0.0,,FIN.1_1,RLM7,SP597,REF24
0.0,1.0,,1.0,0.0,0.0,,LVA.1_1,RLM7,SP597,REF24
0.0,1.0,,1.0,0.0,0.0,,LTU.1_1,RLM7,SP597,REF24
0.0,1.0,,1.0,0.0,0.0,,NLD.1_1,RLM7,SP597,REF24
0.0,1.0,,1.0,0.0,0.0,,MKD.1_1,RLM7,SP597,REF24
0.0,1.0,,1.0,0.0,0.0,,NOR.1_1,RLM7,SP597,REF24
0.0,1.0,,1.0,0.0,0.0,,IRL.1_1,RLM7,SP597,REF24
0.0,1.0,,1.0,0.0,0.0,,SRB.1_1,RLM7,SP597,REF24
0.0,1.0,,1.0,0.0,0.0,,SWE.1_1,RLM7,SP597,REF24
0.0,1.0,,1.0,0.0,0.0,,GBR.1_1,RLM7,SP597,REF24
0.0,1.0,,1.0,0.0,0.0,,DEU.1_1,RLM7,SP1027,REF24
0.0,1.0,,1.0,0.0,0.0,,HUN.1_1,RLM7,SP1027,REF24
0.0,1.0,,1.0,0.0,0.0,,ITA.1_1,RLM7,SP1027,REF24
0.0,1.0,,1.0,0.0,0.0,,LTU.1_1,RLM7,SP1027,REF24
0.0,1.0,,1.0,0.0,0.0,,SVK.1_1,RLM7,SP1027,REF24
0.0,1.0,,1.0,0.0,0.0,,SWE.1_1,RLM7,SP1027,REF24
0.0,1.0,,1.0,0.0,0.0,,AUT.1_1,RLM7,SP1036,REF24
0.0,1.0,,1.0,0.0,0.0,,CZE.1_1,RLM7,SP1036,REF24
0.0,1.0,,1.0,0.0,0.0,,FRA.1_1,RLM7,SP1036,REF24
0.0,1.0,,1.0,0.0,0.0,,DEU.1_1,RLM7,SP1036,REF24
0.0,1.0,,1.0,0.0,0.0,,HUN.1_1,RLM7,SP1036,REF24
0.0,1.0,,1.0,0.0,0.0,,ITA.1_1,RLM7,SP1036,REF24
0.0,1.0,,1.0,0.0,0.0,,SVK.1_1,RLM7,SP1036,REF24
0.0,1.0,,1.0,0.0,0.0,,GBR.1_1,RLM7,SP1036,REF24
1.0,,,1.0,0.0,0.0,,AUT.1_1,RLM7,SP169,REF24
1.0,,,1.0,0.0,0.0,,BEL.1_1,RLM7,SP169,REF24
1.0,,,1.0,0.0,0.0,,BGR.1_1,RLM7,SP169,REF24
1.0,,,1.0,0.0,0.0,,CZE.1_1,RLM7,SP169,REF24
1.0,,,1.0,0.0,0.0,,DNK.1_1,RLM7,SP169,REF24
1.0,,,1.0,0.0,0.0,,FRA.1_1,RLM7,SP169,REF24
1.0,,,1.0,0.0,0.0,,DEU.1_1,RLM7,SP169,REF24
1.0,,,1.0,0.0,0.0,,GRC.1_1,RLM7,SP169,REF24
1.0,,,1.0,0.0,0.0,,GRC.2_1,RLM7,SP169,REF24
1.0,,,1.0,0.0,0.0,,ITA.1_1,RLM7,SP169,REF24
1.0,,,1.0,0.0,0.0,,LVA.1_1,RLM7,SP169,REF24
1.0,,,1.0,0.0,0.0,,POL.1_1,RLM7,SP169,REF24
1.0,,,1.0,0.0,0.0,,PRT.1_1,RLM7,SP169,REF24
1.0,,,1.0,0.0,0.0,,PRT.2_1,RLM7,SP169,REF24
1.0,,,1.0,0.0,0.0,,PRT.3_1,RLM7,SP169,REF24
1.0,,,1.0,0.0,0.0,,ROU.1_1,RLM7,SP169,REF24
1.0,,,1.0,0.0,0.0,,ESP.1_1,RLM7,SP169,REF24
1.0,,,1.0,0.0,0.0,,ESP.1_2,RLM7,SP169,REF24
1.0,,,1.0,0.0,0.0,,ESP.2_1,RLM7,SP169,REF24
1.0,,,1.0,0.0,0.0,,ESP.3_1,RLM7,SP169,REF24
1.0,,,1.0,0.0,0.0,,SWE.1_1,RLM7,SP169,REF24
1.0,,,1.0,0.0,0.0,,CHE.1_1,RLM7,SP169,REF24
1.0,,,1.0,0.0,0.0,,GBR.1_1,RLM7,SP169,REF24
0.0,1.0,,1.0,0.0,0.0,,FIN.1_1,RLM7,SP1037,REF24
0.0,1.0,,1.0,0.0,0.0,,ISR.1_1,RLM10,SP1037,REF24
0.0,1.0,,1.0,0.0,0.0,,BEL.1_1,RLM7,SP1042,REF24
0.0,1.0,,1.0,0.0,0.0,,DNK.1_1,RLM7,SP1042,REF24
0.0,1.0,,1.0,0.0,0.0,,SWE.1_1,RLM7,SP1042,REF24
0.0,1.0,,1.0,0.0,0.0,,GBR.1_1,RLM7,SP930,REF24
0.0,1.0,,1.0,0.0,0.0,,BEL.1_1,RLM7,SP1434,REF24
0.0,1.0,,1.0,0.0,0.0,,DNK.1_1,RLM7,SP1434,REF24
0.0,1.0,,1.0,0.0,0.0,,GBR.1_1,RLM7,SP1434,REF24
0.0,1.0,,1.0,0.0,0.0,,GBR.1_1,RLM7,SP1044,REF24
0.0,1.0,,1.0,0.0,0.0,,,RLM7,SP165,REF24
0.0,1.0,,1.0,0.0,0.0,,PRT.1_1,RLM7,SP164,REF24
0.0,1.0,,1.0,0.0,0.0,,PRT.2_1,RLM7,SP164,REF24
0.0,1.0,,1.0,0.0,0.0,,PRT.3_1,RLM7,SP164,REF24
0.0,1.0,,1.0,0.0,0.0,,NLD.1_1,RLM7,SP1435,REF24
0.0,1.0,,1.0,0.0,0.0,,HRV.1_1,RLM7,SP212,REF24
0.0,1.0,,1.0,0.0,0.0,,GRC.1_1,RLM7,SP212,REF24
0.0,1.0,,1.0,0.0,0.0,,GRC.2_1,RLM7,SP212,REF24
0.0,1.0,,1.0,0.0,0.0,,ESP.1_1,RLM7,SP212,REF24
0.0,1.0,,1.0,0.0,0.0,,ESP.1_2,RLM7,SP212,REF24
0.0,1.0,,1.0,0.0,0.0,,ESP.2_1,RLM7,SP212,REF24
0.0,1.0,,1.0,0.0,0.0,,ESP.3_1,RLM7,SP212,REF24
0.0,1.0,,1.0,0.0,0.0,,PRT.1_1,RLM7,SP170,REF24
0.0,1.0,,1.0,0.0,0.0,,PRT.2_1,RLM7,SP170,REF24
0.0,1.0,,1.0,0.0,0.0,,PRT.3_1,RLM7,SP170,REF24
0.0,1.0,,1.0,0.0,0.0,,ESP.1_1,RLM7,SP170,REF24
0.0,1.0,,1.0,0.0,0.0,,ESP.1_2,RLM7,SP170,REF24
0.0,1.0,,1.0,0.0,0.0,,ESP.2_1,RLM7,SP170,REF24
0.0,1.0,,1.0,0.0,0.0,,ESP.3_1,RLM7,SP170,REF24
0.0,1.0,,1.0,0.0,0.0,,GBR.1_1,RLM7,SP98,REF24
0.0,1.0,,1.0,0.0,0.0,,FRA.1_1,RLM7,SP1436,REF24
0.0,1.0,,1.0,0.0,0.0,,DEU.1_1,RLM7,SP1436,REF24
0.0,1.0,,1.0,0.0,0.0,,NLD.1_1,RLM7,SP1436,REF24
0.0,1.0,,1.0,0.0,0.0,,CHE.1_1,RLM7,SP1436,REF24
0.0,1.0,,1.0,0.0,0.0,,FRA.1_1,RLM7,SP1059,REF24
0.0,1.0,,1.0,0.0,0.0,,BEL.1_1,RLM7,SP179,REF24
0.0,1.0,,1.0,0.0,0.0,,DNK.1_1,RLM7,SP179,REF24
0.0,1.0,,1.0,0.0,0.0,,MLT.1_1,RLM10,SP179,REF24
0.0,1.0,,1.0,0.0,0.0,,NLD.1_1,RLM7,SP179,REF24
0.0,1.0,,1.0,0.0,0.0,,PRT.1_1,RLM7,SP179,REF24
0.0,1.0,,1.0,0.0,0.0,,PRT.2_1,RLM7,SP179,REF24
0.0,1.0,,1.0,0.0,0.0,,PRT.3_1,RLM7,SP179,REF24
0.0,1.0,,1.0,0.0,0.0,,ESP.1_1,RLM7,SP179,REF24
0.0,1.0,,1.0,0.0,0.0,,ESP.1_2,RLM7,SP179,REF24
0.0,1.0,,1.0,0.0,0.0,,ESP.2_1,RLM7,SP179,REF24
0.0,1.0,,1.0,0.0,0.0,,ESP.3_1,RLM7,SP179,REF24
0.0,1.0,,1.0,0.0,0.0,,BEL.1_1,RLM7,SP10,REF24
0.0,1.0,,1.0,0.0,0.0,,CZE.1_1,RLM7,SP10,REF24
0.0,1.0,,1.0,0.0,0.0,,DNK.1_1,RLM7,SP10,REF24
0.0,1.0,,1.0,0.0,0.0,,FIN.1_1,RLM7,SP10,REF24
0.0,1.0,,1.0,0.0,0.0,,DEU.1_1,RLM7,SP10,REF24
0.0,1.0,,1.0,0.0,0.0,,NLD.1_1,RLM7,SP10,REF24
0.0,1.0,,1.0,0.0,0.0,,NOR.1_1,RLM7,SP10,REF24
0.0,1.0,,1.0,0.0,0.0,,SWE.1_1,RLM7,SP10,REF24
0.0,1.0,,1.0,0.0,0.0,,GBR.1_1,RLM7,SP10,REF24
0.0,1.0,,1.0,0.0,0.0,,SWE.1_1,RLM7,SP1250,REF24
0.0,1.0,,1.0,0.0,0.0,,ESP.1_1,RLM7,SP142,REF24
0.0,1.0,,1.0,0.0,0.0,,ESP.1_2,RLM7,SP142,REF24
0.0,1.0,,1.0,0.0,0.0,,ESP.2_1,RLM7,SP142,REF24
0.0,1.0,,1.0,0.0,0.0,,ESP.3_1,RLM7,SP142,REF24
0.0,1.0,,1.0,0.0,0.0,,GBR.1_1,RLM7,SP938,REF24
0.0,1.0,,1.0,0.0,0.0,,AUT.1_1,RLM7,SP1047,REF24
0.0,1.0,,1.0,0.0,0.0,,BEL.1_1,RLM7,SP1047,REF24
0.0,1.0,,1.0,0.0,0.0,,CHE.1_1,RLM7,SP1047,REF24
0.0,1.0,,1.0,0.0,0.0,,CZE.1_1,RLM7,SP1199,REF24
0.0,1.0,,1.0,0.0,0.0,,DNK.1_1,RLM7,SP1199,REF24
0.0,1.0,,1.0,0.0,0.0,,FIN.1_1,RLM7,SP1199,REF24
0.0,1.0,,1.0,0.0,0.0,,NLD.1_1,RLM7,SP1199,REF24
0.0,1.0,,1.0,0.0,0.0,,GBR.1_1,RLM7,SP1199,REF24
0.0,1.0,,1.0,0.0,0.0,,CZE.1_1,RLM7,SP1048,REF24
0.0,1.0,,1.0,0.0,0.0,,DNK.1_1,RLM7,SP1048,REF24
0.0,1.0,,1.0,0.0,0.0,,GBR.1_1,RLM7,SP1048,REF24
0.0,1.0,,1.0,0.0,0.0,,GBR.1_1,RLM7,SP1202,REF24
0.0,1.0,,1.0,0.0,0.0,,GBR.1_1,RLM7,SP538,REF24
0.0,1.0,,1.0,0.0,0.0,,PRT.1_1,RLM7,SP1063,REF24
0.0,1.0,,1.0,0.0,0.0,,PRT.2_1,RLM7,SP1063,REF24
0.0,1.0,,1.0,0.0,0.0,,PRT.3_1,RLM7,SP1063,REF24
0.0,1.0,,1.0,0.0,0.0,,AUT.1_1,RLM7,SP457,REF24
0.0,1.0,,1.0,0.0,0.0,,BLR.1_1,RLM7,SP457,REF24
0.0,1.0,,1.0,0.0,0.0,,BEL.1_1,RLM7,SP457,REF24
0.0,1.0,,1.0,0.0,0.0,,CZE.1_1,RLM7,SP457,REF24
0.0,1.0,,1.0,0.0,0.0,,DNK.1_1,RLM7,SP457,REF24
0.0,1.0,,1.0,0.0,0.0,,EST.1_1,RLM7,SP457,REF24
0.0,1.0,,1.0,0.0,0.0,,FIN.1_1,RLM7,SP457,REF24
0.0,1.0,,1.0,0.0,0.0,,DEU.1_1,RLM7,SP457,REF24
0.0,1.0,,1.0,0.0,0.0,,ISL.1_1,RLM7,SP457,REF24
0.0,1.0,,1.0,0.0,0.0,,LVA.1_1,RLM7,SP457,REF24
0.0,1.0,,1.0,0.0,0.0,,LTU.1_1,RLM7,SP457,REF24
0.0,1.0,,1.0,0.0,0.0,,NLD.1_1,RLM7,SP457,REF24
0.0,1.0,,1.0,0.0,0.0,,NOR.1_1,RLM7,SP457,REF24
0.0,1.0,,1.0,0.0,0.0,,POL.1_1,RLM7,SP457,REF24
0.0,1.0,,1.0,0.0,0.0,,IRL.1_1,RLM7,SP457,REF24
0.0,1.0,,1.0,0.0,0.0,,ROU.1_1,RLM7,SP457,REF24
0.0,1.0,,1.0,0.0,0.0,,SVK.1_1,RLM7,SP457,REF24
0.0,1.0,,1.0,0.0,0.0,,SWE.1_1,RLM7,SP457,REF24
0.0,1.0,,1.0,0.0,0.0,,CHE.1_1,RLM7,SP457,REF24
0.0,1.0,,1.0,0.0,0.0,,GBR.1_1,RLM7,SP457,REF24
1.0,,,1.0,0.0,0.0,,ALB.1_1,RLM7,SP172,REF24
1.0,,,1.0,0.0,0.0,,AUT.1_1,RLM7,SP172,REF24
1.0,,,1.0,0.0,0.0,,BEL.1_1,RLM7,SP172,REF24
1.0,,,1.0,0.0,0.0,,BGR.1_1,RLM7,SP172,REF24
1.0,,,1.0,0.0,0.0,,CYP.1_1,RLM10,SP172,REF24
1.0,,,1.0,0.0,0.0,,CZE.1_1,RLM7,SP172,REF24
1.0,,,1.0,0.0,0.0,,DNK.1_1,RLM7,SP172,REF24
1.0,,,1.0,0.0,0.0,,EST.1_1,RLM7,SP172,REF24
1.0,,,1.0,0.0,0.0,,FIN.1_1,RLM7,SP172,REF24
1.0,,,1.0,0.0,0.0,,FRA.1_1,RLM7,SP172,REF24
1.0,,,1.0,0.0,0.0,,DEU.1_1,RLM7,SP172,REF24
1.0,,,1.0,0.0,0.0,,GRC.1_1,RLM7,SP172,REF24
1.0,,,1.0,0.0,0.0,,GRC.2_1,RLM7,SP172,REF24
1.0,,,1.0,0.0,0.0,,HUN.1_1,RLM7,SP172,REF24
1.0,,,1.0,0.0,0.0,,ISL.1_1,RLM7,SP172,REF24
1.0,,,1.0,0.0,0.0,,ITA.1_1,RLM7,SP172,REF24
1.0,,,1.0,0.0,0.0,,LVA.1_1,RLM7,SP172,REF24
1.0,,,1.0,0.0,0.0,,LTU.1_1,RLM7,SP172,REF24
1.0,,,1.0,0.0,0.0,,MLT.1_1,RLM10,SP172,REF24
1.0,,,1.0,0.0,0.0,,NLD.1_1,RLM7,SP172,REF24
1.0,,,1.0,0.0,0.0,,MKD.1_1,RLM7,SP172,REF24
1.0,,,1.0,0.0,0.0,,NOR.1_1,RLM7,SP172,REF24
1.0,,,1.0,0.0,0.0,,POL.1_1,RLM7,SP172,REF24
1.0,,,1.0,0.0,0.0,,PRT.1_1,RLM7,SP172,REF24
1.0,,,1.0,0.0,0.0,,PRT.2_1,RLM7,SP172,REF24
1.0,,,1.0,0.0,0.0,,PRT.3_1,RLM7,SP172,REF24
1.0,,,1.0,0.0,0.0,,IRL.1_1,RLM7,SP172,REF24
1.0,,,1.0,0.0,0.0,,ROU.1_1,RLM7,SP172,REF24
1.0,,,1.0,0.0,0.0,,,RLM7,SP172,REF24
1.0,,,1.0,0.0,0.0,,SVK.1_1,RLM7,SP172,REF24
1.0,,,1.0,0.0,0.0,,SVN.1_1,RLM7,SP172,REF24
1.0,,,1.0,0.0,0.0,,ESP.1_1,RLM7,SP172,REF24
1.0,,,1.0,0.0,0.0,,ESP.1_2,RLM7,SP172,REF24
1.0,,,1.0,0.0,0.0,,ESP.2_1,RLM7,SP172,REF24
1.0,,,1.0,0.0,0.0,,ESP.3_1,RLM7,SP172,REF24
1.0,,,1.0,0.0,0.0,,SWE.1_1,RLM7,SP172,REF24
1.0,,,1.0,0.0,0.0,,CHE.1_1,RLM7,SP172,REF24
1.0,,,1.0,0.0,0.0,,GBR.1_1,RLM7,SP172,REF24
1.0,,,1.0,0.0,0.0,,ALB.1_1,RLM7,SP82,REF24
1.0,,,1.0,0.0,0.0,,AUT.1_1,RLM7,SP82,REF24
1.0,,,1.0,0.0,0.0,,BEL.1_1,RLM7,SP82,REF24
1.0,,,1.0,0.0,0.0,,BIH.1_1,RLM7,SP82,REF24
1.0,,,1.0,0.0,0.0,,BGR.1_1,RLM7,SP82,REF24
1.0,,,1.0,0.0,0.0,,CYP.1_1,RLM10,SP82,REF24
1.0,,,1.0,0.0,0.0,,CZE.1_1,RLM7,SP82,REF24
1.0,,,1.0,0.0,0.0,,DNK.1_1,RLM7,SP82,REF24
1.0,,,1.0,0.0,0.0,,EST.1_1,RLM7,SP82,REF24
1.0,,,1.0,0.0,0.0,,FIN.1_1,RLM7,SP82,REF24
1.0,,,1.0,0.0,0.0,,FRA.1_1,RLM7,SP82,REF24
1.0,,,1.0,0.0,0.0,,DEU.1_1,RLM7,SP82,REF24
1.0,,,1.0,0.0,0.0,,GRC.1_1,RLM7,SP82,REF24
1.0,,,1.0,0.0,0.0,,GRC.2_1,RLM7,SP82,REF24
1.0,,,1.0,0.0,0.0,,HUN.1_1,RLM7,SP82,REF24
1.0,,,1.0,0.0,0.0,,ISL.1_1,RLM7,SP82,REF24
1.0,,,1.0,0.0,0.0,,ITA.1_1,RLM7,SP82,REF24
1.0,,,1.0,0.0,0.0,,LVA.1_1,RLM7,SP82,REF24
1.0,,,1.0,0.0,0.0,,LTU.1_1,RLM7,SP82,REF24
1.0,,,1.0,0.0,0.0,,MLT.1_1,RLM10,SP82,REF24
1.0,,,1.0,0.0,0.0,,MNE.1_1,RLM7,SP82,REF24
1.0,,,1.0,0.0,0.0,,NOR.1_1,RLM7,SP82,REF24
1.0,,,1.0,0.0,0.0,,POL.1_1,RLM7,SP82,REF24
1.0,,,1.0,0.0,0.0,,PRT.1_1,RLM7,SP82,REF24
1.0,,,1.0,0.0,0.0,,PRT.2_1,RLM7,SP82,REF24
1.0,,,1.0,0.0,0.0,,PRT.3_1,RLM7,SP82,REF24
1.0,,,1.0,0.0,0.0,,IRL.1_1,RLM7,SP82,REF24
1.0,,,1.0,0.0,0.0,,ROU.1_1,RLM7,SP82,REF24
1.0,,,1.0,0.0,0.0,,,RLM7,SP82,REF24
1.0,,,1.0,0.0,0.0,,SRB.1_1,RLM7,SP82,REF24
1.0,,,1.0,0.0,0.0,,SVK.1_1,RLM7,SP82,REF24
1.0,,,1.0,0.0,0.0,,SVN.1_1,RLM7,SP82,REF24
1.0,,,1.0,0.0,0.0,,ESP.1_1,RLM7,SP82,REF24
1.0,,,1.0,0.0,0.0,,ESP.1_2,RLM7,SP82,REF24
1.0,,,1.0,0.0,0.0,,ESP.2_1,RLM7,SP82,REF24
1.0,,,1.0,0.0,0.0,,ESP.3_1,RLM7,SP82,REF24
1.0,,,1.0,0.0,0.0,,SWE.1_1,RLM7,SP82,REF24
1.0,,,1.0,0.0,0.0,,CHE.1_1,RLM7,SP82,REF24
1.0,,,1.0,0.0,0.0,,GBR.1_1,RLM7,SP82,REF24
0.0,1.0,,1.0,0.0,0.0,,DNK.1_1,RLM7,SP701,REF24
0.0,1.0,,1.0,0.0,0.0,,FRA.1_1,RLM7,SP701,REF24
0.0,1.0,,1.0,0.0,0.0,,ITA.1_1,RLM7,SP701,REF24
0.0,1.0,,1.0,0.0,0.0,,NOR.1_1,RLM7,SP701,REF24
0.0,1.0,,1.0,0.0,0.0,,SRB.1_1,RLM7,SP701,REF24
0.0,1.0,,1.0,0.0,0.0,,ESP.1_1,RLM7,SP701,REF24
0.0,1.0,,1.0,0.0,0.0,,ESP.1_2,RLM7,SP701,REF24
0.0,1.0,,1.0,0.0,0.0,,ESP.2_1,RLM7,SP701,REF24
0.0,1.0,,1.0,0.0,0.0,,ESP.3_1,RLM7,SP701,REF24
0.0,1.0,,1.0,0.0,0.0,,GBR.1_1,RLM7,SP701,REF24
0.0,1.0,,1.0,0.0,0.0,,FRA.1_1,RLM7,SP1191,REF24
0.0,1.0,,1.0,0.0,0.0,,AUT.1_1,RLM7,SP1049,REF24
0.0,1.0,,1.0,0.0,0.0,,BGR.1_1,RLM7,SP1049,REF24
0.0,1.0,,1.0,0.0,0.0,,FRA.1_1,RLM7,SP1049,REF24
0.0,1.0,,1.0,0.0,0.0,,GBR.1_1,RLM7,SP47,REF24
0.0,1.0,,1.0,0.0,0.0,,ISL.1_1,RLM7,SP1051,REF24
0.0,1.0,,1.0,0.0,0.0,,BEL.1_1,RLM7,SP1052,REF24
0.0,1.0,,1.0,0.0,0.0,,DNK.1_1,RLM7,SP1052,REF24
0.0,1.0,,1.0,0.0,0.0,,DEU.1_1,RLM7,SP1052,REF24
0.0,1.0,,1.0,0.0,0.0,,NLD.1_1,RLM7,SP1052,REF24
0.0,1.0,,1.0,0.0,0.0,,SWE.1_1,RLM7,SP1052,REF24
0.0,1.0,,1.0,0.0,0.0,,SWE.1_1,RLM7,SP1213,REF24
0.0,1.0,,1.0,0.0,0.0,,MLT.1_1,RLM10,SP1214,REF24
0.0,1.0,,1.0,0.0,0.0,,DEU.1_1,RLM7,SP1238,REF24
0.0,1.0,,1.0,0.0,0.0,,IRL.1_1,RLM7,SP1069,REF24
0.0,1.0,,1.0,0.0,0.0,,BEL.1_1,RLM7,SP1056,REF24
0.0,1.0,,1.0,0.0,0.0,,GBR.1_1,RLM7,SP1056,REF24
0.0,1.0,,1.0,0.0,0.0,,PRT.1_1,RLM7,SP1229,REF24
0.0,1.0,,1.0,0.0,0.0,,PRT.2_1,RLM7,SP1229,REF24
0.0,1.0,,1.0,0.0,0.0,,PRT.3_1,RLM7,SP1229,REF24
0.0,1.0,,1.0,0.0,0.0,,DEU.1_1,RLM7,SP1230,REF24
0.0,1.0,,1.0,0.0,0.0,,GBR.1_1,RLM7,SP1073,REF24
0.0,1.0,,1.0,0.0,0.0,,BEL.1_1,RLM7,SP944,REF24
0.0,1.0,,1.0,0.0,0.0,,BGR.1_1,RLM7,SP944,REF24
0.0,1.0,,1.0,0.0,0.0,,DNK.1_1,RLM7,SP944,REF24
0.0,1.0,,1.0,0.0,0.0,,NLD.1_1,RLM7,SP944,REF24
0.0,1.0,,1.0,0.0,0.0,,GBR.1_1,RLM7,SP944,REF24
0.0,1.0,,1.0,0.0,0.0,,CHE.1_1,RLM7,SP1437,REF24
0.0,1.0,,1.0,0.0,0.0,,ALB.1_1,RLM7,SP15,REF24
0.0,1.0,,1.0,0.0,0.0,,AUT.1_1,RLM7,SP15,REF24
0.0,1.0,,1.0,0.0,0.0,,BIH.1_1,RLM7,SP15,REF24
0.0,1.0,,1.0,0.0,0.0,,BGR.1_1,RLM7,SP15,REF24
0.0,1.0,,1.0,0.0,0.0,,CZE.1_1,RLM7,SP15,REF24
0.0,1.0,,1.0,0.0,0.0,,DNK.1_1,RLM7,SP15,REF24
0.0,1.0,,1.0,0.0,0.0,,FRA.1_1,RLM7,SP15,REF24
0.0,1.0,,1.0,0.0,0.0,,DEU.1_1,RLM7,SP15,REF24
0.0,1.0,,1.0,0.0,0.0,,GRC.1_1,RLM7,SP15,REF24
0.0,1.0,,1.0,0.0,0.0,,GRC.2_1,RLM7,SP15,REF24
0.0,1.0,,1.0,0.0,0.0,,HUN.1_1,RLM7,SP15,REF24
0.0,1.0,,1.0,0.0,0.0,,ITA.1_1,RLM7,SP15,REF24
0.0,1.0,,1.0,0.0,0.0,,LTU.1_1,RLM7,SP15,REF24
0.0,1.0,,1.0,0.0,0.0,,MNE.1_1,RLM7,SP15,REF24
0.0,1.0,,1.0,0.0,0.0,,MKD.1_1,RLM7,SP15,REF24
0.0,1.0,,1.0,0.0,0.0,,ROU.1_1,RLM7,SP15,REF24
0.0,1.0,,1.0,0.0,0.0,,,RLM7,SP15,REF24
0.0,1.0,,1.0,0.0,0.0,,SRB.1_1,RLM7,SP15,REF24
0.0,1.0,,1.0,0.0,0.0,,SVK.1_1,RLM7,SP15,REF24
0.0,1.0,,1.0,0.0,0.0,,SVN.1_1,RLM7,SP15,REF24
0.0,1.0,,1.0,0.0,0.0,,ESP.1_1,RLM7,SP15,REF24
0.0,1.0,,1.0,0.0,0.0,,ESP.1_2,RLM7,SP15,REF24
0.0,1.0,,1.0,0.0,0.0,,ESP.2_1,RLM7,SP15,REF24
0.0,1.0,,1.0,0.0,0.0,,ESP.3_1,RLM7,SP15,REF24
0.0,1.0,,1.0,0.0,0.0,,CHE.1_1,RLM7,SP15,REF24
0.0,1.0,,1.0,0.0,0.0,,GBR.1_1,RLM7,SP15,REF24
0.0,1.0,,1.0,0.0,0.0,,,RLM7,SP1083,REF24
0.0,1.0,,1.0,0.0,0.0,,AUT.1_1,RLM7,SP1247,REF24
0.0,1.0,,1.0,0.0,0.0,,BEL.1_1,RLM7,SP1247,REF24
0.0,1.0,,1.0,0.0,0.0,,CZE.1_1,RLM7,SP1247,REF24
0.0,1.0,,1.0,0.0,0.0,,DNK.1_1,RLM7,SP1247,REF24
0.0,1.0,,1.0,0.0,0.0,,FIN.1_1,RLM7,SP1247,REF24
0.0,1.0,,1.0,0.0,0.0,,DEU.1_1,RLM7,SP1247,REF24
0.0,1.0,,1.0,0.0,0.0,,LTU.1_1,RLM7,SP1247,REF24
0.0,1.0,,1.0,0.0,0.0,,NLD.1_1,RLM7,SP1247,REF24
0.0,1.0,,1.0,0.0,0.0,,NOR.1_1,RLM7,SP1247,REF24
0.0,1.0,,1.0,0.0,0.0,,POL.1_1,RLM7,SP1247,REF24
0.0,1.0,,1.0,0.0,0.0,,,RLM7,SP1247,REF24
0.0,1.0,,1.0,0.0,0.0,,SVK.1_1,RLM7,SP1247,REF24
0.0,1.0,,1.0,0.0,0.0,,SWE.1_1,RLM7,SP1247,REF24
0.0,1.0,,1.0,0.0,0.0,,GBR.1_1,RLM7,SP1247,REF24
0.0,1.0,,1.0,0.0,0.0,,AUT.1_1,RLM7,SP1084,REF24
0.0,1.0,,1.0,0.0,0.0,,BEL.1_1,RLM7,SP1084,REF24
0.0,1.0,,1.0,0.0,0.0,,CZE.1_1,RLM7,SP1084,REF24
0.0,1.0,,1.0,0.0,0.0,,DNK.1_1,RLM7,SP1084,REF24
0.0,1.0,,1.0,0.0,0.0,,FIN.1_1,RLM7,SP1084,REF24
0.0,1.0,,1.0,0.0,0.0,,DEU.1_1,RLM7,SP1084,REF24
0.0,1.0,,1.0,0.0,0.0,,LTU.1_1,RLM7,SP1084,REF24
0.0,1.0,,1.0,0.0,0.0,,NLD.1_1,RLM7,SP1084,REF24
0.0,1.0,,1.0,0.0,0.0,,NOR.1_1,RLM7,SP1084,REF24
0.0,1.0,,1.0,0.0,0.0,,POL.1_1,RLM7,SP1084,REF24
0.0,1.0,,1.0,0.0,0.0,,IRL.1_1,RLM7,SP1084,REF24
0.0,1.0,,1.0,0.0,0.0,,,RLM7,SP1084,REF24
0.0,1.0,,1.0,0.0,0.0,,SVK.1_1,RLM7,SP1084,REF24
0.0,1.0,,1.0,0.0,0.0,,SWE.1_1,RLM7,SP1084,REF24
0.0,1.0,,1.0,0.0,0.0,,CHE.1_1,RLM7,SP1084,REF24
0.0,1.0,,1.0,0.0,0.0,,GBR.1_1,RLM7,SP1084,REF24
1.0,,,1.0,0.0,0.0,,CYP.1_1,RLM10,SP472,REF24
1.0,,,1.0,0.0,0.0,,MLT.1_1,RLM10,SP472,REF24
1.0,,,1.0,0.0,0.0,,PRT.1_1,RLM7,SP472,REF24
1.0,,,1.0,0.0,0.0,,PRT.2_1,RLM7,SP472,REF24
1.0,,,1.0,0.0,0.0,,PRT.3_1,RLM7,SP472,REF24
1.0,,,1.0,0.0,0.0,,ESP.1_1,RLM7,SP472,REF24
1.0,,,1.0,0.0,0.0,,ESP.1_2,RLM7,SP472,REF24
1.0,,,1.0,0.0,0.0,,ESP.2_1,RLM7,SP472,REF24
1.0,,,1.0,0.0,0.0,,ESP.3_1,RLM7,SP472,REF24
1.0,,,1.0,0.0,0.0,,SWE.1_1,RLM7,SP472,REF24
0.0,1.0,,1.0,0.0,0.0,,AUT.1_1,RLM7,SP119,REF24
0.0,1.0,,1.0,0.0,0.0,,BLR.1_1,RLM7,SP119,REF24
0.0,1.0,,1.0,0.0,0.0,,BEL.1_1,RLM7,SP119,REF24
0.0,1.0,,1.0,0.0,0.0,,CZE.1_1,RLM7,SP119,REF24
0.0,1.0,,1.0,0.0,0.0,,DNK.1_1,RLM7,SP119,REF24
0.0,1.0,,1.0,0.0,0.0,,EST.1_1,RLM7,SP119,REF24
0.0,1.0,,1.0,0.0,0.0,,FIN.1_1,RLM7,SP119,REF24
0.0,1.0,,1.0,0.0,0.0,,DEU.1_1,RLM7,SP119,REF24
0.0,1.0,,1.0,0.0,0.0,,ISL.1_1,RLM7,SP119,REF24
0.0,1.0,,1.0,0.0,0.0,,LVA.1_1,RLM7,SP119,REF24
0.0,1.0,,1.0,0.0,0.0,,LTU.1_1,RLM7,SP119,REF24
0.0,1.0,,1.0,0.0,0.0,,NLD.1_1,RLM7,SP119,REF24
0.0,1.0,,1.0,0.0,0.0,,NOR.1_1,RLM7,SP119,REF24
0.0,1.0,,1.0,0.0,0.0,,POL.1_1,RLM7,SP119,REF24
0.0,1.0,,1.0,0.0,0.0,,PRT.1_1,RLM7,SP119,REF24
0.0,1.0,,1.0,0.0,0.0,,PRT.2_1,RLM7,SP119,REF24
0.0,1.0,,1.0,0.0,0.0,,PRT.3_1,RLM7,SP119,REF24
0.0,1.0,,1.0,0.0,0.0,,IRL.1_1,RLM7,SP119,REF24
0.0,1.0,,1.0,0.0,0.0,,ROU.1_1,RLM7,SP119,REF24
0.0,1.0,,1.0,0.0,0.0,,SVK.1_1,RLM7,SP119,REF24
0.0,1.0,,1.0,0.0,0.0,,SWE.1_1,RLM7,SP119,REF24
0.0,1.0,,1.0,0.0,0.0,,CHE.1_1,RLM7,SP119,REF24
0.0,1.0,,1.0,0.0,0.0,,GBR.1_1,RLM7,SP119,REF24
0.0,1.0,,1.0,0.0,0.0,,ALB.1_1,RLM7,SP4,REF24
0.0,1.0,,1.0,0.0,0.0,,AUT.1_1,RLM7,SP4,REF24
0.0,1.0,,1.0,0.0,0.0,,BIH.1_1,RLM7,SP4,REF24
0.0,1.0,,1.0,0.0,0.0,,BGR.1_1,RLM7,SP4,REF24
0.0,1.0,,1.0,0.0,0.0,,HRV.1_1,RLM7,SP4,REF24
0.0,1.0,,1.0,0.0,0.0,,CZE.1_1,RLM7,SP4,REF24
0.0,1.0,,1.0,0.0,0.0,,DNK.1_1,RLM7,SP4,REF24
0.0,1.0,,1.0,0.0,0.0,,EST.1_1,RLM7,SP4,REF24
0.0,1.0,,1.0,0.0,0.0,,FRA.1_1,RLM7,SP4,REF24
0.0,1.0,,1.0,0.0,0.0,,DEU.1_1,RLM7,SP4,REF24
0.0,1.0,,1.0,0.0,0.0,,GRC.1_1,RLM7,SP4,REF24
0.0,1.0,,1.0,0.0,0.0,,GRC.2_1,RLM7,SP4,REF24
0.0,1.0,,1.0,0.0,0.0,,HUN.1_1,RLM7,SP4,REF24
0.0,1.0,,1.0,0.0,0.0,,ITA.1_1,RLM7,SP4,REF24
0.0,1.0,,1.0,0.0,0.0,,LTU.1_1,RLM7,SP4,REF24
0.0,1.0,,1.0,0.0,0.0,,MKD.1_1,RLM7,SP4,REF24
0.0,1.0,,1.0,0.0,0.0,,MDA.1_1,RLM7,SP4,REF24
0.0,1.0,,1.0,0.0,0.0,,MNE.1_1,RLM7,SP4,REF24
0.0,1.0,,1.0,0.0,0.0,,POL.1_1,RLM7,SP4,REF24
0.0,1.0,,1.0,0.0,0.0,,ROU.1_1,RLM7,SP4,REF24
0.0,1.0,,1.0,0.0,0.0,,,RLM7,SP4,REF24
0.0,1.0,,1.0,0.0,0.0,,SRB.1_1,RLM7,SP4,REF24
0.0,1.0,,1.0,0.0,0.0,,SVK.1_1,RLM7,SP4,REF24
0.0,1.0,,1.0,0.0,0.0,,SVN.1_1,RLM7,SP4,REF24
0.0,1.0,,1.0,0.0,0.0,,CHE.1_1,RLM7,SP4,REF24
0.0,1.0,,1.0,0.0,0.0,,GBR.1_1,RLM7,SP4,REF24
0.0,1.0,,1.0,0.0,0.0,,DNK.1_1,RLM7,SP1079,REF24
0.0,1.0,,1.0,0.0,0.0,,FIN.1_1,RLM7,SP1079,REF24
0.0,1.0,,1.0,0.0,0.0,,LVA.1_1,RLM7,SP1079,REF24
0.0,1.0,,1.0,0.0,0.0,,NLD.1_1,RLM7,SP1079,REF24
0.0,1.0,,1.0,0.0,0.0,,SWE.1_1,RLM7,SP1079,REF24
1.0,,,1.0,0.0,0.0,,ITA.1_1,RLM7,SP173,REF24
1.0,,,1.0,0.0,0.0,,ESP.1_1,RLM7,SP173,REF24
1.0,,,1.0,0.0,0.0,,ESP.1_2,RLM7,SP173,REF24
1.0,,,1.0,0.0,0.0,,ESP.2_1,RLM7,SP173,REF24
1.0,,,1.0,0.0,0.0,,ESP.3_1,RLM7,SP173,REF24
0.0,1.0,,1.0,0.0,0.0,,BEL.1_1,RLM7,SP146,REF24
0.0,1.0,,1.0,0.0,0.0,,DNK.1_1,RLM7,SP1080,REF24
0.0,1.0,,1.0,0.0,0.0,,NLD.1_1,RLM7,SP1080,REF24
0.0,1.0,,1.0,0.0,0.0,,GBR.1_1,RLM7,SP1080,REF24
0.0,1.0,,1.0,0.0,0.0,,FRA.1_1,RLM7,SP1190,REF24
0.0,1.0,,1.0,0.0,0.0,,IRL.1_1,RLM7,SP1096,REF24
1.0,,,1.0,0.0,0.0,,ISR.1_1,RLM10,SP84,REF24
0.0,1.0,,1.0,0.0,0.0,,PRT.1_1,RLM7,SP1195,REF24
0.0,1.0,,1.0,0.0,0.0,,PRT.2_1,RLM7,SP1195,REF24
0.0,1.0,,1.0,0.0,0.0,,PRT.3_1,RLM7,SP1195,REF24
0.0,1.0,,1.0,0.0,0.0,,ISL.1_1,RLM7,SP598,REF24
0.0,1.0,,1.0,0.0,0.0,,AUT.1_1,RLM7,SP1081,REF24
0.0,1.0,,1.0,0.0,0.0,,HRV.1_1,RLM7,SP1081,REF24
0.0,1.0,,1.0,0.0,0.0,,GRC.1_1,RLM7,SP1081,REF24
0.0,1.0,,1.0,0.0,0.0,,GRC.2_1,RLM7,SP1081,REF24
0.0,1.0,,1.0,0.0,0.0,,,RLM7,SP1081,REF24
0.0,1.0,,1.0,0.0,0.0,,,RLM7,SP1081,REF24
0.0,1.0,,1.0,0.0,0.0,,SVK.1_1,RLM7,SP1081,REF24
0.0,1.0,,1.0,0.0,0.0,,ISL.1_1,RLM7,SP186,REF24
0.0,1.0,,1.0,0.0,0.0,,DNK.1_1,RLM7,SP66,REF24
0.0,1.0,,1.0,0.0,0.0,,PRT.1_1,RLM7,SP66,REF24
0.0,1.0,,1.0,0.0,0.0,,PRT.2_1,RLM7,SP66,REF24
0.0,1.0,,1.0,0.0,0.0,,PRT.3_1,RLM7,SP66,REF24
0.0,1.0,,1.0,0.0,0.0,,SWE.1_1,RLM7,SP66,REF24
0.0,1.0,,1.0,0.0,0.0,,ALB.1_1,RLM7,SP41,REF24
0.0,1.0,,1.0,0.0,0.0,,BEL.1_1,RLM7,SP41,REF24
0.0,1.0,,1.0,0.0,0.0,,BGR.1_1,RLM7,SP41,REF24
0.0,1.0,,1.0,0.0,0.0,,CZE.1_1,RLM7,SP41,REF24
0.0,1.0,,1.0,0.0,0.0,,DNK.1_1,RLM7,SP41,REF24
0.0,1.0,,1.0,0.0,0.0,,GRC.1_1,RLM7,SP41,REF24
0.0,1.0,,1.0,0.0,0.0,,GRC.2_1,RLM7,SP41,REF24
0.0,1.0,,1.0,0.0,0.0,,HUN.1_1,RLM7,SP41,REF24
0.0,1.0,,1.0,0.0,0.0,,ITA.1_1,RLM7,SP41,REF24
0.0,1.0,,1.0,0.0,0.0,,NLD.1_1,RLM7,SP41,REF24
0.0,1.0,,1.0,0.0,0.0,,POL.1_1,RLM7,SP41,REF24
0.0,1.0,,1.0,0.0,0.0,,ESP.1_1,RLM7,SP41,REF24
0.0,1.0,,1.0,0.0,0.0,,ESP.1_2,RLM7,SP41,REF24
0.0,1.0,,1.0,0.0,0.0,,ESP.2_1,RLM7,SP41,REF24
0.0,1.0,,1.0,0.0,0.0,,ESP.3_1,RLM7,SP41,REF24
0.0,1.0,,1.0,0.0,0.0,,CHE.1_1,RLM7,SP41,REF24
0.0,1.0,,1.0,0.0,0.0,,GBR.1_1,RLM7,SP41,REF24
0.0,1.0,,1.0,0.0,0.0,,AUT.1_1,RLM7,SP561,REF24
0.0,1.0,,1.0,0.0,0.0,,BEL.1_1,RLM7,SP561,REF24
0.0,1.0,,1.0,0.0,0.0,,CZE.1_1,RLM7,SP561,REF24
0.0,1.0,,1.0,0.0,0.0,,DNK.1_1,RLM7,SP561,REF24
0.0,1.0,,1.0,0.0,0.0,,FRA.1_1,RLM7,SP561,REF24
0.0,1.0,,1.0,0.0,0.0,,DEU.1_1,RLM7,SP561,REF24
0.0,1.0,,1.0,0.0,0.0,,HUN.1_1,RLM7,SP561,REF24
0.0,1.0,,1.0,0.0,0.0,,ITA.1_1,RLM7,SP561,REF24
0.0,1.0,,1.0,0.0,0.0,,LVA.1_1,RLM7,SP561,REF24
0.0,1.0,,1.0,0.0,0.0,,NLD.1_1,RLM7,SP561,REF24
0.0,1.0,,1.0,0.0,0.0,,NOR.1_1,RLM7,SP561,REF24
0.0,1.0,,1.0,0.0,0.0,,SWE.1_1,RLM7,SP561,REF24
0.0,1.0,,1.0,0.0,0.0,,CHE.1_1,RLM7,SP561,REF24
0.0,1.0,,1.0,0.0,0.0,,GBR.1_1,RLM7,SP561,REF24
0.0,1.0,,1.0,0.0,0.0,,AUT.1_1,RLM7,SP111,REF24
0.0,1.0,,1.0,0.0,0.0,,ITA.1_1,RLM7,SP111,REF24
0.0,1.0,,1.0,0.0,0.0,,DNK.1_1,RLM7,SP1110,REF24
0.0,1.0,,1.0,0.0,0.0,,SWE.1_1,RLM7,SP1110,REF24
0.0,1.0,,1.0,0.0,0.0,,GBR.1_1,RLM7,SP1110,REF24
0.0,1.0,,1.0,0.0,0.0,,GBR.1_1,RLM7,SP54,REF24
1.0,,,1.0,0.0,0.0,,AUT.1_1,RLM7,SP286,REF24
1.0,,,1.0,0.0,0.0,,CZE.1_1,RLM7,SP286,REF24
1.0,,,1.0,0.0,0.0,,DNK.1_1,RLM7,SP286,REF24
1.0,,,1.0,0.0,0.0,,FIN.1_1,RLM7,SP286,REF24
1.0,,,1.0,0.0,0.0,,GBR.1_1,RLM7,SP286,REF24
1.0,,,1.0,0.0,0.0,,GBR.1_1,RLM7,SP516,REF24
0.0,1.0,,1.0,0.0,0.0,,GBR.1_1,RLM7,SP1196,REF24
0.0,1.0,,1.0,0.0,0.0,,NLD.1_1,RLM7,SP1189,REF24
0.0,1.0,,1.0,0.0,0.0,,GBR.1_1,RLM7,SP1189,REF24
0.0,1.0,,1.0,0.0,0.0,,PRT.1_1,RLM7,SP241,REF24
0.0,1.0,,1.0,0.0,0.0,,PRT.2_1,RLM7,SP241,REF24
0.0,1.0,,1.0,0.0,0.0,,PRT.3_1,RLM7,SP241,REF24
0.0,1.0,,1.0,0.0,0.0,,AUT.1_1,RLM7,SP705,REF24
0.0,1.0,,1.0,0.0,0.0,,BGR.1_1,RLM7,SP705,REF24
0.0,1.0,,1.0,0.0,0.0,,HRV.1_1,RLM7,SP705,REF24
0.0,1.0,,1.0,0.0,0.0,,CZE.1_1,RLM7,SP705,REF24
0.0,1.0,,1.0,0.0,0.0,,FRA.1_1,RLM7,SP705,REF24
0.0,1.0,,1.0,0.0,0.0,,DEU.1_1,RLM7,SP705,REF24
0.0,1.0,,1.0,0.0,0.0,,HUN.1_1,RLM7,SP705,REF24
0.0,1.0,,1.0,0.0,0.0,,ITA.1_1,RLM7,SP705,REF24
0.0,1.0,,1.0,0.0,0.0,,LTU.1_1,RLM7,SP705,REF24
0.0,1.0,,1.0,0.0,0.0,,MKD.1_1,RLM7,SP705,REF24
0.0,1.0,,1.0,0.0,0.0,,POL.1_1,RLM7,SP705,REF24
0.0,1.0,,1.0,0.0,0.0,,ROU.1_1,RLM7,SP705,REF24
0.0,1.0,,1.0,0.0,0.0,,SRB.1_1,RLM7,SP705,REF24
0.0,1.0,,1.0,0.0,0.0,,SVK.1_1,RLM7,SP705,REF24
0.0,1.0,,1.0,0.0,0.0,,SVN.1_1,RLM7,SP705,REF24
0.0,1.0,,1.0,0.0,0.0,,ESP.1_1,RLM7,SP705,REF24
0.0,1.0,,1.0,0.0,0.0,,ESP.1_2,RLM7,SP705,REF24
0.0,1.0,,1.0,0.0,0.0,,ESP.2_1,RLM7,SP705,REF24
0.0,1.0,,1.0,0.0,0.0,,ESP.3_1,RLM7,SP705,REF24
0.0,1.0,,1.0,0.0,0.0,,CHE.1_1,RLM7,SP705,REF24
0.0,1.0,,1.0,0.0,0.0,,GBR.1_1,RLM7,SP705,REF24
0.0,1.0,,1.0,0.0,0.0,,CYP.1_1,RLM10,SP78,REF24
0.0,1.0,,1.0,0.0,0.0,,DNK.1_1,RLM7,SP78,REF24
0.0,1.0,,1.0,0.0,0.0,,FRA.1_1,RLM7,SP78,REF24
0.0,1.0,,1.0,0.0,0.0,,GRC.1_1,RLM7,SP78,REF24
0.0,1.0,,1.0,0.0,0.0,,GRC.2_1,RLM7,SP78,REF24
0.0,1.0,,1.0,0.0,0.0,,ITA.1_1,RLM7,SP78,REF24
0.0,1.0,,1.0,0.0,0.0,,SVN.1_1,RLM7,SP78,REF24
0.0,1.0,,1.0,0.0,0.0,,ESP.1_1,RLM7,SP78,REF24
0.0,1.0,,1.0,0.0,0.0,,ESP.1_2,RLM7,SP78,REF24
0.0,1.0,,1.0,0.0,0.0,,ESP.2_1,RLM7,SP78,REF24
0.0,1.0,,1.0,0.0,0.0,,ESP.3_1,RLM7,SP78,REF24
0.0,1.0,,1.0,0.0,0.0,,ALB.1_1,RLM7,SP17,REF24
0.0,1.0,,1.0,0.0,0.0,,BGR.1_1,RLM7,SP17,REF24
0.0,1.0,,1.0,0.0,0.0,,GRC.1_1,RLM7,SP17,REF24
0.0,1.0,,1.0,0.0,0.0,,GRC.2_1,RLM7,SP17,REF24
0.0,1.0,,1.0,0.0,0.0,,ISR.1_1,RLM10,SP17,REF24
0.0,1.0,,1.0,0.0,0.0,,ITA.1_1,RLM7,SP17,REF24
0.0,1.0,,1.0,0.0,0.0,,ESP.1_1,RLM7,SP17,REF24
0.0,1.0,,1.0,0.0,0.0,,ESP.1_2,RLM7,SP17,REF24
0.0,1.0,,1.0,0.0,0.0,,ESP.2_1,RLM7,SP17,REF24
0.0,1.0,,1.0,0.0,0.0,,ESP.3_1,RLM7,SP17,REF24
0.0,1.0,,1.0,0.0,0.0,,GBR.1_1,RLM7,SP1438,REF24
0.0,1.0,,1.0,0.0,0.0,,DEU.1_1,RLM7,SP1204,REF24
0.0,1.0,,1.0,0.0,0.0,,ALB.1_1,RLM7,SP5,REF24
0.0,1.0,,1.0,0.0,0.0,,AUT.1_1,RLM7,SP5,REF24
0.0,1.0,,1.0,0.0,0.0,,BEL.1_1,RLM7,SP5,REF24
0.0,1.0,,1.0,0.0,0.0,,BGR.1_1,RLM7,SP5,REF24
0.0,1.0,,1.0,0.0,0.0,,DNK.1_1,RLM7,SP5,REF24
0.0,1.0,,1.0,0.0,0.0,,GRC.1_1,RLM7,SP5,REF24
0.0,1.0,,1.0,0.0,0.0,,GRC.2_1,RLM7,SP5,REF24
0.0,1.0,,1.0,0.0,0.0,,HUN.1_1,RLM7,SP5,REF24
0.0,1.0,,1.0,0.0,0.0,,ISR.1_1,RLM10,SP5,REF24
0.0,1.0,,1.0,0.0,0.0,,ITA.1_1,RLM7,SP5,REF24
0.0,1.0,,1.0,0.0,0.0,,MLT.1_1,RLM10,SP5,REF24
0.0,1.0,,1.0,0.0,0.0,,NLD.1_1,RLM7,SP5,REF24
0.0,1.0,,1.0,0.0,0.0,,MKD.1_1,RLM7,SP5,REF24
0.0,1.0,,1.0,0.0,0.0,,PRT.1_1,RLM7,SP5,REF24
0.0,1.0,,1.0,0.0,0.0,,PRT.2_1,RLM7,SP5,REF24
0.0,1.0,,1.0,0.0,0.0,,PRT.3_1,RLM7,SP5,REF24
0.0,1.0,,1.0,0.0,0.0,,,RLM7,SP5,REF24
0.0,1.0,,1.0,0.0,0.0,,SVN.1_1,RLM7,SP5,REF24
0.0,1.0,,1.0,0.0,0.0,,ESP.1_1,RLM7,SP5,REF24
0.0,1.0,,1.0,0.0,0.0,,ESP.1_2,RLM7,SP5,REF24
0.0,1.0,,1.0,0.0,0.0,,ESP.2_1,RLM7,SP5,REF24
0.0,1.0,,1.0,0.0,0.0,,ESP.3_1,RLM7,SP5,REF24
0.0,1.0,,1.0,0.0,0.0,,SWE.1_1,RLM7,SP5,REF24
0.0,1.0,,1.0,0.0,0.0,,GBR.1_1,RLM7,SP5,REF24
1.0,,,1.0,0.0,0.0,,GRC.1_1,RLM7,SP1118,REF24
1.0,,,1.0,0.0,0.0,,GRC.2_1,RLM7,SP1118,REF24
1.0,,,1.0,0.0,0.0,,PRT.1_1,RLM7,SP1118,REF24
1.0,,,1.0,0.0,0.0,,PRT.2_1,RLM7,SP1118,REF24
1.0,,,1.0,0.0,0.0,,PRT.3_1,RLM7,SP1118,REF24
1.0,,,1.0,0.0,0.0,,ESP.1_1,RLM7,SP1118,REF24
1.0,,,1.0,0.0,0.0,,ESP.1_2,RLM7,SP1118,REF24
1.0,,,1.0,0.0,0.0,,ESP.2_1,RLM7,SP1118,REF24
1.0,,,1.0,0.0,0.0,,ESP.3_1,RLM7,SP1118,REF24
0.0,1.0,,1.0,0.0,0.0,,ALB.1_1,RLM7,SP2,REF24
0.0,1.0,,1.0,0.0,0.0,,CYP.1_1,RLM10,SP2,REF24
0.0,1.0,,1.0,0.0,0.0,,FRA.1_1,RLM7,SP2,REF24
0.0,1.0,,1.0,0.0,0.0,,GRC.1_1,RLM7,SP2,REF24
0.0,1.0,,1.0,0.0,0.0,,GRC.2_1,RLM7,SP2,REF24
0.0,1.0,,1.0,0.0,0.0,,ISR.1_1,RLM10,SP2,REF24
0.0,1.0,,1.0,0.0,0.0,,ITA.1_1,RLM7,SP2,REF24
0.0,1.0,,1.0,0.0,0.0,,MLT.1_1,RLM10,SP2,REF24
0.0,1.0,,1.0,0.0,0.0,,PRT.1_1,RLM7,SP2,REF24
0.0,1.0,,1.0,0.0,0.0,,PRT.2_1,RLM7,SP2,REF24
0.0,1.0,,1.0,0.0,0.0,,PRT.3_1,RLM7,SP2,REF24
0.0,1.0,,1.0,0.0,0.0,,SRB.1_1,RLM7,SP2,REF24
0.0,1.0,,1.0,0.0,0.0,,ESP.1_1,RLM7,SP2,REF24
0.0,1.0,,1.0,0.0,0.0,,ESP.1_2,RLM7,SP2,REF24
0.0,1.0,,1.0,0.0,0.0,,ESP.2_1,RLM7,SP2,REF24
0.0,1.0,,1.0,0.0,0.0,,ESP.3_1,RLM7,SP2,REF24
0.0,1.0,,1.0,0.0,0.0,,ALB.1_1,RLM7,SP80,REF24
0.0,1.0,,1.0,0.0,0.0,,ITA.1_1,RLM7,SP80,REF24
0.0,1.0,,1.0,0.0,0.0,,SVN.1_1,RLM7,SP80,REF24
0.0,1.0,,1.0,0.0,0.0,,LVA.1_1,RLM7,SP1112,REF24
0.0,1.0,,1.0,0.0,0.0,,LTU.1_1,RLM7,SP1112,REF24
0.0,1.0,,1.0,0.0,0.0,,SWE.1_1,RLM7,SP1112,REF24
0.0,1.0,,1.0,0.0,0.0,,GBR.1_1,RLM7,SP1112,REF24
0.0,1.0,,1.0,0.0,0.0,,AUT.1_1,RLM7,SP69,REF24
0.0,1.0,,1.0,0.0,0.0,,BLR.1_1,RLM7,SP69,REF24
0.0,1.0,,1.0,0.0,0.0,,BGR.1_1,RLM7,SP69,REF24
0.0,1.0,,1.0,0.0,0.0,,HRV.1_1,RLM7,SP69,REF24
0.0,1.0,,1.0,0.0,0.0,,CZE.1_1,RLM7,SP69,REF24
0.0,1.0,,1.0,0.0,0.0,,EST.1_1,RLM7,SP69,REF24
0.0,1.0,,1.0,0.0,0.0,,FIN.1_1,RLM7,SP69,REF24
0.0,1.0,,1.0,0.0,0.0,,DEU.1_1,RLM7,SP69,REF24
0.0,1.0,,1.0,0.0,0.0,,HUN.1_1,RLM7,SP69,REF24
0.0,1.0,,1.0,0.0,0.0,,LTU.1_1,RLM7,SP69,REF24
0.0,1.0,,1.0,0.0,0.0,,POL.1_1,RLM7,SP69,REF24
0.0,1.0,,1.0,0.0,0.0,,ROU.1_1,RLM7,SP69,REF24
0.0,1.0,,1.0,0.0,0.0,,,RLM7,SP69,REF24
0.0,1.0,,1.0,0.0,0.0,,SVK.1_1,RLM7,SP69,REF24
0.0,1.0,,1.0,0.0,0.0,,SVN.1_1,RLM7,SP69,REF24
0.0,1.0,,1.0,0.0,0.0,,GBR.1_1,RLM7,SP69,REF24
0.0,1.0,,1.0,0.0,0.0,,GBR.1_1,RLM7,SP1241,REF24
0.0,1.0,,1.0,0.0,0.0,,AUT.1_1,RLM7,SP960,REF24
0.0,1.0,,1.0,0.0,0.0,,BEL.1_1,RLM7,SP960,REF24
0.0,1.0,,1.0,0.0,0.0,,BGR.1_1,RLM7,SP960,REF24
0.0,1.0,,1.0,0.0,0.0,,HRV.1_1,RLM7,SP960,REF24
0.0,1.0,,1.0,0.0,0.0,,CZE.1_1,RLM7,SP960,REF24
0.0,1.0,,1.0,0.0,0.0,,DNK.1_1,RLM7,SP960,REF24
0.0,1.0,,1.0,0.0,0.0,,FRA.1_1,RLM7,SP960,REF24
0.0,1.0,,1.0,0.0,0.0,,DEU.1_1,RLM7,SP960,REF24
0.0,1.0,,1.0,0.0,0.0,,GRC.1_1,RLM7,SP960,REF24
0.0,1.0,,1.0,0.0,0.0,,GRC.2_1,RLM7,SP960,REF24
0.0,1.0,,1.0,0.0,0.0,,HUN.1_1,RLM7,SP960,REF24
0.0,1.0,,1.0,0.0,0.0,,ITA.1_1,RLM7,SP960,REF24
0.0,1.0,,1.0,0.0,0.0,,NLD.1_1,RLM7,SP960,REF24
0.0,1.0,,1.0,0.0,0.0,,POL.1_1,RLM7,SP960,REF24
0.0,1.0,,1.0,0.0,0.0,,SRB.1_1,RLM7,SP960,REF24
0.0,1.0,,1.0,0.0,0.0,,SVK.1_1,RLM7,SP960,REF24
0.0,1.0,,1.0,0.0,0.0,,SVN.1_1,RLM7,SP960,REF24
0.0,1.0,,1.0,0.0,0.0,,SWE.1_1,RLM7,SP960,REF24
0.0,1.0,,1.0,0.0,0.0,,CHE.1_1,RLM7,SP960,REF24
0.0,1.0,,1.0,0.0,0.0,,GBR.1_1,RLM7,SP960,REF24
1.0,,,1.0,0.0,0.0,,ALB.1_1,RLM7,SP222,REF24
1.0,,,1.0,0.0,0.0,,AUT.1_1,RLM7,SP222,REF24
1.0,,,1.0,0.0,0.0,,BEL.1_1,RLM7,SP222,REF24
1.0,,,1.0,0.0,0.0,,BGR.1_1,RLM7,SP222,REF24
1.0,,,1.0,0.0,0.0,,HRV.1_1,RLM7,SP222,REF24
1.0,,,1.0,0.0,0.0,,CZE.1_1,RLM7,SP222,REF24
1.0,,,1.0,0.0,0.0,,DNK.1_1,RLM7,SP222,REF24
1.0,,,1.0,0.0,0.0,,FRA.1_1,RLM7,SP222,REF24
1.0,,,1.0,0.0,0.0,,DEU.1_1,RLM7,SP222,REF24
1.0,,,1.0,0.0,0.0,,GRC.1_1,RLM7,SP222,REF24
1.0,,,1.0,0.0,0.0,,GRC.2_1,RLM7,SP222,REF24
1.0,,,1.0,0.0,0.0,,HUN.1_1,RLM7,SP222,REF24
1.0,,,1.0,0.0,0.0,,ISR.1_1,RLM10,SP222,REF24
1.0,,,1.0,0.0,0.0,,ITA.1_1,RLM7,SP222,REF24
1.0,,,1.0,0.0,0.0,,NLD.1_1,RLM7,SP222,REF24
1.0,,,1.0,0.0,0.0,,MKD.1_1,RLM7,SP222,REF24
1.0,,,1.0,0.0,0.0,,POL.1_1,RLM7,SP222,REF24
1.0,,,1.0,0.0,0.0,,PRT.1_1,RLM7,SP222,REF24
1.0,,,1.0,0.0,0.0,,PRT.2_1,RLM7,SP222,REF24
1.0,,,1.0,0.0,0.0,,PRT.3_1,RLM7,SP222,REF24
1.0,,,1.0,0.0,0.0,,SVK.1_1,RLM7,SP222,REF24
1.0,,,1.0,0.0,0.0,,SVN.1_1,RLM7,SP222,REF24
1.0,,,1.0,0.0,0.0,,ESP.1_1,RLM7,SP222,REF24
1.0,,,1.0,0.0,0.0,,ESP.1_2,RLM7,SP222,REF24
1.0,,,1.0,0.0,0.0,,ESP.2_1,RLM7,SP222,REF24
1.0,,,1.0,0.0,0.0,,ESP.3_1,RLM7,SP222,REF24
1.0,,,1.0,0.0,0.0,,SWE.1_1,RLM7,SP222,REF24
1.0,,,1.0,0.0,0.0,,CHE.1_1,RLM7,SP222,REF24
1.0,,,1.0,0.0,0.0,,GBR.1_1,RLM7,SP222,REF24
0.0,1.0,,1.0,0.0,0.0,,ALB.1_1,RLM7,SP1113,REF24
0.0,1.0,,1.0,0.0,0.0,,AUT.1_1,RLM7,SP1113,REF24
0.0,1.0,,1.0,0.0,0.0,,BEL.1_1,RLM7,SP1113,REF24
0.0,1.0,,1.0,0.0,0.0,,BGR.1_1,RLM7,SP1113,REF24
0.0,1.0,,1.0,0.0,0.0,,HRV.1_1,RLM7,SP1113,REF24
0.0,1.0,,1.0,0.0,0.0,,CZE.1_1,RLM7,SP1113,REF24
0.0,1.0,,1.0,0.0,0.0,,DNK.1_1,RLM7,SP1113,REF24
0.0,1.0,,1.0,0.0,0.0,,FRA.1_1,RLM7,SP1113,REF24
0.0,1.0,,1.0,0.0,0.0,,DEU.1_1,RLM7,SP1113,REF24
0.0,1.0,,1.0,0.0,0.0,,HUN.1_1,RLM7,SP1113,REF24
0.0,1.0,,1.0,0.0,0.0,,ITA.1_1,RLM7,SP1113,REF24
0.0,1.0,,1.0,0.0,0.0,,LTU.1_1,RLM7,SP1113,REF24
0.0,1.0,,1.0,0.0,0.0,,NLD.1_1,RLM7,SP1113,REF24
0.0,1.0,,1.0,0.0,0.0,,POL.1_1,RLM7,SP1113,REF24
0.0,1.0,,1.0,0.0,0.0,,ROU.1_1,RLM7,SP1113,REF24
0.0,1.0,,1.0,0.0,0.0,,SRB.1_1,RLM7,SP1113,REF24
0.0,1.0,,1.0,0.0,0.0,,SVK.1_1,RLM7,SP1113,REF24
0.0,1.0,,1.0,0.0,0.0,,SVN.1_1,RLM7,SP1113,REF24
0.0,1.0,,1.0,0.0,0.0,,ESP.1_1,RLM7,SP1113,REF24
0.0,1.0,,1.0,0.0,0.0,,ESP.1_2,RLM7,SP1113,REF24
0.0,1.0,,1.0,0.0,0.0,,ESP.2_1,RLM7,SP1113,REF24
0.0,1.0,,1.0,0.0,0.0,,ESP.3_1,RLM7,SP1113,REF24
0.0,1.0,,1.0,0.0,0.0,,CHE.1_1,RLM7,SP1113,REF24
0.0,1.0,,1.0,0.0,0.0,,GBR.1_1,RLM7,SP1113,REF24
0.0,1.0,,1.0,0.0,0.0,,GBR.1_1,RLM7,SP1122,REF24
0.0,1.0,,1.0,0.0,0.0,,PRT.1_1,RLM7,SP6,REF24
0.0,1.0,,1.0,0.0,0.0,,PRT.2_1,RLM7,SP6,REF24
0.0,1.0,,1.0,0.0,0.0,,PRT.3_1,RLM7,SP6,REF24
0.0,1.0,,1.0,0.0,0.0,,ALB.1_1,RLM7,SP175,REF24
0.0,1.0,,1.0,0.0,0.0,,AUT.1_1,RLM7,SP175,REF24
0.0,1.0,,1.0,0.0,0.0,,BLR.1_1,RLM7,SP175,REF24
0.0,1.0,,1.0,0.0,0.0,,BEL.1_1,RLM7,SP175,REF24
0.0,1.0,,1.0,0.0,0.0,,BGR.1_1,RLM7,SP175,REF24
0.0,1.0,,1.0,0.0,0.0,,CZE.1_1,RLM7,SP175,REF24
0.0,1.0,,1.0,0.0,0.0,,DNK.1_1,RLM7,SP175,REF24
0.0,1.0,,1.0,0.0,0.0,,EST.1_1,RLM7,SP175,REF24
0.0,1.0,,1.0,0.0,0.0,,FIN.1_1,RLM7,SP175,REF24
0.0,1.0,,1.0,0.0,0.0,,FRA.1_1,RLM7,SP175,REF24
0.0,1.0,,1.0,0.0,0.0,,DEU.1_1,RLM7,SP175,REF24
0.0,1.0,,1.0,0.0,0.0,,GRC.1_1,RLM7,SP175,REF24
0.0,1.0,,1.0,0.0,0.0,,GRC.2_1,RLM7,SP175,REF24
0.0,1.0,,1.0,0.0,0.0,,HUN.1_1,RLM7,SP175,REF24
0.0,1.0,,1.0,0.0,0.0,,ISL.1_1,RLM7,SP175,REF24
0.0,1.0,,1.0,0.0,0.0,,ITA.1_1,RLM7,SP175,REF24
0.0,1.0,,1.0,0.0,0.0,,LVA.1_1,RLM7,SP175,REF24
0.0,1.0,,1.0,0.0,0.0,,LTU.1_1,RLM7,SP175,REF24
0.0,1.0,,1.0,0.0,0.0,,MLT.1_1,RLM10,SP175,REF24
0.0,1.0,,1.0,0.0,0.0,,MNE.1_1,RLM7,SP175,REF24
0.0,1.0,,1.0,0.0,0.0,,NLD.1_1,RLM7,SP175,REF24
0.0,1.0,,1.0,0.0,0.0,,MKD.1_1,RLM7,SP175,REF24
0.0,1.0,,1.0,0.0,0.0,,NOR.1_1,RLM7,SP175,REF24
0.0,1.0,,1.0,0.0,0.0,,POL.1_1,RLM7,SP175,REF24
0.0,1.0,,1.0,0.0,0.0,,PRT.1_1,RLM7,SP175,REF24
0.0,1.0,,1.0,0.0,0.0,,PRT.2_1,RLM7,SP175,REF24
0.0,1.0,,1.0,0.0,0.0,,PRT.3_1,RLM7,SP175,REF24
0.0,1.0,,1.0,0.0,0.0,,IRL.1_1,RLM7,SP175,REF24
0.0,1.0,,1.0,0.0,0.0,,ROU.1_1,RLM7,SP175,REF24
0.0,1.0,,1.0,0.0,0.0,,,RLM7,SP175,REF24
0.0,1.0,,1.0,0.0,0.0,,SVK.1_1,RLM7,SP175,REF24
0.0,1.0,,1.0,0.0,0.0,,SVN.1_1,RLM7,SP175,REF24
0.0,1.0,,1.0,0.0,0.0,,ESP.1_1,RLM7,SP175,REF24
0.0,1.0,,1.0,0.0,0.0,,ESP.1_2,RLM7,SP175,REF24
0.0,1.0,,1.0,0.0,0.0,,ESP.2_1,RLM7,SP175,REF24
0.0,1.0,,1.0,0.0,0.0,,ESP.3_1,RLM7,SP175,REF24
0.0,1.0,,1.0,0.0,0.0,,SWE.1_1,RLM7,SP175,REF24
0.0,1.0,,1.0,0.0,0.0,,CHE.1_1,RLM7,SP175,REF24
0.0,1.0,,1.0,0.0,0.0,,GBR.1_1,RLM7,SP175,REF24
0.0,1.0,,1.0,0.0,0.0,,SWE.1_1,RLM7,SP93,REF24
0.0,1.0,,1.0,0.0,0.0,,BEL.1_1,RLM7,SP1439,REF24
0.0,1.0,,1.0,0.0,0.0,,DNK.1_1,RLM7,SP1439,REF24
0.0,1.0,,1.0,0.0,0.0,,DEU.1_1,RLM7,SP1439,REF24
0.0,1.0,,1.0,0.0,0.0,,GBR.1_1,RLM7,SP1439,REF24
1.0,,,1.0,0.0,0.0,,CYP.1_1,RLM10,SP85,REF24
1.0,,,1.0,0.0,0.0,,MLT.1_1,RLM10,SP85,REF24
0.0,1.0,,1.0,0.0,0.0,,ALB.1_1,RLM7,SP48,REF24
0.0,1.0,,1.0,0.0,0.0,,DNK.1_1,RLM7,SP48,REF24
0.0,1.0,,1.0,0.0,0.0,,FRA.1_1,RLM7,SP48,REF24
0.0,1.0,,1.0,0.0,0.0,,GRC.1_1,RLM7,SP48,REF24
0.0,1.0,,1.0,0.0,0.0,,GRC.2_1,RLM7,SP48,REF24
0.0,1.0,,1.0,0.0,0.0,,ISR.1_1,RLM10,SP48,REF24
0.0,1.0,,1.0,0.0,0.0,,ITA.1_1,RLM7,SP48,REF24
0.0,1.0,,1.0,0.0,0.0,,NLD.1_1,RLM7,SP48,REF24
0.0,1.0,,1.0,0.0,0.0,,PRT.1_1,RLM7,SP48,REF24
0.0,1.0,,1.0,0.0,0.0,,PRT.2_1,RLM7,SP48,REF24
0.0,1.0,,1.0,0.0,0.0,,PRT.3_1,RLM7,SP48,REF24
0.0,1.0,,1.0,0.0,0.0,,ESP.1_1,RLM7,SP48,REF24
0.0,1.0,,1.0,0.0,0.0,,ESP.1_2,RLM7,SP48,REF24
0.0,1.0,,1.0,0.0,0.0,,ESP.2_1,RLM7,SP48,REF24
0.0,1.0,,1.0,0.0,0.0,,ESP.3_1,RLM7,SP48,REF24
0.0,1.0,,1.0,0.0,0.0,,,RLM7,SP211,REF24
1.0,,,1.0,0.0,0.0,,GBR.1_1,RLM7,SP961,REF24
1.0,,,1.0,0.0,0.0,,FRA.1_1,RLM7,SP1192,REF24
1.0,,,1.0,0.0,0.0,,MLT.1_1,RLM10,SP1192,REF24
1.0,,,1.0,0.0,0.0,,ESP.1_1,RLM7,SP1192,REF24
1.0,,,1.0,0.0,0.0,,ESP.1_2,RLM7,SP1192,REF24
1.0,,,1.0,0.0,0.0,,ESP.2_1,RLM7,SP1192,REF24
1.0,,,1.0,0.0,0.0,,ESP.3_1,RLM7,SP1192,REF24
0.0,1.0,,1.0,0.0,0.0,,GBR.1_1,RLM7,SP962,REF24
0.0,1.0,,1.0,0.0,0.0,,IRL.1_1,RLM7,SP1124,REF24
0.0,1.0,,1.0,0.0,0.0,,GBR.1_1,RLM7,SP1124,REF24
0.0,1.0,,1.0,0.0,0.0,,,RLM7,SP1131,REF24
0.0,1.0,,1.0,0.0,0.0,,PRT.1_1,RLM7,SP57,REF24
0.0,1.0,,1.0,0.0,0.0,,PRT.2_1,RLM7,SP57,REF24
0.0,1.0,,1.0,0.0,0.0,,PRT.3_1,RLM7,SP57,REF24
0.0,1.0,,1.0,0.0,0.0,,ALB.1_1,RLM7,SP775,REF24
0.0,1.0,,1.0,0.0,0.0,,AUT.1_1,RLM7,SP775,REF24
0.0,1.0,,1.0,0.0,0.0,,HRV.1_1,RLM7,SP775,REF24
0.0,1.0,,1.0,0.0,0.0,,FRA.1_1,RLM7,SP775,REF24
0.0,1.0,,1.0,0.0,0.0,,DEU.1_1,RLM7,SP775,REF24
0.0,1.0,,1.0,0.0,0.0,,ITA.1_1,RLM7,SP775,REF24
0.0,1.0,,1.0,0.0,0.0,,SVN.1_1,RLM7,SP775,REF24
0.0,1.0,,1.0,0.0,0.0,,ESP.1_1,RLM7,SP775,REF24
0.0,1.0,,1.0,0.0,0.0,,ESP.1_2,RLM7,SP775,REF24
0.0,1.0,,1.0,0.0,0.0,,ESP.2_1,RLM7,SP775,REF24
0.0,1.0,,1.0,0.0,0.0,,ESP.3_1,RLM7,SP775,REF24
0.0,1.0,,1.0,0.0,0.0,,CHE.1_1,RLM7,SP775,REF24
0.0,1.0,,1.0,0.0,0.0,,GBR.1_1,RLM7,SP1440,REF24
0.0,1.0,,1.0,0.0,0.0,,SWE.1_1,RLM7,SP1139,REF24
0.0,1.0,,1.0,0.0,0.0,,,RLM7,SP1441,REF24
0.0,1.0,,1.0,0.0,0.0,,ALB.1_1,RLM7,SP27,REF24
0.0,1.0,,1.0,0.0,0.0,,AUT.1_1,RLM7,SP27,REF24
0.0,1.0,,1.0,0.0,0.0,,BLR.1_1,RLM7,SP27,REF24
0.0,1.0,,1.0,0.0,0.0,,BEL.1_1,RLM7,SP27,REF24
0.0,1.0,,1.0,0.0,0.0,,BGR.1_1,RLM7,SP27,REF24
0.0,1.0,,1.0,0.0,0.0,,HRV.1_1,RLM7,SP27,REF24
0.0,1.0,,1.0,0.0,0.0,,CZE.1_1,RLM7,SP27,REF24
0.0,1.0,,1.0,0.0,0.0,,DNK.1_1,RLM7,SP27,REF24
0.0,1.0,,1.0,0.0,0.0,,FRA.1_1,RLM7,SP27,REF24
0.0,1.0,,1.0,0.0,0.0,,DEU.1_1,RLM7,SP27,REF24
0.0,1.0,,1.0,0.0,0.0,,GRC.1_1,RLM7,SP27,REF24
0.0,1.0,,1.0,0.0,0.0,,GRC.2_1,RLM7,SP27,REF24
0.0,1.0,,1.0,0.0,0.0,,HUN.1_1,RLM7,SP27,REF24
0.0,1.0,,1.0,0.0,0.0,,ISL.1_1,RLM7,SP27,REF24
0.0,1.0,,1.0,0.0,0.0,,ITA.1_1,RLM7,SP27,REF24
0.0,1.0,,1.0,0.0,0.0,,LTU.1_1,RLM7,SP27,REF24
0.0,1.0,,1.0,0.0,0.0,,MLT.1_1,RLM10,SP27,REF24
0.0,1.0,,1.0,0.0,0.0,,NLD.1_1,RLM7,SP27,REF24
0.0,1.0,,1.0,0.0,0.0,,MKD.1_1,RLM7,SP27,REF24
0.0,1.0,,1.0,0.0,0.0,,NOR.1_1,RLM7,SP27,REF24
0.0,1.0,,1.0,0.0,0.0,,POL.1_1,RLM7,SP27,REF24
0.0,1.0,,1.0,0.0,0.0,,PRT.1_1,RLM7,SP27,REF24
0.0,1.0,,1.0,0.0,0.0,,PRT.2_1,RLM7,SP27,REF24
0.0,1.0,,1.0,0.0,0.0,,PRT.3_1,RLM7,SP27,REF24
0.0,1.0,,1.0,0.0,0.0,,ROU.1_1,RLM7,SP27,REF24
0.0,1.0,,1.0,0.0,0.0,,,RLM7,SP27,REF24
0.0,1.0,,1.0,0.0,0.0,,SRB.1_1,RLM7,SP27,REF24
0.0,1.0,,1.0,0.0,0.0,,SVK.1_1,RLM7,SP27,REF24
0.0,1.0,,1.0,0.0,0.0,,SVN.1_1,RLM7,SP27,REF24
0.0,1.0,,1.0,0.0,0.0,,ESP.1_1,RLM7,SP27,REF24
0.0,1.0,,1.0,0.0,0.0,,ESP.1_2,RLM7,SP27,REF24
0.0,1.0,,1.0,0.0,0.0,,ESP.2_1,RLM7,SP27,REF24
0.0,1.0,,1.0,0.0,0.0,,ESP.3_1,RLM7,SP27,REF24
0.0,1.0,,1.0,0.0,0.0,,SWE.1_1,RLM7,SP27,REF24
0.0,1.0,,1.0,0.0,0.0,,CHE.1_1,RLM7,SP27,REF24
0.0,1.0,,1.0,0.0,0.0,,GBR.1_1,RLM7,SP27,REF24
0.0,1.0,,1.0,0.0,0.0,,ALB.1_1,RLM7,SP38,REF24
0.0,1.0,,1.0,0.0,0.0,,DNK.1_1,RLM7,SP38,REF24
0.0,1.0,,1.0,0.0,0.0,,FRA.1_1,RLM7,SP38,REF24
0.0,1.0,,1.0,0.0,0.0,,DEU.1_1,RLM7,SP38,REF24
0.0,1.0,,1.0,0.0,0.0,,ITA.1_1,RLM7,SP38,REF24
0.0,1.0,,1.0,0.0,0.0,,PRT.1_1,RLM7,SP38,REF24
0.0,1.0,,1.0,0.0,0.0,,PRT.2_1,RLM7,SP38,REF24
0.0,1.0,,1.0,0.0,0.0,,PRT.3_1,RLM7,SP38,REF24
0.0,1.0,,1.0,0.0,0.0,,ESP.1_1,RLM7,SP38,REF24
0.0,1.0,,1.0,0.0,0.0,,ESP.1_2,RLM7,SP38,REF24
0.0,1.0,,1.0,0.0,0.0,,ESP.2_1,RLM7,SP38,REF24
0.0,1.0,,1.0,0.0,0.0,,ESP.3_1,RLM7,SP38,REF24
0.0,1.0,,1.0,0.0,0.0,,CHE.1_1,RLM7,SP38,REF24
0.0,1.0,,1.0,0.0,0.0,,GBR.1_1,RLM7,SP38,REF24
0.0,1.0,,1.0,0.0,0.0,,ALB.1_1,RLM7,SP28,REF24
0.0,1.0,,1.0,0.0,0.0,,DEU.1_1,RLM7,SP28,REF24
0.0,1.0,,1.0,0.0,0.0,,GBR.1_1,RLM7,SP28,REF24
0.0,1.0,,1.0,0.0,0.0,,BEL.1_1,RLM7,SP176,REF24
0.0,1.0,,1.0,0.0,0.0,,DNK.1_1,RLM7,SP176,REF24
0.0,1.0,,1.0,0.0,0.0,,ITA.1_1,RLM7,SP176,REF24
0.0,1.0,,1.0,0.0,0.0,,NLD.1_1,RLM7,SP176,REF24
0.0,1.0,,1.0,0.0,0.0,,IRL.1_1,RLM7,SP1248,REF24
0.0,1.0,,1.0,0.0,0.0,,GBR.1_1,RLM7,SP1248,REF24
0.0,1.0,,1.0,0.0,0.0,,ESP.1_1,RLM7,SP625,REF24
0.0,1.0,,1.0,0.0,0.0,,ESP.1_2,RLM7,SP625,REF24
0.0,1.0,,1.0,0.0,0.0,,ESP.2_1,RLM7,SP625,REF24
0.0,1.0,,1.0,0.0,0.0,,ESP.3_1,RLM7,SP625,REF24
0.0,1.0,,1.0,0.0,0.0,,,RLM7,SP1251,REF24
0.0,1.0,,1.0,0.0,0.0,,SWE.1_1,RLM7,SP1146,REF24
0.0,1.0,,1.0,0.0,0.0,,DNK.1_1,RLM7,SP1147,REF24
0.0,1.0,,1.0,0.0,0.0,,GBR.1_1,RLM7,SP1147,REF24
0.0,1.0,,1.0,0.0,0.0,,GBR.1_1,RLM7,SP1148,REF24
0.0,1.0,,1.0,0.0,0.0,,SWE.1_1,RLM7,SP1231,REF24
0.0,1.0,,1.0,0.0,0.0,,,RLM7,SP198,REF24
0.0,1.0,,1.0,0.0,0.0,,GBR.1_1,RLM7,SP893,REF24
0.0,1.0,,1.0,0.0,0.0,,ESP.1_1,RLM7,SP209,REF24
0.0,1.0,,1.0,0.0,0.0,,ESP.1_2,RLM7,SP209,REF24
0.0,1.0,,1.0,0.0,0.0,,ESP.2_1,RLM7,SP209,REF24
0.0,1.0,,1.0,0.0,0.0,,ESP.3_1,RLM7,SP209,REF24
0.0,1.0,,1.0,0.0,0.0,,ITA.1_1,RLM7,SP75,REF24
0.0,1.0,,1.0,0.0,0.0,,SWE.1_1,RLM7,SP1142,REF24
0.0,1.0,,1.0,0.0,0.0,,AUT.1_1,RLM7,SP1143,REF24
0.0,1.0,,1.0,0.0,0.0,,HRV.1_1,RLM7,SP786,REF24
0.0,1.0,,1.0,0.0,0.0,,FRA.1_1,RLM7,SP786,REF24
0.0,1.0,,1.0,0.0,0.0,,ITA.1_1,RLM7,SP786,REF24
0.0,1.0,,1.0,0.0,0.0,,NOR.1_1,RLM7,SP786,REF24
0.0,1.0,,1.0,0.0,0.0,,PRT.1_1,RLM7,SP786,REF24
0.0,1.0,,1.0,0.0,0.0,,PRT.2_1,RLM7,SP786,REF24
0.0,1.0,,1.0,0.0,0.0,,PRT.3_1,RLM7,SP786,REF24
0.0,1.0,,1.0,0.0,0.0,,ROU.1_1,RLM7,SP786,REF24
0.0,1.0,,1.0,0.0,0.0,,ESP.1_1,RLM7,SP786,REF24
0.0,1.0,,1.0,0.0,0.0,,ESP.1_2,RLM7,SP786,REF24
0.0,1.0,,1.0,0.0,0.0,,ESP.2_1,RLM7,SP786,REF24
0.0,1.0,,1.0,0.0,0.0,,ESP.3_1,RLM7,SP786,REF24
0.0,1.0,,1.0,0.0,0.0,,CHE.1_1,RLM7,SP786,REF24
0.0,1.0,,1.0,0.0,0.0,,GBR.1_1,RLM7,SP786,REF24
0.0,1.0,,1.0,0.0,0.0,,AUT.1_1,RLM7,SP787,REF24
0.0,1.0,,1.0,0.0,0.0,,BEL.1_1,RLM7,SP787,REF24
0.0,1.0,,1.0,0.0,0.0,,CZE.1_1,RLM7,SP787,REF24
0.0,1.0,,1.0,0.0,0.0,,DNK.1_1,RLM7,SP787,REF24
0.0,1.0,,1.0,0.0,0.0,,FIN.1_1,RLM7,SP787,REF24
0.0,1.0,,1.0,0.0,0.0,,FRA.1_1,RLM7,SP787,REF24
0.0,1.0,,1.0,0.0,0.0,,DEU.1_1,RLM7,SP787,REF24
0.0,1.0,,1.0,0.0,0.0,,HUN.1_1,RLM7,SP787,REF24
0.0,1.0,,1.0,0.0,0.0,,ITA.1_1,RLM7,SP787,REF24
0.0,1.0,,1.0,0.0,0.0,,LVA.1_1,RLM7,SP787,REF24
0.0,1.0,,1.0,0.0,0.0,,NLD.1_1,RLM7,SP787,REF24
0.0,1.0,,1.0,0.0,0.0,,NOR.1_1,RLM7,SP787,REF24
0.0,1.0,,1.0,0.0,0.0,,IRL.1_1,RLM7,SP787,REF24
0.0,1.0,,1.0,0.0,0.0,,ROU.1_1,RLM7,SP787,REF24
0.0,1.0,,1.0,0.0,0.0,,,RLM7,SP787,REF24
0.0,1.0,,1.0,0.0,0.0,,SVK.1_1,RLM7,SP787,REF24
0.0,1.0,,1.0,0.0,0.0,,SWE.1_1,RLM7,SP787,REF24
0.0,1.0,,1.0,0.0,0.0,,GBR.1_1,RLM7,SP787,REF24
0.0,1.0,,1.0,0.0,0.0,,ALB.1_1,RLM7,SP224,REF24
0.0,1.0,,1.0,0.0,0.0,,AUT.1_1,RLM7,SP224,REF24
0.0,1.0,,1.0,0.0,0.0,,HRV.1_1,RLM7,SP224,REF24
0.0,1.0,,1.0,0.0,0.0,,CYP.1_1,RLM10,SP224,REF24
0.0,1.0,,1.0,0.0,0.0,,CZE.1_1,RLM7,SP224,REF24
0.0,1.0,,1.0,0.0,0.0,,DNK.1_1,RLM7,SP224,REF24
0.0,1.0,,1.0,0.0,0.0,,FRA.1_1,RLM7,SP224,REF24
0.0,1.0,,1.0,0.0,0.0,,DEU.1_1,RLM7,SP224,REF24
0.0,1.0,,1.0,0.0,0.0,,GRC.1_1,RLM7,SP224,REF24
0.0,1.0,,1.0,0.0,0.0,,GRC.2_1,RLM7,SP224,REF24
0.0,1.0,,1.0,0.0,0.0,,HUN.1_1,RLM7,SP224,REF24
0.0,1.0,,1.0,0.0,0.0,,ISL.1_1,RLM7,SP224,REF24
0.0,1.0,,1.0,0.0,0.0,,ITA.1_1,RLM7,SP224,REF24
0.0,1.0,,1.0,0.0,0.0,,LVA.1_1,RLM7,SP224,REF24
0.0,1.0,,1.0,0.0,0.0,,LTU.1_1,RLM7,SP224,REF24
0.0,1.0,,1.0,0.0,0.0,,NOR.1_1,RLM7,SP224,REF24
0.0,1.0,,1.0,0.0,0.0,,PRT.1_1,RLM7,SP224,REF24
0.0,1.0,,1.0,0.0,0.0,,PRT.2_1,RLM7,SP224,REF24
0.0,1.0,,1.0,0.0,0.0,,PRT.3_1,RLM7,SP224,REF24
0.0,1.0,,1.0,0.0,0.0,,ROU.1_1,RLM7,SP224,REF24
0.0,1.0,,1.0,0.0,0.0,,,RLM7,SP224,REF24
0.0,1.0,,1.0,0.0,0.0,,SRB.1_1,RLM7,SP224,REF24
0.0,1.0,,1.0,0.0,0.0,,SVK.1_1,RLM7,SP224,REF24
0.0,1.0,,1.0,0.0,0.0,,ESP.1_1,RLM7,SP224,REF24
0.0,1.0,,1.0,0.0,0.0,,ESP.1_2,RLM7,SP224,REF24
0.0,1.0,,1.0,0.0,0.0,,ESP.2_1,RLM7,SP224,REF24
0.0,1.0,,1.0,0.0,0.0,,ESP.3_1,RLM7,SP224,REF24
0.0,1.0,,1.0,0.0,0.0,,GBR.1_1,RLM7,SP224,REF24
1.0,,,1.0,0.0,0.0,,AUT.1_1,RLM7,SP90,REF24
1.0,,,1.0,0.0,0.0,,BLR.1_1,RLM7,SP90,REF24
1.0,,,1.0,0.0,0.0,,BEL.1_1,RLM7,SP90,REF24
1.0,,,1.0,0.0,0.0,,BGR.1_1,RLM7,SP90,REF24
1.0,,,1.0,0.0,0.0,,CZE.1_1,RLM7,SP90,REF24
1.0,,,1.0,0.0,0.0,,DNK.1_1,RLM7,SP90,REF24
1.0,,,1.0,0.0,0.0,,EST.1_1,RLM7,SP90,REF24
1.0,,,1.0,0.0,0.0,,FIN.1_1,RLM7,SP90,REF24
1.0,,,1.0,0.0,0.0,,FRA.1_1,RLM7,SP90,REF24
1.0,,,1.0,0.0,0.0,,DEU.1_1,RLM7,SP90,REF24
1.0,,,1.0,0.0,0.0,,HUN.1_1,RLM7,SP90,REF24
1.0,,,1.0,0.0,0.0,,ISL.1_1,RLM7,SP90,REF24
1.0,,,1.0,0.0,0.0,,ITA.1_1,RLM7,SP90,REF24
1.0,,,1.0,0.0,0.0,,LVA.1_1,RLM7,SP90,REF24
1.0,,,1.0,0.0,0.0,,LTU.1_1,RLM7,SP90,REF24
1.0,,,1.0,0.0,0.0,,NLD.1_1,RLM7,SP90,REF24
1.0,,,1.0,0.0,0.0,,NOR.1_1,RLM7,SP90,REF24
1.0,,,1.0,0.0,0.0,,POL.1_1,RLM7,SP90,REF24
1.0,,,1.0,0.0,0.0,,PRT.1_1,RLM7,SP90,REF24
1.0,,,1.0,0.0,0.0,,PRT.2_1,RLM7,SP90,REF24
1.0,,,1.0,0.0,0.0,,PRT.3_1,RLM7,SP90,REF24
1.0,,,1.0,0.0,0.0,,IRL.1_1,RLM7,SP90,REF24
1.0,,,1.0,0.0,0.0,,ROU.1_1,RLM7,SP90,REF24
1.0,,,1.0,0.0,0.0,,,RLM7,SP90,REF24
1.0,,,1.0,0.0,0.0,,SVK.1_1,RLM7,SP90,REF24
1.0,,,1.0,0.0,0.0,,SVN.1_1,RLM7,SP90,REF24
1.0,,,1.0,0.0,0.0,,ESP.1_1,RLM7,SP90,REF24
1.0,,,1.0,0.0,0.0,,ESP.1_2,RLM7,SP90,REF24
1.0,,,1.0,0.0,0.0,,ESP.2_1,RLM7,SP90,REF24
1.0,,,1.0,0.0,0.0,,ESP.3_1,RLM7,SP90,REF24
1.0,,,1.0,0.0,0.0,,SWE.1_1,RLM7,SP90,REF24
1.0,,,1.0,0.0,0.0,,CHE.1_1,RLM7,SP90,REF24
1.0,,,1.0,0.0,0.0,,GBR.1_1,RLM7,SP90,REF24
0.0,1.0,,1.0,0.0,0.0,,ALB.1_1,RLM7,SP788,REF24
0.0,1.0,,1.0,0.0,0.0,,AUT.1_1,RLM7,SP788,REF24
0.0,1.0,,1.0,0.0,0.0,,BLR.1_1,RLM7,SP788,REF24
0.0,1.0,,1.0,0.0,0.0,,BEL.1_1,RLM7,SP788,REF24
0.0,1.0,,1.0,0.0,0.0,,BGR.1_1,RLM7,SP788,REF24
0.0,1.0,,1.0,0.0,0.0,,HRV.1_1,RLM7,SP788,REF24
0.0,1.0,,1.0,0.0,0.0,,CYP.1_1,RLM10,SP788,REF24
0.0,1.0,,1.0,0.0,0.0,,CZE.1_1,RLM7,SP788,REF24
0.0,1.0,,1.0,0.0,0.0,,DNK.1_1,RLM7,SP788,REF24
0.0,1.0,,1.0,0.0,0.0,,EST.1_1,RLM7,SP788,REF24
0.0,1.0,,1.0,0.0,0.0,,FIN.1_1,RLM7,SP788,REF24
0.0,1.0,,1.0,0.0,0.0,,FRA.1_1,RLM7,SP788,REF24
0.0,1.0,,1.0,0.0,0.0,,DEU.1_1,RLM7,SP788,REF24
0.0,1.0,,1.0,0.0,0.0,,,RLM7,SP788,REF24
0.0,1.0,,1.0,0.0,0.0,,,RLM7,SP788,REF24
0.0,1.0,,1.0,0.0,0.0,,LVA.1_1,RLM7,SP788,REF24
0.0,1.0,,1.0,0.0,0.0,,LTU.1_1,RLM7,SP788,REF24
0.0,1.0,,1.0,0.0,0.0,,LUX.1_1,RLM7,SP788,REF24
0.0,1.0,,1.0,0.0,0.0,,NLD.1_1,RLM7,SP788,REF24
0.0,1.0,,1.0,0.0,0.0,,NOR.1_1,RLM7,SP788,REF24
0.0,1.0,,1.0,0.0,0.0,,POL.1_1,RLM7,SP788,REF24
0.0,1.0,,1.0,0.0,0.0,,,RLM7,SP788,REF24
0.0,1.0,,1.0,0.0,0.0,,IRL.1_1,RLM7,SP788,REF24
0.0,1.0,,1.0,0.0,0.0,,SVK.1_1,RLM7,SP788,REF24
0.0,1.0,,1.0,0.0,0.0,,SVN.1_1,RLM7,SP788,REF24
0.0,1.0,,1.0,0.0,0.0,,SWE.1_1,RLM7,SP788,REF24
0.0,1.0,,1.0,0.0,0.0,,CHE.1_1,RLM7,SP788,REF24
0.0,1.0,,1.0,0.0,0.0,,GBR.1_1,RLM7,SP788,REF24
0.0,1.0,,1.0,0.0,0.0,,ALB.1_1,RLM7,SP153,REF24
0.0,1.0,,1.0,0.0,0.0,,BGR.1_1,RLM7,SP153,REF24
0.0,1.0,,1.0,0.0,0.0,,FRA.1_1,RLM7,SP153,REF24
0.0,1.0,,1.0,0.0,0.0,,ITA.1_1,RLM7,SP153,REF24
0.0,1.0,,1.0,0.0,0.0,,LTU.1_1,RLM7,SP153,REF24
0.0,1.0,,1.0,0.0,0.0,,MLT.1_1,RLM10,SP153,REF24
0.0,1.0,,1.0,0.0,0.0,,SVN.1_1,RLM7,SP153,REF24
0.0,1.0,,1.0,0.0,0.0,,ESP.1_1,RLM7,SP153,REF24
0.0,1.0,,1.0,0.0,0.0,,ESP.1_2,RLM7,SP153,REF24
0.0,1.0,,1.0,0.0,0.0,,ESP.2_1,RLM7,SP153,REF24
0.0,1.0,,1.0,0.0,0.0,,ESP.3_1,RLM7,SP153,REF24
0.0,1.0,,1.0,0.0,0.0,,CHE.1_1,RLM7,SP153,REF24
0.0,1.0,,1.0,0.0,0.0,,DNK.1_1,RLM7,SP1144,REF24
0.0,1.0,,1.0,0.0,0.0,,FIN.1_1,RLM7,SP1144,REF24
0.0,1.0,,1.0,0.0,0.0,,DEU.1_1,RLM7,SP1144,REF24
0.0,1.0,,1.0,0.0,0.0,,NOR.1_1,RLM7,SP1144,REF24
0.0,1.0,,1.0,0.0,0.0,,SWE.1_1,RLM7,SP1144,REF24
0.0,1.0,,1.0,0.0,0.0,,,RLM7,SP1249,REF24
0.0,1.0,,1.0,0.0,0.0,,GBR.1_1,RLM7,SP1249,REF24
1.0,,,1.0,0.0,0.0,1998.0,AUT.1_1,RLM7,SP213,REF24
1.0,,,1.0,0.0,0.0,,ESP.1_1,RLM7,SP213,REF24
1.0,,,1.0,0.0,0.0,,ESP.1_2,RLM7,SP213,REF24
1.0,,,1.0,0.0,0.0,,ESP.2_1,RLM7,SP213,REF24
1.0,,,1.0,0.0,0.0,,ESP.3_1,RLM7,SP213,REF24
1.0,,,1.0,0.0,0.0,,FRA.1_1,RLM7,SP213,REF24
1.0,,,1.0,0.0,0.0,,GBR.1_1,RLM7,SP213,REF24
1.0,,,1.0,0.0,0.0,,IRL.1_1,RLM7,SP213,REF24
0.0,1.0,,1.0,0.0,0.0,,SRB.1_1,RLM7,SP991,REF174
0.0,1.0,,1.0,0.0,0.0,1987.0,GRC.1_1,RLM7,SP181,REF174
0.0,1.0,,1.0,0.0,0.0,1987.0,GRC.2_1,RLM7,SP181,REF174
0.0,1.0,,1.0,0.0,0.0,,SRB.1_1,RLM7,SP55,REF174
0.0,1.0,,1.0,0.0,0.0,1916.0,GRC.1_1,RLM7,SP166,REF174
0.0,1.0,,1.0,0.0,0.0,1916.0,GRC.2_1,RLM7,SP166,REF174
1.0,,,1.0,0.0,0.0,1871.0,GRC.1_1,RLM7,SP205,REF174
1.0,,,1.0,0.0,0.0,1871.0,GRC.2_1,RLM7,SP205,REF174
0.0,1.0,1.0,1.0,0.0,0.0,,SRB.1_1,RLM7,SP67,REF174
0.0,1.0,,1.0,0.0,0.0,,SRB.1_1,RLM7,SP597,REF174
0.0,1.0,,1.0,0.0,0.0,1866.0,GRC.1_1,RLM7,SP169,REF174
0.0,1.0,,1.0,0.0,0.0,1866.0,GRC.2_1,RLM7,SP169,REF174
0.0,1.0,,1.0,0.0,0.0,,SRB.1_1,RLM7,SP42,REF174
0.0,1.0,,1.0,0.0,0.0,,GEO.1_1,RLM7,SP42,REF174
0.0,1.0,,1.0,0.0,0.0,2007.0,GRC.1_1,RLM7,SP42,REF174
0.0,1.0,,1.0,0.0,0.0,2007.0,GRC.2_1,RLM7,SP42,REF174
0.0,1.0,,1.0,0.0,0.0,1982.0,GRC.1_1,RLM7,SP212,REF174
0.0,1.0,,1.0,0.0,0.0,1982.0,GRC.2_1,RLM7,SP212,REF174
0.0,1.0,,1.0,0.0,0.0,,DNK.1_1,RLM7,SP71,REF174
0.0,1.0,,1.0,0.0,0.0,,DNK.1_1,RLM7,SP231,REF174
0.0,1.0,,1.0,0.0,0.0,1796.0,GRC.1_1,RLM7,SP172,REF174
0.0,1.0,,1.0,0.0,0.0,1796.0,GRC.2_1,RLM7,SP172,REF174
0.0,1.0,,1.0,0.0,0.0,1879.0,GRC.1_1,RLM7,SP82,REF174
0.0,1.0,,1.0,0.0,0.0,1879.0,GRC.2_1,RLM7,SP82,REF174
0.0,1.0,,1.0,0.0,0.0,,SRB.1_1,RLM7,SP701,REF174
0.0,1.0,,1.0,0.0,0.0,,SRB.1_1,RLM7,SP15,REF174
0.0,1.0,,1.0,0.0,0.0,1920.0,GRC.1_1,RLM7,SP15,REF174
0.0,1.0,,1.0,0.0,0.0,1920.0,GRC.2_1,RLM7,SP15,REF174
0.0,1.0,,1.0,0.0,0.0,,SRB.1_1,RLM7,SP4,REF174
0.0,1.0,,1.0,0.0,0.0,,GEO.1_1,RLM7,SP4,REF174
0.0,1.0,,1.0,0.0,0.0,1940.0,GRC.1_1,RLM7,SP4,REF174
0.0,1.0,,1.0,0.0,0.0,1940.0,GRC.2_1,RLM7,SP4,REF174
0.0,1.0,,1.0,0.0,0.0,1910.0,GRC.1_1,RLM7,SP41,REF174
0.0,1.0,,1.0,0.0,0.0,1910.0,GRC.2_1,RLM7,SP41,REF174
0.0,1.0,,1.0,0.0,0.0,,SRB.1_1,RLM7,SP11,REF174
0.0,1.0,,1.0,0.0,0.0,,SRB.1_1,RLM7,SP705,REF174
0.0,1.0,,1.0,0.0,0.0,1995.0,GRC.1_1,RLM7,,REF174
0.0,1.0,,1.0,0.0,0.0,1995.0,GRC.2_1,RLM7,,REF174
0.0,1.0,,1.0,0.0,0.0,1935.0,GRC.1_1,RLM7,SP17,REF174
0.0,1.0,,1.0,0.0,0.0,1935.0,GRC.2_1,RLM7,SP17,REF174
0.0,1.0,,1.0,0.0,0.0,,GEO.1_1,RLM7,SP5,REF174
0.0,1.0,,1.0,0.0,0.0,1899.0,GRC.1_1,RLM7,SP5,REF174
0.0,1.0,,1.0,0.0,0.0,1899.0,GRC.2_1,RLM7,SP5,REF174
0.0,1.0,,1.0,0.0,0.0,1870.0,GRC.1_1,RLM7,SP1118,REF174
0.0,1.0,,1.0,0.0,0.0,1870.0,GRC.2_1,RLM7,SP1118,REF174
0.0,1.0,,1.0,0.0,0.0,,SRB.1_1,RLM7,SP2,REF174
0.0,1.0,,1.0,0.0,0.0,1993.0,GRC.1_1,RLM7,SP2,REF174
0.0,1.0,,1.0,0.0,0.0,1993.0,GRC.2_1,RLM7,SP2,REF174
0.0,1.0,,1.0,0.0,0.0,,SRB.1_1,RLM7,SP960,REF174
0.0,1.0,,1.0,0.0,0.0,1850.0,GRC.1_1,RLM7,SP960,REF174
0.0,1.0,,1.0,0.0,0.0,1850.0,GRC.2_1,RLM7,SP960,REF174
0.0,1.0,,1.0,0.0,0.0,1870.0,GRC.1_1,RLM7,SP222,REF174
0.0,1.0,,1.0,0.0,0.0,1870.0,GRC.2_1,RLM7,SP222,REF174
0.0,1.0,,1.0,0.0,0.0,,SRB.1_1,RLM7,SP1113,REF174
1.0,,,1.0,0.0,0.0,1813.0,GRC.1_1,RLM7,SP175,REF174
1.0,,,1.0,0.0,0.0,1813.0,GRC.2_1,RLM7,SP175,REF174
0.0,1.0,,1.0,0.0,0.0,1877.0,GRC.1_1,RLM7,SP48,REF174
0.0,1.0,,1.0,0.0,0.0,1877.0,GRC.2_1,RLM7,SP48,REF174
0.0,1.0,,1.0,0.0,0.0,,SRB.1_1,RLM7,SP27,REF174
0.0,1.0,,1.0,0.0,0.0,1790.0,GRC.1_1,RLM7,SP27,REF174
0.0,1.0,,1.0,0.0,0.0,1790.0,GRC.2_1,RLM7,SP27,REF174
0.0,1.0,,1.0,0.0,0.0,,SRB.1_1,RLM7,SP224,REF174
0.0,1.0,,1.0,0.0,0.0,1856.0,GRC.1_1,RLM7,SP224,REF174
0.0,1.0,,1.0,0.0,0.0,1856.0,GRC.2_1,RLM7,SP224,REF174
0.0,1.0,,1.0,0.0,0.0,,SRB.1_1,RLM7,SP153,REF174
0.0,1.0,,1.0,0.0,0.0,,GEO.1_1,RLM7,SP153,REF174
0.0,1.0,,1.0,0.0,0.0,2006.0,GRC.1_1,RLM7,SP153,REF174
0.0,1.0,,1.0,0.0,0.0,2006.0,GRC.2_1,RLM7,SP153,REF174
0.0,1.0,,1.0,0.0,0.0,2005.0,CAN.1_1,RLM2,SP1442,REF2
0.0,1.0,,1.0,0.0,1.0,1914.0,AUS.1_1,RLM8,SP296,REF2
0.0,1.0,,1.0,0.0,0.0,,KEN.1_1,RLM6,SP296,REF2
0.0,1.0,,1.0,0.0,0.0,,MDG.1_1,RLM11,SP296,REF2
0.0,1.0,,1.0,0.0,0.0,,ZAF.1_1,RLM6,SP296,REF2
1.0,0.0,,0.0,0.0,0.0,,USA.1_1,RLM2,SP1443,REF2
1.0,0.0,,0.0,0.0,0.0,,USA.1_2,RLM2,SP1443,REF2
1.0,0.0,,0.0,0.0,0.0,,USA.2_1,RLM2,SP1443,REF2
1.0,,,1.0,0.0,0.0,,CAN.1_1,RLM2,SP1444,REF2
1.0,,,1.0,0.0,0.0,,USA.1_1,RLM2,SP1444,REF2
1.0,,,1.0,0.0,0.0,,USA.1_2,RLM2,SP1444,REF2
1.0,,,1.0,0.0,0.0,,USA.2_1,RLM2,SP1444,REF2
0.0,1.0,1.0,1.0,0.0,0.0,2008.0,TUN.1_1,RLM10,,REF118
0.0,1.0,,1.0,0.0,0.0,2006.0,MEX.1_1,RLM2,SP7,REF9
0.0,1.0,,1.0,0.0,1.0,1960.0,ATG.1_1,RLM9,SP7,REF72
0.0,1.0,,1.0,0.0,1.0,1957.0,KNA.1_1,RLM9,SP7,REF72
0.0,1.0,,1.0,0.0,0.0,2006.0,PRT.1_1,RLM7,SP76,REF175
0.0,1.0,,1.0,0.0,0.0,2006.0,PRT.2_1,RLM7,SP76,REF175
0.0,1.0,,1.0,0.0,0.0,2006.0,PRT.3_1,RLM7,SP76,REF175
0.0,1.0,,1.0,0.0,0.0,1989.0,ESP.1_1,RLM7,SP76,REF175
0.0,1.0,,1.0,0.0,0.0,1989.0,ESP.1_2,RLM7,SP76,REF175
0.0,1.0,,1.0,0.0,0.0,1989.0,ESP.2_1,RLM7,SP76,REF175
0.0,1.0,,1.0,0.0,0.0,1989.0,ESP.3_1,RLM7,SP76,REF175
0.0,1.0,,1.0,0.0,0.0,2005.0,FRA.1_1,RLM7,SP76,REF175
0.0,1.0,,1.0,0.0,0.0,1996.0,ITA.1_1,RLM7,SP76,REF175
0.0,1.0,,1.0,0.0,0.0,2003.0,CHE.1_1,RLM7,SP76,REF175
0.0,1.0,,1.0,0.0,0.0,2009.0,AUT.1_1,RLM7,SP76,REF175
0.0,1.0,,1.0,0.0,0.0,2008.0,SVN.1_1,RLM7,SP76,REF175
0.0,1.0,,1.0,0.0,0.0,2014.0,HRV.1_1,RLM7,SP76,REF175
0.0,1.0,,1.0,0.0,0.0,2016.0,BIH.1_1,RLM7,SP76,REF175
0.0,1.0,,1.0,0.0,0.0,2009.0,ALB.1_1,RLM7,SP76,REF175
0.0,1.0,,1.0,0.0,0.0,2015.0,GRC.1_1,RLM7,SP76,REF175
0.0,1.0,,1.0,0.0,0.0,2015.0,GRC.2_1,RLM7,SP76,REF175
0.0,1.0,,1.0,0.0,0.0,2013.0,BGR.1_1,RLM7,SP76,REF175
0.0,1.0,,1.0,0.0,0.0,2015.0,CZE.1_1,RLM7,SP76,REF175
0.0,1.0,,1.0,0.0,0.0,2016.0,DEU.1_1,RLM7,SP76,REF175
0.0,1.0,,1.0,0.0,0.0,1999.0,NLD.1_1,RLM7,SP76,REF175
0.0,1.0,,1.0,0.0,0.0,2011.0,DNK.1_1,RLM7,SP76,REF175
0.0,1.0,,1.0,0.0,0.0,1978.0,GBR.1_1,RLM7,SP76,REF175
0.0,1.0,,1.0,0.0,0.0,2016.0,MNE.1_1,RLM7,SP76,REF175
0.0,1.0,,1.0,0.0,0.0,2007.0,MLT.1_1,RLM10,SP76,REF175
0.0,1.0,,1.0,0.0,0.0,,ISR.1_1,RLM10,SP1445,REF50
1.0,,,1.0,0.0,0.0,,ISR.1_1,RLM10,SP205,REF50
0.0,1.0,,1.0,0.0,0.0,,AUS.1_1,RLM8,SP63,REF50
0.0,1.0,,1.0,0.0,0.0,,ZAF.1_1,RLM6,SP63,REF50
0.0,1.0,,1.0,0.0,0.0,,ISR.1_1,RLM10,SP63,REF50
0.0,1.0,,1.0,0.0,0.0,,DZA.1_1,RLM10,SP63,REF50
0.0,1.0,,1.0,0.0,0.0,,MAR.1_1,RLM10,SP63,REF50
0.0,1.0,,1.0,0.0,0.0,1879.0,GRC.1_1,RLM7,SP67,REF176
0.0,1.0,,1.0,0.0,0.0,1879.0,GRC.2_1,RLM7,SP67,REF176
0.0,1.0,0.0,1.0,0.0,0.0,1989.0,AUT.1_1,RLM7,SP67,REF148
0.0,1.0,1.0,1.0,0.0,0.0,1998.0,FRA.1_1,RLM7,SP67,REF148
0.0,1.0,0.0,1.0,0.0,0.0,1984.0,MKD.1_1,RLM7,SP67,REF148
0.0,1.0,,1.0,0.0,0.0,1850.0,ITA.1_1,RLM7,SP960,REF148
0.0,1.0,,1.0,0.0,0.0,1975.0,CHE.1_1,RLM7,SP960,REF148
0.0,1.0,,1.0,0.0,0.0,1972.0,FRA.1_1,RLM7,SP960,REF148
0.0,1.0,1.0,1.0,0.0,0.0,1989.0,GBR.1_1,RLM7,SP960,REF148
0.0,1.0,1.0,1.0,0.0,0.0,1993.0,BEL.1_1,RLM7,SP960,REF148
0.0,1.0,1.0,1.0,0.0,0.0,1984.0,NLD.1_1,RLM7,SP960,REF148
0.0,1.0,1.0,1.0,0.0,0.0,1980.0,DEU.1_1,RLM7,SP960,REF148
0.0,1.0,1.0,1.0,0.0,0.0,1993.0,DNK.1_1,RLM7,SP960,REF148
0.0,1.0,1.0,1.0,0.0,0.0,1979.0,AUT.1_1,RLM7,SP960,REF148
0.0,1.0,1.0,1.0,0.0,0.0,1995.0,CZE.1_1,RLM7,SP960,REF148
0.0,1.0,1.0,1.0,0.0,0.0,1991.0,HUN.1_1,RLM7,SP960,REF148
0.0,1.0,1.0,1.0,0.0,0.0,1997.0,SVK.1_1,RLM7,SP960,REF148
0.0,1.0,1.0,1.0,0.0,0.0,1999.0,POL.1_1,RLM7,SP960,REF148
0.0,,1.0,1.0,0.0,0.0,2002.0,FRA.1_1,RLM7,SP1121,REF148
0.0,,1.0,1.0,0.0,0.0,2000.0,LUX.1_1,RLM7,SP1121,REF148
0.0,,1.0,1.0,0.0,0.0,2000.0,BEL.1_1,RLM7,SP1121,REF148
0.0,,1.0,1.0,0.0,0.0,1980.0,DEU.1_1,RLM7,SP1121,REF148
0.0,,1.0,1.0,0.0,0.0,1992.0,DNK.1_1,RLM7,SP1121,REF148
0.0,,1.0,1.0,0.0,0.0,1965.0,AUT.1_1,RLM7,SP1121,REF148
0.0,,1.0,1.0,0.0,0.0,1970.0,CZE.1_1,RLM7,SP1121,REF148
0.0,,1.0,1.0,0.0,0.0,1960.0,SVK.1_1,RLM7,SP1121,REF148
0.0,,1.0,1.0,0.0,0.0,1920.0,FRA.1_1,RLM7,SP222,REF148
0.0,,1.0,1.0,0.0,0.0,1990.0,GBR.1_1,RLM7,SP222,REF148
0.0,,1.0,1.0,0.0,0.0,1954.0,BEL.1_1,RLM7,SP222,REF148
0.0,,1.0,1.0,0.0,0.0,1965.0,NLD.1_1,RLM7,SP222,REF148
0.0,,1.0,1.0,0.0,0.0,1920.0,DEU.1_1,RLM7,SP222,REF148
0.0,,1.0,1.0,0.0,0.0,1905.0,CHE.1_1,RLM7,SP222,REF148
0.0,,1.0,1.0,0.0,0.0,1909.0,AUT.1_1,RLM7,SP222,REF148
0.0,,1.0,1.0,0.0,0.0,1920.0,HUN.1_1,RLM7,SP222,REF148
0.0,,1.0,1.0,0.0,0.0,1935.0,SVK.1_1,RLM7,SP222,REF148
0.0,,1.0,1.0,0.0,0.0,1920.0,CZE.1_1,RLM7,SP222,REF148
0.0,,1.0,1.0,0.0,0.0,1969.0,POL.1_1,RLM7,SP222,REF148
0.0,,1.0,1.0,0.0,0.0,1978.0,DNK.1_1,RLM7,SP222,REF148
0.0,1.0,1.0,1.0,0.0,0.0,2001.0,ESP.1_1,RLM7,SP1113,REF148
0.0,1.0,1.0,1.0,0.0,0.0,2001.0,ESP.1_2,RLM7,SP1113,REF148
0.0,1.0,1.0,1.0,0.0,0.0,2001.0,ESP.2_1,RLM7,SP1113,REF148
0.0,1.0,1.0,1.0,0.0,0.0,2001.0,ESP.3_1,RLM7,SP1113,REF148
0.0,1.0,1.0,1.0,0.0,0.0,1989.0,FRA.1_1,RLM7,SP1113,REF148
0.0,1.0,0.0,1.0,0.0,0.0,1983.0,CHE.1_1,RLM7,SP1113,REF148
0.0,1.0,1.0,1.0,0.0,0.0,1988.0,ITA.1_1,RLM7,SP1113,REF148
0.0,1.0,1.0,1.0,0.0,0.0,1989.0,DEU.1_1,RLM7,SP1113,REF148
0.0,1.0,1.0,1.0,0.0,0.0,2001.0,BEL.1_1,RLM7,SP1113,REF148
0.0,1.0,1.0,1.0,0.0,0.0,1999.0,NLD.1_1,RLM7,SP1113,REF148
0.0,1.0,1.0,1.0,0.0,0.0,1999.0,POL.1_1,RLM7,SP1113,REF148
0.0,1.0,1.0,1.0,0.0,0.0,1992.0,CZE.1_1,RLM7,SP1113,REF148
0.0,1.0,1.0,1.0,0.0,0.0,1992.0,SVK.1_1,RLM7,SP1113,REF148
0.0,1.0,1.0,1.0,0.0,0.0,1993.0,HUN.1_1,RLM7,SP1113,REF148
0.0,1.0,1.0,1.0,0.0,0.0,1993.0,SVN.1_1,RLM7,SP1113,REF148
0.0,1.0,1.0,1.0,0.0,0.0,1999.0,BIH.1_1,RLM7,SP1113,REF148
0.0,1.0,1.0,1.0,0.0,0.0,1998.0,SRB.1_1,RLM7,SP1113,REF148
0.0,1.0,1.0,1.0,0.0,0.0,1998.0,MNE.1_1,RLM7,SP1113,REF148
0.0,1.0,1.0,1.0,0.0,0.0,1991.0,AUT.1_1,RLM7,SP1113,REF148
0.0,0.0,0.0,1.0,0.0,0.0,1970.0,MKD.1_1,RLM7,SP67,REF177
0.0,1.0,,1.0,0.0,0.0,2015.0,NZL.1_1,RLM8,SP19,REF13
0.0,1.0,,1.0,0.0,0.0,2010.0,BEL.1_1,RLM7,SP42,REF114
0.0,1.0,,1.0,0.0,0.0,2013.0,HRV.1_1,RLM7,SP42,REF114
0.0,1.0,,1.0,0.0,0.0,2011.0,CZE.1_1,RLM7,SP42,REF114
0.0,1.0,,1.0,0.0,0.0,2010.0,FRA.1_1,RLM7,SP42,REF114
0.0,1.0,,1.0,0.0,0.0,2015.0,GEO.1_1,RLM7,SP42,REF114
0.0,1.0,,1.0,0.0,0.0,2007.0,DEU.1_1,RLM7,SP42,REF114
0.0,1.0,,1.0,0.0,0.0,2013.0,GRC.1_1,RLM7,SP42,REF114
0.0,1.0,,1.0,0.0,0.0,2013.0,GRC.2_1,RLM7,SP42,REF114
0.0,1.0,,1.0,0.0,0.0,2011.0,HUN.1_1,RLM7,SP42,REF114
0.0,1.0,,1.0,0.0,0.0,2010.0,ITA.1_1,RLM7,SP42,REF114
0.0,1.0,,1.0,0.0,0.0,2007.0,NLD.1_1,RLM7,SP42,REF114
0.0,1.0,,1.0,0.0,0.0,2007.0,CHE.1_1,RLM7,SP42,REF114
0.0,1.0,,1.0,0.0,0.0,2011.0,TUR.1_1,RLM7,SP42,REF114
0.0,1.0,1.0,1.0,0.0,0.0,2013.0,GRC.1_1,RLM7,SP42,REF178
0.0,1.0,1.0,1.0,0.0,0.0,2013.0,GRC.2_1,RLM7,SP42,REF178
0.0,1.0,,1.0,0.0,0.0,2017.0,ALB.1_1,RLM7,SP42,REF179
0.0,1.0,,1.0,0.0,0.0,2009.0,AUT.1_1,RLM7,SP42,REF179
0.0,1.0,,1.0,0.0,0.0,2011.0,BEL.1_1,RLM7,SP42,REF179
0.0,1.0,,1.0,0.0,0.0,2015.0,BIH.1_1,RLM7,SP42,REF179
0.0,1.0,,1.0,0.0,0.0,2014.0,BGR.1_1,RLM7,SP42,REF179
0.0,1.0,,1.0,0.0,0.0,2012.0,HRV.1_1,RLM7,SP42,REF179
0.0,1.0,,1.0,0.0,0.0,2011.0,CZE.1_1,RLM7,SP42,REF179
0.0,1.0,,1.0,0.0,0.0,2013.0,DNK.1_1,RLM7,SP42,REF179
0.0,1.0,,1.0,0.0,0.0,2008.0,FRA.1_1,RLM7,SP42,REF179
0.0,1.0,,1.0,0.0,0.0,2012.0,GEO.1_1,RLM7,SP42,REF179
0.0,1.0,,1.0,0.0,0.0,2007.0,DEU.1_1,RLM7,SP42,REF179
0.0,1.0,,1.0,0.0,0.0,2015.0,GRC.1_1,RLM7,SP42,REF179
0.0,1.0,,1.0,0.0,0.0,2015.0,GRC.2_1,RLM7,SP42,REF179
0.0,1.0,,1.0,0.0,0.0,2011.0,HUN.1_1,RLM7,SP42,REF179
0.0,1.0,,1.0,0.0,0.0,2010.0,ITA.1_1,RLM7,SP42,REF179
0.0,1.0,,1.0,0.0,0.0,2009.0,LIE.1_1,RLM7,SP42,REF179
0.0,1.0,,1.0,0.0,0.0,2014.0,MNE.1_1,RLM7,SP42,REF179
0.0,1.0,,1.0,0.0,0.0,2007.0,NLD.1_1,RLM7,SP42,REF179
0.0,1.0,,1.0,0.0,0.0,2011.0,ROU.1_1,RLM7,SP42,REF179
0.0,1.0,,1.0,0.0,0.0,2012.0,,RLM7,SP42,REF179
0.0,1.0,,1.0,0.0,0.0,2015.0,SRB.1_1,RLM7,SP42,REF179
0.0,1.0,,1.0,0.0,0.0,2012.0,SVK.1_1,RLM7,SP42,REF179
0.0,1.0,,1.0,0.0,0.0,2011.0,SVN.1_1,RLM7,SP42,REF179
0.0,1.0,,1.0,0.0,0.0,2014.0,ESP.1_1,RLM7,SP42,REF179
0.0,1.0,,1.0,0.0,0.0,2014.0,ESP.1_2,RLM7,SP42,REF179
0.0,1.0,,1.0,0.0,0.0,2014.0,ESP.2_1,RLM7,SP42,REF179
0.0,1.0,,1.0,0.0,0.0,2014.0,ESP.3_1,RLM7,SP42,REF179
0.0,1.0,,1.0,0.0,0.0,2007.0,CHE.1_1,RLM7,SP42,REF179
0.0,1.0,,1.0,0.0,0.0,2011.0,TUR.1_1,RLM7,SP42,REF179
0.0,1.0,,1.0,0.0,0.0,2008.0,GBR.1_1,RLM7,SP42,REF179
0.0,1.0,,,0.0,0.0,2006.0,NLD.1_1,RLM7,SP47,REF51
0.0,1.0,,1.0,0.0,0.0,,NZL.1_1,RLM8,SP47,REF51
0.0,1.0,,,0.0,0.0,2009.0,SWE.1_1,RLM7,SP47,REF51
0.0,1.0,,1.0,0.0,0.0,2011.0,CHL.1_1,RLM1,SP15,REF25
0.0,1.0,,1.0,0.0,0.0,1920.0,FRA.1_1,RLM7,SP15,REF25
0.0,1.0,,1.0,0.0,0.0,1920.0,ITA.1_1,RLM7,SP15,REF25
0.0,,,1.0,0.0,0.0,1976.0,NZL.1_1,RLM8,SP15,REF25
0.0,1.0,,1.0,0.0,0.0,1920.0,SVN.1_1,RLM7,SP15,REF25
0.0,1.0,,1.0,0.0,0.0,1980.0,ZAF.1_1,RLM6,SP15,REF25
0.0,1.0,,1.0,0.0,0.0,,ITA.1_1,RLM7,SP15,REF25
0.0,1.0,,1.0,0.0,0.0,,FRA.1_1,RLM7,SP15,REF25
0.0,1.0,,1.0,0.0,0.0,,SVK.1_1,RLM7,SP15,REF25
0.0,1.0,,1.0,0.0,0.0,,SVN.1_1,RLM7,SP15,REF25
0.0,1.0,,1.0,0.0,0.0,,ESP.1_1,RLM7,SP15,REF25
0.0,1.0,,1.0,0.0,0.0,,ESP.1_2,RLM7,SP15,REF25
0.0,1.0,,1.0,0.0,0.0,,ESP.2_1,RLM7,SP15,REF25
0.0,1.0,,1.0,0.0,0.0,,ESP.3_1,RLM7,SP15,REF25
0.0,1.0,,1.0,0.0,0.0,,PRT.1_1,RLM7,SP15,REF25
0.0,1.0,,1.0,0.0,0.0,,PRT.2_1,RLM7,SP15,REF25
0.0,1.0,,1.0,0.0,0.0,,PRT.3_1,RLM7,SP15,REF25
0.0,1.0,,1.0,0.0,0.0,,ZAF.1_1,RLM6,SP15,REF25
0.0,1.0,,1.0,0.0,0.0,,CHL.1_1,RLM1,SP15,REF25
0.0,1.0,,1.0,0.0,0.0,,ARG.1_1,RLM1,SP15,REF25
0.0,1.0,,1.0,0.0,0.0,,ARG.2_1,RLM1,SP15,REF25
0.0,1.0,1.0,1.0,0.0,0.0,1978.0,GRC.1_1,RLM7,SP4,REF180
0.0,1.0,1.0,1.0,0.0,0.0,1978.0,GRC.2_1,RLM7,SP4,REF180
0.0,1.0,,1.0,0.0,0.0,2010.0,ARG.1_1,RLM1,SP62,REF52
0.0,1.0,,1.0,0.0,0.0,2010.0,ARG.2_1,RLM1,SP62,REF52
0.0,1.0,,1.0,0.0,0.0,2008.0,CHL.1_1,RLM1,SP62,REF52
0.0,1.0,,1.0,0.0,0.0,2007.0,ERI.1_1,RLM6,SP62,REF52
0.0,1.0,,1.0,0.0,0.0,2007.0,ETH.1_1,RLM6,SP62,REF52
0.0,1.0,,1.0,0.0,0.0,1991.0,JPN.1_1,RLM5,SP62,REF52
0.0,1.0,,1.0,0.0,0.0,2007.0,KEN.1_1,RLM6,SP62,REF52
0.0,1.0,,1.0,0.0,0.0,,BRB.1_1,RLM9,SP41,REF78
0.0,1.0,,1.0,0.0,0.0,,HND.1_1,RLM9,SP41,REF78
0.0,1.0,,1.0,0.0,0.0,,HND.2_1,RLM9,SP41,REF78
0.0,1.0,,1.0,0.0,0.0,,ITA.1_1,RLM7,SP41,REF78
0.0,1.0,,1.0,0.0,0.0,,PER.1_1,RLM1,SP41,REF78
0.0,1.0,,1.0,0.0,0.0,,PRT.1_1,RLM7,SP41,REF78
0.0,1.0,,1.0,0.0,0.0,,PRT.2_1,RLM7,SP41,REF78
0.0,1.0,,1.0,0.0,0.0,,PRT.3_1,RLM7,SP41,REF78
0.0,1.0,,1.0,0.0,0.0,,VEN.1_1,RLM1,SP41,REF78
0.0,1.0,,1.0,0.0,0.0,,VEN.2_1,RLM1,SP41,REF78
0.0,1.0,,,0.0,0.0,1987.0,BEL.1_1,RLM7,SP41,REF181
0.0,1.0,,1.0,0.0,0.0,1987.0,DNK.1_1,RLM7,SP41,REF181
0.0,1.0,,0.0,1.0,0.0,1980.0,DNK.1_1,RLM7,SP41,REF181
0.0,1.0,,0.0,1.0,0.0,1980.0,FIN.1_1,RLM7,SP41,REF181
0.0,1.0,,0.0,1.0,0.0,1980.0,FRA.1_1,RLM7,SP41,REF181
0.0,1.0,,0.0,1.0,0.0,1980.0,GRC.1_1,RLM7,SP41,REF181
0.0,1.0,,0.0,1.0,0.0,1980.0,GRC.2_1,RLM7,SP41,REF181
0.0,1.0,,1.0,0.0,0.0,1987.0,NLD.1_1,RLM7,SP41,REF181
0.0,1.0,,0.0,1.0,0.0,1982.0,GBR.1_1,RLM7,SP41,REF181
0.0,1.0,0.0,,0.0,1.0,1970.0,TTO.1_1,RLM1,SP365,REF182
0.0,1.0,0.0,1.0,0.0,1.0,1973.0,IND.1_1,RLM4,SP365,REF182
0.0,1.0,0.0,,0.0,1.0,1970.0,MYS.1_1,RLM4,SP365,REF182
0.0,1.0,0.0,1.0,0.0,1.0,1973.0,LKA.1_1,RLM4,SP365,REF182
0.0,1.0,0.0,,0.0,1.0,1970.0,GHA.1_1,RLM6,SP365,REF182
0.0,1.0,0.0,,0.0,1.0,1973.0,NGA.1_1,RLM6,SP365,REF182
0.0,1.0,1.0,1.0,0.0,0.0,1985.0,PHL.1_1,RLM4,SP365,REF182
0.0,1.0,,0.0,1.0,0.0,2012.0,HRV.1_1,RLM7,SP78,REF183
0.0,1.0,,0.0,1.0,0.0,2011.0,CZE.1_1,RLM7,SP78,REF183
0.0,1.0,,1.0,0.0,0.0,2001.0,FRA.1_1,RLM7,SP78,REF183
0.0,1.0,,0.0,1.0,0.0,2016.0,DEU.1_1,RLM7,SP78,REF183
0.0,1.0,,1.0,0.0,0.0,2008.0,SVN.1_1,RLM7,SP78,REF183
0.0,1.0,,1.0,0.0,0.0,2010.0,CHE.1_1,RLM7,SP78,REF183
0.0,1.0,,0.0,1.0,0.0,2002.0,GBR.1_1,RLM7,SP78,REF183
0.0,1.0,,1.0,0.0,0.0,,AUT.1_1,RLM7,SP78,REF183
0.0,1.0,,0.0,1.0,0.0,2011.0,BEL.1_1,RLM7,,REF183
0.0,1.0,,1.0,0.0,0.0,2009.0,CYP.1_1,RLM10,,REF183
0.0,1.0,,0.0,0.0,0.0,2013.0,DNK.1_1,RLM7,,REF183
0.0,1.0,,1.0,0.0,0.0,2006.0,GRC.1_1,RLM7,,REF183
0.0,1.0,,1.0,0.0,0.0,2006.0,GRC.2_1,RLM7,,REF183
0.0,1.0,,1.0,0.0,0.0,2002.0,ITA.1_1,RLM7,,REF183
0.0,1.0,,0.0,0.0,0.0,2011.0,PRT.1_1,RLM7,,REF183
0.0,1.0,,0.0,0.0,0.0,2011.0,PRT.2_1,RLM7,,REF183
0.0,1.0,,0.0,0.0,0.0,2011.0,PRT.3_1,RLM7,,REF183
0.0,1.0,,1.0,0.0,0.0,2000.0,ESP.1_1,RLM7,,REF183
0.0,1.0,,1.0,0.0,0.0,2000.0,ESP.1_2,RLM7,,REF183
0.0,1.0,,1.0,0.0,0.0,2000.0,ESP.2_1,RLM7,,REF183
0.0,1.0,,1.0,0.0,0.0,2000.0,ESP.3_1,RLM7,,REF183
0.0,1.0,,1.0,0.0,0.0,,USA.1_1,RLM2,SP197,REF184
0.0,1.0,,1.0,0.0,0.0,,USA.1_2,RLM2,SP197,REF184
0.0,1.0,,1.0,0.0,0.0,,USA.2_1,RLM2,SP197,REF184
0.0,1.0,,1.0,0.0,0.0,,CAN.1_1,RLM2,SP197,REF184
0.0,1.0,,1.0,0.0,0.0,,USA.1_1,RLM2,SP206,REF184
0.0,1.0,,1.0,0.0,0.0,,USA.1_2,RLM2,SP206,REF184
0.0,1.0,,1.0,0.0,0.0,,USA.2_1,RLM2,SP206,REF184
0.0,1.0,,1.0,0.0,0.0,,CAN.1_1,RLM2,SP206,REF184
0.0,1.0,,1.0,0.0,0.0,1950.0,NZL.1_1,RLM8,SP99,REF184
0.0,1.0,,1.0,0.0,0.0,1950.0,AUS.1_1,RLM8,SP99,REF184
0.0,1.0,,1.0,0.0,0.0,2015.0,AFG.1_1,RLM10,SP153,REF185
0.0,1.0,,1.0,0.0,0.0,2009.0,ALB.1_1,RLM7,SP153,REF185
0.0,1.0,,1.0,0.0,0.0,2009.0,BHR.1_1,RLM10,SP153,REF185
0.0,1.0,,1.0,0.0,0.0,2016.0,BGD.1_1,RLM4,SP153,REF185
0.0,1.0,,1.0,0.0,0.0,2010.0,BIH.1_1,RLM7,SP153,REF185
0.0,1.0,,1.0,0.0,0.0,2010.0,BGR.1_1,RLM7,SP153,REF185
0.0,1.0,,1.0,0.0,0.0,2014.0,CRI.1_1,RLM9,SP153,REF185
0.0,1.0,,1.0,0.0,0.0,2010.0,HRV.1_1,RLM7,SP153,REF185
0.0,1.0,,1.0,0.0,0.0,2010.0,CYP.1_1,RLM10,SP153,REF185
0.0,1.0,,1.0,0.0,0.0,2013.0,CZE.1_1,RLM7,SP153,REF185
0.0,1.0,,1.0,0.0,0.0,2012.0,ETH.1_1,RLM6,SP153,REF185
0.0,1.0,,1.0,0.0,0.0,2013.0,GMB.1_1,RLM6,SP153,REF185
0.0,1.0,,1.0,0.0,0.0,2011.0,GEO.1_1,RLM7,SP153,REF185
0.0,1.0,,1.0,0.0,0.0,2010.0,DEU.1_1,RLM7,SP153,REF185
0.0,1.0,,1.0,0.0,0.0,2015.0,GIN.1_1,RLM6,SP153,REF185
0.0,1.0,,1.0,0.0,0.0,2010.0,HUN.1_1,RLM7,SP153,REF185
0.0,1.0,,1.0,0.0,0.0,2010.0,IRN.1_1,RLM10,SP153,REF185
0.0,1.0,,1.0,0.0,0.0,2009.0,IRQ.1_1,RLM10,SP153,REF185
0.0,1.0,,1.0,0.0,0.0,2009.0,JOR.1_1,RLM10,SP153,REF185
0.0,1.0,,1.0,0.0,0.0,2013.0,KEN.1_1,RLM6,SP153,REF185
0.0,1.0,,1.0,0.0,0.0,2010.0,XKO.1_1,RLM7,SP153,REF185
0.0,1.0,,1.0,0.0,0.0,2010.0,LBN.1_1,RLM10,SP153,REF185
0.0,1.0,,1.0,0.0,0.0,2010.0,LTU.1_1,RLM7,SP153,REF185
0.0,1.0,,1.0,0.0,0.0,2015.0,MLI.1_1,RLM6,SP153,REF185
0.0,1.0,,1.0,0.0,0.0,2011.0,MNE.1_1,RLM7,SP153,REF185
0.0,1.0,,1.0,0.0,0.0,2016.0,NPL.1_1,RLM5,SP153,REF185
0.0,1.0,,1.0,0.0,0.0,2012.0,NER.1_1,RLM6,SP153,REF185
0.0,1.0,,1.0,0.0,0.0,2011.0,OMN.1_1,RLM10,SP153,REF185
0.0,1.0,,1.0,0.0,0.0,2013.0,PAN.1_1,RLM9,SP153,REF185
0.0,1.0,,1.0,0.0,0.0,2010.0,QAT.1_1,RLM10,SP153,REF185
0.0,1.0,,1.0,0.0,0.0,2009.0,ROU.1_1,RLM7,SP153,REF185
0.0,1.0,,1.0,0.0,0.0,2009.0,,RLM7,SP153,REF185
0.0,1.0,,1.0,0.0,0.0,2009.0,SAU.1_1,RLM10,SP153,REF185
0.0,1.0,,1.0,0.0,0.0,2009.0,SVN.1_1,RLM7,SP153,REF185
0.0,1.0,,1.0,0.0,0.0,2014.0,UKR.1_1,RLM7,SP153,REF185
0.0,1.0,,1.0,0.0,0.0,2010.0,ARE.1_1,RLM10,SP153,REF185
0.0,1.0,,1.0,0.0,0.0,2015.0,UZB.1_1,RLM7,SP153,REF185
0.0,1.0,,1.0,0.0,0.0,2010.0,YEM.1_1,RLM10,SP153,REF185
0.0,1.0,,1.0,0.0,0.0,2015.0,ZMB.1_1,RLM6,SP153,REF185
0.0,1.0,1.0,1.0,0.0,0.0,2008.0,DZA.1_1,RLM10,SP153,REF186
0.0,1.0,1.0,1.0,0.0,0.0,2009.0,FRA.1_1,RLM7,SP153,REF186
0.0,1.0,1.0,1.0,0.0,0.0,2009.0,GRC.1_1,RLM7,SP153,REF186
0.0,1.0,1.0,1.0,0.0,0.0,2009.0,GRC.2_1,RLM7,SP153,REF186
0.0,1.0,,1.0,0.0,0.0,2009.0,LBY.1_1,RLM10,SP153,REF186
0.0,1.0,1.0,1.0,0.0,0.0,2009.0,MLT.1_1,RLM10,SP153,REF186
0.0,1.0,1.0,1.0,0.0,0.0,2008.0,MAR.1_1,RLM10,SP153,REF186
0.0,1.0,1.0,1.0,0.0,0.0,2009.0,PRT.1_1,RLM7,SP153,REF186
0.0,1.0,1.0,1.0,0.0,0.0,2009.0,PRT.2_1,RLM7,SP153,REF186
0.0,1.0,1.0,1.0,0.0,0.0,2009.0,PRT.3_1,RLM7,SP153,REF186
0.0,1.0,1.0,1.0,0.0,0.0,2009.0,CHE.1_1,RLM7,SP153,REF186
0.0,1.0,1.0,1.0,0.0,0.0,2009.0,TUN.1_1,RLM10,SP153,REF186
0.0,1.0,1.0,1.0,0.0,0.0,2009.0,GBR.1_1,RLM7,SP153,REF186
0.0,1.0,,1.0,0.0,0.0,,CAN.1_1,RLM2,SP10,REF187
0.0,1.0,,1.0,0.0,0.0,1911.0,MEX.1_1,RLM2,SP17,REF188
1.0,,,1.0,0.0,0.0,,GTM.1_1,RLM9,SP398,REF189
1.0,,,1.0,0.0,0.0,,HND.1_1,RLM9,SP398,REF189
1.0,,,1.0,0.0,0.0,,HND.2_1,RLM9,SP398,REF189
1.0,,,1.0,0.0,0.0,,NIC.1_1,RLM9,SP398,REF189
0.0,1.0,1.0,1.0,0.0,0.0,2019.0,ARM.1_1,RLM7,SP67,REF190
0.0,1.0,,1.0,0.0,0.0,,COL.1_1,RLM1,SP23,REF131
0.0,1.0,1.0,1.0,0.0,0.0,,ALB.1_1,RLM7,SP215,REF147
0.0,1.0,1.0,1.0,0.0,0.0,1991.0,AUT.1_1,RLM7,SP215,REF147
0.0,1.0,1.0,1.0,0.0,0.0,2001.0,BEL.1_1,RLM7,SP215,REF147
0.0,1.0,1.0,1.0,0.0,0.0,1999.0,BIH.1_1,RLM7,SP215,REF147
0.0,1.0,1.0,1.0,0.0,0.0,2001.0,BGR.1_1,RLM7,SP215,REF147
0.0,1.0,1.0,1.0,0.0,0.0,2000.0,HRV.1_1,RLM7,SP215,REF147
0.0,1.0,1.0,1.0,0.0,0.0,1992.0,CZE.1_1,RLM7,SP215,REF147
0.0,1.0,1.0,1.0,0.0,0.0,2003.0,DNK.1_1,RLM7,SP215,REF147
0.0,1.0,1.0,1.0,0.0,0.0,1984.0,FRA.1_1,RLM7,SP215,REF147
0.0,1.0,1.0,1.0,0.0,0.0,1988.0,DEU.1_1,RLM7,SP215,REF147
0.0,1.0,1.0,1.0,0.0,0.0,1992.0,HUN.1_1,RLM7,SP215,REF147
0.0,1.0,1.0,1.0,0.0,0.0,1988.0,ITA.1_1,RLM7,SP215,REF147
0.0,1.0,1.0,1.0,0.0,0.0,2007.0,LTU.1_1,RLM7,SP215,REF147
0.0,1.0,1.0,1.0,0.0,0.0,1999.0,NLD.1_1,RLM7,SP215,REF147
0.0,1.0,1.0,1.0,0.0,0.0,1999.0,POL.1_1,RLM7,SP215,REF147
0.0,1.0,1.0,1.0,0.0,0.0,2002.0,ROU.1_1,RLM7,SP215,REF147
0.0,1.0,1.0,1.0,0.0,0.0,1998.0,SRB.1_1,RLM7,SP215,REF147
0.0,1.0,1.0,1.0,0.0,0.0,1992.0,SVK.1_1,RLM7,SP215,REF147
0.0,1.0,1.0,1.0,0.0,0.0,1994.0,SVN.1_1,RLM7,SP215,REF147
0.0,1.0,1.0,1.0,0.0,0.0,2001.0,ESP.1_1,RLM7,SP215,REF147
0.0,1.0,1.0,1.0,0.0,0.0,2001.0,ESP.1_2,RLM7,SP215,REF147
0.0,1.0,1.0,1.0,0.0,0.0,2001.0,ESP.2_1,RLM7,SP215,REF147
0.0,1.0,1.0,1.0,0.0,0.0,2001.0,ESP.3_1,RLM7,SP215,REF147
0.0,1.0,0.0,1.0,0.0,0.0,1983.0,CHE.1_1,RLM7,SP215,REF147
0.0,1.0,1.0,1.0,0.0,0.0,2002.0,UKR.1_1,RLM7,SP215,REF147
0.0,1.0,,1.0,0.0,0.0,,ESP.1_1,RLM7,SP78,REF191
0.0,1.0,,1.0,0.0,0.0,,ESP.1_2,RLM7,SP78,REF191
0.0,1.0,,1.0,0.0,0.0,,ESP.2_1,RLM7,SP78,REF191
0.0,1.0,,1.0,0.0,0.0,,ESP.3_1,RLM7,SP78,REF191
0.0,1.0,,1.0,0.0,0.0,,FRA.1_1,RLM7,SP78,REF191
0.0,1.0,,1.0,0.0,0.0,,ITA.1_1,RLM7,SP78,REF191
0.0,1.0,,1.0,0.0,0.0,,ALB.1_1,RLM7,SP78,REF191
0.0,1.0,,1.0,0.0,0.0,,HRV.1_1,RLM7,SP78,REF191
0.0,1.0,,1.0,0.0,0.0,,GEO.1_1,RLM7,SP78,REF192
0.0,1.0,,1.0,0.0,0.0,,ALB.1_1,RLM7,SP78,REF192
0.0,1.0,,1.0,0.0,0.0,,UKR.1_1,RLM7,SP78,REF192
0.0,1.0,,1.0,0.0,0.0,,,RLM7,SP78,REF192
0.0,1.0,,1.0,0.0,0.0,2006.0,JAM.1_1,RLM9,SP31,REF193
0.0,1.0,,1.0,0.0,0.0,2014.0,ARG.1_1,RLM1,SP23,REF194
0.0,1.0,,1.0,0.0,0.0,2014.0,ARG.2_1,RLM1,SP23,REF194
0.0,1.0,,1.0,0.0,0.0,,BOL.1_1,RLM1,SP23,REF194
0.0,1.0,,1.0,0.0,0.0,2013.0,PRY.1_1,RLM1,SP23,REF194
0.0,1.0,1.0,1.0,0.0,0.0,2014.0,USA.3_1,RLM9,SP23,REF194
0.0,1.0,,1.0,0.0,0.0,2014.0,URY.1_1,RLM1,SP23,REF194
0.0,1.0,,1.0,0.0,0.0,2006.0,USA.3_1,RLM9,SP31,REF195
0.0,1.0,0.0,1.0,0.0,0.0,2018.0,CHL.1_1,RLM1,SP183,REF32
0.0,1.0,0.0,1.0,0.0,0.0,1970.0,CRI.1_1,RLM9,SP209,REF196
0.0,1.0,,1.0,0.0,0.0,,MAR.1_1,RLM10,SP984,REF197
0.0,1.0,,1.0,0.0,0.0,,MAR.1_1,RLM10,SP165,REF197
0.0,1.0,,1.0,0.0,0.0,,MAR.1_1,RLM10,SP1191,REF197
0.0,1.0,,1.0,0.0,0.0,,MAR.1_1,RLM10,SP1049,REF197
0.0,1.0,1.0,1.0,0.0,0.0,1924.0,MAR.1_1,RLM10,SP34,REF197
0.0,1.0,,1.0,0.0,0.0,,MAR.1_1,RLM10,SP2,REF197
0.0,1.0,,1.0,0.0,0.0,,SLE.1_1,RLM6,SP8,REF197
0.0,1.0,,1.0,0.0,0.0,,TZA.1_1,RLM6,SP8,REF197
0.0,1.0,,1.0,0.0,0.0,,TGO.1_1,RLM6,SP8,REF197
0.0,1.0,,1.0,0.0,0.0,,ZWE.1_1,RLM6,SP8,REF197
0.0,1.0,,1.0,0.0,0.0,1922.0,MAR.1_1,RLM10,SP75,REF197
0.0,1.0,,1.0,0.0,0.0,,TZA.1_1,RLM6,SP153,REF197
0.0,1.0,,1.0,0.0,0.0,,TGO.1_1,RLM6,SP153,REF197
0.0,1.0,,1.0,0.0,0.0,,ZWE.1_1,RLM6,SP153,REF197
0.0,1.0,1.0,1.0,0.0,0.0,2008.0,MAR.1_1,RLM10,,REF198
0.0,1.0,,1.0,0.0,0.0,,VEN.1_1,RLM1,SP166,REF199
0.0,1.0,,1.0,0.0,0.0,,VEN.2_1,RLM1,SP166,REF199
0.0,1.0,,1.0,0.0,0.0,,VEN.1_1,RLM1,SP169,REF199
0.0,1.0,,1.0,0.0,0.0,,VEN.2_1,RLM1,SP169,REF199
0.0,1.0,,1.0,0.0,0.0,,VEN.1_1,RLM1,SP172,REF199
0.0,1.0,,1.0,0.0,0.0,,VEN.2_1,RLM1,SP172,REF199
0.0,1.0,,1.0,0.0,0.0,,VEN.1_1,RLM1,SP82,REF199
0.0,1.0,,1.0,0.0,0.0,,VEN.2_1,RLM1,SP82,REF199
0.0,1.0,,1.0,0.0,0.0,,VEN.1_1,RLM1,SP1446,REF199
0.0,1.0,,1.0,0.0,0.0,,VEN.2_1,RLM1,SP1446,REF199
0.0,1.0,,1.0,0.0,0.0,,VEN.1_1,RLM1,SP1089,REF199
0.0,1.0,,1.0,0.0,0.0,,VEN.2_1,RLM1,SP1089,REF199
0.0,1.0,,1.0,0.0,0.0,,VEN.1_1,RLM1,SP2,REF199
0.0,1.0,,1.0,0.0,0.0,,VEN.2_1,RLM1,SP2,REF199
1.0,,,1.0,0.0,0.0,,VEN.1_1,RLM1,SP175,REF199
1.0,,,1.0,0.0,0.0,,VEN.2_1,RLM1,SP175,REF199
0.0,1.0,,1.0,0.0,0.0,,VEN.1_1,RLM1,SP27,REF199
0.0,1.0,,1.0,0.0,0.0,,VEN.2_1,RLM1,SP27,REF199
0.0,1.0,,1.0,0.0,0.0,,VEN.1_1,RLM1,SP209,REF199
0.0,1.0,,1.0,0.0,0.0,,VEN.2_1,RLM1,SP209,REF199
0.0,1.0,,1.0,0.0,0.0,,VEN.1_1,RLM1,SP90,REF199
0.0,1.0,,1.0,0.0,0.0,,VEN.2_1,RLM1,SP90,REF199
0.0,1.0,,1.0,0.0,0.0,,VEN.1_1,RLM1,SP546,REF199
0.0,1.0,,1.0,0.0,0.0,,VEN.2_1,RLM1,SP546,REF199
0.0,1.0,,1.0,0.0,0.0,,VEN.1_1,RLM1,SP547,REF199
0.0,1.0,,1.0,0.0,0.0,,VEN.2_1,RLM1,SP547,REF199
0.0,1.0,,1.0,0.0,0.0,2007.0,CUB.1_1,RLM9,SP31,REF200
0.0,1.0,0.0,1.0,0.0,0.0,1991.0,BEL.1_1,RLM7,,REF201
0.0,1.0,1.0,1.0,0.0,0.0,2008.0,HRV.1_1,RLM7,,REF201
0.0,1.0,1.0,1.0,0.0,0.0,1994.0,FRA.1_1,RLM7,,REF201
0.0,1.0,1.0,1.0,0.0,0.0,1996.0,ITA.1_1,RLM7,,REF201
0.0,1.0,1.0,1.0,0.0,0.0,2006.0,MLT.1_1,RLM10,,REF201
0.0,1.0,1.0,1.0,0.0,0.0,1994.0,MAR.1_1,RLM10,,REF201
0.0,1.0,1.0,1.0,0.0,0.0,1994.0,PRT.1_1,RLM7,,REF201
0.0,1.0,1.0,1.0,0.0,0.0,1994.0,PRT.2_1,RLM7,,REF201
0.0,1.0,1.0,1.0,0.0,0.0,1994.0,PRT.3_1,RLM7,,REF201
0.0,1.0,1.0,1.0,0.0,0.0,1992.0,ESP.1_1,RLM7,,REF201
0.0,1.0,1.0,1.0,0.0,0.0,1992.0,ESP.1_2,RLM7,,REF201
0.0,1.0,1.0,1.0,0.0,0.0,1992.0,ESP.2_1,RLM7,,REF201
0.0,1.0,1.0,1.0,0.0,0.0,1992.0,ESP.3_1,RLM7,,REF201
0.0,1.0,1.0,1.0,0.0,0.0,2003.0,BLR.1_1,RLM7,,REF7
0.0,1.0,1.0,1.0,0.0,0.0,2000.0,BEL.1_1,RLM7,,REF7
0.0,1.0,1.0,1.0,0.0,0.0,1993.0,BIH.1_1,RLM7,,REF7
0.0,1.0,1.0,1.0,0.0,0.0,1983.0,BGR.1_1,RLM7,,REF7
0.0,1.0,1.0,1.0,0.0,0.0,1995.0,HRV.1_1,RLM7,,REF7
0.0,1.0,1.0,1.0,0.0,0.0,1997.0,CZE.1_1,RLM7,,REF7
0.0,1.0,1.0,1.0,0.0,0.0,2002.0,DNK.1_1,RLM7,,REF7
0.0,1.0,1.0,1.0,0.0,0.0,2016.0,EST.1_1,RLM7,,REF7
0.0,1.0,1.0,1.0,0.0,0.0,2006.0,FIN.1_1,RLM7,,REF7
0.0,1.0,1.0,1.0,0.0,0.0,2000.0,FRA.1_1,RLM7,,REF7
0.0,1.0,1.0,1.0,0.0,0.0,1994.0,DEU.1_1,RLM7,,REF7
0.0,1.0,1.0,1.0,0.0,0.0,1994.0,HUN.1_1,RLM7,,REF7
0.0,1.0,1.0,1.0,0.0,0.0,2013.0,IRL.1_1,RLM7,,REF7
0.0,1.0,1.0,1.0,0.0,0.0,1992.0,ITA.1_1,RLM7,,REF7
0.0,1.0,1.0,1.0,0.0,0.0,2016.0,KAZ.1_1,RLM7,,REF7
0.0,1.0,1.0,1.0,0.0,0.0,2015.0,KGZ.1_1,RLM7,,REF7
0.0,1.0,1.0,1.0,0.0,0.0,2002.0,LVA.1_1,RLM7,,REF7
0.0,1.0,1.0,1.0,0.0,0.0,2002.0,LTU.1_1,RLM7,,REF7
0.0,1.0,1.0,1.0,0.0,0.0,2003.0,LUX.1_1,RLM7,,REF7
0.0,1.0,1.0,1.0,0.0,0.0,2003.0,MDA.1_1,RLM7,,REF7
0.0,1.0,1.0,1.0,0.0,0.0,1987.0,MNE.1_1,RLM7,,REF7
0.0,1.0,1.0,1.0,0.0,0.0,1999.0,NLD.1_1,RLM7,,REF7
0.0,1.0,1.0,1.0,0.0,0.0,2013.0,NOR.1_1,RLM7,,REF7
0.0,1.0,1.0,1.0,0.0,0.0,1998.0,POL.1_1,RLM7,,REF7
0.0,1.0,1.0,1.0,0.0,0.0,1998.0,ROU.1_1,RLM7,,REF7
0.0,1.0,1.0,1.0,0.0,0.0,1996.0,SVK.1_1,RLM7,,REF7
0.0,1.0,1.0,1.0,0.0,0.0,1995.0,SVN.1_1,RLM7,,REF7
0.0,1.0,1.0,1.0,0.0,0.0,2002.0,ESP.1_1,RLM7,,REF7
0.0,1.0,1.0,1.0,0.0,0.0,2002.0,ESP.1_2,RLM7,,REF7
0.0,1.0,1.0,1.0,0.0,0.0,2002.0,ESP.2_1,RLM7,,REF7
0.0,1.0,1.0,1.0,0.0,0.0,2002.0,ESP.3_1,RLM7,,REF7
0.0,1.0,1.0,1.0,0.0,0.0,2002.0,SWE.1_1,RLM7,,REF7
0.0,1.0,1.0,1.0,0.0,0.0,1999.0,CHE.1_1,RLM7,,REF7
0.0,1.0,,1.0,0.0,0.0,2004.0,TUR.1_1,RLM7,,REF7
0.0,1.0,1.0,1.0,0.0,0.0,2002.0,UKR.1_1,RLM7,,REF7
0.0,1.0,1.0,1.0,0.0,0.0,2002.0,GBR.1_1,RLM7,,REF7
1.0,,,,0.0,0.0,2013.0,HRV.1_1,RLM7,SP167,REF202
1.0,,,,0.0,0.0,2013.0,BGR.1_1,RLM7,SP167,REF202
0.0,1.0,1.0,1.0,0.0,0.0,2012.0,HRV.1_1,RLM7,SP42,REF203
0.0,1.0,,1.0,0.0,0.0,2013.0,HRV.1_1,RLM7,SP214,REF204
0.0,1.0,,1.0,0.0,0.0,2000.0,AUT.1_1,RLM7,SP69,REF16
0.0,1.0,,1.0,0.0,0.0,1998.0,BLR.1_1,RLM7,SP69,REF16
0.0,1.0,,1.0,0.0,0.0,2009.0,BEL.1_1,RLM7,SP69,REF16
0.0,1.0,,1.0,0.0,0.0,2005.0,HRV.1_1,RLM7,SP69,REF16
0.0,1.0,,1.0,0.0,0.0,2000.0,CZE.1_1,RLM7,SP69,REF16
0.0,1.0,,1.0,0.0,0.0,2002.0,FIN.1_1,RLM7,SP69,REF16
0.0,1.0,,1.0,0.0,0.0,2001.0,DEU.1_1,RLM7,SP69,REF16
0.0,1.0,,1.0,0.0,0.0,2000.0,HUN.1_1,RLM7,SP69,REF16
0.0,1.0,,1.0,0.0,0.0,2007.0,ITA.1_1,RLM7,SP69,REF16
0.0,1.0,,1.0,0.0,0.0,1998.0,LVA.1_1,RLM7,SP69,REF16
0.0,1.0,,1.0,0.0,0.0,1997.0,LTU.1_1,RLM7,SP69,REF16
0.0,1.0,,1.0,0.0,0.0,2004.0,MDA.1_1,RLM7,SP69,REF16
0.0,1.0,,1.0,0.0,0.0,2009.0,NLD.1_1,RLM7,SP69,REF16
0.0,1.0,,1.0,0.0,0.0,1996.0,POL.1_1,RLM7,SP69,REF16
0.0,1.0,,1.0,0.0,0.0,2002.0,ROU.1_1,RLM7,SP69,REF16
0.0,1.0,,1.0,0.0,0.0,2000.0,SVK.1_1,RLM7,SP69,REF16
0.0,1.0,,1.0,0.0,0.0,2006.0,SVN.1_1,RLM7,SP69,REF16
0.0,1.0,,1.0,0.0,0.0,2009.0,CHE.1_1,RLM7,SP69,REF16
0.0,1.0,,1.0,0.0,0.0,1988.0,UKR.1_1,RLM7,SP69,REF16
0.0,1.0,,1.0,0.0,0.0,2005.0,GBR.1_1,RLM7,SP69,REF16
0.0,1.0,,0.0,0.0,0.0,1855.0,FRA.1_1,RLM7,SP180,REF205
0.0,1.0,1.0,1.0,0.0,0.0,2002.0,DNK.1_1,RLM7,SP67,REF206
0.0,1.0,1.0,1.0,0.0,0.0,2006.0,FIN.1_1,RLM7,SP67,REF206
0.0,1.0,1.0,1.0,0.0,0.0,2001.0,FRA.1_1,RLM7,SP67,REF206
0.0,1.0,1.0,1.0,0.0,0.0,2002.0,LTU.1_1,RLM7,SP67,REF206
0.0,1.0,1.0,1.0,0.0,0.0,2002.0,ESP.1_1,RLM7,SP67,REF206
0.0,1.0,1.0,1.0,0.0,0.0,2002.0,ESP.1_2,RLM7,SP67,REF206
0.0,1.0,1.0,1.0,0.0,0.0,2002.0,ESP.2_1,RLM7,SP67,REF206
0.0,1.0,1.0,1.0,0.0,0.0,2002.0,ESP.3_1,RLM7,SP67,REF206
0.0,1.0,1.0,1.0,0.0,0.0,2002.0,SWE.1_1,RLM7,SP67,REF206
0.0,1.0,1.0,1.0,0.0,0.0,2002.0,UKR.1_1,RLM7,SP67,REF206
0.0,1.0,1.0,1.0,0.0,0.0,2002.0,GBR.1_1,RLM7,SP67,REF206
0.0,1.0,1.0,1.0,0.0,0.0,1977.0,FRA.1_1,RLM7,SP4,REF207
0.0,1.0,,1.0,0.0,0.0,1988.0,FRA.1_1,RLM7,SP705,REF208
0.0,1.0,,1.0,0.0,0.0,1983.0,HUN.1_1,RLM7,SP705,REF208
0.0,1.0,,1.0,0.0,0.0,1970.0,ITA.1_1,RLM7,SP705,REF208
0.0,1.0,,1.0,0.0,0.0,1987.0,SVK.1_1,RLM7,SP705,REF208
0.0,1.0,,1.0,0.0,0.0,1983.0,DEU.1_1,RLM7,SP1113,REF208
0.0,1.0,,1.0,0.0,0.0,1984.0,CHE.1_1,RLM7,SP1113,REF208
0.0,1.0,,1.0,0.0,0.0,,PLW.1_1,RLM3,SP365,REF90
0.0,1.0,,1.0,0.0,0.0,,FSM.1_1,RLM3,SP365,REF90
0.0,1.0,,1.0,0.0,0.0,,PNG.1_1,RLM3,SP365,REF90
0.0,1.0,,1.0,0.0,0.0,,NZL.2_1,RLM3,SP369,REF18
0.0,1.0,,1.0,0.0,0.0,1948.0,FRA.6_1,RLM3,SP140,REF18
0.0,1.0,,1.0,0.0,0.0,,PLW.1_1,RLM3,SP155,REF18
0.0,1.0,,1.0,0.0,0.0,,PLW.1_1,RLM3,SP154,REF18
0.0,1.0,,1.0,0.0,0.0,,PLW.1_1,RLM3,SP227,REF18
1.0,,,1.0,0.0,0.0,,PLW.1_1,RLM3,SP382,REF18
0.0,1.0,,1.0,0.0,0.0,,PLW.1_1,RLM3,SP138,REF18
0.0,1.0,,1.0,0.0,0.0,,PLW.1_1,RLM3,SP140,REF18
0.0,1.0,,1.0,0.0,0.0,,PLW.1_1,RLM3,SP391,REF18
0.0,1.0,,1.0,0.0,0.0,,PLW.1_1,RLM3,SP392,REF18
0.0,1.0,,1.0,0.0,0.0,,PLW.1_1,RLM3,SP2,REF18
0.0,1.0,,1.0,0.0,0.0,,PLW.1_1,RLM3,SP14,REF18
0.0,1.0,,1.0,0.0,0.0,,PLW.1_1,RLM3,SP28,REF18
0.0,1.0,,1.0,0.0,0.0,,VUT.1_1,RLM3,SP604,REF18
0.0,1.0,,1.0,0.0,0.0,,VUT.1_1,RLM3,SP140,REF18
0.0,1.0,,1.0,0.0,0.0,,VUT.1_1,RLM3,SP401,REF18
0.0,1.0,,1.0,0.0,0.0,,VUT.1_1,RLM3,SP370,REF18
0.0,1.0,,1.0,0.0,0.0,2006.0,ITA.1_1,RLM7,SP73,REF209
0.0,1.0,,1.0,0.0,0.0,1994.0,ITA.1_1,RLM7,SP80,REF209
0.0,1.0,,1.0,0.0,0.0,2004.0,SVN.1_1,RLM7,SP80,REF209
0.0,1.0,,1.0,0.0,0.0,2009.0,CHE.1_1,RLM7,SP80,REF209
0.0,1.0,0.0,1.0,0.0,0.0,2022.0,ITA.1_1,RLM7,SP623,REF210
0.0,1.0,,1.0,0.0,0.0,2000.0,ESP.1_1,RLM7,SP363,REF88
0.0,1.0,,1.0,0.0,0.0,2000.0,ESP.1_2,RLM7,SP363,REF88
0.0,1.0,,1.0,0.0,0.0,2000.0,ESP.2_1,RLM7,SP363,REF88
0.0,1.0,,1.0,0.0,0.0,2000.0,ESP.3_1,RLM7,SP363,REF88
0.0,1.0,,1.0,0.0,0.0,1987.0,DNK.1_1,RLM7,SP363,REF88
0.0,1.0,,1.0,0.0,0.0,2015.0,ITA.1_1,RLM7,SP363,REF88
0.0,1.0,,1.0,0.0,0.0,2010.0,ITA.1_1,RLM7,SP1447,REF211
0.0,1.0,,1.0,0.0,0.0,2010.0,ITA.1_1,RLM7,SP42,REF212
0.0,1.0,,1.0,0.0,0.0,2008.0,AUT.1_1,RLM7,SP42,REF212
0.0,1.0,,1.0,0.0,0.0,2010.0,BEL.1_1,RLM7,SP42,REF212
0.0,1.0,,1.0,0.0,0.0,2012.0,HRV.1_1,RLM7,SP42,REF212
0.0,1.0,,1.0,0.0,0.0,2011.0,CZE.1_1,RLM7,SP42,REF212
0.0,1.0,,1.0,0.0,0.0,2013.0,DNK.1_1,RLM7,SP42,REF212
0.0,1.0,,1.0,0.0,0.0,2008.0,FRA.1_1,RLM7,SP42,REF212
0.0,1.0,,1.0,0.0,0.0,2006.0,DEU.1_1,RLM7,SP42,REF212
0.0,1.0,,1.0,0.0,0.0,2011.0,HUN.1_1,RLM7,SP42,REF212
0.0,1.0,,1.0,0.0,0.0,2008.0,IRL.1_1,RLM7,SP42,REF212
0.0,1.0,,1.0,0.0,0.0,2010.0,LIE.1_1,RLM7,SP42,REF212
0.0,1.0,,1.0,0.0,0.0,2007.0,NLD.1_1,RLM7,SP42,REF212
0.0,1.0,,1.0,0.0,0.0,2011.0,ROU.1_1,RLM7,SP42,REF212
0.0,1.0,,1.0,0.0,0.0,2013.0,SVK.1_1,RLM7,SP42,REF212
0.0,1.0,,1.0,0.0,0.0,2008.0,SVN.1_1,RLM7,SP42,REF212
0.0,1.0,,1.0,0.0,0.0,2007.0,CHE.1_1,RLM7,SP42,REF212
0.0,1.0,,1.0,0.0,0.0,2011.0,TUR.1_1,RLM7,SP42,REF212
0.0,1.0,,1.0,0.0,0.0,2011.0,ITA.1_1,RLM7,SP42,REF213
0.0,1.0,1.0,1.0,0.0,0.0,1975.0,ITA.1_1,RLM7,SP4,REF213
0.0,1.0,,1.0,0.0,0.0,2021.0,ITA.1_1,RLM7,SP87,REF214
0.0,1.0,1.0,1.0,0.0,0.0,1987.0,ITA.1_1,RLM7,SP4,REF215
0.0,1.0,,1.0,0.0,0.0,1996.0,PRT.1_1,RLM7,SP173,REF216
0.0,1.0,,1.0,0.0,0.0,1996.0,PRT.2_1,RLM7,SP173,REF216
0.0,1.0,,1.0,0.0,0.0,1996.0,PRT.3_1,RLM7,SP173,REF216
0.0,1.0,,1.0,0.0,0.0,1997.0,ESP.1_1,RLM7,SP173,REF216
0.0,1.0,,1.0,0.0,0.0,1997.0,ESP.1_2,RLM7,SP173,REF216
0.0,1.0,,1.0,0.0,0.0,1997.0,ESP.2_1,RLM7,SP173,REF216
0.0,1.0,,1.0,0.0,0.0,1997.0,ESP.3_1,RLM7,SP173,REF216
0.0,1.0,,1.0,0.0,0.0,,ITA.1_1,RLM7,SP173,REF216
0.0,1.0,,1.0,0.0,0.0,,MLT.1_1,RLM10,SP173,REF216
0.0,1.0,,1.0,0.0,0.0,,CPV.1_1,RLM6,SP173,REF216
0.0,1.0,,1.0,0.0,0.0,,MAR.1_1,RLM10,SP173,REF216
0.0,1.0,,1.0,0.0,0.0,,ISR.1_1,RLM10,SP173,REF216
0.0,1.0,,1.0,0.0,0.0,2002.0,ITA.1_1,RLM7,SP1448,REF217
0.0,1.0,,1.0,0.0,0.0,,ESP.1_1,RLM7,SP1448,REF217
0.0,1.0,,1.0,0.0,0.0,,ESP.1_2,RLM7,SP1448,REF217
0.0,1.0,,1.0,0.0,0.0,,ESP.2_1,RLM7,SP1448,REF217
0.0,1.0,,1.0,0.0,0.0,,ESP.3_1,RLM7,SP1448,REF217
1.0,,,1.0,0.0,0.0,,ISR.1_1,RLM10,SP1448,REF217
0.0,1.0,,1.0,0.0,0.0,,MAR.1_1,RLM10,SP1448,REF217
0.0,1.0,0.0,1.0,0.0,0.0,1994.0,ITA.1_1,RLM7,SP80,REF218
0.0,1.0,1.0,1.0,0.0,0.0,2013.0,ROU.1_1,RLM7,SP80,REF218
,,,1.0,0.0,0.0,1995.0,ITA.1_1,RLM7,SP1449,REF219
0.0,1.0,,1.0,0.0,0.0,2014.0,ITA.1_1,RLM7,SP64,REF220
0.0,1.0,1.0,1.0,0.0,0.0,2009.0,ITA.1_1,RLM7,SP153,REF221
1.0,,,,0.0,0.0,2015.0,PRT.1_1,RLM7,SP1450,REF222
1.0,,,,0.0,0.0,2015.0,PRT.2_1,RLM7,SP1450,REF222
1.0,,,,0.0,0.0,2015.0,PRT.3_1,RLM7,SP1450,REF222
1.0,,,,0.0,0.0,2015.0,PRT.1_1,RLM7,SP1451,REF222
1.0,,,,0.0,0.0,2015.0,PRT.2_1,RLM7,SP1451,REF222
1.0,,,,0.0,0.0,2015.0,PRT.3_1,RLM7,SP1451,REF222
1.0,,,,0.0,0.0,2009.0,PRT.1_1,RLM7,SP1452,REF222
1.0,,,,0.0,0.0,2009.0,PRT.2_1,RLM7,SP1452,REF222
1.0,,,,0.0,0.0,2009.0,PRT.3_1,RLM7,SP1452,REF222
1.0,,,,0.0,0.0,1993.0,PRT.1_1,RLM7,SP1453,REF222
1.0,,,,0.0,0.0,1993.0,PRT.2_1,RLM7,SP1453,REF222
1.0,,,,0.0,0.0,1993.0,PRT.3_1,RLM7,SP1453,REF222
1.0,,,1.0,0.0,0.0,2005.0,PRT.1_1,RLM7,SP1454,REF222
1.0,,,1.0,0.0,0.0,2005.0,PRT.2_1,RLM7,SP1454,REF222
1.0,,,1.0,0.0,0.0,2005.0,PRT.3_1,RLM7,SP1454,REF222
1.0,,,,0.0,0.0,2015.0,PRT.1_1,RLM7,SP1455,REF222
1.0,,,,0.0,0.0,2015.0,PRT.2_1,RLM7,SP1455,REF222
1.0,,,,0.0,0.0,2015.0,PRT.3_1,RLM7,SP1455,REF222
1.0,,,,0.0,0.0,2015.0,PRT.1_1,RLM7,SP1456,REF222
1.0,,,,0.0,0.0,2015.0,PRT.2_1,RLM7,SP1456,REF222
1.0,,,,0.0,0.0,2015.0,PRT.3_1,RLM7,SP1456,REF222
1.0,,,,0.0,0.0,2015.0,PRT.1_1,RLM7,SP1457,REF222
1.0,,,,0.0,0.0,2015.0,PRT.2_1,RLM7,SP1457,REF222
1.0,,,,0.0,0.0,2015.0,PRT.3_1,RLM7,SP1457,REF222
0.0,0.0,0.0,1.0,0.0,0.0,2015.0,PRT.1_1,RLM7,SP1284,REF222
0.0,0.0,0.0,1.0,0.0,0.0,2015.0,PRT.2_1,RLM7,SP1284,REF222
0.0,0.0,0.0,1.0,0.0,0.0,2015.0,PRT.3_1,RLM7,SP1284,REF222
1.0,,,,0.0,0.0,2012.0,PRT.1_1,RLM7,SP1458,REF222
1.0,,,,0.0,0.0,2012.0,PRT.2_1,RLM7,SP1458,REF222
1.0,,,,0.0,0.0,2012.0,PRT.3_1,RLM7,SP1458,REF222
1.0,,,,0.0,0.0,2015.0,PRT.1_1,RLM7,SP1459,REF222
1.0,,,,0.0,0.0,2015.0,PRT.2_1,RLM7,SP1459,REF222
1.0,,,,0.0,0.0,2015.0,PRT.3_1,RLM7,SP1459,REF222
1.0,,,,0.0,0.0,2015.0,PRT.1_1,RLM7,SP1460,REF222
1.0,,,,0.0,0.0,2015.0,PRT.2_1,RLM7,SP1460,REF222
1.0,,,,0.0,0.0,2015.0,PRT.3_1,RLM7,SP1460,REF222
1.0,,,,0.0,0.0,2015.0,PRT.1_1,RLM7,SP1461,REF222
1.0,,,,0.0,0.0,2015.0,PRT.2_1,RLM7,SP1461,REF222
1.0,,,,0.0,0.0,2015.0,PRT.3_1,RLM7,SP1461,REF222
1.0,,,,0.0,0.0,2015.0,PRT.1_1,RLM7,SP1462,REF222
1.0,,,,0.0,0.0,2015.0,PRT.2_1,RLM7,SP1462,REF222
1.0,,,,0.0,0.0,2015.0,PRT.3_1,RLM7,SP1462,REF222
1.0,,,,0.0,0.0,2015.0,PRT.1_1,RLM7,SP1463,REF222
1.0,,,,0.0,0.0,2015.0,PRT.2_1,RLM7,SP1463,REF222
1.0,,,,0.0,0.0,2015.0,PRT.3_1,RLM7,SP1463,REF222
1.0,,,,0.0,0.0,2015.0,PRT.1_1,RLM7,SP1464,REF222
1.0,,,,0.0,0.0,2015.0,PRT.2_1,RLM7,SP1464,REF222
1.0,,,,0.0,0.0,2015.0,PRT.3_1,RLM7,SP1464,REF222
1.0,,,,0.0,0.0,2015.0,PRT.1_1,RLM7,SP1465,REF222
1.0,,,,0.0,0.0,2015.0,PRT.2_1,RLM7,SP1465,REF222
1.0,,,,0.0,0.0,2015.0,PRT.3_1,RLM7,SP1465,REF222
1.0,,,,0.0,0.0,2014.0,PRT.1_1,RLM7,SP1466,REF222
1.0,,,,0.0,0.0,2014.0,PRT.2_1,RLM7,SP1466,REF222
1.0,,,,0.0,0.0,2014.0,PRT.3_1,RLM7,SP1466,REF222
1.0,,,,0.0,0.0,2006.0,PRT.1_1,RLM7,SP1467,REF222
1.0,,,,0.0,0.0,2006.0,PRT.2_1,RLM7,SP1467,REF222
1.0,,,,0.0,0.0,2006.0,PRT.3_1,RLM7,SP1467,REF222
1.0,,,,0.0,0.0,2015.0,PRT.1_1,RLM7,SP1468,REF222
1.0,,,,0.0,0.0,2015.0,PRT.2_1,RLM7,SP1468,REF222
1.0,,,,0.0,0.0,2015.0,PRT.3_1,RLM7,SP1468,REF222
1.0,,,,0.0,0.0,2012.0,PRT.1_1,RLM7,SP1469,REF222
1.0,,,,0.0,0.0,2012.0,PRT.2_1,RLM7,SP1469,REF222
1.0,,,,0.0,0.0,2012.0,PRT.3_1,RLM7,SP1469,REF222
1.0,,,,0.0,0.0,2015.0,PRT.1_1,RLM7,SP1470,REF222
1.0,,,,0.0,0.0,2015.0,PRT.2_1,RLM7,SP1470,REF222
1.0,,,,0.0,0.0,2015.0,PRT.3_1,RLM7,SP1470,REF222
1.0,,,,0.0,0.0,2015.0,PRT.1_1,RLM7,SP1313,REF222
1.0,,,,0.0,0.0,2015.0,PRT.2_1,RLM7,SP1313,REF222
1.0,,,,0.0,0.0,2015.0,PRT.3_1,RLM7,SP1313,REF222
1.0,,,,0.0,0.0,2015.0,PRT.1_1,RLM7,SP1471,REF222
1.0,,,,0.0,0.0,2015.0,PRT.2_1,RLM7,SP1471,REF222
1.0,,,,0.0,0.0,2015.0,PRT.3_1,RLM7,SP1471,REF222
1.0,,,,0.0,0.0,2015.0,PRT.1_1,RLM7,SP1472,REF222
1.0,,,,0.0,0.0,2015.0,PRT.2_1,RLM7,SP1472,REF222
1.0,,,,0.0,0.0,2015.0,PRT.3_1,RLM7,SP1472,REF222
1.0,,,,0.0,0.0,2015.0,PRT.1_1,RLM7,SP634,REF222
1.0,,,,0.0,0.0,2015.0,PRT.2_1,RLM7,SP634,REF222
1.0,,,,0.0,0.0,2015.0,PRT.3_1,RLM7,SP634,REF222
,,,1.0,0.0,0.0,2015.0,PRT.1_1,RLM7,SP1473,REF222
,,,1.0,0.0,0.0,2015.0,PRT.2_1,RLM7,SP1473,REF222
,,,1.0,0.0,0.0,2015.0,PRT.3_1,RLM7,SP1473,REF222
1.0,,,,0.0,0.0,2014.0,PRT.1_1,RLM7,SP1474,REF222
1.0,,,,0.0,0.0,2014.0,PRT.2_1,RLM7,SP1474,REF222
1.0,,,,0.0,0.0,2014.0,PRT.3_1,RLM7,SP1474,REF222
1.0,,,,0.0,0.0,2004.0,PRT.1_1,RLM7,SP1475,REF222
1.0,,,,0.0,0.0,2004.0,PRT.2_1,RLM7,SP1475,REF222
1.0,,,,0.0,0.0,2004.0,PRT.3_1,RLM7,SP1475,REF222
1.0,,,,0.0,0.0,2015.0,PRT.1_1,RLM7,SP1476,REF222
1.0,,,,0.0,0.0,2015.0,PRT.2_1,RLM7,SP1476,REF222
1.0,,,,0.0,0.0,2015.0,PRT.3_1,RLM7,SP1476,REF222
1.0,,,,0.0,0.0,2015.0,PRT.1_1,RLM7,SP1477,REF222
1.0,,,,0.0,0.0,2015.0,PRT.2_1,RLM7,SP1477,REF222
1.0,,,,0.0,0.0,2015.0,PRT.3_1,RLM7,SP1477,REF222
1.0,,,,0.0,0.0,2015.0,PRT.1_1,RLM7,SP1478,REF222
1.0,,,,0.0,0.0,2015.0,PRT.2_1,RLM7,SP1478,REF222
1.0,,,,0.0,0.0,2015.0,PRT.3_1,RLM7,SP1478,REF222
1.0,,,,0.0,0.0,2015.0,PRT.1_1,RLM7,SP21,REF222
1.0,,,,0.0,0.0,2015.0,PRT.2_1,RLM7,SP21,REF222
1.0,,,,0.0,0.0,2015.0,PRT.3_1,RLM7,SP21,REF222
1.0,,,,0.0,0.0,2015.0,PRT.1_1,RLM7,SP1479,REF222
1.0,,,,0.0,0.0,2015.0,PRT.2_1,RLM7,SP1479,REF222
1.0,,,,0.0,0.0,2015.0,PRT.3_1,RLM7,SP1479,REF222
1.0,,,,0.0,0.0,2015.0,PRT.1_1,RLM7,SP1480,REF222
1.0,,,,0.0,0.0,2015.0,PRT.2_1,RLM7,SP1480,REF222
1.0,,,,0.0,0.0,2015.0,PRT.3_1,RLM7,SP1480,REF222
1.0,,,,0.0,0.0,2015.0,PRT.1_1,RLM7,SP1481,REF222
1.0,,,,0.0,0.0,2015.0,PRT.2_1,RLM7,SP1481,REF222
1.0,,,,0.0,0.0,2015.0,PRT.3_1,RLM7,SP1481,REF222
1.0,,,,0.0,0.0,2015.0,PRT.1_1,RLM7,SP1482,REF222
1.0,,,,0.0,0.0,2015.0,PRT.2_1,RLM7,SP1482,REF222
1.0,,,,0.0,0.0,2015.0,PRT.3_1,RLM7,SP1482,REF222
1.0,,,,0.0,0.0,2015.0,PRT.1_1,RLM7,SP1483,REF222
1.0,,,,0.0,0.0,2015.0,PRT.2_1,RLM7,SP1483,REF222
1.0,,,,0.0,0.0,2015.0,PRT.3_1,RLM7,SP1483,REF222
0.0,,,,0.0,0.0,2006.0,PRT.1_1,RLM7,SP86,REF223
0.0,,,,0.0,0.0,2006.0,PRT.2_1,RLM7,SP86,REF223
0.0,,,,0.0,0.0,2006.0,PRT.3_1,RLM7,SP86,REF223
0.0,0.0,0.0,1.0,0.0,0.0,2012.0,PRT.1_1,RLM7,SP1484,REF224
0.0,0.0,0.0,1.0,0.0,0.0,2012.0,PRT.2_1,RLM7,SP1484,REF224
0.0,0.0,0.0,1.0,0.0,0.0,2012.0,PRT.3_1,RLM7,SP1484,REF224
0.0,1.0,,1.0,0.0,0.0,1992.0,PRT.1_1,RLM7,SP78,REF225
0.0,1.0,,1.0,0.0,0.0,1992.0,PRT.2_1,RLM7,SP78,REF225
0.0,1.0,,1.0,0.0,0.0,1992.0,PRT.3_1,RLM7,SP78,REF225
0.0,1.0,,1.0,0.0,0.0,1992.0,ESP.1_1,RLM7,SP78,REF225
0.0,1.0,,1.0,0.0,0.0,1992.0,ESP.1_2,RLM7,SP78,REF225
0.0,1.0,,1.0,0.0,0.0,1992.0,ESP.2_1,RLM7,SP78,REF225
0.0,1.0,,1.0,0.0,0.0,1992.0,ESP.3_1,RLM7,SP78,REF225
0.0,1.0,,1.0,0.0,0.0,,UKR.1_1,RLM7,SP69,REF135
0.0,1.0,,1.0,0.0,0.0,,FIN.1_1,RLM7,SP69,REF135
0.0,1.0,,1.0,0.0,0.0,,LTU.1_1,RLM7,SP69,REF135
0.0,1.0,,1.0,0.0,0.0,,POL.1_1,RLM7,SP69,REF135
0.0,1.0,,1.0,0.0,0.0,,BLR.1_1,RLM7,SP69,REF135
0.0,1.0,,1.0,0.0,0.0,,MDA.1_1,RLM7,SP69,REF135
0.0,1.0,,1.0,0.0,0.0,,HUN.1_1,RLM7,SP69,REF135
0.0,1.0,,1.0,0.0,0.0,,ROU.1_1,RLM7,SP69,REF135
0.0,1.0,,1.0,0.0,0.0,,BGR.1_1,RLM7,SP69,REF135
0.0,1.0,,1.0,0.0,0.0,,SVN.1_1,RLM7,SP69,REF135
0.0,1.0,,1.0,0.0,0.0,,SVK.1_1,RLM7,SP69,REF135
0.0,1.0,,1.0,0.0,0.0,,CZE.1_1,RLM7,SP69,REF135
0.0,1.0,,1.0,0.0,0.0,,AUT.1_1,RLM7,SP69,REF135
0.0,1.0,,1.0,0.0,0.0,,DEU.1_1,RLM7,SP69,REF135
0.0,1.0,,1.0,0.0,0.0,,NLD.1_1,RLM7,SP69,REF135
0.0,1.0,,1.0,0.0,0.0,,BEL.1_1,RLM7,SP69,REF135
0.0,1.0,,1.0,0.0,0.0,1875.0,JPN.1_1,RLM5,SP180,REF226
0.0,1.0,,0.0,0.0,0.0,2010.0,ROU.1_1,RLM7,SP180,REF226
0.0,1.0,,1.0,0.0,0.0,1938.0,KOR.1_1,RLM7,SP180,REF226
0.0,1.0,,1.0,0.0,0.0,1938.0,KOR.2_1,RLM7,SP180,REF226
0.0,1.0,,1.0,0.0,0.0,1850.0,ESP.1_1,RLM7,SP180,REF226
0.0,1.0,,1.0,0.0,0.0,1850.0,ESP.1_2,RLM7,SP180,REF226
0.0,1.0,,1.0,0.0,0.0,1850.0,ESP.2_1,RLM7,SP180,REF226
0.0,1.0,,1.0,0.0,0.0,1850.0,ESP.3_1,RLM7,SP180,REF226
0.0,1.0,,0.0,1.0,0.0,1951.0,UKR.1_1,RLM7,SP180,REF226
0.0,1.0,,1.0,0.0,0.0,1986.0,AUT.1_1,RLM7,SP991,REF226
1.0,,,1.0,0.0,0.0,2020.0,ESP.1_1,RLM7,SP1485,REF227
1.0,,,1.0,0.0,0.0,2020.0,ESP.1_2,RLM7,SP1485,REF227
1.0,,,1.0,0.0,0.0,2020.0,ESP.2_1,RLM7,SP1485,REF227
1.0,,,1.0,0.0,0.0,2020.0,ESP.3_1,RLM7,SP1485,REF227
0.0,1.0,,1.0,0.0,0.0,1993.0,ESP.1_1,RLM7,SP2,REF228
0.0,1.0,,1.0,0.0,0.0,1993.0,ESP.1_2,RLM7,SP2,REF228
0.0,1.0,,1.0,0.0,0.0,1993.0,ESP.2_1,RLM7,SP2,REF228
0.0,1.0,,1.0,0.0,0.0,1993.0,ESP.3_1,RLM7,SP2,REF228
0.0,1.0,0.0,1.0,0.0,0.0,2006.0,ESP.1_1,RLM7,SP153,REF229
0.0,1.0,0.0,1.0,0.0,0.0,2006.0,ESP.1_2,RLM7,SP153,REF229
0.0,1.0,0.0,1.0,0.0,0.0,2006.0,ESP.2_1,RLM7,SP153,REF229
0.0,1.0,0.0,1.0,0.0,0.0,2006.0,ESP.3_1,RLM7,SP153,REF229
0.0,1.0,1.0,1.0,0.0,0.0,2009.0,TUR.1_1,RLM7,SP153,REF229
0.0,1.0,0.0,1.0,0.0,0.0,2006.0,ESP.1_1,RLM7,SP153,REF230
0.0,1.0,0.0,1.0,0.0,0.0,2006.0,ESP.1_2,RLM7,SP153,REF230
0.0,1.0,0.0,1.0,0.0,0.0,2006.0,ESP.2_1,RLM7,SP153,REF230
0.0,1.0,0.0,1.0,0.0,0.0,2006.0,ESP.3_1,RLM7,SP153,REF230
0.0,1.0,1.0,1.0,0.0,0.0,1998.0,CHE.1_1,RLM7,SP67,REF231
0.0,1.0,,1.0,0.0,0.0,2016.0,BEL.1_1,RLM7,SP214,REF56
0.0,1.0,,1.0,0.0,0.0,2014.0,HUN.1_1,RLM7,SP214,REF56
0.0,1.0,,1.0,0.0,0.0,2018.0,SVK.1_1,RLM7,SP214,REF56
0.0,1.0,,1.0,0.0,0.0,2010.0,CHE.1_1,RLM7,SP214,REF56
0.0,1.0,,1.0,0.0,0.0,1900.0,BGR.1_1,RLM7,SP399,REF232
0.0,1.0,,,0.0,0.0,1980.0,MDA.1_1,RLM7,SP157,REF232
0.0,1.0,,,0.0,0.0,2000.0,ROU.1_1,RLM7,SP1005,REF232
0.0,1.0,,,0.0,0.0,2000.0,ROU.1_1,RLM7,SP912,REF232
0.0,1.0,,,0.0,0.0,2000.0,BGR.1_1,RLM7,SP1020,REF232
0.0,1.0,,1.0,0.0,0.0,1990.0,BGR.1_1,RLM7,SP166,REF232
0.0,1.0,,1.0,0.0,0.0,1970.0,BGR.1_1,RLM7,SP205,REF232
0.0,1.0,,,0.0,0.0,1990.0,BGR.1_1,RLM7,SP221,REF232
0.0,1.0,1.0,,0.0,0.0,1990.0,BGR.1_1,RLM7,SP67,REF232
0.0,1.0,,,0.0,0.0,2000.0,ROU.1_1,RLM7,SP1486,REF232
0.0,1.0,,,0.0,0.0,2000.0,ROU.1_1,RLM7,SP1036,REF232
0.0,1.0,,,0.0,0.0,1930.0,BGR.1_1,RLM7,SP169,REF232
0.0,1.0,,1.0,0.0,0.0,2000.0,ROU.1_1,RLM7,SP63,REF232
0.0,1.0,,,0.0,0.0,2000.0,BGR.1_1,RLM7,SP1062,REF232
0.0,1.0,,,0.0,0.0,1900.0,BGR.1_1,RLM7,SP172,REF232
0.0,1.0,,1.0,0.0,0.0,1900.0,POL.1_1,RLM7,SP82,REF232
0.0,1.0,,,0.0,0.0,1970.0,BGR.1_1,RLM7,SP1487,REF232
0.0,1.0,,,0.0,0.0,1970.0,BGR.1_1,RLM7,SP1488,REF232
0.0,1.0,,1.0,0.0,0.0,1860.0,BGR.1_1,RLM7,SP23,REF232
0.0,1.0,,,0.0,0.0,1940.0,ROU.1_1,RLM7,SP4,REF232
0.0,1.0,,,0.0,0.0,1900.0,BGR.1_1,RLM7,SP1090,REF232
0.0,1.0,,,0.0,0.0,2000.0,POL.1_1,RLM7,SP215,REF232
0.0,1.0,,,0.0,0.0,2000.0,BGR.1_1,RLM7,SP500,REF232
0.0,1.0,,,0.0,0.0,1920.0,POL.1_1,RLM7,SP11,REF232
0.0,1.0,,,0.0,0.0,1990.0,BGR.1_1,RLM7,SP705,REF232
0.0,1.0,,,0.0,0.0,1990.0,BGR.1_1,RLM7,SP17,REF232
0.0,1.0,,,0.0,0.0,2000.0,ROU.1_1,RLM7,SP5,REF232
0.0,1.0,,1.0,0.0,0.0,1990.0,POL.1_1,RLM7,SP69,REF232
0.0,1.0,,1.0,0.0,0.0,2000.0,ROU.1_1,RLM7,SP960,REF232
0.0,1.0,,1.0,0.0,0.0,1980.0,POL.1_1,RLM7,SP222,REF232
1.0,,,,0.0,0.0,1900.0,POL.1_1,RLM7,SP175,REF232
0.0,1.0,,,0.0,0.0,1890.0,BGR.1_1,RLM7,SP664,REF232
0.0,1.0,,,0.0,0.0,2000.0,BGR.1_1,RLM7,SP964,REF232
0.0,1.0,,,0.0,0.0,2000.0,ROU.1_1,RLM7,SP210,REF232
0.0,1.0,,,0.0,0.0,1980.0,BGR.1_1,RLM7,SP1226,REF232
0.0,1.0,,,0.0,0.0,1900.0,POL.1_1,RLM7,SP27,REF232
0.0,1.0,,,0.0,0.0,1900.0,BGR.1_1,RLM7,SP90,REF232
0.0,1.0,,,0.0,0.0,1860.0,BGR.1_1,RLM7,SP788,REF232
0.0,1.0,,,0.0,0.0,2000.0,ROU.1_1,RLM7,SP153,REF232
0.0,1.0,,1.0,0.0,0.0,2016.0,BGR.1_1,RLM7,SP87,REF233
0.0,1.0,1.0,1.0,0.0,0.0,1951.0,AUT.1_1,RLM7,,REF30
0.0,1.0,1.0,1.0,0.0,0.0,1962.0,BGR.1_1,RLM7,,REF30
0.0,1.0,1.0,1.0,0.0,0.0,1951.0,CZE.1_1,RLM7,,REF30
0.0,1.0,0.0,1.0,0.0,0.0,1940.0,HUN.1_1,RLM7,,REF30
0.0,1.0,1.0,1.0,0.0,0.0,1962.0,POL.1_1,RLM7,,REF30
0.0,1.0,1.0,1.0,0.0,0.0,1948.0,ROU.1_1,RLM7,,REF30
0.0,1.0,1.0,1.0,0.0,0.0,1962.0,,RLM7,,REF30
0.0,1.0,1.0,1.0,0.0,0.0,1948.0,SRB.1_1,RLM7,,REF30
0.0,1.0,1.0,1.0,0.0,0.0,1951.0,SVK.1_1,RLM7,,REF30
0.0,1.0,0.0,1.0,0.0,0.0,1958.0,KOR.1_1,RLM7,,REF30
0.0,1.0,0.0,1.0,0.0,0.0,1958.0,KOR.2_1,RLM7,,REF30
0.0,1.0,0.0,1.0,0.0,0.0,2021.0,JPN.1_1,RLM5,SP623,REF149
0.0,1.0,,1.0,0.0,0.0,1937.0,GBR.1_1,RLM7,SP47,REF234
0.0,1.0,,0.0,0.0,0.0,,GBR.1_1,RLM7,SP138,REF235
0.0,1.0,,1.0,0.0,0.0,2006.0,GBR.1_1,RLM7,SP216,REF236
0.0,1.0,,1.0,0.0,0.0,2006.0,GBR.1_1,RLM7,SP216,REF237
0.0,1.0,,1.0,0.0,0.0,2007.0,NLD.1_1,RLM7,SP42,REF238
0.0,1.0,1.0,1.0,0.0,0.0,2010.0,NLD.1_1,RLM7,,REF239
0.0,1.0,,1.0,0.0,0.0,2011.0,HUN.1_1,RLM7,SP42,REF240
0.0,1.0,,1.0,0.0,0.0,2023.0,HUN.1_1,RLM7,SP78,REF241
0.0,1.0,,,0.0,0.0,1975.0,HUN.1_1,RLM7,SP1489,REF242
0.0,1.0,0.0,1.0,0.0,0.0,1989.0,AUT.1_1,RLM7,,REF243
0.0,,,,0.0,0.0,,AUT.1_1,RLM7,SP38,REF151
0.0,1.0,0.0,,0.0,0.0,,IND.1_1,RLM4,SP38,REF151
0.0,,,,0.0,0.0,,EGY.1_1,RLM10,SP38,REF151
0.0,1.0,0.0,0.0,0.0,0.0,,FIN.1_1,RLM7,SP38,REF151
0.0,,,,0.0,0.0,,ECU.1_1,RLM1,SP38,REF151
0.0,,,,0.0,0.0,,ECU.2_1,RLM1,SP38,REF151
0.0,1.0,0.0,,0.0,0.0,,PAK.1_1,RLM4,SP38,REF151
0.0,,,,0.0,0.0,,OMN.1_1,RLM10,SP38,REF151
0.0,,,,0.0,0.0,,QAT.1_1,RLM10,SP38,REF151
0.0,1.0,1.0,0.0,0.0,0.0,,SWE.1_1,RLM7,SP38,REF151
0.0,,,,0.0,0.0,,IDN.1_1,RLM4,SP38,REF151
0.0,1.0,0.0,1.0,0.0,1.0,1932.0,CZE.1_1,RLM7,SP1490,REF244
0.0,1.0,,1.0,0.0,0.0,2007.0,DEU.1_1,RLM7,SP42,REF245
0.0,1.0,1.0,1.0,0.0,0.0,1990.0,POL.1_1,RLM7,SP67,REF246
0.0,1.0,,1.0,0.0,0.0,1990.0,POL.1_1,RLM7,SP69,REF246
0.0,1.0,,1.0,0.0,0.0,2005.0,POL.1_1,RLM7,SP222,REF246
0.0,1.0,,1.0,0.0,0.0,2000.0,POL.1_1,RLM7,SP1113,REF246
0.0,1.0,,1.0,0.0,0.0,2012.0,POL.1_1,RLM7,SP42,REF247
0.0,1.0,,1.0,0.0,0.0,,UKR.1_1,RLM7,SP42,REF247
0.0,1.0,,1.0,0.0,0.0,1999.0,POL.1_1,RLM7,SP960,REF248
0.0,1.0,0.0,1.0,0.0,0.0,1930.0,MWI.1_1,RLM6,SP32,REF249
0.0,1.0,1.0,1.0,0.0,0.0,,BWA.1_1,RLM6,SP32,REF249
0.0,1.0,1.0,1.0,0.0,0.0,,COM.1_1,RLM11,SP32,REF249
0.0,1.0,1.0,1.0,0.0,0.0,,ERI.1_1,RLM6,SP32,REF249
0.0,1.0,1.0,1.0,0.0,0.0,,ETH.1_1,RLM6,SP32,REF249
0.0,1.0,1.0,1.0,0.0,0.0,,KEN.1_1,RLM6,SP32,REF249
0.0,1.0,1.0,1.0,0.0,0.0,,LSO.1_1,RLM6,SP32,REF249
0.0,1.0,1.0,1.0,0.0,0.0,,MOZ.1_1,RLM6,SP32,REF249
0.0,1.0,1.0,1.0,0.0,0.0,,SOM.1_1,RLM6,SP32,REF249
0.0,1.0,1.0,1.0,0.0,0.0,,ZAF.1_1,RLM6,SP32,REF249
0.0,1.0,1.0,1.0,0.0,0.0,,SDN.1_1,RLM6,SP32,REF249
0.0,1.0,1.0,1.0,0.0,0.0,,SWZ.1_1,RLM6,SP32,REF249
0.0,1.0,1.0,1.0,0.0,0.0,,TZA.1_1,RLM6,SP32,REF249
0.0,1.0,1.0,1.0,0.0,0.0,,UGA.1_1,RLM6,SP32,REF249
0.0,1.0,1.0,1.0,0.0,0.0,,ZMB.1_1,RLM6,SP32,REF249
0.0,1.0,1.0,1.0,0.0,0.0,,ZWE.1_1,RLM6,SP32,REF249
0.0,1.0,,,0.0,0.0,,CMR.1_1,RLM6,SP32,REF249
0.0,1.0,,,0.0,0.0,,TGO.1_1,RLM6,SP32,REF249
0.0,,,,0.0,0.0,,BEN.1_1,RLM6,SP32,REF249
0.0,1.0,,1.0,0.0,0.0,,TUR.1_1,RLM7,SP32,REF249
0.0,1.0,,1.0,0.0,0.0,,ISR.1_1,RLM10,SP32,REF249
0.0,1.0,,1.0,0.0,0.0,2014.0,TUR.1_1,RLM7,,REF250
0.0,1.0,1.0,1.0,0.0,0.0,2011.0,TUR.1_1,RLM7,SP42,REF251
0.0,1.0,,1.0,0.0,0.0,2011.0,TUR.1_1,RLM7,SP42,REF252
0.0,1.0,,1.0,0.0,0.0,2018.0,ROU.1_1,RLM7,SP87,REF253
0.0,1.0,,1.0,0.0,0.0,2015.0,TUR.1_1,RLM7,SP87,REF253
0.0,1.0,,1.0,0.0,0.0,2008.0,UKR.1_1,RLM7,SP87,REF253
0.0,1.0,,1.0,0.0,0.0,1975.0,TUR.1_1,RLM7,SP4,REF254
0.0,1.0,,1.0,0.0,0.0,2005.0,TUR.1_1,RLM7,SP31,REF255
0.0,1.0,,1.0,0.0,0.0,1994.0,ROU.1_1,RLM7,SP705,REF4
0.0,1.0,,1.0,0.0,0.0,2003.0,ROU.1_1,RLM7,SP1113,REF4
0.0,1.0,,1.0,0.0,0.0,2024.0,ROU.1_1,RLM7,SP8,REF256
0.0,1.0,,1.0,0.0,0.0,2021.0,KOR.1_1,RLM7,SP1284,REF257
0.0,1.0,,1.0,0.0,0.0,2021.0,KOR.2_1,RLM7,SP1284,REF257
0.0,1.0,0.0,1.0,0.0,0.0,2017.0,KOR.1_1,RLM7,SP623,REF258
0.0,1.0,0.0,1.0,0.0,0.0,2017.0,KOR.2_1,RLM7,SP623,REF258
0.0,1.0,0.0,1.0,0.0,0.0,1958.0,KOR.1_1,RLM7,SP4,REF259
0.0,1.0,0.0,1.0,0.0,0.0,1958.0,KOR.2_1,RLM7,SP4,REF259
0.0,1.0,0.0,1.0,0.0,0.0,1999.0,KOR.1_1,RLM7,SP41,REF259
0.0,1.0,0.0,1.0,0.0,0.0,1999.0,KOR.2_1,RLM7,SP41,REF259
0.0,1.0,0.0,1.0,0.0,0.0,1945.0,JPN.1_1,RLM5,SP4,REF112
0.0,1.0,0.0,1.0,0.0,0.0,1957.0,KOR.1_1,RLM7,SP4,REF112
0.0,1.0,0.0,1.0,0.0,0.0,1957.0,KOR.2_1,RLM7,SP4,REF112
,,,1.0,0.0,0.0,1971.0,KOR.1_1,RLM7,SP138,REF260
,,,1.0,0.0,0.0,1971.0,KOR.2_1,RLM7,SP138,REF260
0.0,1.0,,1.0,0.0,0.0,2019.0,JPN.1_1,RLM5,SP8,REF81
0.0,1.0,,1.0,0.0,0.0,2019.0,KOR.1_1,RLM7,,REF81
0.0,1.0,,1.0,0.0,0.0,2019.0,KOR.2_1,RLM7,,REF81
0.0,1.0,,1.0,0.0,0.0,2019.0,TWN.1_1,RLM4,,REF81
0.0,1.0,,1.0,0.0,0.0,1998.0,UKR.1_1,RLM7,SP222,REF261
0.0,1.0,,,0.0,0.0,1981.0,NOR.1_1,RLM7,SP1010,REF262
0.0,1.0,1.0,,0.0,0.0,2005.0,NOR.1_1,RLM7,SP912,REF262
0.0,1.0,,0.0,0.0,0.0,1950.0,NOR.1_1,RLM7,SP166,REF262
0.0,1.0,1.0,1.0,0.0,0.0,2013.0,NOR.1_1,RLM7,SP67,REF262
1.0,,,0.0,0.0,0.0,1981.0,NOR.1_1,RLM7,SP169,REF262
1.0,,,1.0,0.0,0.0,1800.0,NOR.1_1,RLM7,SP82,REF262
0.0,1.0,,,0.0,0.0,1981.0,NOR.1_1,RLM7,SP1066,REF262
0.0,1.0,,,0.0,0.0,2003.0,NOR.1_1,RLM7,SP1050,REF262
0.0,1.0,,,0.0,0.0,2004.0,NOR.1_1,RLM7,SP1068,REF262
,,,0.0,0.0,0.0,1800.0,NOR.1_1,RLM7,SP503,REF262
1.0,,,0.0,0.0,0.0,1800.0,NOR.1_1,RLM7,SP175,REF262
0.0,1.0,,1.0,0.0,0.0,1990.0,NOR.1_1,RLM7,SP27,REF262
0.0,1.0,,1.0,0.0,0.0,1980.0,FIN.1_1,RLM7,SP10,REF263
0.0,1.0,,1.0,0.0,0.0,2007.0,LTU.1_1,RLM7,SP705,REF264
0.0,1.0,,1.0,0.0,0.0,2007.0,LTU.1_1,RLM7,SP1113,REF264
,,,1.0,0.0,0.0,2017.0,AZE.1_1,RLM7,SP849,REF265
0.0,1.0,,1.0,0.0,0.0,1997.0,IRL.1_1,RLM7,SP47,REF266
0.0,1.0,,1.0,0.0,0.0,,TWN.1_1,RLM4,SP8,REF20
0.0,1.0,,1.0,0.0,0.0,2008.0,THA.1_1,RLM4,SP149,REF93
0.0,1.0,,1.0,0.0,0.0,2023.0,KHM.1_1,RLM4,SP365,REF95
0.0,1.0,0.0,1.0,0.0,1.0,1973.0,IND.1_1,RLM4,SP365,REF95
0.0,1.0,0.0,1.0,0.0,1.0,1992.0,IDN.1_1,RLM4,SP365,REF95
0.0,1.0,0.0,1.0,0.0,1.0,1970.0,MYS.1_1,RLM4,SP365,REF95
0.0,1.0,,1.0,0.0,0.0,1985.0,PHL.1_1,RLM4,SP365,REF95
0.0,1.0,0.0,1.0,0.0,1.0,1973.0,LKA.1_1,RLM4,SP365,REF95
0.0,1.0,0.0,0.0,0.0,1.0,1987.0,THA.1_1,RLM4,SP365,REF95
0.0,1.0,0.0,0.0,0.0,1.0,1988.0,VNM.1_1,RLM4,SP365,REF95
0.0,1.0,,1.0,0.0,0.0,2016.0,KGZ.1_1,RLM7,SP153,REF267
0.0,1.0,1.0,1.0,0.0,0.0,2017.0,GHA.1_1,RLM6,,REF268
0.0,1.0,1.0,1.0,0.0,0.0,2017.0,COG.1_1,RLM6,SP8,REF268
0.0,1.0,1.0,1.0,0.0,0.0,2017.0,AGO.1_1,RLM6,,REF269
0.0,1.0,1.0,1.0,0.0,0.0,2017.0,BDI.1_1,RLM6,,REF269
0.0,1.0,1.0,1.0,0.0,0.0,2017.0,TCD.1_1,RLM6,,REF269
0.0,1.0,1.0,1.0,0.0,0.0,2017.0,COG.1_1,RLM6,,REF269
0.0,1.0,1.0,1.0,0.0,0.0,2017.0,COD.1_1,RLM6,,REF269
0.0,1.0,1.0,1.0,0.0,0.0,2017.0,ETH.1_1,RLM6,,REF269
0.0,1.0,1.0,1.0,0.0,0.0,2017.0,GIN.1_1,RLM6,,REF269
0.0,1.0,1.0,1.0,0.0,0.0,2017.0,KEN.1_1,RLM6,,REF269
0.0,1.0,1.0,1.0,0.0,0.0,2017.0,MWI.1_1,RLM6,,REF269
0.0,1.0,1.0,1.0,0.0,0.0,2017.0,MOZ.1_1,RLM6,,REF269
0.0,1.0,,1.0,0.0,0.0,2017.0,NAM.1_1,RLM6,,REF269
0.0,1.0,0.0,1.0,0.0,0.0,2017.0,NER.1_1,RLM6,,REF269
0.0,1.0,1.0,1.0,0.0,0.0,2017.0,RWA.1_1,RLM6,,REF269
0.0,1.0,,1.0,0.0,0.0,2017.0,ZAF.1_1,RLM6,,REF269
0.0,1.0,,1.0,0.0,0.0,2017.0,SSD.1_1,RLM6,,REF269
0.0,1.0,1.0,1.0,0.0,0.0,2017.0,SWZ.1_1,RLM6,,REF269
0.0,1.0,1.0,1.0,0.0,0.0,2017.0,TZA.1_1,RLM6,,REF269
0.0,1.0,1.0,1.0,0.0,0.0,2017.0,UGA.1_1,RLM6,,REF269
0.0,1.0,1.0,1.0,0.0,0.0,2017.0,ZMB.1_1,RLM6,,REF269
0.0,1.0,1.0,1.0,0.0,0.0,2017.0,ZWE.1_1,RLM6,,REF269
0.0,1.0,,1.0,0.0,0.0,2016.0,TJK.1_1,RLM7,SP153,REF270
0.0,1.0,,1.0,0.0,0.0,2010.0,CYP.1_1,RLM10,SP990,REF271
1.0,,,1.0,0.0,0.0,1937.0,CYP.1_1,RLM10,SP166,REF271
1.0,,,1.0,0.0,0.0,1977.0,CYP.1_1,RLM10,SP205,REF271
0.0,1.0,,1.0,0.0,0.0,2013.0,CYP.1_1,RLM10,SP32,REF271
1.0,,,,0.0,0.0,1977.0,CYP.1_1,RLM10,SP169,REF271
0.0,1.0,,,0.0,0.0,2010.0,CYP.1_1,RLM10,SP1059,REF271
0.0,1.0,,1.0,0.0,0.0,1937.0,CYP.1_1,RLM10,SP148,REF271
1.0,,,1.0,0.0,0.0,1937.0,CYP.1_1,RLM10,SP172,REF271
1.0,,,1.0,0.0,0.0,1937.0,CYP.1_1,RLM10,SP82,REF271
1.0,,,1.0,0.0,0.0,2010.0,CYP.1_1,RLM10,SP472,REF271
1.0,,,1.0,0.0,0.0,2018.0,CYP.1_1,RLM10,SP173,REF271
0.0,1.0,,1.0,0.0,0.0,2013.0,CYP.1_1,RLM10,SP35,REF271
0.0,1.0,,1.0,0.0,0.0,2020.0,CYP.1_1,RLM10,SP41,REF271
0.0,1.0,,1.0,0.0,0.0,2021.0,CYP.1_1,RLM10,SP31,REF271
0.0,1.0,,1.0,0.0,0.0,2009.0,CYP.1_1,RLM10,SP78,REF271
0.0,1.0,,1.0,0.0,0.0,1937.0,CYP.1_1,RLM10,SP17,REF271
0.0,1.0,,1.0,0.0,0.0,1937.0,CYP.1_1,RLM10,SP5,REF271
1.0,,,,0.0,0.0,2013.0,CYP.1_1,RLM10,SP1118,REF271
0.0,1.0,,1.0,0.0,0.0,1998.0,CYP.1_1,RLM10,SP2,REF271
1.0,,,,0.0,0.0,2016.0,CYP.1_1,RLM10,SP222,REF271
1.0,,,1.0,0.0,0.0,1937.0,CYP.1_1,RLM10,SP175,REF271
1.0,,,1.0,0.0,0.0,2010.0,CYP.1_1,RLM10,SP85,REF271
0.0,1.0,,1.0,0.0,0.0,1977.0,CYP.1_1,RLM10,SP48,REF271
0.0,1.0,,,0.0,0.0,1970.0,CYP.1_1,RLM10,SP670,REF271
0.0,1.0,,1.0,0.0,0.0,1937.0,CYP.1_1,RLM10,SP27,REF271
0.0,1.0,,,0.0,0.0,2018.0,CYP.1_1,RLM10,SP28,REF271
1.0,,,,0.0,0.0,2013.0,CYP.1_1,RLM10,SP786,REF271
0.0,1.0,,1.0,0.0,0.0,2010.0,CYP.1_1,RLM10,SP224,REF271
1.0,,,1.0,0.0,0.0,2010.0,CYP.1_1,RLM10,SP788,REF271
0.0,1.0,,1.0,0.0,0.0,2019.0,CYP.1_1,RLM10,SP1491,REF271
0.0,1.0,,1.0,0.0,0.0,2010.0,CYP.1_1,RLM10,SP153,REF271
0.0,1.0,,1.0,0.0,0.0,2001.0,ISR.1_1,RLM10,SP155,REF272
0.0,1.0,,1.0,0.0,0.0,2001.0,ISR.1_1,RLM10,SP1492,REF272
0.0,1.0,,1.0,0.0,0.0,2002.0,ISR.1_1,RLM10,SP1161,REF272
0.0,1.0,,1.0,0.0,0.0,2001.0,ISR.1_1,RLM10,SP1162,REF272
0.0,1.0,,1.0,0.0,0.0,2001.0,ISR.1_1,RLM10,SP142,REF272
0.0,1.0,,1.0,0.0,0.0,2011.0,ISR.1_1,RLM10,SP144,REF272
0.0,1.0,,1.0,0.0,0.0,2003.0,ISR.1_1,RLM10,SP1493,REF272
0.0,1.0,,1.0,0.0,0.0,2010.0,ISR.1_1,RLM10,SP32,REF273
,,,1.0,0.0,0.0,2008.0,ISR.1_1,RLM10,SP747,REF274
0.0,1.0,,1.0,0.0,0.0,1984.0,ISR.1_1,RLM10,SP64,REF275
0.0,1.0,0.0,1.0,0.0,0.0,1998.0,ISR.1_1,RLM10,SP64,REF276
0.0,1.0,,1.0,0.0,0.0,1984.0,ISR.1_1,RLM10,SP64,REF277
0.0,1.0,,1.0,0.0,0.0,2023.0,IRN.1_1,RLM10,SP297,REF278
0.0,1.0,,1.0,0.0,0.0,1990.0,ARE.1_1,RLM10,SP297,REF278
0.0,1.0,,1.0,0.0,0.0,1990.0,OMN.1_1,RLM10,SP297,REF278
0.0,1.0,,1.0,0.0,0.0,1990.0,SAU.1_1,RLM10,SP297,REF278
0.0,1.0,,1.0,0.0,0.0,2016.0,IRN.1_1,RLM10,SP42,REF279
0.0,1.0,1.0,1.0,0.0,0.0,2002.0,IRN.1_1,RLM10,,REF280
0.0,1.0,,1.0,0.0,0.0,,IRN.1_1,RLM10,SP110,REF281
0.0,,,1.0,0.0,0.0,,IRN.1_1,RLM10,SP38,REF281
0.0,1.0,,1.0,0.0,0.0,,VNM.1_1,RLM4,SP51,REF282
0.0,1.0,,1.0,0.0,0.0,,IRN.1_1,RLM10,SP153,REF282
0.0,1.0,,1.0,0.0,0.0,2009.0,OMN.1_1,RLM10,SP31,REF283
0.0,1.0,,1.0,0.0,0.0,2009.0,YEM.1_1,RLM10,SP31,REF283
0.0,1.0,,1.0,0.0,0.0,1960.0,SAU.1_1,RLM10,SP2,REF284
1.0,,,1.0,0.0,0.0,2018.0,MLT.1_1,RLM10,SP1494,REF285
0.0,1.0,0.0,1.0,0.0,0.0,2012.0,EGY.1_1,RLM10,SP689,REF286
0.0,1.0,1.0,1.0,0.0,0.0,2019.0,EGY.1_1,RLM10,SP8,REF287
0.0,1.0,,1.0,0.0,0.0,2008.0,EGY.1_1,RLM10,SP153,REF288
0.0,1.0,1.0,0.0,0.0,0.0,2018.0,DZA.1_1,RLM10,SP42,REF289
0.0,,,1.0,0.0,0.0,2013.0,DZA.1_1,RLM10,SP1156,REF290
0.0,1.0,,1.0,0.0,0.0,1977.0,IRQ.1_1,RLM10,SP31,REF291
0.0,,,1.0,0.0,0.0,1991.0,IRQ.1_1,RLM10,SP38,REF292
0.0,1.0,,1.0,0.0,0.0,2003.0,SYR.1_1,RLM10,SP31,REF293
0.0,1.0,,1.0,0.0,0.0,,TUN.1_1,RLM10,SP1495,REF294
0.0,,,1.0,0.0,0.0,,TUN.1_1,RLM10,SP1496,REF294
,,,1.0,0.0,0.0,2019.0,TUN.1_1,RLM10,SP176,REF295
0.0,,,1.0,0.0,0.0,2006.0,TUN.1_1,RLM10,SP1156,REF296
0.0,1.0,,1.0,0.0,0.0,1977.0,YEM.1_1,RLM10,SP2,REF297
0.0,1.0,,1.0,0.0,0.0,2019.0,IDN.1_1,RLM4,SP8,REF28
0.0,1.0,,1.0,0.0,0.0,2019.0,MYS.1_1,RLM4,SP8,REF28
0.0,1.0,,1.0,0.0,0.0,2018.0,YEM.1_1,RLM10,SP8,REF28
0.0,1.0,,1.0,0.0,0.0,2010.0,KWT.1_1,RLM10,SP153,REF298
1.0,,,1.0,0.0,0.0,2014.0,CMR.1_1,RLM6,SP1497,REF299
1.0,,,,0.0,0.0,2017.0,CMR.1_1,RLM6,SP1498,REF299
1.0,,,,0.0,0.0,2014.0,CMR.1_1,RLM6,SP1499,REF299
1.0,,,,0.0,0.0,2015.0,CMR.1_1,RLM6,SP1500,REF299
1.0,,,,0.0,0.0,2017.0,CMR.1_1,RLM6,SP1501,REF299
1.0,,,,0.0,0.0,2017.0,CMR.1_1,RLM6,SP1502,REF299
1.0,,,,0.0,0.0,2014.0,CMR.1_1,RLM6,SP1503,REF299
1.0,,,,0.0,0.0,2014.0,CMR.1_1,RLM6,SP1504,REF299
1.0,,,,0.0,0.0,2017.0,CMR.1_1,RLM6,SP1505,REF299
1.0,,,,0.0,0.0,2014.0,CMR.1_1,RLM6,SP1506,REF299
1.0,,,,0.0,0.0,2017.0,CMR.1_1,RLM6,SP1507,REF299
1.0,,,,0.0,0.0,2014.0,CMR.1_1,RLM6,SP1508,REF299
1.0,,,,0.0,0.0,2016.0,CMR.1_1,RLM6,SP1509,REF299
1.0,,,,0.0,0.0,2015.0,CMR.1_1,RLM6,SP1510,REF299
1.0,,,,0.0,0.0,2015.0,CMR.1_1,RLM6,SP1511,REF299
1.0,,,,0.0,0.0,2016.0,CMR.1_1,RLM6,SP1512,REF299
1.0,,,,0.0,0.0,2017.0,CMR.1_1,RLM6,SP1513,REF299
1.0,,,,0.0,0.0,2016.0,CMR.1_1,RLM6,SP1514,REF299
1.0,,,,0.0,0.0,2015.0,CMR.1_1,RLM6,SP1515,REF299
1.0,,,,0.0,0.0,2015.0,CMR.1_1,RLM6,SP1516,REF299
1.0,,,,0.0,0.0,2016.0,CMR.1_1,RLM6,SP1517,REF299
1.0,,,,0.0,0.0,2014.0,CMR.1_1,RLM6,SP1518,REF299
1.0,,,,0.0,0.0,2014.0,CMR.1_1,RLM6,SP1519,REF299
1.0,,,,0.0,0.0,2014.0,CMR.1_1,RLM6,SP1520,REF299
1.0,,,,0.0,0.0,2016.0,CMR.1_1,RLM6,SP1521,REF299
1.0,,,,0.0,0.0,2015.0,CMR.1_1,RLM6,SP1522,REF299
1.0,,,,0.0,0.0,2016.0,CMR.1_1,RLM6,SP1523,REF299
1.0,,,,0.0,0.0,2014.0,CMR.1_1,RLM6,SP1524,REF299
1.0,,,,0.0,0.0,2016.0,CMR.1_1,RLM6,SP1525,REF299
1.0,,,,0.0,0.0,2016.0,CMR.1_1,RLM6,SP1526,REF299
1.0,,,,0.0,0.0,2016.0,CMR.1_1,RLM6,SP1527,REF299
1.0,,,,0.0,0.0,2017.0,CMR.1_1,RLM6,SP1528,REF299
1.0,,,1.0,0.0,0.0,2014.0,BTN.1_1,RLM4,SP92,REF34
1.0,,,1.0,0.0,0.0,2013.0,KHM.1_1,RLM4,SP92,REF34
1.0,,,1.0,0.0,0.0,2008.0,IDN.1_1,RLM4,SP92,REF34
1.0,,,1.0,0.0,0.0,2012.0,LAO.1_1,RLM4,SP92,REF34
1.0,,,1.0,0.0,0.0,1992.0,MYS.1_1,RLM4,SP92,REF34
0.0,0.0,,1.0,0.0,0.0,1989.0,NPL.1_1,RLM5,SP92,REF34
0.0,0.0,,1.0,0.0,0.0,2012.0,PAK.1_1,RLM4,SP92,REF34
1.0,,,1.0,0.0,0.0,2006.0,SGP.1_1,RLM4,SP92,REF34
1.0,,,1.0,0.0,0.0,1984.0,THA.1_1,RLM4,SP92,REF34
1.0,,,1.0,0.0,0.0,2012.0,TLS.1_1,RLM4,SP92,REF34
1.0,,,1.0,0.0,0.0,1992.0,VNM.1_1,RLM4,SP92,REF34
0.0,1.0,,1.0,0.0,0.0,2002.0,ZAF.1_1,RLM6,SP1529,REF300
0.0,1.0,,1.0,0.0,0.0,1998.0,UGA.1_1,RLM6,SP1529,REF300
0.0,1.0,,1.0,0.0,0.0,1999.0,MOZ.1_1,RLM6,SP1529,REF300
0.0,1.0,,1.0,0.0,0.0,2000.0,MWI.1_1,RLM6,SP1529,REF300
0.0,1.0,,1.0,0.0,0.0,,KEN.1_1,RLM6,SP1530,REF301
0.0,1.0,0.0,1.0,0.0,0.0,,UGA.1_1,RLM6,SP1530,REF301
0.0,1.0,1.0,1.0,0.0,0.0,,MWI.1_1,RLM6,SP1530,REF301
0.0,1.0,1.0,1.0,0.0,0.0,,MOZ.1_1,RLM6,SP1530,REF301
0.0,1.0,1.0,1.0,0.0,0.0,,COD.1_1,RLM6,SP1530,REF301
0.0,1.0,1.0,1.0,0.0,0.0,,ZAF.1_1,RLM6,SP1530,REF301
0.0,1.0,,1.0,0.0,0.0,,KEN.1_1,RLM6,SP17,REF301
0.0,1.0,,1.0,0.0,0.0,,KEN.1_1,RLM6,SP5,REF301
0.0,1.0,,1.0,0.0,0.0,,ETH.1_1,RLM6,SP5,REF301
0.0,1.0,,1.0,0.0,0.0,,KEN.1_1,RLM6,SP27,REF301
0.0,1.0,,1.0,0.0,0.0,,KEN.1_1,RLM6,SP153,REF301
0.0,1.0,,1.0,0.0,1.0,1932.0,ZAF.1_1,RLM6,SP7,REF302
0.0,1.0,,1.0,0.0,0.0,1991.0,ZAF.1_1,RLM6,SP1418,REF303
0.0,1.0,,1.0,0.0,0.0,,ZAF.1_1,RLM6,SP165,REF304
0.0,1.0,,,0.0,0.0,,ZAF.1_1,RLM6,SP11,REF305
0.0,1.0,,0.0,0.0,1.0,,ZAF.1_1,RLM6,SP1531,REF306
0.0,1.0,,1.0,0.0,1.0,2001.0,ZAF.1_1,RLM6,SP901,REF306
0.0,1.0,,0.0,0.0,1.0,,ZAF.1_1,RLM6,SP365,REF306
0.0,1.0,,0.0,0.0,1.0,1989.0,ZAF.1_1,RLM6,SP365,REF91
0.0,1.0,,0.0,0.0,1.0,,NGA.1_1,RLM6,SP365,REF91
0.0,1.0,,0.0,0.0,1.0,,IND.1_1,RLM4,SP365,REF91
0.0,1.0,,0.0,0.0,1.0,,MYS.1_1,RLM4,SP365,REF91
0.0,1.0,,1.0,0.0,1.0,,LKA.1_1,RLM4,SP365,REF91
0.0,1.0,,1.0,0.0,0.0,1986.0,ZAF.1_1,RLM6,SP2,REF307
0.0,1.0,,1.0,0.0,0.0,2016.0,ZAF.1_1,RLM6,,REF308
0.0,1.0,,1.0,0.0,0.0,1953.0,UGA.1_1,RLM6,SP32,REF309
0.0,1.0,0.0,1.0,0.0,0.0,2016.0,NGA.1_1,RLM6,SP8,REF310
0.0,1.0,0.0,1.0,0.0,0.0,2016.0,,RLM6,SP8,REF310
0.0,1.0,1.0,1.0,0.0,0.0,2016.0,UGA.1_1,RLM6,SP8,REF310
0.0,1.0,,1.0,0.0,0.0,2015.0,UGA.1_1,RLM6,,REF311
0.0,1.0,,1.0,0.0,0.0,1998.0,MOZ.1_1,RLM6,SP606,REF312
0.0,1.0,,1.0,0.0,0.0,,KEN.1_1,RLM6,SP32,REF313
0.0,1.0,,1.0,0.0,0.0,1932.0,MWI.1_1,RLM6,SP32,REF313
0.0,1.0,,1.0,0.0,0.0,2018.0,BGD.1_1,RLM4,,REF314
0.0,1.0,1.0,1.0,0.0,0.0,2016.0,ZMB.1_1,RLM6,SP8,REF315
0.0,1.0,,1.0,0.0,0.0,2017.0,BWA.1_1,RLM6,SP153,REF316
0.0,1.0,0.0,1.0,0.0,1.0,1972.0,NGA.1_1,RLM6,SP365,REF317
0.0,1.0,,1.0,0.0,0.0,1967.0,SDN.1_1,RLM6,SP2,REF318
0.0,1.0,,1.0,0.0,0.0,1996.0,BEN.1_1,RLM6,SP2,REF319
0.0,1.0,,1.0,0.0,0.0,1988.0,NGA.1_1,RLM6,SP2,REF319
0.0,1.0,0.0,1.0,0.0,0.0,2016.0,BEN.1_1,RLM6,,REF320
0.0,1.0,0.0,1.0,0.0,0.0,2016.0,NGA.1_1,RLM6,,REF320
0.0,1.0,0.0,1.0,0.0,0.0,2016.0,,RLM6,,REF320
0.0,1.0,0.0,1.0,0.0,0.0,2016.0,TGO.1_1,RLM6,,REF320
0.0,1.0,0.0,1.0,0.0,0.0,2016.0,NGA.1_1,RLM6,SP8,REF320
0.0,1.0,0.0,1.0,0.0,0.0,2016.0,,RLM6,SP8,REF320
0.0,1.0,,1.0,0.0,0.0,2015.0,NGA.1_1,RLM6,SP153,REF321
0.0,1.0,1.0,1.0,0.0,0.0,2014.0,TZA.1_1,RLM6,SP153,REF322
0.0,1.0,,1.0,0.0,0.0,,TGO.1_1,RLM6,SP14,REF323
0.0,1.0,,1.0,0.0,0.0,,BEN.1_1,RLM6,SP14,REF323
0.0,1.0,0.0,1.0,0.0,0.0,2017.0,TGO.1_1,RLM6,SP8,REF324
0.0,1.0,,1.0,0.0,0.0,2017.0,BFA.1_1,RLM6,,REF325
0.0,1.0,,1.0,0.0,0.0,2019.0,TGO.1_1,RLM6,,REF325
0.0,1.0,0.0,1.0,0.0,1.0,1989.0,GHA.1_1,RLM6,SP365,REF326
0.0,1.0,1.0,1.0,0.0,0.0,2017.0,GHA.1_1,RLM6,SP8,REF327
0.0,1.0,,1.0,0.0,0.0,2017.0,SEN.1_1,RLM6,,REF328
0.0,1.0,0.0,1.0,0.0,0.0,2012.0,SEN.1_1,RLM6,,REF329
0.0,1.0,,1.0,0.0,0.0,2018.0,BDI.1_1,RLM6,SP153,REF330
0.0,1.0,1.0,1.0,0.0,0.0,2020.0,,RLM6,SP153,REF331
0.0,0.0,,1.0,0.0,0.0,2008.0,IDN.1_1,RLM4,SP92,REF64
1.0,,,1.0,0.0,0.0,1992.0,MYS.1_1,RLM4,SP92,REF64
1.0,,,1.0,0.0,0.0,2006.0,SGP.1_1,RLM4,SP92,REF64
1.0,,,1.0,0.0,0.0,1980.0,THA.1_1,RLM4,SP92,REF64
1.0,,,1.0,0.0,0.0,2012.0,TLS.1_1,RLM4,SP92,REF64
,,,1.0,0.0,0.0,1870.0,AUS.1_1,RLM8,SP170,REF64
,,,1.0,0.0,0.0,2004.0,AUS.1_1,RLM8,SP170,REF64
0.0,1.0,,0.0,1.0,1.0,1987.0,AUS.1_1,RLM8,SP536,REF64
,,,1.0,0.0,0.0,2010.0,MYS.1_1,RLM4,SP366,REF332
0.0,1.0,,1.0,0.0,0.0,2018.0,THA.1_1,RLM4,SP8,REF333
1.0,,,1.0,0.0,0.0,2013.0,KHM.1_1,RLM4,SP92,REF334
0.0,1.0,1.0,1.0,0.0,0.0,2019.0,LAO.1_1,RLM4,SP8,REF335
0.0,1.0,,1.0,0.0,0.0,2019.0,VNM.1_1,RLM4,SP8,REF335
0.0,1.0,1.0,1.0,0.0,0.0,2020.0,PAK.1_1,RLM4,SP8,REF336
0.0,1.0,,1.0,0.0,0.0,2019.0,PAK.1_1,RLM4,SP8,REF337
0.0,1.0,,1.0,0.0,0.0,2012.0,VNM.1_1,RLM4,SP102,REF338
0.0,1.0,,1.0,0.0,0.0,2019.0,VNM.1_1,RLM4,SP8,REF339
0.0,1.0,,1.0,0.0,1.0,1956.0,IND.1_1,RLM4,SP7,REF340
1.0,,,1.0,0.0,0.0,,IND.1_1,RLM4,SP36,REF341
0.0,1.0,0.0,1.0,0.0,0.0,,IND.1_1,RLM4,SP218,REF342
0.0,1.0,,1.0,0.0,0.0,2013.0,IND.1_1,RLM4,SP153,REF343
0.0,1.0,,1.0,0.0,0.0,2017.0,IND.1_1,RLM4,SP8,REF344
0.0,1.0,,1.0,0.0,0.0,2014.0,IND.1_1,RLM4,SP153,REF345
,,,1.0,0.0,0.0,,JPN.1_1,RLM5,,REF346
0.0,1.0,,1.0,0.0,0.0,,JPN.1_1,RLM5,SP338,REF346
,1.0,,1.0,0.0,0.0,,JPN.1_1,RLM5,SP993,REF346
0.0,1.0,,1.0,0.0,0.0,1989.0,JPN.1_1,RLM5,SP630,REF346
0.0,1.0,,1.0,0.0,0.0,1974.0,JPN.1_1,RLM5,,REF346
,,,1.0,0.0,0.0,,JPN.1_1,RLM5,,REF346
0.0,1.0,,1.0,0.0,0.0,,JPN.1_1,RLM5,,REF346
0.0,1.0,,1.0,0.0,0.0,1959.0,JPN.1_1,RLM5,SP82,REF346
0.0,1.0,,1.0,0.0,0.0,1986.0,TWN.1_1,RLM4,,REF346
,,,1.0,0.0,0.0,,JPN.1_1,RLM5,SP794,REF346
0.0,1.0,,1.0,0.0,0.0,,JPN.1_1,RLM5,SP15,REF346
0.0,1.0,,1.0,0.0,0.0,1945.0,JPN.1_1,RLM5,,REF346
0.0,1.0,,1.0,0.0,0.0,1953.0,JPN.1_1,RLM5,SP5,REF346
0.0,1.0,,1.0,0.0,0.0,1996.0,JPN.1_1,RLM5,,REF346
0.0,1.0,,1.0,0.0,0.0,2018.0,MMR.1_1,RLM4,SP8,REF106
0.0,1.0,,1.0,0.0,0.0,2019.0,TWN.1_1,RLM4,SP8,REF106
,,,1.0,0.0,0.0,2014.0,TWN.1_1,RLM4,SP1532,REF347
0.0,1.0,,1.0,0.0,0.0,2019.0,MMR.1_1,RLM4,,REF348
0.0,1.0,,1.0,0.0,0.0,,JPN.1_1,RLM5,SP1429,REF349
0.0,1.0,,1.0,0.0,0.0,,JPN.1_1,RLM5,SP338,REF349
0.0,1.0,,1.0,0.0,0.0,,JPN.1_1,RLM5,SP993,REF349
0.0,1.0,,1.0,0.0,0.0,,JPN.1_1,RLM5,SP641,REF349
0.0,1.0,,1.0,0.0,0.0,,JPN.1_1,RLM5,SP815,REF349
0.0,1.0,,1.0,0.0,0.0,,JPN.1_1,RLM5,SP690,REF349
0.0,1.0,,1.0,0.0,0.0,,JPN.1_1,RLM5,SP46,REF349
0.0,1.0,,1.0,0.0,0.0,,JPN.1_1,RLM5,SP166,REF349
0.0,1.0,,1.0,0.0,0.0,,JPN.1_1,RLM5,SP648,REF349
0.0,1.0,,1.0,0.0,0.0,,JPN.1_1,RLM5,SP649,REF349
0.0,1.0,,1.0,0.0,0.0,,JPN.1_1,RLM5,SP650,REF349
0.0,1.0,,1.0,0.0,0.0,,JPN.1_1,RLM5,SP169,REF349
0.0,1.0,,1.0,0.0,0.0,,JPN.1_1,RLM5,SP630,REF349
0.0,1.0,,1.0,0.0,0.0,,JPN.1_1,RLM5,SP652,REF349
0.0,1.0,,1.0,0.0,0.0,,JPN.1_1,RLM5,SP447,REF349
1.0,1.0,,1.0,0.0,0.0,,JPN.1_1,RLM5,SP83,REF349
0.0,1.0,,1.0,0.0,0.0,,JPN.1_1,RLM5,SP654,REF349
0.0,1.0,,1.0,0.0,0.0,,JPN.1_1,RLM5,SP172,REF349
0.0,1.0,,1.0,0.0,0.0,,JPN.1_1,RLM5,SP82,REF349
0.0,1.0,,1.0,0.0,0.0,,JPN.1_1,RLM5,SP36,REF349
0.0,1.0,,1.0,0.0,0.0,,JPN.1_1,RLM5,SP794,REF349
0.0,1.0,,1.0,0.0,0.0,,JPN.1_1,RLM5,SP15,REF349
0.0,1.0,,1.0,0.0,0.0,,JPN.1_1,RLM5,,REF349
1.0,1.0,,1.0,0.0,0.0,,JPN.1_1,RLM5,SP23,REF349
0.0,1.0,,1.0,0.0,0.0,,JPN.1_1,RLM5,SP691,REF349
0.0,1.0,,1.0,0.0,0.0,,JPN.1_1,RLM5,SP4,REF349
0.0,1.0,,1.0,0.0,0.0,,JPN.1_1,RLM5,SP657,REF349
0.0,1.0,,1.0,0.0,0.0,,JPN.1_1,RLM5,SP1533,REF349
0.0,1.0,,1.0,0.0,0.0,,JPN.1_1,RLM5,SP1534,REF349
0.0,1.0,,1.0,0.0,0.0,,JPN.1_1,RLM5,SP509,REF349
0.0,1.0,,1.0,0.0,0.0,,JPN.1_1,RLM5,SP41,REF349
0.0,1.0,,1.0,0.0,0.0,,JPN.1_1,RLM5,SP685,REF349
0.0,1.0,,1.0,0.0,0.0,,JPN.1_1,RLM5,SP561,REF349
0.0,1.0,,1.0,0.0,0.0,,JPN.1_1,RLM5,SP659,REF349
0.0,1.0,,1.0,0.0,0.0,,JPN.1_1,RLM5,SP683,REF349
0.0,1.0,,1.0,0.0,0.0,,JPN.1_1,RLM5,SP663,REF349
0.0,1.0,,1.0,0.0,0.0,,JPN.1_1,RLM5,SP393,REF349
0.0,1.0,,1.0,0.0,0.0,,JPN.1_1,RLM5,SP520,REF349
0.0,1.0,,1.0,0.0,0.0,,JPN.1_1,RLM5,SP692,REF349
0.0,1.0,,1.0,0.0,0.0,,JPN.1_1,RLM5,SP5,REF349
0.0,1.0,,1.0,0.0,0.0,,JPN.1_1,RLM5,SP39,REF349
0.0,1.0,,1.0,0.0,0.0,,JPN.1_1,RLM5,SP6,REF349
0.0,1.0,,1.0,0.0,0.0,,JPN.1_1,RLM5,SP175,REF349
0.0,1.0,,1.0,0.0,0.0,,JPN.1_1,RLM5,SP1128,REF349
0.0,1.0,,1.0,0.0,0.0,,JPN.1_1,RLM5,SP664,REF349
0.0,1.0,,1.0,0.0,0.0,,JPN.1_1,RLM5,SP151,REF349
0.0,1.0,,1.0,0.0,0.0,,JPN.1_1,RLM5,SP799,REF349
0.0,1.0,,1.0,0.0,0.0,,JPN.1_1,RLM5,SP27,REF349
0.0,1.0,,1.0,0.0,0.0,,JPN.1_1,RLM5,SP665,REF349
0.0,1.0,,1.0,0.0,0.0,,JPN.1_1,RLM5,SP666,REF349
0.0,1.0,,1.0,0.0,0.0,,JPN.1_1,RLM5,SP803,REF349
0.0,1.0,,1.0,0.0,0.0,,JPN.1_1,RLM5,SP224,REF349
0.0,1.0,,1.0,0.0,0.0,,JPN.1_1,RLM5,SP90,REF349
0.0,1.0,,1.0,0.0,0.0,,JPN.1_1,RLM5,SP788,REF349
0.0,1.0,,1.0,0.0,0.0,,JPN.1_1,RLM5,SP714,REF349
0.0,1.0,,1.0,0.0,0.0,1953.0,JPN.1_1,RLM5,SP166,REF350
0.0,1.0,,1.0,0.0,0.0,1992.0,JPN.1_1,RLM5,SP648,REF350
0.0,1.0,,1.0,0.0,0.0,1980.0,JPN.1_1,RLM5,SP1535,REF350
0.0,1.0,,1.0,0.0,0.0,1989.0,JPN.1_1,RLM5,SP630,REF350
0.0,1.0,,1.0,0.0,0.0,1974.0,JPN.1_1,RLM5,SP447,REF350
0.0,1.0,,1.0,0.0,0.0,1959.0,JPN.1_1,RLM5,SP1536,REF350
0.0,1.0,,1.0,0.0,0.0,1971.0,JPN.1_1,RLM5,SP36,REF350
,,,1.0,0.0,0.0,1910.0,JPN.1_1,RLM5,SP794,REF350
0.0,1.0,,1.0,0.0,0.0,1910.0,JPN.1_1,RLM5,SP15,REF350
0.0,1.0,0.0,1.0,0.0,0.0,1945.0,JPN.1_1,RLM5,SP4,REF350
,,,1.0,0.0,0.0,1964.0,JPN.1_1,RLM5,SP146,REF350
,,,1.0,0.0,0.0,1941.0,JPN.1_1,RLM5,SP509,REF350
,,,1.0,0.0,0.0,1973.0,JPN.1_1,RLM5,SP685,REF350
0.0,1.0,,1.0,0.0,0.0,1964.0,JPN.1_1,RLM5,SP683,REF350
,,,1.0,0.0,0.0,1986.0,JPN.1_1,RLM5,SP393,REF350
,,,1.0,0.0,0.0,1967.0,JPN.1_1,RLM5,SP692,REF350
0.0,1.0,,1.0,0.0,0.0,1953.0,JPN.1_1,RLM5,SP1537,REF350
0.0,1.0,,1.0,0.0,0.0,1700.0,JPN.1_1,RLM5,SP6,REF350
,,,1.0,0.0,0.0,1700.0,JPN.1_1,RLM5,SP151,REF350
,,,1.0,0.0,0.0,1970.0,JPN.1_1,RLM5,SP799,REF350
0.0,1.0,,1.0,0.0,0.0,1953.0,JPN.1_1,RLM5,SP1538,REF350
,,,1.0,0.0,0.0,1980.0,JPN.1_1,RLM5,SP665,REF350
,,,1.0,0.0,0.0,1973.0,JPN.1_1,RLM5,SP666,REF350
0.0,1.0,,1.0,0.0,0.0,1967.0,JPN.1_1,RLM5,SP690,REF350
0.0,1.0,,1.0,0.0,0.0,1965.0,JPN.1_1,RLM5,SP46,REF350
,,,1.0,0.0,0.0,1995.0,JPN.1_1,RLM5,SP39,REF351
,,,1.0,0.0,0.0,2019.0,JPN.1_1,RLM5,SP1539,REF352
0.0,1.0,,1.0,0.0,1.0,1989.0,AUS.1_1,RLM8,SP102,REF353
0.0,1.0,,1.0,0.0,1.0,1989.0,AUS.1_1,RLM8,SP677,REF353
0.0,1.0,,1.0,0.0,0.0,1952.0,NZL.1_1,RLM8,SP707,REF160
0.0,,,1.0,0.0,0.0,1911.0,AUS.1_1,RLM8,SP15,REF157
0.0,1.0,,1.0,0.0,0.0,,AUS.1_1,RLM8,SP34,REF354
0.0,1.0,,1.0,0.0,0.0,1940.0,AUS.1_1,RLM8,SP2,REF355
0.0,1.0,0.0,1.0,0.0,1.0,2017.0,AUS.1_1,RLM8,SP1540,REF356
0.0,1.0,,0.0,1.0,0.0,2006.0,NZL.1_1,RLM8,SP95,REF357
0.0,,,1.0,0.0,0.0,1992.0,NZL.1_1,RLM8,SP896,REF358
0.0,,,1.0,0.0,0.0,1992.0,NZL.1_1,RLM8,SP896,REF359
0.0,1.0,0.0,1.0,0.0,0.0,2016.0,NPL.1_1,RLM5,SP153,REF360
0.0,0.0,,1.0,0.0,0.0,2008.0,PER.1_1,RLM1,SP1541,REF361
0.0,1.0,,1.0,0.0,0.0,2006.0,PER.1_1,RLM1,SP23,REF362
0.0,1.0,,1.0,0.0,0.0,,PER.1_1,RLM1,SP17,REF363
0.0,1.0,,1.0,0.0,0.0,,PER.1_1,RLM1,SP2,REF363
0.0,1.0,,1.0,0.0,0.0,1890.0,CHL.1_1,RLM1,SP165,REF364
0.0,1.0,,1.0,0.0,0.0,1850.0,MUS.1_1,RLM3,SP606,REF365
0.0,0.0,1.0,,0.0,0.0,2017.0,GUM.1_1,RLM3,SP1542,REF366
0.0,1.0,,0.0,0.0,0.0,,CAN.1_1,RLM2,SP111,REF11
0.0,1.0,,1.0,0.0,0.0,1970.0,,RLM6,SP2,REF367
0.0,1.0,,1.0,0.0,0.0,2019.0,IDN.1_1,RLM4,,REF368
0.0,1.0,,1.0,0.0,0.0,2017.0,IND.1_1,RLM4,,REF369
0.0,1.0,1.0,1.0,0.0,0.0,2009.0,ISR.1_1,RLM10,SP153,REF370
0.0,1.0,,1.0,0.0,0.0,2009.0,SYR.1_1,RLM10,SP153,REF370
0.0,1.0,1.0,1.0,0.0,0.0,2009.0,TUR.1_1,RLM7,SP153,REF370
0.0,1.0,,1.0,0.0,0.0,2019.0,IDN.1_1,RLM4,SP8,REF371
0.0,1.0,,1.0,0.0,0.0,2019.0,PHL.1_1,RLM4,SP8,REF372
0.0,1.0,,1.0,0.0,1.0,2016.0,NZL.2_1,RLM3,SP1543,REF373
0.0,1.0,,1.0,0.0,0.0,2009.0,BEL.1_1,RLM7,SP1544,REF374
0.0,1.0,,1.0,0.0,0.0,2006.0,DEU.1_1,RLM7,SP1544,REF374
0.0,1.0,,1.0,0.0,0.0,2006.0,AUT.1_1,RLM7,SP1544,REF374
0.0,1.0,,1.0,0.0,0.0,2008.0,CHE.1_1,RLM7,SP1544,REF374
0.0,1.0,,1.0,0.0,0.0,2006.0,BEL.1_1,RLM7,SP1021,REF375
0.0,1.0,,1.0,0.0,0.0,2011.0,DEU.1_1,RLM7,SP1021,REF375
0.0,1.0,,1.0,0.0,0.0,2006.0,NLD.1_1,RLM7,SP1021,REF375
0.0,1.0,,1.0,0.0,0.0,2018.0,HUN.1_1,RLM7,SP1545,REF376
0.0,1.0,,1.0,0.0,0.0,,CAN.1_1,RLM2,SP1315,REF377
0.0,1.0,,1.0,0.0,0.0,1923.0,CAN.1_1,RLM2,SP1315,REF378
0.0,1.0,,1.0,0.0,0.0,1900.0,CAN.1_1,RLM2,SP1318,REF379
0.0,1.0,,1.0,0.0,0.0,,GBR.1_1,RLM7,SP146,REF380
0.0,1.0,,1.0,0.0,0.0,,NLD.1_1,RLM7,SP146,REF380
0.0,1.0,,1.0,0.0,0.0,,DNK.1_1,RLM7,SP146,REF380
0.0,1.0,,1.0,0.0,0.0,,USA.1_1,RLM2,SP146,REF380
0.0,1.0,,1.0,0.0,0.0,,USA.1_2,RLM2,SP146,REF380
0.0,1.0,,1.0,0.0,0.0,,USA.2_1,RLM2,SP146,REF380
0.0,1.0,,1.0,0.0,0.0,1920.0,USA.1_1,RLM2,SP1093,REF381
0.0,1.0,,1.0,0.0,0.0,1920.0,USA.1_2,RLM2,SP1093,REF381
0.0,1.0,,1.0,0.0,0.0,1920.0,USA.2_1,RLM2,SP1093,REF381
0.0,1.0,,1.0,0.0,0.0,1920.0,CAN.1_1,RLM2,SP1093,REF381
0.0,1.0,,1.0,0.0,0.0,,ATG.1_1,RLM9,SP1546,REF382
0.0,1.0,,1.0,0.0,0.0,,BRB.1_1,RLM9,SP1546,REF382
0.0,1.0,,1.0,0.0,0.0,,CRI.1_1,RLM9,SP1546,REF382
0.0,1.0,,1.0,0.0,0.0,,CUB.1_1,RLM9,SP1546,REF382
0.0,1.0,,1.0,0.0,0.0,,DMA.1_1,RLM9,SP1546,REF382
0.0,1.0,,1.0,0.0,0.0,,DOM.1_1,RLM9,SP1546,REF382
0.0,1.0,,1.0,0.0,0.0,,SLV.1_1,RLM9,SP1546,REF382
0.0,1.0,,1.0,0.0,0.0,,GRD.1_1,RLM1,SP1546,REF382
0.0,1.0,,1.0,0.0,0.0,,FRA.5_1,RLM9,SP1546,REF382
0.0,1.0,,1.0,0.0,0.0,,GTM.1_1,RLM9,SP1546,REF382
0.0,1.0,,1.0,0.0,0.0,,HND.1_1,RLM9,SP1546,REF382
0.0,1.0,,1.0,0.0,0.0,,HND.2_1,RLM9,SP1546,REF382
0.0,1.0,,1.0,0.0,0.0,,JAM.1_1,RLM9,SP1546,REF382
0.0,1.0,,1.0,0.0,0.0,,MEX.1_1,RLM2,SP1546,REF382
0.0,1.0,,1.0,0.0,0.0,,GBR.6_1,RLM9,SP1546,REF382
0.0,1.0,,1.0,0.0,0.0,,NIC.1_1,RLM9,SP1546,REF382
0.0,1.0,,1.0,0.0,0.0,,USA.3_1,RLM9,SP1546,REF382
0.0,1.0,,1.0,0.0,0.0,,LCA.1_1,RLM1,SP1546,REF382
0.0,1.0,,1.0,0.0,0.0,,VCT.1_1,RLM1,SP1546,REF382
0.0,1.0,,1.0,0.0,0.0,,TTO.1_1,RLM1,SP1546,REF382
0.0,1.0,,1.0,0.0,0.0,,BRA.1_1,RLM1,SP1546,REF382
0.0,1.0,,1.0,0.0,0.0,,BOL.1_1,RLM1,SP1546,REF382
0.0,1.0,,1.0,0.0,0.0,,COL.1_1,RLM1,SP1546,REF382
0.0,1.0,,1.0,0.0,0.0,,ECU.1_1,RLM1,SP1546,REF382
0.0,1.0,,1.0,0.0,0.0,,ECU.2_1,RLM1,SP1546,REF382
0.0,1.0,,1.0,0.0,0.0,,FRA.8_1,RLM1,SP1546,REF382
0.0,1.0,,1.0,0.0,0.0,,GUY.1_1,RLM1,SP1546,REF382
0.0,1.0,,1.0,0.0,0.0,,VEN.1_1,RLM1,SP1546,REF382
0.0,1.0,,1.0,0.0,0.0,,VEN.2_1,RLM1,SP1546,REF382
0.0,1.0,,1.0,0.0,0.0,,PER.1_1,RLM1,SP1546,REF382
0.0,1.0,,1.0,0.0,0.0,,SUR.1_1,RLM1,SP1546,REF382
0.0,,,1.0,0.0,0.0,,LKA.1_1,RLM4,SP1546,REF382
0.0,1.0,,1.0,0.0,0.0,,ARG.1_1,RLM1,SP183,REF383
0.0,1.0,,1.0,0.0,0.0,,ARG.2_1,RLM1,SP183,REF383
0.0,1.0,,1.0,0.0,0.0,,CHL.1_1,RLM1,SP183,REF383
0.0,1.0,,1.0,0.0,1.0,,AUS.1_1,RLM8,SP725,REF384
0.0,1.0,,1.0,0.0,1.0,1973.0,CAN.1_1,RLM2,SP1327,REF385
0.0,1.0,,1.0,0.0,1.0,1980.0,USA.1_1,RLM2,SP1327,REF385
0.0,1.0,,1.0,0.0,1.0,1980.0,USA.1_2,RLM2,SP1327,REF385
0.0,1.0,,1.0,0.0,1.0,1980.0,USA.2_1,RLM2,SP1327,REF385
0.0,1.0,,1.0,0.0,,,THA.1_1,RLM4,SP677,REF386
0.0,1.0,,1.0,0.0,0.0,,DNK.1_1,RLM7,SP1102,REF387
0.0,1.0,,1.0,0.0,0.0,1922.0,CAN.1_1,RLM2,SP1232,REF388
0.0,1.0,,1.0,0.0,0.0,1900.0,,RLM2,SP509,REF389
0.0,1.0,,1.0,0.0,0.0,2007.0,THA.1_1,RLM4,SP149,REF390
0.0,1.0,,1.0,0.0,0.0,,MMR.1_1,RLM4,SP149,REF390
0.0,1.0,,1.0,0.0,0.0,,BGD.1_1,RLM4,SP149,REF390
0.0,1.0,,1.0,0.0,0.0,,MYS.1_1,RLM4,SP149,REF390
0.0,1.0,,1.0,0.0,0.0,2020.0,VNM.1_1,RLM4,SP149,REF390
0.0,1.0,,1.0,0.0,0.0,,PAK.1_1,RLM4,SP149,REF390
0.0,1.0,,1.0,0.0,0.0,,CHN.1_1,RLM4,SP149,REF390
0.0,1.0,,1.0,0.0,0.0,,CHN.2_1,RLM4,SP149,REF390
0.0,1.0,,1.0,0.0,0.0,,CHN.3_1,RLM4,SP149,REF390
0.0,1.0,,1.0,0.0,0.0,,CHN.1_1,RLM5,SP149,REF390
0.0,1.0,,1.0,0.0,0.0,,CHN.2_1,RLM5,SP149,REF390
0.0,1.0,,1.0,0.0,0.0,,CHN.3_1,RLM5,SP149,REF390
0.0,1.0,0.0,1.0,0.0,1.0,,,RLM2,SP563,REF391
0.0,1.0,0.0,1.0,0.0,1.0,,AUS.1_1,RLM8,SP563,REF391
0.0,1.0,0.0,1.0,0.0,1.0,1965.0,MUS.1_1,RLM3,SP563,REF391
0.0,1.0,1.0,1.0,0.0,0.0,2015.0,FRA.3_1,RLM11,SP563,REF391
0.0,1.0,,1.0,0.0,0.0,1978.0,CAN.1_1,RLM2,SP1339,REF392
0.0,1.0,1.0,1.0,0.0,0.0,2008.0,NGA.1_1,RLM6,SP763,REF393
0.0,1.0,,1.0,0.0,0.0,,CAN.1_1,RLM2,SP93,REF394
0.0,1.0,0.0,1.0,0.0,0.0,2004.0,USA.1_1,RLM2,SP1547,REF395
0.0,1.0,0.0,1.0,0.0,0.0,2004.0,USA.1_2,RLM2,SP1547,REF395
0.0,1.0,0.0,1.0,0.0,0.0,2004.0,USA.2_1,RLM2,SP1547,REF395
0.0,1.0,0.0,,,0.0,1995.0,SWE.1_1,RLM7,SP1117,REF396
0.0,1.0,,,,0.0,,UKR.1_1,RLM7,SP1121,REF397
0.0,1.0,,,,0.0,,AUT.1_1,RLM7,SP1121,REF397
0.0,1.0,,,,0.0,,HUN.1_1,RLM7,SP1121,REF397
0.0,1.0,,,,0.0,,POL.1_1,RLM7,SP1121,REF397
0.0,1.0,,,,0.0,,DNK.1_1,RLM7,SP1121,REF397
0.0,1.0,,,,0.0,,LTU.1_1,RLM7,SP1121,REF397
0.0,1.0,,,,0.0,,BGR.1_1,RLM7,SP1121,REF397
0.0,1.0,,,,0.0,,GRC.1_1,RLM7,SP1121,REF397
0.0,1.0,,,,0.0,,GRC.2_1,RLM7,SP1121,REF397
0.0,1.0,,1.0,0.0,0.0,2017.0,NGA.1_1,RLM6,SP1,REF398
0.0,1.0,,1.0,0.0,0.0,2019.0,IND.1_1,RLM4,SP1,REF398
0.0,1.0,,1.0,0.0,0.0,2018.0,BEN.1_1,RLM6,SP1,REF398
0.0,1.0,,1.0,0.0,0.0,2018.0,CMR.1_1,RLM6,SP1,REF398
0.0,1.0,,1.0,0.0,0.0,2018.0,GAB.1_1,RLM6,SP1,REF398
0.0,1.0,,1.0,0.0,0.0,,GBR.6_1,RLM2,SP1130,REF399
0.0,1.0,1.0,1.0,0.0,0.0,2013.0,BEL.1_1,RLM7,SP705,REF400
0.0,1.0,0.0,0.0,0.0,1.0,,,RLM2,SP551,REF401
0.0,1.0,0.0,1.0,0.0,0.0,,AUS.1_1,RLM8,SP775,REF402
0.0,1.0,0.0,1.0,0.0,0.0,,GEO.1_1,RLM7,SP775,REF402
0.0,1.0,0.0,1.0,0.0,0.0,,ITA.1_1,RLM7,SP775,REF402
0.0,1.0,0.0,1.0,0.0,0.0,,DEU.1_1,RLM7,SP775,REF402
0.0,1.0,0.0,1.0,0.0,0.0,,ESP.1_1,RLM7,SP775,REF402
0.0,1.0,0.0,1.0,0.0,0.0,,ESP.1_2,RLM7,SP775,REF402
0.0,1.0,0.0,1.0,0.0,0.0,,ESP.2_1,RLM7,SP775,REF402
0.0,1.0,0.0,1.0,0.0,0.0,,ESP.3_1,RLM7,SP775,REF402
0.0,1.0,0.0,1.0,0.0,0.0,,FRA.1_1,RLM7,SP775,REF402
0.0,1.0,0.0,1.0,0.0,0.0,,SVN.1_1,RLM7,SP775,REF402
0.0,1.0,0.0,1.0,0.0,0.0,,CHE.1_1,RLM7,SP775,REF402
0.0,1.0,0.0,1.0,0.0,0.0,,USA.1_1,RLM2,SP775,REF402
0.0,1.0,0.0,1.0,0.0,0.0,,USA.1_2,RLM2,SP775,REF402
0.0,1.0,0.0,1.0,0.0,0.0,,USA.2_1,RLM2,SP775,REF402
0.0,1.0,0.0,1.0,0.0,0.0,,JPN.1_1,RLM5,SP775,REF402
0.0,1.0,,1.0,0.0,0.0,,PRT.1_1,RLM7,SP1136,REF380
0.0,1.0,,1.0,0.0,0.0,,PRT.2_1,RLM7,SP1136,REF380
0.0,1.0,,1.0,0.0,0.0,,PRT.3_1,RLM7,SP1136,REF380
0.0,1.0,,1.0,0.0,0.0,,ESP.1_1,RLM7,SP1136,REF380
0.0,1.0,,1.0,0.0,0.0,,ESP.1_2,RLM7,SP1136,REF380
0.0,1.0,,1.0,0.0,0.0,,ESP.2_1,RLM7,SP1136,REF380
0.0,1.0,,1.0,0.0,0.0,,ESP.3_1,RLM7,SP1136,REF380
0.0,1.0,0.0,1.0,0.0,0.0,,GBR.1_1,RLM7,SP1136,REF380
0.0,1.0,0.0,1.0,0.0,0.0,,USA.1_1,RLM2,SP964,REF403
0.0,1.0,0.0,1.0,0.0,0.0,,USA.1_2,RLM2,SP964,REF403
0.0,1.0,0.0,1.0,0.0,0.0,,USA.2_1,RLM2,SP964,REF403
0.0,1.0,0.0,1.0,0.0,0.0,,USA.1_1,RLM2,SP880,REF404
0.0,1.0,0.0,1.0,0.0,0.0,,USA.1_2,RLM2,SP880,REF404
0.0,1.0,0.0,1.0,0.0,0.0,,USA.2_1,RLM2,SP880,REF404
0.0,1.0,0.0,1.0,0.0,0.0,,JPN.1_1,RLM5,SP799,REF405
0.0,1.0,,1.0,0.0,0.0,,,RLM7,SP1441,REF24
0.0,1.0,,1.0,0.0,0.0,,GBR.1_1,RLM7,SP564,REF406
0.0,1.0,1.0,1.0,0.0,0.0,,USA.1_1,RLM2,SP803,REF407
0.0,1.0,1.0,1.0,0.0,0.0,,USA.1_2,RLM2,SP803,REF407
0.0,1.0,1.0,1.0,0.0,0.0,,USA.2_1,RLM2,SP803,REF407
0.0,1.0,,1.0,0.0,0.0,,NZL.1_1,RLM8,SP784,REF101
0.0,1.0,,1.0,0.0,0.0,,,RLM7,SP786,REF24
0.0,1.0,,1.0,0.0,0.0,,,RLM7,SP786,REF24
0.0,1.0,,1.0,0.0,0.0,,AUS.1_1,RLM8,SP541,REF408
,1.0,,1.0,,0.0,2013.0,,RLM2,SP398,REF409
,1.0,,1.0,,1.0,1927.0,USA.1_1,RLM2,SP1253,REF410
,1.0,,1.0,,1.0,1927.0,USA.1_2,RLM2,SP1253,REF410
,1.0,,1.0,,1.0,1927.0,USA.2_1,RLM2,SP1253,REF410
,1.0,,1.0,,0.0,1944.0,,RLM2,SP366,REF411
,1.0,,1.0,,,,DNK.1_1,RLM7,SP1233,REF172
,1.0,,0.0,,0.0,2007.0,HUN.1_1,RLM7,SP1201,REF412
,0.0,,0.0,,0.0,,GBR.1_1,RLM7,SP1244,REF413
,1.0,,1.0,,0.0,1972.0,USA.1_1,RLM2,SP806,REF2
,1.0,,1.0,,0.0,1972.0,USA.1_2,RLM2,SP806,REF2
,1.0,,1.0,,0.0,1972.0,USA.2_1,RLM2,SP806,REF2
,1.0,,1.0,,0.0,1932.0,USA.1_1,RLM2,SP1254,REF2
,1.0,,1.0,,0.0,1932.0,USA.1_2,RLM2,SP1254,REF2
,1.0,,1.0,,0.0,1932.0,USA.2_1,RLM2,SP1254,REF2
,1.0,,1.0,,0.0,1977.0,USA.1_1,RLM2,SP1255,REF2
,1.0,,1.0,,0.0,1977.0,USA.1_2,RLM2,SP1255,REF2
,1.0,,1.0,,0.0,1977.0,USA.2_1,RLM2,SP1255,REF2
,1.0,,1.0,,0.0,,,RLM2,SP118,REF2
,1.0,,1.0,,0.0,,ALB.1_1,RLM7,SP76,REF414
,1.0,,1.0,,0.0,,ALB.1_1,RLM7,SP42,REF415
,1.0,,1.0,,0.0,,USA.5_1,RLM3,SP14,REF416
,1.0,,1.0,,0.0,,USA.5_1,RLM3,SP140,REF417
,1.0,,1.0,,0.0,,USA.5_1,RLM3,SP14,REF417
,1.0,,1.0,,0.0,2017.0,AGO.1_1,RLM6,SP30,REF418
,1.0,,1.0,,,2004.0,,RLM2,SP522,REF409
,,,,,0.0,,TTO.1_1,RLM1,SP248,REF419
,,,1.0,,0.0,,,RLM2,SP693,REF420
,1.0,,1.0,,0.0,,,RLM2,SP693,REF421
,1.0,,1.0,,,2023.0,GBR.1_1,RLM7,SP982,REF422
0.0,1.0,0.0,1.0,,0.0,1972.0,CAN.1_1,RLM2,SP806,REF2
0.0,1.0,0.0,1.0,,0.0,1977.0,CAN.1_1,RLM2,SP1255,REF2
,1.0,,0.0,,0.0,,PRT.1_1,RLM7,SP403,REF423
,1.0,,0.0,,0.0,,PRT.2_1,RLM7,SP403,REF423
,1.0,,0.0,,0.0,,PRT.3_1,RLM7,SP403,REF423
,1.0,,1.0,,0.0,,CPV.1_1,RLM6,SP403,REF423
0.0,1.0,,1.0,0.0,0.0,2017.0,USA.1_1,RLM2,SP1256,REF424
0.0,1.0,,1.0,0.0,0.0,2017.0,USA.1_2,RLM2,SP1256,REF424
0.0,1.0,,1.0,0.0,0.0,2017.0,USA.2_1,RLM2,SP1256,REF424
0.0,1.0,,1.0,0.0,0.0,2006.0,CAN.1_1,RLM2,SP1256,REF424
1.0,,,1.0,0.0,0.0,1940.0,CAN.1_1,RLM2,SP219,REF425
0.0,1.0,,1.0,0.0,0.0,1922.0,CAN.1_1,RLM2,SP59,REF377
0.0,1.0,1.0,1.0,0.0,0.0,2008.0,ROU.1_1,RLM7,SP700,REF426
0.0,1.0,0.0,1.0,0.0,0.0,2004.0,UKR.1_1,RLM7,SP700,REF426
0.0,1.0,1.0,1.0,0.0,0.0,2005.0,,RLM7,SP700,REF426
0.0,1.0,1.0,1.0,0.0,0.0,2009.0,BGR.1_1,RLM7,SP700,REF426
0.0,1.0,1.0,1.0,0.0,0.0,2009.0,SRB.1_1,RLM7,SP700,REF426
0.0,1.0,0.0,1.0,0.0,0.0,2002.0,GBR.1_1,RLM7,SP162,REF427
0.0,1.0,0.0,1.0,0.0,0.0,,GBR.1_1,RLM7,SP987,REF428
0.0,1.0,0.0,1.0,0.0,0.0,1998.0,CAN.1_1,RLM2,SP1295,REF429
0.0,1.0,0.0,1.0,0.0,0.0,2017.0,DEU.1_1,RLM7,SP1132,REF430
0.0,1.0,,1.0,0.0,0.0,,FRA.2_1,RLM7,SP788,REF24
0.0,1.0,,1.0,0.0,0.0,,,RLM7,SP165,REF24
0.0,1.0,,1.0,0.0,0.0,1970.0,,RLM2,SP584,REF431
0.0,1.0,,1.0,0.0,0.0,1975.0,FSM.1_1,RLM3,SP584,REF431
0.0,1.0,,1.0,0.0,0.0,1976.0,JPN.1_1,RLM5,SP584,REF431
0.0,1.0,,1.0,0.0,0.0,1976.0,JPN.1_1,RLM4,SP584,REF431
0.0,1.0,,1.0,0.0,0.0,1983.0,TWN.1_1,RLM4,SP584,REF431
0.0,1.0,,1.0,0.0,0.0,1985.0,GUM.1_1,RLM3,SP584,REF431
0.0,1.0,,1.0,0.0,0.0,1985.0,IDN.1_1,RLM4,SP584,REF431
0.0,1.0,,1.0,0.0,0.0,1986.0,TON.1_1,RLM3,SP584,REF431
0.0,1.0,,1.0,0.0,0.0,1986.0,FJI.1_1,RLM3,SP584,REF431
0.0,1.0,,1.0,0.0,0.0,1986.0,PHL.1_1,RLM4,SP584,REF431
0.0,1.0,,1.0,0.0,0.0,1987.0,PNG.1_1,RLM3,SP584,REF431
0.0,1.0,,1.0,0.0,0.0,1987.0,MYS.1_1,RLM4,SP584,REF431
0.0,1.0,,1.0,0.0,0.0,1988.0,WSM.1_1,RLM3,SP584,REF431
0.0,1.0,,1.0,0.0,0.0,1992.0,,RLM4,SP584,REF431
0.0,1.0,,1.0,0.0,0.0,1965.0,CAN.1_1,RLM2,SP1385,REF2
0.0,1.0,,1.0,0.0,0.0,,AUS.1_1,RLM8,SP780,REF432
0.0,1.0,,1.0,0.0,0.0,,NZL.1_1,RLM8,SP780,REF432
0.0,1.0,,1.0,0.0,0.0,,IDN.1_1,RLM4,SP780,REF432
0.0,1.0,,1.0,0.0,0.0,,COL.1_1,RLM1,SP780,REF432
0.0,1.0,,1.0,0.0,0.0,,ECU.1_1,RLM1,SP780,REF432
0.0,1.0,,1.0,0.0,0.0,,ECU.2_1,RLM1,SP780,REF432
0.0,1.0,,1.0,0.0,0.0,,CHL.1_1,RLM1,SP780,REF432
0.0,1.0,,1.0,0.0,0.0,,USA.1_1,RLM2,SP1548,REF433
0.0,1.0,,1.0,0.0,0.0,,USA.1_2,RLM2,SP1548,REF433
0.0,1.0,,1.0,0.0,0.0,,USA.2_1,RLM2,SP1548,REF433
0.0,1.0,,1.0,0.0,0.0,1998.0,USA.1_1,RLM2,SP452,REF434
0.0,1.0,,1.0,0.0,0.0,1998.0,USA.1_2,RLM2,SP452,REF434
0.0,1.0,,1.0,0.0,0.0,1998.0,USA.2_1,RLM2,SP452,REF434
0.0,1.0,,1.0,0.0,0.0,2005.0,GBR.1_1,RLM7,SP961,REF435
0.0,1.0,,1.0,0.0,0.0,,WSM.1_1,RLM3,SP227,REF436
0.0,1.0,,1.0,0.0,0.0,,SLB.1_1,RLM3,SP227,REF436
0.0,1.0,,1.0,0.0,0.0,,PLW.1_1,RLM3,SP227,REF436
0.0,1.0,,1.0,0.0,0.0,,FRA.7_1,RLM3,SP227,REF436
0.0,1.0,,1.0,0.0,0.0,,FRA.6_1,RLM3,SP227,REF436
0.0,1.0,,1.0,0.0,0.0,,NZL.2_1,RLM3,SP227,REF436
0.0,1.0,,1.0,0.0,0.0,,FJI.1_1,RLM3,SP227,REF436
0.0,1.0,,1.0,0.0,0.0,,FSM.1_1,RLM3,SP227,REF436
0.0,1.0,,1.0,0.0,0.0,,NIU.1_1,RLM3,SP227,REF436
0.0,1.0,,1.0,0.0,0.0,,PNG.1_1,RLM3,SP227,REF436
0.0,1.0,,1.0,0.0,0.0,,USA.5_1,RLM3,SP227,REF436
0.0,1.0,,1.0,0.0,0.0,,TKL.1_1,RLM3,SP227,REF436
0.0,1.0,,1.0,0.0,0.0,,TON.1_1,RLM3,SP227,REF436
0.0,1.0,,1.0,0.0,0.0,,USA.1_1,RLM2,SP133,REF437
0.0,1.0,,1.0,0.0,0.0,,USA.1_2,RLM2,SP133,REF437
0.0,1.0,,1.0,0.0,0.0,,USA.2_1,RLM2,SP133,REF437
0.0,1.0,,1.0,0.0,0.0,,CAN.1_1,RLM2,SP133,REF437
0.0,1.0,,1.0,0.0,0.0,,JPN.1_1,RLM4,SP133,REF437
0.0,1.0,,1.0,0.0,0.0,,JPN.1_1,RLM5,SP133,REF437
0.0,1.0,,1.0,0.0,0.0,,USA.1_1,RLM2,SP120,REF433
0.0,1.0,,1.0,0.0,0.0,,USA.1_2,RLM2,SP120,REF433
0.0,1.0,,1.0,0.0,0.0,,USA.2_1,RLM2,SP120,REF433
0.0,1.0,,1.0,0.0,0.0,,CAN.1_1,RLM2,SP120,REF433
1.0,,,1.0,0.0,0.0,,,RLM2,SP548,REF438
1.0,,,1.0,0.0,0.0,,,RLM7,SP548,REF438
1.0,,,1.0,0.0,0.0,,,RLM7,SP548,REF438
0.0,1.0,,1.0,0.0,0.0,1928.0,CAN.1_1,RLM2,SP1312,REF439
0.0,1.0,,1.0,0.0,0.0,1978.0,CAN.1_1,RLM2,SP1316,REF440
0.0,1.0,,1.0,0.0,0.0,1982.0,CAN.1_1,RLM2,SP196,REF441
0.0,1.0,,1.0,0.0,0.0,1979.0,CAN.1_1,RLM2,SP43,REF442
0.0,1.0,,1.0,0.0,0.0,1970.0,CAN.1_1,RLM2,SP1343,REF443
0.0,1.0,,1.0,0.0,0.0,1970.0,CAN.1_1,RLM2,SP1344,REF444
0.0,1.0,,1.0,0.0,0.0,1954.0,CAN.1_1,RLM2,SP1345,REF445
0.0,1.0,,1.0,0.0,0.0,2008.0,USA.1_1,RLM2,SP1348,REF446
0.0,1.0,,1.0,0.0,0.0,2008.0,USA.1_2,RLM2,SP1348,REF446
0.0,1.0,,1.0,0.0,0.0,2008.0,USA.2_1,RLM2,SP1348,REF446
0.0,1.0,,1.0,0.0,0.0,,CAN.1_1,RLM2,SP1351,REF447
1.0,,,1.0,0.0,0.0,2015.0,JPN.1_1,RLM5,SP1351,REF447
0.0,1.0,,1.0,0.0,0.0,1988.0,USA.1_1,RLM2,SP234,REF448
0.0,1.0,,1.0,0.0,0.0,1988.0,USA.1_2,RLM2,SP234,REF448
0.0,1.0,,1.0,0.0,0.0,1988.0,USA.2_1,RLM2,SP234,REF448
0.0,1.0,,1.0,0.0,0.0,2006.0,USA.1_1,RLM2,SP298,REF449
0.0,1.0,,1.0,0.0,0.0,2006.0,USA.1_2,RLM2,SP298,REF449
0.0,1.0,,1.0,0.0,0.0,2006.0,USA.2_1,RLM2,SP298,REF449
0.0,1.0,,1.0,0.0,0.0,2004.0,USA.1_1,RLM2,SP1359,REF450
0.0,1.0,,1.0,0.0,0.0,2004.0,USA.1_2,RLM2,SP1359,REF450
0.0,1.0,,1.0,0.0,0.0,2004.0,USA.2_1,RLM2,SP1359,REF450
0.0,1.0,,1.0,0.0,0.0,,CAN.1_1,RLM2,SP635,REF451
0.0,1.0,,1.0,0.0,0.0,1956.0,CAN.1_1,RLM2,SP1362,REF452
0.0,1.0,,1.0,0.0,0.0,,CAN.1_1,RLM2,SP1363,REF453
0.0,1.0,,1.0,0.0,0.0,,AUS.1_1,RLM8,SP484,REF454
0.0,1.0,,1.0,0.0,0.0,1989.0,,RLM2,SP1376,REF455
0.0,1.0,1.0,1.0,0.0,0.0,,,RLM2,SP832,REF456
0.0,1.0,0.0,1.0,0.0,1.0,1997.0,AUS.1_1,RLM8,SP1549,REF457
0.0,1.0,0.0,1.0,0.0,1.0,1969.0,AUS.1_1,RLM8,SP726,REF458
0.0,1.0,0.0,1.0,0.0,1.0,,AUS.1_1,RLM8,SP732,REF459
0.0,1.0,0.0,0.0,1.0,1.0,1921.0,AUS.1_1,RLM8,SP1550,REF460
0.0,1.0,0.0,1.0,0.0,1.0,1997.0,AUS.1_1,RLM8,SP733,REF461
0.0,1.0,0.0,1.0,0.0,1.0,1993.0,AUS.1_1,RLM8,SP791,REF461
0.0,1.0,0.0,1.0,0.0,1.0,1981.0,AUS.1_1,RLM8,SP792,REF462
0.0,1.0,0.0,1.0,0.0,1.0,,AUS.1_1,RLM8,SP789,REF463
0.0,,,1.0,0.0,,,AUS.1_1,RLM8,SP782,REF464
0.0,1.0,0.0,1.0,0.0,0.0,,AUS.1_1,RLM8,SP777,REF465
0.0,1.0,0.0,1.0,0.0,1.0,1989.0,AUS.1_1,RLM8,SP773,REF466
0.0,1.0,0.0,1.0,0.0,1.0,,AUS.1_1,RLM8,SP742,REF467
0.0,,,1.0,0.0,0.0,1990.0,AUS.1_1,RLM8,SP744,REF468
0.0,1.0,0.0,0.0,0.0,1.0,1993.0,AUS.1_1,RLM8,SP746,REF469
0.0,1.0,0.0,1.0,0.0,1.0,1988.0,AUS.1_1,RLM8,SP748,REF470
0.0,1.0,0.0,1.0,0.0,1.0,,AUS.1_1,RLM8,SP759,REF458
0.0,1.0,0.0,1.0,0.0,1.0,,AUS.1_1,RLM8,SP764,REF471
0.0,1.0,0.0,1.0,0.0,1.0,1999.0,AUS.1_1,RLM8,SP979,REF472
0.0,1.0,0.0,1.0,0.0,1.0,1997.0,AUS.2_1,RLM8,SP791,REF473
0.0,1.0,0.0,,0.0,0.0,2017.0,BEL.1_1,RLM7,SP328,REF474
0.0,1.0,1.0,1.0,0.0,0.0,,CAN.1_1,RLM2,SP832,REF456
1.0,,,1.0,0.0,0.0,,CAN.1_1,RLM2,SP673,REF2
0.0,1.0,0.0,1.0,0.0,0.0,,CAN.1_1,RLM2,SP1422,REF475
,1.0,0.0,1.0,0.0,1.0,,CHL.1_1,RLM1,SP811,REF476
0.0,1.0,0.0,1.0,0.0,1.0,1987.0,CHN.1_1,RLM4,SP747,REF477
0.0,1.0,0.0,1.0,0.0,1.0,1987.0,CHN.2_1,RLM4,SP747,REF477
0.0,1.0,0.0,1.0,0.0,1.0,1987.0,CHN.3_1,RLM4,SP747,REF477
,1.0,,1.0,,0.0,,CYP.1_1,RLM7,SP722,REF478
,1.0,,1.0,,0.0,,FRA.1_1,RLM7,SP722,REF478
0.0,1.0,0.0,1.0,0.0,0.0,,,RLM1,SP306,REF479
,,,1.0,0.0,0.0,,,RLM1,SP340,REF480
0.0,1.0,,1.0,0.0,0.0,2017.0,GBR.1_2,RLM10,SP302,REF481
,1.0,,1.0,,0.0,,GRC.1_1,RLM7,SP722,REF478
,1.0,,1.0,,0.0,,GRC.2_1,RLM7,SP722,REF478
,1.0,0.0,1.0,0.0,1.0,,,RLM2,SP811,REF476
0.0,1.0,0.0,1.0,0.0,0.0,2023.0,,RLM2,SP894,REF482
0.0,,,1.0,0.0,,,,RLM2,SP892,REF482
0.0,,,1.0,0.0,0.0,,,RLM2,SP743,REF483
0.0,1.0,0.0,1.0,0.0,1.0,,,RLM2,SP1551,REF484
0.0,,,1.0,0.0,0.0,,IND.1_1,RLM4,SP736,REF485
0.0,,,1.0,0.0,,2013.0,IND.1_1,RLM4,SP736,REF486
0.0,,,1.0,0.0,,,IND.1_1,RLM4,SP782,REF464
0.0,1.0,0.0,1.0,0.0,0.0,1930.0,IND.1_1,RLM4,SP885,REF487
,,,1.0,0.0,,,IDN.1_1,RLM4,SP736,REF486
,1.0,,1.0,,0.0,,ITA.1_1,RLM7,SP722,REF478
0.0,1.0,0.0,1.0,,0.0,1964.0,JPN.1_1,RLM4,SP688,REF488
0.0,1.0,0.0,1.0,,0.0,1962.0,JPN.1_1,RLM5,SP688,REF488
0.0,1.0,0.0,1.0,0.0,0.0,2019.0,JPN.1_1,RLM5,SP1539,REF489
0.0,1.0,0.0,1.0,0.0,0.0,2019.0,JPN.1_1,RLM4,SP1539,REF489
,1.0,,1.0,,0.0,,MLT.1_1,RLM7,SP722,REF478
,1.0,,1.0,,0.0,2010.0,MEX.1_1,RLM2,SP722,REF478
0.0,0.0,1.0,1.0,0.0,0.0,,MEX.1_1,RLM2,SP1185,REF490
0.0,1.0,0.0,1.0,0.0,0.0,,MEX.1_1,RLM2,SP125,REF491
1.0,,,1.0,0.0,0.0,2012.0,FRA.7_1,RLM3,SP834,REF492
,1.0,0.0,1.0,0.0,1.0,2006.0,NZL.1_1,RLM8,SP811,REF476
0.0,1.0,0.0,1.0,0.0,1.0,1984.0,NZL.1_1,RLM8,SP1549,REF457
0.0,0.0,1.0,1.0,0.0,0.0,,NZL.1_1,RLM8,SP816,REF493
0.0,1.0,0.0,1.0,0.0,0.0,,NZL.1_1,RLM8,SP820,REF494
0.0,1.0,0.0,1.0,0.0,0.0,,NZL.1_1,RLM8,SP821,REF494
0.0,,,0.0,0.0,0.0,1982.0,NZL.1_1,RLM8,SP1380,REF101
0.0,1.0,0.0,1.0,0.0,1.0,1988.0,NZL.1_1,RLM8,SP840,REF495
1.0,,,1.0,0.0,,,NZL.1_1,RLM8,SP895,REF496
0.0,,,1.0,0.0,,,NZL.1_1,RLM8,SP782,REF464
0.0,,,1.0,0.0,,,NZL.1_1,RLM8,SP894,REF482
0.0,,,1.0,0.0,,,NZL.1_1,RLM8,SP892,REF482
0.0,1.0,0.0,1.0,0.0,0.0,1936.0,NZL.1_1,RLM8,SP845,REF497
,,0.0,1.0,0.0,0.0,,NZL.1_1,RLM8,SP752,REF465
0.0,1.0,0.0,0.0,0.0,0.0,,NZL.1_1,RLM8,SP755,REF498
0.0,,,1.0,0.0,0.0,1911.0,NZL.1_1,RLM8,SP867,REF494
0.0,1.0,0.0,1.0,0.0,1.0,2006.0,NZL.1_1,RLM8,SP979,REF472
0.0,1.0,0.0,1.0,0.0,1.0,1996.0,PNG.1_1,RLM4,SP792,REF462
0.0,1.0,0.0,1.0,0.0,0.0,,PRT.1_1,RLM7,SP1166,REF380
0.0,1.0,0.0,1.0,0.0,0.0,,PRT.2_1,RLM7,SP1166,REF380
0.0,1.0,0.0,1.0,0.0,0.0,,PRT.3_1,RLM7,SP1166,REF380
0.0,1.0,0.0,1.0,0.0,0.0,,WSM.1_1,RLM3,SP53,REF378
0.0,1.0,0.0,1.0,0.0,1.0,,ZAF.1_1,RLM6,SP789,REF463
,1.0,,1.0,,0.0,,ESP.1_1,RLM7,SP722,REF478
,1.0,,1.0,,0.0,,ESP.1_2,RLM7,SP722,REF478
,1.0,,1.0,,0.0,,ESP.2_1,RLM7,SP722,REF478
,1.0,,1.0,,0.0,,ESP.3_1,RLM7,SP722,REF478
0.0,1.0,0.0,1.0,0.0,0.0,,ESP.1_1,RLM7,SP1166,REF380
0.0,1.0,0.0,1.0,0.0,0.0,,ESP.1_2,RLM7,SP1166,REF380
0.0,1.0,0.0,1.0,0.0,0.0,,ESP.2_1,RLM7,SP1166,REF380
0.0,1.0,0.0,1.0,0.0,0.0,,ESP.3_1,RLM7,SP1166,REF380
0.0,1.0,0.0,1.0,0.0,1.0,1999.0,THA.1_1,RLM4,SP792,REF462
0.0,1.0,0.0,1.0,0.0,0.0,2004.0,GBR.1_1,RLM7,SP913,REF499
1.0,,,1.0,,,,GBR.1_1,RLM7,SP915,REF500
0.0,0.0,1.0,1.0,0.0,0.0,1979.0,GBR.1_1,RLM7,SP919,REF501
0.0,0.0,1.0,1.0,0.0,0.0,,GBR.1_1,RLM7,SP1552,REF500
0.0,0.0,1.0,1.0,0.0,0.0,,GBR.1_1,RLM7,SP968,REF500
0.0,0.0,1.0,1.0,0.0,0.0,,GBR.1_1,RLM7,SP945,REF500
0.0,0.0,1.0,1.0,0.0,0.0,,GBR.1_1,RLM7,SP955,REF502
0.0,1.0,0.0,1.0,0.0,0.0,,GBR.1_1,RLM7,SP894,REF482
0.0,0.0,1.0,1.0,0.0,0.0,,GBR.1_1,RLM7,SP942,REF502
0.0,1.0,0.0,1.0,0.0,0.0,,GBR.1_1,RLM7,SP341,REF500
0.0,,,1.0,0.0,0.0,2011.0,GBR.1_1,RLM7,SP925,REF503
0.0,0.0,1.0,1.0,0.0,0.0,,GBR.1_1,RLM7,SP1245,REF500
0.0,0.0,1.0,1.0,0.0,0.0,,GBR.1_1,RLM7,SP935,REF502
0.0,0.0,1.0,1.0,0.0,0.0,,GBR.1_1,RLM7,SP929,REF502
0.0,0.0,1.0,1.0,0.0,0.0,,GBR.1_1,RLM7,SP928,REF502
0.0,1.0,0.0,1.0,0.0,0.0,,GBR.1_1,RLM7,SP1166,REF380
0.0,0.0,1.0,1.0,0.0,0.0,,GBR.1_1,RLM7,SP947,REF502
0.0,1.0,0.0,,0.0,0.0,2024.0,GBR.1_1,RLM7,SP328,REF474
0.0,1.0,0.0,1.0,0.0,1.0,1972.0,USA.1_1,RLM2,SP1549,REF457
0.0,1.0,0.0,1.0,0.0,1.0,1972.0,USA.1_2,RLM2,SP1549,REF457
0.0,1.0,0.0,1.0,0.0,1.0,1972.0,USA.2_1,RLM2,SP1549,REF457
0.0,0.0,1.0,1.0,0.0,0.0,,USA.1_1,RLM2,SP1185,REF490
0.0,0.0,1.0,1.0,0.0,0.0,,USA.1_2,RLM2,SP1185,REF490
0.0,0.0,1.0,1.0,0.0,0.0,,USA.2_1,RLM2,SP1185,REF490
0.0,1.0,0.0,1.0,0.0,0.0,,USA.1_1,RLM2,SP894,REF482
0.0,1.0,0.0,1.0,0.0,0.0,,USA.1_2,RLM2,SP894,REF482
0.0,1.0,0.0,1.0,0.0,0.0,,USA.2_1,RLM2,SP894,REF482
0.0,1.0,0.0,1.0,0.0,0.0,1860.0,USA.1_1,RLM2,SP832,REF456
0.0,1.0,0.0,1.0,0.0,0.0,1860.0,USA.1_2,RLM2,SP832,REF456
0.0,1.0,0.0,1.0,0.0,0.0,1860.0,USA.2_1,RLM2,SP832,REF456
0.0,1.0,0.0,1.0,0.0,0.0,1961.0,USA.1_1,RLM2,SP1422,REF475
0.0,1.0,0.0,1.0,0.0,0.0,1961.0,USA.1_2,RLM2,SP1422,REF475
0.0,1.0,0.0,1.0,0.0,0.0,1961.0,USA.2_1,RLM2,SP1422,REF475
