;Cosmopolitan;Continent;Species;Realm;ReferenceYear;Reference
0;0;Asia;Chilo infuscatellus;Saharo-Arabian;2024;Li, A., Chen, Z., Liao, F., Zhao, Y., Qin, C., Wang, M., ... and Huang, D. (2024). Sugarcane borers: species, distribution, damage and management options. Journal of Pest Science, 97(3): 1171-1201
1;0;Asia;Pachliopta aristolochiae;Saharo-Arabian;2020;Rushbrooke, M., Jangid, A., Alwis, C., Barve, V., Chowdhury, S., Irungbam, J., ... and Tiple, A. (2020). Pachliopta aristolochiae (amended version of 2019 assessment). The IUCN Red List of Threatened Species 2020: e.T121971639A170544412
2;0;Asia;Actias selene;Saharo-Arabian;2007;Choldumrongkul, S., Tubtim, N. and Ratanachan, S. (2007). Geographical distribution and status of Actias Moths in Thailand. Walailak Journal of Science and Technology (WJST). 4(2): 203-213
3;0;Asia;Caloptilia roscipennella;Saharo-Arabian;2024;de Prins J. and de Prins W. (2024). Global Taxonomic Database of Gracillariidae (Lepidoptera). Avaliable at: http://www.gracillariidae.net
4;0;Asia;Elophila nymphaeata;Saharo-Arabian;1984;Speidel, W. (1984). Revision der Acentropinae des palaearktischen Faunengebietes (Lepidoptera: Crambidae). Neue entomologische Nachrichten. 12: 1‚Äì157
5;0;Asia;Papilio demoleus;Saharo-Arabian;2020;Riaz, S., Johnson, J., Rasheed, T. and Wiemers, M. (2020). Morphology, life cycle and management of two invasive subspecies of Papilio demoleus (Lepidoptera: Papilionidae): A review. Journal of Applied Entomology. 144: 845‚Äì856
6;0;Asia;Garella musculana;Saharo-Arabian;2018;Yildiz, Y., Yildirim, I., Bostanci, C. and Aydogan, O. (2018). Erschoviella musculana Erschoff 1874, a new record and a new walnut pest in Turkey. Journal of Bartin Faculty of Forestry. 20(2): 296-302
7;0;Asia;Tyta luctuosa;Saharo-Arabian;1988;Rosenthal, S., Clement, S., Hostettler, N. and Mimmocchi, T. (1988). Biology of Tyta luctuosa [Lep.: Noctuidae] and its potential value as a biological control agent for the weed Convolvulus arvensis. Entomophaga. 33: 185-192
8;0;Asia;Scirpophaga incertulas;Saharo-Arabian;2006;Chen, F., Song, S. and Wu, C. (2006). A review of the genus Scirpophaga Treitschke, 1832 in China (Lepidoptera: Pyralidae). Zootaxa, 1236(1): 1-22
9;0;Asia;Daphnis nerii;Saharo-Arabian;2024;Pittaway, A. (2024). Sphingidae of the Western Palaearctic (including Europe, North Africa, the Middle East, western Siberia and western Central Asia). Available at: https://tpittaway.tripod.com/sphinx/list.htm
10;0;Asia;Lampides boeticus;Saharo-Arabian;2021;Edge, D. and Westrip, J. (2021). Lampides boeticus. The IUCN Red List of Threatened Species 2021: e.T174427A161341394
11;0;Asia;Chilo partellus;Saharo-Arabian;1990;Harris, K. (1990). Keynote address: bioecology of Chilo species. International Journal of Tropical Insect Science. 11(4): 467-477
12;0;Asia;Ascalenia acaciella;Saharo-Arabian;2006;Koster, S. and Sammut, P. (2006). Faunistic notes on Momphidae, Batrachedridae, Stathmopodidae and Cosmopterigidae from the Maltese Islands. Nota lepidopterologica. 29(1): 49
13;0;Asia;Danaus chrysippus;Saharo-Arabian;2021;Westrip, J. (2021). Danaus chrysippus (errata version published in 2022). The IUCN Red List of Threatened Species 2021: e.T174455A222994680
14;0;Asia;Garella musculana;Saharo-Arabian;2023;Scaccini, D., Bramuzzo, D., Bostanci, C., Faccoli, M., Martinez-Sanudo, I., Matov, A., ... and Pozzebon, A. (2023). First report of Garella musculana (Erschov, 1874) (Lepidoptera: Nolidae) in Italy with insights into its identity. Journal of Applied Entomology. 147: 239-243
15;0;Asia;Parapoynx diminutalis;Saharo-Arabian;1996;Buckingham, G. and Bennett, C. (1996). Laboratory biology of an immigrant Asian moth, Parapoynx diminutalis (Lepidoptera: Pyralidae), on Hydrilla verticillata (Hydrocharitaceae). Florida Entomologist. 79(3): 353-353
16;0;Asia;Acleris variegana;Saharo-Arabian;2009;Alipanah, H. (2009). A brief study on the tribes Tortricini and Archipini (Lepidoptera: Tortricinae) from Iran. Entomofauna. 10: 137-152
17;0;Asia;Earias vittella;Saharo-Arabian;2003;Nash, S. (2003). Earias vittella (Fabricius) (Lep.: Noctuidae) the first occurrence of wild-caught moths in Europe. Entomologist‚Äôs Record and Journal of Variation 115: 187‚Äì188
18;0;Asia;Lymantria dispar;Saharo-Arabian;2007;Pogue, M. (2007). A Review of Selected Species of Lymantria Hubner (1819) (Lepidoptera: Noctuidae: Lymantriinae) from Subtropical and Temperate Regions of Asia, Including the Descriptions of Three New Species, Some Potentially Invasive to North America. U.S. Department of Agriculture, Forest Health Technology Enterprise Team. 223 pp
19;0;Asia;Elophila difflualis;Saharo-Arabian;2010;Chen, F., Wu, C. and Xue, D. (2010). A review of the genus Elophila Hubner, 1822 in China (Lepidoptera: Crambidae: Acentropinae). Aquatic insects. 32(1): 35-60
20;0;Asia;Caradrina clavipalpis;Saharo-Arabian;2024;de Prins J. and de Prins W. (2024). Afromoths, online database of Afrotropical moth species (Lepidoptera). Available at: http://www.afromoths.net
21;0;Africa;Bactra philocherda;Afrotropical;1964;Diakonoff, A. (1964). Further records and descriptions of the species of Bactra Stephens (Lepidoptera, Tortricidae). Zo√∂logische Verhandelingen, 70(1): 1-81
22;0;Africa;Sesamia calamistis;Afrotropical;1953;Tams, W. and Bowden, J. (1953). A revision of the African species of Sesamia Guenee and related genera (Agrotidae-Lepidoptera). Bulletin of entomological research, 43(4): 645-678
23;0;Africa;Chrysodeixis chalcites;Afrotropical;2024;CAB International (CABI) (2024). CABI Invasive Species Compendium. Available at: https://www.cabidigitallibrary.org/product/QI
24;0;Africa;Euchromia lethe;Afrotropical;2024;de Prins J. and de Prins W. (2024). Afromoths, online database of Afrotropical moth species (Lepidoptera). Available at: http://www.afromoths.net
25;0;Africa;Hypolimnas misippus;Afrotropical;2021;Coetzer, A. and Westrip, J. (2021). Hypolimnas misippus. The IUCN Red List of Threatened Species 2021: e.T62148588A161331411
26;0;Africa;Phalanta phalantha;Afrotropical;2021;Westrip, J. (2021). Phalanta phalantha (errata version published in 2022). The IUCN Red List of Threatened Species 2021: e.T162638397A223003677
27;0;Africa;Papilio demodocus;Afrotropical;2024;CAB International (CABI) (2024). CABI Invasive Species Compendium. Available at: https://www.cabidigitallibrary.org/product/QI
28;0;Africa;Euclasta varii;Afrotropical;1973;Popescu-Gorj A. and Constantinescu A. (1973). New African species of Euclasta (Lepidoptera, Pyraustinae). Revue roumaine de Biologie - Serie de Zoologie. 18(6): 393‚Äì402
29;0;Africa;Nyctemera apicalis;Afrotropical;2024;de Prins J. and de Prins W. (2024). Afromoths, online database of Afrotropical moth species (Lepidoptera). Available at: http://www.afromoths.net
30;0;Africa;Hypena commixtalis;Afrotropical;2024;de Prins J. and de Prins W. (2024). Afromoths, online database of Afrotropical moth species (Lepidoptera). Available at: http://www.afromoths.net
31;0;Africa;Deudorix antalus;Afrotropical;2019;Mendes, L., Bivar-de-Sousa, A. and Williams, M. (2019). The butterflies and skippers (Lepidoptera: Papilionoidea) of Angola: An updated checklist. Biodiversity of Angola: science & conservation: a modern synthesis. 167-203
32;0;Africa;Deudorix antalus;Afrotropical;2021;Pringle, E. and Westrip, J. (2021). Deudorix antalus. The IUCN Red List of Threatened Species 2021: e.T161338217A161338221.
33;0;Africa;Lampides boeticus;Afrotropical;2021;Edge, D. and Westrip, J. (2021). Lampides boeticus. The IUCN Red List of Threatened Species 2021: e.T174427A161341394
34;0;Africa;Hypena jussalis;Afrotropical;2024;de Prins J. and de Prins W. (2024). Afromoths, online database of Afrotropical moth species (Lepidoptera). Available at: http://www.afromoths.net
35;0;Africa;Thaumatotibia leucotreta;Afrotropical;2024;CAB International (CABI) (2024). CABI Invasive Species Compendium. Available at: https://www.cabidigitallibrary.org/product/QI
36;0;Africa;Danaus chrysippus;Afrotropical;2021;Westrip, J. (2021). Danaus chrysippus (errata version published in 2022). The IUCN Red List of Threatened Species 2021: e.T174455A222994680
37;0;Europe;Acronicta aceris;Palearctic;2007;Khramov, P. (Ed.) (2007). Insecta.pro: international entomological community. Available online at: https://insecta.pro
38;0;Europe;Acalyptris platani;Palearctic;2003;Sefrova, H. (2003). Invasions of Lithocolletinae species in Europe - Causes, kinds, limits and ecological impact (Lepidoptera, Gracillariidae). Ekologia (Bratislava). 22(2): 132-142
39;0;Europe;Apamea remissa;Palearctic;2007;Khramov, P. (Ed.) (2007). Insecta.pro: international entomological community. Available online at: https://insecta.pro
40;0;Europe;Aproaerema anthyllidella;Palearctic;2007;Khramov, P. (Ed.) (2007). Insecta.pro: international entomological community. Available online at: https://insecta.pro
41;0;Europe;Bupalus piniaria;Palearctic;2007;Khramov, P. (Ed.) (2007). Insecta.pro: international entomological community. Available online at: https://insecta.pro
42;0;Europe;Chrysodeixis chalcites;Palearctic;2024;CAB International (CABI) (2024). CABI Invasive Species Compendium. Available at: https://www.cabidigitallibrary.org/product/QI
43;0;Europe;Eilema caniola;Palearctic;2007;Khramov, P. (Ed.) (2007). Insecta.pro: international entomological community. Available online at: https://insecta.pro
44;0;Europe;Deilephila elpenor;Palearctic;2007;Khramov, P. (Ed.) (2007). Insecta.pro: international entomological community. Available online at: https://insecta.pro
45;0;Europe;Elophila nymphaeata;Palearctic;1984;Speidel, W. (1984). Revision der Acentropinae des palaearktischen Faunengebietes (Lepidoptera: Crambidae). Neue entomologische Nachrichten. 12: 1‚Äì157
46;0;Europe;Emmelina monodactyla;Palearctic;2007;Khramov, P. (Ed.) (2007). Insecta.pro: international entomological community. Available online at: https://insecta.pro
47;0;Europe;Hipparchia statilinus;Palearctic;2011;Tennent, W. (2011). Hipparchia statilinus. The IUCN Red List of Threatened Species 2011: e.T160360A5364211
48;0;Europe;Iphiclides podalirius;Palearctic;2014;van Swaay, C., Wynhoff, I., Wiemers, M., Katbeh-Bader, A., Power, A., Benyamini, D., ... and Beshkov, S. (2014). Iphiclides podalirius (Mediterranean assessment). The IUCN Red List of Threatened Species 2014: e.T174405A53719929
49;0;Europe;Iphiclides podalirius;Palearctic;2010;van Swaay, C., Wynhoff, I., Verovnik, R., Wiemers, M., Lopez Munguira, M., Maes, D., ... and Settele, J. (2010). Iphiclides podalirius (Europe assessment). The IUCN Red List of Threatened Species 2010: e.T174405A7066031
50;0;Europe;Leucoptera malifoliella;Palearctic;2024;CAB International (CABI) (2024). CABI Invasive Species Compendium. Available at: https://www.cabidigitallibrary.org/product/QI
51;0;Europe;Libythea celtis;Palearctic;2010;van Swaay, C., Wynhoff, I., Verovnik, R., Wiemers, M., Lopez Munguira, M., Maes, D., ... and Settele, J. (2010). Libythea celtis (Europe assessment). The IUCN Red List of Threatened Species 2010: e.T174408A7066646
52;0;Europe;Libythea celtis;Palearctic;2014;van Swaay, C., Wynhoff, I., Wiemers, M., Katbeh-Bader, A., Power, A., Benyamini, D., ... and Beshkov, S. (2014). Libythea celtis (Mediterranean assessment). The IUCN Red List of Threatened Species 2014: e.T174408A53712721
53;0;Europe;Neurothaumasia ankerella;Palearctic;2007;Khramov, P. (Ed.) (2007). Insecta.pro: international entomological community. Available online at: https://insecta.pro
54;0;Europe;Scopula imitaria;Palearctic;2007;Khramov, P. (Ed.) (2007). Insecta.pro: international entomological community. Available online at: https://insecta.pro
55;0;Europe;Thaumetopoea pityocampa;Palearctic;2024;CAB International (CABI) (2024). CABI Invasive Species Compendium. Available at: https://www.cabidigitallibrary.org/product/QI
56;0;Europe;Pieris rapae;Palearctic;2010;van Swaay, C., Wynhoff, I., Verovnik, R., Wiemers, M., Lopez Munguira, M., Maes, D., ... and Settele, J. (2010). Pieris rapae (Europe assessment). The IUCN Red List of Threatened Species 2010: e.T174353A7056010
57;0;Europe;Pieris rapae;Palearctic;2014;van Swaay, C., Wynhoff, I., Wiemers, M., Katbeh-Bader, A., Power, A., Benyamini, D., ... and Beshkov, S.¬†(2014).¬†Pieris rapae (Mediterranean assessment).¬†The IUCN Red List of Threatened Species¬†2014: e.T174353A53720063
58;0;Europe;Archips xylosteana;Palearctic;2024;CAB International (CABI) (2024). CABI Invasive Species Compendium. Available at: https://www.cabidigitallibrary.org/product/QI
59;0;Europe;Agonopterix alstromeriana;Palearctic;2007;Khramov, P. (Ed.) (2007). Insecta.pro: international entomological community. Available online at: https://insecta.pro
60;0;Europe;Pararge aegeria;Palearctic;2010;van Swaay, C., Wynhoff, I., Verovnik, R., Wiemers, M., Lopez Munguira, M., Maes, D., ... and Settele, J. (2010). Pararge aegeria (Europe assessment). The IUCN Red List of Threatened Species 2010: e.T174214A7029860
61;0;Europe;Pararge aegeria;Palearctic;2014;van Swaay, C., Wynhoff, I., Wiemers, M., Katbeh-Bader, A., Power, A., Benyamini, D., ... and Beshkov, S. (2014). Pararge aegeria (Mediterranean assessment). The IUCN Red List of Threatened Species 2014: e.T174214A53719848
62;0;Europe;Eucosma cana;Palearctic;2007;Khramov, P. (Ed.) (2007). Insecta.pro: international entomological community. Available online at: https://insecta.pro
63;0;Europe;Cnephasia pasiuana;Palearctic;2007;Khramov, P. (Ed.) (2007). Insecta.pro: international entomological community. Available online at: https://insecta.pro
64;0;Europe;Erebia epiphron;Palearctic;2010;van Swaay, C., Wynhoff, I., Verovnik, R., Wiemers, M., Lopez Munguira, M., Maes, D., ... and Settele, J. (2010). Erebia epiphron. The IUCN Red List of Threatened Species 2010: e.T173284A6985207
65;0;Europe;Anthophila nemorana;Palearctic;2014;de Prins, W., Baugnee, J., Georis, A., Spronck, R. and Spronck, R. (2014). Choreutis nemorana (Lepidoptera: Choreutidae) well established in Belgium. Phegea. 42(2): 29-32
66;0;Europe;Aglossa caprealis;Palearctic;2007;Khramov, P. (Ed.) (2007). Insecta.pro: international entomological community. Available online at: https://insecta.pro
67;0;Europe;Autographa gamma;Palearctic;2014;Sullivan, M. and T. Molet. (2007). CPHST Pest Datasheet for Autographa gamma. USDA-APHIS-PPQ-CPHST. Revised January 2014.
68;0;Europe;Aglossa pinguinalis;Palearctic;2007;Khramov, P. (Ed.) (2007). Insecta.pro: international entomological community. Available online at: https://insecta.pro
69;0;Europe;Lampides boeticus;Palearctic;2021;Edge, D. and Westrip, J. (2021). Lampides boeticus. The IUCN Red List of Threatened Species 2021: e.T174427A161341394
70;0;Europe;Vanessa cardui;Palearctic;2020;Walker, A. and Coetzer, A. (2020). Vanessa cardui. The IUCN Red List of Threatened Species 2020: e.T174379A161326679.
71;0;Europe;Vanessa atalanta;Palearctic;2020;Walker, A. (2020). Vanessa atalanta. The IUCN Red List of Threatened Species 2020: e.T174225A172421220.
72;0;Europe;Danaus chrysippus;Palearctic;2021;Westrip, J. (2021). Danaus chrysippus (errata version published in 2022). The IUCN Red List of Threatened Species 2021: e.T174455A222994680
73;0;Europe;Agapeta zoegana;Palearctic;2007;Khramov, P. (Ed.) (2007). Insecta.pro: international entomological community. Available online at: https://insecta.pro
74;0;Europe;Agonopterix nervosa;Palearctic;2007;Khramov, P. (Ed.) (2007). Insecta.pro: international entomological community. Available online at: https://insecta.pro
75;0;Europe;Amphipyra tragopoginis;Palearctic;2007;Khramov, P. (Ed.) (2007). Insecta.pro: international entomological community. Available online at: https://insecta.pro
76;0;Europe;Anarsia lineatella;Palearctic;2007;Khramov, P. (Ed.) (2007). Insecta.pro: international entomological community. Available online at: https://insecta.pro
77;0;Europe;Archips podana;Palearctic;2007;Khramov, P. (Ed.) (2007). Insecta.pro: international entomological community. Available online at: https://insecta.pro
78;0;Europe;Archips rosana;Palearctic;2007;Khramov, P. (Ed.) (2007). Insecta.pro: international entomological community. Available online at: https://insecta.pro
79;0;Europe;Argyresthia pruniella;Palearctic;2024;CAB International (CABI) (2024). CABI Invasive Species Compendium. Available at: https://www.cabidigitallibrary.org/product/QI
80;0;Europe;Calophasia lunula;Palearctic;2007;Khramov, P. (Ed.) (2007). Insecta.pro: international entomological community. Available online at: https://insecta.pro
81;0;Europe;Carcina quercana;Palearctic;2007;Khramov, P. (Ed.) (2007). Insecta.pro: international entomological community. Available online at: https://insecta.pro
82;0;Europe;Cerapteryx graminis;Palearctic;2007;Khramov, P. (Ed.) (2007). Insecta.pro: international entomological community. Available online at: https://insecta.pro
83;0;Europe;Chrysoesthia sexguttella;Palearctic;2007;Khramov, P. (Ed.) (2007). Insecta.pro: international entomological community. Available online at: https://insecta.pro
84;0;Europe;Clepsis consimilana;Palearctic;2007;Khramov, P. (Ed.) (2007). Insecta.pro: international entomological community. Available online at: https://insecta.pro
85;0;Europe;Cnephasia asseclana;Palearctic;2007;Khramov, P. (Ed.) (2007). Insecta.pro: international entomological community. Available online at: https://insecta.pro
86;0;Europe;Cnephasia stephensiana;Palearctic;2007;Khramov, P. (Ed.) (2007). Insecta.pro: international entomological community. Available online at: https://insecta.pro
87;0;Europe;Depressaria depressana;Palearctic;2007;Khramov, P. (Ed.) (2007). Insecta.pro: international entomological community. Available online at: https://insecta.pro
88;0;Europe;Enarmonia formosana;Palearctic;2024;CAB International (CABI) (2024). CABI Invasive Species Compendium. Available at: https://www.cabidigitallibrary.org/product/QI
89;0;Europe;Epinotia abbreviana;Palearctic;2007;Khramov, P. (Ed.) (2007). Insecta.pro: international entomological community. Available online at: https://insecta.pro
90;0;Europe;Anania hortulata;Palearctic;2007;Khramov, P. (Ed.) (2007). Insecta.pro: international entomological community. Available online at: https://insecta.pro
91;0;Europe;Gypsonoma aceriana;Palearctic;2024;CAB International (CABI) (2024). CABI Invasive Species Compendium. Available at: https://www.cabidigitallibrary.org/product/QI
92;0;Europe;Hedya nubiferana;Palearctic;2007;Khramov, P. (Ed.) (2007). Insecta.pro: international entomological community. Available online at: https://insecta.pro
93;0;Europe;Hedya salicella;Palearctic;2017;Maharramova, S. and Ayberk, H. (2017). New records of leafrollers reared in Azerbaijan (Lepidoptera: Tortricidae). Linz Biol Beitr. 49(1): 677-686
94;0;Europe;Leucoma salicis;Palearctic;2007;Khramov, P. (Ed.) (2007). Insecta.pro: international entomological community. Available online at: https://insecta.pro
95;0;Europe;Metzneria paucipunctella;Palearctic;2007;Khramov, P. (Ed.) (2007). Insecta.pro: international entomological community. Available online at: https://insecta.pro
96;0;Europe;Pandemis cerasana;Palearctic;2007;Khramov, P. (Ed.) (2007). Insecta.pro: international entomological community. Available online at: https://insecta.pro
97;0;Europe;Cameraria ohridella;Palearctic;2024;CAB International (CABI) (2024). CABI Invasive Species Compendium. Available at: https://www.cabidigitallibrary.org/product/QI
98;0;Europe;Caradrina clavipalpis;Palearctic;2007;Khramov, P. (Ed.) (2007). Insecta.pro: international entomological community. Available online at: https://insecta.pro
99;0;Europe;Apamea crenata;Palearctic;2007;Khramov, P. (Ed.) (2007). Insecta.pro: international entomological community. Available online at: https://insecta.pro
100;0;Europe;Eupithecia carpophagata;Palearctic;2007;Khramov, P. (Ed.) (2007). Insecta.pro: international entomological community. Available online at: https://insecta.pro
101;0;Europe;Lateroligia ophiogramma;Palearctic;2007;Khramov, P. (Ed.) (2007). Insecta.pro: international entomological community. Available online at: https://insecta.pro
102;0;Europe;Cochylis atricapitana;Palearctic;2007;Khramov, P. (Ed.) (2007). Insecta.pro: international entomological community. Available online at: https://insecta.pro
103;0;Europe;Agrochola lota;Palearctic;2007;Khramov, P. (Ed.) (2007). Insecta.pro: international entomological community. Available online at: https://insecta.pro
104;0;Europe;Ennomos alniaria;Palearctic;2007;Khramov, P. (Ed.) (2007). Insecta.pro: international entomological community. Available online at: https://insecta.pro
105;0;Europe;Erannis defoliaria;Palearctic;2007;Khramov, P. (Ed.) (2007). Insecta.pro: international entomological community. Available online at: https://insecta.pro
106;0;Europe;Dendrolimus pini;Palearctic;2024;CAB International (CABI) (2024). CABI Invasive Species Compendium. Available at: https://www.cabidigitallibrary.org/product/QI
107;0;Asia;Hypolimnas misippus;Saharo-Arabian;2021;Coetzer, A. and Westrip, J. (2021). Hypolimnas misippus. The IUCN Red List of Threatened Species 2021: e.T62148588A161331411
108;0;Asia;Caradrina ingrata;Saharo-Arabian;2007;Okyar, Z. and Aktac, N. (2007). Heteroceran fauna of Gok√ßeada and Bozcaada (North Aegean Islands, Turkey), with a new record of Noctuidae (Lepidoptera), and biogeographical analyses. Entomological news. 118(3): 263-272
109;0;Asia;Hypena commixtalis;Saharo-Arabian;2024;de Prins J. and de Prins W. (2024). Afromoths, online database of Afrotropical moth species (Lepidoptera). Available at: http://www.afromoths.net
110;0;Asia;Deudorix antalus;Saharo-Arabian;1997;Gillett, M. (1997). The butterflies of the United Arab Emirates and neighbouring areas of northern Oman-three newly recognised species and some other interesting records (Lepidoptera: Rhopalocera). Tribulus. 7(1): 15-18
111;0;Asia;Araeopteron ecphaea;Saharo-Arabian;2001;Fibiger, M. and Agassiz, D. (2001). Araeopteron ecphaea, a small noctuid moth in the West Palaearctic (Noctuidae: Acontiinae). Nota lepidopterologica. 24(1): 29-35
112;0;South America;Achyra similalis;Neotropical;1967;Capps, H. (1967). Review of some species of Loxostege Hubner and descriptions of new species (Lepidoptera, Pyraustidae: Pyraustinae). Proceedings of the United States National Museum. 120(3561)
113;0;South America;Cactoblastis doddi;Neotropical;1985;McFadyen, R. (1985). Larval characteristics of Cactoblaslis spp. (Lepidoptera: Pyralidae) and the selection of species for biological control of prickly pears ( Opuntia spp.). Bulletin of Entomological Research, 75(1): 159‚Äì168
114;0;South America;Neoleucinodes elegantalis;Neotropical;2017;Da Silva, R., Kumar, L., Shabani, F., Da Silva, E., da Silva Galdino, T. and Pican√ßo, M. (2017). Spatio-temporal dynamic climate model for Neoleucinodes elegantalis using CLIMEX. International Journal of Biometeorology, 61: 785-795
115;0;South America;Thecla megarus;Neotropical;2014;Gilligan, T. and Passoa, S. (2014). LepIntercept - An identification resource for intercepted Lepidoptera larvae. Available at: https://idtools.org/id/lepintercept/strymon.html
116;0;South America;Stenoma catenifer;Neotropical;2008;Hoddle, M. and Hoddle, C. (2008). Bioecology of Stenoma catenifer (Lepidoptera: Elachistidae) and associated larval parasitoids reared from Hass avocados in Guatemala. Journal of Economic Entomology, 101(3): 692-698
117;0;South America;Spodoptera ornithogalli;Neotropical;2019;Brito, R., Specht, A., Gon√ßalves, G., Moreira, G., Carneiro, E., Santos, F., ... and Casagrande, M. (2019). Spodoptera marima: a new synonym of Spodoptera ornithogalli (Lepidoptera: Noctuidae), with notes on adult morphology, host plant use and genetic variation along its geographic range. Neotropical Entomology, 48: 433-448
118;0;South America;Niphograpta albiguttalis;Neotropical;1999;Stanley, J., Julien, M., Rumbo, E. and White, A. (1999). Post release monitoring of Xubida infusella (Lep.: Pyralidae): an example of using pheromones for the early detection of establishing populations of biological control agents. In: Proceedings of the 10th International Symposium on Biological Control of Weeds, Montana State University, Bozeman, MT. 4-14
119;0;South America;Mythimna unipuncta;Neotropical;2024;CAB International (CABI) (2024). CABI Invasive Species Compendium. Available at: https://www.cabidigitallibrary.org/product/QI
120;0;South America;Neogalea sunia;Neotropical;2010;Reinert, J., George, S., Mackay, W. and Campos, C. (2010). Resistance among lantana cultivars to the lantana stick caterpillar, Neogalea sunia (Lepidoptera: Noctuidae). Southwestern Entomologist. 35(1): 51-58
121;0;South America;Vanessa carye;Neotropical;2023;Escobar-Suarez, S., Villalobos-Leiva, A., Fabres, A., Ordenes-Claveria, R., Cruz-Jofre, F., Laroze, D., ... and Benitez, H. (2023). A geometric morphometrics and genetics characterization of Vanessa carye in an extreme elevational gradient in the Chilean Altiplano. Zoologischer Anzeiger. 304: 105-112
122;0;South America;Spodoptera eridania;Neotropical;2023;Zhang, Y., Zhao, H., Qi, Y., Li, M., Yang, N., Guo, J., ... and Liu, W. (2023). Global potential geographical distribution of the southern armyworm (Spodoptera eridania) under climate change. Biology. 12(7): 1040
123;0;South America;Azeta repugnalis;Neotropical;2002;Becker, V. and Miller, S. (2002). Large moths of Guana Island, British Virgin Islands: a survey of efficient colonizers (Lepidoptera: Sphingidae, Notodontidae, Noctuidae, Arctiidae, Geometridae, Hyblaeidae, Cossidae). Journal of the Lepidopterists Society. 56(1): 9-44
124;0;South America;Tinea murariella;Neotropical;2020;Roy, D., Alderman, D., Anastasiu, P., Arianoutsou, M., Augustin, S., Bacher, S., ... and Reyserhove, L., (2020). DAISIE - Delivering Alien Invasive Species Inventories for Europe. Available at: http://www.europe-aliens.org/
125;0;South America;Tinea pallescentella;Neotropical;2020;Roy, D., Alderman, D., Anastasiu, P., Arianoutsou, M., Augustin, S., Bacher, S., ... and Reyserhove, L., (2020). DAISIE - Delivering Alien Invasive Species Inventories for Europe. Available at: http://www.europe-aliens.org/
126;0;South America;Pareuchaetes aurata;Neotropical;2024;de Prins J. and de Prins W. (2024). Afromoths, online database of Afrotropical moth species (Lepidoptera). Available at: http://www.afromoths.net
127;0;South America;Heliconius erato;Neotropical;1996;Jiggins, C., McMillan, W., Neukirchen, W. and Mallet, J. (1996). What can hybrid zones tell us about speciation? The case of Heliconius erato and H. himera (Lepidoptera: Nymphalidae). Biological Journal of the Linnean Society. 59(3): 221-242
128;0;South America;Dione vanillae;Neotropical;2006;da Silva, D., Dell ErbaII, R., KaminskiI, L., Moreira, G. (2006). External morphology of the immature stages of neotropical heliconians: V. Agraulis vanillae maculosa (Lepidoptera, Nymphalidae, Heliconiinae). Iheringia, Serie Zoologica. 96 (2)
129;0;South America;Hypsipyla grandella;Neotropical;2024;CAB International (CABI) (2024). CABI Invasive Species Compendium. Available at: https://www.cabidigitallibrary.org/product/QI
130;0;South America;Macrorrhinia endonephele;Neotropical;2020;Hayden, J. and Landry, J. (2020). Arcola malloi (Pastrana), the alligatorweed stemborer, a new synonym of Macrorrhinia endonephele (Hampson)(Lepidoptera: Pyralidae: Phycitinae). Insecta mundi. 768: 1‚Äì25
131;0;South America;Cactoblastis cactorum;Neotropical;2024;CAB International (CABI) (2024). CABI Invasive Species Compendium. Available at: https://www.cabidigitallibrary.org/product/QI
132;0;South America;Ascalapha odorata;Neotropical;2014;Ekrem, T., Kevan, P., Woodcock, T. and Hebert, P. (2014). The most northerly Black Witch (Ascalapha odorata): a tropical moth in the Canadian Arctic.¬†The Canadian Field-Naturalist.¬†128(1): 77-79
133;0;South America;Episimus unguiculus;Neotropical;2019;Cuda, J., Gillmore, J., Conant, P., Medal, J. and Pedrosa-Macedo, J. (2019). Risk assessment of Episimus unguiculus (Lepidoptera: Tortricidae), a biological control agent of Schinus terebinthifolia (Sapindales: Anacardiaceae) in Hawaii, USA. Biocontrol Science and Technology. 29(4): 365‚Äì387
134;0;South America;Paysandisia archon;Neotropical;2024;CAB International (CABI) (2024). CABI Invasive Species Compendium. Available at: https://www.cabidigitallibrary.org/product/QI
135;0;South America;Crocidosema aporema;Neotropical;2024;CAB International (CABI) (2024). CABI Invasive Species Compendium. Available at: https://www.cabidigitallibrary.org/product/QI
136;0;South America;Chloridea virescens;Neotropical;1958;Zimmerman, E. (1958). Insects of Hawaii. Volume 7, Macrolepidoptera. Hawaii: University of Hawaii Press.
137;0;Asia;Eupithecia abietaria;Palearctic;2021;Knyazev, S. and Mironov, V. (2021). Additions to the Catalogue of Lepidoptera of Omsk Region of Russia. Part 2: Eupithecia Curtis, 1825 (Lepidoptera: Geometridae). SHILAP Revista de lepidopterologia. 49(195): 563-568
138;0;Asia;Scrobipalpa ocellatella;Palearctic;2019;Bidzilya, O., Karsholt, O., Kravchenko, V. and Sumpich, J. (2019). An annotated checklist of Gelechiidae (Lepidoptera) of Israel with description of two new species. Zootaxa. 4677(1): 1-68
139;0;Asia;Anthophila nemorana;Palearctic;2014;de Prins, W., Baugnee, J., Georis, A., Spronck, R. and Spronck, R. (2014). Choreutis nemorana (Lepidoptera: Choreutidae) well established in Belgium. Phegea. 42(2): 29-32
140;0;Asia;Lampides boeticus;Palearctic;2021;Edge, D. and Westrip, J. (2021). Lampides boeticus. The IUCN Red List of Threatened Species 2021: e.T174427A161341394
141;0;Asia;Vanessa atalanta;Palearctic;2020;Walker, A. (2020). Vanessa atalanta. The IUCN Red List of Threatened Species 2020: e.T174225A172421220.
142;0;Asia;Danaus chrysippus;Palearctic;2021;Westrip, J. (2021). Danaus chrysippus (errata version published in 2022). The IUCN Red List of Threatened Species 2021: e.T174455A222994680
143;0;Asia;Acleris rhombana;Palearctic;2009;Alipanah, H. (2009). A brief study on the tribes Tortricini and Archipini (Lepidoptera: Tortricinae) from Iran. Entomofauna. 10: 137-152
144;0;Asia;Hedya salicella;Palearctic;2017;Maharramova, S. and Ayberk, H. (2017). New records of leafrollers reared in Azerbaijan (Lepidoptera: Tortricidae). Linz Biol Beitr. 49(1): 677-686
145;0;Asia;Caradrina clavipalpis;Palearctic;2024;de Prins J. and de Prins W. (2024). Afromoths, online database of Afrotropical moth species (Lepidoptera). Available at: http://www.afromoths.net
146;0;North America;Ancylostomia stercorea;Panamanian;1972;Barrow, R. (1972). The bionomics of Ancyclostomia stercorea (zeller): a pod-borer on pigeon pea in Trinidad. [PhD Thesis, McGill University, Quebec]
147;0;North America;Spodoptera ornithogalli;Panamanian;2019;Brito, R., Specht, A., Gon√ßalves, G., Moreira, G., Carneiro, E., Santos, F., ... and Casagrande, M. (2019). Spodoptera marima: a new synonym of Spodoptera ornithogalli (Lepidoptera: Noctuidae), with notes on adult morphology, host plant use and genetic variation along its geographic range. Neotropical Entomology, 48: 433-448
148;0;North America;Spodoptera eridania;Panamanian;2023;Zhang, Y., Zhao, H., Qi, Y., Li, M., Yang, N., Guo, J., ... and Liu, W. (2023). Global potential geographical distribution of the southern armyworm (Spodoptera eridania) under climate change. Biology. 12(7): 1040
149;0;North America;Hypsipyla grandella;Panamanian;2024;CAB International (CABI) (2024). CABI Invasive Species Compendium. Available at: https://www.cabidigitallibrary.org/product/QI
150;0;Australia;Achyra affinitalis;Australian;2022;Grain Research and Development Corporation (2022). Weed Web Moth Fact Sheet. Available at: https://grdc.com.au/resources-and-publications/all-publications/factsheets/2022/weed-web-moth-fact-sheet
151;0;Australia;Parectopa alysidota;Australian;1980;Van den Berg, M. (1980). Natural enemies of Acacia cyclops A. Cunn ex G. Don and Acacia saligna (Labill.) Wendl. in Western Australia. I. Lepidoptera. Phytophylactica, 12(3), 165-167
152;0;Australia;Acrocercops laciniella;Australian;2001;Hoare, R. (2001). Adventive species of Lepidoptera recorded for the first time in New Zealand since 1988. New Zealand Entomologist. 24: 23-47
153;0;Australia;Anarsia dryinopa;Australian;1987;Lower, O. (1897) Descriptions of New Australian Lepidoptera. Transactions of the Royal Society of South Australia. 21: 50-60
154;0;Australia;Aristaea thalassias;Australian;2011;Gordon, A. (2011). Biological control endeavours against Australian myrtle, Leptospermum laevigatum (Gaertn.) F. Muell.(Myrtaceae), in South Africa. African Entomology, 19(1): 349-355
155;0;Australia;Artigisa melanephele;Australian;2001;Hoare, R. (2001). Adventive species of Lepidoptera recorded for the first time in New Zealand since 1988. New Zealand Entomologist. 24: 23-47
156;0;Australia;Athetis tenuis;Australian;1979;Roberts, L. (1979). Insects from the Cavalli Islands. Tane, 25: 125-131
157;0;Australia;Balanomis encyclia;Australian;1887;Meyrick, E. (1887). On Pyralidina from Australia and the South Pacific. The Transactions of the Entomological Society of London for the Year of 1887: 185-268
158;0;Australia;Barea confusella;Australian;2001;Withers, T. (2001). Colonization of eucalypts in New Zealand by Australian insects. Austral Ecology, 26(5): 467-476
159;0;Australia;Barea consignatella;Australian;2001;Withers, T. (2001). Colonization of eucalypts in New Zealand by Australian insects. Austral Ecology, 26(5): 467-476
160;0;Australia;Bathytricha truncata;Australian;1990;Common, I. (1990). Moths of Australia. BRILL
161;0;Australia;Bleszynskia malacelloides;Australian;2001;Hoare, R. (2001). Adventive species of Lepidoptera recorded for the first time in New Zealand since 1988. New Zealand Entomologist. 24: 23-47
162;0;Australia;Borbo cinnara;Australian;2024;Inayoshi, Y. (2024). A Check List of Butterflies in Indo-China - Chiefly from Thailand, Laos and Vietnam. Available at: https://yutaka.it-n.jp/index.html
163;0;Australia;Bucculatrix gossypii;Australian;1990;Common, I. (1990). Moths of Australia. BRILL
164;0;Australia;Capua intractana;Australian;2022;Mally, R., Turner, R., Blake, R., Fenn-Moltu, G., Bertelsmeier, C., Brockerhoff, E., ... and Liebhold, A. (2022), Moths and butterflies on alien shores - global biogeography of non-native Lepidoptera. Dryad, Dataset. Available at: https://doi.org/10.5061/dryad.31zcrjdnw
165;0;Australia;Carposina neurophorella;Australian;2022;Mally, R., Turner, R., Blake, R., Fenn-Moltu, G., Bertelsmeier, C., Brockerhoff, E., ... and Liebhold, A. (2022), Moths and butterflies on alien shores - global biogeography of non-native Lepidoptera. Dryad, Dataset. Available at: https://doi.org/10.5061/dryad.31zcrjdnw
166;0;Australia;Cebysa leucotelus;Australian;2022;Mally, R., Turner, R., Blake, R., Fenn-Moltu, G., Bertelsmeier, C., Brockerhoff, E., ... and Liebhold, A. (2022), Moths and butterflies on alien shores - global biogeography of non-native Lepidoptera. Dryad, Dataset. Available at: https://doi.org/10.5061/dryad.31zcrjdnw
167;0;Australia;Cizara ardeniae;Australian;2001;Hoare, R. (2001). Adventive species of Lepidoptera recorded for the first time in New Zealand since 1988. New Zealand Entomologist. 24: 23-47
168;0;Australia;Zomariana doxasticana;Australian;2001;Hoare, R. (2001). Adventive species of Lepidoptera recorded for the first time in New Zealand since 1988. New Zealand Entomologist. 24: 23-47
169;0;Australia;Zizula hylax;Australian;2013;Fric, Z. and Hula, V. (2013).  Zizula hylax (Fabricius, 1775) new butterfly species for Socotra (Lepidoptera: Lycaenidae). SHILAP Revista de Lepidopterologia. 41(164): 571-575
170;0;Australia;Zizeeria knysna;Australian;2009;Tolman, T. and Lewington, R. (2009). Collins Butterfly Guide. HarperCollins Publishers
171;0;Australia;Tiracola plagiata;Australian;1980;Mandal, D. and Shukla, J. (1980). Redescription of the Genus and Species Tiracola plagiata (Walker)[Lepidoptera: Noctuidae]. Records of the Zoological Survey of India, 76: 87-92
172;0;Australia;Thyas coronata;Australian;2008;Kawazu, K., Otuka, A., Adati, T., Tonogouchi, H. and Yase, J. (2008). Lepidoptera captured on the East China Sea in 2005 and predicted migration sources. Entomological science, 11(3): 315-322
173;0;Australia;Tachystola hemisema;Australian;2024;Austin, K. and Rubinoff, D. (2024). New records of introduced Lepidoptera in the Hawaiian Islands for the year 2023. Bishop Museum Occasional Papers 156: 111‚Äì121
174;0;Australia;Strepsicrates semicanella;Australian;2005;Wakamura, S., Arakaki, N. and Kinjo, K. (2005). Sex pheromone components of an olethreutid moth, Strepsicrates semicanella (Walker)(Lepidoptera: Tortricidae), a pest of guava and eucalyptus in Okinawa. Applied entomology and zoology, 40(4): 637-642
175;0;Australia;Strepsicrates macropetana;Australian;2000;Mauchline, N. (2000). Important biological and ecological aspects of Strepsicrates macropetana Meyrick (Lepidoptera: Tortricidae): a thesis presented in partial fulfilment of the requirements for the degree of Master of Science in Plant Protection at Massey University [MsC Thesis, Massey University]
176;0;Australia;Strepsicrates infensa;Australian;2001;Withers, T. (2001). Colonization of eucalypts in New Zealand by Australian insects. Austral Ecology, 26(5): 467-476
177;0;Australia;Stegommata sulfuratella;Australian;1999;Withers, T. and Kay, M. (1999). Establishment of forestry and tree pests in New Zealand. In Proceedings of the New Zealand Plant Protection Conference, 52: 278-278
178;0;Australia;Stegommata leptomitella;Australian;2001;Hoare, R. (2001). Adventive species of Lepidoptera recorded for the first time in New Zealand since 1988. New Zealand Entomologist. 24: 23-47
179;0;Australia;Stathmopoda melanochra;Australian;1944;Ramchandra R. and Cherian, M. (1944). The Fluted Scale, Icerya purchasi Mask., as a Pest of Wattle in South India, and its Control by the biological method. The Madras Agricultural Journal, 32(3-4): 92-102
180;0;Australia;Stathmopoda auriferella;Australian;2018;Park, K., Cho, S., Na, S., Shin, Y. and Kim, S. (2018). Genus Stathmopoda Herrich-Shaffer (Lepidoptera, Stathmopodidae) from the Korean Peninsula with two new species. Journal of Asia-Pacific Biodiversity, 11(2): 259-266
181;0;Australia;Stathmopoda cephalaea;Australian;2001;Hoare, R. (2001). Adventive species of Lepidoptera recorded for the first time in New Zealand since 1988. New Zealand Entomologist. 24: 23-47
182;0;Australia;Spulerina isonoma;Australian;2023;Poorani, J. and Thanigairaj, R. (2023). Incidence of mango stem miner Spulerina isonoma (Meyrick) and first record of its parasitoid. Indian Journal of Entomology 85(2): 448-450
183;0;Australia;Sphyrelata amotella;Australian;2001;Hoare, R. (2001). Adventive species of Lepidoptera recorded for the first time in New Zealand since 1988. New Zealand Entomologist. 24: 23-47
184;0;Australia;Chloroclystis filata;Australian;1982;Holloway, J. (1982) Further notes on the Lepidoptera of Norfolk Island, with particular reference to migrant species. Journal of Natural History, 16(3): 351-365
185;0;Australia;Chloroclystis insigillata;Australian;2019;Emmerson, A. and Hoare, R. (2019). Lepidoptera from Redvale, Albany, north of Auckland, New Zealand, 2004-2016: an annotated list. The Weta, 53: 43-70
186;0;Australia;Chlumetia euthysticha;Australian;1985;Holloway, J. (1985). Moths of Borneo 14. Family Noctuidae. Subfamily: Euteliinae, Stictopterinae, Plusinae, Pantheinae. Malayan Nature Journal. Available at: https://www.mothsofborneo.com/part-14/index.htm
187;0;Australia;Scirpophaga innotata;Australian;2006;Litsinger, J., Alviola, A., Dela Cruz, C., Canapi, B., Batay-An III, E. and Barrion, A. (2006). Rice white stemborer Scirpophaga innotata (Walker) in southern Mindanao, Philippines. I. Supplantation of yellow stemborer S. incertulas (Walker) and pest status. International Journal of Pest Management, 52(1): 11-21
188;0;Australia;Sarisophora leucoscia;Australian;2001;Hoare, R. (2001). Adventive species of Lepidoptera recorded for the first time in New Zealand since 1988. New Zealand Entomologist. 24: 23-47
189;0;Australia;Proteuxoa sanguinipuncta;Australian;2017;Hoare, R. (2017). Noctuinae (Insecta: Lepidoptera: Noctuidae) part 1: Austramathes, Cosmodes, Proteuxoa, Physetica. Lincoln, N.Z. : Landcare Research
190;0;Australia;Culladia cuneiferellus;Australian;2001;Hoare, R. (2001). Adventive species of Lepidoptera recorded for the first time in New Zealand since 1988. New Zealand Entomologist. 24: 23-47
191;0;Australia;Prays nephelomima;Australian;2001;Hoare, R. (2001). Adventive species of Lepidoptera recorded for the first time in New Zealand since 1988. New Zealand Entomologist. 24: 23-47
192;0;Australia;Porphyrosela hardenbergiella;Australian;2001;Hoare, R. (2001). Adventive species of Lepidoptera recorded for the first time in New Zealand since 1988. New Zealand Entomologist. 24: 23-47
193;0;Australia;Chilo polychrysa;Australian;1990;Li, C. (1990). Status and control of Chilo spp., their distribution, host range and economic importance in Oceania. International Journal of Tropical Insect Science, 11(4): 535-539
194;0;Australia;Cryptoblabes adoceta;Australian;2023;Austin, K. and Rubinoff, D. (2023). New records of introduced Lepidoptera in the Hawaiian Islands for the year 2022. Bishop Museum Occasional Papers 148: 175‚Äì184 
195;0;Australia;Coscinoptycha improbana;Australian;2012;Mille, C., Munzinger, J. and Jourdan, H. (2012). First record of the Australian guava moth Coscinoptycha improbana Meyrick (Lepidoptera: Carposinidae) in New Caledonia: Implication for quarantine and biosecurity surveys in insular territories. Journal of Asia-Pacific Entomology, 15(2): 283-285
196;0;Australia;Cosmodes elegans;Australian;2017;Hoare, R. (2017). Noctuinae (Insecta: Lepidoptera: Noctuidae) part 1: Austramathes, Cosmodes, Proteuxoa, Physetica. Lincoln, N.Z. : Landcare Research
197;0;Australia;Dasypodia cymatodes;Australian;2001;Hoare, R. (2001). Adventive species of Lepidoptera recorded for the first time in New Zealand since 1988. New Zealand Entomologist. 24: 23-47
198;0;Australia;Dasypodia selenophora;Australian;2001;Hoare, R. (2001). Adventive species of Lepidoptera recorded for the first time in New Zealand since 1988. New Zealand Entomologist. 24: 23-47
199;0;Australia;Ephestiopsis oenobarella;Australian;2011;Hoare, R. (2011). Lepidoptera of gumland heaths ‚Äî a threatened and rare ecosystem of northern New Zealand, New Zealand Entomologist, 34(1): 67-76
200;0;Australia;Cyclophora obstataria;Australian;1997;Holloway, J. (1997). The Moths of Borneo, Part 10 Geometridae, Subfamilies: Sterrhinae and Larentiinae. Southdene Sdn Bhd. Available online at: https://www.mothsofborneo.com/part-10/index.htm
201;0;Australia;Parapoynx stagnalis;Australian;1993;Waterhouse, D. (1993). The major arthropod pests and weeds of agriculture in Southeast Asia: distribution, importance and origin. Australian Centre for International Agricultural Research - ACIAR. Ausralia, Camberra. 
202;0;Australia;Helicoverpa assulta;Australian;1992;Cork, A., Boo, K., Dunkelblum, E., Hall, D., Jee-Rajunga, K., Kehat, M., ... and Xun, L. (1992). Female sex pheromone of oriental tobacco budworm, Helicoverpa assulta (Guenee)(Lepidoptera: Noctuidae): Identification and field testing. Journal of chemical ecology, 18: 403-418
203;0;Australia;Heteroteucha dichroella;Australian;2001;Hoare, R. (2001). Adventive species of Lepidoptera recorded for the first time in New Zealand since 1988. New Zealand Entomologist. 24: 23-47
204;0;Australia;Lecithocera micromela;Australian;2001;Hoare, R. (2001). Adventive species of Lepidoptera recorded for the first time in New Zealand since 1988. New Zealand Entomologist. 24: 23-47
205;0;Australia;Lepidoscia heliochares;Australian;2010;Patrick, B. (2010). Southern spread of moths in New Zealand. The Weta. 40: 32-38
206;0;Australia;Lepidoscia protorna;Australian;2021;Turner, R., Blake, R., Mally, R., and Liebhold, A. (2024). International Non-native Insect Establishment Data (0.2.1) [Data set]. Zenodo.
207;0;Australia;Leptocneria reducta;Australian;1977;Richardson, C. (1977). Notes on some insects intercepted entering New Zealand in 1975. New Zealand Entomologist, 6(3): 309-311
208;0;Australia;Leptocroca sanguinolenta;Australian;2001;Hoare, R. (2001). Adventive species of Lepidoptera recorded for the first time in New Zealand since 1988. New Zealand Entomologist. 24: 23-47
209;0;Australia;Macarostola ida;Australian;2019;Hoare, R., Patrick, B. and Buckley, T. (2019). A new leaf-mining moth from New Zealand, Sabulopteryxbotanica sp. nov.(Lepidoptera, Gracillariidae, Gracillariinae), feeding on the rare endemic shrub Teucriumparvifolium (Lamiaceae), with a revised checklist of New Zealand Gracillariidae. ZooKeys, 865: 39
210;0;Australia;Mampava rhodoneura;Australian;2020;Read, J., Firn, J., Grice, A., Murphy, R., Ryan-Colton, E. and Schlesinger, C. (2020). Ranking buffel: Comparative risk and mitigation costs of key environmental and socio-cultural threats in central Australia. Ecology and Evolution, 10(23): 12745-12763
211;0;Australia;Merophyas divulsana;Australian;1991;Whittle, C., Bellas, T. and Bishop, A. (1991). Sex pheromone of lucerne leafroller, Merophyas divulsana (Walker)(Lepidoptera: Tortricidae): evidence for two distinct populations. Journal of chemical ecology, 17: 1883-1895
212;0;Australia;Monopis argillacea;Australian;2001;Hoare, R. (2001). Adventive species of Lepidoptera recorded for the first time in New Zealand since 1988. New Zealand Entomologist. 24: 23-47
213;0;Australia;Monopis ethelella;Australian;2021;Turner, R., Blake, R., Mally, R., and Liebhold, A. (2024). International Non-native Insect Establishment Data (0.2.1) [Data set]. Zenodo.
214;0;Australia;Morosaphycita oculiferella;Australian;2001;Hoare, R. (2001). Adventive species of Lepidoptera recorded for the first time in New Zealand since 1988. New Zealand Entomologist. 24: 23-47
215;0;Australia;Musotima ochropteralis;Australian;2021;Turner, R., Blake, R., Mally, R., and Liebhold, A. (2024). International Non-native Insect Establishment Data (0.2.1) [Data set]. Zenodo.
216;0;Australia;Opogona comptella;Australian;2001;Withers, T. (2001). Colonization of eucalypts in New Zealand by Australian insects. Austral Ecology, 26(5): 467-476
217;0;Australia;Opsitycha squalidella;Australian;2021;Turner, R., Blake, R., Mally, R., and Liebhold, A. (2024). International Non-native Insect Establishment Data (0.2.1) [Data set]. Zenodo.
218;0;Australia;Patagoniodes farinaria;Australian;1987;McQuillan, P. and Ireson, J. (1987). The identity and immature stages of Patagoniodes farinaria (Turner) comb. n.(Lepidoptera: Pyralidae: Phycitinae) in Australia and New Zealand. Australian Journal of Entomology, 26(3): 239-247
219;0;Australia;Phalaenoides glycinae;Australian;2025;PaDIL (2025). The Pest and Disease Image Library (PaDIL). Available at: https://www.padil.gov.au/ 
220;0;Australia;Philobota chionoptera;Australian;2021;Turner, R., Blake, R., Mally, R., and Liebhold, A. (2024). International Non-native Insect Establishment Data (0.2.1) [Data set]. Zenodo.
221;0;Australia;Phrissogonus laticostata;Australian;2021;Turner, R., Blake, R., Mally, R., and Liebhold, A. (2024). International Non-native Insect Establishment Data (0.2.1) [Data set]. Zenodo.
222;0;Australia;Polysoma eumetalla;Australian;2021;Turner, R., Blake, R., Mally, R., and Liebhold, A. (2024). International Non-native Insect Establishment Data (0.2.1) [Data set]. Zenodo.
223;0;Australia;Psorosticha zizyphi;Australian;2010;Lvovsky, A. and Fallahzadeh, M. (2010). Psorosticha zizyphi (Lepidoptera: Depressariidae) is newly recorded from Iran. Far Eastern Entomologist, 216: 14-16.
224;0;Australia;Praeacedes atomosella;Oceanina;2020;Roy, D., Alderman, D., Anastasiu, P., Arianoutsou, M., Augustin, S., Bacher, S., ... and Reyserhove, L., (2020). DAISIE - Delivering Alien Invasive Species Inventories for Europe. Available at: http://www.europe-aliens.org/
225;0;Australia;Glyphodes onychinalis;Australian;2008;Solis, M. (2008). New sightings of Glyphodes onychinalis (Guenee)(Pyraloidea: Crambidae: Spilomelinae), a recent arrival to the United States with a description of the larva reared on oleander (Nerium sp.) in California. News of the Lepidopterists Society. 50(3/4): 79-80
226;0;Australia;Cryptophlebia ombrodelta;Australian;1975;Sinclair, E. (1975). A life system study of Cryptophlebia ombrodelta (Lower)(Lepidoptera: Tortricidae) in southeast Queensland. Doctoral Dissertation, University of Queensland
227;0;Australia;Eublemma anachoresis;Australian;1946;Swezey, O. (1946). Lepidoptera, Geometridae, Arctiidae, Agrotidae, and Pyralidae of Guam. In: Insects of Guam II. Bernice P. Bishop Museum Bulletin. 189: 163-185
228;0;Australia;Monopis meliorella;Australian;1978;Zimmerman, E. (1978). Insects of Hawaii. Vol. 9 Microlepidoptera. Part I. The University Press of Hawaii, Honolulu.
229;0;Australia;Elophila responsalis;Australian;2020;Whitaker, T., Sutton, S. and Barlow, H. (2020). Pyralids of Borneo - An Illustrated Guide (5th Edition). Southdene Sdn Bhd. Available Online at: http://www.pyralidsofborneo.org/index.php?index#
230;0;Australia;Simplicia cornicalis;Australian;2011;Dickel, T., Brou Jr., V. and Heppner, J. (2010) New North American Records Of The Asian Species, Simplicia cornicalis, in Florida and Louisiana. Lepidoptera Novae. 3(1): 53-56
231;0;Australia;Anatrachyntis rileyi;Australian;2024;CAB International (CABI) (2024). CABI Invasive Species Compendium. Available at: https://www.cabidigitallibrary.org/product/QI
232;0;Australia;Anomis privata;Australian;1996;Kononenko, V., Ahn, S. and Ronkay, L. (1998). Illustrated catalogue of Noctuidae in Korea (Lepidoptera). Insect of Korea. Series 3. Korea Research Institute of Bioscience and Biotechnology : Center for Insect Systematics
233;0;Australia;Acontia crocata;Australian;1982;Guenee, A. (1852). Noctuelites II. in Boisduval and Guenee: Histoire naturelle des insectes
234;0;Australia;Catopsilia pyranthe;Australian;2000;Braby, M. (2000). Butterflies of Australia: their identification, biology and distribution. CSIRO publishing. Collingwood, Australia.
235;0;Australia;Crocidolomia pavonana;Australian;1946;Swezey, O. (1946). Lepidoptera, Geometridae, Arctiidae, Agrotidae, and Pyralidae of Guam. In: Insects of Guam II. Bernice P. Bishop Museum Bulletin. 189: 163-185
236;0;Australia;Danaus genutia;Australian;2010;Atluri, J., Rayalu, M. and Deepika, D. (2010). Life History and Larval Performance of the Common Tiger Butterfly, Danaus genuita Cramer (Lepidoptera
237;0;Australia;Hypolimnas misippus;Australian;2021;Coetzer, A. and Westrip, J. (2021). Hypolimnas misippus. The IUCN Red List of Threatened Species 2021: e.T62148588A161331411
238;0;Australia;Papilio demoleus;Australian;2020;Riaz, S., Johnson, J., Rasheed, T. and Wiemers, M. (2020). Morphology, life cycle and management of two invasive subspecies of Papilio demoleus (Lepidoptera: Papilionidae): A review. Journal of Applied Entomology. 144: 845‚Äì856
239;0;Australia;Ostrinia furnacalis;Australian;1991;Nafus, D. and Schreiner, I. (1991). Review of the biology and control of the Asian corn borer, Ostrinia furnacalis (Lep: Pyralidae). International Journal of Pest Management. 37(1): 41-56
240;0;Australia;Phalanta phalantha;Australian;2021;Westrip, J. (2021). Phalanta phalantha (errata version published in 2022). The IUCN Red List of Threatened Species 2021: e.T162638397A223003677
241;0;Australia;Pygospila tyres;Australian;2022;Kalawate, A., Shabnam, A. and Dinesh, K. (2022). First Indian DNA barcode record for the moth species Pygospila tyres (Cramer, 1780) (Lepidoptera: Crambidae: Spilomelinae) distributed in Asia and Australia. Journal of Threatened Taxa. 14(2): 20637‚Äì20642
242;0;Australia;Sameodes cancellalis;Australian;2018;Poltavsky, A., Kravchenko, V., Traore, M., Traore, S., Gergely, P., Witt, T., ... and Muller, G. (2018). The Pyraloidea (Lepidoptera) fauna of the woody savannah belt in Mali, West Africa. Zootaxa. 4457(1): 39‚Äì69
243;0;Australia;Achaea janata;Australian;1978;Edwards, E. (1978). A review of the genus Archaea in Australia (Lepidoptera: Noctuidae). Journal of the Australian Entomological Society. 17: 329-340
244;0;Australia;Achroia grisella;Australian;1996;Clarke, J. (1986): Pyralidae and Microlepidoptera of the Marquesas Archipelago. Smithsonian Contributions to Zoology. 416: 1-485
245;0;Australia;Spodoptera exempta;Australian;1986;Haggis, M. (1986). Distribution of the African armyworm, Spodoptera exempta (Walker)(Lepidoptera: Noctuidae), and the frequency of larval outbreaks in Africa and Arabia. Bulletin of Entomological Research. 76(1): 151-170
246;0;Australia;Spodoptera litura;Australian;2019;Jung, J., Byeon, D., Jung, S. and Lee, W. (2019). Effect of climate change on the potential distribution of the common cutworm (Spodoptera litura) in South Korea. Entomological Research. 49(12): 519-528
247;0;Australia;Aproaerema simplexella;Australian;2012;Buthelezi, N., Conlong, D. and Zharare, G. (2012). The groundnut leaf miner collected from South Africa is identified by mtDNA CO1 gene analysis as the Australian soybean moth (Aproaerema simplixella)(Walker)(Lepidoptera: Gelechiidae). African Journal of Agricultural Research. 7(38): 5285-5292
248;0;Australia;Hypena commixtalis;Australian;2013;Kononenko, V. and Pinratana, A. (2013). Moths of Thailand. Noctuoidea. An illustrated Catalogue of Erebidae, Nolidae, Euteliidae and Noctuidae (Insecta, Lepidoptera) in Thailand. Brothers of St. Gabriel in Thailand. Bangkok.
249;0;Australia;Hypena commixtalis;Australian;2024;de Prins J. and de Prins W. (2024). Afromoths, online database of Afrotropical moth species (Lepidoptera). Available at: http://www.afromoths.net
250;0;Australia;Theretra latreillii;Australian;2014;Rafi, M., Sultan, A., Kitching, I., Pittaway, A., Markhasiov, M., Khan, M. and Naz, F. (2014). The Hawkmoth Fauna of Pakistan (Lepidoptera: Sphingidae). Zootaxa. 3794(3): 393-418
251;0;Australia;Aproaerema simplexella;Australian;2016;Buthelezi, N., Zharare, G. and Conlong, D. (2016). Molecular and behavioural evidence suggesting a re-examination of the taxonomy of Aproaerema simplexella (Walker), Aproaerema modicella (Deventer) and Stomopteryx subsecivella Zeller (Lepidoptera: Gelechiidae). African Entomology. 24(1): 16-23
252;0;Australia;Agrotis ipsilon;Australian;1997;Showers, W. (1997). Migratory Ecology of the Black Cutworm. Annual Review of Entomology. 42: 393‚Äì425
253;0;Australia;Doloessa viridis;Australian;2002;Lim, G. (2002). Observations of Prasinoxena monospila and Doloessa viridis (Lepidoptera: Pyralidae) on the bark of Khaya ivorensis in Malaysia. Journal of Tropical Forest Science. 14(1): 158-161
254;0;Australia;Conopomorpha litchiella;Australian;2024;de Prins J. and de Prins W. (2024). Global Taxonomic Database of Gracillariidae (Lepidoptera). Avaliable at: http://www.gracillariidae.net
255;0;Australia;Leucinodes orbonalis;Australian;2015;Mally, R., Korycinska, A., Agassiz, D., Hall, J., Hodgetts, J. and Nuss, M. (2015). Discovery of an unknown diversity of Leucinodes species damaging Solanaceae fruits in sub-Saharan Africa and moving in trade (Insecta, Lepidoptera, Pyraloidea). ZooKeys. 472: 117‚Äì162
256;0;Australia;Pericyma cruegeri;Australian;2020;Ekka, R., Shaw, S., Meshram, Y. and Swamy, S. (2020). Outbreak of Poinciana looper moth, Pericyma cruegeri (Butler)(Lepidoptera: Erebidae) in the Korba district of Chhattisgarh. Journal of Pharmacognosy and Phytochemistry. 9(4S): 704-709
257;0;Australia;Barea codrella;Australian;2001;Hoare, R. (2001). Adventive species of Lepidoptera recorded for the first time in New Zealand since 1988. New Zealand Entomologist. 24: 23-47
258;0;Australia;Blastobasis tarda;Australian;2023;Pinzari, M. and Pinzari, M. (2023). Blastobasis tarda Meyrick, 1902 an alien species from Australia new to Italy (Lepidoptera: Blastobasidae). SHILAP Revista de lepidopterologia. 51(201): 51-54
259;0;Australia;Epiphyas postvittana;Australian;2024;CAB International (CABI) (2024). CABI Invasive Species Compendium. Available at: https://www.cabidigitallibrary.org/product/QI
260;0;Australia;Herpetogramma licarsisalis;Australian;1976;Tashiro, H. (1976). Biology of the grass webworm, Herpetogramma licarsisalis (Lepidoptera: Pyraustidae) in Hawaii. Annals of the Entomological Society of America. 69(5): 797-803
261;0;Australia;Lampides boeticus;Australian;2021;Edge, D. and Westrip, J. (2021). Lampides boeticus. The IUCN Red List of Threatened Species 2021: e.T174427A161341394
262;0;Australia;Opogona omoscopa;Australian;2004;Fogliani, R. and Strickland, G. (2004). Biological Control of Dock: Enhanced Distribution of the Dock Moth. Meat and Livestock Australia. Sidney, Australia.
263;0;Australia;Tachystola acroxantha;Australian;2010;Patrick, B. (2010). Southern spread of moths in New Zealand. The Weta. 40: 32-38
264;0;Australia;Uraba lugens;Australian;2024;CAB International (CABI) (2024). CABI Invasive Species Compendium. Available at: https://www.cabidigitallibrary.org/product/QI
265;0;Australia;Carposina autologa;Australian;2017;Gordon, A. and Lyons, C. (2017). Current status of Carposina autologa (Lepidoptera: Carposinidae), a biological control agent of silky hakea, Hakea sericea (Proteaceae) and rock hakea, Hakea gibbosa (Proteaceae) in the Western Cape, South Africa. African Entomology. 25(1): 250-253
266;0;Australia;Amyna natalis;Australian;2009;Holloway, J. (2009) Moths of Borneo 13. Family Noctuidae, subfamilies Pantheinae (part), Bagisarinae, Acontiinae, Aediinae, Eustrotiinae, Bryophilinae, Araeopteroinae, Aventiinae, Eublemminae and further miscellaneous genera. Malayan Nature Journal. 62 (1) : 1-240
267;0;Australia;Ategumia adipalis;Australian;2024;Commonwealth Scientific and Industrial Research Organization (CSIRO) (2024). Australian Moths Online - Australian National Insect Collection. Available at: https://moths.csiro.au/
268;0;Australia;Bactra venosana;Australian;2015;Sohn, J., Park, K. and Cho, S. (2015). Seven species of Olethreutinae (Lepidoptera: Tortricidae) new to Korea. Journal of Asia-Pacific Biodiversity. 8(2): 133-138
269;0;Australia;Callopistria maillardi;Australian;2024;de Prins J. and de Prins W. (2024). Afromoths, online database of Afrotropical moth species (Lepidoptera). Available at: http://www.afromoths.net
270;0;Australia;Rhynchopalpus brunella;Australian;2019;Joshi, R., Singh, N. and Laszlo, G. (2019). An updated checklist of subfamily Nolinae (Lepidoptera, Nolidae) from India. Records of the Zoological Survey of India. 119(3): 263-281
271;0;Australia;Cacyreus marshalli;Australian;2008;Quacchia, A., Ferracini, C., Bonelli, S., Balletto, E. and Alma, A. (2008). Can the Geranium Bronze, Cacyreus marshalli, become a threat for European biodiversity? Biodiversity and Conservation. 17: 1429-1437
272;0;Australia;Danaus chrysippus;Australian;2021;Westrip, J. (2021). Danaus chrysippus (errata version published in 2022). The IUCN Red List of Threatened Species 2021: e.T174455A222994680
273;0;Australia;Diplopseustis perieresalis;Australian;2006;Speidel, W., Nieukerken, E., Honey, M. and Koster, S. (2006). The exotic pyraloid moth Diplopseustis perieresalis (Walker) expanding in the West Palaearctic Region (Crambidae: Spilomelinae). Nota lepiderologica. 29(3): 185‚Äì192
274;0;Australia;Danaus plexippus;Australian;2022;Walker, A., Oberhauser, K., Pelton, E. and Pleasants, J. (2022). Danaus plexippus (errata version published in 2022). The IUCN Red List of Threatened Species 2022: e.T159971A219149911
275;0;Australia;Chrysodeixis eriosoma;Australian;2024;de Prins J. and de Prins W. (2024). Afromoths, online database of Afrotropical moth species (Lepidoptera). Available at: http://www.afromoths.net
276;0;Australia;Parapoynx crisonalis;Australian;2017;Chen, Q., Li, N., Wang, X., Ma, L., Huang, J. and Huang, G. (2017). Age-stage, two-sex life table of Parapoynx crisonalis (Lepidoptera: Pyralidae) at different temperatures. PloS one. 12(3): e0173380
277;0;Australia;Parapoynx diminutalis;Australian;1996;Buckingham, G. and Bennett, C. (1996). Laboratory biology of an immigrant Asian moth, Parapoynx diminutalis (Lepidoptera: Pyralidae), on Hydrilla verticillata (Hydrocharitaceae). Florida Entomologist. 79(3): 353-353
278;0;Australia;Parapoynx polydectalis;Australian;2019;Purcell, M., Harms, N., Grodowitz, M., Zhang, J., Ding, J., Wheeler, G., ... and de Chenon, R. (2019). Exploration for candidate biological control agents of the submerged aquatic weed Hydrilla verticillata, in Asia and Australia 1996‚Äì2013. BioControl. 64: 233-247
279;0;Australia;Earias vittella;Australian;2003;Nash, S. (2003). Earias vittella (Fabricius) (Lep.: Noctuidae) the first occurrence of wild-caught moths in Europe. Entomologist‚Äôs Record and Journal of Variation 115: 187‚Äì188
280;0;Australia;Neomusotima conspurcatalis;Australian;2018;McCulloch, G., Makinson, J., Zonneveld, R., Purcell, M., Raghu, S. and Walter, G. (2018). Assessment of genetic structuring in the Lygodium fern moths Austromusotima camptozonale and Neomusotima conspurcatalis in their native range: implications for biological control. Biological Control. 121: 8-13
281;0;Australia;Neomusotima conspurcatalis;Australian;2004;Solis, M., Yen, S. and Goolsby, J. (2004). Species of Lygomusotima new genus and Neomusotima Yoshiyasu (Lepidoptera: Crambidae) from Australia and southeastern Asia feeding on Lygodium microphyllum (Schizaeaceae). Annals of the Entomological Society of America. 97(1): 64-76
282;0;Australia;Helicoverpa armigera;Australian;2017;Tay, W., Walsh, T., Downes, S., Anderson, C., Jermiin, L., Wong, T., ... and Gordon, K. (2017). Mitochondrial DNA and trade data support multiple origins of Helicoverpa armigera (Lepidoptera, Noctuidae) in Brazil. Scientific Reports. 7: 45302
283;0;Australia;Rhyacionia buoliana;Australian;2020;Fuentes, N., Marticorena, A., Saldana, A. Jerez, R., Ortiz, J., Victoriano, P., and ... Rey-Aguirre, A. (2020). Multi-taxa inventory of naturalized species in Chile (including native Chilean species introduced in other areas of the national territory outside of their original range). Neobiota. 60: 25-41
284;0;Australia;Elophila difflualis;Australian;2010;Chen, F., Wu, C. and Xue, D. (2010). A review of the genus Elophila Hubner, 1822 in China (Lepidoptera: Crambidae: Acentropinae). Aquatic insects. 32(1): 35-60
285;0;Australia;Arcte coerula;Australian;2022;Au, M. and Wright, M. (2022). Ramie Moth, Arcte coerula (Lepidoptera: Noctuidae): A New Invasive Pest in Hawaii on Endemic Plants. Proceedings of the Hawaiian Entomological Society. 54: 63-76
286;0;Australia;Teia anartoides;Australian;2024;CAB International (CABI) (2024). CABI Invasive Species Compendium. Available at: https://www.cabidigitallibrary.org/product/QI
287;0;Australia;Assara seminivale;Australian;2024;Austin, K. and Rubinoff, D. (2024). New records of introduced Lepidoptera in the Hawaiian Islands for the year 2023. British Museum Occasional Papers. 156: 111-121
288;0;Australia;Ophiusa disjungens;Australian;2005;Holloway, J. (2005). The Moths of Borneo, Parts 15 & 16 Noctuidae: Catocalinae. Southdene Sdn Bhd. Available online at: https://www.mothsofborneo.com/part-15-16/index.htm
289;0;Australia;Barea asbolaea;Australian;2000;Common, I. (2000). Oecophorine genera of Australia III: the Barea group and unplaced genera (Lepidoptera: Oecophoridae) (Vol. 8). Csiro Publishing.
290;0;Australia;Uresiphita ornithopteralis;Australian;1978;Bashford, R. (1978). The biology of the Tree Lucerne MothUresiphita ornithopteralis(Guenee)(Lepidoptera: Pyralidae) in southern Tasmania. The Australian Entomologist, 5(4): 71-76
291;0;Oceania;Anisoplaca cosmia;Australian;1956;Bradley, J. (1956). Records and descriptions of microlepidoptera from Lord Howe Island and Norfolk Island collected by the British Museum (Natural History) Rennell Island Expedition, 1953. Bulletin of the British Museum (Natural History) - Entomology Series. 4(4): 143-164
292;0;Oceania;Achaea janata;Australian;1978;Edwards, E. (1978). A review of the genus Archaea in Australia (Lepidoptera: Noctuidae). Journal of the Australian Entomological Society. 17: 329-340
293;0;Oceania;Ophiusa disjungens;Oceanina;2005;Holloway, J. (2005). The Moths of Borneo, Parts 15 & 16 Noctuidae: Catocalinae. Southdene Sdn Bhd. Available online at: https://www.mothsofborneo.com/part-15-16/index.htm
294;0;Asia;Achaea janata;Oriental;1978;Edwards, E. (1978). A review of the genus Archaea in Australia (Lepidoptera: Noctuidae). Journal of the Australian Entomological Society. 17: 329-340
295;0;Europe;Acrobasis glaucella;Palearctic;1996;Karsholt, O. and Razowski, J. (1996). The Lepidoptera of Europe. A Distributional Checklist: 380 pp. Apollo Books, Stenstrup
296;0;Europe;Araschnia levana;Palearctic;2009;Tolman, T. and Lewington, R. (2009). Collins Butterfly Guide. HarperCollins Publishers
297;0;Europe;Notocelia rosaecolana;Palearctic;2007;Khramov, P. (Ed.) (2007). Insecta.pro: international entomological community. Available online at: https://insecta.pro
298;0;Europe;Argyresthia laevigatella;Palearctic;2007;Khramov, P. (Ed.) (2007). Insecta.pro: international entomological community. Available online at: https://insecta.pro
299;0;Europe;Argyresthia curvella;Palearctic;2007;Khramov, P. (Ed.) (2007). Insecta.pro: international entomological community. Available online at: https://insecta.pro
300;0;Europe;Argyresthia fundella;Palearctic;2007;Khramov, P. (Ed.) (2007). Insecta.pro: international entomological community. Available online at: https://insecta.pro
301;0;Europe;Caloptilia roscipennella;Palearctic;2007;Khramov, P. (Ed.) (2007). Insecta.pro: international entomological community. Available online at: https://insecta.pro
302;0;Europe;Coleophora spiraeella;Palearctic;2010;Lopez-Vaamonde, C., Agassiz, D., Augustin, S., De Prins, J., De Prins, W., Gomboc, S., ... and Lees, D. (2010). Lepidoptera. Chapter 11. BioRisk 4: 603-668
303;0;Europe;Cydia grunertiana;Palearctic;2020;Roy, D., Alderman, D., Anastasiu, P., Arianoutsou, M., Augustin, S., Bacher, S., ... and Reyserhove, L., (2020). DAISIE - Delivering Alien Invasive Species Inventories for Europe. Available at: http://www.europe-aliens.org/
304;0;Europe;Eupithecia abietaria;Palearctic;2007;Khramov, P. (Ed.) (2007). Insecta.pro: international entomological community. Available online at: https://insecta.pro
305;0;Europe;Heringocrania unimaculella;Palearctic;2007;Khramov, P. (Ed.) (2007). Insecta.pro: international entomological community. Available online at: https://insecta.pro
306;0;Europe;Scrobipalpa ocellatella;Palearctic;2019;Bidzilya, O., Karsholt, O., Kravchenko, V. and Sumpich, J. (2019). An annotated checklist of Gelechiidae (Lepidoptera) of Israel with description of two new species. Zootaxa. 4677(1): 1-68
307;0;Europe;Adoxophyes orana;Palearctic;2007;Khramov, P. (Ed.) (2007). Insecta.pro: international entomological community. Available online at: https://insecta.pro
308;0;Europe;Lymantria monacha;Palearctic;2024;CAB International (CABI) (2024). CABI Invasive Species Compendium. Available at: https://www.cabidigitallibrary.org/product/QI
309;0;Europe;Euplexia lucipara;Palearctic;2018;Amer, A., El Torkey, A. and Al Azab, S. (2018). Review of subfamily: Xyleninae of Egypt (Lepidoptera, Noctuidae). Egyptian Academic Journal of Biological Sciences. 11(5): 103-125
310;0;Europe;Cabera leptographa;Palearctic;2007;Khramov, P. (Ed.) (2007). Insecta.pro: international entomological community. Available online at: https://insecta.pro
311;0;Europe;Neptis rivularis;Palearctic;2002;Kudrna, O. (2002) The distribution atlas of European butterflies. Oedippus. 20: 1‚Äì343
312;0;Europe;Gracillaria syringella;Palearctic;2024;de Prins J. and de Prins W. (2024). Global Taxonomic Database of Gracillariidae (Lepidoptera). Avaliable at: http://www.gracillariidae.net
313;0;Europe;Coleophora coracipennella;Palearctic;2007;Khramov, P. (Ed.) (2007). Insecta.pro: international entomological community. Available online at: https://insecta.pro
314;0;Europe;Coleophora frischella;Palearctic;2007;Khramov, P. (Ed.) (2007). Insecta.pro: international entomological community. Available online at: https://insecta.pro
315;0;Europe;Chrysoclista linneela;Palearctic;2007;Khramov, P. (Ed.) (2007). Insecta.pro: international entomological community. Available online at: https://insecta.pro
316;0;Europe;Daphnis nerii;Palearctic;2024;Pittaway, A. (2024). Sphingidae of the Western Palaearctic (including Europe, North Africa, the Middle East, western Siberia and western Central Asia). Available at: https://tpittaway.tripod.com/sphinx/list.htm
317;0;Europe;Coleophora striatipennella;Palearctic;2007;Khramov, P. (Ed.) (2007). Insecta.pro: international entomological community. Available online at: https://insecta.pro
318;0;Europe;Depressaria radiella;Palearctic;2007;Khramov, P. (Ed.) (2007). Insecta.pro: international entomological community. Available online at: https://insecta.pro
319;0;Europe;Blastobasis glandulella;Palearctic;2007;Khramov, P. (Ed.) (2007). Insecta.pro: international entomological community. Available online at: https://insecta.pro
320;0;Europe;Phyllonorycter leucographella;Palearctic;2007;Triberti, P. (2007). The Phyllonorycter species from Palaearctic Region feeding on Rosaceae (Lepidoptera, Gracillariidae). Bollettino del Museo Civico di Storia Naturale di Verona. 31: 147-221
321;0;Europe;Anacampsis populella;Palearctic;2009;Holloway, J. (2009) Moths of Borneo 13. Family Noctuidae, subfamilies Pantheinae (part), Bagisarinae, Acontiinae, Aediinae, Eustrotiinae, Bryophilinae, Araeopteroinae, Aventiinae, Eublemminae and further miscellaneous genera. Malayan Nature Journal. 62 (1) : 1-240
322;0;Europe;Apamea unanimis;Palearctic;2007;Khramov, P. (Ed.) (2007). Insecta.pro: international entomological community. Available online at: https://insecta.pro
323;0;Europe;Apterona helicoidella;Palearctic;2007;Khramov, P. (Ed.) (2007). Insecta.pro: international entomological community. Available online at: https://insecta.pro
324;0;Europe;Archips oporana;Palearctic;2007;Khramov, P. (Ed.) (2007). Insecta.pro: international entomological community. Available online at: https://insecta.pro
325;0;Europe;Athrips rancidella;Palearctic;2007;Khramov, P. (Ed.) (2007). Insecta.pro: international entomological community. Available online at: https://insecta.pro
326;0;Europe;Batia lunaris;Palearctic;2007;Khramov, P. (Ed.) (2007). Insecta.pro: international entomological community. Available online at: https://insecta.pro
327;0;Europe;Gracillaria syringella;Palearctic;2007;Khramov, P. (Ed.) (2007). Insecta.pro: international entomological community. Available online at: https://insecta.pro
328;0;Europe;Caradrina morpheus;Palearctic;2007;Khramov, P. (Ed.) (2007). Insecta.pro: international entomological community. Available online at: https://insecta.pro
329;0;Europe;Choreutis pariana;Palearctic;2007;Khramov, P. (Ed.) (2007). Insecta.pro: international entomological community. Available online at: https://insecta.pro
330;0;Europe;Clepsis spectrana;Palearctic;2007;Khramov, P. (Ed.) (2007). Insecta.pro: international entomological community. Available online at: https://insecta.pro
331;0;Europe;Coleophora colutella;Palearctic;2007;Khramov, P. (Ed.) (2007). Insecta.pro: international entomological community. Available online at: https://insecta.pro
332;0;Europe;Cydia coniferana;Palearctic;2007;Khramov, P. (Ed.) (2007). Insecta.pro: international entomological community. Available online at: https://insecta.pro
333;0;Europe;Cymolomia hartigiana;Palearctic;2007;Khramov, P. (Ed.) (2007). Insecta.pro: international entomological community. Available online at: https://insecta.pro
334;0;Europe;Dichelia histrionana;Palearctic;2007;Khramov, P. (Ed.) (2007). Insecta.pro: international entomological community. Available online at: https://insecta.pro
335;0;Europe;Grapholita delineana;Palearctic;2007;Khramov, P. (Ed.) (2007). Insecta.pro: international entomological community. Available online at: https://insecta.pro
336;0;Europe;Hyles euphorbiae;Palearctic;1993;Meerman, J. (1993). Relationships within the Hyles euphorbiae-complex: a numerical taxonomy approach (Lepidoptera: Sphingidae). Entomologists Gazette. 44: 205-205
337;0;Europe;Lobesiodes euphorbiana;Palearctic;2007;Khramov, P. (Ed.) (2007). Insecta.pro: international entomological community. Available online at: https://insecta.pro
338;0;Europe;Metzneria paucipunctella;Palearctic;2018;Government of British Columbia (2018). Metzneria paucipunctella Zell. Available at: https://www2.gov.bc.ca/assets/gov/farming-natural-resources-and-industry/forestry/agents/metzneria_paucipunctella.pdf
339;0;Europe;Leucoptera sinuella;Palearctic;2007;Khramov, P. (Ed.) (2007). Insecta.pro: international entomological community. Available online at: https://insecta.pro
340;0;Europe;Argyresthia trifasciata;Palearctic;2014;Konecna, H. and Sefrova, H. (2014). Morphology, biology and control possibilities of two Argyresthia species‚ÄìA. thuiella and A. trifasciata (Lepidoptera: Argyresthiidae). Acta Universitatis Agriculturae et Silviculturae Mendelianae Brunensis. 62(3): 529-538
341;0;Europe;Caloptilia rufipennella;Palearctic;2007;Khramov, P. (Ed.) (2007). Insecta.pro: international entomological community. Available online at: https://insecta.pro
342;0;Asia;Elophila nymphaeata;Palearctic;1984;Speidel, W. (1984). Revision der Acentropinae des palaearktischen Faunengebietes (Lepidoptera: Crambidae). Neue entomologische Nachrichten. 12: 1‚Äì157
343;0;Asia;Archips xylosteana;Palearctic;2024;CAB International (CABI) (2024). CABI Invasive Species Compendium. Available at: https://www.cabidigitallibrary.org/product/QI
344;0;Asia;Euplexia lucipara;Palearctic;2018;Amer, A., El Torkey, A. and Al Azab, S. (2018). Review of subfamily: Xyleninae of Egypt (Lepidoptera, Noctuidae). Egyptian Academic Journal of Biological Sciences. 11(5): 103-125
345;0;Asia;Autographa gamma;Palearctic;2014;Sullivan, M. and T. Molet. (2007). CPHST Pest Datasheet for Autographa gamma. USDA-APHIS-PPQ-CPHST. Revised January 2014.
346;0;Asia;Bradyrrhoa gilveolella;Palearctic;2000;Littlefield, J., Birdsall, J., Helsley, J. and Markin, G. (2000). A petition for the introduction and field release of the Chondrilla root moth, Bradyrrhoa gilveolella (Treitschke), for the biological control of rush skeletonweed in North America. USDA-APHIS Biological Control of Weeds Petition.
347;0;Africa;Earias biplaga;Afrotropical;2016;de Prins, W. and Mazzei, P. (2016). Some faunistic notes on selected moth species (Lepidoptera) from the Seychelles. Phelsuma. 24: 21-34
348;0;Europe;Blastobasis phycidella;Palearctic;2009;de Prins, W., de Prins, G. and Larsen, K. (2009). Blastobasis adustella (Lepidoptera: Coleophoridae, Blastobasinae), new to the Belgian list. Phegea. 37(3): 111-118
349;0;Europe;Choristoneura lafauryana;Palearctic;2007;Khramov, P. (Ed.) (2007). Insecta.pro: international entomological community. Available online at: https://insecta.pro
350;0;Europe;Clavigesta sylvestrana;Palearctic;1997;Vieira, V. (1997). Lepidoptera of the Azores Islands. Boletim do Museu Municipal do Funchal. 49(273): 5-76
351;0;Europe;Ocnerostoma friesei;Palearctic;1990;Koster, J. (1990). Het geslacht Ocnewstoma in Nederland (Lepidoptera: Yponomeutidae). Entomologische berichten. 50 (11): 149-153.
352;0;Europe;Polychrysia moneta;Palearctic;2017;Saulich, A., Sokolova, I. and Musolin, D. (2017). Seasonal cycles of noctuid moths of the subfamily Plusiinae (Lepidoptera, Noctuidae) of the Palaearctic: diversity and environmental control. Entomological Review. 97: 143-157
353;0;Europe;Danaus plexippus;Palearctic;2022;Walker, A., Oberhauser, K., Pelton, E. and Pleasants, J. (2022). Danaus plexippus (errata version published in 2022). The IUCN Red List of Threatened Species 2022: e.T159971A219149911
354;0;Europe;Cnephasia longana;Palearctic;2007;Khramov, P. (Ed.) (2007). Insecta.pro: international entomological community. Available online at: https://insecta.pro
355;0;Europe;Lymantria dispar;Palearctic;2007;Pogue, M. (2007). A Review of Selected Species of Lymantria Hubner (1819) (Lepidoptera: Noctuidae: Lymantriinae) from Subtropical and Temperate Regions of Asia, Including the Descriptions of Three New Species, Some Potentially Invasive to North America. U.S. Department of Agriculture, Forest Health Technology Enterprise Team. 223 pp
356;0;Africa;Mussidia nigrivenella;Afrotropical;1999;Setamou, M., Schulthess, F., Bosque-Perez, N., Poehling, H. and Borgemeister, C. (1999). Bionomics of Mussidia nigrivenella (Lepidoptera: Pyralidae) on three host plants. Bulletin of Entomological Research. 89(5): 465-471
357;0;Africa;Vanessa cardui;Afrotropical;2020;Walker, A. and Coetzer, A. (2020). Vanessa cardui. The IUCN Red List of Threatened Species 2020: e.T174379A161326679.
358;0;Africa;Helicoverpa armigera;Afrotropical;2017;Tay, W., Walsh, T., Downes, S., Anderson, C., Jermiin, L., Wong, T., ... and Gordon, K. (2017). Mitochondrial DNA and trade data support multiple origins of Helicoverpa armigera (Lepidoptera, Noctuidae) in Brazil. Scientific Reports. 7: 45302
359;0;Asia;Chilo infuscatellus;Oriental;2024;Li, A., Chen, Z., Liao, F., Zhao, Y., Qin, C., Wang, M., ... and Huang, D. (2024). Sugarcane borers: species, distribution, damage and management options. Journal of Pest Science, 97(3): 1171-1201
360;0;Asia;Parapoynx stagnalis;Oriental;1993;Waterhouse, D. (1993). The major arthropod pests and weeds of agriculture in Southeast Asia: distribution, importance and origin. Australian Centre for International Agricultural Research - ACIAR. Ausralia, Camberra. 
361;0;Asia;Pachliopta aristolochiae;Oriental;2020;Rushbrooke, M., Jangid, A., Alwis, C., Barve, V., Chowdhury, S., Irungbam, J., ... and Tiple, A. (2020). Pachliopta aristolochiae (amended version of 2019 assessment). The IUCN Red List of Threatened Species 2020: e.T121971639A170544412
362;0;Asia;Actias selene;Oriental;2007;Choldumrongkul, S., Tubtim, N. and Ratanachan, S. (2007). Geographical distribution and status of Actias Moths in Thailand. Walailak Journal of Science and Technology (WJST). 4(2): 203-213
363;0;Asia;Antheraea paphia;Oriental;2016;Peigler, R. and Naumann, S. (2016) What exactly is Antheraea paphia (Linnaeus, 1758)? (Lepidoptera, Saturnidae). Atalanta. 47(3): 500-520
364;0;Asia;Euploea core;Oriental;2011;Muller, C. and Tennent, W. (2011). Euploea core. The IUCN Red List of Threatened Species 2011: e.T160339A5362889
365;0;Asia;Lymantria mathura;Oriental;2024;CAB International (CABI) (2024). CABI Invasive Species Compendium. Available at: https://www.cabidigitallibrary.org/product/QI
366;0;Asia;Papilio demoleus;Oriental;2020;Riaz, S., Johnson, J., Rasheed, T. and Wiemers, M. (2020). Morphology, life cycle and management of two invasive subspecies of Papilio demoleus (Lepidoptera: Papilionidae): A review. Journal of Applied Entomology. 144: 845‚Äì856
367;0;Asia;Phalanta phalantha;Oriental;2021;Westrip, J. (2021). Phalanta phalantha (errata version published in 2022). The IUCN Red List of Threatened Species 2021: e.T162638397A223003677
368;0;Asia;Earias cupreoviridis;Oriental;2016;Mazed, M., Alam, M., Miah, M., Hossain, M. and Mian, M. (2016). Identification of okra shoot and fruit borer infesting okra and their distribution in Bangladesh. Bangladesh Journal of Agricultural Research. 41(4): 657-665
369;0;Asia;Aproaerema modicella;Oriental;1993;Shanower, T., Wightman, J. and Gutierrez, A. (1993). Biology and control of the groundnut leafminer, Aproaerema modicella (Deventer)(Lepidoptera: Gelechiidae). Crop Protection. 12(1): 3-10
370;0;Asia;Scirpophaga incertulas;Oriental;2006;Chen, F., Song, S. and Wu, C. (2006). A review of the genus Scirpophaga Treitschke, 1832 in China (Lepidoptera: Pyralidae). Zootaxa, 1236(1): 1-22
371;0;Asia;Appias lyncida;Oriental;2017;Al Haidar, I., Ahsan, M., Abbas, S. and Kabir, M. (2017). Species diversity and habitat preference of butterflies (Insecta: Lepidoptera) in Inani Reserve Forest of Cox‚Äôs Bazar, Bangladesh. Journal of Insect Biodiversity and Systematics. 3(1): 47-67
372;0;Asia;Leucinodes orbonalis;Oriental;2015;Mally, R., Korycinska, A., Agassiz, D., Hall, J., Hodgetts, J. and Nuss, M. (2015). Discovery of an unknown diversity of Leucinodes species damaging Solanaceae fruits in sub-Saharan Africa and moving in trade (Insecta, Lepidoptera, Pyraloidea). ZooKeys. 472: 117‚Äì162
373;0;Asia;Lampides boeticus;Oriental;2021;Edge, D. and Westrip, J. (2021). Lampides boeticus. The IUCN Red List of Threatened Species 2021: e.T174427A161341394
374;0;Asia;Chilo partellus;Oriental;1990;Harris, K. (1990). Keynote address: bioecology of Chilo species. International Journal of Tropical Insect Science. 11(4): 467-477
375;0;Asia;Chilo suppressalis;Oriental;2024;CAB International (CABI) (2024). CABI Invasive Species Compendium. Available at: https://www.cabidigitallibrary.org/product/QI
376;0;Asia;Hypena strigatus;Oriental;2013;Kononenko, V. and Pinratana, A. (2013). Moths of Thailand. Noctuoidea. An illustrated Catalogue of Erebidae, Nolidae, Euteliidae and Noctuidae (Insecta, Lepidoptera) in Thailand. Brothers of St. Gabriel in Thailand. Bangkok.
377;0;Asia;Danaus chrysippus;Oriental;2021;Westrip, J. (2021). Danaus chrysippus (errata version published in 2022). The IUCN Red List of Threatened Species 2021: e.T174455A222994680
378;0;Europe;Acalyptris platani;Palearctic;2007;van Nieukerken, E. (2007). Acalyptris Meyrick: revision of the platani and staticis groups in Europe and the Mediterranean (Lepidoptera: Nepticulidae). Zootaxa. 1436: 1‚Äì48
379;0;Europe;Bradyrrhoa gilveolella;Palearctic;2000;Littlefield, J., Birdsall, J., Helsley, J. and Markin, G. (2000). A petition for the introduction and field release of the Chondrilla root moth, Bradyrrhoa gilveolella (Treitschke), for the biological control of rush skeletonweed in North America. USDA-APHIS Biological Control of Weeds Petition.
380;0;Europe;Bactra venosana;Palearctic;2007;Khramov, P. (Ed.) (2007). Insecta.pro: international entomological community. Available online at: https://insecta.pro
381;0;Europe;Dialectica scalariella;Palearctic;2023;Langdon, W. (2023). Dialectica scalariella (Zeller, 1850)(Lep.: Gracillariidae) at Dungeness, Kent: The first British Breeding Record. Entomologists Record & Journal of Variation. 135: 6-18
382;0;Europe;Archips xylosteana;Palearctic;2008;Hoebeke, E., Wheeler, A. and Brown, J. (2008). Archips xylosteana (L.)(Lepidoptera: Tortricidae), a palearctic leafroller new to North America. Proceedings of the Entomological Society of Washington. 110(3): 789-795
383;0;North America;Stylopalpia luniferella;Panamanian;1901;Hampson, G. (1901). Lepidoptera - Phalaenae of the Bahamas. Annals of Natural History 7: 246-261
384;0;North America;Lipographis subosseella;Panamanian;1992;Frank, J. and McCoy, E. (1992). Introduction to the Behavioral Ecology of Immigration. The Immigration of Insects to Florida, with a Tabulation of Records Published Since 1970. The Florida Entomologist.75(1): 1-28
385;0;North America;Mythimna unipuncta;Panamanian;2024;CAB International (CABI) (2024). CABI Invasive Species Compendium. Available at: https://www.cabidigitallibrary.org/product/QI
386;0;North America;Anomis erosa;Panamanian;1883;Grote, A. (1883). Introduction to a Study of the North American Noctuidae. Proceedings of the American Philosophical Society. 21(114): 134-176
387;0;North America;Callopistria floridensis;Panamanian;1913;Chittenden, F. (1913). The Florida fern caterpillar (No. 125). US Department of Agriculture, Bureau of Entomology.
388;0;North America;Pareuchaetes insulata;Panamanian;1993;Kluge, R. and Caldwell, P. (1993). Host specificity of Pareuchaetes insulata (Lep.: Arctiidae), a biological control agent for Chromolaena odorata (Compositae). Entomophaga. 38: 451-457
389;0;North America;Ategumia ebulealis;Panamanian;2022;Brou, V. and Brou, C. (2022). Abita Entomological Study Site. Southern Lepidopterists News. 44(5): 409-460
390;0;North America;Bema neuricella;Panamanian;1992;Frank, J. and McCoy, E. (1992). Introduction to the Behavioral Ecology of Immigration. The Immigration of Insects to Florida, with a Tabulation of Records Published Since 1970. The Florida Entomologist.75(1): 1-28
391;0;North America;Empyreuma affinis;Panamanian;1992;Frank, J. and McCoy, E. (1992). Introduction to the Behavioral Ecology of Immigration. The Immigration of Insects to Florida, with a Tabulation of Records Published Since 1970. The Florida Entomologist.75(1): 1-28
392;0;North America;Cyclargus ammon;Panamanian;2006;Matthews, D. and Duncan, M. (2006). Additional records of Cyclargus ammon (Lycaenidae: Lycaeninae) in the Florida Keys. Journal of the Lepidopterists Society. 60(2): 97-99.
393;0;North America;Thecla limenia;Panamanian;1978;Scott, J. (1986). Distribution of Caribbean Butterflies. Papilio. 3: 1-26.
394;0;Europe;Stigmella suberivora;Palearctic;2003;van Nieukerken, E. and Johansson, R. (2003). The Quercus feeding Stigmella species of the West Palaearctic: new species, key and distribution (Lepidoptera: Nepticulidae). Tijdschrift voor Entomologie. 146: 307-370
395;0;Europe;Phyllonorycter messaniella;Palearctic;2007;Triberti, P. (2007). The Phyllonorycter species from Palaearctic Region feeding on Rosaceae (Lepidoptera, Gracillariidae). Bollettino del Museo Civico di Storia Naturale di Verona. 31: 147-221
396;0;Europe;Caradrina clavipalpis;Palearctic;2024;de Prins J. and de Prins W. (2024). Afromoths, online database of Afrotropical moth species (Lepidoptera). Available at: http://www.afromoths.net
397;0;North America;Stenoma catenifer;Panamanian;2008;Hoddle, M. and Hoddle, C. (2008). Bioecology of Stenoma catenifer (Lepidoptera: Elachistidae) and associated larval parasitoids reared from Hass avocados in Guatemala. Journal of Economic Entomology, 101(3): 692-698
398;0;North America;Vanessa virginiensis;Panamanian;2020;Walker, A. (2020). Vanessa virginiensis. The IUCN Red List of Threatened Species 2020: e.T161254A882795
399;0;North America;Anartia fatima;Panamanian;2022;Pfeiler, E., Nazario-Yepiz, N., Hernandez-Cervantes, P., and Markow, T. (2022). Phenotypic diversity, population genetics and interspecific relationships of the Neotropical banded peacock butterfly Anartia fatima (Nymphalidae: Nymphalinae). Biological Journal of the Linnean Society. 136(1): 135-144
400;0;North America;Leuciris fimbriaria;Panamanian;2002;Pitkin, L. (2002). Neotropical ennomine moths: a review of the genera (Lepidoptera: Geometridae). Zoological journal of the Linnean Society. 135(2): 121-401
401;0;North America;Brephidium exilis;Panamanian;2022;Calhoun, J. and Smith, R. (2022). Brephidium exilis (Lycaenidae) Colonizes the Tampa Bay Area as a New Florida State Record. Southern Lepidopterists News. 44(4): 487-493
402;0;North America;Danaus plexippus;Panamanian;2022;Walker, A., Oberhauser, K., Pelton, E. and Pleasants, J. (2022). Danaus plexippus (errata version published in 2022). The IUCN Red List of Threatened Species 2022: e.T159971A219149911
403;0;North America;Chloridea virescens;Panamanian;2013;Pogue, M. (2013). Revised status of Chloridea Duncan and (Westwood), 1841, for the Heliothis virescens species group (Lepidoptera: Noctuidae: Heliothinae) based on morphology and three genes. Systematic Entomology. 38: 523‚Äì542
404;0;North America;Thessalia theona;Panamanian;2016;Erenler, H., Leonardi, R., Gillman, M., Maes, J. and Tellez, E. (2016). Butterfly Diversity at Lost Canyon Nature Reserve, Nicaragua, including a new country record. Revista Nicaraguense de Entomologia. 106
405;0;South America;Symmetrischema tangolias;Neotropical;2016;Sporleder, M., Carhuapoma, P. and Kroschel, J. (2016). Andean potato tuber moth, Symmetrischema tangolias (Gyen 1913). In: Kroschel, J., Mujica, N., Carhuapoma, P. and Sporleder, M. (eds.). Pest distribution and risk atlas for Africa. Potential global and regional distribution and abundance of agricultural and horticultural pests and associated biocontrol agents under current and future climates. Lima (Peru). International Potato Center (CIP).
406;0;South America;Vanessa virginiensis;Neotropical;2020;Walker, A. (2020). Vanessa virginiensis. The IUCN Red List of Threatened Species 2020: e.T161254A882795
407;0;South America;Palpita persimilis;Neotropical;2012;Hayden, J. and Buss, L. (2012). Olive shootworm (Palpita persimilis) in Florida. Florida Department of Agriculture and Consumer Services - Division of Plant Industry - Entomology Circular. 426
408;0;South America;Antichloris eriphia;Neotropical;2016;Gernaat, H. (2016). Notes on the early stages of Antichloris eriphia (Erebidae: Arctiinae) in Suriname. The Journal of the Lepidopterists Society. 70(4): 311-314
409;0;South America;Antichloris steinbachi;Neotropical;1975;Field, W. (1975). Ctenuchid moths of Ceramidia Butler, Ceramidiodes Hampson, and the caca species group of Antichloris Hubner. Smithsonian Contributions to Zoology. 198: 45pp
410;0;South America;Phthorimaea operculella;Neotropical;2013;Kroschel, J. and Zegarra, O. (2013). Attract-and-kill as a new strategy for the management of the potato tuber moths Phthorimaea operculella (Zeller) and Symmetrischema tangolias (Gyen) in potato: evaluation of its efficacy under potato field and storage conditions. Pest management science. 69(11): 1205-1215
411;0;South America;Diatraea rufescens;Neotropical;2016;Solis, M. and Metz, M. (2016). An illustrated guide to the identification of the known species of Diatraea Guilding (Lepidoptera, Crambidae, Crambinae) based on genitalia. ZooKeys. 565: 73‚Äì121
412;0;South America;Herpetogramma bipunctalis;Neotropical;2013;Diez-Rodriguez, G., Hubner, L., Antunes, L. and Nava, D. (2013). Herpetogramma bipunctalis (Lepidoptera: Crambidae) biology and techniques for rearing on leaves of the blackberry (Rubus spp., Rosaceae). Brazilian Journal of Biology. 73: 179-184
413;0;South America;Chloridea virescens;Neotropical;2013;Pogue, M. (2013). Revised status of Chloridea Duncan and (Westwood), 1841, for the Heliothis virescens species group (Lepidoptera: Noctuidae: Heliothinae) based on morphology and three genes. Systematic Entomology. 38: 523‚Äì542
414;0;South America;Ancylostomia stercorea;Neotropical;1972;Barrow, R. (1972). The bionomics of Ancyclostomia stercorea (zeller): a pod-borer on pigeon pea in Trinidad. [PhD Thesis, McGill University, Quebec]
415;0;South America;Anomis illita;Neotropical;2013;Lafontaine, J. and Schmidt, B. (2013). Additions and corrections to the check list of the Noctuoidea (Insecta, Lepidoptera) of North America north of Mexico. ZooKeys 264: 227‚Äì236
416;0;South America;Bactra philocherda;Neotropical;2008;Razowski, J., Landry, B. and Roque-Albelo, L. (2008). The Tortricidae (Lepidoptera) of the Galapagos Islands, Ecuador. Revue suisse de zoologie, 115(1): 185
417;0;South America;Stenoma decora;Neotropical;2018;Ventura, J., Rosa, R., Gomes, C., Fornazier, M., Martins, D., Alves, W., ... and Souza, C. (2018). Infesta√ß√£o de Stenoma decora Zeller (Elachistidae: Lepidoptera) em clones de cacau no Estado do Esp√≠rito Santo. II SICT do Incaper (2017) Programa: PIBIC ‚Äì Controle n¬∫ 003
418;0;South America;Epidromia pannosa;Neotropical;1986;Solis, M. (1986). A new species of Epidromia (Noctuidae) from Florida. Journal of the Lepidopterists Society. 40(1): 8-19.
419;0;South America;Callopistria floridensis;Neotropical;1913;Chittenden, F. (1913). The Florida fern caterpillar (No. 125). US Department of Agriculture, Bureau of Entomology.
420;0;South America;Caphys biliniata;Neotropical;2023;Rodriguez, A., Trilleras, C., Bazurto, L., de la Torre, R., Aldana, I., Arias, L., ... and Villarraga, N. (2023). Capiitulo XIII Insectos asociados a los cultivares hi¬¥bridos interespeci¬¥ficos OxG. In: Romero, H. Los hibridos interespecificos OxG de palma de aceite. Cenipalma. Bogota D.C., Colombia.
421;0;South America;Erinnyis ello;Neotropical;1920;Moda, E. (1920). Sphingidae Of Para, Brazil. Novitates Zoologicae 27: 333-424
422;0;South America;Salbia haemorrhoidalis;Neotropical;2016;Landry, B. (2016). Taxonomic revision of the Spilomelinae (Lepidoptera, Pyralidae sl) of the Galapagos Islands, Ecuador. Revue suisse de Zoologie, 123(2), 315-399.
423;0;South America;Salbia haemorrhoidalis;Neotropical;2024;de Prins J. and de Prins W. (2024). Afromoths, online database of Afrotropical moth species (Lepidoptera). Available at: http://www.afromoths.net
424;0;South America;Azeta repugnalis;Neotropical;2002;Barnes, M. (2002). A preliminary illustrated catalogue of the larger moths of Jamaica. Available at: http://www.mbarnes.force9.co.uk/jamaicamoths/jamaicahome.htm
425;0;South America;Spodoptera frugiperda;Neotropical;2023;Tay, W., Meagher Jr, R., Czepak, C. and Groot, A. (2023). Spodoptera frugiperda: ecology, evolution, and management options of an invasive species.¬†Annual Review of Entomology. 68(1): 299-317
426;0;South America;Heliconius erato;Neotropical;1994;Brower, A. (1994). Rapid morphological radiation and convergence among races of the butterfly Heliconius erato inferred from patterns of mitochondrial DNA evolution. PNAS. 91(14): 6491-6495
427;0;South America;Castnia licus;Neotropical;2003;Gonzales, J. (2003). Castniinae (Lepidoptera: Castniidae) from Venezuela. V: Castnia Fabricius and Telchin Hu¬®bner. Boleti¬¥n del Centro de Investigaciones Biolo¬¥gicas. 37(3): 191-201
428;0;South America;Leuciris fimbriaria;Neotropical;2002;Pitkin, L. (2002). Neotropical ennomine moths: a review of the genera (Lepidoptera: Geometridae). Zoological journal of the Linnean Society. 135(2): 121-401
429;0;South America;Amyna axis;Neotropical;2010;Pogue, M. (2010). The Acontiinae and Eustrotiinae (Lepidoptera: Noctuidae) of Great Smoky Mountains National Park. Zootaxa. 2499: 1‚Äì20
430;0;South America;Crasimorpha infuscata;Neotropical;1964;Hodges, R. (1964) A new species of Crasimorpha reared from Schinus. Proceedings of the Entomological Society of Washington.  65: 303-305
431;0;South America;Mompha trithalama;Neotropical;2007;Koster, S., Alpizar, M., Badenes-Perez, F.and Nishida, K. (2007). Two species of the Mompha trithalama-complex as possible biological control of Koster‚Äôs curse and Velvet tree. XV European Congress of Lepidopterology - Berlin.
432;0;South America;Strymon bazochii;Neotropical;2014;Silva, N., Duarte, M., Araujo, E. and Morais, H. (2014). Larval biology of anthophagous Eumaeini (Lepidoptera: Lycaenidae, Theclinae) in the Cerrado of central Brazil. Journal of Insect Science. 14(184): 1-17
433;0;South America;Danaus plexippus;Neotropical;2022;Walker, A., Oberhauser, K., Pelton, E. and Pleasants, J. (2022). Danaus plexippus (errata version published in 2022). The IUCN Red List of Threatened Species 2022: e.T159971A219149911
434;0;South America;Lantanophaga pusillidactylus;Neotropical;2006;Gielis, C. (2006). Review of the Neotropical species of the family Pterophoridae, part I: Ochyroticinae, Deuterocopinae, Pterophorinae (Platyptiliini, Exelastini, Oxyptilini) (Lepidoptera). Zoologische Mededelingen. 80: 1-290
435;0;South America;Anypsipyla univitella;Neotropical;1956;Heinrich, C. (1956). Checklist of American Phycitinae. Bulletin of the United States National Museum. 207: 316‚Äì329
436;0;North America;Anomis illita;Panamanian;2013;Lafontaine, J. and Schmidt, B. (2013). Additions and corrections to the check list of the Noctuoidea (Insecta, Lepidoptera) of North America north of Mexico. ZooKeys 264: 227‚Äì236
437;0;North America;Erinnyis ello;Panamanian;1920;Moda, E. (1920). Sphingidae Of Para, Brazil. Novitates Zoologicae 27: 333-424
438;0;Asia;Borbo cinnara;Oriental;2024;Inayoshi, Y. (2024). A Check List of Butterflies in Indo-China - Chiefly from Thailand, Laos and Vietnam. Available at: https://yutaka.it-n.jp/index.html
439;0;Asia;Conopomorpha cramerella;Oriental;2024;de Prins J. and de Prins W. (2024). Global Taxonomic Database of Gracillariidae (Lepidoptera). Avaliable at: http://www.gracillariidae.net
440;0;Asia;Actias selene;Oriental;2016;Chutia, B., Nath, C. and Kakati, L. (2016). Conservation strategies of Actias selene Hubner: A wild silk moth in Nagaland, India. Environment Conservation Journal. 17(1): 41-45
441;0;Asia;Ostrinia furnacalis;Oriental;1991;Nafus, D. and Schreiner, I. (1991). Review of the biology and control of the Asian corn borer, Ostrinia furnacalis (Lep: Pyralidae). International Journal of Pest Management. 37(1): 41-56
442;0;Asia;Trilocha varians;Oriental;2021;Ramzan, M., Naeem-Ullah, U., Sial, M., Iqbal, N. and Saeed, S. (2021). Distribution, biology and management strategies about a less studied insect pest (Trilocha varians) of Ficus: a review. Pakistan Journal of Agricultural Research. 34(3): 638-642
443;0;Asia;Pericyma cruegeri;Oriental;2020;Ekka, R., Shaw, S., Meshram, Y. and Swamy, S. (2020). Outbreak of Poinciana looper moth, Pericyma cruegeri (Butler)(Lepidoptera: Erebidae) in the Korba district of Chhattisgarh. Journal of Pharmacognosy and Phytochemistry. 9(4S): 704-709
444;0;Asia;Adoxophyes privatana;Oriental;2012;Lok, A., Ang, W., Tan, H., Corlett, T. and Tan, P. (Eds.) (2012). The Native Fauna of the Native Garden at Hortpark: Birds, Fishes, Amphibians, Reptiles, Butterflies, Moths, Damselflies and Dragonflies. Raffles Museum of Biodiversity Research, National University of Singapore and Centre for Urban Greenery and Ecology, National Parks Board. Singapore.
445;0;Asia;Clethrogyna turbata;Oriental;2015;Ong, S. and Farid, A. (2015) Defoliators Of Sesenduii Endospermum Diadenum. FRIM Technical Information. 75: 1-3
446;0;Asia;Cupha erymanthis;Oriental;1900;Moore, F. and Swinhoe, C. (1900). Lepidoptera Indica - Volume IV - Rhopalocera. Lovell Reeve and Co. Limited. United Kingdom, London.
447;0;Asia;Herpetogramma licarsisalis;Oriental;1976;Tashiro, H. (1976). Biology of the grass webworm, Herpetogramma licarsisalis (Lepidoptera: Pyraustidae) in Hawaii. Annals of the Entomological Society of America. 69(5): 797-803
448;0;Asia;Herpetogramma licarsisalis;Oriental;2020;Roy, D., Alderman, D., Anastasiu, P., Arianoutsou, M., Augustin, S., Bacher, S., ... and Reyserhove, L., (2020). DAISIE - Delivering Alien Invasive Species Inventories for Europe. Available at: http://www.europe-aliens.org/
449;0;Asia;Callopistria maillardi;Oriental;2024;de Prins J. and de Prins W. (2024). Afromoths, online database of Afrotropical moth species (Lepidoptera). Available at: http://www.afromoths.net
450;0;Asia;Earias vittella;Oriental;2003;Nash, S. (2003). Earias vittella (Fabricius) (Lep.: Noctuidae) the first occurrence of wild-caught moths in Europe. Entomologist‚Äôs Record and Journal of Variation 115: 187‚Äì188
451;0;Asia;Arcte coerula;Oriental;2022;Au, M. and Wright, M. (2022). Ramie Moth, Arcte coerula (Lepidoptera: Noctuidae): A New Invasive Pest in Hawaii on Endemic Plants. Proceedings of the Hawaiian Entomological Society. 54: 63-76
452;0;Asia;Athetis nonagrica;Oriental;2024;Holloway, J. (2024). Moths of Borneo 12. Family Notuidae, Trifine. Subfamilies: Noctuinae, Heliothinae, Hadeninae, Acronictinae, Amphipyrinae, Agaristinae. Southdene Sdn. Available at: https://www.mothsofborneo.com/part-12/index.htm
453;0;Asia;Acherontia lachesis;Oriental;2024;Pittaway, A. and Kitching, I. (2024). Sphingidae of the Eastern Palaearctic (including Siberia, the Russian Far East, Mongolia, China, Taiwan, the Korean Peninsula and Japan). Available at: https://tpittaway.tripod.com/china/china.htm
454;0;Asia;Pachliopta aristolochiae;Sino-Japanese;2020;Rushbrooke, M., Jangid, A., Alwis, C., Barve, V., Chowdhury, S., Irungbam, J., ... and Tiple, A. (2020). Pachliopta aristolochiae (amended version of 2019 assessment). The IUCN Red List of Threatened Species 2020: e.T121971639A170544412
455;0;Asia;Deilephila elpenor;Sino-Japanese;2013;Hanif, H., Khan, S., Khan, M. and Raza, M. (2013). First record of Deilephila elpenor L. moth from Chakwal Punjab Pakistan. International Journal of Fauna and Biological Studies. 3(2): 10-13
456;0;Asia;Deilephila elpenor;Oriental;2013;Hanif, H., Khan, S., Khan, M. and Raza, M. (2013). First record of Deilephila elpenor L. moth from Chakwal Punjab Pakistan. International Journal of Fauna and Biological Studies. 3(2): 10-13
457;0;Asia;Papilio demoleus;Sino-Japanese;2020;Riaz, S., Johnson, J., Rasheed, T. and Wiemers, M. (2020). Morphology, life cycle and management of two invasive subspecies of Papilio demoleus (Lepidoptera: Papilionidae): A review. Journal of Applied Entomology. 144: 845‚Äì856
458;0;Asia;Cupha erymanthis;Sino-Japanese;1900;Moore, F. and Swinhoe, C. (1900). Lepidoptera Indica - Volume IV - Rhopalocera. Lovell Reeve and Co. Limited. United Kingdom, London.
459;0;Asia;Lampides boeticus;Sino-Japanese;2021;Edge, D. and Westrip, J. (2021). Lampides boeticus. The IUCN Red List of Threatened Species 2021: e.T174427A161341394
460;0;Asia;Danaus chrysippus;Sino-Japanese;2021;Westrip, J. (2021). Danaus chrysippus (errata version published in 2022). The IUCN Red List of Threatened Species 2021: e.T174455A222994680
461;0;Asia;Danaus plexippus;Sino-Japanese;2022;Walker, A., Oberhauser, K., Pelton, E. and Pleasants, J. (2022). Danaus plexippus (errata version published in 2022). The IUCN Red List of Threatened Species 2022: e.T159971A219149911
462;0;Asia;Danaus plexippus;Oriental;2022;Walker, A., Oberhauser, K., Pelton, E. and Pleasants, J. (2022). Danaus plexippus (errata version published in 2022). The IUCN Red List of Threatened Species 2022: e.T159971A219149911
463;0;Asia;Paralipsa gularis;Sino-Japanese;1956;Smith, K. (1956). The occurrence and distribution of Aphomia gularis (Zell.)(Lep., Galleriidae), a pest of stored products. Bulletin of entomological research. 47(4): 655-667
464;0;Asia;Paralipsa gularis;Oriental;1956;Smith, K. (1956). The occurrence and distribution of Aphomia gularis (Zell.)(Lep., Galleriidae), a pest of stored products. Bulletin of entomological research. 47(4): 655-667
465;0;Asia;Monema flavescens;Sino-Japanese;2024;EFSA Panel on Plant Health (PLH), Bragard, C., Baptista, P., Chatzivassiliou, E., Di Serio, F., Gonthier, P., ... and MacLeod, A. (2024). Pest categorisation of Monema flavescens. EFSA Journal. 22(7): e8831
466;0;Asia;Monema flavescens;Oriental;2024;EFSA Panel on Plant Health (PLH), Bragard, C., Baptista, P., Chatzivassiliou, E., Di Serio, F., Gonthier, P., ... and MacLeod, A. (2024). Pest categorisation of Monema flavescens. EFSA Journal. 22(7): e8831
467;0;Africa;Earias cupreoviridis;Afrotropical;2024;de Prins J. and de Prins W. (2024). Afromoths, online database of Afrotropical moth species (Lepidoptera). Available at: http://www.afromoths.net
468;0;Africa;Cacyreus marshalli;Afrotropical;2008;Quacchia, A., Ferracini, C., Bonelli, S., Balletto, E. and Alma, A. (2008). Can the Geranium Bronze, Cacyreus marshalli, become a threat for European biodiversity? Biodiversity and Conservation. 17: 1429-1437
469;0;North America;Acleris nivisellana;Nearctic;2012;Gilligan, T. and Epstein, M. (2012). TortAI, Tortricids of Agricultural Importance to the United States (Lepidoptera: Tortricidae). Identification Technology Program (ITP), USDA/APHIS/PPQ/CPHST, Fort Collins, CO. [accessed at https://idtools.org/id/tortai/index.html].
470;0;North America;Acleris robinsoniana;Nearctic;2012;Gilligan, T. and Epstein, M. (2012). TortAI, Tortricids of Agricultural Importance to the United States (Lepidoptera: Tortricidae). Identification Technology Program (ITP), USDA/APHIS/PPQ/CPHST, Fort Collins, CO. [accessed at https://idtools.org/id/tortai/index.html].
471;0;North America;Acleris senescens;Nearctic;2025;Department for Environment, Food and Rural Affairs (2025). UK Plant Health Risk Register - UK Risk Register Details for Acleris senescens. Avilable at: https://planthealthportal.defra.gov.uk/pests-and-diseases/uk-plant-health-risk-register/viewPestRisks.cfm?cslref=29507
472;0;North America;Acleris variana;Nearctic;1997;Otvos, I. and Fajrajsl, A. (1997). An annotated bibliography of Acleris variana and Acleris gloverana (371). Pacific Forest Centre, Canadian Forest Service, National Resources Canada
473;0;North America;Zophodia convolutella;Nearctic;1980;Allyson, S. (1980). Last-instar larva of the gooseberry fruitworm, Zophodia convolutella (Lepidoptera: Pyralidae: Phycitinae). The Canadian Entomologist, 112(1): 43-45
474;0;North America;Spodoptera praefica;Nearctic;2024;CAB International (CABI) (2024). CABI Invasive Species Compendium. Available at: https://www.cabidigitallibrary.org/product/QI
475;0;North America;Spodoptera ornithogalli;Nearctic;2019;Brito, R., Specht, A., Gon√ßalves, G., Moreira, G., Carneiro, E., Santos, F., ... and Casagrande, M. (2019). Spodoptera marima: a new synonym of Spodoptera ornithogalli (Lepidoptera: Noctuidae), with notes on adult morphology, host plant use and genetic variation along its geographic range. Neotropical Entomology, 48: 433-448
476;0;North America;Choristoneura conflictana;Nearctic;2019;EFSA Panel on Plant Health (EFSA PLH Panel), Bragard, C., Dehnen-Schmutz, K., Di Serio, F., Gonthier, P., Jacques, M., ... and Milonas, P. (2019). Pest categorisation of non-EU Choristoneura spp. EFSA Journal, 17(5): e05671
477;0;North America;Choristoneura fumiferana;Nearctic;2011;Anderson, D. and Sturtevant, B. (2011). Pattern analysis of eastern spruce budworm Choristoneura fumiferana dispersal. Ecography, 34(3): 488-497
478;0;North America;Choristoneura lambertiana;Nearctic;2019;EFSA Panel on Plant Health (EFSA PLH Panel), Bragard, C., Dehnen-Schmutz, K., Di Serio, F., Gonthier, P., Jacques, M., ... and Milonas, P. (2019). Pest categorisation of non-EU Choristoneura spp. EFSA Journal, 17(5): e05671
479;0;North America;Choristoneura orae;Nearctic;2019;EFSA Panel on Plant Health (EFSA PLH Panel), Bragard, C., Dehnen-Schmutz, K., Di Serio, F., Gonthier, P., Jacques, M., ... and Milonas, P. (2019). Pest categorisation of non-EU Choristoneura spp. EFSA Journal, 17(5): e05671
480;0;North America;Choristoneura parallela;Nearctic;1992;Dang, P. (1992). Morphological study of male genitalia with phylogenetic inference of Choristoneura Lederer (Lepidoptera: Tortricidae). The Canadian Entomologist, 124(1): 7-48
481;0;North America;Choristoneura pinus;Nearctic;1992;Dang, P. (1992). Morphological study of male genitalia with phylogenetic inference of Choristoneura Lederer (Lepidoptera: Tortricidae). The Canadian Entomologist, 124(1): 7-48
482;0;North America;Dichrorampha vancouverana;Nearctic;2020;Gilligan, T., Brown, J. and Baixeras, J. (2020). Immigrant Tortricidae: Holarctic versus Introduced Species in North America. Insects. 11(594)
483;0;North America;Epinotia solandriana;Nearctic;1980;Loan, C. (1980). Oedemopsis scabricula in british columbia (Hymenoptera: Ichneumonidae, Tryphoninae). Le naturaliste canadien, 107: 11-14
484;0;North America;Lambdina fiscellaria;Nearctic;2016;Wilson, C., Vendettuoli, J., Orwig, D. and Preisser, E. (2016). Impact of an invasive insect and plant defense on a native forest defoliator. Insects, 7(3): 45
485;0;North America;Vanessa virginiensis;Nearctic;2020;Walker, A. (2020). Vanessa virginiensis. The IUCN Red List of Threatened Species 2020: e.T161254A882795
486;0;North America;Mythimna unipuncta;Nearctic;2024;CAB International (CABI) (2024). CABI Invasive Species Compendium. Available at: https://www.cabidigitallibrary.org/product/QI
487;0;North America;Anomis erosa;Nearctic;1883;Grote, A. (1883). Introduction to a Study of the North American Noctuidae. Proceedings of the American Philosophical Society. 21(114): 134-176
488;0;North America;Antheraea polyphemus;Nearctic;2020;Walker, A. (2020). Antheraea polyphemus. The IUCN Red List of Threatened Species 2020: e.T173004714A173004732.
489;0;North America;Bucculatrix ainsliella;Nearctic;2012;van Nieukerken, E., Doorenweerd, C., Ellis, W., Huisman, K., Koster, J., Mey, W., ... and Schreurs, A. (2012). Bucculatrix ainsliella Murtfeldt, a new North American invader already widespread on northern red oaks (Quercus rubra) in Western Europe (Bucculatricidae). Nota lepidopterologica. 35(2): 135-159
490;0;North America;Cameraria gaultheriella;Nearctic;1908;Braun, A. (1908). Revision of the North American species of the genus Lithocolletis Hubner. Biological Laboratory of the University of Cincinnati. Cincinnati, United States of America.
491;0;North America;Choristoneura freemani;Nearctic;2014;Gilligan, T. and Brown, J. (2014). A new name for the western spruce budworm (Lepidoptera: Tortricidae)?. The Canadian Entomologist. 146(6): 583-589
492;0;North America;Erinnyis ello;Nearctic;1976;Winder, J. (1976). Ecology and control of Erinnyis ello and E. alope, important insect pests in the New World. PANS. 22(4): 449-466
493;0;North America;Leucoptera laburnella;Nearctic;2015;Pohl, G., Cannings, R., Landry, J., Holden, D. and Scudder, G. (2015). Checklist of the Lepidoptera of British Columbia, Canada: Entomological Society of British Columbia Occasional Paper. 3:1-237
494;0;North America;Manduca quinquemaculatus;Nearctic;1997;Borkent, C. and Greenway, L. (1997). Sphinx Moths (Family Sphingidae) In British Columbia: Biological Notes and Field Key, Based on Specimens in the Collection at the Royal British Columbia Museum. Royal British Columbia Museum, forest renewal BC Report.
495;0;North America;Pyrrharctia isabella;Nearctic;2009;Powell, J. and Opler, P. (2009). Moths of western North America. University of California Press. Berkeley, California, United States of America. 516pp
496;0;North America;Acharia stimulea;Nearctic;2022;Cooley, T. and Reardon, R. (2022). Field Guide to the Slug Moths (Lepidoptera: Limacodidae) of West Virginia. Forest Service U.S. Department of Agriculture. 84pp
497;0;North America;Chrysaster ostensackenella;Nearctic;2019;Koo, J., Kim, S. and Cho, S. (2019). Chrysaster ostensackenella (Fitch, 1859) (Lepidoptera: Gracillariidae) new to Korea. Korean Journal of Applied Entomology. 58 (3): 225-228
498;0;North America;Pennisetia marginatum;Nearctic;1991;Taft, W., Smitley, D. and Snow, J. (1991). A guide to the clearwing borers (Sesiidae) of the north central United States. North Central Regional Publication. 394: 1-30
499;0;North America;Parapediasia teterellus;Nearctic;2020;Jie, L., Yang, J. and Li, W. (2020). Potential distribution analysis of an invasive alien species Parapediasia teterrella (Lepidoptera, Crambidae) in East Asia. Journal of Asia-Pacific Entomology. 23(1): 219-223
500;0;North America;Herpetogramma bipunctalis;Nearctic;2021;Handfield, L. and Handfield, D. (2021). A revision of the Canadian species of the Genus Herpetogramma Lederer, 1863 (Lepidoptera: Crambidae: Spilomelinae: Herpetogrammatini), with descriptions of three new species. Bonn zoological Bulletin. 70(1): 173-199
501;0;North America;Agrotis ipsilon;Nearctic;1997;Showers, W. (1997). Migratory Ecology of the Black Cutworm. Annual Review of Entomology. 42: 393‚Äì425
502;0;North America;Hyphantria cunea;Nearctic;1967;Warren, L. and Tadic, M. (1967). The Fall Webworm, Hyphantria cunea, Its Distribution and Natural Enemies: A World List (Lepidoptera: Arctiidae). Journal of the Kansas Entomological Society. 40(2): 194‚Äì202
503;0;North America;Acleris comariana;Nearctic;2012;Gilligan, T. and Epstein, M. (2012). TortAI, Tortricids of Agricultural Importance to the United States (Lepidoptera: Tortricidae). Identification Technology Program (ITP), USDA/APHIS/PPQ/CPHST, Fort Collins, CO. [accessed at https://idtools.org/id/tortai/index.html].
504;0;North America;Vanessa cardui;Nearctic;2020;Walker, A. and Coetzer, A. (2020). Vanessa cardui. The IUCN Red List of Threatened Species 2020: e.T174379A161326679.
505;0;North America;Agrius cingulata;Nearctic;2006;Marabuto, E. (2006). The occurrence of a neotropical hawkmoth in southern Portugal: Agrius cingulatus (Fabricius, 1775) (Lepidoptera: Sphingidae). Boletin de la Sociedad Entomologica Aragonesa. 38: 163-166
506;0;North America;Anstenoptilia marmarodactyla;Nearctic;2011;Matthews, D. and Watkins, R. (2011). Extralimital records of the sage plume moth, Anstenoptilia marmarodactyla (Lepidoptera: Pterophoridae). Southern Lepidopterists News, 33(4), 175-177
507;0;North America;Ascalapha odorata;Nearctic;2014;Ekrem, T., Kevan, P., Woodcock, T. and Hebert, P. (2014). The most northerly Black Witch (Ascalapha odorata): a tropical moth in the Canadian Arctic.¬†The Canadian Field-Naturalist.¬†128(1): 77-79
508;0;North America;Vanessa atalanta;Nearctic;2020;Walker, A. (2020). Vanessa atalanta. The IUCN Red List of Threatened Species 2020: e.T174225A172421220.
509;0;North America;Argyresthia cupressella;Nearctic;2004;Agassiz, D. (2004). Cypress trees and their moths. British wildlife. 15(4): 265-268
510;0;North America;Argyresthia thuiella;Nearctic;2014;Konecna, H. and Sefrova, H. (2014). Morphology, biology and control possibilities of two Argyresthia species‚ÄìA. thuiella and A. trifasciata (Lepidoptera: Argyresthiidae). Acta Universitatis Agriculturae et Silviculturae Mendelianae Brunensis. 62(3): 529-538
511;0;North America;Blastobasis glandulella;Nearctic;2022;Adamski, D. and Brown, R. L. (2022). Larval, pupal, and adult morphology of the acorn moth, Blastobasis glandulella (Riley, 1871)(Lepidoptera: Gelechioidea: Blastobasidae). The Journal of the Lepidopterists Society. 76(1): 10-20
512;0;North America;Clepsis peritana;Nearctic;2018;Pinzari, M., Zerunian, Z. and Pinzari, M. (2018). Is the alien species Clepsis peritana (Lepidoptera: Tortricidae) settling in Italy? Journal of Entomological and Arachnological Research. 50: 7551
513;0;North America;Coleotechnites piceaella;Nearctic;2015;Pohl, G., Cannings, R., Landry, J., Holden, D. and Scudder, G. (2015). Checklist of the Lepidoptera of British Columbia, Canada: Entomological Society of British Columbia Occasional Paper. 3:1-237
514;0;North America;Coleotechnites piceaella;Nearctic;1966;McLeod, J. (1966). Notes on the Biology of a Spruce Needle-miner, Pulicalvaria piceaella (Kearfott)(Lepidoptera: Gelechiidae) 1. The Canadian Entomologist. 98(3): 225-236
515;0;North America;Eustixia pupula;Nearctic;1975;Munroe, E. (1975). Biogeography of North American Odontiinae (Lepidoptera: Pyralidae). The Canadian Entomologist. 107(2): 129-154
516;0;North America;Parectopa robiniella;Nearctic;2014;Baugnee, J. (2014). Parectopa robiniella (Lepidoptera: Gracillariidae), a leafminer of black locust Robinia pseudoacacia, new to the Belgian fauna. Phegea. 42(3): 55-57
517;0;North America;Macrosaccus robiniella;Nearctic;2011;Davis, D. and De Prins, J. (2011). Systematics and biology of the new genus Macrosaccus with descriptions of two new species (Lepidoptera, Gracillariidae). ZooKeys. 98: 29-82
518;0;North America;Danaus plexippus;Nearctic;2022;Walker, A., Oberhauser, K., Pelton, E. and Pleasants, J. (2022). Danaus plexippus (errata version published in 2022). The IUCN Red List of Threatened Species 2022: e.T159971A219149911
519;0;North America;Antispila oinophylla;Nearctic;2020;van Nieukerken, E. and Eiseman, C. (2020). Splitting the leafmining shield-bearer moth genus Antispila Hubner (Lepidoptera, Heliozelidae): North American species with reduced venation placed in Aspilanta new genus, with a review of heliozelid morphology. ZooKeys. 957: 105.
520;0;North America;Synclita obliteralis;Nearctic;2009;Habeck, D. and Cuda, J. (2009). Waterlily Leafcutter, Synclita obliteralis (Walker)(Insecta: Lepidoptera: Crambidae: Acentropinae). Univerity of Florida, IFAS Extension, EENY. 424: 1-4
521;0;North America;Cnephasia asseclana;Nearctic;2021;Goglia, L. (2021). Faunistic Notes on Lepidoptera Tortricidae from Calabria (South Italy) - Contribution to the knowledge of the Lepidoptera Tortricidae fauna of Mediterranean ecosystems. [PhD Thesis, Universita degli Studi della Tuscia and Universita degli Studi del Molise]
522;0;North America;Xestia dolosa;Nearctic;2006;Pogue, M. (2006). The Noctuinae (Lepidoptera: Noctuidae) of Great Smoky Mountains National Park, USA. Zootaxa. 1215: 1-97
523;0;North America;Chloridea virescens;Nearctic;1958;Zimmerman, E. (1958). Insects of Hawaii. Volume 7, Macrolepidoptera. Hawaii: University of Hawaii Press.
524;0;North America;Anarta edwardsii;Nearctic;2016;Peterson, M. and Edwards, P. (2016). Beach moth (Anarta edwardsii) recovery strategy: chapter 2. in Recovery Plan for Edwards‚Äô Beach Moth (Anarta edwardsii) in British Columbia. B.C. Ministry of Environment, Victoria, BC. 23 pp.
525;0;North America;Argyrogramma verruca;Nearctic;2021;Shaw, T., Paula-Moraes, S., Hahn, P. and Specht, A. (2021). Seasonal flight patterns of Chrysodeixis includens (Lepidoptera: Noctuidae) in the Florida panhandle and inventory of plusiine species cross-attracted to synthetic pheromone. Journal of Economic Entomology. 114(6): 2315-2325
526;0;North America;Caloptilia negundella;Nearctic;2024;University of Alberta Museums (2024). Species Details - Caloptilia negundella. University of Alberta E.H. Strickland Entomological Museum. Available at: https://search.museums.ualberta.ca/g/2-5414
527;0;North America;Helicoverpa zea;Nearctic;2020;Zhao, H., Xian, X., Zhao, Z., Zhang, G., Liu, W. and Wan, F. (2020). Climate Change Increases the Expansion Risk of Helicoverpa zea in China According to Potential Geographical Distribution Estimation. Insects. 13: 79
528;0;Europe;Neptis rivularis;Palearctic;2024;Maletzki, M., Das, G., Hajkova, K., Kovarova, P., Perlik, M., Sbaraglia, C., ... and Konvicka, M. (2024). Wetland butterfly thriving in abandoned jungle: Neptis rivularis in the Czech Republic. The Science of Nature. 111: 34
529;0;Europe;Caradrina ingrata;Palearctic;2007;Okyar, Z. and Aktac, N. (2007). Heteroceran fauna of Gok√ßeada and Bozcaada (North Aegean Islands, Turkey), with a new record of Noctuidae (Lepidoptera), and biogeographical analyses. Entomological news. 118(3): 263-272
530;0;Europe;Caradrina ingrata;Palearctic;2007;Khramov, P. (Ed.) (2007). Insecta.pro: international entomological community. Available online at: https://insecta.pro
531;0;Europe;Coleophora deauratella;Palearctic;2024;CAB International (CABI) (2024). CABI Invasive Species Compendium. Available at: https://www.cabidigitallibrary.org/product/QI
532;0;Europe;Coleophora laricella;Palearctic;2020;Roy, D., Alderman, D., Anastasiu, P., Arianoutsou, M., Augustin, S., Bacher, S., ... and Reyserhove, L., (2020). DAISIE - Delivering Alien Invasive Species Inventories for Europe. Available at: http://www.europe-aliens.org/
533;0;South America;Scrobipalpula densata;Nearctic;2019;Vargas, H. (2019). A new species of Scrobipalpula Povoln√Ω (Lepidoptera: Gelechiidae) associated with Baccharis salicifolia (Asteraceae) in the Atacama Desert of northern Chile, Studies on Neotropical Fauna and Environment, 54(3): 217-224
534;0;South America;Achaea janata;Neotropical;1978;Edwards, E. (1978). A review of the genus Archaea in Australia (Lepidoptera: Noctuidae). Journal of the Australian Entomological Society. 17: 329-340
535;0;South America;Neogalea sunia;Neotropical;2000;Koch, C. and Waterhouse, D. (2000). The distribution and importance of arthropods associated with agriculture and forestry in Chile. Australian Centre for International Agricultural Research (ACIR). ACIR Monographs. Australia, Canberra. 234pp.
536;0;South America;Strepsicrates smithiana;Neotropical;2012;Vargas, H. (2012). Strepsicrates smithiana Walsingham (Lepidoptera, Tortricidae): first record from Chile and a newly documented host plant. Revista Brasileira de Entomologia. 56, 381-382
537;0;South America;Crocidosema plebejana;Neotropical;2024;CAB International (CABI) (2024). CABI Invasive Species Compendium. Available at: https://www.cabidigitallibrary.org/product/QI
538;0;Asia;Acrobasis pirivorella;Oriental;2018;EFSA Panel on Plant Health (PLH), Bragard, C., Dehnen-Schmutz, K., Di Serio, F., Gonthier, P., Jacques, M., ... and MacLeod, A. (2018). Pest categorisation of Acrobasis pirivorella. EFSA Journal, 16(10), e05440.
539;0;Asia;Aloa lactinea;Oriental;2011;Cerny, K. (2011). A Review of the subfamily Arctiinae (Lepidoptera: Arctiidae) from the Philippines. Entomofauna. 32(3): 29-92
540;0;Asia;Pieris canidia;Oriental;2024;Inayoshi, Y. (2024). A Check List of Butterflies in Indo-China - Chiefly from Thailand, Laos and Vietnam. Available at: https://yutaka.it-n.jp/index.html
541;0;Asia;Asota ficus;Oriental;2011;Hirai, N., Sakamoto, Y. and Ishii, M. (2011). Effects of photoperiod and temperature on development and diapause in a noctuid moth, Asota ficus (Fabricius)(Lepidoptera: Noctuidae), of the Osaka population. Lepidoptera Science, 62(4): 166-174
542;0;Asia;Tongeia filicaudis;Oriental;2006;Huang, H. and Chen, Z. (2006) A new species of Tongeia Tutt, [1908] from Northeast Yunnan, China. Atalanta, 37(1) : 184-190
543;0;Asia;Curetis acuta;Oriental;2019;Liu, X., Wang, D., Yang, Z., Zhou, H., Zhao, Q. and Fan, T. (2019). Bright silver brilliancy from irregular microstructures in butterfly Curetis acuta moore. Advanced Optical Materials, 7(18): 1900687
544;0;Asia;Tiracola plagiata;Oriental;1980;Mandal, D. and Shukla, J. (1980). Redescription of the Genus and Species Tiracola plagiata (Walker)[Lepidoptera: Noctuidae]. Records of the Zoological Survey of India, 76: 87-92
545;0;Asia;Spilonota lechriaspis;Oriental;2011;Byun, B. (2011). A review of the genus Spilonota Stephens (Lepidoptera: Tortricidae) in North Korea. Entomological Research. 41(6): 242-246
546;0;Asia;Scopula personata;Oriental;2005;Sihvonen, P. (2005). Check-list of Chinese Scopula Schrank species and an analysis of species diversity (Lepidoptera: Geometridae: Sterrhinae). Journal of Asia-Pacific Entomology, 8(1): 29-36
547;0;Asia;Sciota adelphella;Oriental;2014;Qi, M., Park, B., Han, H. and Bae, Y. (2014). Taxonomic Review on the Genus Sciota (Lepidoptera, Pyralidae, Phycitinae) in Northeast China. Animal Systematics, Evolution and Diversity, 30(2): 59-64
548;0;Asia;Acleris issikii;Palearctic;2025;Department for Environment, Food and Rural Affairs (2025). UK Plant Health Risk Register - UK Risk Register Details for Acleris issikii. Avilable at: https://planthealthportal.defra.gov.uk/pests-and-diseases/uk-plant-health-risk-register/viewPestRisks.cfm?cslref=29503
549;0;Asia;Acrobasis pirivorella;Palearctic;2018;EFSA Panel on Plant Health (PLH), Bragard, C., Dehnen-Schmutz, K., Di Serio, F., Gonthier, P., Jacques, M., ... and MacLeod, A. (2018). Pest categorisation of Acrobasis pirivorella. EFSA Journal, 16(10), e05440.
550;0;Asia;Aloa lactinea;Palearctic;2011;Cerny, K. (2011). A Review of the subfamily Arctiinae (Lepidoptera: Arctiidae) from the Philippines. Entomofauna. 32(3): 29-92
551;0;Asia;Araschnia levana;Palearctic;2009;Tolman, T. and Lewington, R. (2009). Collins Butterfly Guide. HarperCollins Publishers
552;0;Asia;Pieris canidia;Palearctic;2024;Inayoshi, Y. (2024). A Check List of Butterflies in Indo-China - Chiefly from Thailand, Laos and Vietnam. Available at: https://yutaka.it-n.jp/index.html
553;0;Asia;Tongeia filicaudis;Palearctic;2006;Huang, H. and Chen, Z. (2006) A new species of Tongeia Tutt, [1908] from Northeast Yunnan, China. Atalanta, 37(1) : 184-190
554;0;Asia;Curetis acuta;Palearctic;2019;Liu, X., Wang, D., Yang, Z., Zhou, H., Zhao, Q. and Fan, T. (2019). Bright silver brilliancy from irregular microstructures in butterfly Curetis acuta moore. Advanced Optical Materials, 7(18): 1900687
555;0;Asia;Spilonota lechriaspis;Palearctic;2011;Byun, B. (2011). A review of the genus Spilonota Stephens (Lepidoptera: Tortricidae) in North Korea. Entomological Research. 41(6): 242-246
556;0;Asia;Scopula personata;Palearctic;2005;Sihvonen, P. (2005). Check-list of Chinese Scopula Schrank species and an analysis of species diversity (Lepidoptera: Geometridae: Sterrhinae). Journal of Asia-Pacific Entomology, 8(1): 29-36
557;0;Asia;Sciota adelphella;Palearctic;2014;Qi, M., Park, B., Han, H. and Bae, Y. (2014). Taxonomic Review on the Genus Sciota (Lepidoptera, Pyralidae, Phycitinae) in Northeast China. Animal Systematics, Evolution and Diversity, 30(2): 59-64
558;0;Asia;Chilo infuscatellus;Palearctic;2024;Li, A., Chen, Z., Liao, F., Zhao, Y., Qin, C., Wang, M., ... and Huang, D. (2024). Sugarcane borers: species, distribution, damage and management options. Journal of Pest Science, 97(3): 1171-1201
559;0;Asia;Conopomorpha cramerella;Palearctic;2024;de Prins J. and de Prins W. (2024). Global Taxonomic Database of Gracillariidae (Lepidoptera). Avaliable at: http://www.gracillariidae.net
560;0;Asia;Dendrolimus spectabilis;Palearctic;2022;EFSA Panel on Plant Health (PLH), Bragard, C., Baptista, P., Chatzivassiliou, E., Di Serio, F., Gonthier, P., ... and MacLeod, A. (2022). Pest categorisation of Dendrolimus spectabilis. EFSA Journal, 20(11): e07622
561;0;Asia;Parnara guttatus;Palearctic;2024;Inayoshi, Y. (2024). A Check List of Butterflies in Indo-China - Chiefly from Thailand, Laos and Vietnam. Available at: https://yutaka.it-n.jp/index.html
562;0;Asia;Acleris issikii;Sino-Japanese;2025;Department for Environment, Food and Rural Affairs (2025). UK Plant Health Risk Register - UK Risk Register Details for Acleris issikii. Avilable at: https://planthealthportal.defra.gov.uk/pests-and-diseases/uk-plant-health-risk-register/viewPestRisks.cfm?cslref=29503
563;0;Asia;Acrobasis pirivorella;Sino-Japanese;2018;EFSA Panel on Plant Health (PLH), Bragard, C., Dehnen-Schmutz, K., Di Serio, F., Gonthier, P., Jacques, M., ... and MacLeod, A. (2018). Pest categorisation of Acrobasis pirivorella. EFSA Journal, 16(10), e05440.
564;0;Asia;Aloa lactinea;Sino-Japanese;2011;Cerny, K. (2011). A Review of the subfamily Arctiinae (Lepidoptera: Arctiidae) from the Philippines. Entomofauna. 32(3): 29-92
565;0;Asia;Araschnia levana;Sino-Japanese;2009;Tolman, T. and Lewington, R. (2009). Collins Butterfly Guide. HarperCollins Publishers
566;0;Asia;Pieris canidia;Sino-Japanese;2024;Inayoshi, Y. (2024). A Check List of Butterflies in Indo-China - Chiefly from Thailand, Laos and Vietnam. Available at: https://yutaka.it-n.jp/index.html
567;0;Asia;Asota ficus;Sino-Japanese;2011;Hirai, N., Sakamoto, Y. and Ishii, M. (2011). Effects of photoperiod and temperature on development and diapause in a noctuid moth, Asota ficus (Fabricius)(Lepidoptera: Noctuidae), of the Osaka population. Lepidoptera Science, 62(4): 166-174
568;0;Asia;Tongeia filicaudis;Sino-Japanese;2006;Huang, H. and Chen, Z. (2006) A new species of Tongeia Tutt, [1908] from Northeast Yunnan, China. Atalanta, 37(1) : 184-190
569;0;Asia;Curetis acuta;Sino-Japanese;2019;Liu, X., Wang, D., Yang, Z., Zhou, H., Zhao, Q. and Fan, T. (2019). Bright silver brilliancy from irregular microstructures in butterfly Curetis acuta moore. Advanced Optical Materials, 7(18): 1900687
570;0;Asia;Thyas coronata;Sino-Japanese;2008;Kawazu, K., Otuka, A., Adati, T., Tonogouchi, H. and Yase, J. (2008). Lepidoptera captured on the East China Sea in 2005 and predicted migration sources. Entomological science, 11(3): 315-322
571;0;Asia;Spilonota lechriaspis;Sino-Japanese;2011;Byun, B. (2011). A review of the genus Spilonota Stephens (Lepidoptera: Tortricidae) in North Korea. Entomological Research. 41(6): 242-246
572;0;Asia;Scopula personata;Sino-Japanese;2005;Sihvonen, P. (2005). Check-list of Chinese Scopula Schrank species and an analysis of species diversity (Lepidoptera: Geometridae: Sterrhinae). Journal of Asia-Pacific Entomology, 8(1): 29-36
573;0;Asia;Chilo infuscatellus;Sino-Japanese;2024;Li, A., Chen, Z., Liao, F., Zhao, Y., Qin, C., Wang, M., ... and Huang, D. (2024). Sugarcane borers: species, distribution, damage and management options. Journal of Pest Science, 97(3): 1171-1201
574;0;Asia;Dendrolimus spectabilis;Sino-Japanese;2022;EFSA Panel on Plant Health (PLH), Bragard, C., Baptista, P., Chatzivassiliou, E., Di Serio, F., Gonthier, P., ... and MacLeod, A. (2022). Pest categorisation of Dendrolimus spectabilis. EFSA Journal, 20(11): e07622
575;0;Asia;Parapoynx stagnalis;Sino-Japanese;1993;Waterhouse, D. (1993). The major arthropod pests and weeds of agriculture in Southeast Asia: distribution, importance and origin. Australian Centre for International Agricultural Research - ACIAR. Ausralia, Camberra. 
576;0;;Stathmopoda auriferella;Oriental;2018;Park, K., Cho, S., Na, S., Shin, Y. and Kim, S. (2018). Genus Stathmopoda Herrich-Shaffer (Lepidoptera, Stathmopodidae) from the Korean Peninsula with two new species. Journal of Asia-Pacific Biodiversity, 11(2): 259-266
577;0;;Stathmopoda auriferella;Palearctic;2018;Park, K., Cho, S., Na, S., Shin, Y. and Kim, S. (2018). Genus Stathmopoda Herrich-Shaffer (Lepidoptera, Stathmopodidae) from the Korean Peninsula with two new species. Journal of Asia-Pacific Biodiversity, 11(2): 259-266
578;0;;Stathmopoda auriferella;Sino-Japanese;2018;Park, K., Cho, S., Na, S., Shin, Y. and Kim, S. (2018). Genus Stathmopoda Herrich-Shaffer (Lepidoptera, Stathmopodidae) from the Korean Peninsula with two new species. Journal of Asia-Pacific Biodiversity, 11(2): 259-266
579;0;Asia;Zeiraphera griseana;Oriental;2005;Zhang, A. and Li, H. (2005). Catalogue of Eucosmini from China (Lepidoptera: Tortricidae) SHILAP Revista de Lepidopterologia. 33(131): 265-298
580;0;Asia;Zeiraphera griseana;Sino-Japanese;2005;Zhang, A. and Li, H. (2005). Catalogue of Eucosmini from China (Lepidoptera: Tortricidae) SHILAP Revista de Lepidopterologia. 33(131): 265-298
581;0;Asia;Zeiraphera griseana;Palearctic;2005;Zhang, A. and Li, H. (2005). Catalogue of Eucosmini from China (Lepidoptera: Tortricidae) SHILAP Revista de Lepidopterologia. 33(131): 265-298
582;0;Asia;Acherontia lachesis;Sino-Japanese;2024;Pittaway, A. and Kitching, I. (2024). Sphingidae of the Eastern Palaearctic (including Siberia, the Russian Far East, Mongolia, China, Taiwan, the Korean Peninsula and Japan). Available at: https://tpittaway.tripod.com/china/china.htm
583;0;Asia;Acherontia lachesis;Palearctic;2024;Pittaway, A. and Kitching, I. (2024). Sphingidae of the Eastern Palaearctic (including Siberia, the Russian Far East, Mongolia, China, Taiwan, the Korean Peninsula and Japan). Available at: https://tpittaway.tripod.com/china/china.htm
584;0;Asia;Psychoides filicivora;Oriental;2020;Roy, D., Alderman, D., Anastasiu, P., Arianoutsou, M., Augustin, S., Bacher, S., ... and Reyserhove, L., (2020). DAISIE - Delivering Alien Invasive Species Inventories for Europe. Available at: http://www.europe-aliens.org/
585;0;Asia;Psychoides filicivora;Sino-Japanese;2020;Roy, D., Alderman, D., Anastasiu, P., Arianoutsou, M., Augustin, S., Bacher, S., ... and Reyserhove, L., (2020). DAISIE - Delivering Alien Invasive Species Inventories for Europe. Available at: http://www.europe-aliens.org/
586;0;Asia;Psychoides filicivora;Palearctic;2020;Roy, D., Alderman, D., Anastasiu, P., Arianoutsou, M., Augustin, S., Bacher, S., ... and Reyserhove, L., (2020). DAISIE - Delivering Alien Invasive Species Inventories for Europe. Available at: http://www.europe-aliens.org/
587;0;Asia;Oraesia excavata;Palearctic;2011;Haines, W., Starr, F., Starr, K. and King, W. (2011). A New Record of the Fruit Piercing Moth Oraesia excavata (Butler)(Erebidae: Calpinae: Calpini) for Hawaii and the United States. The Journal of the Lepidopterists Society. 65(1): 53-57
588;0;Asia;Oraesia excavata;Oriental;2011;Haines, W., Starr, F., Starr, K. and King, W. (2011). A New Record of the Fruit Piercing Moth Oraesia excavata (Butler)(Erebidae: Calpinae: Calpini) for Hawaii and the United States. The Journal of the Lepidopterists Society. 65(1): 53-57
589;0;Asia;Oraesia excavata;Sino-Japanese;2011;Haines, W., Starr, F., Starr, K. and King, W. (2011). A New Record of the Fruit Piercing Moth Oraesia excavata (Butler)(Erebidae: Calpinae: Calpini) for Hawaii and the United States. The Journal of the Lepidopterists Society. 65(1): 53-57
590;0;Asia;Psilogramma increta;Palearctic;2024;Pittaway, A. and Kitching, I. (2024). Sphingidae of the Eastern Palaearctic (including Siberia, the Russian Far East, Mongolia, China, Taiwan, the Korean Peninsula and Japan). Available at: https://tpittaway.tripod.com/china/china.htm
591;0;Asia;Psilogramma increta;Oriental;2024;Pittaway, A. and Kitching, I. (2024). Sphingidae of the Eastern Palaearctic (including Siberia, the Russian Far East, Mongolia, China, Taiwan, the Korean Peninsula and Japan). Available at: https://tpittaway.tripod.com/china/china.htm
592;0;Asia;Psilogramma increta;Sino-Japanese;2024;Pittaway, A. and Kitching, I. (2024). Sphingidae of the Eastern Palaearctic (including Siberia, the Russian Far East, Mongolia, China, Taiwan, the Korean Peninsula and Japan). Available at: https://tpittaway.tripod.com/china/china.htm
593;0;Asia;Dichomeris picrocarpa;Palearctic;1991;Park, K. (1991). Gelechiidae (Lepidoptera) from North Korea with description of two new species. Annales historico-naturales Musei Natinonalis Hungarici. 83: 117-123
594;0;Asia;Dichomeris picrocarpa;Oriental;1991;Park, K. (1991). Gelechiidae (Lepidoptera) from North Korea with description of two new species. Annales historico-naturales Musei Natinonalis Hungarici. 83: 117-123
595;0;Asia;Dichomeris picrocarpa;Sino-Japanese;1991;Park, K. (1991). Gelechiidae (Lepidoptera) from North Korea with description of two new species. Annales historico-naturales Musei Natinonalis Hungarici. 83: 117-123
596;0;Asia;Rhopobota naevana;Sino-Japanese;2005;Zhang, A. and Li, H. (2005). Catalogue of Eucosmini from China (Lepidoptera: Tortricidae). SHILAP Revista de lepidopterologia. 33(131): 265-298
597;0;Asia;Scirpophaga incertulas;Sino-Japanese;2006;Chen, F., Song, S. and Wu, C. (2006). A review of the genus Scirpophaga Treitschke, 1832 in China (Lepidoptera: Pyralidae). Zootaxa, 1236(1): 1-22
598;0;Asia;Samia cynthia;Sino-Japanese;2003;Peigler, R. and Naumann, S. (2003). A revision of the silkmoth genus Samia.  University of the Incarnate Word, San Antonio. Texas, United States of America.
599;0;Asia;Stigmella multispicata;Sino-Japanese;2018;van Nieukerken, E., Gilrein, D. and Eiseman, E. (2018). Stigmella multispicata Rociene & Stonis, an Asian leafminer on Siberian elm, now widespread in eastern North America (Lepidoptera, Nepticulidae). ZooKeys. 784: 95-125
600;0;Asia;Lymantria dispar;Sino-Japanese;2007;Pogue, M. (2007). A Review of Selected Species of Lymantria Hubner (1819) (Lepidoptera: Noctuidae: Lymantriinae) from Subtropical and Temperate Regions of Asia, Including the Descriptions of Three New Species, Some Potentially Invasive to North America. U.S. Department of Agriculture, Forest Health Technology Enterprise Team. 223 pp
601;0;Asia;Theretra latreillii;Sino-Japanese;2014;Rafi, M., Sultan, A., Kitching, I., Pittaway, A., Markhasiov, M., Khan, M. and Naz, F. (2014). The Hawkmoth Fauna of Pakistan (Lepidoptera: Sphingidae). Zootaxa. 3794(3): 393-418
602;0;Asia;Nymphula manilensis;Sino-Japanese;2010;Chen, F., Wu, C. and Xue, D. (2010). A review of the genus Elophila Hubner, 1822 in China (Lepidoptera: Crambidae: Acentropinae). Aquatic insects. 32(1): 35-60
603;0;Asia;Rhopobota naevana;Palearctic;2005;Zhang, A. and Li, H. (2005). Catalogue of Eucosmini from China (Lepidoptera: Tortricidae). SHILAP Revista de lepidopterologia. 33(131): 265-298
604;0;Asia;Scrobipalpa obsoletella;Palearctic;2010;Bidzilya, O. and Li, H. (2010). The genus Scrobipalpa Janse (Lepidoptera, Gelechiidae) in China, with descriptions of 13 new species. Zootaxa. 2513(1): 1-26
605;0;Asia;Papilio xuthus;Sino-Japanese;2024;Inayoshi, Y. (2024). A Check List of Butterflies in Indo-China - Chiefly from Thailand, Laos and Vietnam. Available at: https://yutaka.it-n.jp/index.html
606;0;Asia;Acrolepiopsis sapporensis;Palearctic;2007;Landry, J. (2007). Taxonomic review of the leek moth genus Acrolepiopsis (Lepidoptera: Acrolepiidae) in North America. The Canadian Entomologist. 139: 319-353
607;0;Asia;Ptycholomoides aeriferana;Palearctic;2003;Byun, B., Yan, S. and Ll, C. (2003). Revision of Tribe Archipini (Tortricidae: Tortricinae) in Northeast. Journal of Forestry Research. 14(2): 93-102
608;0;Asia;Samia cynthia;Palearctic;2003;Peigler, R. and Naumann, S. (2003). A revision of the silkmoth genus Samia.  University of the Incarnate Word, San Antonio. Texas, United States of America.
609;0;Asia;Lymantria dispar;Palearctic;2007;Pogue, M. (2007). A Review of Selected Species of Lymantria Hubner (1819) (Lepidoptera: Noctuidae: Lymantriinae) from Subtropical and Temperate Regions of Asia, Including the Descriptions of Three New Species, Some Potentially Invasive to North America. U.S. Department of Agriculture, Forest Health Technology Enterprise Team. 223 pp
610;0;Asia;Scrobipalpa obsoletella;Palearctic;2019;Bidzilya, O., Karsholt, O., Kravchenko, V. and Sumpich, J. (2019). An annotated checklist of Gelechiidae (Lepidoptera) of Israel with description of two new species. Zootaxa. 4677(1): 1-68
611;0;Asia;Parapoynx diminutalis;Sino-Japanese;1996;Buckingham, G. and Bennett, C. (1996). Laboratory biology of an immigrant Asian moth, Parapoynx diminutalis (Lepidoptera: Pyralidae), on Hydrilla verticillata (Hydrocharitaceae). Florida Entomologist. 79(3): 353-353
612;0;Asia;Hypena commixtalis;Oriental;2013;Kononenko, V. and Pinratana, A. (2013). Moths of Thailand. Noctuoidea. An illustrated Catalogue of Erebidae, Nolidae, Euteliidae and Noctuidae (Insecta, Lepidoptera) in Thailand. Brothers of St. Gabriel in Thailand. Bangkok.
613;0;Asia;Papilio polytes;Oriental;2013;"Halloran, K. and Wason, E. (2013). ""Papilio polytes"" (On-line), Animal Diversity Web. University of Michigan. Michigan, United States of America. Available at: https://animaldiversity.org/accounts/Papilio_polytes/"
614;0;Asia;Theretra latreillii;Oriental;2014;Rafi, M., Sultan, A., Kitching, I., Pittaway, A., Markhasiov, M., Khan, M. and Naz, F. (2014). The Hawkmoth Fauna of Pakistan (Lepidoptera: Sphingidae). Zootaxa. 3794(3): 393-418
615;0;Asia;Parasa lepida;Oriental;2007;Yamazaki, K., Kitamoto, T., Yariyama, Y. and Sugiura, S. (2007). An analysis of spatial distribution in the exotic slug caterpillar Parasa lepida (Cramer)(Lepidoptera: Limacodidae) at an urban coastal site in central Japan. The Pan-Pacific Entomologist. 83(3): 193-199
616;0;Asia;Neomusotima conspurcatalis;Oriental;2012;Boughton, A. and Pemberton, R. (2012). Biology and reproductive parameters of the brown lygodium moth, Neomusotima conspurcatalis-A new biological control agent of Old World climbing fern in Florida. Environmental entomology. 41(2): 308-316
617;0;Asia;Rhopobota naevana;Oriental;2005;Zhang, A. and Li, H. (2005). Catalogue of Eucosmini from China (Lepidoptera: Tortricidae). SHILAP Revista de lepidopterologia. 33(131): 265-298
618;0;Asia;Scrobipalpa obsoletella;Sino-Japanese;2010;Bidzilya, O. and Li, H. (2010). The genus Scrobipalpa Janse (Lepidoptera, Gelechiidae) in China, with descriptions of 13 new species. Zootaxa. 2513(1): 1-26
619;0;Asia;Pelochrista medullana;Sino-Japanese;2005;Zhang, A. and Li, H. (2005). Catalogue of Eucosmini from China (Lepidoptera: Tortricidae). SHILAP Revista de lepidopterologia. 33(131): 265-298
620;0;Asia;Nymphula manilensis;Oriental;2010;Chen, F., Wu, C. and Xue, D. (2010). A review of the genus Elophila Hubner, 1822 in China (Lepidoptera: Crambidae: Acentropinae). Aquatic insects. 32(1): 35-60
621;0;Asia;Anomis privata;Sino-Japanese;1996;Kononenko, V., Ahn, S. and Ronkay, L. (1998). Illustrated catalogue of Noctuidae in Korea (Lepidoptera). Insect of Korea. Series 3. Korea Research Institute of Bioscience and Biotechnology : Center for Insect Systematics
622;0;Asia;Dendrolimus sibiricus;Sino-Japanese;2018;Jeong, J., Kim, M., Kim, S., Choi, S. and Kim, I. (2018). DNA data and morphology suggest an occurrence of Dendrolimus sibiricus Tschetverikov, 1908 (Lepidoptera: Lasiocampidae) instead of D. superans Butler, 1877, in South Korea. Entomological Research. 48(2): 108-121
623;0;Asia;Dendrolimus sibiricus;Sino-Japanese;2020;Flo, D., Rafoss, T., Wendell, M. and Sundheim, L. (2020). The Siberian moth (Dendrolimus sibiricus), a pest risk assessment for Norway. Forest Ecosystems. 7: 1-11
624;0;Asia;Actias selene;Sino-Japanese;2007;Choldumrongkul, S., Tubtim, N. and Ratanachan, S. (2007). Geographical distribution and status of Actias Moths in Thailand. Walailak Journal of Science and Technology (WJST). 4(2): 203-213
625;0;Asia;Actias selene;Sino-Japanese;2016;Chutia, B., Nath, C. and Kakati, L. (2016). Conservation strategies of Actias selene Hubner: A wild silk moth in Nagaland, India. Environment Conservation Journal. 17(1): 41-45
626;0;Asia;Adoxophyes privatana;Sino-Japanese;2012;Lok, A., Ang, W., Tan, H., Corlett, T. and Tan, P. (Eds.) (2012). The Native Fauna of the Native Garden at Hortpark: Birds, Fishes, Amphibians, Reptiles, Butterflies, Moths, Damselflies and Dragonflies. Raffles Museum of Biodiversity Research, National University of Singapore and Centre for Urban Greenery and Ecology, National Parks Board. Singapore.
627;0;Asia;Autosticha modicella;Sino-Japanese;2017;Park, K. and Kim, S. (2017). Faunistic data of micromoths (Lepidoptera) in North Korea. Journal of Asia-Pacific Biodiversity. 10(1): 73-80
628;0;Asia;Catopsilia pyranthe;Sino-Japanese;2000;Braby, M. (2000). Butterflies of Australia: their identification, biology and distribution. CSIRO publishing. Collingwood, Australia.
629;0;Asia;Choristoneura lafauryana;Sino-Japanese;2003;Byun, B., Yan, S. and Ll, C. (2003). Revision of Tribe Archipini (Tortricidae: Tortricinae) in Northeast. Journal of Forestry Research. 14(2): 93-102
630;0;Asia;Elophila nymphaeata;Sino-Japanese;1984;Speidel, W. (1984). Revision der Acentropinae des palaearktischen Faunengebietes (Lepidoptera: Crambidae). Neue entomologische Nachrichten. 12: 1‚Äì157
631;0;Asia;Euploea core;Sino-Japanese;2011;Muller, C. and Tennent, W. (2011). Euploea core. The IUCN Red List of Threatened Species 2011: e.T160339A5362889
632;0;Asia;Hadena compta;Sino-Japanese;2007;Kravchenko, V., Fibiger, M., Mooser, J., Junnila, A. and Muller, G. C. (2007). The Hadeninae of Israel (Lepidoptera: Noctuidae). SHILAP Revista de lepidopterologia. 35(140): 441-454
633;0;Asia;Hypolimnas misippus;Sino-Japanese;2021;Coetzer, A. and Westrip, J. (2021). Hypolimnas misippus. The IUCN Red List of Threatened Species 2021: e.T62148588A161331411
634;0;Asia;Leucoptera malifoliella;Sino-Japanese;2024;CAB International (CABI) (2024). CABI Invasive Species Compendium. Available at: https://www.cabidigitallibrary.org/product/QI
635;0;Asia;Lymantria mathura;Sino-Japanese;2024;CAB International (CABI) (2024). CABI Invasive Species Compendium. Available at: https://www.cabidigitallibrary.org/product/QI
636;0;Asia;Ostrinia furnacalis;Sino-Japanese;1991;Nafus, D. and Schreiner, I. (1991). Review of the biology and control of the Asian corn borer, Ostrinia furnacalis (Lep: Pyralidae). International Journal of Pest Management. 37(1): 41-56
637;0;Asia;Phalanta phalantha;Sino-Japanese;2021;Westrip, J. (2021). Phalanta phalantha (errata version published in 2022). The IUCN Red List of Threatened Species 2021: e.T162638397A223003677
638;0;Asia;Pygospila tyres;Sino-Japanese;2022;Kalawate, A., Shabnam, A. and Dinesh, K. (2022). First Indian DNA barcode record for the moth species Pygospila tyres (Cramer, 1780) (Lepidoptera: Crambidae: Spilomelinae) distributed in Asia and Australia. Journal of Threatened Taxa. 14(2): 20637‚Äì20642
639;0;Asia;Earias cupreoviridis;Sino-Japanese;1965;Gentry, J. (1965). Crop insects of northeast Africa-southwest Asia (No. 273). Agricultural Research Service, US Department of Agriculture.
640;0;Asia;Earias cupreoviridis;Sino-Japanese;2024;de Prins J. and de Prins W. (2024). Afromoths, online database of Afrotropical moth species (Lepidoptera). Available at: http://www.afromoths.net
641;0;Asia;Lymantria monacha;Sino-Japanese;2024;CAB International (CABI) (2024). CABI Invasive Species Compendium. Available at: https://www.cabidigitallibrary.org/product/QI
642;0;Asia;Archips xylosteana;Sino-Japanese;2024;CAB International (CABI) (2024). CABI Invasive Species Compendium. Available at: https://www.cabidigitallibrary.org/product/QI
643;0;Asia;Neptis rivularis;Sino-Japanese;2024;Maletzki, M., Das, G., Hajkova, K., Kovarova, P., Perlik, M., Sbaraglia, C., ... and Konvicka, M. (2024). Wetland butterfly thriving in abandoned jungle: Neptis rivularis in the Czech Republic. The Science of Nature. 111: 34
644;0;Asia;Orgyia thyellina;Sino-Japanese;2003;Hosking, G., Clearwater, J., Handiside, J., Kay, M., Ray, J. and Simmons, N. (2003) Tussock moth eradication - a success story from New Zealand, International Journal of Pest Management. 49(1): 17-24
645;0;Asia;Spodoptera litura;Sino-Japanese;2019;Jung, J., Byeon, D., Jung, S. and Lee, W. (2019). Effect of climate change on the potential distribution of the common cutworm (Spodoptera litura) in South Korea. Entomological Research. 49(12): 519-528
646;0;Asia;Eucosma cana;Sino-Japanese;2005;Zhang, A. and Li, H. (2005). Catalogue of Eucosmini from China (Lepidoptera: Tortricidae). SHILAP Revista de lepidopterologia. 33(131): 265-298
647;0;Asia;Trilocha varians;Sino-Japanese;2021;Ramzan, M., Naeem-Ullah, U., Sial, M., Iqbal, N. and Saeed, S. (2021). Distribution, biology and management strategies about a less studied insect pest (Trilocha varians) of Ficus: a review. Pakistan Journal of Agricultural Research. 34(3): 638-642
648;0;Asia;Aproaerema modicella;Sino-Japanese;1993;Shanower, T., Wightman, J. and Gutierrez, A. (1993). Biology and control of the groundnut leafminer, Aproaerema modicella (Deventer)(Lepidoptera: Gelechiidae). Crop Protection. 12(1): 3-10
649;0;Asia;Hypena commixtalis;Sino-Japanese;2024;de Prins J. and de Prins W. (2024). Afromoths, online database of Afrotropical moth species (Lepidoptera). Available at: http://www.afromoths.net
650;0;Asia;Oxyplax pallivitta;Sino-Japanese;2024;CAB International (CABI) (2024). CABI Invasive Species Compendium. Available at: https://www.cabidigitallibrary.org/product/QI
651;0;Asia;Anthophila nemorana;Sino-Japanese;2014;de Prins, W., Baugnee, J., Georis, A., Spronck, R. and Spronck, R. (2014). Choreutis nemorana (Lepidoptera: Choreutidae) well established in Belgium. Phegea. 42(2): 29-32
652;0;Asia;Clethrogyna turbata;Sino-Japanese;2015;Ong, S. and Farid, A. (2015) Defoliators Of Sesenduii Endospermum Diadenum. FRIM Technical Information. 75: 1-3
653;0;Asia;Sinica sinica;Sino-Japanese;2006;Schultz, P., Day, E., Bordas, A. and Bean, R. (2006). Biology and Distribution of Pryeria sinica, a New Pest of Euonymus Found in Virginia and Maryland. Plant Health Progress. 7(1): 49
654;0;Asia;Autographa gamma;Sino-Japanese;2014;Sullivan, M. and T. Molet. (2007). CPHST Pest Datasheet for Autographa gamma. USDA-APHIS-PPQ-CPHST. Revised January 2014.
655;0;Asia;Doloessa viridis;Sino-Japanese;2002;Lim, G. (2002). Observations of Prasinoxena monospila and Doloessa viridis (Lepidoptera: Pyralidae) on the bark of Khaya ivorensis in Malaysia. Journal of Tropical Forest Science. 14(1): 158-161
656;0;Asia;Grapholita dimorpha;Sino-Japanese;2015;Lee, S., Choi, K., Back, C., Choi, K., Kang, I., Jung, H. and Ohga, S. (2015). Distinction of Grapholita molesta Busck and Grapholita dimorpha Komai larvae based on morphological feature of anal prolegs. Journal of the Faculty of Agriculture Kyushu University. 60(2): 291‚Äì295
657;0;Asia;Hestina assimilis;Sino-Japanese;2011;Nakamura, Y. (2011). Conservation of butterflies in Japan: status, actions and strategy. Journal of Insect Conservation. 15(1): 5-22
658;0;Asia;Sericinus montela;Sino-Japanese;2017;Hashimoto, K. and Ohgushi, T. (2017). How do two specialist butterflies determine growth and biomass of a shared host plant? Population Ecology. 59: 17‚Äì27
659;0;Asia;Parathyma perius;Sino-Japanese;2024;Inayoshi, Y. (2024). A Check List of Butterflies in Indo-China - Chiefly from Thailand, Laos and Vietnam. Available at: https://yutaka.it-n.jp/index.html
660;0;Asia;Chlumetia brevisigna;Sino-Japanese;1993;Yoshimatsu, S., Miyara, A., Arakaki, N. and Kawasaki, K. (1993). Occurrence of Chlumetia brevisigna HOLLOWAY (Lepidoptera: Noctuidae) on Mango in Japan. Applied entomology and zoology. 28(3): 401-403
661;0;Asia;Conopomorpha litchiella;Sino-Japanese;2024;de Prins J. and de Prins W. (2024). Global Taxonomic Database of Gracillariidae (Lepidoptera). Avaliable at: http://www.gracillariidae.net
662;0;Asia;Conopomorpha sinensis;Sino-Japanese;1986;Bradley, J. (1986). Identity of the South-East Asian cocoa moth, Conopomorpha cramerella (Snellen)(Lepidoptera: Gracillariidae), with descriptions of three allied new species. Bulletin of Entomological Research. 76(1): 41-51
663;0;Asia;Leptosia nina;Sino-Japanese;2024;Inayoshi, Y. (2024). A Check List of Butterflies in Indo-China - Chiefly from Thailand, Laos and Vietnam. Available at: https://yutaka.it-n.jp/index.html
664;0;Asia;Leucinodes orbonalis;Sino-Japanese;2015;Mally, R., Korycinska, A., Agassiz, D., Hall, J., Hodgetts, J. and Nuss, M. (2015). Discovery of an unknown diversity of Leucinodes species damaging Solanaceae fruits in sub-Saharan Africa and moving in trade (Insecta, Lepidoptera, Pyraloidea). ZooKeys. 472: 117‚Äì162
665;0;Asia;Acleris comariana;Sino-Japanese;2012;Gilligan, T. and Epstein, M. (2012). TortAI, Tortricids of Agricultural Importance to the United States (Lepidoptera: Tortricidae). Identification Technology Program (ITP), USDA/APHIS/PPQ/CPHST, Fort Collins, CO. [accessed at https://idtools.org/id/tortai/index.html].
666;0;Asia;Artona martini;Sino-Japanese;2020;Marianelli, L., Iovinella, I., Strangi, A., Madonni, L., Efetov, K., Tarmann, G., ... and Roversi, P. (2020). First record of the pest Artona (Fuscartona) martini Efetov, 1997 (Lepidoptera Zygaenidae Procridinae Artonini) in European territory. Redia: Journal of Zoology/Giornale di Zoologia. 103: 3-7
667;0;Asia;Herpetogramma licarsisalis;Sino-Japanese;1976;Tashiro, H. (1976). Biology of the grass webworm, Herpetogramma licarsisalis (Lepidoptera: Pyraustidae) in Hawaii. Annals of the Entomological Society of America. 69(5): 797-803
668;0;Asia;Vanessa cardui;Sino-Japanese;2020;Walker, A. and Coetzer, A. (2020). Vanessa cardui. The IUCN Red List of Threatened Species 2020: e.T174379A161326679.
669;0;Asia;Ategumia adipalis;Sino-Japanese;2018;Wei, X., Wan, J. and Du, X. (2018). Fauna of Spilomelinae from Wuzhi Mountain Nature Reserve, Hainan Island, China (Lepidoptera: Pyraloidea, Crambidae). SHILAP Revista de lepidopterologia. 46(181): 19-26
670;0;Asia;Ategumia adipalis;Sino-Japanese;2005;Kendrick, R. (2005). Kadoorie Farm and Botanic Garden 2005 Fauna Checklist. RIB International Ltd., Kowloon Bay, Hong Kong
671;0;Asia;Chilo suppressalis;Sino-Japanese;2024;CAB International (CABI) (2024). CABI Invasive Species Compendium. Available at: https://www.cabidigitallibrary.org/product/QI
672;0;Asia;Bactra venosana;Sino-Japanese;2015;Sohn, J., Park, K. and Cho, S. (2015). Seven species of Olethreutinae (Lepidoptera: Tortricidae) new to Korea. Journal of Asia-Pacific Biodiversity. 8(2): 133-138
673;0;Asia;Callopistria maillardi;Sino-Japanese;2024;de Prins J. and de Prins W. (2024). Afromoths, online database of Afrotropical moth species (Lepidoptera). Available at: http://www.afromoths.net
674;0;Asia;Hypena strigatus;Sino-Japanese;2013;Kononenko, V. and Pinratana, A. (2013). Moths of Thailand. Noctuoidea. An illustrated Catalogue of Erebidae, Nolidae, Euteliidae and Noctuidae (Insecta, Lepidoptera) in Thailand. Brothers of St. Gabriel in Thailand. Bangkok.
675;0;Asia;Cochylis atricapitana;Sino-Japanese;2013;Sun, Y. and Li, H. (2013). Cochylis Treitschke in China: one new species and five new records (Lepidoptera, Tortricidae, Cochylini). ZooKeys. 258: 85‚Äì96
676;0;Asia;Antheraea pernyi;Sino-Japanese;2017;Li, W., Zhang, Z., Lin, L. and Terenius, O. (2017). Antheraea pernyi (Lepidoptera: Saturniidae) and its importance in sericulture, food consumption, and traditional Chinese medicine. Journal of economic entomology, 110(4): 1404-141
677;0;Asia;Antheraea yamamai;Sino-Japanese;2015;Nahirnic, A. and Stoyan, B. (2015). The first report of Japanese oak silkmoth Antheraea yamamai (Guerin-Meneville, 1861)(Lepidoptera: Saturniidae) in Montenegro. ZooNotes. 82: 1-4
678;0;Asia;Cydalima perspectalis;Sino-Japanese;2024;CAB International (CABI) (2024). CABI Invasive Species Compendium. Available at: https://www.cabidigitallibrary.org/product/QI
679;0;Asia;Diplopseustis perieresalis;Sino-Japanese;2006;Speidel, W., Nieukerken, E., Honey, M. and Koster, S. (2006). The exotic pyraloid moth Diplopseustis perieresalis (Walker) expanding in the West Palaearctic Region (Crambidae: Spilomelinae). Nota lepiderologica. 29(3): 185‚Äì192
680;0;Asia;Garella musculana;Sino-Japanese;2023;Scaccini, D., Bramuzzo, D., Bostanci, C., Faccoli, M., Martinez-Sanudo, I., Matov, A., ... and Pozzebon, A. (2023). First report of Garella musculana (Erschov, 1874) (Lepidoptera: Nolidae) in Italy with insights into its identity. Journal of Applied Entomology. 147: 239-243
681;0;Asia;Haplochrois theae;Sino-Japanese;2020;Roy, D., Alderman, D., Anastasiu, P., Arianoutsou, M., Augustin, S., Bacher, S., ... and Reyserhove, L., (2020). DAISIE - Delivering Alien Invasive Species Inventories for Europe. Available at: http://www.europe-aliens.org/
682;0;Asia;Acleris variegana;Sino-Japanese;2009;Alipanah, H. (2009). A brief study on the tribes Tortricini and Archipini (Lepidoptera: Tortricinae) from Iran. Entomofauna. 10: 137-152
683;0;Asia;Diaphania indica;Sino-Japanese;2018;Dai, L., Zhou, X., Kausar, S., Abbas, M., Wu, L. and Zhou, H. (2018). Mitochondrial genome of Diaphania indica (saunders)(Lepidoptera: Pyraloidea) and implications for its phylogeny. International Journal of Biological Macromolecules. 108: 981-989
684;0;Asia;Archips oporana;Sino-Japanese;2007;Khramov, P. (Ed.) (2007). Insecta.pro: international entomological community. Available online at: https://insecta.pro
685;0;Asia;Archips xylosteana;Sino-Japanese;2008;Hoebeke, E., Wheeler, A. and Brown, J. (2008). Archips xylosteana (L.)(Lepidoptera: Tortricidae), a palearctic leafroller new to North America. Proceedings of the Entomological Society of Washington. 110(3): 789-795
686;0;Asia;Earias vittella;Sino-Japanese;2003;Nash, S. (2003). Earias vittella (Fabricius) (Lep.: Noctuidae) the first occurrence of wild-caught moths in Europe. Entomologist‚Äôs Record and Journal of Variation 115: 187‚Äì188
687;0;Asia;Cnephasia stephensiana;Sino-Japanese;2021;Goglia, L. (2021). Faunistic Notes on Lepidoptera Tortricidae from Calabria (South Italy) - Contribution to the knowledge of the Lepidoptera Tortricidae fauna of Mediterranean ecosystems. [PhD Thesis, Universita degli Studi della Tuscia and Universita degli Studi del Molise]
688;0;Asia;Monema flavescens;Sino-Japanese;2013;Shibasaki, H., Yamamoto, M., Yan, Q., Naka, H., Suzuki, T. and Ando, T. (2013). Identification of the sex pheromone secreted by a nettle moth, Monema flavescens, using gas chromatography/Fourier transform infrared spectroscopy. Journal of chemical ecology. 39: 350-357
689;0;Asia;Coleophora parthenica;Sino-Japanese;2023;Tabell, J., Kullberg, J., Mutanen, M., Tokar, Z. and Sihvonen, P. (2023). New and little known Coleophora Hubner, 1822 species from Morocco. Part I.(Lepidoptera, Coleophoridae). Zootaxa 5374 (2): 151‚Äì195
690;0;Asia;Cydia coniferana;Sino-Japanese;2007;Powell, N. (2007). First report of the Palearctic species Cydia coniferana (Tortricidae) in the western United States. Journal of the Lepidopterists Society. 61(3): 172-175
691;0;Asia;Cymolomia hartigiana;Sino-Japanese;2004;Bong-Kyu, B., Cheng-de, L. and Li-zhi, Z. (2004). Cymolomia hartigiana (Saxesen, 1840)(Lepidoptera: Tortricidae) attacking to Abies nephrolepis max. new to Daxinganling, Heilongjiang, China. Journal of Forestry Research. 15(1): 67-68
692;0;Asia;Depressaria depressana;Sino-Japanese;2013;Landry, J., Nazari, V., Dewaard, J. , Mutanen, M., Lopez-Vaamonde, C., Huemer, P. and Hebert, P. (2013). Shared but overlooked: 30 species of Holarctic Microlepidoptera revealed by DNA barcodes and morphology.¬†Zootaxa.¬†3749(1): 1-93
693;0;Asia;Anania hortulata;Sino-Japanese;2019;Yang, Z. and Landry, J.-F. (2019). Allopatric separation represents an overlooked cryptic species in the Anania hortulata species complex (Lepidoptera: Crambidae: Pyraustinae): congruence between genetic and morphological evidence. The Canadian Entomologist. 00: 1-24
694;0;Asia;Grapholita delineana;Sino-Japanese;2012;Byun, B., Lee, B., Bae, K. and Lee, K. (2012). A review of the genus Grapholita (Lepidoptera, Tortricidae) in North Korea. Animal Systematics, Evolution and Diversity. 28(4): 291-296
695;0;Asia;Homadaula anisocentra;Sino-Japanese;2022;Mey, W. (2022). Taxonomic notes on Palearctic taxa of Galacticidae, a little-known family of Lepidoptera (Galacticoidea). Nota Lepidopterologica. 45: 169-190
696;0;Asia;Leucoma salicis;Sino-Japanese;1956;Kumata, T. (1956). A revision of the Japanese species of the genus Leucoma Stephens (Lepidoptera, Lymantriidae). Insecta matsumurana. 20(3): 107-113
697;0;Asia;Notocelia rosaecolana;Sino-Japanese;2013;Byun, B., Lee, B., Bae, K. and Choi, J. (2013). Two unrecorded species of Tortricidae (Lepidoptera) from North Korea, with notes on collection localities of North Korean Tortricids deposited at the Hungarian Natural History Museum. Korean journal of applied entomology. 52(1): 53-59
698;0;Asia;Pandemis cerasana;Sino-Japanese;1980;Mutuura, A. (1980). Two Pandemis species introduced into British Columbia, with a comparison of native North American species (Lepidoptera: Tortricidae). The Canadian Entomologist. 112(6): 549-554
699;0;Asia;Helicoverpa armigera;Sino-Japanese;2017;Tay, W., Walsh, T., Downes, S., Anderson, C., Jermiin, L., Wong, T., ... and Gordon, K. (2017). Mitochondrial DNA and trade data support multiple origins of Helicoverpa armigera (Lepidoptera, Noctuidae) in Brazil. Scientific Reports. 7: 45302
700;0;Asia;Sclerocona acutella;Sino-Japanese;2003;Wagner, D., Ferguson, D. and Glaser, J. (2003). Sclerocona acutella (Eversmann)(Crambidae: Pyraustinae), naturalized along the eastern seaboard. Journal ofthe Lepidopterists Society. 57(4): 270-273
701;0;Asia;Lobesia botrana;Sino-Japanese;2011;Gilligan, T., Epstein, M., Passoa, S., Powell, J., Sage, O. and Brown, J. (2011). Discovery of Lobesia botrana ([Denis & Schiffermuller]) in California: An invasive species new to North America (Lepidoptera: Tortricidae). Proceedings of the Entomological Society of Washington. 1113(1): 14-30
702;0;Asia;Elophila difflualis;Sino-Japanese;2010;Chen, F., Wu, C. and Xue, D. (2010). A review of the genus Elophila Hubner, 1822 in China (Lepidoptera: Crambidae: Acentropinae). Aquatic insects. 32(1): 35-60
703;0;Asia;Dendrolimus pini;Sino-Japanese;2024;CAB International (CABI) (2024). CABI Invasive Species Compendium. Available at: https://www.cabidigitallibrary.org/product/QI
704;0;Asia;Edales pandava;Sino-Japanese;2009;Wu, L., Lees, D. and Hsu, Y. (2009). Tracing the origin of Chilades pandava (Lepidoptera, Lycaenidae) found at Kinmen Island using mitochondrial COI and COII Genes. BioFormosa. 44(2): 61-68
705;0;Asia;Crocidophora butleri;Sino-Japanese;2019;Lee, T., Ko, J., Lee, D., Kim, H., Cha, Y., Bayarsaikhan, U., ... and Bae, Y. (2019). Two species of Pyraustine moths new to Korea (Lepidoptera: Crambidae). Journal of Asia-Pacific Biodiversity. 12(1): 79-82
706;0;Asia;Caloptilia triadicae;Sino-Japanese;2024;University of Florida (2024). Featured Creatures - Caloptilia triadicae (Davis) (Insecta: Lepidoptera: Gracillariidae). Available at: https://entnemdept.ufl.edu/creatures/
707;0;Asia;Caloptilia triadicae;Oriental;2024;University of Florida (2024). Featured Creatures - Caloptilia triadicae (Davis) (Insecta: Lepidoptera: Gracillariidae). Available at: https://entnemdept.ufl.edu/creatures/
708;0;Asia;Mimudea puralis;Sino-Japanese;2010;Solis, M., Scholtens, B., Adams, J. and Funk, D. (2010). First Report of Ecpyrrhorrhoe puralis (South)(Pyraloidea: Crambidae: Pyraustinae) in North America: A Naturalized Exotic Pyraustine from Asia Feeding on Paulownia Siebold & Zucc. The Journal of the Lepidopterists Society. 64(1): 33-35
709;0;Asia;Lamprosema chagosalis;Oriental;2015;Hayden, J. and Troubridge, J. (2015). Nacoleia charesalis (Walker) spreading in Florida. News of the Lepidopterists Society. 57(1): 8-10
710;0;Asia;Plesiomorpha flaviceps;Oriental;2018;Seliger, R. and A. Hemmersbach (2018). Zwei adventive Schmetterlingsarten neu fur Deutschland: Plesiomorpha flaviceps (Butler, 1881) und Prays citri (Milliere, 1873) (Lep., Geometridae et Praydidae). Melanargia. 30(2): 49-52
711;0;Asia;Plesiomorpha flaviceps;Sino-Japanese;2018;Seliger, R. and A. Hemmersbach (2018). Zwei adventive Schmetterlingsarten neu fur Deutschland: Plesiomorpha flaviceps (Butler, 1881) und Prays citri (Milliere, 1873) (Lep., Geometridae et Praydidae). Melanargia. 30(2): 49-52
712;0;Asia;Plesiomorpha flaviceps;Palearctic;2018;Seliger, R. and A. Hemmersbach (2018). Zwei adventive Schmetterlingsarten neu fur Deutschland: Plesiomorpha flaviceps (Butler, 1881) und Prays citri (Milliere, 1873) (Lep., Geometridae et Praydidae). Melanargia. 30(2): 49-52
713;0;Asia;Parathyma perius;Oriental;2024;Inayoshi, Y. (2024). A Check List of Butterflies in Indo-China - Chiefly from Thailand, Laos and Vietnam. Available at: https://yutaka.it-n.jp/index.html
714;0;Asia;Statherotis discana;Oriental;1993;Nasu, Y., Kawasaki, K. and Arakaki, N. (1993). Statherotis discana (Felder et Rogenhofer)(Lepidoptera: Tortricidae) injurious to litchi from Japan. Applied Entomology and Zoology. 28(1): 97-101
715;0;Asia;Elophila responsalis;Sino-Japanese;2020;Whitaker, T., Sutton, S. and Barlow, H. (2020). Pyralids of Borneo - An Illustrated Guide (5th Edition). Southdene Sdn Bhd. Available Online at: http://www.pyralidsofborneo.org/index.php?index#
716;0;Asia;Hypolimnas misippus;Oriental;2021;Coetzer, A. and Westrip, J. (2021). Hypolimnas misippus. The IUCN Red List of Threatened Species 2021: e.T62148588A161331411
717;0;Africa;Leucinodes laisalis;Afrotropical;2015;Mally, R., Korycinska, A., Agassiz, D., Hall, J., Hodgetts, J. and Nuss, M. (2015). Discovery of an unknown diversity of Leucinodes species damaging Solanaceae fruits in sub-Saharan Africa and moving in trade (Insecta, Lepidoptera, Pyraloidea). ZooKeys. 472: 117‚Äì162
718;0;Africa;Mesophleps palpigera;Afrotropical;2012;Li, H. and Sattler, K. (2012). A taxonomic revision of the genus Mesophleps Hubner, 1825 (Lepidoptera: Gelechiidae). Zootaxa. 3373: 1-82.
719;0;Africa;Sceliodes laisalis;Afrotropical;2015;Mally, R., Korycinska, A., Agassiz, D., Hall, J., Hodgetts, J. and Nuss, M. (2015). Discovery of an unknown diversity of Leucinodes species damaging Solanaceae fruits in sub-Saharan Africa and moving in trade (Insecta, Lepidoptera, Pyraloidea). ZooKeys. 472: 117‚Äì162
720;0;Africa;Acraea macarista;Afrotropical;2008;Williams, M. (2008). Butterflies And Skippers Of The Afrotropical Region (Papilionoidea and Hesperioidea). 7th edition. Lepidopterists Society of Africa
721;0;Africa;Sameodes cancellalis;Afrotropical;2018;Poltavsky, A., Kravchenko, V., Traore, M., Traore, S., Gergely, P., Witt, T., ... and Muller, G. (2018). The Pyraloidea (Lepidoptera) fauna of the woody savannah belt in Mali, West Africa. Zootaxa. 4457(1): 39‚Äì69
722;0;Africa;Callopistria maillardi;Afrotropical;2024;de Prins J. and de Prins W. (2024). Afromoths, online database of Afrotropical moth species (Lepidoptera). Available at: http://www.afromoths.net
723;0;Africa;Araeopteron ecphaea;Afrotropical;2001;Fibiger, M. and Agassiz, D. (2001). Araeopteron ecphaea, a small noctuid moth in the West Palaearctic (Noctuidae: Acontiinae). Nota lepidopterologica. 24(1): 29-35
724;0;South America;Sacadodes pyralis;Neotropical;1927;Withycombe, C. (1927). The South American Boll-worm of Cotton (Sacadodes pyralis, Dyar). Bulletin of Entomological Research, 17(3): 265-271
725;0;South America;Ancylostomia stercorea;Panamanian;1972;Barrow, R. (1972). The bionomics of Ancyclostomia stercorea (zeller): a pod-borer on pigeon pea in Trinidad. [PhD Thesis, McGill University, Quebec]
726;0;South America;Vanessa virginiensis;Panamanian;2020;Walker, A. (2020). Vanessa virginiensis. The IUCN Red List of Threatened Species 2020: e.T161254A882795
727;0;South America;Mythimna unipuncta;Panamanian;2024;CAB International (CABI) (2024). CABI Invasive Species Compendium. Available at: https://www.cabidigitallibrary.org/product/QI
728;0;South America;Anartia fatima;Panamanian;2022;Pfeiler, E., Nazario-Yepiz, N., Hernandez-Cervantes, P., and Markow, T. (2022). Phenotypic diversity, population genetics and interspecific relationships of the Neotropical banded peacock butterfly Anartia fatima (Nymphalidae: Nymphalinae). Biological Journal of the Linnean Society. 136(1): 135-144
729;0;South America;Antichloris eriphia;Panamanian;2016;Gernaat, H. (2016). Notes on the early stages of Antichloris eriphia (Erebidae: Arctiinae) in Suriname. The Journal of the Lepidopterists Society. 70(4): 311-314
730;0;South America;Caphys biliniata;Panamanian;2023;Rodriguez, A., Trilleras, C., Bazurto, L., de la Torre, R., Aldana, I., Arias, L., ... and Villarraga, N. (2023). Capiitulo XIII Insectos asociados a los cultivares hi¬¥bridos interespeci¬¥ficos OxG. In: Romero, H. Los hibridos interespecificos OxG de palma de aceite. Cenipalma. Bogota D.C., Colombia.
731;0;South America;Heliconius erato;Panamanian;1994;Brower, A. (1994). Rapid morphological radiation and convergence among races of the butterfly Heliconius erato inferred from patterns of mitochondrial DNA evolution. PNAS. 91(14): 6491-6495
732;0;South America;Castnia licus;Panamanian;2003;Gonzales, J. (2003). Castniinae (Lepidoptera: Castniidae) from Venezuela. V: Castnia Fabricius and Telchin Hu¬®bner. Boleti¬¥n del Centro de Investigaciones Biolo¬¥gicas. 37(3): 191-201
733;0;South America;Leuciris fimbriaria;Panamanian;2002;Pitkin, L. (2002). Neotropical ennomine moths: a review of the genera (Lepidoptera: Geometridae). Zoological journal of the Linnean Society. 135(2): 121-401
734;0;South America;Hypsipyla grandella;Panamanian;2024;CAB International (CABI) (2024). CABI Invasive Species Compendium. Available at: https://www.cabidigitallibrary.org/product/QI
735;0;South America;Danaus plexippus;Panamanian;2022;Walker, A., Oberhauser, K., Pelton, E. and Pleasants, J. (2022). Danaus plexippus (errata version published in 2022). The IUCN Red List of Threatened Species 2022: e.T159971A219149911
736;0;South America;Diastema tigris;Panamanian;1982;Guenee, A. (1852). Noctuelites II. in Boisduval and Guenee: Histoire naturelle des insectes
737;0;South America;Crocidosema aporema;Panamanian;2024;CAB International (CABI) (2024). CABI Invasive Species Compendium. Available at: https://www.cabidigitallibrary.org/product/QI
738;0;South America;Chloridea virescens;Panamanian;2013;Pogue, M. (2013). Revised status of Chloridea Duncan and (Westwood), 1841, for the Heliothis virescens species group (Lepidoptera: Noctuidae: Heliothinae) based on morphology and three genes. Systematic Entomology. 38: 523‚Äì542
739;0;South America;Sibine apicalis;Neotropical;2023;Pardey, A. (2023). 29. El gusano monturita, Acharia apicalis (Dyar, 1900), en palma de aceite. In: Centro de Investigacion en Palma de Aceite, C. (2023). Manejo de plagas para una palmicultura sostenible en Colombia Elaeis guineensis e hibrido OxG. Centro de Investigacion en Palma de Aceite, Cenipalma. 9789588360867
740;0;South America;Sibine apicalis;Panamanian;2023;Pardey, A. (2023). 29. El gusano monturita, Acharia apicalis (Dyar, 1900), en palma de aceite. In: Centro de Investigacion en Palma de Aceite, C. (2023). Manejo de plagas para una palmicultura sostenible en Colombia Elaeis guineensis e hibrido OxG. Centro de Investigacion en Palma de Aceite, Cenipalma. 9789588360867
741;0;South America;Anartia fatima;Neotropical;2022;Pfeiler, E., Nazario-Yepiz, N., Hernandez-Cervantes, P., and Markow, T. (2022). Phenotypic diversity, population genetics and interspecific relationships of the Neotropical banded peacock butterfly Anartia fatima (Nymphalidae: Nymphalinae). Biological Journal of the Linnean Society. 136(1): 135-144
742;0;South America;Spodoptera eridania;Panamanian;2023;Zhang, Y., Zhao, H., Qi, Y., Li, M., Yang, N., Guo, J., ... and Liu, W. (2023). Global potential geographical distribution of the southern armyworm (Spodoptera eridania) under climate change. Biology. 12(7): 1040
743;0;South America;Achroia grisella;Neotropical;1996;Clarke, J. (1986): Pyralidae and Microlepidoptera of the Marquesas Archipelago. Smithsonian Contributions to Zoology. 416: 1-485
744;0;South America;Achroia grisella;Panamanian;1996;Clarke, J. (1986): Pyralidae and Microlepidoptera of the Marquesas Archipelago. Smithsonian Contributions to Zoology. 416: 1-485
745;0;South America;Pareuchaetes insulata;Neotropical;1993;Kluge, R. and Caldwell, P. (1993). Host specificity of Pareuchaetes insulata (Lep.: Arctiidae), a biological control agent for Chromolaena odorata (Compositae). Entomophaga. 38: 451-457
746;0;South America;Pareuchaetes insulata;Panamanian;1993;Kluge, R. and Caldwell, P. (1993). Host specificity of Pareuchaetes insulata (Lep.: Arctiidae), a biological control agent for Chromolaena odorata (Compositae). Entomophaga. 38: 451-457
747;0;South America;Diastema tigris;Neotropical;1982;Guenee, A. (1852). Noctuelites II. in Boisduval and Guenee: Histoire naturelle des insectes
748;0;South America;Pyrausta perelegans;Neotropical;2008;Ramadan, M., Markin, G. and Johnson, M. (2008). Field biology of Pyrausta perelegans (Lepidoptera: Crambidae): a flower bud-feeder on Passiflora mollissima, an invasive vine in Hawaiian forests. Tropical Lepidoptera Research. 18(2): 113-121
749;0;South America;Pyrausta perelegans;Panamanian;2008;Ramadan, M., Markin, G. and Johnson, M. (2008). Field biology of Pyrausta perelegans (Lepidoptera: Crambidae): a flower bud-feeder on Passiflora mollissima, an invasive vine in Hawaiian forests. Tropical Lepidoptera Research. 18(2): 113-121
750;0;Africa;Sesamia calamistis;Madagascan;1953;Tams, W. and Bowden, J. (1953). A revision of the African species of Sesamia Guenee and related genera (Agrotidae-Lepidoptera). Bulletin of entomological research, 43(4): 645-678
751;0;Africa;Stictoptera poecilosoma;Madagascan;2016;de Prins, W. and Mazzei, P. (2016). Some faunistic notes on selected moth species (Lepidoptera) from the Seychelles. Phelsuma. 24: 21-34
752;0;Africa;Hypolimnas misippus;Madagascan;2021;Coetzer, A. and Westrip, J. (2021). Hypolimnas misippus. The IUCN Red List of Threatened Species 2021: e.T62148588A161331411
753;0;Africa;Mussidia nigrivenella;Madagascan;2019;Leraut, G. (2019). Contribution a la connaissance des Pyralidae Phycitinae de Madagascar, des Comores et des Mascareignes (III) ‚Äì Revision et inventaire des especes presentes a Madagascar et dans les Mascareignes. Revue Fran√ßaise dEntomologie Generale. 1(2): 38-198
754;0;Africa;Phalanta phalantha;Madagascan;2021;Westrip, J. (2021). Phalanta phalantha (errata version published in 2022). The IUCN Red List of Threatened Species 2021: e.T162638397A223003677
755;0;Africa;Sameodes cancellalis;Madagascan;2018;Poltavsky, A., Kravchenko, V., Traore, M., Traore, S., Gergely, P., Witt, T., ... and Muller, G. (2018). The Pyraloidea (Lepidoptera) fauna of the woody savannah belt in Mali, West Africa. Zootaxa. 4457(1): 39‚Äì69
756;0;Africa;Earias biplaga;Madagascan;2016;de Prins, W. and Mazzei, P. (2016). Some faunistic notes on selected moth species (Lepidoptera) from the Seychelles. Phelsuma. 24: 21-34
757;0;Africa;Papilio demodocus;Madagascan;2024;CAB International (CABI) (2024). CABI Invasive Species Compendium. Available at: https://www.cabidigitallibrary.org/product/QI
758;0;Africa;Deudorix antalus;Madagascan;2021;Pringle, E. and Westrip, J. (2021). Deudorix antalus. The IUCN Red List of Threatened Species 2021: e.T161338217A161338221.
759;0;Africa;Callopistria maillardi;Madagascan;2024;de Prins J. and de Prins W. (2024). Afromoths, online database of Afrotropical moth species (Lepidoptera). Available at: http://www.afromoths.net
760;0;Africa;Galtara extensa;Madagascan;2024;de Prins J. and de Prins W. (2024). Afromoths, online database of Afrotropical moth species (Lepidoptera). Available at: http://www.afromoths.net
761;0;Africa;Spodoptera mauritia;Madagascan;1956;Fletcher, D. (1956). Spodoptera mauritia (Boisduval) and S. triturata (Walker), two distinct species. Bulletin of Entomological Research. 47(2): 215-217
762;0;Africa;Danaus chrysippus;Madagascan;2021;Westrip, J. (2021). Danaus chrysippus (errata version published in 2022). The IUCN Red List of Threatened Species 2021: e.T174455A222994680
763;0;Africa;Pardasena virgulana;Afrotropical;2024;de Prins J. and de Prins W. (2024). Afromoths, online database of Afrotropical moth species (Lepidoptera). Available at: http://www.afromoths.net
764;0;Africa;Opogona sacchari;Afrotropical;2024;CAB International (CABI) (2024). CABI Invasive Species Compendium. Available at: https://www.cabidigitallibrary.org/product/QI
765;0;Africa;Daphnis nerii;Afrotropical;2024;Pittaway, A. (2024). Sphingidae of the Western Palaearctic (including Europe, North Africa, the Middle East, western Siberia and western Central Asia). Available at: https://tpittaway.tripod.com/sphinx/list.htm
766;0;Africa;Caradrina clavipalpis;Afrotropical;2024;de Prins J. and de Prins W. (2024). Afromoths, online database of Afrotropical moth species (Lepidoptera). Available at: http://www.afromoths.net
767;0;South America;Acleris nishidai;Neotropical;2008;Brown, J. and Nishida, K. (2008). A new species of Acleris Hubner, [1825] from high elevations of Costa Rica (Lepidoptera: Tortricidae, Tortricini). SHILAP Revista de Lepidopterologia. 36(143): 341-348
768;0;South America;Sacadodes pyralis;Panamanian;1927;Withycombe, C. (1927). The South American Boll-worm of Cotton (Sacadodes pyralis, Dyar). Bulletin of Entomological Research, 17(3): 265-271
769;0;North America;Palpita persimilis;Panamanian;2012;Hayden, J. and Buss, L. (2012). Olive shootworm (Palpita persimilis) in Florida. Florida Department of Agriculture and Consumer Services - Division of Plant Industry - Entomology Circular. 426
770;0;South America;Callopistria floridensis;Panamanian;1913;Chittenden, F. (1913). The Florida fern caterpillar (No. 125). US Department of Agriculture, Bureau of Entomology.
771;0;South America;Neurostrota gunniella;Panamanian;2019;Prins, J., Arevalo-Maldonado, H., Davis, D., Landry, B., Vargas, H., Davis, M., ...  and Moreira, G. (2019). An illustrated catalogue of the Neotropical Gracillariidae (Lepidoptera) with new data on primary types.¬†Zootaxa. 4575: 1‚Äì110
772;0;South America;Erinnyis ello;Panamanian;1974;Seifert, R. (1974). The Sphingidae of Turrialba, Costa Rica. Journal of the New York Entomological Society. 82: 45-56
773;0;South America;Platynota rostrana;Panamanian;2017;der Gaag, D. and der Straten, M. (2017). Short Pest Risk Analysis for Platynota rostrana and Platynota stultana. Netherlands Food and Consumer Product Safety Authority Ministry of Economic Affairs. November, 2017.
774;0;South America;Auratonota dispersa;Panamanian;1990;Brown, J. (1990). New species and first US record of Auratonota (Lepidoptera: Tortricidae).¬†Florida Entomologist. 73(1): 153-157
775;0;South America;Ascalapha odorata;Panamanian;2014;Ekrem, T., Kevan, P., Woodcock, T. and Hebert, P. (2014). The most northerly Black Witch (Ascalapha odorata): a tropical moth in the Canadian Arctic.¬†The Canadian Field-Naturalist.¬†128(1): 77-79
776;0;South America;Brephidium exilis;Panamanian;2022;Calhoun, J. and Smith, R. (2022). Brephidium exilis (Lycaenidae) Colonizes the Tampa Bay Area as a New Florida State Record. Southern Lepidopterists News. 44(4): 487-493
777;0;South America;Crocidosema lantana;Panamanian;2011;Brown, J., Segura, R., Santiago-Jimenez, Q., Rota, J. and Heard, T. (2011). Tortricid moths reared from the invasive weed Mexican palo verde, Parkinsonia aculeata, with comments on their host specificity, biology, geographic distribution, and systematics. Journal of Insect Science. 11: 7
778;0;North America;Bactra philocherda;Panamanian;2008;Razowski, J., Landry, B. and Roque-Albelo, L. (2008). The Tortricidae (Lepidoptera) of the Galapagos Islands, Ecuador. Revue suisse de zoologie, 115(1): 185
779;0;North America;Neoleucinodes elegantalis;Panamanian;2017;Da Silva, R., Kumar, L., Shabani, F., Da Silva, E., da Silva Galdino, T. and Pican√ßo, M. (2017). Spatio-temporal dynamic climate model for Neoleucinodes elegantalis using CLIMEX. International Journal of Biometeorology, 61: 785-795
780;0;North America;Eulepidotis striaepuncta;Panamanian;1992;Frank, J. and McCoy, E. (1992). Introduction to the Behavioral Ecology of Immigration. The Immigration of Insects to Florida, with a Tabulation of Records Published Since 1970. The Florida Entomologist.75(1): 1-28
781;0;North America;Macristis geminipunctalis;Panamanian;1992;Frank, J. and McCoy, E. (1992). Introduction to the Behavioral Ecology of Immigration. The Immigration of Insects to Florida, with a Tabulation of Records Published Since 1970. The Florida Entomologist.75(1): 1-28
782;0;North America;Zophodia lucidalis;Panamanian;1990;Habeck, D. and Bennett, F. (1990). Cactoblastis cactorum Berg (Lepidoptera: Pyralidae), a phycitine new to Florida. Entomology Circular. 333
783;0;North America;Elachista saccharella;Panamanian;2007;White, W., Reagan, T., Carlton, C., Akbar, W. and Beuzelin, J. (2007). Elachista saccharella (Lepidoptera: Elachistidae), a leafminer infesting sugarcane in Louisiana. Florida Entomologist. 90(4): 792-794
784;0;North America;Caphys biliniata;Panamanian;2004;Aguila, R. (2004). Lepidoptera (Insecta) de Topes de Collantes, Sancti Spiritus, Cuba. Boletin de la SEA Sociedad Entomologica Aragonisa. 34: 151-159
785;0;North America;Neurostrota gunniella;Panamanian;2019;Prins, J., Arevalo-Maldonado, H., Davis, D., Landry, B., Vargas, H., Davis, M., ...  and Moreira, G. (2019). An illustrated catalogue of the Neotropical Gracillariidae (Lepidoptera) with new data on primary types.¬†Zootaxa. 4575: 1‚Äì110
786;0;North America;Abaeis nicippe;Panamanian;2024;Lotts, K. and Naberhaus, T. (coords.) (2024). Butterflies and Moths of North America. http://www.butterfliesandmoths.org/ (Version 07082024).
787;0;North America;Clepsis peritana;Panamanian;2018;Pinzari, M., Zerunian, Z. and Pinzari, M. (2018). Is the alien species Clepsis peritana (Lepidoptera: Tortricidae) settling in Italy? Journal of Entomological and Arachnological Research. 50: 7551
788;0;North America;Callopistria jamaicensis;Panamanian;2002;Barnes, M. (2002). A preliminary illustrated catalogue of the larger moths of Jamaica. Available at: http://www.mbarnes.force9.co.uk/jamaicamoths/jamaicahome.htm
789;0;North America;Empyreuma affinis;Panamanian;1912;Rothschild, W. (1912). New Syntomidae. Novitates Zoologicae - A Journal of Zoology in Connection with the Tring Museum. 19: 151-186
790;0;North America;Aphrissa orbis;Panamanian;2011;Warren, A. and Calhoun, J. (2011). Notes on the historical occurrence of Aphrissa neleis in southern Florida, USA (Lepidoptera: Pieridae: Coliadinae). News of the Lepidopterists Society. 53(1): 3-7
791;0;North America;Anartia lytraea;Nearctic;1984;Weidemeyer, J. (1864). Catalogue of North American Butterflies. Proceedings of the Entomological Society. 2(1): 143-154
792;0;North America;Anypsipyla univitella;Panamanian;1956;Heinrich, C. (1956). Checklist of American Phycitinae. Bulletin of the United States National Museum. 207: 316‚Äì329
793;0;North America;Bleptina araealis;Panamanian;1991;Dickel, T. (1991). New Records of Noctuid Moths from Florida. Tropical Lepidoptera. 2(1): 53-58
794;0;Europe;Zizeeria knysna;Palearctic;2009;Tolman, T. and Lewington, R. (2009). Collins Butterfly Guide. HarperCollins Publishers
795;0;Asia;Acalyptris platani;Saharo-Arabian;2007;van Nieukerken, E. (2007). Acalyptris Meyrick: revision of the platani and staticis groups in Europe and the Mediterranean (Lepidoptera: Nepticulidae). Zootaxa. 1436: 1‚Äì48
796;0;Asia;Caloptilia roscipennella;Saharo-Arabian;2007;Khramov, P. (Ed.) (2007). Insecta.pro: international entomological community. Available online at: https://insecta.pro
797;0;Asia;Chrysodeixis chalcites;Saharo-Arabian;2024;CAB International (CABI) (2024). CABI Invasive Species Compendium. Available at: https://www.cabidigitallibrary.org/product/QI
798;0;Asia;Emmelina monodactyla;Saharo-Arabian;2007;Khramov, P. (Ed.) (2007). Insecta.pro: international entomological community. Available online at: https://insecta.pro
799;0;Asia;Libythea celtis;Saharo-Arabian;2010;van Swaay, C., Wynhoff, I., Verovnik, R., Wiemers, M., Lopez Munguira, M., Maes, D., ... and Settele, J. (2010). Libythea celtis (Europe assessment). The IUCN Red List of Threatened Species 2010: e.T174408A7066646
800;0;Asia;Libythea celtis;Saharo-Arabian;2014;van Swaay, C., Wynhoff, I., Wiemers, M., Katbeh-Bader, A., Power, A., Benyamini, D., ... and Beshkov, S. (2014). Libythea celtis (Mediterranean assessment). The IUCN Red List of Threatened Species 2014: e.T174408A53712721
801;0;Asia;Neurothaumasia ankerella;Saharo-Arabian;2007;Khramov, P. (Ed.) (2007). Insecta.pro: international entomological community. Available online at: https://insecta.pro
802;0;Asia;Scopula imitaria;Saharo-Arabian;2007;Khramov, P. (Ed.) (2007). Insecta.pro: international entomological community. Available online at: https://insecta.pro
803;0;Asia;Pieris rapae;Saharo-Arabian;2010;van Swaay, C., Wynhoff, I., Verovnik, R., Wiemers, M., Lopez Munguira, M., Maes, D., ... and Settele, J. (2010). Pieris rapae (Europe assessment). The IUCN Red List of Threatened Species 2010: e.T174353A7056010
804;0;Asia;Pieris rapae;Saharo-Arabian;2014;van Swaay, C., Wynhoff, I., Wiemers, M., Katbeh-Bader, A., Power, A., Benyamini, D., ... and Beshkov, S.¬†(2014).¬†Pieris rapae (Mediterranean assessment).¬†The IUCN Red List of Threatened Species¬†2014: e.T174353A53720063
805;0;Asia;Euplexia lucipara;Saharo-Arabian;2018;Amer, A., El Torkey, A. and Al Azab, S. (2018). Review of subfamily: Xyleninae of Egypt (Lepidoptera, Noctuidae). Egyptian Academic Journal of Biological Sciences. 11(5): 103-125
806;0;Asia;Pararge aegeria;Saharo-Arabian;2010;van Swaay, C., Wynhoff, I., Verovnik, R., Wiemers, M., Lopez Munguira, M., Maes, D., ... and Settele, J. (2010). Pararge aegeria (Europe assessment). The IUCN Red List of Threatened Species 2010: e.T174214A7029860
807;0;Asia;Pararge aegeria;Saharo-Arabian;2014;van Swaay, C., Wynhoff, I., Wiemers, M., Katbeh-Bader, A., Power, A., Benyamini, D., ... and Beshkov, S. (2014). Pararge aegeria (Mediterranean assessment). The IUCN Red List of Threatened Species 2014: e.T174214A53719848
808;0;Asia;Cnephasia pasiuana;Saharo-Arabian;2019;Alipanah, H. (2019). An overview of the tribe Cnephasiini (Lepidoptera: Tortricidae: Tortricinae) of Iran with description of a new species. Zootaxa. 4661(3): 501-521
809;0;Asia;Anthophila nemorana;Saharo-Arabian;2014;de Prins, W., Baugnee, J., Georis, A., Spronck, R. and Spronck, R. (2014). Choreutis nemorana (Lepidoptera: Choreutidae) well established in Belgium. Phegea. 42(2): 29-32
810;0;Asia;Autographa gamma;Saharo-Arabian;2014;Sullivan, M. and T. Molet. (2007). CPHST Pest Datasheet for Autographa gamma. USDA-APHIS-PPQ-CPHST. Revised January 2014.
811;0;Asia;Cryptoblabes gnidiella;Saharo-Arabian;2024;CAB International (CABI) (2024). CABI Invasive Species Compendium. Available at: https://www.cabidigitallibrary.org/product/QI
812;0;Asia;Bactra venosana;Saharo-Arabian;2007;Khramov, P. (Ed.) (2007). Insecta.pro: international entomological community. Available online at: https://insecta.pro
813;0;Asia;Vanessa atalanta;Saharo-Arabian;2020;Walker, A. (2020). Vanessa atalanta. The IUCN Red List of Threatened Species 2020: e.T174225A172421220.
814;0;Asia;Amphipyra tragopoginis;Saharo-Arabian;2007;Khramov, P. (Ed.) (2007). Insecta.pro: international entomological community. Available online at: https://insecta.pro
815;0;Asia;Anarsia lineatella;Saharo-Arabian;2007;Khramov, P. (Ed.) (2007). Insecta.pro: international entomological community. Available online at: https://insecta.pro
816;0;Asia;Carcina quercana;Saharo-Arabian;2007;Khramov, P. (Ed.) (2007). Insecta.pro: international entomological community. Available online at: https://insecta.pro
817;0;Asia;Clepsis consimilana;Saharo-Arabian;2007;Khramov, P. (Ed.) (2007). Insecta.pro: international entomological community. Available online at: https://insecta.pro
818;0;Asia;Depressaria depressana;Saharo-Arabian;2007;Khramov, P. (Ed.) (2007). Insecta.pro: international entomological community. Available online at: https://insecta.pro
819;0;Asia;Ectoedemia heringella;Saharo-Arabian;2010;van Nieukerken, E., Lastuvka, A. and Lastuvka, Z. (2010). Western Palaearctic Ectoedemia (Zimmermannia) Hering and Ectoedemia Busck s. str. (Lepidoptera: Nepticulidae): five new species and new data on distribution, hostplants and recognition. ZooKeys. 32: 1-82
820;0;Asia;Caradrina clavipalpis;Saharo-Arabian;2007;Khramov, P. (Ed.) (2007). Insecta.pro: international entomological community. Available online at: https://insecta.pro
821;0;Europe;Neurothaumasia ankerella;Palearctic;2015;Gaedike, R. (2015). Tineidae I: (Dryadaulinae, Hapsiferinae, Euplocaminae, Scardiinae, Nemapogoninae and Meessiinae). In: Nuss, M., Karsholt, O., Mutanen, M. (Eds.). Microlepidoptera of Europe. Brill. Leiden, Netherlands.
822;0;Europe;Hydraecia micacea;Palearctic;2020;Weihrauch, F. (2020). Rosy rustic moth as a hop pest in the Hallertau: History and current situation. Mitteilungen der Deutschen Gesellschaft fur Allgemeine und Angewandte Entomologie. 22: 125-128
823;0;Europe;Argyresthia bonnetella;Palearctic;2007;Khramov, P. (Ed.) (2007). Insecta.pro: international entomological community. Available online at: https://insecta.pro
824;0;Europe;Sciota adelphella;Palearctic;2014;Qi, M., Park, B., Han, H. and Bae, Y. (2014). Taxonomic Review on the Genus Sciota (Lepidoptera, Pyralidae, Phycitinae) in Northeast China. Animal Systematics, Evolution and Diversity, 30(2): 59-64
825;0;Europe;Eupithecia indigata;Palearctic;1986;Skou, P. (1986). The geometroid moths of north Europe (Lepidoptera: Drepanidae and Geometridae) (Vol. 6). Leiden/Copenhagen: E.J. Brill/Scandinavian Science Press. 348 pp.
826;0;Europe;Palpita vitrealis;Palearctic;2012;Yilmaz, C. and Genc, H. (2012). Determination of the life cycle of the Olive Fruit Leaf Moth, Palpita unionalis (Lepidoptera: Pyralidae) in the laboratory. Florida Entomologist. 95: 162-170
827;0;Europe;Selania leplastriana;Palearctic;1997;Farrugia, C. (1997). Insect Pests on Cauliflower (Brassica oleracea Var. Botrytis) in Gozo (Maltese Islands, Central Mediterranean). The Central Mediterranean Naturalist. 2(4): 152-165
828;0;Europe;Achroia grisella;Palearctic;1996;Clarke, J. (1986): Pyralidae and Microlepidoptera of the Marquesas Archipelago. Smithsonian Contributions to Zoology. 416: 1-485
829;0;Europe;Anchoscelis lunosa;Palearctic;2017;Ronkay, L., Ronkay, G., Gyulai, P. and Varga, Z. (2017). Xyleninae I. A Taxonomic Atlas of the Eurasian and North African Noctuoidea.
830;0;Africa;Danaus chrysippus;Saharo-Arabian;2021;Westrip, J. (2021). Danaus chrysippus (errata version published in 2022). The IUCN Red List of Threatened Species 2021: e.T174455A222994680
831;0;North America;Auratonota dominica;Panamanian;1999;Razowski, J. and Becker, V. (1999). A review of the New World Chlidanotini (Lepidoptera, Tortricidae). Revista brasileira de Zoologia, 16: 1149-1182
832;0;North America;Lantanophaga pusillidactylus;Panamanian;2006;Gielis, C. (2006). Review of the Neotropical species of the family Pterophoridae, part I: Ochyroticinae, Deuterocopinae, Pterophorinae (Platyptiliini, Exelastini, Oxyptilini) (Lepidoptera). Zoologische Mededelingen. 80: 1-290
833;0;Europe;Eilema caniola;Palearctic;2024;Lees, D. (2024). The genome sequence of the Hoary Footman, Eilema caniola (Hubner, 1808). Wellcome Open Research. 9: 5
834;0;Europe;Ostrinia nubilalis;Palearctic;1970;Mutuura, A. and Munroe, E. (1970). Taxonomy and distribution of the European corn borer and allied species: genus Ostrinia (Lepidoptera: Pyralidae). The Memoirs of the Entomological Society of Canada. 102(S71): 1-112
835;0;Europe;Sclerocona acutella;Palearctic;2003;Wagner, D., Ferguson, D. and Glaser, J. (2003). Sclerocona acutella (Eversmann)(Crambidae: Pyraustinae), naturalized along the eastern seaboard. Journal ofthe Lepidopterists Society. 57(4): 270-273
836;0;Europe;Lobesia botrana;Palearctic;2011;Gilligan, T., Epstein, M., Passoa, S., Powell, J., Sage, O. and Brown, J. (2011). Discovery of Lobesia botrana ([Denis & Schiffermuller]) in California: An invasive species new to North America (Lepidoptera: Tortricidae). Proceedings of the Entomological Society of Washington. 1113(1): 14-30
837;0;North America;Autographa gamma;Palearctic;2014;Sullivan, M. and T. Molet. (2007). CPHST Pest Datasheet for Autographa gamma. USDA-APHIS-PPQ-CPHST. Revised January 2014.
838;0;North America;Salbia haemorrhoidalis;Panamanian;2024;de Prins J. and de Prins W. (2024). Afromoths, online database of Afrotropical moth species (Lepidoptera). Available at: http://www.afromoths.net
839;0;North America;Spodoptera frugiperda;Panamanian;2017;Cock, M., Beseh, P., Buddie, A., Cafa, G. and Crozier, J. (2017). Molecular methods to detect Spodoptera frugiperda in Ghana, and implications for monitoring the spread of invasive species in developing countries. Scientific Reports. 7(1): 4103
840;0;North America;Asciodes gordialis;Panamanian;2016;Landry, B. (2016). Taxonomic revision of the Spilomelinae (Lepidoptera, Pyralidae sl) of the Galapagos Islands, Ecuador. Revue suisse de Zoologie, 123(2), 315-399.
841;0;Africa;Chiasmia aestimaria;Saharo-Arabian;2024;de Prins J. and de Prins W. (2024). Afromoths, online database of Afrotropical moth species (Lepidoptera). Available at: http://www.afromoths.net
842;0;Africa;Chrysodeixis chalcites;Saharo-Arabian;2024;CAB International (CABI) (2024). CABI Invasive Species Compendium. Available at: https://www.cabidigitallibrary.org/product/QI
843;0;Africa;Elophila nymphaeata;Saharo-Arabian;1984;Speidel, W. (1984). Revision der Acentropinae des palaearktischen Faunengebietes (Lepidoptera: Crambidae). Neue entomologische Nachrichten. 12: 1‚Äì157
844;0;Africa;Hadena compta;Saharo-Arabian;2007;Kravchenko, V., Fibiger, M., Mooser, J., Junnila, A. and Muller, G. C. (2007). The Hadeninae of Israel (Lepidoptera: Noctuidae). SHILAP Revista de lepidopterologia. 35(140): 441-454
845;0;Africa;Hipparchia statilinus;Saharo-Arabian;2011;Tennent, W. (2011). Hipparchia statilinus. The IUCN Red List of Threatened Species 2011: e.T160360A5364211
846;0;Africa;Iphiclides podalirius;Saharo-Arabian;2014;van Swaay, C., Wynhoff, I., Wiemers, M., Katbeh-Bader, A., Power, A., Benyamini, D., ... and Beshkov, S. (2014). Iphiclides podalirius (Mediterranean assessment). The IUCN Red List of Threatened Species 2014: e.T174405A53719929
847;0;Africa;Libythea celtis;Saharo-Arabian;2014;van Swaay, C., Wynhoff, I., Wiemers, M., Katbeh-Bader, A., Power, A., Benyamini, D., ... and Beshkov, S. (2014). Libythea celtis (Mediterranean assessment). The IUCN Red List of Threatened Species 2014: e.T174408A53712721
848;0;Africa;Neurothaumasia ankerella;Saharo-Arabian;2015;Gaedike, R. (2015). Tineidae I: (Dryadaulinae, Hapsiferinae, Euplocaminae, Scardiinae, Nemapogoninae and Meessiinae). In: Nuss, M., Karsholt, O., Mutanen, M. (Eds.). Microlepidoptera of Europe. Brill. Leiden, Netherlands.
849;0;Africa;Stigmella suberivora;Saharo-Arabian;2003;van Nieukerken, E. and Johansson, R. (2003). The Quercus feeding Stigmella species of the West Palaearctic: new species, key and distribution (Lepidoptera: Nepticulidae). Tijdschrift voor Entomologie. 146: 307-370
850;0;Africa;Pieris rapae;Saharo-Arabian;2014;van Swaay, C., Wynhoff, I., Wiemers, M., Katbeh-Bader, A., Power, A., Benyamini, D., ... and Beshkov, S.¬†(2014).¬†Pieris rapae (Mediterranean assessment).¬†The IUCN Red List of Threatened Species¬†2014: e.T174353A53720063
851;0;Africa;Arenipses sabella;Saharo-Arabian;2008;Aldryhim, Y. (2008). Greater Date Moth, Arenipses sabella Hmps. (Lepidoptera: Pyralidae). In: Capinera, J.L. (eds) Encyclopedia of Entomology. Springer, Dordrecht. pp 1716‚Äì1717
852;0;Africa;Archips xylosteana;Saharo-Arabian;2024;CAB International (CABI) (2024). CABI Invasive Species Compendium. Available at: https://www.cabidigitallibrary.org/product/QI
853;0;Africa;Euclasta varii;Saharo-Arabian;1973;Popescu-Gorj A. and Constantinescu A. (1973). New African species of Euclasta (Lepidoptera, Pyraustinae). Revue roumaine de Biologie - Serie de Zoologie. 18(6): 393‚Äì402
854;0;Africa;Tyta luctuosa;Saharo-Arabian;1988;Rosenthal, S., Clement, S., Hostettler, N. and Mimmocchi, T. (1988). Biology of Tyta luctuosa [Lep.: Noctuidae] and its potential value as a biological control agent for the weed Convolvulus arvensis. Entomophaga. 33: 185-192
855;0;Africa;Pararge aegeria;Saharo-Arabian;2014;van Swaay, C., Wynhoff, I., Wiemers, M., Katbeh-Bader, A., Power, A., Benyamini, D., ... and Beshkov, S. (2014). Pararge aegeria (Mediterranean assessment). The IUCN Red List of Threatened Species 2014: e.T174214A53719848
856;0;Africa;Tinea flavescentella;Saharo-Arabian;2019;Gaedike, R. (2019).¬†Tineidae II: (Myrmecozelinae, Perissomasticinae, Tineinae, Hieroxestinae, Teichobiinae and Stathmopolitinae). Brill. Leiden, Netherlands.
857;0;Africa;Syndemis cedricola;Saharo-Arabian;2023;Assaad, M. (2023). Ecology and impacts of insect communities on Lebanese cedar Cedrus libani A. Rich. [MSc Thesis, Universita degli Studi di Padova].
858;0;Africa;Autographa gamma;Saharo-Arabian;2014;Sullivan, M. and T. Molet. (2007). CPHST Pest Datasheet for Autographa gamma. USDA-APHIS-PPQ-CPHST. Revised January 2014.
859;0;Africa;Cryptoblabes gnidiella;Saharo-Arabian;2024;CAB International (CABI) (2024). CABI Invasive Species Compendium. Available at: https://www.cabidigitallibrary.org/product/QI
860;0;Africa;Lampides boeticus;Saharo-Arabian;2021;Edge, D. and Westrip, J. (2021). Lampides boeticus. The IUCN Red List of Threatened Species 2021: e.T174427A161341394
861;0;Africa;Vanessa cardui;Saharo-Arabian;2020;Walker, A. and Coetzer, A. (2020). Vanessa cardui. The IUCN Red List of Threatened Species 2020: e.T174379A161326679.
862;0;Africa;Caloptilia coruscans;Saharo-Arabian;2024;de Prins J. and de Prins W. (2024). Global Taxonomic Database of Gracillariidae (Lepidoptera). Avaliable at: http://www.gracillariidae.net
863;0;Africa;Vanessa atalanta;Saharo-Arabian;2020;Walker, A. (2020). Vanessa atalanta. The IUCN Red List of Threatened Species 2020: e.T174225A172421220.
864;0;Africa;Ascalenia acaciella;Saharo-Arabian;2006;Koster, S. and Sammut, P. (2006). Faunistic notes on Momphidae, Batrachedridae, Stathmopodidae and Cosmopterigidae from the Maltese Islands. Nota lepidopterologica. 29(1): 49
865;0;Africa;Epinotia cedricida;Saharo-Arabian;1999;Fabre, J., Mouna, M., Du Merle, P. and Benhalima, S. (1999). Le point sur certains ravageurs du cedre de l‚ÄôAtlas en Afrique du nord, en France et en Europe. For√™t Mediterraneenne.  20(4): 203-218
866;0;Africa;Epinotia algeriensis;Saharo-Arabian;1990;Chambon, J., Fabre, J. and Khemici, M. (1990). Trois nouvelles tordeuses dAlgerie, nuisibles aux coniferes: Epinotia algeriensis sp. n. (Olethreutinae, Eucosmini), Lozotaenia cedrivora sp. n. et Dichelia numidicola sp. n. (Tortricinae, Archipini) [Lepidoptera Tortricidae]. Bulletin de la Societe Entemologique de France. 95: 131-138
867;0;Africa;Epinotia algeriensis;Saharo-Arabian;2021;Pullaiah, T. and Ielmini, M.R. (Eds.) (2021). Invasive Alien Species: Observations and Issues from Around the World. Volume 1: Issues and Invasions in Africa. Wiley. 380pp.
868;0;Africa;Lozotaenia cedrivora;Saharo-Arabian;1990;Chambon, J., Fabre, J. and Kemeci, M. (1990). Trois nouvelles Tordeuses dAlgerie, nuisibles aux Coniferes: Epinotia algeriensis n. sp.(Olethrentinae, Eucosmini), Lozotaenia cedrivora n. sp. et Dichela numidicola n. sp.(Tortricinae, Archipini)[Lep. Tortricidae]. Bulletin de la Societe entomologique de France. 95(3): 131-138
869;0;Africa;Dialectica scalariella;Saharo-Arabian;2023;Langdon, W. (2023). Dialectica scalariella (Zeller, 1850)(Lep.: Gracillariidae) at Dungeness, Kent: The first British Breeding Record. Entomologists Record & Journal of Variation. 135: 6-18
870;0;Africa;Archips xylosteana;Saharo-Arabian;2008;Hoebeke, E., Wheeler, A. and Brown, J. (2008). Archips xylosteana (L.)(Lepidoptera: Tortricidae), a palearctic leafroller new to North America. Proceedings of the Entomological Society of Washington. 110(3): 789-795
871;0;Africa;Duponchelia fovealis;Saharo-Arabian;2024;CAB International (CABI) (2024). CABI Invasive Species Compendium. Available at: https://www.cabidigitallibrary.org/product/QI
872;0;Africa;Enarmonia formosana;Saharo-Arabian;2024;CAB International (CABI) (2024). CABI Invasive Species Compendium. Available at: https://www.cabidigitallibrary.org/product/QI
873;0;Africa;Caradrina clavipalpis;Saharo-Arabian;2024;de Prins J. and de Prins W. (2024). Afromoths, online database of Afrotropical moth species (Lepidoptera). Available at: http://www.afromoths.net
874;0;Africa;Anchoscelis lunosa;Saharo-Arabian;2017;Ronkay, L., Ronkay, G., Gyulai, P. and Varga, Z. (2017). Xyleninae I. A Taxonomic Atlas of the Eurasian and North African Noctuoidea.
875;0;Africa;Aethes rubiginana;Saharo-Arabian;2003;Trematerra, P. and Jel, J. (2003). Aethes rubiginana (Walsingham, 1903) in Francia ed Epibactra sareptana (Herrich-Schaffer, 1861) in Italia (Lepidoptera Tortricidae ). Bollettino di Zoologia Agraria e di Bachicoltura. 35(2): 107-110
876;0;South America;Spodoptera frugiperda;Neotropical;2017;Cock, M., Beseh, P., Buddie, A., Cafa, G. and Crozier, J. (2017). Molecular methods to detect Spodoptera frugiperda in Ghana, and implications for monitoring the spread of invasive species in developing countries. Scientific Reports. 7(1): 4103
877;0;South America;Asciodes gordialis;Neotropical;2016;Landry, B. (2016). Taxonomic revision of the Spilomelinae (Lepidoptera, Pyralidae sl) of the Galapagos Islands, Ecuador. Revue suisse de Zoologie, 123(2), 315-399.
878;0;South America;Agrius cingulata;Neotropical;2006;Marabuto, E. (2006). The occurrence of a neotropical hawkmoth in southern Portugal: Agrius cingulatus (Fabricius, 1775) (Lepidoptera: Sphingidae). Boletin de la Sociedad Entomologica Aragonesa. 38: 163-166
879;0;South America;Zeuctostyla vidrierata;Neotropical;2006;Roque-Albelo, L. (2006). Diversity and ecology of the Lepidoptera in the Galapagos Islands, Ecuador. [PhD Thesis, Cardiff University]
880;0;Africa;Chilo agamemnon;Saharo-Arabian;1970;Bleszynski, S. (1970). A revision of the world species of Chilo Zincken (Lepidoptera: Pyralidae). Bulletin of the British Museum (Natural History) B. Entomology, 25(4): 101-195
881;0;Africa;Zizeeria knysna;Saharo-Arabian;2009;Tolman, T. and Lewington, R. (2009). Collins Butterfly Guide. HarperCollins Publishers
882;0;Africa;Apopestes spectrum;Saharo-Arabian;2013;Amer, A. (2013). Catocalinae Of Egypt (Lepidoptera, Noctuidae). Al-Azhar Bulletin Of Science. 24(1-C): 1-16
883;0;Africa;Cadra calidella;Saharo-Arabian;1968;Prevett, P. (1968). Some laboratory observations on the life-cycle of Cadra calidella (Guen.)(Lepidoptera: Phycitidae). Journal of Stored Products Research. 4(3): 233-238
884;0;Africa;Hypolimnas misippus;Saharo-Arabian;2021;Coetzer, A. and Westrip, J. (2021). Hypolimnas misippus. The IUCN Red List of Threatened Species 2021: e.T62148588A161331411
885;0;Africa;Deudorix livia;Saharo-Arabian;2005;Gong, C. (2005) The first record of the Eremic Lycaenid Deudorix livia (Klug, 1834) in Europe. Atalanta, 36(1): 109-112
886;0;Africa;Deudorix livia;Afrotropical;2005;Gong, C. (2005) The first record of the Eremic Lycaenid Deudorix livia (Klug, 1834) in Europe. Atalanta, 36(1): 109-112
887;0;Africa;Pieris rapae;Afrotropical;2014;van Swaay, C., Wynhoff, I., Wiemers, M., Katbeh-Bader, A., Power, A., Benyamini, D., ... and Beshkov, S.¬†(2014).¬†Pieris rapae (Mediterranean assessment).¬†The IUCN Red List of Threatened Species¬†2014: e.T174353A53720063
888;0;Africa;Euplexia lucipara;Saharo-Arabian;2018;Amer, A., El Torkey, A. and Al Azab, S. (2018). Review of subfamily: Xyleninae of Egypt (Lepidoptera, Noctuidae). Egyptian Academic Journal of Biological Sciences. 11(5): 103-125
889;0;Africa;Caradrina ingrata;Saharo-Arabian;2007;Okyar, Z. and Aktac, N. (2007). Heteroceran fauna of Gok√ßeada and Bozcaada (North Aegean Islands, Turkey), with a new record of Noctuidae (Lepidoptera), and biogeographical analyses. Entomological news. 118(3): 263-272
890;0;Africa;Batrachedra amydraula;Saharo-Arabian;1978;Carpenter, J., McMillen, J., Wengert, E. and Elmer, H. (1978). Pests and diseases of the date palms. Agriculture Handbook. 524:1-40
891;0;Africa;Cnephasia pasiuana;Saharo-Arabian;2019;Alipanah, H. (2019). An overview of the tribe Cnephasiini (Lepidoptera: Tortricidae: Tortricinae) of Iran with description of a new species. Zootaxa. 4661(3): 501-521
892;0;Africa;Ascalenia acaciella;Saharo-Arabian;1960;Gozmany L. (1960). The results of the zoological collecting trip to Egypt in 1957, of the Natural History Museum, Budapest. 8. Egyptian Microlepidoptera II.
893;0;Africa;Bifascioides leucomelanella;Saharo-Arabian;2006;Koster, S. and Sammut, P.(2006). Faunistic notes on Momphidae, Batrachedridae, Stathmopodidae and Cosmopterigidae from the Maltese Islands. Nota lepidopterologica. 29(1): 49-63
894;0;Africa;Coleophora parthenica;Saharo-Arabian;1990;Muller, H. and Goeden, R. (1990). Parasitoids acquired by Coleophora parthenica [Lepidoptera: Coleophoridae] ten years after its introduction into southern California for the biological control of Russian thistle. Entomophaga. 35: 257-268
895;0;Africa;Hedya salicella;Saharo-Arabian;2017;Maharramova, S. and Ayberk, H. (2017). New records of leafrollers reared in Azerbaijan (Lepidoptera: Tortricidae). Linz Biol Beitr. 49(1): 677-686
896;0;Africa;Synanthedon myopaeformis;Saharo-Arabian;2010;Lopez-Vaamonde, C., Agassiz, D., Augustin, S., De Prins, J., De Prins, W., Gomboc, S., ... and Lees, D. (2010). Lepidoptera. Chapter 11. BioRisk 4: 603-668
897;0;Africa;Synanthedon myopaeformis;Afrotropical;2010;Lopez-Vaamonde, C., Agassiz, D., Augustin, S., De Prins, J., De Prins, W., Gomboc, S., ... and Lees, D. (2010). Lepidoptera. Chapter 11. BioRisk 4: 603-668
898;0;Africa;Chiasmia aestimaria;Afrotropical;2024;de Prins J. and de Prins W. (2024). Afromoths, online database of Afrotropical moth species (Lepidoptera). Available at: http://www.afromoths.net
899;0;Europe;Agonopterix ulicetella;Palearctic;1995;Hill, R., ODonnell, D., Gourlay, A., and Speed, C. (1995). Suitability of Agonopterix ulicetella (Lepidoptera: Oecophoridae) as a Control for Ulex europaeus. Biocontrol Science and Technology. 5: 3-10
900;0;Europe;Blastobasis marmorosella;Palearctic;2004;Karsholt, O. and Sinev, S. (2004). Contribution to the Lepidoptera fauna of the Madeira Islands Part 4. Blastobasidae.¬†Beitrage zur Entomologie.¬†54(2): 387-463
901;0;Europe;Chiasmia aestimaria;Palearctic;2024;de Prins J. and de Prins W. (2024). Afromoths, online database of Afrotropical moth species (Lepidoptera). Available at: http://www.afromoths.net
902;0;Europe;Cydia conicolana;Palearctic;2021;Goglia, L. (2021). Faunistic Notes on Lepidoptera Tortricidae from Calabria (South Italy) - Contribution to the knowledge of the Lepidoptera Tortricidae fauna of Mediterranean ecosystems. [PhD Thesis, Universita degli Studi della Tuscia and Universita degli Studi del Molise]
903;0;Europe;Eupithecia phoeniceata;Palearctic;2006;de Prins, W. (2007). Interessante waarnemingen van Lepidoptera in Belgie in 2006 (Lepidoptera). Phegea. 35(1): 1‚Äì20
904;0;Europe;Hypolimnas misippus;Palearctic;2021;Coetzer, A. and Westrip, J. (2021). Hypolimnas misippus. The IUCN Red List of Threatened Species 2021: e.T62148588A161331411
905;0;Europe;Pseudarenipses insularum;Palearctic;2015;Zilli, A. and Pavesi, F. (2015). new or little known Pyraloids from Italy (Lepidoptera: Pyraloidea). Phegea. 43(3): 81-96
906;0;Europe;Eurranthis plummistaria;Palearctic;2007;Khramov, P. (Ed.) (2007). Insecta.pro: international entomological community. Available online at: https://insecta.pro
907;0;Europe;Eupithecia carpophagata;Palearctic;2022;Glerean, P., Deutsch, H., Morandini, C., Morin, L. and Huemer, P. (2022) Lepidoptera of the Prealpi Giulie Natural Park (Friuli Venezia Giulia, North-East Italy). GORTANIA - Botanica, Zoologia. 44: 29-72
908;0;Europe;Stigmella atricapitella;Palearctic;2003;van Nieukerken, E. and Johansson, R. (2003). The Quercus feeding Stigmella species of the West Palaearctic: new species, key and distribution (Lepidoptera: Nepticulidae). Tijdschrift voor Entomologie. 146: 307-370
909;0;Europe;Graellsia isabellae;Palearctic;1996;World Conservation Monitoring Centre (1996). Graellsia isabelae. The IUCN Red List of Threatened Species 1996: e.T9427A12986143
910;0;Europe;Cydia interscindana;Palearctic;2022;Takacs, A., Szaboky, C., Toth, B., Bozso, M., Kutas, J., Molnar, S., ... and Nagy, A. (2022). Bionomics and host plants of the invasive Cydia interscindana (Moschler, 1866) (Lepidoptera, Tortricidae), an emerging pest in the Carpathian Lowlands. Nota Lepidopterologica. 45: 53-64
911;0;Europe;Homoeosoma stenotea;Palearctic;2022;Falck, P., Karsholt, O. and Slamka, F. (2022). New data on Pyraloidea from the Canary Islands, Spain 2 (Lepidoptera: Pyralidae, Crambidae. SHILAP Revista de lepidopterologia. 50(199): 469-488
912;0;Europe;Anatrachyntis rileyi;Palearctic;2024;CAB International (CABI) (2024). CABI Invasive Species Compendium. Available at: https://www.cabidigitallibrary.org/product/QI
913;0;Europe;Cryptoblabes gnidiella;Palearctic;2024;CAB International (CABI) (2024). CABI Invasive Species Compendium. Available at: https://www.cabidigitallibrary.org/product/QI
914;0;Europe;Bactra venosana;Palearctic;2015;Sohn, J., Park, K. and Cho, S. (2015). Seven species of Olethreutinae (Lepidoptera: Tortricidae) new to Korea. Journal of Asia-Pacific Biodiversity. 8(2): 133-138
915;0;Europe;Caloptilia coruscans;Palearctic;2024;de Prins J. and de Prins W. (2024). Global Taxonomic Database of Gracillariidae (Lepidoptera). Avaliable at: http://www.gracillariidae.net
916;0;Europe;Cochylis atricapitana;Palearctic;1992;McLaren, D. (1992). Observations on the life cycle and establishment of Cochylis atricapitana (Lep: Cochylidae), a moth used for biological control of Senecio jacobaea in Australia. Entomophaga. 37: 641-648
917;0;Europe;Araeopteron ecphaea;Palearctic;2001;Fibiger, M. and Agassiz, D. (2001). Araeopteron ecphaea, a small noctuid moth in the West Palaearctic (Noctuidae: Acontiinae). Nota lepidopterologica. 24(1): 29-35
918;0;Europe;Ascalenia acaciella;Palearctic;2006;Koster, S. and Sammut, P. (2006). Faunistic notes on Momphidae, Batrachedridae, Stathmopodidae and Cosmopterigidae from the Maltese Islands. Nota lepidopterologica. 29(1): 49
919;0;Europe;Blastobasis maroccanella;Palearctic;2004;Karsholt, O. and Sinev, S. (2004). Contribution to the Lepidoptera fauna of the Madeira Islands Part 4. Blastobasidae.¬†Beitrage zur Entomologie.¬†54(2): 387-463
920;0;Europe;Bucculatrix chrysanthemella;Palearctic;2010;Lopez-Vaamonde, C., Agassiz, D., Augustin, S., De Prins, J., De Prins, W., Gomboc, S., ... and Lees, D. (2010). Lepidoptera. Chapter 11. BioRisk 4: 603-668
921;0;Europe;Phycita diaphana;Palearctic;2015;Zilli, A. and Pavesi, F. (2015). new or little known Pyraloids from Italy (Lepidoptera: Pyraloidea). Phegea. 43(3): 81-96
922;0;Europe;Dialectica scalariella;Palearctic;1997;Kumata, T. and Horak, M. (1997). The native Dialectica aemula (Meyrick) and the introduced Dialectica scalariella (Zeller)(Lepidoptera: Gracillariidae) in Australia: characterisation of two closely related species on Boraginaceae. Australian Journal of Entomology. 36(1): 25-35
923;0;Europe;Cnephasia asseclana;Palearctic;2021;Goglia, L. (2021). Faunistic Notes on Lepidoptera Tortricidae from Calabria (South Italy) - Contribution to the knowledge of the Lepidoptera Tortricidae fauna of Mediterranean ecosystems. [PhD Thesis, Universita degli Studi della Tuscia and Universita degli Studi del Molise]
924;0;Europe;Cnephasia stephensiana;Palearctic;2021;Goglia, L. (2021). Faunistic Notes on Lepidoptera Tortricidae from Calabria (South Italy) - Contribution to the knowledge of the Lepidoptera Tortricidae fauna of Mediterranean ecosystems. [PhD Thesis, Universita degli Studi della Tuscia and Universita degli Studi del Molise]
925;0;Europe;Pterolonche inspersa;Palearctic;1986;Vives Moreno, A. (1986). La familia Pterolonchidae Meyrick, 1918, de Espa√±a y Portugal (Insecta, Lepidoptera). Eos: revista espan~ola de entomologia. 62(1): 319-337
926;0;Africa;Blastobasis marmorosella;Saharo-Arabian;2004;Karsholt, O. and Sinev, S. (2004). Contribution to the Lepidoptera fauna of the Madeira Islands Part 4. Blastobasidae.¬†Beitrage zur Entomologie.¬†54(2): 387-463
927;0;Africa;Erechthias minuscula;Palearctic;1978;Zimmerman, E. (1978). Insects of Hawaii. Vol. 9 Microlepidoptera. Part I. The University Press of Hawaii, Honolulu.
928;0;Africa;Aproaerema anthyllidella;Palearctic;2007;Khramov, P. (Ed.) (2007). Insecta.pro: international entomological community. Available online at: https://insecta.pro
929;0;Africa;Eupithecia phoeniceata;Palearctic;2006;de Prins, W. (2007). Interessante waarnemingen van Lepidoptera in Belgie in 2006 (Lepidoptera). Phegea. 35(1): 1‚Äì20
930;0;Africa;Emmelina monodactyla;Palearctic;2007;Khramov, P. (Ed.) (2007). Insecta.pro: international entomological community. Available online at: https://insecta.pro
931;0;Africa;Scopula imitaria;Palearctic;2007;Khramov, P. (Ed.) (2007). Insecta.pro: international entomological community. Available online at: https://insecta.pro
932;0;Africa;Pieris rapae;Palearctic;2014;van Swaay, C., Wynhoff, I., Wiemers, M., Katbeh-Bader, A., Power, A., Benyamini, D., ... and Beshkov, S.¬†(2014).¬†Pieris rapae (Mediterranean assessment).¬†The IUCN Red List of Threatened Species¬†2014: e.T174353A53720063
933;0;Africa;Anthophila nemorana;Palearctic;2014;de Prins, W., Baugnee, J., Georis, A., Spronck, R. and Spronck, R. (2014). Choreutis nemorana (Lepidoptera: Choreutidae) well established in Belgium. Phegea. 42(2): 29-32
934;0;Africa;Aglossa caprealis;Palearctic;2007;Khramov, P. (Ed.) (2007). Insecta.pro: international entomological community. Available online at: https://insecta.pro
935;0;Africa;Autographa gamma;Palearctic;2014;Sullivan, M. and T. Molet. (2007). CPHST Pest Datasheet for Autographa gamma. USDA-APHIS-PPQ-CPHST. Revised January 2014.
936;0;Africa;Cochylis atricapitana;Palearctic;2007;Khramov, P. (Ed.) (2007). Insecta.pro: international entomological community. Available online at: https://insecta.pro
937;0;Africa;Neomariania rebeli;Palearctic;2010;Lopez-Vaamonde, C., Agassiz, D., Augustin, S., De Prins, J., De Prins, W., Gomboc, S., ... and Lees, D. (2010). Lepidoptera. Chapter 11. BioRisk 4: 603-668
938;0;Africa;Phycita diaphana;Palearctic;2015;Zilli, A. and Pavesi, F. (2015). new or little known Pyraloids from Italy (Lepidoptera: Pyraloidea). Phegea. 43(3): 81-96
939;0;Africa;Cnephasia asseclana;Palearctic;2007;Khramov, P. (Ed.) (2007). Insecta.pro: international entomological community. Available online at: https://insecta.pro
940;0;Africa;Cnephasia longana;Palearctic;2007;Khramov, P. (Ed.) (2007). Insecta.pro: international entomological community. Available online at: https://insecta.pro
941;0;Africa;Cydia coniferana;Palearctic;2007;Khramov, P. (Ed.) (2007). Insecta.pro: international entomological community. Available online at: https://insecta.pro
942;0;Europe;Cnephasia longana;Palearctic;1968;Poonyathawon, P. (1968). Insect parasites of the omnivorous leaf tier, Cnephasia longana (Haworth) in Oregon. [MSc Thesis, Oregon State University].
943;0;Europe;Cydia coniferana;Palearctic;2021;Goglia, L. (2021). Faunistic Notes on Lepidoptera Tortricidae from Calabria (South Italy) - Contribution to the knowledge of the Lepidoptera Tortricidae fauna of Mediterranean ecosystems. [PhD Thesis, Universita degli Studi della Tuscia and Universita degli Studi del Molise]
944;0;Europe;Cabera leptographa;Palearctic;2017;Aarvik, L., Bengtsson, B., Elven, H., Ivinskis, P., Jurivete, U., Karsholt, O., ... and Savenkov, N. (2017). Nordic-Baltic Checklist of Lepidoptera. Norwegian Journal of Entomology. Supplement 3. 1‚Äì236
945;0;Europe;Tinea pellionella;Palearctic;2024;de Prins J. and de Prins W. (2024). Afromoths, online database of Afrotropical moth species (Lepidoptera). Available at: http://www.afromoths.net
946;0;Africa;Parapoynx diminutalis;Afrotropical;1996;Buckingham, G. and Bennett, C. (1996). Laboratory biology of an immigrant Asian moth, Parapoynx diminutalis (Lepidoptera: Pyralidae), on Hydrilla verticillata (Hydrocharitaceae). Florida Entomologist. 79(3): 353-353
947;0;Africa;Anomis sabulifera;Afrotropical;2004;Kravchenko, V., Muller, G., Orlova, O. and Seplyarskaya, V. (2004). The Catocalinae (Lepidoptera: Noctuidae) of Israel. Russian Entomological Journal. 13(3): 175-186
948;0;Europe;Panolis flammea;Palearctic;2022;Diaz, J., Melin, M. and Tikkanen, O. (2022) Thermal sum drives abundance and distribution range shift of Panolis flammea in Finland. Scandinavian Journal of Forest Research. 37(2): 93-98
949;0;Europe;Depressaria depressana;Palearctic;2013;Landry, J., Nazari, V., Dewaard, J. , Mutanen, M., Lopez-Vaamonde, C., Huemer, P. and Hebert, P. (2013). Shared but overlooked: 30 species of Holarctic Microlepidoptera revealed by DNA barcodes and morphology.¬†Zootaxa.¬†3749(1): 1-93
950;0;Oceania;Trichophaga mormopis;Oceanina;1978;Zimmerman, E. (1978). Insects of Hawaii. Vol. 9 Microlepidoptera. Part I. The University Press of Hawaii, Honolulu.
951;0;Oceania;Eublemma anachoresis;Oceanina;1946;Swezey, O. (1946). Lepidoptera, Geometridae, Arctiidae, Agrotidae, and Pyralidae of Guam. In: Insects of Guam II. Bernice P. Bishop Museum Bulletin. 189: 163-185
952;0;Oceania;Hypena commixtalis;Oceanina;2024;de Prins J. and de Prins W. (2024). Afromoths, online database of Afrotropical moth species (Lepidoptera). Available at: http://www.afromoths.net
953;0;Oceania;Doloessa viridis;Oceanina;2002;Lim, G. (2002). Observations of Prasinoxena monospila and Doloessa viridis (Lepidoptera: Pyralidae) on the bark of Khaya ivorensis in Malaysia. Journal of Tropical Forest Science. 14(1): 158-161
954;0;Oceania;Herpetogramma licarsisalis;Oceanina;1976;Tashiro, H. (1976). Biology of the grass webworm, Herpetogramma licarsisalis (Lepidoptera: Pyraustidae) in Hawaii. Annals of the Entomological Society of America. 69(5): 797-803
955;0;Oceania;Lampides boeticus;Oceanina;2021;Edge, D. and Westrip, J. (2021). Lampides boeticus. The IUCN Red List of Threatened Species 2021: e.T174427A161341394
956;0;Oceania;Agonoxena argaula;Oceanina;1978;Zimmerman, E. (1978). Insects of Hawaii. Vol. 9 Microlepidoptera. Part II. The University Press of Hawaii, Honolulu.
957;0;Oceania;Bactra venosana;Oceanina;2015;Sohn, J., Park, K. and Cho, S. (2015). Seven species of Olethreutinae (Lepidoptera: Tortricidae) new to Korea. Journal of Asia-Pacific Biodiversity. 8(2): 133-138
958;0;Oceania;Danaus chrysippus;Oceanina;2021;Westrip, J. (2021). Danaus chrysippus (errata version published in 2022). The IUCN Red List of Threatened Species 2021: e.T174455A222994680
959;0;Oceania;Diplopseustis perieresalis;Oceanina;2006;Speidel, W., Nieukerken, E., Honey, M. and Koster, S. (2006). The exotic pyraloid moth Diplopseustis perieresalis (Walker) expanding in the West Palaearctic Region (Crambidae: Spilomelinae). Nota lepiderologica. 29(3): 185‚Äì192
960;0;Oceania;Earias vittella;Oceanina;2003;Nash, S. (2003). Earias vittella (Fabricius) (Lep.: Noctuidae) the first occurrence of wild-caught moths in Europe. Entomologist‚Äôs Record and Journal of Variation 115: 187‚Äì188
961;0;Oceania;Arcte coerula;Oceanina;2022;Au, M. and Wright, M. (2022). Ramie Moth, Arcte coerula (Lepidoptera: Noctuidae): A New Invasive Pest in Hawaii on Endemic Plants. Proceedings of the Hawaiian Entomological Society. 54: 63-76
962;0;Oceania;Bocana manifestalis;Oceanina;1958;Zimmerman, E. (1958). Insects of Hawaii. Volume 7, Macrolepidoptera. Hawaii: University of Hawaii Press.
963;0;Oceania;Opogona aurisquamosa;Oceanina;1978;Zimmerman, E. (1978). Insects of Hawaii. Vol. 9 Microlepidoptera. Part I. The University Press of Hawaii, Honolulu.
964;0;Europe;Haplotinea ditella;Palearctic;2020;Roy, D., Alderman, D., Anastasiu, P., Arianoutsou, M., Augustin, S., Bacher, S., ... and Reyserhove, L., (2020). DAISIE - Delivering Alien Invasive Species Inventories for Europe. Available at: http://www.europe-aliens.org/
965;0;Europe;Cnephasia pasiuana;Palearctic;2019;Alipanah, H. (2019). An overview of the tribe Cnephasiini (Lepidoptera: Tortricidae: Tortricinae) of Iran with description of a new species. Zootaxa. 4661(3): 501-521
966;0;Europe;Agonoxena argaula;Palearctic;1978;Zimmerman, E. (1978). Insects of Hawaii. Vol. 9 Microlepidoptera. Part II. The University Press of Hawaii, Honolulu.
967;0;Europe;Ategumia ebulealis;Palearctic;2022;Brou, V. and Brou, C. (2022). Abita Entomological Study Site. Southern Lepidopterists News. 44(5): 409-460
968;0;Europe;Ennomos alniaria;Palearctic;1986;Covell, C., Ferguson, D. and Straley, G. (1986). Ennomos alniaria (Lepidoptera: Geometridae), a European moth recently discovered in British Columbia. The Canadian Entomologist. 118(5): 499-501
969;0;Europe;Helicoverpa armigera;Palearctic;2017;Tay, W., Walsh, T., Downes, S., Anderson, C., Jermiin, L., Wong, T., ... and Gordon, K. (2017). Mitochondrial DNA and trade data support multiple origins of Helicoverpa armigera (Lepidoptera, Noctuidae) in Brazil. Scientific Reports. 7: 45302
970;0;Europe;Ectoedemia heringella;Palearctic;2010;van Nieukerken, E., Lastuvka, A. and Lastuvka, Z. (2010). Western Palaearctic Ectoedemia (Zimmermannia) Hering and Ectoedemia Busck s. str. (Lepidoptera: Nepticulidae): five new species and new data on distribution, hostplants and recognition. ZooKeys. 32: 1-82
971;0;Europe;Aethes rubiginana;Palearctic;2003;Trematerra, P. and Jel, J. (2003). Aethes rubiginana (Walsingham, 1903) in Francia ed Epibactra sareptana (Herrich-Schaffer, 1861) in Italia (Lepidoptera Tortricidae ). Bollettino di Zoologia Agraria e di Bachicoltura. 35(2): 107-110
972;0;Africa;Hypolimnas misippus;Oceanina;2021;Coetzer, A. and Westrip, J. (2021). Hypolimnas misippus. The IUCN Red List of Threatened Species 2021: e.T62148588A161331411
973;0;Africa;Pardasena virgulana;Oceanina;2024;de Prins J. and de Prins W. (2024). Afromoths, online database of Afrotropical moth species (Lepidoptera). Available at: http://www.afromoths.net
974;0;Africa;Phalanta phalantha;Oceanina;2021;Westrip, J. (2021). Phalanta phalantha (errata version published in 2022). The IUCN Red List of Threatened Species 2021: e.T162638397A223003677
975;0;Africa;Sameodes cancellalis;Oceanina;2018;Poltavsky, A., Kravchenko, V., Traore, M., Traore, S., Gergely, P., Witt, T., ... and Muller, G. (2018). The Pyraloidea (Lepidoptera) fauna of the woody savannah belt in Mali, West Africa. Zootaxa. 4457(1): 39‚Äì69
976;0;Africa;Herpetogramma basalis;Oceanina;2018;Poltavsky, A., Kravchenko, V., Traore, M., Traore, S., Gergely, P., Witt, T., ... and Muller, G. (2018). The Pyraloidea (Lepidoptera) fauna of the woody savannah belt in Mali, West Africa. Zootaxa. 4457(1): 39-69
977;0;Africa;Hypena commixtalis;Oceanina;2024;de Prins J. and de Prins W. (2024). Afromoths, online database of Afrotropical moth species (Lepidoptera). Available at: http://www.afromoths.net
978;0;Africa;Leucoptera coffeella;Oceanina;1984;Green, D. (1984). A Proposed Origin of the Coffee Leaf-miner, Leucoptera coffeella (Guerin-Meneville) (Lepidoptera: Lyonetiidae). Bulletin of the Entomological Society of America. 30(1): 30‚Äì31
979;0;Africa;Lampides boeticus;Oceanina;2021;Edge, D. and Westrip, J. (2021). Lampides boeticus. The IUCN Red List of Threatened Species 2021: e.T174427A161341394
980;0;Africa;Phycita diaphana;Oceanina;2015;Zilli, A. and Pavesi, F. (2015). new or little known Pyraloids from Italy (Lepidoptera: Pyraloidea). Phegea. 43(3): 81-96
981;0;North America;Spodoptera frugiperda;Panamanian;2023;Tay, W., Meagher Jr, R., Czepak, C. and Groot, A. (2023). Spodoptera frugiperda: ecology, evolution, and management options of an invasive species.¬†Annual Review of Entomology. 68(1): 299-317
982;0;Oceania;Badamia exclamationis;Oceanina;2017;Buden, D. and Tennent, W. (2017). New records of butterflies (Lepidoptera) from the Federated States of Micronesia with remarks on geographic variation in Hypolimnas bolina (Linnaeus). Pacific Science, 71(1): 83-90
983;0;Oceania;Tiracola plagiata;Oceanina;1980;Mandal, D. and Shukla, J. (1980). Redescription of the Genus and Species Tiracola plagiata (Walker)[Lepidoptera: Noctuidae]. Records of the Zoological Survey of India, 76: 87-92
984;0;Oceania;Erechthias pelotricha;Oceanina;1971;Clarke, J, (1971). The Lepidoptera of Rapa Island. Smithsonian Contributions to Zoology. 56: 1-282
985;0;Oceania;Ctenoplusia albostriata;Oceanina;1985;Holloway, J. (1985). Moths of Borneo 14. Family Noctuidae. Subfamily: Euteliinae, Stictopterinae, Plusinae, Pantheinae. Malayan Nature Journal. Available at: https://www.mothsofborneo.com/part-14/index.htm
986;0;Oceania;Achroia grisella;Oceanina;1996;Clarke, J. (1986): Pyralidae and Microlepidoptera of the Marquesas Archipelago. Smithsonian Contributions to Zoology. 416: 1-485
987;0;Oceania;Hypsipyla grandella;Oceanina;2024;CAB International (CABI) (2024). CABI Invasive Species Compendium. Available at: https://www.cabidigitallibrary.org/product/QI
988;0;Oceania;Amyna axis;Oceanina;1999;Barnett, L., Emms, C. and Holloway, J. (1999). The moths of the Chagos Archipelago with notes on their biogeography. Journal of Natural History. 33(7): 1021‚Äì1038
989;0;Oceania;Amyna natalis;Oceanina;2009;Holloway, J. (2009) Moths of Borneo 13. Family Noctuidae, subfamilies Pantheinae (part), Bagisarinae, Acontiinae, Aediinae, Eustrotiinae, Bryophilinae, Araeopteroinae, Aventiinae, Eublemminae and further miscellaneous genera. Malayan Nature Journal. 62 (1) : 1-240
990;0;Oceania;Chrysodeixis eriosoma;Oceanina;1979;Roberts, L. (1979). Biology of Chrysodeixis eriosoma (Lepidoptera: Noctuidae) in New Zealand. New Zealand Entomologist. 7(1): 52-58
991;0;Oceania;Assara seminivale;Oceanina;2024;Austin, K. and Rubinoff, D. (2024). New records of introduced Lepidoptera in the Hawaiian Islands for the year 2023. British Museum Occasional Papers. 156: 111-121
992;0;Oceania;Autosticha pelodes;Oceanina;1978;Zimmerman, E. (1978). Insects of Hawaii. Vol. 9 Microlepidoptera. Part II. The University Press of Hawaii, Honolulu.
993;0;Oceania;Tiracola plagiata;Oceanina;2024;Holloway, J. (2024). Moths of Borneo 12. Family Notuidae, Trifine. Subfamilies: Noctuinae, Heliothinae, Hadeninae, Acronictinae, Amphipyrinae, Agaristinae. Southdene Sdn. Available at: https://www.mothsofborneo.com/part-12/index.htm
994;0;Oceania;Anomis privata;Oceanina;1996;Kononenko, V., Ahn, S. and Ronkay, L. (1998). Illustrated catalogue of Noctuidae in Korea (Lepidoptera). Insect of Korea. Series 3. Korea Research Institute of Bioscience and Biotechnology : Center for Insect Systematics
995;0;Europe;Argyresthia bonnetella;Palearctic;2012;Davis, T. (2012). A Review of the Status of Microlepidoptera in Britain. Butterfly Conservation Report No. S12-02. Butterfly Conservation, Wareham.
996;0;Europe;Blastobasis phycidella;Palearctic;2012;Davis, T. (2012). A Review of the Status of Microlepidoptera in Britain. Butterfly Conservation Report No. S12-02. Butterfly Conservation, Wareham.
997;0;Europe;Clostera anachoreta;Palearctic;2019;Fox, R., Parsons, M. and Harrower, C. (2019). A review of the status of the macro-moths of Great Britain Butterfly Conservation report to Natural England, 2019. Butterfly Conservation Report No. S19-17. Butterfly Conservation, Wareham.
998;0;Europe;Roeslerstammia erxlebella;Palearctic;2012;Davis, T. (2012). A Review of the Status of Microlepidoptera in Britain. Butterfly Conservation Report No. S12-02. Butterfly Conservation, Wareham.
999;0;Europe;Incurvaria flavimitrella;Palearctic;2012;Davis, T. (2012). A Review of the Status of Microlepidoptera in Britain. Butterfly Conservation Report No. S12-02. Butterfly Conservation, Wareham.
1000;0;Europe;Tinagma balteolella;Palearctic;2012;Davis, T. (2012). A Review of the Status of Microlepidoptera in Britain. Butterfly Conservation Report No. S12-02. Butterfly Conservation, Wareham.
1001;0;Europe;Scythris inspersella;Palearctic;2012;Davis, T. (2012). A Review of the Status of Microlepidoptera in Britain. Butterfly Conservation Report No. S12-02. Butterfly Conservation, Wareham.
1002;0;Europe;Schiffermuelleria procerella;Palearctic;2012;Davis, T. (2012). A Review of the Status of Microlepidoptera in Britain. Butterfly Conservation Report No. S12-02. Butterfly Conservation, Wareham.
1003;0;Europe;Etainia sericopeza;Palearctic;2012;Davis, T. (2012). A Review of the Status of Microlepidoptera in Britain. Butterfly Conservation Report No. S12-02. Butterfly Conservation, Wareham.
1004;0;Europe;Cochylis molliculana;Palearctic;2012;Davis, T. (2012). A Review of the Status of Microlepidoptera in Britain. Butterfly Conservation Report No. S12-02. Butterfly Conservation, Wareham.
1005;0;Europe;Coleophora aestuariella;Palearctic;2012;Davis, T. (2012). A Review of the Status of Microlepidoptera in Britain. Butterfly Conservation Report No. S12-02. Butterfly Conservation, Wareham.
1006;0;Europe;Coleophora calycotomella;Palearctic;2012;Davis, T. (2012). A Review of the Status of Microlepidoptera in Britain. Butterfly Conservation Report No. S12-02. Butterfly Conservation, Wareham.
1007;0;Europe;Coleophora fuscicornis;Palearctic;2012;Davis, T. (2012). A Review of the Status of Microlepidoptera in Britain. Butterfly Conservation Report No. S12-02. Butterfly Conservation, Wareham.
1008;0;Europe;Coleophora linosyridella;Palearctic;2012;Davis, T. (2012). A Review of the Status of Microlepidoptera in Britain. Butterfly Conservation Report No. S12-02. Butterfly Conservation, Wareham.
1009;0;Europe;Coptotriche heinemanni;Palearctic;2012;Davis, T. (2012). A Review of the Status of Microlepidoptera in Britain. Butterfly Conservation Report No. S12-02. Butterfly Conservation, Wareham.
1010;0;Europe;Cosmopterix pulchrimella;Palearctic;2012;Davis, T. (2012). A Review of the Status of Microlepidoptera in Britain. Butterfly Conservation Report No. S12-02. Butterfly Conservation, Wareham.
1011;0;Europe;Dioryctria schuetzeella;Palearctic;2012;Davis, T. (2012). A Review of the Status of Microlepidoptera in Britain. Butterfly Conservation Report No. S12-02. Butterfly Conservation, Wareham.
1012;0;Europe;Dioryctria sylvestrella;Palearctic;2012;Davis, T. (2012). A Review of the Status of Microlepidoptera in Britain. Butterfly Conservation Report No. S12-02. Butterfly Conservation, Wareham.
1013;0;Europe;Dryobota labecula;Palearctic;2019;Fox, R., Parsons, M. and Harrower, C. (2019). A review of the status of the macro-moths of Great Britain Butterfly Conservation report to Natural England, 2019. Butterfly Conservation Report No. S19-17. Butterfly Conservation, Wareham.
1014;0;Europe;Ectoedemia erythrogenella;Palearctic;2012;Davis, T. (2012). A Review of the Status of Microlepidoptera in Britain. Butterfly Conservation Report No. S12-02. Butterfly Conservation, Wareham.
1015;0;Europe;Ectoedemia hannoverella;Palearctic;2012;Davis, T. (2012). A Review of the Status of Microlepidoptera in Britain. Butterfly Conservation Report No. S12-02. Butterfly Conservation, Wareham.
1016;0;Europe;Eucosma metzneriana;Palearctic;2012;Davis, T. (2012). A Review of the Status of Microlepidoptera in Britain. Butterfly Conservation Report No. S12-02. Butterfly Conservation, Wareham.
1017;0;Europe;Evergestis limbata;Palearctic;2012;Davis, T. (2012). A Review of the Status of Microlepidoptera in Britain. Butterfly Conservation Report No. S12-02. Butterfly Conservation, Wareham.
1018;0;Europe;Hyles gallii;Palearctic;2019;Fox, R., Parsons, M. and Harrower, C. (2019). A review of the status of the macro-moths of Great Britain Butterfly Conservation report to Natural England, 2019. Butterfly Conservation Report No. S19-17. Butterfly Conservation, Wareham.
1019;0;Europe;Hypena obsitalis;Palearctic;2019;Fox, R., Parsons, M. and Harrower, C. (2019). A review of the status of the macro-moths of Great Britain Butterfly Conservation report to Natural England, 2019. Butterfly Conservation Report No. S19-17. Butterfly Conservation, Wareham.
1020;0;Europe;Lithostege griseata;Palearctic;2019;Fox, R., Parsons, M. and Harrower, C. (2019). A review of the status of the macro-moths of Great Britain Butterfly Conservation report to Natural England, 2019. Butterfly Conservation Report No. S19-17. Butterfly Conservation, Wareham.
1021;0;Europe;Macaria signaria;Palearctic;2019;Fox, R., Parsons, M. and Harrower, C. (2019). A review of the status of the macro-moths of Great Britain Butterfly Conservation report to Natural England, 2019. Butterfly Conservation Report No. S19-17. Butterfly Conservation, Wareham.
1022;0;Europe;Macdunnoughia confusa;Palearctic;2019;Fox, R., Parsons, M. and Harrower, C. (2019). A review of the status of the macro-moths of Great Britain Butterfly Conservation report to Natural England, 2019. Butterfly Conservation Report No. S19-17. Butterfly Conservation, Wareham.
1023;0;Europe;Monochroa moyses;Palearctic;2012;Davis, T. (2012). A Review of the Status of Microlepidoptera in Britain. Butterfly Conservation Report No. S12-02. Butterfly Conservation, Wareham.
1024;0;Europe;Monochroa niphognatha;Palearctic;2012;Davis, T. (2012). A Review of the Status of Microlepidoptera in Britain. Butterfly Conservation Report No. S12-02. Butterfly Conservation, Wareham.
1025;0;Europe;Mythimna albipuncta;Palearctic;2019;Fox, R., Parsons, M. and Harrower, C. (2019). A review of the status of the macro-moths of Great Britain Butterfly Conservation report to Natural England, 2019. Butterfly Conservation Report No. S19-17. Butterfly Conservation, Wareham.
1026;0;Europe;Pechipogo plumigeralis;Palearctic;2019;Fox, R., Parsons, M. and Harrower, C. (2019). A review of the status of the macro-moths of Great Britain Butterfly Conservation report to Natural England, 2019. Butterfly Conservation Report No. S19-17. Butterfly Conservation, Wareham.
1027;0;Europe;Phyllocnistis xenia;Palearctic;2019;Fox, R., Parsons, M. and Harrower, C. (2019). A review of the status of the macro-moths of Great Britain Butterfly Conservation report to Natural England, 2019. Butterfly Conservation Report No. S19-17. Butterfly Conservation, Wareham.
1028;0;Europe;Argyresthia laevigatella;Palearctic;1969;Moriuti, S. (1969). Argyresthiidae (Lepidoptera) of Japan.¬†Bulletin of the University of Osaka Prefecture. 1-50
1029;0;Europe;Deilephila elpenor;Palearctic;2013;Hanif, H., Khan, S., Khan, M. and Raza, M. (2013). First record of Deilephila elpenor L. moth from Chakwal Punjab Pakistan. International Journal of Fauna and Biological Studies. 3(2): 10-13
1030;0;Europe;Phyllonorycter geniculella;Palearctic;2012;Davis, T. (2012). A Review of the Status of Microlepidoptera in Britain. Butterfly Conservation Report No. S12-02. Butterfly Conservation, Wareham.
1031;0;Europe;Panolis flammea;Palearctic;2008;Hicks, B., Leather, S. and Watt, A. (2008). Changing dynamics of the pine beauty moth (Panolis flammea) in Britain: the loss of enemy free space?. Agricultural and Forest Entomology. 10(3): 263-271
1032;0;Europe;Phyllonorycter comparella;Palearctic;2017;Kirichenko, N., Akulov, E., Triberti, P. and Ponomarenko, M. (2017). New records of the leaf mining Gracillariid moths (Lepidoptera: Gracillariidae) from Asian part of Russia. Far Eastern Entomologist. 346: 1-12
1033;0;Europe;Phyllonorycter strigulatella;Palearctic;2012;Davis, T. (2012). A Review of the Status of Microlepidoptera in Britain. Butterfly Conservation Report No. S12-02. Butterfly Conservation, Wareham.
1034;0;Europe;Thera britannica;Palearctic;2023;Boyes, D. and Holland, P. (2023). The genome sequence of the spruce carpet moth, Thera britannica (Turner, 1925). Wellcome Open Research. 8: 114
1035;0;Europe;Stigmella pyri;Palearctic;2012;Davis, T. (2012). A Review of the Status of Microlepidoptera in Britain. Butterfly Conservation Report No. S12-02. Butterfly Conservation, Wareham.
1036;0;Europe;Stigmella speciosa;Palearctic;2012;Davis, T. (2012). A Review of the Status of Microlepidoptera in Britain. Butterfly Conservation Report No. S12-02. Butterfly Conservation, Wareham.
1037;0;Europe;Xanthorhoe biriviata;Palearctic;2019;Fox, R., Parsons, M. and Harrower, C. (2019). A review of the status of the macro-moths of Great Britain Butterfly Conservation report to Natural England, 2019. Butterfly Conservation Report No. S19-17. Butterfly Conservation, Wareham.
1038;0;Europe;Lateroligia ophiogramma;Palearctic;2011;Neil, K. (2011). Lateroligia ophiogramma (Esper)(Lepidoptera: Erebidae) in Nova Scotia, Canada. Journal of the Acadian Entomological Society. 7:102-104
1039;0;Europe;Aglossa dimidiatus;Palearctic;2007;Khramov, P. (Ed.) (2007). Insecta.pro: international entomological community. Available online at: https://insecta.pro
1040;0;Europe;Yponomeuta cagnagellus;Palearctic;1987;Hoebeke, E. (1987). Yponomeuta cagnagella (Lepidoptera: Yponomeutidae): A palearctic ermine moth in the United States, with notes on its recognition, seasonal history, and habits.¬†Annals of the Entomological Society of America.¬†80(4): 462-467
1041;0;Europe;Coleophora striatipennella;Palearctic;2001;Hoare, R. (2001). Adventive species of Lepidoptera recorded for the first time in New Zealand since 1988. New Zealand Entomologist. 24: 23-47
1042;0;Europe;Carcina quercana;Palearctic;1985;Meyrick, E. (1895). A Handbook of British Lepidoptera. Macmillan and Co. United Kingdom, London. 843pp
1043;0;Europe;Cerapteryx graminis;Palearctic;1979;Morris, R. (1979). A review of the life history, population levels, and spread of the Antler moth, Cerapteryx graminis (Lepidoptera: Noctuidae), in Newfoundland. The Canadian Entomologist. 111(8): 933-938
1044;0;Europe;Clepsis consimilana;Palearctic;1971;Powell, J. and Burns, J. (1971). Colonization of the northeastern United States by two Palearctic moths (Lepidoptera: Tortricidae). Psyche: A Journal of Entomology. 78(1): 38-48
1045;0;Europe;Clepsis spectrana;Palearctic;1996;Dang, P., Duncan, R. and Fitzpatrick, S. (1996). Occurrence of two palaearctic species of Clepsis Guenee, C. spectrana Treitshcke and C. consimilana (Huebner)(Tortricidae), in British Columbia, Canada. Journal of The Lepidopterist Society. 50: 321-328
1046;0;Europe;Hydraecia micacea;Palearctic;1984;Carter, D. (1984). Pest Lepidoptera of Europe: with special reference to the British Isles (Vol. 31). Springer Science and Business Media. Berlin, Germany.
1047;0;Europe;Peribatodes secundaria;Palearctic;2007;Smith, R., Baker, R., Malumphy, C., Hockland, S., Hammon, R., Ostoja-Starzewski, J. and Collins, D. (2007). Recent non-native invertebrate plant pest establishments in Great Britain: origins, pathways, and trends. Agricultural and Forest Entomology. 9(4): 307-326
1048;0;Asia;Sameodes cancellalis;Oceanina;2018;Poltavsky, A., Kravchenko, V., Traore, M., Traore, S., Gergely, P., Witt, T., ... and Muller, G. (2018). The Pyraloidea (Lepidoptera) fauna of the woody savannah belt in Mali, West Africa. Zootaxa. 4457(1): 39‚Äì69
1049;0;Asia;Neurothaumasia ankerella;Palearctic;2015;Gaedike, R. (2015). Tineidae I: (Dryadaulinae, Hapsiferinae, Euplocaminae, Scardiinae, Nemapogoninae and Meessiinae). In: Nuss, M., Karsholt, O., Mutanen, M. (Eds.). Microlepidoptera of Europe. Brill. Leiden, Netherlands.
1050;0;Asia;Neptis rivularis;Palearctic;2002;Kudrna, O. (2002) The distribution atlas of European butterflies. Oedippus. 20: 1‚Äì343
1051;0;Asia;Dendrolimus pini;Palearctic;2024;CAB International (CABI) (2024). CABI Invasive Species Compendium. Available at: https://www.cabidigitallibrary.org/product/QI
1052;0;Africa;Spodoptera exempta;Afrotropical;1986;Haggis, M. (1986). Distribution of the African armyworm, Spodoptera exempta (Walker)(Lepidoptera: Noctuidae), and the frequency of larval outbreaks in Africa and Arabia. Bulletin of Entomological Research. 76(1): 151-170
1053;0;Europe;Apopestes spectrum;Palearctic;2014;Baron, T. (2014). Collection records of Noctuoidea and Bombycoidea (Lepidoptera) from a location near Marmaris in South-Western Anatolia, Turkey. Esperiana Band. 19: 263-296
1054;0;Europe;Coleophora klimeschiella;Palearctic;2018;Richter, I. (2018). New findings of the case-bearing moths (genus Coleophora Hubner, 1822) from the Balkan Peninsula with description of two new species (Lepidoptera, Coleophoridae). Microlepidoptera.hu. 13(1): 43-52
1055;0;Europe;Duponchelia fovealis;Palearctic;2024;CAB International (CABI) (2024). CABI Invasive Species Compendium. Available at: https://www.cabidigitallibrary.org/product/QI
1056;0;North America;Ancylostomia stercorea;Neotropical;1972;Barrow, R. (1972). The bionomics of Ancyclostomia stercorea (zeller): a pod-borer on pigeon pea in Trinidad. [PhD Thesis, McGill University, Quebec]
1057;0;North America;Spodoptera eridania;Neotropical;2023;Zhang, Y., Zhao, H., Qi, Y., Li, M., Yang, N., Guo, J., ... and Liu, W. (2023). Global potential geographical distribution of the southern armyworm (Spodoptera eridania) under climate change. Biology. 12(7): 1040
1058;0;North America;Copaxa lavendera;Panamanian;2013;Sarmiento-Cordero, M. and Contreras-Ramos, A. (2013). Phenology of Copaxa lavendera (Westwood)(Lepidoptera, Saturniidae) from Sierra de Las Navajas, Hidalgo, Mexico. The Pan-Pacific Entomologist. 88(4): 399-406
1059;0;North America;Copaxa lavendera;Panamanian;2017;Barrios-Diaz, B., Sanchez-Garcia, L., Equihua‚ÄìMartinez, A., Vazquez-Huerta, G. and Barrios-Diaz, J. (2017). Identificacion de lepidopteros asociados al follaje de encino (Quercus spp.), en el municipio de Tetela de Ocampo, Puebla. Folia Entomologica Mexicana. 4: 537-543
1060;0;North America;Auratonota dispersa;Panamanian;1990;Brown, J. (1990). New species and first US record of Auratonota (Lepidoptera: Tortricidae).¬†Florida Entomologist. 73(1): 153-157
1061;0;North America;Tmolus echion;Panamanian;1934;Carter, W. (1934). Notes on two Pests of Pineapple not known in Hawaii. Proceedings of the Hawaiian Entomological Society. 8(3): 395-397
1062;0;North America;Vanessa atalanta;Panamanian;2020;Walker, A. (2020). Vanessa atalanta. The IUCN Red List of Threatened Species 2020: e.T174225A172421220.
1063;0;North America;Tecia solanivora;Panamanian;2024;CAB International (CABI) (2024). CABI Invasive Species Compendium. Available at: https://www.cabidigitallibrary.org/product/QI
1064;0;North America;Crocidosema aporema;Panamanian;2024;CAB International (CABI) (2024). CABI Invasive Species Compendium. Available at: https://www.cabidigitallibrary.org/product/QI
1065;0;Oceania;Theretra silhetensis;Oceanina;2015;Meekhunthod, M., Bumroongsook, S. and Tigvattananont, S. (2015). The biological control agent of water primrose: Theretra silhetensis (Walker)(Lepidoptera: Sphingidae). Journal of Agricultural Technology 11(8): 2589-2596
1066;0;Oceania;Perixera illepidaria;Oceanina;2014;Kumar, V., Reddy, P., Anal, A. and Nath, V. (2014). Outbreak of the looper, Perixera illepidaria (Lepidoptera: Geometridae) on litchi, Litchi chinensis (Sapindales: Sapindaceae)-a new pest record from India. Florida Entomologist, 97(1): 22-29
1067;0;Oceania;Cryptophlebia ombrodelta;Oceanina;1975;Sinclair, E. (1975). A life system study of Cryptophlebia ombrodelta (Lower)(Lepidoptera: Tortricidae) in southeast Queensland. Doctoral Dissertation, University of Queensland
1068;0;Oceania;Crocidolomia pavonana;Oceanina;1946;Swezey, O. (1946). Lepidoptera, Geometridae, Arctiidae, Agrotidae, and Pyralidae of Guam. In: Insects of Guam II. Bernice P. Bishop Museum Bulletin. 189: 163-185
1069;0;Oceania;Papilio xuthus;Oceanina;2024;Inayoshi, Y. (2024). A Check List of Butterflies in Indo-China - Chiefly from Thailand, Laos and Vietnam. Available at: https://yutaka.it-n.jp/index.html
1070;0;South America;Ategumia ebulealis;Neotropical;2022;Brou, V. and Brou, C. (2022). Abita Entomological Study Site. Southern Lepidopterists News. 44(5): 409-460
1071;0;North America;Caphys biliniata;Panamanian;2012;Miller, J, Matthews, D., Warren, A., Solis, M., Harvey, D., Gentili-Poole, P., ... and Covell, C. (2012). An annotated list of the Lepidoptera of Honduras. Insecta Mundi. 205: 1-72
1072;0;North America;Heliconius erato;Panamanian;1994;Brower, A. (1994). Rapid morphological radiation and convergence among races of the butterfly Heliconius erato inferred from patterns of mitochondrial DNA evolution. PNAS. 91(14): 6491-6495
1073;0;North America;Carmenta mimosa;Panamanian;1983;Passoa, S. (1983). A new clear wing moth (Sesiidae) from Central America: a stem borer in Mimosa pigra. The Journal of the Lepidopterists Society. 37: 193-206
1074;0;Europe;Aproaerema polychromella;Palearctic;2023;Karsholt, O., Baldizzone, G. and Gomboc, S. (2023). Overview of the Gelechiidae Moths (Lepidoptera) of Krk Island, Croatia: Diversity, Distribution and Ecological Insights. GORTANIA Botanica, Zoologia. 45: 95-124
1075;0;North America;Litoprosopus haitiensis;Panamanian;1992;Frank, J. and McCoy, E. (1992). Introduction to the Behavioral Ecology of Immigration. The Immigration of Insects to Florida, with a Tabulation of Records Published Since 1970. The Florida Entomologist.75(1): 1-28
1076;0;North America;Notioplusia illustrata;Panamanian;1978;Eichlin, T. and Cunningham, H. (1978). The Plusiinae (Lepidoptera: Noctuidae) of America north of Mexico, emphasizing genitalic and larval morphology (No. 1567). Department of Agriculture, Agricultural Research Service. Washington D.C., United States of America.
1077;0;Europe;Spatalia argentina;Palearctic;2023;De Juana, F. and Macia, R. (2023). Sobre Spatalia argentina (Denis & Schifferm√ºller, 1775) en la Pen√≠nsula Ib√©rica: distribucion, seleccion de habitat y fenologia (Lepidoptera: Notodontidae). SHILAP Revista de lepidopterologia, 51(203): 525-538
1078;0;Europe;Hedya nubiferana;Palearctic;2014;Josvai, J., Koczor, S. and Toth, M. (2014). Performance of traps baited with female-targeted lure vs. pheromone traps for monitoring of the green budworm moth Hedya nubiferana Haw. in Hungary. Acta Phytopathologica et Entomologica Hungarica. 49(2): 223-233
1079;0;Asia;Sesamia grisescens;Oceanina;2024;CAB International (CABI) (2024). CABI Invasive Species Compendium. Available at: https://www.cabidigitallibrary.org/product/QI
1080;0;Asia;Conopomorpha cramerella;Oceanina;2024;de Prins J. and de Prins W. (2024). Global Taxonomic Database of Gracillariidae (Lepidoptera). Avaliable at: http://www.gracillariidae.net
1081;0;Asia;Thysanoplusia orichalcea;Oriental;2008;Stringer, L., El-Sayed, A., Cole, L., Manning, L. and Suckling, D. (2008). Floral attractants for the female soybean looper, Thysanoplusia orichalcea (Lepidoptera: Noctuidae). Pest Management Science, 64(12), 1218-1221
1082;0;Asia;Sesamia grisescens;Oriental;2024;CAB International (CABI) (2024). CABI Invasive Species Compendium. Available at: https://www.cabidigitallibrary.org/product/QI
1083;0;Asia;Eurema blanda;Oriental;2020;Payra, A. (2020). A note on the defence by Eurema blanda Boisduval (Lepidoptera: Pieridae) pupae in response to oviposition behaviour of the chalcid wasp Brachymeria sp.(Hymenoptera: Chalcididae). Revista Chilena de Entomologia, 46(3)
1084;0;Asia;Parnara guttatus;Oriental;2024;Inayoshi, Y. (2024). A Check List of Butterflies in Indo-China - Chiefly from Thailand, Laos and Vietnam. Available at: https://yutaka.it-n.jp/index.html
1085;0;Asia;Glyphodes onychinalis;Oriental;2008;Solis, M. (2008). New sightings of Glyphodes onychinalis (Guenee)(Pyraloidea: Crambidae: Spilomelinae), a recent arrival to the United States with a description of the larva reared on oleander (Nerium sp.) in California. News of the Lepidopterists Society. 50(3/4): 79-80
1086;0;Asia;Cryptophlebia ombrodelta;Oriental;1975;Sinclair, E. (1975). A life system study of Cryptophlebia ombrodelta (Lower)(Lepidoptera: Tortricidae) in southeast Queensland. Doctoral Dissertation, University of Queensland
1087;0;Asia;Eublemma anachoresis;Oriental;1946;Swezey, O. (1946). Lepidoptera, Geometridae, Arctiidae, Agrotidae, and Pyralidae of Guam. In: Insects of Guam II. Bernice P. Bishop Museum Bulletin. 189: 163-185
1088;0;Asia;Elophila responsalis;Oriental;2020;Whitaker, T., Sutton, S. and Barlow, H. (2020). Pyralids of Borneo - An Illustrated Guide (5th Edition). Southdene Sdn Bhd. Available Online at: http://www.pyralidsofborneo.org/index.php?index#
1089;0;Asia;Pygospila tyres;Oriental;2022;Kalawate, A., Shabnam, A. and Dinesh, K. (2022). First Indian DNA barcode record for the moth species Pygospila tyres (Cramer, 1780) (Lepidoptera: Crambidae: Spilomelinae) distributed in Asia and Australia. Journal of Threatened Taxa. 14(2): 20637‚Äì20642
1090;0;Asia;Crocidolomia pavonana;Oriental;1946;Swezey, O. (1946). Lepidoptera, Geometridae, Arctiidae, Agrotidae, and Pyralidae of Guam. In: Insects of Guam II. Bernice P. Bishop Museum Bulletin. 189: 163-185
1091;0;Asia;Macaldenia palumba;Oriental;2013;Kirti, J. and Singh, H. (2013). An inventory of subfamily Catocalinae (Noctuidae: Lepidoptera) from North-East India. Journal of Applied Biosciences. 39(1): 1-22
1092;0;Asia;Sameodes cancellalis;Oriental;2018;Poltavsky, A., Kravchenko, V., Traore, M., Traore, S., Gergely, P., Witt, T., ... and Muller, G. (2018). The Pyraloidea (Lepidoptera) fauna of the woody savannah belt in Mali, West Africa. Zootaxa. 4457(1): 39‚Äì69
1093;0;Asia;Omphisa anastomosalis;Oriental;1958;Zimmerman, E. (1958). Insects of Hawaii. Volume 8, Lepidoptera: Pyraloidea. Hawaii: University of Hawaii Press.
1094;0;Asia;Penicillaria jocosatrix;Oriental;2010;Sivasankaran, K., Madani, J., Ignacimuthu, S. and Paulraj, M. G. (2010). A survey of Euteliinae (Lepidoptera: Noctuidae) of Nilgiris, Tamil Nadu, India. Entomon. 35(3): 175-182
1095;0;Asia;Pachliopta aristolochiae;Oriental;2016;Moonen, J. (2016). Notes on Pachliopta species in South East Asia (Lepidoptera: Papilionidae). Entomologische berichten. 76(1): 15-20
1096;0;Asia;Catopsilia pyranthe;Oriental;2000;Braby, M. (2000). Butterflies of Australia: their identification, biology and distribution. CSIRO publishing. Collingwood, Australia.
1097;0;Asia;Hasora badra;Oriental;2023;Husain, A. and Hasan, W. (2023). Skipper butterflies (Hesperiidae: Lepidoptera) common to Sulawesi (Indonesia) and India, with their host plants. International Journal of Agricultural and Applied Sciences. 4(2): 113-119
1098;0;Asia;Earias cupreoviridis;Oriental;2014;Kravchenko, V., Muller, G., Allan, S., and Yefremova, Z. (2014). Seven invasive owlet moths (Lepidoptera: Noctuidae) in Israel and their potential parasitoids (Hymenoptera: Chalcidoidea). Phytoparasitica. 42: 333-339
1099;0;Asia;Earias cupreoviridis;Oriental;2024;de Prins J. and de Prins W. (2024). Afromoths, online database of Afrotropical moth species (Lepidoptera). Available at: http://www.afromoths.net
1100;0;Asia;Hypena commixtalis;Oriental;2024;de Prins J. and de Prins W. (2024). Afromoths, online database of Afrotropical moth species (Lepidoptera). Available at: http://www.afromoths.net
1101;0;Asia;Oxyplax pallivitta;Oriental;2024;CAB International (CABI) (2024). CABI Invasive Species Compendium. Available at: https://www.cabidigitallibrary.org/product/QI
1102;0;Asia;Doloessa viridis;Oriental;2002;Lim, G. (2002). Observations of Prasinoxena monospila and Doloessa viridis (Lepidoptera: Pyralidae) on the bark of Khaya ivorensis in Malaysia. Journal of Tropical Forest Science. 14(1): 158-161
1103;0;Asia;Chlumetia brevisigna;Oriental;1993;Yoshimatsu, S., Miyara, A., Arakaki, N. and Kawasaki, K. (1993). Occurrence of Chlumetia brevisigna HOLLOWAY (Lepidoptera: Noctuidae) on Mango in Japan. Applied entomology and zoology. 28(3): 401-403
1104;0;Asia;Chilo sacchariphagus;Oriental;2006;Goebel, R. (2006). The effect of temperature on development and reproduction of the sugarcane stalk borer, Chilo sacchariphagus (Bojer 1856)(Lepidoptera: Crambidae). African Entomology. 14(1): 103-111
1105;0;Asia;Vanessa cardui;Oriental;2020;Walker, A. and Coetzer, A. (2020). Vanessa cardui. The IUCN Red List of Threatened Species 2020: e.T174379A161326679.
1106;0;Asia;Amyna natalis;Oriental;2009;Holloway, J. (2009) Moths of Borneo 13. Family Noctuidae, subfamilies Pantheinae (part), Bagisarinae, Acontiinae, Aediinae, Eustrotiinae, Bryophilinae, Araeopteroinae, Aventiinae, Eublemminae and further miscellaneous genera. Malayan Nature Journal. 62 (1) : 1-240
1107;0;Asia;Erionota thrax;Oriental;2015;Cock, M. (2015). A critical review of the literature on the pest Erionota spp.(Lepidoptera, Hesperiidae): taxonomy, distribution, food plants, early stages, natural enemies and biological control. CABI Reviews. 10(007): 1-30
1108;0;Asia;Rhynchopalpus brunella;Oriental;2019;Joshi, R., Singh, N. and Laszlo, G. (2019). An updated checklist of subfamily Nolinae (Lepidoptera, Nolidae) from India. Records of the Zoological Survey of India. 119(3): 263-281
1109;0;Asia;Chrysodeixis eriosoma;Oriental;2024;de Prins J. and de Prins W. (2024). Afromoths, online database of Afrotropical moth species (Lepidoptera). Available at: http://www.afromoths.net
1110;0;Asia;Chrysodeixis eriosoma;Oriental;1979;Roberts, L. (1979). Biology of Chrysodeixis eriosoma (Lepidoptera: Noctuidae) in New Zealand. New Zealand Entomologist. 7(1): 52-58
1111;0;Asia;Parapoynx crisonalis;Oriental;2017;Chen, Q., Li, N., Wang, X., Ma, L., Huang, J. and Huang, G. (2017). Age-stage, two-sex life table of Parapoynx crisonalis (Lepidoptera: Pyralidae) at different temperatures. PloS one. 12(3): e0173380
1112;0;Asia;Parapoynx diminutalis;Oriental;1989;Buckingham, G. and Bennett, C. (1989). Laboratory host range of Parapoynx diminutalis (Lepidoptera: Pyralidae), an Asian aquatic moth adventive in Florida and Panama on Hydrilla verticillata (Hydrocharitaceae). Environmental Entomology. 18(3): 526-530
1113;0;Asia;Parapoynx polydectalis;Oriental;2019;Purcell, M., Harms, N., Grodowitz, M., Zhang, J., Ding, J., Wheeler, G., ... and de Chenon, R. (2019). Exploration for candidate biological control agents of the submerged aquatic weed Hydrilla verticillata, in Asia and Australia 1996‚Äì2013. BioControl. 64: 233-247
1114;0;Asia;Neomusotima conspurcatalis;Oriental;2004;Solis, M., Yen, S. and Goolsby, J. (2004). Species of Lygomusotima new genus and Neomusotima Yoshiyasu (Lepidoptera: Crambidae) from Australia and southeastern Asia feeding on Lygodium microphyllum (Schizaeaceae). Annals of the Entomological Society of America. 97(1): 64-76
1115;0;Asia;Elophila difflualis;Oriental;2010;Chen, F., Wu, C. and Xue, D. (2010). A review of the genus Elophila Hubner, 1822 in China (Lepidoptera: Crambidae: Acentropinae). Aquatic insects. 32(1): 35-60
1116;0;Asia;Zizina otis;Oriental;2008;Yago, M., Hirai, N., Kondo, M., Tanikawa, T., Ishii, M., Wang, M., ... and Ueshima, R. (2008). Molecular systematics and biogeography of the genus Zizina (Lepidoptera: Lycaenidae). Zootaxa. 1746(1): 15-38
1117;0;Asia;Edales pandava;Oriental;2009;Wu, L., Lees, D. and Hsu, Y. (2009). Tracing the origin of Chilades pandava (Lepidoptera, Lycaenidae) found at Kinmen Island using mitochondrial COI and COII Genes. BioFormosa. 44(2): 61-68
1118;0;Asia;Autosticha pelodes;Oriental;1978;Zimmerman, E. (1978). Insects of Hawaii. Vol. 9 Microlepidoptera. Part II. The University Press of Hawaii, Honolulu.
1119;0;Asia;Ophiusa disjungens;Oriental;2005;Holloway, J. (2005). The Moths of Borneo, Parts 15 & 16 Noctuidae: Catocalinae. Southdene Sdn Bhd. Available online at: https://www.mothsofborneo.com/part-15-16/index.htm
1120;0;Asia;Acraea terpsicore;Oriental;2014;Braby, M., Bertelsmeier, C., Sanderson, C. and Thistleton, B. (2014), Spatial distribution and range expansion of the Tawny Coster butterfly, Acraea terpsicore (Linnaeus, 1758) (Lepidoptera: Nymphalidae), in South-East Asia and Australia. Insect Conservation Diversity. 7: 132-143
1121;0;Asia;Antigastra catalaunalis;Oriental;2020;Sarazu-Pillado, R., Gonzalez-Hernandez, H., Cortez-Mondaca, E., Valdez-Carrazco, J., Almela, J. and Lomeli-Flores, R. (2020). Primer Reporte del Gusano Telara√±ero en Ajonjoli en el Norte de Sinaloa, Mexico. Southwestern Entomologist. 45(2): 575-578
1122;0;Asia;Thyas coronata;Oriental;2008;Kawazu, K., Otuka, A., Adati, T., Tonogouchi, H. and Yase, J. (2008). Lepidoptera captured on the East China Sea in 2005 and predicted migration sources. Entomological science, 11(3): 315-322
1123;0;Asia;Spulerina isonoma;Oriental;2023;Poorani, J. and Thanigairaj, R. (2023). Incidence of mango stem miner Spulerina isonoma (Meyrick) and first record of its parasitoid. Indian Journal of Entomology 85(2): 448-450
1124;0;Asia;Achroia grisella;Oriental;1996;Clarke, J. (1986): Pyralidae and Microlepidoptera of the Marquesas Archipelago. Smithsonian Contributions to Zoology. 416: 1-485
1125;0;Asia;Anomis privata;Oriental;1996;Kononenko, V., Ahn, S. and Ronkay, L. (1998). Illustrated catalogue of Noctuidae in Korea (Lepidoptera). Insect of Korea. Series 3. Korea Research Institute of Bioscience and Biotechnology : Center for Insect Systematics
1126;0;Asia;Acontia crocata;Oriental;1982;Guenee, A. (1852). Noctuelites II. in Boisduval and Guenee: Histoire naturelle des insectes
1127;0;Asia;Eudocima tyrannus;Oriental;2019;Singh, N., Ahmad, J., Kaustubh, K. and Joshi, R. (2019). New distributional records of Eudocima Billberg, 1820 (Lepidoptera: Erebidae: Calpinae) from Gangetic Plains (India). Records of the Zoological Survey of India. 119(3): 238-245
1128;0;Asia;Aphnaeus schistacea;Oriental;1911;Moore, F. and Swinhoe, C. (1911). Lepidoptera Indica - Volume IX - Rhopalocera. Lovell Reeve and Co. Limited. United Kingdom, London.
1129;0;Asia;Danaus genutia;Oriental;2010;Atluri, J., Rayalu, M. and Deepika, D. (2010). Life History and Larval Performance of the Common Tiger Butterfly, Danaus genuita Cramer (Lepidoptera
1130;0;Asia;Euproctis fraterna;Oriental;2016;Nizamani, I., Rustamani, M., Khaskheli, M., Bukero, A., Khatri, I. and Nizaman, S. (2016).  Screening Of Jujube Varieties Against Euproctis Fraterna Moore. Science International-Lahore. 28(1): 447-453
1131;0;Asia;Junonia atlites;Oriental;2018;Mehra, D., Kirti, J. and Sidhu, A. (2018). A taxonomic study of six species of the genus Junonia Hubner,[1819](Insecta: Lepidoptera: Nymphalidae) from the northwestern Himalayan region in India. Journal of threatened taxa. 10(7): 11934-11947
1132;0;Asia;Pectinophora gossypiella;Oriental;2023;Matheson, P., Parvizi, E., Fabrick, J., Siddiqui, H., Tabashnik, B., Walsh, T. and McGaughran, A. (2023). Genome-wide analysis reveals distinct global populations of pink bollworm (Pectinophora gossypiella). Scientific Reports. 13(1): 11762
1133;0;Asia;Earias cupreoviridis;Oriental;1965;Gentry, J. (1965). Crop insects of northeast Africa-southwest Asia (No. 273). Agricultural Research Service, US Department of Agriculture.
1134;0;Asia;Opisina arenosella;Oriental;2023;Lu, H., Lyu, B., Tang, J., Wu, Q., Wyckhuys, K., Le, K., ... and Zhang, Q. (2023). Ecology, invasion history and biodiversity-driven management of the coconut black-headed caterpillar Opisina arenosella in Asia. Frontiers in Plant Science. 14: 1116221
1135;0;Asia;Arenipses sabella;Oriental;2008;Aldryhim, Y. (2008). Greater Date Moth, Arenipses sabella Hmps. (Lepidoptera: Pyralidae). In: Capinera, J.L. (eds) Encyclopedia of Entomology. Springer, Dordrecht. pp 1716‚Äì1717
1136;0;Asia;Garella musculana;Oriental;2018;Yildiz, Y., Yildirim, I., Bostanci, C. and Aydogan, O. (2018). Erschoviella musculana Erschoff 1874, a new record and a new walnut pest in Turkey. Journal of Bartin Faculty of Forestry. 20(2): 296-302
1137;0;Asia;Tyta luctuosa;Oriental;1988;Rosenthal, S., Clement, S., Hostettler, N. and Mimmocchi, T. (1988). Biology of Tyta luctuosa [Lep.: Noctuidae] and its potential value as a biological control agent for the weed Convolvulus arvensis. Entomophaga. 33: 185-192
1138;0;Asia;Spodoptera litura;Oriental;2019;Jung, J., Byeon, D., Jung, S. and Lee, W. (2019). Effect of climate change on the potential distribution of the common cutworm (Spodoptera litura) in South Korea. Entomological Research. 49(12): 519-528
1139;0;Asia;Batrachedra amydraula;Oriental;1978;Carpenter, J., McMillen, J., Wengert, E. and Elmer, H. (1978). Pests and diseases of the date palms. Agriculture Handbook. 524:1-40
1140;0;Asia;Aproaerema polychromella;Oriental;2023;Karsholt, O., Baldizzone, G. and Gomboc, S. (2023). Overview of the Gelechiidae Moths (Lepidoptera) of Krk Island, Croatia: Diversity, Distribution and Ecological Insights. GORTANIA Botanica, Zoologia. 45: 95-124
1141;0;Asia;Spoladea recurvalis;Oriental;2010;Lopez-Vaamonde, C., Agassiz, D., Augustin, S., De Prins, J., De Prins, W., Gomboc, S., ... and Lees, D. (2010). Lepidoptera. Chapter 11. BioRisk 4: 603-668
1142;0;Asia;Autographa gamma;Oriental;2014;Sullivan, M. and T. Molet. (2007). CPHST Pest Datasheet for Autographa gamma. USDA-APHIS-PPQ-CPHST. Revised January 2014.
1143;0;Asia;Appias lyncida;Oriental;2015;Varshney, R. and Smetacek, P. (Eds.). (2015). A synoptic catalogue of the butterflies of India. Butterfly Research Centre
1144;0;Asia;Conopomorpha litchiella;Oriental;2024;de Prins J. and de Prins W. (2024). Global Taxonomic Database of Gracillariidae (Lepidoptera). Avaliable at: http://www.gracillariidae.net
1145;0;Asia;Conopomorpha sinensis;Oriental;1986;Bradley, J. (1986). Identity of the South-East Asian cocoa moth, Conopomorpha cramerella (Snellen)(Lepidoptera: Gracillariidae), with descriptions of three allied new species. Bulletin of Entomological Research. 76(1): 41-51
1146;0;Asia;Leptosia nina;Oriental;2024;Inayoshi, Y. (2024). A Check List of Butterflies in Indo-China - Chiefly from Thailand, Laos and Vietnam. Available at: https://yutaka.it-n.jp/index.html
1147;0;Asia;Amyna natalis;Oriental;1958;Zimmerman, E. (1958). Insects of Hawaii. Volume 7, Macrolepidoptera. Hawaii: University of Hawaii Press.
1148;0;Asia;Ategumia adipalis;Oriental;2021;Chettri, P. and Yonle, R. (2021). Partial checklist of moths (Lepidoptera) of Darjeeling hills, West Bengal, India.¬†International Journal of Entomology Research.¬†6(3): 89-99
1149;0;Asia;Bactra venosana;Oriental;2015;Sohn, J., Park, K. and Cho, S. (2015). Seven species of Olethreutinae (Lepidoptera: Tortricidae) new to Korea. Journal of Asia-Pacific Biodiversity. 8(2): 133-138
1150;0;Asia;Blastobasis inana;Oriental;1978;Zimmerman, E. (1978). Insects of Hawaii. Vol. 9 Microlepidoptera. Part II. The University Press of Hawaii, Honolulu.
1151;0;Asia;Ethmia nigroapicella;Oriental;2000;Kurr, A. and Szasorv, C. (2000). Survey Of The Taiwanese Ethmiinae (Leprdoprera, Oecophoridae) With Descriptions Of Three New Species. Acta Zoologica Academiae Scientiaruh Hungaricae. 46(1):  53-78
1152;0;Asia;Spodoptera mauritia;Oriental;1956;Fletcher, D. (1956). Spodoptera mauritia (Boisduval) and S. triturata (Walker), two distinct species. Bulletin of Entomological Research. 47(2): 215-217
1153;0;Asia;Diplopseustis perieresalis;Oriental;2006;Speidel, W., Nieukerken, E., Honey, M. and Koster, S. (2006). The exotic pyraloid moth Diplopseustis perieresalis (Walker) expanding in the West Palaearctic Region (Crambidae: Spilomelinae). Nota lepiderologica. 29(3): 185‚Äì192
1154;0;Asia;Agassiziella angulipennis;Oriental;2020;Roy, D., Alderman, D., Anastasiu, P., Arianoutsou, M., Augustin, S., Bacher, S., ... and Reyserhove, L., (2020). DAISIE - Delivering Alien Invasive Species Inventories for Europe. Available at: http://www.europe-aliens.org/
1155;0;Asia;Parapoynx bilinealis;Oriental;2020;Roy, D., Alderman, D., Anastasiu, P., Arianoutsou, M., Augustin, S., Bacher, S., ... and Reyserhove, L., (2020). DAISIE - Delivering Alien Invasive Species Inventories for Europe. Available at: http://www.europe-aliens.org/
1156;0;Asia;Diaphania indica;Oriental;2018;Dai, L., Zhou, X., Kausar, S., Abbas, M., Wu, L. and Zhou, H. (2018). Mitochondrial genome of Diaphania indica (saunders)(Lepidoptera: Pyraloidea) and implications for its phylogeny. International Journal of Biological Macromolecules. 108: 981-989
1157;0;Asia;Earias vittella;Oriental;2014;Kravchenko, V., Muller, G., Allan, S., and Yefremova, Z. (2014). Seven invasive owlet moths (Lepidoptera: Noctuidae) in Israel and their potential parasitoids (Hymenoptera: Chalcidoidea). Phytoparasitica. 42: 333-339
1158;0;Asia;Grapholita delineana;Oriental;2012;Byun, B., Lee, B., Bae, K. and Lee, K. (2012). A review of the genus Grapholita (Lepidoptera, Tortricidae) in North Korea. Animal Systematics, Evolution and Diversity. 28(4): 291-296
1159;0;Asia;Hyblaea puera;Oriental;1996;Nair, K. and Mohanadas, K. (1996). Early events in the outbreak of the teak caterpillar, Hyblaea puera. International Journal of Ecolological Environmental Sciences. 22: 271-279
1160;0;Asia;Lymantria dispar;Oriental;2007;Pogue, M. (2007). A Review of Selected Species of Lymantria Hubner (1819) (Lepidoptera: Noctuidae: Lymantriinae) from Subtropical and Temperate Regions of Asia, Including the Descriptions of Three New Species, Some Potentially Invasive to North America. U.S. Department of Agriculture, Forest Health Technology Enterprise Team. 223 pp
1161;0;Asia;Galleria mellonella;Oriental;2024;CAB International (CABI) (2024). CABI Invasive Species Compendium. Available at: https://www.cabidigitallibrary.org/product/QI
1162;0;Asia;Pandemis cerasana;Oriental;1980;Mutuura, A. (1980). Two Pandemis species introduced into British Columbia, with a comparison of native North American species (Lepidoptera: Tortricidae). The Canadian Entomologist. 112(6): 549-554
1163;0;Asia;Helicoverpa armigera;Oriental;2017;Tay, W., Walsh, T., Downes, S., Anderson, C., Jermiin, L., Wong, T., ... and Gordon, K. (2017). Mitochondrial DNA and trade data support multiple origins of Helicoverpa armigera (Lepidoptera, Noctuidae) in Brazil. Scientific Reports. 7: 45302
1164;0;Asia;Caradrina clavipalpis;Oriental;2024;de Prins J. and de Prins W. (2024). Afromoths, online database of Afrotropical moth species (Lepidoptera). Available at: http://www.afromoths.net
1165;0;Asia;Garella musculana;Oriental;2023;Scaccini, D., Bramuzzo, D., Bostanci, C., Faccoli, M., Martinez-Sanudo, I., Matov, A., ... and Pozzebon, A. (2023). First report of Garella musculana (Erschov, 1874) (Lepidoptera: Nolidae) in Italy with insights into its identity. Journal of Applied Entomology. 147: 239-243
1166;0;Asia;Bocana manifestalis;Oriental;1958;Zimmerman, E. (1958). Insects of Hawaii. Volume 7, Macrolepidoptera. Hawaii: University of Hawaii Press.
1167;0;Asia;Bocana manifestalis;Sino-Japanese;1958;Zimmerman, E. (1958). Insects of Hawaii. Volume 7, Macrolepidoptera. Hawaii: University of Hawaii Press.
1168;0;Asia;Citripestis eutraphera;Oriental;2019;Choudhary, J., Mali, S., Fand, B. and Das, B. (2019). Predicting the invasion potential of indigenous restricted mango fruit borer, Citripestis eutraphera (Lepidoptera: Pyralidae) in India based on MaxEnt modelling. Current Science, 116(4): 636-642
1169;0;Asia;Ategumia adipalis;Oriental;2020;Rao, B. and Sivaperuman, C. (2020). Annotated checklist of Pyraloid moths (Lepidoptera, Pyraloidea) of Andaman and Nicobar Islands. Journal of the Andaman Science Association. 25(1): 15-26
1170;0;Europe;Argyresthia bonnetella;Palearctic;2015;Manley, C. (2015). British Moths: A Photographic Guide to the Moths of Britain and Ireland. Bloomsbury Publishing.
1171;0;Europe;Rhopobota naevana;Palearctic;2005;Zhang, A. and Li, H. (2005). Catalogue of Eucosmini from China (Lepidoptera: Tortricidae). SHILAP Revista de lepidopterologia. 33(131): 265-298
1172;0;Europe;Eupithecia lariciata;Palearctic;2014;Mironov, V. and Galsworthy, A. (2014). A survey of Eupithecia Curtis, 1825 (Lepidoptera, Geometridae, Larentiinae) in Mongolia with descriptions of two new species. Zootaxa. 3774(2): 101-130
1173;0;Europe;Leucoptera laburnella;Palearctic;2006;Seven, S. (2006). Lyonetiidae of Turkey with notes on their distribution and zoogeography (Lepidoptera). Zootaxa. 1245(1): 53-58
1174;0;Europe;Tinea dubiella;Palearctic;1984;Carter, D. (1984). Pest Lepidoptera of Europe: with special reference to the British Isles (Vol. 31). Springer Science and Business Media. Berlin, Germany.
1175;0;Europe;Tinea flavescentella;Palearctic;2019;Gaedike, R. (2019).¬†Tineidae II: (Myrmecozelinae, Perissomasticinae, Tineinae, Hieroxestinae, Teichobiinae and Stathmopolitinae). Brill. Leiden, Netherlands.
1176;0;Europe;Operophtera brumata;Palearctic;2017;Andersen, J., Havill, N., Caccone, A. and Elkinton, J. (2017). Postglacial recolonization shaped the genetic diversity of the winter moth (Operophtera brumata) in Europe. Ecology and Evolution. 7: 3312‚Äì3323
1177;0;Europe;Yponomeuta padella;Palearctic;2022;Beljaev, E., Vasilenko, S. and Dubatolov, V. (2022). Fauna of the geometrid moths (Lepidoptera, Geometridae) of the eastern Sikhote-Alin in the Botchinsky Reserve II. Subfamilies Larentiinae and Sterrhinae, and zoogeographical analysis. Amurian Zoological Journal. 14(4): 676-707
1178;0;Asia;Acalyptris platani;Palearctic;2007;van Nieukerken, E. (2007). Acalyptris Meyrick: revision of the platani and staticis groups in Europe and the Mediterranean (Lepidoptera: Nepticulidae). Zootaxa. 1436: 1‚Äì48
1179;0;Asia;Apopestes spectrum;Palearctic;2013;Amer, A. (2013). Catocalinae Of Egypt (Lepidoptera, Noctuidae). Al-Azhar Bulletin Of Science. 24(1-C): 1-16
1180;0;Asia;Apopestes spectrum;Saharo-Arabian;2013;Amer, A. (2013). Catocalinae Of Egypt (Lepidoptera, Noctuidae). Al-Azhar Bulletin Of Science. 24(1-C): 1-16
1181;0;Asia;Caloptilia roscipennella;Palearctic;2024;de Prins J. and de Prins W. (2024). Global Taxonomic Database of Gracillariidae (Lepidoptera). Avaliable at: http://www.gracillariidae.net
1182;0;Asia;Chrysodeixis chalcites;Palearctic;2024;CAB International (CABI) (2024). CABI Invasive Species Compendium. Available at: https://www.cabidigitallibrary.org/product/QI
1183;0;Asia;Evergestis aenealis;Palearctic;2018;Alipanah, H., Khodadad, M., Rajaei, H. and Haseli, M. (2018). Taxonomic study of the genus Evergestis Hubner, 1825 (Lepidoptera: Crambidae: Glaphyriinae) in Iran with description of a new species. Zootaxa. 4420(1): 1-33
1184;0;Asia;Evergestis aenealis;Saharo-Arabian;2018;Alipanah, H., Khodadad, M., Rajaei, H. and Haseli, M. (2018). Taxonomic study of the genus Evergestis Hubner, 1825 (Lepidoptera: Crambidae: Glaphyriinae) in Iran with description of a new species. Zootaxa. 4420(1): 1-33
1185;0;Asia;Hadena compta;Palearctic;2007;Kravchenko, V., Fibiger, M., Mooser, J., Junnila, A. and Muller, G. C. (2007). The Hadeninae of Israel (Lepidoptera: Noctuidae). SHILAP Revista de lepidopterologia. 35(140): 441-454
1186;0;Asia;Hadena compta;Saharo-Arabian;2007;Kravchenko, V., Fibiger, M., Mooser, J., Junnila, A. and Muller, G. C. (2007). The Hadeninae of Israel (Lepidoptera: Noctuidae). SHILAP Revista de lepidopterologia. 35(140): 441-454
1187;0;Asia;Leucoptera malifoliella;Palearctic;2024;CAB International (CABI) (2024). CABI Invasive Species Compendium. Available at: https://www.cabidigitallibrary.org/product/QI
1188;0;Asia;Leucoptera malifoliella;Saharo-Arabian;2024;CAB International (CABI) (2024). CABI Invasive Species Compendium. Available at: https://www.cabidigitallibrary.org/product/QI
1189;0;Asia;Neurothaumasia ankerella;Saharo-Arabian;2015;Gaedike, R. (2015). Tineidae I: (Dryadaulinae, Hapsiferinae, Euplocaminae, Scardiinae, Nemapogoninae and Meessiinae). In: Nuss, M., Karsholt, O., Mutanen, M. (Eds.). Microlepidoptera of Europe. Brill. Leiden, Netherlands.
1190;0;Asia;Papilio demoleus;Palearctic;2020;Riaz, S., Johnson, J., Rasheed, T. and Wiemers, M. (2020). Morphology, life cycle and management of two invasive subspecies of Papilio demoleus (Lepidoptera: Papilionidae): A review. Journal of Applied Entomology. 144: 845‚Äì856
1191;0;Asia;Arenipses sabella;Palearctic;2008;Aldryhim, Y. (2008). Greater Date Moth, Arenipses sabella Hmps. (Lepidoptera: Pyralidae). In: Capinera, J.L. (eds) Encyclopedia of Entomology. Springer, Dordrecht. pp 1716‚Äì1717
1192;0;Asia;Arenipses sabella;Saharo-Arabian;2008;Aldryhim, Y. (2008). Greater Date Moth, Arenipses sabella Hmps. (Lepidoptera: Pyralidae). In: Capinera, J.L. (eds) Encyclopedia of Entomology. Springer, Dordrecht. pp 1716‚Äì1717
1193;0;Asia;Ectomyelois ceratoniae;Palearctic;2024;CAB International (CABI) (2024). CABI Invasive Species Compendium. Available at: https://www.cabidigitallibrary.org/product/QI
1194;0;Asia;Ectomyelois ceratoniae;Saharo-Arabian;2024;CAB International (CABI) (2024). CABI Invasive Species Compendium. Available at: https://www.cabidigitallibrary.org/product/QI
1195;0;Asia;Archips xylosteana;Saharo-Arabian;2024;CAB International (CABI) (2024). CABI Invasive Species Compendium. Available at: https://www.cabidigitallibrary.org/product/QI
1196;0;Asia;Garella musculana;Palearctic;2018;Yildiz, Y., Yildirim, I., Bostanci, C. and Aydogan, O. (2018). Erschoviella musculana Erschoff 1874, a new record and a new walnut pest in Turkey. Journal of Bartin Faculty of Forestry. 20(2): 296-302
1197;0;Asia;Pelochrista medullana;Palearctic;2005;Zhang, A. and Li, H. (2005). Catalogue of Eucosmini from China (Lepidoptera: Tortricidae). SHILAP Revista de lepidopterologia. 33(131): 265-298
1198;0;Asia;Pelochrista medullana;Saharo-Arabian;2005;Zhang, A. and Li, H. (2005). Catalogue of Eucosmini from China (Lepidoptera: Tortricidae). SHILAP Revista de lepidopterologia. 33(131): 265-298
1199;0;Asia;Batrachedra amydraula;Palearctic;1978;Carpenter, J., McMillen, J., Wengert, E. and Elmer, H. (1978). Pests and diseases of the date palms. Agriculture Handbook. 524:1-40
1200;0;Asia;Batrachedra amydraula;Saharo-Arabian;1978;Carpenter, J., McMillen, J., Wengert, E. and Elmer, H. (1978). Pests and diseases of the date palms. Agriculture Handbook. 524:1-40
1201;0;Asia;Cnephasia pasiuana;Palearctic;2019;Alipanah, H. (2019). An overview of the tribe Cnephasiini (Lepidoptera: Tortricidae: Tortricinae) of Iran with description of a new species. Zootaxa. 4661(3): 501-521
1202;0;Asia;Bradyrrhoa gilveolella;Saharo-Arabian;2000;Littlefield, J., Birdsall, J., Helsley, J. and Markin, G. (2000). A petition for the introduction and field release of the Chondrilla root moth, Bradyrrhoa gilveolella (Treitschke), for the biological control of rush skeletonweed in North America. USDA-APHIS Biological Control of Weeds Petition.
1203;0;Asia;Ascalenia acaciella;Palearctic;2006;Koster, S. and Sammut, P. (2006). Faunistic notes on Momphidae, Batrachedridae, Stathmopodidae and Cosmopterigidae from the Maltese Islands. Nota lepidopterologica. 29(1): 49
1204;0;Asia;Garella musculana;Palearctic;2023;Scaccini, D., Bramuzzo, D., Bostanci, C., Faccoli, M., Martinez-Sanudo, I., Matov, A., ... and Pozzebon, A. (2023). First report of Garella musculana (Erschov, 1874) (Lepidoptera: Nolidae) in Italy with insights into its identity. Journal of Applied Entomology. 147: 239-243
1205;0;Asia;Acleris variegana;Palearctic;2009;Alipanah, H. (2009). A brief study on the tribes Tortricini and Archipini (Lepidoptera: Tortricinae) from Iran. Entomofauna. 10: 137-152
1206;0;Asia;Archips xylosteana;Palearctic;2008;Hoebeke, E., Wheeler, A. and Brown, J. (2008). Archips xylosteana (L.)(Lepidoptera: Tortricidae), a palearctic leafroller new to North America. Proceedings of the Entomological Society of Washington. 110(3): 789-795
1207;0;Asia;Archips xylosteana;Saharo-Arabian;2008;Hoebeke, E., Wheeler, A. and Brown, J. (2008). Archips xylosteana (L.)(Lepidoptera: Tortricidae), a palearctic leafroller new to North America. Proceedings of the Entomological Society of Washington. 110(3): 789-795
1208;0;Asia;Athrips rancidella;Palearctic;2005;Bidzilya, O. (2005) A review of the genus Athrips (Lepidoptera, Gelechiidae) in the Palaearctic region. Deutsche Entomologische Zeitschrift. 52(1): 3-72
1209;0;Asia;Athrips rancidella;Saharo-Arabian;2005;Bidzilya, O. (2005) A review of the genus Athrips (Lepidoptera, Gelechiidae) in the Palaearctic region. Deutsche Entomologische Zeitschrift. 52(1): 3-72
1210;0;Asia;Grapholita delineana;Palearctic;2012;Byun, B., Lee, B., Bae, K. and Lee, K. (2012). A review of the genus Grapholita (Lepidoptera, Tortricidae) in North Korea. Animal Systematics, Evolution and Diversity. 28(4): 291-296
1211;0;Asia;Grapholita delineana;Saharo-Arabian;2012;Byun, B., Lee, B., Bae, K. and Lee, K. (2012). A review of the genus Grapholita (Lepidoptera, Tortricidae) in North Korea. Animal Systematics, Evolution and Diversity. 28(4): 291-296
1212;0;Asia;Hedya salicella;Saharo-Arabian;2017;Maharramova, S. and Ayberk, H. (2017). New records of leafrollers reared in Azerbaijan (Lepidoptera: Tortricidae). Linz Biol Beitr. 49(1): 677-686
1213;0;Asia;Notocelia cynosbatella;Palearctic;2012;Trematerra, P. (2012). Notes on some Lepidoptera Tortricidae from Central Asia. Journal of Entomological and Acarological Research. 44: e1
1214;0;Asia;Notocelia cynosbatella;Saharo-Arabian;2012;Trematerra, P. (2012). Notes on some Lepidoptera Tortricidae from Central Asia. Journal of Entomological and Acarological Research. 44: e1
1215;0;Asia;Chiasmia aestimaria;Saharo-Arabian;2024;de Prins J. and de Prins W. (2024). Afromoths, online database of Afrotropical moth species (Lepidoptera). Available at: http://www.afromoths.net
1216;0;Asia;Iphiclides podalirius;Saharo-Arabian;2014;van Swaay, C., Wynhoff, I., Wiemers, M., Katbeh-Bader, A., Power, A., Benyamini, D., ... and Beshkov, S. (2014). Iphiclides podalirius (Mediterranean assessment). The IUCN Red List of Threatened Species 2014: e.T174405A53719929
1217;0;Asia;Thaumetopoea pityocampa;Saharo-Arabian;2024;CAB International (CABI) (2024). CABI Invasive Species Compendium. Available at: https://www.cabidigitallibrary.org/product/QI
1218;0;Asia;Deudorix livia;Saharo-Arabian;2005;Gong, C. (2005) The first record of the Eremic Lycaenid Deudorix livia (Klug, 1834) in Europe. Atalanta, 36(1): 109-112
1219;0;Asia;Vanessa cardui;Saharo-Arabian;2020;Walker, A. and Coetzer, A. (2020). Vanessa cardui. The IUCN Red List of Threatened Species 2020: e.T174379A161326679.
1220;0;Asia;Argyresthia pruniella;Saharo-Arabian;2024;CAB International (CABI) (2024). CABI Invasive Species Compendium. Available at: https://www.cabidigitallibrary.org/product/QI
1221;0;Asia;Helicoverpa armigera;Saharo-Arabian;2017;Tay, W., Walsh, T., Downes, S., Anderson, C., Jermiin, L., Wong, T., ... and Gordon, K. (2017). Mitochondrial DNA and trade data support multiple origins of Helicoverpa armigera (Lepidoptera, Noctuidae) in Brazil. Scientific Reports. 7: 45302
1222;0;Europe;Cosmopterix pulchrimella;Palearctic;2002;Bernardo, U. and Viggiani, G. (2002). Notizie biologiche sul Necremnus tidius (Walker)(Hymenoptera: Eulophidae), ectoparassitoide di Cosmopterix pulchrimella Chambers (Lepidoptera: Cosmopterigidae). Bollettino del Laboratorio di Entomologia Agraria Filippo Silvestri, 58: 87-92
1223;0;Europe;Zygaena orana;Palearctic;2010;Dapporto, L. and Dennis, R. (2010). Skipper impoverishment on large West Mediterranean islands (Lepidoptera Hesperioidea): deterministic, historical and stochastic factors. Biodiversity and conservation. 19: 2637-2649
1224;0;North America;Azeta repugnalis;Panamanian;2002;Barnes, M. (2002). A preliminary illustrated catalogue of the larger moths of Jamaica. Available at: http://www.mbarnes.force9.co.uk/jamaicamoths/jamaicahome.htm
1225;0;North America;Achroia grisella;Panamanian;1996;Clarke, J. (1986): Pyralidae and Microlepidoptera of the Marquesas Archipelago. Smithsonian Contributions to Zoology. 416: 1-485
1226;0;North America;Aglaonice hirtipalpis;Panamanian;2002;Barnes, M. (2002). A preliminary illustrated catalogue of the larger moths of Jamaica. Available at: http://www.mbarnes.force9.co.uk/jamaicamoths/jamaicahome.htm
1227;0;North America;Callopistria jamaicensis;Panamanian;1992;Frank, J. and McCoy, E. (1992). Introduction to the Behavioral Ecology of Immigration. The Immigration of Insects to Florida, with a Tabulation of Records Published Since 1970. The Florida Entomologist.75(1): 1-28
1228;0;Asia;Araschnia levana;Oriental;2009;Tolman, T. and Lewington, R. (2009). Collins Butterfly Guide. HarperCollins Publishers
1229;0;Asia;Artona funeralis;Oriental;1959;Tsutsumi, C. (1959). Structure, development and sting mechanism of the larval poison hair of Artona funeralis Butler (Lepidoptera: Zygaenidae). Japanese Journal of Medical Science and Biology, 12(6): 421-428
1230;0;Asia;Susumia exigua;Oriental;1988;Khan, Z., Barrion, A., Litsinger, J., Castilla, N. and Joshi, R. (1988). A bibliography of rice leaffolders (Lepidoptera: Pyralidae). International Journal of Tropical Insect Science, 9(2): 129-174
1231;0;Asia;Strepsicrates semicanella;Oriental;2005;Wakamura, S., Arakaki, N. and Kinjo, K. (2005). Sex pheromone components of an olethreutid moth, Strepsicrates semicanella (Walker)(Lepidoptera: Tortricidae), a pest of guava and eucalyptus in Okinawa. Applied entomology and zoology, 40(4): 637-642
1232;0;Asia;Milionia basalis;Oriental;1990;Lin, C.-C. (1990). Caterpillars feeding on Podocarpus in Taiwan. Bulletin of National Museum of Natural Science, 2: 261-272
1233;0;Asia;Dendrolimus spectabilis;Oriental;2022;EFSA Panel on Plant Health (PLH), Bragard, C., Baptista, P., Chatzivassiliou, E., Di Serio, F., Gonthier, P., ... and MacLeod, A. (2022). Pest categorisation of Dendrolimus spectabilis. EFSA Journal, 20(11): e07622
1234;0;Asia;Eurema mandarina;Oriental;2021;Kim, S., Choi, S., Park, J. and Kim, I. (2021). Current taxonomic status of Eurema mandarina (Pieridae: Lepidoptera) in Korea. International Journal of Industrial Entomology and Biomaterials, 43(1): 6-15
1235;0;Asia;Manatha taiwana;Oriental;2022;Poorani, J., Anuradha, C., Kalleshwaraswamy, C. and Thanigairaj, R. (2022). Manatha albipes Moore (Lepidoptera: Psychidae), an emerging pest of banana and arecanut in South India, with notes on diagnosis, biology, natural enemies and DNA sequence data. Phytoparasitica, 50: 101-115
1236;0;Asia;Artona funeralis;Sino-Japanese;1959;Tsutsumi, C. (1959). Structure, development and sting mechanism of the larval poison hair of Artona funeralis Butler (Lepidoptera: Zygaenidae). Japanese Journal of Medical Science and Biology, 12(6): 421-428
1237;0;Asia;Susumia exigua;Sino-Japanese;1988;Khan, Z., Barrion, A., Litsinger, J., Castilla, N. and Joshi, R. (1988). A bibliography of rice leaffolders (Lepidoptera: Pyralidae). International Journal of Tropical Insect Science, 9(2): 129-174
1238;0;Asia;Tiracola plagiata;Sino-Japanese;2024;Holloway, J. (2024). Moths of Borneo 12. Family Notuidae, Trifine. Subfamilies: Noctuinae, Heliothinae, Hadeninae, Acronictinae, Amphipyrinae, Agaristinae. Southdene Sdn. Available at: https://www.mothsofborneo.com/part-12/index.htm
1239;0;Asia;Strepsicrates semicanella;Sino-Japanese;2005;Wakamura, S., Arakaki, N. and Kinjo, K. (2005). Sex pheromone components of an olethreutid moth, Strepsicrates semicanella (Walker)(Lepidoptera: Tortricidae), a pest of guava and eucalyptus in Okinawa. Applied entomology and zoology, 40(4): 637-642
1240;0;Asia;Milionia basalis;Sino-Japanese;1990;Lin, C.-C. (1990). Caterpillars feeding on Podocarpus in Taiwan. Bulletin of National Museum of Natural Science, 2: 261-272
1241;0;Asia;Parnara guttatus;Sino-Japanese;2024;Inayoshi, Y. (2024). A Check List of Butterflies in Indo-China - Chiefly from Thailand, Laos and Vietnam. Available at: https://yutaka.it-n.jp/index.html
1242;0;Asia;Stathmopoda auriferella;Oriental;2018;Park, K., Cho, S., Na, S., Shin, Y. and Kim, S. (2018). Genus Stathmopoda Herrich-Shaffer (Lepidoptera, Stathmopodidae) from the Korean Peninsula with two new species. Journal of Asia-Pacific Biodiversity, 11(2): 259-266
1243;0;Asia;Stathmopoda auriferella;Sino-Japanese;2018;Park, K., Cho, S., Na, S., Shin, Y. and Kim, S. (2018). Genus Stathmopoda Herrich-Shaffer (Lepidoptera, Stathmopodidae) from the Korean Peninsula with two new species. Journal of Asia-Pacific Biodiversity, 11(2): 259-266
1244;0;Asia;Leucania striata;Oriental;1987;Yoshimatsu, S. (1987). Taxonomic study on Leucania striata Leech and its close relatives, with a description of a new species (Lepidoptera, Noctuidae). Lepidoptera Science. 38(2): 57-67
1245;0;Asia;Leucania striata;Sino-Japanese;1987;Yoshimatsu, S. (1987). Taxonomic study on Leucania striata Leech and its close relatives, with a description of a new species (Lepidoptera, Noctuidae). Lepidoptera Science. 38(2): 57-67
1246;0;Asia;Promalactis suzukiella;Oriental;2009;Adamski, D., Hevel, G. and Pultyniewicz, A. (2009). Redescription and immature stages of Promalactis suzukiella (Matsumura)(Gelechioidea: Oecophoridae), a new introduction into the United States. Proceedings of the Entomological Society of Washington. 111(1): 204-214
1247;0;Asia;Promalactis suzukiella;Sino-Japanese;2009;Adamski, D., Hevel, G. and Pultyniewicz, A. (2009). Redescription and immature stages of Promalactis suzukiella (Matsumura)(Gelechioidea: Oecophoridae), a new introduction into the United States. Proceedings of the Entomological Society of Washington. 111(1): 204-214
1248;0;Asia;Scardia amurensis;Sino-Japanese;2016;Osada, Y., Sakai, M. and Hirowatari, T. (2016). A review of the Japanese species of the genus Scardia Treitschke (Lepidoptera, Tineidae), with description of a new species. Zootaxa. 4079(3): 363-371
1249;0;Asia;Stenolechia bathrodyas;Sino-Japanese;1994;Park, K. (1994). Notes on Chorivalva and Stenolechia species in Korea, with new synonyms (Lepidoptera, Gelechiidae). Nota. Lepiderologica. 16(3): 281-289
1250;0;Asia;Leucoptera sinuella;Oriental;1964;Kuroko, H. (1964). Revisional studies on the family Lyonetiidae of Japan (Lepidoptera). ESAKIA. 4: 1-61
1251;0;Asia;Rhynchopalpus brunella;Palearctic;2019;Joshi, R., Singh, N. and Laszlo, G. (2019). An updated checklist of subfamily Nolinae (Lepidoptera, Nolidae) from India. Records of the Zoological Survey of India. 119(3): 263-281
1252;0;Asia;Archips fuscocupreanus;Sino-Japanese;2024;CAB International (CABI) (2024). CABI Invasive Species Compendium. Available at: https://www.cabidigitallibrary.org/product/QI
1253;0;Asia;Apamea remissa;Sino-Japanese;1994;Donald, J. (1994). Apamea unamis (Hubner) (Noctuidae: Amphipyrinae). Journal of the Lepidopterists Society, 48(2), 121-127
1254;0;Asia;Argyresthia laevigatella;Sino-Japanese;1969;Moriuti, S. (1969). Argyresthiidae (Lepidoptera) of Japan.¬†Bulletin of the University of Osaka Prefecture. 1-50
1255;0;Asia;Aproaerema anthyllidella;Sino-Japanese;2023;Karsholt, O., Baldizzone, G. and Gomboc, S. (2023). Overview of the Gelechiidae Moths (Lepidoptera) of Krk Island, Croatia: Diversity, Distribution and Ecological Insights. GORTANIA Botanica, Zoologia. 45: 95-124
1256;0;Asia;Dendrolimus superans;Sino-Japanese;2018;Jeong, J., Kim, M., Kim, S., Choi, S. and Kim, I. (2018). DNA data and morphology suggest an occurrence of Dendrolimus sibiricus Tschetverikov, 1908 (Lepidoptera: Lasiocampidae) instead of D. superans Butler, 1877, in South Korea. Entomological Research. 48(2): 108-121
1257;0;Asia;Eupithecia abietaria;Sino-Japanese;2021;Knyazev, S. and Mironov, V. (2021). Additions to the Catalogue of Lepidoptera of Omsk Region of Russia. Part 2: Eupithecia Curtis, 1825 (Lepidoptera: Geometridae). SHILAP Revista de lepidopterologia. 49(195): 563-568
1258;0;Asia;Eupithecia lariciata;Sino-Japanese;2014;Mironov, V. and Galsworthy, A. (2014). A survey of Eupithecia Curtis, 1825 (Lepidoptera, Geometridae, Larentiinae) in Mongolia with descriptions of two new species. Zootaxa. 3774(2): 101-130
1259;0;Asia;Ocnerostoma friesei;Sino-Japanese;1990;Koster, J. (1990). Het geslacht Ocnewstoma in Nederland (Lepidoptera: Yponomeutidae). Entomologische berichten. 50 (11): 149-153.
1260;0;Asia;Palpita vitrealis;Sino-Japanese;2012;Yilmaz, C. and Genc, H. (2012). Determination of the life cycle of the Olive Fruit Leaf Moth, Palpita unionalis (Lepidoptera: Pyralidae) in the laboratory. Florida Entomologist. 95: 162-170
1261;0;Asia;Ptycholomoides aeriferana;Sino-Japanese;2003;Byun, B., Yan, S. and Ll, C. (2003). Revision of Tribe Archipini (Tortricidae: Tortricinae) in Northeast. Journal of Forestry Research. 14(2): 93-102
1262;0;Asia;Carposina sasakii;Sino-Japanese;2024;CAB International (CABI) (2024). CABI Invasive Species Compendium. Available at: https://www.cabidigitallibrary.org/product/QI
1263;0;Asia;Elophila melagynalis;Sino-Japanese;1985;Yoshiyasu, Y. (1985). A Systematic Study of the Nymphulinae and the Musotiminae of Japan (Lepidoptera: Pyralidae). Scienctific Reports of the Kyoto Prefectural University: Agriculture. 37: 1‚Äì162
1264;0;Asia;Lateroligia ophiogramma;Sino-Japanese;2011;Neil, K. (2011). Lateroligia ophiogramma (Esper)(Lepidoptera: Erebidae) in Nova Scotia, Canada. Journal of the Acadian Entomological Society. 7:102-104
1265;0;Asia;Achroia grisella;Sino-Japanese;1996;Clarke, J. (1986): Pyralidae and Microlepidoptera of the Marquesas Archipelago. Smithsonian Contributions to Zoology. 416: 1-485
1266;0;Asia;Papilio polytes;Sino-Japanese;2013;"Halloran, K. and Wason, E. (2013). ""Papilio polytes"" (On-line), Animal Diversity Web. University of Michigan. Michigan, United States of America. Available at: https://animaldiversity.org/accounts/Papilio_polytes/"
1267;0;Asia;Chrysaster hagicola;Sino-Japanese;1961;Kumata, T. (1961). Descriptions of a new genus and a new species of Gracillariidae from Japan (Lepidoptera). Insecta matsumurana. 24(1): 52-56
1268;0;Asia;Caloptilia azaleella;Sino-Japanese;2011;Sugiura, S. (2011). Structure and dynamics of the parasitoid community shared by two herbivore species on different host plants. Arthropod-Plant Interactions. 5: 29-38
1269;0;Asia;Acrolepiopsis sapporensis;Sino-Japanese;2007;Landry, J. (2007). Taxonomic review of the leek moth genus Acrolepiopsis (Lepidoptera: Acrolepiidae) in North America. The Canadian Entomologist. 139: 319-353
1270;0;Asia;Rhynchopalpus brunella;Sino-Japanese;2019;Joshi, R., Singh, N. and Laszlo, G. (2019). An updated checklist of subfamily Nolinae (Lepidoptera, Nolidae) from India. Records of the Zoological Survey of India. 119(3): 263-281
1271;0;Asia;Antheraea yamamai;Sino-Japanese;2012;Kundu, S., Kundu, B., Talukdar, S., Bano, S., Nayak, S., Kundu, J., ... and Ghosh, A. (2012), Nonmulberry silk biopolymers. Biopolymers. 97: 455-467
1272;0;Asia;Phyllonorycter issikii;Sino-Japanese;2024;CAB International (CABI) (2024). CABI Invasive Species Compendium. Available at: https://www.cabidigitallibrary.org/product/QI
1273;0;Asia;Parapoynx crisonalis;Sino-Japanese;2017;Chen, Q., Li, N., Wang, X., Ma, L., Huang, J. and Huang, G. (2017). Age-stage, two-sex life table of Parapoynx crisonalis (Lepidoptera: Pyralidae) at different temperatures. PloS one. 12(3): e0173380
1274;0;Asia;Autosticha kyotensis;Sino-Japanese;2023;Kim, S., Han, T. and Park, K. (2023). One Newly Recorded Species, Autosticha kyotensis (Lepidoptera: Autostichidae) from Korea with a World Checklist of the Genus. Korean Journal of Applied Entomology. 62(2):61-67
1275;0;Asia;Cnephasia asseclana;Sino-Japanese;2021;Goglia, L. (2021). Faunistic Notes on Lepidoptera Tortricidae from Calabria (South Italy) - Contribution to the knowledge of the Lepidoptera Tortricidae fauna of Mediterranean ecosystems. [PhD Thesis, Universita degli Studi della Tuscia and Universita degli Studi del Molise]
1276;0;Asia;Hydraecia micacea;Sino-Japanese;2020;Weihrauch, F. (2020). Rosy rustic moth as a hop pest in the Hallertau: History and current situation. Mitteilungen der Deutschen Gesellschaft fur Allgemeine und Angewandte Entomologie. 22: 125-128
1277;0;Asia;Pandemis heparana;Sino-Japanese;1982;Gillespie, D. and Gillespie, B. (1982). A list of plant-feeding Lepidoptera introduced into British Columbia. Journal of the Entomological Society of British Columbia.  79: 37-54
1278;0;Asia;Arcte coerula;Sino-Japanese;2022;Au, M. and Wright, M. (2022). Ramie Moth, Arcte coerula (Lepidoptera: Noctuidae): A New Invasive Pest in Hawaii on Endemic Plants. Proceedings of the Hawaiian Entomological Society. 54: 63-76
1279;0;Asia;Zizina otis;Sino-Japanese;2017;Mengal, F., Khan, I., Rafi, M., Durrani, S., Qasim, M., Makai, G., ... and Jajja, N. (2017). Faunistics of Butterflies (Lepidoptera: Rephalocera) with some new records from Quetta, Bolochistan, Pakistan. University of Sindh Journal of Animal Sciences. 3(1): 26-35
1280;0;Asia;Zizina otis;Sino-Japanese;2008;Yago, M., Hirai, N., Kondo, M., Tanikawa, T., Ishii, M., Wang, M., ... and Ueshima, R. (2008). Molecular systematics and biogeography of the genus Zizina (Lepidoptera: Lycaenidae). Zootaxa. 1746(1): 15-38
1281;0;Asia;Lamprosema chagosalis;Sino-Japanese;2015;Hayden, J. and Troubridge, J. (2015). Nacoleia charesalis (Walker) spreading in Florida. News of the Lepidopterists Society. 57(1): 8-10
1282;0;Asia;Dendrolimus sibiricus;Palearctic;2020;Flo, D., Rafoss, T., Wendell, M. and Sundheim, L. (2020). The Siberian moth (Dendrolimus sibiricus), a pest risk assessment for Norway. Forest Ecosystems. 7: 1-11
1283;0;Asia;Dendrolimus sibiricus;Palearctic;2018;Jeong, J., Kim, M., Kim, S., Choi, S. and Kim, I. (2018). DNA data and morphology suggest an occurrence of Dendrolimus sibiricus Tschetverikov, 1908 (Lepidoptera: Lasiocampidae) instead of D. superans Butler, 1877, in South Korea. Entomological Research. 48(2): 108-121
1284;0;Asia;Eupithecia indigata;Palearctic;2021;Knyazev, S. and Mironov, V. (2021). Additions to the Catalogue of Lepidoptera of Omsk Region of Russia. Part 2: Eupithecia Curtis, 1825 (Lepidoptera: Geometridae). SHILAP Revista de lepidopterologia. 49(195): 563-568
1285;0;Asia;Phyllonorycter comparella;Palearctic;2017;Kirichenko, N., Akulov, E., Triberti, P. and Ponomarenko, M. (2017). New records of the leaf mining Gracillariid moths (Lepidoptera: Gracillariidae) from Asian part of Russia. Far Eastern Entomologist. 346: 1-12
1286;0;Asia;Lymantria monacha;Palearctic;2024;CAB International (CABI) (2024). CABI Invasive Species Compendium. Available at: https://www.cabidigitallibrary.org/product/QI
1287;0;Asia;Eucosma cana;Palearctic;2005;Zhang, A. and Li, H. (2005). Catalogue of Eucosmini from China (Lepidoptera: Tortricidae). SHILAP Revista de lepidopterologia. 33(131): 265-298
1288;0;Asia;Danaus plexippus;Palearctic;2022;Walker, A., Oberhauser, K., Pelton, E. and Pleasants, J. (2022). Danaus plexippus (errata version published in 2022). The IUCN Red List of Threatened Species 2022: e.T159971A219149911
1289;0;Asia;Clepsis spectrana;Palearctic;1996;Dang, P., Duncan, R. and Fitzpatrick, S. (1996). Occurrence of two palaearctic species of Clepsis Guenee, C. spectrana Treitshcke and C. consimilana (Huebner)(Tortricidae), in British Columbia, Canada. Journal of The Lepidopterist Society. 50: 321-328
1290;0;Asia;Cnephasia stephensiana;Palearctic;2021;Goglia, L. (2021). Faunistic Notes on Lepidoptera Tortricidae from Calabria (South Italy) - Contribution to the knowledge of the Lepidoptera Tortricidae fauna of Mediterranean ecosystems. [PhD Thesis, Universita degli Studi della Tuscia and Universita degli Studi del Molise]
1291;0;Asia;Enarmonia formosana;Palearctic;2024;CAB International (CABI) (2024). CABI Invasive Species Compendium. Available at: https://www.cabidigitallibrary.org/product/QI
1292;0;Asia;Anania hortulata;Palearctic;2019;Yang, Z. and Landry, J.-F. (2019). Allopatric separation represents an overlooked cryptic species in the Anania hortulata species complex (Lepidoptera: Crambidae: Pyraustinae): congruence between genetic and morphological evidence. The Canadian Entomologist. 00: 1-24
1293;0;Asia;Phyllonorycter blancardella;Palearctic;2007;Triberti, P. (2007). The Phyllonorycter species from Palaearctic Region feeding on Rosaceae (Lepidoptera, Gracillariidae). Bollettino del Museo Civico di Storia Naturale di Verona. 31: 147-221
1294;0;Africa;Earias ansorgei;Afrotropical;1969;Howarth, T. (1969). Some African Nymphalidae (Lepidoptera). Proceedings of the Royal Entomological Society of London. Series B, Taxonomy. 38(11): 141-156
1295;0;Africa;Herpetogramma basalis;Afrotropical;2018;Poltavsky, A., Kravchenko, V., Traore, M., Traore, S., Gergely, P., Witt, T., ... and Muller, G. (2018). The Pyraloidea (Lepidoptera) fauna of the woody savannah belt in Mali, West Africa. Zootaxa. 4457(1): 39-69
1296;0;Africa;Epichoristodes acerbella;Afrotropical;2006;Glavendekic, M. (2006). Epichoristodes acerbella (Walker)(Lepidoptera: Tortricidae): a new species in the fauna of Serbia. Acta Entomologica Serbica. 11(1): 77-81
1297;0;Africa;Melittia oedipus;Afrotropical;1995;Eichlin, T. (1995). New Data and a Redescription for Melittia oedipus, na African Vine Borer (Lepidoptera: Sesiidae). Tropical Lepidoptera 6(1): 47-51
1298;0;Asia;Cnaphalocrocis medinalis;Palearctic;2023;Gao, L., Yan, R., He, W. and Wu, K. (2023). Use of food attractant to monitor and forecast population dynamics of Cnaphalocrocis medinalis (Lepidoptera: Pyralidae), a long-distance migratory pest. Agronomy, 13(8): 2141
1299;0;Asia;Eumeta variegatus;Palearctic;2018;Jeong, J., Kim, M., Kim, S. and Kim, I. (2018). Complete mitochondrial genome of the female-wingless bagworm moth, Eumeta variegata Snellen, 1879 (Lepidoptera: Psychidae). Mitochondrial DNA Part B, 3(2): 1037-1039
1300;0;Asia;Eurema mandarina;Palearctic;2021;Kim, S., Choi, S., Park, J. and Kim, I. (2021). Current taxonomic status of Eurema mandarina (Pieridae: Lepidoptera) in Korea. International Journal of Industrial Entomology and Biomaterials, 43(1): 6-15
1301;0;Asia;Stathmopoda auriferella;Palearctic;2018;Park, K., Cho, S., Na, S., Shin, Y. and Kim, S. (2018). Genus Stathmopoda Herrich-Shaffer (Lepidoptera, Stathmopodidae) from the Korean Peninsula with two new species. Journal of Asia-Pacific Biodiversity, 11(2): 259-266
1302;0;Asia;Promalactis suzukiella;Palearctic;2009;Adamski, D., Hevel, G. and Pultyniewicz, A. (2009). Redescription and immature stages of Promalactis suzukiella (Matsumura)(Gelechioidea: Oecophoridae), a new introduction into the United States. Proceedings of the Entomological Society of Washington. 111(1): 204-214
1303;0;Asia;Stenolechia bathrodyas;Palearctic;1994;Park, K. (1994). Notes on Chorivalva and Stenolechia species in Korea, with new synonyms (Lepidoptera, Gelechiidae). Nota. Lepiderologica. 16(3): 281-289
1304;0;Asia;Anomis privata;Palearctic;1996;Kononenko, V., Ahn, S. and Ronkay, L. (1998). Illustrated catalogue of Noctuidae in Korea (Lepidoptera). Insect of Korea. Series 3. Korea Research Institute of Bioscience and Biotechnology : Center for Insect Systematics
1305;0;Asia;Archips fuscocupreanus;Palearctic;2024;CAB International (CABI) (2024). CABI Invasive Species Compendium. Available at: https://www.cabidigitallibrary.org/product/QI
1306;0;Asia;Actias selene;Palearctic;2007;Choldumrongkul, S., Tubtim, N. and Ratanachan, S. (2007). Geographical distribution and status of Actias Moths in Thailand. Walailak Journal of Science and Technology (WJST). 4(2): 203-213
1307;0;Asia;Aproaerema anthyllidella;Palearctic;2023;Karsholt, O., Baldizzone, G. and Gomboc, S. (2023). Overview of the Gelechiidae Moths (Lepidoptera) of Krk Island, Croatia: Diversity, Distribution and Ecological Insights. GORTANIA Botanica, Zoologia. 45: 95-124
1308;0;Asia;Choristoneura lafauryana;Palearctic;2003;Byun, B., Yan, S. and Ll, C. (2003). Revision of Tribe Archipini (Tortricidae: Tortricinae) in Northeast. Journal of Forestry Research. 14(2): 93-102
1309;0;Asia;Deilephila elpenor;Palearctic;2013;Hanif, H., Khan, S., Khan, M. and Raza, M. (2013). First record of Deilephila elpenor L. moth from Chakwal Punjab Pakistan. International Journal of Fauna and Biological Studies. 3(2): 10-13
1310;0;Asia;Hypolimnas misippus;Palearctic;2021;Coetzer, A. and Westrip, J. (2021). Hypolimnas misippus. The IUCN Red List of Threatened Species 2021: e.T62148588A161331411
1311;0;Asia;Lymantria mathura;Palearctic;2024;CAB International (CABI) (2024). CABI Invasive Species Compendium. Available at: https://www.cabidigitallibrary.org/product/QI
1312;0;Asia;Ostrinia furnacalis;Palearctic;1991;Nafus, D. and Schreiner, I. (1991). Review of the biology and control of the Asian corn borer, Ostrinia furnacalis (Lep: Pyralidae). International Journal of Pest Management. 37(1): 41-56
1313;0;Asia;Phalanta phalantha;Palearctic;2021;Westrip, J. (2021). Phalanta phalantha (errata version published in 2022). The IUCN Red List of Threatened Species 2021: e.T162638397A223003677
1314;0;Asia;Neptis rivularis;Palearctic;2024;Maletzki, M., Das, G., Hajkova, K., Kovarova, P., Perlik, M., Sbaraglia, C., ... and Konvicka, M. (2024). Wetland butterfly thriving in abandoned jungle: Neptis rivularis in the Czech Republic. The Science of Nature. 111: 34
1315;0;Asia;Orgyia thyellina;Palearctic;2003;Hosking, G., Clearwater, J., Handiside, J., Kay, M., Ray, J. and Simmons, N. (2003) Tussock moth eradication - a success story from New Zealand, International Journal of Pest Management. 49(1): 17-24
1316;0;Asia;Spodoptera litura;Palearctic;2019;Jung, J., Byeon, D., Jung, S. and Lee, W. (2019). Effect of climate change on the potential distribution of the common cutworm (Spodoptera litura) in South Korea. Entomological Research. 49(12): 519-528
1317;0;Asia;Sinica sinica;Palearctic;2006;Schultz, P., Day, E., Bordas, A. and Bean, R. (2006). Biology and Distribution of Pryeria sinica, a New Pest of Euonymus Found in Virginia and Maryland. Plant Health Progress. 7(1): 49
1318;0;Asia;Grapholita dimorpha;Palearctic;2015;Lee, S., Choi, K., Back, C., Choi, K., Kang, I., Jung, H. and Ohga, S. (2015). Distinction of Grapholita molesta Busck and Grapholita dimorpha Komai larvae based on morphological feature of anal prolegs. Journal of the Faculty of Agriculture Kyushu University. 60(2): 291‚Äì295
1319;0;Asia;Hestina assimilis;Palearctic;2011;Nakamura, Y. (2011). Conservation of butterflies in Japan: status, actions and strategy. Journal of Insect Conservation. 15(1): 5-22
1320;0;Asia;Sericinus montela;Palearctic;2017;Hashimoto, K. and Ohgushi, T. (2017). How do two specialist butterflies determine growth and biomass of a shared host plant? Population Ecology. 59: 17‚Äì27
1321;0;Asia;Papilio xuthus;Palearctic;2024;Inayoshi, Y. (2024). A Check List of Butterflies in Indo-China - Chiefly from Thailand, Laos and Vietnam. Available at: https://yutaka.it-n.jp/index.html
1322;0;Asia;Vanessa cardui;Palearctic;2020;Walker, A. and Coetzer, A. (2020). Vanessa cardui. The IUCN Red List of Threatened Species 2020: e.T174379A161326679.
1323;0;Asia;Chilo suppressalis;Palearctic;2024;CAB International (CABI) (2024). CABI Invasive Species Compendium. Available at: https://www.cabidigitallibrary.org/product/QI
1324;0;Asia;Bactra venosana;Palearctic;2015;Sohn, J., Park, K. and Cho, S. (2015). Seven species of Olethreutinae (Lepidoptera: Tortricidae) new to Korea. Journal of Asia-Pacific Biodiversity. 8(2): 133-138
1325;0;Asia;Hypena strigatus;Palearctic;2013;Kononenko, V. and Pinratana, A. (2013). Moths of Thailand. Noctuoidea. An illustrated Catalogue of Erebidae, Nolidae, Euteliidae and Noctuidae (Insecta, Lepidoptera) in Thailand. Brothers of St. Gabriel in Thailand. Bangkok.
1326;0;Asia;Antheraea yamamai;Palearctic;2015;Nahirnic, A. and Stoyan, B. (2015). The first report of Japanese oak silkmoth Antheraea yamamai (Guerin-Meneville, 1861)(Lepidoptera: Saturniidae) in Montenegro. ZooNotes. 82: 1-4
1327;0;Asia;Cydalima perspectalis;Palearctic;2024;CAB International (CABI) (2024). CABI Invasive Species Compendium. Available at: https://www.cabidigitallibrary.org/product/QI
1328;0;Asia;Phyllonorycter issikii;Palearctic;2024;CAB International (CABI) (2024). CABI Invasive Species Compendium. Available at: https://www.cabidigitallibrary.org/product/QI
1329;0;Asia;Archips oporana;Palearctic;2007;Khramov, P. (Ed.) (2007). Insecta.pro: international entomological community. Available online at: https://insecta.pro
1330;0;Asia;Autosticha kyotensis;Palearctic;2023;Kim, S., Han, T. and Park, K. (2023). One Newly Recorded Species, Autosticha kyotensis (Lepidoptera: Autostichidae) from Korea with a World Checklist of the Genus. Korean Journal of Applied Entomology. 62(2):61-67
1331;0;Asia;Monema flavescens;Palearctic;2024;EFSA Panel on Plant Health (PLH), Bragard, C., Baptista, P., Chatzivassiliou, E., Di Serio, F., Gonthier, P., ... and MacLeod, A. (2024). Pest categorisation of Monema flavescens. EFSA Journal. 22(7): e8831
1332;0;Asia;Monema flavescens;Palearctic;2013;Shibasaki, H., Yamamoto, M., Yan, Q., Naka, H., Suzuki, T. and Ando, T. (2013). Identification of the sex pheromone secreted by a nettle moth, Monema flavescens, using gas chromatography/Fourier transform infrared spectroscopy. Journal of chemical ecology. 39: 350-357
1333;0;Asia;Cymolomia hartigiana;Palearctic;2004;Bong-Kyu, B., Cheng-de, L. and Li-zhi, Z. (2004). Cymolomia hartigiana (Saxesen, 1840)(Lepidoptera: Tortricidae) attacking to Abies nephrolepis max. new to Daxinganling, Heilongjiang, China. Journal of Forestry Research. 15(1): 67-68
1334;0;Asia;Leucoma salicis;Palearctic;1956;Kumata, T. (1956). A revision of the Japanese species of the genus Leucoma Stephens (Lepidoptera, Lymantriidae). Insecta matsumurana. 20(3): 107-113
1335;0;Asia;Notocelia rosaecolana;Palearctic;2013;Byun, B., Lee, B., Bae, K. and Choi, J. (2013). Two unrecorded species of Tortricidae (Lepidoptera) from North Korea, with notes on collection localities of North Korean Tortricids deposited at the Hungarian Natural History Museum. Korean journal of applied entomology. 52(1): 53-59
1336;0;Asia;Pandemis heparana;Palearctic;1982;Gillespie, D. and Gillespie, B. (1982). A list of plant-feeding Lepidoptera introduced into British Columbia. Journal of the Entomological Society of British Columbia.  79: 37-54
1337;0;Asia;Crocidophora butleri;Palearctic;2019;Lee, T., Ko, J., Lee, D., Kim, H., Cha, Y., Bayarsaikhan, U., ... and Bae, Y. (2019). Two species of Pyraustine moths new to Korea (Lepidoptera: Crambidae). Journal of Asia-Pacific Biodiversity. 12(1): 79-82
1338;0;Asia;Syndemis cedricola;Saharo-Arabian;2007;Seven, S. and Ozdemir, M. (2007). The genus Dichelia Guenee, 1845 (Lepidoptera: Tortricidae) in Turkey. Acta entomologica slovenica. 15(2): 185-190
1339;0;Asia;Epinotia cedricida;Saharo-Arabian;1999;Fabre, J., Mouna, M., Du Merle, P. and Benhalima, S. (1999). Le point sur certains ravageurs du cedre de l‚ÄôAtlas en Afrique du nord, en France et en Europe. For√™t Mediterraneenne.  20(4): 203-218
1340;0;Africa;Caradrina ingrata;Afrotropical;2007;Okyar, Z. and Aktac, N. (2007). Heteroceran fauna of Gok√ßeada and Bozcaada (North Aegean Islands, Turkey), with a new record of Noctuidae (Lepidoptera), and biogeographical analyses. Entomological news. 118(3): 263-272
1341;0;Africa;Batrachedra amydraula;Afrotropical;1978;Carpenter, J., McMillen, J., Wengert, E. and Elmer, H. (1978). Pests and diseases of the date palms. Agriculture Handbook. 524:1-40
1342;0;Africa;Cnephasia pasiuana;Afrotropical;2019;Alipanah, H. (2019). An overview of the tribe Cnephasiini (Lepidoptera: Tortricidae: Tortricinae) of Iran with description of a new species. Zootaxa. 4661(3): 501-521
1343;0;Africa;Autographa gamma;Afrotropical;2014;Sullivan, M. and T. Molet. (2007). CPHST Pest Datasheet for Autographa gamma. USDA-APHIS-PPQ-CPHST. Revised January 2014.
1344;0;Africa;Caloptilia coruscans;Afrotropical;2024;de Prins J. and de Prins W. (2024). Global Taxonomic Database of Gracillariidae (Lepidoptera). Avaliable at: http://www.gracillariidae.net
1345;0;Africa;Ascalenia acaciella;Afrotropical;2006;Koster, S. and Sammut, P. (2006). Faunistic notes on Momphidae, Batrachedridae, Stathmopodidae and Cosmopterigidae from the Maltese Islands. Nota lepidopterologica. 29(1): 49
1346;0;Africa;Bifascioides leucomelanella;Afrotropical;2006;Koster, S. and Sammut, P.(2006). Faunistic notes on Momphidae, Batrachedridae, Stathmopodidae and Cosmopterigidae from the Maltese Islands. Nota lepidopterologica. 29(1): 49-63
1347;0;North America;Hypsipyla grandella;Neotropical;2024;CAB International (CABI) (2024). CABI Invasive Species Compendium. Available at: https://www.cabidigitallibrary.org/product/QI
1348;0;North America;Callopistria floridensis;Neotropical;1913;Chittenden, F. (1913). The Florida fern caterpillar (No. 125). US Department of Agriculture, Bureau of Entomology.
1349;0;Asia;Hasora badra;Oriental;2012;Ministery of Environment - Sri Lanka (2012). The National Red List 2012 of Sri Lanka
1350;0;Asia;Elophila melagynalis;Oriental;1985;Yoshiyasu, Y. (1985). A Systematic Study of the Nymphulinae and the Musotiminae of Japan (Lepidoptera: Pyralidae). Scienctific Reports of the Kyoto Prefectural University: Agriculture. 37: 1‚Äì162
1351;0;Asia;Herpetogramma basalis;Oriental;2018;Poltavsky, A., Kravchenko, V., Traore, M., Traore, S., Gergely, P., Witt, T., ... and Muller, G. (2018). The Pyraloidea (Lepidoptera) fauna of the woody savannah belt in Mali, West Africa. Zootaxa. 4457(1): 39-69
1352;0;Asia;Daphnis nerii;Oriental;2024;Pittaway, A. (2024). Sphingidae of the Western Palaearctic (including Europe, North Africa, the Middle East, western Siberia and western Central Asia). Available at: https://tpittaway.tripod.com/sphinx/list.htm
1353;0;Africa;Homoeosoma stenotea;Afrotropical;2022;Falck, P., Karsholt, O. and Slamka, F. (2022). New data on Pyraloidea from the Canary Islands, Spain 2 (Lepidoptera: Pyralidae, Crambidae. SHILAP Revista de lepidopterologia. 50(199): 469-488
1354;0;Africa;Aplocera efformata;Saharo-Arabian;2022;Boyes, D. (2022). The genome sequence of the lesser treble-bar moth, Aplocera efformata (Guene¬¥e, 1857). Wellcome Open Research. 7: 303.
1355;0;Africa;Leucinodes laisalis;Saharo-Arabian;2015;Mally, R., Korycinska, A., Agassiz, D., Hall, J., Hodgetts, J. and Nuss, M. (2015). Discovery of an unknown diversity of Leucinodes species damaging Solanaceae fruits in sub-Saharan Africa and moving in trade (Insecta, Lepidoptera, Pyraloidea). ZooKeys. 472: 117‚Äì162
1356;0;Africa;Homoeosoma stenotea;Saharo-Arabian;2022;Falck, P., Karsholt, O. and Slamka, F. (2022). New data on Pyraloidea from the Canary Islands, Spain 2 (Lepidoptera: Pyralidae, Crambidae. SHILAP Revista de lepidopterologia. 50(199): 469-488
1357;0;Africa;Blastobasis maroccanella;Saharo-Arabian;2004;Karsholt, O. and Sinev, S. (2004). Contribution to the Lepidoptera fauna of the Madeira Islands Part 4. Blastobasidae.¬†Beitrage zur Entomologie.¬†54(2): 387-463
1358;0;Africa;Sceliodes laisalis;Saharo-Arabian;2015;Mally, R., Korycinska, A., Agassiz, D., Hall, J., Hodgetts, J. and Nuss, M. (2015). Discovery of an unknown diversity of Leucinodes species damaging Solanaceae fruits in sub-Saharan Africa and moving in trade (Insecta, Lepidoptera, Pyraloidea). ZooKeys. 472: 117‚Äì162
1359;0;Africa;Cnephasia asseclana;Saharo-Arabian;2021;Goglia, L. (2021). Faunistic Notes on Lepidoptera Tortricidae from Calabria (South Italy) - Contribution to the knowledge of the Lepidoptera Tortricidae fauna of Mediterranean ecosystems. [PhD Thesis, Universita degli Studi della Tuscia and Universita degli Studi del Molise]
1360;0;Africa;Coleophora parthenica;Saharo-Arabian;2023;Tabell, J., Kullberg, J., Mutanen, M., Tokar, Z. and Sihvonen, P. (2023). New and little known Coleophora Hubner, 1822 species from Morocco. Part I.(Lepidoptera, Coleophoridae). Zootaxa 5374 (2): 151‚Äì195
1361;0;Africa;Lymantria dispar;Saharo-Arabian;2007;Pogue, M. (2007). A Review of Selected Species of Lymantria Hubner (1819) (Lepidoptera: Noctuidae: Lymantriinae) from Subtropical and Temperate Regions of Asia, Including the Descriptions of Three New Species, Some Potentially Invasive to North America. U.S. Department of Agriculture, Forest Health Technology Enterprise Team. 223 pp
1362;0;Africa;Pterolonche inspersa;Saharo-Arabian;1986;Vives Moreno, A. (1986). La familia Pterolonchidae Meyrick, 1918, de Espa√±a y Portugal (Insecta, Lepidoptera). Eos: revista espan~ola de entomologia. 62(1): 319-337
1363;0;Africa;Helicoverpa armigera;Saharo-Arabian;2017;Tay, W., Walsh, T., Downes, S., Anderson, C., Jermiin, L., Wong, T., ... and Gordon, K. (2017). Mitochondrial DNA and trade data support multiple origins of Helicoverpa armigera (Lepidoptera, Noctuidae) in Brazil. Scientific Reports. 7: 45302
1364;0;Africa;Dendrolimus pini;Saharo-Arabian;2024;CAB International (CABI) (2024). CABI Invasive Species Compendium. Available at: https://www.cabidigitallibrary.org/product/QI
1365;0;Africa;Mesophleps palpigera;Madagascan;2012;Li, H. and Sattler, K. (2012). A taxonomic revision of the genus Mesophleps Hubner, 1825 (Lepidoptera: Gelechiidae). Zootaxa. 3373: 1-82.
1366;0;Africa;Chrysodeixis chalcites;Madagascan;2024;CAB International (CABI) (2024). CABI Invasive Species Compendium. Available at: https://www.cabidigitallibrary.org/product/QI
1367;0;Africa;Euchromia lethe;Madagascan;2024;de Prins J. and de Prins W. (2024). Afromoths, online database of Afrotropical moth species (Lepidoptera). Available at: http://www.afromoths.net
1368;0;Africa;Pardasena virgulana;Madagascan;2024;de Prins J. and de Prins W. (2024). Afromoths, online database of Afrotropical moth species (Lepidoptera). Available at: http://www.afromoths.net
1369;0;Africa;Achroia grisella;Madagascan;1996;Clarke, J. (1986): Pyralidae and Microlepidoptera of the Marquesas Archipelago. Smithsonian Contributions to Zoology. 416: 1-485
1370;0;Africa;Hypena commixtalis;Madagascan;2024;de Prins J. and de Prins W. (2024). Afromoths, online database of Afrotropical moth species (Lepidoptera). Available at: http://www.afromoths.net
1371;0;Africa;Deudorix antalus;Madagascan;1997;Steele, B. (1997). An identification list for lepidopterists visiting Madagascar. Metamorphosis. 8(1): 33-42
1372;0;Africa;Homoeosoma stenotea;Madagascan;2022;Falck, P., Karsholt, O. and Slamka, F. (2022). New data on Pyraloidea from the Canary Islands, Spain 2 (Lepidoptera: Pyralidae, Crambidae. SHILAP Revista de lepidopterologia. 50(199): 469-488
1373;0;Africa;Opogona sacchari;Madagascan;2024;CAB International (CABI) (2024). CABI Invasive Species Compendium. Available at: https://www.cabidigitallibrary.org/product/QI
1374;0;Africa;Daphnis nerii;Madagascan;2024;Pittaway, A. (2024). Sphingidae of the Western Palaearctic (including Europe, North Africa, the Middle East, western Siberia and western Central Asia). Available at: https://tpittaway.tripod.com/sphinx/list.htm
1375;0;Africa;Lampides boeticus;Madagascan;2021;Edge, D. and Westrip, J. (2021). Lampides boeticus. The IUCN Red List of Threatened Species 2021: e.T174427A161341394
1376;0;Africa;Vanessa cardui;Madagascan;2020;Walker, A. and Coetzer, A. (2020). Vanessa cardui. The IUCN Red List of Threatened Species 2020: e.T174379A161326679.
1377;0;Africa;Ethmia nigroapicella;Madagascan;2000;Kurr, A. and Szasorv, C. (2000). Survey Of The Taiwanese Ethmiinae (Leprdoprera, Oecophoridae) With Descriptions Of Three New Species. Acta Zoologica Academiae Scientiaruh Hungaricae. 46(1):  53-78
1378;0;Africa;Hypena jussalis;Madagascan;2024;de Prins J. and de Prins W. (2024). Afromoths, online database of Afrotropical moth species (Lepidoptera). Available at: http://www.afromoths.net
1379;0;Africa;Galtara extensa;Madagascan;2008;Reimer, N. (2008). Field Release of Secusio extensa (Butler)(Lepidoptera: Arctiidae), for Biological Control of Fireweed, Senecio madagascariensis Poiret (Asterales: Asteraceae), in Hawaii. Draft Environmental Assessment. Attachment 4.
1380;0;Africa;Thaumatotibia leucotreta;Madagascan;2024;CAB International (CABI) (2024). CABI Invasive Species Compendium. Available at: https://www.cabidigitallibrary.org/product/QI
1381;0;Africa;Epichoristodes acerbella;Madagascan;2006;Glavendekic, M. (2006). Epichoristodes acerbella (Walker)(Lepidoptera: Tortricidae): a new species in the fauna of Serbia. Acta Entomologica Serbica. 11(1): 77-81
1382;0;Africa;Phycita diaphana;Madagascan;2015;Zilli, A. and Pavesi, F. (2015). new or little known Pyraloids from Italy (Lepidoptera: Pyraloidea). Phegea. 43(3): 81-96
1383;0;Africa;Helicoverpa armigera;Madagascan;2017;Tay, W., Walsh, T., Downes, S., Anderson, C., Jermiin, L., Wong, T., ... and Gordon, K. (2017). Mitochondrial DNA and trade data support multiple origins of Helicoverpa armigera (Lepidoptera, Noctuidae) in Brazil. Scientific Reports. 7: 45302
1384;0;Asia;Hypena jussalis;Oriental;2024;de Prins J. and de Prins W. (2024). Afromoths, online database of Afrotropical moth species (Lepidoptera). Available at: http://www.afromoths.net
1385;0;North America;Ancylostomia stercorea;Nearctic;1972;Barrow, R. (1972). The bionomics of Ancyclostomia stercorea (zeller): a pod-borer on pigeon pea in Trinidad. [PhD Thesis, McGill University, Quebec]
1386;0;North America;Anomis illita;Nearctic;2013;Lafontaine, J. and Schmidt, B. (2013). Additions and corrections to the check list of the Noctuoidea (Insecta, Lepidoptera) of North America north of Mexico. ZooKeys 264: 227‚Äì236
1387;0;North America;Bucculatrix parthenica;Nearctic;1990;McClay, A., McFadyen, R. and Bradley, J. (1990). Biology of Bucculatrix parthenica Bradley sp. n.(Lepidoptera: Bucculatricidae) and its establishment in Australia as a biological control agent for Parthenium hysterophorus (Asteraceae). Bulletin of Entomological Research, 80(4): 427-432
1388;0;North America;Neoleucinodes elegantalis;Nearctic;2017;Da Silva, R., Kumar, L., Shabani, F., Da Silva, E., da Silva Galdino, T. and Pican√ßo, M. (2017). Spatio-temporal dynamic climate model for Neoleucinodes elegantalis using CLIMEX. International Journal of Biometeorology, 61: 785-795
1389;0;North America;Thecla megarus;Nearctic;2014;Gilligan, T. and Passoa, S. (2014). LepIntercept - An identification resource for intercepted Lepidoptera larvae. Available at: https://idtools.org/id/lepintercept/strymon.html
1390;0;North America;Stenoma catenifer;Nearctic;2008;Hoddle, M. and Hoddle, C. (2008). Bioecology of Stenoma catenifer (Lepidoptera: Elachistidae) and associated larval parasitoids reared from Hass avocados in Guatemala. Journal of Economic Entomology, 101(3): 692-698
1391;0;North America;Pyrausta inornatalis;Nearctic;2022;Osada, Y. (2022). Description of immature stages of the southern pink moth, Pyrausta inornatalis (Fernald, 1885)(Lepidoptera: Crambidae). Journal of Asia-Pacific Biodiversity, 15(4): 568-573
1392;0;North America;Trichoplusia ni;Nearctic;2015;Holtz, A., Rondelli, V., Celestino, F., Bestete, L. and Carvalho, J. (Eds.) (2015). Pragas das brassicas. Instituto Federal de Ensino, Ci√™ncia e Tecnologia do Espirito Santo (IFES).
1393;0;North America;Usingeriessa onyxalis;Nearctic;1995;Munroe, E. (1995). Usingeriessa onyxalis (Dyar) (Lepidoptera: Crambidae: Nymphulinae), a Moth With Presumably Aquatic Larvae, Newly Recorded From Hawaii, With a Synopsis of Hawaiian Nymphulinae. Bishop Museum Occasional Papers. 42: 39‚Äì42
1394;0;North America;Epidromia pannosa;Nearctic;1986;Solis, M. (1986). A new species of Epidromia (Noctuidae) from Florida. Journal of the Lepidopterists Society. 40(1): 8-19.
1395;0;North America;Moodna bisinuella;Nearctic;1985;Neunzig, H. (1985). Notes on the larva and biology of Moodna bisinuella Hampson(Pyralidae: Phycitinae). Journal of the Lepidopterists Society. 39(1): 9-12
1396;0;North America;Ptichodis immunis;Nearctic;2005;Becker, V. and Miller, S. (2005). Moths: Lepidoptera. In: Lazell, J. (2005). Island: Fact and theory in nature (pp: 303-309). University of California Press.
1397;0;North America;Eoreuma loftini;Nearctic;1984;Johnson, K. (1984). Identification of Eoreuma loftini (Dyar)(Lepidoptera: Pyralidae) in Texas, 1980: Forerunner for other sugarcane boring pest immigrants from Mexico?. Bulletin of the ESA. 30(3): 47-52
1398;0;North America;Anartia fatima;Nearctic;2022;Pfeiler, E., Nazario-Yepiz, N., Hernandez-Cervantes, P., and Markow, T. (2022). Phenotypic diversity, population genetics and interspecific relationships of the Neotropical banded peacock butterfly Anartia fatima (Nymphalidae: Nymphalinae). Biological Journal of the Linnean Society. 136(1): 135-144
1399;0;North America;Callopistria floridensis;Nearctic;1913;Chittenden, F. (1913). The Florida fern caterpillar (No. 125). US Department of Agriculture, Bureau of Entomology.
1400;0;North America;Neurostrota gunniella;Nearctic;2019;Prins, J., Arevalo-Maldonado, H., Davis, D., Landry, B., Vargas, H., Davis, M., ...  and Moreira, G. (2019). An illustrated catalogue of the Neotropical Gracillariidae (Lepidoptera) with new data on primary types.¬†Zootaxa. 4575: 1‚Äì110
1401;0;North America;Comotia torsicornis;Nearctic;1914;Dyar, H. (1914). Description of new species of lepidoptera from Mexico. Proceedings of th United States National Museum. 47: 365-409
1402;0;North America;Copaxa lavendera;Nearctic;2013;Sarmiento-Cordero, M. and Contreras-Ramos, A. (2013). Phenology of Copaxa lavendera (Westwood)(Lepidoptera, Saturniidae) from Sierra de Las Navajas, Hidalgo, Mexico. The Pan-Pacific Entomologist. 88(4): 399-406
1403;0;North America;Copaxa lavendera;Nearctic;2017;Barrios-Diaz, B., Sanchez-Garcia, L., Equihua‚ÄìMartinez, A., Vazquez-Huerta, G. and Barrios-Diaz, J. (2017). Identificacion de lepidopteros asociados al follaje de encino (Quercus spp.), en el municipio de Tetela de Ocampo, Puebla. Folia Entomologica Mexicana. 4: 537-543
1404;0;North America;Spodoptera eridania;Nearctic;2023;Zhang, Y., Zhao, H., Qi, Y., Li, M., Yang, N., Guo, J., ... and Liu, W. (2023). Global potential geographical distribution of the southern armyworm (Spodoptera eridania) under climate change. Biology. 12(7): 1040
1405;0;North America;Syntomeida epilais;Nearctic;2016;McAuslane, H. (2016). Oleander caterpillar, Syntomeida epilais Walker (Insecta: Lepidoptera: Arctiidae). U.S. Department of Agriculture. University of Florida. Florida, United States of America.
1406;0;North America;Diatraea grandiosella;Nearctic;1990;Knutson, A. and Gilstrap, F. (1990). Life Tables and Population Dynamics of the Southwestern Corn Borer (Lepidoptera: Pyralidae) in Texas Corn. Environmental Entomology. 19(3): 684‚Äì696
1407;0;North America;Spodoptera frugiperda;Nearctic;2023;Tay, W., Meagher Jr, R., Czepak, C. and Groot, A. (2023). Spodoptera frugiperda: ecology, evolution, and management options of an invasive species.¬†Annual Review of Entomology. 68(1): 299-317
1408;0;North America;Spodoptera frugiperda;Nearctic;2017;Cock, M., Beseh, P., Buddie, A., Cafa, G. and Crozier, J. (2017). Molecular methods to detect Spodoptera frugiperda in Ghana, and implications for monitoring the spread of invasive species in developing countries. Scientific Reports. 7(1): 4103
1409;0;North America;Heliconius erato;Nearctic;1996;Jiggins, C., McMillan, W., Neukirchen, W. and Mallet, J. (1996). What can hybrid zones tell us about speciation? The case of Heliconius erato and H. himera (Lepidoptera: Nymphalidae). Biological Journal of the Linnean Society. 59(3): 221-242
1410;0;North America;Cydia saltitans;Nearctic;2012;West, D., Lal, I., Leamy, M. and Hu, D. (2012). Locomotion of Mexican jumping beans. Bioinspiration and Biomimetics. 7(3): 036014
1411;0;North America;Leuciris fimbriaria;Nearctic;2009;Heard, T. and Paynter, Q. (2009). Mimosa pigra (Leguminosae). In: Biological control of tropical weeds using arthropods. Cambridge University Press, Cambridge, UK. 256-273.
1412;0;North America;Digrammia pallidata;Nearctic;2010;Heard, T., Elliott, L., Anderson, B., White, L., Burrows, N., Mira, A., ... and Segura, R. (2010). Biology, host specificity, release and establishment of Macaria pallidata and Leuciris fimbriaria (Lepidoptera: Geometridae), biological control agents of the weed Mimosa pigra. Biological Control. 55: 248-255
1413;0;North America;Hypsipyla grandella;Nearctic;2024;CAB International (CABI) (2024). CABI Invasive Species Compendium. Available at: https://www.cabidigitallibrary.org/product/QI
1414;0;North America;Notioplusia illustrata;Nearctic;1978;Eichlin, T. and Cunningham, H. (1978). The Plusiinae (Lepidoptera: Noctuidae) of America north of Mexico, emphasizing genitalic and larval morphology (No. 1567). Department of Agriculture, Agricultural Research Service. Washington D.C., United States of America.
1415;0;North America;Carmenta mimosa;Nearctic;1983;Passoa, S. (1983). A new clear wing moth (Sesiidae) from Central America: a stem borer in Mimosa pigra. The Journal of the Lepidopterists Society. 37: 193-206
1416;0;North America;Pareuchaetes insulata;Nearctic;1993;Kluge, R. and Caldwell, P. (1993). Host specificity of Pareuchaetes insulata (Lep.: Arctiidae), a biological control agent for Chromolaena odorata (Compositae). Entomophaga. 38: 451-457
1417;0;North America;Amyelois transitella;Nearctic;2021;EFSA Panel on Plant Health (PLH), Bragard, C., Dehnen-Schmutz, K., Di Serio, F., Gonthier, P., Jacques, M., ... and MacLeod, A. (2021). Pest categorisation of Amyelois transitella. EFSA Journal. 19(6): 6666
1418;0;North America;Abaeis nicippe;Nearctic;2024;Lotts, K. and Naberhaus, T. (coords.) (2024). Butterflies and Moths of North America. http://www.butterfliesandmoths.org/ (Version 07082024).
1419;0;North America;Amorbia emigratella;Nearctic;1978;Zimmerman, E. (1978). Insects of Hawaii. Vol. 9 Microlepidoptera. Part I. The University Press of Hawaii, Honolulu.
1420;0;North America;Amyna axis;Nearctic;2010;Pogue, M. (2010). The Acontiinae and Eustrotiinae (Lepidoptera: Noctuidae) of Great Smoky Mountains National Park. Zootaxa. 2499: 1‚Äì20
1421;0;North America;Brephidium exilis;Nearctic;2022;Calhoun, J. and Smith, R. (2022). Brephidium exilis (Lycaenidae) Colonizes the Tampa Bay Area as a New Florida State Record. Southern Lepidopterists News. 44(4): 487-493
1422;0;North America;Bucculatrix thurberiella;Nearctic;1956;Haidari, H. (1956). The biology and control of the cotton leaf perforator. [Master of Sciences Thesis, The University of Arizona]. UA Campus Repository
1423;0;North America;Cremastobombycia lantanella;Nearctic;1995;Palmer, W. and Pullen, K. (1995). The phytophagous arthropods associated with Lantana camara, L. hirsuta, L. urticifolia, and L. urticoides (Verbenaceae) in North America. Biological Control. 5(1): 54-72
1424;0;North America;Acleris zimmermani;Nearctic;1978;Zimmerman, E. (1978). Insects of Hawaii. Vol. 9 Microlepidoptera. Part I. The University Press of Hawaii, Honolulu.
1425;0;North America;Dichomeris aenigmatica;Nearctic;1966;Krauss, N. (1966). Biological control investigations on some Hawaiian weeds. Proceedings, Hawaiian Entomological Society. 19(2): 223-231
1426;0;North America;Hellinsia beneficus;Nearctic;1983;Yano, K. and Heppner, J. (1983). Description of Hamakua pamakani plume moth from Hawaii (Lepidoptera: Pterophoridae). Proceedings, Hawaiian Entomological Society. 24(2): 335-341
1427;0;North America;Strymon bazochii;Nearctic;2014;Silva, N., Duarte, M., Araujo, E. and Morais, H. (2014). Larval biology of anthophagous Eumaeini (Lepidoptera: Lycaenidae, Theclinae) in the Cerrado of central Brazil. Journal of Insect Science. 14(184): 1-17
1428;0;North America;Tmolus echion;Nearctic;1934;Carter, W. (1934). Notes on two Pests of Pineapple not known in Hawaii. Proceedings of the Hawaiian Entomological Society. 8(3): 395-397
1429;0;North America;Crocidosema lantana;Nearctic;2011;Brown, J., Segura, R., Santiago-Jimenez, Q., Rota, J. and Heard, T. (2011). Tortricid moths reared from the invasive weed Mexican palo verde, Parkinsonia aculeata, with comments on their host specificity, biology, geographic distribution, and systematics. Journal of Insect Science. 11: 7
1430;0;North America;Batrachedra knabi;Nearctic;1966;Hodges, R. (1966). Review of New World Species of Batrachedra, with Description of Three New Genera (Lepidoptera: Gelechioidea). Transactions of the American Entomological Society. 92(4): 585‚Äì651
1431;0;North America;Leucania dorsalis;Nearctic;2001;Adams, M. ( 2001). A revision of the moth genus Leucania Ochsenheimer in the Antilles (Insecta: Lepidoptera: Noctu- idae). Annals of the Carnegie Museum 70: 179-220
1432;0;North America;Crocidosema aporema;Nearctic;2024;CAB International (CABI) (2024). CABI Invasive Species Compendium. Available at: https://www.cabidigitallibrary.org/product/QI
1433;0;North America;Lantanophaga pusillidactylus;Nearctic;2006;Gielis, C. (2006). Review of the Neotropical species of the family Pterophoridae, part I: Ochyroticinae, Deuterocopinae, Pterophorinae (Platyptiliini, Exelastini, Oxyptilini) (Lepidoptera). Zoologische Mededelingen. 80: 1-290
1434;0;North America;Pseudopyrausta santatalis;Nearctic;2007;Zalucki, M., Day, M. and Playford, J. (2007). Will biological control of Lantana camara ever succeed? Patterns, processes & prospects. Biological Control. 42: 251‚Äì261
1435;0;North America;Pseudopyrausta santatalis;Nearctic;1995;Palmer, W. and Pullen, K. (1995). The phytophagous arthropods associated with Lantana camara, L. hirsuta, L. urticifolia, and L. urticoides (Verbenaceae) in North America. Biological Control. 5(1): 54-72
1436;0;North America;Chloridea virescens;Nearctic;2013;Pogue, M. (2013). Revised status of Chloridea Duncan and (Westwood), 1841, for the Heliothis virescens species group (Lepidoptera: Noctuidae: Heliothinae) based on morphology and three genes. Systematic Entomology. 38: 523‚Äì542
1437;0;North America;Thessalia theona;Nearctic;2016;Erenler, H., Leonardi, R., Gillman, M., Maes, J. and Tellez, E. (2016). Butterfly Diversity at Lost Canyon Nature Reserve, Nicaragua, including a new country record. Revista Nicaraguense de Entomologia. 106
1438;0;North America;Erinnyis ello;Nearctic;1951;Cary, M. (1951). Distribution of Sphingidae (Lepidoptera: Heterocera) in the Antillean-Caribbean Region. Transactions of the American Entomological Society. 77(2): 63-129
1439;0;North America;Epinotia lantana;Nearctic;2000;Day, M. and Neser, S. (2000). Factors influencing the biological control of Lantana camara in Australia and South Africa. Proceedings of the X Symposium on Biological Control of Weeds. 897-908
1440;0;North America;Anypsipyla univitella;Nearctic;1956;Heinrich, C. (1956). Checklist of American Phycitinae. Bulletin of the United States National Museum. 207: 316‚Äì329
1441;0;North America;Platynota stultana;Nearctic;2017;EPPO (2017). Mini data sheet on Platynota stultana. EPPO RS 1998/180, 2017/149
1442;0;North America;Eoreuma loftini;Nearctic;2010;Hummel, N., Hardy, T., Reagan, T., Pollet, D., Carlton, C., Stout, M., ... and White, W. (2010). Monitoring and first discovery of the Mexican rice borer Eoreuma loftini (Lepidoptera: Crambidae) in Louisiana. Florida Entomologist. 93(1): 123-124
1443;0;Europe;Coleophora striatipennella;Palearctic;2018;Richter, I. (2018). New findings of the case-bearing moths (genus Coleophora Hubner, 1822) from the Balkan Peninsula with description of two new species (Lepidoptera, Coleophoridae). Microlepidoptera.hu. 13(1): 43-52
1444;0;Europe;Aproaerema anthyllidella;Saharo-Arabian;2007;Khramov, P. (Ed.) (2007). Insecta.pro: international entomological community. Available online at: https://insecta.pro
1445;0;Europe;Chrysodeixis chalcites;Saharo-Arabian;2024;CAB International (CABI) (2024). CABI Invasive Species Compendium. Available at: https://www.cabidigitallibrary.org/product/QI
1446;0;Europe;Eilema caniola;Saharo-Arabian;2007;Khramov, P. (Ed.) (2007). Insecta.pro: international entomological community. Available online at: https://insecta.pro
1447;0;Europe;Eupithecia phoeniceata;Saharo-Arabian;2006;de Prins, W. (2007). Interessante waarnemingen van Lepidoptera in Belgie in 2006 (Lepidoptera). Phegea. 35(1): 1‚Äì20
1448;0;Europe;Emmelina monodactyla;Saharo-Arabian;2007;Khramov, P. (Ed.) (2007). Insecta.pro: international entomological community. Available online at: https://insecta.pro
1449;0;Europe;Scopula imitaria;Saharo-Arabian;2007;Khramov, P. (Ed.) (2007). Insecta.pro: international entomological community. Available online at: https://insecta.pro
1450;0;Europe;Selania leplastriana;Saharo-Arabian;1997;Farrugia, C. (1997). Insect Pests on Cauliflower (Brassica oleracea Var. Botrytis) in Gozo (Maltese Islands, Central Mediterranean). The Central Mediterranean Naturalist. 2(4): 152-165
1451;0;Europe;Pieris rapae;Saharo-Arabian;2010;van Swaay, C., Wynhoff, I., Verovnik, R., Wiemers, M., Lopez Munguira, M., Maes, D., ... and Settele, J. (2010). Pieris rapae (Europe assessment). The IUCN Red List of Threatened Species 2010: e.T174353A7056010
1452;0;Europe;Pieris rapae;Saharo-Arabian;2014;van Swaay, C., Wynhoff, I., Wiemers, M., Katbeh-Bader, A., Power, A., Benyamini, D., ... and Beshkov, S.¬†(2014).¬†Pieris rapae (Mediterranean assessment).¬†The IUCN Red List of Threatened Species¬†2014: e.T174353A53720063
1453;0;Europe;Pseudarenipses insularum;Saharo-Arabian;2015;Zilli, A. and Pavesi, F. (2015). new or little known Pyraloids from Italy (Lepidoptera: Pyraloidea). Phegea. 43(3): 81-96
1454;0;Europe;Euplexia lucipara;Saharo-Arabian;2018;Amer, A., El Torkey, A. and Al Azab, S. (2018). Review of subfamily: Xyleninae of Egypt (Lepidoptera, Noctuidae). Egyptian Academic Journal of Biological Sciences. 11(5): 103-125
1455;0;Europe;Pararge aegeria;Saharo-Arabian;2010;van Swaay, C., Wynhoff, I., Verovnik, R., Wiemers, M., Lopez Munguira, M., Maes, D., ... and Settele, J. (2010). Pararge aegeria (Europe assessment). The IUCN Red List of Threatened Species 2010: e.T174214A7029860
1456;0;Europe;Pararge aegeria;Saharo-Arabian;2014;van Swaay, C., Wynhoff, I., Wiemers, M., Katbeh-Bader, A., Power, A., Benyamini, D., ... and Beshkov, S. (2014). Pararge aegeria (Mediterranean assessment). The IUCN Red List of Threatened Species 2014: e.T174214A53719848
1457;0;Europe;Eucosma cana;Saharo-Arabian;2007;Khramov, P. (Ed.) (2007). Insecta.pro: international entomological community. Available online at: https://insecta.pro
1458;0;Europe;Anthophila nemorana;Saharo-Arabian;2014;de Prins, W., Baugnee, J., Georis, A., Spronck, R. and Spronck, R. (2014). Choreutis nemorana (Lepidoptera: Choreutidae) well established in Belgium. Phegea. 42(2): 29-32
1459;0;Europe;Aglossa caprealis;Saharo-Arabian;2007;Khramov, P. (Ed.) (2007). Insecta.pro: international entomological community. Available online at: https://insecta.pro
1460;0;Europe;Autographa gamma;Saharo-Arabian;2014;Sullivan, M. and T. Molet. (2007). CPHST Pest Datasheet for Autographa gamma. USDA-APHIS-PPQ-CPHST. Revised January 2014.
1461;0;Europe;Cryptoblabes gnidiella;Saharo-Arabian;2024;CAB International (CABI) (2024). CABI Invasive Species Compendium. Available at: https://www.cabidigitallibrary.org/product/QI
1462;0;Europe;Aglossa pinguinalis;Saharo-Arabian;2007;Khramov, P. (Ed.) (2007). Insecta.pro: international entomological community. Available online at: https://insecta.pro
1463;0;Europe;Lampides boeticus;Saharo-Arabian;2021;Edge, D. and Westrip, J. (2021). Lampides boeticus. The IUCN Red List of Threatened Species 2021: e.T174427A161341394
1464;0;Europe;Vanessa cardui;Saharo-Arabian;2020;Walker, A. and Coetzer, A. (2020). Vanessa cardui. The IUCN Red List of Threatened Species 2020: e.T174379A161326679.
1465;0;Europe;Bactra venosana;Saharo-Arabian;2007;Khramov, P. (Ed.) (2007). Insecta.pro: international entomological community. Available online at: https://insecta.pro
1466;0;Europe;Vanessa atalanta;Saharo-Arabian;2020;Walker, A. (2020). Vanessa atalanta. The IUCN Red List of Threatened Species 2020: e.T174225A172421220.
1467;0;Europe;Danaus chrysippus;Saharo-Arabian;2021;Westrip, J. (2021). Danaus chrysippus (errata version published in 2022). The IUCN Red List of Threatened Species 2021: e.T174455A222994680
1468;0;Europe;Phycita diaphana;Saharo-Arabian;2015;Zilli, A. and Pavesi, F. (2015). new or little known Pyraloids from Italy (Lepidoptera: Pyraloidea). Phegea. 43(3): 81-96
1469;0;Europe;Amphipyra tragopoginis;Saharo-Arabian;2007;Khramov, P. (Ed.) (2007). Insecta.pro: international entomological community. Available online at: https://insecta.pro
1470;0;Europe;Anarsia lineatella;Saharo-Arabian;2007;Khramov, P. (Ed.) (2007). Insecta.pro: international entomological community. Available online at: https://insecta.pro
1471;0;Europe;Archips rosana;Saharo-Arabian;2007;Khramov, P. (Ed.) (2007). Insecta.pro: international entomological community. Available online at: https://insecta.pro
1472;0;Europe;Batia lunaris;Saharo-Arabian;2007;Khramov, P. (Ed.) (2007). Insecta.pro: international entomological community. Available online at: https://insecta.pro
1473;0;Europe;Clepsis consimilana;Saharo-Arabian;2007;Khramov, P. (Ed.) (2007). Insecta.pro: international entomological community. Available online at: https://insecta.pro
1474;0;Europe;Clepsis spectrana;Saharo-Arabian;2007;Khramov, P. (Ed.) (2007). Insecta.pro: international entomological community. Available online at: https://insecta.pro
1475;0;Europe;Cnephasia longana;Saharo-Arabian;2007;Khramov, P. (Ed.) (2007). Insecta.pro: international entomological community. Available online at: https://insecta.pro
1476;0;Europe;Depressaria depressana;Saharo-Arabian;2007;Khramov, P. (Ed.) (2007). Insecta.pro: international entomological community. Available online at: https://insecta.pro
1477;0;Europe;Duponchelia fovealis;Saharo-Arabian;2024;CAB International (CABI) (2024). CABI Invasive Species Compendium. Available at: https://www.cabidigitallibrary.org/product/QI
1478;0;Europe;Enarmonia formosana;Saharo-Arabian;2024;CAB International (CABI) (2024). CABI Invasive Species Compendium. Available at: https://www.cabidigitallibrary.org/product/QI
1479;0;Europe;Anania hortulata;Saharo-Arabian;2007;Khramov, P. (Ed.) (2007). Insecta.pro: international entomological community. Available online at: https://insecta.pro
1480;0;Europe;Caradrina clavipalpis;Saharo-Arabian;2007;Khramov, P. (Ed.) (2007). Insecta.pro: international entomological community. Available online at: https://insecta.pro
1481;0;Asia;Erionota torus;Oriental;2024;CAB International (CABI) (2024). CABI Invasive Species Compendium. Available at: https://www.cabidigitallibrary.org/product/QI
1482;0;Asia;Papilio xuthus;Oriental;2024;Inayoshi, Y. (2024). A Check List of Butterflies in Indo-China - Chiefly from Thailand, Laos and Vietnam. Available at: https://yutaka.it-n.jp/index.html
1483;0;Asia;Tyta luctuosa;Palearctic;1988;Rosenthal, S., Clement, S., Hostettler, N. and Mimmocchi, T. (1988). Biology of Tyta luctuosa [Lep.: Noctuidae] and its potential value as a biological control agent for the weed Convolvulus arvensis. Entomophaga. 33: 185-192
1484;0;Asia;Eupithecia lariciata;Palearctic;2014;Mironov, V. and Galsworthy, A. (2014). A survey of Eupithecia Curtis, 1825 (Lepidoptera, Geometridae, Larentiinae) in Mongolia with descriptions of two new species. Zootaxa. 3774(2): 101-130
1485;0;Asia;Aproaerema polychromella;Palearctic;2010;Junnilainen, J., Karsholt, O., Nupponen, K., Kaitila, J., Nupponen, T. and Olschwang, V. (2010). The gelechiid fauna of the southern Ural Mountains, part II: list of recorded species with taxonomic notes (Lepidoptera: Gelechiidae). Zootaxa. 2367(1): 1-68
1486;0;Asia;Cydia coniferana;Palearctic;2007;Powell, N. (2007). First report of the Palearctic species Cydia coniferana (Tortricidae) in the western United States. Journal of the Lepidopterists Society. 61(3): 172-175
1487;0;Asia;Cydia coniferana;Palearctic;2021;Goglia, L. (2021). Faunistic Notes on Lepidoptera Tortricidae from Calabria (South Italy) - Contribution to the knowledge of the Lepidoptera Tortricidae fauna of Mediterranean ecosystems. [PhD Thesis, Universita degli Studi della Tuscia and Universita degli Studi del Molise]
1488;0;Africa;Sesamia calamistis;Oceanina;1953;Tams, W. and Bowden, J. (1953). A revision of the African species of Sesamia Guenee and related genera (Agrotidae-Lepidoptera). Bulletin of entomological research, 43(4): 645-678
1489;0;Africa;Earias biplaga;Oceanina;2016;de Prins, W. and Mazzei, P. (2016). Some faunistic notes on selected moth species (Lepidoptera) from the Seychelles. Phelsuma. 24: 21-34
1490;0;Africa;Deudorix antalus;Oceanina;2021;Pringle, E. and Westrip, J. (2021). Deudorix antalus. The IUCN Red List of Threatened Species 2021: e.T161338217A161338221.
1491;0;Africa;Opogona sacchari;Oceanina;2024;CAB International (CABI) (2024). CABI Invasive Species Compendium. Available at: https://www.cabidigitallibrary.org/product/QI
1492;0;Africa;Callopistria maillardi;Oceanina;2024;de Prins J. and de Prins W. (2024). Afromoths, online database of Afrotropical moth species (Lepidoptera). Available at: http://www.afromoths.net
1493;0;Africa;Spodoptera mauritia;Oceanina;1956;Fletcher, D. (1956). Spodoptera mauritia (Boisduval) and S. triturata (Walker), two distinct species. Bulletin of Entomological Research. 47(2): 215-217
1494;0;Africa;Thaumatotibia leucotreta;Oceanina;2024;CAB International (CABI) (2024). CABI Invasive Species Compendium. Available at: https://www.cabidigitallibrary.org/product/QI
1495;0;Africa;Danaus chrysippus;Oceanina;2021;Westrip, J. (2021). Danaus chrysippus (errata version published in 2022). The IUCN Red List of Threatened Species 2021: e.T174455A222994680
1496;0;Asia;Tiracola plagiata;Oriental;2012;Edwards, E. (2012). Report on the moths and butterflies (lepidoptera) of Upland savai‚Äôi. Rapid BiodiveRsity assessment of Upland savai i, samoa, 111
1497;0;Asia;Brachycyttarus griseus;Oriental;1994;Waterhouse, D. (1994). Biological Control of Weeds: Southeast Asian Prospects. Australian Centre for International Agricultural Research - ACIAR. Ausralia, Camberra. 302pp
1498;0;North America;Antichloris viridis;Panamanian;2024;Savela, M. (2024). Lepidoptera and some other life forms. Available at: https://ftp.funet.fi/index/Tree_of_life/intro.html
1499;0;Oceania;Tiracola plagiata;Oceanina;2012;Edwards, E. (2012). Report on the moths and butterflies (lepidoptera) of Upland savai‚Äôi. Rapid BiodiveRsity assessment of Upland savai i, samoa, 111
1500;0;Europe;Ephestia unicolorella;Palearctic;2012;Ioriatti, C., Lucchi, A. and Varela, L. (2012). Grape berry moths in western European vineyards and their recent movement into the New World. Arthropod management in vineyards: pests, approaches, and future directions. 339-359.
1501;0;Europe;Lithophane leautieri;Palearctic;1999;de Vos, R. (1999). Trekvlinders in 1998 (negenenvijftigste jaarverslag) (Lepidoptera). Entomologische berichten. 59: 173-185
1502;0;Europe;Thaumetopoea processionea;Palearctic;2012;Groenen, F. and Meurisse, N. (2012). Historical distribution of the oak processionary moth Thaumetopoea processionea in Europe suggests recolonization instead of expansion. Agricultural and forest entomology. 14(2): 147-155
1503;0;South America;Anomis erosa;Neotropical;1883;Grote, A. (1883). Introduction to a Study of the North American Noctuidae. Proceedings of the American Philosophical Society. 21(114): 134-176
1504;0;Asia;Antheraea paphia;Sino-Japanese;2016;Peigler, R. and Naumann, S. (2016) What exactly is Antheraea paphia (Linnaeus, 1758)? (Lepidoptera, Saturnidae). Atalanta. 47(3): 500-520
1505;0;Asia;Hasora badra;Sino-Japanese;2022;Sajan, K. and Sapkota, A. (2022). Additional distribution records of butterflies (Lepidoptera: Rhopalocera) with seven species new to Nepal. Biodiversitas. 23(5): 2711-2738
1506;0;Asia;Erionota torus;Sino-Japanese;2024;CAB International (CABI) (2024). CABI Invasive Species Compendium. Available at: https://www.cabidigitallibrary.org/product/QI
1507;0;Asia;Chilo partellus;Sino-Japanese;1990;Harris, K. (1990). Keynote address: bioecology of Chilo species. International Journal of Tropical Insect Science. 11(4): 467-477
1508;0;Australia;Anarsia dryinopa;Australian;1939;Hudson, G. (1939). A Supplement to the Butterflies and Moths of New Zealand. Wellington, Ferguson & Osborn Ltd. Pp. 387-481, pl. 53-62
1509;0;Australia;Dryadaula pactolia;Australian;2006;Yeates, G. and Williams, P. (2006). Export of plant and animal species from an insular biota. In Biological Invasions in New Zealand (pp. 85-100). Berlin, Heidelberg: Springer Berlin Heidelberg
1510;0;Oceania;Praeacedes atomosella;Oceanina;2020;Roy, D., Alderman, D., Anastasiu, P., Arianoutsou, M., Augustin, S., Bacher, S., ... and Reyserhove, L., (2020). DAISIE - Delivering Alien Invasive Species Inventories for Europe. Available at: http://www.europe-aliens.org/
1511;0;Oceania;Ctenoplusia albostriata;Australian;1985;Holloway, J. (1985). Moths of Borneo 14. Family Noctuidae. Subfamily: Euteliinae, Stictopterinae, Plusinae, Pantheinae. Malayan Nature Journal. Available at: https://www.mothsofborneo.com/part-14/index.htm
1512;0;Oceania;Glyphodes onychinalis;Australian;2008;Solis, M. (2008). New sightings of Glyphodes onychinalis (Guenee)(Pyraloidea: Crambidae: Spilomelinae), a recent arrival to the United States with a description of the larva reared on oleander (Nerium sp.) in California. News of the Lepidopterists Society. 50(3/4): 79-80
1513;0;Oceania;Monopis meliorella;Australian;1978;Zimmerman, E. (1978). Insects of Hawaii. Vol. 9 Microlepidoptera. Part I. The University Press of Hawaii, Honolulu.
1514;0;Oceania;Uresiphita polygonalis;Australian;1997;Leen, R. (1997). Larval hosts of Uresiphita, Hubner (Crambidae), Journal of the Lepidopterists Society. 51(2): 139-148
1515;0;Oceania;Spodoptera litura;Australian;2019;Jung, J., Byeon, D., Jung, S. and Lee, W. (2019). Effect of climate change on the potential distribution of the common cutworm (Spodoptera litura) in South Korea. Entomological Research. 49(12): 519-528
1516;0;Oceania;Agrotis ipsilon;Australian;1997;Showers, W. (1997). Migratory Ecology of the Black Cutworm. Annual Review of Entomology. 42: 393‚Äì425
1517;0;Oceania;Lampides boeticus;Australian;2021;Edge, D. and Westrip, J. (2021). Lampides boeticus. The IUCN Red List of Threatened Species 2021: e.T174427A161341394
1518;0;Oceania;Diplopseustis perieresalis;Australian;2006;Speidel, W., Nieukerken, E., Honey, M. and Koster, S. (2006). The exotic pyraloid moth Diplopseustis perieresalis (Walker) expanding in the West Palaearctic Region (Crambidae: Spilomelinae). Nota lepiderologica. 29(3): 185‚Äì192
1519;0;Oceania;Danaus plexippus;Australian;2022;Walker, A., Oberhauser, K., Pelton, E. and Pleasants, J. (2022). Danaus plexippus (errata version published in 2022). The IUCN Red List of Threatened Species 2022: e.T159971A219149911
1520;0;Oceania;Pseudocoremia suavis;Australian;2004;Berndt, L., Brockerhoff, E., Jactel, H., Weiss, T. and Beaton, J. (2004). Biology and rearing of Pseudocoremia suavis, an endemic looper (Lepidoptera: Geometridae) with a history of outbreaks on exotic conifers. New Zealand Entomologist. 27(1): 73-82
1521;0;Oceania;Chrysodeixis eriosoma;Australian;1979;Roberts, L. (1979). Biology of Chrysodeixis eriosoma (Lepidoptera: Noctuidae) in New Zealand. New Zealand Entomologist. 7(1): 52-58
1522;0;Oceania;Chrysodeixis eriosoma;Australian;2024;de Prins J. and de Prins W. (2024). Afromoths, online database of Afrotropical moth species (Lepidoptera). Available at: http://www.afromoths.net
1523;0;Oceania;Helicoverpa armigera;Australian;2017;Tay, W., Walsh, T., Downes, S., Anderson, C., Jermiin, L., Wong, T., ... and Gordon, K. (2017). Mitochondrial DNA and trade data support multiple origins of Helicoverpa armigera (Lepidoptera, Noctuidae) in Brazil. Scientific Reports. 7: 45302
1524;0;Oceania;Cnaphalocrocis poeyalis;Oceanina;2025;PaDIL (2025). The Pest and Disease Image Library (PaDIL). Available at: https://www.padil.gov.au/ 
1525;0;Asia;Papilio demodocus;Saharo-Arabian;2024;CAB International (CABI) (2024). CABI Invasive Species Compendium. Available at: https://www.cabidigitallibrary.org/product/QI
1526;0;Oceania;Chilo infuscatellus;Oriental;2024;Li, A., Chen, Z., Liao, F., Zhao, Y., Qin, C., Wang, M., ... and Huang, D. (2024). Sugarcane borers: species, distribution, damage and management options. Journal of Pest Science, 97(3): 1171-1201
1527;0;Asia;Apamea remissa;Saharo-Arabian;2011;Gyulai, P., Ronkay, L. and Saldatis, A. (2011) New Noctuidae species from China and the Himalayas (Lepidoptera, Noctuoidea). Esperiana Band. 16: 166-197
1528;0;Asia;Apamea remissa;Oriental;2011;Gyulai, P., Ronkay, L. and Saldatis, A. (2011) New Noctuidae species from China and the Himalayas (Lepidoptera, Noctuoidea). Esperiana Band. 16: 166-197
1529;0;Asia;Deilephila elpenor;Saharo-Arabian;2013;Hanif, H., Khan, S., Khan, M. and Raza, M. (2013). First record of Deilephila elpenor L. moth from Chakwal Punjab Pakistan. International Journal of Fauna and Biological Studies. 3(2): 10-13
1530;0;Asia;Euproctis fraterna;Saharo-Arabian;2016;Nizamani, I., Rustamani, M., Khaskheli, M., Bukero, A., Khatri, I. and Nizaman, S. (2016).  Screening Of Jujube Varieties Against Euproctis Fraterna Moore. Science International-Lahore. 28(1): 447-453
1531;0;Asia;Phalanta phalantha;Saharo-Arabian;2021;Westrip, J. (2021). Phalanta phalantha (errata version published in 2022). The IUCN Red List of Threatened Species 2021: e.T162638397A223003677
1532;0;Asia;Pygospila tyres;Saharo-Arabian;2022;Kalawate, A., Shabnam, A. and Dinesh, K. (2022). First Indian DNA barcode record for the moth species Pygospila tyres (Cramer, 1780) (Lepidoptera: Crambidae: Spilomelinae) distributed in Asia and Australia. Journal of Threatened Taxa. 14(2): 20637‚Äì20642
1533;0;Asia;Earias cupreoviridis;Saharo-Arabian;1965;Gentry, J. (1965). Crop insects of northeast Africa-southwest Asia (No. 273). Agricultural Research Service, US Department of Agriculture.
1534;0;Asia;Spodoptera litura;Saharo-Arabian;2019;Jung, J., Byeon, D., Jung, S. and Lee, W. (2019). Effect of climate change on the potential distribution of the common cutworm (Spodoptera litura) in South Korea. Entomological Research. 49(12): 519-528
1535;0;Asia;Papilio polytes;Saharo-Arabian;2013;"Halloran, K. and Wason, E. (2013). ""Papilio polytes"" (On-line), Animal Diversity Web. University of Michigan. Michigan, United States of America. Available at: https://animaldiversity.org/accounts/Papilio_polytes/"
1536;0;Asia;Tinea translucens;Saharo-Arabian;2010;Lopez-Vaamonde, C., Agassiz, D., Augustin, S., De Prins, J., De Prins, W., Gomboc, S., ... and Lees, D. (2010). Lepidoptera. Chapter 11. BioRisk 4: 603-668
1537;0;Asia;Tinea translucens;Oriental;2010;Lopez-Vaamonde, C., Agassiz, D., Augustin, S., De Prins, J., De Prins, W., Gomboc, S., ... and Lees, D. (2010). Lepidoptera. Chapter 11. BioRisk 4: 603-668
1538;0;Asia;Trilocha varians;Saharo-Arabian;2021;Ramzan, M., Naeem-Ullah, U., Sial, M., Iqbal, N. and Saeed, S. (2021). Distribution, biology and management strategies about a less studied insect pest (Trilocha varians) of Ficus: a review. Pakistan Journal of Agricultural Research. 34(3): 638-642
1539;0;Asia;Aproaerema modicella;Saharo-Arabian;1993;Shanower, T., Wightman, J. and Gutierrez, A. (1993). Biology and control of the groundnut leafminer, Aproaerema modicella (Deventer)(Lepidoptera: Gelechiidae). Crop Protection. 12(1): 3-10
1540;0;Asia;Theretra latreillii;Saharo-Arabian;2014;Rafi, M., Sultan, A., Kitching, I., Pittaway, A., Markhasiov, M., Khan, M. and Naz, F. (2014). The Hawkmoth Fauna of Pakistan (Lepidoptera: Sphingidae). Zootaxa. 3794(3): 393-418
1541;0;Asia;Leucinodes orbonalis;Saharo-Arabian;2015;Mally, R., Korycinska, A., Agassiz, D., Hall, J., Hodgetts, J. and Nuss, M. (2015). Discovery of an unknown diversity of Leucinodes species damaging Solanaceae fruits in sub-Saharan Africa and moving in trade (Insecta, Lepidoptera, Pyraloidea). ZooKeys. 472: 117‚Äì162
1542;0;Asia;Cryptoblabes gnidiella;Oriental;2024;CAB International (CABI) (2024). CABI Invasive Species Compendium. Available at: https://www.cabidigitallibrary.org/product/QI
1543;0;Asia;Chilo suppressalis;Saharo-Arabian;2024;CAB International (CABI) (2024). CABI Invasive Species Compendium. Available at: https://www.cabidigitallibrary.org/product/QI
1544;0;Asia;Callopistria maillardi;Saharo-Arabian;2024;de Prins J. and de Prins W. (2024). Afromoths, online database of Afrotropical moth species (Lepidoptera). Available at: http://www.afromoths.net
1545;0;Asia;Ascalenia acaciella;Oriental;2006;Koster, S. and Sammut, P. (2006). Faunistic notes on Momphidae, Batrachedridae, Stathmopodidae and Cosmopterigidae from the Maltese Islands. Nota lepidopterologica. 29(1): 49
1546;0;Asia;Parapoynx diminutalis;Saharo-Arabian;1989;Buckingham, G. and Bennett, C. (1989). Laboratory host range of Parapoynx diminutalis (Lepidoptera: Pyralidae), an Asian aquatic moth adventive in Florida and Panama on Hydrilla verticillata (Hydrocharitaceae). Environmental Entomology. 18(3): 526-530
1547;0;Asia;Diaphania indica;Saharo-Arabian;2018;Dai, L., Zhou, X., Kausar, S., Abbas, M., Wu, L. and Zhou, H. (2018). Mitochondrial genome of Diaphania indica (saunders)(Lepidoptera: Pyraloidea) and implications for its phylogeny. International Journal of Biological Macromolecules. 108: 981-989
1548;0;Asia;Earias vittella;Saharo-Arabian;2014;Kravchenko, V., Muller, G., Allan, S., and Yefremova, Z. (2014). Seven invasive owlet moths (Lepidoptera: Noctuidae) in Israel and their potential parasitoids (Hymenoptera: Chalcidoidea). Phytoparasitica. 42: 333-339
1549;0;Asia;Coleophora klimeschiella;Saharo-Arabian;1976;Khan, A. and Baloch, G. (1976). Coleophora klimeschiella [Lep.: Coleophoridae] a promising biocontrol agent for russian thistles, Salsola spp. Entomophaga 21 (4): 425-428
1550;0;Asia;Coleophora klimeschiella;Oriental;1976;Khan, A. and Baloch, G. (1976). Coleophora klimeschiella [Lep.: Coleophoridae] a promising biocontrol agent for russian thistles, Salsola spp. Entomophaga 21 (4): 425-428
1551;0;Asia;Zizina otis;Saharo-Arabian;2017;Mengal, F., Khan, I., Rafi, M., Durrani, S., Qasim, M., Makai, G., ... and Jajja, N. (2017). Faunistics of Butterflies (Lepidoptera: Rephalocera) with some new records from Quetta, Bolochistan, Pakistan. University of Sindh Journal of Animal Sciences. 3(1): 26-35
1552;0;Asia;Zizina otis;Oriental;2017;Mengal, F., Khan, I., Rafi, M., Durrani, S., Qasim, M., Makai, G., ... and Jajja, N. (2017). Faunistics of Butterflies (Lepidoptera: Rephalocera) with some new records from Quetta, Bolochistan, Pakistan. University of Sindh Journal of Animal Sciences. 3(1): 26-35
1553;0;Asia;Coleophora parthenica;Oriental;1990;Muller, H. and Goeden, R. (1990). Parasitoids acquired by Coleophora parthenica [Lepidoptera: Coleophoridae] ten years after its introduction into southern California for the biological control of Russian thistle. Entomophaga. 35: 257-268
1554;0;Asia;Coleophora parthenica;Oriental;1990;Muller, H., Nuessly, G. and Goeden, R. (1990). Natural enemies and host-plant asynchrony contributing to the failure of the introduced moth, Coleophora parthenica Meyrick (Lepidoptera: Coleophoridae), to control Russian thistle. Agriculture, ecosystems & environment. 32(1): 133-142
1555;0;Asia;Coleophora parthenica;Saharo-Arabian;1990;Muller, H. and Goeden, R. (1990). Parasitoids acquired by Coleophora parthenica [Lepidoptera: Coleophoridae] ten years after its introduction into southern California for the biological control of Russian thistle. Entomophaga. 35: 257-268
1556;0;Asia;Coleophora parthenica;Saharo-Arabian;1990;Muller, H., Nuessly, G. and Goeden, R. (1990). Natural enemies and host-plant asynchrony contributing to the failure of the introduced moth, Coleophora parthenica Meyrick (Lepidoptera: Coleophoridae), to control Russian thistle. Agriculture, ecosystems & environment. 32(1): 133-142
1557;0;North America;Thecla megarus;Panamanian;2014;Gilligan, T. and Passoa, S. (2014). LepIntercept - An identification resource for intercepted Lepidoptera larvae. Available at: https://idtools.org/id/lepintercept/strymon.html
1558;0;North America;Sibine apicalis;Panamanian;2023;Pardey, A. (2023). 29. El gusano monturita, Acharia apicalis (Dyar, 1900), en palma de aceite. In: Centro de Investigacion en Palma de Aceite, C. (2023). Manejo de plagas para una palmicultura sostenible en Colombia Elaeis guineensis e hibrido OxG. Centro de Investigacion en Palma de Aceite, Cenipalma. 9789588360867
1559;0;North America;Comotia torsicornis;Panamanian;1914;Dyar, H. (1914). Description of new species of lepidoptera from Mexico. Proceedings of th United States National Museum. 47: 365-409
1560;0;South America;Acrolepia jaspidata;Neotropical;2016;Gaedike, R. (2016). New and poorly known Acrolepiinae from the Palaearctic, Afrotropical, Neotropical and Oriental regions (Lepidoptera: Glyphipterigidae). Contributions to Entomology, 66(2), 257-264
1561;0;South America;Helicoverpa titicacae;Neotropical;2020;Santander, F., Ilabaca-Soto, D. and Aracena, I. (2020). Primer registro de Helicoperva titicacae (Hardwick)(Lepidoptera: Noctuidae) en Chile. Revista chilena de entomologia, 46(1): 121-124
1562;0;South America;Homoeographa lanceolella;Neotropical;2016;Vargas, H. (2016). Primer registro de Homoeographa lanceolella Ragonot (Lepidoptera: Pyralidae: Phycitinae) en Chile. Gayana (Concepci√≥n), 80(2): 201-203
1563;0;South America;Phthorimaea absoluta;Neotropical;2018;Biondi, A., Guedes, R., Wan, F. and Desneux, N. (2018). Ecology, worldwide spread, and management of the invasive South American tomato pinworm, Tuta absoluta: past, present, and future. Annual review of entomology. 63(1): 239-258
1564;0;South America;Bucculatrix thurberiella;Neotropical;1956;Haidari, H. (1956). The biology and control of the cotton leaf perforator. [Master of Sciences Thesis, The University of Arizona]. UA Campus Repository
1565;0;Asia;Hasora badra;Oriental;1993;de Jong, R. and Treadaway, C. G. (1993). The Hesperiidae (lepidoptera) of the Philippines. Zoologische Verhandelingen. 288(1): 1-125
1566;0;Asia;Appias lyncida;Oriental;2017;Hardy, P. and Lawrence, J. (2017). Field guide to butterflies of the Philippines. Siri Scientific Press.
1567;0;Asia;Parapoynx diminutalis;Oriental;1996;Buckingham, G. and Bennett, C. (1996). Laboratory biology of an immigrant Asian moth, Parapoynx diminutalis (Lepidoptera: Pyralidae), on Hydrilla verticillata (Hydrocharitaceae). Florida Entomologist. 79(3): 353-353
1568;0;Asia;Bocchoris fatualis;Oriental;2003;Melastome, A., Starr, F., Starr, K. and Loope, L. (2003). Melastoma candidum. Pacific Island Ecosystems at Risk (PIER) Report. 6pp
1569;0;Oceania;Chilo infuscatellus;Oceanina;2024;Li, A., Chen, Z., Liao, F., Zhao, Y., Qin, C., Wang, M., ... and Huang, D. (2024). Sugarcane borers: species, distribution, damage and management options. Journal of Pest Science, 97(3): 1171-1201
1570;0;Oceania;Conopomorpha cramerella;Oceanina;2024;de Prins J. and de Prins W. (2024). Global Taxonomic Database of Gracillariidae (Lepidoptera). Avaliable at: http://www.gracillariidae.net
1571;0;Oceania;Borbo cinnara;Oceanina;2024;Inayoshi, Y. (2024). A Check List of Butterflies in Indo-China - Chiefly from Thailand, Laos and Vietnam. Available at: https://yutaka.it-n.jp/index.html
1572;0;Oceania;Zizula hylax;Oceanina;2013;Fric, Z. and Hula, V. (2013).  Zizula hylax (Fabricius, 1775) new butterfly species for Socotra (Lepidoptera: Lycaenidae). SHILAP Revista de Lepidopterologia. 41(164): 571-575
1573;0;Oceania;Sesamia grisescens;Oceanina;1998;Kuniata, L. (1998). Borer damage and estimation of losses caused by Sesamia grisescens Walker (Lepidoptera: Noctuidae) in sugarcane in Papua New Guinea. International Journal of Pest Management, 44(2): 93-98
1574;0;Oceania;Chlumetia euthysticha;Oceanina;1985;Holloway, J. (1985). Moths of Borneo 14. Family Noctuidae. Subfamily: Euteliinae, Stictopterinae, Plusinae, Pantheinae. Malayan Nature Journal. Available at: https://www.mothsofborneo.com/part-14/index.htm
1575;0;Oceania;Chilo polychrysa;Oceanina;1990;Li, C. (1990). Status and control of Chilo spp., their distribution, host range and economic importance in Oceania. International Journal of Tropical Insect Science, 11(4): 535-539
1576;0;Oceania;Pectinophora fusculella;Oceanina;1900;Pagenstecher, A. (1900). Die Lepidopterenfauna des Bismarckarchipels. Mit Berucksichtigung der thiergeographischen und biologischen Verhaltnisse systematisch dargestellt.  Zoologica. 12(29)
1577;0;Oceania;Acherontia lachesis;Oceanina;2024;Pittaway, A. and Kitching, I. (2024). Sphingidae of the Eastern Palaearctic (including Siberia, the Russian Far East, Mongolia, China, Taiwan, the Korean Peninsula and Japan). Available at: https://tpittaway.tripod.com/china/china.htm
1578;0;Oceania;Hypolimnas misippus;Oceanina;2021;Coetzer, A. and Westrip, J. (2021). Hypolimnas misippus. The IUCN Red List of Threatened Species 2021: e.T62148588A161331411
1579;0;Oceania;Papilio demoleus;Oceanina;2020;Riaz, S., Johnson, J., Rasheed, T. and Wiemers, M. (2020). Morphology, life cycle and management of two invasive subspecies of Papilio demoleus (Lepidoptera: Papilionidae): A review. Journal of Applied Entomology. 144: 845‚Äì856
1580;0;Oceania;Ostrinia furnacalis;Oceanina;1991;Nafus, D. and Schreiner, I. (1991). Review of the biology and control of the Asian corn borer, Ostrinia furnacalis (Lep: Pyralidae). International Journal of Pest Management. 37(1): 41-56
1581;0;Oceania;Phalanta phalantha;Oceanina;2021;Westrip, J. (2021). Phalanta phalantha (errata version published in 2022). The IUCN Red List of Threatened Species 2021: e.T162638397A223003677
1582;0;Oceania;Pygospila tyres;Oceanina;2022;Kalawate, A., Shabnam, A. and Dinesh, K. (2022). First Indian DNA barcode record for the moth species Pygospila tyres (Cramer, 1780) (Lepidoptera: Crambidae: Spilomelinae) distributed in Asia and Australia. Journal of Threatened Taxa. 14(2): 20637‚Äì20642
1583;0;Oceania;Omphisa anastomosalis;Oceanina;1958;Zimmerman, E. (1958). Insects of Hawaii. Volume 8, Lepidoptera: Pyraloidea. Hawaii: University of Hawaii Press.
1584;0;Oceania;Pericyma cruegeri;Oceanina;2020;Ekka, R., Shaw, S., Meshram, Y. and Swamy, S. (2020). Outbreak of Poinciana looper moth, Pericyma cruegeri (Butler)(Lepidoptera: Erebidae) in the Korba district of Chhattisgarh. Journal of Pharmacognosy and Phytochemistry. 9(4S): 704-709
1585;0;Oceania;Blastobasis inana;Oceanina;1978;Zimmerman, E. (1978). Insects of Hawaii. Vol. 9 Microlepidoptera. Part II. The University Press of Hawaii, Honolulu.
1586;0;Oceania;Rhynchopalpus brunella;Oceanina;2019;Joshi, R., Singh, N. and Laszlo, G. (2019). An updated checklist of subfamily Nolinae (Lepidoptera, Nolidae) from India. Records of the Zoological Survey of India. 119(3): 263-281
1587;0;Oceania;Agonoxena pyrogramma;Oceanina;1984;Clarke, B. and Gates-Clarke, J. (1984). Insects of Micronesia, Microlepidoptera: Gelechioidea. Insects of Micronesia. 9(2): 145-155
1588;0;Oceania;Theretra latreillii;Oceanina;2014;Rafi, M., Sultan, A., Kitching, I., Pittaway, A., Markhasiov, M., Khan, M. and Naz, F. (2014). The Hawkmoth Fauna of Pakistan (Lepidoptera: Sphingidae). Zootaxa. 3794(3): 393-418
1589;0;Oceania;Callopistria maillardi;Oceanina;2024;de Prins J. and de Prins W. (2024). Afromoths, online database of Afrotropical moth species (Lepidoptera). Available at: http://www.afromoths.net
1590;0;Oceania;Chrysodeixis eriosoma;Oceanina;2024;de Prins J. and de Prins W. (2024). Afromoths, online database of Afrotropical moth species (Lepidoptera). Available at: http://www.afromoths.net
1591;0;Oceania;Grapholita delineana;Oceanina;2012;Byun, B., Lee, B., Bae, K. and Lee, K. (2012). A review of the genus Grapholita (Lepidoptera, Tortricidae) in North Korea. Animal Systematics, Evolution and Diversity. 28(4): 291-296
1592;0;Oceania;Athetis nonagrica;Oceanina;2024;Holloway, J. (2024). Moths of Borneo 12. Family Notuidae, Trifine. Subfamilies: Noctuinae, Heliothinae, Hadeninae, Acronictinae, Amphipyrinae, Agaristinae. Southdene Sdn. Available at: https://www.mothsofborneo.com/part-12/index.htm
1593;0;Oceania;Lamprosema chagosalis;Oceanina;2015;Hayden, J. and Troubridge, J. (2015). Nacoleia charesalis (Walker) spreading in Florida. News of the Lepidopterists Society. 57(1): 8-10
1594;0;Europe;Cochylis atricapitana;Palearctic;2013;Turner, S. and Cesselli, S. (2013). Operational field guide to the establishment of tansy ragwort biocontrol agents in British Columbia. Prov. B.C. Victoria, B.C.
1595;0;Asia;Tiracola plagiata;Palearctic;2024;Holloway, J. (2024). Moths of Borneo 12. Family Notuidae, Trifine. Subfamilies: Noctuinae, Heliothinae, Hadeninae, Acronictinae, Amphipyrinae, Agaristinae. Southdene Sdn. Available at: https://www.mothsofborneo.com/part-12/index.htm
1596;0;Europe;Pyroderces argyrogrammos;Palearctic;2018;Perez Santa-Rita, J., Ros-Prieto, A., Vieira, V., Karsholt, O., Gabriel, R. and Borges, P. (2018). New records of moths (Insecta, Lepidoptera) from urban gardens on Terceira Island with new data on recently introduced species to the Azores. Arquip√©lago-Life and Marine Sciences, 35: 47-65
1597;0;Europe;Cosmopterix pulchrimella;Palearctic;2019;Rosete, J., Lameirinhas, A. and Corley, M. (2019). The Moths of Const√¢ncia (Ribatejo, Portugal)-a brief sampling (Insecta: Lepidoptera). SHILAP Revista de lepidopterolog√≠a, 47(187): 519-533
1598;0;Europe;Mythimna unipuncta;Palearctic;2024;CAB International (CABI) (2024). CABI Invasive Species Compendium. Available at: https://www.cabidigitallibrary.org/product/QI
1599;0;Europe;Blastobasis vittata;Palearctic;2004;Karsholt, O. and Sinev, S. (2004). Contribution to the Lepidoptera fauna of the Madeira Islands Part 4. Blastobasidae.¬†Beitrage zur Entomologie.¬†54(2): 387-463
1600;0;Europe;Cadra calidella;Palearctic;1968;Prevett, P. (1968). Some laboratory observations on the life-cycle of Cadra calidella (Guen.)(Lepidoptera: Phycitidae). Journal of Stored Products Research. 4(3): 233-238
1601;0;Europe;Clavigesta sylvestrana;Palearctic;2020;Corley, M. , Nunes, J., Rosete, J., Terry, R. and Ferreira, S. (2020). New and interesting Portuguese Lepidoptera records from 2019 (Insecta: Lepidoptera). SHILAP Revista de lepidopterologia. 48(192): 609-641
1602;0;Europe;Pempelia genistella;Palearctic;1996;Yoshioka, E. and Conant, P. (1996). Biological control of gorse in Hawaii. Proceedings of the IX International Symposium on Biological Control of Weeds. 371-375
1603;0;Europe;Blastobasis adustella;Palearctic;2009;de Prins, W., de Prins, G. and Larsen, K. (2009). Blastobasis adustella (Lepidoptera: Coleophoridae, Blastobasinae), new to the Belgian list. Phegea. 37(3): 111-118
1604;0;Europe;Blastobasis decolorella;Palearctic;2004;Karsholt, O. and Sinev, S. (2004). Contribution to the Lepidoptera fauna of the Madeira Islands Part 4. Blastobasidae.¬†Beitrage zur Entomologie.¬†54(2): 387-463
1605;0;Europe;Blastobasis lacticolella;Palearctic;2004;Karsholt, O. and Sinev, S. (2004). Contribution to the Lepidoptera fauna of the Madeira Islands Part 4. Blastobasidae.¬†Beitrage zur Entomologie.¬†54(2): 387-463
1606;0;Europe;Blastobasis rebeli;Palearctic;2004;Karsholt, O. and Sinev, S. (2004). Contribution to the Lepidoptera fauna of the Madeira Islands Part 4. Blastobasidae.¬†Beitrage zur Entomologie.¬†54(2): 387-463
1607;0;Europe;Coleophora colutella;Palearctic;2006;Corley, M., Maravalhas, E. and de Carvalho, J. (2006). Miscellaneous additions to the Lepidoptera of Portugal (Insecta: Lepidoptera).¬†SHILAP Revista de lepidopterologia.¬†34(136): 407-427
1608;0;Africa;Blastobasis marmorosella;Palearctic;2004;Karsholt, O. and Sinev, S. (2004). Contribution to the Lepidoptera fauna of the Madeira Islands Part 4. Blastobasidae.¬†Beitrage zur Entomologie.¬†54(2): 387-463
1609;0;Africa;Bactra venosana;Palearctic;2007;Khramov, P. (Ed.) (2007). Insecta.pro: international entomological community. Available online at: https://insecta.pro
1610;0;Africa;Caloptilia coruscans;Palearctic;2024;de Prins J. and de Prins W. (2024). Global Taxonomic Database of Gracillariidae (Lepidoptera). Avaliable at: http://www.gracillariidae.net
1611;0;Africa;Blastobasis maroccanella;Palearctic;2004;Karsholt, O. and Sinev, S. (2004). Contribution to the Lepidoptera fauna of the Madeira Islands Part 4. Blastobasidae.¬†Beitrage zur Entomologie.¬†54(2): 387-463
1612;0;Africa;Amphipyra tragopoginis;Palearctic;2007;Khramov, P. (Ed.) (2007). Insecta.pro: international entomological community. Available online at: https://insecta.pro
1613;0;Africa;Chrysoesthia sexguttella;Palearctic;2007;Khramov, P. (Ed.) (2007). Insecta.pro: international entomological community. Available online at: https://insecta.pro
1614;0;Africa;Caradrina clavipalpis;Palearctic;2007;Khramov, P. (Ed.) (2007). Insecta.pro: international entomological community. Available online at: https://insecta.pro
1615;0;South America;Erinnyis ello;Neotropical;2022;Smith, P., Kitching, I., Rios, S. and Haxaire, J. (2022). An annotated catalogue of the Paraguayan Sphingidae (Lepidoptera). Journal of Insect Biodiversity. 31(2): 36-81
1616;0;Asia;Caloptilia coruscans;Saharo-Arabian;2024;de Prins J. and de Prins W. (2024). Global Taxonomic Database of Gracillariidae (Lepidoptera). Avaliable at: http://www.gracillariidae.net
1617;0;Europe;Ochlodes venata;Palearctic;2023;Farahpour-Haghani, A., Jalaeian, M. and Nazari, V. (2023). First record of skipper genus Ochlodes scudder, 1872 (Lepidoptera: Hesperiidae) feeding on rice, with a note on the taxonomy of Ochlodes sylvanus hyrcana (Christoph, 1893) stat. rev. Journal of Applied Entomology, 147(9): 756-764
1618;0;Europe;Zeiraphera griseana;Palearctic;2005;Zhang, A. and Li, H. (2005). Catalogue of Eucosmini from China (Lepidoptera: Tortricidae) SHILAP Revista de Lepidopterologia. 33(131): 265-298
1619;0;Europe;Acleris forsskaleana;Palearctic;1974;Powell, J. and Burns, J. (1971). Colonization of the northeastern United States by two Palearctic moths (Lepidoptera: Tortricidae). Psyche: A Journal of Entomology. 78(1-2): 38-48
1620;0;Europe;Acleris rhombana;Palearctic;2009;Alipanah, H. (2009). A brief study on the tribes Tortricini and Archipini (Lepidoptera: Tortricinae) from Iran. Entomofauna. 10: 137-152
1621;0;Europe;Ptycholomoides aeriferana;Palearctic;2003;Byun, B., Yan, S. and Ll, C. (2003). Revision of Tribe Archipini (Tortricidae: Tortricinae) in Northeast. Journal of Forestry Research. 14(2): 93-102
1622;0;Europe;Anomis privata;Palearctic;1996;Kononenko, V., Ahn, S. and Ronkay, L. (1998). Illustrated catalogue of Noctuidae in Korea (Lepidoptera). Insect of Korea. Series 3. Korea Research Institute of Bioscience and Biotechnology : Center for Insect Systematics
1623;0;Europe;Archips fuscocupreanus;Palearctic;2024;CAB International (CABI) (2024). CABI Invasive Species Compendium. Available at: https://www.cabidigitallibrary.org/product/QI
1624;0;Europe;Dendrolimus sibiricus;Palearctic;2020;Flo, D., Rafoss, T., Wendell, M. and Sundheim, L. (2020). The Siberian moth (Dendrolimus sibiricus), a pest risk assessment for Norway. Forest Ecosystems. 7: 1-11
1625;0;Europe;Eudocima tyrannus;Palearctic;2019;Singh, N., Ahmad, J., Kaustubh, K. and Joshi, R. (2019). New distributional records of Eudocima Billberg, 1820 (Lepidoptera: Erebidae: Calpinae) from Gangetic Plains (India). Records of the Zoological Survey of India. 119(3): 238-245
1626;0;Europe;Autosticha modicella;Palearctic;2017;Park, K. and Kim, S. (2017). Faunistic data of micromoths (Lepidoptera) in North Korea. Journal of Asia-Pacific Biodiversity. 10(1): 73-80
1627;0;Europe;Chiasmia aestimaria;Palearctic;2007;Khramov, P. (Ed.) (2007). Insecta.pro: international entomological community. Available online at: https://insecta.pro
1628;0;Europe;Eupithecia abietaria;Palearctic;2021;Knyazev, S. and Mironov, V. (2021). Additions to the Catalogue of Lepidoptera of Omsk Region of Russia. Part 2: Eupithecia Curtis, 1825 (Lepidoptera: Geometridae). SHILAP Revista de lepidopterologia. 49(195): 563-568
1629;0;Europe;Hadena compta;Palearctic;2007;Kravchenko, V., Fibiger, M., Mooser, J., Junnila, A. and Muller, G. C. (2007). The Hadeninae of Israel (Lepidoptera: Noctuidae). SHILAP Revista de lepidopterologia. 35(140): 441-454
1630;0;Europe;Phyllonorycter medicaginella;Palearctic;2012;Mishchenko, A. and Yefremova, Z. (2012). Phyllonorycter medicaginella (Lepidoptera, Gracillariidae) and its parasitoids (Hymenoptera, Eulophidae) in the Middle Volga River basin. Entomological Review. 92(8): 845-850
1631;0;Europe;Earias vernana;Palearctic;2020;Roy, D., Alderman, D., Anastasiu, P., Arianoutsou, M., Augustin, S., Bacher, S., ... and Reyserhove, L., (2020). DAISIE - Delivering Alien Invasive Species Inventories for Europe. Available at: http://www.europe-aliens.org/
1632;0;Europe;Eucosma cana;Palearctic;2005;Zhang, A. and Li, H. (2005). Catalogue of Eucosmini from China (Lepidoptera: Tortricidae). SHILAP Revista de lepidopterologia. 33(131): 265-298
1633;0;Europe;Autographa gamma;Palearctic;2007;Khramov, P. (Ed.) (2007). Insecta.pro: international entomological community. Available online at: https://insecta.pro
1634;0;Europe;Phyllonorycter issikii;Palearctic;2024;CAB International (CABI) (2024). CABI Invasive Species Compendium. Available at: https://www.cabidigitallibrary.org/product/QI
1635;0;Europe;Coleophora colutella;Palearctic;2001;Anikin, V. and Shchurov, V. (2001). Casebearers from Caucasus (Lepidoptera: Coleophoridae). Zoosystematica Rossica. 10: 171-179
1636;0;Europe;Coleophora klimeschiella;Palearctic;1976;Khan, A. and Baloch, G. (1976). Coleophora klimeschiella [Lep.: Coleophoridae] a promising biocontrol agent for russian thistles, Salsola spp. Entomophaga 21 (4): 425-428
1637;0;Europe;Coleophora parthenica;Palearctic;1990;Muller, H., Nuessly, G. and Goeden, R. (1990). Natural enemies and host-plant asynchrony contributing to the failure of the introduced moth, Coleophora parthenica Meyrick (Lepidoptera: Coleophoridae), to control Russian thistle. Agriculture, ecosystems & environment. 32(1): 133-142
1638;0;Europe;Cydia coniferana;Palearctic;2007;Powell, N. (2007). First report of the Palearctic species Cydia coniferana (Tortricidae) in the western United States. Journal of the Lepidopterists Society. 61(3): 172-175
1639;0;Europe;Anania hortulata;Palearctic;2019;Yang, Z. and Landry, J.-F. (2019). Allopatric separation represents an overlooked cryptic species in the Anania hortulata species complex (Lepidoptera: Crambidae: Pyraustinae): congruence between genetic and morphological evidence. The Canadian Entomologist. 00: 1-24
1640;0;Europe;Evergestis pallidata;Palearctic;2022;Goater, B., Nuss, M. and Speidel, W. (2022). Pyraloidea I:(Acentropinae, Evergestinae, Heliothelinae, Schoenobiinae, Scopariinae) (Vol. 4). Brill. Leiden, Netherlands.
1641;0;Europe;Aproaerema polychromella;Palearctic;2010;Junnilainen, J., Karsholt, O., Nupponen, K., Kaitila, J., Nupponen, T. and Olschwang, V. (2010). The gelechiid fauna of the southern Ural Mountains, part II: list of recorded species with taxonomic notes (Lepidoptera: Gelechiidae). Zootaxa. 2367(1): 1-68
1642;0;Europe;Notocelia cynosbatella;Palearctic;2012;Trematerra, P. (2012). Notes on some Lepidoptera Tortricidae from Central Asia. Journal of Entomological and Acarological Research. 44: e1
1643;0;Asia;Acronicta aceris;Palearctic;2007;Khramov, P. (Ed.) (2007). Insecta.pro: international entomological community. Available online at: https://insecta.pro
1644;0;Asia;Scardia amurensis;Palearctic;2016;Osada, Y., Sakai, M. and Hirowatari, T. (2016). A review of the Japanese species of the genus Scardia Treitschke (Lepidoptera, Tineidae), with description of a new species. Zootaxa. 4079(3): 363-371
1645;0;Asia;Agonopterix alstromeriana;Palearctic;2007;Khramov, P. (Ed.) (2007). Insecta.pro: international entomological community. Available online at: https://insecta.pro
1646;0;Asia;Aglossa dimidiatus;Palearctic;2007;Khramov, P. (Ed.) (2007). Insecta.pro: international entomological community. Available online at: https://insecta.pro
1647;0;Asia;Aglossa pinguinalis;Palearctic;2007;Khramov, P. (Ed.) (2007). Insecta.pro: international entomological community. Available online at: https://insecta.pro
1648;0;Asia;Adoxophyes orana;Palearctic;2007;Khramov, P. (Ed.) (2007). Insecta.pro: international entomological community. Available online at: https://insecta.pro
1649;0;Asia;Notocelia rosaecolana;Palearctic;2007;Khramov, P. (Ed.) (2007). Insecta.pro: international entomological community. Available online at: https://insecta.pro
1650;0;Asia;Pandemis cerasana;Palearctic;2007;Khramov, P. (Ed.) (2007). Insecta.pro: international entomological community. Available online at: https://insecta.pro
1651;0;Asia;Stigmella multispicata;Palearctic;2018;van Nieukerken, E., Gilrein, D. and Eiseman, E. (2018). Stigmella multispicata Rociene & Stonis, an Asian leafminer on Siberian elm, now widespread in eastern North America (Lepidoptera, Nepticulidae). ZooKeys. 784: 95-125
1652;0;Asia;Polychrysia moneta;Palearctic;2017;Saulich, A., Sokolova, I. and Musolin, D. (2017). Seasonal cycles of noctuid moths of the subfamily Plusiinae (Lepidoptera, Noctuidae) of the Palaearctic: diversity and environmental control. Entomological Review. 97: 143-157
1653;0;Asia;Yponomeuta cagnagellus;Palearctic;1987;Hoebeke, E. (1987). Yponomeuta cagnagella (Lepidoptera: Yponomeutidae): A palearctic ermine moth in the United States, with notes on its recognition, seasonal history, and habits.¬†Annals of the Entomological Society of America.¬†80(4): 462-467
1654;0;Asia;Pandemis cerasana;Palearctic;1980;Mutuura, A. (1980). Two Pandemis species introduced into British Columbia, with a comparison of native North American species (Lepidoptera: Tortricidae). The Canadian Entomologist. 112(6): 549-554
1655;0;Asia;Sclerocona acutella;Palearctic;2003;Wagner, D., Ferguson, D. and Glaser, J. (2003). Sclerocona acutella (Eversmann)(Crambidae: Pyraustinae), naturalized along the eastern seaboard. Journal ofthe Lepidopterists Society. 57(4): 270-273
1656;0;Asia;Apamea crenata;Palearctic;2007;Khramov, P. (Ed.) (2007). Insecta.pro: international entomological community. Available online at: https://insecta.pro
1657;0;Asia;Apamea remissa;Palearctic;2007;Khramov, P. (Ed.) (2007). Insecta.pro: international entomological community. Available online at: https://insecta.pro
1658;0;Asia;Argyresthia laevigatella;Palearctic;2007;Khramov, P. (Ed.) (2007). Insecta.pro: international entomological community. Available online at: https://insecta.pro
1659;0;Asia;Aproaerema anthyllidella;Palearctic;2007;Khramov, P. (Ed.) (2007). Insecta.pro: international entomological community. Available online at: https://insecta.pro
1660;0;Asia;Argyresthia curvella;Palearctic;2007;Khramov, P. (Ed.) (2007). Insecta.pro: international entomological community. Available online at: https://insecta.pro
1661;0;Asia;Argyresthia fundella;Palearctic;2007;Khramov, P. (Ed.) (2007). Insecta.pro: international entomological community. Available online at: https://insecta.pro
1662;0;Asia;Autosticha modicella;Palearctic;2017;Park, K. and Kim, S. (2017). Faunistic data of micromoths (Lepidoptera) in North Korea. Journal of Asia-Pacific Biodiversity. 10(1): 73-80
1663;0;Asia;Bupalus piniaria;Palearctic;2007;Khramov, P. (Ed.) (2007). Insecta.pro: international entomological community. Available online at: https://insecta.pro
1664;0;Asia;Caloptilia roscipennella;Palearctic;2007;Khramov, P. (Ed.) (2007). Insecta.pro: international entomological community. Available online at: https://insecta.pro
1665;0;Asia;Chiasmia aestimaria;Palearctic;2007;Khramov, P. (Ed.) (2007). Insecta.pro: international entomological community. Available online at: https://insecta.pro
1666;0;Asia;Choristoneura lafauryana;Palearctic;2007;Khramov, P. (Ed.) (2007). Insecta.pro: international entomological community. Available online at: https://insecta.pro
1667;0;Asia;Dendrolimus superans;Palearctic;2018;Jeong, J., Kim, M., Kim, S., Choi, S. and Kim, I. (2018). DNA data and morphology suggest an occurrence of Dendrolimus sibiricus Tschetverikov, 1908 (Lepidoptera: Lasiocampidae) instead of D. superans Butler, 1877, in South Korea. Entomological Research. 48(2): 108-121
1668;0;Asia;Eupithecia abietaria;Palearctic;2007;Khramov, P. (Ed.) (2007). Insecta.pro: international entomological community. Available online at: https://insecta.pro
1669;0;Asia;Deilephila elpenor;Palearctic;2007;Khramov, P. (Ed.) (2007). Insecta.pro: international entomological community. Available online at: https://insecta.pro
1670;0;Asia;Emmelina monodactyla;Palearctic;2007;Khramov, P. (Ed.) (2007). Insecta.pro: international entomological community. Available online at: https://insecta.pro
1671;0;Asia;Heringocrania unimaculella;Palearctic;2007;Khramov, P. (Ed.) (2007). Insecta.pro: international entomological community. Available online at: https://insecta.pro
1672;0;Asia;Iphiclides podalirius;Palearctic;2010;van Swaay, C., Wynhoff, I., Verovnik, R., Wiemers, M., Lopez Munguira, M., Maes, D., ... and Settele, J. (2010). Iphiclides podalirius (Europe assessment). The IUCN Red List of Threatened Species 2010: e.T174405A7066031
1673;0;Asia;Cabera leptographa;Palearctic;2007;Khramov, P. (Ed.) (2007). Insecta.pro: international entomological community. Available online at: https://insecta.pro
1674;0;Asia;Gracillaria syringella;Palearctic;2024;de Prins J. and de Prins W. (2024). Global Taxonomic Database of Gracillariidae (Lepidoptera). Avaliable at: http://www.gracillariidae.net
1675;0;Asia;Lateroligia ophiogramma;Palearctic;2007;Khramov, P. (Ed.) (2007). Insecta.pro: international entomological community. Available online at: https://insecta.pro
1676;0;Asia;Cnephasia pasiuana;Palearctic;2007;Khramov, P. (Ed.) (2007). Insecta.pro: international entomological community. Available online at: https://insecta.pro
1677;0;Asia;Coleophora frischella;Palearctic;2007;Khramov, P. (Ed.) (2007). Insecta.pro: international entomological community. Available online at: https://insecta.pro
1678;0;Asia;Chrysoclista linneela;Palearctic;2007;Khramov, P. (Ed.) (2007). Insecta.pro: international entomological community. Available online at: https://insecta.pro
1679;0;Asia;Autographa gamma;Palearctic;2007;Khramov, P. (Ed.) (2007). Insecta.pro: international entomological community. Available online at: https://insecta.pro
1680;0;Asia;Coleophora striatipennella;Palearctic;2007;Khramov, P. (Ed.) (2007). Insecta.pro: international entomological community. Available online at: https://insecta.pro
1681;0;Asia;Depressaria radiella;Palearctic;2007;Khramov, P. (Ed.) (2007). Insecta.pro: international entomological community. Available online at: https://insecta.pro
1682;0;Asia;Cochylis atricapitana;Palearctic;2007;Khramov, P. (Ed.) (2007). Insecta.pro: international entomological community. Available online at: https://insecta.pro
1683;0;Asia;Cochylis atricapitana;Palearctic;2013;Turner, S. and Cesselli, S. (2013). Operational field guide to the establishment of tansy ragwort biocontrol agents in British Columbia. Prov. B.C. Victoria, B.C.
1684;0;Asia;Agonopterix nervosa;Palearctic;2007;Khramov, P. (Ed.) (2007). Insecta.pro: international entomological community. Available online at: https://insecta.pro
1685;0;Asia;Agrochola lota;Palearctic;2007;Khramov, P. (Ed.) (2007). Insecta.pro: international entomological community. Available online at: https://insecta.pro
1686;0;Asia;Amphipyra tragopoginis;Palearctic;2007;Khramov, P. (Ed.) (2007). Insecta.pro: international entomological community. Available online at: https://insecta.pro
1687;0;Asia;Anacampsis populella;Palearctic;2009;Holloway, J. (2009) Moths of Borneo 13. Family Noctuidae, subfamilies Pantheinae (part), Bagisarinae, Acontiinae, Aediinae, Eustrotiinae, Bryophilinae, Araeopteroinae, Aventiinae, Eublemminae and further miscellaneous genera. Malayan Nature Journal. 62 (1) : 1-240
1688;0;Asia;Anarsia lineatella;Palearctic;2007;Khramov, P. (Ed.) (2007). Insecta.pro: international entomological community. Available online at: https://insecta.pro
1689;0;Asia;Apamea unanimis;Palearctic;2007;Khramov, P. (Ed.) (2007). Insecta.pro: international entomological community. Available online at: https://insecta.pro
1690;0;Asia;Archips podana;Palearctic;2007;Khramov, P. (Ed.) (2007). Insecta.pro: international entomological community. Available online at: https://insecta.pro
1691;0;Asia;Archips rosana;Palearctic;2007;Khramov, P. (Ed.) (2007). Insecta.pro: international entomological community. Available online at: https://insecta.pro
1692;0;Asia;Argyresthia pruniella;Palearctic;2024;CAB International (CABI) (2024). CABI Invasive Species Compendium. Available at: https://www.cabidigitallibrary.org/product/QI
1693;0;Asia;Athrips rancidella;Palearctic;2007;Khramov, P. (Ed.) (2007). Insecta.pro: international entomological community. Available online at: https://insecta.pro
1694;0;Asia;Calophasia lunula;Palearctic;2007;Khramov, P. (Ed.) (2007). Insecta.pro: international entomological community. Available online at: https://insecta.pro
1695;0;Asia;Gracillaria syringella;Palearctic;2007;Khramov, P. (Ed.) (2007). Insecta.pro: international entomological community. Available online at: https://insecta.pro
1696;0;Asia;Cerapteryx graminis;Palearctic;2007;Khramov, P. (Ed.) (2007). Insecta.pro: international entomological community. Available online at: https://insecta.pro
1697;0;Asia;Choreutis pariana;Palearctic;2007;Khramov, P. (Ed.) (2007). Insecta.pro: international entomological community. Available online at: https://insecta.pro
1698;0;Asia;Chrysoesthia sexguttella;Palearctic;2007;Khramov, P. (Ed.) (2007). Insecta.pro: international entomological community. Available online at: https://insecta.pro
1699;0;Asia;Clepsis consimilana;Palearctic;1971;Powell, J. and Burns, J. (1971). Colonization of the northeastern United States by two Palearctic moths (Lepidoptera: Tortricidae). Psyche: A Journal of Entomology. 78(1): 38-48
1700;0;Asia;Cnephasia asseclana;Palearctic;2021;Goglia, L. (2021). Faunistic Notes on Lepidoptera Tortricidae from Calabria (South Italy) - Contribution to the knowledge of the Lepidoptera Tortricidae fauna of Mediterranean ecosystems. [PhD Thesis, Universita degli Studi della Tuscia and Universita degli Studi del Molise]
1701;0;Asia;Cnephasia asseclana;Palearctic;2007;Khramov, P. (Ed.) (2007). Insecta.pro: international entomological community. Available online at: https://insecta.pro
1702;0;Asia;Cnephasia longana;Palearctic;2007;Khramov, P. (Ed.) (2007). Insecta.pro: international entomological community. Available online at: https://insecta.pro
1703;0;Asia;Cnephasia stephensiana;Palearctic;2007;Khramov, P. (Ed.) (2007). Insecta.pro: international entomological community. Available online at: https://insecta.pro
1704;0;Asia;Coleophora klimeschiella;Palearctic;2018;Richter, I. (2018). New findings of the case-bearing moths (genus Coleophora Hubner, 1822) from the Balkan Peninsula with description of two new species (Lepidoptera, Coleophoridae). Microlepidoptera.hu. 13(1): 43-52
1705;0;Asia;Cydia coniferana;Palearctic;2007;Khramov, P. (Ed.) (2007). Insecta.pro: international entomological community. Available online at: https://insecta.pro
1706;0;Asia;Depressaria depressana;Palearctic;2007;Khramov, P. (Ed.) (2007). Insecta.pro: international entomological community. Available online at: https://insecta.pro
1707;0;Asia;Depressaria depressana;Palearctic;2013;Landry, J., Nazari, V., Dewaard, J. , Mutanen, M., Lopez-Vaamonde, C., Huemer, P. and Hebert, P. (2013). Shared but overlooked: 30 species of Holarctic Microlepidoptera revealed by DNA barcodes and morphology.¬†Zootaxa.¬†3749(1): 1-93
1708;0;Asia;Dichelia histrionana;Palearctic;2007;Khramov, P. (Ed.) (2007). Insecta.pro: international entomological community. Available online at: https://insecta.pro
1709;0;Asia;Ennomos alniaria;Palearctic;2007;Khramov, P. (Ed.) (2007). Insecta.pro: international entomological community. Available online at: https://insecta.pro
1710;0;Asia;Epinotia abbreviana;Palearctic;2007;Khramov, P. (Ed.) (2007). Insecta.pro: international entomological community. Available online at: https://insecta.pro
1711;0;Asia;Erannis defoliaria;Palearctic;2007;Khramov, P. (Ed.) (2007). Insecta.pro: international entomological community. Available online at: https://insecta.pro
1712;0;Asia;Anania hortulata;Palearctic;2007;Khramov, P. (Ed.) (2007). Insecta.pro: international entomological community. Available online at: https://insecta.pro
1713;0;Asia;Evergestis pallidata;Palearctic;2022;Goater, B., Nuss, M. and Speidel, W. (2022). Pyraloidea I:(Acentropinae, Evergestinae, Heliothelinae, Schoenobiinae, Scopariinae) (Vol. 4). Brill. Leiden, Netherlands.
1714;0;Asia;Grapholita delineana;Palearctic;2007;Khramov, P. (Ed.) (2007). Insecta.pro: international entomological community. Available online at: https://insecta.pro
1715;0;Asia;Leucoma salicis;Palearctic;2007;Khramov, P. (Ed.) (2007). Insecta.pro: international entomological community. Available online at: https://insecta.pro
1716;0;Asia;Caloptilia rufipennella;Palearctic;2007;Khramov, P. (Ed.) (2007). Insecta.pro: international entomological community. Available online at: https://insecta.pro
1717;0;Asia;Caradrina clavipalpis;Palearctic;2007;Khramov, P. (Ed.) (2007). Insecta.pro: international entomological community. Available online at: https://insecta.pro
1718;0;Asia;Libythea celtis;Palearctic;2010;van Swaay, C., Wynhoff, I., Verovnik, R., Wiemers, M., Lopez Munguira, M., Maes, D., ... and Settele, J. (2010). Libythea celtis (Europe assessment). The IUCN Red List of Threatened Species 2010: e.T174408A7066646
1719;0;Asia;Pieris rapae;Palearctic;2010;van Swaay, C., Wynhoff, I., Verovnik, R., Wiemers, M., Lopez Munguira, M., Maes, D., ... and Settele, J. (2010). Pieris rapae (Europe assessment). The IUCN Red List of Threatened Species 2010: e.T174353A7056010
1720;0;Asia;Pararge aegeria;Palearctic;2010;van Swaay, C., Wynhoff, I., Verovnik, R., Wiemers, M., Lopez Munguira, M., Maes, D., ... and Settele, J. (2010). Pararge aegeria (Europe assessment). The IUCN Red List of Threatened Species 2010: e.T174214A7029860
1721;0;Asia;Pardasena virgulana;Saharo-Arabian;2024;de Prins J. and de Prins W. (2024). Afromoths, online database of Afrotropical moth species (Lepidoptera). Available at: http://www.afromoths.net
1722;0;Asia;Earias biplaga;Saharo-Arabian;2016;de Prins, W. and Mazzei, P. (2016). Some faunistic notes on selected moth species (Lepidoptera) from the Seychelles. Phelsuma. 24: 21-34
1723;0;Asia;Earias cupreoviridis;Saharo-Arabian;2024;de Prins J. and de Prins W. (2024). Afromoths, online database of Afrotropical moth species (Lepidoptera). Available at: http://www.afromoths.net
1724;0;Asia;Deudorix antalus;Saharo-Arabian;2021;Pringle, E. and Westrip, J. (2021). Deudorix antalus. The IUCN Red List of Threatened Species 2021: e.T161338217A161338221.
1725;0;Asia;Bactra venosana;Saharo-Arabian;2015;Sohn, J., Park, K. and Cho, S. (2015). Seven species of Olethreutinae (Lepidoptera: Tortricidae) new to Korea. Journal of Asia-Pacific Biodiversity. 8(2): 133-138
1726;0;Africa;Chilo agamemnon;Afrotropical;1970;Bleszynski, S. (1970). A revision of the world species of Chilo Zincken (Lepidoptera: Pyralidae). Bulletin of the British Museum (Natural History) B. Entomology, 25(4): 101-195
1727;0;Africa;Earias vittella;Afrotropical;2003;Nash, S. (2003). Earias vittella (Fabricius) (Lep.: Noctuidae) the first occurrence of wild-caught moths in Europe. Entomologist‚Äôs Record and Journal of Variation 115: 187‚Äì188
1728;0;Asia;Pachliopta aristolochiae;Oriental;2021;Jain, A., Zeng, Y. and Webb, E. (2021). Critical dependence of butterflies on a non-native host plant in the urban tropics. Frontiers in Ecology and Evolution. 9: 655012
1729;0;Oceania;Catopsilia pyranthe;Oceanina;2000;Braby, M. (2000). Butterflies of Australia: their identification, biology and distribution. CSIRO publishing. Collingwood, Australia.
1730;0;Oceania;Statherotis discana;Oceanina;1993;Nasu, Y., Kawasaki, K. and Arakaki, N. (1993). Statherotis discana (Felder et Rogenhofer)(Lepidoptera: Tortricidae) injurious to litchi from Japan. Applied Entomology and Zoology. 28(1): 97-101
1731;0;South America;Antiblemma acclinalis;Neotropical;2024;Savela, M. (2024). Lepidoptera and some other life forms. Available at: https://ftp.funet.fi/index/Tree_of_life/intro.html
1732;0;Africa;Earias vittella;Madagascan;2003;Nash, S. (2003). Earias vittella (Fabricius) (Lep.: Noctuidae) the first occurrence of wild-caught moths in Europe. Entomologist‚Äôs Record and Journal of Variation 115: 187‚Äì188
1733;0;Africa;Herpetogramma basalis;Madagascan;2018;Poltavsky, A., Kravchenko, V., Traore, M., Traore, S., Gergely, P., Witt, T., ... and Muller, G. (2018). The Pyraloidea (Lepidoptera) fauna of the woody savannah belt in Mali, West Africa. Zootaxa. 4457(1): 39-69
1734;0;Africa;Hypena strigatus;Madagascan;2013;Kononenko, V. and Pinratana, A. (2013). Moths of Thailand. Noctuoidea. An illustrated Catalogue of Erebidae, Nolidae, Euteliidae and Noctuidae (Insecta, Lepidoptera) in Thailand. Brothers of St. Gabriel in Thailand. Bangkok.
1735;0;Africa;Lamprosema chagosalis;Oceanina;2015;Hayden, J. and Troubridge, J. (2015). Nacoleia charesalis (Walker) spreading in Florida. News of the Lepidopterists Society. 57(1): 8-10
1736;0;Asia;Clepsis consimilana;Saharo-Arabian;1971;Powell, J. and Burns, J. (1971). Colonization of the northeastern United States by two Palearctic moths (Lepidoptera: Tortricidae). Psyche: A Journal of Entomology. 78(1): 38-48
1737;0;Asia;Duponchelia fovealis;Saharo-Arabian;2024;CAB International (CABI) (2024). CABI Invasive Species Compendium. Available at: https://www.cabidigitallibrary.org/product/QI
1738;0;Asia;Daphnis nerii;Palearctic;2024;Pittaway, A. (2024). Sphingidae of the Western Palaearctic (including Europe, North Africa, the Middle East, western Siberia and western Central Asia). Available at: https://tpittaway.tripod.com/sphinx/list.htm
1739;0;Asia;Dialectica scalariella;Palearctic;2023;Langdon, W. (2023). Dialectica scalariella (Zeller, 1850)(Lep.: Gracillariidae) at Dungeness, Kent: The first British Breeding Record. Entomologists Record & Journal of Variation. 135: 6-18
1740;0;Oceania;Opogona purpuriella;Oceanina;2001;Mariau, D. (2001). The fauna of oil palm and coconut: insect and mites pests and their natural enemies. Editions Quae.
1741;0;Oceania;Earias biplaga;Oceanina;2016;de Prins, W. and Mazzei, P. (2016). Some faunistic notes on selected moth species (Lepidoptera) from the Seychelles. Phelsuma. 24: 21-34
1742;0;South America;Caphys biliniata;Neotropical;2017;Cock, M. (2017) A preliminary catalogue of the moths (Lepidoptera except Papilionoidea) of Tobago, West Indies. Insecta Mundi. 585: 1‚Äì58
1743;0;South America;Pareuchaetes pseudoinsulata;Neotropical;1982;Cock, M. and Holloway, J. (1982). The history of, and prospects for, the biological control of Chromolaena odorata (Compositae) by Pareuchaetes pseudoinsulata Rego Barros and allies (Lepidoptera: Arctiidae). Bulletin of Entomological Research. 72(2): 193-205
1744;0;South America;Castnia licus;Neotropical;2004;Gonzalez, J. and Cock, M. (2004). A synopsis of the Castniidae (Lepidoptera) of Trinidad and Tobago. Zootaxa. 762(1): 1-19
1745;0;South America;Opogona sacchari;Neotropical;2024;CAB International (CABI) (2024). CABI Invasive Species Compendium. Available at: https://www.cabidigitallibrary.org/product/QI
1746;0;South America;Antiblemma acclinalis;Neotropical;2012;Morais, E., Pican√ßo, M., Seme√£o, A., Barreto, R., Rosado, J.¬†and Martins, J. (2012). Lepidopterans as potential agents for the biological control of the invasive plant, Miconia calvescens. Journal of Insect Science. 12(1): 63
1747;0;South America;Mompha trithalama;Neotropical;2017;Cock, M. (2017) A preliminary catalogue of the moths (Lepidoptera except Papilionoidea) of Tobago, West Indies. Insecta Mundi. 585: 1‚Äì58
1748;0;South America;Thaumatotibia leucotreta;Neotropical;2024;CAB International (CABI) (2024). CABI Invasive Species Compendium. Available at: https://www.cabidigitallibrary.org/product/QI
1749;0;South America;Diastema tigris;Neotropical;2012;Misra, S., Sushi, S. and Rajak, D. (2012). Biocontrol strategy for major invasive weeds of neotropical origin in India. Bioherald: International Journal of Biodiversity and Environment. 2(2): 134-142
1750;0;Africa;Ectoedemia heringella;Saharo-Arabian;2010;van Nieukerken, E., Lastuvka, A. and Lastuvka, Z. (2010). Western Palaearctic Ectoedemia (Zimmermannia) Hering and Ectoedemia Busck s. str. (Lepidoptera: Nepticulidae): five new species and new data on distribution, hostplants and recognition. ZooKeys. 32: 1-82
1751;0;Asia;Apopestes spectrum;Palearctic;2014;Baron, T. (2014). Collection records of Noctuoidea and Bombycoidea (Lepidoptera) from a location near Marmaris in South-Western Anatolia, Turkey. Esperiana Band. 19: 263-296
1752;0;Asia;Chiasmia aestimaria;Palearctic;2024;de Prins J. and de Prins W. (2024). Afromoths, online database of Afrotropical moth species (Lepidoptera). Available at: http://www.afromoths.net
1753;0;Asia;Eilema caniola;Palearctic;2007;Khramov, P. (Ed.) (2007). Insecta.pro: international entomological community. Available online at: https://insecta.pro
1754;0;Asia;Idaea inquinata;Palearctic;2020;Roy, D., Alderman, D., Anastasiu, P., Arianoutsou, M., Augustin, S., Bacher, S., ... and Reyserhove, L., (2020). DAISIE - Delivering Alien Invasive Species Inventories for Europe. Available at: http://www.europe-aliens.org/
1755;0;Asia;Hipparchia statilinus;Palearctic;2011;Tennent, W. (2011). Hipparchia statilinus. The IUCN Red List of Threatened Species 2011: e.T160360A5364211
1756;0;Asia;Iphiclides podalirius;Palearctic;2014;van Swaay, C., Wynhoff, I., Wiemers, M., Katbeh-Bader, A., Power, A., Benyamini, D., ... and Beshkov, S. (2014). Iphiclides podalirius (Mediterranean assessment). The IUCN Red List of Threatened Species 2014: e.T174405A53719929
1757;0;Asia;Leucoptera laburnella;Palearctic;2006;Seven, S. (2006). Lyonetiidae of Turkey with notes on their distribution and zoogeography (Lepidoptera). Zootaxa. 1245(1): 53-58
1758;0;Asia;Libythea celtis;Palearctic;2014;van Swaay, C., Wynhoff, I., Wiemers, M., Katbeh-Bader, A., Power, A., Benyamini, D., ... and Beshkov, S. (2014). Libythea celtis (Mediterranean assessment). The IUCN Red List of Threatened Species 2014: e.T174408A53712721
1759;0;Asia;Scopula imitaria;Palearctic;2007;Khramov, P. (Ed.) (2007). Insecta.pro: international entomological community. Available online at: https://insecta.pro
1760;0;Asia;Thaumetopoea pityocampa;Palearctic;2024;CAB International (CABI) (2024). CABI Invasive Species Compendium. Available at: https://www.cabidigitallibrary.org/product/QI
1761;0;Asia;Pieris rapae;Palearctic;2014;van Swaay, C., Wynhoff, I., Wiemers, M., Katbeh-Bader, A., Power, A., Benyamini, D., ... and Beshkov, S.¬†(2014).¬†Pieris rapae (Mediterranean assessment).¬†The IUCN Red List of Threatened Species¬†2014: e.T174353A53720063
1762;0;Asia;Zelleria oleastrella;Palearctic;2011;Kacar, G. and Ulusoy, M. (2011). Zelleria oleastrella (Milliere) (Lepidoptera: Yponomeutidae), a new record for the fauna of Turkey. Turkish Journal of Zoology. 35(6): 15
1763;0;Asia;Pararge aegeria;Palearctic;2014;van Swaay, C., Wynhoff, I., Wiemers, M., Katbeh-Bader, A., Power, A., Benyamini, D., ... and Beshkov, S. (2014). Pararge aegeria (Mediterranean assessment). The IUCN Red List of Threatened Species 2014: e.T174214A53719848
1764;0;Asia;Schiffermuelleria amasiella;Palearctic;2020;Roy, D., Alderman, D., Anastasiu, P., Arianoutsou, M., Augustin, S., Bacher, S., ... and Reyserhove, L., (2020). DAISIE - Delivering Alien Invasive Species Inventories for Europe. Available at: http://www.europe-aliens.org/
1765;0;Asia;Schiffermuelleria amasiella;Palearctic;2016;Spill, F. (2016). Eratophyes amasiella (Herrich-Schaffer, 1854), une espece d oecophoride nouvelle pour la France (Lep. Oecophoridae). oreina. 35: 12-13
1766;0;Asia;Aglossa caprealis;Palearctic;2007;Khramov, P. (Ed.) (2007). Insecta.pro: international entomological community. Available online at: https://insecta.pro
1767;0;Asia;Cryptoblabes gnidiella;Palearctic;2024;CAB International (CABI) (2024). CABI Invasive Species Compendium. Available at: https://www.cabidigitallibrary.org/product/QI
1768;0;Asia;Caloptilia coruscans;Palearctic;2024;de Prins J. and de Prins W. (2024). Global Taxonomic Database of Gracillariidae (Lepidoptera). Avaliable at: http://www.gracillariidae.net
1769;0;Asia;Araeopteron ecphaea;Palearctic;2001;Fibiger, M. and Agassiz, D. (2001). Araeopteron ecphaea, a small noctuid moth in the West Palaearctic (Noctuidae: Acontiinae). Nota lepidopterologica. 24(1): 29-35
1770;0;Asia;Epinotia cedricida;Palearctic;2020;Roy, D., Alderman, D., Anastasiu, P., Arianoutsou, M., Augustin, S., Bacher, S., ... and Reyserhove, L., (2020). DAISIE - Delivering Alien Invasive Species Inventories for Europe. Available at: http://www.europe-aliens.org/
1771;0;Asia;Epinotia cedricida;Palearctic;1999;Fabre, J., Mouna, M., Du Merle, P. and Benhalima, S. (1999). Le point sur certains ravageurs du cedre de l‚ÄôAtlas en Afrique du nord, en France et en Europe. For√™t Mediterraneenne.  20(4): 203-218
1772;0;Asia;Schiffermuelleria amasiella;Palearctic;2010;Lopez-Vaamonde, C., Agassiz, D., Augustin, S., De Prins, J., De Prins, W., Gomboc, S., ... and Lees, D. (2010). Lepidoptera. Chapter 11. BioRisk 4: 603-668
1773;0;Asia;Schiffermuelleria amasiella;Palearctic;1987;Diakonoff, A. and van Nieukerken, E. (1987). Eratophyes amasiella (Herrich-Schaffer) comb, nov., a senior synonym of E. aleatrix Diakonoff (Lepidoptera: Oecophoridae). Entomologische berichten. 47(7): 103-104.
1774;0;Asia;Caradrina morpheus;Palearctic;2021;Kocak, O. and Cerci, B. (2021). Lepidoptera fauna of Karaman with two new records for Turkey. Munis Entomology and Zoology. 16 (2): 1171-1234
1775;0;Asia;Carcina quercana;Palearctic;2007;Khramov, P. (Ed.) (2007). Insecta.pro: international entomological community. Available online at: https://insecta.pro
1776;0;Asia;Clepsis spectrana;Palearctic;2007;Khramov, P. (Ed.) (2007). Insecta.pro: international entomological community. Available online at: https://insecta.pro
1777;0;Asia;Coleophora klimeschiella;Palearctic;1976;Khan, A. and Baloch, G. (1976). Coleophora klimeschiella [Lep.: Coleophoridae] a promising biocontrol agent for russian thistles, Salsola spp. Entomophaga 21 (4): 425-428
1778;0;Asia;Coleophora parthenica;Palearctic;1990;Muller, H. and Goeden, R. (1990). Parasitoids acquired by Coleophora parthenica [Lepidoptera: Coleophoridae] ten years after its introduction into southern California for the biological control of Russian thistle. Entomophaga. 35: 257-268
1779;0;Asia;Dichelia histrionana;Palearctic;2007;Seven, S. and Ozdemir, M. (2007). The genus Dichelia Guenee, 1845 (Lepidoptera: Tortricidae) in Turkey. Acta entomologica slovenica. 15(2): 185-190
1780;0;Asia;Pterolonche inspersa;Palearctic;1986;Vives Moreno, A. (1986). La familia Pterolonchidae Meyrick, 1918, de Espa√±a y Portugal (Insecta, Lepidoptera). Eos: revista espan~ola de entomologia. 62(1): 319-337
1781;0;Asia;Helicoverpa armigera;Palearctic;2017;Tay, W., Walsh, T., Downes, S., Anderson, C., Jermiin, L., Wong, T., ... and Gordon, K. (2017). Mitochondrial DNA and trade data support multiple origins of Helicoverpa armigera (Lepidoptera, Noctuidae) in Brazil. Scientific Reports. 7: 45302
1782;0;Asia;Syndemis cedricola;Palearctic;2007;Seven, S. and Ozdemir, M. (2007). The genus Dichelia Guenee, 1845 (Lepidoptera: Tortricidae) in Turkey. Acta entomologica slovenica. 15(2): 185-190
1783;0;Asia;Tiracola plagiata;Oriental;2024;Holloway, J. (2024). Moths of Borneo 12. Family Notuidae, Trifine. Subfamilies: Noctuinae, Heliothinae, Hadeninae, Acronictinae, Amphipyrinae, Agaristinae. Southdene Sdn. Available at: https://www.mothsofborneo.com/part-12/index.htm
1784;0;Asia;Eudocima tyrannus;Oriental;2002;Wu, S., Fu, C., Tzuoo, H., Shih, L., Chang, W. and Lin, H. (2020). An annotated checklist of macro moths in mid-to high-mountain ranges of Taiwan (Lepidoptera: Macroheterocera). Formosan Entomologist. 40: 10-83
1785;0;Asia;Autosticha modicella;Oriental;2017;Park, K. and Kim, S. (2017). Faunistic data of micromoths (Lepidoptera) in North Korea. Journal of Asia-Pacific Biodiversity. 10(1): 73-80
1786;0;Asia;Orgyia thyellina;Oriental;2003;Hosking, G., Clearwater, J., Handiside, J., Kay, M., Ray, J. and Simmons, N. (2003) Tussock moth eradication - a success story from New Zealand, International Journal of Pest Management. 49(1): 17-24
1787;0;Asia;Sinica sinica;Oriental;2006;Schultz, P., Day, E., Bordas, A. and Bean, R. (2006). Biology and Distribution of Pryeria sinica, a New Pest of Euonymus Found in Virginia and Maryland. Plant Health Progress. 7(1): 49
1788;0;Asia;Dendrolimus punctata;Oriental;2024;CAB International (CABI) (2024). CABI Invasive Species Compendium. Available at: https://www.cabidigitallibrary.org/product/QI
1789;0;Asia;Artona martini;Oriental;2020;Marianelli, L., Iovinella, I., Strangi, A., Madonni, L., Efetov, K., Tarmann, G., ... and Roversi, P. (2020). First record of the pest Artona (Fuscartona) martini Efetov, 1997 (Lepidoptera Zygaenidae Procridinae Artonini) in European territory. Redia: Journal of Zoology/Giornale di Zoologia. 103: 3-7
1790;0;Asia;Antheraea yamamai;Oriental;2015;Nahirnic, A. and Stoyan, B. (2015). The first report of Japanese oak silkmoth Antheraea yamamai (Guerin-Meneville, 1861)(Lepidoptera: Saturniidae) in Montenegro. ZooNotes. 82: 1-4
1791;0;Africa;Spodoptera mauritia;Afrotropical;1956;Fletcher, D. (1956). Spodoptera mauritia (Boisduval) and S. triturata (Walker), two distinct species. Bulletin of Entomological Research. 47(2): 215-217
1792;0;Africa;Dasyses incrustata;Afrotropical;1930;Meyrick, E. (1930). Exotic Microlepidoptera - Vol. III. Taylor & Francis. United Kingdom
1793;0;Africa;Chaliopsis junodi;Afrotropical;1971;Austara, O. and Jones, T. (1971). Host list and distribution of lepidopterous defoliators of exotic softwoods in East Africa. East African Agricultural and Forestry Journal. 36(4): 401-413
1794;0;Africa;Anatrachyntis rileyi;Afrotropical;2024;CAB International (CABI) (2024). CABI Invasive Species Compendium. Available at: https://www.cabidigitallibrary.org/product/QI
1795;0;Europe;Scythris buszkoi;Palearctic;2003;Baran, T. (2003). Scythris buszkoi sp. n., a new species of Scythrididae from Europe (Gelechioidea). Nota Lepidopterologica. 26(3): 89-98
1796;0;Europe;Garella musculana;Palearctic;2018;Yildiz, Y., Yildirim, I., Bostanci, C. and Aydogan, O. (2018). Erschoviella musculana Erschoff 1874, a new record and a new walnut pest in Turkey. Journal of Bartin Faculty of Forestry. 20(2): 296-302
1797;0;Europe;Hypena opulenta;Palearctic;2020;Karn, R., Paudel, A. and Pandey, S. (2020). Hypena opulenta: a biological weed control agent for controlling an invasive weed species, swallow-wort: a review. Environment Contaminants Review. 3(1): 1-3
1798;0;Europe;Phyllonorycter blancardella;Palearctic;2007;Triberti, P. (2007). The Phyllonorycter species from Palaearctic Region feeding on Rosaceae (Lepidoptera, Gracillariidae). Bollettino del Museo Civico di Storia Naturale di Verona. 31: 147-221
1799;0;North America;Acleris minuta;Nearctic;1982;Weatherby, J. (1982). The life system of the yellow-headed fireworm, Acleris minuta (Robinson) (Lepidoptera: Tortricidae).[Doctoral thesis, Iowa State University]
1800;0;North America;Acleris semipurpurana;Nearctic;2025;Department for Environment, Food and Rural Affairs (2025). UK Plant Health Risk Register - UK Risk Register Details for Acleris semipurpurana. Avilable at: https://planthealthportal.defra.gov.uk/pests-and-diseases/uk-plant-health-risk-register/viewPestRisks.cfm?cslref=29506
1801;0;North America;Anstenoptilia marmorodactyla;Nearctic;2006;Gielis, C. (2006). Review of the Neotropical species of the family Pterophoridae, part I: Ochyroticinae, Deuterocopinae, Pterophorinae (Platyptiliini, Exelastini, Oxyptilini) (Lepidoptera). Zoologische Mededelingen. 80: 1-290
1802;0;North America;Aristotelia ivae;Nearctic;1988;Diatloff, G. and Palmer, W. (1988). The host specificity and biology of Aristotella ivae Busck (Gelechiidae) and Lorita baccharivora Pogue (Tortricidae), two microlepidoptera selected as biological control agents for Baccharis halimifolia (Asteraceae) in Australia. Proceedings of the Entomological Society of Washington, 90(4), 458-461
1803;0;North America;Bactra philocherda;Nearctic;2008;Razowski, J., Landry, B. and Roque-Albelo, L. (2008). The Tortricidae (Lepidoptera) of the Galapagos Islands, Ecuador. Revue suisse de zoologie, 115(1): 185
1804;0;North America;Bucculatrix ivella;Nearctic;1987;Diatloff, G. (1987). Host Specificity and Biology of Buccalatrix ivella Busck, a Potential Biological Control Agent for Baccharis halimifolia L. in Australia. Journal of the Lepidopterists Society, 41(1): 23-28
1805;0;North America;Cnaemidophorus rhododactyla;Nearctic;2008;Ozbek, H. (2008). Note: Cnaemidophorus rhododactyla, a New Rosa spp. Pest for Turkey, and its new parasitoids, a New Rosa spp. Pest for Turkey, and its new parasitoids. Phytoparasitica, 36: 502-504
1806;0;North America;Urania fulgens;Nearctic;1978;Farkas, V. (1978). Periodic Occurence of Urania fulgens (Uraniidae) in the United States. Journal of the Lepidopterists Society, 32(4): 307-309
1807;0;North America;Junonia lavinia;Nearctic;1928;Forbes, W. (1928). Variation in Junonia lavinia (Lepidoptera, Nymphalidae). Journal of the New York Entomological Society, 36(4): 305-321
1808;0;North America;Spodoptera praefica;Nearctic;1980;Todd, E. and Poole, R. (1980). Keys and illustrations for the armyworm moths of the noctuid genus Spodoptera Guen√©e from the Western Hemisphere. Annals of the Entomological Society of America, 73(6): 722-738
1809;0;North America;Choristoneura carnana;Nearctic;2019;EFSA Panel on Plant Health (EFSA PLH Panel), Bragard, C., Dehnen-Schmutz, K., Di Serio, F., Gonthier, P., Jacques, M., ... and Milonas, P. (2019). Pest categorisation of non-EU Choristoneura spp. EFSA Journal, 17(5): e05671
1810;0;North America;Choristoneura retiniana;Nearctic;1992;Dang, P. (1992). Morphological study of male genitalia with phylogenetic inference of Choristoneura Lederer (Lepidoptera: Tortricidae). The Canadian Entomologist, 124(1): 7-48
1811;0;North America;Dichomeris ligulella;Nearctic;1980;Blumenthal, E. and Simons, E. (1980). Observations on an Outbreak of the Palmerworm, Dichomeris ligulella H√ºner, in Southcentral Pennsylvania. Environmental Entomology, 9(5): 701-703
1812;0;North America;Elousa albicans;Nearctic;2024;Integrated Taxonomic Information System (ITIS) (2024). Integrated Taxonomic Information System (ITIS) on-line database.  Available at: https://www.itis.gov
1813;0;North America;Diaphania hyalinata;Nearctic;2005;Capinera, J. (2005). Melonworm, Diaphania hyalinata Linnaeus (Insecta: Lepidoptera: Pyralidae). Florida Cooperation Extension Service, Institute of Food and Agricultural Sciences, University of Florida, Gainesville, Florida: EENY163
1814;0;North America;Mocis latipes;Nearctic;2021;Claudino, V., Specht, A., Fidelis, E., Roque-Specht, V., Montezano, D., Martins, P., ... and Malaquias, J. (2021). Spatio-temporal variation of Mocis latipes (Guen√©e, 1852)(Lepidoptera: Erebidae) populations in Brazil according to meteorological factors. Biota Neotropica, 21: e20201114
1815;0;North America;Phyllonorycter apparella;Nearctic;2024;de Prins J. and de Prins W. (2024). Global Taxonomic Database of Gracillariidae (Lepidoptera). Avaliable at: http://www.gracillariidae.net
1816;0;North America;Phyllonorycter emberizaepenella;Nearctic;2024;de Prins J. and de Prins W. (2024). Global Taxonomic Database of Gracillariidae (Lepidoptera). Avaliable at: http://www.gracillariidae.net
1817;0;North America;Iridopsis fragilaria;Nearctic;2020;VanDyk, J., Sellers, E. and Bartlett, T. (2020). BugGuide - Identification, Images, & Information For Insects, Spiders & Their Kin For the United States & Canada. Version 1.5. United States Geological Survey.
1818;0;North America;Euacidalia brownsvillea;Nearctic;2024;Integrated Taxonomic Information System (ITIS) (2024). Integrated Taxonomic Information System (ITIS) on-line database.  Available at: https://www.itis.gov
1819;0;North America;Anarta decepta;Nearctic;1958;Zimmerman, E. (1958). Insects of Hawaii. Volume 7, Macrolepidoptera. Hawaii: University of Hawaii Press.
1820;0;North America;Mythimna sequax;Nearctic;2022;Madruga, J., Specht, A., San Blas, G., Mielke, O. and Casagrande, M. (2022). Revision of the species of Mythimna Ochsenheimer, 1816 (Pseudaletia)(Lepidoptera: Noctuidae: Noctuinae: Leucaniini) occurring in Brazil. Revista Brasileira de Entomologia. 66(3): e20220026
1821;0;North America;Ithome lassula;Nearctic;1989;Bullock, R. (1989). Native Ithome lassula (Lepidoptera: Cosmopterigidae) attacks Leucaena in Florida. The Florida Entomologist. 72(3): 548-550
1822;0;North America;Periploca orichalcella;Nearctic;1989;Hodges, R. (1969). Nearctic Walshiidae: notes and new taxa (Lepidoptera: Gelechioidea). Smithsonian Contributions To Zoology. 18: 1-30
1823;0;North America;Melitara prodenialis;Nearctic;2014;Paraiso, O., Smith, T., Hight, S., and Davis, B. (2014). Rearing a Native Cactus Moth, Melitara prodenialis (Lepidoptera: Pyralidae), on Artificial Diet and Opuntia Cladodes: Preliminary Comparisons. Florida Entomologist. 97(3): 1232-1236
1824;0;North America;Neogalea sunia;Nearctic;2010;Reinert, J., George, S., Mackay, W. and Campos, C. (2010). Resistance among lantana cultivars to the lantana stick caterpillar, Neogalea sunia (Lepidoptera: Noctuidae). Southwestern Entomologist. 35(1): 51-58
1825;0;North America;Coleophora texanella;Nearctic;2013;Landry, J., Nazari, V., Dewaard, J. , Mutanen, M., Lopez-Vaamonde, C., Huemer, P. and Hebert, P. (2013). Shared but overlooked: 30 species of Holarctic Microlepidoptera revealed by DNA barcodes and morphology.¬†Zootaxa.¬†3749(1): 1-93
1826;0;North America;Comotia torsicornis;Nearctic;2019;Martinez, J., Crane, J., Wasielewski, J., Miller, J. and Carrillo, D. (2019). Lepidoptera pests of sapodilla (Manilkara zapota (L.) van Royen) in south Florida, with some comments on life history and natural control. Insecta Mundi. 0739: 1-26
1827;0;North America;Platynota rostrana;Nearctic;2017;der Gaag, D. and der Straten, M. (2017). Short Pest Risk Analysis for Platynota rostrana and Platynota stultana. Netherlands Food and Consumer Product Safety Authority Ministry of Economic Affairs. November, 2017.
1828;0;North America;Salbia haemorrhoidalis;Nearctic;2016;Landry, B. (2016). Taxonomic revision of the Spilomelinae (Lepidoptera, Pyralidae sl) of the Galapagos Islands, Ecuador. Revue suisse de Zoologie, 123(2), 315-399.
1829;0;North America;Utetheisa ornatrix;Nearctic;2010;Filho, J., Ferro, V. , Santos, T., Nabout, J., Dobrovolski, R. and De Marco Jr, P. (2010). The three phases of the ensemble forecasting of niche models: geographic range and shifts in climatically suitable areas of Utetheisa ornatrix (Lepidoptera, Arctiidae). Revista Brasileira de Entomologia 54(3): 339‚Äì349
1830;0;North America;Anatrachyntis badia;Nearctic;2017;Dawidowicz, L. and Rozwalka, R. (2017). Anatrachyntis badia (Hodges, 1962) (Lepidoptera: Cosmopterigidae): the first report from Turkey and a case of importation to Poland. Turkish Journal of Zoology. 41: 60-63
1831;0;North America;Anatrachyntis badia;Nearctic;2018;Hua, C., Salzman, S. and Pierce, N. (2018). A first record of Anatrachyntis badia (Hodges 1962)(Lepidoptera: Cosmopterigidae) on Zamia integrifolia (Zamiaceae). Florida Entomologist. 335-338
1832;0;North America;Azeta repugnalis;Nearctic;2002;Becker, V. and Miller, S. (2002). Large moths of Guana Island, British Virgin Islands: a survey of efficient colonizers (Lepidoptera: Sphingidae, Notodontidae, Noctuidae, Arctiidae, Geometridae, Hyblaeidae, Cossidae). Journal of the Lepidopterists Society. 56(1): 9-44
1833;0;North America;Agonoxena pyrogramma;Nearctic;1984;Clarke, B. and Gates-Clarke, J. (1984). Insects of Micronesia, Microlepidoptera: Gelechioidea. Insects of Micronesia. 9(2): 145-155
1834;0;North America;Coptodisca lucifluella;Nearctic;2022;Chireceanu, C., Mustaea, R. and Teodoru, A. (2022). The walnut shield bearer Coptodisca lucifluella (Clemens, 1860)(Lepidoptera: Heliozelidae)-the first record in Romania. Romanian Journal for Plant Protection. 15: 15-23
1835;0;North America;Dione vanillae;Nearctic;2006;da Silva, D., Dell ErbaII, R., KaminskiI, L., Moreira, G. (2006). External morphology of the immature stages of neotropical heliconians: V. Agraulis vanillae maculosa (Lepidoptera, Nymphalidae, Heliconiinae). Iheringia, Serie Zoologica. 96 (2)
1836;0;North America;Strepsicrates smithiana;Nearctic;2012;Vargas, H. (2012). Strepsicrates smithiana Walsingham (Lepidoptera, Tortricidae): first record from Chile and a newly documented host plant. Revista Brasileira de Entomologia. 56, 381-382
1837;0;North America;Macrorrhinia endonephele;Nearctic;2020;Hayden, J. and Landry, J. (2020). Arcola malloi (Pastrana), the alligatorweed stemborer, a new synonym of Macrorrhinia endonephele (Hampson)(Lepidoptera: Pyralidae: Phycitinae). Insecta mundi. 768: 1‚Äì25
1838;0;North America;Herpetogramma licarsisalis;Nearctic;1976;Tashiro, H. (1976). Biology of the grass webworm, Herpetogramma licarsisalis (Lepidoptera: Pyraustidae) in Hawaii. Annals of the Entomological Society of America. 69(5): 797-803
1839;0;North America;Lampides boeticus;Nearctic;2021;Edge, D. and Westrip, J. (2021). Lampides boeticus. The IUCN Red List of Threatened Species 2021: e.T174427A161341394
1840;0;North America;Agonoxena argaula;Nearctic;1978;Zimmerman, E. (1978). Insects of Hawaii. Vol. 9 Microlepidoptera. Part II. The University Press of Hawaii, Honolulu.
1841;0;North America;Ategumia ebulealis;Nearctic;2022;Brou, V. and Brou, C. (2022). Abita Entomological Study Site. Southern Lepidopterists News. 44(5): 409-460
1842;0;North America;Bactra venosana;Nearctic;2015;Sohn, J., Park, K. and Cho, S. (2015). Seven species of Olethreutinae (Lepidoptera: Tortricidae) new to Korea. Journal of Asia-Pacific Biodiversity. 8(2): 133-138
1843;0;North America;Calephelis virginiensis;Nearctic;2017;Cong, Q., Shen, J., Li, W., Borek, D., Otwinowski, Z. and Grishin, N. (2017). The first complete genomes of Metalmarks and the classification of butterfly families. Genomics. 109(5): 485-493
1844;0;North America;Elophila obliteralis;Nearctic;2012;Agassiz, D. (2012). The Acentropinae (Lepidoptera: Pyraloidea: Crambidae) of Africa. Zootaxa. 3494(1): 1-73
1845;0;North America;Parapoynx obscuralis;Nearctic;2020;Roy, D., Alderman, D., Anastasiu, P., Arianoutsou, M., Augustin, S., Bacher, S., ... and Reyserhove, L., (2020). DAISIE - Delivering Alien Invasive Species Inventories for Europe. Available at: http://www.europe-aliens.org/
1846;0;North America;Earias vittella;Nearctic;2003;Nash, S. (2003). Earias vittella (Fabricius) (Lep.: Noctuidae) the first occurrence of wild-caught moths in Europe. Entomologist‚Äôs Record and Journal of Variation 115: 187‚Äì188
1847;0;North America;Leucania senescens;Nearctic;2001;Adams, M. ( 2001). A revision of the moth genus Leucania Ochsenheimer in the Antilles (Insecta: Lepidoptera: Noctu- idae). Annals of the Carnegie Museum 70: 179-220
1848;0;North America;Thessalia theona;Nearctic;2016;Pohl, G., Patterson, B. and Pelham, J. (Unpublished). Annotated taxonomic checklist of the Lepidoptera of North America, North of Mexico. Working paper published online by the authors at ResearchGate.net. 766 pp.
1849;0;North America;Elaphria nucicolora;Nearctic;1958;Zimmerman, E. (1958). Insects of Hawaii. Volume 7, Macrolepidoptera. Hawaii: University of Hawaii Press.
1850;0;North America;Coleophora ulmifoliella;Nearctic;2004;Krischik, V. and Davidson, J. (eds.) (2004). IPM (Integrated Pest Management) of Midwestern Landscapes. Minnesota Agricultural Experiment Station.
1851;0;North America;Cryptographis nitidalis;Nearctic;2005;Capinera, J. (2005). Melonworm, Diaphania hyalinata Linnaeus (Insecta: Lepidoptera: Pyralidae). EENY163. Florida Cooperation Extension Service, Institute of Food and Agricultural Sciences, University of Florida, Gainesville, Florida.
1852;0;North America;Melitara prodenialis;Nearctic;2009;Baker, A. and Stiling, P. (2009). Comparing the effects of the exotic cactus-feeding moth, Cactoblastis cactorum (Berg) (Lepidoptera: Pyralidae) and the native cactus-feeding moth, Melitara prodenialis (Walker) (Lepidoptera: Pyralidae) on two species of Florida Opuntia. Biological Invasions. 11: 619-624
1853;0;North America;Choristoneura fumiferana;Nearctic;1995;Shepherd, R., Gray, T. and Harvey, G. (1995). Geographical distribution of Choristoneura species (Lepidoptera: Tortricidae) feeding on Abies, Picea, and Pseudotsuga in western Canada and Alaska. The Canadian Entomologist, 127(6): 813-830
1854;0;Oceania;Praeacedes atomosella;Nearctic;2020;Roy, D., Alderman, D., Anastasiu, P., Arianoutsou, M., Augustin, S., Bacher, S., ... and Reyserhove, L., (2020). DAISIE - Delivering Alien Invasive Species Inventories for Europe. Available at: http://www.europe-aliens.org/
1855;0;Oceania;Dryadaula terpsichorella;Nearctic;2014;Lee, G., Hayden, J. and Kawahara, A. (2014). External egg morphology of the Hawaiian dancing moth, Dryadaula terpsichorella (Lepidoptera: Tineidae). Journal of Natural History. 48(15-16): 969-974
1856;0;Oceania;Uresiphita polygonalis;Nearctic;1997;Leen, R. (1997). Larval hosts of Uresiphita, Hubner (Crambidae), Journal of the Lepidopterists Society. 51(2): 139-148
1857;0;Oceania;Simplicia cornicalis;Nearctic;2011;Dickel, T., Brou Jr., V. and Heppner, J. (2010) New North American Records Of The Asian Species, Simplicia cornicalis, in Florida and Louisiana. Lepidoptera Novae. 3(1): 53-56
1858;0;Oceania;Achaea janata;Nearctic;1978;Edwards, E. (1978). A review of the genus Archaea in Australia (Lepidoptera: Noctuidae). Journal of the Australian Entomological Society. 17: 329-340
1859;0;Oceania;Agrotis ipsilon;Nearctic;1997;Showers, W. (1997). Migratory Ecology of the Black Cutworm. Annual Review of Entomology. 42: 393‚Äì425
1860;0;Oceania;Papilio xuthus;Nearctic;2024;Inayoshi, Y. (2024). A Check List of Butterflies in Indo-China - Chiefly from Thailand, Laos and Vietnam. Available at: https://yutaka.it-n.jp/index.html
1861;0;Oceania;Agrius cingulata;Nearctic;2006;Marabuto, E. (2006). The occurrence of a neotropical hawkmoth in southern Portugal: Agrius cingulatus (Fabricius, 1775) (Lepidoptera: Sphingidae). Boletin de la Sociedad Entomologica Aragonesa. 38: 163-166
1862;0;Oceania;Antheraea polyphemus;Nearctic;2020;Walker, A. (2020). Antheraea polyphemus. The IUCN Red List of Threatened Species 2020: e.T173004714A173004732.
1863;0;Oceania;Lampides boeticus;Nearctic;2021;Edge, D. and Westrip, J. (2021). Lampides boeticus. The IUCN Red List of Threatened Species 2021: e.T174427A161341394
1864;0;Oceania;Bedellia orchilella;Nearctic;1978;Zimmerman, E. (1978). Insects of Hawaii. Vol. 9 Microlepidoptera. Part I. The University Press of Hawaii, Honolulu.
1865;0;Oceania;Ethmia nigroapicella;Nearctic;2000;Kurr, A. and Szasorv, C. (2000). Survey Of The Taiwanese Ethmiinae (Leprdoprera, Oecophoridae) With Descriptions Of Three New Species. Acta Zoologica Academiae Scientiaruh Hungaricae. 46(1):  53-78
1866;0;Oceania;Danaus plexippus;Nearctic;2022;Walker, A., Oberhauser, K., Pelton, E. and Pleasants, J. (2022). Danaus plexippus (errata version published in 2022). The IUCN Red List of Threatened Species 2022: e.T159971A219149911
1867;0;Oceania;Aphthonetus triaula;Nearctic;1978;Zimmerman, E. (1978). Insects of Hawaii. Vol. 9 Microlepidoptera. Part II. The University Press of Hawaii, Honolulu.
1868;0;Oceania;Caloptilia mabaella;Nearctic;1978;Zimmerman, E. (1978). Insects of Hawaii. Vol. 9 Microlepidoptera. Part II. The University Press of Hawaii, Honolulu.
1869;0;Oceania;Cryptophlebia illepida;Nearctic;1956;Namba, R. (1956). Cryptophlebia illepida (Butler)(Lepidoptera: Eucosmidae) and other insect pests of the macadamia nut in Hawaii. Proceedings of the Hawaiian Entomological Society. 16(2): 284-297
1870;0;Oceania;Eurema blanda;Oceanina;2020;Payra, A. (2020). A note on the defence by Eurema blanda Boisduval (Lepidoptera: Pieridae) pupae in response to oviposition behaviour of the chalcid wasp Brachymeria sp.(Hymenoptera: Chalcididae). Revista Chilena de Entomologia, 46(3)
1871;0;North America;Azeta repugnalis;Panamanian;1946;Ramos, J. (1946). The insects of Mona Island (West Indies). The Journal of Agriculture of the University of Puerto Rico. 30(1):1-73
1872;0;North America;Lantanophaga pusillidactylus;Panamanian;2020;Demetriou, J., Kazilas, C., Koutsoukos, E. and Kalaentzis, K. (2020). ? new tropical invader in Greece: The lantana plume moth Lantanophaga pusillidactylus (Lepidoptera: Pterophoridae). Entomologia Hellenica. 29(1): 1-7
1873;0;Oceania;Adoxophyes melia;Oceanina;1983;Diakonoff, A. (1983). Tortricidae from Atjeh, Northern Sumatra (Lepidoptera). Zoologische Verhandelingen, 204(1), 1-129
1874;0;North America;Strepsicrates smithiana;Neotropical;2012;Vargas, H. (2012). Strepsicrates smithiana Walsingham (Lepidoptera, Tortricidae): first record from Chile and a newly documented host plant. Revista Brasileira de Entomologia. 56, 381-382
1875;0;South America;Hellula phidilealis;Neotropical;2015;Holtz, A., Rondelli, V., Celestino, F., Bestete, L. and Carvalho, J. (Eds.) (2015). Pragas das brassicas. Instituto Federal de Ensino, Ci√™ncia e Tecnologia do Espirito Santo (IFES).
1876;0;South America;Antichloris viridis;Neotropical;2024;Savela, M. (2024). Lepidoptera and some other life forms. Available at: https://ftp.funet.fi/index/Tree_of_life/intro.html
1877;0;South America;Diatraea saccharalis;Neotropical;2019;Francischini, F. J., Cordeiro, E. M., de Campos, J. B., Alves-Pereira, A., Viana, J. P. G., Wu, X., ... and Zucchi, M. (2019). Diatraea saccharalis history of colonization in the Americas. The case for human-mediated dispersal. PLoS One. 14(7): e0220031
1878;0;South America;Brephidium exilis;Neotropical;2022;Calhoun, J. and Smith, R. (2022). Brephidium exilis (Lycaenidae) Colonizes the Tampa Bay Area as a New Florida State Record. Southern Lepidopterists News. 44(4): 487-493
1879;0;South America;Aglaonice hirtipalpis;Neotropical;2002;Barnes, M. (2002). A preliminary illustrated catalogue of the larger moths of Jamaica. Available at: http://www.mbarnes.force9.co.uk/jamaicamoths/jamaicahome.htm
1880;0;South America;Diastema tigris;Neotropical;1856;Walker, F. (1856). List of the Specimens of Lepidopterous Insects in the Collection of the British Museum - Part 10 Noctuidae. E. Newman, Devonshire Street, Bishopsgate. London, United Kingdom. 982pp.
1881;0;Asia;Lymantria monacha;Oriental;2024;CAB International (CABI) (2024). CABI Invasive Species Compendium. Available at: https://www.cabidigitallibrary.org/product/QI
1882;0;Oceania;Ethmia nigroapicella;Oceanina;2000;Kurr, A. and Szasorv, C. (2000). Survey Of The Taiwanese Ethmiinae (Leprdoprera, Oecophoridae) With Descriptions Of Three New Species. Acta Zoologica Academiae Scientiaruh Hungaricae. 46(1):  53-78
1883;0;Asia;Sameodes cancellalis;Saharo-Arabian;2018;Poltavsky, A., Kravchenko, V., Traore, M., Traore, S., Gergely, P., Witt, T., ... and Muller, G. (2018). The Pyraloidea (Lepidoptera) fauna of the woody savannah belt in Mali, West Africa. Zootaxa. 4457(1): 39‚Äì69
1884;0;Asia;Euclasta varii;Saharo-Arabian;1973;Popescu-Gorj A. and Constantinescu A. (1973). New African species of Euclasta (Lepidoptera, Pyraustinae). Revue roumaine de Biologie - Serie de Zoologie. 18(6): 393‚Äì402
1885;0;Asia;Hypena jussalis;Saharo-Arabian;2024;de Prins J. and de Prins W. (2024). Afromoths, online database of Afrotropical moth species (Lepidoptera). Available at: http://www.afromoths.net
1886;0;Africa;Acontia margaritata;Afrotropical;2024;Savela, M. (2024). Lepidoptera and some other life forms. Available at: https://ftp.funet.fi/index/Tree_of_life/intro.html
1887;0;Africa;Zizeeria knysna;Afrotropical;2009;Tolman, T. and Lewington, R. (2009). Collins Butterfly Guide. HarperCollins Publishers
1888;0;Africa;Parapoynx stagnalis;Afrotropical;1993;Waterhouse, D. (1993). The major arthropod pests and weeds of agriculture in Southeast Asia: distribution, importance and origin. Australian Centre for International Agricultural Research - ACIAR. Ausralia, Camberra. 
1889;0;Africa;Eublemma anachoresis;Afrotropical;1946;Swezey, O. (1946). Lepidoptera, Geometridae, Arctiidae, Agrotidae, and Pyralidae of Guam. In: Insects of Guam II. Bernice P. Bishop Museum Bulletin. 189: 163-185
1890;0;Africa;Aproaerema polychromella;Afrotropical;2010;Junnilainen, J., Karsholt, O., Nupponen, K., Kaitila, J., Nupponen, T. and Olschwang, V. (2010). The gelechiid fauna of the southern Ural Mountains, part II: list of recorded species with taxonomic notes (Lepidoptera: Gelechiidae). Zootaxa. 2367(1): 1-68
1891;0;Africa;Hypena strigatus;Afrotropical;2013;Kononenko, V. and Pinratana, A. (2013). Moths of Thailand. Noctuoidea. An illustrated Catalogue of Erebidae, Nolidae, Euteliidae and Noctuidae (Insecta, Lepidoptera) in Thailand. Brothers of St. Gabriel in Thailand. Bangkok.
1892;0;Africa;Crocidolomia pavonana;Afrotropical;1946;Swezey, O. (1946). Lepidoptera, Geometridae, Arctiidae, Agrotidae, and Pyralidae of Guam. In: Insects of Guam II. Bernice P. Bishop Museum Bulletin. 189: 163-185
1893;0;Africa;Tineola bisselliella;Afrotropical;2011;Plarre, R. and Kruger-Carstensen, B. (2011). An attempt to reconstruct the natural and cultural history of the webbing clothes moth Tineola bisselliella Hummel (Lepidoptera: Tineidae). Journal of Entomological and Acarological Research. 43(2): 83-93
1894;0;Africa;Chaliopsis junodi;Afrotropical;1971;Bosman, T. and Brand, J. (1971). Biological studies of the sex pheromone of Kotochalia junodi Heyl.(Lepidoptera: Psychidae) and its partial purification. Journal of the Entomological Society of Southern Africa. 34(1): 73-78
1895;0;Africa;Deudorix antalus;Afrotropical;1997;Steele, B. (1997). An identification list for lepidopterists visiting Madagascar. Metamorphosis. 8(1): 33-42
1896;0;Africa;Scrobipalpa obsoletella;Afrotropical;2010;Bidzilya, O. and Li, H. (2010). The genus Scrobipalpa Janse (Lepidoptera, Gelechiidae) in China, with descriptions of 13 new species. Zootaxa. 2513(1): 1-26
1897;0;Africa;Scrobipalpa obsoletella;Afrotropical;2019;Bidzilya, O., Karsholt, O., Kravchenko, V. and Sumpich, J. (2019). An annotated checklist of Gelechiidae (Lepidoptera) of Israel with description of two new species. Zootaxa. 4677(1): 1-68
1898;0;Africa;Phycita diaphana;Afrotropical;2015;Zilli, A. and Pavesi, F. (2015). new or little known Pyraloids from Italy (Lepidoptera: Pyraloidea). Phegea. 43(3): 81-96
1899;0;North America;Melitara dentata;Nearctic;2009;Simonsen, T., Dombroskie, J. and Pohl, G. (2009). Melitara Walker (Pyralidae) in western Canada: The documentation of M. subumbrella (Dyar) in the Prairie Provinces demonstrates the value of regional collections and species lists. Journal of the Lepidopteris Society, 63: 31-36
1900;0;Europe;Parascotia fuliginaria;Palearctic;1991;Mikkola, K., Lafontaine, D. and Kononenko, V. (1991). Zoogeography of the Holarctic species of the Noctuidae (Lepidoptera): impoftance of the Beringian refuge. Entomologica Fennica. 2(3): 157-173
1901;0;Europe;Paraswammerdamia lutarea;Palearctic;1964;Zwolfer, H. (1964). Notes on the parasites of Swammerdamia lutarea Hw. and S. caesiella Hb.(Lep. Hyponomeutidae) in central Europe. Commonwealth Institute of Biological Control Technical Bulletin. 4: 121-146.
1902;0;Europe;Rhopobota naevana;Palearctic;2020;Roy, D., Alderman, D., Anastasiu, P., Arianoutsou, M., Augustin, S., Bacher, S., ... and Reyserhove, L., (2020). DAISIE - Delivering Alien Invasive Species Inventories for Europe. Available at: http://www.europe-aliens.org/
1903;0;Asia;Chiasmia hebesata;Palearctic;2015;Yamanaka, T., Morimoto, N., Nishida, G., Kiritani, K., Moriya, S. and Liebhold, A. (2015). Comparison of insect invasions in North America, Japan and their Islands. Biological Invasions. 17(10): 3049-3061
1904;0;Africa;Lamprosema chagosalis;Madagascan;2015;Hayden, J. and Troubridge, J. (2015). Nacoleia charesalis (Walker) spreading in Florida. News of the Lepidopterists Society. 57(1): 8-10
1905;0;Asia;Plutella porrectella;Palearctic;2010;Lopez-Vaamonde, C., Agassiz, D., Augustin, S., De Prins, J., De Prins, W., Gomboc, S., ... and Lees, D. (2010). Lepidoptera. Chapter 11. BioRisk 4: 603-668
1906;0;Europe;Plutella porrectella;Palearctic;2022;Abram, P., Thiessen, J., Clarke, P., Gillespie, D., Fernandez-Triana, J., Bennett, A., ... and Landry, J. (2022). Natural History of Plutella armoraciae Busck, 1912, A Sympatric Congener of the Diamondback Moth, Plutella xylostella (L., 1758), in Southwestern Canada. The Journal of the Lepidopterists Society. 76(1): 25-39
1907;0;Africa;Acalyptris platani;Saharo-Arabian;2003;Sefrova, H. (2003). Invasions of Lithocolletinae species in Europe - Causes, kinds, limits and ecological impact (Lepidoptera, Gracillariidae). Ekologia (Bratislava). 22(2): 132-142
1908;0;Asia;Acalyptris platani;Sino-Japanese;2003;Sefrova, H. (2003). Invasions of Lithocolletinae species in Europe - Causes, kinds, limits and ecological impact (Lepidoptera, Gracillariidae). Ekologia (Bratislava). 22(2): 132-142
1909;0;Asia;Nacoleia octasema;Oriental;2008;EFSA Panel on Plant Health (PLH), Baker, R., Caffier, D., Choiseul, J. W., De Clercq, P., Dormannsne-Simon, E., ... and Vloutoglou, I. (2008). Pest risk assessment made by France on Nacoleia octasema considered by France as harmful in French overseas departments of French Guiana, Guadeloupe, Martinique and Reunion-Scientific Opinion of the Panel on Plant Health. The EFSA Journal. 671: 1-15
1910;0;Australia;Nacoleia octasema;Australian;2008;EFSA Panel on Plant Health (PLH), Baker, R., Caffier, D., Choiseul, J. W., De Clercq, P., Dormannsne-Simon, E., ... and Vloutoglou, I. (2008). Pest risk assessment made by France on Nacoleia octasema considered by France as harmful in French overseas departments of French Guiana, Guadeloupe, Martinique and Reunion-Scientific Opinion of the Panel on Plant Health. The EFSA Journal. 671: 1-15
1911;0;Oceania;Nacoleia octasema;Oceanina;2008;EFSA Panel on Plant Health (PLH), Baker, R., Caffier, D., Choiseul, J. W., De Clercq, P., Dormannsne-Simon, E., ... and Vloutoglou, I. (2008). Pest risk assessment made by France on Nacoleia octasema considered by France as harmful in French overseas departments of French Guiana, Guadeloupe, Martinique and Reunion-Scientific Opinion of the Panel on Plant Health. The EFSA Journal. 671: 1-15
1912;0;Africa;Mythimna languida;Afrotropical;2007;Kravchenko, V., Fibiger, M., Mooser, J., Junnila, A. and Muller, G. (2007). The Hadeninae of Israel (Lepidoptera: Noctuidae). SHILAP Revista de lepidopterologia. 35(140): 441-454
1913;0;Africa;Mythimna languida;Madagascan;2007;Kravchenko, V., Fibiger, M., Mooser, J., Junnila, A. and Muller, G. (2007). The Hadeninae of Israel (Lepidoptera: Noctuidae). SHILAP Revista de lepidopterologia. 35(140): 441-454
1914;0;Asia;Mythimna languida;Oriental;2007;Kravchenko, V., Fibiger, M., Mooser, J., Junnila, A. and Muller, G. (2007). The Hadeninae of Israel (Lepidoptera: Noctuidae). SHILAP Revista de lepidopterologia. 35(140): 441-454
1915;0;Asia;Mythimna languida;Saharo-Arabian;2007;Kravchenko, V., Fibiger, M., Mooser, J., Junnila, A. and Muller, G. (2007). The Hadeninae of Israel (Lepidoptera: Noctuidae). SHILAP Revista de lepidopterologia. 35(140): 441-454
1916;0;Europe;Argyresthia laevigatella;Palearctic;2020;Roy, D., Alderman, D., Anastasiu, P., Arianoutsou, M., Augustin, S., Bacher, S., ... and Reyserhove, L., (2020). DAISIE - Delivering Alien Invasive Species Inventories for Europe. Available at: http://www.europe-aliens.org/
1917;0;Europe;Aproaerema anthyllidella;Palearctic;2023;Karsholt, O., Baldizzone, G. and Gomboc, S. (2023). Overview of the Gelechiidae Moths (Lepidoptera) of Krk Island, Croatia: Diversity, Distribution and Ecological Insights. GORTANIA Botanica, Zoologia. 45: 95-124
1918;0;Europe;Caloptilia roscipennella;Palearctic;2010;Lopez-Vaamonde, C., Agassiz, D., Augustin, S., De Prins, J., De Prins, W., Gomboc, S., ... and Lees, D. (2010). Lepidoptera. Chapter 11. BioRisk 4: 603-668
1919;0;Asia;Cydia conicolana;Palearctic;2021;Goglia, L. (2021). Faunistic Notes on Lepidoptera Tortricidae from Calabria (South Italy) - Contribution to the knowledge of the Lepidoptera Tortricidae fauna of Mediterranean ecosystems. [PhD Thesis, Universita degli Studi della Tuscia and Universita degli Studi del Molise]
1920;0;Asia;Niditinea fuscella;Palearctic;2019;Gaedike, R. (2019) Tineidae II : Myrmecozelinae, Perissomasticinae, Tineinae, Hieroxestinae, Teichobiinae and Stathmopolitinae. Microlepidoptera of Europe. Vol. 9. Leiden : Brill
1921;0;Europe;Niditinea fuscella;Palearctic;2019;Gaedike, R. (2019) Tineidae II : Myrmecozelinae, Perissomasticinae, Tineinae, Hieroxestinae, Teichobiinae and Stathmopolitinae. Microlepidoptera of Europe. Vol. 9. Leiden : Brill
1922;0;North America;Niditinea fuscella;Nearctic;2019;Gaedike, R. (2019) Tineidae II : Myrmecozelinae, Perissomasticinae, Tineinae, Hieroxestinae, Teichobiinae and Stathmopolitinae. Microlepidoptera of Europe. Vol. 9. Leiden : Brill
1923;0;North America;Comotia torsicornis;Panamanian;2019;Martinez, J., Crane, J., Wasielewski, J., Miller, J. and Carrillo, D. (2019). Lepidoptera pests of sapodilla (Manilkara zapota (L.) van Royen) in south Florida, with some comments on life history and natural control. Insecta Mundi. 0739: 1-26
1924;0;Asia;Cydia millenniana;Palearctic;2010;Lopez-Vaamonde, C., Agassiz, D., Augustin, S., De Prins, J., De Prins, W., Gomboc, S., ... and Lees, D. (2010). Lepidoptera. Chapter 11. BioRisk 4: 603-668
1925;0;Europe;Cydia millenniana;Palearctic;2010;Lopez-Vaamonde, C., Agassiz, D., Augustin, S., De Prins, J., De Prins, W., Gomboc, S., ... and Lees, D. (2010). Lepidoptera. Chapter 11. BioRisk 4: 603-668
1926;0;Europe;Cydia pactolana;Palearctic;2010;Lopez-Vaamonde, C., Agassiz, D., Augustin, S., De Prins, J., De Prins, W., Gomboc, S., ... and Lees, D. (2010). Lepidoptera. Chapter 11. BioRisk 4: 603-668
1927;0;Europe;Cydia splendana;Palearctic;2020;Roy, D., Alderman, D., Anastasiu, P., Arianoutsou, M., Augustin, S., Bacher, S., ... and Reyserhove, L., (2020). DAISIE - Delivering Alien Invasive Species Inventories for Europe. Available at: http://www.europe-aliens.org/
1928;0;Africa;Eilema caniola;Saharo-Arabian;2024;Lees, D. (2024). The genome sequence of the Hoary Footman, Eilema caniola (Hubner, 1808). Wellcome Open Research. 9: 5
1929;0;Asia;Eilema caniola;Palearctic;2024;Lees, D. (2024). The genome sequence of the Hoary Footman, Eilema caniola (Hubner, 1808). Wellcome Open Research. 9: 5
1930;0;Europe;Epinotia nigricana;Palearctic;2018;Trematerra, P., Goglia, L., Scalercio, S. and Colacci, M. (2018). Lepidoptera Tortricidae from Calabria (Southern Italy). Redia: Giornale di Zoologia. 101: 167-181
1931;0;Africa;Euchromia lethe;Saharo-Arabian;1775;Fabricius J. (1775). Systema Entomologiae sistens insectorum classes, ordines, genera, species, adiectis synonymis, locis, descriptionibus, observationibus. Flensburgi et Lipsiae. 832pp
1932;0;North America;Eupithecia lariciata;Nearctic;2014;Mironov, V. and Galsworthy, A. (2014). A survey of Eupithecia Curtis, 1825 (Lepidoptera, Geometridae, Larentiinae) in Mongolia with descriptions of two new species. Zootaxa. 3774(2): 101-130
1933;0;Africa;Eupithecia phoeniceata;Saharo-Arabian;2006;de Prins, W. (2007). Interessante waarnemingen van Lepidoptera in Belgie in 2006 (Lepidoptera). Phegea. 35(1): 1‚Äì20
1934;0;Europe;Eupithecia phoeniceata;Palearctic;2020;Roy, D., Alderman, D., Anastasiu, P., Arianoutsou, M., Augustin, S., Bacher, S., ... and Reyserhove, L., (2020). DAISIE - Delivering Alien Invasive Species Inventories for Europe. Available at: http://www.europe-aliens.org/
1935;0;North America;Melitara junctolineella;Nearctic;2020;VanDyk, J., Sellers, E. and Bartlett, T. (2020). BugGuide - Identification, Images, & Information For Insects, Spiders & Their Kin For the United States & Canada. Version 1.5. United States Geological Survey.
1936;0;Europe;Emmelina monodactyla;Palearctic;2023;Boyes, D. (2023). The genome sequence of the Common Plume moth, Emmelina monodactyla (Linnaeus, 1758). Wellcome Open Research. 8: 97
1937;0;Europe;Epermenia aequidentellus;Palearctic;2010;Lopez-Vaamonde, C., Agassiz, D., Augustin, S., De Prins, J., De Prins, W., Gomboc, S., ... and Lees, D. (2010). Lepidoptera. Chapter 11. BioRisk 4: 603-668
1938;0;Europe;Epinotia fraternana;Palearctic;2018;Trematerra, P., Goglia, L., Scalercio, S. and Colacci, M. (2018). Lepidoptera Tortricidae from Calabria (Southern Italy). Redia: Giornale di Zoologia. 101: 167-181
1939;0;Europe;Epinotia subsequana;Palearctic;2003;Camarero, J., Martin, E. and Gil-Pelegrin, E. (2003). The impact of a needleminer (Epinotia subsequana) outbreak on radial growth of silver fir (Abies alba) in the Aragon Pyrenees: a dendrochronological assessment. Dendrochronologia. 21(1): 3-12
1940;0;North America;Erinnyis ello;Panamanian;1976;Winder, J. (1976). Ecology and control of Erinnyis ello and E. alope, important insect pests in the New World. PANS. 22(4): 449-466
1941;0;Europe;Eupithecia indigata;Palearctic;2021;Knyazev, S. and Mironov, V. (2021). Additions to the Catalogue of Lepidoptera of Omsk Region of Russia. Part 2: Eupithecia Curtis, 1825 (Lepidoptera: Geometridae). SHILAP Revista de lepidopterologia. 49(195): 563-568
1942;0;Asia;Eupithecia intricata;Palearctic;2014;Mironov, V. and Galsworthy, A. (2014). A survey of Eupithecia Curtis, 1825 (Lepidoptera, Geometridae, Larentiinae) in Mongolia with descriptions of two new species. Zootaxa. 3774(2): 101-130
1943;0;Europe;Eupithecia intricata;Palearctic;2014;Mironov, V. and Galsworthy, A. (2014). A survey of Eupithecia Curtis, 1825 (Lepidoptera, Geometridae, Larentiinae) in Mongolia with descriptions of two new species. Zootaxa. 3774(2): 101-130
1944;0;North America;Eupithecia intricata;Nearctic;2014;Mironov, V. and Galsworthy, A. (2014). A survey of Eupithecia Curtis, 1825 (Lepidoptera, Geometridae, Larentiinae) in Mongolia with descriptions of two new species. Zootaxa. 3774(2): 101-130
1945;0;Europe;Eupithecia pulchellata;Palearctic;2020;Roy, D., Alderman, D., Anastasiu, P., Arianoutsou, M., Augustin, S., Bacher, S., ... and Reyserhove, L., (2020). DAISIE - Delivering Alien Invasive Species Inventories for Europe. Available at: http://www.europe-aliens.org/
1946;0;Africa;Eutelia adulatrix;Afrotropical;2024;Joshi, R., Singh, N., Ahmad, J. and Farooqui, S. A. (2024). A Catalogue of Indian Euteliidae (Lepidoptera, Noctuoidea). Zootaxa, 5448(2): 151-182
1947;0;Asia;Eutelia adulatrix;Palearctic;2024;Joshi, R., Singh, N., Ahmad, J. and Farooqui, S. A. (2024). A Catalogue of Indian Euteliidae (Lepidoptera, Noctuoidea). Zootaxa, 5448(2): 151-182
1948;0;Asia;Eutelia adulatrix;Saharo-Arabian;2024;Joshi, R., Singh, N., Ahmad, J. and Farooqui, S. A. (2024). A Catalogue of Indian Euteliidae (Lepidoptera, Noctuoidea). Zootaxa, 5448(2): 151-182
1949;0;Europe;Eutelia adulatrix;Palearctic;2024;Joshi, R., Singh, N., Ahmad, J. and Farooqui, S. A. (2024). A Catalogue of Indian Euteliidae (Lepidoptera, Noctuoidea). Zootaxa, 5448(2): 151-182
1950;0;Africa;Euzophera osseatella;Saharo-Arabian;2019;Gumhalter, D. (2019). A revised checklist of pyraloid moths (Lepidoptera: Pyraloidea) in Croatia. Natura Croatica: Periodicum Musei Historiae Naturalis Croatici. 28(2): 271-288
1951;0;Europe;Euzophera osseatella;Palearctic;2019;Gumhalter, D. (2019). A revised checklist of pyraloid moths (Lepidoptera: Pyraloidea) in Croatia. Natura Croatica: Periodicum Musei Historiae Naturalis Croatici. 28(2): 271-288
1952;0;Asia;Euzophera pinguis;Palearctic;2022;Garre, M., Girdley, J., Guerrero, J., Rubio, R. and Ortiz, A. (2022). An annotated checklist of the Pyralidae of the region of Murcia (Spain) with new records, distribution and biological data (Lepidoptera, Pyraloidea, Pyralidae). Biodiversity Data Journal. 10: e79255
1953;0;Europe;Euzophera pinguis;Palearctic;2022;Garre, M., Girdley, J., Guerrero, J., Rubio, R. and Ortiz, A. (2022). An annotated checklist of the Pyralidae of the region of Murcia (Spain) with new records, distribution and biological data (Lepidoptera, Pyraloidea, Pyralidae). Biodiversity Data Journal. 10: e79255
1954;0;Europe;Evergestis aenealis;Palearctic;2018;Alipanah, H., Khodadad, M., Rajaei, H. and Haseli, M. (2018). Taxonomic study of the genus Evergestis Hubner, 1825 (Lepidoptera: Crambidae: Glaphyriinae) in Iran with description of a new species. Zootaxa. 4420(1): 1-33
1955;0;Europe;Gelechia sabinellus;Palearctic;2020;Roy, D., Alderman, D., Anastasiu, P., Arianoutsou, M., Augustin, S., Bacher, S., ... and Reyserhove, L., (2020). DAISIE - Delivering Alien Invasive Species Inventories for Europe. Available at: http://www.europe-aliens.org/
1956;0;Africa;Idaea inquinata;Saharo-Arabian;2020;Roy, D., Alderman, D., Anastasiu, P., Arianoutsou, M., Augustin, S., Bacher, S., ... and Reyserhove, L., (2020). DAISIE - Delivering Alien Invasive Species Inventories for Europe. Available at: http://www.europe-aliens.org/
1957;0;Europe;Idaea inquinata;Palearctic;2020;Roy, D., Alderman, D., Anastasiu, P., Arianoutsou, M., Augustin, S., Bacher, S., ... and Reyserhove, L., (2020). DAISIE - Delivering Alien Invasive Species Inventories for Europe. Available at: http://www.europe-aliens.org/
1958;0;Africa;Lithophane leautieri;Saharo-Arabian;2010;Lopez-Vaamonde, C., Agassiz, D., Augustin, S., De Prins, J., De Prins, W., Gomboc, S., ... and Lees, D. (2010). Lepidoptera. Chapter 11. BioRisk 4: 603-668
1959;0;Europe;Lithophane leautieri;Palearctic;2010;Lopez-Vaamonde, C., Agassiz, D., Augustin, S., De Prins, J., De Prins, W., Gomboc, S., ... and Lees, D. (2010). Lepidoptera. Chapter 11. BioRisk 4: 603-668
1960;0;Africa;Haplotinea insectella;Saharo-Arabian;2010;Lopez-Vaamonde, C., Agassiz, D., Augustin, S., De Prins, J., De Prins, W., Gomboc, S., ... and Lees, D. (2010). Lepidoptera. Chapter 11. BioRisk 4: 603-668
1961;0;Europe;Haplotinea insectella;Palearctic;2010;Lopez-Vaamonde, C., Agassiz, D., Augustin, S., De Prins, J., De Prins, W., Gomboc, S., ... and Lees, D. (2010). Lepidoptera. Chapter 11. BioRisk 4: 603-668
1962;0;Africa;Ophiusa tirhaca;Afrotropical;2025;PaDIL (2025). The Pest and Disease Image Library (PaDIL). Available at: https://www.padil.gov.au/
1963;0;Africa;Ophiusa tirhaca;Saharo-Arabian;2025;PaDIL (2025). The Pest and Disease Image Library (PaDIL). Available at: https://www.padil.gov.au/
1964;0;Asia;Ophiusa tirhaca;Oriental;2025;PaDIL (2025). The Pest and Disease Image Library (PaDIL). Available at: https://www.padil.gov.au/
1965;0;Asia;Ophiusa tirhaca;Palearctic;2025;PaDIL (2025). The Pest and Disease Image Library (PaDIL). Available at: https://www.padil.gov.au/
1966;0;Asia;Ophiusa tirhaca;Sino-Japanese;2025;PaDIL (2025). The Pest and Disease Image Library (PaDIL). Available at: https://www.padil.gov.au/
1967;0;Europe;Ophiusa tirhaca;Palearctic;2025;PaDIL (2025). The Pest and Disease Image Library (PaDIL). Available at: https://www.padil.gov.au/
1968;0;Asia;Hypsopygia costalis;Palearctic;2005;Pohl, G., Bird, C., Landry, J. and Anweiler, G. (2005). New records of microlepidoptera in Alberta, Canada.¬†Journal of the Lepidopterists Society.¬†59(2): 61
1969;0;Europe;Hypsopygia costalis;Palearctic;2005;Pohl, G., Bird, C., Landry, J. and Anweiler, G. (2005). New records of microlepidoptera in Alberta, Canada.¬†Journal of the Lepidopterists Society.¬†59(2): 61
1970;0;Asia;Ophiusa trapezium;Oriental;2025;PaDIL (2025). The Pest and Disease Image Library (PaDIL). Available at: https://www.padil.gov.au/
1971;0;Oceania;Ophiusa trapezium;Oceanina;2025;PaDIL (2025). The Pest and Disease Image Library (PaDIL). Available at: https://www.padil.gov.au/
1972;0;Asia;Macaria liturata;Palearctic;2010;Lopez-Vaamonde, C., Agassiz, D., Augustin, S., De Prins, J., De Prins, W., Gomboc, S., ... and Lees, D. (2010). Lepidoptera. Chapter 11. BioRisk 4: 603-668
1973;0;Asia;Macaria liturata;Sino-Japanese;2010;Lopez-Vaamonde, C., Agassiz, D., Augustin, S., De Prins, J., De Prins, W., Gomboc, S., ... and Lees, D. (2010). Lepidoptera. Chapter 11. BioRisk 4: 603-668
1974;0;Europe;Macaria liturata;Palearctic;2020;Roy, D., Alderman, D., Anastasiu, P., Arianoutsou, M., Augustin, S., Bacher, S., ... and Reyserhove, L., (2020). DAISIE - Delivering Alien Invasive Species Inventories for Europe. Available at: http://www.europe-aliens.org/
1975;0;North America;Manduca quinquemaculatus;Panamanian;2013;Kawahara, A., Breinholt, J., Ponce, F., Haxaire, J., Xiao, L., Lamarre, G., ... and Kitching, I. (2013). Evolution of Manduca sexta hornworms and relatives: biogeographical analysis reveals an ancestral diversification in Central America. Molecular Phylogenetics and Evolution. 68(3): 381-386
1976;0;South America;Manduca quinquemaculatus;Neotropical;2013;Kawahara, A., Breinholt, J., Ponce, F., Haxaire, J., Xiao, L., Lamarre, G., ... and Kitching, I. (2013). Evolution of Manduca sexta hornworms and relatives: biogeographical analysis reveals an ancestral diversification in Central America. Molecular Phylogenetics and Evolution. 68(3): 381-386
1977;0;Africa;Mussidia nigrivenella;Afrotropical;2019;Leraut, G. (2019). Contribution a la connaissance des Pyralidae Phycitinae de Madagascar, des Comores et des Mascareignes (III) ‚Äì Revision et inventaire des especes presentes a Madagascar et dans les Mascareignes. Revue Fran√ßaise dEntomologie Generale. 1(2): 38-198
1978;0;Africa;Oraesia emarginata;Afrotropical;2005;Holloway, J. (2005). The Moths of Borneo, Parts 15 & 16 Noctuidae: Catocalinae. Southdene Sdn Bhd. Available online at: https://www.mothsofborneo.com/part-15-16/index.htm
1979;0;Asia;Oraesia emarginata;Oriental;2005;Holloway, J. (2005). The Moths of Borneo, Parts 15 & 16 Noctuidae: Catocalinae. Southdene Sdn Bhd. Available online at: https://www.mothsofborneo.com/part-15-16/index.htm
1980;0;Asia;Oligostigma polydectalis;Oriental;2022;Goater, B., Nuss, M. and Speidel, W. (2022). Pyraloidea I:(Acentropinae, Evergestinae, Heliothelinae, Schoenobiinae, Scopariinae) (Vol. 4). In: Nuss, M., Karsholt, O., Mutanen, M. (Eds.). Microlepidoptera of Europe. Brill. Leiden, Netherlands.
1981;0;Australia;Oligostigma polydectalis;Australian;2022;Goater, B., Nuss, M. and Speidel, W. (2022). Pyraloidea I:(Acentropinae, Evergestinae, Heliothelinae, Schoenobiinae, Scopariinae) (Vol. 4). In: Nuss, M., Karsholt, O., Mutanen, M. (Eds.). Microlepidoptera of Europe. Brill. Leiden, Netherlands.
1982;0;Asia;Phtheochroa pulvillana;Palearctic;2022;Fazekas I. (2022). A synopsis of the bionomics and geographical distribution of Phtheochroa species in Hungary (Lepidoptera: Tortricidae, Cochylini). Lepidopterologica Hungarica. 18(1): 23‚Äì43
1983;0;Europe;Phtheochroa pulvillana;Palearctic;2022;Fazekas I. (2022). A synopsis of the bionomics and geographical distribution of Phtheochroa species in Hungary (Lepidoptera: Tortricidae, Cochylini). Lepidopterologica Hungarica. 18(1): 23‚Äì43
1984;0;Europe;Phyllonorycter geniculella;Palearctic;2020;Roy, D., Alderman, D., Anastasiu, P., Arianoutsou, M., Augustin, S., Bacher, S., ... and Reyserhove, L., (2020). DAISIE - Delivering Alien Invasive Species Inventories for Europe. Available at: http://www.europe-aliens.org/
1985;0;Africa;Palpita vitrealis;Saharo-Arabian;2012;Yilmaz, C. and Genc, H. (2012). Determination of the life cycle of the Olive Fruit Leaf Moth, Palpita unionalis (Lepidoptera: Pyralidae) in the laboratory. Florida Entomologist. 95: 162-170
1986;0;South America;Palpita vitrealis;Neotropical;2012;Yilmaz, C. and Genc, H. (2012). Determination of the life cycle of the Olive Fruit Leaf Moth, Palpita unionalis (Lepidoptera: Pyralidae) in the laboratory. Florida Entomologist. 95: 162-170
1987;0;Africa;Pardasena virgulana;Saharo-Arabian;2020;Roy, D., Alderman, D., Anastasiu, P., Arianoutsou, M., Augustin, S., Bacher, S., ... and Reyserhove, L., (2020). DAISIE - Delivering Alien Invasive Species Inventories for Europe. Available at: http://www.europe-aliens.org/
1988;0;Europe;Pardasena virgulana;Palearctic;2020;Roy, D., Alderman, D., Anastasiu, P., Arianoutsou, M., Augustin, S., Bacher, S., ... and Reyserhove, L., (2020). DAISIE - Delivering Alien Invasive Species Inventories for Europe. Available at: http://www.europe-aliens.org/
1989;0;North America;Phobetron hipparchia;Panamanian;1996;Gustafsson, B. (1996). Nigra fjiirilsarter importerade till Sverige med bananer. Entomologisk Tidskrift. 117(3): 123-124
1990;0;South America;Phobetron hipparchia;Neotropical;1996;Gustafsson, B. (1996). Nigra fjiirilsarter importerade till Sverige med bananer. Entomologisk Tidskrift. 117(3): 123-124
1991;0;Europe;Phyllonorycter strigulatella;Palearctic;2020;Roy, D., Alderman, D., Anastasiu, P., Arianoutsou, M., Augustin, S., Bacher, S., ... and Reyserhove, L., (2020). DAISIE - Delivering Alien Invasive Species Inventories for Europe. Available at: http://www.europe-aliens.org/
1992;0;North America;Platynota rostrana;Panamanian;2017;der Gaag, D. and der Straten, M. (2017). Short Pest Risk Analysis for Platynota rostrana and Platynota stultana. Netherlands Food and Consumer Product Safety Authority Ministry of Economic Affairs. November, 2017.
1993;0;South America;Platynota rostrana;Neotropical;2017;der Gaag, D. and der Straten, M. (2017). Short Pest Risk Analysis for Platynota rostrana and Platynota stultana. Netherlands Food and Consumer Product Safety Authority Ministry of Economic Affairs. November, 2017.
1994;0;Africa;Scrobipalpa ocellatella;Saharo-Arabian;2019;Bidzilya, O., Karsholt, O., Kravchenko, V. and Sumpich, J. (2019). An annotated checklist of Gelechiidae (Lepidoptera) of Israel with description of two new species. Zootaxa. 4677(1): 1-68
1995;0;Asia;Scrobipalpa ocellatella;Saharo-Arabian;2019;Bidzilya, O., Karsholt, O., Kravchenko, V. and Sumpich, J. (2019). An annotated checklist of Gelechiidae (Lepidoptera) of Israel with description of two new species. Zootaxa. 4677(1): 1-68
1996;0;Asia;Oxyodes scrobiculata;Oriental;2025;PaDIL (2025). The Pest and Disease Image Library (PaDIL). Available at: https://www.padil.gov.au/
1997;0;North America;Spodoptera dolichos;Nearctic;2015;Montezano, D., Sosa-Gomez, D., Paula-Moraes, S., Roque-Specht, V., Fronza, E., Barros, N. and Specht, A. (2015). Biotic potential and reproductive parameters of Spodoptera dolichos (Lepidoptera: Noctuidae) in the laboratory. Zoologia (Curitiba). 32(6): 485-491
1998;0;North America;Spodoptera dolichos;Panamanian;2015;Montezano, D., Sosa-Gomez, D., Paula-Moraes, S., Roque-Specht, V., Fronza, E., Barros, N. and Specht, A. (2015). Biotic potential and reproductive parameters of Spodoptera dolichos (Lepidoptera: Noctuidae) in the laboratory. Zoologia (Curitiba). 32(6): 485-491
1999;0;South America;Spodoptera dolichos;Neotropical;2015;Montezano, D., Sosa-Gomez, D., Paula-Moraes, S., Roque-Specht, V., Fronza, E., Barros, N. and Specht, A. (2015). Biotic potential and reproductive parameters of Spodoptera dolichos (Lepidoptera: Noctuidae) in the laboratory. Zoologia (Curitiba). 32(6): 485-491
2000;0;Africa;Spodoptera littoralis;Afrotropical;2023;ElShahed, S. M., Mostafa, Z., Radwan, M. and Hosni, E. (2023). Modeling the potential global distribution of the Egyptian cotton leafworm, Spodoptera littoralis under climate change. Scientific Reports. 13(1): 17314
2001;0;Africa;Spodoptera littoralis;Saharo-Arabian;2023;ElShahed, S. M., Mostafa, Z., Radwan, M. and Hosni, E. (2023). Modeling the potential global distribution of the Egyptian cotton leafworm, Spodoptera littoralis under climate change. Scientific Reports. 13(1): 17314
2002;0;Africa;Prays oleae;Saharo-Arabian;2010;Lopez-Vaamonde, C., Agassiz, D., Augustin, S., De Prins, J., De Prins, W., Gomboc, S., ... and Lees, D. (2010). Lepidoptera. Chapter 11. BioRisk 4: 603-668
2003;0;Europe;Prays oleae;Palearctic;2020;Roy, D., Alderman, D., Anastasiu, P., Arianoutsou, M., Augustin, S., Bacher, S., ... and Reyserhove, L., (2020). DAISIE - Delivering Alien Invasive Species Inventories for Europe. Available at: http://www.europe-aliens.org/
2004;0;Africa;Pygospila tyres;Afrotropical;2022;Kalawate, A., Shabnam, A. and Dinesh, K. (2022). First Indian DNA barcode record for the moth species Pygospila tyres (Cramer, 1780) (Lepidoptera: Crambidae: Spilomelinae) distributed in Asia and Australia. Journal of Threatened Taxa. 14(2): 20637‚Äì20642
2005;0;Africa;Pygospila tyres;Saharo-Arabian;2022;Kalawate, A., Shabnam, A. and Dinesh, K. (2022). First Indian DNA barcode record for the moth species Pygospila tyres (Cramer, 1780) (Lepidoptera: Crambidae: Spilomelinae) distributed in Asia and Australia. Journal of Threatened Taxa. 14(2): 20637‚Äì20642
2006;0;North America;Rothschildia orizaba;Nearctic;1988;Gauld, I. (1988). The species of the Enicospilus americanus complex (Hymenoptera: Ichneumonidae) in eastern North America. Systernafic Entomology. 13: 31-53
2007;0;Europe;Saturnia pyri;Palearctic;2024;Huemer, P. (2024). Unexpected diversity of moths (Lepidoptera) in the Gardens of Trauttmansdorff Castle (Prov. Bolzano-South Tyrol, Italy). Gredleriana. 24
2008;0;Africa;Selania leplastriana;Saharo-Arabian;1997;Farrugia, C. (1997). Insect Pests on Cauliflower (Brassica oleracea Var. Botrytis) in Gozo (Maltese Islands, Central Mediterranean). The Central Mediterranean Naturalist. 2(4): 152-165
2009;0;Asia;Sphinx pinastri;Palearctic;2020;Tugulea, H. and Tugulea, A. (2020). Contributions to knowledge of the fauna of hawk-moths (Lepidoptera, Sphingidae) from the Republic of Moldova. Oltenia-studii si comunicari stiintele naturii. 36(2): 105-112
2010;0;Asia;Sphinx pinastri;Sino-Japanese;2020;Tugulea, H. and Tugulea, A. (2020). Contributions to knowledge of the fauna of hawk-moths (Lepidoptera, Sphingidae) from the Republic of Moldova. Oltenia-studii si comunicari stiintele naturii. 36(2): 105-112
2011;0;Europe;Sphinx pinastri;Palearctic;2020;Tugulea, H. and Tugulea, A. (2020). Contributions to knowledge of the fauna of hawk-moths (Lepidoptera, Sphingidae) from the Republic of Moldova. Oltenia-studii si comunicari stiintele naturii. 36(2): 105-112
2012;0;Africa;Parapoynx stagnalis;Afrotropical;1993;Waterhouse, D. (1993). The major arthropod pests and weeds of agriculture in Southeast Asia: distribution, importance and origin. Australian Centre for International Agricultural Research - ACIAR. Ausralia, Camberra.
2013;0;Asia;Parapoynx stagnalis;Oriental;1993;Waterhouse, D. (1993). The major arthropod pests and weeds of agriculture in Southeast Asia: distribution, importance and origin. Australian Centre for International Agricultural Research - ACIAR. Ausralia, Camberra.
2014;0;Asia;Parapoynx stagnalis;Sino-Japanese;1993;Waterhouse, D. (1993). The major arthropod pests and weeds of agriculture in Southeast Asia: distribution, importance and origin. Australian Centre for International Agricultural Research - ACIAR. Ausralia, Camberra.
2015;0;Australia;Parapoynx stagnalis;Australian;1993;Waterhouse, D. (1993). The major arthropod pests and weeds of agriculture in Southeast Asia: distribution, importance and origin. Australian Centre for International Agricultural Research - ACIAR. Ausralia, Camberra.
2016;0;Asia;Theresimima ampellophaga;Palearctic;2020;Chireceanu, C., Bosoi, M., Podrumar, T., Ghica, M., Teodoru, A., Chiriloaie-Palade, A. and Zaharia, R. (2020). Invasive Insect Species Detected on Grapevines in Romania during 2016‚Äì2019 and First Record of Erasmoneura vulnerata (Fitch, 1851) (Hemiptera: Cicadellidae). Acta Zoologica Bulgarica. 72(4): 649-659
2017;0;Europe;Theresimima ampellophaga;Palearctic;2020;Chireceanu, C., Bosoi, M., Podrumar, T., Ghica, M., Teodoru, A., Chiriloaie-Palade, A. and Zaharia, R. (2020). Invasive Insect Species Detected on Grapevines in Romania during 2016‚Äì2019 and First Record of Erasmoneura vulnerata (Fitch, 1851) (Hemiptera: Cicadellidae). Acta Zoologica Bulgarica. 72(4): 649-659
2018;0;Europe;Stigmella aurella;Palearctic;2010;Lopez-Vaamonde, C., Agassiz, D., Augustin, S., De Prins, J., De Prins, W., Gomboc, S., ... and Lees, D. (2010). Lepidoptera. Chapter 11. BioRisk 4: 603-668
2019;0;Europe;Tebenna micalis;Palearctic;2020;Roy, D., Alderman, D., Anastasiu, P., Arianoutsou, M., Augustin, S., Bacher, S., ... and Reyserhove, L., (2020). DAISIE - Delivering Alien Invasive Species Inventories for Europe. Available at: http://www.europe-aliens.org/
2020;0;North America;Utetheisa ornatrix;Panamanian;2010;Filho, J., Ferro, V. , Santos, T., Nabout, J., Dobrovolski, R. and De Marco Jr, P. (2010). The three phases of the ensemble forecasting of niche models: geographic range and shifts in climatically suitable areas of Utetheisa ornatrix (Lepidoptera, Arctiidae). Revista Brasileira de Entomologia 54(3): 339‚Äì349
2021;0;South America;Utetheisa ornatrix;Neotropical;2010;Filho, J., Ferro, V. , Santos, T., Nabout, J., Dobrovolski, R. and De Marco Jr, P. (2010). The three phases of the ensemble forecasting of niche models: geographic range and shifts in climatically suitable areas of Utetheisa ornatrix (Lepidoptera, Arctiidae). Revista Brasileira de Entomologia 54(3): 339‚Äì349
2022;0;Asia;Xanthorhoe biriviata;Palearctic;2022;Beljaev, E., Vasilenko, S. and Dubatolov, V. (2022). Fauna of the geometrid moths (Lepidoptera, Geometridae) of the eastern Sikhote-Alin in the Botchinsky Reserve II. Subfamilies Larentiinae and Sterrhinae, and zoogeographical analysis. Amurian Zoological Journal. 14(4): 676-707
2023;0;Asia;Xanthorhoe biriviata;Sino-Japanese;2022;Beljaev, E., Vasilenko, S. and Dubatolov, V. (2022). Fauna of the geometrid moths (Lepidoptera, Geometridae) of the eastern Sikhote-Alin in the Botchinsky Reserve II. Subfamilies Larentiinae and Sterrhinae, and zoogeographical analysis. Amurian Zoological Journal. 14(4): 676-707
2024;0;Europe;Xanthorhoe biriviata;Palearctic;2022;Beljaev, E., Vasilenko, S. and Dubatolov, V. (2022). Fauna of the geometrid moths (Lepidoptera, Geometridae) of the eastern Sikhote-Alin in the Botchinsky Reserve II. Subfamilies Larentiinae and Sterrhinae, and zoogeographical analysis. Amurian Zoological Journal. 14(4): 676-707
2025;0;Africa;Zebronia phenice;Afrotropical;1998;Kuhlmann, U., Carl, K. and Mills, N. (1998). Quantifying the impact of insect predators and parasitoids on populations of the apple ermine moth, Yponomeuta malinellus (Lepidoptera: Yponomeutidae), in Europe. Bulletin of entomological research. 88(2): 165-175
2026;0;Africa;Zebronia phenice;Saharo-Arabian;1998;Kuhlmann, U., Carl, K. and Mills, N. (1998). Quantifying the impact of insect predators and parasitoids on populations of the apple ermine moth, Yponomeuta malinellus (Lepidoptera: Yponomeutidae), in Europe. Bulletin of entomological research. 88(2): 165-175
2027;0;North America;Zeiraphera griseana;Nearctic;2005;Zhang, A. and Li, H. (2005). Catalogue of Eucosmini from China (Lepidoptera: Tortricidae) SHILAP Revista de Lepidopterologia. 33(131): 265-298
2028;0;Asia;Perixera illepidaria;Oriental;2014;Kumar, V., Reddy, P., Anal, A. and Nath, V. (2014). Outbreak of the looper, Perixera illepidaria (Lepidoptera: Geometridae) on litchi, Litchi chinensis (Sapindales: Sapindaceae)-a new pest record from India. Florida Entomologist, 97(1): 22-29
2029;0;North America;Phthorimaea operculella;Panamanian;2012;Krsteska, V. and Stojanoski, P. (2012) Phthorimaea operculella (Zeller, 1983), in the tobacco agro-ecosystem. In: International Conference on BioScience: Biotechnology and Biodiversity The Forth Joint UNS ‚Äì PSU, Novi Sad.
2030;0;South America;Phthorimaea operculella;Neotropical;2013;Subchev, M., Toshova, T., Atanasova, D., Petrova, V. and Toth, M. (2013). Seasonal flight of the potato tuber moth, Phthorimaea operculella (Zeller)(Lepidoptera: Gelechiidae) in three regions in Bulgaria established by pheromone traps. Acta Phytopathologica et Entomologica Hungarica. 48(1): 75-86
2031;0;North America;Choristoneura rosaceana;Nearctic;2012;Gilligan, T. and Epstein, M. (2012). TortAI, Tortricids of Agricultural Importance to the United States (Lepidoptera: Tortricidae). Identification Technology Program (ITP), USDA/APHIS/PPQ/CPHST, Fort Collins, CO. [accessed at https://idtools.org/id/tortai/index.html].
2032;0;Asia;Phyllocnistis citrella;Oriental;2000;Urbaneja, A., Llacer, E., Tomas, O., Garrido, A. and Jacas, J. (2000). Indigenous Natural Enemies Associated with Phyllocnistis citrella (Lepidoptera: Gracillariidae) in Eastern Spain. Biological Control. 18: 199-207
2033;0;Africa;Phyllonorycter messaniella;Saharo-Arabian;2007;Triberti, P. (2007). The Phyllonorycter species from Palaearctic Region feeding on Rosaceae (Lepidoptera, Gracillariidae). Bollettino del Museo Civico di Storia Naturale di Verona. 31: 147-221
2034;0;Europe;Phyllonorycter messaniella;Palearctic;2010;Lopez-Vaamonde, C., Agassiz, D., Augustin, S., De Prins, J., De Prins, W., Gomboc, S., ... and Lees, D. (2010). Lepidoptera. Chapter 11. BioRisk 4: 603-668
2035;0;Asia;Plutella xylostella;Palearctic;2020;Fuentes, N., Marticorena, A., Saldana, A. Jerez, R., Ortiz, J., Victoriano, P., and ... Rey-Aguirre, A. (2020). Multi-taxa inventory of naturalized species in Chile (including native Chilean species introduced in other areas of the national territory outside of their original range). Neobiota. 60: 25-41
2036;0;Europe;Plutella xylostella;Palearctic;2020;Fuentes, N., Marticorena, A., Saldana, A. Jerez, R., Ortiz, J., Victoriano, P., and ... Rey-Aguirre, A. (2020). Multi-taxa inventory of naturalized species in Chile (including native Chilean species introduced in other areas of the national territory outside of their original range). Neobiota. 60: 25-41
2037;0;Africa;Arenipses sabella;Saharo-Arabian;2019;Falck, P., Karsholt, O. and Slamka, F. (2019). New data on Pyraloidea from the Canary Islands, Spain (Lepidoptera: Pyraloidea). SHILAP Revista de lepidopterologia. 47(185): 33-48
2038;0;Asia;Arenipses sabella;Saharo-Arabian;2019;Falck, P., Karsholt, O. and Slamka, F. (2019). New data on Pyraloidea from the Canary Islands, Spain (Lepidoptera: Pyraloidea). SHILAP Revista de lepidopterologia. 47(185): 33-48
2039;0;Europe;Arenipses sabella;Palearctic;2019;Falck, P., Karsholt, O. and Slamka, F. (2019). New data on Pyraloidea from the Canary Islands, Spain (Lepidoptera: Pyraloidea). SHILAP Revista de lepidopterologia. 47(185): 33-48
2040;0;North America;Acharia stimulea;Panamanian;2022;Cooley, T. and Reardon, R. (2022). Field Guide to the Slug Moths (Lepidoptera: Limacodidae) of West Virginia. Forest Service U.S. Department of Agriculture. 84pp
2041;0;Asia;Paranthrene tabaniformis;Palearctic;2023;Zheng, Y., Dong, Y. and Yang, Z. (2023). Antennal and proboscis sensilla characteristics of Paranthrene tabaniformis (Lepidoptera: Sesiidae). Microscopy Research and Technique. 86(4): 452-464
2042;0;Europe;Paranthrene tabaniformis;Palearctic;1956;Morris, R. (1956). Note on Paranthrene tabaniformis Rott., a moth new to North America (lepidoptera: Aegeriidae). The Canadian Entomologist. 88(11): 652
2043;0;Africa;Psorosticha zizyphi;Saharo-Arabian;2010;Lvovsky, A. and Fallahzadeh, M. (2010). Psorosticha zizyphi (Lepidoptera: Depressariidae) is newly recorded from Iran. Far Eastern Entomologist, 216: 14-16.
2044;0;Asia;Psorosticha zizyphi;Oriental;2010;Lvovsky, A. and Fallahzadeh, M. (2010). Psorosticha zizyphi (Lepidoptera: Depressariidae) is newly recorded from Iran. Far Eastern Entomologist, 216: 14-16.
2045;0;Asia;Psorosticha zizyphi;Saharo-Arabian;2010;Lvovsky, A. and Fallahzadeh, M. (2010). Psorosticha zizyphi (Lepidoptera: Depressariidae) is newly recorded from Iran. Far Eastern Entomologist, 216: 14-16.
2046;0;Asia;Psorosticha zizyphi;Sino-Japanese;2010;Lvovsky, A. and Fallahzadeh, M. (2010). Psorosticha zizyphi (Lepidoptera: Depressariidae) is newly recorded from Iran. Far Eastern Entomologist, 216: 14-16.
2047;0;Europe;Peribatodes perversaria;Palearctic;2020;Roy, D., Alderman, D., Anastasiu, P., Arianoutsou, M., Augustin, S., Bacher, S., ... and Reyserhove, L., (2020). DAISIE - Delivering Alien Invasive Species Inventories for Europe. Available at: http://www.europe-aliens.org/
2048;0;North America;Syntomeida epilais;Panamanian;2016;McAuslane, H. (2016). Oleander caterpillar, Syntomeida epilais Walker (Insecta: Lepidoptera: Arctiidae). U.S. Department of Agriculture. University of Florida. Florida, United States of America.
2049;0;South America;Syntomeida epilais;Neotropical;2016;McAuslane, H. (2016). Oleander caterpillar, Syntomeida epilais Walker (Insecta: Lepidoptera: Arctiidae). U.S. Department of Agriculture. University of Florida. Florida, United States of America.
2050;0;Africa;Crambus leucoschalis;Afrotropical;1898;Hampson, G. (1898). On a collection of Heterocera made in the Transvaal. Annals and Magazine of Natural History, 7(2): 158‚Äì164
2051;0;Africa;Ethmia terminella;Saharo-Arabian;2010;Lopez-Vaamonde, C., Agassiz, D., Augustin, S., De Prins, J., De Prins, W., Gomboc, S., ... and Lees, D. (2010). Lepidoptera. Chapter 11. BioRisk 4: 603-668
2052;0;Asia;Ethmia terminella;Palearctic;2010;Lopez-Vaamonde, C., Agassiz, D., Augustin, S., De Prins, J., De Prins, W., Gomboc, S., ... and Lees, D. (2010). Lepidoptera. Chapter 11. BioRisk 4: 603-668
2053;0;Europe;Ethmia terminella;Palearctic;2020;Kovacs, Z. and Kovacs, S. (2020). Contributions to the knowledge of the Depressariidae, Peleopodidae, Ethmiidae and Fuchsiini (Lepidoptera, Gelechioidea) of Romania, with an annotated checklist. Travaux du Museum National d‚ÄôHistoire Naturelle Grigore Antipa. 63(2): 203-254
2054;0;Asia;Eupithecia sinuosaria;Palearctic;1991;Slade, B. and Agassiz, D. (1991). Eupithecia sinuosaria Eversmann (Lep.: Geometridae) New to the British Isles. The entomologists record and journal of variation. 104(11): 287-288
2055;0;Europe;Eupithecia sinuosaria;Palearctic;1991;Slade, B. and Agassiz, D. (1991). Eupithecia sinuosaria Eversmann (Lep.: Geometridae) New to the British Isles. The entomologists record and journal of variation. 104(11): 287-288
2056;0;North America;Feltia subgothica;Nearctic;2025;NatureServe (2025). NatureServe Network Biodiversity Location Data accessed through NatureServe Explorer [web application] - Feltia subgothica. NatureServe, Arlington, Virginia. Available at: https://explorer.natureserve.org/Taxon/ELEMENT_GLOBAL.2.114431/Feltia_subgothica
2057;0;North America;Idaea bonifata;Nearctic;2022;Perez de-Gregorio, J. and Romana, I. (2022). Distribucio d‚Äôalgunes especies interessants del g√®nere Catocala Schrank, 1802 a Catalunya (Lepidoptera, Erebidae, Catocalinae)= Distribution de quelques especes interessantes du genre Catocala Schrank, 1802 en Catalogne (Lepidoptera, Erebidae, Catocalinae). Revue de l‚ÄôAssociation Roussillonnaise d‚ÄôEntomologie (RARE), 31(3): 191-202
2058;0;Africa;Kirinia roxelana;Saharo-Arabian;2009;Tolman, T. and Lewington, R. (2009). Collins Butterfly Guide. HarperCollins Publishers
2059;0;Asia;Kirinia roxelana;Palearctic;2009;Tolman, T. and Lewington, R. (2009). Collins Butterfly Guide. HarperCollins Publishers
2060;0;Europe;Kirinia roxelana;Palearctic;2009;Tolman, T. and Lewington, R. (2009). Collins Butterfly Guide. HarperCollins Publishers
2061;0;Asia;Nemapogon gerasimovi;Palearctic;2018;Lee, D., Bayarsaikhan, U., Na, S., Ko, J., Lee, T. and Bae, Y. (2018). Review of the stored product pest genus Nemapogon Schrank, 1802 (Lepidoptera, Tineidae) from Korea. Journal of Asia-Pacific Biodiversity, 11(4): 554-559
2062;0;Africa;Pyroderces argyrogrammos;Saharo-Arabian;2018;Perez Santa-Rita, J., Ros-Prieto, A., Vieira, V., Karsholt, O., Gabriel, R. and Borges, P. (2018). New records of moths (Insecta, Lepidoptera) from urban gardens on Terceira Island with new data on recently introduced species to the Azores. Arquip√©lago-Life and Marine Sciences, 35: 47-65
2063;0;Asia;Sciota marmorata;Palearctic;2011;Streltzov A. (2011). Sciota marmorata ‚Äì a new species of phycitid moths (Lepidoptera: Pyraloidea, Phycitidae) in the fauna of the Far East of Russia. Amurian zoological journal. 3(1): 52
2064;0;Europe;Sciota marmorata;Palearctic;2011;Streltzov A. (2011). Sciota marmorata ‚Äì a new species of phycitid moths (Lepidoptera: Pyraloidea, Phycitidae) in the fauna of the Far East of Russia. Amurian zoological journal. 3(1): 52
2065;0;Asia;Zizeeria knysna;Oriental;2009;Tolman, T. and Lewington, R. (2009). Collins Butterfly Guide. HarperCollins Publishers
2066;0;Africa;Pyropteron doryliformis;Saharo-Arabian;2004;Morley, T., Faulkner, S. and Faithfull, I. (2004). Establishment and dispersal of dock moth Pyropteron doryliformis (Ochsenheimer)(Lepidoptera: Sesiidae) in Victoria.In Fourteenth Australian Weeds Conference: 381-384
2067;0;Europe;Pyropteron doryliformis;Palearctic;2004;Morley, T., Faulkner, S. and Faithfull, I. (2004). Establishment and dispersal of dock moth Pyropteron doryliformis (Ochsenheimer)(Lepidoptera: Sesiidae) in Victoria.In Fourteenth Australian Weeds Conference: 381-384
2068;0;Europe;Sedina buettneri;Palearctic;2001;Fox, R. (2001). Butterflies and moths. In: Hawksworth, D. (Ed.) (2001). The changing wildlife of Great Britain and Ireland. Taylor and Francis, Limited. Padstow, Cornwall, United Kingdom.
2069;0;Asia;Rapala manea;Oriental;2023;Banerjee, D., Singhamahapatra, A. and Roy, S. (2023). New larval host plants for three butterfly (Lepidoptera, Papilionoidea) species from Rahr region of West Bengal, India. Journal of Insect Biodiversity and Systematics, 9(1): 67-79
2070;0;Africa;Eurranthis plummistaria;Saharo-Arabian;2020;Roy, D., Alderman, D., Anastasiu, P., Arianoutsou, M., Augustin, S., Bacher, S., ... and Reyserhove, L., (2020). DAISIE - Delivering Alien Invasive Species Inventories for Europe. Available at: http://www.europe-aliens.org/
2071;0;Europe;Eurranthis plummistaria;Palearctic;2020;Roy, D., Alderman, D., Anastasiu, P., Arianoutsou, M., Augustin, S., Bacher, S., ... and Reyserhove, L., (2020). DAISIE - Delivering Alien Invasive Species Inventories for Europe. Available at: http://www.europe-aliens.org/
2072;0;Europe;Synanthedon andrenaeformis;Palearctic;2010;Lopez-Vaamonde, C., Agassiz, D., Augustin, S., De Prins, J., De Prins, W., Gomboc, S., ... and Lees, D. (2010). Lepidoptera. Chapter 11. BioRisk 4: 603-668
2073;0;Africa;Eupithecia carpophagata;Saharo-Arabian;2010;Lopez-Vaamonde, C., Agassiz, D., Augustin, S., De Prins, J., De Prins, W., Gomboc, S., ... and Lees, D. (2010). Lepidoptera. Chapter 11. BioRisk 4: 603-668
2074;0;Europe;Phyllonorycter joannisi;Palearctic;2020;Roy, D., Alderman, D., Anastasiu, P., Arianoutsou, M., Augustin, S., Bacher, S., ... and Reyserhove, L., (2020). DAISIE - Delivering Alien Invasive Species Inventories for Europe. Available at: http://www.europe-aliens.org/
2075;0;Asia;Roeslerstammia erxlebella;Palearctic;2019;Lastuvka, A. and Lastuvka, Z. (2019). New records of Lepidoptera from the Iberian Peninsula from 2017 and 2018 (Insecta: Lepidoptera). SHILAP Revista de lepidopterologia, 47(186): 237-250
2076;0;Europe;Roeslerstammia erxlebella;Palearctic;2019;Lastuvka, A. and Lastuvka, Z. (2019). New records of Lepidoptera from the Iberian Peninsula from 2017 and 2018 (Insecta: Lepidoptera). SHILAP Revista de lepidopterologia, 47(186): 237-250
2077;0;Africa;Spatalia argentina;Saharo-Arabian;2023;De Juana, F. and Macia, R. (2023). Sobre Spatalia argentina (Denis & Schifferm√ºller, 1775) en la Pen√≠nsula Ib√©rica: distribucion, seleccion de habitat y fenologia (Lepidoptera: Notodontidae). SHILAP Revista de lepidopterologia, 51(203): 525-538
2078;0;Asia;Spatalia argentina;Saharo-Arabian;2023;De Juana, F. and Macia, R. (2023). Sobre Spatalia argentina (Denis & Schifferm√ºller, 1775) en la Pen√≠nsula Ib√©rica: distribucion, seleccion de habitat y fenologia (Lepidoptera: Notodontidae). SHILAP Revista de lepidopterologia, 51(203): 525-538
2079;0;Africa;Haplotinea ditella;Saharo-Arabian;2020;Roy, D., Alderman, D., Anastasiu, P., Arianoutsou, M., Augustin, S., Bacher, S., ... and Reyserhove, L., (2020). DAISIE - Delivering Alien Invasive Species Inventories for Europe. Available at: http://www.europe-aliens.org/
2080;0;Europe;Stenoptilia millieridactylus;Palearctic;2010;Lopez-Vaamonde, C., Agassiz, D., Augustin, S., De Prins, J., De Prins, W., Gomboc, S., ... and Lees, D. (2010). Lepidoptera. Chapter 11. BioRisk 4: 603-668
2081;0;Africa;Zelleria oleastrella;Saharo-Arabian;2011;Kacar, G. and Ulusoy, M. (2011). Zelleria oleastrella (Milliere) (Lepidoptera: Yponomeutidae), a new record for the fauna of Turkey. Turkish Journal of Zoology. 35(6): 15
2082;0;Asia;Zelleria oleastrella;Saharo-Arabian;2011;Kacar, G. and Ulusoy, M. (2011). Zelleria oleastrella (Milliere) (Lepidoptera: Yponomeutidae), a new record for the fauna of Turkey. Turkish Journal of Zoology. 35(6): 15
2083;0;Europe;Zelleria oleastrella;Palearctic;2011;Kacar, G. and Ulusoy, M. (2011). Zelleria oleastrella (Milliere) (Lepidoptera: Yponomeutidae), a new record for the fauna of Turkey. Turkish Journal of Zoology. 35(6): 15
2084;0;North America;Samea multiplicalis;Nearctic;1976;Knopf, K. and Habeck, D. (1976). Life history and biology of Samea multiplicalis. Environmental Entomology, 5(3): 539-542
2085;0;North America;Samea multiplicalis;Panamanian;1976;Knopf, K. and Habeck, D. (1976). Life history and biology of Samea multiplicalis. Environmental Entomology, 5(3): 539-542
2086;0;South America;Samea multiplicalis;Neotropical;1976;Knopf, K. and Habeck, D. (1976). Life history and biology of Samea multiplicalis. Environmental Entomology, 5(3): 539-542
2087;0;Europe;Stigmella centifoliella;Palearctic;2010;Lopez-Vaamonde, C., Agassiz, D., Augustin, S., De Prins, J., De Prins, W., Gomboc, S., ... and Lees, D. (2010). Lepidoptera. Chapter 11. BioRisk 4: 603-668
2088;0;Africa;Stigmella atricapitella;Saharo-Arabian;2003;van Nieukerken, E. and Johansson, R. (2003). The Quercus feeding Stigmella species of the West Palaearctic: new species, key and distribution (Lepidoptera: Nepticulidae). Tijdschrift voor Entomologie. 146: 307-370
2089;0;Europe;Stigmella atricapitella;Palearctic;2010;Lopez-Vaamonde, C., Agassiz, D., Augustin, S., De Prins, J., De Prins, W., Gomboc, S., ... and Lees, D. (2010). Lepidoptera. Chapter 11. BioRisk 4: 603-668
2090;0;Europe;Acrolepia assectella;Palearctic;2007;Landry, J. (2007). Taxonomic review of the leek moth genus Acrolepiopsis (Lepidoptera: Acrolepiidae) in North America. The Canadian Entomologist. 139: 319-353
2091;0;South America;Argyrogramma verruca;Neotropical;1978;Eichlin, T. and Cunningham, H. (1978). The Plusiinae (Lepidoptera: Noctuidae) of America north of Mexico, emphasizing genitalic and larval morphology (No. 1567). Department of Agriculture, Agricultural Research Service.
2092;0;Asia;Scirpophaga innotata;Oriental;2006;Litsinger, J., Alviola, A., Dela Cruz, C., Canapi, B., Batay-An III, E. and Barrion, A. (2006). Rice white stemborer Scirpophaga innotata (Walker) in southern Mindanao, Philippines. I. Supplantation of yellow stemborer S. incertulas (Walker) and pest status. International Journal of Pest Management, 52(1): 11-21
2093;0;Oceania;Scirpophaga innotata;Oceanina;2006;Litsinger, J., Alviola, A., Dela Cruz, C., Canapi, B., Batay-An III, E. and Barrion, A. (2006). Rice white stemborer Scirpophaga innotata (Walker) in southern Mindanao, Philippines. I. Supplantation of yellow stemborer S. incertulas (Walker) and pest status. International Journal of Pest Management, 52(1): 11-21
2094;0;Asia;Lateroligia ophiogramma;Palearctic;2020;Crabo, L. and Holden, D. (2020). A Review of Established Accidentally-Introduced Noctuoidea in the Pacific Northwest Region of North America, with First Report of the Eurasian Cutworm Mesapamea secalis (L.)(Noctuidae, Noctuinae, Apameini) for North America. The Journal of the Lepidopterists Society. 74(2): 95-105
2095;0;Asia;Lateroligia ophiogramma;Sino-Japanese;2020;Crabo, L. and Holden, D. (2020). A Review of Established Accidentally-Introduced Noctuoidea in the Pacific Northwest Region of North America, with First Report of the Eurasian Cutworm Mesapamea secalis (L.)(Noctuidae, Noctuinae, Apameini) for North America. The Journal of the Lepidopterists Society. 74(2): 95-105
2096;0;North America;Lioptilodes albistriolatus;Nearctic;2019;Matthews, D., Miller, J., Simon, M. and Goss, G. (2019). Additions to the plume moth fauna of The Bahamas (Lepidoptera: Pterophoridae) with description of four new species. Insecta Mundi. 0708: 1-35
2097;0;South America;Lioptilodes albistriolatus;Neotropical;2019;Matthews, D., Miller, J., Simon, M. and Goss, G. (2019). Additions to the plume moth fauna of The Bahamas (Lepidoptera: Pterophoridae) with description of four new species. Insecta Mundi. 0708: 1-35
2098;0;Asia;Phyllonorycter apparella;Palearctic;2024;de Prins J. and de Prins W. (2024). Global Taxonomic Database of Gracillariidae (Lepidoptera). Avaliable at: http://www.gracillariidae.net
2099;0;Europe;Phyllonorycter apparella;Palearctic;2024;de Prins J. and de Prins W. (2024). Global Taxonomic Database of Gracillariidae (Lepidoptera). Avaliable at: http://www.gracillariidae.net
2100;0;Asia;Psilogramma menephron;Oriental;1987;Holloway, J. (1987). Moths of Borneo 3. Superfamily Bombycoidea: Families Lasiocampidae, Eupterotidae, Bombycidae, Brahmaeidae, Saturnidae, Sphingidae. Southene Sdn Bhd.
2101;0;Australia;Psilogramma menephron;Australian;1987;Holloway, J. (1987). Moths of Borneo 3. Superfamily Bombycoidea: Families Lasiocampidae, Eupterotidae, Bombycidae, Brahmaeidae, Saturnidae, Sphingidae. Southene Sdn Bhd.
2102;0;Oceania;Psilogramma menephron;Oceanina;1987;Holloway, J. (1987). Moths of Borneo 3. Superfamily Bombycoidea: Families Lasiocampidae, Eupterotidae, Bombycidae, Brahmaeidae, Saturnidae, Sphingidae. Southene Sdn Bhd.
2103;0;Asia;Serrodes mediopallens;Oriental;2025;PaDIL (2025). The Pest and Disease Image Library (PaDIL). Available at: https://www.padil.gov.au/
2104;0;Oceania;Serrodes mediopallens;Oceanina;2025;PaDIL (2025). The Pest and Disease Image Library (PaDIL). Available at: https://www.padil.gov.au/
2105;0;Asia;Tyta luctuosa;Sino-Japanese;1988;Rosenthal, S., Clement, S., Hostettler, N. and Mimmocchi, T. (1988). Biology of Tyta luctuosa [Lep.: Noctuidae] and its potential value as a biological control agent for the weed Convolvulus arvensis. Entomophaga. 33: 185-192
2106;0;Europe;Tyta luctuosa;Palearctic;1988;Rosenthal, S., Clement, S., Hostettler, N. and Mimmocchi, T. (1988). Biology of Tyta luctuosa [Lep.: Noctuidae] and its potential value as a biological control agent for the weed Convolvulus arvensis. Entomophaga. 33: 185-192
2107;0;North America;Sitotroga cerealella;Nearctic;2020;Roy, D., Alderman, D., Anastasiu, P., Arianoutsou, M., Augustin, S., Bacher, S., ... and Reyserhove, L., (2020). DAISIE - Delivering Alien Invasive Species Inventories for Europe. Available at: http://www.europe-aliens.org/
2108;0;Asia;Aethes rutilana;Palearctic;2020;Gilligan, T., Brown, J. and Baixeras, J. (2020). Immigrant Tortricidae: Holarctic versus Introduced Species in North America. Insects. 11(594)
2109;0;Europe;Aethes rutilana;Palearctic;2020;Gilligan, T., Brown, J. and Baixeras, J. (2020). Immigrant Tortricidae: Holarctic versus Introduced Species in North America. Insects. 11(594)
2110;0;North America;Aethes rutilana;Nearctic;2020;Gilligan, T., Brown, J. and Baixeras, J. (2020). Immigrant Tortricidae: Holarctic versus Introduced Species in North America. Insects. 11(594)
2111;0;North America;Mocis latipes;Panamanian;2021;Claudino, V., Specht, A., Fidelis, E., Roque-Specht, V., Montezano, D., Martins, P., ... and Malaquias, J. (2021). Spatio-temporal variation of Mocis latipes (Guen√©e, 1852)(Lepidoptera: Erebidae) populations in Brazil according to meteorological factors. Biota Neotropica, 21: e20201114
2112;0;South America;Mocis latipes;Neotropical;2021;Claudino, V., Specht, A., Fidelis, E., Roque-Specht, V., Montezano, D., Martins, P., ... and Malaquias, J. (2021). Spatio-temporal variation of Mocis latipes (Guen√©e, 1852)(Lepidoptera: Erebidae) populations in Brazil according to meteorological factors. Biota Neotropica, 21: e20201114
2113;0;Africa;Achroia grisella;Afrotropical;1996;Clarke, J. (1986): Pyralidae and Microlepidoptera of the Marquesas Archipelago. Smithsonian Contributions to Zoology. 416: 1-485
2114;0;Africa;Achroia grisella;Saharo-Arabian;1996;Clarke, J. (1986): Pyralidae and Microlepidoptera of the Marquesas Archipelago. Smithsonian Contributions to Zoology. 416: 1-485
2115;0;North America;Achroia grisella;Nearctic;1996;Clarke, J. (1986): Pyralidae and Microlepidoptera of the Marquesas Archipelago. Smithsonian Contributions to Zoology. 416: 1-485
2116;0;Africa;Spodoptera exempta;Saharo-Arabian;1986;Haggis, M. (1986). Distribution of the African armyworm, Spodoptera exempta (Walker)(Lepidoptera: Noctuidae), and the frequency of larval outbreaks in Africa and Arabia. Bulletin of Entomological Research. 76(1): 151-170
2117;0;Asia;Spodoptera exempta;Oriental;1986;Haggis, M. (1986). Distribution of the African armyworm, Spodoptera exempta (Walker)(Lepidoptera: Noctuidae), and the frequency of larval outbreaks in Africa and Arabia. Bulletin of Entomological Research. 76(1): 151-170
2118;0;Asia;Spodoptera exempta;Saharo-Arabian;1986;Haggis, M. (1986). Distribution of the African armyworm, Spodoptera exempta (Walker)(Lepidoptera: Noctuidae), and the frequency of larval outbreaks in Africa and Arabia. Bulletin of Entomological Research. 76(1): 151-170
2119;0;Oceania;Spodoptera exempta;Oceanina;1986;Haggis, M. (1986). Distribution of the African armyworm, Spodoptera exempta (Walker)(Lepidoptera: Noctuidae), and the frequency of larval outbreaks in Africa and Arabia. Bulletin of Entomological Research. 76(1): 151-170
2120;0;Asia;Spodoptera exigua;Oriental;2012;Farahani, S., Talebi, A. and Fathipour, Y. (2012). Life table of Spodoptera exigua (Lepidoptera: Noctuidae) on five soybean cultivars. Psyche: A Journal of Entomology. 2012(1): 513824.
2121;0;Asia;Spodoptera exigua;Palearctic;2012;Farahani, S., Talebi, A. and Fathipour, Y. (2012). Life table of Spodoptera exigua (Lepidoptera: Noctuidae) on five soybean cultivars. Psyche: A Journal of Entomology. 2012(1): 513824.
2122;0;Asia;Spodoptera exigua;Sino-Japanese;2012;Farahani, S., Talebi, A. and Fathipour, Y. (2012). Life table of Spodoptera exigua (Lepidoptera: Noctuidae) on five soybean cultivars. Psyche: A Journal of Entomology. 2012(1): 513824.
2123;0;Asia;Ancylis comptana;Palearctic;2020;Gilligan, T., Brown, J. and Baixeras, J. (2020). Immigrant Tortricidae: Holarctic versus Introduced Species in North America. Insects. 11(594)
2124;0;Europe;Ancylis comptana;Palearctic;2020;Gilligan, T., Brown, J. and Baixeras, J. (2020). Immigrant Tortricidae: Holarctic versus Introduced Species in North America. Insects. 11(594)
2125;0;North America;Ancylis comptana;Nearctic;2020;Gilligan, T., Brown, J. and Baixeras, J. (2020). Immigrant Tortricidae: Holarctic versus Introduced Species in North America. Insects. 11(594)
2126;0;Asia;Dichrorampha vancouverana;Palearctic;2020;Gilligan, T., Brown, J. and Baixeras, J. (2020). Immigrant Tortricidae: Holarctic versus Introduced Species in North America. Insects. 11(594)
2127;0;Europe;Dichrorampha vancouverana;Palearctic;2020;Gilligan, T., Brown, J. and Baixeras, J. (2020). Immigrant Tortricidae: Holarctic versus Introduced Species in North America. Insects. 11(594)
2128;0;Asia;Epinotia solandriana;Palearctic;1980;Loan, C. (1980). Oedemopsis scabricula in british columbia (Hymenoptera: Ichneumonidae, Tryphoninae). Le naturaliste canadien, 107: 11-14
2129;0;Europe;Epinotia solandriana;Palearctic;1980;Loan, C. (1980). Oedemopsis scabricula in british columbia (Hymenoptera: Ichneumonidae, Tryphoninae). Le naturaliste canadien, 107: 11-14
2130;0;Asia;Eucosmomorpha albersana;Palearctic;1993;Gibson, L. (1993). Additional North American Records of Ecosmomorpha albersana (Tortricidae: Enarmoniini). Journal of the Lepidopterists Society, 47(4): 322-323
2131;0;Europe;Eucosmomorpha albersana;Palearctic;1993;Gibson, L. (1993). Additional North American Records of Ecosmomorpha albersana (Tortricidae: Enarmoniini). Journal of the Lepidopterists Society, 47(4): 322-323
2132;0;Africa;Spodoptera litura;Saharo-Arabian;2019;Jung, J., Byeon, D., Jung, S. and Lee, W. (2019). Effect of climate change on the potential distribution of the common cutworm (Spodoptera litura) in South Korea. Entomological Research. 49(12): 519-528
2133;0;Oceania;Spodoptera litura;Oceanina;2019;Jung, J., Byeon, D., Jung, S. and Lee, W. (2019). Effect of climate change on the potential distribution of the common cutworm (Spodoptera litura) in South Korea. Entomological Research. 49(12): 519-528
2134;0;Asia;Sparganothis pilleriana;Palearctic;2025;Austin, K.,  Gilligan, T. and Epstein, M. (2025). TortID - Tortricids of Agricultural Importance to the United States (Lepidoptera: Tortricidae). Identification Technology Program (ITP), USDA/APHIS/PPQ/CPHST, Fort Collins, CO. Available at: https://idtools.org/tortai
2135;0;Europe;Sparganothis pilleriana;Palearctic;2025;Austin, K.,  Gilligan, T. and Epstein, M. (2025). TortID - Tortricids of Agricultural Importance to the United States (Lepidoptera: Tortricidae). Identification Technology Program (ITP), USDA/APHIS/PPQ/CPHST, Fort Collins, CO. Available at: https://idtools.org/tortai
2136;0;North America;Macaria abydata;Nearctic;1993;Holloway, J. (1993). Moths of Borneo 11. Family Geometridae. Subfamily: Ennominae. Southdene Sdn. Available at: https://www.mothsofborneo.com/part-11/index.htm
2137;0;North America;Macaria abydata;Panamanian;1993;Holloway, J. (1993). Moths of Borneo 11. Family Geometridae. Subfamily: Ennominae. Southdene Sdn. Available at: https://www.mothsofborneo.com/part-11/index.htm
2138;0;South America;Macaria abydata;Neotropical;1993;Holloway, J. (1993). Moths of Borneo 11. Family Geometridae. Subfamily: Ennominae. Southdene Sdn. Available at: https://www.mothsofborneo.com/part-11/index.htm
2139;0;North America;Pseudopyrausta acutangulalis;Panamanian;2002;Barnes, M. (2002). A preliminary illustrated catalogue of the larger moths of Jamaica. Available at: http://www.mbarnes.force9.co.uk/jamaicamoths/jamaicahome.htm
2140;0;South America;Pseudopyrausta acutangulalis;Neotropical;2002;Barnes, M. (2002). A preliminary illustrated catalogue of the larger moths of Jamaica. Available at: http://www.mbarnes.force9.co.uk/jamaicamoths/jamaicahome.htm
2141;0;Europe;Coleophora anatipennella;Palearctic;1956;Martelli, M. (1956). Osservazioni sulletologia della Coleophora anatipennella Hb.(Lepidoptera Coleophoridae). Bollettino di zoologia agraria e bachicoltura, 22: 247-255
2142;0;Europe;Synanthedon tipuliformis;Palearctic;1982;Hardy, R. (1982). The biology and behaviour of currant borer moth, Synanthedon tipuliformis (Clerck)(Lepidoptera: Aegeriidae) in Tasmania. Australian Journal of Entomology. 21(2): 103-109
2143;0;Europe;Cydia strobilella;Palearctic;2010;Lopez-Vaamonde, C., Agassiz, D., Augustin, S., De Prins, J., De Prins, W., Gomboc, S., ... and Lees, D. (2010). Lepidoptera. Chapter 11. BioRisk 4: 603-668
2144;0;Asia;Polychrysia moneta;Saharo-Arabian;2010;Lopez-Vaamonde, C., Agassiz, D., Augustin, S., De Prins, J., De Prins, W., Gomboc, S., ... and Lees, D. (2010). Lepidoptera. Chapter 11. BioRisk 4: 603-668
2145;0;Asia;Polychrysia moneta;Sino-Japanese;2010;Lopez-Vaamonde, C., Agassiz, D., Augustin, S., De Prins, J., De Prins, W., Gomboc, S., ... and Lees, D. (2010). Lepidoptera. Chapter 11. BioRisk 4: 603-668
2146;0;Africa;Sesamia nonagrioides;Afrotropical;2010;Lopez-Vaamonde, C., Agassiz, D., Augustin, S., De Prins, J., De Prins, W., Gomboc, S., ... and Lees, D. (2010). Lepidoptera. Chapter 11. BioRisk 4: 603-668
2147;0;Africa;Sesamia nonagrioides;Saharo-Arabian;2010;Lopez-Vaamonde, C., Agassiz, D., Augustin, S., De Prins, J., De Prins, W., Gomboc, S., ... and Lees, D. (2010). Lepidoptera. Chapter 11. BioRisk 4: 603-668
2148;0;Europe;Sesamia nonagrioides;Palearctic;2020;Roy, D., Alderman, D., Anastasiu, P., Arianoutsou, M., Augustin, S., Bacher, S., ... and Reyserhove, L., (2020). DAISIE - Delivering Alien Invasive Species Inventories for Europe. Available at: http://www.europe-aliens.org/
2149;0;Asia;Tinea columbariella;Palearctic;1968;Strumpel, H. (1968). Tinea columbariella Wck. als Sch√§dling an importierten Entenfedern. Anzeiger f√ºr Schadlingskunde, 41: 84-88
2150;0;Europe;Tinea columbariella;Palearctic;1968;Strumpel, H. (1968). Tinea columbariella Wck. als Sch√§dling an importierten Entenfedern. Anzeiger f√ºr Schadlingskunde, 41: 84-88
2151;0;Asia;Eucosma cana;Saharo-Arabian;2005;Zhang, A. and Li, H. (2005). Catalogue of Eucosmini from China (Lepidoptera: Tortricidae). SHILAP Revista de lepidopterologia. 33(131): 265-298
2152;0;Africa;Tinea dubiella;Saharo-Arabian;1984;Carter, D. (1984). Pest Lepidoptera of Europe: with special reference to the British Isles (Vol. 31). Springer Science and Business Media. Berlin, Germany.
2153;0;Asia;Tinea dubiella;Palearctic;2023;Kovacs, Z. and Kovacs, S. (2023). An overview of the Romanian Meessiidae, Eriocottidae and Tineidae (Lepidoptera, Tineoidea) summarizing the current knowledge in an updated and annotated checklist. Entomologica romanica. 27: 1-34
2154;0;Europe;Tinea dubiella;Palearctic;2023;Kovacs, Z. and Kovacs, S. (2023). An overview of the Romanian Meessiidae, Eriocottidae and Tineidae (Lepidoptera, Tineoidea) summarizing the current knowledge in an updated and annotated checklist. Entomologica romanica. 27: 1-34
2155;0;North America;Eulepidotis mabis;Panamanian;2024;Savela, M. (2024). Lepidoptera and some other life forms. Available at: https://ftp.funet.fi/index/Tree_of_life/intro.html
2156;0;South America;Eulepidotis mabis;Neotropical;2024;Savela, M. (2024). Lepidoptera and some other life forms. Available at: https://ftp.funet.fi/index/Tree_of_life/intro.html
2157;0;Africa;Cydia interscindana;Saharo-Arabian;2022;Takacs, A., Szaboky, C., Toth, B., Bozso, M., Kutas, J., Molnar, S., ... and Nagy, A. (2022). Bionomics and host plants of the invasive Cydia interscindana (Moschler, 1866) (Lepidoptera, Tortricidae), an emerging pest in the Carpathian Lowlands. Nota Lepidopterologica. 45: 53-64
2158;0;Asia;Badamia exclamationis;Oriental;2017;Buden, D. and Tennent, W. (2017). New records of butterflies (Lepidoptera) from the Federated States of Micronesia with remarks on geographic variation in Hypolimnas bolina (Linnaeus). Pacific Science, 71(1): 83-90
2159;0;Australia;Badamia exclamationis;Australian;2017;Buden, D. and Tennent, W. (2017). New records of butterflies (Lepidoptera) from the Federated States of Micronesia with remarks on geographic variation in Hypolimnas bolina (Linnaeus). Pacific Science, 71(1): 83-90
2160;0;Africa;Cryptophlebia peltastica;Afrotropical;2012;Gilligan, T. and Epstein, M. (2012). TortAI, Tortricids of Agricultural Importance to the United States (Lepidoptera: Tortricidae). Identification Technology Program (ITP), USDA/APHIS/PPQ/CPHST, Fort Collins, CO. [accessed at https://idtools.org/id/tortai/index.html].
2161;0;Africa;Cryptophlebia peltastica;Madagascan;2012;Gilligan, T. and Epstein, M. (2012). TortAI, Tortricids of Agricultural Importance to the United States (Lepidoptera: Tortricidae). Identification Technology Program (ITP), USDA/APHIS/PPQ/CPHST, Fort Collins, CO. [accessed at https://idtools.org/id/tortai/index.html].
2162;0;Asia;Euploea leucostictos;Oriental;2007;Lambkin, T. and Knight, A. (2007). Confirmation of Euploea leucostictos (Gmelin) and E. netscherierana (Fruhstorfer)(Lepidoptera: Nymphalidae) in Torres Strait, Queensland, and the first record of E. tulliolus dvdgeonis (Grose-Smith) in Australia. The Australian Entomologist, 34(1): 15-26
2163;0;Australia;Euploea leucostictos;Australian;2007;Lambkin, T. and Knight, A. (2007). Confirmation of Euploea leucostictos (Gmelin) and E. netscherierana (Fruhstorfer)(Lepidoptera: Nymphalidae) in Torres Strait, Queensland, and the first record of E. tulliolus dvdgeonis (Grose-Smith) in Australia. The Australian Entomologist, 34(1): 15-26
2164;0;Oceania;Euploea leucostictos;Oceanina;2007;Lambkin, T. and Knight, A. (2007). Confirmation of Euploea leucostictos (Gmelin) and E. netscherierana (Fruhstorfer)(Lepidoptera: Nymphalidae) in Torres Strait, Queensland, and the first record of E. tulliolus dvdgeonis (Grose-Smith) in Australia. The Australian Entomologist, 34(1): 15-26
2165;0;Africa;Hippotion celerio;Afrotropical;2018;Kaleka, A., Singh, D. and Kaur, P. (2018). Studies on genus Hippotion Huebner (Sphingidae: Lepidoptera) from India. Journal of Entomological Research, 42(1): 129-134
2166;0;Africa;Hippotion celerio;Saharo-Arabian;2018;Kaleka, A., Singh, D. and Kaur, P. (2018). Studies on genus Hippotion Huebner (Sphingidae: Lepidoptera) from India. Journal of Entomological Research, 42(1): 129-134
2167;0;Asia;Hippotion celerio;Oriental;2018;Kaleka, A., Singh, D. and Kaur, P. (2018). Studies on genus Hippotion Huebner (Sphingidae: Lepidoptera) from India. Journal of Entomological Research, 42(1): 129-134
2168;0;Australia;Hippotion celerio;Australian;2018;Kaleka, A., Singh, D. and Kaur, P. (2018). Studies on genus Hippotion Huebner (Sphingidae: Lepidoptera) from India. Journal of Entomological Research, 42(1): 129-134
2169;0;Europe;Hippotion celerio;Palearctic;2018;Kaleka, A., Singh, D. and Kaur, P. (2018). Studies on genus Hippotion Huebner (Sphingidae: Lepidoptera) from India. Journal of Entomological Research, 42(1): 129-134
2170;0;Africa;Hypolimnas bolina;Madagascan;1975;Clarke, C. and Sheppard, P. (1975). The genetics of the mimetic butterfly Hypolimnas bolina (L.). Philosophical Transactions of the Royal Society of London. B, Biological Sciences, 272(917): 229-265
2171;0;Asia;Hypolimnas bolina;Oriental;1975;Clarke, C. and Sheppard, P. (1975). The genetics of the mimetic butterfly Hypolimnas bolina (L.). Philosophical Transactions of the Royal Society of London. B, Biological Sciences, 272(917): 229-265
2172;0;Asia;Hypolimnas bolina;Sino-Japanese;1975;Clarke, C. and Sheppard, P. (1975). The genetics of the mimetic butterfly Hypolimnas bolina (L.). Philosophical Transactions of the Royal Society of London. B, Biological Sciences, 272(917): 229-265
2173;0;Australia;Hypolimnas bolina;Australian;1975;Clarke, C. and Sheppard, P. (1975). The genetics of the mimetic butterfly Hypolimnas bolina (L.). Philosophical Transactions of the Royal Society of London. B, Biological Sciences, 272(917): 229-265
2174;0;Oceania;Hypolimnas bolina;Oceanina;1975;Clarke, C. and Sheppard, P. (1975). The genetics of the mimetic butterfly Hypolimnas bolina (L.). Philosophical Transactions of the Royal Society of London. B, Biological Sciences, 272(917): 229-265
2175;0;Africa;Melanitis leda;Afrotropical;2015;Mashhoor, K., Lazar, K., Shanas, S. and Ramesh, N. (2015). Mitochondrial DNA analysis revealed Gondwanan origin of the common evening brown butterfly, Melanitis leda (Lepidoptera: Nymphalidae). Journal of Agricultural Technology, 11(3): 649-656
2176;0;Africa;Melanitis leda;Madagascan;2015;Mashhoor, K., Lazar, K., Shanas, S. and Ramesh, N. (2015). Mitochondrial DNA analysis revealed Gondwanan origin of the common evening brown butterfly, Melanitis leda (Lepidoptera: Nymphalidae). Journal of Agricultural Technology, 11(3): 649-656
2177;0;Asia;Melanitis leda;Oriental;2015;Mashhoor, K., Lazar, K., Shanas, S. and Ramesh, N. (2015). Mitochondrial DNA analysis revealed Gondwanan origin of the common evening brown butterfly, Melanitis leda (Lepidoptera: Nymphalidae). Journal of Agricultural Technology, 11(3): 649-656
2178;0;Asia;Melanitis leda;Sino-Japanese;2024;Inayoshi, Y. (2024). A Check List of Butterflies in Indo-China - Chiefly from Thailand, Laos and Vietnam. Available at: https://yutaka.it-n.jp/index.html
2179;0;Australia;Melanitis leda;Australian;2015;Mashhoor, K., Lazar, K., Shanas, S. and Ramesh, N. (2015). Mitochondrial DNA analysis revealed Gondwanan origin of the common evening brown butterfly, Melanitis leda (Lepidoptera: Nymphalidae). Journal of Agricultural Technology, 11(3): 649-656
2180;0;Africa;Sphenarches caffer;Afrotropical;2005;Watkins, R. (2005). Pterophoroidea & Alucitoidea (Lepidoptera)‚ÄìIn: World Catalogue of Insects 4. Annals of the Entomological Society of America 98(5)
2181;0;Asia;Heterogenea asella;Palearctic;19644;Okano, M. and Pak., S. (1964). A Revision of the Korean Species of the Family Heterogeneidae (Lepidoptera). [PhD Dissertation, Iwate University]
2182;0;Europe;Heterogenea asella;Palearctic;19644;Okano, M. and Pak., S. (1964). A Revision of the Korean Species of the Family Heterogeneidae (Lepidoptera). [PhD Dissertation, Iwate University]
2183;0;Africa;Trichophaga tapetzella;Afrotropical;2020;Roy, D., Alderman, D., Anastasiu, P., Arianoutsou, M., Augustin, S., Bacher, S., ... and Reyserhove, L., (2020). DAISIE - Delivering Alien Invasive Species Inventories for Europe. Available at: http://www.europe-aliens.org/
2184;0;Africa;Trichophaga tapetzella;Saharo-Arabian;2020;Roy, D., Alderman, D., Anastasiu, P., Arianoutsou, M., Augustin, S., Bacher, S., ... and Reyserhove, L., (2020). DAISIE - Delivering Alien Invasive Species Inventories for Europe. Available at: http://www.europe-aliens.org/
2185;0;Asia;Trichophaga tapetzella;Oriental;2020;Roy, D., Alderman, D., Anastasiu, P., Arianoutsou, M., Augustin, S., Bacher, S., ... and Reyserhove, L., (2020). DAISIE - Delivering Alien Invasive Species Inventories for Europe. Available at: http://www.europe-aliens.org/
2186;0;Asia;Trichophaga tapetzella;Palearctic;2020;Roy, D., Alderman, D., Anastasiu, P., Arianoutsou, M., Augustin, S., Bacher, S., ... and Reyserhove, L., (2020). DAISIE - Delivering Alien Invasive Species Inventories for Europe. Available at: http://www.europe-aliens.org/
2187;0;South America;Tucumania tapiacola;Neotropical;1986;Hoffmann, J. (1986). Evidence that the two currently recognized nominal species of Tucumania Dyar (Lepidoptera: Phycitidae) are not distinct. Journal of the Entomological Society of Southern Africa, 49(2): 267-274
2188;0;Europe;Tyria jacobaeae;Palearctic;1996;Rudd, N. and McEvoy, P. (1996). Local dispersal by the cinnabar moth Tyria jacobaeae. Ecological Applications. 6(1): 285-297
2189;0;Africa;Wheeleria spilodactylus;Saharo-Arabian;2000;Menendez, R. and Thomas, C. (2000). Metapopulation structure depends on spatial scale in the host-specific moth Wheeleria spilodactylus (Lepidoptera: Pterophoridae). Journal of Animal Ecology, 69(6): 935-951
2190;0;Europe;Wheeleria spilodactylus;Palearctic;2000;Menendez, R. and Thomas, C. (2000). Metapopulation structure depends on spatial scale in the host-specific moth Wheeleria spilodactylus (Lepidoptera: Pterophoridae). Journal of Animal Ecology, 69(6): 935-951
2191;0;North America;Xubida infusellus;Nearctic;2000;"Julien, M. (2000). Biological control of water hyacinth with arthropods: a review to 2000. Aciar Proceedings, ACIAR; 1998: 8-20"
2192;0;South America;Xubida infusellus;Neotropical;2000;"Julien, M. (2000). Biological control of water hyacinth with arthropods: a review to 2000. Aciar Proceedings, ACIAR; 1998: 8-20"
2193;0;North America;Agathodes designalis;Nearctic;2018;Perez, C. E., Guillem, R. M., & Honey, M. R. (2018). Agathodes designalis (Guenee, 1854) from Gibraltar-an adventive species new to Europe (Lepidoptera: Crambidae, Spilomelinae). SHILAP Revista de lepidopterologia, 46(184), 615-617
2194;0;South America;Agathodes designalis;Neotropical;2018;Perez, C. E., Guillem, R. M., & Honey, M. R. (2018). Agathodes designalis (Guenee, 1854) from Gibraltar-an adventive species new to Europe (Lepidoptera: Crambidae, Spilomelinae). SHILAP Revista de lepidopterologia, 46(184), 615-617
2195;0;South America;Agathodes designalis;Panamanian;2018;Perez, C. E., Guillem, R. M., & Honey, M. R. (2018). Agathodes designalis (Guenee, 1854) from Gibraltar-an adventive species new to Europe (Lepidoptera: Crambidae, Spilomelinae). SHILAP Revista de lepidopterologia, 46(184), 615-617
2196;0;Europe;Phyllonorycter trifasciella;Palearctic;2013;de Prins, J., de Prins, W., de Coninck, E., Kawahara, A., Milton, M. and Hebert, P. (2013). Taxonomic history and invasion biology of two Phyllonorycter leaf miners (Lepidoptera: Gracillariidae) with links to taxonomic and molecular datasets. Zootaxa. 3709 (4): 341-362
2197;0;North America;Bagisara repanda;Nearctic;1997;Ferguson, D. (1997). Review of the New World Bagisarinae with description of two new species from the Southern United States (Noctuidae). Journal of the Lepidopterists Society, 51: 344-357
2198;0;North America;Bagisara repanda;Panamanian;1997;Ferguson, D. (1997). Review of the New World Bagisarinae with description of two new species from the Southern United States (Noctuidae). Journal of the Lepidopterists Society, 51: 344-357
2199;0;South America;Bagisara repanda;Neotropical;1997;Ferguson, D. (1997). Review of the New World Bagisarinae with description of two new species from the Southern United States (Noctuidae). Journal of the Lepidopterists Society, 51: 344-357
2200;0;South America;Stomphastis thraustica;Neotropical;2022;Taylor, D. and Dhileepan, K. (2022). Application to release Stomphastis thraustica, an agent for the biological control of Jatropha gossypiifolia in Australia. Biosecurity Queensland, Department of Agriculture and Fisheries Australia.
2201;0;North America;Calpodes ethlius;Nearctic;1982;Young, A. (1982). Notes on the interaction of the skipper butterfly Calpodes ethlius (Lepidoptera: Hesperiidae) with its larval host plant Canna edulis (Cannaceae) in Mazatlan, State of Sinaloa, Mexico. Journal of the New York Entomological Society, 90(2): 99-114
2202;0;North America;Calpodes ethlius;Panamanian;1982;Young, A. (1982). Notes on the interaction of the skipper butterfly Calpodes ethlius (Lepidoptera: Hesperiidae) with its larval host plant Canna edulis (Cannaceae) in Mazatlan, State of Sinaloa, Mexico. Journal of the New York Entomological Society, 90(2): 99-114
2203;0;South America;Calpodes ethlius;Neotropical;1982;Young, A. (1982). Notes on the interaction of the skipper butterfly Calpodes ethlius (Lepidoptera: Hesperiidae) with its larval host plant Canna edulis (Cannaceae) in Mazatlan, State of Sinaloa, Mexico. Journal of the New York Entomological Society, 90(2): 99-114
2204;0;Asia;Grammodes geometrica;Oriental;2005;Holloway, J. (2005). The Moths of Borneo, Parts 15 & 16 Noctuidae: Catocalinae. Southdene Sdn Bhd. Available online at: https://www.mothsofborneo.com/part-15-16/index.htm
2205;0;Asia;Grammodes geometrica;Palearctic;2005;Holloway, J. (2005). The Moths of Borneo, Parts 15 & 16 Noctuidae: Catocalinae. Southdene Sdn Bhd. Available online at: https://www.mothsofborneo.com/part-15-16/index.htm
2206;0;Asia;Grammodes geometrica;Sino-Japanese;2005;Holloway, J. (2005). The Moths of Borneo, Parts 15 & 16 Noctuidae: Catocalinae. Southdene Sdn Bhd. Available online at: https://www.mothsofborneo.com/part-15-16/index.htm
2207;0;Australia;Grammodes geometrica;Australian;2005;Holloway, J. (2005). The Moths of Borneo, Parts 15 & 16 Noctuidae: Catocalinae. Southdene Sdn Bhd. Available online at: https://www.mothsofborneo.com/part-15-16/index.htm
2208;0;Europe;Grammodes geometrica;Palearctic;2005;Holloway, J. (2005). The Moths of Borneo, Parts 15 & 16 Noctuidae: Catocalinae. Southdene Sdn Bhd. Available online at: https://www.mothsofborneo.com/part-15-16/index.htm
2209;0;South America;Crocidosema synneurota;Neotropical;2008;Razowski, J., Landry, B. and Roque-Albelo, L. (2008). The Tortricidae (Lepidoptera) of the Galapagos Islands, Ecuador. Revue suisse de zoologie, 115(1): 185
2210;0;Europe;Chloantha hyperici;Palearctic;2003;Burton, J. (2003). The apparent influence of climatic change on recent changes of range by European insects (Lepidoptera, Orthoptera). Proceedings of the 13th International colloquium European Invertebrate Survey, Leiden, September 2001: pp. 13-21
2211;0;North America;Zale minerea;Nearctic;2022;Mally, R., Turner, R., Blake, R., Fenn-Moltu, G., Bertelsmeier, C., Brockerhoff, E., ... and Liebhold, A. (2022), Moths and butterflies on alien shores - global biogeography of non-native Lepidoptera. Dryad, Dataset. Available at: https://doi.org/10.5061/dryad.31zcrjdnw
2212;0;Asia;Hypena commixtalis;Palearctic;2013;Kononenko, V. and Pinratana, A. (2013). Moths of Thailand. Noctuoidea. An illustrated Catalogue of Erebidae, Nolidae, Euteliidae and Noctuidae (Insecta, Lepidoptera) in Thailand. Brothers of St. Gabriel in Thailand. Bangkok.
2213;0;South America;Acontia exigua;Neotropical;2006;Roque-Albelo, L. (2006). Diversity and ecology of the Lepidoptera in the Galapagos Islands, Ecuador. [PhD Thesis, Cardiff University]
2214;0;North America;Acontia margana;Nearctic;2006;Roque-Albelo, L. (2006). Diversity and ecology of the Lepidoptera in the Galapagos Islands, Ecuador. [PhD Thesis, Cardiff University]
2215;0;South America;Acontia margana;Neotropical;2006;Roque-Albelo, L. (2006). Diversity and ecology of the Lepidoptera in the Galapagos Islands, Ecuador. [PhD Thesis, Cardiff University]
2216;0;Asia;Ladoga camilla;Palearctic;2021;Turner, R., Blake, R., Mally, R., and Liebhold, A. (2024). International Non-native Insect Establishment Data (0.2.1) [Data set]. Zenodo.
2217;0;Europe;Ladoga camilla;Palearctic;2021;Turner, R., Blake, R., Mally, R., and Liebhold, A. (2024). International Non-native Insect Establishment Data (0.2.1) [Data set]. Zenodo.
2218;0;North America;Dione vanillae;Panamanian;2006;da Silva, D., Dell ErbaII, R., KaminskiI, L., Moreira, G. (2006). External morphology of the immature stages of neotropical heliconians: V. Agraulis vanillae maculosa (Lepidoptera, Nymphalidae, Heliconiinae). Iheringia, Serie Zoologica. 96 (2)
2219;0;North America;Diaphania hyalinata;Panamanian;2005;Capinera, J. (2005). Melonworm, Diaphania hyalinata Linnaeus (Insecta: Lepidoptera: Pyralidae). Florida Cooperation Extension Service, Institute of Food and Agricultural Sciences, University of Florida, Gainesville, Florida: EENY163
2220;0;South America;Diaphania hyalinata;Neotropical;2005;Capinera, J. (2005). Melonworm, Diaphania hyalinata Linnaeus (Insecta: Lepidoptera: Pyralidae). Florida Cooperation Extension Service, Institute of Food and Agricultural Sciences, University of Florida, Gainesville, Florida: EENY163
2221;0;Europe;Chrysoclista linneela;Palearctic;2014;Caliskan, S. (2014). Review of the the genus Chrysoclista Stainton, 1854 (Lepidoptera: Agonoxenidae) in Turkey with a new species. Journal of the Entomological Research Society. 16(3): 67-73
2222;0;Asia;Depressaria apiella;Palearctic;2003;Mckenna, D. and Berenbaum, M. (2003). A field investication of depressaria (elachistidae) iiost piants and ecolocy in the western united states. Journal of the Lepidopterists Society, 57(1): 36-42
2223;0;Europe;Depressaria apiella;Palearctic;2003;Mckenna, D. and Berenbaum, M. (2003). A field investication of depressaria (elachistidae) iiost piants and ecolocy in the western united states. Journal of the Lepidopterists Society, 57(1): 36-42
2224;0;South America;Leucania lobrega;Neotropical;1992;Frank, J. and McCoy, E. (1992). Introduction to the Behavioral Ecology of Immigration. The Immigration of Insects to Florida, with a Tabulation of Records Published Since 1970. The Florida Entomologist.75(1): 1-28
2225;0;Asia;Yponomeuta cagnagellus;Saharo-Arabian;1987;Hoebeke, E. (1987). Yponomeuta cagnagella (Lepidoptera: Yponomeutidae): A palearctic ermine moth in the United States, with notes on its recognition, seasonal history, and habits.¬†Annals of the Entomological Society of America.¬†80(4): 462-467
2226;0;Europe;Ypsolophus ustella;Palearctic;2015;Sohn, J-C. (2015). A Catalogue of the Type Specimens of Yponomeutoidea (Lepidoptera) in the Museum of Comparative Zoology with Revised Status of Pluteloptera ochrella. Breviora. 542(1): 1-19
2227;0;Asia;Eumeta variegatus;Oriental;2018;Jeong, J., Kim, M., Kim, S. and Kim, I. (2018). Complete mitochondrial genome of the female-wingless bagworm moth, Eumeta variegata Snellen, 1879 (Lepidoptera: Psychidae). Mitochondrial DNA Part B, 3(2): 1037-1039
2228;0;Asia;Eumeta variegatus;Sino-Japanese;2018;Jeong, J., Kim, M., Kim, S. and Kim, I. (2018). Complete mitochondrial genome of the female-wingless bagworm moth, Eumeta variegata Snellen, 1879 (Lepidoptera: Psychidae). Mitochondrial DNA Part B, 3(2): 1037-1039
2229;0;Australia;Eumeta variegatus;Australian;2018;Jeong, J., Kim, M., Kim, S. and Kim, I. (2018). Complete mitochondrial genome of the female-wingless bagworm moth, Eumeta variegata Snellen, 1879 (Lepidoptera: Psychidae). Mitochondrial DNA Part B, 3(2): 1037-1039
2230;0;Africa;Anthophila nemorana;Saharo-Arabian;2014;de Prins, W., Baugnee, J., Georis, A., Spronck, R. and Spronck, R. (2014). Choreutis nemorana (Lepidoptera: Choreutidae) well established in Belgium. Phegea. 42(2): 29-32
2231;0;North America;Diatraea saccharalis;Nearctic;2014;Joyce, A., White, W., Nuessly, G., Solis, M., Scheffer, S., Lewis, M. and Medina, R. (2014). Geographic population structure of the sugarcane borer, Diatraea saccharalis (F.)(Lepidoptera: Crambidae), in the southern United States. PLoS One. 9(10): e110036
2232;0;North America;Diatraea saccharalis;Panamanian;2014;Joyce, A., White, W., Nuessly, G., Solis, M., Scheffer, S., Lewis, M. and Medina, R. (2014). Geographic population structure of the sugarcane borer, Diatraea saccharalis (F.)(Lepidoptera: Crambidae), in the southern United States. PLoS One. 9(10): e110036
2233;0;South America;Diatraea saccharalis;Panamanian;2014;Joyce, A., White, W., Nuessly, G., Solis, M., Scheffer, S., Lewis, M. and Medina, R. (2014). Geographic population structure of the sugarcane borer, Diatraea saccharalis (F.)(Lepidoptera: Crambidae), in the southern United States. PLoS One. 9(10): e110036
2234;0;North America;Epinotia celtisana;Nearctic;2016;Pohl, G., Patterson, B. and Pelham, J. (Unpublished). Annotated taxonomic checklist of the Lepidoptera of North America, North of Mexico. Working paper published online by the authors at ResearchGate.net. 766 pp.
2235;0;Europe;Oegoconia quadripuncta;Palearctic;2020;VanDyk, J., Sellers, E. and Bartlett, T. (2020). BugGuide - Identification, Images, & Information For Insects, Spiders & Their Kin For the United States & Canada. Version 1.5. United States Geological Survey.
2236;0;Africa;Leucoptera coffeella;Afrotropical;2021;Dantas, J., Motta, I., Vidal, L., Nascimento, E., Bilio, J., Pupe, J., ... and Albuquerque, E. (2021). A comprehensive review of the coffee leaf miner Leucoptera coffeella (Lepidoptera: Lyonetiidae) - A major pest for the coffee crop in Brazil and others Neotropical countries.¬†Insects.¬†12(12): 1130
2237;0;Africa;Leucoptera coffeella;Madagascan;1984;Green, D. (1984). A Proposed Origin of the Coffee Leaf-miner, Leucoptera coffeella (Guerin-Meneville) (Lepidoptera: Lyonetiidae). Bulletin of the Entomological Society of America. 30(1): 30‚Äì31
2238;0;Africa;Leucoptera coffeella;Saharo-Arabian;2021;Dantas, J., Motta, I., Vidal, L., Nascimento, E., Bilio, J., Pupe, J., ... and Albuquerque, E. (2021). A comprehensive review of the coffee leaf miner Leucoptera coffeella (Lepidoptera: Lyonetiidae) - A major pest for the coffee crop in Brazil and others Neotropical countries.¬†Insects.¬†12(12): 1130
2239;0;Africa;Aproaerema polychromella;Afrotropical;2023;Karsholt, O., Baldizzone, G. and Gomboc, S. (2023). Overview of the Gelechiidae Moths (Lepidoptera) of Krk Island, Croatia: Diversity, Distribution and Ecological Insights. GORTANIA Botanica, Zoologia. 45: 95-124
2240;0;Africa;Aproaerema polychromella;Saharo-Arabian;2023;Karsholt, O., Baldizzone, G. and Gomboc, S. (2023). Overview of the Gelechiidae Moths (Lepidoptera) of Krk Island, Croatia: Diversity, Distribution and Ecological Insights. GORTANIA Botanica, Zoologia. 45: 95-124
2241;0;Asia;Aproaerema polychromella;Palearctic;2023;Karsholt, O., Baldizzone, G. and Gomboc, S. (2023). Overview of the Gelechiidae Moths (Lepidoptera) of Krk Island, Croatia: Diversity, Distribution and Ecological Insights. GORTANIA Botanica, Zoologia. 45: 95-124
2242;0;Asia;Aproaerema polychromella;Saharo-Arabian;2023;Karsholt, O., Baldizzone, G. and Gomboc, S. (2023). Overview of the Gelechiidae Moths (Lepidoptera) of Krk Island, Croatia: Diversity, Distribution and Ecological Insights. GORTANIA Botanica, Zoologia. 45: 95-124
2243;0;Asia;Aproaerema polychromella;Sino-Japanese;2010;Junnilainen, J., Karsholt, O., Nupponen, K., Kaitila, J., Nupponen, T. and Olschwang, V. (2010). The gelechiid fauna of the southern Ural Mountains, part II: list of recorded species with taxonomic notes (Lepidoptera: Gelechiidae). Zootaxa. 2367(1): 1-68
2244;0;South America;Disclisioprocta stellata;Neotropical;2007;Arakelian, G. (2007). Bougainvillea Looper (Disclisioprocta stellata). Los Angeles County Department of Agricultural Commissioner/Weights and Measures. 1-2
2245;0;Europe;Typhonia melana;Palearctic;2017;Bertaccini, E. and Zilli, A. (2017). A new species of Typhonia from the Ligurian Alps (Lepidoptera: Psychidae). Fragmenta entomologica. 49(2): 137-144
2246;0;North America;Castnia licus;Panamanian;2004;Gonzalez, J. and Cock, M. (2004). A synopsis of the Castniidae (Lepidoptera) of Trinidad and Tobago. Zootaxa. 762(1): 1-19
2247;0;Europe;Zophodia convolutella;Palearctic;1980;Allyson, S. (1980). Last-instar larva of the gooseberry fruitworm, Zophodia convolutella (Lepidoptera: Pyralidae: Phycitinae). The Canadian Entomologist, 112(1): 43-45
2248;0;Africa;Ancylis impatiens;Afrotropical;1921;Meyrick, E. (1921). Descriptions of South African Micro-Lepidoptera. Annals of the Transvaal Museum. 8(2):54
2249;0;North America;Episimus transferrana;Nearctic;2008;Razowski, J. and Brown, J. (2008). New species, new combinations, and new synonymies in Neotropical Episimus WALSINGHAM, 1892 (Lepidoptera: Tortricidae: Olethreutinae). Acta Zoologica Cracoviensia-Series B: Invertebrata, 51(1): 83-144
2250;0;North America;Episimus transferrana;Panamanian;2008;Razowski, J. and Brown, J. (2008). New species, new combinations, and new synonymies in Neotropical Episimus WALSINGHAM, 1892 (Lepidoptera: Tortricidae: Olethreutinae). Acta Zoologica Cracoviensia-Series B: Invertebrata, 51(1): 83-144
2251;0;South America;Episimus transferrana;Neotropical;2008;Razowski, J. and Brown, J. (2008). New species, new combinations, and new synonymies in Neotropical Episimus WALSINGHAM, 1892 (Lepidoptera: Tortricidae: Olethreutinae). Acta Zoologica Cracoviensia-Series B: Invertebrata, 51(1): 83-144
2252;0;Asia;Incurvaria rubiella;Palearctic;2020;VanDyk, J., Sellers, E. and Bartlett, T. (2020). BugGuide - Identification, Images, & Information For Insects, Spiders & Their Kin For the United States & Canada. Version 1.5. United States Geological Survey.
2253;0;Europe;Incurvaria rubiella;Palearctic;2020;VanDyk, J., Sellers, E. and Bartlett, T. (2020). BugGuide - Identification, Images, & Information For Insects, Spiders & Their Kin For the United States & Canada. Version 1.5. United States Geological Survey.
2254;0;South America;Arcola malloi;Neotropical;2021;Wells, B. and Minteer, C. (2021). Alligatorweed Stem Borer (suggested common name) Arcola malloi Pastrana (Insecta: Lepidoptera: Pyralidae: Phycitinae): EENY764/IN1300, 8/2020. EDIS, 2021(1), 4-4
2255;0;Asia;Manoba brunellus;Oriental;1999;Holloway, J. (1999). The Moths of Borneo, Part 18 Nolidae, Subfamilies: Sterrhinae and Larentiinae. Southdene Sdn Bhd. Available online at: https://www.mothsofborneo.com/part-18/index.htm
2256;0;Australia;Manoba brunellus;Australian;1999;Holloway, J. (1999). The Moths of Borneo, Part 18 Nolidae, Subfamilies: Sterrhinae and Larentiinae. Southdene Sdn Bhd. Available online at: https://www.mothsofborneo.com/part-18/index.htm
2257;0;North America;Junonia lavinia;Panamanian;1928;Forbes, W. (1928). Variation in Junonia lavinia (Lepidoptera, Nymphalidae). Journal of the New York Entomological Society, 36(4): 305-321
2258;0;South America;Junonia lavinia;Neotropical;1928;Forbes, W. (1928). Variation in Junonia lavinia (Lepidoptera, Nymphalidae). Journal of the New York Entomological Society, 36(4): 305-321
2259;0;Africa;Erechthias minuscula;Afrotropical;2013;Davis, D. and Mendel, H. (2013). The genus Erechthias Meyrick of Ascension Island, including discovery of a new brachypterous species (Lepidoptera, Tineidae). ZooKeys 341: 1‚Äì20
2260;0;Asia;Erechthias minuscula;Oriental;2013;Davis, D. and Mendel, H. (2013). The genus Erechthias Meyrick of Ascension Island, including discovery of a new brachypterous species (Lepidoptera, Tineidae). ZooKeys 341: 1‚Äì20
2261;0;Asia;Erechthias minuscula;Sino-Japanese;2013;Davis, D. and Mendel, H. (2013). The genus Erechthias Meyrick of Ascension Island, including discovery of a new brachypterous species (Lepidoptera, Tineidae). ZooKeys 341: 1‚Äì20
2262;0;Australia;Erechthias minuscula;Australian;2013;Davis, D. and Mendel, H. (2013). The genus Erechthias Meyrick of Ascension Island, including discovery of a new brachypterous species (Lepidoptera, Tineidae). ZooKeys 341: 1‚Äì20
2263;0;North America;Erechthias minuscula;Nearctic;2013;Davis, D. and Mendel, H. (2013). The genus Erechthias Meyrick of Ascension Island, including discovery of a new brachypterous species (Lepidoptera, Tineidae). ZooKeys 341: 1‚Äì20
2264;0;North America;Erechthias minuscula;Panamanian;2013;Davis, D. and Mendel, H. (2013). The genus Erechthias Meyrick of Ascension Island, including discovery of a new brachypterous species (Lepidoptera, Tineidae). ZooKeys 341: 1‚Äì20
2265;0;South America;Erechthias minuscula;Neotropical;2013;Davis, D. and Mendel, H. (2013). The genus Erechthias Meyrick of Ascension Island, including discovery of a new brachypterous species (Lepidoptera, Tineidae). ZooKeys 341: 1‚Äì20
2266;0;North America;Eublemma recta;Nearctic;2020;VanDyk, J., Sellers, E. and Bartlett, T. (2020). BugGuide - Identification, Images, & Information For Insects, Spiders & Their Kin For the United States & Canada. Version 1.5. United States Geological Survey.
2267;0;North America;Eublemma recta;Panamanian;2020;VanDyk, J., Sellers, E. and Bartlett, T. (2020). BugGuide - Identification, Images, & Information For Insects, Spiders & Their Kin For the United States & Canada. Version 1.5. United States Geological Survey.
2268;0;South America;Eublemma recta;Neotropical;2020;VanDyk, J., Sellers, E. and Bartlett, T. (2020). BugGuide - Identification, Images, & Information For Insects, Spiders & Their Kin For the United States & Canada. Version 1.5. United States Geological Survey.
2269;0;Africa;Vittaplusia vittata;Afrotropical;2014;Kravchenko, V., Muller, G., Allan, S., and Yefremova, Z. (2014). Seven invasive owlet moths (Lepidoptera: Noctuidae) in Israel and their potential parasitoids (Hymenoptera: Chalcidoidea). Phytoparasitica. 42: 333-339
2270;0;Asia;Symbrenthia hypselis;Oriental;2022;Fric, Z., Martinkova, B., Rindos, M., Bartonova, A., Wahlberg, N. and Maresova, J. (2022). Molecular phylogeny and biogeography of the genus Symbrenthia (Lepidoptera, Nymphalidae) correlates with the past geography of the Oriental region. Molecular Phylogenetics and Evolution, 177: 107605
2271;0;North America;Exelastis montichristi;Nearctic;2019;Matthews, D., Lott, T., Miller, J., Toomey, J.and Portell, R. (2019). Plume moths recorded from the United States naval base, Guantanamo Bay, Cuba. News of the Lepidopterists Society, 61(1): 14-19
2272;0;North America;Exelastis montichristi;Panamanian;2019;Matthews, D., Lott, T., Miller, J., Toomey, J.and Portell, R. (2019). Plume moths recorded from the United States naval base, Guantanamo Bay, Cuba. News of the Lepidopterists Society, 61(1): 14-19
2273;0;South America;Exelastis montichristi;Neotropical;2019;Matthews, D., Lott, T., Miller, J., Toomey, J.and Portell, R. (2019). Plume moths recorded from the United States naval base, Guantanamo Bay, Cuba. News of the Lepidopterists Society, 61(1): 14-19
2274;0;North America;Leuciris fimbriaria;Panamanian;2009;Heard, T. and Paynter, Q. (2009). Mimosa pigra (Leguminosae). In: Biological control of tropical weeds using arthropods. Cambridge University Press, Cambridge, UK. 256-273.
2275;0;South America;Leuciris fimbriaria;Neotropical;2009;Heard, T. and Paynter, Q. (2009). Mimosa pigra (Leguminosae). In: Biological control of tropical weeds using arthropods. Cambridge University Press, Cambridge, UK. 256-273.
2276;0;North America;Digrammia pallidata;Panamanian;2010;Heard, T., Elliott, L., Anderson, B., White, L., Burrows, N., Mira, A., ... and Segura, R. (2010). Biology, host specificity, release and establishment of Macaria pallidata and Leuciris fimbriaria (Lepidoptera: Geometridae), biological control agents of the weed Mimosa pigra. Biological Control. 55: 248-255
2277;0;South America;Digrammia pallidata;Neotropical;2010;Heard, T., Elliott, L., Anderson, B., White, L., Burrows, N., Mira, A., ... and Segura, R. (2010). Biology, host specificity, release and establishment of Macaria pallidata and Leuciris fimbriaria (Lepidoptera: Geometridae), biological control agents of the weed Mimosa pigra. Biological Control. 55: 248-255
2278;0;Africa;Aglossa caprealis;Saharo-Arabian;2020;Roy, D., Alderman, D., Anastasiu, P., Arianoutsou, M., Augustin, S., Bacher, S., ... and Reyserhove, L., (2020). DAISIE - Delivering Alien Invasive Species Inventories for Europe. Available at: http://www.europe-aliens.org/
2279;0;Europe;Aglossa caprealis;Palearctic;2020;Roy, D., Alderman, D., Anastasiu, P., Arianoutsou, M., Augustin, S., Bacher, S., ... and Reyserhove, L., (2020). DAISIE - Delivering Alien Invasive Species Inventories for Europe. Available at: http://www.europe-aliens.org/
2280;0;North America;Exelastis pumilio;Nearctic;2019;Matthews, D., Lott, T., Miller, J., Toomey, J.and Portell, R. (2019). Plume moths recorded from the United States naval base, Guantanamo Bay, Cuba. News of the Lepidopterists Society, 61(1): 14-19
2281;0;North America;Exelastis pumilio;Panamanian;2019;Matthews, D., Lott, T., Miller, J., Toomey, J.and Portell, R. (2019). Plume moths recorded from the United States naval base, Guantanamo Bay, Cuba. News of the Lepidopterists Society, 61(1): 14-19
2282;0;South America;Exelastis pumilio;Neotropical;2019;Matthews, D., Lott, T., Miller, J., Toomey, J.and Portell, R. (2019). Plume moths recorded from the United States naval base, Guantanamo Bay, Cuba. News of the Lepidopterists Society, 61(1): 14-19
2283;0;South America;Fundella argentina;Neotropical;2006;Roque-Albelo, L. (2006). Diversity and ecology of the Lepidoptera in the Galapagos Islands, Ecuador. [PhD Thesis, Cardiff University]
2284;0;North America;Hemiargus ceraunus;Nearctic;2009;Daniels, J. (2009). Ceraunus Blue Butterfly, Hemiargus ceraunus (Fabricius)(Insecta: Lepidoptera: Lycaenidae): EENY 425/IN802, 2/2009. EDIS, 2009(2)
2285;0;North America;Hemiargus ceraunus;Panamanian;2009;Daniels, J. (2009). Ceraunus Blue Butterfly, Hemiargus ceraunus (Fabricius)(Insecta: Lepidoptera: Lycaenidae): EENY 425/IN802, 2/2009. EDIS, 2009(2)
2286;0;South America;Hemiargus ceraunus;Neotropical;2009;Daniels, J. (2009). Ceraunus Blue Butterfly, Hemiargus ceraunus (Fabricius)(Insecta: Lepidoptera: Lycaenidae): EENY 425/IN802, 2/2009. EDIS, 2009(2)
2287;0;North America;Herpetogramma bipunctalis;Panamanian;2013;Diez-Rodriguez, G., Hubner, L., Antunes, L. and Nava, D. (2013). Herpetogramma bipunctalis (Lepidoptera: Crambidae) biology and techniques for rearing on leaves of the blackberry (Rubus spp., Rosaceae). Brazilian Journal of Biology. 73: 179-184
2288;0;North America;Herpetogramma phaeopteralis;Nearctic;2020;VanDyk, J., Sellers, E. and Bartlett, T. (2020). BugGuide - Identification, Images, & Information For Insects, Spiders & Their Kin For the United States & Canada. Version 1.5. United States Geological Survey.
2289;0;North America;Herpetogramma phaeopteralis;Panamanian;2020;VanDyk, J., Sellers, E. and Bartlett, T. (2020). BugGuide - Identification, Images, & Information For Insects, Spiders & Their Kin For the United States & Canada. Version 1.5. United States Geological Survey.
2290;0;South America;Herpetogramma phaeopteralis;Neotropical;2020;VanDyk, J., Sellers, E. and Bartlett, T. (2020). BugGuide - Identification, Images, & Information For Insects, Spiders & Their Kin For the United States & Canada. Version 1.5. United States Geological Survey.
2291;0;North America;Lineodes integra;Nearctic;2013;Hayden, J., Lee, S., Passoa,S., Young, J., Landry, J., Nazari, V., ... and Ahlmark, K. (2013). Digital Identification of Microlepidoptera on Solanaceae. USDA-APHIS-PPQ Identification Technology Program (ITP). Fort Collins, CO. Available at: https://idtools.org/microlep_solan/
2292;0;North America;Lineodes integra;Panamanian;2013;Hayden, J., Lee, S., Passoa,S., Young, J., Landry, J., Nazari, V., ... and Ahlmark, K. (2013). Digital Identification of Microlepidoptera on Solanaceae. USDA-APHIS-PPQ Identification Technology Program (ITP). Fort Collins, CO. Available at: https://idtools.org/microlep_solan/
2293;0;South America;Lineodes integra;Neotropical;2013;Hayden, J., Lee, S., Passoa,S., Young, J., Landry, J., Nazari, V., ... and Ahlmark, K. (2013). Digital Identification of Microlepidoptera on Solanaceae. USDA-APHIS-PPQ Identification Technology Program (ITP). Fort Collins, CO. Available at: https://idtools.org/microlep_solan/
2294;0;Africa;Cnaphalocrocis trapezalis;Afrotropical;2023;Kamtchou, Y., Haman, A., Kentsop Tsafong, R., Mbianda, A., Simo, H. and Tindo, M. (2023). Overall dominance of Spodoptera frugiperda Smith (Lepidoptera: Noctuidae) within the lepidopteran pests community infesting maize fields in the Littoral Region of Cameroon. International Journal of Tropical Insect Science, 43(1): 163-172
2295;0;Australia;Cnaphalocrocis trapezalis;Australian;2023;Kamtchou, Y., Haman, A., Kentsop Tsafong, R., Mbianda, A., Simo, H. and Tindo, M. (2023). Overall dominance of Spodoptera frugiperda Smith (Lepidoptera: Noctuidae) within the lepidopteran pests community infesting maize fields in the Littoral Region of Cameroon. International Journal of Tropical Insect Science, 43(1): 163-172
2296;0;North America;Cnaphalocrocis trapezalis;Nearctic;2023;Kamtchou, Y., Haman, A., Kentsop Tsafong, R., Mbianda, A., Simo, H. and Tindo, M. (2023). Overall dominance of Spodoptera frugiperda Smith (Lepidoptera: Noctuidae) within the lepidopteran pests community infesting maize fields in the Littoral Region of Cameroon. International Journal of Tropical Insect Science, 43(1): 163-172
2297;0;North America;Cnaphalocrocis trapezalis;Panamanian;2023;Kamtchou, Y., Haman, A., Kentsop Tsafong, R., Mbianda, A., Simo, H. and Tindo, M. (2023). Overall dominance of Spodoptera frugiperda Smith (Lepidoptera: Noctuidae) within the lepidopteran pests community infesting maize fields in the Littoral Region of Cameroon. International Journal of Tropical Insect Science, 43(1): 163-172
2298;0;Oceania;Cnaphalocrocis trapezalis;Oceanina;2023;Kamtchou, Y., Haman, A., Kentsop Tsafong, R., Mbianda, A., Simo, H. and Tindo, M. (2023). Overall dominance of Spodoptera frugiperda Smith (Lepidoptera: Noctuidae) within the lepidopteran pests community infesting maize fields in the Littoral Region of Cameroon. International Journal of Tropical Insect Science, 43(1): 163-172
2299;0;South America;Cnaphalocrocis trapezalis;Neotropical;2023;Kamtchou, Y., Haman, A., Kentsop Tsafong, R., Mbianda, A., Simo, H. and Tindo, M. (2023). Overall dominance of Spodoptera frugiperda Smith (Lepidoptera: Noctuidae) within the lepidopteran pests community infesting maize fields in the Littoral Region of Cameroon. International Journal of Tropical Insect Science, 43(1): 163-172
2300;0;Africa;Agrius convolvuli;Afrotropical;2004;Wen, L. (2004). Prospect on the parasitical enemies and its natural control effect of Agrius convolvuli. Chinese Journal of Biological Control. 20(4): 273
2301;0;Africa;Agrius convolvuli;Saharo-Arabian;2004;Wen, L. (2004). Prospect on the parasitical enemies and its natural control effect of Agrius convolvuli. Chinese Journal of Biological Control. 20(4): 273
2302;0;Asia;Agrius convolvuli;Oriental;2004;Wen, L. (2004). Prospect on the parasitical enemies and its natural control effect of Agrius convolvuli. Chinese Journal of Biological Control. 20(4): 273
2303;0;Asia;Agrius convolvuli;Sino-Japanese;2004;Wen, L. (2004). Prospect on the parasitical enemies and its natural control effect of Agrius convolvuli. Chinese Journal of Biological Control. 20(4): 273
2304;0;Europe;Agrius convolvuli;Palearctic;2004;Wen, L. (2004). Prospect on the parasitical enemies and its natural control effect of Agrius convolvuli. Chinese Journal of Biological Control. 20(4): 273
2305;0;Oceania;Agrius convolvuli;Oceanina;2004;Wen, L. (2004). Prospect on the parasitical enemies and its natural control effect of Agrius convolvuli. Chinese Journal of Biological Control. 20(4): 273
2306;0;Africa;Megalorhipida leucodactylus;Afrotropical;2003;Gielis, C. (2003). Review of the Pterophoridae (Lepidoptera) from the Philippines. Zoologische Mededelingen. 77: 409-424
2307;0;Africa;Megalorhipida leucodactylus;Saharo-Arabian;2003;Gielis, C. (2003). Review of the Pterophoridae (Lepidoptera) from the Philippines. Zoologische Mededelingen. 77: 409-424
2308;0;Asia;Megalorhipida leucodactylus;Oriental;2003;Gielis, C. (2003). Review of the Pterophoridae (Lepidoptera) from the Philippines. Zoologische Mededelingen. 77: 409-424
2309;0;Asia;Megalorhipida leucodactylus;Saharo-Arabian;2003;Gielis, C. (2003). Review of the Pterophoridae (Lepidoptera) from the Philippines. Zoologische Mededelingen. 77: 409-424
2310;0;Asia;Megalorhipida leucodactylus;Sino-Japanese;2003;Gielis, C. (2003). Review of the Pterophoridae (Lepidoptera) from the Philippines. Zoologische Mededelingen. 77: 409-424
2311;0;North America;Megalorhipida leucodactylus;Nearctic;2003;Gielis, C. (2003). Review of the Pterophoridae (Lepidoptera) from the Philippines. Zoologische Mededelingen. 77: 409-424
2312;0;North America;Megalorhipida leucodactylus;Panamanian;2003;Gielis, C. (2003). Review of the Pterophoridae (Lepidoptera) from the Philippines. Zoologische Mededelingen. 77: 409-424
2313;0;South America;Megalorhipida leucodactylus;Neotropical;2003;Gielis, C. (2003). Review of the Pterophoridae (Lepidoptera) from the Philippines. Zoologische Mededelingen. 77: 409-424
2314;0;Africa;Ocrasa nostralis;Madagascan;2024;Witts, H. (2024). Hypsopygia nostralis (Guen√©e, 1854),(Lep.: Pyralidae), the Southern Hayworm: New to Britain. Entomologists Record & Journal of Variation, 136: 258-260
2315;0;North America;Ocrasa nostralis;Nearctic;2024;Witts, H. (2024). Hypsopygia nostralis (Guen√©e, 1854),(Lep.: Pyralidae), the Southern Hayworm: New to Britain. Entomologists Record & Journal of Variation, 136: 258-260
2316;0;North America;Ocrasa nostralis;Panamanian;2024;Witts, H. (2024). Hypsopygia nostralis (Guen√©e, 1854),(Lep.: Pyralidae), the Southern Hayworm: New to Britain. Entomologists Record & Journal of Variation, 136: 258-260
2317;0;Africa;Omiodes indicata;Afrotropical;2020;Landry, B. (2020). Taxonomic revision of the Spilomelinae (Lepidoptera, Pyralidae sl) of the Gal√°pagos Islands, Ecuador. Revue suisse de Zoologie, 123(2): 315-399
2318;0;Africa;Omiodes indicata;Madagascan;2020;Landry, B. (2020). Taxonomic revision of the Spilomelinae (Lepidoptera, Pyralidae sl) of the Gal√°pagos Islands, Ecuador. Revue suisse de Zoologie, 123(2): 315-399
2319;0;Asia;Omiodes indicata;Oriental;2020;Landry, B. (2020). Taxonomic revision of the Spilomelinae (Lepidoptera, Pyralidae sl) of the Gal√°pagos Islands, Ecuador. Revue suisse de Zoologie, 123(2): 315-399
2320;0;North America;Omiodes indicata;Nearctic;2020;Landry, B. (2020). Taxonomic revision of the Spilomelinae (Lepidoptera, Pyralidae sl) of the Gal√°pagos Islands, Ecuador. Revue suisse de Zoologie, 123(2): 315-399
2321;0;North America;Omiodes indicata;Panamanian;2020;Landry, B. (2020). Taxonomic revision of the Spilomelinae (Lepidoptera, Pyralidae sl) of the Gal√°pagos Islands, Ecuador. Revue suisse de Zoologie, 123(2): 315-399
2322;0;South America;Omiodes indicata;Neotropical;2020;Landry, B. (2020). Taxonomic revision of the Spilomelinae (Lepidoptera, Pyralidae sl) of the Gal√°pagos Islands, Ecuador. Revue suisse de Zoologie, 123(2): 315-399
2323;0;North America;Paectes arcigera;Panamanian;2013;Pogue, M. (2013). A review of the Paectes arcigera species complex (Guenee) (Lepidoptera, Euteliidae). ZooKeys. 264: 125‚Äì163
2324;0;North America;Piletocera bufalis;Nearctic;2020;Landry, B. (2020). Taxonomic revision of the Spilomelinae (Lepidoptera, Pyralidae sl) of the Gal√°pagos Islands, Ecuador. Revue suisse de Zoologie, 123(2): 315-399
2325;0;North America;Piletocera bufalis;Panamanian;2020;Landry, B. (2020). Taxonomic revision of the Spilomelinae (Lepidoptera, Pyralidae sl) of the Gal√°pagos Islands, Ecuador. Revue suisse de Zoologie, 123(2): 315-399
2326;0;South America;Piletocera bufalis;Neotropical;2020;Landry, B. (2020). Taxonomic revision of the Spilomelinae (Lepidoptera, Pyralidae sl) of the Gal√°pagos Islands, Ecuador. Revue suisse de Zoologie, 123(2): 315-399
2327;0;Africa;Phereoeca allutella;Afrotropical;1978;Zimmerman, E. (1978). Insects of Hawaii. Vol. 9 Microlepidoptera. Part I. The University Press of Hawaii, Honolulu.
2328;0;Africa;Phereoeca allutella;Madagascan;1978;Zimmerman, E. (1978). Insects of Hawaii. Vol. 9 Microlepidoptera. Part I. The University Press of Hawaii, Honolulu.
2329;0;Asia;Phereoeca allutella;Oriental;1978;Zimmerman, E. (1978). Insects of Hawaii. Vol. 9 Microlepidoptera. Part I. The University Press of Hawaii, Honolulu.
2330;0;Oceania;Phereoeca allutella;Oceanina;1978;Zimmerman, E. (1978). Insects of Hawaii. Vol. 9 Microlepidoptera. Part I. The University Press of Hawaii, Honolulu.
2331;0;North America;Pilocrocis ramentalis;Nearctic;2020;Landry, B. (2020). Taxonomic revision of the Spilomelinae (Lepidoptera, Pyralidae sl) of the Gal√°pagos Islands, Ecuador. Revue suisse de Zoologie, 123(2): 315-399
2332;0;North America;Pilocrocis ramentalis;Panamanian;2020;Landry, B. (2020). Taxonomic revision of the Spilomelinae (Lepidoptera, Pyralidae sl) of the Gal√°pagos Islands, Ecuador. Revue suisse de Zoologie, 123(2): 315-399
2333;0;South America;Pilocrocis ramentalis;Neotropical;2020;Landry, B. (2020). Taxonomic revision of the Spilomelinae (Lepidoptera, Pyralidae sl) of the Gal√°pagos Islands, Ecuador. Revue suisse de Zoologie, 123(2): 315-399
2334;0;Africa;Agrotis ipsilon;Saharo-Arabian;1997;Showers, W. (1997). Migratory Ecology of the Black Cutworm. Annual Review of Entomology. 42: 393‚Äì425
2335;0;Asia;Agrotis ipsilon;Oriental;1997;Showers, W. (1997). Migratory Ecology of the Black Cutworm. Annual Review of Entomology. 42: 393‚Äì425
2336;0;Asia;Agrotis ipsilon;Palearctic;1997;Showers, W. (1997). Migratory Ecology of the Black Cutworm. Annual Review of Entomology. 42: 393‚Äì425
2337;0;Asia;Agrotis ipsilon;Saharo-Arabian;1997;Showers, W. (1997). Migratory Ecology of the Black Cutworm. Annual Review of Entomology. 42: 393‚Äì425
2338;0;Asia;Agrotis ipsilon;Sino-Japanese;1997;Showers, W. (1997). Migratory Ecology of the Black Cutworm. Annual Review of Entomology. 42: 393‚Äì425
2339;0;Europe;Agrotis ipsilon;Palearctic;1997;Showers, W. (1997). Migratory Ecology of the Black Cutworm. Annual Review of Entomology. 42: 393‚Äì425
2340;0;North America;Agrotis ipsilon;Panamanian;1997;Showers, W. (1997). Migratory Ecology of the Black Cutworm. Annual Review of Entomology. 42: 393‚Äì425
2341;0;Oceania;Agrotis ipsilon;Oceanina;1997;Showers, W. (1997). Migratory Ecology of the Black Cutworm. Annual Review of Entomology. 42: 393‚Äì425
2342;0;South America;Agrotis ipsilon;Neotropical;1997;Showers, W. (1997). Migratory Ecology of the Black Cutworm. Annual Review of Entomology. 42: 393‚Äì425
2343;0;Africa;Praeacedes atomosella;Afrotropical;2020;Roy, D., Alderman, D., Anastasiu, P., Arianoutsou, M., Augustin, S., Bacher, S., ... and Reyserhove, L., (2020). DAISIE - Delivering Alien Invasive Species Inventories for Europe. Available at: http://www.europe-aliens.org/
2344;0;Asia;Praeacedes atomosella;Oriental;2020;Roy, D., Alderman, D., Anastasiu, P., Arianoutsou, M., Augustin, S., Bacher, S., ... and Reyserhove, L., (2020). DAISIE - Delivering Alien Invasive Species Inventories for Europe. Available at: http://www.europe-aliens.org/
2345;0;North America;Praeacedes atomosella;Nearctic;2020;Roy, D., Alderman, D., Anastasiu, P., Arianoutsou, M., Augustin, S., Bacher, S., ... and Reyserhove, L., (2020). DAISIE - Delivering Alien Invasive Species Inventories for Europe. Available at: http://www.europe-aliens.org/
2346;0;North America;Praeacedes atomosella;Panamanian;2020;Roy, D., Alderman, D., Anastasiu, P., Arianoutsou, M., Augustin, S., Bacher, S., ... and Reyserhove, L., (2020). DAISIE - Delivering Alien Invasive Species Inventories for Europe. Available at: http://www.europe-aliens.org/
2347;0;South America;Praeacedes atomosella;Neotropical;2020;Roy, D., Alderman, D., Anastasiu, P., Arianoutsou, M., Augustin, S., Bacher, S., ... and Reyserhove, L., (2020). DAISIE - Delivering Alien Invasive Species Inventories for Europe. Available at: http://www.europe-aliens.org/
2348;0;Africa;Pyralis manihotalis;Afrotropical;1990;Robinson, G. and Kirke, C. (1990). Lepidoptera of Ascension Island ‚Äî a review. Journal of natural history. 24(1): 119-135.
2349;0;Asia;Pyralis manihotalis;Oriental;1990;Robinson, G. and Kirke, C. (1990). Lepidoptera of Ascension Island ‚Äî a review. Journal of natural history. 24(1): 119-135.
2350;0;Asia;Pyralis manihotalis;Sino-Japanese;1990;Robinson, G. and Kirke, C. (1990). Lepidoptera of Ascension Island ‚Äî a review. Journal of natural history. 24(1): 119-135.
2351;0;North America;Pyralis manihotalis;Panamanian;1990;Robinson, G. and Kirke, C. (1990). Lepidoptera of Ascension Island ‚Äî a review. Journal of natural history. 24(1): 119-135.
2352;0;Oceania;Pyralis manihotalis;Oceanina;1990;Robinson, G. and Kirke, C. (1990). Lepidoptera of Ascension Island ‚Äî a review. Journal of natural history. 24(1): 119-135.
2353;0;South America;Pyralis manihotalis;Neotropical;1990;Robinson, G. and Kirke, C. (1990). Lepidoptera of Ascension Island ‚Äî a review. Journal of natural history. 24(1): 119-135.
2354;0;North America;Pyrausta panopealis;Nearctic;2006;Roque-Albelo, L. (2006). Diversity and ecology of the Lepidoptera in the Galapagos Islands, Ecuador. [PhD Thesis, Cardiff University]
2355;0;North America;Pyrausta panopealis;Panamanian;2006;Roque-Albelo, L. (2006). Diversity and ecology of the Lepidoptera in the Galapagos Islands, Ecuador. [PhD Thesis, Cardiff University]
2356;0;South America;Pyrausta panopealis;Neotropical;2006;Roque-Albelo, L. (2006). Diversity and ecology of the Lepidoptera in the Galapagos Islands, Ecuador. [PhD Thesis, Cardiff University]
2357;0;North America;Rhectocraspeda periusalis;Nearctic;2006;Roque-Albelo, L. (2006). Diversity and ecology of the Lepidoptera in the Galapagos Islands, Ecuador. [PhD Thesis, Cardiff University]
2358;0;North America;Rhectocraspeda periusalis;Panamanian;2006;Roque-Albelo, L. (2006). Diversity and ecology of the Lepidoptera in the Galapagos Islands, Ecuador. [PhD Thesis, Cardiff University]
2359;0;South America;Rhectocraspeda periusalis;Neotropical;2006;Roque-Albelo, L. (2006). Diversity and ecology of the Lepidoptera in the Galapagos Islands, Ecuador. [PhD Thesis, Cardiff University]
2360;0;North America;Samea ecclesialis;Nearctic;2020;Landry, B. (2020). Taxonomic revision of the Spilomelinae (Lepidoptera, Pyralidae sl) of the Gal√°pagos Islands, Ecuador. Revue suisse de Zoologie, 123(2): 315-399
2361;0;North America;Samea ecclesialis;Panamanian;2020;Landry, B. (2020). Taxonomic revision of the Spilomelinae (Lepidoptera, Pyralidae sl) of the Gal√°pagos Islands, Ecuador. Revue suisse de Zoologie, 123(2): 315-399
2362;0;South America;Samea ecclesialis;Neotropical;2020;Landry, B. (2020). Taxonomic revision of the Spilomelinae (Lepidoptera, Pyralidae sl) of the Gal√°pagos Islands, Ecuador. Revue suisse de Zoologie, 123(2): 315-399
2363;0;North America;Sisyracera inabsconsalis;Nearctic;2016;Landry, B. (2016). Taxonomic revision of the Spilomelinae (Lepidoptera, Pyralidae sl) of the Galapagos Islands, Ecuador. Revue suisse de Zoologie, 123(2), 315-399.
2364;0;North America;Sisyracera inabsconsalis;Panamanian;2016;Landry, B. (2016). Taxonomic revision of the Spilomelinae (Lepidoptera, Pyralidae sl) of the Galapagos Islands, Ecuador. Revue suisse de Zoologie, 123(2), 315-399.
2365;0;South America;Sisyracera inabsconsalis;Neotropical;2016;Landry, B. (2016). Taxonomic revision of the Spilomelinae (Lepidoptera, Pyralidae sl) of the Galapagos Islands, Ecuador. Revue suisse de Zoologie, 123(2), 315-399.
2366;0;North America;Sphacelodes vulneraria;Nearctic;2017;Ribeiro, L., Correa, C. and Castilhos, R. (2017). First record of Sphacelodes vulneraria (Lepidoptera: Geometridae) damaging Hovenia dulcis in Brazil. Pesquisa Florestal Brasileira, 37(91): 409-411
2367;0;North America;Sphacelodes vulneraria;Panamanian;2017;Ribeiro, L., Correa, C. and Castilhos, R. (2017). First record of Sphacelodes vulneraria (Lepidoptera: Geometridae) damaging Hovenia dulcis in Brazil. Pesquisa Florestal Brasileira, 37(91): 409-411
2368;0;South America;Sphacelodes vulneraria;Neotropical;2017;Ribeiro, L., Correa, C. and Castilhos, R. (2017). First record of Sphacelodes vulneraria (Lepidoptera: Geometridae) damaging Hovenia dulcis in Brazil. Pesquisa Florestal Brasileira, 37(91): 409-411
2369;0;Africa;Spoladea recurvalis;Afrotropical;2010;Lopez-Vaamonde, C., Agassiz, D., Augustin, S., De Prins, J., De Prins, W., Gomboc, S., ... and Lees, D. (2010). Lepidoptera. Chapter 11. BioRisk 4: 603-668
2370;0;Africa;Spoladea recurvalis;Saharo-Arabian;2010;Lopez-Vaamonde, C., Agassiz, D., Augustin, S., De Prins, J., De Prins, W., Gomboc, S., ... and Lees, D. (2010). Lepidoptera. Chapter 11. BioRisk 4: 603-668
2371;0;South America;Spoladea recurvalis;Neotropical;2010;Lopez-Vaamonde, C., Agassiz, D., Augustin, S., De Prins, J., De Prins, W., Gomboc, S., ... and Lees, D. (2010). Lepidoptera. Chapter 11. BioRisk 4: 603-668
2372;0;North America;Stenoptilodes brevipennis;Nearctic;2006;Gielis, C. (2006). Review of the Neotropical species of the family Pterophoridae, part I: Ochyroticinae, Deuterocopinae, Pterophorinae (Platyptiliini, Exelastini, Oxyptilini) (Lepidoptera). Zoologische Mededelingen. 80: 1-290
2373;0;North America;Stenoptilodes brevipennis;Panamanian;2006;Gielis, C. (2006). Review of the Neotropical species of the family Pterophoridae, part I: Ochyroticinae, Deuterocopinae, Pterophorinae (Platyptiliini, Exelastini, Oxyptilini) (Lepidoptera). Zoologische Mededelingen. 80: 1-290
2374;0;South America;Stenoptilodes brevipennis;Neotropical;2006;Gielis, C. (2006). Review of the Neotropical species of the family Pterophoridae, part I: Ochyroticinae, Deuterocopinae, Pterophorinae (Platyptiliini, Exelastini, Oxyptilini) (Lepidoptera). Zoologische Mededelingen. 80: 1-290
2375;0;North America;Strepsicrates smithiana;Panamanian;2012;Vargas, H. (2012). Strepsicrates smithiana Walsingham (Lepidoptera, Tortricidae): first record from Chile and a newly documented host plant. Revista Brasileira de Entomologia. 56, 381-382
2376;0;North America;Syngamia florella;Nearctic;2019;Hayden, J. (2019). Syngamia florella (Stoll), the orange-spotted flower moth (Lepidoptera: Crambidae: Spilomelinae). FDACS-P-02105, 440
2377;0;North America;Syngamia florella;Panamanian;2019;Hayden, J. (2019). Syngamia florella (Stoll), the orange-spotted flower moth (Lepidoptera: Crambidae: Spilomelinae). FDACS-P-02105, 440
2378;0;South America;Syngamia florella;Neotropical;2019;Hayden, J. (2019). Syngamia florella (Stoll), the orange-spotted flower moth (Lepidoptera: Crambidae: Spilomelinae). FDACS-P-02105, 440
2379;1;Africa;Terastia meticulosalis;Afrotropical;1958;Zimmerman, E. (1958). Insects of Hawaii. Volume 8, Lepidoptera: Pyraloidea. Hawaii: University of Hawaii Press.
2380;1;Asia;Terastia meticulosalis;Oriental;1958;Zimmerman, E. (1958). Insects of Hawaii. Volume 8, Lepidoptera: Pyraloidea. Hawaii: University of Hawaii Press.
2381;1;Australia;Terastia meticulosalis;Australian;1958;Zimmerman, E. (1958). Insects of Hawaii. Volume 8, Lepidoptera: Pyraloidea. Hawaii: University of Hawaii Press.
2382;1;South America;Terastia meticulosalis;Neotropical;1958;Zimmerman, E. (1958). Insects of Hawaii. Volume 8, Lepidoptera: Pyraloidea. Hawaii: University of Hawaii Press.
2383;0;Africa;Trichophaga mormopis;Afrotropical;1978;Zimmerman, E. (1978). Insects of Hawaii. Vol. 9 Microlepidoptera. Part I. The University Press of Hawaii, Honolulu.
2384;0;Asia;Trichophaga mormopis;Oriental;1978;Zimmerman, E. (1978). Insects of Hawaii. Vol. 9 Microlepidoptera. Part I. The University Press of Hawaii, Honolulu.
2385;0;South America;Unadilla maturella;Neotropical;2022;Mally, R., Turner, R., Blake, R., Fenn-Moltu, G., Bertelsmeier, C., Brockerhoff, E., ... and Liebhold, A. (2022), Moths and butterflies on alien shores - global biogeography of non-native Lepidoptera. Dryad, Dataset. Available at: https://doi.org/10.5061/dryad.31zcrjdnw
2386;0;North America;Xylesthia pruniramiella;Nearctic;1999;Heppner, J. and Frank, J. (1999). Bromeliad Pod Borer, Epimorius testaceellus Ragonot (Insecta: Lepidoptera: Pyralidae). EENY-040/IN167, 5/1999. EDIS, 1999.
2387;0;North America;Xylesthia pruniramiella;Panamanian;1999;Heppner, J. and Frank, J. (1999). Bromeliad Pod Borer, Epimorius testaceellus Ragonot (Insecta: Lepidoptera: Pyralidae). EENY-040/IN167, 5/1999. EDIS, 1999.
2388;0;South America;Xylesthia pruniramiella;Neotropical;1999;Heppner, J. and Frank, J. (1999). Bromeliad Pod Borer, Epimorius testaceellus Ragonot (Insecta: Lepidoptera: Pyralidae). EENY-040/IN167, 5/1999. EDIS, 1999.
2389;0;Africa;Antigastra catalaunalis;Afrotropical;2024;Sarazu-Pillado, R., Gonzalez-Hernandez, H., Lomeli-Flores, J., Valdez-Carrasco, J., Cortez-Mondaca, E. and Guzman-Franco, A. (2024). Parasitoid wasps associated with Antigastra catalaunalis (Lepidoptera, Crambidae) in Northern Sinaloa, Mexico. Journal of Hymenoptera Research. 97: 741-754
2390;0;Asia;Loxostege sticticalis;Palearctic;1938;Pepper, J. (1938). The effect of certain climatic factors on the distribution of the beet webworm (Loxostege sticticalis L.) in North America. Ecology. 19(4): 565-571
2391;0;Europe;Loxostege sticticalis;Palearctic;1938;Pepper, J. (1938). The effect of certain climatic factors on the distribution of the beet webworm (Loxostege sticticalis L.) in North America. Ecology. 19(4): 565-571
2392;0;Asia;Milionia basalis;Palearctic;1990;Lin, C.-C. (1990). Caterpillars feeding on Podocarpus in Taiwan. Bulletin of National Museum of Natural Science, 2: 261-272
2393;0;Asia;Pieris brassicae;Palearctic;2020;Fuentes, N., Marticorena, A., Saldana, A. Jerez, R., Ortiz, J., Victoriano, P., and ... Rey-Aguirre, A. (2020). Multi-taxa inventory of naturalized species in Chile (including native Chilean species introduced in other areas of the national territory outside of their original range). Neobiota. 60: 25-41
2394;0;Europe;Pieris brassicae;Palearctic;2020;Fuentes, N., Marticorena, A., Saldana, A. Jerez, R., Ortiz, J., Victoriano, P., and ... Rey-Aguirre, A. (2020). Multi-taxa inventory of naturalized species in Chile (including native Chilean species introduced in other areas of the national territory outside of their original range). Neobiota. 60: 25-41
2395;0;Europe;Aplocera efformata;Palearctic;2022;Boyes, D. (2022). The genome sequence of the lesser treble-bar moth, Aplocera efformata (Guene¬¥e, 1857). Wellcome Open Research. 7: 303.
2396;0;Africa;Pontia daplidice;Saharo-Arabian;2011;Tennent, J. (2011). Pontia daplidice. The IUCN Red List of Threatened Species 2011: e.T160251A5358607
2397;0;Asia;Pontia daplidice;Palearctic;2011;Tennent, J. (2011). Pontia daplidice. The IUCN Red List of Threatened Species 2011: e.T160251A5358607
2398;0;Asia;Pontia daplidice;Saharo-Arabian;2011;Tennent, J. (2011). Pontia daplidice. The IUCN Red List of Threatened Species 2011: e.T160251A5358607
2399;0;Europe;Pontia daplidice;Palearctic;2011;Tennent, J. (2011). Pontia daplidice. The IUCN Red List of Threatened Species 2011: e.T160251A5358607
2400;0;Africa;Spodoptera cilium;Afrotropical;1975;Brown, E. and Dewhurst, C. (1975). The genus Spodoptera (Lepidoptera, Noctuidae) in Africa and the near east. Bulletin of entomological research, 65(2): 221-262
2401;0;Africa;Spodoptera cilium;Saharo-Arabian;1975;Brown, E. and Dewhurst, C. (1975). The genus Spodoptera (Lepidoptera, Noctuidae) in Africa and the near east. Bulletin of entomological research, 65(2): 221-262
2402;0;Asia;Spodoptera cilium;Oriental;1975;Brown, E. and Dewhurst, C. (1975). The genus Spodoptera (Lepidoptera, Noctuidae) in Africa and the near east. Bulletin of entomological research, 65(2): 221-262
2403;0;Asia;Spodoptera cilium;Palearctic;1975;Brown, E. and Dewhurst, C. (1975). The genus Spodoptera (Lepidoptera, Noctuidae) in Africa and the near east. Bulletin of entomological research, 65(2): 221-262
2404;0;Asia;Spodoptera cilium;Saharo-Arabian;1975;Brown, E. and Dewhurst, C. (1975). The genus Spodoptera (Lepidoptera, Noctuidae) in Africa and the near east. Bulletin of entomological research, 65(2): 221-262
2405;0;Europe;Spodoptera cilium;Palearctic;1975;Brown, E. and Dewhurst, C. (1975). The genus Spodoptera (Lepidoptera, Noctuidae) in Africa and the near east. Bulletin of entomological research, 65(2): 221-262
2406;0;Africa;Stenoptilia zophodactylus;Afrotropical;2010;Alipanah, H. and Gielis, C. (2010). Notes on the tribes Platyptiliini and Exelastini from Iran (Lepidoptera: Pterophoridae). SHILAP Revista de Lepidopterologia, 38(149):57-63
2407;0;Asia;Stenoptilia zophodactylus;Oriental;2010;Alipanah, H. and Gielis, C. (2010). Notes on the tribes Platyptiliini and Exelastini from Iran (Lepidoptera: Pterophoridae). SHILAP Revista de Lepidopterologia, 38(149):57-63
2408;0;Asia;Stenoptilia zophodactylus;Palearctic;2010;Alipanah, H. and Gielis, C. (2010). Notes on the tribes Platyptiliini and Exelastini from Iran (Lepidoptera: Pterophoridae). SHILAP Revista de Lepidopterologia, 38(149):57-63
2409;0;Europe;Stenoptilia zophodactylus;Palearctic;2010;Alipanah, H. and Gielis, C. (2010). Notes on the tribes Platyptiliini and Exelastini from Iran (Lepidoptera: Pterophoridae). SHILAP Revista de Lepidopterologia, 38(149):57-63
2410;0;Asia;Thymelicus lineola;Oriental;1966;Burns, J. (1966). Expanding distribution and evolutionary potential of Thymelicus lineola (Lepidoptera: Hesperiidae), an introduced skipper, with special reference to its appearance in British Columbia. The Canadian Entomologist. 98(8): 859-866
2411;0;Asia;Thymelicus lineola;Palearctic;1966;Burns, J. (1966). Expanding distribution and evolutionary potential of Thymelicus lineola (Lepidoptera: Hesperiidae), an introduced skipper, with special reference to its appearance in British Columbia. The Canadian Entomologist. 98(8): 859-866
2412;0;Asia;Thymelicus lineola;Saharo-Arabian;1966;Burns, J. (1966). Expanding distribution and evolutionary potential of Thymelicus lineola (Lepidoptera: Hesperiidae), an introduced skipper, with special reference to its appearance in British Columbia. The Canadian Entomologist. 98(8): 859-866
2413;0;Asia;Thymelicus lineola;Sino-Japanese;1966;Burns, J. (1966). Expanding distribution and evolutionary potential of Thymelicus lineola (Lepidoptera: Hesperiidae), an introduced skipper, with special reference to its appearance in British Columbia. The Canadian Entomologist. 98(8): 859-866
2414;0;Europe;Thymelicus lineola;Palearctic;1966;Burns, J. (1966). Expanding distribution and evolutionary potential of Thymelicus lineola (Lepidoptera: Hesperiidae), an introduced skipper, with special reference to its appearance in British Columbia. The Canadian Entomologist. 98(8): 859-866
2415;0;Asia;Aplocera plagiata;Palearctic;2012;Hausmann, A. and Viidalepp, J. (2012). The Geometrid Moths of Europe, Volume: 3 - Larentinae I. Apollo Books
2416;0;Europe;Aplocera plagiata;Palearctic;2012;Hausmann, A. and Viidalepp, J. (2012). The Geometrid Moths of Europe, Volume: 3 - Larentinae I. Apollo Books
2417;0;North America;Aplocera plagiata;Nearctic;2012;Hausmann, A. and Viidalepp, J. (2012). The Geometrid Moths of Europe, Volume: 3 - Larentinae I. Apollo Books
2418;0;Asia;Ariadne ariadne;Oriental;1990;Leps, J. and Spitzer, K. (1990). Ecological determinants of butterfly communities (Lepidoptera, Papilionoidea) in the Tam Dao mountains, Vietnam. Acta Entomologica Bohemoslovaca, 87(3): 182-194
2419;0;Oceania;Conopomorpha litchiella;Oceanina;2024;CAB International (CABI) (2024). CABI Invasive Species Compendium. Available at: https://www.cabidigitallibrary.org/product/QI
2420;0;Africa;Daphnis nerii;Saharo-Arabian;2024;Pittaway, A. (2024). Sphingidae of the Western Palaearctic (including Europe, North Africa, the Middle East, western Siberia and western Central Asia). Available at: https://tpittaway.tripod.com/sphinx/list.htm
2421;0;Asia;Euploea mulciber;Oriental;2013;Hao, J., Sun, M., Shi, Q., Sun, X., Shao, L. and Yang, Q. (2013). Complete mitogenomes of Euploea mulciber (Nymphalidae: Danainae) and Libythea celtis (Nymphalidae: Libytheinae) and their phylogenetic implications. International Scholarly Research Notices, 2013(1): 491636
2422;0;Asia;Macaldenia palumba;Oriental;2003;Holloway, J. and Miller, S. (2003). The composition, generic placement and host-plant relationships of the joviana-group in the Parallelia generic complex (Lepidoptera: Noctuidae, Catocalinae). Invertebrate Systematics, 17(1): 111-128
2423;0;Asia;Parantica aglea;Oriental;2020;Li, X., Wang, Y., Rong, W., Liu, X. and Li, R. (2020). A new record of complete mitochondrial genome of Parantica aglea (Lepidoptera: Danainae) and its phylogeny. Mitochondrial DNA Part B, 5(2): 1257-1258
2424;0;Oceania;Parantica aglea;Oceanina;2020;Li, X., Wang, Y., Rong, W., Liu, X. and Li, R. (2020). A new record of complete mitochondrial genome of Parantica aglea (Lepidoptera: Danainae) and its phylogeny. Mitochondrial DNA Part B, 5(2): 1257-1258
2425;0;Asia;Suastus gremius;Oriental;2022;Sunitha, T. and Balagangatharan, P. (2022). Butterfly species diversity and abundance in Ramanathi Dam, Kadayam, Tenkasi Dist, Tamilnadu. Sciencia Acta Xaveriana - An International Science Journal. 13(1): 65-82
2426;0;Africa;Zizula hylax;Afrotropical;2013;Fric, Z. and Hula, V. (2013).  Zizula hylax (Fabricius, 1775) new butterfly species for Socotra (Lepidoptera: Lycaenidae). SHILAP Revista de Lepidopterologia. 41(164): 571-575
2427;0;Africa;Zizula hylax;Saharo-Arabian;2013;Fric, Z. and Hula, V. (2013).  Zizula hylax (Fabricius, 1775) new butterfly species for Socotra (Lepidoptera: Lycaenidae). SHILAP Revista de Lepidopterologia. 41(164): 571-575
2428;0;Asia;Zizula hylax;Oriental;2013;Fric, Z. and Hula, V. (2013).  Zizula hylax (Fabricius, 1775) new butterfly species for Socotra (Lepidoptera: Lycaenidae). SHILAP Revista de Lepidopterologia. 41(164): 571-575
2429;0;Europe;Acleris comariana;Palearctic;2012;Gilligan, T. and Epstein, M. (2012). TortAI, Tortricids of Agricultural Importance to the United States (Lepidoptera: Tortricidae). Identification Technology Program (ITP), USDA/APHIS/PPQ/CPHST, Fort Collins, CO. [accessed at https://idtools.org/id/tortai/index.html].
2430;0;South America;Notioplusia illustrata;Neotropical;1978;Eichlin, T. and Cunningham, H. (1978). The Plusiinae (Lepidoptera: Noctuidae) of America north of Mexico, emphasizing genitalic and larval morphology (No. 1567). Department of Agriculture, Agricultural Research Service. Washington D.C., United States of America.
2431;0;Asia;Bilobata subsecivella;Oriental;1993;Shanower, T., Wightman, J. and Gutierrez, A. (1993). Biology and control of the groundnut leafminer, Aproaerema modicella (Deventer)(Lepidoptera: Gelechiidae). Crop Protection. 12(1): 3-10
2432;0;Asia;Bilobata subsecivella;Saharo-Arabian;1993;Shanower, T., Wightman, J. and Gutierrez, A. (1993). Biology and control of the groundnut leafminer, Aproaerema modicella (Deventer)(Lepidoptera: Gelechiidae). Crop Protection. 12(1): 3-10
2433;0;Asia;Bilobata subsecivella;Sino-Japanese;1993;Shanower, T., Wightman, J. and Gutierrez, A. (1993). Biology and control of the groundnut leafminer, Aproaerema modicella (Deventer)(Lepidoptera: Gelechiidae). Crop Protection. 12(1): 3-10
2434;0;Australia;Bilobata subsecivella;Australian;2016;Buthelezi, N., Zharare, G. and Conlong, D. (2016). Molecular and behavioural evidence suggesting a re-examination of the taxonomy of Aproaerema simplexella (Walker), Aproaerema modicella (Deventer) and Stomopteryx subsecivella Zeller (Lepidoptera: Gelechiidae). African Entomology. 24(1): 16-23
2435;0;Asia;Chrysoesthia drurella;Palearctic;2006;ten Holt, H. and Kuchlein, J. (2006). Additional data on the distribution and early stages of Chrysoesthia verrucosa (Lepidoptera: Gelechiidae).Phegea, 34(1): 13-16
2436;0;Europe;Chrysoesthia drurella;Palearctic;2006;ten Holt, H. and Kuchlein, J. (2006). Additional data on the distribution and early stages of Chrysoesthia verrucosa (Lepidoptera: Gelechiidae).Phegea, 34(1): 13-16
2437;0;North America;Chrysoesthia drurella;Nearctic;2006;ten Holt, H. and Kuchlein, J. (2006). Additional data on the distribution and early stages of Chrysoesthia verrucosa (Lepidoptera: Gelechiidae).Phegea, 34(1): 13-16
2438;0;Africa;Coleophora mayrella;Saharo-Arabian;1993;Landry, J. and Wright, B. (1993). Systematics of the Nearctic species of metallic-green Coleophora (Lepidoptera: Coleophoridae). The Canadian Entomologist, 125(3): 549-618
2439;0;Asia;Coleophora mayrella;Palearctic;1993;Landry, J. and Wright, B. (1993). Systematics of the Nearctic species of metallic-green Coleophora (Lepidoptera: Coleophoridae). The Canadian Entomologist, 125(3): 549-618
2440;0;Europe;Coleophora mayrella;Palearctic;1993;Landry, J. and Wright, B. (1993). Systematics of the Nearctic species of metallic-green Coleophora (Lepidoptera: Coleophoridae). The Canadian Entomologist, 125(3): 549-618
2441;0;Asia;Coleophora striatipennella;Palearctic;2024;Anikin, V. and Knyazev, S. (2024). Additions to the fauna of casebearer moths (Lepidoptera, Coleophoridae) of Omsk Region, Russia. Results of expeditions in 2021-2023. Ecologica Montenegrina. 75: 89-97
2442;0;Europe;Coleophora striatipennella;Palearctic;2024;Anikin, V. and Knyazev, S. (2024). Additions to the fauna of casebearer moths (Lepidoptera, Coleophoridae) of Omsk Region, Russia. Results of expeditions in 2021-2023. Ecologica Montenegrina. 75: 89-97
2443;0;Asia;Coleophora versurella;Palearctic;2020;Fuentes, N., Marticorena, A., Saldana, A. Jerez, R., Ortiz, J., Victoriano, P., and ... Rey-Aguirre, A. (2020). Multi-taxa inventory of naturalized species in Chile (including native Chilean species introduced in other areas of the national territory outside of their original range). Neobiota. 60: 25-41
2444;0;Europe;Coleophora versurella;Palearctic;2020;Fuentes, N., Marticorena, A., Saldana, A. Jerez, R., Ortiz, J., Victoriano, P., and ... Rey-Aguirre, A. (2020). Multi-taxa inventory of naturalized species in Chile (including native Chilean species introduced in other areas of the national territory outside of their original range). Neobiota. 60: 25-41
2445;0;Asia;Ctenoplusia albostriata;Oriental;1985;Holloway, J. (1985). Moths of Borneo 14. Family Noctuidae. Subfamily: Euteliinae, Stictopterinae, Plusinae, Pantheinae. Malayan Nature Journal. Available at: https://www.mothsofborneo.com/part-14/index.htm
2446;0;Africa;Ctenoplusia limbirena;Afrotropical;2019;Emmerson, A. and Hoare, R. (2019). Lepidoptera from Redvale, Albany, north of Auckland, New Zealand, 2004-2016: an annotated list. The Weta, 53: 43-70
2447;0;Africa;Ctenoplusia limbirena;Saharo-Arabian;2019;Emmerson, A. and Hoare, R. (2019). Lepidoptera from Redvale, Albany, north of Auckland, New Zealand, 2004-2016: an annotated list. The Weta, 53: 43-70
2448;0;Asia;Ctenoplusia limbirena;Oriental;2019;Emmerson, A. and Hoare, R. (2019). Lepidoptera from Redvale, Albany, north of Auckland, New Zealand, 2004-2016: an annotated list. The Weta, 53: 43-70
2449;0;Asia;Ctenoplusia limbirena;Palearctic;2019;Emmerson, A. and Hoare, R. (2019). Lepidoptera from Redvale, Albany, north of Auckland, New Zealand, 2004-2016: an annotated list. The Weta, 53: 43-70
2450;0;Asia;Ctenoplusia limbirena;Sino-Japanese;2019;Emmerson, A. and Hoare, R. (2019). Lepidoptera from Redvale, Albany, north of Auckland, New Zealand, 2004-2016: an annotated list. The Weta, 53: 43-70
2451;0;Europe;Ctenoplusia limbirena;Palearctic;2019;Emmerson, A. and Hoare, R. (2019). Lepidoptera from Redvale, Albany, north of Auckland, New Zealand, 2004-2016: an annotated list. The Weta, 53: 43-70
2452;0;Oceania;Ctenoplusia limbirena;Oceanina;2019;Emmerson, A. and Hoare, R. (2019). Lepidoptera from Redvale, Albany, north of Auckland, New Zealand, 2004-2016: an annotated list. The Weta, 53: 43-70
2453;0;Asia;Cyclophora obstataria;Oriental;1997;Holloway, J. (1997). The Moths of Borneo, Part 10 Geometridae, Subfamilies: Sterrhinae and Larentiinae. Southdene Sdn Bhd. Available online at: https://www.mothsofborneo.com/part-10/index.htm
2454;0;Europe;Cydia succedana;Palearctic;2002;Hill, R. and Gourlay, A. (2002). Host-range testing, introduction, and establishment of Cydia succedana (Lepidoptera: Tortricidae) for biological control of gorse, Ulex europaeus L., in New Zealand. Biological Control, 25(2): 173-186
2455;0;Australia;Erechthias capnitis;Australian;2020;Lee, D., Lee, B., Shin, Y., Lee, T., Cha, Y. and Bae, Y. (2020). A review of the genus Erechthias Meyrick (Lepidoptera, Tineidae), with two newly recorded species from Korea. Journal of Asia-Pacific Biodiversity, 13(4): 625-630
2456;0;Australia;Eutorna phaulocosma;Australian;1987;Charles, J., Dugdale, J. and White, V. (1987). Preliminary studies of Eutorna phaulocosma (Lepidoptera: Oecophoridae) in New Zealand. New Zealand journal of zoology, 14(4): 519-526
2457;0;Australia;Gauna aegusalis;Australian;2001;Hoare, R. (2001). Adventive species of Lepidoptera recorded for the first time in New Zealand since 1988. New Zealand Entomologist. 24: 23-47
2458;0;Europe;Glyphipterix simpliciella;Palearctic;2022;Mally, R., Turner, R., Blake, R., Fenn-Moltu, G., Bertelsmeier, C., Brockerhoff, E., ... and Liebhold, A. (2022), Moths and butterflies on alien shores - global biogeography of non-native Lepidoptera. Dryad, Dataset. Available at: https://doi.org/10.5061/dryad.31zcrjdnw
2459;0;Africa;Glyphodes onychinalis;Saharo-Arabian;2008;Solis, M. (2008). New sightings of Glyphodes onychinalis (Guenee)(Pyraloidea: Crambidae: Spilomelinae), a recent arrival to the United States with a description of the larva reared on oleander (Nerium sp.) in California. News of the Lepidopterists Society. 50(3/4): 79-80
2460;0;Asia;Glyphodes onychinalis;Saharo-Arabian;2008;Solis, M. (2008). New sightings of Glyphodes onychinalis (Guenee)(Pyraloidea: Crambidae: Spilomelinae), a recent arrival to the United States with a description of the larva reared on oleander (Nerium sp.) in California. News of the Lepidopterists Society. 50(3/4): 79-80
2461;0;Australia;Heliozela catoptrias;Australian;2001;Hoare, R. (2001). Adventive species of Lepidoptera recorded for the first time in New Zealand since 1988. New Zealand Entomologist. 24: 23-47
2462;0;Asia;Herpetogramma licarsisalis;Palearctic;2020;Roy, D., Alderman, D., Anastasiu, P., Arianoutsou, M., Augustin, S., Bacher, S., ... and Reyserhove, L., (2020). DAISIE - Delivering Alien Invasive Species Inventories for Europe. Available at: http://www.europe-aliens.org/
2463;0;Asia;Herpetogramma licarsisalis;Sino-Japanese;2020;Roy, D., Alderman, D., Anastasiu, P., Arianoutsou, M., Augustin, S., Bacher, S., ... and Reyserhove, L., (2020). DAISIE - Delivering Alien Invasive Species Inventories for Europe. Available at: http://www.europe-aliens.org/
2464;0;Australia;Isotenes miserana;Australian;2022;Mally, R., Turner, R., Blake, R., Fenn-Moltu, G., Bertelsmeier, C., Brockerhoff, E., ... and Liebhold, A. (2022), Moths and butterflies on alien shores - global biogeography of non-native Lepidoptera. Dryad, Dataset. Available at: https://doi.org/10.5061/dryad.31zcrjdnw
2465;0;Australia;Nyctemera amicus;Australian;2001;Hoare, R. (2001). Adventive species of Lepidoptera recorded for the first time in New Zealand since 1988. New Zealand Entomologist. 24: 23-47
2466;0;Africa;Oegoconia caradjai;Saharo-Arabian;2005;De Prins, W. (2005). Oegoconia caradjai, a new species for the Belgian fauna (Lepidoptera: Autostichidae). Phegea, 33: 12
2467;0;Asia;Oegoconia caradjai;Palearctic;2005;De Prins, W. (2005). Oegoconia caradjai, a new species for the Belgian fauna (Lepidoptera: Autostichidae). Phegea, 33: 12
2468;0;Europe;Oegoconia caradjai;Palearctic;2005;De Prins, W. (2005). Oegoconia caradjai, a new species for the Belgian fauna (Lepidoptera: Autostichidae). Phegea, 33: 12
2469;0;Australia;Pantydia sparsa;Australian;2011;Hoare, R. (2011). Lepidoptera of gumland heaths ‚Äî a threatened and rare ecosystem of northern New Zealand, New Zealand Entomologist, 34(1): 67-76
2470;0;Australia;Parochmastis hilderi;Australian;1998;Smithers, C. (1998). A species list and bibliography of the insects recorded from Norfolk Island. Australian Museum.
2471;0;Australia;Phalaenoides glycinae;Australian;2025;PaDIL (2025). The Pest and Disease Image Library (PaDIL). Available at: https://www.padil.gov.au/
2472;0;Europe;Platyedra subcinerea;Palearctic;2010;Lopez-Vaamonde, C., Agassiz, D., Augustin, S., De Prins, J., De Prins, W., Gomboc, S., ... and Lees, D. (2010). Lepidoptera. Chapter 11. BioRisk 4: 603-668
2473;0;Europe;Scrobipalpa obsoletella;Palearctic;2019;Bidzilya, O., Karsholt, O., Kravchenko, V. and Sumpich, J. (2019). An annotated checklist of Gelechiidae (Lepidoptera) of Israel with description of two new species. Zootaxa. 4677(1): 1-68
2474;0;Australia;Stericta carbonalis;Australian;2022;Mally, R., Turner, R., Blake, R., Fenn-Moltu, G., Bertelsmeier, C., Brockerhoff, E., ... and Liebhold, A. (2022), Moths and butterflies on alien shores - global biogeography of non-native Lepidoptera. Dryad, Dataset. Available at: https://doi.org/10.5061/dryad.31zcrjdnw
2475;0;Asia;Stigmella microtheriella;Palearctic;1988;Dugdale, J. (1988). Lepidoptera - annotated catalogue, and keys to family-group taxa. in Fauna of New Zealand vol. 14, Science Information Publishing Centre, DSIR. 264pp
2476;0;Europe;Stigmella microtheriella;Palearctic;1988;Dugdale, J. (1988). Lepidoptera - annotated catalogue, and keys to family-group taxa. in Fauna of New Zealand vol. 14, Science Information Publishing Centre, DSIR. 264pp
2477;0;North America;Symmetrischema striatella;Nearctic;2024;Austin, K. and Rubinoff, D. (2024). New records of introduced Lepidoptera in the Hawaiian Islands for the year 2023. Bishop Museum Occasional Papers 156: 111‚Äì121
2478;0;Asia;Caloptilia azaleella;Palearctic;2011;Sugiura, S. (2011). Structure and dynamics of the parasitoid community shared by two herbivore species on different host plants. Arthropod-Plant Interactions. 5: 29-38
2479;0;Africa;Zizina otis;Saharo-Arabian;2008;Yago, M., Hirai, N., Kondo, M., Tanikawa, T., Ishii, M., Wang, M., ... and Ueshima, R. (2008). Molecular systematics and biogeography of the genus Zizina (Lepidoptera: Lycaenidae). Zootaxa. 1746(1): 15-38
2480;0;Asia;Zizina otis;Palearctic;2017;Mengal, F., Khan, I., Rafi, M., Durrani, S., Qasim, M., Makai, G., ... and Jajja, N. (2017). Faunistics of Butterflies (Lepidoptera: Rephalocera) with some new records from Quetta, Bolochistan, Pakistan. University of Sindh Journal of Animal Sciences. 3(1): 26-35
2481;0;Europe;Zizina otis;Palearctic;2017;Mengal, F., Khan, I., Rafi, M., Durrani, S., Qasim, M., Makai, G., ... and Jajja, N. (2017). Faunistics of Butterflies (Lepidoptera: Rephalocera) with some new records from Quetta, Bolochistan, Pakistan. University of Sindh Journal of Animal Sciences. 3(1): 26-35
2482;0;South America;Amyelois transitella;Neotropical;2021;EFSA Panel on Plant Health (PLH), Bragard, C., Dehnen-Schmutz, K., Di Serio, F., Gonthier, P., Jacques, M., ... and MacLeod, A. (2021). Pest categorisation of Amyelois transitella. EFSA Journal. 19(6): 6666
2483;0;Asia;Prays citri;Oriental;2020;Roy, D., Alderman, D., Anastasiu, P., Arianoutsou, M., Augustin, S., Bacher, S., ... and Reyserhove, L., (2020). DAISIE - Delivering Alien Invasive Species Inventories for Europe. Available at: http://www.europe-aliens.org/
2484;0;Asia;Prays citri;Palearctic;2020;Roy, D., Alderman, D., Anastasiu, P., Arianoutsou, M., Augustin, S., Bacher, S., ... and Reyserhove, L., (2020). DAISIE - Delivering Alien Invasive Species Inventories for Europe. Available at: http://www.europe-aliens.org/
2485;0;Asia;Prays citri;Sino-Japanese;2020;Roy, D., Alderman, D., Anastasiu, P., Arianoutsou, M., Augustin, S., Bacher, S., ... and Reyserhove, L., (2020). DAISIE - Delivering Alien Invasive Species Inventories for Europe. Available at: http://www.europe-aliens.org/
2486;0;Africa;Chamaesphecia mysiniformis;Saharo-Arabian;1995;Sagliocco, J. and Coupland, J. (1995). Biology and host specificity of Chamaesphecia mysiniformis (Lepidoptera: Sesiidae), a potential biological control agent of Marrubium vulgare (Lamiaceae) in Australia. Biocontrol Science and Technology, 5(4): 509-516
2487;0;Europe;Chamaesphecia mysiniformis;Palearctic;1995;Sagliocco, J. and Coupland, J. (1995). Biology and host specificity of Chamaesphecia mysiniformis (Lepidoptera: Sesiidae), a potential biological control agent of Marrubium vulgare (Lamiaceae) in Australia. Biocontrol Science and Technology, 5(4): 509-516
2488;0;North America;Amorbia emigratella;Panamanian;1978;Zimmerman, E. (1978). Insects of Hawaii. Vol. 9 Microlepidoptera. Part I. The University Press of Hawaii, Honolulu.
2489;0;Africa;Amyna axis;Afrotropical;1999;Barnett, L., Emms, C. and Holloway, J. (1999). The moths of the Chagos Archipelago with notes on their biogeography. Journal of Natural History. 33(7): 1021‚Äì1038
2490;0;Asia;Amyna axis;Oriental;1999;Barnett, L., Emms, C. and Holloway, J. (1999). The moths of the Chagos Archipelago with notes on their biogeography. Journal of Natural History. 33(7): 1021‚Äì1038
2491;0;North America;Amyna axis;Panamanian;2010;Pogue, M. (2010). The Acontiinae and Eustrotiinae (Lepidoptera: Noctuidae) of Great Smoky Mountains National Park. Zootaxa. 2499: 1‚Äì20
2492;0;North America;Ascalapha odorata;Panamanian;2014;Ekrem, T., Kevan, P., Woodcock, T. and Hebert, P. (2014). The most northerly Black Witch (Ascalapha odorata): a tropical moth in the Canadian Arctic.¬†The Canadian Field-Naturalist.¬†128(1): 77-79
2493;0;Asia;Athetis thoracica;Oriental;2019;Irungbam, J. and Irungbam, M. (2019). Contributions to the knowledge of moths of Bombycoidea Latreille, 1802 (Lepidoptera: Heterocera) of Bhutan with new records. Journal of Threatened Taxa. 11(8): 14022-14050
2494;0;Asia;Athetis thoracica;Sino-Japanese;2019;Irungbam, J. and Irungbam, M. (2019). Contributions to the knowledge of moths of Bombycoidea Latreille, 1802 (Lepidoptera: Heterocera) of Bhutan with new records. Journal of Threatened Taxa. 11(8): 14022-14050
2495;0;Australia;Athetis thoracica;Australian;2019;Irungbam, J. and Irungbam, M. (2019). Contributions to the knowledge of moths of Bombycoidea Latreille, 1802 (Lepidoptera: Heterocera) of Bhutan with new records. Journal of Threatened Taxa. 11(8): 14022-14050
2496;0;Oceania;Athetis thoracica;Oceanina;2019;Irungbam, J. and Irungbam, M. (2019). Contributions to the knowledge of moths of Bombycoidea Latreille, 1802 (Lepidoptera: Heterocera) of Bhutan with new records. Journal of Threatened Taxa. 11(8): 14022-14050
2497;0;Africa;Bactra venosana;Saharo-Arabian;2015;Sohn, J., Park, K. and Cho, S. (2015). Seven species of Olethreutinae (Lepidoptera: Tortricidae) new to Korea. Journal of Asia-Pacific Biodiversity. 8(2): 133-138
2498;0;Africa;Callopistria maillardi;Saharo-Arabian;2010;Lopez-Vaamonde, C., Agassiz, D., Augustin, S., De Prins, J., De Prins, W., Gomboc, S., ... and Lees, D. (2010). Lepidoptera. Chapter 11. BioRisk 4: 603-668
2499;0;North America;Cyclophora nanaria;Nearctic;2001;"Vargas, H., Vargas, H., Bobadilla, D. and Parra, L. (2001). Notas sobre la polilla de la flor del olivo Cyclophora nanaria Walker (Lepidoptera: Geometridae; Sterrhinae). Idesia. 19: 25-33"
2500;0;North America;Cyclophora nanaria;Panamanian;2001;"Vargas, H., Vargas, H., Bobadilla, D. and Parra, L. (2001). Notas sobre la polilla de la flor del olivo Cyclophora nanaria Walker (Lepidoptera: Geometridae; Sterrhinae). Idesia. 19: 25-33"
2501;0;South America;Cyclophora nanaria;Neotropical;2001;"Vargas, H., Vargas, H., Bobadilla, D. and Parra, L. (2001). Notas sobre la polilla de la flor del olivo Cyclophora nanaria Walker (Lepidoptera: Geometridae; Sterrhinae). Idesia. 19: 25-33"
2502;0;Oceania;Erechthias penicillata;Oceanina;1978;Zimmerman, E. (1978). Insects of Hawaii. Vol. 9 Microlepidoptera. Part I. The University Press of Hawaii, Honolulu.
2503;0;Africa;Cnaphalocrocis medinalis;Afrotropical;2023;Gao, L., Yan, R., He, W. and Wu, K. (2023). Use of food attractant to monitor and forecast population dynamics of Cnaphalocrocis medinalis (Lepidoptera: Pyralidae), a long-distance migratory pest. Agronomy, 13(8): 2141
2504;0;Asia;Cnaphalocrocis medinalis;Oriental;2023;Gao, L., Yan, R., He, W. and Wu, K. (2023). Use of food attractant to monitor and forecast population dynamics of Cnaphalocrocis medinalis (Lepidoptera: Pyralidae), a long-distance migratory pest. Agronomy, 13(8): 2141
2505;0;Asia;Cnaphalocrocis medinalis;Sino-Japanese;2023;Gao, L., Yan, R., He, W. and Wu, K. (2023). Use of food attractant to monitor and forecast population dynamics of Cnaphalocrocis medinalis (Lepidoptera: Pyralidae), a long-distance migratory pest. Agronomy, 13(8): 2141
2506;0;Oceania;Dryadaula terpsichorella;Oceanina;2014;Lee, G., Hayden, J. and Kawahara, A. (2014). External egg morphology of the Hawaiian dancing moth, Dryadaula terpsichorella (Lepidoptera: Tineidae). Journal of Natural History. 48(15-16): 969-974
2507;0;South America;Elaphria nucicolora;Neotropical;1958;Zimmerman, E. (1958). Insects of Hawaii. Volume 7, Macrolepidoptera. Hawaii: University of Hawaii Press.
2508;0;North America;Elasmopalpus lignosella;Nearctic;2023;EFSA Panel on Plant Health (PLH), Bragard, C., Baptista, P., Chatzivassiliou, E., Di Serio, F., Gonthier, P., ... and Van der Werf, W. (2023). Pest risk assessment of Elasmopalpus lignosellus for the European Union. EFSA Journal. 21(5): e08004
2509;0;North America;Elasmopalpus lignosella;Oceanina;2023;EFSA Panel on Plant Health (PLH), Bragard, C., Baptista, P., Chatzivassiliou, E., Di Serio, F., Gonthier, P., ... and Van der Werf, W. (2023). Pest risk assessment of Elasmopalpus lignosellus for the European Union. EFSA Journal. 21(5): e08004
2510;0;South America;Elasmopalpus lignosella;Panamanian;2023;EFSA Panel on Plant Health (PLH), Bragard, C., Baptista, P., Chatzivassiliou, E., Di Serio, F., Gonthier, P., ... and Van der Werf, W. (2023). Pest risk assessment of Elasmopalpus lignosellus for the European Union. EFSA Journal. 21(5): e08004
2511;0;North America;Ephestiodes gilvescentella;Nearctic;2020;VanDyk, J., Sellers, E. and Bartlett, T. (2020). BugGuide - Identification, Images, & Information For Insects, Spiders & Their Kin For the United States & Canada. Version 1.5. United States Geological Survey.
2512;0;Australia;Erechthias simulans;Australian;1996;Clarke, J. (1986): Pyralidae and Microlepidoptera of the Marquesas Archipelago. Smithsonian Contributions to Zoology. 416: 1-485
2513;0;Oceania;Erechthias simulans;Oceanina;1996;Clarke, J. (1986): Pyralidae and Microlepidoptera of the Marquesas Archipelago. Smithsonian Contributions to Zoology. 416: 1-485
2514;0;Asia;Cnaphalocrocis poeyalis;Oriental;2025;PaDIL (2025). The Pest and Disease Image Library (PaDIL). Available at: https://www.padil.gov.au/
2515;0;Oceania;Cnaphalocrocis poeyalis;Oceanina;2025;PaDIL (2025). The Pest and Disease Image Library (PaDIL). Available at: https://www.padil.gov.au/
2516;0;Africa;Eublemma accedens;Afrotropical;2024;de Prins J. and de Prins W. (2024). Afromoths, online database of Afrotropical moth species (Lepidoptera). Available at: http://www.afromoths.net
2517;0;Africa;Eublemma accedens;Madagascan;2024;de Prins J. and de Prins W. (2024). Afromoths, online database of Afrotropical moth species (Lepidoptera). Available at: http://www.afromoths.net
2518;0;Asia;Eublemma accedens;Oriental;2024;de Prins J. and de Prins W. (2024). Afromoths, online database of Afrotropical moth species (Lepidoptera). Available at: http://www.afromoths.net
2519;0;Australia;Eublemma accedens;Australian;2024;de Prins J. and de Prins W. (2024). Afromoths, online database of Afrotropical moth species (Lepidoptera). Available at: http://www.afromoths.net
2520;0;Oceania;Eublemma accedens;Oceanina;2024;de Prins J. and de Prins W. (2024). Afromoths, online database of Afrotropical moth species (Lepidoptera). Available at: http://www.afromoths.net
2521;0;North America;Feltia subterranea;Nearctic;2014;Prestes, A. (2014). A New Exotic Noctuid for the Hawaiian Archipelago: Feltia subterranea (Fabricius) (Lepidoptera: Noctuidae: Noctuinae). The Journal of the Lepidopterists Society. 68(3): 220-221
2522;0;North America;Feltia subterranea;Panamanian;2014;Prestes, A. (2014). A New Exotic Noctuid for the Hawaiian Archipelago: Feltia subterranea (Fabricius) (Lepidoptera: Noctuidae: Noctuinae). The Journal of the Lepidopterists Society. 68(3): 220-221
2523;0;South America;Feltia subterranea;Neotropical;2014;Prestes, A. (2014). A New Exotic Noctuid for the Hawaiian Archipelago: Feltia subterranea (Fabricius) (Lepidoptera: Noctuidae: Noctuinae). The Journal of the Lepidopterists Society. 68(3): 220-221
2524;0;Asia;Gymnoscelis rufifasciata;Palearctic;1991;Argaman, Q. and Wysoki, M. (1991). The flower-eating Gymnoscelis (Lep. Geometridae) in Israel. Tropical Pest Management. 37(2): 185
2525;0;Europe;Gymnoscelis rufifasciata;Palearctic;1991;Argaman, Q. and Wysoki, M. (1991). The flower-eating Gymnoscelis (Lep. Geometridae) in Israel. Tropical Pest Management. 37(2): 185
2526;0;South America;Helicoverpa zea;Neotropical;2020;Zhao, H., Xian, X., Zhao, Z., Zhang, G., Liu, W. and Wan, F. (2020). Climate Change Increases the Expansion Risk of Helicoverpa zea in China According to Potential Geographical Distribution Estimation. Insects. 13: 79
2527;0;South America;Helicoverpa zea;Panamanian;2020;Zhao, H., Xian, X., Zhao, Z., Zhang, G., Liu, W. and Wan, F. (2020). Climate Change Increases the Expansion Risk of Helicoverpa zea in China According to Potential Geographical Distribution Estimation. Insects. 13: 79
2528;0;Asia;Hippotion rosetta;Oriental;1987;Holloway, J. (1987). Moths of Borneo 3. Superfamily Bombycoidea: Families Lasiocampidae, Eupterotidae, Bombycidae, Brahmaeidae, Saturnidae, Sphingidae. Southene Sdn Bhd.
2529;0;Asia;Hippotion rosetta;Sino-Japanese;1987;Holloway, J. (1987). Moths of Borneo 3. Superfamily Bombycoidea: Families Lasiocampidae, Eupterotidae, Bombycidae, Brahmaeidae, Saturnidae, Sphingidae. Southene Sdn Bhd.
2530;0;Australia;Hippotion rosetta;Australian;1987;Holloway, J. (1987). Moths of Borneo 3. Superfamily Bombycoidea: Families Lasiocampidae, Eupterotidae, Bombycidae, Brahmaeidae, Saturnidae, Sphingidae. Southene Sdn Bhd.
2531;0;Oceania;Hippotion rosetta;Oceanina;1987;Holloway, J. (1987). Moths of Borneo 3. Superfamily Bombycoidea: Families Lasiocampidae, Eupterotidae, Bombycidae, Brahmaeidae, Saturnidae, Sphingidae. Southene Sdn Bhd.
2532;0;North America;Hylephila phyleus;Nearctic;2018;Griffith, T. and Gillett-Kaufman, J. (2018). Fiery Skipper Hylephila phyleus (Drury)(Insecta: Lepidoptera: Hesperiidae): EENY-697/IN1194, 12/2017. EDIS, 2018(1):1-4
2533;0;North America;Hylephila phyleus;Panamanian;2018;Griffith, T. and Gillett-Kaufman, J. (2018). Fiery Skipper Hylephila phyleus (Drury)(Insecta: Lepidoptera: Hesperiidae): EENY-697/IN1194, 12/2017. EDIS, 2018(1):1-4
2534;0;South America;Hylephila phyleus;Neotropical;2018;Griffith, T. and Gillett-Kaufman, J. (2018). Fiery Skipper Hylephila phyleus (Drury)(Insecta: Lepidoptera: Hesperiidae): EENY-697/IN1194, 12/2017. EDIS, 2018(1):1-4
2535;0;Asia;Hypena strigatus;Saharo-Arabian;2013;Kononenko, V. and Pinratana, A. (2013). Moths of Thailand. Noctuoidea. An illustrated Catalogue of Erebidae, Nolidae, Euteliidae and Noctuidae (Insecta, Lepidoptera) in Thailand. Brothers of St. Gabriel in Thailand. Bangkok.
2536;0;Africa;Hypsopygia mauritialis;Afrotropical;1958;Zimmerman, E. (1958). Insects of Hawaii. Volume 8, Lepidoptera: Pyraloidea. Hawaii: University of Hawaii Press.
2537;0;Africa;Hypsopygia mauritialis;Madagascan;1958;Zimmerman, E. (1958). Insects of Hawaii. Volume 8, Lepidoptera: Pyraloidea. Hawaii: University of Hawaii Press.
2538;0;Asia;Hypsopygia mauritialis;Oriental;1958;Zimmerman, E. (1958). Insects of Hawaii. Volume 8, Lepidoptera: Pyraloidea. Hawaii: University of Hawaii Press.
2539;0;Asia;Hypsopygia mauritialis;Sino-Japanese;1958;Zimmerman, E. (1958). Insects of Hawaii. Volume 8, Lepidoptera: Pyraloidea. Hawaii: University of Hawaii Press.
2540;0;Australia;Hypsopygia mauritialis;Australian;1958;Zimmerman, E. (1958). Insects of Hawaii. Volume 8, Lepidoptera: Pyraloidea. Hawaii: University of Hawaii Press.
2541;0;Oceania;Hypsopygia mauritialis;Oceanina;1958;Zimmerman, E. (1958). Insects of Hawaii. Volume 8, Lepidoptera: Pyraloidea. Hawaii: University of Hawaii Press.
2542;0;Asia;Imma mylias;Oriental;2022;Mally, R., Turner, R., Blake, R., Fenn-Moltu, G., Bertelsmeier, C., Brockerhoff, E., ... and Liebhold, A. (2022), Moths and butterflies on alien shores - global biogeography of non-native Lepidoptera. Dryad, Dataset. Available at: https://doi.org/10.5061/dryad.31zcrjdnw
2543;0;South America;Keiferia lycopersicella;Neotropical;2020;Roy, D., Alderman, D., Anastasiu, P., Arianoutsou, M., Augustin, S., Bacher, S., ... and Reyserhove, L., (2020). DAISIE - Delivering Alien Invasive Species Inventories for Europe. Available at: http://www.europe-aliens.org/
2544;0;Australia;Leucania scottii;Australian;2021;Turner, R., Blake, R., Mally, R., and Liebhold, A. (2024). International Non-native Insect Establishment Data (0.2.1) [Data set]. Zenodo.
2545;0;Africa;Cochylis atricapitana;Saharo-Arabian;2013;Turner, S. and Cesselli, S. (2013). Operational field guide to the establishment of tansy ragwort biocontrol agents in British Columbia. Prov. B.C. Victoria, B.C.
2546;0;Europe;Cochylis atricapitana;Palearctic;2013;Sun, Y. and Li, H. (2013). Cochylis Treitschke in China: one new species and five new records (Lepidoptera, Tortricidae, Cochylini). ZooKeys. 258: 85‚Äì96
2547;0;North America;Lioptilodes parvus;Nearctic;1991;Gielis, C. (1991). Review of the Pterophoridae (Lepidoptera) from Argentina and Chile. Zoologische Mededelingen. 269: 4-164
2548;0;South America;Lioptilodes parvus;Neotropical;1991;Gielis, C. (1991). Review of the Pterophoridae (Lepidoptera) from Argentina and Chile. Zoologische Mededelingen. 269: 4-164
2549;0;North America;Lorita scarificata;Nearctic;2020;VanDyk, J., Sellers, E. and Bartlett, T. (2020). BugGuide - Identification, Images, & Information For Insects, Spiders & Their Kin For the United States & Canada. Version 1.5. United States Geological Survey.
2550;0;North America;Lorita scarificata;Panamanian;2020;VanDyk, J., Sellers, E. and Bartlett, T. (2020). BugGuide - Identification, Images, & Information For Insects, Spiders & Their Kin For the United States & Canada. Version 1.5. United States Geological Survey.
2551;0;South America;Lorita scarificata;Neotropical;2020;VanDyk, J., Sellers, E. and Bartlett, T. (2020). BugGuide - Identification, Images, & Information For Insects, Spiders & Their Kin For the United States & Canada. Version 1.5. United States Geological Survey.
2552;0;Asia;Macroglossum pyrrhosticta;Oriental;2024;Pittaway, A. and Kitching, I. (2024). Sphingidae of the Eastern Palaearctic (including Siberia, the Russian Far East, Mongolia, China, Taiwan, the Korean Peninsula and Japan). Available at: https://tpittaway.tripod.com/china/china.htm
2553;0;Asia;Macroglossum pyrrhosticta;Palearctic;2024;Pittaway, A. and Kitching, I. (2024). Sphingidae of the Eastern Palaearctic (including Siberia, the Russian Far East, Mongolia, China, Taiwan, the Korean Peninsula and Japan). Available at: https://tpittaway.tripod.com/china/china.htm
2554;0;Asia;Macroglossum pyrrhosticta;Sino-Japanese;2024;Pittaway, A. and Kitching, I. (2024). Sphingidae of the Eastern Palaearctic (including Siberia, the Russian Far East, Mongolia, China, Taiwan, the Korean Peninsula and Japan). Available at: https://tpittaway.tripod.com/china/china.htm
2555;0;North America;Megalographa biloba;Nearctic;2009;Lafontaine, J. and Sullivan, J. (2009). A review of the genus Megalographa Lafontaine and Poole (Lepidoptera: Noctuidae: Plusiinae) with the description of a new species from Costa Rica. Insecta Mundi. 0077: 1-10
2556;0;North America;Megalographa biloba;Panamanian;2009;Lafontaine, J. and Sullivan, J. (2009). A review of the genus Megalographa Lafontaine and Poole (Lepidoptera: Noctuidae: Plusiinae) with the description of a new species from Costa Rica. Insecta Mundi. 0077: 1-10
2557;0;South America;Megalographa biloba;Neotropical;2009;Lafontaine, J. and Sullivan, J. (2009). A review of the genus Megalographa Lafontaine and Poole (Lepidoptera: Noctuidae: Plusiinae) with the description of a new species from Costa Rica. Insecta Mundi. 0077: 1-10
2558;0;Europe;Coleophora alcyonipennella;Palearctic;1993;Landry, J. and Wright, B. (1993). Systematics of the Nearctic species of metallic-green Coleophora (Lepidoptera: Coleophoridae). The Canadian Entomologist, 125(3): 549-618
2559;0;Africa;Pandesma anysa;Afrotropical;2024;de Prins J. and de Prins W. (2024). Afromoths, online database of Afrotropical moth species (Lepidoptera). Available at: http://www.afromoths.net
2560;0;Africa;Pandesma anysa;Saharo-Arabian;2024;de Prins J. and de Prins W. (2024). Afromoths, online database of Afrotropical moth species (Lepidoptera). Available at: http://www.afromoths.net
2561;0;Asia;Pandesma anysa;Oriental;2024;de Prins J. and de Prins W. (2024). Afromoths, online database of Afrotropical moth species (Lepidoptera). Available at: http://www.afromoths.net
2562;0;Africa;Parapoynx fluctuosalis;Afrotropical;2020;Roy, D., Alderman, D., Anastasiu, P., Arianoutsou, M., Augustin, S., Bacher, S., ... and Reyserhove, L., (2020). DAISIE - Delivering Alien Invasive Species Inventories for Europe. Available at: http://www.europe-aliens.org/
2563;0;Africa;Parapoynx fluctuosalis;Madagascan;2020;Roy, D., Alderman, D., Anastasiu, P., Arianoutsou, M., Augustin, S., Bacher, S., ... and Reyserhove, L., (2020). DAISIE - Delivering Alien Invasive Species Inventories for Europe. Available at: http://www.europe-aliens.org/
2564;0;Asia;Parapoynx fluctuosalis;Oriental;2020;Roy, D., Alderman, D., Anastasiu, P., Arianoutsou, M., Augustin, S., Bacher, S., ... and Reyserhove, L., (2020). DAISIE - Delivering Alien Invasive Species Inventories for Europe. Available at: http://www.europe-aliens.org/
2565;0;Asia;Parapoynx fluctuosalis;Palearctic;2020;Roy, D., Alderman, D., Anastasiu, P., Arianoutsou, M., Augustin, S., Bacher, S., ... and Reyserhove, L., (2020). DAISIE - Delivering Alien Invasive Species Inventories for Europe. Available at: http://www.europe-aliens.org/
2566;0;Asia;Parapoynx fluctuosalis;Sino-Japanese;2020;Roy, D., Alderman, D., Anastasiu, P., Arianoutsou, M., Augustin, S., Bacher, S., ... and Reyserhove, L., (2020). DAISIE - Delivering Alien Invasive Species Inventories for Europe. Available at: http://www.europe-aliens.org/
2567;0;Africa;Comostolopsis germana;Afrotropical;1989;Adair, R. and Scott, J. (1989). The life-history and host specificity of Comostolopsis germana Prout (Lepidoptera: Geometridae), a biological control agent of Chrysanthemoides monilifera (Compositae). Bulletin of Entomological Research, 79(4): 649-657
2568;0;North America;Phoebis agarithe;Nearctic;1978;Scott, J. (1986). Distribution of Caribbean Butterflies. Papilio. 3: 1-26.
2569;0;North America;Phoebis agarithe;Panamanian;1978;Scott, J. (1986). Distribution of Caribbean Butterflies. Papilio. 3: 1-26.
2570;0;South America;Phoebis agarithe;Neotropical;1978;Scott, J. (1986). Distribution of Caribbean Butterflies. Papilio. 3: 1-26.
2571;0;Asia;Polydesma boarmoides;Oriental;2005;Holloway, J. (2005). The Moths of Borneo, Parts 15 & 16 Noctuidae: Catocalinae. Southdene Sdn Bhd. Available online at: https://www.mothsofborneo.com/part-15-16/index.htm
2572;0;Australia;Polydesma boarmoides;Australian;2005;Holloway, J. (2005). The Moths of Borneo, Parts 15 & 16 Noctuidae: Catocalinae. Southdene Sdn Bhd. Available online at: https://www.mothsofborneo.com/part-15-16/index.htm
2573;0;Oceania;Polydesma boarmoides;Oceanina;2005;Holloway, J. (2005). The Moths of Borneo, Parts 15 & 16 Noctuidae: Catocalinae. Southdene Sdn Bhd. Available online at: https://www.mothsofborneo.com/part-15-16/index.htm
2574;0;Africa;Polydesma umbricola;Afrotropical;1965;Arthur, M. (1965). Ecological studies on Polydesma umbricola Boisd. in Hawaii (Lepidoptera: Noctuidae). University of Hawaii (Doctoral dissertation [Honolulu])
2575;0;Africa;Polydesma umbricola;Madagascan;1965;Arthur, M. (1965). Ecological studies on Polydesma umbricola Boisd. in Hawaii (Lepidoptera: Noctuidae). University of Hawaii (Doctoral dissertation [Honolulu])
2576;0;Asia;Polydesma umbricola;Oriental;1965;Arthur, M. (1965). Ecological studies on Polydesma umbricola Boisd. in Hawaii (Lepidoptera: Noctuidae). University of Hawaii (Doctoral dissertation [Honolulu])
2577;0;Asia;Polydesma umbricola;Sino-Japanese;1965;Arthur, M. (1965). Ecological studies on Polydesma umbricola Boisd. in Hawaii (Lepidoptera: Noctuidae). University of Hawaii (Doctoral dissertation [Honolulu])
2578;0;Oceania;Polydesma umbricola;Oceanina;1965;Arthur, M. (1965). Ecological studies on Polydesma umbricola Boisd. in Hawaii (Lepidoptera: Noctuidae). University of Hawaii (Doctoral dissertation [Honolulu])
2579;0;Asia;Schreckensteinia festaliella;Palearctic;2020;VanDyk, J., Sellers, E. and Bartlett, T. (2020). BugGuide - Identification, Images, & Information For Insects, Spiders & Their Kin For the United States & Canada. Version 1.5. United States Geological Survey.
2580;0;Europe;Schreckensteinia festaliella;Palearctic;2020;VanDyk, J., Sellers, E. and Bartlett, T. (2020). BugGuide - Identification, Images, & Information For Insects, Spiders & Their Kin For the United States & Canada. Version 1.5. United States Geological Survey.
2581;0;Oceania;Spodoptera mauritia;Oceanina;1956;Fletcher, D. (1956). Spodoptera mauritia (Boisduval) and S. triturata (Walker), two distinct species. Bulletin of Entomological Research. 47(2): 215-217
2582;0;Africa;Stenoptilodes taprobanes;Afrotropical;2009;Gielis, C. and Karsholt, O. (2009). Additional records of Pterophoridae from the Cape Verde Islands, with description of a new species of Agdistis H√ºbner. Nota lepidopterologica, 32(2): 139-144
2583;0;Asia;Stictoptera cucullioides;Oriental;1985;Holloway, J. (1985). Moths of Borneo 14. Family Noctuidae. Subfamily: Euteliinae, Stictopterinae, Plusinae, Pantheinae. Malayan Nature Journal. Available at: https://www.mothsofborneo.com/part-14/index.htm
2584;0;Australia;Stictoptera cucullioides;Australian;1985;Holloway, J. (1985). Moths of Borneo 14. Family Noctuidae. Subfamily: Euteliinae, Stictopterinae, Plusinae, Pantheinae. Malayan Nature Journal. Available at: https://www.mothsofborneo.com/part-14/index.htm
2585;0;Oceania;Stictoptera cucullioides;Oceanina;1985;Holloway, J. (1985). Moths of Borneo 14. Family Noctuidae. Subfamily: Euteliinae, Stictopterinae, Plusinae, Pantheinae. Malayan Nature Journal. Available at: https://www.mothsofborneo.com/part-14/index.htm
2586;0;Oceania;Stoeberhinus testaceus;Oceanina;1996;Clarke, J. (1986): Pyralidae and Microlepidoptera of the Marquesas Archipelago. Smithsonian Contributions to Zoology. 416: 1-485
2587;0;North America;Strymon bazochii;Panamanian;2014;Silva, N., Duarte, M., Araujo, E. and Morais, H. (2014). Larval biology of anthophagous Eumaeini (Lepidoptera: Lycaenidae, Theclinae) in the Cerrado of central Brazil. Journal of Insect Science. 14(184): 1-17
2588;0;Asia;Targalla delatrix;Oriental;2014;Watabiki, D. and Yoshimatsu, S. (2014). Taxonomic study of Targalla delatrix (Guenee) and its close relatives from East and Southeast Asia with description of a new species (Lepidoptera: Euteliidae). Lepidoptera Science, 65(4): 158-178
2589;0;Australia;Targalla delatrix;Australian;2014;Watabiki, D. and Yoshimatsu, S. (2014). Taxonomic study of Targalla delatrix (Guenee) and its close relatives from East and Southeast Asia with description of a new species (Lepidoptera: Euteliidae). Lepidoptera Science, 65(4): 158-178
2590;0;Oceania;Targalla delatrix;Oceanina;2014;Watabiki, D. and Yoshimatsu, S. (2014). Taxonomic study of Targalla delatrix (Guenee) and its close relatives from East and Southeast Asia with description of a new species (Lepidoptera: Euteliidae). Lepidoptera Science, 65(4): 158-178
2591;0;Asia;Trissodoris honorariella;Oriental;1978;Zimmerman, E. (1978). Insects of Hawaii. Vol. 9 Microlepidoptera. Part II. The University Press of Hawaii, Honolulu.
2592;0;Oceania;Trissodoris honorariella;Oceanina;1978;Zimmerman, E. (1978). Insects of Hawaii. Vol. 9 Microlepidoptera. Part II. The University Press of Hawaii, Honolulu.
2593;0;Oceania;Uresiphita polygonalis;Oceanina;1997;Leen, R. (1997). Larval hosts of Uresiphita, Hubner (Crambidae), Journal of the Lepidopterists Society. 51(2): 139-148
2594;0;North America;Usingeriessa onyxalis;Panamanian;1995;Munroe, E. (1995). Usingeriessa onyxalis (Dyar) (Lepidoptera: Crambidae: Nymphulinae), a Moth With Presumably Aquatic Larvae, Newly Recorded From Hawaii, With a Synopsis of Hawaiian Nymphulinae. Bishop Museum Occasional Papers. 42: 39‚Äì42
2595;0;Africa;Crocidolomia pavonana;Afrotropical;2011;Ale, B., Zalucki, M. and Furlong, M. (2011). Host plant selection by Crocidolomia pavonana F. (Lepidoptera: Crambidae): effect of herbivory and adult experience. The 6th International Workshop on Management of the Diamondback Moth and Other Crucifer Insect Pests. 70-75
2596;0;Asia;Crocidolomia pavonana;Oriental;2011;Ale, B., Zalucki, M. and Furlong, M. (2011). Host plant selection by Crocidolomia pavonana F. (Lepidoptera: Crambidae): effect of herbivory and adult experience. The 6th International Workshop on Management of the Diamondback Moth and Other Crucifer Insect Pests. 70-75
2597;0;Asia;Acleris undulana;Oriental;2010;Lopez-Vaamonde, C., Agassiz, D., Augustin, S., De Prins, J., De Prins, W., Gomboc, S., ... and Lees, D. (2010). Lepidoptera. Chapter 11. BioRisk 4: 603-668
2598;0;Asia;Acleris undulana;Palearctic;2010;Lopez-Vaamonde, C., Agassiz, D., Augustin, S., De Prins, J., De Prins, W., Gomboc, S., ... and Lees, D. (2010). Lepidoptera. Chapter 11. BioRisk 4: 603-668
2599;0;Asia;Acleris undulana;Sino-Japanese;2010;Lopez-Vaamonde, C., Agassiz, D., Augustin, S., De Prins, J., De Prins, W., Gomboc, S., ... and Lees, D. (2010). Lepidoptera. Chapter 11. BioRisk 4: 603-668
2600;0;North America;Acontia candefacta;Nearctic;2017;Stojanovic, D., Vajgand, D., Radovic, D., Curcic, N. and Curcic, S. (2017). Expansion of the range of the introduced moth Acontia candefacta in southeastern Europe. Bulletin of Insectology. 70(1), 111-120
2601;0;Asia;Anatrachyntis simplex;Oriental;2020;Roy, D., Alderman, D., Anastasiu, P., Arianoutsou, M., Augustin, S., Bacher, S., ... and Reyserhove, L., (2020). DAISIE - Delivering Alien Invasive Species Inventories for Europe. Available at: http://www.europe-aliens.org/
2602;0;Asia;Anatrachyntis simplex;Palearctic;2020;Roy, D., Alderman, D., Anastasiu, P., Arianoutsou, M., Augustin, S., Bacher, S., ... and Reyserhove, L., (2020). DAISIE - Delivering Alien Invasive Species Inventories for Europe. Available at: http://www.europe-aliens.org/
2603;0;Asia;Anatrachyntis simplex;Sino-Japanese;2020;Roy, D., Alderman, D., Anastasiu, P., Arianoutsou, M., Augustin, S., Bacher, S., ... and Reyserhove, L., (2020). DAISIE - Delivering Alien Invasive Species Inventories for Europe. Available at: http://www.europe-aliens.org/
2604;0;Africa;Araeopteron ecphaea;Saharo-Arabian;2001;Fibiger, M. and Agassiz, D. (2001). Araeopteron ecphaea, a small noctuid moth in the West Palaearctic (Noctuidae: Acontiinae). Nota lepidopterologica. 24(1): 29-35
2605;0;North America;Borkhausenia nefrax;Nearctic;2010;Lopez-Vaamonde, C., Agassiz, D., Augustin, S., De Prins, J., De Prins, W., Gomboc, S., ... and Lees, D. (2010). Lepidoptera. Chapter 11. BioRisk 4: 603-668
2606;0;Australia;Cryptoblabes adoceta;Australian;2023;Austin, K. and Rubinoff, D. (2023). New records of introduced Lepidoptera in the Hawaiian Islands for the year 2022. Bishop Museum Occasional Papers 148: 175‚Äì184
2607;0;Asia;Diplopseustis perieresalis;Palearctic;2006;Speidel, W., Nieukerken, E., Honey, M. and Koster, S. (2006). The exotic pyraloid moth Diplopseustis perieresalis (Walker) expanding in the West Palaearctic Region (Crambidae: Spilomelinae). Nota lepiderologica. 29(3): 185‚Äì192
2608;0;Africa;Epinotia cedricida;Saharo-Arabian;2020;Roy, D., Alderman, D., Anastasiu, P., Arianoutsou, M., Augustin, S., Bacher, S., ... and Reyserhove, L., (2020). DAISIE - Delivering Alien Invasive Species Inventories for Europe. Available at: http://www.europe-aliens.org/
2609;0;North America;Eustixia pupula;Nearctic;2020;Roy, D., Alderman, D., Anastasiu, P., Arianoutsou, M., Augustin, S., Bacher, S., ... and Reyserhove, L., (2020). DAISIE - Delivering Alien Invasive Species Inventories for Europe. Available at: http://www.europe-aliens.org/
2610;0;Asia;Haplochrois theae;Oriental;2020;Roy, D., Alderman, D., Anastasiu, P., Arianoutsou, M., Augustin, S., Bacher, S., ... and Reyserhove, L., (2020). DAISIE - Delivering Alien Invasive Species Inventories for Europe. Available at: http://www.europe-aliens.org/
2611;0;Asia;Haplochrois theae;Palearctic;2020;Roy, D., Alderman, D., Anastasiu, P., Arianoutsou, M., Augustin, S., Bacher, S., ... and Reyserhove, L., (2020). DAISIE - Delivering Alien Invasive Species Inventories for Europe. Available at: http://www.europe-aliens.org/
2612;0;Europe;Cydia pomonella;Palearctic;2024;Mahi, T., Harizia, A., Canelo, T., Benguerai, A. and Bonal, R. (2024). Tracing the origin of the alien pest Cydia pomonella in Algeria through a worldwide comparison of the species‚Äô DNA barcodes. Agricultural and Forest Entomology. 1-11
2613;0;Australia;Musotima nitidalis;Australian;2024;Sterling, M., Barclay, M. and Lees, D. (2024). The genome sequence of the Golden-brown Fern moth, Musotima nitidalis (Walker,[1866]). Wellcome Open Research, 9: 132
2614;0;Africa;Phycita diaphana;Saharo-Arabian;2015;Zilli, A. and Pavesi, F. (2015). new or little known Pyraloids from Italy (Lepidoptera: Pyraloidea). Phegea. 43(3): 81-96
2615;0;Asia;Phycita diaphana;Palearctic;2015;Zilli, A. and Pavesi, F. (2015). new or little known Pyraloids from Italy (Lepidoptera: Pyraloidea). Phegea. 43(3): 81-96
2616;0;Asia;Phycita diaphana;Saharo-Arabian;2015;Zilli, A. and Pavesi, F. (2015). new or little known Pyraloids from Italy (Lepidoptera: Pyraloidea). Phegea. 43(3): 81-96
2617;0;Asia;Phycita diaphana;Sino-Japanese;2015;Zilli, A. and Pavesi, F. (2015). new or little known Pyraloids from Italy (Lepidoptera: Pyraloidea). Phegea. 43(3): 81-96
2618;0;North America;Phyllocnistis vitegenella;Nearctic;2016;Ureche, C. (2016). First record of a new alien invasive species in Romania: Phyllocnistis vitegenella Clemens (Lepidoptera: Gracillariidae). Acta Oecologica Carpatica. 9: 133-138
2619;0;Europe;Phyllonorycter platani;Palearctic;2018;Toth, V. and Lakatos, F. (2018). Phylogeographic pattern of the plane leaf miner, Phyllonorycter platani (STAUDINGER, 1870)(Lepidoptera: Gracillariidae) in Europe. BMC Evolutionary Biology. 18: 1-12
2620;0;Asia;Prays peregrina;Oriental;2007;Agassiz, D. (2007). Prays peregrina sp. n. (Yponomeutidae) a presumed adventive species in Greater London. Nota Lepidopterologica. 30(2): 407‚Äì410
2621;0;Asia;Scythris sinensis;Palearctic;2019;Tsvetanov, T. and Zlatkov, B. (2019). Scythris sinensis (Felder & Rogenhofer, 1875), a new species for Bulgaria and the Balkan Peninsula (Insecta: Lepidoptera: Scythrididae). ZooNotes. 146: 1-2
2622;0;Europe;Scythris sinensis;Palearctic;2019;Tsvetanov, T. and Zlatkov, B. (2019). Scythris sinensis (Felder & Rogenhofer, 1875), a new species for Bulgaria and the Balkan Peninsula (Insecta: Lepidoptera: Scythrididae). ZooNotes. 146: 1-2
2623;0;Asia;Agassiziella angulipennis;Palearctic;2020;Roy, D., Alderman, D., Anastasiu, P., Arianoutsou, M., Augustin, S., Bacher, S., ... and Reyserhove, L., (2020). DAISIE - Delivering Alien Invasive Species Inventories for Europe. Available at: http://www.europe-aliens.org/
2624;0;Asia;Agassiziella angulipennis;Sino-Japanese;2020;Roy, D., Alderman, D., Anastasiu, P., Arianoutsou, M., Augustin, S., Bacher, S., ... and Reyserhove, L., (2020). DAISIE - Delivering Alien Invasive Species Inventories for Europe. Available at: http://www.europe-aliens.org/
2625;0;Asia;Deanolis sublimbalis;Oriental;2009;Royer, J. (2009). Spread of red-banded mango caterpillar, Deanolis sublimbalis Snellen (Lepidoptera: Pyralidae), in Cape York Peninsula, Australia. The Australian Entomologist, 36(3): 119-130
2626;0;Asia;Chrysodeixis eriosoma;Sino-Japanese;1979;Roberts, L. (1979). Biology of Chrysodeixis eriosoma (Lepidoptera: Noctuidae) in New Zealand. New Zealand Entomologist. 7(1): 52-58
2627;0;North America;Coptodisca juglandiella;Nearctic;2020;Takacs, A., Szaboky, C., Toth, B., Bozso, M., Kutas, J., Molnar, S. and Richter, I. (2020). Nearctic walnut leafminers invade Europe: first Coptodisca lucifluella (Clemens, 1860) and now Coptodisca juglandiella (Chambers, 1874)(Lepidoptera, Heliozelidae). Nota lepidopterologica. 43: 77-93
2628;0;Africa;Epinotia algeriensis;Afrotropical;2010;Lopez-Vaamonde, C., Agassiz, D., Augustin, S., De Prins, J., De Prins, W., Gomboc, S., ... and Lees, D. (2010). Lepidoptera. Chapter 11. BioRisk 4: 603-668
2629;0;Africa;Lozotaenia cedrivora;Afrotropical;2020;Roy, D., Alderman, D., Anastasiu, P., Arianoutsou, M., Augustin, S., Bacher, S., ... and Reyserhove, L., (2020). DAISIE - Delivering Alien Invasive Species Inventories for Europe. Available at: http://www.europe-aliens.org/
2630;0;Africa;Lozotaenia cedrivora;Saharo-Arabian;2020;Roy, D., Alderman, D., Anastasiu, P., Arianoutsou, M., Augustin, S., Bacher, S., ... and Reyserhove, L., (2020). DAISIE - Delivering Alien Invasive Species Inventories for Europe. Available at: http://www.europe-aliens.org/
2631;0;Asia;Diacrotricha fasciola;Oriental;2015;Anderson, S., Bellis, G., Thistleton, B., Tran-Nguyen, L., Edwards, T., Hobern, D., ... and Walker, J. (2015). New distribution records of the Star Fruit Flower Moth (Diacrotricha fasciola)(Lepidoptera: Pterophoridae) in Australia and Timor-Leste. Northern Territory Naturalist, 26: 76-84
2632;0;Africa;Parapoynx diminutalis;Afrotropical;2020;Roy, D., Alderman, D., Anastasiu, P., Arianoutsou, M., Augustin, S., Bacher, S., ... and Reyserhove, L., (2020). DAISIE - Delivering Alien Invasive Species Inventories for Europe. Available at: http://www.europe-aliens.org/
2633;0;Asia;Parapoynx diminutalis;Oriental;2020;Roy, D., Alderman, D., Anastasiu, P., Arianoutsou, M., Augustin, S., Bacher, S., ... and Reyserhove, L., (2020). DAISIE - Delivering Alien Invasive Species Inventories for Europe. Available at: http://www.europe-aliens.org/
2634;0;Asia;Parapoynx diminutalis;Palearctic;2020;Roy, D., Alderman, D., Anastasiu, P., Arianoutsou, M., Augustin, S., Bacher, S., ... and Reyserhove, L., (2020). DAISIE - Delivering Alien Invasive Species Inventories for Europe. Available at: http://www.europe-aliens.org/
2635;0;Asia;Parapoynx diminutalis;Sino-Japanese;2020;Roy, D., Alderman, D., Anastasiu, P., Arianoutsou, M., Augustin, S., Bacher, S., ... and Reyserhove, L., (2020). DAISIE - Delivering Alien Invasive Species Inventories for Europe. Available at: http://www.europe-aliens.org/
2636;0;Asia;Parapoynx polydectalis;Oriental;2020;Roy, D., Alderman, D., Anastasiu, P., Arianoutsou, M., Augustin, S., Bacher, S., ... and Reyserhove, L., (2020). DAISIE - Delivering Alien Invasive Species Inventories for Europe. Available at: http://www.europe-aliens.org/
2637;0;Australia;Parapoynx polydectalis;Australian;2020;Roy, D., Alderman, D., Anastasiu, P., Arianoutsou, M., Augustin, S., Bacher, S., ... and Reyserhove, L., (2020). DAISIE - Delivering Alien Invasive Species Inventories for Europe. Available at: http://www.europe-aliens.org/
2638;0;Oceania;Parapoynx polydectalis;Oceanina;2020;Roy, D., Alderman, D., Anastasiu, P., Arianoutsou, M., Augustin, S., Bacher, S., ... and Reyserhove, L., (2020). DAISIE - Delivering Alien Invasive Species Inventories for Europe. Available at: http://www.europe-aliens.org/
2639;0;North America;Vitula edmandsii;Nearctic;2010;Lopez-Vaamonde, C., Agassiz, D., Augustin, S., De Prins, J., De Prins, W., Gomboc, S., ... and Lees, D. (2010). Lepidoptera. Chapter 11. BioRisk 4: 603-668
2640;0;Europe;Acentria ephemerella;Palearctic;2024;Kipp, R., Larson, J. and Fusaro, A. (2024). Acentria ephemerella Olivier, 1791: U.S. Geological Survey, Nonindigenous Aquatic Species Database, Gainesville, FL, and NOAA Great Lakes Aquatic Nonindigenous Species Information System, Ann Arbor, MI, https://nas.er.usgs.gov/queries/GreatLakes/FactSheet.aspx?Species_ID=2362, Revision Date: 9/13/2019, Access Date: 7/8/2024
2641;0;South America;Achaea ablunaris;Neotropical;1992;Frank, J. and McCoy, E. (1992). Introduction to the Behavioral Ecology of Immigration. The Immigration of Insects to Florida, with a Tabulation of Records Published Since 1970. The Florida Entomologist.75(1): 1-28
2642;0;South America;Achaea ablunaris;Panamanian;1992;Frank, J. and McCoy, E. (1992). Introduction to the Behavioral Ecology of Immigration. The Immigration of Insects to Florida, with a Tabulation of Records Published Since 1970. The Florida Entomologist.75(1): 1-28
2643;0;Europe;Acleris forsskaleana;Palearctic;2020;Gilligan, T., Brown, J. and Baixeras, J. (2020). Immigrant Tortricidae: Holarctic versus Introduced Species in North America. Insects. 11(594)
2644;0;Asia;Acleris holmiana;Palearctic;2020;Gilligan, T., Brown, J. and Baixeras, J. (2020). Immigrant Tortricidae: Holarctic versus Introduced Species in North America. Insects. 11(594)
2645;0;Europe;Acleris holmiana;Palearctic;2020;Gilligan, T., Brown, J. and Baixeras, J. (2020). Immigrant Tortricidae: Holarctic versus Introduced Species in North America. Insects. 11(594)
2646;0;Africa;Acleris variegana;Saharo-Arabian;2009;Alipanah, H. (2009). A brief study on the tribes Tortricini and Archipini (Lepidoptera: Tortricinae) from Iran. Entomofauna. 10: 137-152
2647;0;Europe;Acleris variegana;Palearctic;2009;Alipanah, H. (2009). A brief study on the tribes Tortricini and Archipini (Lepidoptera: Tortricinae) from Iran. Entomofauna. 10: 137-152
2648;0;Europe;Acrobasis suavella;Palearctic;2021;Boyes, D., Crowley, L. and Holland, P. (2021). The genome sequence of the sycamore, Acronicta aceris (Linnaeus, 1758). Wellcome Open Research. 6:326
2649;0;Asia;Agapeta zoegana;Palearctic;2007;Khramov, P. (Ed.) (2007). Insecta.pro: international entomological community. Available online at: https://insecta.pro
2650;0;Asia;Diaphania indica;Oriental;2024;EFSA Panel on Plant Health (PLH), Bragard, C., Baptista, P., Chatzivassiliou, E., Di Serio, F., Gonthier, P., ... and MacLeod, A. (2024). Pest categorisation of Diaphania indica. EFSA Journal. 22(5): e8806
2651;0;Asia;Argyresthia conjugella;Palearctic;2022;Kambor, J. (2022). Apple moth-an occasional pest of Swiss apple orchards. Vignes et Vergers. 54(5): 12-13
2652;0;Europe;Argyresthia conjugella;Palearctic;2022;Kambor, J. (2022). Apple moth-an occasional pest of Swiss apple orchards. Vignes et Vergers. 54(5): 12-13
2653;0;North America;Anomis luridula;Nearctic;1992;Frank, J. and McCoy, E. (1992). Introduction to the Behavioral Ecology of Immigration. The Immigration of Insects to Florida, with a Tabulation of Records Published Since 1970. The Florida Entomologist.75(1): 1-28
2654;0;North America;Diastema tigris;Panamanian;2012;Misra, S., Sushi, S. and Rajak, D. (2012). Biocontrol strategy for major invasive weeds of neotropical origin in India. Bioherald: International Journal of Biodiversity and Environment. 2(2): 134-142
2655;0;North America;Anticarsia gemmatalis;Nearctic;2024;University of Florida (2024). Featured Creatures - Anticarsia gemmatalis (Hubner) (Insecta: Lepidoptera: Noctuidae). Available at: https://entnemdept.ufl.edu/creatures/
2656;0;North America;Anticarsia gemmatalis;Panamanian;2024;University of Florida (2024). Featured Creatures - Anticarsia gemmatalis (Hubner) (Insecta: Lepidoptera: Noctuidae). Available at: https://entnemdept.ufl.edu/creatures/
2657;0;South America;Anticarsia gemmatalis;Neotropical;2024;University of Florida (2024). Featured Creatures - Anticarsia gemmatalis (Hubner) (Insecta: Lepidoptera: Noctuidae). Available at: https://entnemdept.ufl.edu/creatures/
2658;0;South America;Anticarsia gemmatalis;Panamanian;2024;University of Florida (2024). Featured Creatures - Anticarsia gemmatalis (Hubner) (Insecta: Lepidoptera: Noctuidae). Available at: https://entnemdept.ufl.edu/creatures/
2659;0;Asia;Apterona helicoidella;Palearctic;2007;Khramov, P. (Ed.) (2007). Insecta.pro: international entomological community. Available online at: https://insecta.pro
2660;0;Africa;Earias vittella;Saharo-Arabian;2014;Kravchenko, V., Muller, G., Allan, S., and Yefremova, Z. (2014). Seven invasive owlet moths (Lepidoptera: Noctuidae) in Israel and their potential parasitoids (Hymenoptera: Chalcidoidea). Phytoparasitica. 42: 333-339
2661;0;Asia;Earias vittella;Oriental;2020;Roy, D., Alderman, D., Anastasiu, P., Arianoutsou, M., Augustin, S., Bacher, S., ... and Reyserhove, L., (2020). DAISIE - Delivering Alien Invasive Species Inventories for Europe. Available at: http://www.europe-aliens.org/
2662;0;Asia;Batia lunaris;Palearctic;2017;Mustelin, T., Lucas, V. and Crabo, L. (2017). Survey of the Lepidoptera in the North-Central Olympic National Park, Washington, USA. The Journal of the Lepidopterists Society. 72(4): 284-295
2663;0;Europe;Batia lunaris;Palearctic;2017;Mustelin, T., Lucas, V. and Crabo, L. (2017). Survey of the Lepidoptera in the North-Central Olympic National Park, Washington, USA. The Journal of the Lepidopterists Society. 72(4): 284-295
2664;0;Africa;Cacoecimorpha pronubana;Saharo-Arabian;2020;Roy, D., Alderman, D., Anastasiu, P., Arianoutsou, M., Augustin, S., Bacher, S., ... and Reyserhove, L., (2020). DAISIE - Delivering Alien Invasive Species Inventories for Europe. Available at: http://www.europe-aliens.org/
2665;0;Europe;Cacoecimorpha pronubana;Palearctic;2020;Roy, D., Alderman, D., Anastasiu, P., Arianoutsou, M., Augustin, S., Bacher, S., ... and Reyserhove, L., (2020). DAISIE - Delivering Alien Invasive Species Inventories for Europe. Available at: http://www.europe-aliens.org/
2666;0;South America;Ectaga garcia;Neotropical;1994;Becker, V. (1994). A new Ectaga Walsingham (Lepidoptera, Oecophoridae) from southern South America. Revista Brasileira de Zoologia, 11: 391-394
2667;0;Europe;Caradrina morpheus;Palearctic;2020;Crabo, L. and Holden, D. (2020). A Review of Established Accidentally-Introduced Noctuoidea in the Pacific Northwest Region of North America, with First Report of the Eurasian Cutworm Mesapamea secalis (L.)(Noctuidae, Noctuinae, Apameini) for North America. The Journal of the Lepidopterists Society. 74(2): 95-105
2668;0;Asia;Dasystoma salicella;Palearctic;1988;Contant, H. (1988). Modification of microclimate by the blueberry leaf-tier, Cheimophila salicella (Hbn.)(Lepidoptera: Oecophoridae) [PhD Dissertation, University of British Columbia]
2669;0;Europe;Dasystoma salicella;Palearctic;1988;Contant, H. (1988). Modification of microclimate by the blueberry leaf-tier, Cheimophila salicella (Hbn.)(Lepidoptera: Oecophoridae) [PhD Dissertation, University of British Columbia]
2670;0;Europe;Chrysoesthia sexguttella;Palearctic;2020;Roy, D., Alderman, D., Anastasiu, P., Arianoutsou, M., Augustin, S., Bacher, S., ... and Reyserhove, L., (2020). DAISIE - Delivering Alien Invasive Species Inventories for Europe. Available at: http://www.europe-aliens.org/
2671;0;Africa;Clepsis consimilana;Saharo-Arabian;1971;Powell, J. and Burns, J. (1971). Colonization of the northeastern United States by two Palearctic moths (Lepidoptera: Tortricidae). Psyche: A Journal of Entomology. 78(1): 38-48
2672;0;Africa;Apomyelois ceratoniae;Saharo-Arabian;2020;Roy, D., Alderman, D., Anastasiu, P., Arianoutsou, M., Augustin, S., Bacher, S., ... and Reyserhove, L., (2020). DAISIE - Delivering Alien Invasive Species Inventories for Europe. Available at: http://www.europe-aliens.org/
2673;0;Europe;Apomyelois ceratoniae;Palearctic;2020;Roy, D., Alderman, D., Anastasiu, P., Arianoutsou, M., Augustin, S., Bacher, S., ... and Reyserhove, L., (2020). DAISIE - Delivering Alien Invasive Species Inventories for Europe. Available at: http://www.europe-aliens.org/
2674;0;Asia;Cnaemidophorus rhododactyla;Palearctic;2008;Ozbek, H. (2008). Note: Cnaemidophorus rhododactyla, a New Rosa spp. Pest for Turkey, and its new parasitoids, a New Rosa spp. Pest for Turkey, and its new parasitoids. Phytoparasitica, 36: 502-504
2675;0;Europe;Cnaemidophorus rhododactyla;Palearctic;2008;Ozbek, H. (2008). Note: Cnaemidophorus rhododactyla, a New Rosa spp. Pest for Turkey, and its new parasitoids, a New Rosa spp. Pest for Turkey, and its new parasitoids. Phytoparasitica, 36: 502-504
2676;0;Africa;Cnephasia longana;Saharo-Arabian;1968;Poonyathawon, P. (1968). Insect parasites of the omnivorous leaf tier, Cnephasia longana (Haworth) in Oregon. [MSc Thesis, Oregon State University].
2677;0;Asia;Cnephasia stephensiana;Saharo-Arabian;2021;Goglia, L. (2021). Faunistic Notes on Lepidoptera Tortricidae from Calabria (South Italy) - Contribution to the knowledge of the Lepidoptera Tortricidae fauna of Mediterranean ecosystems. [PhD Thesis, Universita degli Studi della Tuscia and Universita degli Studi del Molise]
2678;0;Europe;Coleophora badiipennella;Palearctic;2009;Min-Younga, K. and Park, K. (2009). A taxonomic review of the genus Coleophora Hubner (Lepidoptera: Coleophoridae) in Korea. Journal of Asia-Pacific Entomology. 12: 183‚Äì198
2679;0;Asia;Coleophora colutella;Palearctic;1993;Hoebeke, E., Wheeler Jr, A. and Degregorio, R. (1993). Coleophora colutella (Lepidoptera: Coleophoridae): a Palearctic pest of crownvetch, Coronilla varia (Fabaceae), new to North America. Annals of the Entomological Society of America. 86(2): 134-141
2680;0;Europe;Coleophora serratella;Palearctic;1974;Coshan, P. (1974). The biology of Coleophora serratella (L.)(Lepidoptera: Coleophoridae). Transactions of the Royal Entomological Society of London. 126(2): 169-188
2681;0;Europe;Endrosis sarcitrella;Palearctic;1986;Cox, P. (1986). A survey of stored product Lepidoptera in New Zealand. New Zealand journal of experimental agriculture. 14(1): 71-76
2682;0;Europe;Coleophora limosipennella;Palearctic;2020;VanDyk, J., Sellers, E. and Bartlett, T. (2020). BugGuide - Identification, Images, & Information For Insects, Spiders & Their Kin For the United States & Canada. Version 1.5. United States Geological Survey.
2683;0;North America;Coleophora ulmifoliella;Nearctic;2024;University of Massachusetts Amherst (2024). Professional Insect & Mite Management Guide for Woody Plants. Available at: https://ag.umass.edu/landscape/publications-resources/insect-mite-guide
2684;0;Europe;Cydia nigricana;Palearctic;2015;Thoming, G. and Norli, H. (2015). Olfactory cues from different plant species in host selection by female pea moths. Journal of agricultural and food chemistry. 63(8): 2127-2136
2685;0;Europe;Dichelia histrionana;Palearctic;2007;Seven, S. and Ozdemir, M. (2007). The genus Dichelia Guenee, 1845 (Lepidoptera: Tortricidae) in Turkey. Acta entomologica slovenica. 15(2): 185-190
2686;0;Europe;Dichomeris marginella;Palearctic;2020;VanDyk, J., Sellers, E. and Bartlett, T. (2020). BugGuide - Identification, Images, & Information For Insects, Spiders & Their Kin For the United States & Canada. Version 1.5. United States Geological Survey.
2687;0;Europe;Dichrorampha acuminatana;Palearctic;2020;Gilligan, T., Brown, J. and Baixeras, J. (2020). Immigrant Tortricidae: Holarctic versus Introduced Species in North America. Insects. 11(594)
2688;0;Europe;Dichrorampha aeratana;Palearctic;2020;Gilligan, T., Brown, J. and Baixeras, J. (2020). Immigrant Tortricidae: Holarctic versus Introduced Species in North America. Insects. 11(594)
2689;0;Europe;Dichrorampha montanana;Palearctic;2020;Gilligan, T., Brown, J. and Baixeras, J. (2020). Immigrant Tortricidae: Holarctic versus Introduced Species in North America. Insects. 11(594)
2690;0;Europe;Dichrorampha petiverella;Palearctic;2020;Gilligan, T., Brown, J. and Baixeras, J. (2020). Immigrant Tortricidae: Holarctic versus Introduced Species in North America. Insects. 11(594)
2691;0;Africa;Ephestia kuehniella;Saharo-Arabian;2008;Ryne, C. and Bensch, S. (2008). Do anthropogenic transports facilitate stored-product pest moth dispersal? A molecular approach. Naturwissenschaften. 95: 155-159
2692;0;Europe;Ephestia kuehniella;Palearctic;2008;Ryne, C. and Bensch, S. (2008). Do anthropogenic transports facilitate stored-product pest moth dispersal? A molecular approach. Naturwissenschaften. 95: 155-159
2693;0;Europe;Ditula angustiorana;Palearctic;2020;VanDyk, J., Sellers, E. and Bartlett, T. (2020). BugGuide - Identification, Images, & Information For Insects, Spiders & Their Kin For the United States & Canada. Version 1.5. United States Geological Survey.
2694;0;North America;Dypterygia punctirena;Panamanian;2002;Barnes, M. (2002). A preliminary illustrated catalogue of the larger moths of Jamaica. Available at: http://www.mbarnes.force9.co.uk/jamaicamoths/jamaicahome.htm
2695;0;North America;Epiblema strenuana;Nearctic;2014;Zhou, Z., Chen, H., Zheng, X., Guo, J., Guo, W., Li, M., ... and Wan, F. (2014). Control of the invasive weed Ambrosia artemisiifolia with Ophraella communa and Epiblema strenuana. Biocontrol Science and Technology, 24(8): 950-964
2696;0;Europe;Endothenia quadrimaculana;Palearctic;2020;Gilligan, T., Brown, J. and Baixeras, J. (2020). Immigrant Tortricidae: Holarctic versus Introduced Species in North America. Insects. 11(594)
2697;0;North America;Epimorius testaceellus;Panamanian;1992;Heppner, J. (1992). Biology and immature stages of the bromeliad pod borer, Epimorius testaceellus, in Florida (Lepidoptera: Pyralidae: Galleriinae). Tropical Lepidoptera Research: 57-62
2698;0;South America;Epimorius testaceellus;Neotropical;1992;Heppner, J. (1992). Biology and immature stages of the bromeliad pod borer, Epimorius testaceellus, in Florida (Lepidoptera: Pyralidae: Galleriinae). Tropical Lepidoptera Research: 57-62
2699;0;Europe;Epinotia abbreviana;Palearctic;2020;Gilligan, T., Brown, J. and Baixeras, J. (2020). Immigrant Tortricidae: Holarctic versus Introduced Species in North America. Insects. 11(594)
2700;0;Europe;Epinotia nanana;Palearctic;1966;Daviault, L. and Ducharme, R. (1966). Life history and habits of the green spruce leaf miner, Epinotia nanana (Treitschke)(Lepidoptera: Tortricidae). The Canadian Entomologist. 98(7): 693-699
2701;0;Asia;Erannis defoliaria;Palearctic;2016;Jurc, M., Csoka, G. and Hrasovec, B. (2016). Potentially Important Insect Pests of Celtis australis in Slovenia, Croatia and Hungary. Sumarski list. 11: 577‚Äì588
2702;0;Asia;Erannis defoliaria;Saharo-Arabian;2016;Jurc, M., Csoka, G. and Hrasovec, B. (2016). Potentially Important Insect Pests of Celtis australis in Slovenia, Croatia and Hungary. Sumarski list. 11: 577‚Äì588
2703;0;Europe;Erannis defoliaria;Palearctic;2016;Jurc, M., Csoka, G. and Hrasovec, B. (2016). Potentially Important Insect Pests of Celtis australis in Slovenia, Croatia and Hungary. Sumarski list. 11: 577‚Äì588
2704;0;Europe;Esperia sulphurella;Palearctic;2023;Holland, P. (2023). The genome sequence of the Sulphur Tubic, Esperia sulphurella (Fabricius, 1775). Wellcome Open Research. 8: 156
2705;0;Africa;Ethmia bipunctella;Saharo-Arabian;2018;Vidal E., (2018). Lepidopteros de O Courel (Lugo, Galicia, Espa√±a, N. O. Peninsula Iberica) XV: Ethmiinae. (Insecta: Lepidoptera, Depressariidae). Arquivos Entomoloxicos. 19: 3-10
2706;0;Europe;Ethmia bipunctella;Palearctic;2018;Vidal E., (2018). Lepidopteros de O Courel (Lugo, Galicia, Espa√±a, N. O. Peninsula Iberica) XV: Ethmiinae. (Insecta: Lepidoptera, Depressariidae). Arquivos Entomoloxicos. 19: 3-10
2707;0;Asia;Eulithis mellinata;Palearctic;2020;VanDyk, J., Sellers, E. and Bartlett, T. (2020). BugGuide - Identification, Images, & Information For Insects, Spiders & Their Kin For the United States & Canada. Version 1.5. United States Geological Survey.
2708;0;Europe;Eulithis mellinata;Palearctic;2020;VanDyk, J., Sellers, E. and Bartlett, T. (2020). BugGuide - Identification, Images, & Information For Insects, Spiders & Their Kin For the United States & Canada. Version 1.5. United States Geological Survey.
2709;0;Europe;Euproctis chrysorrhoea;Palearctic;2023;Trajkovic, A. and Zikic, V. (2023). Stuck in the caterpillars‚Äô web: A half-century of biocontrol research and application on gregarious Lepidopteran pests in Europe. Sustainability. 15(4): 2881
2710;0;North America;Euscirrhopterus poeyi;Nearctic;1966;Todd, E. (1966). Notes and descriptions of some neotropical agaristine moths (Lepidoptera: Noctuidae). Proceedings of the United States National Museum. 120(3560): 1-15
2711;0;North America;Euscirrhopterus poeyi;Panamanian;1966;Todd, E. (1966). Notes and descriptions of some neotropical agaristine moths (Lepidoptera: Noctuidae). Proceedings of the United States National Museum. 120(3560): 1-15
2712;0;Africa;Evergestis pallidata;Saharo-Arabian;2022;Goater, B., Nuss, M. and Speidel, W. (2022). Pyraloidea I:(Acentropinae, Evergestinae, Heliothelinae, Schoenobiinae, Scopariinae) (Vol. 4). Brill. Leiden, Netherlands.
2713;0;Europe;Exoteleia dodecella;Palearctic;1959;Martin, J. (1959). The Bionomics of the Pine Bud Moth, Exoteleia dodecella L.(Lepidoptera: Gelechiidae), in Ontario1. The Canadian Entomologist. 91(1): 5-14
2714;0;Africa;Garella nilotica;Afrotropical;2010;Muller, G., Kravchenko, V., Revay, E., Speidel, W., Mooder, J., Beredin, S. and Witt, T. (2010). The Nolidae of Jordan: Distribution, Phenology and Ecology. Entomofauna., 31(8): 69-84
2715;0;Africa;Garella nilotica;Madagascan;2010;Muller, G., Kravchenko, V., Revay, E., Speidel, W., Mooder, J., Beredin, S. and Witt, T. (2010). The Nolidae of Jordan: Distribution, Phenology and Ecology. Entomofauna., 31(8): 69-84
2716;0;Africa;Garella nilotica;Saharo-Arabian;2010;Muller, G., Kravchenko, V., Revay, E., Speidel, W., Mooder, J., Beredin, S. and Witt, T. (2010). The Nolidae of Jordan: Distribution, Phenology and Ecology. Entomofauna., 31(8): 69-84
2717;0;Asia;Garella nilotica;Oriental;2010;Muller, G., Kravchenko, V., Revay, E., Speidel, W., Mooder, J., Beredin, S. and Witt, T. (2010). The Nolidae of Jordan: Distribution, Phenology and Ecology. Entomofauna., 31(8): 69-84
2718;0;Asia;Garella nilotica;Saharo-Arabian;2010;Muller, G., Kravchenko, V., Revay, E., Speidel, W., Mooder, J., Beredin, S. and Witt, T. (2010). The Nolidae of Jordan: Distribution, Phenology and Ecology. Entomofauna., 31(8): 69-84
2719;0;Asia;Garella nilotica;Sino-Japanese;2010;Muller, G., Kravchenko, V., Revay, E., Speidel, W., Mooder, J., Beredin, S. and Witt, T. (2010). The Nolidae of Jordan: Distribution, Phenology and Ecology. Entomofauna., 31(8): 69-84
2720;0;Africa;Euclasta gigantalis;Afrotropical;2024;de Prins J. and de Prins W. (2024). Afromoths, online database of Afrotropical moth species (Lepidoptera). Available at: http://www.afromoths.net
2721;0;Africa;Euclasta gigantalis;Madagascan;2024;de Prins J. and de Prins W. (2024). Afromoths, online database of Afrotropical moth species (Lepidoptera). Available at: http://www.afromoths.net
2722;0;Europe;Grapholita delineana;Palearctic;2012;Byun, B., Lee, B., Bae, K. and Lee, K. (2012). A review of the genus Grapholita (Lepidoptera, Tortricidae) in North Korea. Animal Systematics, Evolution and Diversity. 28(4): 291-296
2723;0;Africa;Hecatera dysodea;Afrotropical;2010;Landolt, P., Worth, R. and Zack, R. (2010). First report of Hecatera dysodea (Denis and Schiffermuller)(Noctuidae) in the Pacific Northwest of the United States. The Journal of the Lepidopterists Society. 64(4): 192-196
2724;0;Africa;Hecatera dysodea;Saharo-Arabian;2010;Landolt, P., Worth, R. and Zack, R. (2010). First report of Hecatera dysodea (Denis and Schiffermuller)(Noctuidae) in the Pacific Northwest of the United States. The Journal of the Lepidopterists Society. 64(4): 192-196
2725;0;Asia;Hecatera dysodea;Oriental;2010;Landolt, P., Worth, R. and Zack, R. (2010). First report of Hecatera dysodea (Denis and Schiffermuller)(Noctuidae) in the Pacific Northwest of the United States. The Journal of the Lepidopterists Society. 64(4): 192-196
2726;0;Asia;Hecatera dysodea;Palearctic;2010;Landolt, P., Worth, R. and Zack, R. (2010). First report of Hecatera dysodea (Denis and Schiffermuller)(Noctuidae) in the Pacific Northwest of the United States. The Journal of the Lepidopterists Society. 64(4): 192-196
2727;0;Asia;Hecatera dysodea;Sino-Japanese;2010;Landolt, P., Worth, R. and Zack, R. (2010). First report of Hecatera dysodea (Denis and Schiffermuller)(Noctuidae) in the Pacific Northwest of the United States. The Journal of the Lepidopterists Society. 64(4): 192-196
2728;0;Europe;Hecatera dysodea;Palearctic;2010;Landolt, P., Worth, R. and Zack, R. (2010). First report of Hecatera dysodea (Denis and Schiffermuller)(Noctuidae) in the Pacific Northwest of the United States. The Journal of the Lepidopterists Society. 64(4): 192-196
2729;0;Europe;Hedya salicella;Palearctic;2020;Gilligan, T., Brown, J. and Baixeras, J. (2020). Immigrant Tortricidae: Holarctic versus Introduced Species in North America. Insects. 11(594)
2730;0;Asia;Hemithea aestivaria;Palearctic;1979;Doganlar, M. and Beirne, B. (1979). Hemithea aestivaria, a geometrid new to North America, established in British Columbia (Lepidoptera: Geometridae: Geometrinae). The Canadian Entomologist. 111(10): 1121-1121
2731;0;Europe;Hemithea aestivaria;Palearctic;1979;Doganlar, M. and Beirne, B. (1979). Hemithea aestivaria, a geometrid new to North America, established in British Columbia (Lepidoptera: Geometridae: Geometrinae). The Canadian Entomologist. 111(10): 1121-1121
2732;0;South America;Hileithia decostalis;Neotropical;1992;Mather, B. (1992) Hileithia decostalis (Crambidae: Pyraustinae), new to the United States. Journal of the Lepidopterists Society 46(2): 159-160
2733;0;Asia;Homadaula anisocentra;Oriental;1983;North, R. and Hart, E. (1983). Oviposition preference of the mimosa webworm, Homadaula anisocentra (Lepidoptera: Plutellidae). Environmental Entomology. 12(2): 546-551
2734;0;Asia;Hyblaea puera;Oriental;2002;Peres-Filho, O., Dorval, A. and Berti-Filho, E. (2002). Ocorrencia de Hyblaea puera (Cramer, 1777) (Lepidoptera: Hyblaeidae) em Teca no Brasil. Bragantia, Campinas. 61(1): 59-60
2735;0;Asia;Hyblaea puera;Sino-Japanese;2002;Peres-Filho, O., Dorval, A. and Berti-Filho, E. (2002). Ocorrencia de Hyblaea puera (Cramer, 1777) (Lepidoptera: Hyblaeidae) em Teca no Brasil. Bragantia, Campinas. 61(1): 59-60
2736;0;Asia;Eudocima phalonia;Oriental;2021;Leroy, L., Mille, C. and Fogliani, B. (2021). The common fruit-piercing moth in the Pacific Region: a Survey of the current state of a significant Worldwide Economic Pest, Eudocima phalonia (Lepidoptera: Erebidae), with a focus on New Caledonia. Insects, 12(2): 117
2737;0;Asia;Hydraecia micacea;Palearctic;2020;Weihrauch, F. (2020). Rosy rustic moth as a hop pest in the Hallertau: History and current situation. Mitteilungen der Deutschen Gesellschaft fur Allgemeine und Angewandte Entomologie. 22: 125-128
2738;0;Africa;Thymelicus sylvestris;Saharo-Arabian;2019;Hinojosa, J., Koubinova, D., Szenteczki, M., Pitteloud, C., Dinca, V., Alvarez, N. and Vila, R. (2019). A mirage of cryptic species: genomics uncover striking mitonuclear discordance in the butterfly Thymelicus sylvestris. Molecular ecology. 28(17): 3857-3868
2739;0;Europe;Thymelicus sylvestris;Palearctic;2019;Hinojosa, J., Koubinova, D., Szenteczki, M., Pitteloud, C., Dinca, V., Alvarez, N. and Vila, R. (2019). A mirage of cryptic species: genomics uncover striking mitonuclear discordance in the butterfly Thymelicus sylvestris. Molecular ecology. 28(17): 3857-3868
2740;0;Asia;Hyles euphorbiae;Palearctic;1983;Batra, S. (1983). Establishment of Hyles Euphorbiae (L.)(Lepidoptera: Sphingidae) in the United States for control of the weedy spurges Euphorbia esula L. and E. cyparissias L. Journal of the New York Entomological Society. 304-311
2741;0;South America;Hypena subidalis;Neotropical;1992;Frank, J. and McCoy, E. (1992). Introduction to the Behavioral Ecology of Immigration. The Immigration of Insects to Florida, with a Tabulation of Records Published Since 1970. The Florida Entomologist.75(1): 1-28
2742;0;North America;Leucania dorsalis;Panamanian;2001;Adams, M. ( 2001). A revision of the moth genus Leucania Ochsenheimer in the Antilles (Insecta: Lepidoptera: Noctu- idae). Annals of the Carnegie Museum 70: 179-220
2743;0;South America;Leucania dorsalis;Neotropical;2001;Adams, M. ( 2001). A revision of the moth genus Leucania Ochsenheimer in the Antilles (Insecta: Lepidoptera: Noctu- idae). Annals of the Carnegie Museum 70: 179-220
2744;0;North America;Leucania inconspicua;Nearctic;2002;Barnes, M. (2002). A preliminary illustrated catalogue of the larger moths of Jamaica. Available at: http://www.mbarnes.force9.co.uk/jamaicamoths/jamaicahome.htm
2745;0;North America;Leucania inconspicua;Panamanian;2002;Barnes, M. (2002). A preliminary illustrated catalogue of the larger moths of Jamaica. Available at: http://www.mbarnes.force9.co.uk/jamaicamoths/jamaicahome.htm
2746;0;South America;Leucania inconspicua;Neotropical;2002;Barnes, M. (2002). A preliminary illustrated catalogue of the larger moths of Jamaica. Available at: http://www.mbarnes.force9.co.uk/jamaicamoths/jamaicahome.htm
2747;0;North America;Leucania senescens;Panamanian;2001;Adams, M. ( 2001). A revision of the moth genus Leucania Ochsenheimer in the Antilles (Insecta: Lepidoptera: Noctu- idae). Annals of the Carnegie Museum 70: 179-220
2748;0;South America;Leucania senescens;Neotropical;2001;Adams, M. ( 2001). A revision of the moth genus Leucania Ochsenheimer in the Antilles (Insecta: Lepidoptera: Noctu- idae). Annals of the Carnegie Museum 70: 179-220
2749;0;Australia;Eudocima jordani;Australian;2025;PaDIL (2025). The Pest and Disease Image Library (PaDIL). Available at: https://www.padil.gov.au/
2750;0;Oceania;Eudocima jordani;Oceanina;2025;PaDIL (2025). The Pest and Disease Image Library (PaDIL). Available at: https://www.padil.gov.au/
2751;0;Asia;Leucoma salicis;Sino-Japanese;1979;Wagner, T. and Leonard, D. E. (1979). Aspects of Mating, Oviposition, and Flight in the Satin Moth, Leocoma salicis (Lepidoptera: Lymantriidae) 1. The Canadian Entomologist. 111(7): 833-840
2752;0;Europe;Lobesiodes euphorbiana;Palearctic;2020;Gilligan, T., Brown, J. and Baixeras, J. (2020). Immigrant Tortricidae: Holarctic versus Introduced Species in North America. Insects. 11(594)
2753;0;North America;Lycomorphodes sordida;Nearctic;1992;Adams, J. (1992). A new lichen moth record for the United States: Lycomorphodes sordida (Arctiidae: Lithosiinae) from south Texas. Journal of the Lepidopterists Society. 46(2): 160-161
2754;0;North America;Lycomorphodes sordida;Panamanian;1992;Adams, J. (1992). A new lichen moth record for the United States: Lycomorphodes sordida (Arctiidae: Lithosiinae) from south Texas. Journal of the Lepidopterists Society. 46(2): 160-161
2755;0;South America;Lycomorphodes sordida;Neotropical;1992;Adams, J. (1992). A new lichen moth record for the United States: Lycomorphodes sordida (Arctiidae: Lithosiinae) from south Texas. Journal of the Lepidopterists Society. 46(2): 160-161
2756;0;Asia;Lymantria dispar;Palearctic;2020;Wu, Y., Bogdanowicz, S., Andres, J., Vieira, K., Wang, B., Cosse, A. and Pfister, S. (2020). Tracking invasions of a destructive defoliator, the gypsy moth (Erebidae: Lymantria dispar): Population structure, origin of intercepted specimens, and Asian introgression into North America. Evolutionary applications. 13(8): 2056-2070
2757;0;Asia;Lymantria dispar;Sino-Japanese;2020;Wu, Y., Bogdanowicz, S., Andres, J., Vieira, K., Wang, B., Cosse, A. and Pfister, S. (2020). Tracking invasions of a destructive defoliator, the gypsy moth (Erebidae: Lymantria dispar): Population structure, origin of intercepted specimens, and Asian introgression into North America. Evolutionary applications. 13(8): 2056-2070
2758;0;Europe;Lymantria dispar;Palearctic;2020;Wu, Y., Bogdanowicz, S., Andres, J., Vieira, K., Wang, B., Cosse, A. and Pfister, S. (2020). Tracking invasions of a destructive defoliator, the gypsy moth (Erebidae: Lymantria dispar): Population structure, origin of intercepted specimens, and Asian introgression into North America. Evolutionary applications. 13(8): 2056-2070
2759;0;Asia;Metzneria lappella;Palearctic;2010;Junnilainen, J., Karsholt, O., Nupponen, K., Kaitila, J., Nupponen, T. and Olschwang, V. (2010). The gelechiid fauna of the southern Ural Mountains, part II: list of recorded species with taxonomic notes (Lepidoptera: Gelechiidae). Zootaxa. 2367(1): 1-68
2760;0;Europe;Metzneria lappella;Palearctic;2010;Junnilainen, J., Karsholt, O., Nupponen, K., Kaitila, J., Nupponen, T. and Olschwang, V. (2010). The gelechiid fauna of the southern Ural Mountains, part II: list of recorded species with taxonomic notes (Lepidoptera: Gelechiidae). Zootaxa. 2367(1): 1-68
2761;0;Africa;Mirificarma eburnella;Saharo-Arabian;2020;VanDyk, J., Sellers, E. and Bartlett, T. (2020). BugGuide - Identification, Images, & Information For Insects, Spiders & Their Kin For the United States & Canada. Version 1.5. United States Geological Survey.
2762;0;Asia;Mirificarma eburnella;Palearctic;2020;VanDyk, J., Sellers, E. and Bartlett, T. (2020). BugGuide - Identification, Images, & Information For Insects, Spiders & Their Kin For the United States & Canada. Version 1.5. United States Geological Survey.
2763;0;Europe;Mirificarma eburnella;Palearctic;2020;VanDyk, J., Sellers, E. and Bartlett, T. (2020). BugGuide - Identification, Images, & Information For Insects, Spiders & Their Kin For the United States & Canada. Version 1.5. United States Geological Survey.
2764;0;Asia;Eudocima salaminia;Oriental;2025;PaDIL (2025). The Pest and Disease Image Library (PaDIL). Available at: https://www.padil.gov.au/
2765;0;Australia;Eudocima salaminia;Australian;2025;PaDIL (2025). The Pest and Disease Image Library (PaDIL). Available at: https://www.padil.gov.au/
2766;0;Oceania;Eudocima salaminia;Oceanina;2025;PaDIL (2025). The Pest and Disease Image Library (PaDIL). Available at: https://www.padil.gov.au/
2767;0;Africa;Mocis conveniens;Afrotropical;2016;de Prins, W. and Mazzei, P. (2016). Some faunistic notes on selected moth species (Lepidoptera) from the Seychelles. Phelsuma. 24: 21-34
2768;0;Africa;Mocis conveniens;Madagascan;2016;de Prins, W. and Mazzei, P. (2016). Some faunistic notes on selected moth species (Lepidoptera) from the Seychelles. Phelsuma. 24: 21-34
2769;0;Africa;Mocis conveniens;Saharo-Arabian;2016;de Prins, W. and Mazzei, P. (2016). Some faunistic notes on selected moth species (Lepidoptera) from the Seychelles. Phelsuma. 24: 21-34
2770;0;Europe;Monopis obviella;Palearctic;2005;Beltran, E. (2005). Presencia en Espana de Ypsolopha horridella (Treitschke, 1835), Monopis obviella ([Denis and Schiffermuller], 1775) y Aethes kasyi Razowski, 1962 (Insecta: Lepidoptera). SHILAP Revista de Lepidopterologia. 33(132): 441-447
2771;0;North America;Moodna bisinuella;Panamanian;1985;Neunzig, H. (1985). Notes on the larva and biology of Moodna bisinuella Hampson(Pyralidae: Phycitinae). Journal of the Lepidopterists Society. 39(1): 9-12
2772;0;North America;Neoleucinodes torvis;Nearctic;1948;Capps, H. (1948). Status of the pyraustid moths of the genus Leucinodes in the New World, with descriptions of new genera and species. Proceedings of the United States National Museum. 98(3223): 69-83
2773;0;North America;Neoleucinodes torvis;Panamanian;1948;Capps, H. (1948). Status of the pyraustid moths of the genus Leucinodes in the New World, with descriptions of new genera and species. Proceedings of the United States National Museum. 98(3223): 69-83
2774;0;Asia;Neomusotima conspurcatalis;Oriental;2018;McCulloch, G., Makinson, J., Zonneveld, R., Purcell, M., Raghu, S. and Walter, G. (2018). Assessment of genetic structuring in the Lygodium fern moths Austromusotima camptozonale and Neomusotima conspurcatalis in their native range: implications for biological control. Biological Control. 121: 8-13
2775;0;Asia;Niphonyx segregata;Oriental;2018;Roble, S. (2018). First Virginia Records of Four Exotic Noctuoid Moths, with Additional Records for Two Other Introduced Species (Lepidoptera). Banisteria. 51: 42-51
2776;0;Asia;Niphonyx segregata;Palearctic;2018;Roble, S. (2018). First Virginia Records of Four Exotic Noctuoid Moths, with Additional Records for Two Other Introduced Species (Lepidoptera). Banisteria. 51: 42-51
2777;0;Asia;Niphonyx segregata;Sino-Japanese;2018;Roble, S. (2018). First Virginia Records of Four Exotic Noctuoid Moths, with Additional Records for Two Other Introduced Species (Lepidoptera). Banisteria. 51: 42-51
2778;0;Asia;Noctua comes;Palearctic;1984;Neil, K. (1984). Noctua comes, a noctuid new to North America (Lepidoptera: Noctuidae: Noctuinae). The Canadian Entomologist. 116(3): 479-480
2779;0;Europe;Noctua comes;Palearctic;1984;Neil, K. (1984). Noctua comes, a noctuid new to North America (Lepidoptera: Noctuidae: Noctuinae). The Canadian Entomologist. 116(3): 479-480
2780;0;Africa;Noctua pronuba;Saharo-Arabian;2020;Brou Jr, V. and Brou, C. (2020). Noctua pronuba (Linnaeus)(Lepidoptera: Noctuidae in Louisiana. Southern Lepidoptera News. 42: 329-330
2781;0;Europe;Noctua pronuba;Palearctic;2020;Brou Jr, V. and Brou, C. (2020). Noctua pronuba (Linnaeus)(Lepidoptera: Noctuidae in Louisiana. Southern Lepidoptera News. 42: 329-330
2782;0;Europe;Notocelia cynosbatella;Palearctic;2020;Gilligan, T., Brown, J. and Baixeras, J. (2020). Immigrant Tortricidae: Holarctic versus Introduced Species in North America. Insects. 11(594)
2783;0;Europe;Notocelia rosaecolana;Palearctic;2020;Gilligan, T., Brown, J. and Baixeras, J. (2020). Immigrant Tortricidae: Holarctic versus Introduced Species in North America. Insects. 11(594)
2784;0;Africa;Ochsenheimeria vacculella;Saharo-Arabian;1975;Davis, D. (1975). A Review of Ochsenheimeriidae and the Introduction of the Cereal Stem Moth, Ochsenheimeria vacculella into the United States (Lepidoptera: Tineodea). Smithsonian Contributions to Zooology. 192: 1-20
2785;0;Europe;Ochsenheimeria vacculella;Palearctic;1975;Davis, D. (1975). A Review of Ochsenheimeriidae and the Introduction of the Cereal Stem Moth, Ochsenheimeria vacculella into the United States (Lepidoptera: Tineodea). Smithsonian Contributions to Zooology. 192: 1-20
2786;0;Europe;Ocnerostoma piniariella;Palearctic;2020;Roy, D., Alderman, D., Anastasiu, P., Arianoutsou, M., Augustin, S., Bacher, S., ... and Reyserhove, L., (2020). DAISIE - Delivering Alien Invasive Species Inventories for Europe. Available at: http://www.europe-aliens.org/
2787;0;Asia;Galleria mellonella;Palearctic;2020;Fuentes, N., Marticorena, A., Saldana, A. Jerez, R., Ortiz, J., Victoriano, P., and ... Rey-Aguirre, A. (2020). Multi-taxa inventory of naturalized species in Chile (including native Chilean species introduced in other areas of the national territory outside of their original range). Neobiota. 60: 25-41
2788;0;Europe;Galleria mellonella;Palearctic;2020;Fuentes, N., Marticorena, A., Saldana, A. Jerez, R., Ortiz, J., Victoriano, P., and ... Rey-Aguirre, A. (2020). Multi-taxa inventory of naturalized species in Chile (including native Chilean species introduced in other areas of the national territory outside of their original range). Neobiota. 60: 25-41
2789;0;Africa;Operophtera brumata;Saharo-Arabian;2017;Andersen, J., Havill, N., Caccone, A. and Elkinton, J. (2017). Postglacial recolonization shaped the genetic diversity of the winter moth (Operophtera brumata) in Europe. Ecology and Evolution. 7: 3312‚Äì3323
2790;0;Asia;Operophtera brumata;Palearctic;2017;Andersen, J., Havill, N., Caccone, A. and Elkinton, J. (2017). Postglacial recolonization shaped the genetic diversity of the winter moth (Operophtera brumata) in Europe. Ecology and Evolution. 7: 3312‚Äì3323
2791;0;Asia;Operophtera brumata;Sino-Japanese;2017;Andersen, J., Havill, N., Caccone, A. and Elkinton, J. (2017). Postglacial recolonization shaped the genetic diversity of the winter moth (Operophtera brumata) in Europe. Ecology and Evolution. 7: 3312‚Äì3323
2792;0;Europe;Operophtera brumata;Palearctic;2020;Roy, D., Alderman, D., Anastasiu, P., Arianoutsou, M., Augustin, S., Bacher, S., ... and Reyserhove, L., (2020). DAISIE - Delivering Alien Invasive Species Inventories for Europe. Available at: http://www.europe-aliens.org/
2793;0;Asia;Orgyia antiqua;Palearctic;2020;Fuentes, N., Marticorena, A., Saldana, A. Jerez, R., Ortiz, J., Victoriano, P., and ... Rey-Aguirre, A. (2020). Multi-taxa inventory of naturalized species in Chile (including native Chilean species introduced in other areas of the national territory outside of their original range). Neobiota. 60: 25-41
2794;0;Europe;Orgyia antiqua;Palearctic;2020;Fuentes, N., Marticorena, A., Saldana, A. Jerez, R., Ortiz, J., Victoriano, P., and ... Rey-Aguirre, A. (2020). Multi-taxa inventory of naturalized species in Chile (including native Chilean species introduced in other areas of the national territory outside of their original range). Neobiota. 60: 25-41
2795;0;Africa;Ornativalva erubescens;Afrotropical;2017;Lee, S., Watkinson, I., and Vargo, J. (2017). Ornativalva erubescens (Walsingham) (Lepidoptera: Gelechiidae) Introduced in North America. The Journal of the Lepidopterists Society. 71(3): 141-145
2796;0;Africa;Ornativalva erubescens;Saharo-Arabian;2017;Lee, S., Watkinson, I., and Vargo, J. (2017). Ornativalva erubescens (Walsingham) (Lepidoptera: Gelechiidae) Introduced in North America. The Journal of the Lepidopterists Society. 71(3): 141-145
2797;0;Asia;Ornativalva erubescens;Oriental;2017;Lee, S., Watkinson, I., and Vargo, J. (2017). Ornativalva erubescens (Walsingham) (Lepidoptera: Gelechiidae) Introduced in North America. The Journal of the Lepidopterists Society. 71(3): 141-145
2798;0;Asia;Ornativalva erubescens;Saharo-Arabian;2017;Lee, S., Watkinson, I., and Vargo, J. (2017). Ornativalva erubescens (Walsingham) (Lepidoptera: Gelechiidae) Introduced in North America. The Journal of the Lepidopterists Society. 71(3): 141-145
2799;0;Asia;Ostrinia nubilalis;Saharo-Arabian;1970;Mutuura, A. and Munroe, E. (1970). Taxonomy and distribution of the European corn borer and allied species: genus Ostrinia (Lepidoptera: Pyralidae). The Memoirs of the Entomological Society of Canada. 102(S71): 1-112
2800;0;Asia;Pandemis heparana;Saharo-Arabian;1982;Gillespie, D. and Gillespie, B. (1982). A list of plant-feeding Lepidoptera introduced into British Columbia. Journal of the Entomological Society of British Columbia.  79: 37-54
2801;0;Europe;Pandemis heparana;Palearctic;1982;Gillespie, D. and Gillespie, B. (1982). A list of plant-feeding Lepidoptera introduced into British Columbia. Journal of the Entomological Society of British Columbia.  79: 37-54
2802;0;Asia;Paracorsia repandalis;Palearctic;2016;Scalercio, S. (2016). Interessanti novita faunistiche sui Pyraloidea dell Italia meridionale, con particolare riferimento agli ambienti forestali (Lepidoptera: Pyralidae, Crambidae). SHILAP Revista de Lepidopterologia. 44(175): 433-442
2803;0;Europe;Paracorsia repandalis;Palearctic;2016;Scalercio, S. (2016). Interessanti novita faunistiche sui Pyraloidea dell Italia meridionale, con particolare riferimento agli ambienti forestali (Lepidoptera: Pyralidae, Crambidae). SHILAP Revista de Lepidopterologia. 44(175): 433-442
2804;0;Africa;Grammodes stolida;Afrotropical;2021;Turner, R., Blake, R., Mally, R., and Liebhold, A. (2024). International Non-native Insect Establishment Data (0.2.1) [Data set]. Zenodo.
2805;0;Asia;Pasiphila rectangulata;Palearctic;2005;Maier, C. (2005). Hosts, pattern of seasonal emergence and flight, and new distributional records of palearctic Pasiphila rectangulata (Lepidoptera: Geometridae) in the northeastern United States. Annals of the Entomological Society of America. 98(2): 214-218
2806;0;Europe;Pasiphila rectangulata;Palearctic;2005;Maier, C. (2005). Hosts, pattern of seasonal emergence and flight, and new distributional records of palearctic Pasiphila rectangulata (Lepidoptera: Geometridae) in the northeastern United States. Annals of the Entomological Society of America. 98(2): 214-218
2807;0;Europe;Perittia herrichiella;Palearctic;1995;Kaila, L. (1995). A Revision Of The North American Perittia (Onceroptila), With First Nearctic Records Of The Genus Mendesia (Elachistidae). Journal of the Lepidopterists Society. 49(3): 208-222
2808;0;Asia;Perizoma alchemillata;Palearctic;1977;Morris, R. and Bolte, K. (1977). The European Species Perizoma alchemillata (the Small Rivulet (BR.))(Lepidoptera: Geometridae) in Newfoundland). The Canadian Entomologist. 109(3): 385-387
2809;0;Europe;Perizoma alchemillata;Palearctic;1977;Morris, R. and Bolte, K. (1977). The European Species Perizoma alchemillata (the Small Rivulet (BR.))(Lepidoptera: Geometridae) in Newfoundland). The Canadian Entomologist. 109(3): 385-387
2810;0;Asia;Phyllonorycter emberizaepenella;Palearctic;2024;de Prins J. and de Prins W. (2024). Global Taxonomic Database of Gracillariidae (Lepidoptera). Avaliable at: http://www.gracillariidae.net
2811;0;Europe;Phyllonorycter emberizaepenella;Palearctic;2024;de Prins J. and de Prins W. (2024). Global Taxonomic Database of Gracillariidae (Lepidoptera). Avaliable at: http://www.gracillariidae.net
2812;0;Asia;Grapholita molesta;Palearctic;2020;Fuentes, N., Marticorena, A., Saldana, A. Jerez, R., Ortiz, J., Victoriano, P., and ... Rey-Aguirre, A. (2020). Multi-taxa inventory of naturalized species in Chile (including native Chilean species introduced in other areas of the national territory outside of their original range). Neobiota. 60: 25-41
2813;0;Europe;Grapholita molesta;Palearctic;2020;Fuentes, N., Marticorena, A., Saldana, A. Jerez, R., Ortiz, J., Victoriano, P., and ... Rey-Aguirre, A. (2020). Multi-taxa inventory of naturalized species in Chile (including native Chilean species introduced in other areas of the national territory outside of their original range). Neobiota. 60: 25-41
2814;0;Africa;Phyllonorycter mespilella;Saharo-Arabian;2007;Triberti, P. (2007). The Phyllonorycter species from Palaearctic Region feeding on Rosaceae (Lepidoptera, Gracillariidae). Bollettino del Museo Civico di Storia Naturale di Verona. 31: 147-221
2815;0;Europe;Phyllonorycter mespilella;Palearctic;2007;Triberti, P. (2007). The Phyllonorycter species from Palaearctic Region feeding on Rosaceae (Lepidoptera, Gracillariidae). Bollettino del Museo Civico di Storia Naturale di Verona. 31: 147-221
2816;0;North America;Physula albipunctilla;Panamanian;2002;Barnes, M. (2002). A preliminary illustrated catalogue of the larger moths of Jamaica. Available at: http://www.mbarnes.force9.co.uk/jamaicamoths/jamaicahome.htm
2817;0;South America;Porphyrosela minuta;Neotropical;2017;Eiseman, C., Feldman, T., Lopresti, E. and Palmer, M. (2017). First North American records of Porphyrosela minuta Clarke (Lepidoptera: Gracillariidae), with notes on its native congener, P. desmodiella (Clemens). Proceedings of the Entomological Society of Washington. 119(1), 18-23
2818;0;North America;Prepona laertes;Nearctic;2017;Hayden, J. (2017). A Shoemaker Butterfly Prepona laertes (Lepidoptera: Nymphalidae):Department of Entomology and Nematology, UF/IFAS - EDIS: EENY684
2819;0;North America;Prepona laertes;Panamanian;2017;Hayden, J. (2017). A Shoemaker Butterfly Prepona laertes (Lepidoptera: Nymphalidae):Department of Entomology and Nematology, UF/IFAS - EDIS: EENY684
2820;0;South America;Prepona laertes;Neotropical;2017;Hayden, J. (2017). A Shoemaker Butterfly Prepona laertes (Lepidoptera: Nymphalidae):Department of Entomology and Nematology, UF/IFAS - EDIS: EENY684
2821;0;North America;Mythimna sequax;Panamanian;2022;Madruga, J., Specht, A., San Blas, G., Mielke, O. and Casagrande, M. (2022). Revision of the species of Mythimna Ochsenheimer, 1816 (Pseudaletia)(Lepidoptera: Noctuidae: Noctuinae: Leucaniini) occurring in Brazil. Revista Brasileira de Entomologia. 66(3): e20220026
2822;0;South America;Mythimna sequax;Neotropical;2022;Madruga, J., Specht, A., San Blas, G., Mielke, O. and Casagrande, M. (2022). Revision of the species of Mythimna Ochsenheimer, 1816 (Pseudaletia)(Lepidoptera: Noctuidae: Noctuinae: Leucaniini) occurring in Brazil. Revista Brasileira de Entomologia. 66(3): e20220026
2823;0;Africa;Psyche casta;Saharo-Arabian;2022;Niitsu, S. and Maeda, D. (2022). Discovery of Psyche casta (Pallas, 1767)(Psychidae, Psychinae) in Japan. Lepidoptera Science. 73(1): 7-11
2824;0;Europe;Psyche casta;Palearctic;2022;Niitsu, S. and Maeda, D. (2022). Discovery of Psyche casta (Pallas, 1767)(Psychidae, Psychinae) in Japan. Lepidoptera Science. 73(1): 7-11
2825;0;North America;Ptichodis immunis;Panamanian;2005;Becker, V. and Miller, S. (2005). Moths: Lepidoptera. In: Lazell, J. (2005). Island: Fact and theory in nature (pp: 303-309). University of California Press.
2826;0;South America;Ptichodis immunis;Neotropical;2005;Becker, V. and Miller, S. (2005). Moths: Lepidoptera. In: Lazell, J. (2005). Island: Fact and theory in nature (pp: 303-309). University of California Press.
2827;0;Oceania;Helicoverpa armigera;Oceanina;2017;Tay, W., Walsh, T., Downes, S., Anderson, C., Jermiin, L., Wong, T., ... and Gordon, K. (2017). Mitochondrial DNA and trade data support multiple origins of Helicoverpa armigera (Lepidoptera, Noctuidae) in Brazil. Scientific Reports. 7: 45302
2828;0;Africa;Recurvaria nanella;Saharo-Arabian;2010;Junnilainen, J., Karsholt, O., Nupponen, K., Kaitila, J., Nupponen, T. and Olschwang, V. (2010). The gelechiid fauna of the southern Ural Mountains, part II: list of recorded species with taxonomic notes (Lepidoptera: Gelechiidae). Zootaxa. 2367(1): 1-68
2829;0;Asia;Recurvaria nanella;Palearctic;2010;Junnilainen, J., Karsholt, O., Nupponen, K., Kaitila, J., Nupponen, T. and Olschwang, V. (2010). The gelechiid fauna of the southern Ural Mountains, part II: list of recorded species with taxonomic notes (Lepidoptera: Gelechiidae). Zootaxa. 2367(1): 1-68
2830;0;Europe;Recurvaria nanella;Palearctic;2010;Junnilainen, J., Karsholt, O., Nupponen, K., Kaitila, J., Nupponen, T. and Olschwang, V. (2010). The gelechiid fauna of the southern Ural Mountains, part II: list of recorded species with taxonomic notes (Lepidoptera: Gelechiidae). Zootaxa. 2367(1): 1-68
2831;0;Asia;Rhizedra lutosa;Palearctic;1991;McCabe, T. and Schweitzer, D. (1991). Rhizedra lutosa (Lepidoptera: Noctuidae) newly introduced to North America. Entomological News. 102(3): 130-132
2832;0;Europe;Rhizedra lutosa;Palearctic;1991;McCabe, T. and Schweitzer, D. (1991). Rhizedra lutosa (Lepidoptera: Noctuidae) newly introduced to North America. Entomological News. 102(3): 130-132
2833;0;Africa;Helicoverpa assulta;Afrotropical;1992;Cork, A., Boo, K., Dunkelblum, E., Hall, D., Jee-Rajunga, K., Kehat, M., ... and Xun, L. (1992). Female sex pheromone of oriental tobacco budworm, Helicoverpa assulta (Guenee)(Lepidoptera: Noctuidae): Identification and field testing. Journal of chemical ecology, 18: 403-418
2834;0;Asia;Helicoverpa assulta;Oriental;1992;Cork, A., Boo, K., Dunkelblum, E., Hall, D., Jee-Rajunga, K., Kehat, M., ... and Xun, L. (1992). Female sex pheromone of oriental tobacco budworm, Helicoverpa assulta (Guenee)(Lepidoptera: Noctuidae): Identification and field testing. Journal of chemical ecology, 18: 403-418
2835;0;Asia;Helicoverpa assulta;Palearctic;1992;Cork, A., Boo, K., Dunkelblum, E., Hall, D., Jee-Rajunga, K., Kehat, M., ... and Xun, L. (1992). Female sex pheromone of oriental tobacco budworm, Helicoverpa assulta (Guenee)(Lepidoptera: Noctuidae): Identification and field testing. Journal of chemical ecology, 18: 403-418
2836;0;Asia;Helicoverpa assulta;Sino-Japanese;1992;Cork, A., Boo, K., Dunkelblum, E., Hall, D., Jee-Rajunga, K., Kehat, M., ... and Xun, L. (1992). Female sex pheromone of oriental tobacco budworm, Helicoverpa assulta (Guenee)(Lepidoptera: Noctuidae): Identification and field testing. Journal of chemical ecology, 18: 403-418
2837;0;Asia;Sesamia inferens;Oriental;2018;Baladhiya, H., Sisodiya, D. and Pathan, N. (2018). A review on pink stem borer, Sesamia inferens Walker: a threat to cereals. Journal of Entomology and Zoology Studies. 6(3): 1235-1239
2838;0;Asia;Sesamia inferens;Palearctic;2018;Baladhiya, H., Sisodiya, D. and Pathan, N. (2018). A review on pink stem borer, Sesamia inferens Walker: a threat to cereals. Journal of Entomology and Zoology Studies. 6(3): 1235-1239
2839;0;Asia;Sesamia inferens;Sino-Japanese;2018;Baladhiya, H., Sisodiya, D. and Pathan, N. (2018). A review on pink stem borer, Sesamia inferens Walker: a threat to cereals. Journal of Entomology and Zoology Studies. 6(3): 1235-1239
2840;0;Asia;Sesia apiformis;Palearctic;2011;Martin-Garcia, J., Jactel, H. and Diez, J. (2011). Patterns and monitoring of Sesia apiformis infestations in poplar plantations at different spatial scales. Journal of Applied Entomology. 135(5): 382-392
2841;0;Europe;Sesia apiformis;Palearctic;2011;Martin-Garcia, J., Jactel, H. and Diez, J. (2011). Patterns and monitoring of Sesia apiformis infestations in poplar plantations at different spatial scales. Journal of Applied Entomology. 135(5): 382-392
2842;0;Asia;Simplicia cornicalis;Oriental;2011;Dickel, T., Brou Jr., V. and Heppner, J. (2010) New North American Records Of The Asian Species, Simplicia cornicalis, in Florida and Louisiana. Lepidoptera Novae. 3(1): 53-56
2843;0;Oceania;Simplicia cornicalis;Oceanina;2011;Dickel, T., Brou Jr., V. and Heppner, J. (2010) New North American Records Of The Asian Species, Simplicia cornicalis, in Florida and Louisiana. Lepidoptera Novae. 3(1): 53-56
2844;0;Africa;Sitochroa palealis;Saharo-Arabian;2008;Passoa, S., Balogh, G. and Solis, M. (2008). Sitochroa palealis: a Palearctic pyraustine moth (Lepidoptera: Pyraloidea: Crambidae) newly introduced to North America. Proceedings of the entomological society of Washington. 110(2): 504-515
2845;0;Asia;Sitochroa palealis;Palearctic;2008;Passoa, S., Balogh, G. and Solis, M. (2008). Sitochroa palealis: a Palearctic pyraustine moth (Lepidoptera: Pyraloidea: Crambidae) newly introduced to North America. Proceedings of the entomological society of Washington. 110(2): 504-515
2846;0;Asia;Sitochroa palealis;Sino-Japanese;2008;Passoa, S., Balogh, G. and Solis, M. (2008). Sitochroa palealis: a Palearctic pyraustine moth (Lepidoptera: Pyraloidea: Crambidae) newly introduced to North America. Proceedings of the entomological society of Washington. 110(2): 504-515
2847;0;Europe;Sitochroa palealis;Palearctic;2008;Passoa, S., Balogh, G. and Solis, M. (2008). Sitochroa palealis: a Palearctic pyraustine moth (Lepidoptera: Pyraloidea: Crambidae) newly introduced to North America. Proceedings of the entomological society of Washington. 110(2): 504-515
2848;0;Europe;Spilonota laricana;Palearctic;2020;Gilligan, T., Brown, J. and Baixeras, J. (2020). Immigrant Tortricidae: Holarctic versus Introduced Species in North America. Insects. 11(594)
2849;0;Africa;Spilonota ocellana;Saharo-Arabian;2011;Byun, B. (2011). A review of the genus Spilonota Stephens (Lepidoptera: Tortricidae) in North Korea. Entomological Research. 41(6): 242-246
2850;0;Asia;Spilonota ocellana;Palearctic;2011;Byun, B. (2011). A review of the genus Spilonota Stephens (Lepidoptera: Tortricidae) in North Korea. Entomological Research. 41(6): 242-246
2851;0;Europe;Spilonota ocellana;Palearctic;1959;LeRoux, E. and Reimer, C. (1959). Variation Between Samples of Immature Stages, and of Mortalities from Some Factors, of the Eye-Spotted Bud Moth, Spilonota ocellana (D. & S.)(Lepidoptera: Olethreutidae), and the Pistol Casebearer, Coleophora serratella (L.)(Lepidoptera: Coleophoridae), on Apple in Quebec. The Canadian Entomologist. 91(7): 428-449
2852;0;North America;Hellinsia balanotes;Nearctic;2020;VanDyk, J., Sellers, E. and Bartlett, T. (2020). BugGuide - Identification, Images, & Information For Insects, Spiders & Their Kin For the United States & Canada. Version 1.5. United States Geological Survey.
2853;0;Asia;Paraswammerdamia lutarea;Palearctic;2019;Na, S., Ulziijargal, B., Lee, D. and Bae, Y. (2019). Taxonomic review of the genus Swammerdamia Hubner (Lepidoptera: Yponomeutidae) from Korea. Journal of Asia-Pacific Biodiversity. 12(1): 74-78
2854;0;Europe;Paraswammerdamia lutarea;Palearctic;2019;Na, S., Ulziijargal, B., Lee, D. and Bae, Y. (2019). Taxonomic review of the genus Swammerdamia Hubner (Lepidoptera: Yponomeutidae) from Korea. Journal of Asia-Pacific Biodiversity. 12(1): 74-78
2855;0;Asia;Swammerdamia pyrella;Palearctic;2019;Na, S., Ulziijargal, B., Lee, D. and Bae, Y. (2019). Taxonomic review of the genus Swammerdamia Hubner (Lepidoptera: Yponomeutidae) from Korea. Journal of Asia-Pacific Biodiversity. 12(1): 74-78
2856;0;Europe;Swammerdamia pyrella;Palearctic;2019;Na, S., Ulziijargal, B., Lee, D. and Bae, Y. (2019). Taxonomic review of the genus Swammerdamia Hubner (Lepidoptera: Yponomeutidae) from Korea. Journal of Asia-Pacific Biodiversity. 12(1): 74-78
2857;0;Asia;Synanthedon myopaeformis;Palearctic;2010;Lopez-Vaamonde, C., Agassiz, D., Augustin, S., De Prins, J., De Prins, W., Gomboc, S., ... and Lees, D. (2010). Lepidoptera. Chapter 11. BioRisk 4: 603-668
2858;0;Europe;Synanthedon myopaeformis;Palearctic;2010;Lopez-Vaamonde, C., Agassiz, D., Augustin, S., De Prins, J., De Prins, W., Gomboc, S., ... and Lees, D. (2010). Lepidoptera. Chapter 11. BioRisk 4: 603-668
2859;0;Africa;Hellula undalis;Afrotropical;2011;Ebenebe, A., Achari, S., Chand, N., Krishna, A. and Baleisuva, S. (2011). The cabbage webworm (Hellula undalis) on tickweed (Cleome viscosa) in Samoa. The South Pacific Journal of Natural and Applied Sciences. 29(1): 1-6
2860;0;Africa;Hellula undalis;Saharo-Arabian;2011;Ebenebe, A., Achari, S., Chand, N., Krishna, A. and Baleisuva, S. (2011). The cabbage webworm (Hellula undalis) on tickweed (Cleome viscosa) in Samoa. The South Pacific Journal of Natural and Applied Sciences. 29(1): 1-6
2861;0;Asia;Hellula undalis;Oriental;2011;Ebenebe, A., Achari, S., Chand, N., Krishna, A. and Baleisuva, S. (2011). The cabbage webworm (Hellula undalis) on tickweed (Cleome viscosa) in Samoa. The South Pacific Journal of Natural and Applied Sciences. 29(1): 1-6
2862;0;Asia;Hellula undalis;Palearctic;2011;Ebenebe, A., Achari, S., Chand, N., Krishna, A. and Baleisuva, S. (2011). The cabbage webworm (Hellula undalis) on tickweed (Cleome viscosa) in Samoa. The South Pacific Journal of Natural and Applied Sciences. 29(1): 1-6
2863;0;Asia;Hellula undalis;Sino-Japanese;2011;Ebenebe, A., Achari, S., Chand, N., Krishna, A. and Baleisuva, S. (2011). The cabbage webworm (Hellula undalis) on tickweed (Cleome viscosa) in Samoa. The South Pacific Journal of Natural and Applied Sciences. 29(1): 1-6
2864;0;Europe;Hellula undalis;Palearctic;2011;Ebenebe, A., Achari, S., Chand, N., Krishna, A. and Baleisuva, S. (2011). The cabbage webworm (Hellula undalis) on tickweed (Cleome viscosa) in Samoa. The South Pacific Journal of Natural and Applied Sciences. 29(1): 1-6
2865;0;Africa;Trachylepidia fructicassiella;Afrotropical;1917;Hampson, G. (1917). A classification of the Pyralidae, subfamily Gallerianae. Novitates Zoologicae. 24(1): 17-58
2866;0;Africa;Trachylepidia fructicassiella;Saharo-Arabian;1917;Hampson, G. (1917). A classification of the Pyralidae, subfamily Gallerianae. Novitates Zoologicae. 24(1): 17-58
2867;0;Asia;Trachylepidia fructicassiella;Oriental;1917;Hampson, G. (1917). A classification of the Pyralidae, subfamily Gallerianae. Novitates Zoologicae. 24(1): 17-58
2868;0;North America;Urania fulgens;Panamanian;2010;Sane, S., Srygley, R.and Dudley, R. (2010). Antennal regulation of migratory flight in the neotropical moth Urania fulgens. Biology Letters, 6(3): 406-409
2869;0;South America;Urania fulgens;Neotropical;2010;Sane, S., Srygley, R.and Dudley, R. (2010). Antennal regulation of migratory flight in the neotropical moth Urania fulgens. Biology Letters, 6(3): 406-409
2870;0;Europe;Xestia xanthographa;Palearctic;2020;Crabo, L. and Holden, D. (2020). A Review of Established Accidentally-Introduced Noctuoidea in the Pacific Northwest Region of North America, with First Report of the Eurasian Cutworm Mesapamea secalis (L.)(Noctuidae, Noctuinae, Apameini) for North America. The Journal of the Lepidopterists Society. 74(2): 95-105
2871;0;Asia;Yponomeuta padella;Palearctic;2022;Beljaev, E., Vasilenko, S. and Dubatolov, V. (2022). Fauna of the geometrid moths (Lepidoptera, Geometridae) of the eastern Sikhote-Alin in the Botchinsky Reserve II. Subfamilies Larentiinae and Sterrhinae, and zoogeographical analysis. Amurian Zoological Journal. 14(4): 676-707
2872;0;Asia;Ypsolopha dentella;Palearctic;2002;Gershenson, Z, Pavl√≠cek, T., Chikatunov, V. and Nevo, E. (2002). New records of Yponomeutoid moths (Lepidoptera, Yponomeutidae, Plutellidae) from Israel. Vestnik zoologii, 36(5): 77‚Äî80
2873;0;Europe;Ypsolopha dentella;Palearctic;2024;Wenninger, A. (2024). Defoliation of haskap shoots by the honeysuckle moth in Southcentral Alaska. AKES Newsletter, 16(1)
2874;0;Africa;Hofmannophila pseudospretella;Saharo-Arabian;2010;Lopez-Vaamonde, C., Agassiz, D., Augustin, S., De Prins, J., De Prins, W., Gomboc, S., ... and Lees, D. (2010). Lepidoptera. Chapter 11. BioRisk 4: 603-668
2875;0;Europe;Hofmannophila pseudospretella;Palearctic;2010;Lopez-Vaamonde, C., Agassiz, D., Augustin, S., De Prins, J., De Prins, W., Gomboc, S., ... and Lees, D. (2010). Lepidoptera. Chapter 11. BioRisk 4: 603-668
2876;0;Africa;Zeuzera pyrina;Afrotropical;1909;Howard, L. and Chittenden, F. (1909). The Leopard Moth:(Zeuzera Pyrina Fab.).  US Department of Agriculture Bureau of Entomology Circular. 109: July 6, 1909
2877;0;Africa;Zeuzera pyrina;Saharo-Arabian;1909;Howard, L. and Chittenden, F. (1909). The Leopard Moth:(Zeuzera Pyrina Fab.).  US Department of Agriculture Bureau of Entomology Circular. 109: July 6, 1909
2878;0;Asia;Zeuzera pyrina;Palearctic;1909;Howard, L. and Chittenden, F. (1909). The Leopard Moth:(Zeuzera Pyrina Fab.).  US Department of Agriculture Bureau of Entomology Circular. 109: July 6, 1909
2879;0;Europe;Zeuzera pyrina;Palearctic;1909;Howard, L. and Chittenden, F. (1909). The Leopard Moth:(Zeuzera Pyrina Fab.).  US Department of Agriculture Bureau of Entomology Circular. 109: July 6, 1909
2880;0;Africa;Lobesia botrana;Saharo-Arabian;2011;Gilligan, T., Epstein, M., Passoa, S., Powell, J., Sage, O. and Brown, J. (2011). Discovery of Lobesia botrana ([Denis & Schiffermuller]) in California: An invasive species new to North America (Lepidoptera: Tortricidae). Proceedings of the Entomological Society of Washington. 1113(1): 14-30
2881;0;Asia;Lobesia botrana;Palearctic;2011;Gilligan, T., Epstein, M., Passoa, S., Powell, J., Sage, O. and Brown, J. (2011). Discovery of Lobesia botrana ([Denis & Schiffermuller]) in California: An invasive species new to North America (Lepidoptera: Tortricidae). Proceedings of the Entomological Society of Washington. 1113(1): 14-30
2882;0;Asia;Lobesia botrana;Saharo-Arabian;2011;Gilligan, T., Epstein, M., Passoa, S., Powell, J., Sage, O. and Brown, J. (2011). Discovery of Lobesia botrana ([Denis & Schiffermuller]) in California: An invasive species new to North America (Lepidoptera: Tortricidae). Proceedings of the Entomological Society of Washington. 1113(1): 14-30
2883;0;South America;Achyra similalis;Neotropical;2021;Turner, R., Blake, R., Mally, R., and Liebhold, A. (2024). International Non-native Insect Establishment Data (0.2.1) [Data set]. Zenodo.
2884;0;South America;Anacampsis humilis;Neotropical;2022;Mally, R., Turner, R., Blake, R., Fenn-Moltu, G., Bertelsmeier, C., Brockerhoff, E., ... and Liebhold, A. (2022), Moths and butterflies on alien shores - global biogeography of non-native Lepidoptera. Dryad, Dataset. Available at: https://doi.org/10.5061/dryad.31zcrjdnw
2885;0;Africa;Leucoptera sinuella;Saharo-Arabian;1964;Kuroko, H. (1964). Revisional studies on the family Lyonetiidae of Japan (Lepidoptera). ESAKIA. 4: 1-61
2886;0;Asia;Leucoptera sinuella;Palearctic;2023;Canete-Salinas, P., de la Fuente-Saiz, D., Yanez-Segovia, S., Guajardo, J., Venegas, J., Zamudio, F., ... and Fuentes-Contreras, E. (2024). Use of satellite images to monitor Leucoptera sinuella leaf damage in poplar plantations in central Chile. New Forests. 1-14
2887;0;Europe;Leucoptera sinuella;Palearctic;2023;Canete-Salinas, P., de la Fuente-Saiz, D., Yanez-Segovia, S., Guajardo, J., Venegas, J., Zamudio, F., ... and Fuentes-Contreras, E. (2024). Use of satellite images to monitor Leucoptera sinuella leaf damage in poplar plantations in central Chile. New Forests. 1-14
2888;0;North America;Hyles lineata;Nearctic;2005;Hundsdoerfer, A., Kitching, I. and Wink, M. (2005). A molecular phylogeny of the hawkmoth genus Hyles (Lepidoptera: Sphingidae, Macroglossinae). Molecular Phylogenetics and Evolution. 35(2): 442-458
2889;0;North America;Hyles lineata;Panamanian;2005;Hundsdoerfer, A., Kitching, I. and Wink, M. (2005). A molecular phylogeny of the hawkmoth genus Hyles (Lepidoptera: Sphingidae, Macroglossinae). Molecular Phylogenetics and Evolution. 35(2): 442-458
2890;0;South America;Hyles lineata;Neotropical;2005;Hundsdoerfer, A., Kitching, I. and Wink, M. (2005). A molecular phylogeny of the hawkmoth genus Hyles (Lepidoptera: Sphingidae, Macroglossinae). Molecular Phylogenetics and Evolution. 35(2): 442-458
2891;0;South America;Scrobipalpula densata;Neotropical;2019;Vargas, H. (2019). A new species of Scrobipalpula Povoln√Ω (Lepidoptera: Gelechiidae) associated with Baccharis salicifolia (Asteraceae) in the Atacama Desert of northern Chile, Studies on Neotropical Fauna and Environment, 54(3): 217-224
2892;0;North America;Cryptographis nitidalis;Panamanian;2005;Capinera, J. (2005). Melonworm, Diaphania hyalinata Linnaeus (Insecta: Lepidoptera: Pyralidae). EENY163. Florida Cooperation Extension Service, Institute of Food and Agricultural Sciences, University of Florida, Gainesville, Florida.
2893;0;South America;Cryptographis nitidalis;Neotropical;2005;Capinera, J. (2005). Melonworm, Diaphania hyalinata Linnaeus (Insecta: Lepidoptera: Pyralidae). EENY163. Florida Cooperation Extension Service, Institute of Food and Agricultural Sciences, University of Florida, Gainesville, Florida.
2894;0;South America;Hemiargus ramon;Neotropical;1997;Roque Albelo, L., Bedon, V. and Lamas, G. (1997). Hemiargus ramon (Dognin, 1887) (Lycaenidae: Polyommatinae) A new resident butterfly of the Gal√°pagos Islands. Noticias de Galapagos, 58: 29
2895;0;Africa;Caradrina kadenii;Saharo-Arabian;1982;De-Gregorio, J. (1982). Las Platyperigea Smith, 1894 (insectivora. Lepidoptera) de Catalu√±a y Baleares. Bolletin de la Societat dHistoria Natural de les Balears, 26: 151-156
2896;0;Asia;Caradrina kadenii;Palearctic;1982;De-Gregorio, J. (1982). Las Platyperigea Smith, 1894 (insectivora. Lepidoptera) de Catalu√±a y Baleares. Bolletin de la Societat dHistoria Natural de les Balears, 26: 151-156
2897;0;Europe;Caradrina kadenii;Palearctic;1982;De-Gregorio, J. (1982). Las Platyperigea Smith, 1894 (insectivora. Lepidoptera) de Catalu√±a y Baleares. Bolletin de la Societat dHistoria Natural de les Balears, 26: 151-156
2898;0;Asia;Catocala fraxini;Palearctic;2011;Ishizuka, K., Shinkawa, T., Endo, H. and Nonaka, M. (2011). Molecular phylogeny of Japanese Catocala moths based on nucleotide sequences of the mitochondrial ND5 gene. Zoological science, 28(12): 910-915
2899;0;Europe;Catocala fraxini;Palearctic;2011;Ishizuka, K., Shinkawa, T., Endo, H. and Nonaka, M. (2011). Molecular phylogeny of Japanese Catocala moths based on nucleotide sequences of the mitochondrial ND5 gene. Zoological science, 28(12): 910-915
2900;0;Asia;Clostera anachoreta;Palearctic;2024;Efimov, D., Korshunov, A., Morozov, P. and Yakovlev, R. (2024). Notodontidae (Lepidoptera) of Kemerovo Province (Southern Siberia, Russia). Acta Biologica Sibirica, 10: 361-373
2901;0;Europe;Clostera anachoreta;Palearctic;2024;Efimov, D., Korshunov, A., Morozov, P. and Yakovlev, R. (2024). Notodontidae (Lepidoptera) of Kemerovo Province (Southern Siberia, Russia). Acta Biologica Sibirica, 10: 361-373
2902;0;Europe;Conistra rubiginosa;Palearctic;2007;Khramov, P. (Ed.) (2007). Insecta.pro: international entomological community. Available online at: https://insecta.pro
2903;0;North America;Cosmopterix pulchrimella;Nearctic;2002;Bernardo, U. and Viggiani, G. (2002). Notizie biologiche sul Necremnus tidius (Walker)(Hymenoptera: Eulophidae), ectoparassitoide di Cosmopterix pulchrimella Chambers (Lepidoptera: Cosmopterigidae). Bollettino del Laboratorio di Entomologia Agraria Filippo Silvestri, 58: 87-92
2904;0;Africa;Cryphia algae;Saharo-Arabian;2015;Gomboc, S. and Koren, T. (2015). The distribution of Cryphia ochsi Boursin, 1940 and Cryphia algae (Fabricius, 1775)(Lepidoptera: Noctuidae) in Slovenia and Croatia. Acta entomologica slovenica. 23(2): 117-34
2905;0;Asia;Cryphia algae;Oriental;2020;Roy, D., Alderman, D., Anastasiu, P., Arianoutsou, M., Augustin, S., Bacher, S., ... and Reyserhove, L., (2020). DAISIE - Delivering Alien Invasive Species Inventories for Europe. Available at: http://www.europe-aliens.org/
2906;0;Asia;Cryphia algae;Palearctic;2020;Roy, D., Alderman, D., Anastasiu, P., Arianoutsou, M., Augustin, S., Bacher, S., ... and Reyserhove, L., (2020). DAISIE - Delivering Alien Invasive Species Inventories for Europe. Available at: http://www.europe-aliens.org/
2907;0;Asia;Cryphia algae;Sino-Japanese;2020;Roy, D., Alderman, D., Anastasiu, P., Arianoutsou, M., Augustin, S., Bacher, S., ... and Reyserhove, L., (2020). DAISIE - Delivering Alien Invasive Species Inventories for Europe. Available at: http://www.europe-aliens.org/
2908;0;Europe;Cryphia algae;Palearctic;2020;Roy, D., Alderman, D., Anastasiu, P., Arianoutsou, M., Augustin, S., Bacher, S., ... and Reyserhove, L., (2020). DAISIE - Delivering Alien Invasive Species Inventories for Europe. Available at: http://www.europe-aliens.org/
2909;0;Europe;Cydia illutana;Palearctic;2020;Roy, D., Alderman, D., Anastasiu, P., Arianoutsou, M., Augustin, S., Bacher, S., ... and Reyserhove, L., (2020). DAISIE - Delivering Alien Invasive Species Inventories for Europe. Available at: http://www.europe-aliens.org/
2910;0;Asia;Ischyja manlia;Oriental;2005;Sohn, J., Choi, S. and Cho, S. (2005). A new record of Ischyja manlia (Cramer)(Lepidoptera: Noctuidae: Catocalinae) from Korea. Entomological Research, 35(2): 107-110
2911;0;Europe;Cydia medicaginis;Palearctic;2007;Smith, R., Baker, R., Malumphy, C., Hockland, S., Hammon, R., Ostoja-Starzewski, J. and Collins, D. (2007). Recent non-native invertebrate plant pest establishments in Great Britain: origins, pathways, and trends. Agricultural and Forest Entomology. 9(4): 307-326
2912;0;Africa;Ectoedemia heringella;Saharo-Arabian;2020;Roy, D., Alderman, D., Anastasiu, P., Arianoutsou, M., Augustin, S., Bacher, S., ... and Reyserhove, L., (2020). DAISIE - Delivering Alien Invasive Species Inventories for Europe. Available at: http://www.europe-aliens.org/
2913;0;Europe;Ectoedemia heringella;Palearctic;2020;Roy, D., Alderman, D., Anastasiu, P., Arianoutsou, M., Augustin, S., Bacher, S., ... and Reyserhove, L., (2020). DAISIE - Delivering Alien Invasive Species Inventories for Europe. Available at: http://www.europe-aliens.org/
2914;0;Africa;Gelechia senticetella;Saharo-Arabian;2020;Roy, D., Alderman, D., Anastasiu, P., Arianoutsou, M., Augustin, S., Bacher, S., ... and Reyserhove, L., (2020). DAISIE - Delivering Alien Invasive Species Inventories for Europe. Available at: http://www.europe-aliens.org/
2915;0;Europe;Gelechia senticetella;Palearctic;2023;Karsholt, O., Baldizzone, G. and Gomboc, S. (2023). Overview of the Gelechiidae Moths (Lepidoptera) of Krk Island, Croatia: Diversity, Distribution and Ecological Insights. GORTANIA Botanica, Zoologia. 45: 95-124
2916;0;South America;Lantanophaga pusillidactylus;Neotropical;2020;Demetriou, J., Kazilas, C., Koutsoukos, E. and Kalaentzis, K. (2020). ? new tropical invader in Greece: The lantana plume moth Lantanophaga pusillidactylus (Lepidoptera: Pterophoridae). Entomologia Hellenica. 29(1): 1-7
2917;0;Europe;Noctua janthina;Palearctic;2024;Broad, G. (2024). The genome sequence of Langmaid‚Äôs Yellow Underwing moth, Noctua janthina (Denis & Schifferm√ºller) 1775. Wellcome Open Research, 9: 592
2918;0;Asia;Pennisetia hylaeiformis;Palearctic;2010;Lopez-Vaamonde, C., Agassiz, D., Augustin, S., De Prins, J., De Prins, W., Gomboc, S., ... and Lees, D. (2010). Lepidoptera. Chapter 11. BioRisk 4: 603-668
2919;0;Europe;Pennisetia hylaeiformis;Palearctic;2010;Lopez-Vaamonde, C., Agassiz, D., Augustin, S., De Prins, J., De Prins, W., Gomboc, S., ... and Lees, D. (2010). Lepidoptera. Chapter 11. BioRisk 4: 603-668
2920;0;Europe;Thera cupressata;Palearctic;2020;Vieira, V. (2020). First record of Thera cupressata (Geyer,[1831]) for the Azores islands (Portugal)(Lepidoptera: Geometridae). SHILAP Revista de Lepidopterologia. 48(189): 83-87
2921;0;Europe;Vitula biviella;Palearctic;1999;Parsons, M. and Clancy, S. (1999). Vitula biviella (Zeller)(Lepidoptera: Pyralidae), a newly recognised British species. Entomologists Gazette 50(2): 77-82
2922;0;Asia;Condica dolorosa;Oriental;2024;Holloway, J. (2024). Moths of Borneo 12. Family Notuidae, Trifine. Subfamilies: Noctuinae, Heliothinae, Hadeninae, Acronictinae, Amphipyrinae, Agaristinae. Southdene Sdn. Available at: https://www.mothsofborneo.com/part-12/index.htm
2923;0;Australia;Condica dolorosa;Australian;2024;Holloway, J. (2024). Moths of Borneo 12. Family Notuidae, Trifine. Subfamilies: Noctuinae, Heliothinae, Hadeninae, Acronictinae, Amphipyrinae, Agaristinae. Southdene Sdn. Available at: https://www.mothsofborneo.com/part-12/index.htm
2924;0;North America;Agrotis subterranea;Nearctic;2014;Prestes, A. (2014). A New Exotic Noctuid for the Hawaiian Archipelago: Feltia subterranea (Fabricius) (Lepidoptera: Noctuidae: Noctuinae). The Journal of the Lepidopterists Society. 68(3): 220-221
2925;0;South America;Agrotis subterranea;Neotropical;2014;Prestes, A. (2014). A New Exotic Noctuid for the Hawaiian Archipelago: Feltia subterranea (Fabricius) (Lepidoptera: Noctuidae: Noctuinae). The Journal of the Lepidopterists Society. 68(3): 220-221
2926;0;South America;Agrotis subterranea;Panamanian;2014;Prestes, A. (2014). A New Exotic Noctuid for the Hawaiian Archipelago: Feltia subterranea (Fabricius) (Lepidoptera: Noctuidae: Noctuinae). The Journal of the Lepidopterists Society. 68(3): 220-221
2927;0;Asia;Leucania stenographa;Oriental;2025;PaDIL (2025). The Pest and Disease Image Library (PaDIL). Available at: https://www.padil.gov.au/
2928;0;Asia;Leucania stenographa;Palearctic;2025;PaDIL (2025). The Pest and Disease Image Library (PaDIL). Available at: https://www.padil.gov.au/
2929;0;Asia;Leucania stenographa;Sino-Japanese;2025;PaDIL (2025). The Pest and Disease Image Library (PaDIL). Available at: https://www.padil.gov.au/
2930;0;Europe;Leucania stenographa;Palearctic;2025;PaDIL (2025). The Pest and Disease Image Library (PaDIL). Available at: https://www.padil.gov.au/
2931;0;North America;Thessalia theona;Nearctic;2023;Wahlberg, E. (Ed.) (2023). The Nymphalidae Systematics Group - The butterflies. Available online at: Nymphalidae.com
2932;0;South America;Thessalia theona;Neotropical;2023;Wahlberg, E. (Ed.) (2023). The Nymphalidae Systematics Group - The butterflies. Available online at: Nymphalidae.com
2933;0;Europe;Leucoptera spartifoliella;Palearctic;1964;Frick, K. (1964). Leucoptera spartifoliella, an introduced enemy of Scotch broom in the western United States. Journal of Economic Entomology. 57(4): 589-591
2934;0;North America;Lorita baccharivora;Nearctic;1988;Diatloff, G. and Palmer, W. (1988). The host specificity and biology of Aristotella ivae Busck (Gelechiidae) and Lorita baccharivora Pogue (Tortricidae), two microlepidoptera selected as biological control agents for Baccharis halimifolia (Asteraceae) in Australia. Proceedings of the Entomological Society of Washington, 90(4), 458-461
2935;0;Asia;Papilio helenus;Oriental;2013;Goode, M. and Burk, D. (2013). A new subspecies of Papilio helenus Linnaeus, 1758 (Lepidoptera: Papilionidae) from Simeulue Island, Indonesia. Butterflies (Teinopalpus), (63): 53-55
2936;0;Asia;Papilio helenus;Sino-Japanese;2013;Goode, M. and Burk, D. (2013). A new subspecies of Papilio helenus Linnaeus, 1758 (Lepidoptera: Papilionidae) from Simeulue Island, Indonesia. Butterflies (Teinopalpus), (63): 53-55
2937;0;Europe;Agonopterix assimilella;Palearctic;2021;Turner, R., Blake, R., Mally, R., and Liebhold, A. (2024). International Non-native Insect Establishment Data (0.2.1) [Data set]. Zenodo.
2938;0;North America;Loxomorpha flavidissimalis;Nearctic;2019;Gonzalez-Hernandez, A., Lopez-Martinez, V., Solis, M., Guillen-Sanchez, D. and Burgos-Solorio, A. (2019). First report of range expansion of the cactus webworm, Loxomorpha flavidissimalis (Grote)(Pyraloidea: Crambidae), to central Mexico and central Texas, USA. Florida Entomologist, 102(3): 638-641
2939;0;Asia;Depressaria discipunctella;Palearctic;2016;Harrison, T., Dean, C., Parks, K. and Berenbaum, M. (2016). Depressaria depressana (Fabricius)(Depressariidae), new to the Midwestern USA. The Journal of the Lepidopterists Society. 70(2): 169-173
2940;0;Europe;Depressaria discipunctella;Palearctic;2016;Harrison, T., Dean, C., Parks, K. and Berenbaum, M. (2016). Depressaria depressana (Fabricius)(Depressariidae), new to the Midwestern USA. The Journal of the Lepidopterists Society. 70(2): 169-173
2941;0;Asia;Platyptilia isodactylus;Palearctic;2008;Hao, S. (2008). New Recorded Species of Pterophoridae from China (Lepidoptera: Pterophoridae). Sichuan Journal of Zoology, 27(5): 815-817
2942;0;Europe;Platyptilia isodactylus;Palearctic;2008;Hao, S. (2008). New Recorded Species of Pterophoridae from China (Lepidoptera: Pterophoridae). Sichuan Journal of Zoology, 27(5): 815-817
2943;0;;Stathmopoda auriferella;Saharo-Arabian;2018;Park, K., Cho, S., Na, S., Shin, Y. and Kim, S. (2018). Genus Stathmopoda Herrich-Shaffer (Lepidoptera, Stathmopodidae) from the Korean Peninsula with two new species. Journal of Asia-Pacific Biodiversity, 11(2): 259-266
2944;0;Africa;Stathmopoda auriferella;Afrotropical;2018;Park, K., Cho, S., Na, S., Shin, Y. and Kim, S. (2018). Genus Stathmopoda Herrich-Shaffer (Lepidoptera, Stathmopodidae) from the Korean Peninsula with two new species. Journal of Asia-Pacific Biodiversity, 11(2): 259-266
2945;0;Asia;Cucullia umbratica;Palearctic;2010;Handfield, L. and Handfield, D. (2010). Cucullia umbratica (Lepidoptera, Noctuidae), a new European noctuid in North America. ZooKeys. 39: 183-186
2946;0;Europe;Cucullia umbratica;Palearctic;2010;Handfield, L. and Handfield, D. (2010). Cucullia umbratica (Lepidoptera, Noctuidae), a new European noctuid in North America. ZooKeys. 39: 183-186
2947;0;Asia;Dinumma deponens;Oriental;2013;Adams, J., Zandt, P. and Neal, T. (2013). Dinumma deponens, Walker 1858 (Erebidae) is here to stay. News of the Lepidopterists Society. 55(4): 176-177
2948;0;Asia;Dinumma deponens;Palearctic;2013;Adams, J., Zandt, P. and Neal, T. (2013). Dinumma deponens, Walker 1858 (Erebidae) is here to stay. News of the Lepidopterists Society. 55(4): 176-177
2949;0;Asia;Dinumma deponens;Sino-Japanese;2013;Adams, J., Zandt, P. and Neal, T. (2013). Dinumma deponens, Walker 1858 (Erebidae) is here to stay. News of the Lepidopterists Society. 55(4): 176-177
2950;0;Asia;Maruca vitrata;Oriental;2014;Agunbiade, T., Coates, B., Datinon, B., Djouaka, R., Sun, W., Tamo, M. and Pittendrigh, B. (2014). Genetic differentiation among Maruca vitrata F.(Lepidoptera: Crambidae) populations on cultivated cowpea and wild host plants: implications for insect resistance management and biological control strategies. PLoS One. 9(3): e92072
2951;0;Asia;Maruca vitrata;Palearctic;2014;Agunbiade, T., Coates, B., Datinon, B., Djouaka, R., Sun, W., Tamo, M. and Pittendrigh, B. (2014). Genetic differentiation among Maruca vitrata F.(Lepidoptera: Crambidae) populations on cultivated cowpea and wild host plants: implications for insect resistance management and biological control strategies. PLoS One. 9(3): e92072
2952;0;Asia;Maruca vitrata;Sino-Japanese;2014;Agunbiade, T., Coates, B., Datinon, B., Djouaka, R., Sun, W., Tamo, M. and Pittendrigh, B. (2014). Genetic differentiation among Maruca vitrata F.(Lepidoptera: Crambidae) populations on cultivated cowpea and wild host plants: implications for insect resistance management and biological control strategies. PLoS One. 9(3): e92072
2953;0;North America;Empyreuma pugione;Panamanian;2013;McAuslane, H. (1997). Featured Creatures - Empyreuma pugione (Linnaeus) (Insecta: Lepidoptera: Erebidae: Arctiinae). Available at: https://entnemdept.ufl.edu/creatures/orn/spotted_oleander_caterpillar.htm
2954;0;Europe;Mesapamea secalis;Palearctic;2020;Crabo, L. and Holden, D. (2020). A Review of Established Accidentally-Introduced Noctuoidea in the Pacific Northwest Region of North America, with First Report of the Eurasian Cutworm Mesapamea secalis (L.)(Noctuidae, Noctuinae, Apameini) for North America. The Journal of the Lepidopterists Society. 74(2): 95-105
2955;0;Europe;Nola cucullatella;Palearctic;2013;Moreno, A. (1997). Nola cucullatella (Linnaeus, 1758) un Complejo de Especies (Lepidoptera: Nolidae). Sesion Homenaje al Profesor Garcia de Viedma. Escuela Tecnica Superior de Ingenieros de Montes. 86-105
2956;0;Asia;Oligia latruncula;Palearctic;2010;Moyal, P., Le Ru, B., Conlong, D., Cugala, D., Defabachew, B., Matama-Kauma, T., ... and Van den Berg, J. (2010). Systematics and molecular phylogeny of two African stem borer genera, Sciomesa Tams and Bowden and Carelis Bowden (Lepidoptera: Noctuidae). Bulletin of Entomological Research. 100(6): 641-659
2957;0;Europe;Oligia latruncula;Palearctic;2010;Moyal, P., Le Ru, B., Conlong, D., Cugala, D., Defabachew, B., Matama-Kauma, T., ... and Van den Berg, J. (2010). Systematics and molecular phylogeny of two African stem borer genera, Sciomesa Tams and Bowden and Carelis Bowden (Lepidoptera: Noctuidae). Bulletin of Entomological Research. 100(6): 641-659
2958;0;Asia;Oligia strigilis;Palearctic;2024;Broad, G., Natural History Museum Genome Acquisition Lab, Darwin Tree of Life Barcoding collective. (2024). The genome sequence of the Marbled Minor moth, Oligia strigilis (Linnaeus, 1758). Wellcome Open Research. 9: 282
2959;0;Europe;Oligia strigilis;Palearctic;2024;Broad, G., Natural History Museum Genome Acquisition Lab, Darwin Tree of Life Barcoding collective. (2024). The genome sequence of the Marbled Minor moth, Oligia strigilis (Linnaeus, 1758). Wellcome Open Research. 9: 282
2960;0;Europe;Dryobotodes tenebrosa;Palearctic;2017;Perez, J. and Perez, R.  (2017). Dryobotodes (Dichonioxa) tenebrosa (Esper,[1789])(Lepidoptera, Noctuidae, Hadeninae) en Orense (Galicia, NO Espana). Burbug 38
2961;0;Asia;Eupithecia ultimaria;Palearctic;2022;Koren, T. (2022). The Diversity of Moths (Lepidoptera: Heterocera) of Significant Landscape Donji Kamenjak and Medulin Archipelago, Istria, Croatia. In Annales: Series Historia Naturalis (Vol. 32, No. 1, pp. 237-260). Scientific and Research Center of the Republic of Slovenia.
2962;0;Europe;Eupithecia ultimaria;Palearctic;2022;Koren, T. (2022). The Diversity of Moths (Lepidoptera: Heterocera) of Significant Landscape Donji Kamenjak and Medulin Archipelago, Istria, Croatia. In Annales: Series Historia Naturalis (Vol. 32, No. 1, pp. 237-260). Scientific and Research Center of the Republic of Slovenia.
2963;1;;Monopis monachella;;2011;Huang, G. H., Chen, L. S., Hirowatari, T., Nasu, Y., and Wang, M. (2011). A revision of the Monopis monachella species complex (Lepidoptera: Tineidae) from China. Zoological Journal of the Linnean Society, 163(1), 1-14.
2964;0;Europe;Earias insulana;Palearctic;2008;"Dantart, J., & Cervello, A. (2008). Revisió de les espècies del gènere Earias Hübner,[1825], a Catalunya (Lepidoptera; Nolidae). Butlletí. Societat Catalana de Lepidopterologia, (99), 17-46."
2965;0;Africa;Earias insulana;Saharo-Arabian;2008;"Dantart, J., & Cervello, A. (2008). Revisió de les espècies del gènere Earias Hübner,[1825], a Catalunya (Lepidoptera; Nolidae). Butlletí. Societat Catalana de Lepidopterologia, (99), 17-46."
2966;0;Africa;Earias insulana;Afrotropical;2008;"Dantart, J., & Cervello, A. (2008). Revisió de les espècies del gènere Earias Hübner,[1825], a Catalunya (Lepidoptera; Nolidae). Butlletí. Societat Catalana de Lepidopterologia, (99), 17-46."
2967;0;Africa;Earias insulana;Madagascan;2008;"Dantart, J., & Cervello, A. (2008). Revisió de les espècies del gènere Earias Hübner,[1825], a Catalunya (Lepidoptera; Nolidae). Butlletí. Societat Catalana de Lepidopterologia, (99), 17-46."
2968;0;Asia;Earias insulana;Oriental;2008;"Dantart, J., & Cervello, A. (2008). Revisió de les espècies del gènere Earias Hübner,[1825], a Catalunya (Lepidoptera; Nolidae). Butlletí. Societat Catalana de Lepidopterologia, (99), 17-46."
2969;0;Africa;Chloroclystis latifasciata;Madagascan;2024;de Prins J. and de Prins W. (2024). Afromoths, online database of Afrotropical moth species (Lepidoptera). Available at: http://www.afromoths.net
2970;0;Asia;Conogethes punctiferalis;Oriental;2024;Turner, R., Blake, R., Mally, R., and Liebhold, A. (2024). International Non-native Insect Establishment Data (0.2.1) [Data set]. Zenodo.
2971;0;Australia;Conogethes punctiferalis;Australian;2024;Turner, R., Blake, R., Mally, R., and Liebhold, A. (2024). International Non-native Insect Establishment Data (0.2.1) [Data set]. Zenodo.
2972;1;;Lindera tessellatella;;2001;Hoare, R. (2001). Adventive species of Lepidoptera recorded for the first time in New Zealand since 1988. New Zealand Entomologist. 24: 23-47
2973;0;Australia;Sperchia intractana;Australian;1981;Benn, M. H., Galbreath, R. A., Holt, V. A., and Young, H. (1981). A Sex Attractant for Sperchia in tractana Walker (Lepidoptera: Tortricidae) in New Zealand. Zeitschrift für Naturforschung C, 36(1-2), 178-179.
2974;1;;Corcyra cephalonica;;1934;Ayyar, P. (1934). A very destructive Pest of Stored Products in South India, Corcyra Cephalonica, Staint. (Lep.). Bulletin of Entomological Research, 25(2), 155–169.
2975;0;Europe;Friedlanderia cicatricella;Palearctic;2012;Davis, T. (2012). A Review of the Status of Microlepidoptera in Britain. Butterfly Conservation Report No. S12-02. Butterfly Conservation, Wareham.
2976;0;Europe;Friedlanderia cicatricella;Palearctic;2016;Roohigohar, S., Alipanah, H. and Imani, S. (2016). Crambinae of Iran (Lepidoptera: Pyraloidea, Crambidae). SHILAP Revista de lepidopterología, 44(175), 473-518.
2977;0;Asia;Friedlanderia cicatricella;Palearctic;2016;Roohigohar, S., Alipanah, H. and Imani, S. (2016). Crambinae of Iran (Lepidoptera: Pyraloidea, Crambidae). SHILAP Revista de lepidopterología, 44(175), 473-518.
2978;0;Europe;Oinophila v-flava;Palearctic;1978;Davis, D. R. (1978). The North American moths of the genera Phaeoses, Opogona, and Oinophila, with a discussion of their supergeneric affinities (Lepidoptera: Tineidae) (No. 282, pp. 39-pp). Smithsonian Institution Press.
2979;0;Africa;Oinophila v-flava;Afrotropical;1978;Davis, D. R. (1978). The North American moths of the genera Phaeoses, Opogona, and Oinophila, with a discussion of their supergeneric affinities (Lepidoptera: Tineidae) (No. 282, pp. 39-pp). Smithsonian Institution Press.
2980;0;Europe;Etiella zinckenella;Palearctic;2024;Turner, R., Blake, R., Mally, R., and Liebhold, A. (2024). International Non-native Insect Establishment Data (0.2.1) [Data set]. Zenodo.
2981;1;;Nemapogon granella;;2015;Osada, Y., Miyamoto, Y., Sakai, M., Yoshimatsu, S., Huang, G. and Hirowatari, T. (2015). A revision of the genus Nemapogon Schrank (Lepidoptera, Tineidae) including a stored grain pest, N. granella, from Japan. Applied entomology and zoology, 50(3), 297-309.
2982;1;;Pyralis farinalis;;1954;Mallis, A. (1954). Handbook of Pest Control. The Behavior, Life History, and Control of Household Pests.  MacNair-Dorland Co.
2983;0;North America;Stegasta basqueella;Nearctic;2024;Turner, R., Blake, R., Mally, R., and Liebhold, A. (2024). International Non-native Insect Establishment Data (0.2.1) [Data set]. Zenodo.
2984;0;Europe;Cadra cautella;Palearctic;2025;Al-Khalidi, N. and Al-Zurfi, S. (2025). First morphological and molecular identification of mealybug Cadra cautella (Lepidoptera: Pyralidae) in Karbala, Iraq. Journal of Kerbala for Agricultural Sciences, 12(1), 29-36
2985;0;Europe;Ephestia elutella;Palearctic;2024;Turner, R., Blake, R., Mally, R., and Liebhold, A. (2024). International Non-native Insect Establishment Data (0.2.1) [Data set]. Zenodo.
2986;0;Africa;Haritalodes derogata;Afrotropical;2025;Dalsaniya, N., Patel, R., Bhanderi, G., Desai, H. and Prasanna, M. (2025). Life cycle and morphometrics of leaf roller, Haritalodes derogata (Fabricius) on cotton in Surat, Gujarat, India. Entomon, 50(1), 97-102.
2987;0;Africa;Haritalodes derogata;Madagascan;2025;Dalsaniya, N., Patel, R., Bhanderi, G., Desai, H. and Prasanna, M. (2025). Life cycle and morphometrics of leaf roller, Haritalodes derogata (Fabricius) on cotton in Surat, Gujarat, India. Entomon, 50(1), 97-102.
2988;0;Asia;Haritalodes derogata;Oriental;2025;Dalsaniya, N., Patel, R., Bhanderi, G., Desai, H. and Prasanna, M. (2025). Life cycle and morphometrics of leaf roller, Haritalodes derogata (Fabricius) on cotton in Surat, Gujarat, India. Entomon, 50(1), 97-102.
2989;0;Asia;Haritalodes derogata;Palearctic;2025;Dalsaniya, N., Patel, R., Bhanderi, G., Desai, H. and Prasanna, M. (2025). Life cycle and morphometrics of leaf roller, Haritalodes derogata (Fabricius) on cotton in Surat, Gujarat, India. Entomon, 50(1), 97-102.
2990;0;Australia;Haritalodes derogata;Australian;2025;Dalsaniya, N., Patel, R., Bhanderi, G., Desai, H. and Prasanna, M. (2025). Life cycle and morphometrics of leaf roller, Haritalodes derogata (Fabricius) on cotton in Surat, Gujarat, India. Entomon, 50(1), 97-102.
2991;0;Oceania;Bactra straminea;Oceanina;2024;Turner, R., Blake, R., Mally, R., and Liebhold, A. (2024). International Non-native Insect Establishment Data (0.2.1) [Data set]. Zenodo.
2992;0;Australia;Theretra nessus;Australian;2009;Leong, T. and Lim, K. (2009). Final instar caterpillar and metamorphosis of the hawkmoth, Theretra nessus (Drury) in Singapore (Lepidoptera: Sphingidae: Macroglossinae). Nature in Singapore, 2, 503-510.
2993;0;Asia;Theretra nessus;Oriental;2009;Leong, T. and Lim, K. (2009). Final instar caterpillar and metamorphosis of the hawkmoth, Theretra nessus (Drury) in Singapore (Lepidoptera: Sphingidae: Macroglossinae). Nature in Singapore, 2, 503-510.
2994;0;Oceania;Theretra nessus;Oceanina;2009;Leong, T. and Lim, K. (2009). Final instar caterpillar and metamorphosis of the hawkmoth, Theretra nessus (Drury) in Singapore (Lepidoptera: Sphingidae: Macroglossinae). Nature in Singapore, 2, 503-510.
2995;0;Asia;Theretra nessus;Sino-Japanese;2009;Leong, T. and Lim, K. (2009). Final instar caterpillar and metamorphosis of the hawkmoth, Theretra nessus (Drury) in Singapore (Lepidoptera: Sphingidae: Macroglossinae). Nature in Singapore, 2, 503-510.
2996;0;Asia;Haritalodes derogata;Sino-Japanese;2025;Dalsaniya, N., Patel, R., Bhanderi, G., Desai, H. and Prasanna, M. (2025). Life cycle and morphometrics of leaf roller, Haritalodes derogata (Fabricius) on cotton in Surat, Gujarat, India. Entomon, 50(1), 97-102.
2997;0;South America;Oiketicus kirbyi;Neotropical;2024;Turner, R., Blake, R., Mally, R., and Liebhold, A. (2024). International Non-native Insect Establishment Data (0.2.1) [Data set]. Zenodo.
2998;0;Europe;Leucania comma;Palearctic;2024;Turner, R., Blake, R., Mally, R., and Liebhold, A. (2024). International Non-native Insect Establishment Data (0.2.1) [Data set]. Zenodo.
2999;0;Africa;Eublemma scitula;Afrotropical;2024;Turner, R., Blake, R., Mally, R., and Liebhold, A. (2024). International Non-native Insect Establishment Data (0.2.1) [Data set]. Zenodo.
3000;0;Asia;Eublemma scitula;Oriental;2024;Turner, R., Blake, R., Mally, R., and Liebhold, A. (2024). International Non-native Insect Establishment Data (0.2.1) [Data set]. Zenodo.
3001;0;Asia;Bombyx mori;Palearctic;2024;Turner, R., Blake, R., Mally, R., and Liebhold, A. (2024). International Non-native Insect Establishment Data (0.2.1) [Data set]. Zenodo.
3002;0;South America;Oecia oecophila;Neotropical;2024;Turner, R., Blake, R., Mally, R., and Liebhold, A. (2024). International Non-native Insect Establishment Data (0.2.1) [Data set]. Zenodo.
3003;0;Asia;Martyringa xeraula;Oriental;2024;Turner, R., Blake, R., Mally, R., and Liebhold, A. (2024). International Non-native Insect Establishment Data (0.2.1) [Data set]. Zenodo.
3004;0;Asia;Martyringa xeraula;Palearctic;2024;Turner, R., Blake, R., Mally, R., and Liebhold, A. (2024). International Non-native Insect Establishment Data (0.2.1) [Data set]. Zenodo.
3005;0;Europe;Martyringa xeraula;Palearctic;2024;Turner, R., Blake, R., Mally, R., and Liebhold, A. (2024). International Non-native Insect Establishment Data (0.2.1) [Data set]. Zenodo.
3006;0;Europe;Agonopterix heracliana;Palearctic;2013;Ireson, J., Gourlay, A., Sagliocco, J., Holloway, R., Chatterton, W. and Corkrey, R. (2013). Host testing, establishment and biology of the gorse soft shoot moth, Agonopterix umbellana (Fabricius)(Lepidoptera: Oecophoridae), a potential biological control agent for gorse, Ulex europaeus L.(Fabaceae), in Australia. Biological Control, 67(3), 451-461
3007;1;;Plodia interpunctella;;2022;Camara, P., Convey, P., Ferreira, V., Togni, P. and Pujol-Luz, J. (2022). First record of the Indian meal moth Plodia interpunctella (Lepidoptera: Pyralidae) at a research station in Antarctica. Antarctic Science, 34(5), 361-364.
3008;0;Asia;Leucania loreyi;Oriental;2020;Nam, H., Kwon, M., Kim, H. and Kim, J. (2020). Development of a species diagnostic molecular tool for an invasive pest, Mythimna loreyi, using LAMP. Insects, 11(11), 817.
3009;0;Asia;Leucania loreyi;Palearctic;2020;Nam, H., Kwon, M., Kim, H. and Kim, J. (2020). Development of a species diagnostic molecular tool for an invasive pest, Mythimna loreyi, using LAMP. Insects, 11(11), 817.
3010;0;Australia;Scrobipalpa aptatella;Australian;2019;Bidzilya, O., Karsholt, O., Kravchenko, V. and Sumpich, J. (2019). An annotated checklist of Gelechiidae (Lepidoptera) of Israel with description of two new species. Zootaxa, 4677(1), 1-68.
3011;0;Asia;Dichomeris acuminatus;Oriental;1978;Zimmerman, E. (1978). Insects of Hawaii. Vol. 9 Microlepidoptera. Part II. The University Press of Hawaii, Honolulu.
3012;0;Asia;Dichomeris acuminatus;Palearctic;1978;Zimmerman, E. (1978). Insects of Hawaii. Vol. 9 Microlepidoptera. Part II. The University Press of Hawaii, Honolulu.
3013;0;Africa;Dichomeris acuminatus;Afrotropical;1978;Zimmerman, E. (1978). Insects of Hawaii. Vol. 9 Microlepidoptera. Part II. The University Press of Hawaii, Honolulu.
3014;0;Africa;Dichomeris acuminatus;Saharo-Arabian;1978;Zimmerman, E. (1978). Insects of Hawaii. Vol. 9 Microlepidoptera. Part II. The University Press of Hawaii, Honolulu.
3015;0;Europe;Dichomeris acuminatus;Palearctic;1978;Zimmerman, E. (1978). Insects of Hawaii. Vol. 9 Microlepidoptera. Part II. The University Press of Hawaii, Honolulu.
3016;0;Australia;Dichomeris acuminatus;Australian;1978;Zimmerman, E. (1978). Insects of Hawaii. Vol. 9 Microlepidoptera. Part II. The University Press of Hawaii, Honolulu.
3017;0;Africa;Dichomeris acuminatus;Madagascan;1978;Zimmerman, E. (1978). Insects of Hawaii. Vol. 9 Microlepidoptera. Part II. The University Press of Hawaii, Honolulu.
3018;0;Asia;Dichomeris acuminatus;Saharo-Arabian;1978;Zimmerman, E. (1978). Insects of Hawaii. Vol. 9 Microlepidoptera. Part II. The University Press of Hawaii, Honolulu.
3019;0;Australia;Hypocala deflorata;Australian;1958;Zimmerman, E. (1958). Insects of Hawaii. Volume 7, Macrolepidoptera. Hawaii: University of Hawaii Press.
3020;0;Asia;Hypocala deflorata;Oriental;1958;Zimmerman, E. (1958). Insects of Hawaii. Volume 7, Macrolepidoptera. Hawaii: University of Hawaii Press.
3021;0;Africa;Hypocala deflorata;Afrotropical;1958;Zimmerman, E. (1958). Insects of Hawaii. Volume 7, Macrolepidoptera. Hawaii: University of Hawaii Press.
3022;0;Oceania;Hypocala deflorata;Oceanina;1958;Zimmerman, E. (1958). Insects of Hawaii. Volume 7, Macrolepidoptera. Hawaii: University of Hawaii Press.
3023;1;Africa;Anomis flava;Afrotropical;2014;Kravchenko, V., Muller, G., Allan, S., and Yefremova, Z. (2014). Seven invasive owlet moths (Lepidoptera: Noctuidae) in Israel and their potential parasitoids (Hymenoptera: Chalcidoidea). Phytoparasitica. 42: 333-339
3024;1;Asia;Anomis flava;Oriental;2014;Kravchenko, V., Muller, G., Allan, S., and Yefremova, Z. (2014). Seven invasive owlet moths (Lepidoptera: Noctuidae) in Israel and their potential parasitoids (Hymenoptera: Chalcidoidea). Phytoparasitica. 42: 333-339
3025;1;Africa;Anomis flava;Madagascan;2014;Kravchenko, V., Muller, G., Allan, S., and Yefremova, Z. (2014). Seven invasive owlet moths (Lepidoptera: Noctuidae) in Israel and their potential parasitoids (Hymenoptera: Chalcidoidea). Phytoparasitica. 42: 333-339
3026;1;Oceania;Anomis flava;Oceanina;2014;Kravchenko, V., Muller, G., Allan, S., and Yefremova, Z. (2014). Seven invasive owlet moths (Lepidoptera: Noctuidae) in Israel and their potential parasitoids (Hymenoptera: Chalcidoidea). Phytoparasitica. 42: 333-339
3027;0;North America;Heliothis virescens;Nearctic;2013;Pogue, M. (2013). Revised status of Chloridea Duncan and (Westwood), 1841, for the Heliothis virescens species group (Lepidoptera: Noctuidae: Heliothinae) based on morphology and three genes. Systematic Entomology, 38(3), 523-542.
3028;0;North America;Heliothis virescens;Panamanian;2013;Pogue, M. (2013). Revised status of Chloridea Duncan and (Westwood), 1841, for the Heliothis virescens species group (Lepidoptera: Noctuidae: Heliothinae) based on morphology and three genes. Systematic Entomology, 38(3), 523-542.
3029;0;South America;Heliothis virescens;Panamanian;2013;Pogue, M. (2013). Revised status of Chloridea Duncan and (Westwood), 1841, for the Heliothis virescens species group (Lepidoptera: Noctuidae: Heliothinae) based on morphology and three genes. Systematic Entomology, 38(3), 523-542.
3030;0;South America;Heliothis virescens;Neotropical;2013;Pogue, M. (2013). Revised status of Chloridea Duncan and (Westwood), 1841, for the Heliothis virescens species group (Lepidoptera: Noctuidae: Heliothinae) based on morphology and three genes. Systematic Entomology, 38(3), 523-542.
3031;1;;Euchromius ocellea;;2021;Garre, M., Girdley, J., Guerrero, J., Rubio, R. and Ortiz, A. (2021). An annotated checklist of the Crambidae of the region of Murcia (Spain) with new records, distribution and biological data (Lepidoptera: Pyraloidea, Crambidae). Biodiversity Data Journal, 9, e69388.
3032;0;Australia;Barea exarcha;Australian;2001;Withers, T. (2001). Colonization of eucalypts in New Zealand by Australian insects. Austral Ecology, 26(5), 467-476.
3033;0;Asia;Cosmopterix feminella;Palearctic;2019;Koster, S., Baldizzone, G., Deutsch, H., Huemer, P. and van Nieukerken, E. (2019). The Eastern Palaearctic Cosmopterix feminella Sinev, 1988, introduced in Italy: taxonomy, biology and a new synonymy (Lepidoptera, Cosmopterigidae). Nota Lepidopterologica, 42, 49-61.
3034;0;Asia;Cosmopterix feminella;Sino-Japanese;2019;Koster, S., Baldizzone, G., Deutsch, H., Huemer, P. and van Nieukerken, E. (2019). The Eastern Palaearctic Cosmopterix feminella Sinev, 1988, introduced in Italy: taxonomy, biology and a new synonymy (Lepidoptera, Cosmopterigidae). Nota Lepidopterologica, 42, 49-61.
3035;0;Asia;Mythimna separata;Oriental;2024;Holloway, J. (2024). Moths of Borneo 12. Family Notuidae, Trifine. Subfamilies: Noctuinae, Heliothinae, Hadeninae, Acronictinae, Amphipyrinae, Agaristinae. Southdene Sdn. Available at: https://www.mothsofborneo.com/part-12/index.htm
3036;0;Australia;Mythimna separata;Australian;2024;Holloway, J. (2024). Moths of Borneo 12. Family Notuidae, Trifine. Subfamilies: Noctuinae, Heliothinae, Hadeninae, Acronictinae, Amphipyrinae, Agaristinae. Southdene Sdn. Available at: https://www.mothsofborneo.com/part-12/index.htm
3037;0;Europe;Cyclophora ruficiliaria;Palearctic;2019;Fox, R., Parsons, M. and Harrower, C. (2019). A review of the status of the macro-moths of Great Britain Butterfly Conservation report to Natural England, 2019. Butterfly Conservation Report No. S19-17. Butterfly Conservation, Wareham.
3038;0;North America;Sphenarches anisodactylus;Neotropical;2024;Turner, R., Blake, R., Mally, R., and Liebhold, A. (2024). International Non-native Insect Establishment Data (0.2.1) [Data set]. Zenodo.
3039;0;Africa;Sphenarches anisodactylus;Afrotropical;2024;Turner, R., Blake, R., Mally, R., and Liebhold, A. (2024). International Non-native Insect Establishment Data (0.2.1) [Data set]. Zenodo.
3040;0;Asia;Sphenarches anisodactylus;Oriental;2024;Turner, R., Blake, R., Mally, R., and Liebhold, A. (2024). International Non-native Insect Establishment Data (0.2.1) [Data set]. Zenodo.
3041;0;Asia;Luthrodes pandava;Oriental;2010;Wu, L., Yen, S., Lees, D. and Hsu, Y. (2010). Elucidating genetic signatures of native and introduced populations of the Cycad Blue, Chilades pandava to Taiwan: a threat both to Sago Palm and to native Cycas populations worldwide. Biological Invasions, 12(8), 2649-2669.
3042;0;Europe;Myrlaea marmorata;Palearctic;2007;Khramov, P. (Ed.) (2007). Insecta.pro: international entomological community. Available online at: https://insecta.pro
3043;0;Asia;Myrlaea marmorata;Palearctic;2007;Khramov, P. (Ed.) (2007). Insecta.pro: international entomological community. Available online at: https://insecta.pro
3044;0;Europe;Monochroa hornigi;Palearctic;2023;Karsholt, O., Baldizzone, G. and Gomboc, S. (2023). Overview of the Gelechiidae moths (Lepidoptera) of Krk Island, Croatia: diversity, distribution and ecological insights. Gortania, Botanica, Zoologia, 45, 95-124.
3045;0;Asia;Monochroa hornigi;Palearctic;2024;Turner, R., Blake, R., Mally, R., and Liebhold, A. (2024). International Non-native Insect Establishment Data (0.2.1) [Data set]. Zenodo.
3046;0;South America;Peridroma saucia;Neotropical;2024;Turner, R., Blake, R., Mally, R., and Liebhold, A. (2024). International Non-native Insect Establishment Data (0.2.1) [Data set]. Zenodo.
3047;0;Asia;Paraponyx diminulatis;Oriental;1996;Buckingham, G. and Bennett, C. (1996). Laboratory biology of an immigrant Asian moth, Parapoynx diminutalis (Lepidoptera: Pyralidae), on Hydrilla verticillata (Hydrocharitaceae). Florida Entomologist, 353-353.
3048;0;Asia;Paraponyx diminulatis;Saharo-Arabian;1996;Buckingham, G. and Bennett, C. (1996). Laboratory biology of an immigrant Asian moth, Parapoynx diminutalis (Lepidoptera: Pyralidae), on Hydrilla verticillata (Hydrocharitaceae). Florida Entomologist, 353-353.
3049;0;Asia;Paraponyx diminulatis;Palearctic;1996;Buckingham, G. and Bennett, C. (1996). Laboratory biology of an immigrant Asian moth, Parapoynx diminutalis (Lepidoptera: Pyralidae), on Hydrilla verticillata (Hydrocharitaceae). Florida Entomologist, 353-353.
3050;0;Europe;Cyclophora puppillaria;Palearctic;2019;Fox, R., Parsons, M. and Harrower, C. (2019). A review of the status of the macro-moths of Great Britain Butterfly Conservation report to Natural England, 2019. Butterfly Conservation Report No. S19-17. Butterfly Conservation, Wareham.
